;;;;;;;;
;;;;;;;;
;;;;;;;;
;;;;;;;;
UF;Rodovia;km inicial;km final;Extensão (km);Data;Latitude;Longitude;ICMNP
;;;;;;;;
;;;;;;;;
AM;BR-307;1333,800;1334,000;0,200;03/05/2023;-0,12624973;-67,0331195;65,000
AM;BR-307;1334,000;1335,000;1,000;03/05/2023;-0,12624973;-67,0331195;53,750
AM;BR-307;1335,000;1336,000;1,000;03/05/2023;-0,11831592;-67,0275686;60,000
AM;BR-307;1336,000;1337,000;1,000;03/05/2023;-0,10935512;-67,0248517;83,750
AM;BR-307;1337,000;1338,000;1,000;03/05/2023;-0,10070353;-67,0206667;83,750
AM;BR-307;1338,000;1339,000;1,000;03/05/2023;-0,09571081;-67,0153949;70,000
AM;BR-307;1339,000;1340,000;1,000;03/05/2023;-0,08728834;-67,011286;60,000
AM;BR-307;1340,000;1341,000;1,000;03/05/2023;-0,08028903;-67,0055127;58,750
AM;BR-307;1341,000;1342,000;1,000;03/05/2023;-0,07268057;-67,0013508;62,500
AM;BR-307;1342,000;1343,000;1,000;03/05/2023;-0,06546987;-66,9980595;52,500
AM;BR-307;1343,000;1344,000;1,000;03/05/2023;-0,061818;-66,9883669;52,500
AM;BR-307;1344,000;1345,000;1,000;03/05/2023;-0,06062278;-66,9814945;52,500
AM;BR-307;1345,000;1346,000;1,000;03/05/2023;-0,05826198;-66,9731878;62,500
AM;BR-307;1346,000;1347,000;1,000;03/05/2023;-0,05186478;-66,9657609;52,500
AM;BR-307;1347,000;1348,000;1,000;03/05/2023;-0,04746948;-66,959046;52,500
AM;BR-307;1348,000;1349,000;1,000;03/05/2023;-0,04492406;-66,9508916;52,500
AM;BR-307;1349,000;1350,000;1,000;03/05/2023;-0,04173986;-66,942403;52,500
AM;BR-307;1350,000;1351,000;1,000;03/05/2023;-0,0338299;-66,9385263;52,500
AM;BR-307;1351,000;1352,000;1,000;03/05/2023;-0,02616507;-66,9335933;52,500
AM;BR-307;1352,000;1353,000;1,000;03/05/2023;-0,01795005;-66,9305069;52,500
AM;BR-307;1353,000;1354,000;1,000;03/05/2023;-0,01113904;-66,9257071;52,500
AM;BR-307;1354,000;1355,000;1,000;03/05/2023;-0,00477244;-66,9200355;66,250
AM;BR-307;1355,000;1356,000;1,000;03/05/2023;0,003652079;-66,91598;52,500
AM;BR-307;1356,000;1357,000;1,000;03/05/2023;0,011687893;-66,9120824;52,500
AM;BR-307;1357,000;1358,000;1,000;03/05/2023;0,016048117;-66,9045667;58,750
AM;BR-307;1358,000;1359,000;1,000;03/05/2023;0,017582257;-66,8961722;52,500
AM;BR-307;1359,000;1360,000;1,000;03/05/2023;0,016711042;-66,8869604;52,500
AM;BR-307;1360,000;1361,000;1,000;03/05/2023;0,018956889;-66,8789724;52,500
AM;BR-307;1361,000;1362,000;1,000;03/05/2023;0,025477549;-66,8734407;52,500
AM;BR-307;1362,000;1363,000;1,000;03/05/2023;0,033257673;-66,8690066;52,500
AM;BR-307;1363,000;1364,000;1,000;03/05/2023;0,040346751;-66,864057;52,500
AM;BR-307;1364,000;1365,000;1,000;03/05/2023;0,045411223;-66,8584692;52,500
AM;BR-307;1365,000;1366,000;1,000;03/05/2023;0,053233173;-66,8524487;52,500
AM;BR-307;1366,000;1367,000;1,000;03/05/2023;0,060919043;-66,8465945;61,250
AM;BR-307;1367,000;1368,000;1,000;03/05/2023;0,078088031;-66,8256124;73,750
AM;BR-307;1368,000;1369,000;1,000;03/05/2023;0,085733081;-66,8206969;52,500
AM;BR-307;1369,000;1370,000;1,000;03/05/2023;0,093081202;-66,8172814;52,500
AM;BR-307;1370,000;1371,000;1,000;03/05/2023;0,100907594;-66,8154444;52,500
AM;BR-307;1371,000;1372,000;1,000;03/05/2023;0,110357059;-66,8132765;68,750
AM;BR-307;1372,000;1373,000;1,000;03/05/2023;0,118258637;-66,8091455;66,250
AM;BR-307;1373,000;1374,000;1,000;03/05/2023;0,125202499;-66,8044562;83,750
AM;BR-307;1374,000;1375,000;1,000;03/05/2023;0,13372899;-66,8016601;83,750
AM;BR-307;1375,000;1376,000;1,000;03/05/2023;0,142438081;-66,8007506;68,750
AM;BR-307;1376,000;1377,000;1,000;03/05/2023;0,151281282;-66,8009248;52,500
AM;BR-307;1377,000;1378,000;1,000;03/05/2023;0,160405989;-66,8010656;52,500
AM;BR-307;1378,000;1379,000;1,000;03/05/2023;0,169488578;-66,7992941;58,750
AM;BR-307;1379,000;1380,000;1,000;03/05/2023;0,178329097;-66,79636;66,250
AM;BR-307;1380,000;1381,000;1,000;03/05/2023;0,185347516;-66,791988;58,750
AM;BR-307;1381,000;1382,000;1,000;03/05/2023;0,191831798;-66,7864163;66,250
AM;BR-307;1382,000;1383,000;1,000;03/05/2023;0,200230968;-66,7832297;58,750
AM;BR-307;1383,000;1384,000;1,000;03/05/2023;0,208687386;-66,7834077;66,250
AM;BR-307;1384,000;1385,000;1,000;03/05/2023;0,214125565;-66,7834592;52,500
AM;BR-307;1385,000;1386,000;1,000;03/05/2023;0,223144157;-66,7817564;58,750
AM;BR-307;1386,000;1387,000;1,000;03/05/2023;0,23138097;-66,7814624;60,000
AM;BR-307;1387,000;1388,000;1,000;03/05/2023;0,238170395;-66,7762706;66,250
AM;BR-307;1388,000;1389,000;1,000;03/05/2023;0,237667188;-66,76731;77,500
AM;BR-307;1389,000;1390,000;1,000;03/05/2023;0,237080496;-66,7598544;52,500
AM;BR-307;1390,000;1391,000;1,000;03/05/2023;0,236447285;-66,7517848;83,750
AM;BR-307;1391,000;1392,000;1,000;03/05/2023;0,231680832;-66,7448703;58,750
AM;BR-307;1392,000;1393,000;1,000;03/05/2023;0,232386211;-66,7358626;58,750
AM;BR-307;1393,000;1394,000;1,000;03/05/2023;0,233862767;-66,7277935;58,750
AM;BR-307;1394,000;1395,000;1,000;03/05/2023;0,231597768;-66,7209028;55,000
AM;BR-307;1395,000;1396,000;1,000;03/05/2023;0,228922222;-66,7119193;58,750
AM;BR-307;1396,000;1397,000;1,000;03/05/2023;0,231399452;-66,7047788;73,750
AM;BR-307;1397,000;1398,000;1,000;03/05/2023;0,227734381;-66,6959992;58,750
AM;BR-307;1398,000;1399,000;1,000;03/05/2023;0,223413677;-66,6891725;65,000
AM;BR-307;1399,000;1400,000;1,000;03/05/2023;0,227741464;-66,6813586;62,500
AM;BR-307;1400,000;1401,000;1,000;03/05/2023;0,227894894;-66,6733155;76,250
AM;BR-307;1401,000;1402,000;1,000;03/05/2023;0,233563492;-66,6664227;58,750
AM;BR-307;1402,000;1403,000;1,000;03/05/2023;0,237664589;-66,6583988;52,500
AM;BR-307;1403,000;1404,000;1,000;03/05/2023;0,244760583;-66,6564426;58,750
AM;BR-307;1404,000;1405,000;1,000;03/05/2023;0,2507922;-66,6501776;58,750
AM;BR-307;1405,000;1406,000;1,000;03/05/2023;0,254405429;-66,6424689;60,000
AM;BR-307;1406,000;1407,000;1,000;03/05/2023;0,261363876;-66,6403358;83,750
AM;BR-307;1407,000;1408,000;1,000;03/05/2023;0,27014702;-66,6395108;62,500
AM;BR-307;1408,000;1409,000;1,000;03/05/2023;0,280161593;-66,6391316;58,750
AM;BR-307;1409,000;1410,000;1,000;03/05/2023;0,288338894;-66,6411012;52,500
AM;BR-307;1410,000;1411,000;1,000;03/05/2023;0,295557891;-66,6456853;52,500
AM;BR-307;1411,000;1412,000;1,000;03/05/2023;0,303756147;-66,6452219;66,250
AM;BR-307;1412,000;1413,000;1,000;03/05/2023;0,311970328;-66,651286;52,500
AM;BR-307;1413,000;1414,000;1,000;03/05/2023;0,319317486;-66,6500554;52,500
AM;BR-307;1414,000;1415,000;1,000;03/05/2023;0,325908595;-66,6438035;52,500
AM;BR-307;1415,000;1416,000;1,000;03/05/2023;0,331373093;-66,6359714;52,500
AM;BR-307;1416,000;1417,000;1,000;03/05/2023;0,33924764;-66,6357378;63,750
AM;BR-307;1417,000;1418,000;1,000;03/05/2023;0,348095241;-66,634139;52,500
AM;BR-307;1418,000;1419,000;1,000;03/05/2023;0,355580868;-66,6372678;52,500
AM;BR-307;1419,000;1420,000;1,000;03/05/2023;0,358162452;-66,6452938;52,500
AM;BR-307;1420,000;1421,000;1,000;03/05/2023;0,365091813;-66,6504798;52,500
AM;BR-307;1421,000;1422,000;1,000;03/05/2023;0,372807565;-66,6510303;52,500
AM;BR-307;1422,000;1423,000;1,000;03/05/2023;0,381186828;-66,6492296;52,500
AM;BR-307;1423,000;1424,000;1,000;03/05/2023;0,389606449;-66,6482382;52,500
AM;BR-230;400,600;401,000;0,400;04/05/2023;-7,9215329;-61,5588018;51,250
AM;BR-230;401,000;402,000;1,000;04/05/2023;-7,85598321;-61,3402177;76,250
AM;BR-230;402,000;403,000;1,000;04/05/2023;-7,85598321;-61,3402177;58,750
AM;BR-230;403,000;404,000;1,000;04/05/2023;-7,85598321;-61,3402177;70,000
AM;BR-230;404,000;405,000;1,000;04/05/2023;-7,85598321;-61,3402177;66,250
AM;BR-230;405,000;406,000;1,000;04/05/2023;-7,85598321;-61,3402177;70,000
AM;BR-230;406,000;407,000;1,000;04/05/2023;-7,85598321;-61,3402177;71,250
AM;BR-230;407,000;408,000;1,000;04/05/2023;-7,85598321;-61,3402177;81,250
AM;BR-230;408,000;409,000;1,000;04/05/2023;-7,85598321;-61,3402177;73,750
AM;BR-230;409,000;410,000;1,000;04/05/2023;-7,85598321;-61,3402177;88,750
AM;BR-230;410,000;411,000;1,000;04/05/2023;-7,85598321;-61,3402177;75,000
AM;BR-230;411,000;412,000;1,000;04/05/2023;-7,85598321;-61,3402177;76,250
AM;BR-230;412,000;413,000;1,000;04/05/2023;-7,8732418;-61,4315613;85,000
AM;BR-230;413,000;414,000;1,000;04/05/2023;-7,8732418;-61,4315613;87,500
AM;BR-230;414,000;415,000;1,000;04/05/2023;-7,8732418;-61,4315613;81,250
AM;BR-230;415,000;416,000;1,000;04/05/2023;-7,8732418;-61,4315613;80,000
AM;BR-230;416,000;417,000;1,000;04/05/2023;-7,8732418;-61,4315613;75,000
AM;BR-230;417,000;418,000;1,000;04/05/2023;-7,8909171;-61,4732468;80,000
AM;BR-230;418,000;419,000;1,000;04/05/2023;-7,8909171;-61,4732468;81,250
AM;BR-230;419,000;420,000;1,000;04/05/2023;-7,8909171;-61,4732468;90,000
AM;BR-230;420,000;421,000;1,000;04/05/2023;-7,8909171;-61,4732468;80,000
AM;BR-230;421,000;422,000;1,000;04/05/2023;-7,8909171;-61,4732468;78,750
AM;BR-230;422,000;423,000;1,000;04/05/2023;-7,8909171;-61,4732468;73,750
AM;BR-230;423,000;424,000;1,000;04/05/2023;-7,9060282;-61,5252968;80,000
AM;BR-230;424,000;425,000;1,000;04/05/2023;-7,9060282;-61,5252968;70,000
AM;BR-230;425,000;426,000;1,000;04/05/2023;-7,9060282;-61,5252968;73,750
AM;BR-230;426,000;427,000;1,000;04/05/2023;-7,9170036;-61,5518614;98,750
AM;BR-230;427,000;428,000;1,000;04/05/2023;-7,92008795;-61,5561007;93,750
AM;BR-230;428,000;429,000;1,000;04/05/2023;-7,92008795;-61,5561007;83,750
AM;BR-230;429,000;430,000;1,000;04/05/2023;-7,92008795;-61,5561007;91,250
AM;BR-230;430,000;431,000;1,000;04/05/2023;-7,92008795;-61,5561007;98,750
AM;BR-230;431,000;432,000;1,000;04/05/2023;-7,92008795;-61,5561007;98,750
AM;BR-230;432,000;433,000;1,000;04/05/2023;-7,92008795;-61,5561007;98,750
AM;BR-230;433,000;434,000;1,000;04/05/2023;-7,92008795;-61,5561007;100,000
AM;BR-230;434,000;435,000;1,000;04/05/2023;-7,92008795;-61,5561007;98,750
AM;BR-230;435,000;436,000;1,000;04/05/2023;-7,92008795;-61,5561007;98,750
AM;BR-230;436,000;437,000;1,000;04/05/2023;-7,92008795;-61,5561007;98,750
AM;BR-230;437,000;438,000;1,000;04/05/2023;-7,92008795;-61,5561007;87,500
AM;BR-230;438,000;439,000;1,000;04/05/2023;-7,92008795;-61,5561007;98,750
AM;BR-230;439,000;440,000;1,000;04/05/2023;-7,92008795;-61,5561007;98,750
AM;BR-230;440,000;441,000;1,000;04/05/2023;-7,92008795;-61,5561007;98,750
AM;BR-230;441,000;442,000;1,000;04/05/2023;-7,92008795;-61,5561007;98,750
AM;BR-230;442,000;443,000;1,000;04/05/2023;-7,92008795;-61,5561007;98,750
AM;BR-230;443,000;444,000;1,000;04/05/2023;-7,92008795;-61,5561007;98,750
AM;BR-230;444,000;445,000;1,000;04/05/2023;-7,92008795;-61,5561007;98,750
AM;BR-230;445,000;446,000;1,000;04/05/2023;-7,92008795;-61,5561007;98,750
AM;BR-230;446,000;447,000;1,000;04/05/2023;-7,92008795;-61,5561007;97,500
AM;BR-230;447,000;448,000;1,000;04/05/2023;-7,92008795;-61,5561007;83,750
AM;BR-230;448,000;449,000;1,000;04/05/2023;-7,92008795;-61,5561007;93,750
AM;BR-230;449,000;450,000;1,000;04/05/2023;-7,92008795;-61,5561007;93,750
AM;BR-230;450,000;451,000;1,000;04/05/2023;-7,92008795;-61,5561007;97,500
AM;BR-230;451,000;452,000;1,000;04/05/2023;-7,92008795;-61,5561007;90,000
AM;BR-230;452,000;453,000;1,000;04/05/2023;-7,92008795;-61,5561007;97,500
AM;BR-230;453,000;454,000;1,000;04/05/2023;-7,92008795;-61,5561007;97,500
AM;BR-230;454,000;455,000;1,000;04/05/2023;-7,92008795;-61,5561007;86,250
AM;BR-230;455,000;456,000;1,000;04/05/2023;-7,92008795;-61,5561007;97,500
AM;BR-230;456,000;457,000;1,000;04/05/2023;-7,92008795;-61,5561007;97,500
AM;BR-230;457,000;458,000;1,000;04/05/2023;-7,92008795;-61,5561007;97,500
AM;BR-230;458,000;459,000;1,000;04/05/2023;-7,92008795;-61,5561007;90,000
AM;BR-230;459,000;460,000;1,000;04/05/2023;-7,92008795;-61,5561007;93,750
AM;BR-230;460,000;461,000;1,000;04/05/2023;-7,92008795;-61,5561007;87,500
AM;BR-230;461,000;462,000;1,000;04/05/2023;-7,92008795;-61,5561007;93,750
AM;BR-230;462,000;463,000;1,000;04/05/2023;-7,92008795;-61,5561007;93,750
AM;BR-230;463,000;464,000;1,000;04/05/2023;-7,92008795;-61,5561007;50,000
AM;BR-230;464,000;465,000;1,000;04/05/2023;-7,92008795;-61,5561007;22,500
AM;BR-230;465,000;466,000;1,000;04/05/2023;-7,92008795;-61,5561007;37,500
AM;BR-230;466,000;467,000;1,000;04/05/2023;-7,92008795;-61,5561007;7,500
AM;BR-230;467,000;468,000;1,000;04/05/2023;-7,92008795;-61,5561007;27,500
AM;BR-230;468,000;469,000;1,000;04/05/2023;-7,92008795;-61,5561007;7,500
AM;BR-230;469,000;470,000;1,000;04/05/2023;-7,92008795;-61,5561007;7,500
AM;BR-230;470,000;471,000;1,000;04/05/2023;-7,92008795;-61,5561007;22,500
AM;BR-230;471,000;472,000;1,000;04/05/2023;-7,92008795;-61,5561007;35,000
AM;BR-230;472,000;473,000;1,000;04/05/2023;-7,92008795;-61,5561007;32,500
AM;BR-230;473,000;474,000;1,000;04/05/2023;-7,92008795;-61,5561007;15,000
AM;BR-230;474,000;475,000;1,000;04/05/2023;-7,92008795;-61,5561007;22,500
AM;BR-230;475,000;476,000;1,000;04/05/2023;-7,92008795;-61,5561007;20,000
AM;BR-230;476,000;477,000;1,000;04/05/2023;-7,92008795;-61,5561007;25,000
AM;BR-230;477,000;478,000;1,000;04/05/2023;-7,92008795;-61,5561007;20,000
AM;BR-230;478,000;479,000;1,000;04/05/2023;-7,92008795;-61,5561007;20,000
AM;BR-230;479,000;480,000;1,000;04/05/2023;-7,92008795;-61,5561007;5,000
AM;BR-230;480,000;481,000;1,000;04/05/2023;-7,92008795;-61,5561007;12,500
AM;BR-230;481,000;482,000;1,000;04/05/2023;-7,92008795;-61,5561007;16,250
AM;BR-230;482,000;483,000;1,000;04/05/2023;-7,92008795;-61,5561007;12,500
AM;BR-230;483,000;484,000;1,000;04/05/2023;-7,92008795;-61,5561007;15,000
AM;BR-230;484,000;485,000;1,000;04/05/2023;-7,92008795;-61,5561007;20,000
AM;BR-230;485,000;486,000;1,000;04/05/2023;-7,92008795;-61,5561007;5,000
AM;BR-230;486,000;487,000;1,000;04/05/2023;-7,92008795;-61,5561007;5,000
AM;BR-230;487,000;488,000;1,000;04/05/2023;-7,92008795;-61,5561007;20,000
AM;BR-230;488,000;489,000;1,000;04/05/2023;-7,92008795;-61,5561007;15,000
AM;BR-230;489,000;490,000;1,000;04/05/2023;-7,92008795;-61,5561007;22,500
AM;BR-230;490,000;491,000;1,000;04/05/2023;-7,92008795;-61,5561007;20,000
AM;BR-230;491,000;492,000;1,000;04/05/2023;-7,92008795;-61,5561007;5,000
AM;BR-230;492,000;493,000;1,000;04/05/2023;-7,92008795;-61,5561007;35,000
AM;BR-230;493,000;494,000;1,000;04/05/2023;-7,92008795;-61,5561007;12,500
AM;BR-230;494,000;495,000;1,000;04/05/2023;-7,92008795;-61,5561007;12,500
AM;BR-230;495,000;496,000;1,000;04/05/2023;-7,92008795;-61,5561007;0,000
AM;BR-230;496,000;497,000;1,000;04/05/2023;-7,92008795;-61,5561007;41,250
AM;BR-230;497,000;498,000;1,000;04/05/2023;-7,92008795;-61,5561007;27,500
AM;BR-230;498,000;499,000;1,000;04/05/2023;-7,92008795;-61,5561007;20,000
AM;BR-230;499,000;500,000;1,000;04/05/2023;-7,92008795;-61,5561007;12,500
AM;BR-230;500,000;501,000;1,000;04/05/2023;-7,92008795;-61,5561007;38,750
AM;BR-230;501,000;502,000;1,000;04/05/2023;-7,92008795;-61,5561007;62,500
AM;BR-230;502,000;503,000;1,000;04/05/2023;-7,92008795;-61,5561007;57,500
AM;BR-230;503,000;504,000;1,000;04/05/2023;-7,92008795;-61,5561007;52,500
AM;BR-230;504,000;505,000;1,000;04/05/2023;-7,92008795;-61,5561007;35,000
AM;BR-230;505,000;506,000;1,000;04/05/2023;-7,92008795;-61,5561007;27,500
AM;BR-230;506,000;507,000;1,000;04/05/2023;-7,92008795;-61,5561007;27,500
AM;BR-230;507,000;508,000;1,000;04/05/2023;-7,92008795;-61,5561007;40,000
AM;BR-230;508,000;509,000;1,000;04/05/2023;-7,92008795;-61,5561007;35,000
AM;BR-230;509,000;510,000;1,000;04/05/2023;-7,92008795;-61,5561007;47,500
AM;BR-230;510,000;511,000;1,000;04/05/2023;-7,92008795;-61,5561007;35,000
AM;BR-230;511,000;512,000;1,000;04/05/2023;-7,92008795;-61,5561007;53,750
AM;BR-230;512,000;513,000;1,000;04/05/2023;-7,92008795;-61,5561007;62,500
AM;BR-230;513,000;514,000;1,000;04/05/2023;-7,92008795;-61,5561007;41,250
AM;BR-230;514,000;515,000;1,000;04/05/2023;-7,92008795;-61,5561007;27,500
AM;BR-230;515,000;516,000;1,000;04/05/2023;-7,92008795;-61,5561007;45,000
AM;BR-230;516,000;517,000;1,000;04/05/2023;-7,92008795;-61,5561007;17,500
AM;BR-230;516,300;517,000;0,700;04/05/2023;-7,92008795;-61,5561007;35,000
AM;BR-230;517,000;518,000;1,000;04/05/2023;-7,92008795;-61,5561007;61,250
AM;BR-230;518,000;519,000;1,000;04/05/2023;-7,92008795;-61,5561007;68,750
AM;BR-230;519,000;520,000;1,000;04/05/2023;-7,92008795;-61,5561007;72,500
AM;BR-230;520,000;521,000;1,000;04/05/2023;-7,92008795;-61,5561007;66,250
AM;BR-230;521,000;522,000;1,000;04/05/2023;-7,92008795;-61,5561007;66,250
AM;BR-230;522,000;523,000;1,000;04/05/2023;-7,92008795;-61,5561007;76,250
AM;BR-230;523,000;524,000;1,000;04/05/2023;-7,92008795;-61,5561007;67,500
AM;BR-230;524,000;525,000;1,000;04/05/2023;-7,92008795;-61,5561007;90,000
AM;BR-230;525,000;526,000;1,000;04/05/2023;-7,92008795;-61,5561007;80,000
AM;BR-230;526,000;527,000;1,000;04/05/2023;-7,92008795;-61,5561007;90,000
AM;BR-230;527,000;528,000;1,000;04/05/2023;-7,9165864;-61,5512058;86,250
AM;BR-230;528,000;529,000;1,000;04/05/2023;-7,9165864;-61,5512058;72,500
AM;BR-230;529,000;530,000;1,000;04/05/2023;-7,9165864;-61,5512058;72,500
AM;BR-230;530,000;531,000;1,000;04/05/2023;-7,9165864;-61,5512058;76,250
AM;BR-230;531,000;532,000;1,000;04/05/2023;-7,9165864;-61,5512058;35,000
AM;BR-230;532,000;533,000;1,000;04/05/2023;-7,9165864;-61,5512058;5,000
AM;BR-230;533,000;534,000;1,000;04/05/2023;-7,9165864;-61,5512058;22,500
AM;BR-230;534,000;535,000;1,000;04/05/2023;-7,9165864;-61,5512058;32,500
AM;BR-230;535,000;536,000;1,000;04/05/2023;-7,9165864;-61,5512058;55,000
AM;BR-230;536,000;537,000;1,000;04/05/2023;-7,9165864;-61,5512058;86,250
AM;BR-230;537,000;538,000;1,000;04/05/2023;-7,9165864;-61,5512058;92,500
AM;BR-230;538,000;539,000;1,000;04/05/2023;-7,9165864;-61,5512058;77,500
AM;BR-230;539,000;540,000;1,000;04/05/2023;-7,9165864;-61,5512058;73,750
AM;BR-230;540,000;541,000;1,000;04/05/2023;-7,9165864;-61,5512058;73,750
AM;BR-230;541,000;542,000;1,000;04/05/2023;-7,9165864;-61,5512058;62,500
AM;BR-230;542,000;543,000;1,000;04/05/2023;-7,9165864;-61,5512058;83,750
AM;BR-230;543,000;544,000;1,000;04/05/2023;-7,9165864;-61,5512058;95,000
AM;BR-230;544,000;545,000;1,000;04/05/2023;-7,9165864;-61,5512058;90,000
AM;BR-230;545,000;546,000;1,000;04/05/2023;-7,9165864;-61,5512058;97,500
AM;BR-230;546,000;547,000;1,000;04/05/2023;-7,9165864;-61,5512058;90,000
AM;BR-230;547,000;548,000;1,000;04/05/2023;-7,9165864;-61,5512058;90,000
AM;BR-230;548,000;549,000;1,000;04/05/2023;-7,9165864;-61,5512058;95,000
AM;BR-230;549,000;550,000;1,000;04/05/2023;-7,9165864;-61,5512058;93,750
AM;BR-230;550,000;551,000;1,000;04/05/2023;-7,9165864;-61,5512058;97,500
AM;BR-230;551,000;552,000;1,000;04/05/2023;-7,9165864;-61,5512058;91,250
AM;BR-230;552,000;553,000;1,000;04/05/2023;-7,9165864;-61,5512058;77,500
AM;BR-230;553,000;554,000;1,000;04/05/2023;-7,9165864;-61,5512058;92,500
AM;BR-230;554,000;555,000;1,000;04/05/2023;-7,9165864;-61,5512058;91,250
AM;BR-230;555,000;556,000;1,000;04/05/2023;-7,9165864;-61,5512058;93,750
AM;BR-230;556,000;557,000;1,000;04/05/2023;-7,9165864;-61,5512058;97,500
AM;BR-230;557,000;558,000;1,000;04/05/2023;-7,9165864;-61,5512058;97,500
AM;BR-230;558,000;559,000;1,000;04/05/2023;-7,9165864;-61,5512058;90,000
AM;BR-230;559,000;560,000;1,000;04/05/2023;-7,9165864;-61,5512058;86,250
AM;BR-230;560,000;561,000;1,000;04/05/2023;-7,9165864;-61,5512058;95,000
AM;BR-230;561,000;562,000;1,000;04/05/2023;-7,9165864;-61,5512058;97,500
AM;BR-230;562,000;563,000;1,000;04/05/2023;-7,9165864;-61,5512058;83,750
AM;BR-230;563,000;564,000;1,000;04/05/2023;-7,9165864;-61,5512058;90,000
AM;BR-230;564,000;565,000;1,000;04/05/2023;-7,9165864;-61,5512058;86,250
AM;BR-230;565,000;566,000;1,000;04/05/2023;-7,9165864;-61,5512058;90,000
AM;BR-230;566,000;567,000;1,000;04/05/2023;-7,9165864;-61,5512058;80,000
AM;BR-230;567,000;568,000;1,000;04/05/2023;-7,9165864;-61,5512058;50,000
AM;BR-230;568,000;569,000;1,000;04/05/2023;-7,9165864;-61,5512058;76,250
AM;BR-230;569,000;570,000;1,000;04/05/2023;-7,9165864;-61,5512058;56,250
AM;BR-230;570,000;571,000;1,000;04/05/2023;-7,9165864;-61,5512058;90,000
AM;BR-230;571,000;572,000;1,000;04/05/2023;-7,9165864;-61,5512058;97,500
AM;BR-230;572,000;573,000;1,000;04/05/2023;-7,9165864;-61,5512058;97,500
AM;BR-230;573,000;574,000;1,000;04/05/2023;-7,9165864;-61,5512058;97,500
AM;BR-230;574,000;575,000;1,000;04/05/2023;-7,9165864;-61,5512058;91,250
AM;BR-230;575,000;576,000;1,000;04/05/2023;-7,9165864;-61,5512058;97,500
AM;BR-230;576,000;577,000;1,000;04/05/2023;-7,9165864;-61,5512058;97,500
AM;BR-230;577,000;578,000;1,000;04/05/2023;-7,9165864;-61,5512058;97,500
AM;BR-230;578,000;579,000;1,000;04/05/2023;-7,9165864;-61,5512058;97,500
AM;BR-230;579,000;580,000;1,000;04/05/2023;-7,9165864;-61,5512058;97,500
AM;BR-230;580,000;581,000;1,000;04/05/2023;-7,9165864;-61,5512058;97,500
AM;BR-230;581,000;582,000;1,000;04/05/2023;-7,9165864;-61,5512058;97,500
AM;BR-230;582,000;583,000;1,000;04/05/2023;-7,9165864;-61,5512058;97,500
AM;BR-230;583,000;584,000;1,000;04/05/2023;-7,9165864;-61,5512058;97,500
AM;BR-230;584,000;585,000;1,000;04/05/2023;-7,9165864;-61,5512058;97,500
AM;BR-230;585,000;586,000;1,000;04/05/2023;-7,9165864;-61,5512058;97,500
AM;BR-230;586,000;587,000;1,000;04/05/2023;-7,9165864;-61,5512058;97,500
AM;BR-230;587,000;588,000;1,000;04/05/2023;-7,9165864;-61,5512058;93,750
AM;BR-230;588,000;589,000;1,000;04/05/2023;-7,9165864;-61,5512058;97,500
AM;BR-230;589,000;590,000;1,000;04/05/2023;-7,9165864;-61,5512058;97,500
AM;BR-230;590,000;591,000;1,000;04/05/2023;-7,9165864;-61,5512058;97,500
AM;BR-230;591,000;592,000;1,000;04/05/2023;-7,9165864;-61,5512058;95,000
AM;BR-230;592,000;593,000;1,000;04/05/2023;-7,9165864;-61,5512058;97,500
AM;BR-230;593,000;594,000;1,000;04/05/2023;-7,9165864;-61,5512058;97,500
AM;BR-230;594,000;595,000;1,000;04/05/2023;-7,9165864;-61,5512058;97,500
AM;BR-230;595,000;596,000;1,000;04/05/2023;-7,9165864;-61,5512058;97,500
AM;BR-230;596,000;597,000;1,000;04/05/2023;-7,9165864;-61,5512058;95,000
AM;BR-230;597,000;598,000;1,000;04/05/2023;-7,9165864;-61,5512058;97,500
AM;BR-230;598,000;599,000;1,000;04/05/2023;-7,9165864;-61,5512058;40,000
AM;BR-230;599,000;600,000;1,000;04/05/2023;-7,9165864;-61,5512058;15,000
AM;BR-230;600,000;601,000;1,000;04/05/2023;-7,9165864;-61,5512058;30,000
AM;BR-230;601,000;602,000;1,000;04/05/2023;-7,9165864;-61,5512058;2,500
AM;BR-230;602,000;603,000;1,000;04/05/2023;-7,9165864;-61,5512058;20,000
AM;BR-230;603,000;604,000;1,000;04/05/2023;-7,9165864;-61,5512058;17,500
AM;BR-230;604,000;605,000;1,000;04/05/2023;-7,9165864;-61,5512058;17,500
AM;BR-230;605,000;606,000;1,000;04/05/2023;-7,9165864;-61,5512058;17,500
AM;BR-230;606,000;607,000;1,000;04/05/2023;-7,9165864;-61,5512058;2,500
AM;BR-230;607,000;608,000;1,000;04/05/2023;-7,9165864;-61,5512058;2,500
AM;BR-230;608,000;609,000;1,000;04/05/2023;-7,9165864;-61,5512058;2,500
RS;BR-470;88,400;89,000;0,600;10/05/2023;-28,2968301;-51,4617634;45,000
RS;BR-470;89,000;90,000;1,000;10/05/2023;-28,296833;-51,4618792;58,750
RS;BR-470;90,000;91,000;1,000;10/05/2023;-28,296833;-51,4618792;47,500
RS;BR-470;91,000;92,000;1,000;10/05/2023;-28,3110977;-51,4676445;58,750
RS;BR-470;92,000;93,000;1,000;10/05/2023;-28,3238316;-51,4692866;28,750
RS;BR-470;93,000;94,000;1,000;10/05/2023;-28,3238316;-51,4692866;35,000
RS;BR-470;94,000;95,000;1,000;10/05/2023;-28,3238316;-51,4692866;45,000
RS;BR-470;95,000;96,000;1,000;10/05/2023;-28,3395999;-51,4592428;63,750
RS;BR-470;96,000;97,000;1,000;10/05/2023;-28,2983825;-51,3911049;51,250
RS;BR-470;97,000;98,000;1,000;10/05/2023;-28,3238432;-51,2371686;47,500
RS;BR-470;98,000;99,000;1,000;10/05/2023;-28,5938775;-51,5651271;32,500
RS;BR-470;99,000;100,000;1,000;10/05/2023;-28,5938775;-51,5651271;32,500
RS;BR-470;100,000;101,000;1,000;10/05/2023;-28,5938775;-51,5651271;32,500
RS;BR-470;101,000;102,000;1,000;10/05/2023;-28,3571562;-51,623017;32,500
RS;BR-470;102,000;103,000;1,000;10/05/2023;-28,3571562;-51,623017;47,500
RS;BR-470;103,000;104,000;1,000;10/05/2023;-28,2983825;-51,3911049;50,000
RS;BR-470;104,000;105,000;1,000;10/05/2023;-28,2983825;-51,3911049;55,000
RS;BR-470;105,000;106,000;1,000;10/05/2023;-28,407143;-51,4897434;50,000
RS;BR-470;106,000;107,000;1,000;10/05/2023;-28,407143;-51,4897434;66,250
RS;BR-470;107,000;108,000;1,000;10/05/2023;-28,3238432;-51,2371686;70,000
RS;BR-470;108,000;109,000;1,000;10/05/2023;-28,3238432;-51,2371686;47,500
RS;BR-470;109,000;110,000;1,000;10/05/2023;-28,3238432;-51,2371686;41,250
RS;BR-470;110,000;111,000;1,000;10/05/2023;-28,2983825;-51,3911049;47,500
RS;BR-470;111,000;112,000;1,000;10/05/2023;-28,4676793;-51,5202723;47,500
RS;BR-470;112,000;113,000;1,000;10/05/2023;-28,4676793;-51,5202723;77,500
RS;BR-470;113,000;114,000;1,000;10/05/2023;-28,4676793;-51,5202723;52,500
RS;BR-470;114,000;115,000;1,000;10/05/2023;-28,4676793;-51,5202723;52,500
RS;BR-470;115,000;116,000;1,000;10/05/2023;-28,4676793;-51,5202723;37,500
RS;BR-470;116,000;117,000;1,000;10/05/2023;-28,5938775;-51,5651271;45,000
RS;BR-470;117,000;118,000;1,000;10/05/2023;-28,5938775;-51,5651271;37,500
RS;BR-470;118,000;119,000;1,000;10/05/2023;-28,5938775;-51,5651271;30,000
RS;BR-470;119,000;120,000;1,000;10/05/2023;-28,5938775;-51,5651271;47,500
RS;BR-470;120,000;121,000;1,000;10/05/2023;-28,5938775;-51,5651271;37,500
RS;BR-470;121,000;122,000;1,000;10/05/2023;-28,5938775;-51,5651271;48,750
RS;BR-470;122,000;123,000;1,000;10/05/2023;-28,8567459;-51,3039389;37,500
RS;BR-470;123,000;124,000;1,000;10/05/2023;-28,8567459;-51,3039389;50,000
RS;BR-470;124,000;125,000;1,000;10/05/2023;-28,8567459;-51,3039389;48,750
RS;BR-470;125,000;126,000;1,000;10/05/2023;-28,5396578;-51,6914973;53,750
RS;BR-470;126,000;127,000;1,000;10/05/2023;-28,5938775;-51,5651271;65,000
RS;BR-470;127,000;128,000;1,000;10/05/2023;-28,5938775;-51,5651271;43,750
RS;BR-470;128,000;129,000;1,000;10/05/2023;-28,5938775;-51,5651271;51,250
RS;BR-470;129,000;130,000;1,000;10/05/2023;-28,5938775;-51,5651271;53,750
RS;BR-470;130,000;131,000;1,000;10/05/2023;-28,5938775;-51,5651271;43,750
RS;BR-470;131,000;132,000;1,000;10/05/2023;-28,5938775;-51,5651271;28,750
RS;BR-470;132,000;133,000;1,000;10/05/2023;-28,5938775;-51,5651271;37,500
RS;BR-470;133,000;133,390;0,390;10/05/2023;-28,5938775;-51,5651271;42,500
TO;BR-242;501,000;502,000;1,000;15/05/2023;-11,7397762;-49,083163;51,250
TO;BR-242;502,000;503,000;1,000;15/05/2023;-11,7397762;-49,083163;46,250
TO;BR-242;503,000;504,000;1,000;15/05/2023;-11,7397762;-49,083163;31,250
TO;BR-242;504,000;505,000;1,000;15/05/2023;-11,7397762;-49,083163;31,250
TO;BR-242;505,000;506,000;1,000;15/05/2023;-11,7397762;-49,083163;56,250
BA;BR-030;281,700;280,000;1,700;16/05/2023;-14,29265;-43,6830466;25,000
BA;BR-030;280,000;279,000;1,000;16/05/2023;-14,29265;-43,6830466;40,000
BA;BR-030;279,000;278,000;1,000;16/05/2023;-14,29265;-43,6830466;47,500
BA;BR-030;278,000;277,000;1,000;16/05/2023;-14,29265;-43,6830466;46,250
BA;BR-030;277,000;276,000;1,000;16/05/2023;-14,29265;-43,6830466;51,250
BA;BR-030;276,000;275,000;1,000;16/05/2023;-14,29265;-43,6830466;42,500
BA;BR-030;275,000;274,000;1,000;16/05/2023;-14,29265;-43,6830466;27,500
BA;BR-030;274,000;273,000;1,000;16/05/2023;-14,29265;-43,6830466;42,500
BA;BR-030;273,000;272,000;1,000;16/05/2023;-14,29265;-43,6830466;46,250
BA;BR-030;272,000;271,000;1,000;16/05/2023;-14,29265;-43,6830466;20,000
BA;BR-030;271,000;270,000;1,000;16/05/2023;-14,29265;-43,6830466;42,500
BA;BR-030;270,000;269,000;1,000;16/05/2023;-14,29265;-43,6830466;42,500
BA;BR-030;269,000;268,000;1,000;16/05/2023;-14,29265;-43,6830466;42,500
BA;BR-030;268,000;267,000;1,000;16/05/2023;-14,29265;-43,6830466;42,500
BA;BR-030;267,000;266,000;1,000;16/05/2023;-14,29265;-43,6830466;42,500
BA;BR-030;266,000;265,000;1,000;16/05/2023;-14,29265;-43,6830466;50,000
BA;BR-030;265,000;264,000;1,000;16/05/2023;-14,29265;-43,6830466;50,000
BA;BR-030;264,000;263,000;1,000;16/05/2023;-14,29265;-43,6830466;50,000
BA;BR-030;263,000;262,000;1,000;16/05/2023;-14,29265;-43,6830466;50,000
BA;BR-030;262,000;261,000;1,000;16/05/2023;-14,29265;-43,6830466;50,000
BA;BR-030;261,000;260,000;1,000;16/05/2023;-14,29265;-43,6830466;50,000
BA;BR-030;260,000;259,000;1,000;16/05/2023;-14,29265;-43,6830466;50,000
BA;BR-030;259,000;258,000;1,000;16/05/2023;-14,29265;-43,6830466;50,000
BA;BR-030;258,000;257,000;1,000;16/05/2023;-14,29265;-43,6830466;46,250
BA;BR-030;257,000;256,000;1,000;16/05/2023;-14,29265;-43,6830466;50,000
BA;BR-030;256,000;255,000;1,000;16/05/2023;-14,29265;-43,6830466;50,000
BA;BR-030;255,000;254,000;1,000;16/05/2023;-14,29265;-43,6830466;50,000
BA;BR-030;254,000;253,000;1,000;16/05/2023;-14,29265;-43,6830466;50,000
BA;BR-030;253,000;252,000;1,000;16/05/2023;-14,29265;-43,6830466;50,000
BA;BR-030;252,000;251,000;1,000;16/05/2023;-14,29265;-43,6830466;50,000
BA;BR-030;251,000;250,000;1,000;16/05/2023;-14,29265;-43,6830466;50,000
BA;BR-030;250,000;249,000;1,000;16/05/2023;-14,29265;-43,6830466;50,000
BA;BR-030;249,000;248,000;1,000;16/05/2023;-14,29265;-43,6830466;50,000
BA;BR-030;248,000;247,000;1,000;16/05/2023;-14,29265;-43,6830466;50,000
BA;BR-030;247,000;246,000;1,000;16/05/2023;-14,29265;-43,6830466;50,000
BA;BR-030;246,000;245,000;1,000;16/05/2023;-14,29265;-43,6830466;50,000
BA;BR-030;245,000;244,000;1,000;16/05/2023;-14,29265;-43,6830466;50,000
BA;BR-030;244,000;243,000;1,000;16/05/2023;-14,29265;-43,6830466;50,000
BA;BR-030;243,000;242,000;1,000;16/05/2023;-14,29265;-43,6830466;50,000
BA;BR-030;242,000;241,000;1,000;16/05/2023;-14,29265;-43,6830466;46,250
BA;BR-030;241,000;240,000;1,000;16/05/2023;-14,29265;-43,6830466;50,000
BA;BR-030;240,000;239,000;1,000;16/05/2023;-14,29265;-43,6830466;50,000
BA;BR-030;239,000;238,000;1,000;16/05/2023;-14,29265;-43,6830466;46,250
BA;BR-030;238,400;237,000;1,400;16/05/2023;-14,29265;-43,6830466;42,500
BA;BR-030;237,000;236,000;1,000;16/05/2023;-14,29265;-43,6830466;50,000
BA;BR-030;236,000;235,000;1,000;16/05/2023;-14,29265;-43,6830466;50,000
BA;BR-030;235,000;234,000;1,000;16/05/2023;-14,29265;-43,6830466;46,250
BA;BR-030;234,000;233,000;1,000;16/05/2023;-14,29265;-43,6830466;38,750
BA;BR-030;233,000;232,000;1,000;16/05/2023;-14,29265;-43,6830466;50,000
BA;BR-030;232,000;231,000;1,000;16/05/2023;-14,29265;-43,6830466;50,000
BA;BR-030;231,000;230,000;1,000;16/05/2023;-14,29265;-43,6830466;38,750
BA;BR-030;230,000;229,000;1,000;16/05/2023;-14,29265;-43,6830466;38,750
BA;BR-030;229,000;228,000;1,000;16/05/2023;-14,29265;-43,6830466;50,000
BA;BR-030;228,000;227,000;1,000;16/05/2023;-14,29265;-43,6830466;50,000
BA;BR-030;227,000;226,000;1,000;16/05/2023;-14,29265;-43,6830466;50,000
BA;BR-030;226,000;225,000;1,000;16/05/2023;-14,29265;-43,6830466;46,250
BA;BR-030;225,000;224,000;1,000;16/05/2023;-14,29265;-43,6830466;0,000
BA;BR-030;224,000;223,000;1,000;16/05/2023;-14,29265;-43,6830466;38,750
BA;BR-030;223,000;222,000;1,000;16/05/2023;-14,29265;-43,6830466;35,000
BA;BR-030;222,000;221,000;1,000;16/05/2023;-14,29265;-43,6830466;35,000
BA;BR-030;221,000;220,000;1,000;16/05/2023;-14,29265;-43,6830466;35,000
BA;BR-030;220,000;219,000;1,000;16/05/2023;-14,29265;-43,6830466;35,000
BA;BR-030;219,000;218,000;1,000;16/05/2023;-14,29265;-43,6830466;42,500
BA;BR-030;218,000;217,000;1,000;16/05/2023;-14,29265;-43,6830466;27,500
BA;BR-030;217,000;216,000;1,000;16/05/2023;-14,29265;-43,6830466;20,000
BA;BR-030;216,000;215,000;1,000;16/05/2023;-14,29265;-43,6830466;20,000
BA;BR-030;215,000;214,000;1,000;16/05/2023;-14,29265;-43,6830466;20,000
BA;BR-030;214,000;213,000;1,000;16/05/2023;-14,29265;-43,6830466;33,750
BA;BR-030;213,000;212,000;1,000;16/05/2023;-14,29265;-43,6830466;42,500
BA;BR-030;212,000;211,000;1,000;16/05/2023;-14,29265;-43,6830466;40,000
BA;BR-030;211,000;210,000;1,000;16/05/2023;-14,29265;-43,6830466;42,500
BA;BR-030;210,000;209,000;1,000;16/05/2023;-14,29265;-43,6830466;35,000
BA;BR-030;209,000;208,000;1,000;16/05/2023;-14,29265;-43,6830466;27,500
BA;BR-030;208,000;207,000;1,000;16/05/2023;-14,29265;-43,6830466;27,500
BA;BR-030;207,000;206,000;1,000;16/05/2023;-14,29265;-43,6830466;27,500
BA;BR-030;206,000;205,000;1,000;16/05/2023;-14,29265;-43,6830466;0,000
BA;BR-030;205,000;204,000;1,000;16/05/2023;-14,29265;-43,6830466;0,000
BA;BR-030;204,000;203,000;1,000;16/05/2023;-14,29265;-43,6830466;0,000
BA;BR-030;203,000;202,000;1,000;16/05/2023;-14,29265;-43,6830466;0,000
BA;BR-030;202,000;201,000;1,000;16/05/2023;-14,29265;-43,6830466;0,000
BA;BR-030;201,000;200,000;1,000;16/05/2023;-14,29265;-43,6830466;0,000
BA;BR-030;200,000;199,000;1,000;16/05/2023;-14,29265;-43,6830466;0,000
BA;BR-030;199,000;198,000;1,000;16/05/2023;-14,29265;-43,6830466;0,000
BA;BR-030;198,000;197,000;1,000;16/05/2023;-14,29265;-43,6830466;0,000
BA;BR-030;197,000;196,000;1,000;16/05/2023;-14,29265;-43,6830466;0,000
BA;BR-030;196,000;195,000;1,000;16/05/2023;-14,29265;-43,6830466;0,000
BA;BR-030;195,000;194,000;1,000;16/05/2023;-14,29265;-43,6830466;26,250
BA;BR-030;194,000;193,000;1,000;16/05/2023;-14,29265;-43,6830466;20,000
BA;BR-030;193,000;192,000;1,000;16/05/2023;-14,29265;-43,6830466;27,500
BA;BR-030;192,000;191,000;1,000;16/05/2023;-14,29265;-43,6830466;18,750
TO;BR-235;158,800;157,000;1,800;16/05/2023;0;0;56,250
TO;BR-235;157,000;156,000;1,000;16/05/2023;0;0;50,000
TO;BR-235;156,000;155,000;1,000;16/05/2023;0;0;61,250
TO;BR-235;155,000;154,000;1,000;16/05/2023;0;0;57,500
TO;BR-235;154,000;153,000;1,000;16/05/2023;0;0;68,750
TO;BR-235;153,000;152,000;1,000;16/05/2023;0;0;61,250
TO;BR-235;152,000;151,000;1,000;16/05/2023;0;0;67,500
TO;BR-235;151,000;150,000;1,000;16/05/2023;0;0;56,250
TO;BR-235;150,000;149,000;1,000;16/05/2023;0;0;67,500
TO;BR-235;149,000;148,000;1,000;16/05/2023;0;0;71,250
TO;BR-235;148,000;147,000;1,000;16/05/2023;0;0;50,000
TO;BR-235;147,000;146,000;1,000;16/05/2023;0;0;60,000
TO;BR-235;146,000;145,000;1,000;16/05/2023;0;0;50,000
TO;BR-235;145,000;144,000;1,000;16/05/2023;0;0;50,000
TO;BR-235;144,000;143,000;1,000;16/05/2023;0;0;50,000
TO;BR-235;143,000;142,000;1,000;16/05/2023;0;0;56,250
TO;BR-235;142,000;141,000;1,000;16/05/2023;0;0;60,000
TO;BR-235;141,000;140,000;1,000;16/05/2023;0;0;67,500
TO;BR-235;140,000;139,000;1,000;16/05/2023;0;0;50,000
TO;BR-235;139,000;138,000;1,000;16/05/2023;0;0;60,000
TO;BR-235;138,000;137,000;1,000;16/05/2023;-10,1801145;-48,3232621;63,750
TO;BR-235;137,000;136,000;1,000;16/05/2023;-10,1801145;-48,3232621;50,000
TO;BR-235;136,000;135,000;1,000;16/05/2023;-10,1801145;-48,3232621;50,000
TO;BR-235;135,000;134,000;1,000;16/05/2023;-10,1801145;-48,3232621;57,500
TO;BR-235;134,000;133,000;1,000;16/05/2023;-10,1801145;-48,3232621;56,250
TO;BR-235;133,000;132,000;1,000;16/05/2023;-10,1801145;-48,3232621;67,500
TO;BR-235;132,000;131,000;1,000;16/05/2023;-10,1801145;-48,3232621;60,000
TO;BR-235;131,000;130,000;1,000;16/05/2023;-10,1801145;-48,3232621;67,500
TO;BR-235;130,000;129,000;1,000;16/05/2023;-10,1801145;-48,3232621;67,500
TO;BR-235;129,000;128,000;1,000;16/05/2023;-10,1801145;-48,3232621;51,250
TO;BR-235;128,000;127,000;1,000;16/05/2023;-10,1801145;-48,3232621;71,250
TO;BR-235;127,000;126,000;1,000;16/05/2023;-10,1801145;-48,3232621;73,750
TO;BR-235;126,000;125,000;1,000;16/05/2023;-10,1801145;-48,3232621;73,750
TO;BR-235;125,000;124,000;1,000;16/05/2023;-10,1801145;-48,3232621;71,250
TO;BR-235;124,000;123,000;1,000;16/05/2023;-10,1801145;-48,3232621;73,750
TO;BR-235;123,000;122,000;1,000;16/05/2023;-10,1801145;-48,3232621;81,250
TO;BR-235;122,000;121,000;1,000;16/05/2023;-10,1801145;-48,3232621;63,750
TO;BR-235;121,000;120,000;1,000;16/05/2023;-10,1801145;-48,3232621;76,250
TO;BR-235;120,000;119,000;1,000;16/05/2023;-10,1801145;-48,3232621;67,500
TO;BR-235;119,000;118,000;1,000;16/05/2023;-10,1801145;-48,3232621;62,500
TO;BR-235;118,000;117,000;1,000;16/05/2023;-10,1801145;-48,3232621;66,250
TO;BR-235;117,000;116,000;1,000;16/05/2023;-10,1801145;-48,3232621;71,250
TO;BR-235;116,000;115,000;1,000;16/05/2023;-10,1801145;-48,3232621;62,500
TO;BR-235;115,000;114,000;1,000;16/05/2023;-10,1801145;-48,3232621;61,250
TO;BR-235;114,000;113,000;1,000;16/05/2023;-10,1801145;-48,3232621;60,000
TO;BR-235;113,000;112,000;1,000;16/05/2023;-10,1801145;-48,3232621;56,250
TO;BR-235;112,000;111,000;1,000;16/05/2023;-10,1801145;-48,3232621;50,000
TO;BR-235;111,000;110,000;1,000;16/05/2023;-10,1801145;-48,3232621;50,000
TO;BR-235;110,000;109,000;1,000;16/05/2023;-10,1801145;-48,3232621;50,000
TO;BR-235;109,000;108,000;1,000;16/05/2023;-10,1801145;-48,3232621;56,250
TO;BR-235;108,000;107,000;1,000;16/05/2023;-10,1801145;-48,3232621;53,750
TO;BR-235;107,000;106,000;1,000;16/05/2023;-10,1801145;-48,3232621;53,750
TO;BR-235;106,000;105,000;1,000;16/05/2023;-10,1801145;-48,3232621;52,500
TO;BR-235;105,000;104,000;1,000;16/05/2023;-10,1801145;-48,3232621;61,250
TO;BR-235;104,000;103,000;1,000;16/05/2023;-10,1801145;-48,3232621;53,750
TO;BR-235;103,000;102,000;1,000;16/05/2023;-10,1801145;-48,3232621;50,000
TO;BR-235;102,000;101,000;1,000;16/05/2023;-10,1801145;-48,3232621;53,750
TO;BR-235;101,000;100,000;1,000;16/05/2023;-10,1801145;-48,3232621;100,000
TO;BR-235;100,000;99,000;1,000;16/05/2023;-10,1801184;-48,3232532;100,000
TO;BR-235;99,000;98,000;1,000;16/05/2023;-10,1801184;-48,3232532;100,000
TO;BR-235;98,000;97,000;1,000;16/05/2023;-10,1801184;-48,3232532;100,000
TO;BR-235;97,000;96,000;1,000;16/05/2023;-10,1801184;-48,3232532;100,000
TO;BR-235;96,000;95,000;1,000;16/05/2023;-10,1801184;-48,3232532;50,000
TO;BR-235;95,000;94,000;1,000;16/05/2023;-10,1801184;-48,3232532;53,750
TO;BR-235;94,000;93,000;1,000;16/05/2023;-10,1801184;-48,3232532;53,750
TO;BR-235;93,000;92,000;1,000;16/05/2023;-10,1801184;-48,3232532;56,250
TO;BR-235;92,000;91,000;1,000;16/05/2023;-10,1801184;-48,3232532;53,750
TO;BR-235;91,000;90,000;1,000;16/05/2023;-10,1801184;-48,3232532;50,000
TO;BR-235;90,000;89,000;1,000;16/05/2023;-10,1801184;-48,3232532;61,250
TO;BR-235;89,000;88,000;1,000;16/05/2023;-10,1801184;-48,3232532;52,500
TO;BR-235;88,000;87,000;1,000;16/05/2023;-10,1801184;-48,3232532;62,500
TO;BR-235;87,000;86,000;1,000;16/05/2023;-10,1801184;-48,3232532;60,000
TO;BR-235;86,000;85,000;1,000;16/05/2023;-10,1801184;-48,3232532;62,500
TO;BR-235;85,000;84,000;1,000;16/05/2023;-10,1801184;-48,3232532;50,000
TO;BR-010;553,000;554,000;1,000;16/05/2023;-10,1801184;-48,3232532;52,500
TO;BR-010;554,000;555,000;1,000;16/05/2023;-10,1801184;-48,3232532;50,000
TO;BR-010;555,000;556,000;1,000;16/05/2023;-10,1801184;-48,3232532;50,000
TO;BR-010;556,000;557,000;1,000;16/05/2023;-10,1801184;-48,3232532;50,000
TO;BR-010;557,000;558,000;1,000;16/05/2023;-10,1801184;-48,3232532;50,000
TO;BR-010;558,000;559,000;1,000;16/05/2023;-10,1801184;-48,3232532;50,000
TO;BR-010;559,000;560,000;1,000;16/05/2023;-10,1801184;-48,3232532;52,500
TO;BR-010;560,000;561,000;1,000;16/05/2023;-10,1801184;-48,3232532;52,500
TO;BR-010;561,000;562,000;1,000;16/05/2023;-10,1801184;-48,3232532;53,750
TO;BR-010;562,000;563,000;1,000;16/05/2023;-10,1801184;-48,3232532;55,000
TO;BR-010;563,000;564,000;1,000;16/05/2023;-10,1801184;-48,3232532;52,500
TO;BR-010;564,000;565,000;1,000;16/05/2023;-10,1801184;-48,3232532;56,250
TO;BR-010;565,000;566,000;1,000;16/05/2023;-10,1801184;-48,3232532;56,250
TO;BR-010;566,000;567,000;1,000;16/05/2023;-10,1801184;-48,3232532;56,250
TO;BR-010;567,000;568,000;1,000;16/05/2023;-10,1801184;-48,3232532;56,250
TO;BR-010;568,000;569,000;1,000;16/05/2023;-10,1801184;-48,3232532;57,500
TO;BR-010;569,000;570,000;1,000;16/05/2023;-10,1801184;-48,3232532;62,500
TO;BR-010;570,000;571,000;1,000;16/05/2023;-10,1801184;-48,3232532;56,250
TO;BR-010;571,000;572,000;1,000;16/05/2023;-10,1801184;-48,3232532;62,500
TO;BR-010;572,000;573,000;1,000;16/05/2023;-10,1801184;-48,3232532;56,250
TO;BR-010;573,000;574,000;1,000;16/05/2023;-10,1801184;-48,3232532;50,000
TO;BR-010;574,000;575,000;1,000;16/05/2023;-10,1801184;-48,3232532;53,750
TO;BR-010;575,000;576,000;1,000;17/05/2023;-10,1801184;-48,3232532;66,250
TO;BR-010;576,000;577,000;1,000;17/05/2023;-10,1801137;-48,323257;61,250
TO;BR-010;577,000;578,000;1,000;17/05/2023;-10,1801137;-48,323257;56,250
TO;BR-010;578,000;579,000;1,000;17/05/2023;-10,1801137;-48,323257;57,500
TO;BR-010;579,000;580,000;1,000;17/05/2023;-10,1801137;-48,323257;53,750
TO;BR-010;580,000;581,000;1,000;17/05/2023;-10,1801137;-48,323257;53,750
TO;BR-010;581,000;582,000;1,000;17/05/2023;-10,1801137;-48,323257;50,000
TO;BR-010;582,000;583,000;1,000;17/05/2023;-10,1801137;-48,323257;60,000
TO;BR-010;583,000;584,000;1,000;17/05/2023;-10,1801137;-48,323257;60,000
TO;BR-010;584,000;585,000;1,000;17/05/2023;-10,1801137;-48,323257;56,250
TO;BR-010;585,000;586,000;1,000;17/05/2023;-10,1801137;-48,323257;60,000
TO;BR-010;586,000;587,000;1,000;17/05/2023;-10,1801137;-48,323257;50,000
TO;BR-010;587,000;588,000;1,000;17/05/2023;-10,1801137;-48,323257;71,250
TO;BR-010;588,000;589,000;1,000;17/05/2023;-10,1801137;-48,323257;60,000
TO;BR-010;589,000;590,000;1,000;17/05/2023;-10,1801137;-48,323257;53,750
TO;BR-010;590,000;591,000;1,000;17/05/2023;-10,1801137;-48,323257;53,750
TO;BR-010;591,000;592,000;1,000;17/05/2023;-10,1801137;-48,323257;50,000
TO;BR-010;592,000;593,000;1,000;17/05/2023;-10,1801137;-48,323257;50,000
TO;BR-010;593,000;594,000;1,000;17/05/2023;-10,1801137;-48,323257;50,000
TO;BR-010;594,000;595,000;1,000;17/05/2023;-10,1801137;-48,323257;56,250
TO;BR-010;595,000;596,000;1,000;17/05/2023;-10,1801137;-48,323257;56,250
TO;BR-010;596,000;597,000;1,000;17/05/2023;-10,1801137;-48,323257;60,000
TO;BR-010;597,000;598,000;1,000;17/05/2023;-10,1801137;-48,323257;53,750
TO;BR-010;598,000;599,000;1,000;17/05/2023;-10,1801137;-48,323257;50,000
TO;BR-010;599,000;600,000;1,000;17/05/2023;-10,1801137;-48,323257;56,250
TO;BR-010;600,000;601,000;1,000;17/05/2023;-10,1801137;-48,323257;50,000
MG;BR-259;168,700;169,000;0,300;17/05/2023;-18,8313345;-41,9488086;40,000
MG;BR-259;169,000;170,000;1,000;17/05/2023;-18,8313347;-41,9488088;52,500
MG;BR-259;170,000;171,000;1,000;17/05/2023;-18,8313333;-41,9488085;52,500
MG;BR-259;171,000;171,900;0,900;17/05/2023;-18,8313346;-41,9488087;43,750
TO;BR-010;699,000;700,000;1,000;17/05/2023;-10,1801293;-48,3232644;62,500
TO;BR-010;700,000;701,000;1,000;17/05/2023;-10,1801293;-48,3232644;56,250
TO;BR-010;701,000;702,000;1,000;17/05/2023;-10,1801293;-48,3232644;50,000
TO;BR-010;702,000;703,000;1,000;17/05/2023;-10,1801369;-48,323265;50,000
TO;BR-010;703,000;704,000;1,000;17/05/2023;-10,1801369;-48,323265;56,250
TO;BR-010;704,000;705,000;1,000;17/05/2023;-10,1801369;-48,323265;50,000
TO;BR-010;705,000;706,000;1,000;17/05/2023;-10,1801369;-48,323265;60,000
TO;BR-010;706,000;707,000;1,000;17/05/2023;-10,1801369;-48,323265;56,250
TO;BR-010;707,000;708,000;1,000;17/05/2023;-10,1801369;-48,323265;50,000
TO;BR-010;708,000;709,000;1,000;17/05/2023;-10,1801369;-48,323265;50,000
TO;BR-010;709,000;710,000;1,000;17/05/2023;-10,1801273;-48,323224;52,500
TO;BR-010;710,000;711,000;1,000;17/05/2023;-10,1800908;-48,3232212;56,250
TO;BR-010;711,000;712,000;1,000;17/05/2023;-10,1800908;-48,3232212;50,000
TO;BR-010;712,000;713,000;1,000;17/05/2023;-10,180064;-48,3232993;68,750
TO;BR-010;713,000;714,000;1,000;18/05/2023;-10,1801159;-48,3232606;50,000
TO;BR-010;714,000;715,000;1,000;18/05/2023;-10,1801159;-48,3232606;50,000
TO;BR-010;715,000;716,000;1,000;18/05/2023;-10,1801159;-48,3232606;50,000
TO;BR-010;716,000;717,000;1,000;18/05/2023;-10,1801159;-48,3232606;50,000
TO;BR-010;717,000;718,000;1,000;18/05/2023;-10,1801159;-48,3232606;50,000
TO;BR-010;718,000;719,000;1,000;18/05/2023;-10,1801159;-48,3232606;50,000
TO;BR-010;719,000;720,000;1,000;18/05/2023;-10,1801159;-48,3232606;50,000
TO;BR-010;720,000;721,000;1,000;18/05/2023;-10,1801159;-48,3232606;50,000
TO;BR-010;721,000;722,000;1,000;18/05/2023;-10,1801159;-48,3232606;50,000
TO;BR-010;722,000;723,000;1,000;18/05/2023;-10,1801159;-48,3232606;53,750
TO;BR-010;723,000;724,000;1,000;18/05/2023;-10,1801159;-48,3232606;50,000
TO;BR-010;724,000;725,000;1,000;18/05/2023;-10,1801159;-48,3232606;50,000
TO;BR-010;725,000;726,000;1,000;18/05/2023;-10,1801159;-48,3232606;52,500
TO;BR-010;726,000;727,000;1,000;18/05/2023;-10,1801159;-48,3232606;50,000
TO;BR-010;727,000;728,000;1,000;18/05/2023;-10,1801159;-48,3232606;50,000
TO;BR-010;728,000;729,000;1,000;18/05/2023;-10,1801159;-48,3232606;53,750
TO;BR-010;729,000;730,000;1,000;18/05/2023;-10,1801159;-48,3232606;52,500
TO;BR-010;730,000;731,000;1,000;18/05/2023;-10,1801159;-48,3232606;50,000
TO;BR-010;731,000;732,000;1,000;18/05/2023;-10,1801159;-48,3232606;50,000
TO;BR-010;732,000;733,000;1,000;18/05/2023;-10,1801159;-48,3232606;50,000
TO;BR-010;733,000;734,000;1,000;18/05/2023;-10,1801159;-48,3232606;57,500
TO;BR-010;734,000;735,000;1,000;18/05/2023;-10,1801159;-48,3232606;50,000
TO;BR-010;735,000;736,000;1,000;18/05/2023;-10,1801159;-48,3232606;52,500
TO;BR-010;736,000;737,000;1,000;18/05/2023;-10,1801159;-48,3232606;50,000
TO;BR-010;737,000;738,000;1,000;18/05/2023;-10,1801159;-48,3232606;50,000
TO;BR-010;738,000;739,000;1,000;18/05/2023;-10,1801159;-48,3232606;52,500
TO;BR-010;739,000;740,000;1,000;18/05/2023;-10,1801159;-48,3232606;52,500
TO;BR-010;740,000;741,000;1,000;18/05/2023;-10,1801159;-48,3232606;50,000
TO;BR-010;741,000;742,000;1,000;18/05/2023;-10,1801159;-48,3232606;50,000
TO;BR-010;742,000;743,000;1,000;18/05/2023;-10,1801159;-48,3232606;50,000
TO;BR-010;743,000;744,000;1,000;18/05/2023;-10,1801159;-48,3232606;50,000
TO;BR-010;744,000;745,000;1,000;18/05/2023;-10,1801159;-48,3232606;50,000
TO;BR-010;745,000;746,000;1,000;18/05/2023;-10,1801159;-48,3232606;52,500
TO;BR-010;746,000;747,000;1,000;18/05/2023;-10,1801159;-48,3232606;50,000
TO;BR-010;747,000;748,000;1,000;18/05/2023;-10,1801159;-48,3232606;50,000
TO;BR-010;748,000;749,000;1,000;18/05/2023;-10,1801159;-48,3232606;50,000
TO;BR-010;749,000;750,000;1,000;18/05/2023;-10,1801159;-48,3232606;50,000
TO;BR-010;750,000;751,000;1,000;18/05/2023;-10,1801159;-48,3232606;50,000
TO;BR-010;751,000;752,000;1,000;18/05/2023;-10,1801159;-48,3232606;50,000
TO;BR-010;752,000;753,000;1,000;18/05/2023;-10,1801159;-48,3232606;50,000
TO;BR-010;753,000;754,000;1,000;18/05/2023;-10,1801159;-48,3232606;50,000
TO;BR-010;754,000;755,000;1,000;18/05/2023;-10,1801159;-48,3232606;50,000
TO;BR-010;755,000;756,000;1,000;18/05/2023;-10,1801159;-48,3232606;50,000
TO;BR-010;756,000;757,000;1,000;18/05/2023;-10,1801159;-48,3232606;55,000
TO;BR-010;757,000;758,000;1,000;18/05/2023;-10,1801159;-48,3232606;52,500
TO;BR-010;758,000;759,000;1,000;18/05/2023;-10,1801159;-48,3232606;52,500
TO;BR-010;759,000;760,000;1,000;18/05/2023;-10,1801159;-48,3232606;52,500
TO;BR-010;760,000;761,000;1,000;18/05/2023;-10,1801159;-48,3232606;52,500
TO;BR-010;761,000;762,000;1,000;18/05/2023;-10,1801159;-48,3232606;50,000
TO;BR-010;762,000;763,000;1,000;18/05/2023;-10,1801159;-48,3232606;52,500
TO;BR-010;763,000;764,000;1,000;18/05/2023;-10,1801159;-48,3232606;55,000
TO;BR-010;764,000;765,000;1,000;18/05/2023;-10,1801159;-48,3232606;50,000
TO;BR-010;765,000;766,000;1,000;18/05/2023;-10,1801159;-48,3232606;56,250
TO;BR-010;766,000;767,000;1,000;18/05/2023;-10,1801159;-48,3232606;50,000
TO;BR-010;767,000;768,000;1,000;18/05/2023;-10,1801159;-48,3232606;52,500
TO;BR-010;768,000;769,000;1,000;18/05/2023;-10,1801159;-48,3232606;50,000
TO;BR-010;769,000;770,000;1,000;18/05/2023;-10,1801159;-48,3232606;50,000
TO;BR-010;770,000;771,000;1,000;18/05/2023;-10,1801159;-48,3232606;57,500
TO;BR-010;771,000;772,000;1,000;18/05/2023;-10,1801159;-48,3232606;52,500
TO;BR-010;772,000;773,000;1,000;18/05/2023;-10,1801159;-48,3232606;52,500
TO;BR-010;773,000;774,000;1,000;18/05/2023;-10,1801159;-48,3232606;52,500
TO;BR-010;774,000;775,000;1,000;18/05/2023;-10,1801159;-48,3232606;52,500
TO;BR-010;775,000;776,000;1,000;18/05/2023;-10,1801159;-48,3232606;55,000
TO;BR-010;776,000;777,000;1,000;18/05/2023;-10,1801159;-48,3232606;52,500
TO;BR-010;777,000;778,000;1,000;18/05/2023;-10,1801159;-48,3232606;52,500
TO;BR-010;778,000;779,000;1,000;18/05/2023;-10,1801159;-48,3232606;52,500
TO;BR-010;779,000;780,000;1,000;18/05/2023;-10,1801159;-48,3232606;50,000
TO;BR-010;780,000;781,000;1,000;18/05/2023;-10,1801159;-48,3232606;50,000
TO;BR-010;781,000;782,000;1,000;18/05/2023;-10,1801159;-48,3232606;50,000
TO;BR-010;782,000;783,000;1,000;18/05/2023;-10,1801159;-48,3232606;50,000
TO;BR-010;783,000;784,000;1,000;18/05/2023;-10,1801159;-48,3232606;50,000
TO;BR-010;784,000;785,000;1,000;18/05/2023;-10,1801159;-48,3232606;50,000
TO;BR-010;785,000;786,000;1,000;18/05/2023;-10,1801159;-48,3232606;50,000
TO;BR-010;786,000;787,000;1,000;18/05/2023;-10,180064;-48,3232993;50,000
TO;BR-010;787,000;788,000;1,000;18/05/2023;-10,1801323;-48,3232577;50,000
TO;BR-010;788,000;789,000;1,000;18/05/2023;-10,1801323;-48,3232577;50,000
TO;BR-010;789,000;790,000;1,000;18/05/2023;-10,1801323;-48,3232577;50,000
TO;BR-010;790,000;791,000;1,000;18/05/2023;-10,1801323;-48,3232577;53,750
TO;BR-010;791,000;792,000;1,000;18/05/2023;-10,1801323;-48,3232577;50,000
TO;BR-010;792,000;793,000;1,000;18/05/2023;-10,1801323;-48,3232577;50,000
TO;BR-010;793,000;794,000;1,000;18/05/2023;-10,1801323;-48,3232577;50,000
TO;BR-010;794,000;795,000;1,000;18/05/2023;-10,1801323;-48,3232577;50,000
TO;BR-010;795,000;796,000;1,000;18/05/2023;-10,1801323;-48,3232577;52,500
TO;BR-010;796,000;797,000;1,000;18/05/2023;-10,1801323;-48,3232577;50,000
TO;BR-010;797,000;798,000;1,000;18/05/2023;-10,1801323;-48,3232577;63,750
TO;BR-010;798,000;799,000;1,000;18/05/2023;-10,1801323;-48,3232577;50,000
TO;BR-010;799,000;800,000;1,000;18/05/2023;-10,1801323;-48,3232577;53,750
TO;BR-010;800,000;801,000;1,000;18/05/2023;-10,1801323;-48,3232577;50,000
TO;BR-010;801,000;802,000;1,000;18/05/2023;-10,1801323;-48,3232577;50,000
TO;BR-010;802,000;803,000;1,000;18/05/2023;-10,1801323;-48,3232577;52,500
TO;BR-010;803,000;804,000;1,000;18/05/2023;-10,1801323;-48,3232577;52,500
TO;BR-010;804,000;805,000;1,000;18/05/2023;-10,1801323;-48,3232577;50,000
TO;BR-010;805,000;806,000;1,000;18/05/2023;-10,1801323;-48,3232577;50,000
TO;BR-010;806,000;807,000;1,000;18/05/2023;-10,1801323;-48,3232577;50,000
TO;BR-010;807,000;808,000;1,000;18/05/2023;-10,1801323;-48,3232577;52,500
TO;BR-010;808,000;809,000;1,000;18/05/2023;-10,1801323;-48,3232577;52,500
TO;BR-010;809,000;810,000;1,000;18/05/2023;-10,1801323;-48,3232577;53,750
TO;BR-010;810,000;811,000;1,000;18/05/2023;-10,1801323;-48,3232577;61,250
TO;BR-010;811,000;812,000;1,000;18/05/2023;-10,1801323;-48,3232577;50,000
TO;BR-010;812,000;813,000;1,000;18/05/2023;-10,1801323;-48,3232577;52,500
TO;BR-010;813,000;814,000;1,000;18/05/2023;-10,1801323;-48,3232577;50,000
TO;BR-010;814,000;815,000;1,000;18/05/2023;-10,1801323;-48,3232577;50,000
TO;BR-010;815,000;816,000;1,000;18/05/2023;-10,1801323;-48,3232577;50,000
MG;BR-367;51,600;51,000;0,600;17/05/2023;-16,1512965;-40,2937969;80,000
MG;BR-367;51,000;50,000;1,000;17/05/2023;-16,1512965;-40,2937969;80,000
MG;BR-367;50,000;49,000;1,000;17/05/2023;-16,1512965;-40,2937969;85,000
MG;BR-367;49,000;48,000;1,000;17/05/2023;-16,145199;-40,2917898;85,000
MG;BR-367;48,000;47,000;1,000;17/05/2023;-16,145199;-40,2917898;85,000
MG;BR-367;47,000;46,000;1,000;17/05/2023;-16,1463156;-40,2908323;62,500
MG;BR-367;46,000;45,000;1,000;17/05/2023;-16,1463156;-40,2908323;77,500
MG;BR-367;45,000;44,000;1,000;17/05/2023;-16,1463156;-40,2908323;82,500
MG;BR-367;44,000;43,000;1,000;17/05/2023;-16,1463156;-40,2908323;50,000
MG;BR-367;43,000;42,000;1,000;17/05/2023;-16,1463156;-40,2908323;55,000
MG;BR-367;42,000;41,000;1,000;17/05/2023;-16,1463156;-40,2908323;41,250
MG;BR-367;41,000;40,000;1,000;17/05/2023;-16,1463156;-40,2908323;76,250
MG;BR-367;40,000;39,000;1,000;17/05/2023;-16,1463156;-40,2908323;82,500
MG;BR-367;39,000;38,000;1,000;17/05/2023;-16,1463156;-40,2908323;65,000
MG;BR-367;38,000;37,000;1,000;17/05/2023;-16,1463156;-40,2908323;65,000
MG;BR-367;37,000;36,000;1,000;17/05/2023;-16,1463156;-40,2908323;80,000
MG;BR-367;36,000;35,000;1,000;17/05/2023;-16,1463156;-40,2908323;80,000
MG;BR-367;35,000;34,000;1,000;17/05/2023;-16,1463156;-40,2908323;83,750
MG;BR-367;34,000;33,000;1,000;17/05/2023;-16,1463156;-40,2908323;80,000
MG;BR-367;33,000;32,000;1,000;17/05/2023;-16,1463156;-40,2908323;80,000
MG;BR-367;32,000;31,000;1,000;17/05/2023;-16,1463156;-40,2908323;73,750
MG;BR-367;31,000;30,000;1,000;17/05/2023;-16,1463156;-40,2908323;47,500
MG;BR-367;30,000;29,000;1,000;17/05/2023;-16,1463156;-40,2908323;47,500
MG;BR-367;29,000;28,000;1,000;17/05/2023;-16,1463156;-40,2908323;55,000
MG;BR-367;28,000;27,000;1,000;17/05/2023;-16,1463156;-40,2908323;82,500
MG;BR-367;27,000;26,000;1,000;17/05/2023;-16,1463156;-40,2908323;82,500
MG;BR-367;26,000;25,000;1,000;17/05/2023;-16,1463156;-40,2908323;90,000
MG;BR-367;25,000;24,000;1,000;17/05/2023;-16,1463156;-40,2908323;72,500
MG;BR-367;24,000;23,000;1,000;17/05/2023;-16,1463156;-40,2908323;80,000
MG;BR-367;23,000;22,000;1,000;17/05/2023;-16,1463156;-40,2908323;52,500
MG;BR-367;22,000;21,000;1,000;17/05/2023;-16,1463156;-40,2908323;52,500
MG;BR-367;21,000;20,000;1,000;17/05/2023;-16,1012124;-40,0534357;52,500
MG;BR-367;20,000;19,000;1,000;17/05/2023;-16,1012124;-40,0534357;83,750
MG;BR-367;19,000;18,000;1,000;17/05/2023;-16,1012124;-40,0534357;68,750
MG;BR-367;18,000;17,000;1,000;17/05/2023;-16,1012124;-40,0534357;81,250
MG;BR-367;17,000;16,000;1,000;17/05/2023;-16,1012124;-40,0534357;70,000
MG;BR-367;16,000;15,000;1,000;17/05/2023;-16,1012124;-40,0534357;70,000
MG;BR-367;15,000;14,000;1,000;17/05/2023;-16,1012124;-40,0534357;82,500
MG;BR-367;14,000;13,000;1,000;17/05/2023;-16,1012124;-40,0534357;65,000
MG;BR-367;13,000;12,000;1,000;17/05/2023;-16,1012124;-40,0534357;67,500
MG;BR-367;12,000;11,000;1,000;17/05/2023;-16,1012124;-40,0534357;52,500
MG;BR-367;11,000;10,000;1,000;17/05/2023;-16,1012124;-40,0534357;55,000
MG;BR-367;10,000;9,000;1,000;17/05/2023;-16,1012124;-40,0534357;82,500
MG;BR-367;9,000;8,000;1,000;17/05/2023;-16,1012124;-40,0534357;70,000
MG;BR-367;8,000;7,000;1,000;17/05/2023;-16,1012124;-40,0534357;85,000
MG;BR-367;7,000;6,000;1,000;17/05/2023;-16,1012124;-40,0534357;76,250
MG;BR-367;6,000;5,000;1,000;17/05/2023;-16,1012124;-40,0534357;70,000
MG;BR-367;5,000;4,000;1,000;17/05/2023;-16,1012124;-40,0534357;80,000
MG;BR-367;4,000;3,000;1,000;17/05/2023;-16,1012124;-40,0534357;87,500
MG;BR-367;3,000;2,000;1,000;17/05/2023;-16,1012124;-40,0534357;85,000
MG;BR-367;2,000;1,000;1,000;17/05/2023;-16,1012124;-40,0534357;0,000
MG;BR-367;1,000;0,000;1,000;17/05/2023;-16,0072227;-39,9494295;0,000
MG;BR-367;51,600;52,000;0,400;17/05/2023;-16,0072227;-39,9494295;55,000
MG;BR-367;52,000;53,000;1,000;17/05/2023;-16,0072227;-39,9494295;22,500
MG;BR-367;53,000;54,000;1,000;17/05/2023;-16,1519958;-40,2975345;22,500
MG;BR-367;54,000;55,000;1,000;17/05/2023;-16,1519958;-40,2975345;92,500
MG;BR-367;55,000;56,000;1,000;17/05/2023;-16,1519958;-40,2975345;57,500
MG;BR-367;56,000;57,000;1,000;17/05/2023;-16,1519958;-40,2975345;57,500
MG;BR-367;57,000;58,000;1,000;17/05/2023;-16,1519958;-40,2975345;57,500
MG;BR-367;58,000;59,000;1,000;17/05/2023;-16,1519958;-40,2975345;55,000
MG;BR-367;59,000;60,000;1,000;17/05/2023;-16,1519958;-40,2975345;57,500
MG;BR-367;60,000;61,000;1,000;17/05/2023;-16,1519958;-40,2975345;67,500
MG;BR-367;61,000;62,000;1,000;17/05/2023;-16,1519958;-40,2975345;82,500
MG;BR-367;62,000;63,000;1,000;17/05/2023;-16,1519958;-40,2975345;55,000
MG;BR-367;63,000;64,000;1,000;17/05/2023;-16,1519958;-40,2975345;52,500
MG;BR-367;64,000;64,300;0,300;17/05/2023;-16,1519958;-40,2975345;55,000
AM;BR-230;400,600;399,000;1,600;17/05/2023;-7,9290611;-61,567626;66,250
AM;BR-230;399,000;398,000;1,000;17/05/2023;-7,9290611;-61,567626;90,000
AM;BR-230;398,000;397,000;1,000;17/05/2023;-7,9290611;-61,567626;97,500
AM;BR-230;397,000;396,000;1,000;17/05/2023;-7,9290611;-61,567626;97,500
AM;BR-230;396,000;395,000;1,000;17/05/2023;-7,9290611;-61,567626;97,500
AM;BR-230;395,000;394,000;1,000;17/05/2023;-7,9290611;-61,567626;97,500
AM;BR-230;394,000;393,000;1,000;17/05/2023;-7,9290611;-61,567626;97,500
AM;BR-230;393,000;392,000;1,000;17/05/2023;-7,9290611;-61,567626;97,500
AM;BR-230;392,000;391,000;1,000;17/05/2023;-7,9290611;-61,567626;97,500
AM;BR-230;391,000;390,000;1,000;17/05/2023;-7,9290611;-61,567626;97,500
AM;BR-230;390,000;389,000;1,000;17/05/2023;-7,9290611;-61,567626;97,500
AM;BR-230;389,000;388,000;1,000;17/05/2023;-7,9290611;-61,567626;97,500
AM;BR-230;388,000;387,000;1,000;17/05/2023;-7,9290611;-61,567626;97,500
AM;BR-230;387,000;386,000;1,000;17/05/2023;-7,9290611;-61,567626;97,500
AM;BR-230;386,000;385,000;1,000;17/05/2023;-7,9290611;-61,567626;93,750
AM;BR-230;385,000;384,000;1,000;17/05/2023;-7,9290611;-61,567626;90,000
AM;BR-230;384,000;383,000;1,000;17/05/2023;-7,9290611;-61,567626;93,750
AM;BR-230;383,000;382,000;1,000;17/05/2023;-7,9290611;-61,567626;96,250
AM;BR-230;382,000;381,000;1,000;17/05/2023;-7,9290611;-61,567626;97,500
AM;BR-230;381,000;380,000;1,000;17/05/2023;-7,9290611;-61,567626;90,000
AM;BR-230;380,000;379,000;1,000;17/05/2023;-7,9290611;-61,567626;96,250
AM;BR-230;379,000;378,000;1,000;17/05/2023;-7,9290611;-61,567626;55,000
AM;BR-230;378,000;377,000;1,000;17/05/2023;-7,9290611;-61,567626;76,250
AM;BR-230;377,000;376,000;1,000;17/05/2023;-7,9290611;-61,567626;90,000
AM;BR-230;376,000;375,000;1,000;17/05/2023;-7,9290611;-61,567626;97,500
AM;BR-230;375,000;374,000;1,000;17/05/2023;-7,9290611;-61,567626;92,500
AM;BR-230;374,000;373,000;1,000;17/05/2023;-7,9290611;-61,567626;90,000
AM;BR-230;373,000;372,000;1,000;17/05/2023;-7,9290611;-61,567626;100,000
AM;BR-230;372,000;371,000;1,000;17/05/2023;-7,9290611;-61,567626;92,500
AM;BR-230;371,000;370,000;1,000;17/05/2023;-7,9290611;-61,567626;96,250
AM;BR-230;370,000;369,000;1,000;17/05/2023;-7,9290611;-61,567626;92,500
AM;BR-230;369,000;368,000;1,000;17/05/2023;-7,9290611;-61,567626;96,250
AM;BR-230;368,000;367,000;1,000;17/05/2023;-7,9290611;-61,567626;92,500
AM;BR-230;367,000;366,000;1,000;17/05/2023;-7,9290611;-61,567626;100,000
AM;BR-230;366,000;365,000;1,000;17/05/2023;-7,9290611;-61,567626;100,000
AM;BR-230;365,000;364,000;1,000;17/05/2023;-7,9290611;-61,567626;93,750
AM;BR-230;364,000;363,000;1,000;17/05/2023;-7,9290611;-61,567626;93,750
AM;BR-230;363,000;362,000;1,000;17/05/2023;-7,9290611;-61,567626;86,250
AM;BR-230;362,000;361,000;1,000;17/05/2023;-7,9290611;-61,567626;93,750
AM;BR-230;361,000;360,000;1,000;17/05/2023;-7,9290611;-61,567626;82,500
AM;BR-230;360,000;359,000;1,000;17/05/2023;-7,9290611;-61,567626;100,000
AM;BR-230;359,000;358,000;1,000;17/05/2023;-7,9290611;-61,567626;71,250
AM;BR-230;358,000;357,000;1,000;17/05/2023;-7,9290611;-61,567626;96,250
AM;BR-230;357,000;356,000;1,000;17/05/2023;-7,9290611;-61,567626;100,000
AM;BR-230;356,000;355,000;1,000;17/05/2023;-7,9290611;-61,567626;88,750
AM;BR-230;355,000;354,000;1,000;17/05/2023;-7,9290611;-61,567626;96,250
AM;BR-230;354,000;353,000;1,000;17/05/2023;-7,9290611;-61,567626;88,750
AM;BR-230;353,000;352,000;1,000;17/05/2023;-7,9290611;-61,567626;90,000
AM;BR-230;352,000;351,000;1,000;17/05/2023;-7,9290611;-61,567626;96,250
AM;BR-230;351,000;350,000;1,000;17/05/2023;-7,9290611;-61,567626;78,750
AM;BR-230;350,000;349,000;1,000;17/05/2023;-7,9290611;-61,567626;77,500
AM;BR-230;349,000;348,000;1,000;17/05/2023;-7,9290611;-61,567626;62,500
AM;BR-230;348,000;347,000;1,000;17/05/2023;-7,9290611;-61,567626;100,000
AM;BR-230;347,000;346,000;1,000;17/05/2023;-7,9290611;-61,567626;86,250
AM;BR-230;346,000;345,000;1,000;17/05/2023;-7,9290611;-61,567626;86,250
AM;BR-230;345,000;344,000;1,000;17/05/2023;-7,9290611;-61,567626;92,500
AM;BR-230;344,000;343,000;1,000;17/05/2023;-7,9290611;-61,567626;82,500
AM;BR-230;343,000;342,000;1,000;17/05/2023;-7,9290611;-61,567626;78,750
AM;BR-230;342,000;341,000;1,000;17/05/2023;-7,9290611;-61,567626;76,250
AM;BR-230;341,000;340,000;1,000;17/05/2023;-7,9290611;-61,567626;45,000
AM;BR-230;340,000;339,000;1,000;17/05/2023;-7,9290611;-61,567626;52,500
AM;BR-230;339,000;338,000;1,000;17/05/2023;-7,9290611;-61,567626;30,000
AM;BR-230;338,000;337,000;1,000;17/05/2023;-7,9290611;-61,567626;63,750
AM;BR-230;337,000;336,000;1,000;17/05/2023;-7,9290611;-61,567626;55,000
AM;BR-230;336,000;335,000;1,000;17/05/2023;-7,9290611;-61,567626;96,250
AM;BR-230;335,000;334,000;1,000;17/05/2023;-7,9290611;-61,567626;60,000
AM;BR-230;334,000;333,000;1,000;17/05/2023;-7,9290611;-61,567626;63,750
AM;BR-230;333,000;332,000;1,000;17/05/2023;-7,9290611;-61,567626;60,000
AM;BR-230;332,000;331,000;1,000;17/05/2023;-7,9290611;-61,567626;45,000
AM;BR-230;331,000;330,000;1,000;17/05/2023;-7,9290611;-61,567626;45,000
AM;BR-230;330,000;329,000;1,000;17/05/2023;-7,9290611;-61,567626;38,750
AM;BR-230;329,000;328,000;1,000;17/05/2023;-7,9290611;-61,567626;52,500
AM;BR-230;328,000;327,000;1,000;17/05/2023;-7,9290611;-61,567626;56,250
AM;BR-230;327,000;326,000;1,000;17/05/2023;-7,9290611;-61,567626;67,500
AM;BR-230;326,000;325,000;1,000;17/05/2023;-7,9290611;-61,567626;67,500
AM;BR-230;325,000;324,000;1,000;17/05/2023;-7,9290611;-61,567626;71,250
AM;BR-230;324,000;323,000;1,000;17/05/2023;-7,9290611;-61,567626;75,000
AM;BR-230;323,000;322,000;1,000;17/05/2023;-7,9290611;-61,567626;41,250
AM;BR-230;322,000;321,000;1,000;17/05/2023;-7,9290611;-61,567626;30,000
AM;BR-230;321,000;320,000;1,000;17/05/2023;-7,9290611;-61,567626;30,000
AM;BR-230;320,000;319,000;1,000;17/05/2023;-7,9290611;-61,567626;45,000
AM;BR-230;319,000;318,000;1,000;17/05/2023;-7,9290611;-61,567626;60,000
AM;BR-230;318,000;317,000;1,000;17/05/2023;-7,9290611;-61,567626;63,750
AM;BR-230;317,000;316,000;1,000;17/05/2023;-7,9290611;-61,567626;56,250
AM;BR-230;316,000;315,000;1,000;17/05/2023;-7,9290611;-61,567626;45,000
AM;BR-230;315,000;314,800;0,200;17/05/2023;-7,9290611;-61,567626;71,250
AM;BR-230;314,400;313,000;1,400;17/05/2023;-7,5235586;-60,6696102;45,000
AM;BR-230;313,000;312,000;1,000;17/05/2023;-7,5235606;-60,6696114;56,250
AM;BR-230;312,000;311,000;1,000;17/05/2023;-7,5235606;-60,6696114;42,500
AM;BR-230;311,000;310,000;1,000;17/05/2023;-7,5235606;-60,6696114;60,000
AM;BR-230;310,000;309,000;1,000;17/05/2023;-7,5235606;-60,6696114;75,000
AM;BR-230;309,000;308,000;1,000;17/05/2023;-7,5235606;-60,6696114;92,500
AM;BR-230;308,000;307,000;1,000;17/05/2023;-7,5235606;-60,6696114;67,500
AM;BR-230;307,000;306,000;1,000;17/05/2023;-7,5235606;-60,6696114;87,500
AM;BR-230;306,000;305,000;1,000;17/05/2023;-7,5235606;-60,6696114;82,500
AM;BR-230;305,000;304,000;1,000;17/05/2023;-7,50500011;-60,6004457;75,000
AM;BR-230;304,000;303,000;1,000;17/05/2023;-7,50500011;-60,6004457;97,500
AM;BR-230;303,000;302,000;1,000;17/05/2023;-7,50500011;-60,6004457;97,500
AM;BR-230;302,000;301,000;1,000;17/05/2023;-7,50500011;-60,6004457;80,000
AM;BR-230;301,000;300,000;1,000;17/05/2023;-7,50500011;-60,6004457;91,250
AM;BR-230;300,000;299,000;1,000;17/05/2023;-7,50500011;-60,6004457;91,250
AM;BR-230;299,000;298,000;1,000;17/05/2023;-7,50500011;-60,6004457;85,000
AM;BR-230;298,000;297,000;1,000;17/05/2023;-7,50500011;-60,6004457;97,500
AM;BR-230;297,000;296,000;1,000;17/05/2023;-7,50500011;-60,6004457;80,000
AM;BR-230;296,000;295,000;1,000;17/05/2023;-7,50500011;-60,6004457;86,250
AM;BR-230;295,000;294,000;1,000;17/05/2023;-7,50500011;-60,6004457;80,000
AM;BR-230;294,000;293,000;1,000;17/05/2023;-7,50500011;-60,6004457;76,250
AM;BR-230;293,000;292,000;1,000;17/05/2023;-7,50500011;-60,6004457;85,000
AM;BR-230;292,000;291,000;1,000;17/05/2023;-7,50500011;-60,6004457;75,000
AM;BR-230;291,000;290,000;1,000;17/05/2023;-7,50500011;-60,6004457;61,250
AM;BR-230;290,000;289,000;1,000;17/05/2023;-7,50500011;-60,6004457;97,500
AM;BR-230;289,000;288,000;1,000;17/05/2023;-7,50500011;-60,6004457;97,500
AM;BR-230;288,000;287,000;1,000;17/05/2023;-7,50500011;-60,6004457;97,500
AM;BR-230;287,000;286,000;1,000;17/05/2023;-7,50500011;-60,6004457;97,500
AM;BR-230;286,000;285,000;1,000;17/05/2023;-7,50500011;-60,6004457;72,500
AM;BR-230;285,000;284,000;1,000;17/05/2023;-7,50500011;-60,6004457;83,750
AM;BR-230;284,000;283,000;1,000;17/05/2023;-7,50500011;-60,6004457;95,000
AM;BR-230;283,000;282,000;1,000;17/05/2023;-7,50500011;-60,6004457;77,500
AM;BR-230;282,000;281,000;1,000;17/05/2023;-7,50500011;-60,6004457;97,500
AM;BR-230;281,000;280,000;1,000;17/05/2023;-7,50500011;-60,6004457;97,500
AM;BR-230;280,000;279,000;1,000;17/05/2023;-7,50500011;-60,6004457;76,250
AM;BR-230;279,000;278,000;1,000;17/05/2023;-7,50500011;-60,6004457;61,250
AM;BR-230;278,000;277,000;1,000;17/05/2023;-7,50500011;-60,6004457;65,000
AM;BR-230;277,000;276,000;1,000;17/05/2023;-7,50500011;-60,6004457;65,000
AM;BR-230;276,000;275,000;1,000;17/05/2023;-7,50500011;-60,6004457;42,500
AM;BR-230;275,000;274,000;1,000;17/05/2023;-7,50500011;-60,6004457;53,750
AM;BR-230;274,000;273,000;1,000;17/05/2023;-7,50500011;-60,6004457;68,750
AM;BR-230;273,000;272,000;1,000;17/05/2023;-7,50500011;-60,6004457;57,500
AM;BR-230;272,000;271,000;1,000;17/05/2023;-7,50500011;-60,6004457;42,500
AM;BR-230;271,000;270,000;1,000;17/05/2023;-7,50500011;-60,6004457;42,500
AM;BR-230;270,000;269,000;1,000;17/05/2023;-7,50500011;-60,6004457;42,500
AM;BR-230;269,000;268,000;1,000;17/05/2023;-7,50500011;-60,6004457;50,000
AM;BR-230;268,000;267,000;1,000;17/05/2023;-7,50500011;-60,6004457;95,000
AM;BR-230;267,000;266,000;1,000;17/05/2023;-7,50500011;-60,6004457;42,500
AM;BR-230;266,000;265,000;1,000;17/05/2023;-7,50500011;-60,6004457;72,500
AM;BR-230;265,000;264,000;1,000;17/05/2023;-7,50500011;-60,6004457;61,250
AM;BR-230;264,000;263,000;1,000;17/05/2023;-7,50500011;-60,6004457;61,250
AM;BR-230;263,000;262,000;1,000;17/05/2023;-7,50500011;-60,6004457;17,500
AM;BR-230;262,000;261,000;1,000;17/05/2023;-7,50500011;-60,6004457;42,500
AM;BR-230;261,000;260,000;1,000;17/05/2023;-7,50500011;-60,6004457;38,750
AM;BR-230;260,000;259,000;1,000;17/05/2023;-7,50500011;-60,6004457;97,500
AM;BR-230;259,000;258,000;1,000;17/05/2023;-7,50500011;-60,6004457;60,000
AM;BR-230;258,000;257,000;1,000;17/05/2023;-7,50500011;-60,6004457;42,500
AM;BR-230;257,000;256,000;1,000;17/05/2023;-7,50500011;-60,6004457;93,750
AM;BR-230;256,000;255,000;1,000;17/05/2023;-7,50500011;-60,6004457;97,500
AM;BR-230;255,000;254,000;1,000;17/05/2023;-7,50500011;-60,6004457;83,750
AM;BR-230;254,000;253,000;1,000;17/05/2023;-7,50500011;-60,6004457;90,000
AM;BR-230;253,000;252,000;1,000;17/05/2023;-7,50500011;-60,6004457;68,750
AM;BR-230;252,000;251,000;1,000;17/05/2023;-7,50500011;-60,6004457;53,750
AM;BR-230;251,000;250,000;1,000;17/05/2023;-7,50500011;-60,6004457;28,750
AM;BR-230;250,000;249,000;1,000;17/05/2023;-7,50500011;-60,6004457;57,500
AM;BR-230;249,000;248,000;1,000;17/05/2023;-7,50500011;-60,6004457;71,250
AM;BR-230;248,000;247,000;1,000;17/05/2023;-7,50500011;-60,6004457;42,500
AM;BR-230;247,000;246,000;1,000;17/05/2023;-7,50500011;-60,6004457;57,500
AM;BR-230;246,000;245,000;1,000;17/05/2023;-7,50500011;-60,6004457;50,000
AM;BR-230;245,000;244,000;1,000;17/05/2023;-7,50500011;-60,6004457;42,500
AM;BR-230;244,000;243,000;1,000;17/05/2023;-7,50500011;-60,6004457;57,500
AM;BR-230;243,000;242,000;1,000;17/05/2023;-7,50500011;-60,6004457;53,750
AM;BR-230;242,000;241,000;1,000;17/05/2023;-7,50500011;-60,6004457;51,250
AM;BR-230;241,000;240,000;1,000;17/05/2023;-7,50500011;-60,6004457;51,250
AM;BR-230;240,000;239,000;1,000;17/05/2023;-7,50500011;-60,6004457;43,750
AM;BR-230;239,000;238,000;1,000;17/05/2023;-7,50500011;-60,6004457;40,000
AM;BR-230;238,000;237,000;1,000;17/05/2023;-7,50500011;-60,6004457;55,000
AM;BR-230;237,000;236,000;1,000;17/05/2023;-7,50500011;-60,6004457;15,000
AM;BR-230;236,000;235,000;1,000;17/05/2023;-7,50500011;-60,6004457;30,000
AM;BR-230;235,000;234,000;1,000;17/05/2023;-7,50500011;-60,6004457;51,250
AM;BR-230;234,000;233,000;1,000;17/05/2023;-7,50500011;-60,6004457;43,750
AM;BR-230;233,000;232,000;1,000;17/05/2023;-7,50500011;-60,6004457;55,000
AM;BR-230;232,000;231,000;1,000;17/05/2023;-7,50500011;-60,6004457;66,250
AM;BR-230;231,000;230,000;1,000;17/05/2023;-7,50500011;-60,6004457;51,250
AM;BR-230;230,000;229,000;1,000;17/05/2023;-7,50500011;-60,6004457;58,750
AM;BR-230;229,000;228,000;1,000;17/05/2023;-7,50500011;-60,6004457;73,750
AM;BR-230;228,000;227,000;1,000;17/05/2023;-7,50500011;-60,6004457;43,750
AM;BR-230;227,000;226,000;1,000;17/05/2023;-7,50500011;-60,6004457;73,750
AM;BR-230;226,000;225,000;1,000;17/05/2023;-7,50500011;-60,6004457;73,750
AM;BR-230;225,000;224,000;1,000;17/05/2023;-7,50500011;-60,6004457;70,000
AM;BR-230;224,000;223,000;1,000;17/05/2023;-7,50500011;-60,6004457;70,000
AM;BR-230;223,000;222,000;1,000;17/05/2023;-7,50500011;-60,6004457;66,250
AM;BR-230;222,000;221,000;1,000;17/05/2023;-7,50500011;-60,6004457;85,000
AM;BR-230;221,000;220,000;1,000;17/05/2023;-7,50500011;-60,6004457;62,500
AM;BR-230;220,000;219,000;1,000;17/05/2023;-7,50500011;-60,6004457;98,750
AM;BR-230;219,000;218,000;1,000;17/05/2023;-7,50500011;-60,6004457;87,500
AM;BR-230;218,000;217,000;1,000;17/05/2023;-7,50500011;-60,6004457;88,750
AM;BR-230;217,000;216,000;1,000;17/05/2023;-7,50500011;-60,6004457;73,750
AM;BR-230;216,000;215,000;1,000;17/05/2023;-7,50500011;-60,6004457;87,500
AM;BR-230;215,000;214,000;1,000;17/05/2023;-7,50500011;-60,6004457;80,000
AM;BR-230;214,000;213,200;0,800;17/05/2023;-7,50500011;-60,6004457;83,750
AM;BR-230;206,000;205,000;1,000;18/05/2023;-7,1905649;-59,8798638;0,000
AM;BR-230;205,000;204,000;1,000;18/05/2023;-7,1905649;-59,8798638;0,000
AM;BR-230;204,000;203,000;1,000;18/05/2023;-7,1905649;-59,8798638;0,000
AM;BR-230;203,000;202,000;1,000;18/05/2023;-7,1905649;-59,8798638;0,000
AM;BR-230;202,000;201,000;1,000;18/05/2023;-7,1905649;-59,8798638;0,000
AM;BR-230;201,000;200,000;1,000;18/05/2023;-7,1905649;-59,8798638;0,000
AM;BR-230;200,000;199,000;1,000;18/05/2023;-7,1905649;-59,8798638;0,000
AM;BR-230;199,000;198,000;1,000;18/05/2023;-7,1905649;-59,8798638;3,750
AM;BR-230;198,000;197,000;1,000;18/05/2023;-7,1905649;-59,8798638;3,750
AM;BR-230;197,000;196,000;1,000;18/05/2023;-7,1905649;-59,8798638;3,750
AM;BR-230;196,000;195,000;1,000;18/05/2023;-7,1905649;-59,8798638;3,750
AM;BR-230;195,000;194,000;1,000;18/05/2023;-7,1905649;-59,8798638;3,750
AM;BR-230;194,000;193,000;1,000;18/05/2023;-7,1905649;-59,8798638;3,750
AM;BR-230;193,000;192,000;1,000;18/05/2023;-7,1905649;-59,8798638;3,750
AM;BR-230;192,000;191,000;1,000;18/05/2023;-7,1905649;-59,8798638;3,750
AM;BR-230;191,000;190,000;1,000;18/05/2023;-7,1905649;-59,8798638;3,750
AM;BR-230;190,000;189,000;1,000;18/05/2023;-7,1905649;-59,8798638;3,750
AM;BR-230;189,000;188,000;1,000;18/05/2023;-7,1905649;-59,8798638;3,750
AM;BR-230;188,000;187,000;1,000;18/05/2023;-7,1905649;-59,8798638;3,750
AM;BR-230;187,000;186,000;1,000;18/05/2023;-7,1905649;-59,8798638;3,750
AM;BR-230;186,000;185,000;1,000;18/05/2023;-7,1905649;-59,8798638;3,750
AM;BR-230;185,000;184,000;1,000;18/05/2023;-7,1907208;-59,8871536;5,000
AM;BR-230;184,000;183,000;1,000;18/05/2023;-7,1907208;-59,8871536;5,000
AM;BR-230;183,000;182,000;1,000;18/05/2023;-7,1907208;-59,8871536;5,000
AM;BR-230;182,000;181,000;1,000;18/05/2023;-7,1907208;-59,8871536;5,000
AM;BR-230;181,000;180,000;1,000;18/05/2023;-7,1907208;-59,8871536;5,000
AM;BR-230;180,000;179,000;1,000;18/05/2023;-7,1907208;-59,8871536;5,000
AM;BR-230;179,000;178,000;1,000;18/05/2023;-7,1907208;-59,8871536;5,000
AM;BR-230;178,000;177,000;1,000;18/05/2023;-7,1907208;-59,8871536;5,000
AM;BR-230;177,000;176,000;1,000;18/05/2023;-7,1907208;-59,8871536;5,000
AM;BR-230;176,000;175,000;1,000;18/05/2023;-7,1907208;-59,8871536;5,000
AM;BR-230;175,000;174,000;1,000;18/05/2023;-7,1907208;-59,8871536;5,000
AM;BR-230;174,000;173,000;1,000;18/05/2023;-7,1907208;-59,8871536;5,000
AM;BR-230;173,000;172,000;1,000;18/05/2023;-7,1907208;-59,8871536;5,000
AM;BR-230;172,000;171,000;1,000;18/05/2023;-7,1907208;-59,8871536;5,000
AM;BR-230;171,000;170,000;1,000;18/05/2023;-7,1907208;-59,8871536;5,000
AM;BR-230;170,000;169,000;1,000;18/05/2023;-7,1907208;-59,8871536;5,000
AM;BR-230;169,000;168,000;1,000;18/05/2023;-7,1907208;-59,8871536;5,000
AM;BR-230;168,000;167,000;1,000;18/05/2023;-7,1907208;-59,8871536;5,000
AM;BR-230;167,000;166,000;1,000;18/05/2023;-7,1907208;-59,8871536;5,000
AM;BR-230;166,000;165,000;1,000;18/05/2023;-7,1907208;-59,8871536;5,000
AM;BR-230;165,000;164,000;1,000;18/05/2023;-7,1907208;-59,8871536;5,000
AM;BR-230;164,000;163,000;1,000;18/05/2023;-7,1907208;-59,8871536;5,000
AM;BR-230;163,000;162,000;1,000;18/05/2023;-7,1907208;-59,8871536;5,000
AM;BR-230;162,000;161,000;1,000;18/05/2023;-7,1907208;-59,8871536;5,000
AM;BR-230;161,000;160,000;1,000;18/05/2023;-7,1907208;-59,8871536;5,000
AM;BR-230;160,000;159,000;1,000;18/05/2023;-7,1907208;-59,8871536;5,000
AM;BR-230;159,000;158,000;1,000;18/05/2023;-7,1907208;-59,8871536;5,000
AM;BR-230;158,000;157,000;1,000;18/05/2023;-7,1907208;-59,8871536;5,000
AM;BR-230;157,000;156,000;1,000;18/05/2023;-7,1907208;-59,8871536;5,000
AM;BR-230;156,000;155,000;1,000;18/05/2023;-7,1907208;-59,8871536;5,000
AM;BR-230;155,000;154,000;1,000;18/05/2023;-7,1907208;-59,8871536;5,000
AM;BR-230;154,000;153,000;1,000;18/05/2023;-7,1907208;-59,8871536;5,000
AM;BR-230;153,000;152,000;1,000;18/05/2023;-7,1907208;-59,8871536;5,000
AM;BR-230;152,000;151,000;1,000;18/05/2023;-7,1907208;-59,8871536;5,000
AM;BR-230;151,000;150,000;1,000;18/05/2023;-7,1907208;-59,8871536;5,000
AM;BR-230;150,000;149,000;1,000;18/05/2023;-7,1907208;-59,8871536;5,000
AM;BR-230;149,000;148,000;1,000;18/05/2023;-7,1907208;-59,8871536;5,000
AM;BR-230;148,000;147,000;1,000;18/05/2023;-7,1907208;-59,8871536;5,000
AM;BR-230;147,000;146,000;1,000;18/05/2023;-7,1907208;-59,8871536;5,000
AM;BR-230;146,000;145,000;1,000;18/05/2023;-7,1907208;-59,8871536;5,000
AM;BR-230;145,000;144,000;1,000;18/05/2023;-7,1907208;-59,8871536;5,000
AM;BR-230;144,000;143,000;1,000;18/05/2023;-7,1907208;-59,8871536;5,000
AM;BR-230;143,000;142,000;1,000;18/05/2023;-7,1907208;-59,8871536;30,000
AM;BR-230;142,000;141,000;1,000;18/05/2023;-7,1907208;-59,8871536;30,000
AM;BR-230;141,000;140,000;1,000;18/05/2023;-7,1907208;-59,8871536;5,000
AM;BR-230;140,000;139,000;1,000;18/05/2023;-7,1907208;-59,8871536;30,000
AM;BR-230;139,000;138,000;1,000;18/05/2023;-7,1907208;-59,8871536;60,000
AM;BR-230;138,000;137,000;1,000;18/05/2023;-7,1907208;-59,8871536;28,750
AM;BR-230;137,000;136,000;1,000;18/05/2023;-7,1907208;-59,8871536;5,000
AM;BR-230;136,000;135,000;1,000;18/05/2023;-7,1907208;-59,8871536;30,000
AM;BR-230;135,000;134,000;1,000;18/05/2023;-7,1907208;-59,8871536;30,000
AM;BR-230;134,000;133,000;1,000;18/05/2023;-7,1907208;-59,8871536;30,000
AM;BR-230;133,000;132,000;1,000;18/05/2023;-7,1907208;-59,8871536;30,000
AM;BR-230;132,000;131,000;1,000;18/05/2023;-7,1907208;-59,8871536;23,750
AM;BR-230;131,000;130,000;1,000;18/05/2023;-7,1907208;-59,8871536;38,750
AM;BR-230;130,000;129,000;1,000;18/05/2023;-7,1907208;-59,8871536;17,500
AM;BR-230;129,000;128,000;1,000;18/05/2023;-7,1907208;-59,8871536;30,000
AM;BR-230;128,000;127,000;1,000;18/05/2023;-7,1907208;-59,8871536;30,000
AM;BR-230;127,000;126,000;1,000;18/05/2023;-7,1907208;-59,8871536;30,000
AM;BR-230;126,000;125,000;1,000;18/05/2023;-7,1907208;-59,8871536;30,000
AM;BR-230;125,000;124,000;1,000;18/05/2023;-7,1907208;-59,8871536;30,000
AM;BR-230;124,000;123,000;1,000;18/05/2023;-7,1907208;-59,8871536;30,000
AM;BR-230;123,000;122,000;1,000;18/05/2023;-7,1907208;-59,8871536;45,000
AM;BR-230;122,000;121,000;1,000;18/05/2023;-7,1907208;-59,8871536;80,000
AM;BR-230;121,000;120,000;1,000;18/05/2023;-7,1907208;-59,8871536;97,500
AM;BR-230;120,000;119,000;1,000;18/05/2023;-7,1907208;-59,8871536;86,250
AM;BR-230;119,000;118,000;1,000;18/05/2023;-7,1907208;-59,8871536;78,750
AM;BR-230;118,000;117,000;1,000;18/05/2023;-7,1907208;-59,8871536;67,500
AM;BR-230;117,000;116,000;1,000;18/05/2023;-7,1907208;-59,8871536;45,000
AM;BR-230;116,000;115,000;1,000;18/05/2023;-7,1907208;-59,8871536;60,000
AM;BR-230;115,000;114,000;1,000;18/05/2023;-7,1907208;-59,8871536;66,250
AM;BR-230;114,000;113,000;1,000;18/05/2023;-7,1907208;-59,8871536;73,750
AM;BR-230;113,000;112,000;1,000;18/05/2023;-7,1907208;-59,8871536;70,000
AM;BR-230;112,000;111,000;1,000;18/05/2023;-7,1907208;-59,8871536;82,500
AM;BR-230;111,000;110,000;1,000;18/05/2023;-7,1907208;-59,8871536;71,250
AM;BR-230;110,000;109,000;1,000;18/05/2023;-7,1907208;-59,8871536;78,750
AM;BR-230;109,000;108,000;1,000;18/05/2023;-7,1907208;-59,8871536;78,750
AM;BR-230;108,000;107,000;1,000;18/05/2023;-7,1907208;-59,8871536;73,750
AM;BR-230;107,000;106,000;1,000;18/05/2023;-7,1907208;-59,8871536;78,750
AM;BR-230;106,000;105,000;1,000;18/05/2023;-7,1907208;-59,8871536;76,250
AM;BR-230;105,000;104,000;1,000;18/05/2023;-7,1907208;-59,8871536;56,250
AM;BR-230;104,000;103,000;1,000;18/05/2023;-7,1907208;-59,8871536;62,500
AM;BR-230;103,000;102,000;1,000;18/05/2023;-7,1907208;-59,8871536;33,750
AM;BR-230;102,000;101,000;1,000;18/05/2023;-6,7970044;-59,0459403;16,250
AM;BR-230;101,000;100,000;1,000;18/05/2023;-6,7946774;-59,0432958;28,750
AM;BR-230;100,000;99,000;1,000;18/05/2023;-6,7946774;-59,0432958;31,250
AM;BR-230;99,000;98,000;1,000;18/05/2023;-6,7946774;-59,0432958;40,000
AM;BR-230;98,000;97,000;1,000;18/05/2023;-6,7946774;-59,0432958;37,500
AM;BR-230;97,000;96,000;1,000;18/05/2023;-6,7946774;-59,0432958;31,250
AM;BR-230;96,000;95,000;1,000;18/05/2023;-6,7946774;-59,0432958;81,250
AM;BR-230;95,000;94,000;1,000;18/05/2023;-6,7946774;-59,0432958;40,000
AM;BR-230;94,000;93,000;1,000;18/05/2023;-6,7946774;-59,0432958;73,750
AM;BR-230;93,000;92,000;1,000;18/05/2023;-6,7946774;-59,0432958;55,000
AM;BR-230;92,000;91,000;1,000;18/05/2023;-6,7946774;-59,0432958;67,500
AM;BR-230;91,000;90,000;1,000;18/05/2023;-6,7946774;-59,0432958;43,750
AM;BR-230;90,000;89,000;1,000;18/05/2023;-6,7946774;-59,0432958;62,500
AM;BR-230;89,000;88,000;1,000;18/05/2023;-6,7946774;-59,0432958;28,750
AM;BR-230;88,000;87,000;1,000;18/05/2023;-6,7946774;-59,0432958;28,750
AM;BR-230;87,000;86,000;1,000;18/05/2023;-6,7946774;-59,0432958;46,250
AM;BR-230;86,000;85,000;1,000;18/05/2023;-6,7946774;-59,0432958;66,250
AM;BR-230;85,000;84,000;1,000;18/05/2023;-6,7946774;-59,0432958;28,750
AM;BR-230;84,000;83,000;1,000;18/05/2023;-6,7946774;-59,0432958;47,500
AM;BR-230;83,000;82,000;1,000;18/05/2023;-6,7946774;-59,0432958;61,250
AM;BR-230;82,000;81,000;1,000;18/05/2023;-6,7946774;-59,0432958;62,500
AM;BR-230;81,000;80,000;1,000;18/05/2023;-6,7946774;-59,0432958;43,750
AM;BR-230;80,000;79,000;1,000;18/05/2023;-6,7946774;-59,0432958;51,250
AM;BR-230;79,000;78,000;1,000;18/05/2023;-6,7946774;-59,0432958;32,500
AM;BR-230;78,000;77,000;1,000;18/05/2023;-6,7946774;-59,0432958;63,750
AM;BR-230;77,000;76,000;1,000;18/05/2023;-6,7946774;-59,0432958;72,500
AM;BR-230;76,000;75,000;1,000;18/05/2023;-6,7946774;-59,0432958;73,750
AM;BR-230;75,000;74,000;1,000;18/05/2023;-6,7946774;-59,0432958;36,250
AM;BR-230;74,000;73,000;1,000;18/05/2023;-6,7946774;-59,0432958;27,500
AM;BR-230;73,000;72,000;1,000;18/05/2023;-6,7946774;-59,0432958;93,750
AM;BR-230;72,000;71,000;1,000;18/05/2023;-6,7946774;-59,0432958;50,000
AM;BR-230;71,000;70,000;1,000;18/05/2023;-6,7946774;-59,0432958;27,500
AM;BR-230;70,000;69,000;1,000;18/05/2023;-6,7946774;-59,0432958;25,000
AM;BR-230;69,000;68,000;1,000;18/05/2023;-6,7946774;-59,0432958;32,500
AM;BR-230;68,000;67,000;1,000;18/05/2023;-6,7946774;-59,0432958;65,000
AM;BR-230;67,000;66,000;1,000;18/05/2023;-6,7946774;-59,0432958;91,250
AM;BR-230;66,000;65,000;1,000;18/05/2023;-6,7946774;-59,0432958;98,750
AM;BR-230;65,000;64,000;1,000;18/05/2023;-6,7946774;-59,0432958;51,250
AM;BR-230;64,000;63,000;1,000;18/05/2023;-6,7946774;-59,0432958;51,250
AM;BR-230;63,000;62,000;1,000;18/05/2023;-6,7946774;-59,0432958;61,250
AM;BR-230;62,000;61,000;1,000;18/05/2023;-6,7946774;-59,0432958;36,250
AM;BR-230;61,000;60,000;1,000;18/05/2023;-6,7946774;-59,0432958;28,750
AM;BR-230;60,000;59,000;1,000;18/05/2023;-6,7946774;-59,0432958;28,750
AM;BR-230;59,000;58,000;1,000;18/05/2023;-6,7946774;-59,0432958;3,750
AM;BR-230;58,000;57,000;1,000;18/05/2023;-6,7946774;-59,0432958;43,750
AM;BR-230;57,000;56,000;1,000;18/05/2023;-6,7946774;-59,0432958;81,250
AM;BR-230;56,000;55,000;1,000;18/05/2023;-6,7946774;-59,0432958;43,750
AM;BR-230;55,000;54,000;1,000;18/05/2023;-6,7946774;-59,0432958;43,750
AM;BR-230;54,000;53,000;1,000;18/05/2023;-6,7946774;-59,0432958;28,750
AM;BR-230;53,000;52,000;1,000;18/05/2023;-6,7946774;-59,0432958;51,250
AM;BR-230;52,000;51,000;1,000;18/05/2023;-6,7946774;-59,0432958;81,250
AM;BR-230;51,000;50,000;1,000;18/05/2023;-6,7946774;-59,0432958;68,750
AM;BR-230;50,000;49,000;1,000;18/05/2023;-6,7946774;-59,0432958;36,250
AM;BR-230;49,000;48,000;1,000;18/05/2023;-6,7946774;-59,0432958;43,750
AM;BR-230;48,000;47,000;1,000;18/05/2023;-6,7946774;-59,0432958;45,000
AM;BR-230;47,000;46,000;1,000;18/05/2023;-6,7946774;-59,0432958;43,750
AM;BR-230;46,000;45,000;1,000;18/05/2023;-6,7946774;-59,0432958;81,250
AM;BR-230;45,000;44,000;1,000;18/05/2023;-6,7946774;-59,0432958;47,500
AM;BR-230;44,000;43,000;1,000;18/05/2023;-6,7946774;-59,0432958;5,000
AM;BR-230;43,000;42,000;1,000;18/05/2023;-6,7946774;-59,0432958;5,000
AM;BR-230;42,000;41,000;1,000;18/05/2023;-6,7946774;-59,0432958;30,000
AM;BR-230;41,000;40,000;1,000;18/05/2023;-6,7946774;-59,0432958;30,000
AM;BR-230;40,000;39,000;1,000;18/05/2023;-6,7946774;-59,0432958;43,750
AM;BR-230;39,000;38,000;1,000;18/05/2023;-6,7946774;-59,0432958;51,250
AM;BR-230;38,000;37,000;1,000;18/05/2023;-6,7946774;-59,0432958;92,500
AM;BR-230;37,000;36,000;1,000;18/05/2023;-6,7946774;-59,0432958;22,500
AM;BR-230;36,000;35,000;1,000;18/05/2023;-6,7946774;-59,0432958;28,750
AM;BR-230;35,000;34,000;1,000;18/05/2023;-6,7946774;-59,0432958;51,250
AM;BR-230;34,000;33,000;1,000;18/05/2023;-6,7946774;-59,0432958;3,750
AM;BR-230;33,000;32,000;1,000;18/05/2023;-6,7946774;-59,0432958;3,750
AM;BR-230;32,000;31,000;1,000;18/05/2023;-6,7946774;-59,0432958;43,750
AM;BR-230;31,000;30,000;1,000;18/05/2023;-6,7946774;-59,0432958;37,500
AM;BR-230;30,000;29,000;1,000;18/05/2023;-6,7946774;-59,0432958;28,750
AM;BR-230;29,000;28,000;1,000;18/05/2023;-6,7946774;-59,0432958;61,250
AM;BR-230;28,000;27,000;1,000;18/05/2023;-6,7946774;-59,0432958;41,250
AM;BR-230;27,000;26,000;1,000;18/05/2023;-6,7946774;-59,0432958;18,750
AM;BR-230;26,000;25,000;1,000;18/05/2023;-6,7946774;-59,0432958;45,000
AM;BR-230;25,000;24,000;1,000;18/05/2023;-6,7946774;-59,0432958;45,000
AM;BR-230;24,000;23,000;1,000;18/05/2023;-6,7946774;-59,0432958;3,750
AM;BR-230;23,000;22,000;1,000;18/05/2023;-6,7946774;-59,0432958;5,000
AM;BR-230;22,000;21,000;1,000;18/05/2023;-6,7946774;-59,0432958;60,000
AM;BR-230;21,000;20,000;1,000;18/05/2023;-6,7946774;-59,0432958;18,750
AM;BR-230;20,000;19,000;1,000;18/05/2023;-6,7946774;-59,0432958;28,750
AM;BR-230;19,000;18,000;1,000;18/05/2023;-6,7946774;-59,0432958;32,500
AM;BR-230;18,000;17,000;1,000;18/05/2023;-6,7946774;-59,0432958;20,000
AM;BR-230;17,000;16,000;1,000;18/05/2023;-6,7946774;-59,0432958;33,750
AM;BR-230;16,000;15,000;1,000;18/05/2023;-6,7946774;-59,0432958;3,750
AM;BR-230;15,000;14,000;1,000;18/05/2023;-6,7946774;-59,0432958;50,000
AM;BR-230;14,000;13,000;1,000;18/05/2023;-6,7946774;-59,0432958;28,750
AM;BR-230;13,000;12,000;1,000;18/05/2023;-6,7946774;-59,0432958;53,750
AM;BR-230;12,000;11,000;1,000;18/05/2023;-6,7946774;-59,0432958;28,750
AM;BR-230;11,000;10,000;1,000;18/05/2023;-6,7946774;-59,0432958;43,750
AM;BR-230;10,000;9,000;1,000;18/05/2023;-6,7946774;-59,0432958;3,750
AM;BR-230;9,000;8,000;1,000;18/05/2023;-6,7946774;-59,0432958;3,750
AM;BR-230;8,000;7,000;1,000;18/05/2023;-6,7946774;-59,0432958;18,750
AM;BR-230;7,000;6,000;1,000;18/05/2023;-6,7946774;-59,0432958;3,750
AM;BR-230;6,000;5,000;1,000;18/05/2023;-6,7946774;-59,0432958;22,500
AM;BR-230;5,000;4,000;1,000;18/05/2023;-6,7946774;-59,0432958;28,750
AM;BR-230;4,000;3,000;1,000;18/05/2023;-6,7946774;-59,0432958;28,750
AM;BR-230;3,000;2,000;1,000;18/05/2023;-6,7946774;-59,0432958;28,750
AM;BR-230;2,000;1,000;1,000;18/05/2023;-6,7946774;-59,0432958;43,750
AM;BR-230;1,000;0,000;1,000;18/05/2023;-6,7946774;-59,0432958;43,750
AM;BR-174;195,000;196,000;1,000;17/05/2023;-7,5235606;-60,6696114;3,750
AM;BR-174;196,000;197,000;1,000;17/05/2023;-7,5235606;-60,6696114;3,750
AM;BR-174;197,000;198,000;1,000;17/05/2023;-7,5235606;-60,6696114;3,750
AM;BR-174;198,000;199,000;1,000;17/05/2023;-7,5235606;-60,6696114;3,750
AM;BR-174;199,000;200,000;1,000;17/05/2023;-7,5235606;-60,6696114;3,750
AM;BR-174;200,000;201,000;1,000;17/05/2023;-7,5235606;-60,6696114;3,750
AM;BR-174;201,000;202,000;1,000;17/05/2023;-7,5235606;-60,6696114;3,750
AM;BR-174;202,000;203,000;1,000;17/05/2023;-7,5235606;-60,6696114;3,750
AM;BR-174;203,000;204,000;1,000;17/05/2023;-7,5235606;-60,6696114;3,750
AM;BR-174;204,000;205,000;1,000;17/05/2023;-7,5235606;-60,6696114;3,750
AM;BR-174;205,000;206,000;1,000;17/05/2023;-7,5235606;-60,6696114;3,750
AM;BR-174;206,000;207,000;1,000;17/05/2023;-7,5235606;-60,6696114;3,750
AM;BR-174;207,000;208,000;1,000;17/05/2023;-7,5235606;-60,6696114;3,750
AM;BR-174;208,000;209,000;1,000;17/05/2023;-7,5235606;-60,6696114;3,750
AM;BR-174;209,000;210,000;1,000;17/05/2023;-7,5235606;-60,6696114;3,750
AM;BR-174;210,000;211,000;1,000;17/05/2023;-7,5235606;-60,6696114;3,750
AM;BR-174;211,000;212,000;1,000;17/05/2023;-7,5235606;-60,6696114;0,000
AM;BR-174;212,000;213,000;1,000;17/05/2023;-7,5235606;-60,6696114;0,000
AM;BR-174;213,000;214,000;1,000;17/05/2023;-7,5235606;-60,6696114;0,000
AM;BR-174;214,000;215,000;1,000;17/05/2023;-7,5235606;-60,6696114;0,000
AM;BR-174;215,000;216,000;1,000;17/05/2023;-7,5235606;-60,6696114;0,000
AM;BR-174;216,000;217,000;1,000;17/05/2023;-7,5235606;-60,6696114;0,000
AM;BR-174;217,000;218,000;1,000;17/05/2023;-7,5235606;-60,6696114;0,000
AM;BR-174;218,000;219,000;1,000;17/05/2023;-7,5235606;-60,6696114;0,000
AM;BR-174;219,000;220,000;1,000;17/05/2023;-7,5235606;-60,6696114;0,000
AM;BR-174;220,000;221,000;1,000;17/05/2023;-7,5235606;-60,6696114;0,000
AM;BR-174;221,000;222,000;1,000;17/05/2023;-7,5235606;-60,6696114;7,500
AM;BR-174;222,000;223,000;1,000;17/05/2023;-7,5235606;-60,6696114;7,500
AM;BR-174;223,000;224,000;1,000;17/05/2023;-7,5235606;-60,6696114;7,500
AM;BR-174;224,000;225,000;1,000;17/05/2023;-7,5235606;-60,6696114;7,500
AM;BR-174;225,000;226,000;1,000;17/05/2023;-7,5235606;-60,6696114;7,500
AM;BR-174;226,000;227,000;1,000;17/05/2023;-7,5235606;-60,6696114;7,500
TO;BR-242;31,000;30,000;1,000;16/05/2023;-11,7272986;-49,0708032;67,500
TO;BR-242;30,000;29,000;1,000;16/05/2023;-11,7272986;-49,0708032;62,500
TO;BR-242;29,000;28,000;1,000;16/05/2023;-11,7272986;-49,0708032;62,500
TO;BR-242;28,000;27,000;1,000;16/05/2023;-11,7272986;-49,0708032;61,250
TO;BR-242;27,000;26,000;1,000;16/05/2023;-11,7272986;-49,0708032;55,000
TO;BR-242;26,000;25,000;1,000;16/05/2023;-11,7272986;-49,0708032;50,000
TO;BR-242;25,000;24,000;1,000;16/05/2023;-11,7272986;-49,0708032;65,000
TO;BR-242;24,000;23,000;1,000;16/05/2023;-11,7272986;-49,0708032;47,500
TO;BR-010;136,000;137,000;1,000;17/05/2023;-12,6195114;-47,8705861;25,000
TO;BR-010;137,000;138,000;1,000;17/05/2023;-12,6195114;-47,8705861;10,000
TO;BR-010;138,000;139,000;1,000;17/05/2023;-12,6195114;-47,8705861;10,000
TO;BR-010;139,000;140,000;1,000;17/05/2023;-12,6195114;-47,8705861;10,000
TO;BR-010;140,000;141,000;1,000;17/05/2023;-12,6195114;-47,8705861;25,000
TO;BR-010;141,000;142,000;1,000;17/05/2023;-12,6195114;-47,8705861;25,000
TO;BR-010;142,000;143,000;1,000;17/05/2023;-12,6195114;-47,8705861;25,000
AM;BR-319;198,200;199,000;0,800;16/05/2023;-3,8329865;-60,3709107;95,000
AM;BR-319;199,000;200,000;1,000;16/05/2023;-3,8329865;-60,3709107;95,000
AM;BR-319;200,000;201,000;1,000;16/05/2023;-3,8329865;-60,3709107;95,000
AM;BR-319;201,000;202,000;1,000;16/05/2023;-3,8329865;-60,3709107;95,000
AM;BR-319;202,000;203,000;1,000;16/05/2023;-3,8329865;-60,3709107;95,000
AM;BR-319;203,000;204,000;1,000;16/05/2023;-3,8329865;-60,3709107;95,000
AM;BR-319;204,000;205,000;1,000;16/05/2023;-4,36692442;-60,9452571;95,000
AM;BR-319;205,000;206,000;1,000;16/05/2023;-4,37387039;-60,9529214;95,000
AM;BR-319;206,000;207,000;1,000;16/05/2023;-4,37387039;-60,9529214;92,500
AM;BR-319;207,000;208,000;1,000;16/05/2023;-4,37387039;-60,9529214;95,000
AM;BR-319;208,000;209,000;1,000;16/05/2023;-4,37387039;-60,9529214;85,000
AM;BR-319;209,000;210,000;1,000;16/05/2023;-4,37387039;-60,9529214;71,250
AM;BR-319;210,000;211,000;1,000;16/05/2023;-4,40198659;-60,9846055;71,250
AM;BR-319;211,000;212,000;1,000;16/05/2023;-4,40198659;-60,9846055;71,250
AM;BR-319;212,000;213,000;1,000;16/05/2023;-4,40198659;-60,9846055;67,500
AM;BR-319;213,000;214,000;1,000;16/05/2023;-4,40198659;-60,9846055;71,250
AM;BR-319;214,000;215,000;1,000;16/05/2023;-4,40198659;-60,9846055;50,000
AM;BR-319;215,000;216,000;1,000;16/05/2023;-4,40198659;-60,9846055;50,000
AM;BR-319;216,000;217,000;1,000;16/05/2023;-4,40198659;-60,9846055;57,500
AM;BR-319;217,000;218,000;1,000;16/05/2023;-4,40198659;-60,9846055;57,500
AM;BR-319;218,000;219,000;1,000;16/05/2023;-4,40198659;-60,9846055;57,500
AM;BR-319;219,000;220,000;1,000;16/05/2023;-4,40198659;-60,9846055;57,500
AM;BR-319;220,000;221,000;1,000;16/05/2023;-4,40198659;-60,9846055;57,500
AM;BR-319;221,000;222,000;1,000;16/05/2023;-4,40198659;-60,9846055;57,500
AM;BR-319;222,000;223,000;1,000;16/05/2023;-4,40198659;-60,9846055;58,750
AM;BR-319;223,000;224,000;1,000;16/05/2023;-4,40198659;-60,9846055;65,000
AM;BR-319;224,000;225,000;1,000;16/05/2023;-4,40198659;-60,9846055;63,750
AM;BR-319;225,000;226,000;1,000;16/05/2023;-4,40198659;-60,9846055;57,500
AM;BR-319;226,000;227,000;1,000;16/05/2023;-4,40198659;-60,9846055;57,500
AM;BR-319;227,000;228,000;1,000;16/05/2023;-4,40198659;-60,9846055;71,250
AM;BR-319;228,000;229,000;1,000;16/05/2023;-4,40198659;-60,9846055;92,500
AM;BR-319;229,000;230,000;1,000;16/05/2023;-4,40198659;-60,9846055;71,250
AM;BR-319;230,000;231,000;1,000;16/05/2023;-4,40198659;-60,9846055;71,250
AM;BR-319;231,000;232,000;1,000;16/05/2023;-4,40198659;-60,9846055;71,250
AM;BR-319;232,000;233,000;1,000;16/05/2023;-4,40198659;-60,9846055;92,500
AM;BR-319;233,000;234,000;1,000;16/05/2023;-4,40198659;-60,9846055;71,250
AM;BR-319;234,000;235,000;1,000;16/05/2023;-4,40198659;-60,9846055;71,250
AM;BR-319;235,000;236,000;1,000;16/05/2023;-4,40198659;-60,9846055;71,250
AM;BR-319;236,000;237,000;1,000;16/05/2023;-4,40198659;-60,9846055;71,250
AM;BR-319;237,000;238,000;1,000;16/05/2023;-4,40198659;-60,9846055;71,250
AM;BR-319;238,000;239,000;1,000;16/05/2023;-4,40198659;-60,9846055;71,250
AM;BR-319;239,000;240,000;1,000;16/05/2023;-4,40198659;-60,9846055;71,250
AM;BR-319;240,000;241,000;1,000;16/05/2023;-4,40198659;-60,9846055;71,250
AM;BR-319;241,000;242,000;1,000;16/05/2023;-4,40198659;-60,9846055;71,250
AM;BR-319;242,000;243,000;1,000;16/05/2023;-4,40198659;-60,9846055;71,250
AM;BR-319;243,000;244,000;1,000;16/05/2023;-4,40198659;-60,9846055;71,250
AM;BR-319;244,000;245,000;1,000;16/05/2023;-4,40198659;-60,9846055;71,250
AM;BR-319;245,000;246,000;1,000;16/05/2023;-4,40198659;-60,9846055;71,250
AM;BR-319;246,000;247,000;1,000;16/05/2023;-4,40198659;-60,9846055;71,250
AM;BR-319;247,000;248,000;1,000;16/05/2023;-4,40198659;-60,9846055;71,250
AM;BR-319;248,000;249,000;1,000;16/05/2023;-4,40198659;-60,9846055;71,250
AM;BR-319;249,000;250,000;1,000;16/05/2023;-4,40198659;-60,9846055;71,250
AM;BR-319;250,000;251,000;1,000;16/05/2023;-4,40198659;-60,9846055;71,250
AM;BR-319;251,000;252,000;1,000;16/05/2023;-4,40198659;-60,9846055;71,250
AM;BR-319;252,000;253,000;1,000;16/05/2023;-4,40198659;-60,9846055;71,250
AM;BR-319;253,000;254,000;1,000;16/05/2023;-4,40198659;-60,9846055;71,250
AM;BR-319;254,000;255,000;1,000;16/05/2023;-4,40198659;-60,9846055;71,250
AM;BR-319;255,000;256,000;1,000;16/05/2023;-4,40198659;-60,9846055;71,250
AM;BR-319;256,000;257,000;1,000;16/05/2023;-4,40198659;-60,9846055;71,250
AM;BR-319;257,000;258,000;1,000;16/05/2023;-4,40198659;-60,9846055;71,250
AM;BR-319;258,000;259,000;1,000;16/05/2023;-4,40198659;-60,9846055;71,250
AM;BR-319;259,000;260,000;1,000;16/05/2023;-4,40198659;-60,9846055;71,250
AM;BR-319;260,000;261,000;1,000;16/05/2023;-4,40198659;-60,9846055;71,250
AM;BR-319;261,100;262,000;0,900;17/05/2023;-4,713899;-61,2932653;85,000
AM;BR-319;262,000;263,000;1,000;17/05/2023;-4,713899;-61,2932653;71,250
AM;BR-319;263,000;264,000;1,000;17/05/2023;-4,713899;-61,2932653;71,250
AM;BR-319;264,000;265,000;1,000;17/05/2023;-3,8274643;-60,3654773;71,250
AM;BR-319;265,000;266,000;1,000;17/05/2023;-4,74608371;-61,3069367;57,500
AM;BR-319;266,000;267,000;1,000;17/05/2023;-4,74608371;-61,3069367;78,750
AM;BR-319;267,000;268,000;1,000;17/05/2023;-4,74608371;-61,3069367;78,750
AM;BR-319;268,000;269,000;1,000;17/05/2023;-4,74608371;-61,3069367;78,750
AM;BR-319;269,000;270,000;1,000;17/05/2023;-4,74608371;-61,3069367;78,750
AM;BR-319;270,000;271,000;1,000;17/05/2023;-4,78363339;-61,3409983;78,750
AM;BR-319;271,000;272,000;1,000;17/05/2023;-4,78363339;-61,3409983;71,250
AM;BR-319;272,000;273,000;1,000;17/05/2023;-3,8274643;-60,3654773;71,250
AM;BR-319;273,000;274,000;1,000;17/05/2023;-3,8274643;-60,3654773;71,250
AM;BR-319;274,000;275,000;1,000;17/05/2023;-4,81196052;-61,3727695;71,250
AM;BR-319;275,000;276,000;1,000;17/05/2023;-4,81196052;-61,3727695;71,250
AM;BR-319;276,000;277,000;1,000;17/05/2023;-4,81196052;-61,3727695;85,000
AM;BR-319;277,000;278,000;1,000;17/05/2023;-4,81196052;-61,3727695;85,000
AM;BR-319;278,000;279,000;1,000;17/05/2023;-4,81196052;-61,3727695;71,250
AM;BR-319;279,000;280,000;1,000;17/05/2023;-4,81196052;-61,3727695;71,250
AM;BR-319;280,000;281,000;1,000;17/05/2023;-4,81196052;-61,3727695;71,250
AM;BR-319;281,000;282,000;1,000;17/05/2023;-4,81196052;-61,3727695;71,250
AM;BR-319;282,000;283,000;1,000;17/05/2023;-4,85283263;-61,4178183;71,250
AM;BR-319;283,000;284,000;1,000;17/05/2023;-4,85283263;-61,4178183;71,250
AM;BR-319;284,000;285,000;1,000;17/05/2023;-4,85283263;-61,4178183;71,250
AM;BR-319;285,000;286,000;1,000;17/05/2023;-3,8274643;-60,3654773;71,250
AM;BR-319;286,000;287,000;1,000;17/05/2023;-3,8274643;-60,3654773;92,500
AM;BR-319;287,000;288,000;1,000;17/05/2023;-3,8274643;-60,3654773;92,500
AM;BR-319;288,000;289,000;1,000;17/05/2023;-4,89565624;-61,449527;92,500
AM;BR-319;289,000;290,000;1,000;17/05/2023;-4,89565624;-61,449527;71,250
AM;BR-319;290,000;291,000;1,000;17/05/2023;-3,8274643;-60,3654773;71,250
AM;BR-319;291,000;292,000;1,000;17/05/2023;-4,90472279;-61,4676247;71,250
AM;BR-319;292,000;293,000;1,000;17/05/2023;-4,90472279;-61,4676247;67,500
AM;BR-319;293,000;294,000;1,000;17/05/2023;-3,8274643;-60,3654773;67,500
AM;BR-319;294,000;295,000;1,000;17/05/2023;-3,8274643;-60,3654773;71,250
AM;BR-319;295,000;296,000;1,000;17/05/2023;-3,8274643;-60,3654773;71,250
AM;BR-319;296,000;297,000;1,000;17/05/2023;-3,8274643;-60,3654773;67,500
AM;BR-319;297,000;298,000;1,000;17/05/2023;-3,8274643;-60,3654773;67,500
AM;BR-319;298,000;299,000;1,000;17/05/2023;-4,95210426;-61,5381399;67,500
AM;BR-319;299,000;300,000;1,000;17/05/2023;-4,95210426;-61,5381399;71,250
AM;BR-319;300,000;301,000;1,000;17/05/2023;-3,8274643;-60,3654773;67,500
AM;BR-319;301,000;302,000;1,000;17/05/2023;-3,8274643;-60,3654773;71,250
AM;BR-319;302,000;303,000;1,000;17/05/2023;-3,8274643;-60,3654773;71,250
AM;BR-319;303,000;304,000;1,000;17/05/2023;-3,8274643;-60,3654773;71,250
AM;BR-319;304,000;305,000;1,000;17/05/2023;-3,8274643;-60,3654773;71,250
AM;BR-319;305,000;306,000;1,000;17/05/2023;-3,8274643;-60,3654773;78,750
AM;BR-319;306,000;307,000;1,000;17/05/2023;-3,8274643;-60,3654773;92,500
AM;BR-319;307,000;308,000;1,000;17/05/2023;-3,8274643;-60,3654773;78,750
AM;BR-319;308,000;309,000;1,000;17/05/2023;-3,8274643;-60,3654773;95,000
AM;BR-319;309,000;310,000;1,000;17/05/2023;-3,8274643;-60,3654773;71,250
AM;BR-319;310,000;311,000;1,000;17/05/2023;-3,8274643;-60,3654773;71,250
AM;BR-319;311,000;312,000;1,000;17/05/2023;-3,8274643;-60,3654773;78,750
AM;BR-319;312,000;313,000;1,000;17/05/2023;-3,8274643;-60,3654773;78,750
AM;BR-319;313,000;314,000;1,000;17/05/2023;-3,8274643;-60,3654773;71,250
AM;BR-319;314,000;315,000;1,000;17/05/2023;-3,8274643;-60,3654773;85,000
AM;BR-319;315,000;316,000;1,000;17/05/2023;-3,8274643;-60,3654773;71,250
AM;BR-319;316,000;317,000;1,000;17/05/2023;-5,07464095;-61,6757462;63,750
AM;BR-319;317,000;318,000;1,000;17/05/2023;-5,07464095;-61,6757462;71,250
AM;BR-319;318,000;319,000;1,000;17/05/2023;-5,07464095;-61,6757462;71,250
AM;BR-319;319,000;320,000;1,000;17/05/2023;-5,09212579;-61,6949492;71,250
AM;BR-319;320,000;321,000;1,000;17/05/2023;-5,11355767;-61,7193147;71,250
AM;BR-319;321,000;322,000;1,000;17/05/2023;-5,11355767;-61,7193147;71,250
AM;BR-319;322,000;323,000;1,000;17/05/2023;-5,11355767;-61,7193147;71,250
AM;BR-319;323,000;324,000;1,000;17/05/2023;-5,11355767;-61,7193147;71,250
AM;BR-319;324,000;325,000;1,000;17/05/2023;-5,11355767;-61,7193147;71,250
AM;BR-319;325,000;326,000;1,000;17/05/2023;-3,8274643;-60,3654773;71,250
AM;BR-319;326,000;327,000;1,000;17/05/2023;-3,8274643;-60,3654773;71,250
AM;BR-319;327,000;328,000;1,000;17/05/2023;-5,13005312;-61,7389645;71,250
AM;BR-319;328,000;329,000;1,000;17/05/2023;-5,13005312;-61,7389645;71,250
AM;BR-319;329,000;330,000;1,000;17/05/2023;-5,13005312;-61,7389645;71,250
AM;BR-319;330,000;331,000;1,000;17/05/2023;-5,14895496;-61,7613799;92,500
AM;BR-319;331,000;332,000;1,000;17/05/2023;-5,14895496;-61,7613799;95,000
AM;BR-319;332,000;333,000;1,000;17/05/2023;-3,8274643;-60,3654773;91,250
AM;BR-319;333,000;334,000;1,000;17/05/2023;-3,8274643;-60,3654773;71,250
AM;BR-319;334,000;335,000;1,000;17/05/2023;-3,8274643;-60,3654773;71,250
AM;BR-319;335,000;336,000;1,000;17/05/2023;-3,8274643;-60,3654773;71,250
AM;BR-319;336,000;337,000;1,000;17/05/2023;-3,8274643;-60,3654773;71,250
AM;BR-319;337,000;338,000;1,000;17/05/2023;-3,8274643;-60,3654773;71,250
AM;BR-319;338,000;339,000;1,000;17/05/2023;-3,8274643;-60,3654773;71,250
AM;BR-319;339,000;340,000;1,000;17/05/2023;-3,8274643;-60,3654773;57,500
AM;BR-319;340,000;341,000;1,000;17/05/2023;-3,8274643;-60,3654773;61,250
AM;BR-319;341,000;342,000;1,000;17/05/2023;-3,8274643;-60,3654773;71,250
AM;BR-319;342,000;343,000;1,000;17/05/2023;-3,8274643;-60,3654773;71,250
AM;BR-319;343,000;344,000;1,000;17/05/2023;-3,8274643;-60,3654773;71,250
AM;BR-319;344,000;345,000;1,000;17/05/2023;-3,8274643;-60,3654773;71,250
AM;BR-319;345,000;346,000;1,000;17/05/2023;-3,8274643;-60,3654773;71,250
AM;BR-319;346,200;347,000;0,800;17/05/2023;-3,8274643;-60,3654773;67,500
AM;BR-319;347,000;348,000;1,000;17/05/2023;-3,8274643;-60,3654773;71,250
AM;BR-319;348,000;349,000;1,000;17/05/2023;-3,8274643;-60,3654773;71,250
AM;BR-319;349,000;350,000;1,000;17/05/2023;-3,8274643;-60,3654773;71,250
AM;BR-319;350,000;351,000;1,000;17/05/2023;-3,8274643;-60,3654773;73,750
AM;BR-319;351,000;352,000;1,000;17/05/2023;-3,8274643;-60,3654773;71,250
AM;BR-319;352,000;353,000;1,000;17/05/2023;-3,8274643;-60,3654773;63,750
AM;BR-319;353,000;354,000;1,000;17/05/2023;-3,8274643;-60,3654773;71,250
AM;BR-319;354,000;355,000;1,000;17/05/2023;-3,8274643;-60,3654773;71,250
AM;BR-319;355,000;356,000;1,000;17/05/2023;-3,8274643;-60,3654773;71,250
AM;BR-319;356,000;357,000;1,000;17/05/2023;-3,8274643;-60,3654773;71,250
AM;BR-319;357,000;358,000;1,000;17/05/2023;-3,8274643;-60,3654773;67,500
AM;BR-319;358,000;359,000;1,000;17/05/2023;-3,8274643;-60,3654773;63,750
AM;BR-319;359,000;360,000;1,000;17/05/2023;-3,8274643;-60,3654773;63,750
AM;BR-319;360,000;361,000;1,000;17/05/2023;-3,8274643;-60,3654773;63,750
AM;BR-319;361,000;362,000;1,000;17/05/2023;-3,8274643;-60,3654773;71,250
AM;BR-319;362,000;363,000;1,000;17/05/2023;-3,8274643;-60,3654773;63,750
AM;BR-319;363,000;364,000;1,000;17/05/2023;-3,8274643;-60,3654773;71,250
AM;BR-319;364,000;365,000;1,000;17/05/2023;-3,8274643;-60,3654773;71,250
AM;BR-319;365,000;366,000;1,000;17/05/2023;-3,8274643;-60,3654773;71,250
AM;BR-319;366,000;367,000;1,000;17/05/2023;-3,8274643;-60,3654773;71,250
AM;BR-319;367,000;368,000;1,000;17/05/2023;-3,8274643;-60,3654773;71,250
AM;BR-319;368,000;369,000;1,000;17/05/2023;-3,8274643;-60,3654773;71,250
AM;BR-319;369,000;370,000;1,000;17/05/2023;-3,8274643;-60,3654773;71,250
AM;BR-319;370,000;371,000;1,000;17/05/2023;-3,8274643;-60,3654773;71,250
AM;BR-319;371,000;372,000;1,000;17/05/2023;-3,8274643;-60,3654773;63,750
AM;BR-319;372,000;373,000;1,000;17/05/2023;-3,8274643;-60,3654773;63,750
AM;BR-319;373,000;374,000;1,000;17/05/2023;-3,8274643;-60,3654773;63,750
AM;BR-319;374,000;375,000;1,000;17/05/2023;-3,8274643;-60,3654773;63,750
AM;BR-319;375,000;376,000;1,000;17/05/2023;-3,8274643;-60,3654773;63,750
AM;BR-319;376,000;377,000;1,000;17/05/2023;-3,8274643;-60,3654773;63,750
AM;BR-319;377,000;378,000;1,000;17/05/2023;-3,8274643;-60,3654773;63,750
AM;BR-319;378,000;379,000;1,000;17/05/2023;-3,8274643;-60,3654773;71,250
AM;BR-319;379,000;380,000;1,000;17/05/2023;-3,8274643;-60,3654773;71,250
AM;BR-319;380,000;381,000;1,000;17/05/2023;-3,8274643;-60,3654773;71,250
AM;BR-319;381,000;382,000;1,000;17/05/2023;-3,8274643;-60,3654773;63,750
AM;BR-319;382,000;383,000;1,000;17/05/2023;-3,8274643;-60,3654773;75,000
AM;BR-319;383,000;384,000;1,000;17/05/2023;-3,8274643;-60,3654773;75,000
AM;BR-319;384,000;385,000;1,000;17/05/2023;-3,8274643;-60,3654773;71,250
AM;BR-319;385,000;386,000;1,000;17/05/2023;-3,8274643;-60,3654773;71,250
AM;BR-319;386,000;387,000;1,000;17/05/2023;-3,8274643;-60,3654773;71,250
AM;BR-319;387,000;388,000;1,000;17/05/2023;-3,8274643;-60,3654773;71,250
AM;BR-319;388,000;389,000;1,000;17/05/2023;-3,8274643;-60,3654773;71,250
AM;BR-319;389,000;390,000;1,000;17/05/2023;-3,8274643;-60,3654773;77,500
AM;BR-319;390,000;391,000;1,000;17/05/2023;-3,8274643;-60,3654773;75,000
AM;BR-319;391,000;392,000;1,000;17/05/2023;-3,8274643;-60,3654773;75,000
AM;BR-319;392,000;393,000;1,000;17/05/2023;-3,8274643;-60,3654773;78,750
AM;BR-319;393,000;394,000;1,000;17/05/2023;-3,8274643;-60,3654773;78,750
AM;BR-319;394,000;395,000;1,000;17/05/2023;-3,8274643;-60,3654773;67,500
AM;BR-319;395,000;396,000;1,000;17/05/2023;-3,8274643;-60,3654773;63,750
AM;BR-319;396,000;397,000;1,000;17/05/2023;-3,8274643;-60,3654773;75,000
AM;BR-319;397,000;398,000;1,000;17/05/2023;-3,8274643;-60,3654773;67,500
AM;BR-319;398,000;399,000;1,000;17/05/2023;-3,8274643;-60,3654773;78,750
AM;BR-319;399,000;400,000;1,000;17/05/2023;-3,8274643;-60,3654773;71,250
AM;BR-319;400,000;401,000;1,000;17/05/2023;-3,8274643;-60,3654773;57,500
AM;BR-319;401,000;402,000;1,000;17/05/2023;-3,8274643;-60,3654773;67,500
AM;BR-319;402,000;403,000;1,000;17/05/2023;-3,8274643;-60,3654773;50,000
AM;BR-319;403,000;404,000;1,000;17/05/2023;-3,8274643;-60,3654773;50,000
AM;BR-319;404,000;405,000;1,000;17/05/2023;-3,8274643;-60,3654773;50,000
AM;BR-319;405,000;406,000;1,000;17/05/2023;-3,8274643;-60,3654773;57,500
AM;BR-319;406,000;407,000;1,000;17/05/2023;-3,8274643;-60,3654773;63,750
AM;BR-319;407,000;408,000;1,000;17/05/2023;-3,8274643;-60,3654773;67,500
AM;BR-319;408,000;409,000;1,000;17/05/2023;-3,8274643;-60,3654773;50,000
AM;BR-319;409,000;410,000;1,000;17/05/2023;-3,8274643;-60,3654773;50,000
AM;BR-319;410,000;411,000;1,000;17/05/2023;-3,8274643;-60,3654773;50,000
AM;BR-319;411,000;412,000;1,000;17/05/2023;-3,8274643;-60,3654773;50,000
AM;BR-319;412,000;413,000;1,000;17/05/2023;-3,8274643;-60,3654773;50,000
AM;BR-319;413,000;414,000;1,000;17/05/2023;-3,8274643;-60,3654773;50,000
AM;BR-319;414,000;415,000;1,000;17/05/2023;-3,8274643;-60,3654773;50,000
AM;BR-319;415,000;416,000;1,000;17/05/2023;-5,6121297;-62,1993588;50,000
AM;BR-319;416,000;417,000;1,000;17/05/2023;-5,6121297;-62,1993588;50,000
AM;BR-319;417,000;418,000;1,000;17/05/2023;-5,6121297;-62,1993588;50,000
AM;BR-319;418,000;419,000;1,000;17/05/2023;-5,6121297;-62,1993588;50,000
AM;BR-319;419,000;420,000;1,000;17/05/2023;-5,6121297;-62,1993588;50,000
AM;BR-319;420,000;421,000;1,000;17/05/2023;-5,6121297;-62,1993588;50,000
AM;BR-319;421,000;422,000;1,000;17/05/2023;-5,6121297;-62,1993588;67,500
AM;BR-319;422,000;423,000;1,000;17/05/2023;-5,6121297;-62,1993588;63,750
AM;BR-319;423,000;424,000;1,000;17/05/2023;-5,6121297;-62,1993588;63,750
AM;BR-319;424,000;425,000;1,000;17/05/2023;-5,6121297;-62,1993588;71,250
AM;BR-319;425,000;426,000;1,000;17/05/2023;-5,6121297;-62,1993588;71,250
AM;BR-319;426,000;427,000;1,000;17/05/2023;-5,6121297;-62,1993588;71,250
AM;BR-319;427,000;428,000;1,000;17/05/2023;-5,6121297;-62,1993588;71,250
AM;BR-319;428,000;429,000;1,000;17/05/2023;-3,8274643;-60,3654773;71,250
AM;BR-319;429,000;430,000;1,000;17/05/2023;-3,8274643;-60,3654773;71,250
AM;BR-319;430,000;431,000;1,000;17/05/2023;-3,8274643;-60,3654773;50,000
AM;BR-319;431,000;432,000;1,000;17/05/2023;-3,8274643;-60,3654773;50,000
AM;BR-319;432,000;433,000;1,000;17/05/2023;-3,8274643;-60,3654773;50,000
MG;BR-367;336,700;337,000;0,300;17/05/2023;-16,6825803;-41,8584848;91,250
MG;BR-367;337,000;338,000;1,000;17/05/2023;-16,815656;-42,3549875;95,000
MG;BR-367;338,000;339,000;1,000;17/05/2023;-16,815656;-42,3549875;96,250
MG;BR-367;339,000;340,000;1,000;17/05/2023;-16,815656;-42,3549875;100,000
MG;BR-367;340,000;341,000;1,000;17/05/2023;-16,815656;-42,3549875;98,750
MG;BR-367;341,000;342,000;1,000;17/05/2023;-16,815656;-42,3549875;95,000
MG;BR-367;342,000;343,000;1,000;17/05/2023;-16,815656;-42,3549875;95,000
MG;BR-367;343,000;344,000;1,000;17/05/2023;-16,815656;-42,3549875;96,250
MG;BR-367;344,000;345,000;1,000;17/05/2023;-16,8530961;-42,3876896;96,250
MG;BR-367;345,000;346,000;1,000;17/05/2023;-16,8530961;-42,3876896;100,000
MG;BR-367;346,000;347,000;1,000;17/05/2023;-16,8530961;-42,3876896;100,000
MG;BR-367;347,000;348,000;1,000;17/05/2023;-16,8530961;-42,3876896;95,000
MG;BR-367;348,000;349,000;1,000;17/05/2023;-16,8777267;-42,40572;100,000
MG;BR-367;349,000;350,000;1,000;17/05/2023;-16,8777267;-42,40572;100,000
MG;BR-367;350,000;351,000;1,000;17/05/2023;-16,8880218;-42,4171369;96,250
MG;BR-367;351,000;352,000;1,000;17/05/2023;-16,8880218;-42,4171369;92,500
MG;BR-367;352,000;353,000;1,000;17/05/2023;-16,8880218;-42,4171369;96,250
MG;BR-367;353,000;354,000;1,000;17/05/2023;-16,8880218;-42,4171369;100,000
MG;BR-367;354,000;355,000;1,000;17/05/2023;-16,9061;-42,4419494;88,750
MG;BR-367;355,000;356,000;1,000;17/05/2023;-16,9061;-42,4419494;88,750
MG;BR-367;356,000;357,000;1,000;17/05/2023;-16,9202712;-42,4541017;88,750
MG;BR-367;357,000;358,000;1,000;17/05/2023;-16,9202712;-42,4541017;92,500
MG;BR-367;358,000;359,000;1,000;17/05/2023;-16,9202712;-42,4541017;88,750
MG;BR-367;359,000;360,000;1,000;17/05/2023;-16,929295;-42,4655478;96,250
MG;BR-367;360,000;361,000;1,000;17/05/2023;-16,9346509;-42,4694743;92,500
MG;BR-367;361,000;362,000;1,000;17/05/2023;-16,9380369;-42,4680766;100,000
MG;BR-367;362,000;362,700;0,700;17/05/2023;-16,9460091;-42,462535;85,000
MG;BR-367;362,700;363,000;0,300;17/05/2023;-16,9550868;-42,4667615;42,500
MG;BR-367;363,000;364,000;1,000;17/05/2023;-16,9550868;-42,4667615;42,500
MG;BR-367;364,000;365,000;1,000;17/05/2023;-16,9698474;-42,4708788;42,500
MG;BR-367;365,000;366,000;1,000;17/05/2023;-16,977555;-42,4795682;42,500
MG;BR-367;366,000;367,000;1,000;17/05/2023;-16,977555;-42,4795682;42,500
MG;BR-367;367,000;368,000;1,000;17/05/2023;-16,9849107;-42,4804852;42,500
MG;BR-367;368,000;369,000;1,000;17/05/2023;-16,9849107;-42,4804852;42,500
MG;BR-367;369,000;370,000;1,000;17/05/2023;-16,9849107;-42,4804852;42,500
MG;BR-367;370,000;371,000;1,000;17/05/2023;-16,9849107;-42,4804852;42,500
MG;BR-367;371,000;372,000;1,000;17/05/2023;-16,9849107;-42,4804852;42,500
MG;BR-367;372,000;373,000;1,000;17/05/2023;-16,9849107;-42,4804852;42,500
MG;BR-367;373,000;374,000;1,000;17/05/2023;-17,0252626;-42,5003535;42,500
MG;BR-367;374,000;375,000;1,000;17/05/2023;-17,0252626;-42,5003535;42,500
MG;BR-367;375,000;376,000;1,000;17/05/2023;-17,0252626;-42,5003535;42,500
MG;BR-367;376,000;377,000;1,000;17/05/2023;-17,0252626;-42,5003535;42,500
MG;BR-367;377,000;378,000;1,000;17/05/2023;-17,0252626;-42,5003535;42,500
MG;BR-367;378,000;379,000;1,000;17/05/2023;-17,0608914;-42,5143446;42,500
MG;BR-367;379,000;380,000;1,000;17/05/2023;-17,0608914;-42,5143446;42,500
MG;BR-367;380,000;381,000;1,000;17/05/2023;-17,0608914;-42,5143446;42,500
MG;BR-367;381,000;382,000;1,000;17/05/2023;-17,0608914;-42,5143446;42,500
MG;BR-367;382,000;383,000;1,000;17/05/2023;-17,0608914;-42,5143446;42,500
MG;BR-367;383,000;384,000;1,000;17/05/2023;-17,0803612;-42,5417889;42,500
MG;BR-367;384,000;384,400;0,400;17/05/2023;-17,0803612;-42,5417889;42,500
MG;BR-367;384,400;386,000;1,600;17/05/2023;-17,0803612;-42,5417889;0,000
MG;BR-367;386,000;387,000;1,000;17/05/2023;-17,0803612;-42,5417889;42,500
MG;BR-367;387,000;388,000;1,000;17/05/2023;-17,0986175;-42,5512301;42,500
MG;BR-367;388,000;389,000;1,000;17/05/2023;-17,0986175;-42,5512301;42,500
MG;BR-367;389,000;390,000;1,000;17/05/2023;-17,0986175;-42,5512301;42,500
MG;BR-367;390,000;391,000;1,000;17/05/2023;-17,0986175;-42,5512301;42,500
MG;BR-367;391,000;392,000;1,000;17/05/2023;-17,0986175;-42,5512301;40,000
MG;BR-367;392,000;393,000;1,000;17/05/2023;-17,0986175;-42,5512301;40,000
MG;BR-367;393,000;394,000;1,000;17/05/2023;-17,0986175;-42,5512301;33,750
MG;BR-367;394,000;395,000;1,000;17/05/2023;-17,0986175;-42,5512301;33,750
MG;BR-367;395,000;396,000;1,000;17/05/2023;-17,0986175;-42,5512301;40,000
MG;BR-367;396,000;397,000;1,000;17/05/2023;-17,0986175;-42,5512301;40,000
MG;BR-367;397,000;398,000;1,000;17/05/2023;-17,0986175;-42,5512301;42,500
MG;BR-367;398,000;399,000;1,000;17/05/2023;-17,0986175;-42,5512301;40,000
MG;BR-367;399,000;400,000;1,000;17/05/2023;-17,0986175;-42,5512301;40,000
MG;BR-367;400,000;401,000;1,000;17/05/2023;-17,0986175;-42,5512301;33,750
MG;BR-367;401,000;402,000;1,000;17/05/2023;-17,0986175;-42,5512301;40,000
MG;BR-367;402,000;403,000;1,000;17/05/2023;-17,0986175;-42,5512301;40,000
MG;BR-367;403,000;404,000;1,000;17/05/2023;-17,0986175;-42,5512301;42,500
MG;BR-367;404,000;405,000;1,000;17/05/2023;-17,0986175;-42,5512301;17,500
MG;BR-367;405,000;405,700;0,700;17/05/2023;-17,0986175;-42,5512301;15,000
AM;BR-230;642,600;643,000;0,400;19/05/2023;-7,59179228;-63,1660494;65,000
AM;BR-230;643,000;644,000;1,000;19/05/2023;-7,5202954;-63,0307628;92,500
AM;BR-230;644,000;645,000;1,000;19/05/2023;-7,5202954;-63,0307628;92,500
AM;BR-230;645,000;646,000;1,000;19/05/2023;-7,5202954;-63,0307628;78,750
AM;BR-230;646,000;647,000;1,000;19/05/2023;-7,5202954;-63,0307628;86,250
AM;BR-230;647,000;648,000;1,000;19/05/2023;-7,5202954;-63,0307628;76,250
AM;BR-230;648,000;649,000;1,000;19/05/2023;-7,5202954;-63,0307628;85,000
AM;BR-230;649,000;650,000;1,000;19/05/2023;-7,5202954;-63,0307628;92,500
AM;BR-230;650,000;651,000;1,000;19/05/2023;-7,5202954;-63,0307628;82,500
AM;BR-230;651,000;652,000;1,000;19/05/2023;-7,5202954;-63,0307628;66,250
AM;BR-230;652,000;653,000;1,000;19/05/2023;-7,5202954;-63,0307628;92,500
AM;BR-230;653,000;654,000;1,000;19/05/2023;-7,5202954;-63,0307628;92,500
AM;BR-230;654,000;655,000;1,000;19/05/2023;-7,5202954;-63,0307628;76,250
AM;BR-230;655,000;656,000;1,000;19/05/2023;-7,5202954;-63,0307628;75,000
AM;BR-230;656,000;657,000;1,000;19/05/2023;-7,5202954;-63,0307628;78,750
AM;BR-230;657,000;658,000;1,000;19/05/2023;-7,5202954;-63,0307628;65,000
AM;BR-230;658,000;659,000;1,000;19/05/2023;-7,5202954;-63,0307628;81,250
AM;BR-230;659,000;660,000;1,000;19/05/2023;-7,5202954;-63,0307628;70,000
AM;BR-230;660,000;661,000;1,000;19/05/2023;-7,5202954;-63,0307628;85,000
AM;BR-230;661,000;662,000;1,000;19/05/2023;-7,5202954;-63,0307628;73,750
AM;BR-230;662,000;663,000;1,000;19/05/2023;-7,5202954;-63,0307628;0,000
AM;BR-230;663,000;664,000;1,000;19/05/2023;-7,5202954;-63,0307628;0,000
AM;BR-230;664,000;665,000;1,000;19/05/2023;-7,5202954;-63,0307628;0,000
AM;BR-230;665,000;666,000;1,000;19/05/2023;-7,5202954;-63,0307628;0,000
AM;BR-230;666,000;667,000;1,000;19/05/2023;-7,5202954;-63,0307628;0,000
AM;BR-230;667,000;668,000;1,000;19/05/2023;-7,5202954;-63,0307628;0,000
AM;BR-230;668,000;669,000;1,000;19/05/2023;-7,5202954;-63,0307628;0,000
AM;BR-230;669,000;670,000;1,000;19/05/2023;-7,5202954;-63,0307628;0,000
AM;BR-230;670,000;671,000;1,000;19/05/2023;-7,5202954;-63,0307628;70,000
AM;BR-230;671,000;672,000;1,000;19/05/2023;-7,5202954;-63,0307628;70,000
AM;BR-230;672,000;673,000;1,000;19/05/2023;-7,5202954;-63,0307628;67,500
AM;BR-230;673,000;674,000;1,000;19/05/2023;-7,5202954;-63,0307628;73,750
AM;BR-230;674,000;675,000;1,000;19/05/2023;-7,5202954;-63,0307628;73,750
AM;BR-230;675,000;676,000;1,000;19/05/2023;-7,5202954;-63,0307628;77,500
AM;BR-230;676,000;677,000;1,000;19/05/2023;-7,5202954;-63,0307628;92,500
AM;BR-230;677,000;678,000;1,000;19/05/2023;-7,5202954;-63,0307628;72,500
AM;BR-230;678,000;679,000;1,000;19/05/2023;-7,5202954;-63,0307628;76,250
AM;BR-230;679,000;680,000;1,000;19/05/2023;-7,5202954;-63,0307628;81,250
AM;BR-230;680,000;681,000;1,000;19/05/2023;-7,5202954;-63,0307628;65,000
AM;BR-230;681,000;682,000;1,000;19/05/2023;-7,5202954;-63,0307628;65,000
AM;BR-230;682,000;683,000;1,000;19/05/2023;-7,5202954;-63,0307628;65,000
AM;BR-230;683,000;684,000;1,000;19/05/2023;-7,5202954;-63,0307628;65,000
AM;BR-230;684,000;685,000;1,000;19/05/2023;-7,5202954;-63,0307628;70,000
AM;BR-230;685,000;686,000;1,000;19/05/2023;-7,5202954;-63,0307628;65,000
AM;BR-230;686,000;687,000;1,000;19/05/2023;-7,5202954;-63,0307628;65,000
AM;BR-230;687,000;688,000;1,000;19/05/2023;-7,5202954;-63,0307628;78,750
AM;BR-230;688,000;689,000;1,000;19/05/2023;-7,5202954;-63,0307628;65,000
AM;BR-230;689,000;690,000;1,000;19/05/2023;-7,5202954;-63,0307628;65,000
AM;BR-230;690,000;691,000;1,000;19/05/2023;-7,5202954;-63,0307628;76,250
AM;BR-230;691,000;692,000;1,000;19/05/2023;-7,5202954;-63,0307628;92,500
AM;BR-230;692,000;693,000;1,000;19/05/2023;-7,5202954;-63,0307628;68,750
AM;BR-230;693,000;694,000;1,000;19/05/2023;-7,5202954;-63,0307628;96,250
AM;BR-230;694,000;695,000;1,000;19/05/2023;-7,5202954;-63,0307628;68,750
AM;BR-230;695,000;696,000;1,000;19/05/2023;-7,5202954;-63,0307628;83,750
AM;BR-230;696,000;697,000;1,000;19/05/2023;-7,5202954;-63,0307628;76,250
AM;BR-230;697,000;698,000;1,000;19/05/2023;-7,5202954;-63,0307628;76,250
AM;BR-230;698,000;699,000;1,000;19/05/2023;-7,5202954;-63,0307628;91,250
AM;BR-230;699,000;700,000;1,000;19/05/2023;-7,5202954;-63,0307628;91,250
AM;BR-230;700,000;701,000;1,000;19/05/2023;-7,5202954;-63,0307628;72,500
AM;BR-230;701,000;702,000;1,000;19/05/2023;-7,5202954;-63,0307628;87,500
AM;BR-230;702,000;703,000;1,000;19/05/2023;-7,5202954;-63,0307628;72,500
AM;BR-230;703,000;704,000;1,000;19/05/2023;-7,5202954;-63,0307628;65,000
AM;BR-230;704,000;705,000;1,000;19/05/2023;-7,5202954;-63,0307628;65,000
AM;BR-230;705,000;706,000;1,000;19/05/2023;-7,5202954;-63,0307628;91,250
AM;BR-230;706,000;707,000;1,000;19/05/2023;-7,5202954;-63,0307628;80,000
AM;BR-230;707,000;708,000;1,000;19/05/2023;-7,5202954;-63,0307628;91,250
AM;BR-230;708,000;709,000;1,000;19/05/2023;-7,5202954;-63,0307628;68,750
AM;BR-230;709,000;710,000;1,000;19/05/2023;-7,5202954;-63,0307628;68,750
AM;BR-230;710,000;711,000;1,000;19/05/2023;-7,5202954;-63,0307628;72,500
AM;BR-230;711,000;712,000;1,000;19/05/2023;-7,5202954;-63,0307628;93,750
AM;BR-230;712,000;713,000;1,000;19/05/2023;-7,5202954;-63,0307628;65,000
AM;BR-230;713,000;714,000;1,000;19/05/2023;-7,5202954;-63,0307628;73,750
AM;BR-230;714,000;715,000;1,000;19/05/2023;-7,5202954;-63,0307628;65,000
AM;BR-230;715,000;716,000;1,000;19/05/2023;-7,5202954;-63,0307628;81,250
AM;BR-230;716,000;717,000;1,000;19/05/2023;-7,5202954;-63,0307628;65,000
AM;BR-230;717,000;718,000;1,000;19/05/2023;-7,5202954;-63,0307628;95,000
AM;BR-230;718,000;719,000;1,000;19/05/2023;-7,5202954;-63,0307628;92,500
AM;BR-230;719,000;720,000;1,000;19/05/2023;-7,5202954;-63,0307628;76,250
AM;BR-230;720,000;721,000;1,000;19/05/2023;-7,5202954;-63,0307628;68,750
AM;BR-230;721,000;722,000;1,000;19/05/2023;-7,5202954;-63,0307628;76,250
AM;BR-230;722,000;723,000;1,000;19/05/2023;-7,5202954;-63,0307628;65,000
AM;BR-230;723,000;724,000;1,000;19/05/2023;-7,5202954;-63,0307628;65,000
AM;BR-230;724,000;725,000;1,000;19/05/2023;-7,5202954;-63,0307628;65,000
AM;BR-230;725,000;726,000;1,000;19/05/2023;-7,5202954;-63,0307628;65,000
AM;BR-230;726,000;727,000;1,000;19/05/2023;-7,5202954;-63,0307628;65,000
AM;BR-230;727,000;728,000;1,000;19/05/2023;-7,5202954;-63,0307628;65,000
AM;BR-230;728,000;729,000;1,000;19/05/2023;-7,5202954;-63,0307628;65,000
AM;BR-230;729,000;730,000;1,000;19/05/2023;-7,5202954;-63,0307628;52,500
AM;BR-230;730,000;731,000;1,000;19/05/2023;-7,5202954;-63,0307628;55,000
AM;BR-230;731,000;732,000;1,000;19/05/2023;-7,5202954;-63,0307628;68,750
AM;BR-230;732,000;733,200;1,200;19/05/2023;-7,5202954;-63,0307628;65,000
AM;BR-230;733,200;734,000;0,800;19/05/2023;0;0;65,000
AM;BR-230;734,000;735,000;1,000;19/05/2023;0;0;67,500
AM;BR-230;735,000;736,000;1,000;19/05/2023;0;0;87,500
AM;BR-230;736,000;737,000;1,000;19/05/2023;0;0;91,250
AM;BR-230;737,000;738,000;1,000;19/05/2023;0;0;95,000
AM;BR-230;738,000;739,000;1,000;19/05/2023;0;0;72,500
AM;BR-230;739,000;740,000;1,000;19/05/2023;0;0;76,250
AM;BR-230;740,000;741,000;1,000;19/05/2023;0;0;65,000
AM;BR-230;741,000;742,000;1,000;19/05/2023;0;0;72,500
AM;BR-230;742,000;743,000;1,000;19/05/2023;0;0;85,000
AM;BR-230;743,000;744,000;1,000;19/05/2023;0;0;93,750
AM;BR-230;744,000;745,000;1,000;19/05/2023;0;0;87,500
AM;BR-230;745,000;746,000;1,000;19/05/2023;0;0;68,750
AM;BR-230;746,000;747,000;1,000;19/05/2023;0;0;68,750
AM;BR-230;747,000;748,000;1,000;19/05/2023;0;0;80,000
AM;BR-230;748,000;749,000;1,000;19/05/2023;0;0;87,500
AM;BR-230;749,000;750,000;1,000;19/05/2023;0;0;65,000
AM;BR-230;750,000;751,000;1,000;19/05/2023;0;0;80,000
AM;BR-230;751,000;752,000;1,000;19/05/2023;0;0;76,250
AM;BR-230;752,000;753,000;1,000;19/05/2023;0;0;5,000
AM;BR-230;753,000;754,000;1,000;19/05/2023;0;0;5,000
AM;BR-230;754,000;755,000;1,000;19/05/2023;0;0;5,000
AM;BR-230;755,000;756,000;1,000;19/05/2023;0;0;5,000
AM;BR-230;756,000;757,000;1,000;19/05/2023;0;0;5,000
AM;BR-230;757,000;758,000;1,000;19/05/2023;0;0;5,000
AM;BR-230;758,000;759,000;1,000;19/05/2023;0;0;5,000
AM;BR-230;759,000;760,000;1,000;19/05/2023;0;0;5,000
AM;BR-230;760,000;761,000;1,000;19/05/2023;0;0;5,000
AM;BR-230;761,000;762,000;1,000;19/05/2023;0;0;5,000
AM;BR-230;762,000;763,000;1,000;19/05/2023;0;0;5,000
AM;BR-230;763,000;764,000;1,000;19/05/2023;0;0;65,000
AM;BR-230;764,000;765,000;1,000;19/05/2023;0;0;65,000
AM;BR-230;765,000;766,000;1,000;19/05/2023;0;0;70,000
AM;BR-230;766,000;767,000;1,000;19/05/2023;0;0;70,000
AM;BR-230;767,000;768,000;1,000;19/05/2023;0;0;67,500
AM;BR-230;768,000;769,000;1,000;19/05/2023;0;0;70,000
AM;BR-230;769,000;770,000;1,000;19/05/2023;0;0;65,000
AM;BR-230;770,000;771,000;1,000;19/05/2023;0;0;76,250
AM;BR-230;771,000;772,000;1,000;19/05/2023;0;0;80,000
AM;BR-230;772,000;773,000;1,000;19/05/2023;0;0;95,000
AM;BR-230;773,000;774,000;1,000;19/05/2023;0;0;87,500
AM;BR-230;774,000;775,000;1,000;19/05/2023;0;0;100,000
AM;BR-230;775,000;776,000;1,000;19/05/2023;0;0;97,500
AM;BR-230;776,000;777,000;1,000;19/05/2023;0;0;87,500
AM;BR-230;777,000;778,000;1,000;19/05/2023;0;0;65,000
AM;BR-230;778,000;779,000;1,000;19/05/2023;0;0;68,750
AM;BR-230;779,000;780,000;1,000;19/05/2023;0;0;65,000
AM;BR-230;780,000;781,000;1,000;19/05/2023;0;0;65,000
AM;BR-230;781,000;782,000;1,000;19/05/2023;0;0;72,500
AM;BR-230;782,000;783,000;1,000;19/05/2023;0;0;65,000
AM;BR-230;783,000;784,000;1,000;19/05/2023;0;0;65,000
AM;BR-230;784,000;785,000;1,000;19/05/2023;0;0;65,000
AM;BR-230;785,000;786,000;1,000;19/05/2023;0;0;65,000
AM;BR-230;786,000;787,000;1,000;19/05/2023;0;0;65,000
AM;BR-230;787,000;788,000;1,000;19/05/2023;0;0;65,000
AM;BR-230;788,000;789,000;1,000;19/05/2023;0;0;65,000
AM;BR-230;789,000;790,000;1,000;19/05/2023;0;0;76,250
AM;BR-230;790,000;791,000;1,000;19/05/2023;0;0;52,500
AM;BR-230;791,000;792,000;1,000;19/05/2023;0;0;65,000
AM;BR-230;792,000;793,000;1,000;19/05/2023;0;0;65,000
AM;BR-230;793,000;794,000;1,000;19/05/2023;0;0;65,000
AM;BR-230;794,000;795,000;1,000;19/05/2023;0;0;65,000
AM;BR-230;795,000;796,000;1,000;19/05/2023;0;0;72,500
AM;BR-230;796,000;797,000;1,000;19/05/2023;0;0;65,000
AM;BR-230;797,000;798,000;1,000;19/05/2023;0;0;65,000
AM;BR-230;798,000;799,000;1,000;19/05/2023;0;0;67,500
AM;BR-230;799,000;800,000;1,000;19/05/2023;0;0;65,000
AM;BR-230;800,000;801,000;1,000;19/05/2023;0;0;88,750
AM;BR-230;801,000;802,000;1,000;19/05/2023;0;0;91,250
AM;BR-230;802,000;803,000;1,000;19/05/2023;0;0;65,000
AM;BR-230;803,000;804,000;1,000;19/05/2023;0;0;68,750
AM;BR-230;804,000;805,000;1,000;19/05/2023;0;0;76,250
AM;BR-230;805,000;806,000;1,000;19/05/2023;0;0;77,500
AM;BR-230;806,000;807,000;1,000;19/05/2023;0;0;80,000
AM;BR-230;807,000;808,000;1,000;19/05/2023;0;0;81,250
AM;BR-230;808,000;809,000;1,000;19/05/2023;0;0;91,250
AM;BR-230;809,000;810,000;1,000;19/05/2023;0;0;87,500
AM;BR-230;810,000;811,000;1,000;19/05/2023;0;0;72,500
AM;BR-230;811,000;812,000;1,000;19/05/2023;0;0;63,750
AM;BR-230;812,000;813,000;1,000;19/05/2023;0;0;68,750
AM;BR-230;813,000;814,000;1,000;19/05/2023;0;0;76,250
AM;BR-230;814,000;815,000;1,000;19/05/2023;0;0;76,250
AM;BR-230;815,000;816,300;1,300;19/05/2023;0;0;76,250
RS;BR-153;121,500;120,000;1,500;19/05/2023;-28,2224002;-52,4703646;5,000
RS;BR-153;120,000;119,000;1,000;19/05/2023;-28,2357124;-52,4290643;0,000
RS;BR-153;119,000;118,000;1,000;19/05/2023;-28,2357124;-52,4290643;0,000
RS;BR-153;118,000;117,000;1,000;19/05/2023;-28,2186294;-52,4673661;0,000
RS;BR-153;117,000;116,000;1,000;19/05/2023;-28,2368303;-52,4130836;0,000
RS;BR-153;116,000;115,000;1,000;19/05/2023;-28,2368303;-52,4130836;0,000
RS;BR-153;115,000;114,000;1,000;19/05/2023;-28,2366001;-52,4104205;27,500
RS;BR-153;114,000;113,000;1,000;19/05/2023;-28,2366001;-52,4104205;45,000
RS;BR-153;113,000;112,000;1,000;19/05/2023;-28,233263;-52,435058;80,000
RS;BR-153;112,000;111,000;1,000;19/05/2023;-28,2663916;-52,3904505;67,500
RS;BR-153;111,000;110,000;1,000;19/05/2023;-28,2186294;-52,4673661;27,500
RS;BR-153;110,000;109,000;1,000;19/05/2023;-28,1240589;-52,2999914;36,250
RS;BR-153;109,000;108,000;1,000;19/05/2023;-28,1240589;-52,2999914;30,000
RS;BR-153;108,000;107,000;1,000;19/05/2023;-28,1240589;-52,2999914;2,500
RS;BR-153;107,000;106,000;1,000;19/05/2023;-28,124995;-52,2999914;0,000
RS;BR-153;106,000;105,000;1,000;19/05/2023;-28,1240589;-52,2999914;71,250
RS;BR-153;105,000;104,000;1,000;19/05/2023;-28,1664211;-52,3162787;43,750
RS;BR-153;104,000;103,000;1,000;19/05/2023;-28,1664211;-52,3162787;47,500
RS;BR-153;103,000;102,000;1,000;19/05/2023;-28,1664211;-52,3162787;35,000
RS;BR-153;102,000;101,000;1,000;19/05/2023;-28,124995;-52,2999914;52,500
RS;BR-153;101,000;100,000;1,000;19/05/2023;-28,1240589;-52,2999914;52,500
RS;BR-153;100,000;99,000;1,000;19/05/2023;-28,1240589;-52,2999914;0,000
RS;BR-153;99,000;98,000;1,000;19/05/2023;-28,1240589;-52,2999914;0,000
RS;BR-153;98,000;97,000;1,000;19/05/2023;-28,1240589;-52,2999914;55,000
RS;BR-153;97,000;96,000;1,000;19/05/2023;-27,918933;-52,2627777;37,500
RS;BR-153;96,000;95,000;1,000;19/05/2023;-27,918933;-52,2627777;45,000
RS;BR-153;95,000;94,000;1,000;19/05/2023;-27,918933;-52,2627777;0,000
RS;BR-153;94,000;93,000;1,000;19/05/2023;-27,918933;-52,2627777;25,000
RS;BR-153;93,000;92,000;1,000;19/05/2023;-27,918933;-52,2627777;37,500
RS;BR-153;92,000;91,000;1,000;19/05/2023;-27,918933;-52,2627777;47,500
RS;BR-153;91,000;90,000;1,000;19/05/2023;-27,918933;-52,2627777;40,000
RS;BR-153;90,000;89,000;1,000;19/05/2023;-27,918933;-52,2627777;18,750
RS;BR-153;89,000;88,000;1,000;19/05/2023;-27,918933;-52,2627777;60,000
RS;BR-153;88,000;87,000;1,000;19/05/2023;-27,918933;-52,2627777;38,750
RS;BR-153;87,000;86,000;1,000;19/05/2023;-27,918933;-52,2627777;50,000
RS;BR-153;86,000;85,000;1,000;19/05/2023;-27,918933;-52,2627777;37,500
RS;BR-153;85,000;84,000;1,000;19/05/2023;-27,918933;-52,2627777;47,500
RS;BR-153;84,000;83,000;1,000;19/05/2023;-27,918933;-52,2627777;30,000
RS;BR-153;83,000;82,000;1,000;19/05/2023;-27,918933;-52,2627777;30,000
RS;BR-153;82,000;81,000;1,000;19/05/2023;-27,918933;-52,2627777;26,250
RS;BR-153;81,000;80,000;1,000;19/05/2023;-27,8604162;-52,3092979;30,000
RS;BR-153;80,000;79,000;1,000;19/05/2023;-27,8604162;-52,3092979;32,500
RS;BR-153;79,000;78,000;1,000;19/05/2023;-27,8976552;-52,2870308;55,000
RS;BR-153;78,000;77,000;1,000;19/05/2023;-27,8976552;-52,2870308;18,750
RS;BR-153;77,000;76,000;1,000;19/05/2023;-27,8976552;-52,2870308;38,750
RS;BR-153;76,000;75,000;1,000;19/05/2023;-27,8976552;-52,2870308;31,250
RS;BR-153;75,000;74,000;1,000;19/05/2023;-27,8604162;-52,3092979;30,000
RS;BR-153;74,000;73,000;1,000;19/05/2023;-27,8604162;-52,3092979;0,000
RS;BR-153;73,000;72,000;1,000;19/05/2023;-27,8470478;-52,3026503;30,000
RS;BR-153;72,000;71,000;1,000;19/05/2023;-27,8470478;-52,3026503;0,000
RS;BR-153;71,000;70,000;1,000;19/05/2023;-27,8470478;-52,3026503;0,000
RS;BR-153;70,000;69,000;1,000;19/05/2023;-27,8470478;-52,3026503;0,000
RS;BR-153;69,000;68,000;1,000;19/05/2023;-27,7344724;-52,2857016;0,000
RS;BR-153;68,000;67,000;1,000;19/05/2023;-27,8477904;-52,3049769;2,500
RS;BR-153;67,000;66,000;1,000;19/05/2023;-27,8477904;-52,3049769;16,250
RS;BR-153;66,000;65,000;1,000;19/05/2023;-27,746187;-52,3382227;2,500
RS;BR-153;65,000;64,000;1,000;19/05/2023;-27,746187;-52,3382227;2,500
RS;BR-153;64,000;63,000;1,000;19/05/2023;-27,7400719;-52,2807175;2,500
RS;BR-153;63,000;62,000;1,000;19/05/2023;-27,7400719;-52,2807175;3,750
RS;BR-153;62,000;61,000;1,000;19/05/2023;-27,7541122;-52,2767305;15,000
RS;BR-153;61,000;60,000;1,000;19/05/2023;-27,7178803;-52,323925;27,500
RS;BR-153;60,000;59,000;1,000;19/05/2023;-27,7178803;-52,323925;26,250
RS;BR-153;59,000;58,000;1,000;19/05/2023;-27,7224;-52,32103;2,500
RS;BR-153;58,000;57,000;1,000;19/05/2023;-27,71669;-52,3199833;2,500
RS;BR-153;57,000;56,000;1,000;19/05/2023;-27,7080166;-52,3157466;2,500
RS;BR-153;56,000;55,000;1,000;19/05/2023;-27,7014866;-52,30949;11,250
RS;BR-153;55,000;54,000;1,000;19/05/2023;-27,6947983;-52,302975;2,500
RS;BR-153;54,000;53,000;1,000;19/05/2023;-27,68777;-52,295955;27,500
MG;BR-265;544,100;544,950;0,850;22/05/2023;-21,9808485;-44,9326845;80,000
MG;BR-265;552,850;553,250;0,400;22/05/2023;-21,9808472;-44,9326741;90,000
MG;BR-265;557,740;558,150;0,410;22/05/2023;-21,9808499;-44,9326745;90,000
MG;BR-265;571,300;572,000;0,700;22/05/2023;-21,9808458;-44,9326823;51,250
MG;BR-265;572,000;573,000;1,000;22/05/2023;-21,9808437;-44,9326754;51,250
MG;BR-265;573,000;574,000;1,000;22/05/2023;-21,9808438;-44,9326763;51,250
MG;BR-265;574,000;575,000;1,000;22/05/2023;-21,9808401;-44,9326777;55,000
MG;BR-265;575,000;575,950;0,950;22/05/2023;-21,9808504;-44,93268;55,000
MG;BR-265;579,000;580,000;1,000;22/05/2023;-21,9808504;-44,9326856;71,250
MG;BR-265;580,000;580,350;0,350;22/05/2023;-21,9808455;-44,9326854;71,250
PR;BR-158;229,500;230,000;0,500;22/05/2023;-24,0576381;-52,3827068;22,500
PR;BR-158;230,000;231,000;1,000;22/05/2023;-24,0576381;-52,3827068;40,000
PR;BR-158;231,000;232,000;1,000;22/05/2023;-24,0576381;-52,3827068;35,000
PR;BR-158;232,000;233,000;1,000;22/05/2023;-24,0576381;-52,3827068;22,500
PR;BR-158;233,000;234,000;1,000;22/05/2023;-24,0576381;-52,3827068;22,500
PR;BR-158;234,000;235,000;1,000;22/05/2023;-24,0576381;-52,3827068;23,750
PR;BR-158;235,000;236,000;1,000;22/05/2023;-24,0576381;-52,3827068;10,000
PR;BR-158;236,000;237,000;1,000;22/05/2023;-24,0576381;-52,3827068;23,750
PR;BR-158;237,000;238,000;1,000;22/05/2023;-24,0576381;-52,3827068;8,750
PR;BR-158;238,000;239,000;1,000;22/05/2023;-24,0576381;-52,3827068;8,750
PR;BR-158;239,000;240,000;1,000;22/05/2023;-24,0576381;-52,3827068;8,750
PR;BR-158;240,000;241,000;1,000;22/05/2023;-24,0576381;-52,3827068;23,750
PR;BR-158;241,000;242,000;1,000;22/05/2023;-24,0576381;-52,3827068;8,750
PR;BR-158;242,000;243,000;1,000;22/05/2023;-24,0576381;-52,3827068;8,750
PR;BR-158;243,000;244,000;1,000;22/05/2023;-24,0576381;-52,3827068;8,750
PR;BR-158;244,000;245,000;1,000;22/05/2023;-24,0576381;-52,3827068;8,750
PR;BR-158;245,000;246,000;1,000;22/05/2023;-24,0576381;-52,3827068;8,750
PR;BR-158;246,000;247,000;1,000;22/05/2023;-24,0576381;-52,3827068;7,500
PR;BR-158;247,000;248,000;1,000;22/05/2023;-24,0576381;-52,3827068;7,500
PR;BR-158;248,000;249,000;1,000;22/05/2023;-24,0576381;-52,3827068;8,750
PR;BR-158;249,000;250,000;1,000;22/05/2023;-24,0576381;-52,3827068;21,250
PR;BR-158;250,000;251,000;1,000;22/05/2023;-24,0576381;-52,3827068;5,000
PR;BR-158;251,000;252,000;1,000;22/05/2023;-24,0576381;-52,3827068;7,500
PR;BR-158;252,000;253,000;1,000;22/05/2023;-24,0576381;-52,3827068;7,500
PR;BR-158;253,000;254,000;1,000;22/05/2023;-24,0576381;-52,3827068;5,000
PR;BR-158;254,000;255,000;1,000;22/05/2023;-24,0576381;-52,3827068;5,000
PR;BR-158;255,000;256,000;1,000;22/05/2023;-24,0576381;-52,3827068;5,000
PR;BR-158;256,000;257,000;1,000;22/05/2023;-24,0576381;-52,3827068;5,000
PR;BR-158;257,000;258,000;1,000;22/05/2023;-24,0576381;-52,3827068;5,000
PR;BR-158;258,000;259,000;1,000;22/05/2023;-24,0576381;-52,3827068;5,000
PR;BR-158;259,000;260,000;1,000;22/05/2023;-24,0576381;-52,3827068;5,000
PR;BR-158;260,000;261,000;1,000;22/05/2023;-24,0576381;-52,3827068;5,000
PR;BR-158;261,000;262,000;1,000;22/05/2023;-24,0576381;-52,3827068;12,500
PR;BR-158;262,000;263,000;1,000;22/05/2023;-24,0576381;-52,3827068;5,000
PR;BR-158;263,000;264,000;1,000;22/05/2023;-24,0576381;-52,3827068;5,000
PR;BR-158;264,000;265,000;1,000;22/05/2023;-24,0576381;-52,3827068;5,000
PR;BR-158;265,000;266,000;1,000;22/05/2023;-24,0576381;-52,3827068;5,000
PR;BR-158;266,000;267,000;1,000;22/05/2023;-24,0576381;-52,3827068;5,000
PR;BR-158;267,000;268,000;1,000;22/05/2023;-24,0576381;-52,3827068;5,000
PR;BR-158;268,000;269,000;1,000;22/05/2023;-24,0576381;-52,3827068;5,000
PR;BR-158;269,000;270,000;1,000;22/05/2023;-24,0576381;-52,3827068;5,000
PR;BR-158;270,000;271,000;1,000;22/05/2023;-24,0576381;-52,3827068;5,000
PR;BR-158;271,000;272,000;1,000;22/05/2023;-24,0576381;-52,3827068;5,000
PR;BR-158;272,000;273,000;1,000;22/05/2023;-24,0576381;-52,3827068;5,000
PR;BR-158;273,000;274,000;1,000;22/05/2023;-24,0576381;-52,3827068;5,000
PR;BR-158;274,000;275,000;1,000;22/05/2023;-24,0576381;-52,3827068;5,000
PR;BR-158;275,000;276,000;1,000;22/05/2023;-24,0576381;-52,3827068;5,000
PR;BR-158;276,000;277,000;1,000;22/05/2023;-24,0576381;-52,3827068;5,000
PR;BR-158;277,000;278,000;1,000;22/05/2023;-24,0576381;-52,3827068;5,000
PR;BR-158;278,000;279,000;1,000;22/05/2023;-24,0576381;-52,3827068;5,000
PR;BR-158;279,000;280,000;1,000;22/05/2023;-24,0576381;-52,3827068;5,000
PR;BR-158;280,000;281,000;1,000;22/05/2023;-24,0576381;-52,3827068;5,000
PR;BR-158;281,000;282,000;1,000;22/05/2023;-24,0576381;-52,3827068;5,000
PR;BR-158;282,000;283,000;1,000;22/05/2023;-24,0576381;-52,3827068;7,500
PR;BR-158;283,000;284,000;1,000;22/05/2023;-24,0576381;-52,3827068;5,000
PR;BR-158;284,000;285,000;1,000;22/05/2023;-24,0576381;-52,3827068;5,000
PR;BR-158;285,000;286,000;1,000;22/05/2023;-24,0576381;-52,3827068;2,500
PR;BR-158;286,000;287,000;1,000;22/05/2023;-24,0576381;-52,3827068;7,500
PR;BR-158;287,000;288,000;1,000;22/05/2023;-24,0576381;-52,3827068;0,000
PR;BR-158;288,000;289,000;1,000;22/05/2023;-24,0576381;-52,3827068;3,750
PR;BR-158;289,000;290,000;1,000;22/05/2023;-24,0576381;-52,3827068;3,750
PR;BR-158;290,000;291,000;1,000;22/05/2023;-24,0576381;-52,3827068;10,000
PR;BR-158;291,000;292,000;1,000;22/05/2023;-24,0576381;-52,3827068;2,500
PR;BR-158;292,000;293,000;1,000;22/05/2023;-24,0576381;-52,3827068;7,500
PR;BR-158;293,000;294,000;1,000;22/05/2023;-24,0576381;-52,3827068;7,500
PR;BR-158;294,000;295,000;1,000;22/05/2023;-24,0576381;-52,3827068;7,500
GO;BR-080;277,500;278,000;0,500;18/05/2023;-13,9710899;-49,7196805;73,750
GO;BR-080;278,000;279,000;1,000;18/05/2023;-13,9710899;-49,7196805;73,750
GO;BR-080;279,000;280,000;1,000;18/05/2023;-13,9710899;-49,7196805;72,500
GO;BR-080;280,000;281,000;1,000;18/05/2023;-13,9710899;-49,7196805;78,750
GO;BR-080;281,000;282,000;1,000;18/05/2023;-13,9710899;-49,7196805;62,500
GO;BR-080;282,000;282,300;0,300;18/05/2023;-13,9710899;-49,7196805;75,000
AM;BR-319;631,000;630,000;1,000;23/05/2023;-7,54536683;-63,0708634;76,250
AM;BR-319;630,000;629,000;1,000;23/05/2023;-7,54536683;-63,0708634;77,500
AM;BR-319;629,000;628,000;1,000;23/05/2023;-7,54536683;-63,0708634;75,000
AM;BR-319;628,000;627,000;1,000;23/05/2023;-7,54536683;-63,0708634;66,250
AM;BR-319;627,000;626,000;1,000;23/05/2023;-7,54536683;-63,0708634;83,750
AM;BR-319;626,000;625,000;1,000;23/05/2023;-7,54536683;-63,0708634;70,000
AM;BR-319;625,000;624,000;1,000;23/05/2023;-7,54536683;-63,0708634;70,000
AM;BR-319;624,000;623,000;1,000;23/05/2023;-7,54536683;-63,0708634;63,750
AM;BR-319;623,000;622,000;1,000;23/05/2023;-7,54536683;-63,0708634;75,000
AM;BR-319;622,000;621,000;1,000;23/05/2023;-7,54536683;-63,0708634;67,500
AM;BR-319;621,000;620,000;1,000;23/05/2023;-7,54536683;-63,0708634;80,000
AM;BR-319;620,000;619,000;1,000;23/05/2023;-7,54536683;-63,0708634;45,000
AM;BR-319;619,000;618,000;1,000;23/05/2023;-7,54536683;-63,0708634;61,250
AM;BR-319;618,000;617,000;1,000;23/05/2023;-7,4475114;-63,22694;51,250
AM;BR-319;617,000;616,000;1,000;23/05/2023;-7,4475114;-63,22694;58,750
AM;BR-319;616,000;615,000;1,000;23/05/2023;-7,4475114;-63,22694;52,500
AM;BR-319;615,000;614,000;1,000;23/05/2023;-7,4475114;-63,22694;47,500
AM;BR-319;614,000;613,000;1,000;23/05/2023;-7,4475114;-63,22694;75,000
AM;BR-319;613,000;612,000;1,000;23/05/2023;-7,4475114;-63,22694;88,750
AM;BR-319;612,000;611,000;1,000;23/05/2023;-7,4475114;-63,22694;96,250
AM;BR-319;611,000;610,000;1,000;23/05/2023;-7,4475114;-63,22694;73,750
AM;BR-319;610,000;609,000;1,000;23/05/2023;-7,4475114;-63,22694;88,750
AM;BR-319;609,000;608,000;1,000;23/05/2023;-7,4475114;-63,22694;73,750
AM;BR-319;608,000;607,000;1,000;23/05/2023;-7,4475114;-63,22694;63,750
AM;BR-319;607,000;606,000;1,000;23/05/2023;-7,4475114;-63,22694;82,500
AM;BR-319;606,000;605,000;1,000;23/05/2023;-7,4475114;-63,22694;92,500
AM;BR-319;605,000;604,000;1,000;23/05/2023;-7,4475114;-63,22694;57,500
AM;BR-319;604,000;603,000;1,000;23/05/2023;-7,4475114;-63,22694;63,750
AM;BR-319;603,000;602,000;1,000;23/05/2023;-7,4475114;-63,22694;61,250
AM;BR-319;602,000;601,000;1,000;23/05/2023;-7,4475114;-63,22694;47,500
AM;BR-319;601,000;600,000;1,000;23/05/2023;-7,4475114;-63,22694;47,500
AM;BR-319;600,000;599,000;1,000;23/05/2023;-7,4475114;-63,22694;45,000
AM;BR-319;599,000;598,000;1,000;23/05/2023;-7,4475114;-63,22694;68,750
AM;BR-319;598,000;597,000;1,000;23/05/2023;-7,4475114;-63,22694;55,000
AM;BR-319;597,000;596,000;1,000;23/05/2023;-7,4475114;-63,22694;53,750
AM;BR-319;596,000;595,000;1,000;23/05/2023;-7,4475114;-63,22694;53,750
AM;BR-319;595,000;594,000;1,000;23/05/2023;-7,4475114;-63,22694;63,750
AM;BR-319;594,000;593,000;1,000;23/05/2023;-7,4475114;-63,22694;65,000
AM;BR-319;593,000;592,000;1,000;23/05/2023;-7,4475114;-63,22694;61,250
AM;BR-319;592,000;591,000;1,000;23/05/2023;-7,4475114;-63,22694;51,250
AM;BR-319;591,000;590,000;1,000;23/05/2023;-7,4475114;-63,22694;53,750
AM;BR-319;590,000;589,000;1,000;23/05/2023;-7,4475114;-63,22694;45,000
MT;BR-174;69,000;68,000;1,000;22/05/2023;-16,1574417;-57,6165495;25,000
MT;BR-174;68,000;67,000;1,000;22/05/2023;-16,1574417;-57,6165495;25,000
MT;BR-174;67,000;66,000;1,000;22/05/2023;-16,1574417;-57,6165495;25,000
MT;BR-174;66,000;65,000;1,000;22/05/2023;-16,1574417;-57,6165495;25,000
MT;BR-174;65,000;64,000;1,000;22/05/2023;-16,1574417;-57,6165495;25,000
MT;BR-174;64,000;63,000;1,000;22/05/2023;-16,1574417;-57,6165495;25,000
MT;BR-174;63,000;62,000;1,000;22/05/2023;-16,1915779;-57,6334511;32,500
MT;BR-174;62,000;61,000;1,000;22/05/2023;-16,1974467;-57,63283;47,500
MT;BR-174;61,000;60,000;1,000;22/05/2023;-16,1974467;-57,63283;33,750
MT;BR-174;60,000;59,000;1,000;22/05/2023;-16,1974467;-57,63283;37,500
MT;BR-174;59,000;58,000;1,000;22/05/2023;-16,2243052;-57,6577174;37,500
MT;BR-174;58,000;57,000;1,000;22/05/2023;-16,2243052;-57,6577174;45,000
MT;BR-174;57,000;56,000;1,000;22/05/2023;-16,2312833;-57,6616937;52,500
MT;BR-174;55,000;54,000;1,000;22/05/2023;-16,2489946;-57,6696046;51,250
MT;BR-174;54,000;53,000;1,000;22/05/2023;-16,2489946;-57,6696046;43,750
MT;BR-174;53,000;52,000;1,000;22/05/2023;-16,2489946;-57,6696046;58,750
MT;BR-174;52,000;51,000;1,000;22/05/2023;-16,2489946;-57,6696046;52,500
MT;BR-174;51,000;50,000;1,000;22/05/2023;-16,2489946;-57,6696046;53,750
MT;BR-174;50,000;49,000;1,000;22/05/2023;-16,2489946;-57,6696046;78,750
MT;BR-174;49,000;48,000;1,000;22/05/2023;-16,2983317;-57,6739686;52,500
MT;BR-174;48,000;47,000;1,000;22/05/2023;-16,2983317;-57,6739686;45,000
MT;BR-174;47,000;46,000;1,000;22/05/2023;-16,2983317;-57,6739686;47,500
MT;BR-174;46,000;45,000;1,000;22/05/2023;-16,2983317;-57,6739686;71,250
MT;BR-174;45,000;44,000;1,000;22/05/2023;-16,3194176;-57,7060332;66,250
MT;BR-174;44,000;43,000;1,000;22/05/2023;-16,3194176;-57,7060332;56,250
MT;BR-174;43,000;42,000;1,000;22/05/2023;-16,3194176;-57,7060332;67,500
MT;BR-174;42,000;41,000;1,000;22/05/2023;-16,3194176;-57,7060332;55,000
MT;BR-174;41,000;40,000;1,000;22/05/2023;-16,3194176;-57,7060332;48,750
MT;BR-174;40,000;39,000;1,000;22/05/2023;-16,345101;-57,7193981;67,500
MT;BR-174;39,000;38,000;1,000;22/05/2023;-16,345101;-57,7193981;52,500
MT;BR-174;38,000;37,000;1,000;22/05/2023;-16,345101;-57,7193981;48,750
MT;BR-174;37,000;36,000;1,000;22/05/2023;-16,345101;-57,7193981;67,500
MT;BR-174;36,000;35,000;1,000;22/05/2023;-16,345101;-57,7193981;57,500
MT;BR-174;35,000;34,000;1,000;22/05/2023;-16,345101;-57,7193981;71,250
MT;BR-174;34,000;33,000;1,000;22/05/2023;-16,345101;-57,7193981;61,250
MT;BR-174;33,000;32,000;1,000;22/05/2023;-16,345101;-57,7193981;40,000
MT;BR-174;32,000;31,000;1,000;22/05/2023;-16,345101;-57,7193981;60,000
MT;BR-174;31,000;30,000;1,000;22/05/2023;-16,345101;-57,7193981;71,250
MT;BR-174;30,000;29,000;1,000;22/05/2023;-16,345101;-57,7193981;40,000
MT;BR-174;29,000;28,000;1,000;22/05/2023;-16,345101;-57,7193981;68,750
MT;BR-174;28,000;27,000;1,000;22/05/2023;-16,345101;-57,7193981;81,250
MT;BR-174;27,000;26,000;1,000;22/05/2023;-16,345101;-57,7193981;26,250
MT;BR-174;26,000;25,000;1,000;22/05/2023;-16,345101;-57,7193981;46,250
MT;BR-174;25,000;24,000;1,000;22/05/2023;-16,345101;-57,7193981;53,750
MT;BR-174;24,000;23,000;1,000;22/05/2023;-16,345101;-57,7193981;57,500
MT;BR-174;23,000;22,000;1,000;22/05/2023;-16,345101;-57,7193981;37,500
MT;BR-174;22,000;21,000;1,000;22/05/2023;-16,345101;-57,7193981;32,500
MT;BR-174;21,000;20,000;1,000;22/05/2023;-16,5148918;-57,7725488;53,750
MT;BR-174;20,000;19,000;1,000;22/05/2023;-16,5148918;-57,7725488;45,000
MT;BR-174;19,000;18,000;1,000;22/05/2023;-16,5340158;-57,7622804;37,500
MT;BR-174;18,000;17,000;1,000;22/05/2023;-16,5340158;-57,7622804;37,500
MT;BR-174;17,000;16,000;1,000;22/05/2023;-16,5340158;-57,7622804;60,000
MT;BR-174;16,000;15,000;1,000;22/05/2023;-16,5340158;-57,7622804;33,750
MT;BR-174;15,000;14,000;1,000;22/05/2023;-16,5340158;-57,7622804;23,750
MT;BR-174;14,000;13,000;1,000;22/05/2023;-16,5340158;-57,7622804;60,000
MT;BR-174;13,000;12,000;1,000;22/05/2023;-16,5340158;-57,7622804;66,250
MT;BR-174;12,000;11,000;1,000;22/05/2023;-16,5340158;-57,7622804;77,500
MT;BR-174;11,000;10,000;1,000;22/05/2023;-16,5984599;-57,7755835;61,250
MT;BR-174;10,000;9,000;1,000;22/05/2023;-16,5984599;-57,7755835;55,000
MT;BR-174;9,000;8,000;1,000;22/05/2023;-16,5984599;-57,7755835;56,250
MT;BR-174;8,000;7,000;1,000;22/05/2023;-16,6267739;-57,7876106;45,000
MT;BR-174;7,000;6,000;1,000;22/05/2023;-16,6267739;-57,7876106;48,750
MT;BR-174;6,000;5,000;1,000;22/05/2023;-16,6267739;-57,7876106;45,000
MT;BR-174;5,000;4,000;1,000;22/05/2023;-16,6267739;-57,7876106;45,000
MT;BR-174;4,000;3,000;1,000;22/05/2023;-16,6267739;-57,7876106;81,250
MT;BR-174;3,000;2,000;1,000;22/05/2023;-16,6460132;-57,8136533;51,250
MT;BR-174;2,000;1,000;1,000;22/05/2023;-16,6534343;-57,8342108;61,250
MT;BR-174;1,000;0,000;1,000;22/05/2023;-16,6534343;-57,8342108;75,000
MT;BR-174;70,000;69,000;1,000;22/05/2023;-16,1557286;-57,6178381;48,750
MT;BR-174;56,000;55,000;1,000;22/05/2023;-16,2312833;-57,6616937;32,500
MG;BR-135;137,800;137,000;0,800;23/05/2023;-15,5604866;-44,4032566;85,000
MG;BR-135;137,000;136,000;1,000;23/05/2023;-15,5604866;-44,4032566;92,500
MG;BR-135;136,000;135,400;0,600;23/05/2023;-15,5604866;-44,4032566;90,000
MG;BR-135;125,400;125,000;0,400;23/05/2023;-15,5604866;-44,4032566;92,500
MG;BR-135;125,000;124,000;1,000;23/05/2023;-15,5604866;-44,4032566;92,500
MG;BR-135;124,000;123,000;1,000;23/05/2023;-15,5604866;-44,4032566;92,500
MG;BR-135;123,000;122,000;1,000;23/05/2023;-15,5604866;-44,4032566;92,500
MG;BR-135;122,000;121,000;1,000;23/05/2023;-15,5604866;-44,4032566;92,500
MG;BR-135;121,000;120,000;1,000;23/05/2023;-15,5604866;-44,4032566;92,500
MG;BR-135;120,000;119,000;1,000;23/05/2023;-15,5604866;-44,4032566;92,500
MG;BR-135;119,000;118,000;1,000;23/05/2023;-15,5604866;-44,4032566;92,500
MG;BR-135;118,000;117,000;1,000;23/05/2023;-15,5604866;-44,4032566;92,500
MG;BR-135;117,000;116,000;1,000;23/05/2023;-15,5604866;-44,4032566;92,500
MG;BR-135;116,000;115,000;1,000;23/05/2023;-15,5604866;-44,4032566;92,500
MG;BR-135;115,000;114,000;1,000;23/05/2023;-15,5604866;-44,4032566;92,500
MG;BR-135;114,000;113,000;1,000;23/05/2023;-15,5604866;-44,4032566;92,500
MG;BR-135;113,000;112,000;1,000;23/05/2023;-15,5604866;-44,4032566;92,500
MG;BR-135;112,000;111,000;1,000;23/05/2023;-15,5604866;-44,4032566;92,500
MG;BR-135;111,000;110,000;1,000;23/05/2023;-15,5604866;-44,4032566;92,500
MG;BR-135;110,000;109,000;1,000;23/05/2023;-15,5604866;-44,4032566;92,500
MG;BR-135;109,000;108,000;1,000;23/05/2023;-15,5604866;-44,4032566;92,500
MG;BR-135;108,000;107,000;1,000;23/05/2023;-15,5604866;-44,4032566;92,500
MG;BR-135;107,000;106,400;0,600;23/05/2023;-15,5604866;-44,4032566;92,500
MG;BR-135;106,400;106,000;0,400;23/05/2023;-15,5604866;-44,4032566;78,750
MG;BR-135;106,000;105,000;1,000;23/05/2023;-15,5604866;-44,4032566;86,250
MG;BR-135;105,000;104,000;1,000;23/05/2023;-15,5604866;-44,4032566;80,000
MG;BR-135;104,000;103,000;1,000;23/05/2023;-15,5604866;-44,4032566;80,000
MG;BR-135;103,000;102,000;1,000;23/05/2023;-15,5604866;-44,4032566;80,000
MG;BR-135;102,000;101,000;1,000;23/05/2023;-15,5604866;-44,4032566;80,000
MG;BR-135;101,000;100,000;1,000;23/05/2023;-15,5604866;-44,4032566;86,250
MG;BR-135;100,000;99,000;1,000;23/05/2023;-15,5604866;-44,4032566;86,250
MG;BR-135;99,000;98,000;1,000;23/05/2023;-15,5604866;-44,4032566;76,250
MG;BR-135;98,000;97,000;1,000;23/05/2023;-15,5604866;-44,4032566;78,750
MG;BR-135;97,000;96,000;1,000;23/05/2023;-15,5604866;-44,4032566;92,500
MG;BR-135;96,000;95,000;1,000;23/05/2023;-15,5604866;-44,4032566;88,750
MG;BR-135;95,000;94,000;1,000;23/05/2023;-15,5604866;-44,4032566;75,000
MG;BR-135;94,000;93,000;1,000;23/05/2023;-15,5604866;-44,4032566;88,750
MG;BR-135;93,000;92,000;1,000;23/05/2023;-15,5604866;-44,4032566;88,750
MG;BR-135;92,000;91,000;1,000;23/05/2023;-15,5604866;-44,4032566;75,000
MG;BR-135;91,000;90,000;1,000;23/05/2023;-15,5604866;-44,4032566;82,500
MG;BR-135;90,000;89,000;1,000;23/05/2023;-15,5604866;-44,4032566;86,250
MG;BR-135;89,000;88,000;1,000;23/05/2023;-15,5604866;-44,4032566;86,250
MG;BR-135;88,000;87,000;1,000;23/05/2023;-15,5604866;-44,4032566;86,250
MG;BR-135;87,000;86,000;1,000;23/05/2023;-15,5604866;-44,4032566;78,750
MG;BR-135;86,000;85,000;1,000;23/05/2023;-15,5604866;-44,4032566;78,750
MG;BR-135;85,000;84,000;1,000;23/05/2023;-15,5604866;-44,4032566;78,750
MG;BR-135;84,000;83,000;1,000;23/05/2023;-15,5604866;-44,4032566;78,750
MG;BR-135;83,000;82,000;1,000;23/05/2023;-15,5604866;-44,4032566;78,750
AP;BR-156;662,340;662,640;0,300;23/05/2023;2,62945394;-51,3398191;66,250
AP;BR-156;662,840;663,120;0,280;23/05/2023;2,63326431;-51,3424347;76,250
AP;BR-156;663,970;665,000;1,030;23/05/2023;2,64164074;-51,3482346;76,250
AP;BR-156;665,000;666,000;1,000;23/05/2023;2,64893509;-51,35163;77,500
AP;BR-156;666,000;667,000;1,000;23/05/2023;2,6580513;-51,353706;87,500
AP;BR-156;667,000;668,000;1,000;23/05/2023;2,66699775;-51,3536429;87,500
AP;BR-156;668,000;668,340;0,340;23/05/2023;2,67620091;-51,353018;77,500
AP;BR-156;668,850;669,300;0,450;23/05/2023;2,68426136;-51,354713;76,250
AP;BR-156;670,280;670,350;0,070;23/05/2023;2,69577431;-51,3602382;45,000
AP;BR-156;670,450;671,000;0,550;23/05/2023;2,69727379;-51,3607416;73,750
AP;BR-156;671,000;672,000;1,000;23/05/2023;2,70249763;-51,362266;73,750
AP;BR-156;672,000;673,000;1,000;23/05/2023;2,71089481;-51,3647945;77,500
AP;BR-156;673,000;674,000;1,000;23/05/2023;2,71866164;-51,3671536;76,250
AP;BR-156;674,000;675,000;1,000;23/05/2023;2,72783893;-51,3697533;73,750
AP;BR-156;675,000;676,000;1,000;23/05/2023;2,73759975;-51,3724633;73,750
AP;BR-156;676,000;677,000;1,000;23/05/2023;2,7469822;-51,3727793;76,250
AP;BR-156;677,000;678,000;1,000;23/05/2023;2,75506484;-51,3768579;76,250
AP;BR-156;678,000;679,000;1,000;23/05/2023;2,7598783;-51,38301;87,500
AP;BR-156;679,000;680,000;1,000;23/05/2023;2,77070471;-51,3810569;85,000
AP;BR-156;680,000;681,000;1,000;23/05/2023;2,7762762;-51,383075;76,250
AP;BR-156;681,000;682,000;1,000;23/05/2023;2,78477021;-51,3869348;80,000
AP;BR-156;682,000;683,000;1,000;23/05/2023;2,79386555;-51,3871228;73,750
AP;BR-156;683,000;684,000;1,000;23/05/2023;2,80118476;-51,3912786;80,000
AP;BR-156;684,000;685,000;1,000;23/05/2023;2,81242659;-51,3938573;73,750
AP;BR-156;685,000;686,000;1,000;23/05/2023;2,81992071;-51,3963514;77,500
AP;BR-156;686,000;687,000;1,000;23/05/2023;2,82725353;-51,3986484;83,750
AP;BR-156;687,000;688,000;1,000;23/05/2023;2,83559466;-51,4013228;81,250
AP;BR-156;688,000;689,000;1,000;23/05/2023;2,84404535;-51,3972088;85,000
AP;BR-156;689,000;690,000;1,000;23/05/2023;2,85248558;-51,3947112;77,500
AP;BR-156;690,000;691,000;1,000;23/05/2023;2,86084259;-51,3946942;73,750
AP;BR-156;691,000;692,000;1,000;23/05/2023;2,86984131;-51,394669;83,750
AP;BR-156;692,000;693,000;1,000;23/05/2023;2,87854693;-51,3966792;73,750
AP;BR-156;693,000;694,000;1,000;23/05/2023;2,88890388;-51,3966798;73,750
AP;BR-156;694,000;695,000;1,000;23/05/2023;2,89974468;-51,3985256;77,500
AP;BR-156;695,000;696,000;1,000;23/05/2023;2,90518342;-51,3994043;77,500
AP;BR-156;696,000;697,000;1,000;23/05/2023;2,91416308;-51,3987574;77,500
AP;BR-156;697,000;698,000;1,000;23/05/2023;2,92341009;-51,397901;85,000
AP;BR-156;698,000;699,000;1,000;23/05/2023;2,93213231;-51,398099;80,000
AP;BR-156;699,000;700,000;1,000;23/05/2023;2,94035415;-51,4071326;85,000
AP;BR-156;700,000;701,000;1,000;23/05/2023;2,94431757;-51,4115135;88,750
AP;BR-156;701,000;701,600;0,600;23/05/2023;2,95106314;-51,4177819;85,000
AP;BR-156;701,600;702,000;0,400;23/05/2023;2,95590719;-51,4209597;85,000
AP;BR-156;702,000;703,000;1,000;23/05/2023;2,95906993;-51,4229984;73,750
AP;BR-156;703,000;704,000;1,000;23/05/2023;2,96633761;-51,4276735;71,250
AP;BR-156;704,000;705,000;1,000;23/05/2023;2,97502545;-51,4319763;75,000
AP;BR-156;705,000;706,000;1,000;23/05/2023;2,98282491;-51,4352763;91,250
AP;BR-156;706,000;707,000;1,000;23/05/2023;2,9909249;-51,4387546;77,500
AP;BR-156;707,000;708,000;1,000;23/05/2023;2,99941535;-51,4424568;91,250
AP;BR-156;708,000;709,000;1,000;23/05/2023;3,00638415;-51,4478675;77,500
AP;BR-156;709,000;710,000;1,000;23/05/2023;3,01374623;-51,4531186;91,250
AP;BR-156;710,000;711,000;1,000;23/05/2023;3,02225563;-51,4552873;91,250
AP;BR-156;711,000;712,000;1,000;23/05/2023;3,03323479;-51,4578894;87,500
AP;BR-156;712,000;712,500;0,500;23/05/2023;3,04011453;-51,4598596;85,000
AP;BR-156;712,500;713,000;0,500;23/05/2023;3,04381013;-51,4614171;81,250
AP;BR-156;713,000;714,000;1,000;23/05/2023;3,04825197;-51,4640483;71,250
AP;BR-156;714,000;715,000;1,000;23/05/2023;3,05734289;-51,4700917;73,750
AP;BR-156;715,000;716,000;1,000;23/05/2023;3,06616865;-51,4742341;78,750
AP;BR-156;716,000;717,000;1,000;23/05/2023;3,07151205;-51,4766534;82,500
AP;BR-156;717,000;718,000;1,000;23/05/2023;3,08023623;-51,4809535;77,500
AP;BR-156;718,000;719,000;1,000;23/05/2023;3,08716819;-51,4857551;73,750
AP;BR-156;719,000;720,000;1,000;23/05/2023;3,09465281;-51,4903035;73,750
AP;BR-156;720,000;721,000;1,000;23/05/2023;3,10325121;-51,4926769;80,000
AP;BR-156;721,000;722,000;1,000;23/05/2023;3,11241279;-51,4937996;75,000
AP;BR-156;722,000;723,000;1,000;23/05/2023;3,12093133;-51,4969126;83,750
AP;BR-156;723,000;724,000;1,000;23/05/2023;3,12895103;-51,5016205;77,500
AP;BR-156;724,000;725,000;1,000;23/05/2023;3,13626962;-51,505997;77,500
AP;BR-156;725,000;726,000;1,000;23/05/2023;3,14397649;-51,5103508;73,750
AP;BR-156;726,000;727,000;1,000;23/05/2023;3,15181353;-51,5151527;85,000
AP;BR-156;727,000;728,000;1,000;23/05/2023;3,15922855;-51,5198923;85,000
AP;BR-156;728,000;729,000;1,000;23/05/2023;3,16655701;-51,524679;88,750
AP;BR-156;729,000;730,000;1,000;23/05/2023;3,1749441;-51,5283469;85,000
AP;BR-156;730,000;731,000;1,000;23/05/2023;3,1834328;-51,5318526;85,000
AP;BR-156;731,000;732,000;1,000;23/05/2023;3,18968672;-51,539856;88,750
AP;BR-156;732,000;733,000;1,000;23/05/2023;3,19325487;-51,5464191;77,500
AP;BR-156;733,000;734,000;1,000;23/05/2023;3,20017867;-51,5506848;77,500
AP;BR-156;734,000;735,000;1,000;23/05/2023;3,20910892;-51,5523338;91,250
AP;BR-156;735,000;736,000;1,000;23/05/2023;3,21916197;-51,5542562;92,500
AP;BR-156;736,000;737,000;1,000;23/05/2023;3,2262283;-51,5573875;75,000
AP;BR-156;737,000;738,000;1,000;23/05/2023;3,23483982;-51,5617301;85,000
AP;BR-156;738,000;739,000;1,000;23/05/2023;3,24112834;-51,5669101;87,500
AP;BR-156;739,000;740,000;1,000;23/05/2023;3,24865368;-51,5714843;92,500
AP;BR-156;740,000;741,000;1,000;23/05/2023;3,25357662;-51,5791362;92,500
AP;BR-156;741,000;742,000;1,000;23/05/2023;3,2573782;-51,5874323;85,000
AP;BR-156;742,000;743,000;1,000;23/05/2023;3,26462786;-51,5925918;85,000
AP;BR-156;743,000;744,000;1,000;23/05/2023;3,27213056;-51,5977559;81,250
AP;BR-156;744,000;745,000;1,000;23/05/2023;3,27685163;-51,6052807;92,500
AP;BR-156;745,000;746,000;1,000;23/05/2023;3,28257958;-51,61131;85,000
AP;BR-156;746,000;747,000;1,000;23/05/2023;3,29078188;-51,6154794;85,000
AP;BR-156;747,000;748,000;1,000;23/05/2023;3,29879585;-51,619506;81,250
AP;BR-156;748,000;749,000;1,000;23/05/2023;3,30672551;-51,6238269;87,500
AP;BR-156;749,000;750,000;1,000;23/05/2023;3,31306381;-51,6297273;81,250
AP;BR-156;750,000;751,000;1,000;23/05/2023;3,31999874;-51,6361419;85,000
AP;BR-156;751,000;752,000;1,000;23/05/2023;3,32651862;-51,6430191;88,750
AP;BR-156;752,000;753,000;1,000;23/05/2023;3,33200462;-51,6497764;91,250
AP;BR-156;753,000;754,000;1,000;23/05/2023;3,34093306;-51,6556342;82,500
AP;BR-156;754,000;755,000;1,000;23/05/2023;3,34658764;-51,659318;77,500
AP;BR-156;755,000;756,000;1,000;23/05/2023;3,35310743;-51,6669773;85,000
AP;BR-156;756,000;757,000;1,000;23/05/2023;3,36075891;-51,6736487;77,500
AP;BR-156;757,000;758,000;1,000;23/05/2023;3,36608203;-51,67807;77,500
AP;BR-156;758,000;758,300;0,300;23/05/2023;3,37268965;-51,6845648;77,500
AP;BR-156;758,300;759,000;0,700;23/05/2023;3,37650652;-51,6905744;77,500
AP;BR-156;759,000;760,000;1,000;23/05/2023;3,37664249;-51,691378;85,000
AP;BR-156;760,000;761,000;1,000;23/05/2023;3,37833916;-51,7003324;88,750
AP;BR-156;761,000;762,000;1,000;23/05/2023;3,38055504;-51,7080914;85,000
AP;BR-156;762,000;763,000;1,000;23/05/2023;3,38358561;-51,7158958;87,500
AP;BR-156;763,000;764,000;1,000;23/05/2023;3,3889746;-51,7216205;77,500
AP;BR-156;764,000;765,000;1,000;23/05/2023;3,39780965;-51,7250814;73,750
AP;BR-156;765,000;766,000;1,000;23/05/2023;3,40561511;-51,7278363;81,250
AP;BR-156;766,000;767,000;1,000;23/05/2023;3,41402374;-51,7308041;85,000
AP;BR-156;767,000;768,000;1,000;23/05/2023;3,42273484;-51,7321395;85,000
AP;BR-156;768,000;769,000;1,000;23/05/2023;3,43202739;-51,7284818;88,750
AP;BR-156;769,000;769,800;0,800;23/05/2023;3,43934832;-51,72576;85,000
AM;BR-317;526,000;525,000;1,000;23/05/2023;-9,7552424;-67,354892;100,000
AM;BR-317;525,000;524,000;1,000;23/05/2023;-9,7552424;-67,354892;100,000
AM;BR-317;524,000;523,000;1,000;23/05/2023;-9,7552424;-67,354892;100,000
AM;BR-317;523,000;522,000;1,000;23/05/2023;-9,7552424;-67,354892;100,000
AM;BR-317;522,000;521,000;1,000;23/05/2023;-9,7552424;-67,354892;88,750
AM;BR-317;521,000;520,000;1,000;23/05/2023;-9,7552424;-67,354892;82,500
AM;BR-317;520,000;519,000;1,000;23/05/2023;-9,6577623;-65,7358747;92,500
AM;BR-317;519,000;518,000;1,000;23/05/2023;-9,6577623;-65,7358747;86,250
AM;BR-317;518,000;517,000;1,000;23/05/2023;-9,6577623;-65,7358747;96,250
AM;BR-317;517,000;516,000;1,000;23/05/2023;-9,6577623;-65,7358747;97,500
AM;BR-317;497,160;496,000;1,160;23/05/2023;-9,6577623;-65,7358747;71,250
AM;BR-317;496,000;495,000;1,000;23/05/2023;-9,7411216;-67,3665231;87,500
AM;BR-317;495,000;494,000;1,000;23/05/2023;-9,7411216;-67,3665231;67,500
AM;BR-317;494,000;493,000;1,000;23/05/2023;-9,7411216;-67,3665231;68,750
AM;BR-317;493,000;492,000;1,000;23/05/2023;-9,7411216;-67,3665231;75,000
AM;BR-317;492,000;491,000;1,000;23/05/2023;-9,7411216;-67,3665231;78,750
AM;BR-317;491,000;490,000;1,000;23/05/2023;-9,7411216;-67,3665231;88,750
AM;BR-317;490,000;489,000;1,000;23/05/2023;-9,7411216;-67,3665231;92,500
AM;BR-317;489,000;488,000;1,000;23/05/2023;-9,7411216;-67,3665231;92,500
AM;BR-317;488,000;487,000;1,000;23/05/2023;-9,7411216;-67,3665231;85,000
AM;BR-317;487,000;486,000;1,000;23/05/2023;-9,7411216;-67,3665231;81,250
AM;BR-317;486,000;485,000;1,000;23/05/2023;-9,7411216;-67,3665231;77,500
AM;BR-317;485,000;484,000;1,000;23/05/2023;-9,7411216;-67,3665231;73,750
AM;BR-317;484,000;483,000;1,000;23/05/2023;-9,7411216;-67,3665231;81,250
AM;BR-317;483,000;482,000;1,000;23/05/2023;-9,7411216;-67,3665231;70,000
AM;BR-317;482,000;481,000;1,000;23/05/2023;-9,7411216;-67,3665231;81,250
AM;BR-317;481,000;480,000;1,000;23/05/2023;-9,7411216;-67,3665231;70,000
AM;BR-317;480,000;479,000;1,000;23/05/2023;-9,7571914;-67,3578581;88,750
AM;BR-317;479,000;478,860;0,140;23/05/2023;-9,7571914;-67,3578581;73,750
AM;BR-317;466,240;465,000;1,240;23/05/2023;-9,7571914;-67,3578581;100,000
AM;BR-317;465,000;464,000;1,000;23/05/2023;-9,7571914;-67,3578581;100,000
AM;BR-317;464,000;463,000;1,000;23/05/2023;-9,7571914;-67,3578581;100,000
AM;BR-317;463,000;462,000;1,000;23/05/2023;-9,7571914;-67,3578581;100,000
AM;BR-317;462,000;461,000;1,000;23/05/2023;-9,7571914;-67,3578581;100,000
AM;BR-317;461,000;460,000;1,000;23/05/2023;-9,7212275;-67,2381753;77,500
AM;BR-317;460,000;459,000;1,000;23/05/2023;-9,7212275;-67,2381753;100,000
AM;BR-317;459,000;458,000;1,000;23/05/2023;-9,7212275;-67,2381753;100,000
AM;BR-317;458,000;457,000;1,000;23/05/2023;-9,7212275;-67,2381753;100,000
AM;BR-317;457,000;456,000;1,000;23/05/2023;-9,7212275;-67,2381753;100,000
AM;BR-317;456,000;455,000;1,000;23/05/2023;-9,7212275;-67,2381753;88,750
AM;BR-317;455,000;454,000;1,000;23/05/2023;-9,7212275;-67,2381753;100,000
AM;BR-317;454,000;453,000;1,000;23/05/2023;-9,7212275;-67,2381753;92,500
AM;BR-317;453,000;452,640;0,360;23/05/2023;-9,7212275;-67,2381753;85,000
BA;BR-135;205,800;206,000;0,200;23/05/2023;-12,3258133;-45,0058416;12,500
BA;BR-135;206,000;207,000;1,000;23/05/2023;-12,36924;-44,97324;46,250
BA;BR-135;207,000;208,000;1,000;23/05/2023;-12,36924;-44,97324;15,000
BA;BR-135;208,000;209,000;1,000;23/05/2023;-12,36924;-44,97324;27,500
BA;BR-135;209,000;210,000;1,000;23/05/2023;-12,36924;-44,97324;28,750
BA;BR-135;210,000;211,000;1,000;23/05/2023;-12,36924;-44,97324;16,250
BA;BR-135;211,000;212,000;1,000;23/05/2023;-12,36924;-44,97324;16,250
BA;BR-135;212,000;213,000;1,000;23/05/2023;-12,36924;-44,97324;16,250
BA;BR-135;213,000;214,000;1,000;23/05/2023;-12,36924;-44,97324;8,750
BA;BR-135;214,000;215,000;1,000;23/05/2023;-12,36924;-44,97324;7,500
BA;BR-135;215,000;216,000;1,000;23/05/2023;-12,36924;-44,97324;67,500
BA;BR-135;216,000;217,000;1,000;23/05/2023;-12,36924;-44,97324;68,750
BA;BR-135;217,000;218,000;1,000;23/05/2023;-12,36924;-44,97324;67,500
BA;BR-135;218,000;219,000;1,000;23/05/2023;-12,36924;-44,97324;60,000
BA;BR-135;219,000;220,000;1,000;23/05/2023;-12,36924;-44,97324;53,750
BA;BR-135;220,000;221,000;1,000;23/05/2023;-12,36924;-44,97324;73,750
BA;BR-135;221,000;222,000;1,000;23/05/2023;-12,36924;-44,97324;52,500
BA;BR-135;222,000;223,000;1,000;23/05/2023;-12,36924;-44,97324;53,750
BA;BR-135;223,000;224,000;1,000;23/05/2023;-12,36924;-44,97324;53,750
BA;BR-135;224,000;225,000;1,000;23/05/2023;-12,36924;-44,97324;48,750
BA;BR-135;225,000;226,000;1,000;23/05/2023;-12,36924;-44,97324;53,750
BA;BR-135;226,000;227,000;1,000;23/05/2023;-12,36924;-44,97324;46,250
BA;BR-135;227,000;228,000;1,000;23/05/2023;-12,36924;-44,97324;46,250
BA;BR-135;319,800;320,000;0,200;23/05/2023;-12,3183656;-44,8620966;25,000
BA;BR-135;320,000;321,000;1,000;23/05/2023;-13,1544283;-44,6166433;66,250
BA;BR-135;321,000;321,200;0,200;23/05/2023;-13,1544283;-44,6166433;15,000
BA;BR-135;323,400;324,000;0,600;23/05/2023;-13,1655466;-44,612465;57,500
BA;BR-135;324,000;325,000;1,000;23/05/2023;-13,1825083;-44,617285;45,000
BA;BR-135;325,000;325,300;0,300;23/05/2023;-13,1825083;-44,617285;27,500
BA;BR-135;306,500;307,000;0,500;23/05/2023;-13,0454007;-44,6230641;0,000
BA;BR-135;307,000;307,100;0,100;23/05/2023;-13,0454648;-44,6230737;0,000
AM;BR-319;589,400;588,000;1,400;23/05/2023;-6,9852912;-63,0988048;17,500
AM;BR-319;588,000;587,000;1,000;23/05/2023;-6,9850245;-63,0986847;67,500
AM;BR-319;587,000;586,000;1,000;23/05/2023;-6,9764282;-63,096386;66,250
AM;BR-319;586,000;585,000;1,000;23/05/2023;-6,966423;-63,0933725;81,250
AM;BR-319;585,000;584,000;1,000;23/05/2023;-6,966423;-63,0933725;81,250
AM;BR-319;584,000;583,000;1,000;23/05/2023;-6,966423;-63,0933725;66,250
AM;BR-319;583,000;582,000;1,000;23/05/2023;-6,966423;-63,0933725;90,000
AM;BR-319;582,000;581,000;1,000;23/05/2023;-6,966423;-63,0933725;78,750
AM;BR-319;581,000;580,000;1,000;23/05/2023;-6,966423;-63,0933725;51,250
AM;BR-319;580,000;579,000;1,000;23/05/2023;-6,966423;-63,0933725;80,000
AM;BR-319;579,000;578,000;1,000;23/05/2023;-6,966423;-63,0933725;60,000
AM;BR-319;578,000;577,000;1,000;23/05/2023;-6,966423;-63,0933725;71,250
AM;BR-319;577,000;576,000;1,000;23/05/2023;-6,966423;-63,0933725;68,750
AM;BR-319;576,000;575,000;1,000;23/05/2023;-6,966423;-63,0933725;86,250
AM;BR-319;575,000;574,000;1,000;23/05/2023;-6,966423;-63,0933725;71,250
AM;BR-319;574,000;573,000;1,000;23/05/2023;-6,8589479;-63,0579082;78,750
AM;BR-319;573,000;572,000;1,000;23/05/2023;-6,8330282;-63,0431869;73,750
AM;BR-319;572,000;571,000;1,000;23/05/2023;-6,8330331;-63,0431868;52,500
AM;BR-319;571,000;570,000;1,000;23/05/2023;-6,8330266;-63,0431882;68,750
AM;BR-319;570,000;569,000;1,000;23/05/2023;-6,8330286;-63,0431887;83,750
AM;BR-319;569,000;568,000;1,000;23/05/2023;-6,8330319;-63,0431872;87,500
AM;BR-319;568,000;567,000;1,000;23/05/2023;-6,8330319;-63,0431872;72,500
AM;BR-319;567,000;566,000;1,000;23/05/2023;-6,8330319;-63,0431872;72,500
AM;BR-319;566,000;565,000;1,000;23/05/2023;-6,8330319;-63,0431872;83,750
AM;BR-319;565,000;564,000;1,000;23/05/2023;-6,8330319;-63,0431872;77,500
AM;BR-319;564,000;563,000;1,000;23/05/2023;-6,8330319;-63,0431872;58,750
AM;BR-319;563,000;562,000;1,000;23/05/2023;-6,8330319;-63,0431872;80,000
AM;BR-319;562,000;561,000;1,000;23/05/2023;-6,8330319;-63,0431872;68,750
AM;BR-319;561,000;560,000;1,000;23/05/2023;-6,8330319;-63,0431872;78,750
AM;BR-319;560,000;559,000;1,000;23/05/2023;-6,8330319;-63,0431872;82,500
AM;BR-319;559,000;558,000;1,000;23/05/2023;-6,8330319;-63,0431872;97,500
AM;BR-319;558,000;557,000;1,000;23/05/2023;-6,8330319;-63,0431872;78,750
AM;BR-319;557,000;556,000;1,000;23/05/2023;-6,8330319;-63,0431872;76,250
AM;BR-319;556,000;555,000;1,000;23/05/2023;-6,8330319;-63,0431872;91,250
AM;BR-319;555,000;554,000;1,000;23/05/2023;-6,8330319;-63,0431872;86,250
AM;BR-319;554,000;553,000;1,000;23/05/2023;-6,8330319;-63,0431872;83,750
AM;BR-319;553,000;552,000;1,000;23/05/2023;-6,8330319;-63,0431872;83,750
AM;BR-319;552,000;551,000;1,000;23/05/2023;-6,8330319;-63,0431872;76,250
AM;BR-319;551,000;550,000;1,000;23/05/2023;-6,8330319;-63,0431872;63,750
AM;BR-319;550,000;549,000;1,000;23/05/2023;-6,8330319;-63,0431872;63,750
AM;BR-319;549,000;548,000;1,000;23/05/2023;-6,8330319;-63,0431872;66,250
AM;BR-319;548,000;547,000;1,000;23/05/2023;-6,8330319;-63,0431872;65,000
AM;BR-319;547,000;546,000;1,000;23/05/2023;-6,8330319;-63,0431872;60,000
AM;BR-319;546,000;545,000;1,000;23/05/2023;-6,8330319;-63,0431872;67,500
AM;BR-319;545,000;544,000;1,000;23/05/2023;-6,8330319;-63,0431872;88,750
AM;BR-319;544,000;543,000;1,000;23/05/2023;-6,8330319;-63,0431872;77,500
AM;BR-319;543,000;542,000;1,000;23/05/2023;-6,8330319;-63,0431872;50,000
AM;BR-319;542,000;541,000;1,000;23/05/2023;-6,8330319;-63,0431872;77,500
AM;BR-319;541,000;540,000;1,000;23/05/2023;-6,8330319;-63,0431872;81,250
AM;BR-319;540,000;539,000;1,000;23/05/2023;-6,8330319;-63,0431872;73,750
AM;BR-319;539,000;538,000;1,000;23/05/2023;-6,8330319;-63,0431872;88,750
AM;BR-319;538,000;537,000;1,000;23/05/2023;-6,8330319;-63,0431872;77,500
AM;BR-319;537,000;536,000;1,000;23/05/2023;-6,8330319;-63,0431872;81,250
AM;BR-319;536,000;535,000;1,000;23/05/2023;-6,8330319;-63,0431872;71,250
AM;BR-319;535,000;534,000;1,000;23/05/2023;-6,8330319;-63,0431872;81,250
AM;BR-319;534,000;533,000;1,000;23/05/2023;-6,8330319;-63,0431872;91,250
AM;BR-319;533,000;532,000;1,000;23/05/2023;-6,8330319;-63,0431872;77,500
AM;BR-319;532,000;531,000;1,000;23/05/2023;-6,8330319;-63,0431872;88,750
AM;BR-319;531,000;530,000;1,000;23/05/2023;-6,8330319;-63,0431872;73,750
AM;BR-319;530,000;529,000;1,000;23/05/2023;-6,8330319;-63,0431872;77,500
AM;BR-319;529,000;528,000;1,000;23/05/2023;-6,8330319;-63,0431872;77,500
AM;BR-319;528,000;527,000;1,000;23/05/2023;-6,8330319;-63,0431872;81,250
AM;BR-319;527,000;526,000;1,000;23/05/2023;-6,4673245;-62,8857552;77,500
AM;BR-319;526,000;525,000;1,000;23/05/2023;-6,4673245;-62,8857552;77,500
AM;BR-319;525,000;524,000;1,000;23/05/2023;-6,4673245;-62,8857552;73,750
AM;BR-319;524,000;523,000;1,000;23/05/2023;-6,4673245;-62,8857552;71,250
AM;BR-319;523,000;522,000;1,000;23/05/2023;-6,4673245;-62,8857552;88,750
AM;BR-319;522,000;521,000;1,000;23/05/2023;-6,4673245;-62,8857552;81,250
AM;BR-319;521,000;520,000;1,000;23/05/2023;-6,4673245;-62,8857552;77,500
AM;BR-319;520,000;519,000;1,000;23/05/2023;-6,4673245;-62,8857552;98,750
AM;BR-319;519,000;518,000;1,000;23/05/2023;-6,4673245;-62,8857552;95,000
AM;BR-319;518,000;517,000;1,000;23/05/2023;-6,4673245;-62,8857552;81,250
AM;BR-319;517,000;516,000;1,000;23/05/2023;-6,4673245;-62,8857552;77,500
AM;BR-319;516,000;515,000;1,000;23/05/2023;-6,4673245;-62,8857552;77,500
AM;BR-319;515,000;514,000;1,000;23/05/2023;-6,4673245;-62,8857552;67,500
AM;BR-319;514,000;513,000;1,000;23/05/2023;-6,4673245;-62,8857552;65,000
AM;BR-319;513,800;512,000;1,800;24/05/2023;-7,4475114;-63,22694;70,000
AM;BR-319;512,000;511,000;1,000;24/05/2023;-7,4475114;-63,22694;76,250
AM;BR-319;511,000;510,000;1,000;24/05/2023;-7,4475114;-63,22694;87,500
AM;BR-319;510,000;509,000;1,000;24/05/2023;-7,4475114;-63,22694;77,500
AM;BR-319;509,000;508,000;1,000;24/05/2023;-7,4475114;-63,22694;66,250
AM;BR-319;508,000;507,000;1,000;24/05/2023;-7,4475114;-63,22694;76,250
AM;BR-319;507,000;506,000;1,000;24/05/2023;-7,4475114;-63,22694;81,250
AM;BR-319;506,000;505,000;1,000;24/05/2023;-7,4475114;-63,22694;83,750
AM;BR-319;505,000;504,000;1,000;24/05/2023;-7,4475114;-63,22694;87,500
AM;BR-319;504,000;503,000;1,000;24/05/2023;-7,4475114;-63,22694;95,000
AM;BR-319;503,000;502,000;1,000;24/05/2023;-7,4475114;-63,22694;76,250
AM;BR-319;502,000;501,000;1,000;24/05/2023;-7,4475114;-63,22694;95,000
AM;BR-319;501,000;500,000;1,000;24/05/2023;-7,4475114;-63,22694;80,000
AM;BR-319;500,000;499,000;1,000;24/05/2023;-7,4475114;-63,22694;87,500
AM;BR-319;499,000;498,000;1,000;24/05/2023;-7,4475114;-63,22694;73,750
AM;BR-319;498,000;497,000;1,000;24/05/2023;-7,4475114;-63,22694;47,500
AM;BR-319;497,000;496,000;1,000;24/05/2023;-7,4475114;-63,22694;77,500
AM;BR-319;496,000;495,000;1,000;24/05/2023;-7,4475114;-63,22694;76,250
AM;BR-319;495,000;494,000;1,000;24/05/2023;-7,4475114;-63,22694;95,000
AM;BR-319;494,000;493,000;1,000;24/05/2023;-7,4475114;-63,22694;95,000
AM;BR-319;493,000;492,000;1,000;24/05/2023;-7,4475114;-63,22694;95,000
AM;BR-319;492,000;491,000;1,000;24/05/2023;-7,4475114;-63,22694;95,000
AM;BR-319;491,000;490,000;1,000;24/05/2023;-7,4475114;-63,22694;95,000
AM;BR-319;490,000;489,000;1,000;24/05/2023;-7,547426;-63,0697687;95,000
AM;BR-319;489,000;488,000;1,000;24/05/2023;-7,547426;-63,0697687;80,000
AM;BR-319;488,000;487,000;1,000;24/05/2023;-7,547426;-63,0697687;95,000
AM;BR-319;487,000;486,000;1,000;24/05/2023;-7,547426;-63,0697687;87,500
AM;BR-319;486,000;485,000;1,000;24/05/2023;-7,547426;-63,0697687;95,000
AM;BR-319;485,000;484,000;1,000;24/05/2023;-7,547426;-63,0697687;95,000
AM;BR-319;484,000;483,000;1,000;24/05/2023;-7,547426;-63,0697687;91,250
AM;BR-319;483,000;482,000;1,000;24/05/2023;-7,547426;-63,0697687;78,750
AM;BR-319;482,000;481,000;1,000;24/05/2023;-7,547426;-63,0697687;80,000
AM;BR-319;481,000;480,000;1,000;24/05/2023;-7,547426;-63,0697687;72,500
AM;BR-319;480,000;479,000;1,000;24/05/2023;-7,547426;-63,0697687;80,000
AM;BR-319;479,000;478,000;1,000;24/05/2023;-7,547426;-63,0697687;85,000
AM;BR-319;478,000;477,000;1,000;24/05/2023;-7,547426;-63,0697687;66,250
AM;BR-319;477,000;476,000;1,000;24/05/2023;-7,547426;-63,0697687;76,250
AM;BR-319;476,000;475,000;1,000;24/05/2023;-7,547426;-63,0697687;95,000
AM;BR-319;475,000;474,000;1,000;24/05/2023;-7,547426;-63,0697687;80,000
AM;BR-319;474,000;473,000;1,000;24/05/2023;-7,547426;-63,0697687;81,250
AM;BR-319;473,000;472,000;1,000;24/05/2023;-7,547426;-63,0697687;70,000
AM;BR-319;472,000;471,000;1,000;24/05/2023;-7,547426;-63,0697687;55,000
AM;BR-319;471,000;470,000;1,000;24/05/2023;-7,547426;-63,0697687;73,750
AM;BR-319;470,000;469,000;1,000;24/05/2023;-7,547426;-63,0697687;67,500
AM;BR-319;469,000;468,000;1,000;24/05/2023;-7,547426;-63,0697687;88,750
AM;BR-319;468,000;467,000;1,000;24/05/2023;-7,547426;-63,0697687;72,500
AM;BR-319;467,000;466,000;1,000;24/05/2023;-7,547426;-63,0697687;95,000
AM;BR-319;466,000;465,000;1,000;24/05/2023;-7,547426;-63,0697687;91,250
AM;BR-319;465,000;464,000;1,000;24/05/2023;-7,547426;-63,0697687;95,000
AM;BR-319;464,000;463,000;1,000;24/05/2023;-7,547426;-63,0697687;95,000
AM;BR-319;463,000;462,000;1,000;24/05/2023;-7,547426;-63,0697687;95,000
AM;BR-319;462,000;461,000;1,000;24/05/2023;-7,547426;-63,0697687;85,000
AM;BR-319;461,000;460,000;1,000;24/05/2023;-7,547426;-63,0697687;85,000
AM;BR-319;460,000;459,000;1,000;24/05/2023;-7,547426;-63,0697687;88,750
AM;BR-319;459,000;458,000;1,000;24/05/2023;-7,547426;-63,0697687;95,000
AM;BR-319;458,000;457,000;1,000;24/05/2023;-7,547426;-63,0697687;85,000
AM;BR-319;457,000;456,000;1,000;24/05/2023;-7,547426;-63,0697687;87,500
AM;BR-319;456,000;455,000;1,000;24/05/2023;-7,547426;-63,0697687;85,000
AM;BR-319;455,000;454,000;1,000;24/05/2023;-7,547426;-63,0697687;95,000
AM;BR-319;454,000;453,000;1,000;24/05/2023;-7,547426;-63,0697687;82,500
AM;BR-319;453,000;452,000;1,000;24/05/2023;-7,547426;-63,0697687;91,250
AM;BR-319;452,000;451,000;1,000;24/05/2023;-7,547426;-63,0697687;87,500
AM;BR-319;451,000;450,000;1,000;24/05/2023;-7,547426;-63,0697687;91,250
AM;BR-319;450,000;449,000;1,000;24/05/2023;-7,547426;-63,0697687;95,000
AM;BR-319;449,000;448,000;1,000;24/05/2023;-7,547426;-63,0697687;88,750
AM;BR-319;448,000;447,000;1,000;24/05/2023;-7,547426;-63,0697687;87,500
AM;BR-319;447,000;446,000;1,000;24/05/2023;-7,547426;-63,0697687;68,750
AM;BR-319;446,000;445,000;1,000;24/05/2023;-7,547426;-63,0697687;78,750
AM;BR-319;445,000;444,000;1,000;24/05/2023;-7,547426;-63,0697687;91,250
AM;BR-319;444,000;443,000;1,000;24/05/2023;-7,547426;-63,0697687;95,000
AM;BR-319;443,000;442,000;1,000;24/05/2023;-7,547426;-63,0697687;73,750
AM;BR-319;442,000;441,000;1,000;24/05/2023;-7,547426;-63,0697687;85,000
AM;BR-319;441,000;440,000;1,000;24/05/2023;-7,547426;-63,0697687;95,000
AM;BR-319;440,000;439,000;1,000;24/05/2023;-7,547426;-63,0697687;85,000
AM;BR-319;439,000;438,000;1,000;24/05/2023;-7,547426;-63,0697687;76,250
AM;BR-319;438,000;437,000;1,000;24/05/2023;-7,547426;-63,0697687;76,250
AM;BR-319;437,000;436,000;1,000;24/05/2023;-7,547426;-63,0697687;87,500
AM;BR-319;436,000;435,000;1,000;24/05/2023;-7,547426;-63,0697687;88,750
AM;BR-319;435,000;434,000;1,000;24/05/2023;-7,547426;-63,0697687;95,000
AM;BR-319;434,000;433,000;1,000;24/05/2023;-7,547426;-63,0697687;95,000
AM;BR-319;433,000;432,000;1,000;24/05/2023;-7,547426;-63,0697687;87,500
BA;BR-030;588,400;589,000;0,600;24/05/2023;-14,1613139;-41,2106027;75,000
BA;BR-030;589,000;590,000;1,000;24/05/2023;-14,1613139;-41,2106027;75,000
BA;BR-030;590,000;591,000;1,000;24/05/2023;-14,1613139;-41,2106027;75,000
BA;BR-030;591,000;592,000;1,000;24/05/2023;-14,1613139;-41,2106027;75,000
BA;BR-030;592,000;593,000;1,000;24/05/2023;-14,1613139;-41,2106027;75,000
BA;BR-030;593,000;594,000;1,000;24/05/2023;-14,1613139;-41,2106027;75,000
BA;BR-030;594,000;595,000;1,000;24/05/2023;-14,1613139;-41,2106027;75,000
BA;BR-030;595,000;596,000;1,000;24/05/2023;-14,1613139;-41,2106027;75,000
BA;BR-030;596,000;597,000;1,000;24/05/2023;-14,1613139;-41,2106027;75,000
BA;BR-030;597,000;598,000;1,000;24/05/2023;-14,1613139;-41,2106027;75,000
BA;BR-030;598,000;599,000;1,000;24/05/2023;-14,1613139;-41,2106027;75,000
BA;BR-030;599,000;600,000;1,000;24/05/2023;-14,1613139;-41,2106027;75,000
BA;BR-030;600,000;601,000;1,000;24/05/2023;-14,1613139;-41,2106027;75,000
BA;BR-030;601,000;602,000;1,000;24/05/2023;-14,1613139;-41,2106027;75,000
BA;BR-030;602,000;603,000;1,000;24/05/2023;-14,1613139;-41,2106027;75,000
BA;BR-030;603,000;604,000;1,000;24/05/2023;-14,1613139;-41,2106027;75,000
BA;BR-030;604,000;605,000;1,000;24/05/2023;-14,1613139;-41,2106027;75,000
BA;BR-030;605,000;606,000;1,000;24/05/2023;-14,1613139;-41,2106027;75,000
BA;BR-030;606,000;607,000;1,000;24/05/2023;-14,1613139;-41,2106027;75,000
BA;BR-030;607,000;608,000;1,000;24/05/2023;-14,1613139;-41,2106027;86,250
BA;BR-030;608,000;609,000;1,000;24/05/2023;-14,1613139;-41,2106027;86,250
BA;BR-030;609,000;610,000;1,000;24/05/2023;-14,1613139;-41,2106027;90,000
BA;BR-030;610,000;611,000;1,000;24/05/2023;-14,1613139;-41,2106027;90,000
BA;BR-030;611,000;612,000;1,000;24/05/2023;-14,1613139;-41,2106027;75,000
BA;BR-030;612,000;613,000;1,000;24/05/2023;-14,1613139;-41,2106027;75,000
BA;BR-030;613,000;614,000;1,000;24/05/2023;-14,1613139;-41,2106027;75,000
BA;BR-030;614,000;615,000;1,000;24/05/2023;-14,1613139;-41,2106027;75,000
BA;BR-030;615,000;616,000;1,000;24/05/2023;-14,1613139;-41,2106027;76,250
BA;BR-030;616,000;617,000;1,000;24/05/2023;-14,1613139;-41,2106027;76,250
BA;BR-030;617,000;618,000;1,000;24/05/2023;-14,1613139;-41,2106027;76,250
BA;BR-030;618,000;619,000;1,000;24/05/2023;-14,1613139;-41,2106027;76,250
BA;BR-030;619,000;620,000;1,000;24/05/2023;-14,1613139;-41,2106027;76,250
BA;BR-030;620,000;621,000;1,000;24/05/2023;-14,1613139;-41,2106027;76,250
BA;BR-030;621,000;622,000;1,000;24/05/2023;-14,1613139;-41,2106027;76,250
BA;BR-030;622,000;623,000;1,000;24/05/2023;-14,1613139;-41,2106027;76,250
BA;BR-030;623,000;624,000;1,000;24/05/2023;-14,1613139;-41,2106027;76,250
BA;BR-030;624,000;625,000;1,000;24/05/2023;-14,1613139;-41,2106027;76,250
BA;BR-030;625,000;626,000;1,000;24/05/2023;-14,1613139;-41,2106027;76,250
BA;BR-030;626,000;627,000;1,000;24/05/2023;-14,1613139;-41,2106027;76,250
BA;BR-030;627,000;628,000;1,000;24/05/2023;-14,1613139;-41,2106027;76,250
BA;BR-030;628,000;629,000;1,000;24/05/2023;-14,1613139;-41,2106027;76,250
BA;BR-030;629,000;630,000;1,000;24/05/2023;-14,1613139;-41,2106027;76,250
BA;BR-030;630,000;631,000;1,000;24/05/2023;-14,1613139;-41,2106027;76,250
BA;BR-030;631,000;632,000;1,000;24/05/2023;-14,1613139;-41,2106027;76,250
BA;BR-030;632,000;633,000;1,000;24/05/2023;-14,1613139;-41,2106027;78,750
BA;BR-030;633,000;634,000;1,000;24/05/2023;-14,1613139;-41,2106027;76,250
BA;BR-030;634,000;635,000;1,000;24/05/2023;-14,1613139;-41,2106027;80,000
BA;BR-030;635,000;636,000;1,000;24/05/2023;-14,1613139;-41,2106027;76,250
BA;BR-030;636,000;637,000;1,000;24/05/2023;-14,1613139;-41,2106027;80,000
BA;BR-030;637,000;638,000;1,000;24/05/2023;-14,1613139;-41,2106027;80,000
BA;BR-030;638,000;639,000;1,000;24/05/2023;-14,1613139;-41,2106027;76,250
BA;BR-030;639,000;640,000;1,000;24/05/2023;-14,1613139;-41,2106027;75,000
BA;BR-030;640,000;641,000;1,000;24/05/2023;-14,1613139;-41,2106027;0,000
BA;BR-030;641,000;642,000;1,000;24/05/2023;-14,1613139;-41,2106027;0,000
BA;BR-030;642,000;643,000;1,000;24/05/2023;-14,1613139;-41,2106027;0,000
BA;BR-030;643,000;644,000;1,000;24/05/2023;-14,1613139;-41,2106027;0,000
BA;BR-030;644,000;645,000;1,000;24/05/2023;-14,1613139;-41,2106027;0,000
BA;BR-030;645,000;646,000;1,000;24/05/2023;-14,1613139;-41,2106027;0,000
BA;BR-030;646,000;647,000;1,000;24/05/2023;-14,1613139;-41,2106027;0,000
BA;BR-030;647,000;648,000;1,000;24/05/2023;-14,1613139;-41,2106027;0,000
BA;BR-030;648,000;649,000;1,000;24/05/2023;-14,1613139;-41,2106027;0,000
BA;BR-030;649,000;650,000;1,000;24/05/2023;-14,1613139;-41,2106027;0,000
BA;BR-030;650,000;651,000;1,000;24/05/2023;-14,1613139;-41,2106027;0,000
BA;BR-030;651,000;652,000;1,000;24/05/2023;-14,1613139;-41,2106027;0,000
BA;BR-030;652,000;653,000;1,000;24/05/2023;-14,1613139;-41,2106027;0,000
BA;BR-030;653,000;654,000;1,000;24/05/2023;-14,1613139;-41,2106027;0,000
BA;BR-030;654,000;655,000;1,000;24/05/2023;-14,1613139;-41,2106027;0,000
BA;BR-030;655,000;656,000;1,000;24/05/2023;-14,1613139;-41,2106027;0,000
BA;BR-030;656,000;657,000;1,000;24/05/2023;-14,1613139;-41,2106027;0,000
BA;BR-030;657,000;658,000;1,000;24/05/2023;-14,1613139;-41,2106027;0,000
BA;BR-030;658,000;659,000;1,000;24/05/2023;-14,1613139;-41,2106027;0,000
BA;BR-030;659,000;660,000;1,000;24/05/2023;-14,1613139;-41,2106027;0,000
BA;BR-030;660,000;661,000;1,000;24/05/2023;-14,1613139;-41,2106027;0,000
BA;BR-030;661,000;662,000;1,000;24/05/2023;-14,1613139;-41,2106027;0,000
BA;BR-030;662,000;663,000;1,000;24/05/2023;-14,8620431;-40,8144419;0,000
BA;BR-030;663,000;664,000;1,000;24/05/2023;-14,8620431;-40,8144419;0,000
BA;BR-030;664,000;665,000;1,000;24/05/2023;-14,8620431;-40,8144419;0,000
BA;BR-030;665,000;666,000;1,000;24/05/2023;-14,8620431;-40,8144419;0,000
BA;BR-030;666,000;667,000;1,000;24/05/2023;-14,8620431;-40,8144419;0,000
BA;BR-030;667,000;668,000;1,000;24/05/2023;-14,8620431;-40,8144419;0,000
BA;BR-030;668,000;669,000;1,000;24/05/2023;-14,8620431;-40,8144419;0,000
BA;BR-030;669,000;670,000;1,000;24/05/2023;-14,8620431;-40,8144419;0,000
BA;BR-030;670,000;671,000;1,000;24/05/2023;-14,8620431;-40,8144419;0,000
BA;BR-030;671,000;672,000;1,000;24/05/2023;-14,8620431;-40,8144419;0,000
BA;BR-030;672,000;673,000;1,000;24/05/2023;-14,8620431;-40,8144419;0,000
BA;BR-030;673,000;674,000;1,000;24/05/2023;-14,8620431;-40,8144419;0,000
BA;BR-030;674,000;675,000;1,000;24/05/2023;-14,8620431;-40,8144419;0,000
BA;BR-030;675,000;676,000;1,000;24/05/2023;-14,8620431;-40,8144419;0,000
BA;BR-030;676,000;677,000;1,000;24/05/2023;-14,8620431;-40,8144419;0,000
BA;BR-030;677,000;678,000;1,000;24/05/2023;-14,8620431;-40,8144419;0,000
BA;BR-030;678,000;679,000;1,000;24/05/2023;-14,8620431;-40,8144419;0,000
BA;BR-030;679,000;680,000;1,000;24/05/2023;-14,8620431;-40,8144419;0,000
BA;BR-030;680,000;681,000;1,000;24/05/2023;-14,8620431;-40,8144419;0,000
BA;BR-030;681,000;682,000;1,000;24/05/2023;-14,8620431;-40,8144419;75,000
BA;BR-030;682,000;683,000;1,000;24/05/2023;-14,8620431;-40,8144419;75,000
BA;BR-030;683,000;684,000;1,000;24/05/2023;-14,8620431;-40,8144419;75,000
BA;BR-030;684,000;685,000;1,000;24/05/2023;-14,8620431;-40,8144419;76,250
BA;BR-030;685,000;686,000;1,000;24/05/2023;-14,8620431;-40,8144419;76,250
BA;BR-030;686,000;687,000;1,000;24/05/2023;-14,8620431;-40,8144419;76,250
BA;BR-030;687,000;688,000;1,000;24/05/2023;-14,8620431;-40,8144419;76,250
BA;BR-030;688,000;689,000;1,000;24/05/2023;-14,8620431;-40,8144419;76,250
BA;BR-030;689,000;690,000;1,000;24/05/2023;-14,8620431;-40,8144419;76,250
BA;BR-030;690,000;691,000;1,000;24/05/2023;-14,8620431;-40,8144419;76,250
BA;BR-030;691,000;692,000;1,000;24/05/2023;-14,8620431;-40,8144419;76,250
BA;BR-030;692,000;693,000;1,000;24/05/2023;-14,8620431;-40,8144419;76,250
BA;BR-030;693,000;694,000;1,000;24/05/2023;-14,8620431;-40,8144419;76,250
BA;BR-030;694,000;695,000;1,000;24/05/2023;-14,8620431;-40,8144419;76,250
BA;BR-030;695,000;696,000;1,000;24/05/2023;-14,8620431;-40,8144419;76,250
BA;BR-030;696,000;697,000;1,000;24/05/2023;-14,8620431;-40,8144419;76,250
BA;BR-030;697,000;698,000;1,000;24/05/2023;-14,8620431;-40,8144419;76,250
BA;BR-030;698,000;699,000;1,000;24/05/2023;-14,8620431;-40,8144419;76,250
BA;BR-030;699,000;700,000;1,000;24/05/2023;-14,8620431;-40,8144419;76,250
BA;BR-030;700,000;701,000;1,000;24/05/2023;-14,8620431;-40,8144419;86,250
BA;BR-030;701,000;702,000;1,000;24/05/2023;-14,8620431;-40,8144419;86,250
GO;BR-070;67,300;68,000;0,700;22/05/2023;-15,7777017;-48,779066;0,000
GO;BR-070;68,000;69,000;1,000;22/05/2023;-15,7868138;-48,7855333;0,000
GO;BR-070;69,000;70,000;1,000;22/05/2023;-15,7847892;-48,7779956;0,000
GO;BR-070;70,000;71,000;1,000;22/05/2023;-15,7822518;-48,7971861;0,000
GO;BR-070;71,000;72,000;1,000;22/05/2023;-15,7752201;-48,7698309;0,000
GO;BR-070;72,000;73,000;1,000;22/05/2023;-15,781269;-48,8167561;0,000
GO;BR-070;73,000;74,000;1,000;22/05/2023;-15,7808021;-48,8290291;0,000
GO;BR-070;74,000;75,000;1,000;22/05/2023;-15,7621136;-48,7823925;0,000
GO;BR-070;75,000;76,000;1,000;22/05/2023;-15,7954727;-48,7858474;2,500
GO;BR-070;76,000;77,000;1,000;22/05/2023;-15,7954727;-48,7858474;2,500
GO;BR-070;77,000;78,000;1,000;22/05/2023;-15,7778122;-48,7695169;0,000
GO;BR-070;78,000;79,000;1,000;22/05/2023;-15,7883853;-48,8720897;0,000
GO;BR-070;79,000;80,000;1,000;22/05/2023;-15,7883853;-48,8720897;0,000
GO;BR-070;80,000;81,000;1,000;22/05/2023;-15,7883853;-48,8720897;0,000
GO;BR-070;81,000;82,000;1,000;22/05/2023;-15,7883853;-48,8720897;0,000
GO;BR-070;82,000;83,000;1,000;22/05/2023;-15,7883853;-48,8720897;0,000
GO;BR-070;83,000;84,000;1,000;22/05/2023;-15,7883853;-48,8720897;0,000
GO;BR-070;84,000;85,000;1,000;22/05/2023;-15,7883853;-48,8720897;0,000
GO;BR-070;85,000;86,000;1,000;22/05/2023;-15,7883853;-48,8720897;0,000
GO;BR-070;86,000;87,000;1,000;22/05/2023;-15,7883853;-48,8720897;0,000
GO;BR-070;87,000;88,000;1,000;22/05/2023;-15,7883853;-48,8720897;0,000
GO;BR-070;88,000;89,000;1,000;22/05/2023;-15,7883853;-48,8720897;0,000
GO;BR-070;89,000;90,000;1,000;22/05/2023;-15,7883853;-48,8720897;0,000
GO;BR-070;90,000;91,000;1,000;22/05/2023;-15,7883853;-48,8720897;0,000
GO;BR-070;91,000;92,000;1,000;22/05/2023;-15,7883853;-48,8720897;45,000
GO;BR-070;92,000;93,000;1,000;22/05/2023;-15,7883853;-48,8720897;7,500
GO;BR-070;93,000;94,000;1,000;22/05/2023;-15,7883853;-48,8720897;0,000
GO;BR-070;94,000;95,000;1,000;22/05/2023;-15,7883853;-48,8720897;0,000
GO;BR-070;95,000;96,000;1,000;22/05/2023;-15,7883853;-48,8720897;5,000
GO;BR-070;96,000;97,000;1,000;22/05/2023;-15,7883853;-48,8720897;0,000
GO;BR-070;97,000;98,000;1,000;22/05/2023;-15,7883853;-48,8720897;0,000
GO;BR-070;98,000;99,000;1,000;22/05/2023;-15,8080215;-49,0171801;27,500
GO;BR-070;99,000;100,000;1,000;22/05/2023;-15,8080215;-49,0171801;27,500
GO;BR-070;100,000;101,000;1,000;22/05/2023;-15,8080215;-49,0171801;27,500
GO;BR-070;101,000;102,000;1,000;22/05/2023;-15,8080215;-49,0171801;47,500
GO;BR-070;102,000;103,000;1,000;22/05/2023;-15,8080215;-49,0171801;32,500
GO;BR-070;103,000;104,000;1,000;22/05/2023;-15,8080215;-49,0171801;5,000
GO;BR-070;104,000;105,000;1,000;22/05/2023;-15,8080215;-49,0171801;12,500
GO;BR-070;105,000;106,000;1,000;22/05/2023;-15,8080215;-49,0171801;5,000
GO;BR-070;106,000;107,000;1,000;22/05/2023;-15,807911;-49,021911;12,500
GO;BR-070;107,000;108,000;1,000;22/05/2023;-15,8589772;-48,9594944;17,500
GO;BR-070;108,000;109,000;1,000;22/05/2023;-15,8589772;-48,9594944;7,500
GO;BR-070;109,000;110,000;1,000;22/05/2023;-15,8589772;-48,9594944;0,000
GO;BR-070;110,000;111,000;1,000;22/05/2023;-15,8288864;-49,1387308;5,000
GO;BR-070;111,000;112,000;1,000;22/05/2023;-15,8288864;-49,1387308;5,000
GO;BR-070;112,000;113,000;1,000;22/05/2023;-15,8288864;-49,1387308;0,000
GO;BR-070;113,000;114,000;1,000;22/05/2023;-15,8263222;-49,1661425;0,000
GO;BR-070;114,000;115,000;1,000;22/05/2023;-15,8263222;-49,1661425;0,000
GO;BR-070;115,000;116,000;1,000;22/05/2023;-15,8263222;-49,1661425;0,000
GO;BR-070;116,000;117,000;1,000;22/05/2023;-15,8263222;-49,1661425;15,000
GO;BR-070;117,000;118,000;1,000;22/05/2023;-15,8263222;-49,1661425;15,000
GO;BR-070;118,000;119,000;1,000;22/05/2023;-15,7634771;-49,3131425;15,000
GO;BR-070;119,000;120,000;1,000;22/05/2023;-15,7634771;-49,3131425;15,000
GO;BR-070;120,000;121,000;1,000;22/05/2023;-15,7634771;-49,3131425;2,500
GO;BR-070;121,000;122,000;1,000;22/05/2023;-15,765419;-49,3125085;2,500
GO;BR-070;122,000;123,000;1,000;22/05/2023;-15,765419;-49,3125085;0,000
GO;BR-070;123,000;124,000;1,000;22/05/2023;-15,765419;-49,3125085;0,000
GO;BR-070;124,000;125,000;1,000;22/05/2023;-15,7634771;-49,3131425;0,000
GO;BR-070;125,000;126,000;1,000;22/05/2023;-15,7634771;-49,3131425;0,000
MS;BR-419;64,000;65,000;1,000;24/05/2023;-20,5204288;-54,6469336;37,500
MS;BR-419;65,000;66,000;1,000;24/05/2023;-20,5204288;-54,6469336;37,500
MS;BR-419;66,000;67,000;1,000;24/05/2023;-20,5204288;-54,6469336;32,500
MS;BR-419;67,000;68,000;1,000;24/05/2023;-20,5204288;-54,6469336;30,000
MS;BR-419;68,000;69,000;1,000;24/05/2023;-20,5204288;-54,6469336;27,500
MS;BR-419;69,000;70,000;1,000;24/05/2023;-20,5204288;-54,6469336;32,500
MS;BR-419;70,000;71,000;1,000;24/05/2023;-20,5204288;-54,6469336;5,000
MS;BR-419;71,000;72,000;1,000;24/05/2023;-20,5204288;-54,6469336;32,500
MS;BR-419;72,000;73,000;1,000;24/05/2023;-20,5204288;-54,6469336;22,500
MS;BR-419;73,000;74,000;1,000;24/05/2023;-20,5204288;-54,6469336;37,500
MS;BR-419;74,000;75,000;1,000;24/05/2023;-20,5204288;-54,6469336;25,000
MS;BR-419;75,000;76,000;1,000;24/05/2023;-20,5204288;-54,6469336;37,500
MS;BR-419;76,000;77,000;1,000;24/05/2023;-20,5204288;-54,6469336;25,000
MS;BR-419;77,000;78,000;1,000;24/05/2023;-20,5204288;-54,6469336;25,000
MS;BR-419;78,000;79,000;1,000;24/05/2023;-20,5204288;-54,6469336;25,000
MS;BR-419;79,000;80,000;1,000;24/05/2023;-20,5204288;-54,6469336;25,000
MS;BR-419;80,000;81,000;1,000;24/05/2023;-20,5204288;-54,6469336;25,000
MS;BR-419;81,000;82,000;1,000;24/05/2023;-20,5204288;-54,6469336;25,000
MS;BR-419;82,000;83,000;1,000;24/05/2023;-20,5204288;-54,6469336;25,000
MS;BR-419;83,000;84,000;1,000;24/05/2023;-20,5204288;-54,6469336;25,000
MS;BR-419;84,000;85,000;1,000;24/05/2023;-20,5204288;-54,6469336;25,000
MS;BR-419;85,000;86,000;1,000;24/05/2023;-20,5204288;-54,6469336;25,000
MS;BR-419;86,000;87,000;1,000;24/05/2023;-20,5204288;-54,6469336;25,000
MS;BR-419;87,000;88,000;1,000;24/05/2023;-20,5204288;-54,6469336;45,000
MS;BR-419;88,000;89,000;1,000;24/05/2023;-20,5204288;-54,6469336;25,000
MS;BR-419;89,000;90,000;1,000;24/05/2023;-20,5204288;-54,6469336;25,000
MS;BR-419;90,000;91,000;1,000;24/05/2023;-20,5204288;-54,6469336;25,000
MS;BR-419;91,000;92,000;1,000;24/05/2023;-20,5204288;-54,6469336;25,000
MS;BR-419;92,000;93,000;1,000;24/05/2023;-20,5204288;-54,6469336;25,000
MS;BR-419;93,000;94,000;1,000;24/05/2023;-20,5204288;-54,6469336;25,000
MS;BR-419;94,000;95,000;1,000;24/05/2023;-20,5204288;-54,6469336;25,000
MS;BR-419;95,000;96,000;1,000;24/05/2023;-20,5204288;-54,6469336;25,000
MS;BR-419;96,000;97,000;1,000;24/05/2023;-20,5204288;-54,6469336;25,000
MS;BR-419;97,000;98,000;1,000;24/05/2023;-20,5204288;-54,6469336;25,000
MS;BR-419;98,000;99,000;1,000;24/05/2023;-20,5204288;-54,6469336;25,000
MS;BR-419;99,000;100,000;1,000;24/05/2023;-20,5204288;-54,6469336;25,000
MS;BR-419;100,000;101,000;1,000;24/05/2023;-20,5204288;-54,6469336;25,000
MS;BR-419;101,000;102,000;1,000;24/05/2023;-20,5204288;-54,6469336;25,000
MS;BR-419;102,000;103,000;1,000;24/05/2023;-20,5204288;-54,6469336;25,000
MS;BR-419;103,000;104,000;1,000;24/05/2023;-20,5204288;-54,6469336;27,500
MS;BR-419;104,000;105,000;1,000;24/05/2023;-20,5204288;-54,6469336;25,000
MS;BR-419;105,000;106,000;1,000;24/05/2023;-20,5204288;-54,6469336;40,000
MS;BR-419;106,000;107,000;1,000;24/05/2023;-20,5204288;-54,6469336;25,000
MS;BR-419;107,000;108,000;1,000;24/05/2023;-20,5204288;-54,6469336;25,000
MS;BR-419;108,000;109,000;1,000;24/05/2023;-20,5204288;-54,6469336;25,000
MS;BR-419;109,000;110,000;1,000;24/05/2023;-20,5204288;-54,6469336;25,000
MS;BR-419;110,000;111,000;1,000;24/05/2023;-20,5204288;-54,6469336;25,000
MS;BR-419;111,000;112,000;1,000;24/05/2023;-20,5204288;-54,6469336;70,000
MS;BR-419;112,000;113,000;1,000;24/05/2023;-20,5204288;-54,6469336;56,250
MS;BR-419;113,000;114,000;1,000;24/05/2023;-20,5204288;-54,6469336;25,000
MS;BR-419;114,000;115,000;1,000;24/05/2023;-20,5204288;-54,6469336;25,000
MS;BR-419;115,000;116,000;1,000;24/05/2023;-20,5204288;-54,6469336;27,500
MS;BR-419;116,000;117,000;1,000;24/05/2023;-20,5204288;-54,6469336;25,000
MS;BR-419;117,000;118,000;1,000;24/05/2023;-20,5204288;-54,6469336;25,000
MS;BR-419;118,000;119,000;1,000;24/05/2023;-20,5204288;-54,6469336;25,000
MS;BR-419;119,000;120,000;1,000;24/05/2023;-20,5204288;-54,6469336;25,000
MS;BR-419;120,000;121,000;1,000;24/05/2023;-20,5204288;-54,6469336;25,000
MS;BR-419;121,000;122,000;1,000;24/05/2023;-20,5204288;-54,6469336;25,000
MS;BR-419;122,000;123,000;1,000;24/05/2023;-20,5204288;-54,6469336;25,000
MS;BR-419;123,000;124,000;1,000;24/05/2023;-20,5204288;-54,6469336;25,000
MS;BR-419;124,000;125,000;1,000;24/05/2023;-20,5204288;-54,6469336;25,000
MS;BR-419;125,000;126,000;1,000;24/05/2023;-20,5204288;-54,6469336;25,000
MS;BR-419;126,000;127,000;1,000;24/05/2023;-20,5204288;-54,6469336;25,000
MS;BR-419;127,000;128,000;1,000;24/05/2023;-20,5204288;-54,6469336;25,000
MS;BR-419;128,000;129,000;1,000;24/05/2023;-20,5204288;-54,6469336;25,000
MS;BR-419;129,000;130,000;1,000;24/05/2023;-20,5204288;-54,6469336;25,000
MS;BR-419;130,000;131,000;1,000;24/05/2023;-20,5204288;-54,6469336;25,000
MS;BR-419;131,000;132,000;1,000;24/05/2023;-20,5204288;-54,6469336;37,500
MS;BR-419;132,000;133,000;1,000;24/05/2023;-20,5204288;-54,6469336;37,500
MS;BR-419;133,000;134,000;1,000;24/05/2023;-20,5204288;-54,6469336;37,500
MS;BR-419;134,000;135,000;1,000;24/05/2023;-20,5204288;-54,6469336;37,500
MS;BR-419;135,000;136,000;1,000;24/05/2023;-20,5204288;-54,6469336;25,000
MS;BR-419;136,000;137,000;1,000;24/05/2023;-20,5204288;-54,6469336;25,000
MS;BR-419;137,000;138,000;1,000;24/05/2023;-20,5204288;-54,6469336;25,000
MS;BR-419;137,300;138,000;0,700;24/05/2023;-20,5204288;-54,6469336;25,000
MS;BR-419;138,000;139,000;1,000;24/05/2023;-20,5204288;-54,6469336;25,000
MS;BR-419;139,000;140,000;1,000;24/05/2023;-20,5204288;-54,6469336;37,500
MS;BR-419;140,000;141,000;1,000;24/05/2023;-20,5204288;-54,6469336;37,500
MS;BR-419;141,000;142,000;1,000;24/05/2023;-20,5204288;-54,6469336;25,000
MS;BR-419;142,000;143,000;1,000;24/05/2023;-20,5204288;-54,6469336;37,500
MS;BR-419;143,000;144,000;1,000;24/05/2023;-20,5204288;-54,6469336;25,000
MS;BR-419;144,000;145,000;1,000;24/05/2023;-20,5204288;-54,6469336;37,500
MS;BR-419;145,000;146,000;1,000;24/05/2023;-20,5204288;-54,6469336;25,000
MS;BR-419;146,000;147,000;1,000;24/05/2023;-20,5204288;-54,6469336;37,500
MS;BR-419;147,000;148,000;1,000;24/05/2023;-20,5204288;-54,6469336;25,000
MS;BR-419;148,000;149,000;1,000;24/05/2023;-20,5204288;-54,6469336;25,000
MS;BR-419;149,000;150,000;1,000;24/05/2023;-20,5204288;-54,6469336;25,000
MS;BR-419;150,000;151,000;1,000;24/05/2023;-20,5204288;-54,6469336;37,500
MS;BR-419;151,000;152,000;1,000;24/05/2023;-20,5204288;-54,6469336;37,500
MS;BR-419;152,000;153,000;1,000;24/05/2023;-20,5204288;-54,6469336;25,000
MS;BR-419;153,000;154,000;1,000;24/05/2023;-20,5204288;-54,6469336;37,500
MS;BR-419;154,000;155,000;1,000;24/05/2023;-20,5204288;-54,6469336;25,000
MS;BR-419;155,000;156,000;1,000;24/05/2023;-20,5204288;-54,6469336;37,500
MS;BR-419;156,000;157,000;1,000;24/05/2023;-20,5204288;-54,6469336;10,000
MS;BR-419;157,000;158,000;1,000;24/05/2023;-20,5204288;-54,6469336;25,000
MS;BR-419;158,000;159,000;1,000;24/05/2023;-20,5204288;-54,6469336;37,500
MS;BR-419;159,000;160,000;1,000;24/05/2023;-20,5204288;-54,6469336;25,000
MS;BR-419;160,000;161,000;1,000;24/05/2023;-20,5204288;-54,6469336;25,000
MS;BR-419;161,000;162,000;1,000;24/05/2023;-20,5204288;-54,6469336;25,000
MS;BR-419;162,000;163,000;1,000;24/05/2023;-20,5204288;-54,6469336;25,000
MS;BR-419;163,000;164,000;1,000;24/05/2023;-20,5204288;-54,6469336;25,000
MS;BR-419;164,000;165,000;1,000;24/05/2023;-20,5204288;-54,6469336;37,500
MS;BR-419;165,000;166,000;1,000;24/05/2023;-20,5204288;-54,6469336;37,500
MS;BR-419;166,000;167,000;1,000;24/05/2023;-20,5204288;-54,6469336;37,500
MS;BR-419;167,000;168,000;1,000;24/05/2023;-20,5204288;-54,6469336;37,500
MS;BR-419;168,000;169,000;1,000;24/05/2023;-20,5204288;-54,6469336;37,500
MS;BR-419;169,000;170,000;1,000;24/05/2023;-20,5204288;-54,6469336;37,500
MS;BR-419;170,000;171,000;1,000;24/05/2023;-20,5204288;-54,6469336;37,500
MS;BR-419;171,000;172,000;1,000;24/05/2023;-20,5204288;-54,6469336;37,500
MS;BR-419;172,000;173,000;1,000;24/05/2023;-20,5204288;-54,6469336;37,500
MS;BR-419;173,000;174,000;1,000;24/05/2023;-20,5204288;-54,6469336;37,500
MS;BR-419;174,000;175,000;1,000;24/05/2023;-20,5204288;-54,6469336;40,000
MS;BR-419;175,000;176,000;1,000;24/05/2023;-20,5204288;-54,6469336;37,500
MS;BR-419;176,000;177,000;1,000;24/05/2023;-20,5204288;-54,6469336;37,500
MS;BR-419;177,000;178,000;1,000;24/05/2023;-20,5204288;-54,6469336;25,000
MS;BR-419;178,000;179,000;1,000;24/05/2023;-20,5204288;-54,6469336;25,000
MS;BR-419;179,000;180,000;1,000;24/05/2023;-20,5204288;-54,6469336;25,000
MS;BR-419;180,000;181,000;1,000;24/05/2023;-20,5204288;-54,6469336;37,500
MS;BR-419;181,000;182,000;1,000;24/05/2023;-20,5204288;-54,6469336;40,000
MS;BR-419;182,000;183,000;1,000;24/05/2023;-20,5204288;-54,6469336;37,500
MS;BR-419;183,000;184,000;1,000;24/05/2023;-20,5204288;-54,6469336;25,000
MS;BR-419;184,000;185,000;1,000;24/05/2023;-20,5204288;-54,6469336;25,000
MS;BR-419;185,000;186,000;1,000;24/05/2023;-20,5204288;-54,6469336;25,000
MS;BR-419;186,000;187,000;1,000;24/05/2023;-20,5204288;-54,6469336;25,000
MS;BR-419;187,000;188,000;1,000;24/05/2023;-20,5204288;-54,6469336;35,000
MS;BR-419;188,000;189,000;1,000;24/05/2023;-20,5204288;-54,6469336;25,000
MS;BR-419;189,000;190,000;1,000;24/05/2023;-20,5204288;-54,6469336;25,000
MS;BR-419;190,000;191,000;1,000;24/05/2023;-20,5204288;-54,6469336;25,000
MS;BR-419;191,000;192,000;1,000;24/05/2023;-20,5204288;-54,6469336;25,000
MS;BR-419;192,000;193,000;1,000;24/05/2023;-20,5204288;-54,6469336;25,000
MS;BR-419;193,000;194,000;1,000;24/05/2023;-20,5204288;-54,6469336;25,000
MS;BR-419;194,000;195,000;1,000;24/05/2023;-20,5204288;-54,6469336;25,000
MS;BR-419;195,000;196,000;1,000;24/05/2023;-20,5204288;-54,6469336;25,000
MS;BR-419;196,000;197,000;1,000;24/05/2023;-20,5204288;-54,6469336;25,000
MS;BR-419;197,000;198,000;1,000;24/05/2023;-20,5204288;-54,6469336;37,500
MS;BR-419;198,000;199,000;1,000;24/05/2023;-20,5204288;-54,6469336;37,500
MS;BR-419;199,000;200,000;1,000;24/05/2023;-20,5204288;-54,6469336;25,000
MS;BR-419;200,000;201,000;1,000;24/05/2023;-20,5204288;-54,6469336;37,500
MS;BR-419;201,000;202,000;1,000;24/05/2023;-20,5204288;-54,6469336;37,500
MS;BR-419;202,000;203,000;1,000;24/05/2023;-20,5204288;-54,6469336;25,000
MS;BR-419;203,000;204,000;1,000;24/05/2023;-20,5204288;-54,6469336;25,000
MS;BR-419;204,000;205,000;1,000;24/05/2023;-20,5204288;-54,6469336;25,000
MS;BR-419;205,000;206,000;1,000;24/05/2023;-20,5204288;-54,6469336;25,000
MS;BR-419;206,000;207,000;1,000;24/05/2023;-20,5204288;-54,6469336;25,000
MS;BR-419;207,000;208,000;1,000;24/05/2023;-20,5204288;-54,6469336;25,000
MS;BR-419;208,000;209,000;1,000;24/05/2023;-20,5204288;-54,6469336;25,000
MS;BR-419;209,000;210,000;1,000;24/05/2023;-20,5204288;-54,6469336;20,000
MT;BR-174;598,000;599,000;1,000;24/05/2023;-12,0648721;-59,645112;67,500
MT;BR-174;599,000;600,000;1,000;24/05/2023;-12,0648721;-59,645112;70,000
MT;BR-174;600,000;601,000;1,000;24/05/2023;-12,0648721;-59,645112;66,250
MT;BR-174;601,000;602,000;1,000;24/05/2023;-12,0648721;-59,645112;53,750
MT;BR-174;602,000;603,000;1,000;24/05/2023;-12,0648721;-59,645112;77,500
MT;BR-174;603,000;604,000;1,000;24/05/2023;-12,0648721;-59,645112;71,250
MT;BR-174;604,000;605,000;1,000;24/05/2023;-12,0648721;-59,645112;71,250
MT;BR-174;605,000;606,000;1,000;24/05/2023;-12,0648721;-59,645112;67,500
MT;BR-174;606,000;607,000;1,000;24/05/2023;-12,0648721;-59,645112;73,750
MT;BR-174;607,000;608,000;1,000;24/05/2023;-12,0648721;-59,645112;56,250
MT;BR-174;608,000;609,000;1,000;24/05/2023;-12,0648721;-59,645112;57,500
MT;BR-174;609,000;610,000;1,000;24/05/2023;-12,0648721;-59,645112;60,000
MT;BR-174;610,000;611,000;1,000;24/05/2023;-12,0648721;-59,645112;80,000
MT;BR-174;611,000;612,000;1,000;24/05/2023;-12,0648721;-59,645112;70,000
MT;BR-174;612,000;613,000;1,000;24/05/2023;-12,0648721;-59,645112;80,000
MT;BR-174;613,000;614,000;1,000;24/05/2023;-12,0648721;-59,645112;66,250
MT;BR-174;614,000;615,000;1,000;24/05/2023;-12,0648721;-59,645112;63,750
MT;BR-174;615,000;616,000;1,000;24/05/2023;-12,0648721;-59,645112;67,500
MT;BR-174;616,000;617,000;1,000;24/05/2023;-12,0648721;-59,645112;77,500
MT;BR-174;617,000;618,000;1,000;24/05/2023;-12,0648721;-59,645112;80,000
MT;BR-174;618,000;619,000;1,000;24/05/2023;-12,0648721;-59,645112;91,250
MT;BR-174;619,000;620,000;1,000;24/05/2023;-12,0648721;-59,645112;77,500
MT;BR-174;620,000;621,000;1,000;24/05/2023;-12,0648721;-59,645112;75,000
MT;BR-174;621,000;622,000;1,000;24/05/2023;-12,0648721;-59,645112;73,750
MT;BR-174;622,000;623,000;1,000;24/05/2023;-12,0648721;-59,645112;73,750
MT;BR-174;623,000;624,000;1,000;24/05/2023;-12,0648721;-59,645112;90,000
MT;BR-174;624,000;625,000;1,000;24/05/2023;-12,0648721;-59,645112;75,000
MT;BR-174;625,000;626,000;1,000;24/05/2023;-12,0648721;-59,645112;77,500
MT;BR-174;626,000;627,000;1,000;24/05/2023;-12,0648721;-59,645112;63,750
MT;BR-174;627,000;628,000;1,000;24/05/2023;-12,0648721;-59,645112;65,000
MT;BR-174;628,000;629,000;1,000;24/05/2023;-12,0648721;-59,645112;77,500
MT;BR-174;629,000;630,000;1,000;24/05/2023;-12,0648721;-59,645112;73,750
MT;BR-174;630,000;631,000;1,000;24/05/2023;-12,0648721;-59,645112;56,250
MT;BR-174;631,000;632,000;1,000;24/05/2023;-12,0648721;-59,645112;52,500
MT;BR-174;632,000;633,000;1,000;24/05/2023;-12,0648721;-59,645112;41,250
MT;BR-174;633,000;634,000;1,000;24/05/2023;-12,0648721;-59,645112;51,250
MT;BR-174;634,000;635,000;1,000;24/05/2023;-12,0648721;-59,645112;38,750
MT;BR-174;635,000;636,000;1,000;24/05/2023;-12,0648721;-59,645112;50,000
MT;BR-174;636,000;637,000;1,000;24/05/2023;-12,0648721;-59,645112;50,000
MT;BR-174;637,000;638,000;1,000;24/05/2023;-12,0648721;-59,645112;70,000
MT;BR-174;638,000;639,000;1,000;24/05/2023;-12,0648721;-59,645112;52,500
MT;BR-174;639,000;640,000;1,000;24/05/2023;-12,0648721;-59,645112;75,000
MT;BR-174;640,000;641,000;1,000;24/05/2023;-12,0648721;-59,645112;55,000
MT;BR-174;641,000;642,000;1,000;24/05/2023;-12,0648721;-59,645112;71,250
MT;BR-174;642,000;643,000;1,000;24/05/2023;-12,0648721;-59,645112;90,000
MT;BR-174;643,000;644,000;1,000;24/05/2023;-12,0648721;-59,645112;67,500
MT;BR-174;644,000;645,000;1,000;24/05/2023;-12,0648721;-59,645112;67,500
MT;BR-174;645,000;646,000;1,000;24/05/2023;-12,0648721;-59,645112;67,500
MT;BR-174;646,000;647,000;1,000;24/05/2023;-12,0648721;-59,645112;67,500
MT;BR-174;647,000;648,000;1,000;24/05/2023;-12,0648721;-59,645112;73,750
MT;BR-174;648,000;649,000;1,000;24/05/2023;-12,0648721;-59,645112;67,500
MT;BR-174;649,000;650,000;1,000;24/05/2023;-12,0648721;-59,645112;53,750
MT;BR-174;650,000;651,000;1,000;24/05/2023;-12,0648721;-59,645112;90,000
MT;BR-174;651,000;652,000;1,000;24/05/2023;-12,0648721;-59,645112;63,750
MT;BR-174;652,000;653,000;1,000;24/05/2023;-12,0648721;-59,645112;30,000
MT;BR-174;653,000;654,000;1,000;24/05/2023;-12,0648721;-59,645112;30,000
MT;BR-174;654,000;655,000;1,000;24/05/2023;-12,0648721;-59,645112;30,000
MT;BR-174;655,000;656,000;1,000;24/05/2023;-12,0648721;-59,645112;30,000
MT;BR-174;656,000;657,000;1,000;24/05/2023;-12,0648721;-59,645112;30,000
MT;BR-174;657,000;658,000;1,000;24/05/2023;-12,0648721;-59,645112;30,000
MT;BR-174;658,000;659,000;1,000;24/05/2023;-12,0648721;-59,645112;7,500
MT;BR-174;659,000;660,000;1,000;24/05/2023;-12,0648721;-59,645112;30,000
MT;BR-174;660,000;661,000;1,000;24/05/2023;-12,0648721;-59,645112;30,000
MT;BR-174;661,000;662,000;1,000;24/05/2023;-12,0648721;-59,645112;42,500
MT;BR-174;662,000;663,000;1,000;24/05/2023;-12,0648721;-59,645112;30,000
MT;BR-174;663,000;664,000;1,000;24/05/2023;-12,0648721;-59,645112;30,000
MT;BR-174;664,000;665,000;1,000;24/05/2023;-12,0648721;-59,645112;7,500
MT;BR-174;665,000;666,000;1,000;24/05/2023;-12,0648721;-59,645112;8,750
MT;BR-174;666,000;667,000;1,000;24/05/2023;-12,0648721;-59,645112;30,000
MT;BR-174;667,000;668,000;1,000;24/05/2023;-12,0648721;-59,645112;20,000
MT;BR-174;668,000;669,000;1,000;24/05/2023;-12,0648721;-59,645112;7,500
MT;BR-174;669,000;670,000;1,000;24/05/2023;-12,0648721;-59,645112;50,000
MT;BR-174;670,000;671,000;1,000;24/05/2023;-12,0648721;-59,645112;51,250
MT;BR-174;671,000;672,000;1,000;24/05/2023;-12,0648721;-59,645112;42,500
MT;BR-174;672,000;673,000;1,000;24/05/2023;-12,0648721;-59,645112;37,500
MT;BR-174;673,000;674,000;1,000;24/05/2023;-12,0648721;-59,645112;45,000
MT;BR-174;674,000;675,000;1,000;24/05/2023;-12,0648721;-59,645112;48,750
MT;BR-174;675,000;676,000;1,000;24/05/2023;-12,0648721;-59,645112;53,750
MT;BR-174;676,000;677,000;1,000;24/05/2023;-12,0648721;-59,645112;37,500
MT;BR-174;677,000;678,000;1,000;24/05/2023;-12,0648721;-59,645112;25,000
MT;BR-174;678,000;679,000;1,000;24/05/2023;-12,0648721;-59,645112;2,500
MT;BR-174;679,000;680,000;1,000;24/05/2023;-12,0648721;-59,645112;25,000
MT;BR-174;680,000;681,000;1,000;24/05/2023;-12,0648721;-59,645112;25,000
MT;BR-174;681,000;682,000;1,000;24/05/2023;-12,0648721;-59,645112;17,500
MT;BR-174;682,000;683,000;1,000;24/05/2023;-12,0648721;-59,645112;2,500
MT;BR-174;683,000;684,000;1,000;24/05/2023;-12,0648721;-59,645112;25,000
MT;BR-174;684,000;685,000;1,000;24/05/2023;-12,0648721;-59,645112;2,500
MT;BR-174;685,000;686,000;1,000;24/05/2023;-12,0648721;-59,645112;2,500
MT;BR-174;686,000;687,000;1,000;24/05/2023;-12,0648721;-59,645112;17,500
MT;BR-174;687,000;688,000;1,000;24/05/2023;-12,0648721;-59,645112;10,000
MT;BR-174;688,000;689,000;1,000;24/05/2023;-12,0648721;-59,645112;10,000
MT;BR-174;689,000;690,000;1,000;24/05/2023;-12,0648721;-59,645112;2,500
MT;BR-174;690,000;691,000;1,000;24/05/2023;-12,0648721;-59,645112;2,500
MT;BR-174;691,000;692,000;1,000;24/05/2023;-12,0648721;-59,645112;2,500
MT;BR-174;692,000;693,000;1,000;24/05/2023;-12,0648721;-59,645112;2,500
MT;BR-174;693,000;694,000;1,000;24/05/2023;-12,0648721;-59,645112;10,000
MT;BR-174;694,000;695,000;1,000;24/05/2023;-12,0648721;-59,645112;10,000
MT;BR-174;695,000;696,000;1,000;24/05/2023;-12,0648721;-59,645112;10,000
MT;BR-174;696,000;697,000;1,000;24/05/2023;-12,0648721;-59,645112;2,500
MT;BR-174;697,000;698,000;1,000;24/05/2023;-12,0648721;-59,645112;10,000
MT;BR-174;698,000;699,000;1,000;24/05/2023;-12,0648721;-59,645112;10,000
MT;BR-174;699,000;700,000;1,000;24/05/2023;-12,0648721;-59,645112;10,000
MT;BR-174;700,000;701,000;1,000;24/05/2023;-12,0648721;-59,645112;2,500
MT;BR-174;701,000;702,000;1,000;24/05/2023;-12,0648721;-59,645112;25,000
MT;BR-174;702,000;703,000;1,000;24/05/2023;-12,0648721;-59,645112;10,000
MT;BR-174;703,000;704,000;1,000;24/05/2023;-12,0648721;-59,645112;10,000
MT;BR-174;704,000;705,000;1,000;24/05/2023;-12,0648721;-59,645112;2,500
MT;BR-174;705,000;706,000;1,000;24/05/2023;-12,0648721;-59,645112;25,000
MT;BR-174;706,000;707,000;1,000;24/05/2023;-12,0648721;-59,645112;37,500
MT;BR-174;707,000;708,000;1,000;24/05/2023;-12,0648721;-59,645112;2,500
MT;BR-174;708,000;709,000;1,000;24/05/2023;-12,0648721;-59,645112;2,500
MT;BR-174;709,000;710,000;1,000;24/05/2023;-12,0648721;-59,645112;2,500
MT;BR-174;710,000;711,000;1,000;24/05/2023;-12,0648721;-59,645112;17,500
MT;BR-174;711,000;712,000;1,000;24/05/2023;-12,0648721;-59,645112;17,500
MT;BR-174;712,000;713,000;1,000;24/05/2023;-12,0648721;-59,645112;17,500
MT;BR-174;713,000;714,000;1,000;24/05/2023;-12,0648721;-59,645112;17,500
MT;BR-174;714,000;715,000;1,000;24/05/2023;-12,0648721;-59,645112;2,500
MT;BR-174;715,000;716,000;1,000;24/05/2023;-12,0648721;-59,645112;17,500
MT;BR-174;716,000;717,000;1,000;24/05/2023;-12,0648721;-59,645112;2,500
MT;BR-174;717,000;718,000;1,000;24/05/2023;-12,0648721;-59,645112;17,500
MT;BR-174;718,000;719,000;1,000;24/05/2023;-12,0648721;-59,645112;10,000
MT;BR-174;719,000;720,000;1,000;24/05/2023;-12,0648721;-59,645112;17,500
MT;BR-174;720,000;721,000;1,000;24/05/2023;-12,0648721;-59,645112;17,500
MT;BR-174;721,000;722,000;1,000;24/05/2023;-12,0648721;-59,645112;17,500
MT;BR-174;722,000;723,000;1,000;24/05/2023;-12,0648721;-59,645112;10,000
MT;BR-174;723,000;724,000;1,000;24/05/2023;-12,0648721;-59,645112;17,500
MT;BR-174;724,000;725,000;1,000;24/05/2023;-12,0648721;-59,645112;17,500
MT;BR-174;725,000;726,000;1,000;24/05/2023;-12,0648721;-59,645112;25,000
MT;BR-174;726,000;727,000;1,000;24/05/2023;-12,0648721;-59,645112;25,000
MT;BR-174;727,000;728,000;1,000;24/05/2023;-12,0648721;-59,645112;25,000
MT;BR-174;728,000;729,000;1,000;24/05/2023;-12,0648721;-59,645112;10,000
MT;BR-174;729,000;730,000;1,000;24/05/2023;-12,0648721;-59,645112;22,500
MT;BR-174;730,000;731,000;1,000;24/05/2023;-12,0648721;-59,645112;25,000
MT;BR-174;731,000;732,000;1,000;24/05/2023;-12,0648721;-59,645112;25,000
MT;BR-174;732,000;733,000;1,000;24/05/2023;-12,0648721;-59,645112;25,000
MT;BR-174;733,000;734,000;1,000;24/05/2023;-12,0648721;-59,645112;25,000
MT;BR-174;734,000;735,000;1,000;24/05/2023;-12,0648721;-59,645112;10,000
MT;BR-174;735,000;736,000;1,000;24/05/2023;-12,0648721;-59,645112;25,000
MT;BR-174;736,000;737,000;1,000;24/05/2023;-12,0648721;-59,645112;25,000
MT;BR-174;737,000;738,000;1,000;24/05/2023;-12,0648721;-59,645112;37,500
MT;BR-174;738,000;739,000;1,000;24/05/2023;-12,0648721;-59,645112;37,500
MT;BR-174;739,000;740,000;1,000;24/05/2023;-12,0648721;-59,645112;30,000
MT;BR-174;740,000;741,000;1,000;24/05/2023;-12,0648721;-59,645112;41,250
MT;BR-174;741,000;742,000;1,000;24/05/2023;-12,0648721;-59,645112;42,500
MT;BR-174;742,000;743,000;1,000;24/05/2023;-12,0648721;-59,645112;42,500
MT;BR-174;743,000;744,000;1,000;24/05/2023;-12,0648721;-59,645112;30,000
MT;BR-174;744,000;745,000;1,000;24/05/2023;-12,0648721;-59,645112;30,000
MT;BR-174;745,000;746,000;1,000;24/05/2023;-12,0648721;-59,645112;25,000
MT;BR-174;746,000;747,000;1,000;24/05/2023;-12,0648721;-59,645112;37,500
MT;BR-174;747,000;748,000;1,000;24/05/2023;-12,0648721;-59,645112;25,000
MT;BR-174;748,000;749,000;1,000;24/05/2023;-12,0648721;-59,645112;37,500
MT;BR-174;749,000;750,000;1,000;24/05/2023;-12,0648721;-59,645112;37,500
MT;BR-174;750,000;751,000;1,000;24/05/2023;-12,0648721;-59,645112;2,500
MT;BR-174;751,000;752,000;1,000;24/05/2023;-12,0648721;-59,645112;2,500
MT;BR-174;752,000;753,000;1,000;24/05/2023;-12,0648721;-59,645112;2,500
MT;BR-174;753,000;754,000;1,000;24/05/2023;-12,0648721;-59,645112;2,500
MT;BR-174;754,000;755,000;1,000;24/05/2023;-12,0648721;-59,645112;2,500
MT;BR-174;755,000;756,000;1,000;24/05/2023;-12,0648721;-59,645112;22,500
MT;BR-174;756,000;757,000;1,000;24/05/2023;-12,0648721;-59,645112;25,000
MT;BR-174;757,000;758,000;1,000;24/05/2023;-12,0648721;-59,645112;25,000
MT;BR-174;758,000;759,000;1,000;24/05/2023;-12,0648721;-59,645112;2,500
MT;BR-174;759,000;760,000;1,000;24/05/2023;-12,0648721;-59,645112;2,500
MT;BR-174;760,000;761,000;1,000;24/05/2023;-12,0648721;-59,645112;0,000
MT;BR-174;761,000;762,000;1,000;24/05/2023;-12,0648721;-59,645112;25,000
MT;BR-174;762,000;763,000;1,000;24/05/2023;-12,0648721;-59,645112;25,000
MT;BR-174;763,000;764,000;1,000;24/05/2023;-12,0648721;-59,645112;36,250
MT;BR-174;764,000;765,000;1,000;24/05/2023;-12,0648721;-59,645112;48,750
MT;BR-174;765,000;766,000;1,000;24/05/2023;-12,0648721;-59,645112;48,750
MT;BR-174;766,000;767,000;1,000;24/05/2023;-12,0648721;-59,645112;48,750
MT;BR-174;767,000;768,000;1,000;24/05/2023;-12,0648721;-59,645112;48,750
PB;BR-434;19,400;20,000;0,600;25/05/2023;0;0;30,000
PB;BR-434;20,000;21,000;1,000;25/05/2023;0;0;56,250
PB;BR-434;21,000;22,000;1,000;25/05/2023;0;0;18,750
PB;BR-434;22,000;23,000;1,000;25/05/2023;0;0;37,500
PB;BR-434;23,000;24,000;1,000;25/05/2023;0;0;22,500
PB;BR-434;24,000;25,000;1,000;25/05/2023;0;0;45,000
PB;BR-434;25,000;26,000;1,000;25/05/2023;0;0;21,250
PB;BR-434;26,000;27,000;1,000;25/05/2023;0;0;41,250
PB;BR-434;27,000;28,000;1,000;25/05/2023;0;0;41,250
PB;BR-434;28,000;29,000;1,000;25/05/2023;0;0;61,250
PB;BR-434;29,000;30,000;1,000;25/05/2023;0;0;52,500
PB;BR-434;30,000;31,000;1,000;25/05/2023;0;0;61,250
PB;BR-434;31,000;32,000;1,000;25/05/2023;0;0;46,250
PB;BR-434;32,000;33,000;1,000;25/05/2023;0;0;43,750
PB;BR-434;33,000;34,000;1,000;25/05/2023;0;0;7,500
PB;BR-434;34,000;34,400;0,400;25/05/2023;0;0;27,500
RR;BR-210;315,000;316,000;1,000;25/05/2023;1,8344552;-61,1218295;51,250
RR;BR-210;316,000;317,000;1,000;25/05/2023;1,912284;-61,1086082;58,750
RR;BR-210;317,000;318,000;1,000;25/05/2023;1,912284;-61,1086082;58,750
RR;BR-210;318,000;319,000;1,000;25/05/2023;1,91737034;-61,1306163;48,750
RR;BR-210;319,000;320,000;1,000;25/05/2023;1,91737034;-61,1306163;55,000
RR;BR-210;320,000;321,000;1,000;25/05/2023;1,91737034;-61,1306163;55,000
RR;BR-210;321,000;322,000;1,000;25/05/2023;1,91737034;-61,1306163;48,750
RR;BR-210;322,000;323,000;1,000;25/05/2023;1,92082546;-61,1462327;55,000
RR;BR-210;323,000;324,000;1,000;25/05/2023;1,92223293;-61,1523689;48,750
RR;BR-210;324,000;325,000;1,000;25/05/2023;1,92223293;-61,1523689;48,750
RR;BR-210;325,000;326,000;1,000;25/05/2023;1,92987491;-61,1948534;57,500
RR;BR-210;326,000;327,000;1,000;25/05/2023;1,93038082;-61,1958745;53,750
RR;BR-210;327,000;328,000;1,000;25/05/2023;1,93792577;-61,2170541;42,500
RR;BR-210;328,000;329,000;1,000;25/05/2023;1,94061624;-61,2288935;42,500
RR;BR-210;329,000;330,000;1,000;25/05/2023;1,94116241;-61,232074;48,750
RR;BR-210;330,000;331,000;1,000;25/05/2023;1,95519504;-61,2474058;42,500
RR;BR-210;331,000;332,000;1,000;25/05/2023;1,95527883;-61,2474643;50,000
RR;BR-210;332,000;333,000;1,000;25/05/2023;1,95743231;-61,2523599;42,500
RR;BR-210;333,000;334,000;1,000;25/05/2023;1,96061951;-61,2663132;50,000
RR;BR-210;334,000;335,000;1,000;25/05/2023;1,96064561;-61,266409;46,250
RR;BR-210;335,000;336,000;1,000;25/05/2023;1,96258439;-61,2749478;42,500
RR;BR-210;336,000;337,000;1,000;25/05/2023;1,96512718;-61,2855112;42,500
RR;BR-210;337,000;338,000;1,000;25/05/2023;1,96790002;-61,2978075;56,250
RR;BR-210;338,000;339,000;1,000;25/05/2023;1,96927163;-61,3035967;56,250
RR;BR-210;339,000;340,000;1,000;25/05/2023;1,97535086;-61,3203809;50,000
RR;BR-210;340,000;341,000;1,000;25/05/2023;1,97665799;-61,326188;42,500
RR;BR-210;341,000;342,000;1,000;25/05/2023;1,97824522;-61,3333325;55,000
RR;BR-210;342,000;343,000;1,000;25/05/2023;1,98101183;-61,3442278;48,750
RR;BR-210;343,000;344,000;1,000;25/05/2023;1,98611961;-61,3521378;42,500
RR;BR-210;344,000;345,000;1,000;25/05/2023;1,99083095;-61,3594127;42,500
PA;BR-163;801,550;802,000;0,450;26/05/2023;-4,1023493;-54,9112752;28,750
PA;BR-163;802,000;803,000;1,000;26/05/2023;-4,1023493;-54,9112752;28,750
PA;BR-163;803,000;804,000;1,000;26/05/2023;-4,1023493;-54,9112752;15,000
PA;BR-163;831,450;832,000;0,550;26/05/2023;-4,1023493;-54,9112752;16,250
PA;BR-163;675,870;676,000;0,130;26/05/2023;-4,29625688;-55,7127955;47,500
PA;BR-163;676,000;677,000;1,000;26/05/2023;-4,29625688;-55,7127955;43,750
PA;BR-163;677,000;678,000;1,000;26/05/2023;-4,29625688;-55,7127955;41,250
PA;BR-163;678,000;679,000;1,000;26/05/2023;-4,29625688;-55,7127955;43,750
PA;BR-163;679,000;680,000;1,000;26/05/2023;-4,29625688;-55,7127955;58,750
PA;BR-163;680,000;681,000;1,000;26/05/2023;-4,29625688;-55,7127955;35,000
PA;BR-163;681,000;682,000;1,000;26/05/2023;-4,29625688;-55,7127955;41,250
PA;BR-163;682,000;683,000;1,000;26/05/2023;-4,29625688;-55,7127955;35,000
PA;BR-163;683,000;684,000;1,000;26/05/2023;-4,29625688;-55,7127955;35,000
PA;BR-163;684,000;685,000;1,000;26/05/2023;-4,29625688;-55,7127955;37,500
PA;BR-163;685,000;686,000;1,000;26/05/2023;-4,29625688;-55,7127955;28,750
PA;BR-163;686,000;687,000;1,000;26/05/2023;-4,29625688;-55,7127955;28,750
PA;BR-163;687,000;688,000;1,000;26/05/2023;-4,29625688;-55,7127955;28,750
PA;BR-163;688,000;689,000;1,000;26/05/2023;-4,29625688;-55,7127955;28,750
PA;BR-163;689,000;690,000;1,000;26/05/2023;-4,29625688;-55,7127955;41,250
PA;BR-163;690,000;691,000;1,000;26/05/2023;-4,29625688;-55,7127955;41,250
PA;BR-163;691,000;692,000;1,000;26/05/2023;-4,29625688;-55,7127955;56,250
PA;BR-163;692,000;693,000;1,000;26/05/2023;-4,29625688;-55,7127955;41,250
PA;BR-163;693,000;694,000;1,000;26/05/2023;-4,29625688;-55,7127955;58,750
PA;BR-163;694,000;695,000;1,000;26/05/2023;-4,29625688;-55,7127955;41,250
PA;BR-163;695,000;696,000;1,000;26/05/2023;-4,29625688;-55,7127955;35,000
PA;BR-163;696,000;697,000;1,000;26/05/2023;-4,29625688;-55,7127955;56,250
PA;BR-163;697,000;698,000;1,000;26/05/2023;-4,29625688;-55,7127955;43,750
PA;BR-163;698,000;699,000;1,000;26/05/2023;-4,29625688;-55,7127955;41,250
PA;BR-163;699,000;700,000;1,000;26/05/2023;-4,29625688;-55,7127955;50,000
PA;BR-163;700,000;701,000;1,000;26/05/2023;-4,29625688;-55,7127955;48,750
PA;BR-163;701,000;702,000;1,000;26/05/2023;-4,29625688;-55,7127955;41,250
PA;BR-163;719,310;720,000;0,690;26/05/2023;-4,29625688;-55,7127955;28,750
PA;BR-163;720,000;721,000;1,000;26/05/2023;-4,29625688;-55,7127955;16,250
PA;BR-163;729,840;730,000;0,160;26/05/2023;-4,29625688;-55,7127955;28,750
PA;BR-163;730,000;731,000;1,000;26/05/2023;-4,29625688;-55,7127955;36,250
PA;BR-163;731,000;732,000;1,000;26/05/2023;-4,29625688;-55,7127955;35,000
PA;BR-163;732,000;733,000;1,000;26/05/2023;-4,29625688;-55,7127955;36,250
PA;BR-163;733,000;734,000;1,000;26/05/2023;-4,29625688;-55,7127955;36,250
PA;BR-163;734,000;735,000;1,000;26/05/2023;-4,29625688;-55,7127955;35,000
PA;BR-163;7444,000;745,000;6699,000;26/05/2023;-4,29625688;-55,7127955;63,750
PA;BR-163;745,000;746,000;1,000;26/05/2023;-4,29625688;-55,7127955;58,750
PA;BR-163;774,190;775,000;0,810;26/05/2023;-4,29625688;-55,7127955;63,750
PA;BR-163;775,000;776,000;1,000;26/05/2023;-4,29625688;-55,7127955;63,750
PA;BR-163;782,280;783,000;0,720;26/05/2023;-4,29625688;-55,7127955;55,000
CE;BR-402;149,100;150,000;0,900;26/05/2023;-3,120695;-40,0841733;65,000
CE;BR-402;150,000;151,000;1,000;26/05/2023;-3,12605833;-40,3737966;68,750
CE;BR-402;151,000;152,000;1,000;26/05/2023;-3,12605833;-40,3737966;76,250
CE;BR-402;152,000;153,000;1,000;26/05/2023;-3,12605833;-40,3737966;80,000
CE;BR-402;153,000;154,000;1,000;26/05/2023;-3,12605833;-40,3737966;83,750
CE;BR-402;154,000;155,000;1,000;26/05/2023;-3,12605833;-40,3737966;76,250
CE;BR-402;155,000;156,000;1,000;26/05/2023;-3,12605833;-40,3737966;72,500
CE;BR-402;156,000;157,000;1,000;26/05/2023;-3,13342166;-40,3144866;80,000
CE;BR-402;157,000;158,000;1,000;26/05/2023;-3,13342166;-40,3144866;80,000
CE;BR-402;158,000;159,000;1,000;26/05/2023;-3,13342166;-40,3144866;80,000
CE;BR-402;159,000;160,000;1,000;26/05/2023;-3,13342166;-40,3144866;72,500
CE;BR-402;160,000;161,000;1,000;26/05/2023;-3,13584833;-40,28034;85,000
CE;BR-402;161,000;162,000;1,000;26/05/2023;-3,13584833;-40,28034;87,500
CE;BR-402;162,000;163,000;1,000;26/05/2023;-3,13584833;-40,28034;87,500
CE;BR-402;163,000;164,000;1,000;26/05/2023;-3,13584833;-40,28034;87,500
CE;BR-402;164,000;165,000;1,000;26/05/2023;-3,13584833;-40,28034;77,500
CE;BR-402;165,000;166,000;1,000;26/05/2023;-3,13236;-40,2304766;87,500
CE;BR-402;166,000;167,000;1,000;26/05/2023;-3,13236;-40,2304566;87,500
CE;BR-402;167,000;168,000;1,000;26/05/2023;-3,13236;-40,2304566;87,500
CE;BR-402;168,000;169,000;1,000;26/05/2023;-3,13236;-40,2304566;87,500
CE;BR-402;169,000;170,000;1,000;26/05/2023;-3,13236;-40,2304566;87,500
CE;BR-402;170,000;171,000;1,000;26/05/2023;-3,13236;-40,2304566;87,500
CE;BR-402;171,000;172,000;1,000;26/05/2023;-3,13236;-40,2304566;87,500
CE;BR-402;172,000;173,000;1,000;26/05/2023;-3,13236;-40,2304566;72,500
CE;BR-402;173,000;174,000;1,000;26/05/2023;-3,13236;-40,2304566;45,000
CE;BR-402;174,000;175,000;1,000;26/05/2023;-3,13236;-40,2304566;45,000
RR;BR-432;16,300;17,000;0,700;26/05/2023;1,310823;-60,3400369;73,750
RR;BR-432;17,000;18,000;1,000;26/05/2023;1,310823;-60,3400369;73,750
CE;BR-404;0,000;1,000;1,000;28/05/2023;0;0;70,000
CE;BR-404;1,000;2,000;1,000;28/05/2023;-4,57950166;-41,21301;70,000
CE;BR-404;2,000;3,000;1,000;28/05/2023;-4,57950166;-41,21301;70,000
CE;BR-404;3,000;4,000;1,000;28/05/2023;-4,57950166;-41,21301;70,000
CE;BR-404;4,000;5,000;1,000;28/05/2023;-4,57950166;-41,21301;62,500
CE;BR-404;5,000;6,000;1,000;28/05/2023;-4,57950166;-41,21301;62,500
CE;BR-404;6,000;7,000;1,000;28/05/2023;-4,57950166;-41,21301;70,000
CE;BR-404;7,000;8,000;1,000;28/05/2023;-4,59129666;-41,16767;70,000
CE;BR-404;8,000;9,000;1,000;28/05/2023;-4,59130666;-41,167595;62,500
CE;BR-404;9,000;10,000;1,000;28/05/2023;-4,59130666;-41,167595;62,500
CE;BR-404;10,000;11,000;1,000;28/05/2023;-4,59130666;-41,167595;61,250
CE;BR-404;11,000;12,000;1,000;28/05/2023;-4,59130666;-41,167595;47,500
CE;BR-404;12,000;13,000;1,000;28/05/2023;-4,59130666;-41,167595;62,500
CE;BR-404;13,000;14,000;1,000;28/05/2023;-4,59130666;-41,167595;55,000
CE;BR-404;14,000;15,000;1,000;28/05/2023;-4,59130666;-41,167595;62,500
CE;BR-404;15,000;16,000;1,000;28/05/2023;-4,59130666;-41,167595;47,500
CE;BR-404;16,000;17,000;1,000;28/05/2023;-4,59130666;-41,167595;47,500
CE;BR-404;17,000;18,000;1,000;28/05/2023;-4,634985;-41,1151033;47,500
CE;BR-404;18,000;19,000;1,000;28/05/2023;-4,63576333;-41,1147116;47,500
CE;BR-404;19,000;20,000;1,000;28/05/2023;-4,635745;-41,1134633;47,500
CE;BR-404;20,000;21,000;1,000;28/05/2023;-4,635745;-41,1134633;47,500
CE;BR-404;21,000;22,000;1,000;28/05/2023;-4,635745;-41,1134633;47,500
CE;BR-404;22,000;23,000;1,000;28/05/2023;-4,65911166;-41,0679333;77,500
CE;BR-404;23,000;24,000;1,000;28/05/2023;-4,659115;-41,06789;62,500
CE;BR-404;24,000;25,000;1,000;28/05/2023;-4,659115;-41,06789;35,000
CE;BR-404;25,000;26,000;1,000;28/05/2023;-4,659115;-41,06789;35,000
CE;BR-404;26,000;27,000;1,000;28/05/2023;-4,659115;-41,06789;35,000
CE;BR-404;27,000;28,000;1,000;28/05/2023;-4,659115;-41,06789;50,000
CE;BR-404;28,000;29,000;1,000;28/05/2023;-4,659115;-41,06789;35,000
CE;BR-404;29,000;30,000;1,000;28/05/2023;-4,659115;-41,06789;35,000
CE;BR-404;30,000;31,000;1,000;28/05/2023;-4,659115;-41,06789;35,000
CE;BR-404;31,000;32,000;1,000;28/05/2023;-4,659115;-41,06789;35,000
CE;BR-404;32,000;33,000;1,000;28/05/2023;-4,659115;-41,06789;35,000
CE;BR-404;33,000;34,000;1,000;28/05/2023;-4,70396166;-40,98813;35,000
CE;BR-404;34,000;35,000;1,000;28/05/2023;-4,70396166;-40,98813;35,000
CE;BR-404;35,000;36,000;1,000;28/05/2023;-4,70396166;-40,98813;35,000
CE;BR-404;36,000;37,000;1,000;28/05/2023;-4,70396166;-40,98813;35,000
CE;BR-404;37,000;38,000;1,000;28/05/2023;-4,70396166;-40,98813;35,000
CE;BR-404;38,000;39,000;1,000;28/05/2023;-4,70396166;-40,98813;35,000
CE;BR-404;39,000;40,000;1,000;28/05/2023;-4,70396166;-40,98813;40,000
CE;BR-404;40,000;41,000;1,000;28/05/2023;-4,73825833;-40,9280166;32,500
CE;BR-226;344,400;345,000;0,600;28/05/2023;-5,16779833;-40,65671;35,000
CE;BR-226;345,000;346,000;1,000;28/05/2023;-5,18401;-40,6532433;35,000
CE;BR-226;346,000;347,000;1,000;28/05/2023;-5,18401;-40,6532433;35,000
CE;BR-226;347,000;348,000;1,000;28/05/2023;-5,18401;-40,6532433;35,000
CE;BR-226;348,000;349,000;1,000;28/05/2023;-5,15343;-40,745185;35,000
CE;BR-226;349,000;350,000;1,000;28/05/2023;-5,15343;-40,745185;35,000
CE;BR-226;350,000;351,000;1,000;28/05/2023;-5,15343;-40,745185;35,000
CE;BR-226;351,000;352,000;1,000;28/05/2023;-5,15343;-40,745185;35,000
CE;BR-226;352,000;353,000;1,000;28/05/2023;-5,12942;-40,7861183;27,500
CE;BR-226;353,000;354,000;1,000;28/05/2023;-5,129415;-40,7861583;27,500
CE;BR-226;354,000;355,000;1,000;28/05/2023;-5,129415;-40,7861583;27,500
CE;BR-226;355,000;356,000;1,000;28/05/2023;-5,129415;-40,7861583;27,500
CE;BR-226;356,000;357,000;1,000;28/05/2023;-5,129415;-40,7861583;27,500
CE;BR-226;357,000;358,000;1,000;28/05/2023;-5,10285166;-40,8193916;27,500
CE;BR-226;358,000;359,000;1,000;28/05/2023;-5,10285166;-40,8193916;27,500
CE;BR-226;359,000;360,000;1,000;28/05/2023;-5,10285166;-40,8193916;27,500
CE;BR-226;360,000;361,000;1,000;28/05/2023;-5,10285166;-40,8193916;52,500
CE;BR-226;361,000;362,000;1,000;28/05/2023;-5,10285166;-40,8193916;27,500
CE;BR-226;362,000;363,000;1,000;28/05/2023;-5,10285166;-40,8193916;27,500
CE;BR-226;363,000;364,000;1,000;28/05/2023;-5,10285166;-40,8193916;35,000
CE;BR-226;364,000;365,000;1,000;28/05/2023;-5,10285166;-40,8193916;35,000
CE;BR-226;365,000;366,000;1,000;28/05/2023;-5,10285166;-40,8193916;52,500
CE;BR-226;366,000;367,000;1,000;28/05/2023;-5,07063166;-40,896575;27,500
CE;BR-226;367,000;368,000;1,000;28/05/2023;-5,07063166;-40,896575;27,500
CE;BR-226;368,000;369,000;1,000;28/05/2023;-5,06244666;-40,9117883;27,500
CE;BR-226;369,000;370,000;1,000;28/05/2023;-5,06244666;-40,9117883;27,500
CE;BR-226;370,000;371,000;1,000;28/05/2023;-5,06244833;-40,9117866;27,500
CE;BR-226;371,000;372,000;1,000;28/05/2023;-5,06244833;-40,911785;27,500
MG;BR-474;95,100;96,000;0,900;18/05/2023;-19,8050552;-41,7234697;82,500
MG;BR-474;96,000;97,000;1,000;18/05/2023;-19,8050552;-41,7234697;80,000
MG;BR-474;97,000;98,000;1,000;18/05/2023;-19,8050552;-41,7234697;85,000
MG;BR-474;98,000;98,600;0,600;18/05/2023;-19,8050552;-41,7234697;72,500
MG;BR-474;110,500;111,000;0,500;18/05/2023;-19,8050552;-41,7234697;82,500
MG;BR-474;111,000;112,000;1,000;18/05/2023;-19,8050552;-41,7234697;80,000
MG;BR-474;112,000;113,000;1,000;18/05/2023;-19,8050552;-41,7234697;75,000
MG;BR-474;113,000;114,000;1,000;18/05/2023;-19,8050552;-41,7234697;77,500
MG;BR-474;114,000;115,000;1,000;18/05/2023;-19,8050552;-41,7234697;81,250
MG;BR-474;115,000;116,000;1,000;18/05/2023;-19,7029955;-41,8347706;77,500
MG;BR-474;116,000;117,000;1,000;18/05/2023;-19,7029955;-41,8347706;75,000
MG;BR-474;117,000;118,000;1,000;18/05/2023;-19,7029955;-41,8347706;73,750
AP;BR-156;268,280;267,000;1,280;25/05/2023;0,07761219;-51,0636979;81,250
AP;BR-156;267,000;266,000;1,000;25/05/2023;0,07761219;-51,0636979;56,250
AP;BR-156;266,000;265,000;1,000;25/05/2023;0,07761219;-51,0636979;66,250
AP;BR-156;265,000;264,000;1,000;25/05/2023;0,07761219;-51,0636979;62,500
AP;BR-156;264,000;263,000;1,000;25/05/2023;0,07761219;-51,0636979;77,500
AP;BR-156;263,000;262,000;1,000;25/05/2023;0,07761219;-51,0636979;73,750
AP;BR-156;262,000;261,000;1,000;25/05/2023;0,07761219;-51,0636979;95,000
AP;BR-156;261,000;260,860;0,140;25/05/2023;0,07761219;-51,0636979;95,000
AP;BR-156;260,230;259,000;1,230;25/05/2023;0,07761219;-51,0636979;73,750
AP;BR-156;259,000;258,000;1,000;25/05/2023;0,07761219;-51,0636979;85,000
AP;BR-156;258,000;257,000;1,000;25/05/2023;0,07761219;-51,0636979;77,500
AP;BR-156;257,000;256,000;1,000;25/05/2023;0,07761219;-51,0636979;70,000
AP;BR-156;256,000;255,000;1,000;25/05/2023;0,07761219;-51,0636979;88,750
AP;BR-156;255,000;254,000;1,000;25/05/2023;0,07761219;-51,0636979;83,750
AP;BR-156;254,000;253,000;1,000;25/05/2023;0,07761219;-51,0636979;87,500
AP;BR-156;253,000;252,000;1,000;25/05/2023;0,07761219;-51,0636979;76,250
AP;BR-156;252,000;251,000;1,000;25/05/2023;0,07761219;-51,0636979;80,000
AP;BR-156;251,000;250,000;1,000;25/05/2023;0,07761219;-51,0636979;83,750
AP;BR-156;250,000;249,000;1,000;25/05/2023;0,07761219;-51,0636979;86,250
AP;BR-156;249,000;248,000;1,000;25/05/2023;0,07761219;-51,0636979;86,250
AP;BR-156;248,000;247,000;1,000;25/05/2023;0,07761219;-51,0636979;80,000
AP;BR-156;247,000;246,000;1,000;25/05/2023;0,07761219;-51,0636979;86,250
AP;BR-156;246,000;245,000;1,000;25/05/2023;0,07761219;-51,0636979;86,250
AP;BR-156;245,000;244,000;1,000;25/05/2023;0,07761219;-51,0636979;78,750
AP;BR-156;244,000;243,000;1,000;25/05/2023;0,07761219;-51,0636979;90,000
AP;BR-156;243,000;242,000;1,000;25/05/2023;0,07761219;-51,0636979;68,750
AP;BR-156;242,000;241,000;1,000;25/05/2023;0,07761219;-51,0636979;76,250
AP;BR-156;241,000;240,000;1,000;25/05/2023;0,07761219;-51,0636979;68,750
AP;BR-156;240,000;239,000;1,000;25/05/2023;0,07761219;-51,0636979;72,500
AP;BR-156;239,000;238,000;1,000;25/05/2023;0,07761219;-51,0636979;72,500
AP;BR-156;238,000;237,000;1,000;25/05/2023;0,07761219;-51,0636979;72,500
AP;BR-156;237,000;235,500;1,500;25/05/2023;0,07761219;-51,0636979;72,500
AP;BR-156;235,500;234,000;1,500;25/05/2023;0,07761219;-51,0636979;86,250
AP;BR-156;234,000;233,000;1,000;25/05/2023;0,07761219;-51,0636979;72,500
AP;BR-156;233,000;232,000;1,000;25/05/2023;0,07761219;-51,0636979;73,750
AP;BR-156;232,000;231,000;1,000;25/05/2023;0,07761219;-51,0636979;68,750
AP;BR-156;231,000;230,000;1,000;25/05/2023;0,07761219;-51,0636979;66,250
AP;BR-156;230,000;229,000;1,000;25/05/2023;0,07761219;-51,0636979;68,750
AP;BR-156;229,000;228,000;1,000;25/05/2023;0,07761219;-51,0636979;46,250
AP;BR-156;228,000;227,000;1,000;25/05/2023;0,07761219;-51,0636979;40,000
AP;BR-156;227,000;226,000;1,000;25/05/2023;0,07761219;-51,0636979;56,250
AP;BR-156;226,000;225,000;1,000;25/05/2023;0,07761219;-51,0636979;55,000
AP;BR-156;225,000;224,000;1,000;25/05/2023;0,07761219;-51,0636979;68,750
AP;BR-156;224,000;223,000;1,000;25/05/2023;0,07761219;-51,0636979;68,750
AP;BR-156;223,000;222,000;1,000;25/05/2023;0,07761219;-51,0636979;68,750
AP;BR-156;222,000;221,000;1,000;25/05/2023;0,07761219;-51,0636979;55,000
AP;BR-156;221,000;220,000;1,000;25/05/2023;0,07761219;-51,0636979;61,250
AP;BR-156;220,000;219,000;1,000;25/05/2023;0,07761219;-51,0636979;61,250
AP;BR-156;219,000;218,000;1,000;25/05/2023;0,07761219;-51,0636979;72,500
AP;BR-156;218,000;217,000;1,000;25/05/2023;0,07761219;-51,0636979;61,250
AP;BR-156;217,000;216,000;1,000;25/05/2023;0,07761219;-51,0636979;68,750
AP;BR-156;216,000;215,000;1,000;25/05/2023;0,07761219;-51,0636979;61,250
AP;BR-156;215,000;214,000;1,000;25/05/2023;0,07761219;-51,0636979;76,250
AP;BR-156;214,000;213,000;1,000;25/05/2023;0,07761219;-51,0636979;68,750
AP;BR-156;213,000;212,100;0,900;25/05/2023;0,07761219;-51,0636979;73,750
AP;BR-156;212,100;211,000;1,100;25/05/2023;0,151011887;-51,5748083;73,750
AP;BR-156;211,000;210,000;1,000;25/05/2023;0,151011887;-51,5748083;66,250
AP;BR-156;210,000;209,000;1,000;25/05/2023;0,151011887;-51,5748083;66,250
AP;BR-156;209,000;208,000;1,000;25/05/2023;0,151011887;-51,5748083;58,750
AP;BR-156;208,000;207,000;1,000;25/05/2023;0,151011887;-51,5748083;58,750
AP;BR-156;207,000;206,000;1,000;25/05/2023;0,151011887;-51,5748083;61,250
AP;BR-156;206,000;205,000;1,000;25/05/2023;0,151011887;-51,5748083;55,000
AP;BR-156;205,000;204,000;1,000;25/05/2023;0,151011887;-51,5748083;68,750
AP;BR-156;204,000;203,000;1,000;25/05/2023;0,151011887;-51,5748083;80,000
AP;BR-156;203,000;202,000;1,000;25/05/2023;0,151011887;-51,5748083;72,500
AP;BR-156;202,000;201,000;1,000;25/05/2023;0,151011887;-51,5748083;65,000
AP;BR-156;201,000;200,000;1,000;25/05/2023;0,151011887;-51,5748083;75,000
AP;BR-156;200,000;199,000;1,000;25/05/2023;0,151011887;-51,5748083;65,000
AP;BR-156;199,000;198,000;1,000;25/05/2023;0,151011887;-51,5748083;67,500
AP;BR-156;198,000;197,000;1,000;25/05/2023;0,151011887;-51,5748083;67,500
AP;BR-156;197,000;196,000;1,000;25/05/2023;0,151011887;-51,5748083;80,000
AP;BR-156;196,000;195,000;1,000;25/05/2023;0,151011887;-51,5748083;65,000
AP;BR-156;195,000;194,000;1,000;25/05/2023;0,151011887;-51,5748083;86,250
AP;BR-156;194,000;192,600;1,400;25/05/2023;0,151011887;-51,5748083;75,000
AP;BR-156;192,600;192,000;0,600;25/05/2023;0,151011887;-51,5748083;86,250
AP;BR-156;192,000;191,000;1,000;25/05/2023;0,151011887;-51,5748083;86,250
AP;BR-156;191,000;190,000;1,000;25/05/2023;0,151011887;-51,5748083;75,000
AP;BR-156;190,000;189,000;1,000;25/05/2023;0,151011887;-51,5748083;91,250
AP;BR-156;189,000;188,000;1,000;25/05/2023;0,151011887;-51,5748083;72,500
AP;BR-156;188,000;187,000;1,000;25/05/2023;0,151011887;-51,5748083;91,250
AP;BR-156;187,000;186,000;1,000;25/05/2023;0,151011887;-51,5748083;87,500
AP;BR-156;186,000;185,000;1,000;25/05/2023;0,151011887;-51,5748083;76,250
AP;BR-156;185,000;184,000;1,000;25/05/2023;0,151011887;-51,5748083;72,500
AP;BR-156;184,000;183,000;1,000;25/05/2023;0,151011887;-51,5748083;80,000
AP;BR-156;183,000;182,000;1,000;25/05/2023;0,151011887;-51,5748083;86,250
AP;BR-156;182,000;181,000;1,000;25/05/2023;0,151011887;-51,5748083;80,000
AP;BR-156;181,000;180,000;1,000;25/05/2023;0,151011887;-51,5748083;65,000
AP;BR-156;180,000;179,000;1,000;25/05/2023;0,151011887;-51,5748083;87,500
AP;BR-156;179,000;178,000;1,000;25/05/2023;0,151011887;-51,5748083;76,250
AP;BR-156;178,000;177,000;1,000;25/05/2023;0,151011887;-51,5748083;82,500
AP;BR-156;177,000;176,000;1,000;25/05/2023;0,151011887;-51,5748083;73,750
AP;BR-156;176,000;175,000;1,000;25/05/2023;0,151011887;-51,5748083;76,250
AP;BR-156;175,000;174,000;1,000;25/05/2023;0,151011887;-51,5748083;82,500
AP;BR-156;174,000;173,000;1,000;25/05/2023;0,151011887;-51,5748083;80,000
AP;BR-156;173,000;172,000;1,000;25/05/2023;0,151011887;-51,5748083;86,250
AP;BR-156;172,000;171,000;1,000;25/05/2023;0,151011887;-51,5748083;80,000
AP;BR-156;171,000;170,000;1,000;25/05/2023;0,151011887;-51,5748083;80,000
AP;BR-156;170,000;169,000;1,000;25/05/2023;0,151011887;-51,5748083;91,250
AP;BR-156;169,000;168,000;1,000;25/05/2023;0,151011887;-51,5748083;82,500
AP;BR-156;168,000;167,000;1,000;25/05/2023;0,151011887;-51,5748083;83,750
AP;BR-156;167,000;166,000;1,000;25/05/2023;0,151011887;-51,5748083;82,500
AP;BR-156;166,000;164,280;1,720;25/05/2023;0,151011887;-51,5748083;76,250
AP;BR-156;164,280;163,000;1,280;25/05/2023;0,151011887;-51,5748083;56,250
AP;BR-156;163,000;162,000;1,000;25/05/2023;0,151011887;-51,5748083;55,000
AP;BR-156;162,000;161,000;1,000;25/05/2023;0,151011887;-51,5748083;40,000
AP;BR-156;161,000;160,000;1,000;25/05/2023;0,151011887;-51,5748083;67,500
AP;BR-156;160,000;159,000;1,000;25/05/2023;0,151011887;-51,5748083;41,250
AP;BR-156;159,000;158,000;1,000;25/05/2023;0,151011887;-51,5748083;56,250
AP;BR-156;158,000;157,000;1,000;25/05/2023;0,151011887;-51,5748083;40,000
AP;BR-156;157,000;156,000;1,000;25/05/2023;0,151011887;-51,5748083;41,250
AP;BR-156;156,000;155,000;1,000;25/05/2023;0,151011887;-51,5748083;56,250
AP;BR-156;155,000;154,000;1,000;25/05/2023;0,151011887;-51,5748083;60,000
AP;BR-156;154,000;153,000;1,000;25/05/2023;0,151011887;-51,5748083;41,250
AP;BR-156;153,000;152,000;1,000;25/05/2023;0,151011887;-51,5748083;41,250
AP;BR-156;152,000;151,000;1,000;25/05/2023;0,151011887;-51,5748083;41,250
AP;BR-156;151,000;150,000;1,000;25/05/2023;0,151011887;-51,5748083;77,500
AP;BR-156;150,000;149,000;1,000;25/05/2023;0,151011887;-51,5748083;77,500
AP;BR-156;149,000;148,000;1,000;25/05/2023;0,151011887;-51,5748083;63,750
AP;BR-156;148,000;147,000;1,000;25/05/2023;0,151011887;-51,5748083;41,250
AP;BR-156;147,000;146,000;1,000;25/05/2023;0,151011887;-51,5748083;41,250
AP;BR-156;146,000;145,000;1,000;25/05/2023;0,151011887;-51,5748083;41,250
AP;BR-156;145,000;144,000;1,000;25/05/2023;0,151011887;-51,5748083;52,500
AP;BR-156;144,000;143,000;1,000;25/05/2023;0,151011887;-51,5748083;41,250
AP;BR-156;143,000;142,000;1,000;25/05/2023;0,151011887;-51,5748083;58,750
AP;BR-156;142,000;141,000;1,000;25/05/2023;0,151011887;-51,5748083;70,000
AP;BR-156;141,000;140,000;1,000;25/05/2023;0,151011887;-51,5748083;85,000
AP;BR-156;140,000;139,000;1,000;25/05/2023;0,151011887;-51,5748083;70,000
AP;BR-156;139,000;138,000;1,000;25/05/2023;0,151011887;-51,5748083;67,500
AP;BR-156;138,000;137,000;1,000;25/05/2023;0,151011887;-51,5748083;81,250
AP;BR-156;137,000;136,000;1,000;25/05/2023;0,151011887;-51,5748083;45,000
AP;BR-156;136,000;135,000;1,000;25/05/2023;0,151011887;-51,5748083;42,500
AP;BR-156;135,000;134,000;1,000;25/05/2023;0,151011887;-51,5748083;45,000
AP;BR-156;134,000;133,000;1,000;25/05/2023;0,151011887;-51,5748083;76,250
AP;BR-156;133,000;132,000;1,000;25/05/2023;0,151011887;-51,5748083;41,250
AP;BR-156;132,000;131,000;1,000;25/05/2023;0,151011887;-51,5748083;68,750
AP;BR-156;131,000;130,000;1,000;25/05/2023;0,151011887;-51,5748083;42,500
AP;BR-156;130,000;129,000;1,000;25/05/2023;0,151011887;-51,5748083;46,250
AP;BR-156;129,000;128,000;1,000;25/05/2023;0,151011887;-51,5748083;42,500
AP;BR-156;128,000;127,000;1,000;25/05/2023;0,151011887;-51,5748083;65,000
AP;BR-156;127,000;126,000;1,000;25/05/2023;0,151011887;-51,5748083;41,250
AP;BR-156;126,000;125,000;1,000;25/05/2023;0,151011887;-51,5748083;41,250
AP;BR-156;125,000;124,000;1,000;25/05/2023;0,151011887;-51,5748083;41,250
AP;BR-156;124,000;123,000;1,000;25/05/2023;0,151011887;-51,5748083;41,250
AP;BR-156;123,000;122,000;1,000;25/05/2023;0,151011887;-51,5748083;42,500
AP;BR-156;122,000;121,000;1,000;25/05/2023;0,151011887;-51,5748083;48,750
AP;BR-156;121,000;120,000;1,000;25/05/2023;0,151011887;-51,5748083;57,500
AP;BR-156;120,000;119,000;1,000;25/05/2023;0,151011887;-51,5748083;53,750
AP;BR-156;119,000;118,000;1,000;25/05/2023;0,151011887;-51,5748083;42,500
AP;BR-156;118,000;117,000;1,000;25/05/2023;0,151011887;-51,5748083;42,500
AP;BR-156;117,000;116,000;1,000;25/05/2023;0,151011887;-51,5748083;37,500
AP;BR-156;116,000;115,000;1,000;25/05/2023;0,151011887;-51,5748083;35,000
AP;BR-156;115,000;114,000;1,000;25/05/2023;0,151011887;-51,5748083;50,000
AP;BR-156;114,000;113,000;1,000;25/05/2023;0,151011887;-51,5748083;35,000
AP;BR-156;113,000;112,000;1,000;25/05/2023;0,151011887;-51,5748083;42,500
AP;BR-156;112,000;111,000;1,000;25/05/2023;0,151011887;-51,5748083;46,250
AP;BR-156;111,000;110,000;1,000;25/05/2023;0,151011887;-51,5748083;35,000
AP;BR-156;110,000;109,100;0,900;25/05/2023;0,151011887;-51,5748083;67,500
AP;BR-156;109,100;108,000;1,100;25/05/2023;-0,44248791;-52,0684814;35,000
AP;BR-156;108,000;107,000;1,000;25/05/2023;-0,44248791;-52,0684814;41,250
AP;BR-156;107,000;106,000;1,000;25/05/2023;-0,45585596;-52,0817057;80,000
AP;BR-156;106,000;105,000;1,000;25/05/2023;-0,45585596;-52,0817057;48,750
AP;BR-156;105,000;104,000;1,000;25/05/2023;-0,45585596;-52,0817057;85,000
AP;BR-156;104,000;103,000;1,000;25/05/2023;-0,45585596;-52,0817057;85,000
AP;BR-156;103,000;102,000;1,000;25/05/2023;-0,45585596;-52,0817057;85,000
AP;BR-156;102,000;101,000;1,000;25/05/2023;-0,45585596;-52,0817057;51,250
AP;BR-156;101,000;100,000;1,000;25/05/2023;-0,45585596;-52,0817057;87,500
AP;BR-156;100,000;99,000;1,000;25/05/2023;-0,45585596;-52,0817057;73,750
AP;BR-156;99,000;98,000;1,000;25/05/2023;-0,45585596;-52,0817057;40,000
AP;BR-156;98,000;97,000;1,000;25/05/2023;-0,45585596;-52,0817057;27,500
AP;BR-156;97,000;96,000;1,000;25/05/2023;-0,45585596;-52,0817057;40,000
AP;BR-156;96,000;95,000;1,000;25/05/2023;-0,45585596;-52,0817057;40,000
AP;BR-156;95,000;94,000;1,000;25/05/2023;-0,45585596;-52,0817057;41,250
AP;BR-156;94,000;93,000;1,000;25/05/2023;-0,45585596;-52,0817057;35,000
AP;BR-156;93,000;92,000;1,000;25/05/2023;-0,51116135;-52,1738868;47,500
AP;BR-156;92,000;91,000;1,000;25/05/2023;-0,51116135;-52,1738868;41,250
AP;BR-156;91,000;90,000;1,000;25/05/2023;-0,52598977;-52,1831692;77,500
AP;BR-156;90,000;89,000;1,000;25/05/2023;-0,52598977;-52,1831692;40,000
AP;BR-156;89,000;87,100;1,900;25/05/2023;-0,52598977;-52,1831692;56,250
AP;BR-156;30,680;31,000;0,320;26/05/2023;-0,8434623;-52,5215493;55,000
AP;BR-156;31,000;32,000;1,000;26/05/2023;-0,8434623;-52,5215493;68,750
AP;BR-156;32,000;33,000;1,000;26/05/2023;-0,80978253;-52,4992985;72,500
AP;BR-156;33,000;34,000;1,000;26/05/2023;-0,80978253;-52,4992985;71,250
AP;BR-156;34,000;35,000;1,000;26/05/2023;-0,80978253;-52,4992985;71,250
AP;BR-156;35,000;36,000;1,000;26/05/2023;-0,80978253;-52,4992985;68,750
AP;BR-156;36,000;37,000;1,000;26/05/2023;-0,80978253;-52,4992985;80,000
AP;BR-156;37,000;38,000;1,000;26/05/2023;-0,80978253;-52,4992985;83,750
AP;BR-156;38,000;39,000;1,000;26/05/2023;-0,80978253;-52,4992985;82,500
AP;BR-156;39,000;40,000;1,000;26/05/2023;-0,80978253;-52,4992985;80,000
AP;BR-156;40,000;41,000;1,000;26/05/2023;-0,80978253;-52,4992985;93,750
AP;BR-156;41,000;42,000;1,000;26/05/2023;-0,80978253;-52,4992985;90,000
AP;BR-156;42,000;43,000;1,000;26/05/2023;-0,80978253;-52,4992985;82,500
AP;BR-156;43,000;44,000;1,000;26/05/2023;-0,80978253;-52,4992985;75,000
AP;BR-156;44,000;45,000;1,000;26/05/2023;-0,80978253;-52,4992985;82,500
AP;BR-156;45,000;46,000;1,000;26/05/2023;-0,80978253;-52,4992985;75,000
AP;BR-156;46,000;47,000;1,000;26/05/2023;-0,80978253;-52,4992985;68,750
AP;BR-156;47,000;48,000;1,000;26/05/2023;-0,80978253;-52,4992985;82,500
AP;BR-156;48,000;49,000;1,000;26/05/2023;-0,80978253;-52,4992985;68,750
AP;BR-156;49,000;50,000;1,000;26/05/2023;-0,80978253;-52,4992985;82,500
AP;BR-156;50,000;51,000;1,000;26/05/2023;-0,80978253;-52,4992985;72,500
AP;BR-156;51,000;52,000;1,000;26/05/2023;-0,80978253;-52,4992985;75,000
AP;BR-156;52,000;53,000;1,000;26/05/2023;-0,80978253;-52,4992985;82,500
AP;BR-156;53,000;54,000;1,000;26/05/2023;-0,80978253;-52,4992985;76,250
AP;BR-156;54,000;55,000;1,000;26/05/2023;-0,80978253;-52,4992985;75,000
AP;BR-156;55,000;56,000;1,000;26/05/2023;-0,80978253;-52,4992985;90,000
AP;BR-156;56,000;57,000;1,000;26/05/2023;-0,80978253;-52,4992985;90,000
AP;BR-156;57,000;58,000;1,000;26/05/2023;-0,80978253;-52,4992985;63,750
AP;BR-156;58,000;59,000;1,000;26/05/2023;-0,80978253;-52,4992985;87,500
AP;BR-156;59,000;60,000;1,000;26/05/2023;-0,80978253;-52,4992985;75,000
AP;BR-156;60,000;61,000;1,000;26/05/2023;-0,80978253;-52,4992985;67,500
AP;BR-156;61,000;62,000;1,000;26/05/2023;-0,80978253;-52,4992985;87,500
AP;BR-156;62,000;63,000;1,000;26/05/2023;-0,80978253;-52,4992985;83,750
AP;BR-156;63,000;64,000;1,000;26/05/2023;-0,80978253;-52,4992985;87,500
AP;BR-156;64,000;65,000;1,000;26/05/2023;-0,80978253;-52,4992985;82,500
AP;BR-156;65,000;66,000;1,000;26/05/2023;-0,80978253;-52,4992985;75,000
AP;BR-156;66,000;67,000;1,000;26/05/2023;-0,80978253;-52,4992985;90,000
AP;BR-156;67,000;68,000;1,000;26/05/2023;-0,80978253;-52,4992985;86,250
AP;BR-156;68,000;69,000;1,000;26/05/2023;-0,80978253;-52,4992985;82,500
AP;BR-156;69,000;70,000;1,000;26/05/2023;-0,80978253;-52,4992985;86,250
AP;BR-156;70,000;71,000;1,000;26/05/2023;-0,80978253;-52,4992985;82,500
AP;BR-156;71,000;72,000;1,000;26/05/2023;-0,80978253;-52,4992985;82,500
AP;BR-156;72,000;73,000;1,000;26/05/2023;-0,80978253;-52,4992985;67,500
AP;BR-156;73,000;74,000;1,000;26/05/2023;-0,80978253;-52,4992985;83,750
AP;BR-156;74,000;75,000;1,000;26/05/2023;-0,80978253;-52,4992985;72,500
AP;BR-156;75,000;76,000;1,000;26/05/2023;-0,80978253;-52,4992985;76,250
AP;BR-156;76,000;77,000;1,000;26/05/2023;-0,80978253;-52,4992985;82,500
AP;BR-156;77,000;78,000;1,000;26/05/2023;-0,80978253;-52,4992985;72,500
AP;BR-156;78,000;79,000;1,000;26/05/2023;-0,80978253;-52,4992985;83,750
AP;BR-156;79,000;80,000;1,000;26/05/2023;-0,80978253;-52,4992985;76,250
AP;BR-156;80,000;81,000;1,000;26/05/2023;-0,80978253;-52,4992985;58,750
AP;BR-156;81,000;82,000;1,000;26/05/2023;-0,80978253;-52,4992985;80,000
AP;BR-156;82,000;83,000;1,000;26/05/2023;-0,80978253;-52,4992985;61,250
AP;BR-156;83,000;84,000;1,000;26/05/2023;-0,80978253;-52,4992985;68,750
AP;BR-156;84,000;85,000;1,000;26/05/2023;-0,54918506;-52,1859892;55,000
AP;BR-156;85,000;86,000;1,000;26/05/2023;-0,54918506;-52,1859892;75,000
AP;BR-156;86,000;87,100;1,100;26/05/2023;-0,54918506;-52,1859892;61,250
AP;BR-210;193,000;194,000;1,000;26/05/2023;0,85484652;-52,02449;72,500
AP;BR-210;194,000;195,000;1,000;26/05/2023;0,85484652;-52,02449;70,000
AP;BR-210;195,000;196,000;1,000;26/05/2023;0,85484652;-52,02449;65,000
AP;BR-210;196,000;197,000;1,000;26/05/2023;0,85484652;-52,02449;66,250
AP;BR-210;197,000;198,000;1,000;26/05/2023;0,85484652;-52,02449;73,750
AP;BR-210;198,000;199,000;1,000;26/05/2023;0,85484652;-52,02449;77,500
AP;BR-210;199,000;200,000;1,000;26/05/2023;0,85484652;-52,02449;66,250
AP;BR-210;200,000;201,000;1,000;26/05/2023;0,85484652;-52,02449;66,250
AP;BR-210;201,000;202,000;1,000;26/05/2023;0,85484652;-52,02449;70,000
AP;BR-210;202,000;203,000;1,000;26/05/2023;0,85484652;-52,02449;66,250
AP;BR-210;203,000;204,000;1,000;26/05/2023;0,85484652;-52,02449;70,000
AP;BR-210;204,000;205,000;1,000;26/05/2023;0,85484652;-52,02449;77,500
AP;BR-210;205,000;206,000;1,000;26/05/2023;0,85484652;-52,02449;81,250
AP;BR-210;206,000;207,000;1,000;26/05/2023;0,85484652;-52,02449;70,000
AP;BR-210;207,000;208,000;1,000;26/05/2023;0,85484652;-52,02449;63,750
AP;BR-210;208,000;209,000;1,000;26/05/2023;0,85484652;-52,02449;70,000
AP;BR-210;209,000;210,000;1,000;26/05/2023;0,85484652;-52,02449;66,250
AP;BR-210;210,000;211,000;1,000;26/05/2023;0,85484652;-52,02449;73,750
AP;BR-210;211,000;212,000;1,000;26/05/2023;0,85484652;-52,02449;66,250
AP;BR-210;212,000;213,000;1,000;26/05/2023;0,85484652;-52,02449;81,250
AP;BR-210;213,000;214,000;1,000;26/05/2023;0,85484652;-52,02449;61,250
AP;BR-210;214,000;215,000;1,000;26/05/2023;0,85484652;-52,02449;62,500
AP;BR-210;215,000;216,000;1,000;26/05/2023;0,85484652;-52,02449;62,500
AP;BR-210;216,000;217,000;1,000;26/05/2023;0,85484652;-52,02449;73,750
AP;BR-210;217,000;218,000;1,000;26/05/2023;0,85484652;-52,02449;73,750
AP;BR-210;218,000;219,000;1,000;26/05/2023;0,85484652;-52,02449;66,250
AP;BR-210;219,000;220,000;1,000;26/05/2023;0,85484652;-52,02449;62,500
AP;BR-210;220,000;221,000;1,000;26/05/2023;0,85484652;-52,02449;58,750
AP;BR-210;221,000;222,000;1,000;26/05/2023;0,85484652;-52,02449;58,750
AP;BR-210;222,000;223,000;1,000;26/05/2023;0,85484652;-52,02449;58,750
AP;BR-210;223,000;224,000;1,000;26/05/2023;0,85484652;-52,02449;62,500
AP;BR-210;224,000;225,000;1,000;26/05/2023;0,85484652;-52,02449;65,000
AP;BR-210;225,000;226,000;1,000;26/05/2023;0,85484652;-52,02449;55,000
AP;BR-210;226,000;227,000;1,000;26/05/2023;0,85484652;-52,02449;55,000
AP;BR-210;227,000;228,000;1,000;26/05/2023;0,85484652;-52,02449;55,000
AP;BR-210;228,000;229,000;1,000;26/05/2023;0,85484652;-52,02449;62,500
AP;BR-210;229,000;230,000;1,000;26/05/2023;0,1205986;-51,1316153;58,750
AP;BR-210;230,000;231,000;1,000;26/05/2023;0,1205986;-51,1316153;43,750
AP;BR-210;231,000;232,000;1,000;26/05/2023;0,1205986;-51,1316153;50,000
AP;BR-210;232,000;233,000;1,000;26/05/2023;0,1205986;-51,1316153;47,500
AP;BR-210;233,000;234,000;1,000;26/05/2023;0,1205986;-51,1316153;73,750
AP;BR-210;234,000;235,000;1,000;26/05/2023;0,1205986;-51,1316153;40,000
AP;BR-210;235,000;236,000;1,000;26/05/2023;0,1205986;-51,1316153;62,500
AP;BR-210;236,000;237,000;1,000;26/05/2023;0,1205986;-51,1316153;61,250
AP;BR-210;237,000;238,000;1,000;26/05/2023;0,1205986;-51,1316153;62,500
AP;BR-210;238,000;239,000;1,000;26/05/2023;0,1205986;-51,1316153;55,000
AP;BR-210;239,000;240,000;1,000;26/05/2023;0,1205986;-51,1316153;58,750
AP;BR-210;240,000;241,000;1,000;26/05/2023;0,1205986;-51,1316153;53,750
AP;BR-210;241,000;242,000;1,000;26/05/2023;0,1205986;-51,1316153;53,750
AP;BR-210;242,000;243,000;1,000;26/05/2023;0,1205986;-51,1316153;58,750
AP;BR-210;243,000;244,000;1,000;26/05/2023;0,1205986;-51,1316153;55,000
AP;BR-210;244,000;245,000;1,000;26/05/2023;0,1205986;-51,1316153;55,000
AP;BR-210;245,000;246,000;1,000;26/05/2023;0,1205986;-51,1316153;62,500
AP;BR-210;246,000;247,000;1,000;26/05/2023;0,1205986;-51,1316153;42,500
AP;BR-210;247,000;248,000;1,000;26/05/2023;0,1205986;-51,1316153;55,000
AP;BR-210;248,000;249,000;1,000;26/05/2023;0,1205986;-51,1316153;55,000
AP;BR-210;249,000;250,000;1,000;26/05/2023;0,7790088;-51,9646844;30,000
AP;BR-210;250,000;251,000;1,000;26/05/2023;0,7790088;-51,9646844;70,000
AP;BR-210;251,000;252,000;1,000;26/05/2023;0,7790088;-51,9646844;55,000
AP;BR-210;252,000;253,000;1,000;26/05/2023;0,7790088;-51,9646844;67,500
AP;BR-210;253,000;254,000;1,000;26/05/2023;0,7790088;-51,9646844;55,000
AP;BR-210;254,000;255,000;1,000;26/05/2023;0,7790088;-51,9646844;55,000
AP;BR-210;255,000;256,000;1,000;26/05/2023;0,7790088;-51,9646844;33,750
AP;BR-210;256,000;257,000;1,000;26/05/2023;0,7790088;-51,9646844;42,500
AP;BR-210;257,000;258,000;1,000;26/05/2023;0,7790088;-51,9646844;33,750
AP;BR-210;258,000;259,000;1,000;26/05/2023;0,7790088;-51,9646844;37,500
AP;BR-210;259,000;260,000;1,000;26/05/2023;0,7790088;-51,9646844;37,500
AP;BR-210;260,000;261,000;1,000;26/05/2023;0,7790088;-51,9646844;50,000
AP;BR-210;261,000;262,000;1,000;26/05/2023;0,7790088;-51,9646844;37,500
AP;BR-210;262,000;263,000;1,000;26/05/2023;0,7790088;-51,9646844;37,500
AP;BR-210;263,000;264,000;1,000;26/05/2023;0,7790088;-51,9646844;37,500
AP;BR-210;264,000;265,000;1,000;26/05/2023;0,7790088;-51,9646844;56,250
AP;BR-210;265,000;266,000;1,000;26/05/2023;0,7790088;-51,9646844;37,500
AP;BR-210;266,000;267,000;1,000;26/05/2023;0,7790088;-51,9646844;30,000
AP;BR-210;267,000;268,000;1,000;26/05/2023;0,7790088;-51,9646844;30,000
AP;BR-210;268,000;269,000;1,000;26/05/2023;0,7790088;-51,9646844;37,500
AP;BR-210;269,000;270,000;1,000;26/05/2023;0,7790088;-51,9646844;30,000
AP;BR-210;270,000;271,000;1,000;26/05/2023;0,7790088;-51,9646844;42,500
AP;BR-210;271,000;272,000;1,000;26/05/2023;0,7790088;-51,9646844;37,500
AP;BR-210;272,000;273,000;1,000;26/05/2023;0,7790088;-51,9646844;48,750
AP;BR-210;273,000;274,000;1,000;26/05/2023;0,7790088;-51,9646844;48,750
AP;BR-210;274,000;275,000;1,000;26/05/2023;0,7790088;-51,9646844;41,250
AP;BR-210;275,000;276,000;1,000;26/05/2023;0,7790088;-51,9646844;46,250
AP;BR-210;276,000;277,000;1,000;26/05/2023;0,7790088;-51,9646844;30,000
AP;BR-210;277,000;278,000;1,000;26/05/2023;0,7790088;-51,9646844;50,000
AP;BR-210;278,000;279,000;1,000;26/05/2023;0,7790088;-51,9646844;53,750
AP;BR-210;279,000;280,000;1,000;26/05/2023;0,7790088;-51,9646844;46,250
AP;BR-210;280,000;281,000;1,000;26/05/2023;0,7790088;-51,9646844;56,250
AP;BR-210;281,000;282,000;1,000;26/05/2023;0,7790088;-51,9646844;41,250
AP;BR-210;282,000;283,000;1,000;26/05/2023;0,7790088;-51,9646844;56,250
AP;BR-210;283,000;284,000;1,000;26/05/2023;0,7790088;-51,9646844;37,500
AP;BR-210;284,000;285,000;1,000;26/05/2023;0,7790088;-51,9646844;37,500
AP;BR-210;285,000;286,000;1,000;26/05/2023;0,7790088;-51,9646844;65,000
AP;BR-210;286,000;287,000;1,000;26/05/2023;0,7790088;-51,9646844;42,500
AP;BR-210;287,000;288,000;1,000;26/05/2023;0,7790088;-51,9646844;52,500
AP;BR-210;288,000;289,000;1,000;26/05/2023;0,7790088;-51,9646844;62,500
AP;BR-210;289,000;290,000;1,000;26/05/2023;0,7790088;-51,9646844;42,500
AP;BR-210;290,000;291,000;1,000;26/05/2023;0,7790088;-51,9646844;52,500
AP;BR-210;291,000;292,000;1,000;26/05/2023;0,7790088;-51,9646844;70,000
AP;BR-210;292,000;293,000;1,000;26/05/2023;0,7790088;-51,9646844;73,750
AP;BR-210;293,000;294,000;1,000;26/05/2023;0,7790088;-51,9646844;67,500
AP;BR-210;294,000;295,000;1,000;26/05/2023;0,7790088;-51,9646844;30,000
AP;BR-210;295,000;296,000;1,000;26/05/2023;0,7790088;-51,9646844;53,750
AP;BR-210;296,000;297,000;1,000;26/05/2023;0,7790088;-51,9646844;42,500
AP;BR-210;297,000;298,000;1,000;26/05/2023;0,7790088;-51,9646844;30,000
AP;BR-210;298,000;299,000;1,000;26/05/2023;0,7790088;-51,9646844;37,500
AP;BR-210;299,000;300,000;1,000;26/05/2023;0,7790088;-51,9646844;50,000
AP;BR-210;300,000;301,000;1,000;26/05/2023;0,7790088;-51,9646844;33,750
AP;BR-210;301,000;302,000;1,000;26/05/2023;0,7790088;-51,9646844;37,500
AP;BR-210;302,000;303,000;1,000;26/05/2023;0,7790088;-51,9646844;42,500
AP;BR-210;303,000;304,000;1,000;26/05/2023;0,7790088;-51,9646844;30,000
AP;BR-210;304,000;305,200;1,200;26/05/2023;0,7790088;-51,9646844;48,750
AP;BR-210;193,000;192,000;1,000;26/05/2023;0,8708684;-52,0075875;62,500
AP;BR-210;192,000;191,000;1,000;26/05/2023;0,8708684;-52,0075875;68,750
AP;BR-210;191,000;190,000;1,000;26/05/2023;0,8708684;-52,0075875;62,500
AP;BR-210;190,000;189,000;1,000;26/05/2023;0,8708684;-52,0075875;40,000
AP;BR-210;189,000;188,000;1,000;26/05/2023;0,8708684;-52,0075875;55,000
AP;BR-210;188,000;187,000;1,000;26/05/2023;0,8708684;-52,0075875;55,000
AP;BR-210;187,000;186,000;1,000;26/05/2023;0,8708684;-52,0075875;65,000
AP;BR-210;186,000;185,000;1,000;26/05/2023;0,8039304;-51,9776962;61,250
AP;BR-210;185,000;184,000;1,000;26/05/2023;0,8039304;-51,9776962;55,000
AP;BR-210;184,000;183,000;1,000;26/05/2023;0,8039304;-51,9776962;55,000
AP;BR-210;183,000;182,000;1,000;26/05/2023;0,8039304;-51,9776962;55,000
AP;BR-210;182,000;181,000;1,000;26/05/2023;0,8039304;-51,9776962;55,000
AP;BR-210;181,000;180,000;1,000;26/05/2023;0,8072469;-51,9793502;55,000
AP;BR-210;180,000;179,000;1,000;26/05/2023;0,8072469;-51,9793502;57,500
AP;BR-210;179,000;178,000;1,000;26/05/2023;0,7796425;-51,9525599;55,000
AP;BR-210;178,000;177,000;1,000;26/05/2023;0,7758565;-51,9505759;58,750
AP;BR-210;177,000;176,000;1,000;26/05/2023;0,7758565;-51,9505759;61,250
AP;BR-210;176,000;175,000;1,000;26/05/2023;0,7758565;-51,9505759;55,000
AP;BR-210;175,000;174,000;1,000;26/05/2023;0,7758565;-51,9505759;57,500
AP;BR-210;174,000;173,000;1,000;26/05/2023;0,7758565;-51,9505759;55,000
AP;BR-210;173,000;172,000;1,000;26/05/2023;0,7758565;-51,9505759;55,000
AP;BR-210;172,000;171,000;1,000;26/05/2023;0,7758565;-51,9505759;58,750
AP;BR-210;171,000;170,000;1,000;26/05/2023;0,7758565;-51,9505759;68,750
AP;BR-210;170,000;169,000;1,000;26/05/2023;0,7758565;-51,9505759;55,000
AP;BR-210;169,000;168,000;1,000;26/05/2023;0,7758565;-51,9505759;55,000
AP;BR-210;168,000;167,000;1,000;26/05/2023;0,7758565;-51,9505759;42,500
AP;BR-210;167,000;166,000;1,000;26/05/2023;0,6861311;-51,8881534;48,750
AP;BR-210;166,000;165,000;1,000;26/05/2023;0,6861311;-51,8881534;42,500
AP;BR-210;165,000;164,000;1,000;26/05/2023;0,6861311;-51,8881534;61,250
AP;BR-210;164,000;163,000;1,000;26/05/2023;0,6861311;-51,8881534;65,000
AP;BR-210;163,000;162,000;1,000;26/05/2023;0,6861311;-51,8881534;57,500
AP;BR-210;162,000;161,000;1,000;26/05/2023;0,6653132;-51,8604039;55,000
AP;BR-210;161,000;160,000;1,000;26/05/2023;0,6653132;-51,8604039;55,000
AP;BR-210;160,000;159,000;1,000;26/05/2023;0,6653132;-51,8604039;62,500
AP;BR-210;159,000;158,000;1,000;26/05/2023;0,6653132;-51,8604039;65,000
AP;BR-210;158,000;157,000;1,000;26/05/2023;0,6653132;-51,8604039;61,250
AP;BR-210;157,000;156,000;1,000;26/05/2023;0,6653132;-51,8604039;61,250
AP;BR-210;156,000;155,000;1,000;26/05/2023;0,6653132;-51,8604039;57,500
AP;BR-210;155,000;154,000;1,000;26/05/2023;0,6653132;-51,8604039;58,750
AP;BR-210;154,000;153,000;1,000;26/05/2023;0,6653132;-51,8604039;70,000
AP;BR-210;153,000;152,000;1,000;26/05/2023;0,6294239;-51,7904364;62,500
AP;BR-210;152,000;151,000;1,000;26/05/2023;0,6288717;-51,7879617;55,000
AP;BR-210;151,000;150,000;1,000;26/05/2023;0,6288717;-51,7879617;57,500
AP;BR-210;150,000;149,000;1,000;26/05/2023;0,6127615;-51,7690373;61,250
AP;BR-210;149,000;148,000;1,000;26/05/2023;0,6127615;-51,7690373;55,000
AP;BR-210;148,000;147,000;1,000;26/05/2023;0,6119176;-51,7682633;61,250
AP;BR-210;147,000;146,000;1,000;26/05/2023;0,6119176;-51,7682633;70,000
AP;BR-210;146,000;145,000;1,000;26/05/2023;0,6119176;-51,7682633;62,500
AP;BR-210;145,000;144,000;1,000;26/05/2023;0,6119176;-51,7682633;55,000
AP;BR-210;144,000;143,000;1,000;26/05/2023;0,6119176;-51,7682633;57,500
AP;BR-210;143,000;142,000;1,000;26/05/2023;0,6119176;-51,7682633;68,750
AP;BR-210;142,000;141,000;1,000;26/05/2023;0,6119176;-51,7682633;65,000
AP;BR-210;141,000;140,000;1,000;26/05/2023;0,617843;-51,6996146;61,250
AP;BR-210;140,000;139,000;1,000;26/05/2023;0,617843;-51,6996146;57,500
AP;BR-210;139,000;138,000;1,000;26/05/2023;0,617843;-51,6996146;61,250
AP;BR-210;138,000;137,000;1,000;26/05/2023;0,617843;-51,6996146;57,500
AP;BR-210;137,000;136,000;1,000;26/05/2023;0,617843;-51,6996146;57,500
AP;BR-210;136,000;135,000;1,000;26/05/2023;0,617843;-51,6996146;61,250
AP;BR-210;135,000;134,000;1,000;26/05/2023;0,617843;-51,6996146;58,750
AP;BR-210;134,000;133,000;1,000;26/05/2023;0,617843;-51,6996146;60,000
AP;BR-210;133,000;132,000;1,000;26/05/2023;0,617843;-51,6996146;57,500
AP;BR-210;132,000;131,000;1,000;26/05/2023;0,617843;-51,6996146;55,000
AP;BR-210;131,000;130,000;1,000;26/05/2023;0,617843;-51,6996146;62,500
AP;BR-210;130,000;129,000;1,000;26/05/2023;0,617843;-51,6996146;62,500
AP;BR-210;129,000;128,000;1,000;26/05/2023;0,617843;-51,6996146;62,500
AP;BR-210;128,000;127,000;1,000;26/05/2023;0,649872;-51,5924909;61,250
AP;BR-210;127,000;126,000;1,000;26/05/2023;0,6528182;-51,5932286;57,500
AP;BR-210;126,000;125,000;1,000;26/05/2023;0,6528182;-51,5932286;56,250
AP;BR-210;125,000;124,000;1,000;26/05/2023;0,6528182;-51,5932286;56,250
AP;BR-210;124,000;123,000;1,000;26/05/2023;0,6528182;-51,5932286;38,750
AP;BR-210;123,000;122,000;1,000;26/05/2023;0,6528182;-51,5932286;56,250
AP;BR-210;122,000;121,000;1,000;26/05/2023;0,6528182;-51,5932286;67,500
AP;BR-210;121,000;120,000;1,000;26/05/2023;0,6528182;-51,5932286;57,500
AP;BR-210;120,000;119,000;1,000;26/05/2023;0,6528182;-51,5932286;68,750
AP;BR-210;119,000;118,000;1,000;26/05/2023;0,6528182;-51,5932286;56,250
AP;BR-210;118,000;117,000;1,000;26/05/2023;0,6528182;-51,5932286;63,750
AP;BR-210;117,000;116,000;1,000;26/05/2023;0,6528182;-51,5932286;58,750
AP;BR-210;116,000;115,000;1,000;26/05/2023;0,6528182;-51,5932286;62,500
AP;BR-210;115,000;114,000;1,000;26/05/2023;0,6528182;-51,5932286;63,750
AP;BR-210;114,000;113,000;1,000;26/05/2023;0,6528182;-51,5932286;57,500
AP;BR-210;113,000;112,000;1,000;26/05/2023;0,6528182;-51,5932286;58,750
AP;BR-210;112,000;111,000;1,000;26/05/2023;0,6528182;-51,5932286;57,500
AP;BR-210;111,000;110,000;1,000;26/05/2023;0,700977;-51,4035667;48,750
AP;BR-210;110,000;109,000;1,000;26/05/2023;0,6971525;-51,4273888;62,500
AP;BR-210;109,000;108,000;1,000;26/05/2023;0,6971525;-51,4273888;55,000
AP;BR-210;108,000;107,000;1,000;26/05/2023;0,6971525;-51,4273888;55,000
AP;BR-210;107,000;106,200;0,800;26/05/2023;0,7016257;-51,4222638;55,000
MG;BR-265;570,420;571,300;0,880;22/05/2023;-21,9808429;-44,9326873;83,750
RO;BR-421;36,900;37,000;0,100;29/05/2023;-9,914505;-63,0609366;65,000
RO;BR-421;37,000;38,000;1,000;29/05/2023;-9,914505;-63,0609366;78,750
RO;BR-421;38,000;39,000;1,000;29/05/2023;-9,914505;-63,0609366;91,250
RO;BR-421;39,000;40,000;1,000;29/05/2023;-9,914505;-63,0609366;81,250
RO;BR-421;40,000;41,000;1,000;29/05/2023;-9,914505;-63,0609366;90,000
RO;BR-421;41,000;42,000;1,000;29/05/2023;-9,914505;-63,0609366;85,000
RO;BR-421;42,000;43,000;1,000;29/05/2023;-9,914505;-63,0609366;85,000
RO;BR-421;43,000;44,000;1,000;29/05/2023;-9,914505;-63,0609366;83,750
RO;BR-421;44,000;45,000;1,000;29/05/2023;-9,914505;-63,0609366;87,500
RO;BR-421;45,000;46,000;1,000;29/05/2023;-9,914505;-63,0609366;77,500
BA;BR-030;724,700;725,000;0,300;26/05/2023;-13,8535444;-40,1129063;31,250
BA;BR-030;725,000;726,000;1,000;26/05/2023;-13,8535444;-40,1129063;46,250
BA;BR-030;726,000;727,000;1,000;26/05/2023;-13,8535443;-40,112906;15,000
BA;BR-030;727,000;728,000;1,000;26/05/2023;-13,8535456;-40,1128898;17,500
BA;BR-030;728,000;729,000;1,000;26/05/2023;-13,8535458;-40,1129077;22,500
BA;BR-030;729,000;730,000;1,000;26/05/2023;-13,8535318;-40,1129104;5,000
BA;BR-030;730,000;731,000;1,000;26/05/2023;-13,853531;-40,1128914;42,500
BA;BR-030;731,000;732,000;1,000;26/05/2023;-13,8535384;-40,1128941;50,000
BA;BR-030;732,000;733,000;1,000;26/05/2023;-13,8535422;-40,1129108;57,500
BA;BR-030;733,000;734,000;1,000;26/05/2023;-13,8535237;-40,1128961;52,500
BA;BR-030;734,000;735,000;1,000;26/05/2023;-13,8535463;-40,1129072;40,000
BA;BR-030;735,000;736,000;1,000;26/05/2023;-13,8535331;-40,1128908;42,500
BA;BR-030;736,000;737,000;1,000;26/05/2023;-13,8535461;-40,1129068;40,000
BA;BR-030;737,000;738,000;1,000;26/05/2023;-13,8535455;-40,1129056;20,000
BA;BR-030;738,000;739,000;1,000;26/05/2023;-13,8535314;-40,1128902;50,000
BA;BR-030;739,000;740,000;1,000;26/05/2023;-13,8535464;-40,1129074;21,250
BA;BR-030;740,000;741,000;1,000;26/05/2023;-13,8535338;-40,1128939;35,000
BA;BR-030;741,000;742,000;1,000;26/05/2023;-13,8535422;-40,1129108;53,750
BA;BR-030;742,000;743,000;1,000;26/05/2023;-13,8535473;-40,1129085;50,000
BA;BR-030;743,000;744,000;1,000;26/05/2023;-13,8535823;-40,1129072;53,750
BA;BR-030;744,000;745,000;1,000;26/05/2023;-13,8535229;-40,1128927;52,500
BA;BR-030;745,000;746,000;1,000;26/05/2023;-13,8535474;-40,1129097;58,750
BA;BR-030;746,000;747,000;1,000;26/05/2023;-13,8535474;-40,1129097;58,750
BA;BR-030;747,000;748,000;1,000;26/05/2023;-13,8535451;-40,1129048;32,500
BA;BR-030;748,000;749,000;1,000;26/05/2023;-13,8535468;-40,1129084;50,000
BA;BR-030;749,000;750,000;1,000;26/05/2023;-13,8535467;-40,112908;58,750
BA;BR-030;750,000;751,000;1,000;26/05/2023;-13,8535564;-40,1129097;68,750
BA;BR-030;751,000;752,000;1,000;26/05/2023;-13,8535439;-40,1129068;50,000
BA;BR-030;752,000;753,000;1,000;26/05/2023;-13,8535878;-40,112903;0,000
BA;BR-030;753,000;754,000;1,000;26/05/2023;-13,8535436;-40,1129066;50,000
BA;BR-030;754,000;755,000;1,000;26/05/2023;-13,8535497;-40,1129102;61,250
BA;BR-030;755,000;756,000;1,000;26/05/2023;-13,853579;-40,1129092;52,500
BA;BR-030;756,000;757,000;1,000;26/05/2023;-13,8535439;-40,1129068;50,000
BA;BR-030;757,000;758,000;1,000;26/05/2023;-13,8535438;-40,1129059;50,000
BA;BR-030;758,000;759,000;1,000;26/05/2023;-13,8535549;-40,1128981;50,000
BA;BR-030;759,000;760,000;1,000;26/05/2023;-13,8535843;-40,1129102;50,000
BA;BR-030;770,240;771,000;0,760;26/05/2023;-13,8535499;-40,112921;66,250
BA;BR-030;771,000;772,000;1,000;26/05/2023;-13,8535568;-40,1129369;42,500
BA;BR-030;772,000;773,000;1,000;26/05/2023;-13,8541248;-40,1133584;37,500
BA;BR-030;773,000;774,000;1,000;26/05/2023;-13,8535731;-40,1129424;16,250
BA;BR-030;774,000;775,000;1,000;26/05/2023;-13,8535755;-40,1129387;50,000
BA;BR-030;775,000;776,000;1,000;26/05/2023;-13,8536119;-40,1129424;55,000
BA;BR-030;776,000;777,000;1,000;26/05/2023;-13,853544;-40,1129059;56,250
BA;BR-030;777,000;778,000;1,000;26/05/2023;-13,8535478;-40,112911;68,750
BA;BR-030;778,000;779,000;1,000;26/05/2023;-13,8535455;-40,1129099;50,000
BA;BR-030;779,000;780,000;1,000;26/05/2023;-13,8535436;-40,112906;58,750
BA;BR-030;780,000;781,000;1,000;26/05/2023;-13,8542178;-40,1133276;50,000
BA;BR-030;781,000;782,000;1,000;26/05/2023;-13,8535809;-40,1129104;46,250
BA;BR-030;782,000;783,000;1,000;26/05/2023;-13,8535441;-40,1129072;50,000
BA;BR-030;783,000;784,000;1,000;26/05/2023;-13,8541842;-40,113283;50,000
BA;BR-030;784,000;785,000;1,000;26/05/2023;-13,8535559;-40,1128911;50,000
BA;BR-030;785,000;786,000;1,000;26/05/2023;-13,8535427;-40,1129078;65,000
BA;BR-030;786,000;787,000;1,000;26/05/2023;-13,8535665;-40,1129305;63,750
BA;BR-030;787,000;788,000;1,000;26/05/2023;-13,8542619;-40,1129306;50,000
BA;BR-030;788,000;789,000;1,000;26/05/2023;-13,8542619;-40,1129306;50,000
BA;BR-030;789,000;790,000;1,000;26/05/2023;-13,8535483;-40,112912;50,000
BA;BR-030;790,000;791,000;1,000;26/05/2023;-13,8535536;-40,1128915;50,000
BA;BR-030;791,000;792,000;1,000;26/05/2023;-13,8535478;-40,1128972;62,500
BA;BR-030;792,000;793,000;1,000;26/05/2023;-13,8535869;-40,1129026;50,000
BA;BR-030;793,000;794,000;1,000;26/05/2023;-13,8542363;-40,1120518;50,000
BA;BR-030;794,000;795,000;1,000;26/05/2023;-13,8542363;-40,1120518;50,000
BA;BR-030;795,000;796,000;1,000;26/05/2023;-13,8542124;-40,1133465;50,000
BA;BR-030;796,000;797,000;1,000;26/05/2023;-13,8535449;-40,1129075;57,500
BA;BR-030;797,000;798,000;1,000;26/05/2023;-13,8543007;-40,1119435;50,000
BA;BR-030;798,000;799,000;1,000;26/05/2023;-13,8535422;-40,1128913;50,000
BA;BR-030;799,000;800,000;1,000;26/05/2023;-13,8542623;-40,1130088;50,000
BA;BR-030;800,000;801,000;1,000;26/05/2023;-13,8535438;-40,1129059;61,250
BA;BR-030;801,000;802,000;1,000;26/05/2023;-13,8535434;-40,1129063;50,000
BA;BR-030;802,000;803,000;1,000;26/05/2023;-13,853544;-40,1129059;50,000
BA;BR-030;803,000;804,000;1,000;26/05/2023;-13,8535438;-40,1129059;61,250
BA;BR-030;804,000;805,000;1,000;26/05/2023;-13,8535784;-40,112914;50,000
BA;BR-030;805,000;806,000;1,000;26/05/2023;-13,8535724;-40,1129117;50,000
BA;BR-030;806,000;807,000;1,000;26/05/2023;-13,8535444;-40,1129064;56,250
BA;BR-030;807,000;808,000;1,000;26/05/2023;-13,8535274;-40,1128949;60,000
BA;BR-030;808,000;809,000;1,000;26/05/2023;-13,853578;-40,1129375;50,000
BA;BR-030;809,000;810,000;1,000;26/05/2023;-13,8535443;-40,1129062;68,750
BA;BR-030;810,000;811,000;1,000;26/05/2023;-13,8535092;-40,1129225;60,000
BA;BR-030;811,000;812,000;1,000;26/05/2023;-13,8535463;-40,1129055;57,500
BA;BR-030;812,000;813,000;1,000;26/05/2023;-13,8535434;-40,1129063;56,250
BA;BR-030;813,000;814,000;1,000;26/05/2023;-13,8535434;-40,1129063;56,250
BA;BR-030;814,000;815,000;1,000;26/05/2023;-13,8535484;-40,1128916;50,000
BA;BR-030;815,000;816,000;1,000;26/05/2023;-13,8535618;-40,1128922;50,000
BA;BR-030;816,000;817,000;1,000;26/05/2023;-13,8535089;-40,1129213;50,000
BA;BR-030;817,000;818,000;1,000;26/05/2023;-13,8535443;-40,1129062;56,250
BA;BR-030;818,000;819,000;1,000;26/05/2023;-13,8535771;-40,112907;18,750
BA;BR-030;819,000;820,000;1,000;26/05/2023;-13,8535444;-40,1129063;18,750
BA;BR-030;820,000;821,000;1,000;26/05/2023;-13,8535432;-40,1129069;18,750
BA;BR-030;821,000;822,000;1,000;26/05/2023;-13,8535772;-40,1129089;21,250
BA;BR-030;822,000;823,000;1,000;26/05/2023;-13,8535771;-40,1129073;18,750
BA;BR-030;823,000;824,000;1,000;26/05/2023;-13,8535566;-40,1129245;33,750
BA;BR-030;824,000;825,000;1,000;26/05/2023;-13,8535458;-40,1129058;33,750
BA;BR-030;825,000;826,000;1,000;26/05/2023;-13,8535778;-40,112911;43,750
BA;BR-030;826,000;827,000;1,000;26/05/2023;-13,8535777;-40,1129076;18,750
BA;BR-030;827,000;828,000;1,000;26/05/2023;-13,8535441;-40,1129059;16,250
BA;BR-030;828,000;829,000;1,000;26/05/2023;-13,853541;-40,1129078;18,750
BA;BR-030;829,000;830,000;1,000;26/05/2023;-13,8535418;-40,1129041;18,750
BA;BR-030;830,000;831,000;1,000;26/05/2023;-13,8535764;-40,1129076;18,750
BA;BR-030;831,000;832,000;1,000;26/05/2023;-13,8535311;-40,1129122;31,250
BA;BR-030;832,000;833,000;1,000;26/05/2023;-13,8535443;-40,112906;18,750
BA;BR-030;833,000;834,000;1,000;26/05/2023;-13,8535796;-40,1129064;18,750
BA;BR-030;834,000;835,000;1,000;26/05/2023;-13,8535444;-40,1129063;18,750
BA;BR-030;835,000;836,000;1,000;26/05/2023;-13,8535442;-40,1129023;27,500
BA;BR-030;836,000;837,000;1,000;26/05/2023;-13,8535444;-40,1129064;20,000
BA;BR-030;837,000;838,000;1,000;26/05/2023;-13,8535444;-40,1129063;20,000
BA;BR-030;838,000;839,000;1,000;26/05/2023;-13,8535089;-40,1129213;20,000
BA;BR-030;839,000;840,000;1,000;26/05/2023;-13,8535397;-40,1129024;41,250
BA;BR-030;840,000;841,000;1,000;26/05/2023;-13,8535848;-40,1129113;0,000
BA;BR-030;841,000;842,000;1,000;26/05/2023;-13,8535443;-40,112906;0,000
BA;BR-030;842,000;843,000;1,000;26/05/2023;-13,8535864;-40,1129079;0,000
BA;BR-030;843,000;844,000;1,000;26/05/2023;-13,8535434;-40,1129063;0,000
BA;BR-330;642,300;643,000;0,700;26/05/2023;-13,8535854;-40,1129091;0,000
BA;BR-330;643,000;644,000;1,000;26/05/2023;-13,8535438;-40,1129059;0,000
BA;BR-330;644,000;645,000;1,000;26/05/2023;-13,853559;-40,1128915;22,500
BA;BR-330;645,000;646,000;1,000;26/05/2023;-13,8535438;-40,1129059;27,500
BA;BR-330;646,000;647,000;1,000;26/05/2023;-13,8535434;-40,1129063;7,500
BA;BR-330;647,000;648,000;1,000;26/05/2023;-13,8535481;-40,1129092;22,500
BA;BR-330;648,000;649,000;1,000;26/05/2023;-13,8535584;-40,1129314;23,750
BA;BR-330;649,000;650,000;1,000;26/05/2023;-13,853496;-40,1129167;22,500
BA;BR-330;650,000;651,000;1,000;26/05/2023;-13,8535598;-40,1128952;41,250
BA;BR-330;651,000;652,000;1,000;26/05/2023;-13,8535436;-40,1129066;23,750
BA;BR-330;652,000;653,000;1,000;26/05/2023;-13,8535638;-40,1129005;23,750
BA;BR-330;653,000;654,000;1,000;26/05/2023;-13,8535542;-40,1129161;22,500
BA;BR-330;654,000;655,000;1,000;26/05/2023;-13,8535851;-40,1129135;22,500
BA;BR-330;655,000;656,000;1,000;26/05/2023;-13,8535843;-40,1129133;31,250
BA;BR-330;656,000;657,000;1,000;26/05/2023;-13,8535434;-40,1129063;31,250
BA;BR-330;657,000;658,000;1,000;26/05/2023;-13,8535484;-40,11291;30,000
BA;BR-330;658,000;659,000;1,000;26/05/2023;-13,8535474;-40,1129104;38,750
BA;BR-330;659,000;660,000;1,000;26/05/2023;-13,8535253;-40,1128927;23,750
BA;BR-330;660,000;661,000;1,000;26/05/2023;-13,8535695;-40,1129413;2,500
BA;BR-330;661,000;662,000;1,000;26/05/2023;-13,853574;-40,1129159;3,750
BA;BR-330;662,000;663,000;1,000;26/05/2023;-13,8535438;-40,1129059;2,500
BA;BR-330;663,000;664,000;1,000;26/05/2023;-13,8535775;-40,1129424;45,000
BA;BR-330;664,000;665,000;1,000;26/05/2023;-13,8535405;-40,1129077;45,000
BA;BR-330;665,000;666,000;1,000;26/05/2023;-13,8535842;-40,1129101;45,000
BA;BR-330;666,000;667,000;1,000;26/05/2023;-13,8535548;-40,1128872;45,000
BA;BR-330;667,000;668,000;1,000;26/05/2023;-13,8535434;-40,1129064;37,500
BA;BR-330;668,000;669,000;1,000;26/05/2023;-13,8535479;-40,1129093;0,000
BA;BR-330;669,000;670,000;1,000;26/05/2023;-13,8535434;-40,1129063;2,500
BA;BR-330;670,000;671,000;1,000;26/05/2023;-13,8535395;-40,112892;0,000
BA;BR-330;671,000;672,000;1,000;26/05/2023;-13,8535743;-40,1129164;3,750
BA;BR-330;672,000;673,000;1,000;26/05/2023;-13,8534983;-40,1129199;3,750
BA;BR-330;673,000;674,000;1,000;26/05/2023;-13,8534923;-40,1129131;3,750
BA;BR-330;674,000;675,000;1,000;26/05/2023;-13,8535699;-40,1129419;3,750
BA;BR-330;675,000;676,000;1,000;26/05/2023;-13,8535436;-40,1129066;2,500
BA;BR-330;676,000;677,000;1,000;26/05/2023;-13,8535509;-40,1129119;2,500
BA;BR-330;677,000;678,000;1,000;26/05/2023;-13,8535499;-40,1129111;2,500
BA;BR-330;678,000;679,000;1,000;26/05/2023;-13,8535509;-40,1129119;2,500
BA;BR-330;679,000;680,000;1,000;26/05/2023;-13,8535486;-40,1129098;3,750
BA;BR-330;680,000;681,000;1,000;26/05/2023;-13,8535436;-40,1129066;3,750
BA;BR-330;681,000;682,000;1,000;26/05/2023;-13,8535469;-40,1129077;3,750
BA;BR-330;682,000;683,000;1,000;26/05/2023;-13,8535502;-40,112911;3,750
BA;BR-330;683,000;684,000;1,000;26/05/2023;-13,8535204;-40,1128913;3,750
BA;BR-330;684,000;685,000;1,000;26/05/2023;-13,8535436;-40,1129066;2,500
BA;BR-330;685,000;686,000;1,000;26/05/2023;-13,8535848;-40,1129113;2,500
BA;BR-330;686,000;687,000;1,000;26/05/2023;-13,8535434;-40,1129064;2,500
BA;BR-330;687,000;688,000;1,000;26/05/2023;-13,8535481;-40,1128948;2,500
BA;BR-330;688,000;689,000;1,000;26/05/2023;-13,8535848;-40,1129113;2,500
BA;BR-330;689,000;690,000;1,000;26/05/2023;-13,8535842;-40,1129101;2,500
BA;BR-330;690,000;691,000;1,000;26/05/2023;-13,8535854;-40,112906;0,000
BA;BR-330;691,000;692,000;1,000;26/05/2023;-13,8535441;-40,112907;2,500
BA;BR-330;692,000;693,000;1,000;26/05/2023;-13,8534933;-40,1129163;0,000
BA;BR-330;693,000;694,000;1,000;26/05/2023;-13,8535792;-40,1129131;2,500
RR;BR-210;89,500;88,000;1,500;29/05/2023;0,875871666;-59,666195;100,000
RR;BR-210;88,000;87,000;1,000;29/05/2023;0,875871666;-59,666195;100,000
RR;BR-210;87,000;86,000;1,000;29/05/2023;0,875163333;-59,66231;100,000
RR;BR-210;86,000;85,000;1,000;29/05/2023;0,873485;-59,6573283;100,000
RR;BR-210;85,000;84,000;1,000;29/05/2023;0,862798333;-59,6388266;100,000
RR;BR-210;84,000;83,000;1,000;29/05/2023;0,862798333;-59,6388266;100,000
RR;BR-210;83,000;82,000;1,000;29/05/2023;0,85499;-59,620535;100,000
RR;BR-210;82,000;81,000;1,000;29/05/2023;0,85499;-59,620535;100,000
RR;BR-210;81,000;80,000;1,000;29/05/2023;0,85499;-59,620535;100,000
RR;BR-210;80,000;79,000;1,000;29/05/2023;0,85499;-59,620535;100,000
RR;BR-210;79,000;78,000;1,000;29/05/2023;0,85499;-59,620535;100,000
RR;BR-210;78,000;77,000;1,000;29/05/2023;0,8389;-59,5912016;100,000
RR;BR-210;77,000;76,000;1,000;29/05/2023;0,8389;-59,5912;100,000
RR;BR-210;76,000;75,000;1,000;29/05/2023;0,8389;-59,5912;100,000
RR;BR-210;75,000;74,000;1,000;29/05/2023;0,8389;-59,5912;100,000
RR;BR-210;74,000;73,000;1,000;29/05/2023;0,8389;-59,5912;100,000
RR;BR-210;73,000;72,000;1,000;29/05/2023;0,822933333;-59,5559716;100,000
RR;BR-210;72,000;71,000;1,000;29/05/2023;0,822933333;-59,5559716;100,000
RR;BR-210;71,000;70,000;1,000;29/05/2023;0,822933333;-59,5559716;100,000
RR;BR-210;70,000;69,000;1,000;29/05/2023;0,822933333;-59,5559716;100,000
RR;BR-210;69,000;68,000;1,000;29/05/2023;0,822933333;-59,5559716;100,000
RR;BR-210;68,000;67,000;1,000;29/05/2023;0,822933333;-59,5559716;100,000
RR;BR-210;67,000;66,000;1,000;29/05/2023;0,822933333;-59,5559716;100,000
RR;BR-210;66,000;65,000;1,000;29/05/2023;0,822933333;-59,5559716;100,000
RR;BR-210;65,000;64,000;1,000;29/05/2023;0,822933333;-59,5559716;100,000
RR;BR-210;64,000;63,000;1,000;29/05/2023;0,822933333;-59,5559716;100,000
RR;BR-210;63,000;62,000;1,000;29/05/2023;0,822933333;-59,5559716;100,000
RR;BR-210;62,000;61,000;1,000;29/05/2023;0,809863333;-59,4795383;100,000
RR;BR-210;61,000;60,000;1,000;29/05/2023;0,807955;-59,4739516;100,000
RR;BR-210;60,000;59,000;1,000;29/05/2023;0,807955;-59,4739516;100,000
RR;BR-210;59,000;58,000;1,000;29/05/2023;0,807955;-59,4739516;100,000
RR;BR-210;58,000;57,000;1,000;29/05/2023;0,805413333;-59,466635;100,000
RR;BR-210;57,000;56,000;1,000;29/05/2023;0,802921666;-59,451845;100,000
RR;BR-210;56,000;55,000;1,000;29/05/2023;0,7988788;-59,4293325;100,000
RR;BR-210;55,000;54,000;1,000;29/05/2023;0,798475;-59,4362183;100,000
RR;BR-210;54,000;53,000;1,000;29/05/2023;0,797713333;-59,4327466;100,000
RR;BR-210;53,000;52,000;1,000;29/05/2023;0,797713333;-59,4327466;100,000
RR;BR-210;52,000;51,000;1,000;29/05/2023;0,797266666;-59,426035;100,000
RR;BR-210;51,000;50,000;1,000;29/05/2023;0,793515;-59,3884683;100,000
RR;BR-210;50,000;49,000;1,000;29/05/2023;0,793515;-59,3884683;100,000
RR;BR-210;49,000;48,000;1,000;29/05/2023;0,793515;-59,3884683;100,000
RR;BR-210;48,000;47,000;1,000;29/05/2023;0,792383333;-59,37327;100,000
RR;BR-210;47,000;46,000;1,000;29/05/2023;0,792383333;-59,37327;100,000
RR;BR-210;46,000;45,000;1,000;29/05/2023;0,776006666;-59,3359916;100,000
RR;BR-210;45,000;44,000;1,000;29/05/2023;0,776006666;-59,3359883;100,000
PE;BR-316;410,900;411,000;0,100;30/05/2023;-8,5338541;-37,698609;55,000
PE;BR-316;411,000;412,000;1,000;30/05/2023;-8,5338541;-37,698609;55,000
PE;BR-316;412,000;413,000;1,000;30/05/2023;-8,5338541;-37,698609;55,000
PE;BR-316;413,000;414,000;1,000;30/05/2023;-8,5338541;-37,698609;55,000
PE;BR-316;414,000;415,000;1,000;30/05/2023;-8,5338541;-37,698609;56,250
PE;BR-316;415,000;416,000;1,000;30/05/2023;-8,5338541;-37,698609;55,000
PE;BR-316;416,000;417,000;1,000;30/05/2023;-8,5338541;-37,698609;55,000
PE;BR-316;417,000;418,000;1,000;30/05/2023;-8,5338541;-37,698609;55,000
PE;BR-316;418,000;419,000;1,000;30/05/2023;-8,5338541;-37,698609;55,000
PE;BR-316;419,000;420,000;1,000;30/05/2023;-8,5727498;-37,73798;55,000
PE;BR-316;420,000;421,000;1,000;30/05/2023;-8,5727521;-37,7379821;38,750
PE;BR-316;421,000;422,000;1,000;30/05/2023;-8,5727521;-37,7379821;38,750
PE;BR-316;422,000;423,000;1,000;30/05/2023;-8,5727521;-37,7379821;38,750
PE;BR-316;423,000;424,000;1,000;30/05/2023;-8,5727521;-37,7379821;38,750
PE;BR-316;424,000;425,000;1,000;30/05/2023;-8,5727521;-37,7379821;38,750
PE;BR-316;425,000;426,000;1,000;30/05/2023;-8,5380058;-37,697682;38,750
PE;BR-316;426,000;427,000;1,000;30/05/2023;-8,5380058;-37,697682;38,750
PE;BR-316;427,000;428,000;1,000;30/05/2023;-8,5380058;-37,697682;38,750
PE;BR-316;428,000;429,000;1,000;30/05/2023;-8,5380058;-37,697682;38,750
PE;BR-316;429,000;430,000;1,000;30/05/2023;-8,5459619;-37,7065482;30,000
PE;BR-316;430,000;431,000;1,000;30/05/2023;-8,5459636;-37,7065493;30,000
PE;BR-316;431,000;432,000;1,000;30/05/2023;-8,5380058;-37,697682;30,000
PE;BR-316;432,000;433,000;1,000;30/05/2023;-8,5432674;-37,7047287;30,000
PE;BR-110;147,500;148,000;0,500;30/05/2023;-8,5377469;-37,6896725;57,500
PE;BR-110;148,000;149,000;1,000;30/05/2023;-8,5374286;-37,689847;57,500
PE;BR-110;149,000;150,000;1,000;30/05/2023;-8,5372819;-37,6984658;57,500
PE;BR-110;150,000;151,000;1,000;30/05/2023;-8,5373738;-37,6984589;25,000
PE;BR-110;151,000;152,000;1,000;30/05/2023;-8,5380058;-37,697682;40,000
PE;BR-110;152,000;153,000;1,000;30/05/2023;-8,55139;-37,71301;47,500
PE;BR-110;153,000;154,000;1,000;30/05/2023;-8,5380058;-37,697682;47,500
PE;BR-110;154,000;155,000;1,000;30/05/2023;-8,5513728;-37,7142983;47,500
PE;BR-110;155,000;156,000;1,000;30/05/2023;-8,5727509;-37,7379802;47,500
PE;BR-110;156,000;157,000;1,000;30/05/2023;-8,5727501;-37,7379858;47,500
PE;BR-110;157,000;158,000;1,000;30/05/2023;-8,5727501;-37,7379858;47,500
PE;BR-110;158,000;159,000;1,000;30/05/2023;-8,5727501;-37,7379858;43,750
PE;BR-110;159,000;160,000;1,000;30/05/2023;-8,5727501;-37,7379858;72,500
PE;BR-110;160,000;161,000;1,000;30/05/2023;-8,5727501;-37,7379858;47,500
PE;BR-110;161,000;162,000;1,000;30/05/2023;-8,5727501;-37,7379858;72,500
PE;BR-110;162,000;163,000;1,000;30/05/2023;-8,5727501;-37,7379858;72,500
PE;BR-110;163,000;164,000;1,000;30/05/2023;-8,5727501;-37,7379858;72,500
PE;BR-110;164,000;165,000;1,000;30/05/2023;-8,5727501;-37,7379858;72,500
PE;BR-110;165,000;166,000;1,000;30/05/2023;-8,5397517;-37,6902937;65,000
PE;BR-110;166,000;167,000;1,000;30/05/2023;-8,5384078;-37,6940652;70,000
PE;BR-110;167,000;168,000;1,000;30/05/2023;-8,5384078;-37,6940652;72,500
PE;BR-110;168,000;169,000;1,000;30/05/2023;-8,5384078;-37,6940652;72,500
PE;BR-110;169,000;170,000;1,000;30/05/2023;-8,5384078;-37,6940652;72,500
PE;BR-110;170,000;171,000;1,000;30/05/2023;-8,5384078;-37,6940652;72,500
PE;BR-110;171,000;172,000;1,000;30/05/2023;-8,5384078;-37,6940652;72,500
PE;BR-110;172,000;173,000;1,000;30/05/2023;-8,5384078;-37,6940652;72,500
PE;BR-110;173,000;174,000;1,000;30/05/2023;-8,5384078;-37,6940652;72,500
PE;BR-110;174,000;175,000;1,000;30/05/2023;-8,5346184;-37,6866872;72,500
PE;BR-110;175,000;176,000;1,000;30/05/2023;-8,5205225;-37,6835491;72,500
PE;BR-110;176,000;177,000;1,000;30/05/2023;-8,5205222;-37,6835544;72,500
PE;BR-110;177,000;178,000;1,000;30/05/2023;-8,5384077;-37,6940647;72,500
PE;BR-110;178,000;179,000;1,000;30/05/2023;-8,5384077;-37,6940647;72,500
PE;BR-110;179,000;180,000;1,000;30/05/2023;-8,541468;-37,687011;72,500
PE;BR-110;180,000;181,000;1,000;30/05/2023;-8,5397634;-37,6902943;33,750
PE;BR-110;181,000;182,000;1,000;30/05/2023;-8,5397634;-37,6902943;33,750
PE;BR-110;182,000;183,000;1,000;30/05/2023;-8,5397634;-37,6902943;33,750
PE;BR-110;183,000;184,000;1,000;30/05/2023;-8,5397634;-37,6902943;33,750
PE;BR-110;184,000;185,000;1,000;30/05/2023;-8,5397634;-37,6902943;50,000
PE;BR-110;185,000;186,000;1,000;30/05/2023;-8,5397634;-37,6902943;46,250
PE;BR-110;186,000;187,000;1,000;30/05/2023;-8,5397634;-37,6902943;46,250
PE;BR-110;187,000;188,000;1,000;30/05/2023;-8,5397634;-37,6902943;26,250
PE;BR-110;188,000;189,000;1,000;30/05/2023;-8,5397634;-37,6902943;26,250
PE;BR-110;189,000;190,000;1,000;30/05/2023;-8,5397634;-37,6902943;25,000
PE;BR-110;190,000;191,000;1,000;30/05/2023;-8,5397634;-37,6902943;18,750
PE;BR-110;191,000;192,000;1,000;30/05/2023;-8,5397634;-37,6902943;17,500
PE;BR-110;192,000;193,000;1,000;30/05/2023;-8,5397634;-37,6902943;17,500
PE;BR-110;193,000;194,000;1,000;30/05/2023;-8,5397634;-37,6902943;18,750
PE;BR-110;194,000;195,000;1,000;30/05/2023;-8,5397634;-37,6902943;17,500
PE;BR-110;195,000;196,000;1,000;30/05/2023;-8,5397634;-37,6902943;17,500
PE;BR-110;196,000;197,000;1,000;30/05/2023;-8,5397634;-37,6902943;38,750
PE;BR-110;197,000;198,000;1,000;30/05/2023;-8,5397634;-37,6902943;46,250
PE;BR-110;198,000;199,000;1,000;30/05/2023;-8,5397634;-37,6902943;26,250
PE;BR-110;199,000;200,000;1,000;30/05/2023;-8,5397634;-37,6902943;18,750
PE;BR-110;200,000;201,000;1,000;30/05/2023;-8,5397634;-37,6902943;17,500
PE;BR-110;201,000;202,000;1,000;30/05/2023;-8,5397634;-37,6902943;17,500
PE;BR-110;202,000;203,000;1,000;30/05/2023;-8,5397634;-37,6902943;17,500
PE;BR-110;203,000;204,000;1,000;30/05/2023;-8,5397634;-37,6902943;25,000
PE;BR-110;204,000;205,000;1,000;30/05/2023;-8,5397634;-37,6902943;18,750
PE;BR-110;205,000;206,000;1,000;30/05/2023;-8,5397634;-37,6902943;18,750
PE;BR-110;206,000;207,000;1,000;30/05/2023;-8,5397634;-37,6902943;50,000
PE;BR-110;207,000;208,000;1,000;30/05/2023;-8,5397634;-37,6902943;56,250
PE;BR-110;208,000;209,000;1,000;30/05/2023;-8,5397634;-37,6902943;56,250
PE;BR-110;209,000;210,000;1,000;30/05/2023;-8,5397634;-37,6902943;56,250
PE;BR-110;210,000;211,000;1,000;30/05/2023;-8,5397634;-37,6902943;56,250
PE;BR-110;211,000;212,000;1,000;30/05/2023;-8,5397634;-37,6902943;56,250
PE;BR-110;212,000;213,000;1,000;30/05/2023;-8,5397634;-37,6902943;46,250
PE;BR-110;213,000;214,000;1,000;30/05/2023;-8,5397634;-37,6902943;38,750
PE;BR-110;214,000;215,000;1,000;30/05/2023;-8,5397634;-37,6902943;38,750
PE;BR-110;215,000;216,000;1,000;30/05/2023;-8,5397634;-37,6902943;38,750
PE;BR-110;216,000;217,000;1,000;30/05/2023;-8,533857;-37,6986016;38,750
PE;BR-110;217,000;218,000;1,000;30/05/2023;-8,5338541;-37,698609;38,750
PE;BR-110;218,000;219,000;1,000;30/05/2023;-8,5338541;-37,698609;38,750
RR;BR-401;107,000;108,000;1,000;30/05/2023;2,8180813;-60,7044061;66,250
RR;BR-401;108,000;109,000;1,000;30/05/2023;2,8180813;-60,7044061;70,000
RR;BR-401;109,000;110,000;1,000;30/05/2023;2,8180813;-60,7044061;62,500
RR;BR-401;110,000;111,000;1,000;30/05/2023;2,8180813;-60,7044061;72,500
RR;BR-401;111,000;112,000;1,000;30/05/2023;2,8180813;-60,7044061;63,750
RR;BR-401;112,000;113,000;1,000;30/05/2023;2,8180813;-60,7044061;68,750
RR;BR-401;113,000;114,000;1,000;30/05/2023;2,8180813;-60,7044061;63,750
RR;BR-401;114,000;115,000;1,000;30/05/2023;2,8180813;-60,7044061;77,500
RR;BR-401;115,000;116,000;1,000;30/05/2023;2,8180813;-60,7044061;62,500
RR;BR-401;116,000;117,000;1,000;30/05/2023;2,8180813;-60,7044061;66,250
RR;BR-401;117,000;118,000;1,000;30/05/2023;2,8180813;-60,7044061;62,500
RR;BR-401;118,000;119,000;1,000;30/05/2023;2,8180813;-60,7044061;62,500
RR;BR-401;119,000;120,000;1,000;30/05/2023;2,8180813;-60,7044061;62,500
RR;BR-401;120,000;121,000;1,000;30/05/2023;2,8180813;-60,7044061;62,500
RR;BR-401;121,000;122,000;1,000;30/05/2023;2,8180813;-60,7044061;62,500
RR;BR-401;122,000;123,000;1,000;30/05/2023;2,8180813;-60,7044061;68,750
RR;BR-401;123,000;124,000;1,000;30/05/2023;2,8180813;-60,7044061;62,500
RR;BR-401;124,000;125,000;1,000;30/05/2023;2,8180813;-60,7044061;62,500
RR;BR-401;125,000;126,000;1,000;30/05/2023;2,8180813;-60,7044061;62,500
RR;BR-401;126,000;127,000;1,000;30/05/2023;2,8180813;-60,7044061;62,500
RR;BR-401;127,000;128,000;1,000;30/05/2023;2,8180813;-60,7044061;62,500
RR;BR-401;128,000;129,000;1,000;30/05/2023;2,8180813;-60,7044061;62,500
RR;BR-401;129,000;130,000;1,000;30/05/2023;2,8180813;-60,7044061;62,500
RR;BR-401;130,000;131,000;1,000;30/05/2023;2,8180813;-60,7044061;65,000
RR;BR-401;131,000;132,000;1,000;30/05/2023;2,8180813;-60,7044061;62,500
RR;BR-401;132,000;133,000;1,000;30/05/2023;2,8180813;-60,7044061;62,500
RR;BR-401;133,000;134,000;1,000;30/05/2023;2,8180813;-60,7044061;66,250
RR;BR-401;134,000;135,000;1,000;30/05/2023;2,8180813;-60,7044061;66,250
RR;BR-401;135,000;136,000;1,000;30/05/2023;2,8180813;-60,7044061;62,500
RR;BR-401;136,000;137,000;1,000;30/05/2023;2,8180813;-60,7044061;72,500
RR;BR-401;137,000;138,000;1,000;30/05/2023;2,8180813;-60,7044061;62,500
RR;BR-401;138,000;139,000;1,000;30/05/2023;2,8180813;-60,7044061;62,500
RR;BR-401;139,000;140,000;1,000;30/05/2023;2,8180813;-60,7044061;68,750
RR;BR-401;140,000;141,000;1,000;30/05/2023;2,8180813;-60,7044061;68,750
RR;BR-401;141,000;142,000;1,000;30/05/2023;2,8180813;-60,7044061;68,750
RR;BR-401;142,000;143,000;1,000;30/05/2023;2,8180813;-60,7044061;62,500
RR;BR-401;143,000;144,000;1,000;30/05/2023;2,8180813;-60,7044061;68,750
RR;BR-401;144,000;145,000;1,000;30/05/2023;2,8180813;-60,7044061;72,500
RR;BR-401;145,000;146,000;1,000;30/05/2023;2,8180813;-60,7044061;68,750
RR;BR-401;146,000;147,000;1,000;30/05/2023;2,8180813;-60,7044061;68,750
RR;BR-401;147,000;148,000;1,000;30/05/2023;2,8180813;-60,7044061;68,750
RR;BR-401;148,000;149,000;1,000;30/05/2023;2,8180813;-60,7044061;72,500
RR;BR-401;149,000;150,000;1,000;30/05/2023;2,8180813;-60,7044061;85,000
RR;BR-401;150,000;151,000;1,000;30/05/2023;2,8180813;-60,7044061;96,250
RR;BR-401;151,000;152,000;1,000;30/05/2023;2,8180813;-60,7044061;96,250
RR;BR-401;152,000;153,000;1,000;30/05/2023;2,8180813;-60,7044061;96,250
RR;BR-401;153,000;154,000;1,000;30/05/2023;2,8180813;-60,7044061;78,750
RR;BR-401;154,000;155,000;1,000;30/05/2023;2,8180813;-60,7044061;75,000
RR;BR-401;155,000;156,000;1,000;30/05/2023;2,8180813;-60,7044061;76,250
RR;BR-401;156,000;157,000;1,000;30/05/2023;2,8180813;-60,7044061;68,750
RR;BR-401;157,000;158,000;1,000;30/05/2023;2,8180813;-60,7044061;75,000
RR;BR-401;158,000;159,000;1,000;30/05/2023;2,8180813;-60,7044061;75,000
RR;BR-401;159,000;160,000;1,000;30/05/2023;2,8180813;-60,7044061;75,000
RR;BR-401;160,000;161,000;1,000;30/05/2023;2,8180813;-60,7044061;75,000
RR;BR-401;161,000;162,000;1,000;30/05/2023;2,8180813;-60,7044061;75,000
RR;BR-401;162,000;163,000;1,000;30/05/2023;2,8180813;-60,7044061;75,000
RR;BR-401;163,000;164,000;1,000;30/05/2023;2,8180813;-60,7044061;75,000
RR;BR-401;164,000;165,000;1,000;30/05/2023;2,8180813;-60,7044061;75,000
RR;BR-401;165,000;166,000;1,000;30/05/2023;2,8180813;-60,7044061;75,000
RR;BR-401;166,000;167,000;1,000;30/05/2023;2,8180813;-60,7044061;75,000
RR;BR-401;167,000;168,000;1,000;30/05/2023;2,8180813;-60,7044061;68,750
RR;BR-401;168,000;169,000;1,000;30/05/2023;2,8180813;-60,7044061;66,250
RR;BR-401;169,000;170,000;1,000;30/05/2023;2,8180813;-60,7044061;66,250
RR;BR-401;170,000;171,000;1,000;30/05/2023;2,8180813;-60,7044061;66,250
RR;BR-401;171,000;172,000;1,000;30/05/2023;2,8180813;-60,7044061;66,250
RR;BR-401;172,000;173,000;1,000;30/05/2023;2,8180813;-60,7044061;66,250
RR;BR-401;173,000;174,000;1,000;30/05/2023;2,8180813;-60,7044061;66,250
RR;BR-401;174,000;175,000;1,000;30/05/2023;2,8180813;-60,7044061;66,250
RR;BR-401;175,000;176,000;1,000;30/05/2023;2,8180813;-60,7044061;66,250
RR;BR-401;176,000;177,000;1,000;30/05/2023;2,8180813;-60,7044061;66,250
RR;BR-401;177,000;178,000;1,000;30/05/2023;2,8180813;-60,7044061;66,250
RR;BR-401;178,000;179,000;1,000;30/05/2023;2,8180813;-60,7044061;66,250
RR;BR-401;179,000;180,000;1,000;30/05/2023;2,8180813;-60,7044061;66,250
RR;BR-401;180,000;181,000;1,000;30/05/2023;2,8180813;-60,7044061;66,250
MG;BR-364;189,800;190,000;0,200;31/05/2023;-18,6052142;-46,5155366;100,000
MG;BR-364;190,000;191,000;1,000;31/05/2023;-18,6052075;-46,5155363;86,250
MG;BR-364;191,000;192,000;1,000;31/05/2023;-18,6052063;-46,5155376;92,500
MG;BR-364;192,000;193,000;1,000;31/05/2023;-18,6052087;-46,5155412;93,750
MG;BR-364;193,000;194,000;1,000;31/05/2023;-18,6052091;-46,5155375;100,000
MG;BR-364;194,000;195,000;1,000;31/05/2023;-18,6052098;-46,5155419;96,250
MG;BR-364;195,000;196,000;1,000;31/05/2023;-18,6052117;-46,5155344;96,250
MG;BR-364;196,000;197,000;1,000;31/05/2023;-18,6052127;-46,5155373;100,000
MG;BR-364;197,000;198,000;1,000;31/05/2023;-18,6052097;-46,5155452;100,000
MG;BR-364;198,000;199,000;1,000;31/05/2023;-18,6052156;-46,5155409;82,500
MG;BR-364;199,000;200,000;1,000;31/05/2023;-18,6052055;-46,5155361;100,000
MG;BR-364;200,000;201,000;1,000;31/05/2023;-18,6052073;-46,5155357;100,000
MG;BR-364;201,000;202,000;1,000;31/05/2023;-18,6051995;-46,5155344;100,000
MG;BR-364;202,000;203,000;1,000;31/05/2023;-18,6052071;-46,5155374;96,250
MG;BR-352;165,600;164,000;1,600;31/05/2023;-18,6052046;-46,5155348;43,750
MG;BR-352;164,000;163,000;1,000;31/05/2023;-18,6052059;-46,5155351;33,750
MG;BR-352;163,000;162,000;1,000;31/05/2023;-18,6052124;-46,5155271;43,750
MG;BR-352;162,000;161,000;1,000;31/05/2023;-18,6051983;-46,5155272;27,500
MG;BR-352;161,000;160,000;1,000;31/05/2023;-18,6052076;-46,5155277;40,000
MG;BR-352;160,000;159,000;1,000;31/05/2023;-18,6052108;-46,5155159;40,000
MG;BR-352;159,000;158,000;1,000;31/05/2023;-18,6052104;-46,5155306;36,250
MG;BR-352;158,000;157,000;1,000;31/05/2023;-18,6052084;-46,5155285;40,000
MG;BR-352;157,000;156,000;1,000;31/05/2023;-18,605215;-46,515523;40,000
MG;BR-352;156,000;155,000;1,000;31/05/2023;-18,6052152;-46,5155129;11,250
MG;BR-352;155,000;154,000;1,000;31/05/2023;-18,6052105;-46,5155377;36,250
MG;BR-352;154,000;153,000;1,000;31/05/2023;-18,6052123;-46,5155237;41,250
MG;BR-352;153,000;152,000;1,000;31/05/2023;-18,6052017;-46,5155535;15,000
MG;BR-352;152,000;151,000;1,000;31/05/2023;-18,6052045;-46,515538;3,750
MG;BR-352;151,000;150,000;1,000;31/05/2023;-18,6052084;-46,5155351;16,250
MG;BR-352;150,000;149,000;1,000;31/05/2023;-18,60522;-46,5155251;48,750
MG;BR-352;149,000;148,000;1,000;31/05/2023;-18,605204;-46,5155392;11,250
MG;BR-352;148,000;147,000;1,000;31/05/2023;-18,6052185;-46,5155242;50,000
MG;BR-352;147,000;146,000;1,000;31/05/2023;-18,6052129;-46,5155285;40,000
MG;BR-352;146,000;145,000;1,000;31/05/2023;-18,6052153;-46,515527;51,250
MG;BR-352;145,000;144,000;1,000;31/05/2023;-18,6052061;-46,5155386;36,250
MG;BR-352;144,000;143,000;1,000;31/05/2023;-18,6052125;-46,5155335;51,250
MG;BR-352;143,000;142,000;1,000;31/05/2023;-18,6052264;-46,5155066;51,250
MG;BR-352;142,000;141,000;1,000;31/05/2023;-18,6052107;-46,5155385;33,750
MG;BR-352;141,000;140,000;1,000;31/05/2023;-18,605209;-46,5155359;48,750
MG;BR-352;140,000;139,000;1,000;31/05/2023;-18,6052337;-46,5155055;11,250
MG;BR-352;139,000;138,000;1,000;31/05/2023;-18,6052203;-46,515517;36,250
MG;BR-352;138,000;137,000;1,000;31/05/2023;-18,6052097;-46,5155122;23,750
MG;BR-352;137,000;136,000;1,000;31/05/2023;-18,6052315;-46,5154322;23,750
MG;BR-352;136,000;135,000;1,000;31/05/2023;-18,6051844;-46,5155213;40,000
MG;BR-352;135,000;134,000;1,000;31/05/2023;-18,6052256;-46,5154928;51,250
MG;BR-352;134,000;133,000;1,000;31/05/2023;-18,6052093;-46,5155232;26,250
MG;BR-352;133,000;132,000;1,000;31/05/2023;-18,6052343;-46,5154495;40,000
MG;BR-352;132,000;131,000;1,000;31/05/2023;-18,6052196;-46,5155382;23,750
MG;BR-352;131,000;130,000;1,000;31/05/2023;-18,605206;-46,515522;12,500
MG;BR-352;130,000;129,000;1,000;31/05/2023;-18,6052114;-46,5155284;52,500
MG;BR-352;129,000;128,000;1,000;31/05/2023;-18,6052153;-46,5155268;11,250
MG;BR-352;128,000;127,000;1,000;31/05/2023;-18,6052047;-46,5155396;36,250
MG;BR-352;127,000;126,000;1,000;31/05/2023;-18,6052067;-46,5155225;23,750
MG;BR-352;126,000;125,000;1,000;31/05/2023;-18,6052088;-46,5155353;18,750
MG;BR-352;125,000;124,000;1,000;31/05/2023;-18,6052004;-46,515526;18,750
MG;BR-352;124,000;123,000;1,000;31/05/2023;-18,6052066;-46,5155336;18,750
MG;BR-352;123,000;122,000;1,000;31/05/2023;-18,6052044;-46,5155312;63,750
MG;BR-352;122,000;121,000;1,000;31/05/2023;-18,6052117;-46,5155148;20,000
MG;BR-352;121,000;120,000;1,000;31/05/2023;-18,6052139;-46,5155286;12,500
MG;BR-352;120,000;119,000;1,000;31/05/2023;-18,6052025;-46,5155266;11,250
MG;BR-352;119,000;118,000;1,000;31/05/2023;-18,6052001;-46,5155334;36,250
MG;BR-352;118,000;117,000;1,000;31/05/2023;-18,6052093;-46,5155403;40,000
MG;BR-352;117,000;116,000;1,000;31/05/2023;-18,6052179;-46,515508;12,500
MG;BR-352;116,000;115,000;1,000;31/05/2023;-18,6052058;-46,5155263;35,000
MG;BR-352;115,000;114,000;1,000;31/05/2023;-18,6052043;-46,5155294;26,250
MG;BR-352;114,000;113,000;1,000;31/05/2023;-18,6052104;-46,5155334;11,250
MG;BR-352;113,000;112,000;1,000;31/05/2023;-18,6052129;-46,5155343;26,250
MG;BR-352;112,000;111,000;1,000;31/05/2023;-18,6052042;-46,5155385;11,250
MG;BR-352;111,000;110,000;1,000;31/05/2023;-18,605208;-46,5155412;23,750
MG;BR-352;110,000;109,000;1,000;31/05/2023;-18,6052033;-46,5155233;11,250
MG;BR-352;109,000;108,000;1,000;31/05/2023;-18,6051984;-46,5155303;11,250
MG;BR-352;108,000;107,000;1,000;31/05/2023;-18,6052123;-46,515529;38,750
MG;BR-352;107,000;106,000;1,000;31/05/2023;-18,6052012;-46,5155266;11,250
MG;BR-352;106,000;105,000;1,000;31/05/2023;-18,6052132;-46,5155126;38,750
MG;BR-352;105,000;104,000;1,000;31/05/2023;-18,6052173;-46,5155175;66,250
MG;BR-352;104,000;103,000;1,000;31/05/2023;-18,6052108;-46,5155097;38,750
MG;BR-352;103,000;102,000;1,000;31/05/2023;-18,605207;-46,5155289;11,250
MG;BR-352;102,000;101,000;1,000;31/05/2023;-18,6052071;-46,5155408;45,000
MG;BR-352;101,000;100,000;1,000;31/05/2023;-18,6052081;-46,515541;27,500
MG;BR-352;100,000;99,000;1,000;31/05/2023;-18,605207;-46,5155337;27,500
MG;BR-352;99,000;98,000;1,000;31/05/2023;-18,6052074;-46,5155346;48,750
MG;BR-352;98,000;97,000;1,000;31/05/2023;-18,605208;-46,5155392;27,500
MG;BR-352;97,000;96,000;1,000;31/05/2023;-18,6052075;-46,5155279;47,500
MG;BR-352;96,000;95,000;1,000;31/05/2023;-18,6052242;-46,5155363;11,250
MG;BR-352;95,000;94,000;1,000;31/05/2023;-18,6052133;-46,5155335;46,250
MG;BR-352;94,000;93,000;1,000;31/05/2023;-18,6052285;-46,5154882;12,500
MG;BR-352;93,000;92,000;1,000;31/05/2023;-18,6052098;-46,5155372;60,000
MG;BR-352;92,000;91,000;1,000;31/05/2023;-18,6052192;-46,5155194;33,750
MG;BR-352;91,000;90,000;1,000;31/05/2023;-18,6052175;-46,5155225;33,750
MG;BR-352;90,000;89,000;1,000;31/05/2023;-18,6052225;-46,5155172;46,250
MG;BR-352;89,000;88,000;1,000;31/05/2023;-18,6052125;-46,5155348;26,250
MG;BR-352;88,000;87,000;1,000;31/05/2023;-18,6052214;-46,5155114;11,250
MG;BR-352;87,000;86,000;1,000;31/05/2023;-18,6052175;-46,515522;46,250
MG;BR-352;86,000;85,000;1,000;31/05/2023;-18,6052105;-46,5155198;30,000
MG;BR-352;85,000;84,000;1,000;31/05/2023;-18,605207;-46,5155354;11,250
MG;BR-352;84,000;83,000;1,000;31/05/2023;-18,6052087;-46,5155353;45,000
MG;BR-352;83,000;82,000;1,000;31/05/2023;-18,6052034;-46,5155395;26,250
MG;BR-352;82,000;81,000;1,000;31/05/2023;-18,6052045;-46,5155336;38,750
MG;BR-352;81,000;80,000;1,000;31/05/2023;-18,6052108;-46,5155374;26,250
MG;BR-352;80,000;79,000;1,000;31/05/2023;-18,6052157;-46,5155431;23,750
MG;BR-352;79,000;78,000;1,000;31/05/2023;-18,6052055;-46,5155395;11,250
MG;BR-352;78,000;77,000;1,000;31/05/2023;-18,605206;-46,5155394;11,250
MG;BR-352;77,000;76,000;1,000;31/05/2023;-18,6052143;-46,5155439;30,000
MG;BR-352;76,000;75,000;1,000;31/05/2023;-18,6052177;-46,5155427;11,250
MG;BR-352;75,000;74,000;1,000;31/05/2023;-18,6052115;-46,5155435;28,750
MG;BR-352;74,000;73,000;1,000;31/05/2023;-18,6052159;-46,5155373;10,000
MG;BR-352;73,000;72,000;1,000;31/05/2023;-18,6052097;-46,5155312;22,500
MG;BR-352;72,000;71,000;1,000;31/05/2023;-18,6052095;-46,5155301;11,250
MG;BR-352;71,000;70,000;1,000;31/05/2023;-18,6052109;-46,5155293;23,750
MG;BR-352;70,000;69,000;1,000;31/05/2023;-18,6051849;-46,5155298;38,750
MG;BR-352;69,000;68,000;1,000;31/05/2023;-18,6052222;-46,5155351;23,750
MG;BR-352;68,000;67,000;1,000;31/05/2023;-18,6052032;-46,5155315;23,750
TO;BR-010;815,480;814,000;1,480;25/05/2023;-7,7106746;-47,3174531;50,000
TO;BR-010;814,000;813,000;1,000;25/05/2023;-7,7106746;-47,3174531;51,250
TO;BR-010;813,000;812,000;1,000;25/05/2023;-7,7106746;-47,3174531;51,250
TO;BR-010;812,000;811,000;1,000;25/05/2023;-7,7106746;-47,3174531;51,250
TO;BR-010;811,000;810,000;1,000;25/05/2023;-7,7106746;-47,3174531;50,000
TO;BR-010;810,000;809,000;1,000;25/05/2023;-7,7106746;-47,3174531;50,000
TO;BR-010;809,000;808,000;1,000;25/05/2023;-7,7106746;-47,3174531;50,000
TO;BR-010;808,000;807,000;1,000;25/05/2023;-7,7106746;-47,3174531;51,250
TO;BR-010;807,000;806,000;1,000;25/05/2023;-7,7106746;-47,3174531;50,000
TO;BR-010;806,000;805,000;1,000;25/05/2023;-7,7106746;-47,3174531;57,500
TO;BR-010;805,000;804,000;1,000;25/05/2023;-7,7106746;-47,3174531;63,750
TO;BR-010;804,000;803,000;1,000;25/05/2023;-7,7106746;-47,3174531;55,000
TO;BR-010;803,000;802,000;1,000;25/05/2023;-7,7106746;-47,3174531;50,000
TO;BR-010;802,000;801,000;1,000;25/05/2023;-7,7106746;-47,3174531;51,250
TO;BR-010;801,000;800,000;1,000;25/05/2023;-7,7106746;-47,3174531;51,250
TO;BR-010;800,000;799,000;1,000;25/05/2023;-7,7106746;-47,3174531;51,250
TO;BR-010;799,000;798,000;1,000;25/05/2023;-7,7106746;-47,3174531;55,000
TO;BR-010;798,000;797,000;1,000;25/05/2023;-7,7106746;-47,3174531;51,250
TO;BR-010;797,000;796,000;1,000;25/05/2023;-7,7106746;-47,3174531;53,750
TO;BR-010;796,000;795,000;1,000;25/05/2023;-7,7106746;-47,3174531;58,750
TO;BR-010;795,000;794,000;1,000;25/05/2023;-7,7106746;-47,3174531;51,250
TO;BR-010;794,000;793,000;1,000;25/05/2023;-7,7106746;-47,3174531;51,250
TO;BR-010;793,000;792,000;1,000;25/05/2023;-7,7106746;-47,3174531;55,000
TO;BR-010;792,000;791,000;1,000;25/05/2023;-7,7106746;-47,3174531;58,750
TO;BR-010;791,000;790,000;1,000;25/05/2023;-7,7106746;-47,3174531;55,000
TO;BR-010;790,000;789,000;1,000;25/05/2023;-7,7106746;-47,3174531;51,250
TO;BR-010;789,000;788,000;1,000;25/05/2023;-7,7106746;-47,3174531;51,250
TO;BR-010;788,000;787,000;1,000;25/05/2023;-7,7106746;-47,3174531;61,250
TO;BR-010;787,000;786,000;1,000;25/05/2023;-7,7106746;-47,3174531;53,750
TO;BR-010;786,000;785,000;1,000;25/05/2023;-7,7106746;-47,3174531;60,000
TO;BR-010;785,000;784,000;1,000;25/05/2023;-7,7106746;-47,3174531;61,250
TO;BR-010;784,000;783,000;1,000;25/05/2023;-7,7106746;-47,3174531;55,000
TO;BR-010;783,000;782,000;1,000;25/05/2023;-7,7106746;-47,3174531;68,750
TO;BR-010;782,000;781,000;1,000;25/05/2023;-7,7106746;-47,3174531;51,250
TO;BR-010;781,000;780,000;1,000;25/05/2023;-7,7106746;-47,3174531;62,500
TO;BR-010;780,000;779,000;1,000;25/05/2023;-7,7106746;-47,3174531;55,000
TO;BR-010;779,000;778,000;1,000;25/05/2023;-7,7106746;-47,3174531;65,000
TO;BR-010;778,000;777,000;1,000;25/05/2023;-7,7106746;-47,3174531;63,750
TO;BR-010;777,000;776,000;1,000;25/05/2023;-7,7106746;-47,3174531;53,750
TO;BR-010;776,000;775,000;1,000;25/05/2023;-7,7106746;-47,3174531;52,500
TO;BR-010;775,000;774,000;1,000;25/05/2023;-7,7106746;-47,3174531;51,250
TO;BR-010;774,000;773,000;1,000;25/05/2023;-7,7106746;-47,3174531;50,000
TO;BR-010;773,000;772,000;1,000;25/05/2023;-7,7106746;-47,3174531;51,250
TO;BR-010;772,000;771,000;1,000;25/05/2023;-7,7106746;-47,3174531;50,000
TO;BR-010;771,000;770,000;1,000;25/05/2023;-7,7106746;-47,3174531;58,750
TO;BR-010;770,000;769,000;1,000;25/05/2023;-7,7106746;-47,3174531;51,250
TO;BR-010;769,000;768,000;1,000;25/05/2023;-7,7106746;-47,3174531;51,250
TO;BR-010;768,000;767,000;1,000;25/05/2023;-7,7106746;-47,3174531;51,250
TO;BR-010;767,000;766,000;1,000;25/05/2023;-7,7106746;-47,3174531;55,000
TO;BR-010;766,000;765,000;1,000;25/05/2023;-7,7106746;-47,3174531;51,250
TO;BR-010;765,000;764,000;1,000;25/05/2023;-7,7106746;-47,3174531;57,500
TO;BR-010;764,000;763,000;1,000;25/05/2023;-7,7106746;-47,3174531;56,250
TO;BR-010;763,000;762,000;1,000;25/05/2023;-7,7106746;-47,3174531;51,250
TO;BR-010;762,000;761,000;1,000;25/05/2023;-7,7106746;-47,3174531;53,750
TO;BR-010;761,000;760,000;1,000;25/05/2023;-7,7106746;-47,3174531;56,250
TO;BR-010;760,000;759,000;1,000;25/05/2023;-7,7106746;-47,3174531;51,250
TO;BR-010;759,000;758,000;1,000;25/05/2023;-7,7106746;-47,3174531;51,250
TO;BR-010;758,000;757,000;1,000;25/05/2023;-7,7106746;-47,3174531;50,000
TO;BR-010;757,000;756,000;1,000;25/05/2023;-7,7106746;-47,3174531;51,250
TO;BR-010;756,000;755,000;1,000;25/05/2023;-7,7106746;-47,3174531;56,250
TO;BR-010;755,000;754,000;1,000;25/05/2023;-7,7106746;-47,3174531;58,750
TO;BR-010;754,000;753,000;1,000;25/05/2023;-7,7106746;-47,3174531;58,750
TO;BR-010;753,000;752,000;1,000;25/05/2023;-7,7106746;-47,3174531;51,250
TO;BR-010;752,000;751,000;1,000;25/05/2023;-7,7106746;-47,3174531;55,000
TO;BR-010;751,000;750,000;1,000;25/05/2023;-7,7106746;-47,3174531;62,500
TO;BR-010;750,000;749,000;1,000;25/05/2023;-7,7106746;-47,3174531;50,000
TO;BR-010;749,000;748,000;1,000;25/05/2023;-7,7106746;-47,3174531;50,000
TO;BR-010;748,000;747,000;1,000;25/05/2023;-8,40975948;-47,774106;50,000
TO;BR-010;747,000;746,000;1,000;25/05/2023;-8,40992049;-47,7735503;60,000
TO;BR-010;746,000;745,000;1,000;25/05/2023;-8,40992049;-47,7735503;57,500
TO;BR-010;745,000;744,000;1,000;25/05/2023;-8,40992049;-47,7735503;51,250
TO;BR-010;744,000;743,000;1,000;25/05/2023;-8,40992049;-47,7735503;51,250
TO;BR-010;743,000;742,000;1,000;25/05/2023;-8,40992049;-47,7735503;51,250
TO;BR-010;742,000;741,000;1,000;25/05/2023;-8,40992049;-47,7735503;58,750
TO;BR-010;741,000;740,000;1,000;25/05/2023;-8,40992049;-47,7735503;58,750
TO;BR-010;740,000;739,000;1,000;25/05/2023;-8,40992049;-47,7735503;58,750
TO;BR-010;739,000;738,000;1,000;25/05/2023;-8,40992049;-47,7735503;58,750
TO;BR-010;738,000;737,000;1,000;25/05/2023;-8,40992049;-47,7735503;57,500
TO;BR-010;737,000;736,000;1,000;25/05/2023;-8,40992049;-47,7735503;58,750
TO;BR-010;736,000;735,000;1,000;25/05/2023;-8,40992049;-47,7735503;51,250
TO;BR-010;735,000;734,000;1,000;25/05/2023;-8,40992049;-47,7735503;51,250
TO;BR-010;734,000;733,000;1,000;25/05/2023;-8,40992049;-47,7735503;51,250
TO;BR-010;733,000;732,000;1,000;25/05/2023;-8,40992049;-47,7735503;58,750
TO;BR-010;732,000;731,000;1,000;25/05/2023;-8,40992049;-47,7735503;58,750
TO;BR-010;731,000;730,000;1,000;25/05/2023;-8,40992049;-47,7735503;51,250
TO;BR-010;730,000;729,000;1,000;25/05/2023;-8,40992049;-47,7735503;58,750
TO;BR-010;729,000;728,000;1,000;25/05/2023;-8,40992049;-47,7735503;51,250
TO;BR-010;728,000;727,000;1,000;25/05/2023;-8,40992049;-47,7735503;55,000
TO;BR-010;727,000;726,000;1,000;25/05/2023;-8,40992049;-47,7735503;58,750
TO;BR-010;726,000;725,000;1,000;25/05/2023;-8,40992049;-47,7735503;58,750
TO;BR-010;725,000;724,000;1,000;25/05/2023;-8,40992049;-47,7735503;51,250
TO;BR-010;724,000;723,000;1,000;25/05/2023;-8,40992049;-47,7735503;58,750
TO;BR-010;723,000;722,000;1,000;25/05/2023;-8,40992049;-47,7735503;58,750
TO;BR-010;722,000;721,000;1,000;25/05/2023;-8,40992049;-47,7735503;57,500
TO;BR-010;721,000;720,000;1,000;25/05/2023;-8,40992049;-47,7735503;56,250
TO;BR-010;720,000;719,000;1,000;25/05/2023;-8,40992049;-47,7735503;50,000
TO;BR-010;719,000;718,000;1,000;25/05/2023;-8,40992049;-47,7735503;51,250
TO;BR-010;718,000;717,000;1,000;25/05/2023;-8,40992049;-47,7735503;51,250
TO;BR-010;717,000;716,000;1,000;25/05/2023;-8,40992049;-47,7735503;51,250
TO;BR-010;716,000;715,000;1,000;25/05/2023;-8,40992049;-47,7735503;51,250
TO;BR-010;715,000;714,000;1,000;25/05/2023;-8,40992049;-47,7735503;51,250
TO;BR-010;714,000;713,000;1,000;25/05/2023;-8,40992049;-47,7735503;51,250
TO;BR-010;713,000;712,000;1,000;25/05/2023;-8,40992049;-47,7735503;51,250
TO;BR-010;712,000;711,000;1,000;25/05/2023;-8,40992049;-47,7735503;51,250
TO;BR-010;711,000;710,000;1,000;25/05/2023;-8,40992049;-47,7735503;51,250
TO;BR-010;710,000;709,000;1,000;25/05/2023;-8,68404587;-47,7458546;51,250
TO;BR-010;709,000;708,000;1,000;25/05/2023;-8,68404587;-47,7458546;51,250
TO;BR-010;708,000;707,000;1,000;25/05/2023;-8,68404587;-47,7458546;51,250
TO;BR-010;707,000;706,000;1,000;25/05/2023;-8,68404587;-47,7458546;57,500
TO;BR-010;706,000;705,000;1,000;25/05/2023;-8,68404587;-47,7458546;50,000
TO;BR-010;705,000;704,000;1,000;25/05/2023;-8,68404587;-47,7458546;50,000
TO;BR-010;704,000;703,000;1,000;25/05/2023;-8,68404587;-47,7458546;50,000
TO;BR-010;703,000;702,000;1,000;25/05/2023;-8,68404587;-47,7458546;50,000
TO;BR-010;702,000;701,000;1,000;25/05/2023;-8,68404587;-47,7458546;50,000
TO;BR-010;701,000;700,000;1,000;25/05/2023;-8,68404587;-47,7458546;50,000
TO;BR-010;700,000;699,000;1,000;25/05/2023;-8,68404587;-47,7458546;61,250
TO;BR-235;84,600;85,000;0,400;25/05/2023;-8,68404587;-47,7458546;50,000
TO;BR-235;85,000;86,000;1,000;25/05/2023;-8,68404587;-47,7458546;60,000
TO;BR-235;86,000;87,000;1,000;25/05/2023;-8,68404587;-47,7458546;56,250
TO;BR-235;87,000;88,000;1,000;25/05/2023;-8,68404587;-47,7458546;55,000
TO;BR-235;88,000;89,000;1,000;25/05/2023;-8,68404587;-47,7458546;50,000
TO;BR-235;89,000;90,000;1,000;25/05/2023;-8,68404587;-47,7458546;50,000
TO;BR-235;90,000;91,000;1,000;25/05/2023;-8,68404587;-47,7458546;50,000
TO;BR-235;91,000;92,000;1,000;25/05/2023;-8,68404587;-47,7458546;50,000
TO;BR-235;92,000;93,000;1,000;25/05/2023;-8,68404587;-47,7458546;50,000
TO;BR-235;93,000;94,000;1,000;25/05/2023;-8,68404587;-47,7458546;57,500
TO;BR-235;94,000;95,000;1,000;25/05/2023;-8,68404587;-47,7458546;50,000
TO;BR-235;95,000;96,000;1,000;25/05/2023;-8,68404587;-47,7458546;50,000
TO;BR-235;96,000;97,000;1,000;25/05/2023;-8,68404587;-47,7458546;50,000
TO;BR-235;97,000;98,000;1,000;25/05/2023;-8,68404587;-47,7458546;100,000
TO;BR-235;98,000;99,000;1,000;25/05/2023;-8,68404587;-47,7458546;100,000
TO;BR-235;99,000;100,000;1,000;25/05/2023;-9,0962865;-47,7041711;100,000
TO;BR-235;100,000;101,000;1,000;25/05/2023;-9,09591004;-47,7053434;50,000
TO;BR-235;101,000;102,000;1,000;25/05/2023;-9,09591004;-47,7053434;50,000
TO;BR-235;102,000;103,000;1,000;25/05/2023;-9,09591004;-47,7053434;50,000
TO;BR-235;103,000;104,000;1,000;25/05/2023;-9,09591004;-47,7053434;50,000
TO;BR-235;104,000;105,000;1,000;25/05/2023;-9,09591004;-47,7053434;50,000
TO;BR-235;105,000;106,000;1,000;25/05/2023;-9,09591004;-47,7053434;50,000
TO;BR-235;106,000;107,000;1,000;25/05/2023;-9,09591004;-47,7053434;55,000
TO;BR-235;107,000;108,000;1,000;25/05/2023;-9,09591004;-47,7053434;50,000
TO;BR-235;108,000;109,000;1,000;25/05/2023;-9,09591004;-47,7053434;50,000
TO;BR-235;109,000;110,000;1,000;25/05/2023;-9,09591004;-47,7053434;57,500
TO;BR-235;110,000;111,000;1,000;25/05/2023;-9,09591004;-47,7053434;50,000
TO;BR-235;111,000;112,000;1,000;25/05/2023;-9,09591004;-47,7053434;50,000
TO;BR-235;112,000;113,000;1,000;25/05/2023;-9,09591004;-47,7053434;50,000
TO;BR-235;113,000;114,000;1,000;25/05/2023;-9,09591004;-47,7053434;56,250
TO;BR-235;114,000;115,000;1,000;25/05/2023;-9,09591004;-47,7053434;50,000
TO;BR-235;115,000;116,000;1,000;25/05/2023;-9,09591004;-47,7053434;53,750
TO;BR-235;116,000;117,000;1,000;25/05/2023;-9,09591004;-47,7053434;63,750
TO;BR-235;117,000;118,000;1,000;25/05/2023;-9,09591004;-47,7053434;60,000
TO;BR-235;118,000;119,000;1,000;25/05/2023;-9,09591004;-47,7053434;68,750
TO;BR-235;119,000;120,000;1,000;25/05/2023;-9,09591004;-47,7053434;62,500
TO;BR-235;120,000;121,000;1,000;25/05/2023;-9,09591004;-47,7053434;71,250
TO;BR-235;121,000;122,000;1,000;25/05/2023;-9,09591004;-47,7053434;67,500
TO;BR-235;122,000;123,000;1,000;25/05/2023;-9,09591004;-47,7053434;77,500
TO;BR-235;123,000;124,000;1,000;25/05/2023;-9,09591004;-47,7053434;58,750
TO;BR-235;124,000;125,000;1,000;25/05/2023;-9,09591004;-47,7053434;51,250
TO;BR-235;125,000;126,000;1,000;25/05/2023;-9,09591004;-47,7053434;51,250
TO;BR-235;126,000;127,000;1,000;25/05/2023;-9,09591004;-47,7053434;51,250
TO;BR-235;127,000;128,000;1,000;25/05/2023;-9,09591004;-47,7053434;51,250
TO;BR-235;128,000;129,000;1,000;25/05/2023;-9,09591004;-47,7053434;51,250
TO;BR-235;129,000;130,000;1,000;25/05/2023;-9,09591004;-47,7053434;51,250
TO;BR-235;130,000;131,000;1,000;25/05/2023;-9,09591004;-47,7053434;51,250
TO;BR-235;131,000;132,000;1,000;25/05/2023;-9,09591004;-47,7053434;51,250
TO;BR-235;132,000;133,000;1,000;25/05/2023;-9,09591004;-47,7053434;51,250
TO;BR-235;133,000;134,000;1,000;25/05/2023;-9,09591004;-47,7053434;51,250
TO;BR-235;134,000;135,000;1,000;25/05/2023;-9,09591004;-47,7053434;51,250
TO;BR-235;135,000;136,000;1,000;25/05/2023;-9,09591004;-47,7053434;51,250
TO;BR-235;136,000;137,000;1,000;25/05/2023;-9,09591004;-47,7053434;58,750
TO;BR-235;137,000;138,000;1,000;25/05/2023;-9,09591004;-47,7053434;51,250
TO;BR-235;138,000;139,000;1,000;25/05/2023;-9,09591004;-47,7053434;51,250
TO;BR-235;139,000;140,000;1,000;25/05/2023;-9,09591004;-47,7053434;51,250
TO;BR-235;140,000;141,000;1,000;25/05/2023;-9,09591004;-47,7053434;52,500
TO;BR-235;141,000;142,000;1,000;25/05/2023;-9,09591004;-47,7053434;51,250
TO;BR-235;142,000;143,000;1,000;25/05/2023;-9,09591004;-47,7053434;51,250
TO;BR-235;143,000;144,000;1,000;25/05/2023;-9,09591004;-47,7053434;51,250
TO;BR-235;144,000;145,000;1,000;25/05/2023;-9,09591004;-47,7053434;51,250
TO;BR-235;145,000;146,000;1,000;25/05/2023;-9,09591004;-47,7053434;51,250
TO;BR-235;146,000;147,000;1,000;25/05/2023;-9,09591004;-47,7053434;51,250
TO;BR-235;147,000;148,000;1,000;25/05/2023;-9,09591004;-47,7053434;51,250
TO;BR-235;148,000;149,000;1,000;25/05/2023;-9,09591004;-47,7053434;58,750
TO;BR-235;149,000;150,000;1,000;25/05/2023;-9,09591004;-47,7053434;52,500
TO;BR-235;150,000;151,000;1,000;25/05/2023;-9,09591004;-47,7053434;51,250
TO;BR-235;151,000;152,000;1,000;25/05/2023;-9,09591004;-47,7053434;52,500
TO;BR-235;152,000;153,000;1,000;25/05/2023;-9,09591004;-47,7053434;51,250
TO;BR-235;153,000;154,000;1,000;25/05/2023;-9,09591004;-47,7053434;51,250
TO;BR-235;154,000;155,000;1,000;25/05/2023;-8,98397104;-48,110235;51,250
TO;BR-235;155,000;156,000;1,000;25/05/2023;-8,98397104;-48,110235;51,250
TO;BR-235;156,000;157,000;1,000;25/05/2023;-8,97398099;-48,1299326;50,000
TO;BR-235;157,000;158,000;1,000;25/05/2023;-8,97398099;-48,1299326;50,000
TO;BR-235;158,000;159,000;1,000;25/05/2023;-8,97398099;-48,1299326;50,000
TO;BR-010;601,120;600,000;1,120;31/05/2023;-10,1707221;-48,1706629;50,000
TO;BR-010;600,000;599,000;1,000;31/05/2023;-10,1707221;-48,1706629;50,000
TO;BR-010;599,000;598,000;1,000;31/05/2023;-10,1707221;-48,1706629;50,000
TO;BR-010;598,000;597,000;1,000;31/05/2023;-10,1707221;-48,1706629;51,250
TO;BR-010;597,000;596,000;1,000;31/05/2023;-10,1707221;-48,1706629;51,250
TO;BR-010;596,000;595,000;1,000;31/05/2023;-10,1707221;-48,1706629;50,000
TO;BR-010;595,000;594,000;1,000;31/05/2023;-10,1707221;-48,1706629;50,000
TO;BR-010;594,000;593,000;1,000;31/05/2023;-10,1707221;-48,1706629;51,250
TO;BR-010;593,000;592,000;1,000;31/05/2023;-10,1707221;-48,1706629;50,000
TO;BR-010;592,000;591,000;1,000;31/05/2023;-10,1707221;-48,1706629;51,250
TO;BR-010;591,000;590,000;1,000;31/05/2023;-10,1707221;-48,1706629;51,250
TO;BR-010;590,000;589,000;1,000;31/05/2023;-10,1707221;-48,1706629;55,000
TO;BR-010;589,000;588,000;1,000;31/05/2023;-10,1707221;-48,1706629;50,000
TO;BR-010;588,000;587,000;1,000;31/05/2023;-10,1707221;-48,1706629;51,250
TO;BR-010;587,000;586,000;1,000;31/05/2023;-10,1707221;-48,1706629;51,250
TO;BR-010;586,000;585,000;1,000;31/05/2023;-10,1707221;-48,1706629;51,250
TO;BR-010;585,000;584,000;1,000;31/05/2023;-10,1707221;-48,1706629;50,000
TO;BR-010;584,000;583,000;1,000;31/05/2023;-10,1707221;-48,1706629;51,250
TO;BR-010;583,000;582,000;1,000;31/05/2023;-10,1707221;-48,1706629;51,250
TO;BR-010;582,000;581,000;1,000;31/05/2023;-10,1707221;-48,1706629;51,250
TO;BR-010;581,000;580,000;1,000;31/05/2023;-10,1707221;-48,1706629;51,250
TO;BR-010;580,000;579,000;1,000;31/05/2023;-10,1707221;-48,1706629;51,250
TO;BR-010;579,000;578,000;1,000;31/05/2023;-10,1707221;-48,1706629;55,000
TO;BR-010;578,000;577,000;1,000;31/05/2023;-10,1707221;-48,1706629;51,250
TO;BR-010;577,000;576,000;1,000;31/05/2023;-10,1707221;-48,1706629;55,000
TO;BR-010;576,000;575,000;1,000;31/05/2023;-10,1707221;-48,1706629;51,250
TO;BR-010;575,000;574,000;1,000;31/05/2023;-10,1707221;-48,1706629;51,250
TO;BR-010;574,000;573,000;1,000;31/05/2023;-10,1707221;-48,1706629;51,250
TO;BR-010;573,000;572,000;1,000;31/05/2023;-10,1707221;-48,1706629;51,250
TO;BR-010;572,000;571,000;1,000;31/05/2023;-10,1707221;-48,1706629;51,250
TO;BR-010;571,000;570,000;1,000;31/05/2023;-10,1707221;-48,1706629;58,750
TO;BR-010;570,000;569,000;1,000;31/05/2023;-10,1707221;-48,1706629;58,750
TO;BR-010;569,000;568,000;1,000;31/05/2023;-10,1707221;-48,1706629;65,000
TO;BR-010;568,000;567,000;1,000;31/05/2023;-10,1707221;-48,1706629;62,500
TO;BR-010;567,000;566,000;1,000;31/05/2023;-10,1707221;-48,1706629;62,500
TO;BR-010;566,000;565,000;1,000;31/05/2023;-10,1707221;-48,1706629;50,000
TO;BR-010;565,000;564,000;1,000;31/05/2023;-10,1707221;-48,1706629;50,000
TO;BR-010;564,000;563,000;1,000;31/05/2023;-10,1707221;-48,1706629;50,000
TO;BR-010;563,000;562,000;1,000;31/05/2023;-10,1707221;-48,1706629;50,000
TO;BR-010;562,000;561,000;1,000;31/05/2023;-9,76687252;-47,8488272;50,000
TO;BR-010;561,000;560,000;1,000;31/05/2023;-9,76687252;-47,8488272;50,000
TO;BR-010;560,000;559,000;1,000;31/05/2023;-9,76687252;-47,8488272;50,000
TO;BR-010;559,000;558,000;1,000;31/05/2023;-9,76687252;-47,8488272;50,000
TO;BR-010;558,000;557,000;1,000;31/05/2023;-9,76687252;-47,8488272;50,000
TO;BR-010;557,000;556,000;1,000;31/05/2023;-9,76687252;-47,8488272;50,000
TO;BR-010;556,000;555,000;1,000;31/05/2023;-9,76687252;-47,8488272;50,000
TO;BR-010;555,000;554,000;1,000;31/05/2023;-9,76687252;-47,8488272;57,500
TO;BR-010;554,000;553,000;1,000;31/05/2023;-9,76687252;-47,8488272;50,000
PA;BR-230;1154,600;1155,000;0,400;30/05/2023;0;0;61,250
PA;BR-230;1155,000;1156,000;1,000;30/05/2023;0;0;65,000
PA;BR-230;1156,000;1157,000;1,000;30/05/2023;0;0;53,750
PA;BR-230;1157,000;1158,000;1,000;30/05/2023;0;0;60,000
PA;BR-230;1158,000;1159,000;1,000;30/05/2023;0;0;57,500
PA;BR-230;1159,000;1160,000;1,000;30/05/2023;0;0;53,750
PA;BR-230;1160,000;1161,000;1,000;30/05/2023;0;0;51,250
PA;BR-230;1161,000;1162,000;1,000;30/05/2023;0;0;53,750
PA;BR-230;1162,000;1163,000;1,000;30/05/2023;0;0;53,750
PA;BR-230;1163,000;1164,000;1,000;30/05/2023;0;0;65,000
PA;BR-230;1164,000;1165,000;1,000;30/05/2023;0;0;65,000
PA;BR-230;1165,000;1166,000;1,000;30/05/2023;0;0;65,000
PA;BR-230;1166,000;1167,000;1,000;30/05/2023;0;0;60,000
PA;BR-230;1167,000;1168,000;1,000;30/05/2023;0;0;58,750
PA;BR-230;1168,000;1169,000;1,000;30/05/2023;0;0;61,250
PA;BR-230;1169,000;1170,000;1,000;30/05/2023;0;0;58,750
PA;BR-230;1170,000;1171,000;1,000;30/05/2023;0;0;58,750
PA;BR-230;1171,000;1172,000;1,000;30/05/2023;0;0;53,750
PA;BR-230;1172,000;1173,000;1,000;30/05/2023;0;0;65,000
PA;BR-230;1173,000;1174,000;1,000;30/05/2023;0;0;65,000
PA;BR-230;1174,000;1175,000;1,000;30/05/2023;0;0;67,500
PA;BR-230;1175,000;1176,000;1,000;30/05/2023;0;0;58,750
PA;BR-230;1176,000;1177,000;1,000;30/05/2023;0;0;67,500
PA;BR-230;1177,000;1178,000;1,000;30/05/2023;0;0;72,500
PA;BR-230;1178,000;1179,000;1,000;30/05/2023;0;0;58,750
PA;BR-230;1179,000;1180,000;1,000;30/05/2023;0;0;65,000
PA;BR-230;1180,000;1181,000;1,000;30/05/2023;0;0;67,500
PA;BR-230;1181,000;1182,000;1,000;30/05/2023;0;0;67,500
PA;BR-230;1182,000;1183,000;1,000;30/05/2023;0;0;67,500
PA;BR-230;1183,000;1184,000;1,000;30/05/2023;0;0;65,000
PA;BR-230;1184,000;1185,000;1,000;30/05/2023;0;0;65,000
PA;BR-230;1185,000;1186,000;1,000;30/05/2023;0;0;68,750
PA;BR-230;1186,000;1187,000;1,000;30/05/2023;0;0;67,500
PA;BR-230;1187,000;1188,000;1,000;30/05/2023;0;0;67,500
PA;BR-230;1188,000;1189,000;1,000;30/05/2023;0;0;61,250
PA;BR-230;1189,000;1190,000;1,000;30/05/2023;0;0;65,000
PA;BR-230;1190,000;1191,000;1,000;30/05/2023;0;0;51,250
PA;BR-230;1191,000;1192,000;1,000;30/05/2023;0;0;58,750
PA;BR-230;1192,000;1193,000;1,000;30/05/2023;0;0;51,250
PA;BR-230;1193,000;1194,000;1,000;30/05/2023;0;0;65,000
PA;BR-230;1194,000;1195,000;1,000;30/05/2023;0;0;51,250
PA;BR-230;1195,000;1196,000;1,000;30/05/2023;0;0;51,250
PA;BR-230;1196,000;1197,000;1,000;30/05/2023;0;0;65,000
PA;BR-230;1197,000;1198,000;1,000;30/05/2023;0;0;51,250
PA;BR-230;1198,000;1199,000;1,000;30/05/2023;0;0;57,500
PA;BR-230;1199,000;1200,000;1,000;30/05/2023;0;0;51,250
PA;BR-230;1200,000;1201,000;1,000;30/05/2023;0;0;51,250
PA;BR-230;1201,000;1202,000;1,000;30/05/2023;0;0;53,750
PA;BR-230;1202,000;1203,000;1,000;30/05/2023;0;0;51,250
PA;BR-230;1203,000;1204,000;1,000;30/05/2023;0;0;58,750
PA;BR-230;1204,000;1205,000;1,000;30/05/2023;0;0;50,000
PA;BR-230;1205,000;1206,000;1,000;30/05/2023;0;0;57,500
PA;BR-230;1206,000;1207,000;1,000;30/05/2023;0;0;51,250
PA;BR-230;1207,000;1208,000;1,000;30/05/2023;0;0;58,750
PA;BR-230;1208,000;1209,000;1,000;30/05/2023;0;0;51,250
PA;BR-230;1209,000;1210,000;1,000;30/05/2023;0;0;51,250
PA;BR-230;1210,000;1211,000;1,000;30/05/2023;0;0;61,250
PA;BR-230;1211,000;1212,000;1,000;30/05/2023;0;0;51,250
PA;BR-230;1212,000;1213,000;1,000;30/05/2023;0;0;51,250
PA;BR-230;1213,000;1214,000;1,000;30/05/2023;0;0;51,250
PA;BR-230;1214,000;1215,000;1,000;30/05/2023;0;0;51,250
PA;BR-230;1215,000;1216,000;1,000;30/05/2023;0;0;50,000
PA;BR-230;1216,000;1217,000;1,000;30/05/2023;0;0;50,000
PA;BR-230;1217,000;1218,000;1,000;30/05/2023;0;0;50,000
PA;BR-230;1218,000;1219,000;1,000;30/05/2023;0;0;50,000
PA;BR-230;1219,000;1220,000;1,000;30/05/2023;0;0;50,000
PA;BR-230;1220,000;1221,000;1,000;30/05/2023;0;0;50,000
PA;BR-230;1221,000;1222,000;1,000;30/05/2023;0;0;50,000
PA;BR-230;1222,000;1223,000;1,000;30/05/2023;0;0;50,000
PA;BR-230;1223,000;1224,000;1,000;30/05/2023;0;0;50,000
PA;BR-230;1224,000;1225,000;1,000;30/05/2023;0;0;50,000
PA;BR-230;1225,000;1226,000;1,000;30/05/2023;0;0;50,000
PA;BR-230;1226,000;1227,000;1,000;30/05/2023;0;0;50,000
PA;BR-230;1227,000;1228,000;1,000;30/05/2023;0;0;50,000
PA;BR-230;1228,000;1229,000;1,000;30/05/2023;0;0;50,000
PA;BR-230;1229,000;1230,000;1,000;30/05/2023;0;0;52,500
PA;BR-230;1230,000;1231,000;1,000;30/05/2023;0;0;52,500
PA;BR-230;1231,000;1232,000;1,000;30/05/2023;0;0;52,500
PA;BR-230;1232,000;1233,000;1,000;30/05/2023;0;0;52,500
PA;BR-230;1233,000;1234,000;1,000;30/05/2023;0;0;50,000
PA;BR-230;1234,000;1235,000;1,000;30/05/2023;0;0;50,000
PA;BR-230;1235,000;1236,000;1,000;30/05/2023;0;0;50,000
PA;BR-230;1236,000;1237,000;1,000;30/05/2023;0;0;50,000
PA;BR-230;1237,000;1238,000;1,000;30/05/2023;0;0;50,000
PA;BR-230;1238,000;1239,000;1,000;30/05/2023;0;0;51,250
PA;BR-230;1239,000;1240,000;1,000;30/05/2023;0;0;51,250
PA;BR-230;1240,000;1241,000;1,000;30/05/2023;0;0;50,000
PA;BR-230;1241,000;1242,000;1,000;30/05/2023;0;0;50,000
PA;BR-230;1242,000;1243,000;1,000;30/05/2023;0;0;50,000
PA;BR-230;1243,000;1244,000;1,000;30/05/2023;0;0;57,500
PA;BR-230;1244,000;1245,000;1,000;30/05/2023;0;0;50,000
PA;BR-230;1245,000;1246,000;1,000;30/05/2023;0;0;50,000
PA;BR-230;1246,000;1247,000;1,000;30/05/2023;0;0;50,000
PA;BR-230;1247,000;1248,000;1,000;30/05/2023;0;0;50,000
PA;BR-230;1248,000;1249,000;1,000;30/05/2023;0;0;52,500
PA;BR-230;1249,000;1250,000;1,000;30/05/2023;0;0;52,500
PA;BR-230;1250,000;1251,000;1,000;30/05/2023;0;0;50,000
PA;BR-230;1251,000;1252,000;1,000;30/05/2023;0;0;52,500
PA;BR-230;1252,000;1253,000;1,000;30/05/2023;0;0;50,000
PA;BR-230;1253,000;1254,000;1,000;30/05/2023;0;0;51,250
PA;BR-230;1254,000;1255,000;1,000;30/05/2023;0;0;50,000
PA;BR-230;1255,000;1256,000;1,000;30/05/2023;0;0;50,000
PA;BR-230;1256,000;1257,000;1,000;30/05/2023;0;0;51,250
PA;BR-230;1257,000;1258,000;1,000;30/05/2023;0;0;51,250
PA;BR-230;1258,000;1259,000;1,000;30/05/2023;0;0;50,000
PA;BR-230;1259,000;1260,000;1,000;30/05/2023;0;0;50,000
PA;BR-230;1260,000;1261,000;1,000;30/05/2023;0;0;52,500
PA;BR-230;1261,000;1262,000;1,000;30/05/2023;0;0;50,000
PA;BR-230;1262,000;1263,000;1,000;30/05/2023;0;0;52,500
PA;BR-230;1263,000;1264,000;1,000;30/05/2023;0;0;50,000
PA;BR-230;1264,000;1265,000;1,000;30/05/2023;0;0;51,250
PA;BR-230;1265,000;1266,000;1,000;30/05/2023;0;0;50,000
PA;BR-230;1266,000;1267,000;1,000;30/05/2023;0;0;50,000
PA;BR-230;1267,000;1268,000;1,000;30/05/2023;0;0;50,000
PA;BR-230;1268,000;1269,000;1,000;30/05/2023;0;0;50,000
PA;BR-230;1269,000;1270,000;1,000;30/05/2023;0;0;50,000
PA;BR-230;1270,000;1271,000;1,000;30/05/2023;0;0;50,000
PA;BR-230;1271,000;1272,000;1,000;30/05/2023;0;0;53,750
PA;BR-230;1272,000;1273,000;1,000;30/05/2023;0;0;53,750
PA;BR-230;1273,000;1274,000;1,000;30/05/2023;0;0;51,250
PA;BR-230;1274,000;1275,000;1,000;30/05/2023;0;0;50,000
PA;BR-230;1275,000;1276,000;1,000;30/05/2023;0;0;50,000
PA;BR-230;1276,000;1277,000;1,000;30/05/2023;0;0;50,000
PA;BR-230;1277,000;1278,000;1,000;30/05/2023;0;0;50,000
PA;BR-230;1278,000;1279,000;1,000;30/05/2023;0;0;50,000
PA;BR-230;1279,000;1280,000;1,000;30/05/2023;0;0;50,000
PA;BR-230;1280,000;1281,000;1,000;30/05/2023;0;0;50,000
PA;BR-230;1281,000;1282,000;1,000;30/05/2023;0;0;51,250
PA;BR-230;1282,000;1283,000;1,000;30/05/2023;0;0;51,250
PA;BR-230;1283,000;1284,000;1,000;30/05/2023;0;0;51,250
PA;BR-230;1284,000;1285,000;1,000;30/05/2023;0;0;51,250
PA;BR-230;1285,000;1286,000;1,000;30/05/2023;0;0;53,750
PA;BR-230;1286,000;1287,000;1,000;30/05/2023;0;0;51,250
PA;BR-230;1287,000;1288,000;1,000;30/05/2023;0;0;51,250
PA;BR-230;1288,000;1289,000;1,000;30/05/2023;0;0;50,000
PA;BR-230;1289,000;1290,000;1,000;30/05/2023;0;0;50,000
PA;BR-230;1290,000;1291,000;1,000;30/05/2023;0;0;51,250
PA;BR-230;1291,000;1292,000;1,000;30/05/2023;0;0;51,250
PA;BR-230;1292,000;1293,000;1,000;30/05/2023;0;0;58,750
PA;BR-230;1293,000;1294,000;1,000;30/05/2023;0;0;51,250
PA;BR-230;1294,500;1295,000;0,500;30/05/2023;0;0;50,000
PA;BR-230;1295,000;1296,000;1,000;30/05/2023;0;0;50,000
PA;BR-230;1296,000;1297,000;1,000;30/05/2023;0;0;58,750
PA;BR-230;1297,000;1298,000;1,000;30/05/2023;0;0;57,500
PA;BR-230;1298,000;1299,000;1,000;30/05/2023;0;0;60,000
PA;BR-230;1299,000;1300,000;1,000;30/05/2023;0;0;52,500
PA;BR-230;1300,000;1301,000;1,000;30/05/2023;0;0;67,500
PA;BR-230;1301,000;1302,000;1,000;30/05/2023;0;0;50,000
PA;BR-230;1302,000;1303,000;1,000;30/05/2023;0;0;56,250
PA;BR-230;1303,000;1304,000;1,000;30/05/2023;0;0;63,750
PA;BR-230;1304,000;1305,000;1,000;30/05/2023;0;0;63,750
PA;BR-230;1305,000;1306,000;1,000;30/05/2023;0;0;63,750
PA;BR-230;1306,000;1307,000;1,000;30/05/2023;0;0;56,250
PA;BR-230;1307,000;1308,000;1,000;30/05/2023;0;0;56,250
PA;BR-230;1308,000;1309,000;1,000;30/05/2023;0;0;57,500
PA;BR-230;1309,000;1310,000;1,000;30/05/2023;0;0;50,000
PA;BR-230;1310,000;1311,000;1,000;30/05/2023;0;0;57,500
PA;BR-230;1311,000;1312,000;1,000;30/05/2023;0;0;57,500
PA;BR-230;1312,000;1313,000;1,000;30/05/2023;0;0;50,000
PA;BR-230;1313,000;1314,000;1,000;30/05/2023;0;0;50,000
PA;BR-230;1314,000;1315,000;1,000;30/05/2023;0;0;50,000
PA;BR-230;1315,000;1316,000;1,000;30/05/2023;0;0;50,000
PA;BR-230;1316,000;1317,000;1,000;30/05/2023;0;0;50,000
PA;BR-230;1317,000;1318,000;1,000;30/05/2023;0;0;50,000
PA;BR-230;1318,000;1319,000;1,000;30/05/2023;0;0;51,250
PA;BR-230;1319,000;1320,000;1,000;30/05/2023;0;0;65,000
PA;BR-230;1320,000;1321,000;1,000;30/05/2023;0;0;65,000
PA;BR-230;1321,000;1322,000;1,000;30/05/2023;0;0;65,000
PA;BR-230;1322,000;1323,000;1,000;30/05/2023;0;0;66,250
PA;BR-230;1323,000;1324,000;1,000;30/05/2023;0;0;57,500
PA;BR-230;1324,000;1325,000;1,000;30/05/2023;0;0;57,500
PA;BR-230;1325,000;1326,000;1,000;30/05/2023;0;0;57,500
PA;BR-230;1326,000;1327,000;1,000;30/05/2023;0;0;51,250
PA;BR-230;1327,000;1328,000;1,000;30/05/2023;0;0;51,250
PA;BR-230;1328,000;1329,000;1,000;30/05/2023;0;0;51,250
PA;BR-230;1329,000;1330,000;1,000;30/05/2023;0;0;51,250
PA;BR-230;1330,000;1331,000;1,000;30/05/2023;0;0;51,250
PA;BR-230;1331,000;1332,000;1,000;30/05/2023;0;0;50,000
PA;BR-230;1332,000;1333,000;1,000;30/05/2023;0;0;50,000
PA;BR-230;1333,000;1334,000;1,000;30/05/2023;0;0;50,000
PA;BR-230;1334,000;1335,000;1,000;30/05/2023;0;0;56,250
PA;BR-230;1335,000;1336,000;1,000;30/05/2023;0;0;50,000
PA;BR-230;1336,000;1337,000;1,000;30/05/2023;0;0;51,250
PA;BR-230;1337,000;1338,000;1,000;30/05/2023;0;0;58,750
PA;BR-230;1338,000;1339,000;1,000;30/05/2023;0;0;51,250
PA;BR-230;1339,000;1340,000;1,000;30/05/2023;0;0;51,250
PA;BR-230;1340,000;1341,000;1,000;30/05/2023;0;0;58,750
PA;BR-230;1341,000;1342,000;1,000;30/05/2023;0;0;51,250
PA;BR-230;1342,000;1343,000;1,000;30/05/2023;0;0;51,250
PA;BR-230;1343,000;1344,000;1,000;30/05/2023;0;0;50,000
PA;BR-230;1344,000;1345,000;1,000;30/05/2023;0;0;57,500
PA;BR-230;1345,000;1346,000;1,000;30/05/2023;0;0;63,750
PA;BR-230;1346,000;1347,000;1,000;30/05/2023;0;0;56,250
PA;BR-230;1347,000;1348,000;1,000;30/05/2023;0;0;63,750
PA;BR-230;1348,000;1349,000;1,000;30/05/2023;0;0;50,000
PA;BR-230;1349,000;1350,000;1,000;30/05/2023;0;0;50,000
PA;BR-230;1350,000;1351,000;1,000;30/05/2023;0;0;50,000
PA;BR-230;1351,000;1352,000;1,000;30/05/2023;0;0;50,000
PA;BR-230;1352,000;1353,000;1,000;30/05/2023;0;0;52,500
PA;BR-230;1353,000;1354,000;1,000;30/05/2023;0;0;52,500
PA;BR-230;1354,000;1355,000;1,000;30/05/2023;0;0;50,000
PA;BR-230;1355,000;1356,000;1,000;30/05/2023;0;0;47,500
PA;BR-230;1356,000;1357,000;1,000;30/05/2023;0;0;47,500
PA;BR-230;1357,000;1358,000;1,000;30/05/2023;0;0;47,500
PA;BR-230;1358,000;1359,000;1,000;30/05/2023;0;0;47,500
PA;BR-230;1359,000;1360,000;1,000;30/05/2023;0;0;40,000
PA;BR-230;1360,000;1361,000;1,000;30/05/2023;0;0;47,500
PA;BR-230;1361,000;1362,000;1,000;30/05/2023;0;0;50,000
PA;BR-230;1362,000;1363,000;1,000;30/05/2023;0;0;47,500
PA;BR-230;1363,000;1364,000;1,000;30/05/2023;0;0;47,500
PA;BR-230;1364,000;1365,000;1,000;30/05/2023;0;0;47,500
PA;BR-230;1365,000;1366,000;1,000;30/05/2023;0;0;40,000
PA;BR-230;1366,000;1367,000;1,000;30/05/2023;0;0;40,000
PA;BR-230;1367,000;1368,000;1,000;30/05/2023;0;0;32,500
PA;BR-230;1368,000;1369,000;1,000;30/05/2023;0;0;32,500
PA;BR-230;1369,000;1370,000;1,000;30/05/2023;0;0;32,500
PA;BR-230;1370,000;1371,000;1,000;30/05/2023;0;0;32,500
PA;BR-230;1371,000;1372,000;1,000;30/05/2023;0;0;32,500
PA;BR-230;1372,000;1373,000;1,000;30/05/2023;0;0;32,500
PA;BR-230;1373,000;1374,000;1,000;30/05/2023;0;0;32,500
PA;BR-230;1374,000;1375,000;1,000;30/05/2023;0;0;32,500
PA;BR-230;1375,000;1376,000;1,000;30/05/2023;0;0;32,500
PA;BR-230;1376,000;1377,000;1,000;30/05/2023;0;0;32,500
PA;BR-230;1377,000;1378,000;1,000;30/05/2023;0;0;32,500
PA;BR-230;1378,000;1379,000;1,000;30/05/2023;0;0;32,500
PA;BR-230;1379,000;1380,000;1,000;30/05/2023;0;0;32,500
PA;BR-230;1380,000;1381,000;1,000;30/05/2023;0;0;32,500
PA;BR-230;1381,000;1382,000;1,000;30/05/2023;0;0;32,500
PA;BR-230;1382,000;1383,000;1,000;30/05/2023;0;0;32,500
PA;BR-230;1383,000;1384,000;1,000;30/05/2023;0;0;32,500
PA;BR-230;1384,000;1385,000;1,000;30/05/2023;0;0;5,000
PA;BR-230;1385,000;1386,000;1,000;30/05/2023;0;0;5,000
PA;BR-230;1386,000;1387,000;1,000;30/05/2023;0;0;5,000
PA;BR-230;1387,000;1388,000;1,000;30/05/2023;0;0;5,000
PA;BR-230;1388,000;1389,000;1,000;30/05/2023;0;0;32,500
PA;BR-230;1389,000;1390,000;1,000;30/05/2023;0;0;5,000
PA;BR-230;1390,000;1391,000;1,000;30/05/2023;0;0;32,500
PA;BR-230;1391,000;1392,000;1,000;30/05/2023;0;0;17,500
PA;BR-230;1392,000;1393,000;1,000;30/05/2023;0;0;17,500
PA;BR-230;1393,000;1394,000;1,000;30/05/2023;0;0;20,000
PA;BR-230;1394,000;1395,000;1,000;30/05/2023;0;0;15,000
PA;BR-230;1395,000;1396,000;1,000;30/05/2023;0;0;20,000
PA;BR-230;1396,000;1397,000;1,000;30/05/2023;0;0;17,500
PA;BR-230;1397,000;1398,000;1,000;30/05/2023;0;0;32,500
PA;BR-230;1398,000;1399,000;1,000;30/05/2023;0;0;32,500
PA;BR-230;1399,000;1400,000;1,000;30/05/2023;0;0;48,750
PA;BR-230;1400,000;1401,000;1,000;30/05/2023;0;0;32,500
PA;BR-230;1401,000;1402,000;1,000;30/05/2023;0;0;40,000
PA;BR-230;1402,000;1403,000;1,000;30/05/2023;0;0;40,000
PA;BR-230;1403,000;1404,000;1,000;30/05/2023;0;0;40,000
PA;BR-230;1404,000;1405,000;1,000;30/05/2023;0;0;40,000
PA;BR-230;1405,000;1406,000;1,000;30/05/2023;0;0;40,000
PA;BR-230;1406,000;1407,000;1,000;30/05/2023;0;0;32,500
PA;BR-230;1407,000;1408,000;1,000;30/05/2023;0;0;32,500
PA;BR-230;1408,000;1409,000;1,000;30/05/2023;0;0;57,500
PA;BR-230;1409,000;1410,000;1,000;30/05/2023;0;0;32,500
PA;BR-230;1410,000;1411,000;1,000;30/05/2023;0;0;32,500
PA;BR-230;1411,000;1412,000;1,000;30/05/2023;0;0;35,000
PA;BR-230;1412,000;1413,000;1,000;30/05/2023;0;0;50,000
PA;BR-230;1413,000;1414,000;1,000;30/05/2023;0;0;50,000
PA;BR-230;1414,000;1415,000;1,000;30/05/2023;0;0;50,000
PA;BR-230;1415,000;1416,000;1,000;30/05/2023;0;0;55,000
PA;BR-230;1416,000;1417,000;1,000;30/05/2023;0;0;40,000
PA;BR-230;1417,000;1418,000;1,000;30/05/2023;0;0;55,000
PA;BR-230;1418,000;1419,000;1,000;30/05/2023;0;0;61,250
PA;BR-230;1419,000;1420,000;1,000;30/05/2023;0;0;47,500
PA;BR-230;1420,000;1421,000;1,000;30/05/2023;0;0;47,500
PA;BR-230;1421,000;1422,000;1,000;30/05/2023;0;0;47,500
PA;BR-230;1422,000;1423,000;1,000;30/05/2023;0;0;47,500
PA;BR-230;1423,000;1424,000;1,000;30/05/2023;0;0;53,750
PA;BR-230;1424,000;1425,000;1,000;30/05/2023;0;0;56,250
PA;BR-230;1425,000;1426,000;1,000;30/05/2023;0;0;63,750
PA;BR-230;1426,000;1427,000;1,000;30/05/2023;0;0;61,250
PA;BR-230;1427,000;1428,000;1,000;30/05/2023;0;0;63,750
PA;BR-230;1428,000;1429,000;1,000;30/05/2023;0;0;63,750
PA;BR-230;1429,000;1430,000;1,000;30/05/2023;0;0;61,250
PA;BR-230;1430,000;1431,000;1,000;30/05/2023;0;0;61,250
PA;BR-230;1431,000;1432,000;1,000;30/05/2023;0;0;53,750
PA;BR-230;1432,000;1433,000;1,000;30/05/2023;0;0;60,000
PA;BR-230;1433,000;1434,000;1,000;30/05/2023;0;0;61,250
PA;BR-230;1434,200;1435,000;0,800;30/05/2023;0;0;47,500
PA;BR-230;1435,000;1436,000;1,000;30/05/2023;0;0;40,000
PA;BR-230;1436,000;1437,000;1,000;30/05/2023;0;0;32,500
PA;BR-230;1437,000;1438,000;1,000;30/05/2023;0;0;32,500
PA;BR-230;1438,000;1439,000;1,000;30/05/2023;0;0;32,500
PA;BR-230;1439,000;1440,000;1,000;30/05/2023;0;0;32,500
PA;BR-230;1440,000;1441,000;1,000;30/05/2023;0;0;32,500
PA;BR-230;1441,000;1442,000;1,000;30/05/2023;0;0;32,500
PA;BR-230;1442,000;1443,000;1,000;30/05/2023;0;0;40,000
PA;BR-230;1443,000;1444,000;1,000;30/05/2023;0;0;27,500
PA;BR-230;1444,000;1445,000;1,000;30/05/2023;0;0;32,500
PA;BR-230;1445,000;1446,000;1,000;30/05/2023;0;0;32,500
PA;BR-230;1446,000;1447,000;1,000;30/05/2023;0;0;32,500
PA;BR-230;1447,000;1448,000;1,000;30/05/2023;0;0;40,000
PA;BR-230;1448,000;1449,000;1,000;30/05/2023;0;0;40,000
PA;BR-230;1449,000;1450,000;1,000;30/05/2023;0;0;40,000
PA;BR-230;1450,000;1451,000;1,000;30/05/2023;0;0;32,500
PA;BR-230;1451,000;1452,000;1,000;30/05/2023;0;0;32,500
PA;BR-230;1452,000;1453,000;1,000;30/05/2023;0;0;32,500
PA;BR-230;1453,000;1454,000;1,000;30/05/2023;0;0;46,250
PA;BR-230;1454,000;1455,000;1,000;30/05/2023;0;0;46,250
PA;BR-230;1455,000;1456,000;1,000;30/05/2023;0;0;40,000
PA;BR-230;1456,000;1457,000;1,000;30/05/2023;0;0;40,000
PA;BR-230;1457,000;1458,000;1,000;30/05/2023;0;0;32,500
PA;BR-230;1458,000;1459,000;1,000;30/05/2023;0;0;32,500
PA;BR-230;1459,000;1460,000;1,000;30/05/2023;0;0;40,000
PA;BR-230;1460,000;1461,000;1,000;30/05/2023;0;0;40,000
PA;BR-230;1461,000;1462,000;1,000;30/05/2023;0;0;27,500
PA;BR-230;1462,000;1463,000;1,000;30/05/2023;0;0;27,500
PA;BR-230;1463,000;1464,000;1,000;30/05/2023;0;0;27,500
PA;BR-230;1464,000;1465,000;1,000;30/05/2023;0;0;27,500
PA;BR-230;1465,000;1466,000;1,000;30/05/2023;0;0;32,500
PA;BR-230;1466,000;1467,000;1,000;30/05/2023;0;0;32,500
PA;BR-230;1467,000;1468,000;1,000;30/05/2023;0;0;27,500
PA;BR-230;1468,000;1469,000;1,000;30/05/2023;0;0;35,000
PA;BR-230;1469,000;1470,000;1,000;30/05/2023;0;0;35,000
PA;BR-230;1470,000;1471,000;1,000;30/05/2023;0;0;15,000
PA;BR-230;1471,000;1472,000;1,000;30/05/2023;0;0;35,000
PA;BR-230;1472,000;1473,000;1,000;30/05/2023;0;0;40,000
PA;BR-230;1473,000;1474,000;1,000;30/05/2023;0;0;35,000
PA;BR-230;1474,000;1475,000;1,000;30/05/2023;0;0;35,000
PA;BR-230;1475,000;1476,000;1,000;30/05/2023;0;0;32,500
PA;BR-230;1476,000;1477,000;1,000;30/05/2023;0;0;27,500
PA;BR-230;1477,000;1478,000;1,000;30/05/2023;0;0;40,000
PA;BR-230;1478,000;1479,000;1,000;30/05/2023;0;0;35,000
PA;BR-230;1479,000;1480,000;1,000;30/05/2023;0;0;35,000
PA;BR-230;1480,000;1481,000;1,000;30/05/2023;0;0;35,000
PA;BR-230;1481,000;1482,000;1,000;30/05/2023;0;0;35,000
PA;BR-230;1482,000;1483,000;1,000;30/05/2023;0;0;35,000
PA;BR-230;1483,000;1484,000;1,000;30/05/2023;0;0;32,500
PA;BR-230;1484,000;1485,000;1,000;30/05/2023;0;0;35,000
PA;BR-230;1485,000;1486,000;1,000;30/05/2023;0;0;35,000
PA;BR-230;1486,000;1487,000;1,000;30/05/2023;0;0;35,000
PA;BR-230;1487,000;1488,000;1,000;30/05/2023;0;0;40,000
PA;BR-230;1488,000;1489,000;1,000;30/05/2023;0;0;35,000
PA;BR-230;1489,000;1490,000;1,000;30/05/2023;0;0;27,500
PA;BR-230;1490,000;1491,000;1,000;30/05/2023;0;0;12,500
PA;BR-230;1491,000;1492,000;1,000;30/05/2023;0;0;0,000
PA;BR-230;1492,000;1493,000;1,000;30/05/2023;0;0;17,500
PA;BR-230;1493,000;1494,000;1,000;30/05/2023;0;0;27,500
PA;BR-230;1494,000;1495,000;1,000;30/05/2023;0;0;17,500
PA;BR-230;1495,000;1496,000;1,000;30/05/2023;0;0;40,000
PA;BR-230;1496,000;1497,000;1,000;30/05/2023;0;0;17,500
PA;BR-230;1497,000;1498,000;1,000;30/05/2023;0;0;0,000
PA;BR-230;1498,000;1499,000;1,000;30/05/2023;0;0;35,000
PA;BR-230;1499,000;1500,000;1,000;30/05/2023;0;0;12,500
PA;BR-230;1500,000;1501,000;1,000;30/05/2023;0;0;17,500
PA;BR-230;1501,000;1502,000;1,000;30/05/2023;0;0;32,500
PA;BR-230;1502,000;1503,000;1,000;30/05/2023;0;0;35,000
PA;BR-230;1503,000;1504,000;1,000;30/05/2023;0;0;27,500
PA;BR-230;1504,000;1505,000;1,000;30/05/2023;0;0;15,000
PA;BR-230;1505,000;1506,000;1,000;30/05/2023;0;0;17,500
PA;BR-230;1506,000;1507,000;1,000;30/05/2023;0;0;5,000
PA;BR-230;1507,000;1508,000;1,000;30/05/2023;0;0;32,500
PA;BR-230;1508,000;1509,000;1,000;30/05/2023;0;0;0,000
PA;BR-230;1509,000;1510,000;1,000;30/05/2023;0;0;15,000
PA;BR-230;1510,000;1511,000;1,000;30/05/2023;0;0;0,000
PA;BR-230;1511,000;1512,000;1,000;30/05/2023;0;0;27,500
PA;BR-230;1512,000;1513,000;1,000;30/05/2023;0;0;5,000
PA;BR-230;1513,000;1514,000;1,000;30/05/2023;0;0;17,500
PA;BR-230;1514,000;1515,000;1,000;30/05/2023;0;0;0,000
PA;BR-230;1515,000;1516,000;1,000;30/05/2023;0;0;27,500
PA;BR-230;1516,000;1517,000;1,000;30/05/2023;0;0;3,750
PA;BR-230;1517,000;1518,000;1,000;30/05/2023;0;0;3,750
PA;BR-230;1518,000;1519,000;1,000;30/05/2023;0;0;2,500
PA;BR-230;1519,000;1520,000;1,000;30/05/2023;0;0;17,500
PA;BR-230;1520,000;1521,000;1,000;30/05/2023;0;0;0,000
PA;BR-230;1521,000;1522,000;1,000;30/05/2023;0;0;7,500
PA;BR-230;1522,000;1523,000;1,000;30/05/2023;0;0;7,500
PA;BR-230;1523,000;1524,000;1,000;30/05/2023;0;0;17,500
PA;BR-230;1524,000;1525,000;1,000;30/05/2023;0;0;17,500
PA;BR-230;1525,000;1526,000;1,000;30/05/2023;0;0;32,500
PA;BR-230;1526,000;1527,000;1,000;30/05/2023;0;0;32,500
PA;BR-230;1527,000;1528,000;1,000;30/05/2023;0;0;17,500
PA;BR-230;1528,000;1529,000;1,000;30/05/2023;0;0;32,500
PA;BR-230;1529,000;1530,000;1,000;30/05/2023;0;0;32,500
PA;BR-230;1530,000;1531,000;1,000;30/05/2023;0;0;32,500
PA;BR-230;1531,000;1532,000;1,000;30/05/2023;0;0;40,000
PA;BR-230;1532,000;1533,000;1,000;30/05/2023;0;0;20,000
PA;BR-230;1533,000;1534,000;1,000;30/05/2023;0;0;32,500
PA;BR-230;1534,000;1535,000;1,000;30/05/2023;0;0;40,000
PA;BR-230;1535,000;1536,000;1,000;30/05/2023;0;0;5,000
PA;BR-230;1536,000;1537,000;1,000;30/05/2023;0;0;5,000
PA;BR-230;1537,000;1538,000;1,000;30/05/2023;0;0;12,500
PA;BR-230;1538,000;1539,000;1,000;30/05/2023;0;0;0,000
PA;BR-230;1539,000;1540,000;1,000;30/05/2023;0;0;0,000
PA;BR-230;1540,000;1541,000;1,000;30/05/2023;0;0;3,750
PA;BR-230;1541,000;1542,000;1,000;30/05/2023;0;0;3,750
PA;BR-230;1542,000;1543,000;1,000;30/05/2023;0;0;3,750
PA;BR-230;1543,000;1544,000;1,000;30/05/2023;0;0;3,750
PA;BR-230;1544,000;1545,000;1,000;30/05/2023;0;0;7,500
PA;BR-230;1545,000;1546,000;1,000;30/05/2023;0;0;3,750
PA;BR-230;1546,000;1547,000;1,000;30/05/2023;0;0;3,750
PA;BR-230;1547,000;1548,000;1,000;30/05/2023;0;0;2,500
PA;BR-230;1548,000;1549,000;1,000;30/05/2023;0;0;2,500
PA;BR-230;1549,000;1550,000;1,000;30/05/2023;0;0;2,500
PA;BR-230;1550,000;1551,000;1,000;30/05/2023;0;0;2,500
PA;BR-230;1551,000;1552,000;1,000;30/05/2023;0;0;20,000
PA;BR-230;1552,000;1553,000;1,000;30/05/2023;0;0;7,500
PA;BR-230;1553,000;1554,000;1,000;30/05/2023;0;0;0,000
PA;BR-230;1554,000;1555,000;1,000;30/05/2023;0;0;2,500
PA;BR-230;1555,000;1556,000;1,000;30/05/2023;0;0;5,000
PA;BR-230;1556,000;1557,000;1,000;30/05/2023;0;0;2,500
PA;BR-230;1557,000;1558,000;1,000;30/05/2023;0;0;2,500
PA;BR-230;1558,000;1559,000;1,000;30/05/2023;0;0;17,500
PA;BR-230;1559,000;1560,000;1,000;30/05/2023;0;0;17,500
PA;BR-230;1560,000;1561,000;1,000;30/05/2023;0;0;18,750
PA;BR-230;1561,000;1562,000;1,000;30/05/2023;0;0;17,500
PA;BR-230;1562,000;1563,000;1,000;30/05/2023;0;0;31,250
PA;BR-230;1563,000;1564,000;1,000;30/05/2023;0;0;31,250
PA;BR-230;1564,000;1565,000;1,000;30/05/2023;0;0;3,750
PA;BR-230;1565,000;1566,000;1,000;30/05/2023;0;0;31,250
PA;BR-230;1566,000;1567,000;1,000;30/05/2023;0;0;18,750
PA;BR-230;1567,000;1568,000;1,000;30/05/2023;0;0;18,750
PA;BR-230;1568,000;1569,000;1,000;30/05/2023;0;0;3,750
PA;BR-230;1569,000;1570,000;1,000;30/05/2023;0;0;3,750
PA;BR-230;1570,000;1571,000;1,000;30/05/2023;0;0;18,750
PA;BR-230;1571,000;1572,000;1,000;30/05/2023;0;0;18,750
PA;BR-230;1572,000;1573,000;1,000;30/05/2023;0;0;18,750
PA;BR-230;1573,000;1574,000;1,000;30/05/2023;0;0;31,250
PA;BR-230;1574,000;1575,000;1,000;30/05/2023;0;0;31,250
PA;BR-230;1575,000;1576,000;1,000;30/05/2023;0;0;31,250
PA;BR-230;1576,000;1577,000;1,000;30/05/2023;0;0;31,250
PA;BR-230;1577,000;1578,000;1,000;30/05/2023;0;0;31,250
PA;BR-230;1578,000;1579,000;1,000;30/05/2023;0;0;31,250
PA;BR-230;1579,000;1580,000;1,000;30/05/2023;0;0;31,250
PA;BR-230;1580,000;1581,000;1,000;30/05/2023;0;0;3,750
PA;BR-230;1581,000;1582,000;1,000;30/05/2023;0;0;3,750
PA;BR-230;1582,000;1583,000;1,000;30/05/2023;0;0;3,750
PA;BR-230;1583,000;1584,000;1,000;30/05/2023;0;0;31,250
PA;BR-230;1584,000;1585,000;1,000;30/05/2023;0;0;31,250
PA;BR-230;1585,000;1586,000;1,000;30/05/2023;0;0;31,250
PA;BR-230;1586,000;1587,000;1,000;30/05/2023;0;0;31,250
PA;BR-230;1587,000;1588,000;1,000;30/05/2023;0;0;36,250
PA;BR-230;1588,000;1589,000;1,000;30/05/2023;0;0;43,750
PA;BR-230;1589,000;1590,000;1,000;30/05/2023;0;0;31,250
PA;BR-230;1590,000;1591,000;1,000;30/05/2023;0;0;35,000
PA;BR-230;1591,000;1592,000;1,000;30/05/2023;0;0;43,750
PA;BR-230;1592,000;1593,000;1,000;30/05/2023;0;0;43,750
PA;BR-230;1593,000;1594,000;1,000;30/05/2023;0;0;36,250
PA;BR-230;274,000;275,000;1,000;31/05/2023;-5,3591041;-49,123797;8,750
PA;BR-230;275,000;276,000;1,000;31/05/2023;-5,3591041;-49,123797;8,750
PA;BR-230;276,000;277,000;1,000;31/05/2023;-5,3591041;-49,123797;8,750
PA;BR-230;277,000;278,000;1,000;31/05/2023;-5,3591041;-49,123797;8,750
PA;BR-230;278,000;279,000;1,000;31/05/2023;-5,3591041;-49,123797;8,750
PA;BR-230;279,000;280,000;1,000;31/05/2023;-5,3591041;-49,123797;8,750
PA;BR-230;280,000;281,000;1,000;31/05/2023;-5,3591041;-49,123797;33,750
PA;BR-230;281,000;282,000;1,000;31/05/2023;-5,3591041;-49,123797;8,750
PA;BR-230;282,000;283,000;1,000;31/05/2023;-5,3591041;-49,123797;8,750
PA;BR-230;283,000;284,000;1,000;31/05/2023;-5,3591041;-49,123797;8,750
PA;BR-230;284,000;285,000;1,000;31/05/2023;-5,3591041;-49,123797;8,750
PA;BR-230;285,000;286,000;1,000;31/05/2023;-5,3591041;-49,123797;3,750
PA;BR-230;286,000;287,000;1,000;31/05/2023;-5,3591041;-49,123797;8,750
PA;BR-230;287,000;288,000;1,000;31/05/2023;-5,3591041;-49,123797;5,000
PA;BR-230;288,000;289,000;1,000;31/05/2023;-5,3591041;-49,123797;8,750
PA;BR-230;289,000;290,000;1,000;31/05/2023;-5,3591041;-49,123797;8,750
PA;BR-230;290,000;291,000;1,000;31/05/2023;-5,3591041;-49,123797;8,750
PA;BR-230;291,000;292,000;1,000;31/05/2023;-5,3591041;-49,123797;8,750
PA;BR-230;292,000;293,000;1,000;31/05/2023;-5,3591041;-49,123797;8,750
PA;BR-230;293,000;294,000;1,000;31/05/2023;-5,3591041;-49,123797;8,750
PA;BR-230;294,000;295,000;1,000;31/05/2023;-5,3591041;-49,123797;8,750
PA;BR-230;295,000;296,000;1,000;31/05/2023;-5,3591041;-49,123797;8,750
PA;BR-230;296,000;297,000;1,000;31/05/2023;-5,3591041;-49,123797;8,750
PA;BR-230;297,000;298,000;1,000;31/05/2023;-5,3591041;-49,123797;8,750
PA;BR-230;298,000;299,000;1,000;31/05/2023;-5,3591041;-49,123797;8,750
PA;BR-230;299,000;300,000;1,000;31/05/2023;-5,3591041;-49,123797;8,750
PA;BR-230;300,000;301,000;1,000;31/05/2023;-5,3591041;-49,123797;0,000
PA;BR-230;301,000;302,000;1,000;31/05/2023;-5,3591041;-49,123797;0,000
PA;BR-230;302,000;303,000;1,000;31/05/2023;-5,3591041;-49,123797;0,000
PA;BR-230;303,000;304,000;1,000;31/05/2023;-5,3591041;-49,123797;0,000
PA;BR-230;304,000;305,000;1,000;31/05/2023;-5,3591041;-49,123797;0,000
PA;BR-230;305,000;306,000;1,000;31/05/2023;-5,3591041;-49,123797;0,000
PA;BR-230;306,000;307,000;1,000;31/05/2023;-5,3591041;-49,123797;0,000
PA;BR-230;307,000;308,000;1,000;31/05/2023;-5,3591041;-49,123797;0,000
PA;BR-422;0,000;1,000;1,000;31/05/2023;-5,3591032;-49,1238104;17,500
PA;BR-422;1,000;2,000;1,000;31/05/2023;-5,3591032;-49,1238104;17,500
PA;BR-422;2,000;3,000;1,000;31/05/2023;-5,3591302;-49,1237878;65,000
PA;BR-422;3,000;4,000;1,000;31/05/2023;-5,3591302;-49,1237878;61,250
PA;BR-422;4,000;5,000;1,000;31/05/2023;-5,3591302;-49,1237878;75,000
PA;BR-422;5,000;6,000;1,000;31/05/2023;-5,3591302;-49,1237878;75,000
PA;BR-422;6,000;7,000;1,000;31/05/2023;-5,3591302;-49,1237878;72,500
PA;BR-422;7,000;8,000;1,000;31/05/2023;-5,3591302;-49,1237878;75,000
PA;BR-422;8,000;9,000;1,000;31/05/2023;-5,3591302;-49,1237878;63,750
PA;BR-422;9,000;10,000;1,000;31/05/2023;-5,3591302;-49,1237878;75,000
PA;BR-422;10,000;11,000;1,000;31/05/2023;-5,3591302;-49,1237878;75,000
PA;BR-422;11,000;12,000;1,000;31/05/2023;-5,3591302;-49,1237878;67,500
PA;BR-422;12,000;13,000;1,000;31/05/2023;-5,3591302;-49,1237878;73,750
PA;BR-422;13,000;14,000;1,000;31/05/2023;-5,3591302;-49,1237878;75,000
PA;BR-422;14,000;15,000;1,000;31/05/2023;-5,3591302;-49,1237878;75,000
PA;BR-422;15,000;16,000;1,000;31/05/2023;-5,3591302;-49,1237878;75,000
PA;BR-422;16,000;17,000;1,000;31/05/2023;-5,3591302;-49,1237878;75,000
PA;BR-422;17,000;18,000;1,000;31/05/2023;-5,3591302;-49,1237878;75,000
PA;BR-422;18,000;19,000;1,000;31/05/2023;-5,3591302;-49,1237878;75,000
PA;BR-422;19,000;20,000;1,000;31/05/2023;-5,3591302;-49,1237878;75,000
PA;BR-422;20,000;21,000;1,000;31/05/2023;-5,3591302;-49,1237878;75,000
PA;BR-422;21,000;22,000;1,000;31/05/2023;-5,3591302;-49,1237878;71,250
PA;BR-422;22,000;23,000;1,000;31/05/2023;-5,3591302;-49,1237878;67,500
PA;BR-422;23,000;24,000;1,000;31/05/2023;-5,3591302;-49,1237878;75,000
PA;BR-422;24,000;25,000;1,000;31/05/2023;-5,3591302;-49,1237878;51,250
PA;BR-422;25,000;26,000;1,000;31/05/2023;-5,3591302;-49,1237878;51,250
PA;BR-422;26,000;27,000;1,000;31/05/2023;-5,3591302;-49,1237878;67,500
PA;BR-422;27,000;28,000;1,000;31/05/2023;-5,3591302;-49,1237878;75,000
PA;BR-422;28,000;29,000;1,000;31/05/2023;-5,3591302;-49,1237878;50,000
PA;BR-422;29,000;30,000;1,000;31/05/2023;-5,3591302;-49,1237878;50,000
PA;BR-422;30,000;31,000;1,000;31/05/2023;-5,3591302;-49,1237878;50,000
PA;BR-422;31,000;32,000;1,000;31/05/2023;-5,3591302;-49,1237878;50,000
PA;BR-422;32,000;33,000;1,000;31/05/2023;-5,3591302;-49,1237878;51,250
PA;BR-422;33,000;34,000;1,000;31/05/2023;-5,3591302;-49,1237878;75,000
PA;BR-422;34,000;35,000;1,000;31/05/2023;-5,3591302;-49,1237878;63,750
PA;BR-422;35,000;36,000;1,000;31/05/2023;-5,3591302;-49,1237878;63,750
PA;BR-422;36,000;37,000;1,000;31/05/2023;-5,3591302;-49,1237878;57,500
PA;BR-422;37,000;38,000;1,000;31/05/2023;-5,3591302;-49,1237878;57,500
PA;BR-422;38,000;39,000;1,000;31/05/2023;-5,3591302;-49,1237878;75,000
PA;BR-422;39,000;40,000;1,000;31/05/2023;-5,3591302;-49,1237878;57,500
PA;BR-422;40,000;41,000;1,000;31/05/2023;-5,3591302;-49,1237878;61,250
PA;BR-422;41,000;42,000;1,000;31/05/2023;-5,3591302;-49,1237878;63,750
PA;BR-422;42,000;43,000;1,000;31/05/2023;-5,3591302;-49,1237878;57,500
PA;BR-422;43,000;44,000;1,000;31/05/2023;-5,3591302;-49,1237878;71,250
PA;BR-422;44,000;45,000;1,000;31/05/2023;-5,3591302;-49,1237878;53,750
PA;BR-422;45,000;46,000;1,000;31/05/2023;-5,3591302;-49,1237878;57,500
PA;BR-422;46,000;47,000;1,000;31/05/2023;-5,3591302;-49,1237878;57,500
PA;BR-422;47,000;48,000;1,000;31/05/2023;-5,3591302;-49,1237878;50,000
PA;BR-422;48,000;49,000;1,000;31/05/2023;-5,3591302;-49,1237878;50,000
PA;BR-422;49,000;50,000;1,000;31/05/2023;-5,3591302;-49,1237878;50,000
PA;BR-422;50,000;51,000;1,000;31/05/2023;-5,3591302;-49,1237878;50,000
PA;BR-422;51,000;52,000;1,000;31/05/2023;-5,3591302;-49,1237878;50,000
PA;BR-422;52,000;53,000;1,000;31/05/2023;-5,3591302;-49,1237878;50,000
PA;BR-422;53,000;54,000;1,000;31/05/2023;-5,3591302;-49,1237878;50,000
PA;BR-422;54,000;55,000;1,000;31/05/2023;-5,3591302;-49,1237878;50,000
PA;BR-422;55,000;56,000;1,000;31/05/2023;-5,3591302;-49,1237878;50,000
PA;BR-422;56,000;57,000;1,000;31/05/2023;-5,3591302;-49,1237878;50,000
PA;BR-422;57,000;58,000;1,000;31/05/2023;-5,3591302;-49,1237878;50,000
PA;BR-422;58,000;59,000;1,000;31/05/2023;-5,3591302;-49,1237878;50,000
PA;BR-422;59,000;60,000;1,000;31/05/2023;-5,3591302;-49,1237878;50,000
PA;BR-422;60,000;61,000;1,000;31/05/2023;-5,3591302;-49,1237878;50,000
PA;BR-422;61,000;62,000;1,000;31/05/2023;-5,3591302;-49,1237878;50,000
PA;BR-422;62,000;63,000;1,000;31/05/2023;-5,3591302;-49,1237878;50,000
PA;BR-422;63,000;64,000;1,000;31/05/2023;-5,3591302;-49,1237878;50,000
PA;BR-422;64,000;65,000;1,000;31/05/2023;-5,3591302;-49,1237878;50,000
PA;BR-422;65,000;66,000;1,000;31/05/2023;-5,3591302;-49,1237878;17,500
PA;BR-422;66,000;67,000;1,000;31/05/2023;-5,3591302;-49,1237878;17,500
PA;BR-422;67,000;68,000;1,000;31/05/2023;-5,3591302;-49,1237878;17,500
PA;BR-422;68,000;69,000;1,000;31/05/2023;-5,3591302;-49,1237878;17,500
PA;BR-422;69,000;70,000;1,000;31/05/2023;-5,3591302;-49,1237878;17,500
PA;BR-422;70,000;71,000;1,000;31/05/2023;-5,3591302;-49,1237878;17,500
PA;BR-422;71,000;72,000;1,000;31/05/2023;-5,3591256;-49,1237859;17,500
PA;BR-422;72,000;73,000;1,000;31/05/2023;-5,3591256;-49,1237859;17,500
PA;BR-422;73,000;74,000;1,000;31/05/2023;-5,3591256;-49,1237859;17,500
PA;BR-422;74,000;75,000;1,000;31/05/2023;-5,3591256;-49,1237859;17,500
PA;BR-422;75,000;76,000;1,000;31/05/2023;-5,3591256;-49,1237859;17,500
PA;BR-422;76,000;77,000;1,000;31/05/2023;-5,3591256;-49,1237859;17,500
PA;BR-422;77,000;78,000;1,000;31/05/2023;-5,3591256;-49,1237859;17,500
PA;BR-422;78,000;79,000;1,000;31/05/2023;-5,3591256;-49,1237859;17,500
PA;BR-422;79,000;80,000;1,000;31/05/2023;-5,3591256;-49,1237859;17,500
PA;BR-422;80,000;81,000;1,000;31/05/2023;-5,3591256;-49,1237859;17,500
PA;BR-422;81,000;82,000;1,000;31/05/2023;-5,3591256;-49,1237859;65,000
PA;BR-422;82,000;83,000;1,000;31/05/2023;-5,3591256;-49,1237859;50,000
PA;BR-422;83,000;84,000;1,000;31/05/2023;-5,3591256;-49,1237859;57,500
PA;BR-422;84,000;85,000;1,000;31/05/2023;-5,3591256;-49,1237859;50,000
PA;BR-422;85,000;86,000;1,000;31/05/2023;-5,3591256;-49,1237859;50,000
PA;BR-422;86,000;87,000;1,000;31/05/2023;-5,3591256;-49,1237859;50,000
PA;BR-422;87,000;88,000;1,000;31/05/2023;-5,3591256;-49,1237859;50,000
PA;BR-422;88,000;89,000;1,000;31/05/2023;-5,3591256;-49,1237859;50,000
PA;BR-422;89,000;90,000;1,000;31/05/2023;-5,3591256;-49,1237859;50,000
PA;BR-422;90,000;91,000;1,000;31/05/2023;-5,3591256;-49,1237859;50,000
PA;BR-422;91,000;92,000;1,000;31/05/2023;-5,3591256;-49,1237859;50,000
PA;BR-422;92,000;93,000;1,000;31/05/2023;-5,3591256;-49,1237859;50,000
PA;BR-422;93,000;94,000;1,000;31/05/2023;-5,3591256;-49,1237859;50,000
PA;BR-422;94,000;95,000;1,000;31/05/2023;-5,3591256;-49,1237859;50,000
PA;BR-422;95,000;96,000;1,000;31/05/2023;-5,3591256;-49,1237859;50,000
PA;BR-422;96,000;97,000;1,000;31/05/2023;-5,3591256;-49,1237859;50,000
PA;BR-422;97,000;98,000;1,000;31/05/2023;-5,3591256;-49,1237859;50,000
PA;BR-422;98,000;99,000;1,000;31/05/2023;-5,3591256;-49,1237859;50,000
PA;BR-422;99,000;100,000;1,000;31/05/2023;-5,3591256;-49,1237859;56,250
PA;BR-422;100,000;101,000;1,000;31/05/2023;-5,3591256;-49,1237859;56,250
PA;BR-422;101,000;102,000;1,000;31/05/2023;-5,3591256;-49,1237859;56,250
PA;BR-422;102,000;103,000;1,000;31/05/2023;-5,3591256;-49,1237859;56,250
PA;BR-422;103,000;104,000;1,000;31/05/2023;-5,3591256;-49,1237859;56,250
PA;BR-422;104,000;105,000;1,000;31/05/2023;-5,3591256;-49,1237859;56,250
PA;BR-422;105,000;106,000;1,000;31/05/2023;-5,3591256;-49,1237859;56,250
PA;BR-422;106,000;107,000;1,000;31/05/2023;-5,3591256;-49,1237859;56,250
PA;BR-422;107,000;108,000;1,000;31/05/2023;-5,3591256;-49,1237859;56,250
PA;BR-422;108,000;109,000;1,000;31/05/2023;-5,3591256;-49,1237859;50,000
PA;BR-422;109,000;110,000;1,000;31/05/2023;-5,3591256;-49,1237859;50,000
PA;BR-422;110,000;111,000;1,000;31/05/2023;-5,3591256;-49,1237859;50,000
PA;BR-422;111,000;112,000;1,000;31/05/2023;-5,3591256;-49,1237859;50,000
PA;BR-422;112,000;113,000;1,000;31/05/2023;-5,3591256;-49,1237859;50,000
PA;BR-422;113,000;114,000;1,000;31/05/2023;-5,3591256;-49,1237859;50,000
PA;BR-422;114,000;115,000;1,000;31/05/2023;-5,3591256;-49,1237859;50,000
PA;BR-422;115,000;116,000;1,000;31/05/2023;-5,3591256;-49,1237859;50,000
PA;BR-422;116,000;117,000;1,000;31/05/2023;-5,3591256;-49,1237859;50,000
PA;BR-422;117,000;118,000;1,000;31/05/2023;-5,3591256;-49,1237859;50,000
PA;BR-422;118,000;119,000;1,000;31/05/2023;-5,3591256;-49,1237859;50,000
PA;BR-422;119,000;120,000;1,000;31/05/2023;-5,3591256;-49,1237859;50,000
PA;BR-422;120,000;121,000;1,000;31/05/2023;-5,3591256;-49,1237859;50,000
PA;BR-422;121,000;122,000;1,000;31/05/2023;-5,3591256;-49,1237859;50,000
PA;BR-422;122,000;123,000;1,000;31/05/2023;-5,3591149;-49,1238105;50,000
PA;BR-422;123,000;124,000;1,000;31/05/2023;-5,3591149;-49,1238105;50,000
PA;BR-422;124,000;125,000;1,000;31/05/2023;-5,3591149;-49,1238105;50,000
PA;BR-422;125,000;126,000;1,000;31/05/2023;-5,3591149;-49,1238105;50,000
PA;BR-422;126,000;127,000;1,000;31/05/2023;-5,3591149;-49,1238105;50,000
PA;BR-422;127,000;128,000;1,000;31/05/2023;-5,3591149;-49,1238105;50,000
PA;BR-422;128,000;129,000;1,000;31/05/2023;-5,3591189;-49,1238227;50,000
PA;BR-422;129,000;130,000;1,000;31/05/2023;-5,3591189;-49,1238227;50,000
PA;BR-422;130,000;131,000;1,000;31/05/2023;-5,3591189;-49,1238227;50,000
PA;BR-422;131,000;132,000;1,000;31/05/2023;-5,3591189;-49,1238227;50,000
PA;BR-422;132,000;133,000;1,000;31/05/2023;-5,3591189;-49,1238227;50,000
PA;BR-422;133,000;134,000;1,000;31/05/2023;-5,3591189;-49,1238227;50,000
PA;BR-422;134,000;135,000;1,000;31/05/2023;-5,3591189;-49,1238227;50,000
PA;BR-422;135,000;136,000;1,000;31/05/2023;-5,3591189;-49,1238227;50,000
PA;BR-422;136,000;137,000;1,000;31/05/2023;-5,3591189;-49,1238227;50,000
PA;BR-422;137,000;138,000;1,000;31/05/2023;-5,3591189;-49,1238227;63,750
PA;BR-422;138,000;139,000;1,000;31/05/2023;-5,3591189;-49,1238227;58,750
PA;BR-422;139,000;140,000;1,000;31/05/2023;-5,3591189;-49,1238227;60,000
PA;BR-422;140,000;141,000;1,000;31/05/2023;-5,3591189;-49,1238227;57,500
PA;BR-422;141,000;142,000;1,000;31/05/2023;-5,3591189;-49,1238227;62,500
PA;BR-422;142,000;143,000;1,000;31/05/2023;-5,3591189;-49,1238227;67,500
PA;BR-422;143,000;144,000;1,000;31/05/2023;-5,3591189;-49,1238227;60,000
PA;BR-422;144,000;145,000;1,000;31/05/2023;-5,3591189;-49,1238227;67,500
PA;BR-422;145,000;146,000;1,000;31/05/2023;-5,3591189;-49,1238227;72,500
PA;BR-422;146,000;147,000;1,000;31/05/2023;-5,3591189;-49,1238227;71,250
PA;BR-422;147,000;148,000;1,000;31/05/2023;-5,3591189;-49,1238227;72,500
PA;BR-422;148,000;149,000;1,000;31/05/2023;-5,3591189;-49,1238227;71,250
PA;BR-422;149,000;150,000;1,000;31/05/2023;-5,3591189;-49,1238227;72,500
PA;BR-422;150,000;151,000;1,000;31/05/2023;-5,3591189;-49,1238227;71,250
PA;BR-422;151,000;152,000;1,000;31/05/2023;-5,3591189;-49,1238227;71,250
PA;BR-422;152,000;153,000;1,000;31/05/2023;-5,3591189;-49,1238227;72,500
PA;BR-422;153,000;154,000;1,000;31/05/2023;-5,3591189;-49,1238227;71,250
PA;BR-422;154,000;155,000;1,000;31/05/2023;-5,3591189;-49,1238227;71,250
PA;BR-422;155,000;156,000;1,000;31/05/2023;-5,3591189;-49,1238227;63,750
PA;BR-422;156,000;157,000;1,000;31/05/2023;-5,3591189;-49,1238227;65,000
PA;BR-422;157,000;158,000;1,000;31/05/2023;-5,3591189;-49,1238227;67,500
PA;BR-422;158,000;159,000;1,000;31/05/2023;-5,3591189;-49,1238227;63,750
PA;BR-422;159,000;160,000;1,000;31/05/2023;-5,3591189;-49,1238227;67,500
PA;BR-422;160,000;161,000;1,000;31/05/2023;-5,3591189;-49,1238227;67,500
PA;BR-422;161,000;162,000;1,000;31/05/2023;-5,3591189;-49,1238227;50,000
PA;BR-422;162,000;163,000;1,000;31/05/2023;-5,3591189;-49,1238227;50,000
PA;BR-422;163,000;164,000;1,000;31/05/2023;-5,3591189;-49,1238227;50,000
PA;BR-422;164,000;165,000;1,000;31/05/2023;-5,3591189;-49,1238227;50,000
PA;BR-422;165,000;166,000;1,000;31/05/2023;-5,3591189;-49,1238227;50,000
PA;BR-422;166,000;167,000;1,000;31/05/2023;-5,3591189;-49,1238227;50,000
PA;BR-422;167,000;168,000;1,000;31/05/2023;-5,3591189;-49,1238227;50,000
PA;BR-422;168,000;169,000;1,000;31/05/2023;-5,3591374;-49,1238018;0,000
PA;BR-422;169,000;170,000;1,000;31/05/2023;-5,3591374;-49,1238018;0,000
PA;BR-422;170,000;171,000;1,000;31/05/2023;-5,3591374;-49,1238018;0,000
PA;BR-422;171,000;172,000;1,000;31/05/2023;-5,3591374;-49,1238018;0,000
PA;BR-422;172,000;173,000;1,000;31/05/2023;-5,3591374;-49,1238018;0,000
PA;BR-422;173,000;174,000;1,000;31/05/2023;-5,3591374;-49,1238018;0,000
PA;BR-422;174,000;175,000;1,000;31/05/2023;-5,3591374;-49,1238018;0,000
PA;BR-422;175,000;176,000;1,000;31/05/2023;-5,3591374;-49,1238018;0,000
PA;BR-422;176,000;177,000;1,000;31/05/2023;-5,3591374;-49,1238018;0,000
PA;BR-422;177,000;178,000;1,000;31/05/2023;-5,3591374;-49,1238018;0,000
PA;BR-422;178,000;179,000;1,000;31/05/2023;-5,3591374;-49,1238018;0,000
PA;BR-422;179,000;180,000;1,000;31/05/2023;-5,3591374;-49,1238018;0,000
PA;BR-422;180,000;181,000;1,000;31/05/2023;-5,3591374;-49,1238018;0,000
PA;BR-422;181,000;182,000;1,000;31/05/2023;-5,3591374;-49,1238018;0,000
PA;BR-422;182,000;183,000;1,000;31/05/2023;-5,3591374;-49,1238018;0,000
PA;BR-422;183,000;184,000;1,000;31/05/2023;-5,3591374;-49,1238018;0,000
PA;BR-422;184,000;185,000;1,000;31/05/2023;-5,3591374;-49,1238018;0,000
PA;BR-422;185,000;186,000;1,000;31/05/2023;-5,3591374;-49,1238018;0,000
PA;BR-422;186,000;187,000;1,000;31/05/2023;-5,3591374;-49,1238018;0,000
PA;BR-422;187,000;188,000;1,000;31/05/2023;-5,3591374;-49,1238018;0,000
PA;BR-422;188,000;189,000;1,000;31/05/2023;-5,3591374;-49,1238018;0,000
PA;BR-422;189,000;190,000;1,000;31/05/2023;-5,3591374;-49,1238018;0,000
PA;BR-422;190,000;191,000;1,000;31/05/2023;-5,3591374;-49,1238018;0,000
PA;BR-422;191,000;192,000;1,000;31/05/2023;-5,3591374;-49,1238018;0,000
PA;BR-422;192,000;193,000;1,000;31/05/2023;-5,3591374;-49,1238018;0,000
PA;BR-422;193,000;194,000;1,000;31/05/2023;-5,3591374;-49,1238018;0,000
PA;BR-422;194,000;195,000;1,000;31/05/2023;-5,3591374;-49,1238018;0,000
PA;BR-422;195,000;196,000;1,000;31/05/2023;-5,3591374;-49,1238018;0,000
PA;BR-422;196,000;197,000;1,000;31/05/2023;-5,3591374;-49,1238018;0,000
PA;BR-422;197,000;198,000;1,000;31/05/2023;-5,3591374;-49,1238018;0,000
PA;BR-422;198,000;199,000;1,000;31/05/2023;-5,3591374;-49,1238018;0,000
PA;BR-422;199,000;200,000;1,000;31/05/2023;-5,3591374;-49,1238018;0,000
PA;BR-422;200,000;201,000;1,000;31/05/2023;-5,3591374;-49,1238018;0,000
PA;BR-422;201,000;202,000;1,000;31/05/2023;-5,3591374;-49,1238018;0,000
PA;BR-422;202,000;203,000;1,000;31/05/2023;-5,3591374;-49,1238018;0,000
PA;BR-422;203,000;204,000;1,000;31/05/2023;-5,3591374;-49,1238018;0,000
PA;BR-422;204,000;205,000;1,000;31/05/2023;-5,3591161;-49,1237861;0,000
PA;BR-422;205,000;206,000;1,000;31/05/2023;-5,3591161;-49,1237861;0,000
PA;BR-422;206,000;207,000;1,000;31/05/2023;-5,3591161;-49,1237861;0,000
PA;BR-422;207,000;208,000;1,000;31/05/2023;-5,3591161;-49,1237861;0,000
PA;BR-422;208,000;209,000;1,000;31/05/2023;-5,3591161;-49,1237861;0,000
PA;BR-422;209,000;210,000;1,000;31/05/2023;-5,3591161;-49,1237861;0,000
PA;BR-422;210,000;211,000;1,000;31/05/2023;-5,3591161;-49,1237861;0,000
PA;BR-422;211,000;212,000;1,000;31/05/2023;-5,3591161;-49,1237861;0,000
PA;BR-422;212,000;213,000;1,000;31/05/2023;-5,3591161;-49,1237861;0,000
PA;BR-422;213,000;214,000;1,000;31/05/2023;-5,3591161;-49,1237861;0,000
PA;BR-422;214,000;215,000;1,000;31/05/2023;-5,3591161;-49,1237861;0,000
PA;BR-422;215,000;216,000;1,000;31/05/2023;-5,3591161;-49,1237861;0,000
PA;BR-422;216,000;217,000;1,000;31/05/2023;-5,3591161;-49,1237861;0,000
PA;BR-422;217,000;218,000;1,000;31/05/2023;-5,3591161;-49,1237861;0,000
PA;BR-422;218,000;219,000;1,000;31/05/2023;-5,3591161;-49,1237861;0,000
PA;BR-422;219,000;220,000;1,000;31/05/2023;-5,3591161;-49,1237861;0,000
PA;BR-422;220,000;221,000;1,000;31/05/2023;-5,3591161;-49,1237861;7,500
PA;BR-422;221,000;222,000;1,000;31/05/2023;-5,3591399;-49,123791;12,500
PA;BR-422;222,000;223,000;1,000;31/05/2023;-5,3591399;-49,123791;7,500
PA;BR-422;223,000;224,000;1,000;31/05/2023;-5,3591399;-49,123791;12,500
PA;BR-422;224,000;225,000;1,000;31/05/2023;-5,3591399;-49,123791;12,500
PA;BR-422;225,000;226,000;1,000;31/05/2023;-5,3591399;-49,123791;12,500
PA;BR-422;226,000;227,000;1,000;31/05/2023;-5,3591399;-49,123791;12,500
PA;BR-422;227,000;228,000;1,000;31/05/2023;-5,3591399;-49,123791;12,500
PA;BR-422;228,000;229,000;1,000;31/05/2023;-5,3591399;-49,123791;12,500
PA;BR-422;229,000;230,000;1,000;31/05/2023;-5,3591399;-49,123791;12,500
PA;BR-422;230,000;231,000;1,000;31/05/2023;-5,3591399;-49,123791;12,500
PA;BR-422;231,000;232,000;1,000;31/05/2023;-5,3591399;-49,123791;12,500
PA;BR-422;232,000;233,000;1,000;31/05/2023;-5,3591399;-49,123791;12,500
PA;BR-422;233,000;234,000;1,000;31/05/2023;-5,3591399;-49,123791;12,500
PA;BR-422;234,000;235,000;1,000;31/05/2023;-5,3591399;-49,123791;12,500
PA;BR-422;235,000;236,000;1,000;31/05/2023;-5,3591399;-49,123791;12,500
PA;BR-422;236,000;237,000;1,000;31/05/2023;-5,3591399;-49,123791;12,500
PA;BR-422;237,000;238,000;1,000;31/05/2023;-5,3591399;-49,123791;12,500
PA;BR-422;238,000;239,000;1,000;31/05/2023;-5,3591399;-49,123791;12,500
PA;BR-422;239,000;240,000;1,000;31/05/2023;-5,3591399;-49,123791;12,500
PA;BR-422;240,000;241,000;1,000;31/05/2023;-5,3591399;-49,123791;12,500
PA;BR-422;241,000;242,000;1,000;31/05/2023;-5,3591399;-49,123791;12,500
PA;BR-422;242,000;243,000;1,000;31/05/2023;-5,3591399;-49,123791;12,500
PA;BR-422;243,000;244,000;1,000;31/05/2023;-5,3591399;-49,123791;12,500
PA;BR-422;244,000;245,000;1,000;31/05/2023;-5,3591399;-49,123791;12,500
PA;BR-422;245,000;246,000;1,000;31/05/2023;-5,3591399;-49,123791;12,500
PA;BR-422;246,000;247,000;1,000;31/05/2023;-5,3591399;-49,123791;20,000
PA;BR-422;247,000;248,000;1,000;31/05/2023;-5,3591399;-49,123791;20,000
PA;BR-422;248,000;249,000;1,000;31/05/2023;-5,3591399;-49,123791;20,000
PA;BR-422;249,000;250,000;1,000;31/05/2023;-5,3591399;-49,123791;20,000
PA;BR-422;250,000;251,000;1,000;31/05/2023;-5,3591399;-49,123791;20,000
PA;BR-422;251,000;252,000;1,000;31/05/2023;-5,3591399;-49,123791;20,000
PA;BR-422;252,000;253,000;1,000;31/05/2023;-5,3591399;-49,123791;20,000
PA;BR-422;253,000;254,000;1,000;31/05/2023;-5,3591399;-49,123791;20,000
PA;BR-422;254,000;255,000;1,000;31/05/2023;-5,3591399;-49,123791;20,000
PA;BR-422;255,000;256,000;1,000;31/05/2023;-5,3591399;-49,123791;20,000
PA;BR-422;256,000;257,000;1,000;31/05/2023;-5,3591399;-49,123791;20,000
PA;BR-422;257,000;258,000;1,000;31/05/2023;-5,3591399;-49,123791;20,000
PA;BR-422;258,000;259,000;1,000;31/05/2023;-5,3591399;-49,123791;20,000
PA;BR-422;259,000;260,000;1,000;31/05/2023;-5,3591399;-49,123791;20,000
PA;BR-422;260,000;261,000;1,000;31/05/2023;-5,3591399;-49,123791;20,000
PA;BR-422;261,000;262,000;1,000;31/05/2023;-5,3591399;-49,123791;20,000
PA;BR-422;262,000;263,000;1,000;31/05/2023;-5,3591399;-49,123791;20,000
PA;BR-422;263,000;264,000;1,000;31/05/2023;-5,3591399;-49,123791;20,000
PA;BR-422;264,000;265,000;1,000;31/05/2023;-5,3591399;-49,123791;23,750
PA;BR-422;265,000;266,000;1,000;31/05/2023;-5,3591399;-49,123791;26,250
PA;BR-422;266,000;267,000;1,000;31/05/2023;-5,3591399;-49,123791;27,500
PA;BR-422;267,000;268,000;1,000;31/05/2023;-5,3591399;-49,123791;20,000
PA;BR-422;268,000;269,000;1,000;31/05/2023;-5,3591399;-49,123791;0,000
PA;BR-422;269,000;270,000;1,000;31/05/2023;-5,3591399;-49,123791;0,000
PA;BR-422;270,000;271,000;1,000;31/05/2023;-5,3591399;-49,123791;0,000
PA;BR-422;271,000;272,000;1,000;31/05/2023;-5,3591399;-49,123791;20,000
PA;BR-422;272,000;273,000;1,000;31/05/2023;-5,3591399;-49,123791;0,000
PA;BR-422;273,000;274,000;1,000;31/05/2023;-5,3591399;-49,123791;0,000
PA;BR-422;274,000;275,000;1,000;31/05/2023;-5,3591399;-49,123791;0,000
PA;BR-422;275,000;276,000;1,000;31/05/2023;-5,3591399;-49,123791;0,000
PA;BR-422;276,000;277,000;1,000;31/05/2023;-5,359113;-49,1237978;12,500
PA;BR-422;277,000;278,000;1,000;31/05/2023;-5,359113;-49,1237978;0,000
PA;BR-422;278,000;279,000;1,000;31/05/2023;-5,359113;-49,1237978;0,000
PA;BR-422;279,000;280,000;1,000;31/05/2023;-5,359113;-49,1237978;0,000
PA;BR-422;280,000;281,000;1,000;31/05/2023;-5,359113;-49,1237978;0,000
PA;BR-422;281,000;282,000;1,000;31/05/2023;-5,359113;-49,1237978;0,000
PA;BR-422;282,000;283,000;1,000;31/05/2023;-5,359113;-49,1237978;15,000
PA;BR-422;283,000;284,000;1,000;31/05/2023;-5,359113;-49,1237978;12,500
PA;BR-422;284,000;285,000;1,000;31/05/2023;-5,359113;-49,1237978;61,250
PA;BR-422;285,000;286,000;1,000;31/05/2023;-5,359113;-49,1237978;57,500
PA;BR-422;286,000;287,000;1,000;31/05/2023;-5,359113;-49,1237978;57,500
PA;BR-422;287,000;288,000;1,000;31/05/2023;-5,359113;-49,1237978;57,500
PA;BR-422;288,000;289,000;1,000;31/05/2023;-5,359113;-49,1237978;57,500
PA;BR-422;289,000;290,000;1,000;31/05/2023;-5,359113;-49,1237978;57,500
PA;BR-422;290,000;291,000;1,000;31/05/2023;-5,359113;-49,1237978;50,000
PA;BR-422;291,000;292,000;1,000;31/05/2023;-5,359113;-49,1237978;50,000
PA;BR-422;292,000;293,000;1,000;31/05/2023;-5,359113;-49,1237978;50,000
PA;BR-422;293,000;294,000;1,000;31/05/2023;-5,359113;-49,1237978;0,000
PA;BR-422;294,000;295,000;1,000;31/05/2023;-5,359113;-49,1237978;0,000
PA;BR-422;295,000;296,000;1,000;31/05/2023;-5,359113;-49,1237978;0,000
PA;BR-422;296,000;297,000;1,000;31/05/2023;-5,359113;-49,1237978;0,000
PA;BR-422;297,000;298,000;1,000;31/05/2023;-5,359113;-49,1237978;0,000
PA;BR-422;298,000;299,000;1,000;31/05/2023;-5,359113;-49,1237978;50,000
PA;BR-422;299,000;300,000;1,000;31/05/2023;-5,359113;-49,1237978;50,000
PA;BR-422;300,000;301,000;1,000;31/05/2023;-5,359113;-49,1237978;50,000
PA;BR-422;301,000;302,000;1,000;31/05/2023;-5,359113;-49,1237978;50,000
PA;BR-422;302,000;303,000;1,000;31/05/2023;-5,359113;-49,1237978;50,000
PA;BR-422;303,000;304,000;1,000;31/05/2023;-5,359113;-49,1237978;63,750
PA;BR-422;304,000;305,000;1,000;31/05/2023;-5,359113;-49,1237978;63,750
PA;BR-422;305,000;306,000;1,000;31/05/2023;-5,359113;-49,1237978;67,500
PA;BR-422;306,000;307,000;1,000;31/05/2023;-5,359113;-49,1237978;57,500
PA;BR-422;307,000;308,000;1,000;31/05/2023;-5,359113;-49,1237978;0,000
PA;BR-422;308,000;309,000;1,000;31/05/2023;-5,359113;-49,1237978;50,000
PA;BR-422;309,000;310,000;1,000;31/05/2023;-5,359113;-49,1237978;50,000
PA;BR-422;310,000;311,000;1,000;31/05/2023;-5,359113;-49,1237978;75,000
PA;BR-422;311,000;312,000;1,000;31/05/2023;-5,359113;-49,1237978;57,500
PA;BR-422;312,000;313,000;1,000;31/05/2023;-5,359113;-49,1237978;57,500
PA;BR-422;313,000;314,000;1,000;31/05/2023;-5,359113;-49,1237978;35,000
PA;BR-422;314,000;315,000;1,000;31/05/2023;-5,359113;-49,1237978;52,500
PA;BR-422;315,000;316,000;1,000;31/05/2023;-5,359113;-49,1237978;50,000
PA;BR-422;316,000;317,000;1,000;31/05/2023;-5,359113;-49,1237978;50,000
PA;BR-422;317,000;318,000;1,000;31/05/2023;-5,359113;-49,1237978;75,000
PA;BR-422;318,000;319,000;1,000;31/05/2023;-5,359113;-49,1237978;57,500
PA;BR-422;319,000;320,000;1,000;31/05/2023;-5,359113;-49,1237978;55,000
PA;BR-422;320,000;321,000;1,000;31/05/2023;-5,359113;-49,1237978;55,000
PA;BR-422;321,000;322,000;1,000;31/05/2023;-5,359113;-49,1237978;55,000
PA;BR-422;322,000;323,000;1,000;31/05/2023;-5,359113;-49,1237978;55,000
PA;BR-422;323,000;324,000;1,000;31/05/2023;-5,359113;-49,1237978;55,000
PA;BR-422;324,000;325,000;1,000;31/05/2023;-5,359113;-49,1237978;55,000
PA;BR-422;325,000;326,000;1,000;31/05/2023;-5,359113;-49,1237978;55,000
PA;BR-422;326,000;327,000;1,000;31/05/2023;-5,359113;-49,1237978;55,000
PA;BR-422;327,000;328,000;1,000;31/05/2023;-5,359113;-49,1237978;55,000
PA;BR-422;328,000;329,000;1,000;31/05/2023;-5,359113;-49,1237978;57,500
PA;BR-422;329,000;330,000;1,000;31/05/2023;-5,359113;-49,1237978;57,500
PA;BR-422;330,000;331,000;1,000;31/05/2023;-5,359113;-49,1237978;57,500
PA;BR-422;331,000;332,000;1,000;31/05/2023;-5,359113;-49,1237978;57,500
PA;BR-422;332,000;333,000;1,000;31/05/2023;-5,359113;-49,1237978;57,500
PA;BR-422;333,000;334,000;1,000;31/05/2023;-5,359113;-49,1237978;57,500
PA;BR-422;334,000;335,000;1,000;31/05/2023;-5,359113;-49,1237978;57,500
PA;BR-422;335,000;336,000;1,000;31/05/2023;-5,359113;-49,1237978;57,500