;;;;;;;;
;;;;;;;;
;;;;;;;;
;;;;;;;;
UF;Rodovia;km inicial;km final;Extensão (km);Data;Latitude;Longitude;ICMNP
;;;;;;;;
;;;;;;;;
AM;BR-319;589,400;588,000;1,400;05/04/2023;-6,9850513;-63,0983378;41,250
AM;BR-319;588,000;587,000;1,000;05/04/2023;-6,9792367;-63,0967658;41,250
AM;BR-319;587,000;586,000;1,000;05/04/2023;-6,9736611;-63,0951789;41,250
AM;BR-319;586,000;585,000;1,000;05/04/2023;-6,9620112;-63,0933829;70,000
AM;BR-319;585,000;584,000;1,000;05/04/2023;-6,9620112;-63,0933829;93,750
AM;BR-319;584,000;583,000;1,000;05/04/2023;-6,9620112;-63,0933829;93,750
AM;BR-319;583,000;582,000;1,000;05/04/2023;-6,9620112;-63,0933829;56,250
AM;BR-319;582,000;581,000;1,000;05/04/2023;-6,9620112;-63,0933829;55,000
AM;BR-319;581,000;580,000;1,000;05/04/2023;-6,9620112;-63,0933829;41,250
AM;BR-319;580,000;579,000;1,000;05/04/2023;-6,9620112;-63,0933829;56,250
AM;BR-319;579,000;578,000;1,000;05/04/2023;-6,9620112;-63,0933829;56,250
AM;BR-319;578,000;577,000;1,000;05/04/2023;-6,9620112;-63,0933829;56,250
AM;BR-319;577,000;576,000;1,000;05/04/2023;-6,9620112;-63,0933829;48,750
AM;BR-319;576,000;575,000;1,000;05/04/2023;-6,9620112;-63,0933829;41,250
AM;BR-319;575,000;574,000;1,000;05/04/2023;-6,8591031;-63,0579064;48,750
AM;BR-319;574,000;573,000;1,000;05/04/2023;-6,8591031;-63,0579064;41,250
AM;BR-319;573,000;572,000;1,000;05/04/2023;-6,8591031;-63,0579064;48,750
AM;BR-319;572,000;571,000;1,000;05/04/2023;-6,8591031;-63,0579064;55,000
AM;BR-319;571,000;570,000;1,000;05/04/2023;-6,8591031;-63,0579064;55,000
AM;BR-319;570,000;569,000;1,000;05/04/2023;-6,8591031;-63,0579064;55,000
AM;BR-319;569,000;568,000;1,000;05/04/2023;-6,8591031;-63,0579064;55,000
AM;BR-319;568,000;567,000;1,000;05/04/2023;-6,8591031;-63,0579064;55,000
AM;BR-319;567,000;566,000;1,000;05/04/2023;-6,8591031;-63,0579064;48,750
AM;BR-319;566,000;565,000;1,000;05/04/2023;-6,8591031;-63,0579064;55,000
AM;BR-319;565,000;564,000;1,000;05/04/2023;-6,8591031;-63,0579064;67,500
AM;BR-319;564,000;563,000;1,000;05/04/2023;-6,8591031;-63,0579064;62,500
AM;BR-319;563,000;562,000;1,000;05/04/2023;-6,8591031;-63,0579064;62,500
AM;BR-319;562,000;561,000;1,000;05/04/2023;-6,8591031;-63,0579064;62,500
AM;BR-319;561,000;560,000;1,000;05/04/2023;-6,8591031;-63,0579064;87,500
AM;BR-319;560,000;559,000;1,000;05/04/2023;-6,8591031;-63,0579064;70,000
AM;BR-319;559,000;558,000;1,000;05/04/2023;-6,8591031;-63,0579064;62,500
AM;BR-319;558,000;557,000;1,000;05/04/2023;-6,8591031;-63,0579064;65,000
AM;BR-319;557,000;556,000;1,000;05/04/2023;-6,8591031;-63,0579064;55,000
AM;BR-319;556,000;555,000;1,000;05/04/2023;-6,8591031;-63,0579064;62,500
AM;BR-319;555,000;554,000;1,000;05/04/2023;-6,8591031;-63,0579064;47,500
AM;BR-319;554,000;553,000;1,000;05/04/2023;-6,8591031;-63,0579064;47,500
AM;BR-319;553,000;552,000;1,000;05/04/2023;-6,8591031;-63,0579064;55,000
AM;BR-319;552,000;551,000;1,000;05/04/2023;-6,8591031;-63,0579064;55,000
AM;BR-319;551,000;550,000;1,000;05/04/2023;-7,5391672;-63,0609366;62,500
AM;BR-319;550,000;549,000;1,000;05/04/2023;-7,5391672;-63,0609366;83,750
AM;BR-319;549,000;548,000;1,000;05/04/2023;-7,5391672;-63,0609366;62,500
AM;BR-319;548,000;547,000;1,000;05/04/2023;-7,5391672;-63,0609366;55,000
AM;BR-319;547,000;546,000;1,000;05/04/2023;-7,5391672;-63,0609366;47,500
AM;BR-319;546,000;545,000;1,000;05/04/2023;-7,5391672;-63,0609366;73,750
AM;BR-319;545,000;544,000;1,000;05/04/2023;-7,5391672;-63,0609366;62,500
AM;BR-319;544,000;543,000;1,000;05/04/2023;-7,5391672;-63,0609366;55,000
AM;BR-319;543,000;542,000;1,000;05/04/2023;-7,5391672;-63,0609366;48,750
AM;BR-319;542,000;541,000;1,000;05/04/2023;-7,5391672;-63,0609366;62,500
AM;BR-319;541,000;540,000;1,000;05/04/2023;-7,5391672;-63,0609366;70,000
AM;BR-319;540,000;539,000;1,000;05/04/2023;-7,5391672;-63,0609366;62,500
AM;BR-319;539,000;538,000;1,000;05/04/2023;-7,5391672;-63,0609366;55,000
AM;BR-319;538,000;537,000;1,000;05/04/2023;-7,5391672;-63,0609366;87,500
AM;BR-319;537,000;536,000;1,000;05/04/2023;-7,5391672;-63,0609366;80,000
AM;BR-319;536,000;535,000;1,000;05/04/2023;-7,5391672;-63,0609366;70,000
AM;BR-319;535,000;534,000;1,000;05/04/2023;-7,5391672;-63,0609366;62,500
AM;BR-319;534,000;533,000;1,000;05/04/2023;-7,5391672;-63,0609366;62,500
AM;BR-319;533,000;532,000;1,000;05/04/2023;-7,5391672;-63,0609366;97,500
AM;BR-319;532,000;531,000;1,000;05/04/2023;-7,5391672;-63,0609366;97,500
AM;BR-319;531,000;530,000;1,000;05/04/2023;-7,5391672;-63,0609366;62,500
AM;BR-319;530,000;529,000;1,000;05/04/2023;-7,5391672;-63,0609366;62,500
AM;BR-319;529,000;528,000;1,000;05/04/2023;-7,5391672;-63,0609366;65,000
AM;BR-319;528,000;527,000;1,000;05/04/2023;-7,5391672;-63,0609366;62,500
AM;BR-319;527,000;526,000;1,000;05/04/2023;-7,5391672;-63,0609366;62,500
AM;BR-319;526,000;525,000;1,000;05/04/2023;-7,5391672;-63,0609366;73,750
AM;BR-319;525,000;524,000;1,000;05/04/2023;-7,5391672;-63,0609366;62,500
AM;BR-319;524,000;523,000;1,000;05/04/2023;-7,5391672;-63,0609366;62,500
AM;BR-319;523,000;522,000;1,000;05/04/2023;-7,5391672;-63,0609366;87,500
AM;BR-319;522,000;521,000;1,000;05/04/2023;-7,5391672;-63,0609366;76,250
AM;BR-319;521,000;520,000;1,000;05/04/2023;-7,5391672;-63,0609366;91,250
AM;BR-319;520,000;519,000;1,000;05/04/2023;-7,5391672;-63,0609366;62,500
AM;BR-319;519,000;518,000;1,000;05/04/2023;-7,5391672;-63,0609366;73,750
AM;BR-319;518,000;517,000;1,000;05/04/2023;-7,5391672;-63,0609366;62,500
AM;BR-319;517,000;516,000;1,000;05/04/2023;-7,5391672;-63,0609366;55,000
AM;BR-319;516,000;515,000;1,000;05/04/2023;-7,5391672;-63,0609366;62,500
AM;BR-319;515,000;514,000;1,000;05/04/2023;-7,5391672;-63,0609366;70,000
AM;BR-319;514,000;513,000;1,000;05/04/2023;-7,5391672;-63,0609366;70,000
RS;BR-470;88,400;89,000;0,600;10/04/2023;-28,2969441;-51,4614865;43,750
RS;BR-470;89,000;90,000;1,000;10/04/2023;-28,2969441;-51,4614865;50,000
RS;BR-470;90,000;91,000;1,000;10/04/2023;-28,3092778;-51,4665676;57,500
RS;BR-470;91,000;92,000;1,000;10/04/2023;-28,3106523;-51,4676828;51,250
RS;BR-470;92,000;93,000;1,000;10/04/2023;-28,3106523;-51,4676828;35,000
RS;BR-470;93,000;94,000;1,000;10/04/2023;-28,3106523;-51,4676828;48,750
RS;BR-470;94,000;95,000;1,000;10/04/2023;-28,3341615;-51,4612877;43,750
RS;BR-470;95,000;96,000;1,000;10/04/2023;-28,3341615;-51,4612877;55,000
RS;BR-470;96,000;97,000;1,000;10/04/2023;-28,3469392;-51,4593335;28,750
RS;BR-470;97,000;98,000;1,000;10/04/2023;-28,3469392;-51,4593335;45,000
RS;BR-470;98,000;99,000;1,000;10/04/2023;-28,361369;-51,4647501;35,000
RS;BR-470;99,000;100,000;1,000;10/04/2023;-28,361369;-51,4647501;27,500
RS;BR-470;100,000;101,000;1,000;10/04/2023;-28,361369;-51,4647501;21,250
RS;BR-470;101,000;102,000;1,000;10/04/2023;-28,361369;-51,4647501;43,750
RS;BR-470;102,000;103,000;1,000;10/04/2023;-28,3897375;-51,4828977;48,750
RS;BR-470;103,000;104,000;1,000;10/04/2023;-28,3897375;-51,4828977;50,000
RS;BR-470;104,000;105,000;1,000;10/04/2023;-28,398383;-51,4849389;55,000
RS;BR-470;105,000;106,000;1,000;10/04/2023;-28,398383;-51,4849389;48,750
RS;BR-470;106,000;107,000;1,000;10/04/2023;-28,398383;-51,4849389;55,000
RS;BR-470;107,000;108,000;1,000;10/04/2023;-28,4219329;-51,4943077;73,750
RS;BR-470;108,000;109,000;1,000;10/04/2023;-28,4219329;-51,4943077;43,750
RS;BR-470;109,000;110,000;1,000;10/04/2023;-28,4219329;-51,4943077;51,250
RS;BR-470;110,000;111,000;1,000;10/04/2023;-28,4459498;-51,5023451;55,000
RS;BR-470;111,000;112,000;1,000;10/04/2023;-28,4459498;-51,5023451;48,750
RS;BR-470;112,000;113,000;1,000;10/04/2023;-28,4459498;-51,5023451;66,250
RS;BR-470;113,000;114,000;1,000;10/04/2023;-28,4459498;-51,5023451;67,500
RS;BR-470;114,000;115,000;1,000;10/04/2023;-28,2132986;-51,5058867;55,000
RS;BR-470;115,000;116,000;1,000;10/04/2023;-28,2132986;-51,5058867;37,500
RS;BR-470;116,000;117,000;1,000;10/04/2023;-28,2132986;-51,5058867;38,750
RS;BR-470;117,000;118,000;1,000;10/04/2023;-28,2132986;-51,5058867;46,250
RS;BR-470;118,000;119,000;1,000;10/04/2023;-28,2132986;-51,5058867;43,750
RS;BR-470;119,000;120,000;1,000;10/04/2023;-28,54015;-51,6901797;36,250
RS;BR-470;120,000;121,000;1,000;10/04/2023;-28,54015;-51,6901797;38,750
RS;BR-470;121,000;122,000;1,000;10/04/2023;-28,54015;-51,6901797;53,750
RS;BR-470;122,000;123,000;1,000;10/04/2023;-28,54015;-51,6901797;56,250
RS;BR-470;123,000;124,000;1,000;10/04/2023;-28,54015;-51,6901797;45,000
RS;BR-470;124,000;125,000;1,000;10/04/2023;-28,54015;-51,6901797;56,250
RS;BR-470;125,000;126,000;1,000;10/04/2023;-28,54015;-51,6901797;56,250
RS;BR-470;126,000;127,000;1,000;10/04/2023;-28,5679482;-51,5566743;77,500
RS;BR-470;127,000;128,000;1,000;10/04/2023;-28,5679482;-51,5566743;52,500
RS;BR-470;128,000;129,000;1,000;10/04/2023;-28,5679482;-51,5566743;56,250
RS;BR-470;129,000;130,000;1,000;10/04/2023;-28,5679482;-51,5566743;48,750
RS;BR-470;130,000;131,000;1,000;10/04/2023;-28,593714;-51,5643211;43,750
RS;BR-470;131,000;132,000;1,000;10/04/2023;-28,593714;-51,5643211;47,500
RS;BR-470;132,000;133,000;1,000;10/04/2023;-28,593714;-51,5643211;47,500
RS;BR-470;133,000;133,390;0,390;10/04/2023;-28,6178667;-51,5657825;41,250
AM;BR-317;526,000;525,000;1,000;10/04/2023;-9,73548328;-67,3414897;77,500
AM;BR-317;525,000;524,000;1,000;10/04/2023;-9,73548328;-67,3414897;80,000
AM;BR-317;524,000;523,000;1,000;10/04/2023;-10,0619657;-67,2965192;80,000
AM;BR-317;523,000;522,000;1,000;10/04/2023;-10,0619657;-67,2965192;87,500
AM;BR-317;522,000;521,000;1,000;10/04/2023;-10,0619657;-67,2965192;87,500
AM;BR-317;521,000;520,000;1,000;10/04/2023;-10,0619657;-67,2965192;87,500
AM;BR-317;520,000;519,000;1,000;10/04/2023;-10,0619657;-67,2965192;80,000
AM;BR-317;519,000;518,000;1,000;10/04/2023;-10,0619657;-67,2965192;87,500
AM;BR-317;518,000;517,000;1,000;10/04/2023;-10,0619657;-67,2965192;87,500
AM;BR-317;517,000;516,000;1,000;10/04/2023;-10,0619657;-67,2965192;87,500
AM;BR-317;497,160;496,000;1,160;10/04/2023;-10,0619657;-67,2965192;76,250
AM;BR-317;496,000;495,000;1,000;10/04/2023;-10,0619657;-67,2965192;83,750
AM;BR-317;495,000;494,000;1,000;10/04/2023;-10,0619657;-67,2965192;83,750
AM;BR-317;494,000;493,000;1,000;10/04/2023;-10,0619657;-67,2965192;81,250
AM;BR-317;493,000;492,000;1,000;10/04/2023;-10,0619657;-67,2965192;81,250
AM;BR-317;492,000;491,000;1,000;10/04/2023;-10,0619657;-67,2965192;76,250
AM;BR-317;491,000;490,000;1,000;10/04/2023;-10,0619657;-67,2965192;83,750
AM;BR-317;490,000;489,000;1,000;10/04/2023;-10,0619657;-67,2965192;87,500
AM;BR-317;489,000;488,000;1,000;10/04/2023;-10,0619657;-67,2965192;95,000
AM;BR-317;488,000;487,000;1,000;10/04/2023;-10,0619657;-67,2965192;87,500
AM;BR-317;487,000;486,000;1,000;10/04/2023;-10,0619657;-67,2965192;85,000
AM;BR-317;486,000;485,000;1,000;10/04/2023;-10,0619657;-67,2965192;81,250
AM;BR-317;485,000;484,000;1,000;10/04/2023;-10,0619657;-67,2965192;73,750
AM;BR-317;484,000;483,000;1,000;10/04/2023;-10,0619657;-67,2965192;76,250
AM;BR-317;483,000;482,000;1,000;10/04/2023;-10,0619657;-67,2965192;81,250
AM;BR-317;482,000;481,000;1,000;10/04/2023;-10,0619657;-67,2965192;85,000
AM;BR-317;481,000;480,000;1,000;10/04/2023;-10,0619657;-67,2965192;91,250
AM;BR-317;480,000;479,000;1,000;10/04/2023;-10,0619657;-67,2965192;83,750
AM;BR-317;479,000;478,860;0,140;10/04/2023;-10,0619657;-67,2965192;76,250
AM;BR-317;466,240;465,000;1,240;10/04/2023;-10,0619657;-67,2965192;87,500
AM;BR-317;465,000;464,000;1,000;10/04/2023;-10,0619657;-67,2965192;87,500
AM;BR-317;464,000;463,000;1,000;10/04/2023;-10,0619657;-67,2965192;87,500
AM;BR-317;463,000;462,000;1,000;10/04/2023;-10,0619657;-67,2965192;87,500
AM;BR-317;462,000;461,000;1,000;10/04/2023;-10,0619657;-67,2965192;87,500
AM;BR-317;461,000;460,000;1,000;10/04/2023;-10,0619657;-67,2965192;85,000
AM;BR-317;460,000;459,000;1,000;10/04/2023;-10,0619657;-67,2965192;87,500
AM;BR-317;459,000;458,000;1,000;10/04/2023;-10,0619657;-67,2965192;91,250
AM;BR-317;458,000;457,000;1,000;10/04/2023;-10,0619657;-67,2965192;91,250
AM;BR-317;457,000;456,000;1,000;10/04/2023;-10,0619657;-67,2965192;91,250
AM;BR-317;456,000;455,000;1,000;10/04/2023;-10,0619657;-67,2965192;88,750
AM;BR-317;455,000;454,000;1,000;10/04/2023;-10,0619657;-67,2965192;83,750
AM;BR-317;454,000;453,000;1,000;10/04/2023;-10,0619657;-67,2965192;88,750
AM;BR-317;453,000;452,640;0,360;10/04/2023;-10,0619657;-67,2965192;83,750
CE;BR-226;344,400;345,000;0,600;13/04/2023;-5,19284294;-40,6368702;80,000
CE;BR-226;345,000;346,000;1,000;13/04/2023;-5,19284294;-40,6368702;76,250
CE;BR-226;346,000;347,000;1,000;13/04/2023;-5,15921483;-40,7359885;83,750
CE;BR-226;347,000;348,000;1,000;13/04/2023;-5,15921483;-40,7359885;87,500
CE;BR-226;348,000;349,000;1,000;13/04/2023;-5,15921483;-40,7359885;72,500
CE;BR-226;349,000;350,000;1,000;13/04/2023;-5,15921483;-40,7359885;72,500
CE;BR-226;350,000;351,000;1,000;13/04/2023;-5,15921483;-40,7359885;72,500
CE;BR-226;351,000;352,000;1,000;13/04/2023;-5,15921483;-40,7359885;83,750
CE;BR-226;352,000;353,000;1,000;13/04/2023;-5,15921483;-40,7359885;88,750
CE;BR-226;353,000;354,000;1,000;13/04/2023;-5,12685863;-40,7898999;80,000
CE;BR-226;354,000;355,000;1,000;13/04/2023;-5,12685863;-40,7898999;87,500
CE;BR-226;355,000;356,000;1,000;13/04/2023;-5,12685863;-40,7898999;87,500
CE;BR-226;356,000;357,000;1,000;13/04/2023;-5,12685863;-40,7898999;87,500
CE;BR-226;357,000;358,000;1,000;13/04/2023;-5,10296144;-40,8192872;87,500
CE;BR-226;358,000;359,000;1,000;13/04/2023;-5,10296144;-40,8192872;87,500
CE;BR-226;359,000;360,000;1,000;13/04/2023;-5,10296144;-40,8192872;80,000
CE;BR-226;360,000;361,000;1,000;13/04/2023;-5,10296144;-40,8192872;87,500
CE;BR-226;361,000;362,000;1,000;13/04/2023;-5,10296144;-40,8192872;87,500
CE;BR-226;362,000;363,000;1,000;13/04/2023;-5,10296144;-40,8192872;87,500
CE;BR-226;363,000;364,000;1,000;13/04/2023;-5,10296144;-40,8192872;87,500
CE;BR-226;364,000;365,000;1,000;13/04/2023;-5,10296144;-40,8192872;87,500
CE;BR-226;365,000;366,000;1,000;13/04/2023;-5,10296144;-40,8192872;80,000
CE;BR-226;366,000;367,000;1,000;13/04/2023;-5,10296144;-40,8192872;87,500
CE;BR-226;367,000;368,000;1,000;13/04/2023;-5,07058442;-40,8966512;87,500
CE;BR-226;368,000;369,000;1,000;13/04/2023;-5,07058442;-40,8966512;87,500
CE;BR-226;369,000;370,000;1,000;13/04/2023;-5,07058442;-40,8966512;87,500
CE;BR-226;370,000;371,000;1,000;13/04/2023;-5,07058442;-40,8966512;87,500
CE;BR-226;371,000;372,000;1,000;13/04/2023;-5,07058442;-40,8966512;87,500
CE;BR-402;149,000;150,000;1,000;15/04/2023;-3,67063052;-39,1521688;88,750
CE;BR-402;150,000;151,000;1,000;15/04/2023;-3,12588791;-40,3784984;88,750
CE;BR-402;151,000;152,000;1,000;15/04/2023;-3,12588791;-40,3784984;88,750
CE;BR-402;152,000;153,000;1,000;15/04/2023;-3,12588791;-40,3784984;70,000
CE;BR-402;153,000;154,000;1,000;15/04/2023;-3,12588791;-40,3784984;61,250
CE;BR-402;154,000;155,000;1,000;15/04/2023;-3,12588791;-40,3784984;61,250
CE;BR-402;155,000;156,000;1,000;15/04/2023;-3,12588791;-40,3784984;53,750
CE;BR-402;156,000;157,000;1,000;15/04/2023;-3,12588791;-40,3784984;73,750
CE;BR-402;157,000;158,000;1,000;15/04/2023;-3,13358099;-40,3143724;73,750
CE;BR-402;158,000;159,000;1,000;15/04/2023;-3,13358099;-40,3143724;88,750
CE;BR-402;159,000;160,000;1,000;15/04/2023;-3,13358099;-40,3143724;88,750
CE;BR-402;160,000;161,000;1,000;15/04/2023;-3,13358099;-40,3143724;87,500
CE;BR-402;161,000;162,000;1,000;15/04/2023;-3,13358099;-40,3143724;82,500
CE;BR-402;162,000;163,000;1,000;15/04/2023;-3,13358099;-40,3143724;80,000
CE;BR-402;163,000;164,000;1,000;15/04/2023;-3,13358099;-40,3143724;73,750
CE;BR-402;164,000;165,000;1,000;15/04/2023;-3,13052839;-40,2509894;87,500
CE;BR-402;165,000;166,000;1,000;15/04/2023;-3,13052839;-40,2509894;87,500
CE;BR-402;166,000;167,000;1,000;15/04/2023;-3,13052839;-40,2509894;73,750
CE;BR-402;167,000;168,000;1,000;15/04/2023;-3,13052839;-40,2509894;87,500
CE;BR-402;168,000;169,000;1,000;15/04/2023;-3,13052839;-40,2509894;80,000
CE;BR-402;169,000;170,000;1,000;15/04/2023;-3,13052839;-40,2509894;66,250
CE;BR-402;170,000;171,000;1,000;15/04/2023;-3,13052839;-40,2509894;83,750
CE;BR-402;171,000;172,000;1,000;15/04/2023;-3,13052839;-40,2509894;87,500
CE;BR-402;172,000;173,000;1,000;15/04/2023;-3,13858641;-40,1831321;80,000
CE;BR-402;173,000;174,000;1,000;15/04/2023;-3,13858641;-40,1831321;51,250
CE;BR-402;174,000;175,000;1,000;15/04/2023;-3,13858641;-40,1831321;45,000
CE;BR-404;0,000;1,000;1,000;17/04/2023;0;0;52,500
CE;BR-404;1,000;2,000;1,000;17/04/2023;-4,56805018;-41,2197912;66,250
CE;BR-404;2,000;3,000;1,000;17/04/2023;-4,56805018;-41,2197912;72,500
CE;BR-404;3,000;4,000;1,000;17/04/2023;-4,56805018;-41,2197912;65,000
CE;BR-404;4,000;5,000;1,000;17/04/2023;-4,56805018;-41,2197912;67,500
CE;BR-404;5,000;6,000;1,000;17/04/2023;-4,5937053;-41,1830652;32,500
CE;BR-404;6,000;7,000;1,000;17/04/2023;-4,5937053;-41,1830652;65,000
CE;BR-404;7,000;8,000;1,000;17/04/2023;-4,5937053;-41,1830652;52,500
CE;BR-404;8,000;9,000;1,000;17/04/2023;-4,5937053;-41,1830652;45,000
CE;BR-404;9,000;10,000;1,000;17/04/2023;-4,5937053;-41,1830652;45,000
CE;BR-404;10,000;11,000;1,000;17/04/2023;-4,5937053;-41,1830652;45,000
CE;BR-404;11,000;12,000;1,000;17/04/2023;-4,5937053;-41,1830652;52,500
CE;BR-404;12,000;13,000;1,000;17/04/2023;-4,5937053;-41,1830652;66,250
CE;BR-404;13,000;14,000;1,000;17/04/2023;-4,5937053;-41,1830652;55,000
CE;BR-404;14,000;15,000;1,000;17/04/2023;-4,62093559;-41,1286669;52,500
CE;BR-404;15,000;16,000;1,000;17/04/2023;-4,62093559;-41,1286669;51,250
CE;BR-404;16,000;17,000;1,000;17/04/2023;-4,62093559;-41,1286669;51,250
CE;BR-404;17,000;18,000;1,000;17/04/2023;-4,62093559;-41,1286669;48,750
CE;BR-404;18,000;19,000;1,000;17/04/2023;-4,62093559;-41,1286669;52,500
CE;BR-404;19,000;20,000;1,000;17/04/2023;-4,62093559;-41,1286669;58,750
CE;BR-404;20,000;21,000;1,000;17/04/2023;-4,62093559;-41,1286669;45,000
CE;BR-404;21,000;22,000;1,000;17/04/2023;-4,62093559;-41,1286669;90,000
CE;BR-404;22,000;23,000;1,000;17/04/2023;-4,65711997;-41,0714533;73,750
CE;BR-404;23,000;24,000;1,000;17/04/2023;-4,66115389;-41,0639931;60,000
CE;BR-404;24,000;25,000;1,000;17/04/2023;-4,66115389;-41,0639931;55,000
CE;BR-404;25,000;26,000;1,000;17/04/2023;-4,66115389;-41,0639931;62,500
CE;BR-404;26,000;27,000;1,000;17/04/2023;-4,66115389;-41,0639931;67,500
CE;BR-404;27,000;28,000;1,000;17/04/2023;-4,66115389;-41,0639931;70,000
CE;BR-404;28,000;29,000;1,000;17/04/2023;-4,66115389;-41,0639931;52,500
CE;BR-404;29,000;30,000;1,000;17/04/2023;-4,66115389;-41,0639931;70,000
CE;BR-404;30,000;31,000;1,000;17/04/2023;-4,66115389;-41,0639931;82,500
CE;BR-404;31,000;32,000;1,000;17/04/2023;-4,69510298;-41,0038354;72,500
CE;BR-404;32,000;33,000;1,000;17/04/2023;-4,69510298;-41,0038354;65,000
CE;BR-404;33,000;34,000;1,000;17/04/2023;-4,69510298;-41,0038354;67,500
CE;BR-404;34,000;35,000;1,000;17/04/2023;-4,69510298;-41,0038354;62,500
CE;BR-404;35,000;36,000;1,000;17/04/2023;-4,69510298;-41,0038354;87,500
CE;BR-404;36,000;37,000;1,000;17/04/2023;-4,69510298;-41,0038354;77,500
CE;BR-404;37,000;38,000;1,000;17/04/2023;-4,69510298;-41,0038354;90,000
CE;BR-404;38,000;39,000;1,000;17/04/2023;-4,69510298;-41,0038354;90,000
CE;BR-404;39,000;40,000;1,000;17/04/2023;-4,69510298;-41,0038354;95,000
CE;BR-404;40,000;41,000;1,000;17/04/2023;-4,73745875;-40,9295358;67,500
MG;BR-265;570,400;571,000;0,600;13/04/2023;-21,1017762;-45,08768;87,500
MG;BR-265;557,740;558,000;0,260;13/04/2023;-21,1017762;-45,08768;81,250
MG;BR-265;552,850;553,000;0,150;13/04/2023;-21,1017762;-45,08768;78,750
MG;BR-265;544,100;545,000;0,900;13/04/2023;-21,1017762;-45,08768;76,250
MG;BR-265;579,000;580,000;1,000;13/04/2023;-21,1017435;-45,0877887;75,000
MG;BR-265;580,000;581,000;1,000;13/04/2023;-21,1017435;-45,0877887;67,500
MG;BR-367;64,300;63,000;1,300;17/04/2023;-16,1411824;-40,4468464;52,500
MG;BR-367;63,000;64,000;1,000;17/04/2023;-16,1241596;-40,3825583;55,000
MG;BR-367;64,000;63,000;1,000;17/04/2023;-16,1244783;-40,3756675;53,750
MG;BR-367;63,000;62,000;1,000;17/04/2023;-16,1246744;-40,3619022;53,750
MG;BR-367;62,000;61,000;1,000;17/04/2023;-16,125947;-40,3578597;53,750
MG;BR-367;61,000;60,000;1,000;17/04/2023;-16,1294988;-40,3519353;66,250
MG;BR-367;60,000;59,000;1,000;17/04/2023;-16,1471648;-40,2937048;53,750
MG;BR-367;59,000;58,000;1,000;17/04/2023;-16,1483753;-40,2949813;53,750
MG;BR-367;58,000;57,000;1,000;17/04/2023;-16,1483753;-40,2949813;56,250
MG;BR-367;57,000;56,000;1,000;17/04/2023;-16,1483753;-40,2949813;56,250
MG;BR-367;56,000;55,000;1,000;17/04/2023;-16,1483753;-40,2949813;56,250
MG;BR-367;55,000;54,000;1,000;17/04/2023;-16,1462719;-40,2993297;91,250
MG;BR-367;54,000;53,000;1,000;17/04/2023;-16,1462719;-40,2993297;22,500
MG;BR-367;53,000;52,000;1,000;17/04/2023;-16,1462719;-40,2993297;22,500
MG;BR-367;52,000;51,000;1,000;17/04/2023;-16,1462719;-40,2993297;22,500
MG;BR-367;51,000;51,600;0,600;17/04/2023;-16,1462719;-40,2993297;55,000
MG;BR-367;51,600;51,000;0,600;17/04/2023;-16,0812496;-39,9920748;57,500
MG;BR-367;51,000;50,000;1,000;17/04/2023;-16,0354362;-39,910451;42,500
MG;BR-367;50,000;49,000;1,000;17/04/2023;-16,0354362;-39,910451;55,000
MG;BR-367;49,000;48,000;1,000;17/04/2023;-16,0354362;-39,910451;55,000
MG;BR-367;48,000;47,000;1,000;17/04/2023;-16,0812916;-39,9920446;55,000
MG;BR-367;47,000;46,000;1,000;17/04/2023;-16,0812916;-39,9920446;42,500
MG;BR-367;46,000;45,000;1,000;17/04/2023;-16,0812916;-39,9920446;42,500
MG;BR-367;45,000;44,000;1,000;17/04/2023;-16,0812916;-39,9920446;42,500
MG;BR-367;44,000;43,000;1,000;17/04/2023;-16,0812916;-39,9920446;42,500
MG;BR-367;43,000;42,000;1,000;17/04/2023;-16,0812916;-39,9920446;42,500
MG;BR-367;42,000;41,000;1,000;17/04/2023;-16,0354362;-39,910451;42,500
MG;BR-367;41,000;40,000;1,000;17/04/2023;-16,0354362;-39,910451;42,500
MG;BR-367;40,000;39,000;1,000;17/04/2023;-16,0354362;-39,910451;42,500
MG;BR-367;39,000;38,000;1,000;17/04/2023;-16,0354362;-39,910451;42,500
MG;BR-367;38,000;37,000;1,000;17/04/2023;-16,0354362;-39,910451;42,500
MG;BR-367;37,000;36,000;1,000;17/04/2023;-16,0354362;-39,910451;42,500
MG;BR-367;36,000;35,000;1,000;17/04/2023;-16,0354362;-39,910451;42,500
MG;BR-367;35,000;34,000;1,000;17/04/2023;-16,0354362;-39,910451;42,500
MG;BR-367;34,000;33,000;1,000;17/04/2023;-16,0354362;-39,910451;42,500
MG;BR-367;33,000;32,000;1,000;17/04/2023;-16,0354362;-39,910451;42,500
MG;BR-367;32,000;31,000;1,000;17/04/2023;-16,0354362;-39,910451;42,500
MG;BR-367;31,000;30,000;1,000;17/04/2023;-16,0354362;-39,910451;42,500
MG;BR-367;30,000;29,000;1,000;17/04/2023;-16,0354362;-39,910451;42,500
MG;BR-367;29,000;28,000;1,000;17/04/2023;-16,0354362;-39,910451;42,500
MG;BR-367;28,000;27,000;1,000;17/04/2023;-16,0354362;-39,910451;42,500
MG;BR-367;27,000;26,000;1,000;17/04/2023;-16,0354362;-39,910451;42,500
MG;BR-367;26,000;25,000;1,000;17/04/2023;-16,0354362;-39,910451;55,000
MG;BR-367;25,000;24,000;1,000;17/04/2023;-16,0812236;-39,9920394;55,000
MG;BR-367;24,000;23,000;1,000;17/04/2023;-16,0812236;-39,9920394;55,000
MG;BR-367;23,000;22,000;1,000;17/04/2023;-16,0812236;-39,9920394;55,000
MG;BR-367;22,000;21,000;1,000;17/04/2023;-16,0812236;-39,9920394;55,000
MG;BR-367;21,000;20,000;1,000;17/04/2023;-16,0812236;-39,9920394;55,000
MG;BR-367;20,000;19,000;1,000;17/04/2023;-16,0812236;-39,9920394;55,000
MG;BR-367;19,000;18,000;1,000;17/04/2023;-16,0812236;-39,9920394;55,000
MG;BR-367;18,000;17,000;1,000;17/04/2023;-16,0812236;-39,9920394;55,000
MG;BR-367;17,000;16,000;1,000;17/04/2023;-16,0812883;-39,9921218;55,000
MG;BR-367;16,000;15,000;1,000;17/04/2023;-16,0812883;-39,9921218;55,000
MG;BR-367;15,000;14,000;1,000;17/04/2023;-16,0812883;-39,9921218;55,000
MG;BR-367;14,000;13,000;1,000;17/04/2023;-16,0812883;-39,9921218;55,000
MG;BR-367;13,000;12,000;1,000;17/04/2023;-16,0813102;-39,9920626;55,000
MG;BR-367;12,000;11,000;1,000;17/04/2023;-16,0812305;-39,9920777;55,000
MG;BR-367;11,000;10,000;1,000;17/04/2023;-16,0812857;-39,9921125;55,000
MG;BR-367;10,000;9,000;1,000;17/04/2023;-16,0812811;-39,9920935;55,000
MG;BR-367;9,000;8,000;1,000;17/04/2023;-16,0812143;-39,9920493;55,000
MG;BR-367;8,000;7,000;1,000;17/04/2023;-16,0812464;-39,9920679;55,000
MG;BR-367;7,000;6,000;1,000;17/04/2023;-16,0812464;-39,9920679;55,000
MG;BR-367;6,000;5,000;1,000;17/04/2023;-16,0812735;-39,9921152;55,000
MG;BR-367;5,000;4,000;1,000;17/04/2023;-16,0812078;-39,9921176;55,000
MG;BR-367;4,000;3,000;1,000;17/04/2023;-16,0812078;-39,9921176;72,500
MG;BR-367;3,000;2,000;1,000;17/04/2023;-16,0812078;-39,9921176;80,000
MG;BR-367;2,000;1,000;1,000;17/04/2023;-16,0812204;-39,9921216;0,000
MG;BR-367;1,000;0,000;1,000;17/04/2023;-16,0812204;-39,9921216;0,000
AM;BR-230;642,600;643,000;0,400;19/04/2023;-7,5190925;-63,0311308;63,750
AM;BR-230;643,000;644,000;1,000;19/04/2023;-7,5190925;-63,0311308;72,500
AM;BR-230;644,000;645,000;1,000;19/04/2023;-7,5190925;-63,0311308;81,250
AM;BR-230;645,000;646,000;1,000;19/04/2023;-7,5190925;-63,0311308;81,250
AM;BR-230;646,000;647,000;1,000;19/04/2023;-7,5190925;-63,0311308;66,250
AM;BR-230;647,000;648,000;1,000;19/04/2023;-7,5190925;-63,0311308;71,250
AM;BR-230;648,000;649,000;1,000;19/04/2023;-7,5190925;-63,0311308;81,250
AM;BR-230;649,000;650,000;1,000;19/04/2023;-7,5190925;-63,0311308;80,000
AM;BR-230;650,000;651,000;1,000;19/04/2023;-7,5190925;-63,0311308;77,500
AM;BR-230;651,000;652,000;1,000;19/04/2023;-7,5190925;-63,0311308;73,750
AM;BR-230;652,000;653,000;1,000;19/04/2023;-7,5190925;-63,0311308;83,750
AM;BR-230;653,000;654,000;1,000;19/04/2023;-7,5190925;-63,0311308;75,000
AM;BR-230;654,000;655,000;1,000;19/04/2023;-7,5190925;-63,0311308;77,500
AM;BR-230;655,000;656,000;1,000;19/04/2023;-7,5190925;-63,0311308;83,750
AM;BR-230;656,000;657,000;1,000;19/04/2023;-7,5190925;-63,0311308;63,750
AM;BR-230;657,000;658,000;1,000;19/04/2023;-7,5190925;-63,0311308;96,250
AM;BR-230;658,000;659,000;1,000;19/04/2023;-7,5190925;-63,0311308;87,500
AM;BR-230;659,000;660,000;1,000;19/04/2023;-7,5190925;-63,0311308;83,750
AM;BR-230;660,000;661,000;1,000;19/04/2023;-7,5190925;-63,0311308;98,750
AM;BR-230;661,000;662,000;1,000;19/04/2023;-7,5190925;-63,0311308;85,000
AM;BR-230;662,000;663,000;1,000;19/04/2023;-7,5190925;-63,0311308;95,000
AM;BR-230;663,000;664,000;1,000;19/04/2023;-7,5190925;-63,0311308;98,750
AM;BR-230;664,000;665,000;1,000;19/04/2023;-7,5190925;-63,0311308;88,750
AM;BR-230;665,000;666,000;1,000;19/04/2023;-7,5190925;-63,0311308;98,750
AM;BR-230;666,000;667,000;1,000;19/04/2023;-7,5190925;-63,0311308;96,250
AM;BR-230;667,000;668,000;1,000;19/04/2023;-7,5190925;-63,0311308;96,250
AM;BR-230;668,000;669,000;1,000;19/04/2023;-7,5190925;-63,0311308;98,750
AM;BR-230;669,000;670,000;1,000;19/04/2023;-7,5190925;-63,0311308;98,750
AM;BR-230;670,000;671,000;1,000;19/04/2023;-7,5190925;-63,0311308;98,750
AM;BR-230;671,000;672,000;1,000;19/04/2023;-7,5190925;-63,0311308;98,750
AM;BR-230;672,000;673,000;1,000;19/04/2023;-7,5190925;-63,0311308;68,750
AM;BR-230;673,000;674,000;1,000;19/04/2023;-7,5190925;-63,0311308;90,000
AM;BR-230;674,000;675,000;1,000;19/04/2023;-7,5190925;-63,0311308;87,500
AM;BR-230;675,000;676,000;1,000;19/04/2023;-7,5190925;-63,0311308;95,000
AM;BR-230;676,000;677,000;1,000;19/04/2023;-7,5190925;-63,0311308;85,000
AM;BR-230;677,000;678,000;1,000;19/04/2023;-7,5190925;-63,0311308;91,250
AM;BR-230;678,000;679,000;1,000;19/04/2023;-7,5190925;-63,0311308;78,750
AM;BR-230;679,000;680,000;1,000;19/04/2023;-7,5190925;-63,0311308;75,000
AM;BR-230;680,000;681,000;1,000;19/04/2023;-7,5190925;-63,0311308;67,500
AM;BR-230;681,000;682,000;1,000;19/04/2023;-7,5190925;-63,0311308;96,250
AM;BR-230;682,000;683,000;1,000;19/04/2023;-7,5190925;-63,0311308;92,500
AM;BR-230;683,000;684,000;1,000;19/04/2023;-7,5190925;-63,0311308;92,500
AM;BR-230;684,000;685,000;1,000;19/04/2023;-7,5190925;-63,0311308;66,250
AM;BR-230;685,000;686,000;1,000;19/04/2023;-7,5190925;-63,0311308;70,000
AM;BR-230;686,000;687,000;1,000;19/04/2023;-7,5190925;-63,0311308;68,750
AM;BR-230;687,000;688,000;1,000;19/04/2023;-7,5190925;-63,0311308;66,250
AM;BR-230;688,000;689,000;1,000;19/04/2023;-7,5190925;-63,0311308;63,750
AM;BR-230;689,000;690,000;1,000;19/04/2023;-7,5190925;-63,0311308;66,250
AM;BR-230;690,000;691,000;1,000;19/04/2023;-7,5190925;-63,0311308;63,750
AM;BR-230;691,000;692,000;1,000;19/04/2023;-7,5190925;-63,0311308;73,750
AM;BR-230;692,000;693,000;1,000;19/04/2023;-7,5190925;-63,0311308;68,750
AM;BR-230;693,000;694,000;1,000;19/04/2023;-7,5190925;-63,0311308;87,500
AM;BR-230;694,000;695,000;1,000;19/04/2023;-7,5190925;-63,0311308;87,500
AM;BR-230;695,000;696,000;1,000;19/04/2023;-7,5190925;-63,0311308;88,750
AM;BR-230;696,000;697,000;1,000;19/04/2023;-7,5190925;-63,0311308;86,250
AM;BR-230;697,000;698,000;1,000;19/04/2023;-7,5190925;-63,0311308;71,250
AM;BR-230;698,000;699,000;1,000;19/04/2023;-7,5190925;-63,0311308;68,750
AM;BR-230;699,000;700,000;1,000;19/04/2023;-7,5190925;-63,0311308;78,750
AM;BR-230;700,000;701,000;1,000;19/04/2023;-7,5190925;-63,0311308;75,000
AM;BR-230;701,000;702,000;1,000;19/04/2023;-7,5190925;-63,0311308;82,500
AM;BR-230;702,000;703,000;1,000;19/04/2023;-7,5190925;-63,0311308;86,250
AM;BR-230;703,000;704,000;1,000;19/04/2023;-7,5190925;-63,0311308;75,000
AM;BR-230;704,000;705,000;1,000;19/04/2023;-7,5190925;-63,0311308;82,500
AM;BR-230;705,000;706,000;1,000;19/04/2023;-7,5190925;-63,0311308;86,250
AM;BR-230;706,000;707,000;1,000;19/04/2023;-7,5190925;-63,0311308;78,750
AM;BR-230;707,000;708,000;1,000;19/04/2023;-7,5190925;-63,0311308;63,750
AM;BR-230;708,000;709,000;1,000;19/04/2023;-7,5190925;-63,0311308;93,750
AM;BR-230;709,000;710,000;1,000;19/04/2023;-7,5190925;-63,0311308;93,750
AM;BR-230;710,000;711,000;1,000;19/04/2023;-7,5190925;-63,0311308;71,250
AM;BR-230;711,000;712,000;1,000;19/04/2023;-7,5190925;-63,0311308;78,750
AM;BR-230;712,000;713,000;1,000;19/04/2023;-7,5190925;-63,0311308;90,000
AM;BR-230;713,000;714,000;1,000;19/04/2023;-7,5190925;-63,0311308;75,000
AM;BR-230;714,000;715,000;1,000;19/04/2023;-7,5190925;-63,0311308;78,750
AM;BR-230;715,000;716,000;1,000;19/04/2023;-7,5190925;-63,0311308;81,250
AM;BR-230;716,000;717,000;1,000;19/04/2023;-7,5190925;-63,0311308;75,000
AM;BR-230;717,000;718,000;1,000;19/04/2023;-7,5190925;-63,0311308;98,750
AM;BR-230;718,000;719,000;1,000;19/04/2023;-7,5190925;-63,0311308;67,500
AM;BR-230;719,000;720,000;1,000;19/04/2023;-7,5190925;-63,0311308;78,750
AM;BR-230;720,000;721,000;1,000;19/04/2023;-7,5190925;-63,0311308;90,000
AM;BR-230;721,000;722,000;1,000;19/04/2023;-7,5190925;-63,0311308;78,750
AM;BR-230;722,000;723,000;1,000;19/04/2023;-7,5190925;-63,0311308;95,000
AM;BR-230;723,000;724,000;1,000;19/04/2023;-7,5190925;-63,0311308;81,250
AM;BR-230;724,000;725,000;1,000;19/04/2023;-7,5190925;-63,0311308;63,750
AM;BR-230;725,000;726,000;1,000;19/04/2023;-7,5190925;-63,0311308;63,750
AM;BR-230;726,000;727,000;1,000;19/04/2023;-7,5190925;-63,0311308;63,750
AM;BR-230;727,000;728,000;1,000;19/04/2023;-7,5190925;-63,0311308;56,250
AM;BR-230;728,000;729,000;1,000;19/04/2023;-7,5190925;-63,0311308;71,250
AM;BR-230;729,000;730,000;1,000;19/04/2023;-7,5190925;-63,0311308;65,000
AM;BR-230;730,000;731,000;1,000;19/04/2023;-7,5190925;-63,0311308;96,250
AM;BR-230;731,000;732,000;1,000;19/04/2023;-7,5190925;-63,0311308;78,750
AM;BR-230;732,000;733,200;1,200;19/04/2023;-7,5190925;-63,0311308;86,250
AM;BR-319;198,000;199,000;1,000;17/04/2023;-3,8277578;-60,3658395;88,750
AM;BR-319;199,000;200,000;1,000;17/04/2023;-3,8277578;-60,3658395;97,500
AM;BR-319;200,000;201,000;1,000;17/04/2023;-3,8277578;-60,3658395;95,000
AM;BR-319;201,000;202,000;1,000;17/04/2023;-4,35012458;-60,9263584;97,500
AM;BR-319;202,000;203,000;1,000;17/04/2023;-4,35012458;-60,9263584;97,500
AM;BR-319;203,000;204,000;1,000;17/04/2023;-4,35602;-60,9319285;97,500
AM;BR-319;204,000;205,000;1,000;17/04/2023;-4,36838318;-60,9468684;97,500
AM;BR-319;205,000;206,000;1,000;17/04/2023;-4,36838318;-60,9468684;95,000
AM;BR-319;206,000;207,000;1,000;17/04/2023;-4,3731443;-60,9533759;95,000
AM;BR-319;207,000;208,000;1,000;17/04/2023;-4,38629594;-60,9669494;95,000
AM;BR-319;208,000;209,000;1,000;17/04/2023;-4,38629594;-60,9669494;95,000
AM;BR-319;209,000;210,000;1,000;17/04/2023;-4,38629594;-60,9669494;77,500
AM;BR-319;210,000;211,000;1,000;17/04/2023;-4,38629594;-60,9669494;85,000
AM;BR-319;211,000;212,000;1,000;17/04/2023;-4,41090397;-60,994742;77,500
AM;BR-319;212,000;213,000;1,000;17/04/2023;-4,41090397;-60,994742;77,500
AM;BR-319;213,000;214,000;1,000;17/04/2023;-4,41090397;-60,994742;71,250
AM;BR-319;214,000;215,000;1,000;17/04/2023;-4,41090397;-60,994742;71,250
AM;BR-319;215,000;216,000;1,000;17/04/2023;-3,8277578;-60,3658395;50,000
AM;BR-319;216,000;217,000;1,000;17/04/2023;-3,8277578;-60,3658395;50,000
AM;BR-319;217,000;218,000;1,000;17/04/2023;-3,8277578;-60,3658395;57,500
AM;BR-319;218,000;219,000;1,000;17/04/2023;-3,8277578;-60,3658395;57,500
AM;BR-319;219,000;220,000;1,000;17/04/2023;-3,8277578;-60,3658395;57,500
AM;BR-319;220,000;221,000;1,000;17/04/2023;-3,8277578;-60,3658395;63,750
AM;BR-319;221,000;222,000;1,000;17/04/2023;-3,8277578;-60,3658395;65,000
AM;BR-319;222,000;223,000;1,000;17/04/2023;-3,8277578;-60,3658395;61,250
AM;BR-319;223,000;224,000;1,000;17/04/2023;-3,8277578;-60,3658395;61,250
AM;BR-319;224,000;225,000;1,000;17/04/2023;-3,8277578;-60,3658395;57,500
AM;BR-319;225,000;226,000;1,000;17/04/2023;-3,8277578;-60,3658395;61,250
AM;BR-319;226,000;227,000;1,000;17/04/2023;-3,8277578;-60,3658395;61,250
AM;BR-319;227,000;228,000;1,000;17/04/2023;-3,8277578;-60,3658395;61,250
AM;BR-319;228,000;229,000;1,000;17/04/2023;-3,8277578;-60,3658395;71,250
AM;BR-319;229,000;230,000;1,000;17/04/2023;-3,8277578;-60,3658395;71,250
AM;BR-319;230,000;231,000;1,000;17/04/2023;-3,8277578;-60,3658395;71,250
AM;BR-319;231,000;232,000;1,000;17/04/2023;-3,8277578;-60,3658395;71,250
AM;BR-319;232,000;233,000;1,000;17/04/2023;-3,8277578;-60,3658395;71,250
AM;BR-319;233,000;234,000;1,000;17/04/2023;-3,8277578;-60,3658395;71,250
AM;BR-319;234,000;235,000;1,000;17/04/2023;-3,8277578;-60,3658395;92,500
AM;BR-319;235,000;236,000;1,000;17/04/2023;-3,8277578;-60,3658395;92,500
AM;BR-319;236,000;237,000;1,000;17/04/2023;-3,8277578;-60,3658395;92,500
AM;BR-319;237,000;238,000;1,000;17/04/2023;-3,8277578;-60,3658395;71,250
AM;BR-319;238,000;239,000;1,000;17/04/2023;-3,8277578;-60,3658395;71,250
AM;BR-319;239,000;240,000;1,000;17/04/2023;-3,8277578;-60,3658395;71,250
AM;BR-319;240,000;241,000;1,000;17/04/2023;-3,8277578;-60,3658395;71,250
AM;BR-319;241,000;242,000;1,000;17/04/2023;-3,8277578;-60,3658395;88,750
AM;BR-319;242,000;243,000;1,000;17/04/2023;-3,8277578;-60,3658395;71,250
AM;BR-319;243,000;244,000;1,000;17/04/2023;-3,8277578;-60,3658395;92,500
AM;BR-319;244,000;245,000;1,000;17/04/2023;-3,8277578;-60,3658395;92,500
AM;BR-319;245,000;246,000;1,000;17/04/2023;-3,8277578;-60,3658395;71,250
AM;BR-319;246,000;247,000;1,000;17/04/2023;-3,8277578;-60,3658395;92,500
AM;BR-319;247,000;248,000;1,000;17/04/2023;-3,8277578;-60,3658395;92,500
AM;BR-319;248,000;249,000;1,000;17/04/2023;-3,8277578;-60,3658395;71,250
AM;BR-319;249,000;250,000;1,000;17/04/2023;-3,8277578;-60,3658395;92,500
AM;BR-319;250,000;251,000;1,000;17/04/2023;-4,63674759;-61,254149;71,250
AM;BR-319;251,000;252,000;1,000;17/04/2023;-4,63674759;-61,254149;71,250
AM;BR-319;252,000;253,000;1,000;17/04/2023;-4,63674759;-61,254149;71,250
AM;BR-319;253,000;254,000;1,000;17/04/2023;-4,63674759;-61,254149;71,250
AM;BR-319;254,000;255,000;1,000;17/04/2023;-3,8277578;-60,3658395;71,250
AM;BR-319;255,000;256,000;1,000;17/04/2023;-3,8277578;-60,3658395;71,250
AM;BR-319;256,000;257,000;1,000;17/04/2023;-3,8277578;-60,3658395;71,250
AM;BR-319;257,000;258,000;1,000;17/04/2023;-3,8277578;-60,3658395;71,250
AM;BR-319;258,000;259,000;1,000;17/04/2023;-3,8277578;-60,3658395;71,250
AM;BR-319;259,000;260,000;1,000;17/04/2023;-3,8277578;-60,3658395;71,250
AM;BR-319;260,000;261,000;1,000;17/04/2023;-3,8277578;-60,3658395;71,250
AM;BR-319;260,100;261,000;0,900;17/04/2023;-3,8277578;-60,3658395;27,500
AM;BR-319;261,000;262,000;1,000;17/04/2023;-4,7301553;-61,3006996;38,750
AM;BR-319;262,000;263,000;1,000;17/04/2023;-4,7301553;-61,3006996;35,000
AM;BR-319;263,000;264,000;1,000;17/04/2023;-4,7301553;-61,3006996;15,000
AM;BR-319;264,000;265,000;1,000;17/04/2023;-4,7301553;-61,3006996;32,500
AM;BR-319;265,000;266,000;1,000;17/04/2023;-4,7301553;-61,3006996;32,500
AM;BR-319;266,000;267,000;1,000;17/04/2023;-4,7301553;-61,3006996;15,000
AM;BR-319;267,000;268,000;1,000;17/04/2023;-3,8277578;-60,3658395;27,500
AM;BR-319;268,000;269,000;1,000;17/04/2023;-3,8277578;-60,3658395;20,000
AM;BR-319;269,000;270,000;1,000;17/04/2023;-3,8277578;-60,3658395;35,000
AM;BR-319;270,000;271,000;1,000;17/04/2023;-3,8277578;-60,3658395;35,000
AM;BR-319;271,000;272,000;1,000;17/04/2023;-3,8277578;-60,3658395;35,000
AM;BR-319;272,000;273,000;1,000;17/04/2023;-3,8277578;-60,3658395;35,000
AM;BR-319;273,000;274,000;1,000;17/04/2023;-3,8277578;-60,3658395;35,000
AM;BR-319;274,000;275,000;1,000;17/04/2023;-3,8277578;-60,3658395;40,000
AM;BR-319;275,000;276,000;1,000;17/04/2023;-3,8277578;-60,3658395;46,250
AM;BR-319;276,000;277,000;1,000;17/04/2023;-3,8277578;-60,3658395;63,750
AM;BR-319;277,000;278,000;1,000;17/04/2023;-3,8277578;-60,3658395;50,000
AM;BR-319;278,000;279,000;1,000;17/04/2023;-3,8277578;-60,3658395;46,250
AM;BR-319;279,000;280,000;1,000;17/04/2023;-3,8277578;-60,3658395;35,000
AM;BR-319;280,000;281,000;1,000;17/04/2023;-3,8277578;-60,3658395;30,000
AM;BR-319;281,000;282,000;1,000;17/04/2023;-3,8277578;-60,3658395;52,500
AM;BR-319;282,000;283,000;1,000;17/04/2023;-3,8277578;-60,3658395;37,500
AM;BR-319;283,000;284,000;1,000;17/04/2023;-3,8277578;-60,3658395;52,500
AM;BR-319;284,000;285,000;1,000;17/04/2023;-3,8277578;-60,3658395;46,250
AM;BR-319;285,000;286,000;1,000;17/04/2023;-3,8277578;-60,3658395;65,000
AM;BR-319;286,000;287,000;1,000;17/04/2023;-3,8277578;-60,3658395;35,000
AM;BR-319;287,000;288,000;1,000;17/04/2023;-3,8277578;-60,3658395;40,000
AM;BR-319;288,000;289,000;1,000;17/04/2023;-3,8277578;-60,3658395;25,000
AM;BR-319;289,000;290,000;1,000;17/04/2023;-3,8277578;-60,3658395;42,500
AM;BR-319;290,000;291,000;1,000;17/04/2023;-3,8277578;-60,3658395;20,000
AM;BR-319;291,000;292,000;1,000;17/04/2023;-3,8277578;-60,3658395;32,500
AM;BR-319;292,000;293,000;1,000;17/04/2023;-3,8277578;-60,3658395;55,000
AM;BR-319;293,000;294,000;1,000;17/04/2023;-3,8277578;-60,3658395;40,000
AM;BR-319;294,000;295,000;1,000;17/04/2023;-3,8277578;-60,3658395;47,500
AM;BR-319;295,000;296,000;1,000;17/04/2023;-3,8277578;-60,3658395;40,000
AM;BR-319;296,000;297,000;1,000;17/04/2023;-3,8277578;-60,3658395;47,500
AM;BR-319;297,000;298,000;1,000;17/04/2023;-3,8277578;-60,3658395;17,500
AM;BR-319;298,000;299,000;1,000;17/04/2023;-3,8277578;-60,3658395;32,500
AM;BR-319;299,000;300,000;1,000;17/04/2023;-3,8277578;-60,3658395;27,500
AM;BR-319;300,000;301,000;1,000;17/04/2023;-3,8277578;-60,3658395;27,500
AM;BR-319;301,000;302,000;1,000;17/04/2023;-3,8277578;-60,3658395;41,250
AM;BR-319;302,000;303,000;1,000;17/04/2023;-3,8277578;-60,3658395;35,000
AM;BR-319;303,000;304,000;1,000;17/04/2023;-3,8277578;-60,3658395;40,000
AM;BR-319;304,000;305,000;1,000;17/04/2023;-3,8277578;-60,3658395;35,000
AM;BR-319;305,000;306,000;1,000;17/04/2023;-4,9865758;-61,5790403;41,250
AM;BR-319;306,000;307,000;1,000;17/04/2023;-4,9865758;-61,5790403;47,500
AM;BR-319;307,000;308,000;1,000;17/04/2023;-4,9865758;-61,5790403;27,500
AM;BR-319;308,000;309,000;1,000;17/04/2023;-4,9865758;-61,5790403;56,250
AM;BR-319;309,000;310,000;1,000;17/04/2023;-4,9865758;-61,5790403;35,000
AM;BR-319;310,000;311,000;1,000;17/04/2023;-4,9865758;-61,5790403;40,000
AM;BR-319;311,000;312,000;1,000;17/04/2023;-4,9865758;-61,5790403;32,500
AM;BR-319;312,000;313,000;1,000;17/04/2023;-4,9865758;-61,5790403;27,500
AM;BR-319;313,000;314,000;1,000;17/04/2023;-4,9865758;-61,5790403;27,500
AM;BR-319;314,000;315,000;1,000;17/04/2023;-4,9865758;-61,5790403;45,000
AM;BR-319;315,000;316,000;1,000;17/04/2023;-4,9865758;-61,5790403;27,500
AM;BR-319;316,000;317,000;1,000;17/04/2023;-4,9865758;-61,5790403;27,500
AM;BR-319;317,000;318,000;1,000;17/04/2023;-4,9865758;-61,5790403;27,500
AM;BR-319;318,000;319,000;1,000;17/04/2023;-4,9865758;-61,5790403;27,500
AM;BR-319;319,000;320,000;1,000;17/04/2023;-4,9865758;-61,5790403;35,000
AM;BR-319;320,000;321,000;1,000;17/04/2023;-4,9865758;-61,5790403;35,000
AM;BR-319;321,000;322,000;1,000;17/04/2023;-4,9865758;-61,5790403;45,000
AM;BR-319;322,000;323,000;1,000;17/04/2023;-4,9865758;-61,5790403;40,000
AM;BR-319;323,000;324,000;1,000;17/04/2023;-4,9865758;-61,5790403;35,000
AM;BR-319;324,000;325,000;1,000;17/04/2023;-4,9865758;-61,5790403;35,000
AM;BR-319;325,000;326,000;1,000;17/04/2023;-4,9865758;-61,5790403;35,000
AM;BR-319;326,000;327,000;1,000;17/04/2023;-4,9865758;-61,5790403;40,000
AM;BR-319;327,000;328,000;1,000;17/04/2023;-4,9865758;-61,5790403;35,000
AM;BR-319;328,000;329,000;1,000;17/04/2023;-4,9865758;-61,5790403;27,500
AM;BR-319;329,000;330,000;1,000;17/04/2023;-4,9865758;-61,5790403;45,000
AM;BR-319;330,000;331,000;1,000;17/04/2023;-4,9865758;-61,5790403;51,250
AM;BR-319;331,000;332,000;1,000;17/04/2023;-4,9865758;-61,5790403;41,250
AM;BR-319;332,000;333,000;1,000;17/04/2023;-4,9865758;-61,5790403;35,000
AM;BR-319;333,000;334,000;1,000;18/04/2023;-3,8277578;-60,3658395;57,500
AM;BR-319;334,000;335,000;1,000;18/04/2023;-3,8277578;-60,3658395;35,000
AM;BR-319;335,000;336,000;1,000;18/04/2023;-3,8277578;-60,3658395;35,000
AM;BR-319;336,000;337,000;1,000;18/04/2023;-3,8277578;-60,3658395;15,000
AM;BR-319;337,000;338,000;1,000;18/04/2023;-3,8277578;-60,3658395;37,500
AM;BR-319;338,000;339,000;1,000;18/04/2023;-3,8277578;-60,3658395;17,500
AM;BR-319;339,000;340,000;1,000;18/04/2023;-3,8277578;-60,3658395;17,500
AM;BR-319;340,000;341,000;1,000;18/04/2023;-3,8277578;-60,3658395;30,000
AM;BR-319;341,000;342,000;1,000;18/04/2023;-3,8277578;-60,3658395;30,000
AM;BR-319;342,000;343,000;1,000;18/04/2023;-3,8277578;-60,3658395;35,000
AM;BR-319;343,000;344,000;1,000;18/04/2023;-3,8277578;-60,3658395;27,500
AM;BR-319;344,000;345,000;1,000;18/04/2023;-3,8277578;-60,3658395;35,000
AM;BR-319;345,000;346,000;1,000;18/04/2023;-3,8277578;-60,3658395;30,000
AM;BR-319;346,000;347,000;1,000;18/04/2023;-3,8277578;-60,3658395;30,000
AM;BR-319;346,200;347,000;0,800;18/04/2023;-3,8277578;-60,3658395;30,000
AM;BR-319;347,000;348,000;1,000;18/04/2023;-3,8277578;-60,3658395;35,000
AM;BR-319;348,000;349,000;1,000;18/04/2023;-3,8277578;-60,3658395;35,000
AM;BR-319;349,000;350,000;1,000;18/04/2023;-3,8277578;-60,3658395;17,500
AM;BR-319;350,000;351,000;1,000;18/04/2023;-3,8277578;-60,3658395;17,500
AM;BR-319;351,000;352,000;1,000;18/04/2023;-3,8277578;-60,3658395;15,000
AM;BR-319;352,000;353,000;1,000;18/04/2023;-3,8277578;-60,3658395;22,500
AM;BR-319;353,000;354,000;1,000;18/04/2023;-3,8277578;-60,3658395;17,500
AM;BR-319;354,000;355,000;1,000;18/04/2023;-3,8277578;-60,3658395;17,500
AM;BR-319;355,000;356,000;1,000;18/04/2023;-3,8277578;-60,3658395;17,500
AM;BR-319;356,000;357,000;1,000;18/04/2023;-3,8277578;-60,3658395;17,500
AM;BR-319;357,000;358,000;1,000;18/04/2023;-3,8277578;-60,3658395;17,500
AM;BR-319;358,000;359,000;1,000;18/04/2023;-3,8277578;-60,3658395;17,500
AM;BR-319;359,000;360,000;1,000;18/04/2023;-3,8277578;-60,3658395;17,500
AM;BR-319;360,000;361,000;1,000;18/04/2023;-3,8277578;-60,3658395;17,500
AM;BR-319;361,000;362,000;1,000;18/04/2023;-3,8277578;-60,3658395;15,000
AM;BR-319;362,000;363,000;1,000;18/04/2023;-3,8277578;-60,3658395;17,500
AM;BR-319;363,000;364,000;1,000;18/04/2023;-3,8277578;-60,3658395;17,500
AM;BR-319;364,000;365,000;1,000;18/04/2023;-3,8277578;-60,3658395;17,500
AM;BR-319;365,000;366,000;1,000;18/04/2023;-3,8277578;-60,3658395;17,500
AM;BR-319;366,000;367,000;1,000;18/04/2023;-3,8277578;-60,3658395;17,500
AM;BR-319;367,000;368,000;1,000;18/04/2023;-3,8277578;-60,3658395;22,500
AM;BR-319;368,000;369,000;1,000;18/04/2023;-3,8277578;-60,3658395;22,500
AM;BR-319;369,000;370,000;1,000;18/04/2023;-3,8277578;-60,3658395;17,500
AM;BR-319;370,000;371,000;1,000;18/04/2023;-3,8277578;-60,3658395;22,500
AM;BR-319;371,000;372,000;1,000;18/04/2023;-3,8277578;-60,3658395;22,500
AM;BR-319;372,000;373,000;1,000;18/04/2023;-3,8277578;-60,3658395;17,500
AM;BR-319;373,000;374,000;1,000;18/04/2023;-3,8277578;-60,3658395;17,500
AM;BR-319;374,000;375,000;1,000;18/04/2023;-3,8277578;-60,3658395;17,500
AM;BR-319;375,000;376,000;1,000;18/04/2023;-3,8277578;-60,3658395;17,500
AM;BR-319;376,000;377,000;1,000;18/04/2023;-3,8277578;-60,3658395;17,500
AM;BR-319;377,000;378,000;1,000;18/04/2023;-3,8277578;-60,3658395;17,500
AM;BR-319;378,000;379,000;1,000;18/04/2023;-3,8277578;-60,3658395;22,500
AM;BR-319;379,000;380,000;1,000;18/04/2023;-3,8277578;-60,3658395;17,500
AM;BR-319;380,000;381,000;1,000;18/04/2023;-3,8277578;-60,3658395;17,500
AM;BR-319;381,000;382,000;1,000;18/04/2023;-3,8277578;-60,3658395;17,500
AM;BR-319;382,000;383,000;1,000;18/04/2023;-3,8277578;-60,3658395;17,500
AM;BR-319;383,000;384,000;1,000;18/04/2023;-3,8277578;-60,3658395;17,500
AM;BR-319;384,000;385,000;1,000;18/04/2023;-3,8277578;-60,3658395;17,500
AM;BR-319;385,000;386,000;1,000;18/04/2023;-3,8277578;-60,3658395;17,500
AM;BR-319;386,000;387,000;1,000;18/04/2023;-3,8277578;-60,3658395;17,500
AM;BR-319;387,000;388,000;1,000;18/04/2023;-3,8277578;-60,3658395;22,500
AM;BR-319;388,000;389,000;1,000;18/04/2023;-3,8277578;-60,3658395;17,500
AM;BR-319;389,000;390,000;1,000;18/04/2023;-3,8277578;-60,3658395;17,500
AM;BR-319;390,000;391,000;1,000;18/04/2023;-3,8277578;-60,3658395;22,500
AM;BR-319;391,000;392,000;1,000;18/04/2023;-3,8277578;-60,3658395;22,500
AM;BR-319;392,000;393,000;1,000;18/04/2023;-3,8277578;-60,3658395;35,000
AM;BR-319;393,000;394,000;1,000;18/04/2023;-3,8277578;-60,3658395;17,500
AM;BR-319;394,000;395,000;1,000;18/04/2023;-3,8277578;-60,3658395;30,000
AM;BR-319;395,000;396,000;1,000;18/04/2023;-3,8277578;-60,3658395;42,500
AM;BR-319;396,000;397,000;1,000;18/04/2023;-3,8277578;-60,3658395;37,500
AM;BR-319;397,000;398,000;1,000;18/04/2023;-3,8277578;-60,3658395;37,500
AM;BR-319;398,000;399,000;1,000;18/04/2023;-3,8277578;-60,3658395;37,500
AM;BR-319;399,000;400,000;1,000;18/04/2023;-3,8277578;-60,3658395;37,500
AM;BR-319;400,000;401,000;1,000;18/04/2023;-3,8277578;-60,3658395;37,500
AM;BR-319;401,000;402,000;1,000;18/04/2023;-3,8277578;-60,3658395;37,500
AM;BR-319;402,000;403,000;1,000;18/04/2023;-3,8277578;-60,3658395;30,000
AM;BR-319;403,000;404,000;1,000;18/04/2023;-3,8277578;-60,3658395;42,500
AM;BR-319;404,000;405,000;1,000;18/04/2023;-3,8277578;-60,3658395;17,500
AM;BR-319;405,000;406,000;1,000;18/04/2023;-3,8277578;-60,3658395;17,500
AM;BR-319;406,000;407,000;1,000;18/04/2023;-3,8277578;-60,3658395;37,500
AM;BR-319;407,000;408,000;1,000;18/04/2023;-3,8277578;-60,3658395;37,500
AM;BR-319;408,000;409,000;1,000;18/04/2023;-3,8277578;-60,3658395;22,500
AM;BR-319;409,000;410,000;1,000;18/04/2023;-3,8277578;-60,3658395;17,500
AM;BR-319;410,000;411,000;1,000;18/04/2023;-3,8277578;-60,3658395;17,500
AM;BR-319;411,000;412,000;1,000;18/04/2023;-3,8277578;-60,3658395;17,500
AM;BR-319;412,000;413,000;1,000;18/04/2023;-3,8277578;-60,3658395;17,500
AM;BR-319;413,000;414,000;1,000;18/04/2023;-3,8277578;-60,3658395;17,500
AM;BR-319;414,000;415,000;1,000;18/04/2023;-3,8277578;-60,3658395;37,500
AM;BR-319;415,000;416,000;1,000;18/04/2023;-3,8277578;-60,3658395;37,500
AM;BR-319;416,000;417,000;1,000;18/04/2023;-3,8277578;-60,3658395;20,000
AM;BR-319;417,000;418,000;1,000;18/04/2023;-3,8277578;-60,3658395;15,000
AM;BR-319;418,000;419,000;1,000;18/04/2023;-3,8277578;-60,3658395;15,000
AM;BR-319;419,000;420,000;1,000;18/04/2023;-3,8277578;-60,3658395;17,500
AM;BR-319;420,000;421,000;1,000;18/04/2023;-3,8277578;-60,3658395;17,500
AM;BR-319;421,000;422,000;1,000;18/04/2023;-3,8277578;-60,3658395;22,500
AM;BR-319;422,000;423,000;1,000;18/04/2023;-3,8277578;-60,3658395;22,500
AM;BR-319;423,000;424,000;1,000;18/04/2023;-3,8277578;-60,3658395;17,500
AM;BR-319;424,000;425,000;1,000;18/04/2023;-3,8277578;-60,3658395;17,500
AM;BR-319;425,000;426,000;1,000;18/04/2023;-3,8277578;-60,3658395;17,500
AM;BR-319;426,000;427,000;1,000;18/04/2023;-3,8277578;-60,3658395;17,500
AM;BR-319;427,000;428,000;1,000;18/04/2023;-3,8277578;-60,3658395;37,500
AM;BR-319;428,000;429,000;1,000;18/04/2023;-3,8277578;-60,3658395;17,500
AM;BR-319;429,000;430,000;1,000;18/04/2023;-3,8277578;-60,3658395;17,500
AM;BR-319;430,000;431,000;1,000;18/04/2023;-3,8277578;-60,3658395;22,500
AM;BR-319;431,000;432,000;1,000;18/04/2023;-3,8277578;-60,3658395;22,500
AM;BR-319;432,000;433,000;1,000;18/04/2023;-3,8277578;-60,3658395;22,500
AM;BR-319;433,000;434,000;1,000;18/04/2023;-3,8277578;-60,3658395;22,500
AM;BR-230;733,200;734,000;0,800;19/04/2023;-7,4756882;-64,0654878;63,750
AM;BR-230;734,000;735,000;1,000;19/04/2023;-7,4756933;-64,0654943;63,750
AM;BR-230;735,000;736,000;1,000;19/04/2023;-7,4756933;-64,0654943;75,000
AM;BR-230;736,000;737,000;1,000;19/04/2023;-7,4756933;-64,0654943;82,500
AM;BR-230;737,000;738,000;1,000;19/04/2023;-7,4756933;-64,0654943;86,250
AM;BR-230;738,000;739,000;1,000;19/04/2023;-7,4756933;-64,0654943;71,250
AM;BR-230;739,000;740,000;1,000;19/04/2023;-7,4756933;-64,0654943;71,250
AM;BR-230;740,000;741,000;1,000;19/04/2023;-7,4756933;-64,0654943;75,000
AM;BR-230;741,000;742,000;1,000;19/04/2023;-7,4756933;-64,0654943;75,000
AM;BR-230;742,000;743,000;1,000;19/04/2023;-7,4756933;-64,0654943;81,250
AM;BR-230;743,000;744,000;1,000;19/04/2023;-7,4756933;-64,0654943;90,000
AM;BR-230;744,000;745,000;1,000;19/04/2023;-7,4756933;-64,0654943;78,750
AM;BR-230;745,000;746,000;1,000;19/04/2023;-7,4756933;-64,0654943;63,750
AM;BR-230;746,000;747,000;1,000;19/04/2023;-7,4756933;-64,0654943;71,250
AM;BR-230;747,000;748,000;1,000;19/04/2023;-7,4756933;-64,0654943;92,500
AM;BR-230;748,000;749,000;1,000;19/04/2023;-7,4756933;-64,0654943;96,250
AM;BR-230;749,000;750,000;1,000;19/04/2023;-7,4756933;-64,0654943;67,500
AM;BR-230;750,000;751,000;1,000;19/04/2023;-7,4756933;-64,0654943;63,750
AM;BR-230;751,000;752,000;1,000;19/04/2023;-7,4756933;-64,0654943;96,250
AM;BR-230;752,000;753,000;1,000;19/04/2023;-7,4756933;-64,0654943;65,000
AM;BR-230;753,000;754,000;1,000;19/04/2023;-7,4647129;-64,2433289;82,500
AM;BR-230;754,000;755,000;1,000;19/04/2023;-7,4647129;-64,2433289;100,000
AM;BR-230;755,000;756,000;1,000;19/04/2023;-7,4647129;-64,2433289;97,500
AM;BR-230;756,000;757,000;1,000;19/04/2023;-7,4647129;-64,2433289;95,000
AM;BR-230;757,000;758,000;1,000;19/04/2023;-7,4647129;-64,2433289;95,000
AM;BR-230;758,000;759,000;1,000;19/04/2023;-7,4647129;-64,2433289;97,500
AM;BR-230;759,000;760,000;1,000;19/04/2023;-7,4647129;-64,2433289;93,750
AM;BR-230;760,000;761,000;1,000;19/04/2023;-7,4647129;-64,2433289;93,750
AM;BR-230;761,000;762,000;1,000;19/04/2023;-7,4647129;-64,2433289;92,500
AM;BR-230;762,000;763,000;1,000;19/04/2023;-7,4647129;-64,2433289;95,000
AM;BR-230;763,000;764,000;1,000;19/04/2023;-7,4647129;-64,2433289;92,500
AM;BR-230;764,000;765,000;1,000;19/04/2023;-7,4647129;-64,2433289;91,250
AM;BR-230;765,000;766,000;1,000;19/04/2023;-7,4647129;-64,2433289;91,250
AM;BR-230;766,000;767,000;1,000;19/04/2023;-7,4647129;-64,2433289;91,250
AM;BR-230;767,000;768,000;1,000;19/04/2023;-7,4647129;-64,2433289;95,000
AM;BR-230;768,000;769,000;1,000;19/04/2023;-7,4647129;-64,2433289;91,250
AM;BR-230;769,000;770,000;1,000;19/04/2023;-7,4647129;-64,2433289;95,000
AM;BR-230;770,000;771,000;1,000;19/04/2023;-7,4647129;-64,2433289;91,250
AM;BR-230;771,000;772,000;1,000;19/04/2023;-7,4647129;-64,2433289;93,750
AM;BR-230;772,000;773,000;1,000;19/04/2023;-7,4647129;-64,2433289;92,500
AM;BR-230;773,000;774,000;1,000;19/04/2023;-7,4647129;-64,2433289;86,250
AM;BR-230;774,000;775,000;1,000;19/04/2023;-7,4647129;-64,2433289;90,000
AM;BR-230;775,000;776,000;1,000;19/04/2023;-7,4647129;-64,2433289;95,000
AM;BR-230;776,000;777,000;1,000;19/04/2023;-7,4647129;-64,2433289;90,000
AM;BR-230;777,000;778,000;1,000;19/04/2023;-7,4647129;-64,2433289;65,000
AM;BR-230;778,000;779,000;1,000;19/04/2023;-7,4647129;-64,2433289;65,000
AM;BR-230;779,000;780,000;1,000;19/04/2023;-7,4647129;-64,2433289;68,750
AM;BR-230;780,000;781,000;1,000;19/04/2023;-7,4647129;-64,2433289;65,000
AM;BR-230;781,000;782,000;1,000;19/04/2023;-7,4647129;-64,2433289;65,000
AM;BR-230;782,000;783,000;1,000;19/04/2023;-7,4647129;-64,2433289;65,000
AM;BR-230;783,000;784,000;1,000;19/04/2023;-7,4647129;-64,2433289;65,000
AM;BR-230;784,000;785,000;1,000;19/04/2023;-7,4647129;-64,2433289;70,000
AM;BR-230;785,000;786,000;1,000;19/04/2023;-7,4647129;-64,2433289;58,750
AM;BR-230;786,000;787,000;1,000;19/04/2023;-7,4647129;-64,2433289;65,000
AM;BR-230;787,000;788,000;1,000;19/04/2023;-7,4647129;-64,2433289;56,250
AM;BR-230;788,000;789,000;1,000;19/04/2023;-7,4647129;-64,2433289;65,000
AM;BR-230;789,000;790,000;1,000;19/04/2023;-7,4647129;-64,2433289;65,000
AM;BR-230;790,000;791,000;1,000;19/04/2023;-7,5190925;-63,0311308;68,750
AM;BR-230;791,000;792,000;1,000;19/04/2023;-7,5190925;-63,0311308;65,000
AM;BR-230;792,000;793,000;1,000;19/04/2023;-7,5190925;-63,0311308;65,000
AM;BR-230;793,000;794,000;1,000;19/04/2023;-7,5190925;-63,0311308;65,000
AM;BR-230;794,000;795,000;1,000;19/04/2023;-7,5190925;-63,0311308;65,000
AM;BR-230;795,000;796,000;1,000;19/04/2023;-7,5190925;-63,0311308;68,750
AM;BR-230;796,000;797,000;1,000;19/04/2023;-7,5190925;-63,0311308;56,250
AM;BR-230;797,000;798,000;1,000;19/04/2023;-7,5190925;-63,0311308;65,000
AM;BR-230;798,000;799,000;1,000;19/04/2023;-7,5190925;-63,0311308;67,500
AM;BR-230;799,000;800,000;1,000;19/04/2023;-7,5190925;-63,0311308;68,750
AM;BR-230;800,000;801,000;1,000;19/04/2023;-7,5190925;-63,0311308;65,000
AM;BR-230;801,000;802,000;1,000;19/04/2023;-7,5190925;-63,0311308;96,250
AM;BR-230;802,000;803,000;1,000;19/04/2023;-7,5190925;-63,0311308;81,250
AM;BR-230;803,000;804,000;1,000;19/04/2023;-7,5190925;-63,0311308;68,750
AM;BR-230;804,000;805,000;1,000;19/04/2023;-7,5190925;-63,0311308;70,000
AM;BR-230;805,000;806,000;1,000;19/04/2023;-7,5190925;-63,0311308;82,500
AM;BR-230;806,000;807,000;1,000;19/04/2023;-7,5190925;-63,0311308;85,000
AM;BR-230;807,000;808,000;1,000;19/04/2023;-7,5190925;-63,0311308;85,000
AM;BR-230;808,000;809,000;1,000;19/04/2023;-7,5190925;-63,0311308;68,750
AM;BR-230;809,000;810,000;1,000;19/04/2023;-7,5190925;-63,0311308;78,750
AM;BR-230;810,000;811,000;1,000;19/04/2023;-7,5190925;-63,0311308;78,750
AM;BR-230;811,000;812,000;1,000;19/04/2023;-7,5190925;-63,0311308;81,250
AM;BR-230;812,000;813,000;1,000;19/04/2023;-7,5190925;-63,0311308;78,750
AM;BR-230;813,000;814,000;1,000;19/04/2023;-7,5190925;-63,0311308;97,500
AM;BR-230;814,000;815,000;1,000;19/04/2023;-7,5190925;-63,0311308;93,750
AM;BR-230;815,000;816,300;1,300;19/04/2023;-7,5190925;-63,0311308;93,750
TO;BR-242;500,000;501,000;1,000;20/04/2023;-11,7397606;-49,0831433;37,500
TO;BR-242;501,000;502,000;1,000;20/04/2023;-11,7397606;-49,0831433;37,500
TO;BR-242;502,000;503,000;1,000;20/04/2023;-11,7397606;-49,0831433;37,500
TO;BR-242;503,000;504,000;1,000;20/04/2023;-11,7397606;-49,0831433;51,250
TO;BR-242;504,000;505,000;1,000;20/04/2023;-11,7397606;-49,0831433;48,750
TO;BR-242;505,000;506,000;1,000;20/04/2023;-11,7397606;-49,0831433;37,500
TO;BR-242;32,000;31,000;1,000;19/04/2023;-12,6206084;-47,8693702;73,750
TO;BR-242;31,000;30,000;1,000;19/04/2023;-12,6206084;-47,8693702;67,500
TO;BR-242;30,000;29,000;1,000;19/04/2023;-12,6206084;-47,8693702;67,500
TO;BR-242;29,000;28,000;1,000;19/04/2023;-12,6206084;-47,8693702;73,750
TO;BR-242;28,000;27,000;1,000;19/04/2023;-12,6206084;-47,8693702;70,000
TO;BR-242;27,000;26,000;1,000;19/04/2023;-12,6206084;-47,8693702;46,250
TO;BR-242;26,000;25,000;1,000;19/04/2023;-12,4083724;-46,506417;46,250
TO;BR-242;25,000;24,000;1,000;19/04/2023;-12,4083724;-46,506417;46,250
TO;BR-242;24,000;23,000;1,000;19/04/2023;-12,4083724;-46,506417;50,000
TO;BR-010;136,000;137,000;1,000;18/04/2023;-12,3811582;-47,7586425;60,000
TO;BR-010;137,000;138,000;1,000;18/04/2023;-12,3811582;-47,7586425;66,250
TO;BR-010;138,000;139,000;1,000;18/04/2023;-12,3811582;-47,7586425;37,500
TO;BR-010;139,000;140,000;1,000;18/04/2023;-12,3811582;-47,7586425;45,000
TO;BR-010;140,000;141,000;1,000;18/04/2023;-12,3811582;-47,7586425;42,500
TO;BR-010;141,000;142,000;1,000;18/04/2023;-12,3811582;-47,7586425;37,500
TO;BR-010;142,000;143,000;1,000;18/04/2023;-12,3811582;-47,7586425;45,000
TO;BR-010;143,000;144,000;1,000;18/04/2023;-12,3811582;-47,7586425;45,000
MG;BR-367;336,700;337,000;0,300;20/04/2023;-16,1664141;-42,3092362;91,250
MG;BR-367;337,000;338,000;1,000;20/04/2023;-16,3486116;-42,2767483;95,000
MG;BR-367;338,000;339,000;1,000;20/04/2023;-16,3486116;-42,2767483;96,250
MG;BR-367;339,000;340,000;1,000;20/04/2023;-16,3486116;-42,2767483;98,750
MG;BR-367;340,000;341,000;1,000;20/04/2023;-16,3486116;-42,2767483;97,500
MG;BR-367;341,000;342,000;1,000;20/04/2023;-16,3486116;-42,2767483;95,000
MG;BR-367;342,000;343,000;1,000;20/04/2023;-16,3486116;-42,2767483;95,000
MG;BR-367;343,000;344,000;1,000;20/04/2023;-16,3486116;-42,2767483;96,250
MG;BR-367;344,000;345,000;1,000;20/04/2023;-16,3486116;-42,2767483;96,250
MG;BR-367;345,000;346,000;1,000;20/04/2023;-16,3486116;-42,2767483;96,250
MG;BR-367;346,000;347,000;1,000;20/04/2023;-16,3486116;-42,2767483;100,000
MG;BR-367;347,000;348,000;1,000;20/04/2023;-16,3486116;-42,2767483;95,000
MG;BR-367;348,000;349,000;1,000;20/04/2023;-16,3486116;-42,2767483;100,000
MG;BR-367;349,000;350,000;1,000;20/04/2023;-16,3486116;-42,2767483;100,000
MG;BR-367;350,000;351,000;1,000;20/04/2023;-16,3486116;-42,2767483;96,250
MG;BR-367;351,000;352,000;1,000;20/04/2023;-16,3486116;-42,2767483;92,500
MG;BR-367;352,000;353,000;1,000;20/04/2023;-16,3486116;-42,2767483;92,500
MG;BR-367;353,000;354,000;1,000;20/04/2023;-16,3486116;-42,2767483;100,000
MG;BR-367;354,000;355,000;1,000;20/04/2023;-16,3486116;-42,2767483;88,750
MG;BR-367;355,000;356,000;1,000;20/04/2023;-16,3486116;-42,2767483;88,750
MG;BR-367;356,000;357,000;1,000;20/04/2023;-16,3486116;-42,2767483;88,750
MG;BR-367;357,000;358,000;1,000;20/04/2023;-16,3486116;-42,2767483;92,500
MG;BR-367;358,000;359,000;1,000;20/04/2023;-16,3486116;-42,2767483;88,750
MG;BR-367;359,000;360,000;1,000;20/04/2023;-16,3486116;-42,2767483;96,250
MG;BR-367;360,000;361,000;1,000;20/04/2023;-16,3486116;-42,2767483;92,500
MG;BR-367;361,000;362,000;1,000;20/04/2023;-16,3486116;-42,2767483;100,000
MG;BR-367;362,000;362,700;0,700;20/04/2023;-16,3486116;-42,2767483;85,000
MG;BR-367;362,700;363,000;0,300;20/04/2023;-16,3486116;-42,2767483;42,500
MG;BR-367;363,000;364,000;1,000;20/04/2023;-16,3486116;-42,2767483;42,500
MG;BR-367;364,000;365,000;1,000;20/04/2023;-16,3486116;-42,2767483;42,500
MG;BR-367;365,000;366,000;1,000;20/04/2023;-16,3486116;-42,2767483;42,500
MG;BR-367;366,000;367,000;1,000;20/04/2023;-16,3486116;-42,2767483;42,500
MG;BR-367;367,000;368,000;1,000;20/04/2023;-16,3486116;-42,2767483;42,500
MG;BR-367;368,000;369,000;1,000;20/04/2023;-16,3486116;-42,2767483;42,500
MG;BR-367;369,000;370,000;1,000;20/04/2023;-16,3486116;-42,2767483;42,500
MG;BR-367;370,000;371,000;1,000;20/04/2023;-16,3486116;-42,2767483;42,500
MG;BR-367;371,000;372,000;1,000;20/04/2023;-16,3486116;-42,2767483;42,500
MG;BR-367;372,000;373,000;1,000;20/04/2023;-16,3486116;-42,2767483;42,500
MG;BR-367;373,000;374,000;1,000;20/04/2023;-16,3486116;-42,2767483;42,500
MG;BR-367;374,000;375,000;1,000;20/04/2023;-16,3486116;-42,2767483;42,500
MG;BR-367;375,000;376,000;1,000;20/04/2023;-16,3486116;-42,2767483;42,500
MG;BR-367;376,000;377,000;1,000;20/04/2023;-16,3486116;-42,2767483;42,500
MG;BR-367;377,000;378,000;1,000;20/04/2023;-16,3486116;-42,2767483;42,500
MG;BR-367;378,000;379,000;1,000;20/04/2023;-16,3486116;-42,2767483;42,500
MG;BR-367;379,000;380,000;1,000;20/04/2023;-16,3486116;-42,2767483;42,500
MG;BR-367;380,000;381,000;1,000;20/04/2023;-16,3486116;-42,2767483;40,000
MG;BR-367;381,000;382,000;1,000;20/04/2023;-16,3486116;-42,2767483;42,500
MG;BR-367;382,000;383,000;1,000;20/04/2023;-16,3486116;-42,2767483;42,500
MG;BR-367;383,000;384,000;1,000;20/04/2023;-16,3486116;-42,2767483;42,500
MG;BR-367;384,000;384,400;0,400;20/04/2023;-16,3486116;-42,2767483;42,500
MG;BR-367;384,400;386,000;1,600;20/04/2023;-16,3486116;-42,2767483;0,000
MG;BR-367;386,000;387,000;1,000;20/04/2023;-16,3486116;-42,2767483;42,500
MG;BR-367;387,000;388,000;1,000;20/04/2023;-16,3486116;-42,2767483;42,500
MG;BR-367;388,000;389,000;1,000;20/04/2023;-16,3486116;-42,2767483;40,000
MG;BR-367;389,000;390,000;1,000;20/04/2023;-16,3486116;-42,2767483;42,500
MG;BR-367;390,000;391,000;1,000;20/04/2023;-16,3486116;-42,2767483;40,000
MG;BR-367;391,000;392,000;1,000;20/04/2023;-16,3486116;-42,2767483;40,000
MG;BR-367;392,000;393,000;1,000;20/04/2023;-16,3486116;-42,2767483;40,000
MG;BR-367;393,000;394,000;1,000;20/04/2023;-16,3486116;-42,2767483;33,750
MG;BR-367;394,000;395,000;1,000;20/04/2023;-16,3486116;-42,2767483;33,750
MG;BR-367;395,000;396,000;1,000;20/04/2023;-16,3486116;-42,2767483;40,000
MG;BR-367;396,000;397,000;1,000;20/04/2023;-16,3486116;-42,2767483;40,000
MG;BR-367;397,000;398,000;1,000;20/04/2023;-16,3486116;-42,2767483;42,500
MG;BR-367;398,000;399,000;1,000;20/04/2023;-16,3486116;-42,2767483;40,000
MG;BR-367;399,000;400,000;1,000;20/04/2023;-16,3486116;-42,2767483;40,000
MG;BR-367;400,000;401,000;1,000;20/04/2023;-16,3486116;-42,2767483;33,750
MG;BR-367;401,000;402,000;1,000;20/04/2023;-16,3486116;-42,2767483;40,000
MG;BR-367;402,000;403,000;1,000;20/04/2023;-16,3486116;-42,2767483;40,000
MG;BR-367;403,000;404,000;1,000;20/04/2023;-16,3486116;-42,2767483;42,500
MG;BR-367;404,000;405,000;1,000;20/04/2023;-16,3486116;-42,2767483;42,500
MG;BR-367;405,000;405,700;0,700;20/04/2023;-16,3486116;-42,2767483;40,000
GO;BR-070;67,300;68,000;0,700;18/04/2023;-15,7860609;-48,7990409;0,000
GO;BR-070;68,000;69,000;1,000;18/04/2023;-15,7844743;-48,7710717;0,000
GO;BR-070;69,000;70,000;1,000;18/04/2023;-15,7822075;-48,7943808;0,000
GO;BR-070;70,000;71,000;1,000;18/04/2023;-15,8002591;-48,7899308;0,000
GO;BR-070;71,000;72,000;1,000;18/04/2023;-15,7739081;-48,766691;0,000
GO;BR-070;72,000;73,000;1,000;18/04/2023;-15,7857494;-48,7899308;0,000
GO;BR-070;73,000;74,000;1,000;18/04/2023;-15,7960649;-48,7858474;12,500
GO;BR-070;74,000;75,000;1,000;18/04/2023;-15,7857494;-48,7899308;0,000
GO;BR-070;75,000;76,000;1,000;18/04/2023;-15,7960649;-48,7858474;0,000
GO;BR-070;76,000;77,000;1,000;18/04/2023;-15,7960649;-48,7858474;0,000
GO;BR-070;77,000;78,000;1,000;18/04/2023;-15,7883712;-48,8720853;0,000
GO;BR-070;78,000;79,000;1,000;18/04/2023;-15,789798;-48,8797751;0,000
GO;BR-070;79,000;80,000;1,000;18/04/2023;-15,789798;-48,8797751;0,000
GO;BR-070;80,000;81,000;1,000;18/04/2023;-15,789798;-48,8797751;31,250
GO;BR-070;81,000;82,000;1,000;18/04/2023;-15,789798;-48,8797751;0,000
GO;BR-070;82,000;83,000;1,000;18/04/2023;-15,789798;-48,8797751;0,000
GO;BR-070;83,000;84,000;1,000;18/04/2023;-15,789798;-48,8797751;5,000
GO;BR-070;84,000;85,000;1,000;18/04/2023;-15,789798;-48,8797751;0,000
GO;BR-070;85,000;86,000;1,000;18/04/2023;-15,789798;-48,8797751;15,000
GO;BR-070;86,000;87,000;1,000;18/04/2023;-15,7782126;-48,9385863;5,000
GO;BR-070;87,000;88,000;1,000;18/04/2023;-15,7782126;-48,9385863;5,000
GO;BR-070;88,000;89,000;1,000;18/04/2023;-15,7817962;-48,9543533;5,000
GO;BR-070;89,000;90,000;1,000;18/04/2023;-15,7817962;-48,9543533;5,000
GO;BR-070;90,000;91,000;1,000;18/04/2023;-15,7817962;-48,9543533;32,500
GO;BR-070;91,000;92,000;1,000;18/04/2023;-15,7817962;-48,9543533;26,250
GO;BR-070;92,000;93,000;1,000;18/04/2023;-15,7817962;-48,9543533;7,500
GO;BR-070;93,000;94,000;1,000;18/04/2023;-15,7817962;-48,9543533;0,000
GO;BR-070;94,000;95,000;1,000;18/04/2023;-15,7817962;-48,9543533;0,000
GO;BR-070;95,000;96,000;1,000;18/04/2023;-15,7817962;-48,9543533;0,000
GO;BR-070;96,000;97,000;1,000;18/04/2023;-15,7817962;-48,9543533;20,000
GO;BR-070;97,000;98,000;1,000;18/04/2023;-15,7817962;-48,9543533;0,000
GO;BR-070;98,000;99,000;1,000;18/04/2023;-15,7850929;-49,0351597;31,250
GO;BR-070;99,000;100,000;1,000;18/04/2023;-15,802025;-49,0247498;31,250
GO;BR-070;100,000;101,000;1,000;18/04/2023;-15,783562;-49,0538966;35,000
GO;BR-070;101,000;102,000;1,000;18/04/2023;-15,783562;-49,0538966;12,500
GO;BR-070;102,000;103,000;1,000;18/04/2023;-15,783562;-49,0538966;18,750
GO;BR-070;103,000;104,000;1,000;18/04/2023;-15,7931615;-49,0805037;12,500
GO;BR-070;104,000;105,000;1,000;18/04/2023;-15,7931615;-49,0805037;7,500
GO;BR-070;105,000;106,000;1,000;18/04/2023;-15,7931615;-49,0805037;12,500
GO;BR-070;106,000;107,000;1,000;18/04/2023;-15,7931615;-49,0805037;5,000
GO;BR-070;107,000;108,000;1,000;18/04/2023;-15,7931615;-49,0805037;5,000
GO;BR-070;108,000;109,000;1,000;18/04/2023;-15,7931615;-49,0805037;12,500
GO;BR-070;109,000;110,000;1,000;18/04/2023;-15,7931615;-49,0805037;5,000
GO;BR-070;110,000;111,000;1,000;18/04/2023;-15,7931615;-49,0805037;12,500
GO;BR-070;111,000;112,000;1,000;18/04/2023;-15,7931615;-49,0805037;12,500
GO;BR-070;112,000;113,000;1,000;18/04/2023;-15,7931615;-49,0805037;5,000
GO;BR-070;113,000;114,000;1,000;18/04/2023;-15,7931615;-49,0805037;0,000
GO;BR-070;114,000;115,000;1,000;18/04/2023;-15,7931615;-49,0805037;0,000
GO;BR-070;115,000;116,000;1,000;18/04/2023;-15,7931615;-49,0805037;0,000
GO;BR-070;116,000;117,000;1,000;18/04/2023;-15,7931615;-49,0805037;0,000
GO;BR-070;117,000;118,000;1,000;18/04/2023;-15,7931615;-49,0805037;0,000
GO;BR-070;118,000;119,000;1,000;18/04/2023;-15,7931615;-49,0805037;0,000
GO;BR-070;119,000;120,000;1,000;18/04/2023;-15,7931615;-49,0805037;0,000
GO;BR-070;120,000;121,000;1,000;18/04/2023;-15,7651925;-49,3128255;0,000
GO;BR-070;121,000;122,000;1,000;18/04/2023;-15,7651925;-49,3128255;0,000
GO;BR-070;122,000;123,000;1,000;18/04/2023;-15,7631793;-49,3131425;0,000
GO;BR-070;123,000;124,000;1,000;18/04/2023;-15,7631793;-49,3131425;0,000
GO;BR-070;124,000;125,000;1,000;18/04/2023;-15,7631793;-49,3131425;0,000
GO;BR-070;125,000;126,000;1,000;18/04/2023;-15,7631793;-49,3131425;0,000
GO;BR-070;126,000;127,000;1,000;18/04/2023;-15,7631793;-49,3131425;12,500
BA;BR-030;281,700;280,000;1,700;24/04/2023;-13,9530278;-43,1297434;47,500
BA;BR-030;280,000;279,000;1,000;24/04/2023;-14,28645;-43,784905;46,250
BA;BR-030;279,000;278,000;1,000;24/04/2023;-14,28645;-43,784905;46,250
BA;BR-030;278,000;277,000;1,000;24/04/2023;-14,28645;-43,784905;46,250
BA;BR-030;277,000;276,000;1,000;24/04/2023;-14,28645;-43,784905;27,500
BA;BR-030;276,000;275,000;1,000;24/04/2023;-14,28645;-43,784905;27,500
BA;BR-030;275,000;274,000;1,000;24/04/2023;-14,28645;-43,784905;35,000
BA;BR-030;274,000;273,000;1,000;24/04/2023;-14,28645;-43,784905;35,000
BA;BR-030;273,000;272,000;1,000;24/04/2023;-14,28645;-43,784905;47,500
BA;BR-030;272,000;271,000;1,000;24/04/2023;-14,28645;-43,784905;35,000
BA;BR-030;271,000;270,000;1,000;24/04/2023;-14,28645;-43,784905;20,000
BA;BR-030;270,000;269,000;1,000;24/04/2023;-14,23358;-43,860555;27,500
BA;BR-030;269,000;268,000;1,000;24/04/2023;-14,23358;-43,860555;27,500
BA;BR-030;268,000;267,000;1,000;24/04/2023;-14,23358;-43,860555;20,000
BA;BR-030;267,000;266,000;1,000;24/04/2023;-14,23358;-43,860555;27,500
BA;BR-030;266,000;265,000;1,000;24/04/2023;-14,23358;-43,860555;27,500
BA;BR-030;265,000;264,000;1,000;24/04/2023;-14,23358;-43,860555;35,000
BA;BR-030;264,000;263,000;1,000;24/04/2023;-14,23358;-43,860555;27,500
BA;BR-030;263,000;262,000;1,000;24/04/2023;-14,23358;-43,860555;35,000
BA;BR-030;262,000;261,000;1,000;24/04/2023;-14,2111166;-43,9378316;27,500
BA;BR-030;261,000;260,000;1,000;24/04/2023;-14,2111166;-43,9378316;35,000
BA;BR-030;260,000;259,000;1,000;24/04/2023;-14,2083616;-43,9488416;55,000
BA;BR-030;259,000;258,000;1,000;24/04/2023;-14,20589;-43,9580516;75,000
BA;BR-030;258,000;257,000;1,000;24/04/2023;-14,20589;-43,9580516;75,000
BA;BR-030;257,000;256,000;1,000;24/04/2023;-14,20589;-43,9580516;67,500
BA;BR-030;256,000;255,000;1,000;24/04/2023;-14,20589;-43,9580516;78,750
BA;BR-030;255,000;254,000;1,000;24/04/2023;-14,208475;-44,0049783;82,500
BA;BR-030;254,000;253,000;1,000;24/04/2023;-14,208475;-44,0049966;75,000
BA;BR-030;253,000;252,000;1,000;24/04/2023;-14,208475;-44,0049966;75,000
BA;BR-030;252,000;251,000;1,000;24/04/2023;-14,208475;-44,0049966;75,000
BA;BR-030;251,000;250,000;1,000;24/04/2023;-14,2076683;-44,0364333;78,750
BA;BR-030;250,000;249,000;1,000;24/04/2023;-14,2076683;-44,0364333;82,500
BA;BR-030;249,000;248,000;1,000;24/04/2023;-14,2076683;-44,0364333;75,000
BA;BR-030;248,000;247,000;1,000;24/04/2023;-14,2076683;-44,0364333;60,000
BA;BR-030;247,000;246,000;1,000;24/04/2023;-14,2076683;-44,0364333;75,000
BA;BR-030;246,000;245,000;1,000;24/04/2023;-14,2076683;-44,0364333;75,000
BA;BR-030;245,000;244,000;1,000;24/04/2023;-14,2076683;-44,0364333;68,750
BA;BR-030;244,000;243,000;1,000;24/04/2023;-14,2076683;-44,0364333;68,750
BA;BR-030;243,000;242,000;1,000;24/04/2023;-14,2076683;-44,0364333;75,000
BA;BR-030;242,000;241,000;1,000;24/04/2023;-14,2076683;-44,0364333;58,750
BA;BR-030;241,000;240,000;1,000;24/04/2023;-14,2251833;-44,1400383;40,000
BA;BR-030;240,000;239,000;1,000;24/04/2023;-14,225425;-44,14158;61,250
BA;BR-030;239,000;238,000;1,000;24/04/2023;-14,225425;-44,14158;82,500
BA;BR-030;238,400;237,000;1,400;24/04/2023;-14,2306666;-44,1535733;45,000
BA;BR-030;237,000;236,000;1,000;24/04/2023;-14,2306666;-44,1535733;10,000
BA;BR-030;236,000;235,000;1,000;24/04/2023;-14,2306666;-44,1535733;45,000
BA;BR-030;235,000;234,000;1,000;24/04/2023;-14,2288183;-44,1758483;27,500
BA;BR-030;234,000;233,000;1,000;24/04/2023;-14,2288183;-44,1758483;27,500
BA;BR-030;233,000;232,000;1,000;24/04/2023;-14,2288183;-44,1758483;27,500
BA;BR-030;232,000;231,000;1,000;24/04/2023;-14,2288183;-44,1758483;42,500
BA;BR-030;231,000;230,000;1,000;24/04/2023;-14,2288183;-44,1758483;52,500
BA;BR-030;230,000;229,000;1,000;24/04/2023;-14,2288183;-44,1758483;52,500
BA;BR-030;229,000;228,000;1,000;24/04/2023;-14,2288183;-44,1758483;40,000
BA;BR-030;228,000;227,000;1,000;24/04/2023;-14,2288183;-44,1758483;27,500
BA;BR-030;227,000;226,000;1,000;24/04/2023;-14,2048233;-44,2404416;27,500
BA;BR-030;226,000;225,000;1,000;24/04/2023;-14,2048233;-44,2404416;40,000
BA;BR-030;225,000;224,000;1,000;24/04/2023;-14,2048233;-44,2404416;27,500
BA;BR-030;224,000;223,000;1,000;24/04/2023;-14,2048233;-44,2404416;0,000
BA;BR-030;223,000;222,000;1,000;24/04/2023;-14,2048233;-44,2404416;40,000
BA;BR-030;222,000;221,000;1,000;24/04/2023;-14,2048233;-44,2404416;20,000
BA;BR-030;221,000;220,000;1,000;24/04/2023;-14,2048233;-44,2404416;20,000
BA;BR-030;220,000;219,000;1,000;24/04/2023;-14,2048233;-44,2404416;12,500
BA;BR-030;219,000;218,000;1,000;24/04/2023;-14,2048233;-44,2404416;20,000
BA;BR-030;218,000;217,000;1,000;24/04/2023;-14,2048233;-44,2404416;5,000
BA;BR-030;217,000;216,000;1,000;24/04/2023;-14,2260083;-44,3228883;5,000
BA;BR-030;216,000;215,000;1,000;24/04/2023;-14,2260083;-44,3228883;5,000
BA;BR-030;215,000;214,000;1,000;24/04/2023;-14,2260083;-44,3228883;5,000
BA;BR-030;214,000;213,000;1,000;24/04/2023;-14,2260083;-44,3228883;20,000
BA;BR-030;213,000;212,000;1,000;24/04/2023;-14,2260083;-44,3228883;25,000
BA;BR-030;212,000;211,000;1,000;24/04/2023;-14,2260083;-44,3228883;27,500
BA;BR-030;211,000;210,000;1,000;24/04/2023;-14,2260083;-44,3228883;25,000
BA;BR-030;210,000;209,000;1,000;24/04/2023;-14,2260083;-44,3228883;27,500
BA;BR-030;209,000;208,000;1,000;24/04/2023;-14,2260083;-44,3228883;20,000
BA;BR-030;208,000;207,000;1,000;24/04/2023;-14,2260083;-44,3228883;5,000
BA;BR-030;207,000;206,000;1,000;24/04/2023;-14,1916633;-44,4078566;20,000
BA;BR-030;206,000;205,000;1,000;24/04/2023;-14,1920766;-44,418525;20,000
BA;BR-030;205,000;204,000;1,000;24/04/2023;-14,1936283;-44,4274633;46,250
BA;BR-030;204,000;203,000;1,000;24/04/2023;-14,1936283;-44,4274633;40,000
BA;BR-030;203,000;202,000;1,000;24/04/2023;-14,1936283;-44,4274633;60,000
BA;BR-030;202,000;201,000;1,000;24/04/2023;-14,184535;-44,4576133;40,000
BA;BR-030;201,000;200,000;1,000;24/04/2023;-14,184535;-44,4576133;35,000
BA;BR-030;200,000;199,000;1,000;24/04/2023;-14,184535;-44,4576133;43,750
BA;BR-030;199,000;198,000;1,000;24/04/2023;-14,1843666;-44,483235;38,750
BA;BR-030;198,000;197,000;1,000;24/04/2023;-14,1872483;-44,4905916;30,000
BA;BR-030;197,000;196,000;1,000;24/04/2023;-14,1872483;-44,4905916;53,750
BA;BR-030;196,000;195,000;1,000;24/04/2023;-14,1872483;-44,4905916;46,250
BA;BR-030;195,000;194,000;1,000;24/04/2023;-14,1814266;-44,50962;57,500
BA;BR-030;194,000;193,000;1,000;24/04/2023;-14,1755683;-44,5157916;72,500
BA;BR-030;193,000;192,000;1,000;24/04/2023;-14,1755683;-44,5157916;0,000
AM;BR-307;1333,800;1334,000;0,200;24/04/2023;-0,1262131;-67,0330616;71,250
AM;BR-307;1334,000;1335,000;1,000;24/04/2023;-0,1262131;-67,0330616;52,500
AM;BR-307;1335,000;1336,000;1,000;24/04/2023;-0,11865241;-67,0275988;52,500
AM;BR-307;1336,000;1337,000;1,000;24/04/2023;-0,10961119;-67,0249021;61,250
AM;BR-307;1337,000;1338,000;1,000;24/04/2023;-0,10161812;-67,0216742;61,250
AM;BR-307;1338,000;1339,000;1,000;24/04/2023;-0,095226;-67,0149395;58,750
AM;BR-307;1339,000;1340,000;1,000;24/04/2023;-0,08655195;-67,0109845;58,750
AM;BR-307;1340,000;1341,000;1,000;24/04/2023;-0,08045621;-67,0056718;58,750
AM;BR-307;1341,000;1342,000;1,000;24/04/2023;-0,07305503;-67,0013458;61,250
AM;BR-307;1342,000;1343,000;1,000;24/04/2023;-0,06549493;-66,9980665;65,000
AM;BR-307;1343,000;1344,000;1,000;24/04/2023;-0,06194867;-66,9892496;61,250
AM;BR-307;1344,000;1345,000;1,000;24/04/2023;-0,06045032;-66,9805448;61,250
AM;BR-307;1345,000;1346,000;1,000;24/04/2023;-0,0577073;-66,971853;71,250
AM;BR-307;1346,000;1347,000;1,000;24/04/2023;-0,05160498;-66,9655153;61,250
AM;BR-307;1347,000;1348,000;1,000;24/04/2023;-0,04713676;-66,9580045;52,500
AM;BR-307;1348,000;1349,000;1,000;24/04/2023;-0,0445473;-66,9497164;61,250
AM;BR-307;1349,000;1350,000;1,000;24/04/2023;-0,04117203;-66,9421454;61,250
AM;BR-307;1350,000;1351,000;1,000;24/04/2023;-0,03341755;-66,9383977;61,250
AM;BR-307;1351,000;1352,000;1,000;24/04/2023;-0,02549892;-66,9330791;61,250
AM;BR-307;1352,000;1353,000;1,000;24/04/2023;-0,01620125;-66,9301551;75,000
AM;BR-307;1353,000;1354,000;1,000;24/04/2023;-0,01058927;-66,924584;78,750
AM;BR-307;1354,000;1355,000;1,000;24/04/2023;-0,00380488;-66,9195709;78,750
AM;BR-307;1355,000;1356,000;1,000;24/04/2023;0,004733637;-66,9154614;78,750
AM;BR-307;1356,000;1357,000;1,000;24/04/2023;0,012832819;-66,9111298;78,750
AM;BR-307;1357,000;1358,000;1,000;24/04/2023;0,016292617;-66,9031058;78,750
AM;BR-307;1358,000;1359,000;1,000;24/04/2023;0,017861165;-66,8941487;78,750
AM;BR-307;1359,000;1360,000;1,000;24/04/2023;0,016616033;-66,8862228;78,750
AM;BR-307;1360,000;1361,000;1,000;24/04/2023;0,019597434;-66,877714;78,750
AM;BR-307;1361,000;1362,000;1,000;24/04/2023;0,026881224;-66,8730016;78,750
AM;BR-307;1362,000;1363,000;1,000;24/04/2023;0,033956975;-66,8685663;78,750
AM;BR-307;1363,000;1364,000;1,000;24/04/2023;0,041657262;-66,863156;61,250
AM;BR-307;1364,000;1365,000;1,000;24/04/2023;0,048199044;-66,8562942;58,750
AM;BR-307;1365,000;1366,000;1,000;24/04/2023;0,054926611;-66,8511645;52,500
AM;BR-307;1366,000;1367,000;1,000;24/04/2023;0,061692693;-66,8460509;61,250
AM;BR-307;1367,000;1368,000;1,000;24/04/2023;0,066709597;-66,8390953;55,000
AM;BR-307;1368,000;1369,000;1,000;24/04/2023;0,069943754;-66,8305274;55,000
AM;BR-307;1369,000;1370,000;1,000;24/04/2023;0,077115017;-66,8260723;55,000
AM;BR-307;1370,000;1371,000;1,000;24/04/2023;0,085429488;-66,8209826;55,000
AM;BR-307;1371,000;1372,000;1,000;24/04/2023;0,093386177;-66,8172364;52,500
AM;BR-307;1372,000;1373,000;1,000;24/04/2023;0,101904831;-66,8152418;52,500
AM;BR-307;1373,000;1374,000;1,000;24/04/2023;0,110572432;-66,8132764;58,750
AM;BR-307;1374,000;1375,000;1,000;24/04/2023;0,118277748;-66,8091513;58,750
AM;BR-307;1375,000;1376,000;1,000;24/04/2023;0,125703192;-66,8041116;58,750
AM;BR-307;1376,000;1377,000;1,000;24/04/2023;0,136098177;-66,8013858;52,500
AM;BR-307;1377,000;1378,000;1,000;24/04/2023;0,142988772;-66,8007517;61,250
AM;BR-307;1378,000;1379,000;1,000;24/04/2023;0,148409348;-66,8008707;52,500
AM;BR-307;1379,000;1380,000;1,000;24/04/2023;0,160340694;-66,8010672;52,500
AM;BR-307;1380,000;1381,000;1,000;24/04/2023;0,168400523;-66,7996739;61,250
AM;BR-307;1381,000;1382,000;1,000;24/04/2023;0,177076756;-66,7968339;68,750
AM;BR-307;1382,000;1383,000;1,000;24/04/2023;0,185326267;-66,7920763;72,500
AM;BR-307;1383,000;1384,000;1,000;24/04/2023;0,191784733;-66,7864521;52,500
AM;BR-307;1384,000;1385,000;1,000;24/04/2023;0,199686647;-66,7832236;61,250
AM;BR-307;1385,000;1386,000;1,000;24/04/2023;0,20874585;-66,7833958;61,250
AM;BR-307;1386,000;1387,000;1,000;24/04/2023;0,217713606;-66,7835501;61,250
AM;BR-307;1387,000;1388,000;1,000;24/04/2023;0,226563639;-66,7809316;55,000
AM;BR-307;1388,000;1389,000;1,000;24/04/2023;0,234104418;-66,7797381;61,250
AM;BR-307;1389,000;1390,000;1,000;24/04/2023;0,238385098;-66,7731385;55,000
AM;BR-307;1390,000;1391,000;1,000;24/04/2023;0,238956366;-66,7645741;55,000
AM;BR-307;1391,000;1392,000;1,000;24/04/2023;0,235862941;-66,7568388;55,000
AM;BR-307;1392,000;1393,000;1,000;24/04/2023;0,230715195;-66,740318;55,000
AM;BR-307;1393,000;1394,000;1,000;24/04/2023;0,231591984;-66,7380159;55,000
AM;BR-307;1394,000;1395,000;1,000;24/04/2023;0,231470488;-66,7241067;67,500
AM;BR-307;1395,000;1396,000;1,000;24/04/2023;0,229806723;-66,6988828;78,750
AM;BR-307;1396,000;1397,000;1,000;24/04/2023;0,225166836;-66,6922252;52,500
AM;BR-307;1397,000;1398,000;1,000;24/04/2023;0,227216295;-66,6852738;52,500
AM;BR-307;1398,000;1399,000;1,000;24/04/2023;0,227790162;-66,6767251;61,250
AM;BR-307;1399,000;1400,000;1,000;24/04/2023;0,231151431;-66,6684023;61,250
AM;BR-307;1400,000;1401,000;1,000;24/04/2023;0,237237573;-66,6624039;67,500
AM;BR-307;1401,000;1402,000;1,000;24/04/2023;0,239861193;-66,6565053;52,500
AM;BR-307;1402,000;1403,000;1,000;24/04/2023;0,249601341;-66,6530961;58,750
AM;BR-307;1403,000;1404,000;1,000;24/04/2023;0,251838513;-66,6464044;52,500
AM;BR-307;1404,000;1405,000;1,000;24/04/2023;0,256808982;-66,6395377;61,250
AM;BR-307;1405,000;1406,000;1,000;24/04/2023;0,265373778;-66,6401942;58,750
AM;BR-307;1406,000;1407,000;1,000;24/04/2023;0,27249848;-66,6391833;58,750
AM;BR-307;1407,000;1408,000;1,000;24/04/2023;0,284042246;-66,6393055;52,500
AM;BR-307;1408,000;1409,000;1,000;24/04/2023;0,291122398;-66,6435751;52,500
AM;BR-307;1409,000;1410,000;1,000;24/04/2023;0,299746957;-66,64505;52,500
AM;BR-307;1410,000;1411,000;1,000;24/04/2023;0,308036869;-66,6488331;52,500
AM;BR-307;1411,000;1412,000;1,000;24/04/2023;0,315246605;-66,6511797;55,000
AM;BR-307;1412,000;1413,000;1,000;24/04/2023;0,323353246;-66,646343;52,500
AM;BR-307;1413,000;1414,000;1,000;24/04/2023;0,329658826;-66,6398504;52,500
AM;BR-307;1414,000;1415,000;1,000;24/04/2023;0,336408019;-66,6353054;52,500
AM;BR-307;1415,000;1416,000;1,000;24/04/2023;0,343277156;-66,6363765;52,500
AM;BR-307;1416,000;1417,000;1,000;24/04/2023;0,350350853;-66,6341812;52,500
AM;BR-307;1417,000;1418,000;1,000;24/04/2023;0,356809697;-66,641261;50,000
AM;BR-307;1418,000;1419,000;1,000;24/04/2023;0,362073909;-66,6482291;52,500
AM;BR-307;1419,000;1420,000;1,000;24/04/2023;0,368842715;-66,6528304;52,500
AM;BR-307;1420,000;1421,000;1,000;24/04/2023;0,376728535;-66,648804;50,000
AM;BR-307;1421,000;1422,000;1,000;24/04/2023;0,385393118;-66,6497073;77,500
AP;BR-156;662,340;662,640;0,300;25/04/2023;2,62944956;-51,3397929;31,250
AP;BR-156;662,840;663,000;0,160;25/04/2023;2,63327717;-51,3424099;72,500
AP;BR-156;663,000;663,120;0,120;25/04/2023;2,63540398;-51,3438727;68,750
AP;BR-156;668,850;669,300;0,450;25/04/2023;2,68425355;-51,3546962;68,750
AP;BR-156;670,450;671,000;0,550;25/04/2023;2,69723409;-51,3607169;58,750
AP;BR-156;671,000;672,000;1,000;25/04/2023;2,70150644;-51,3619325;68,750
AP;BR-156;672,000;673,000;1,000;25/04/2023;2,7106244;-51,3647161;76,250
AP;BR-156;673,000;674,000;1,000;25/04/2023;2,71967402;-51,3675312;78,750
AP;BR-156;674,000;675,000;1,000;25/04/2023;2,7282113;-51,369888;80,000
AP;BR-156;675,000;676,000;1,000;25/04/2023;2,73675538;-51,3724407;82,500
AP;BR-156;676,000;677,000;1,000;25/04/2023;2,74592217;-51,3727647;82,500
AP;BR-156;677,000;678,000;1,000;25/04/2023;2,75431214;-51,3759974;78,750
AP;BR-156;678,000;679,000;1,000;25/04/2023;2,75945454;-51,3827982;80,000
AP;BR-156;679,000;680,000;1,000;25/04/2023;2,76784598;-51,3817267;76,250
AP;BR-156;680,000;681,000;1,000;25/04/2023;2,77614301;-51,383026;80,000
AP;BR-156;681,000;682,000;1,000;25/04/2023;2,7837984;-51,3867976;82,500
AP;BR-156;682,000;683,000;1,000;25/04/2023;2,79319785;-51,3869977;76,250
AP;BR-156;683,000;684,000;1,000;25/04/2023;2,80162419;-51,3914686;76,250
AP;BR-156;684,000;685,000;1,000;25/04/2023;2,81145376;-51,3936041;76,250
AP;BR-156;685,000;686,000;1,000;25/04/2023;2,81852216;-51,3958939;76,250
AP;BR-156;686,000;687,000;1,000;25/04/2023;2,82735592;-51,398714;80,000
AP;BR-156;687,000;688,000;1,000;25/04/2023;2,83612747;-51,4014011;90,000
AP;BR-156;688,000;689,000;1,000;25/04/2023;2,84353805;-51,3975488;82,500
AP;BR-156;689,000;690,000;1,000;25/04/2023;2,8516966;-51,3945872;87,500
AP;BR-156;690,000;691,000;1,000;25/04/2023;2,86078072;-51,3947208;76,250
AP;BR-156;691,000;692,000;1,000;25/04/2023;2,86950221;-51,3946948;82,500
AP;BR-156;692,000;693,000;1,000;25/04/2023;2,8786859;-51,3967052;93,750
AP;BR-156;693,000;694,000;1,000;25/04/2023;2,88743503;-51,3964388;76,250
AP;BR-156;694,000;695,000;1,000;25/04/2023;2,89639638;-51,3978537;80,000
AP;BR-156;695,000;696,000;1,000;25/04/2023;2,90567278;-51,3994161;78,750
AP;BR-156;696,000;697,000;1,000;25/04/2023;2,91385743;-51,3987787;80,000
AP;BR-156;697,000;698,000;1,000;25/04/2023;2,92312759;-51,3979439;80,000
AP;BR-156;698,000;699,000;1,000;25/04/2023;2,93295191;-51,3989513;80,000
AP;BR-156;699,000;700,000;1,000;25/04/2023;2,93810928;-51,4046613;72,500
AP;BR-156;700,000;701,000;1,000;25/04/2023;2,94409115;-51,4113136;80,000
AP;BR-156;701,000;701,600;0,600;25/04/2023;2,95073513;-51,4175703;65,000
RR;BR-210;89,500;88,000;1,500;25/04/2023;0,8750141;-59,6840177;82,500
RR;BR-210;88,000;87,000;1,000;25/04/2023;0,8747867;-59,6588739;88,750
RR;BR-210;87,000;86,000;1,000;25/04/2023;0,8750141;-59,6840177;81,250
RR;BR-210;86,000;85,000;1,000;25/04/2023;0,8750141;-59,6840177;75,000
RR;BR-210;85,000;84,000;1,000;25/04/2023;0,8750141;-59,6840177;75,000
RR;BR-210;84,000;83,000;1,000;25/04/2023;0,8750141;-59,6840177;75,000
RR;BR-210;83,000;82,000;1,000;25/04/2023;0,8750141;-59,6840177;88,750
RR;BR-210;82,000;81,000;1,000;25/04/2023;0,8750141;-59,6840177;88,750
RR;BR-210;81,000;80,000;1,000;25/04/2023;0,8750141;-59,6840177;88,750
RR;BR-210;80,000;79,000;1,000;25/04/2023;0,8750141;-59,6840177;88,750
RR;BR-210;79,000;78,000;1,000;25/04/2023;0,8750141;-59,6840177;88,750
RR;BR-210;78,000;77,000;1,000;25/04/2023;0,8750141;-59,6840177;88,750
RR;BR-210;77,000;76,000;1,000;25/04/2023;0,8750141;-59,6840177;88,750
RR;BR-210;76,000;75,000;1,000;25/04/2023;0,8750141;-59,6840177;88,750
RR;BR-210;75,000;74,000;1,000;25/04/2023;0,8750141;-59,6840177;88,750
RR;BR-210;74,000;73,000;1,000;25/04/2023;0,8750141;-59,6840177;75,000
RR;BR-210;73,000;72,000;1,000;25/04/2023;0,8750141;-59,6840177;75,000
RR;BR-210;72,000;71,000;1,000;25/04/2023;0,8750141;-59,6840177;88,750
RR;BR-210;71,000;70,000;1,000;25/04/2023;0,8750141;-59,6840177;88,750
RR;BR-210;70,000;69,000;1,000;25/04/2023;0,8750141;-59,6840177;88,750
RR;BR-210;69,000;68,000;1,000;25/04/2023;0,8750141;-59,6840177;88,750
RR;BR-210;68,000;67,000;1,000;25/04/2023;0,8750141;-59,6840177;88,750
RR;BR-210;67,000;66,000;1,000;25/04/2023;0,8750141;-59,6840177;88,750
RR;BR-210;66,000;65,000;1,000;25/04/2023;0,8750141;-59,6840177;75,000
RR;BR-210;65,000;64,000;1,000;25/04/2023;0,8750141;-59,6840177;88,750
RR;BR-210;64,000;63,000;1,000;25/04/2023;0,8027848;-59,4298188;88,750
RR;BR-210;63,000;62,000;1,000;25/04/2023;0,8015002;-59,4298188;88,750
RR;BR-210;62,000;61,000;1,000;25/04/2023;0,8015002;-59,4298188;88,750
RR;BR-210;61,000;60,000;1,000;25/04/2023;0,7987654;-59,4293278;100,000
RR;BR-210;60,000;59,000;1,000;25/04/2023;0,7974699;-59,4298167;88,750
RR;BR-210;59,000;58,000;1,000;25/04/2023;0,7977439;-59,4103966;88,750
RR;BR-210;58,000;57,000;1,000;25/04/2023;0,7933311;-59,4092774;88,750
RR;BR-210;57,000;56,000;1,000;25/04/2023;0,7981835;-59,4014059;88,750
RR;BR-210;56,000;55,000;1,000;25/04/2023;0,7944703;-59,387022;88,750
RR;BR-210;55,000;54,000;1,000;25/04/2023;0,7944703;-59,387022;88,750
RR;BR-210;54,000;53,000;1,000;25/04/2023;0,7944703;-59,387022;88,750
RR;BR-210;53,000;52,000;1,000;25/04/2023;0,7944703;-59,387022;88,750
RR;BR-210;52,000;51,000;1,000;25/04/2023;0,7949602;-59,3841454;88,750
RR;BR-210;51,000;50,000;1,000;25/04/2023;0,7949602;-59,3841454;88,750
RR;BR-210;50,000;49,000;1,000;25/04/2023;0,7949602;-59,3841454;88,750
RR;BR-210;49,000;48,000;1,000;25/04/2023;0,7949602;-59,3841454;75,000
RR;BR-210;48,000;47,000;1,000;25/04/2023;0,7949602;-59,3841454;75,000
RR;BR-210;47,000;46,000;1,000;25/04/2023;0,7949602;-59,3841454;75,000
RR;BR-210;46,000;45,000;1,000;25/04/2023;0,7949602;-59,3841454;75,000
RR;BR-210;45,000;44,000;1,000;25/04/2023;0,7949602;-59,3841454;75,000
AM;BR-230;605,200;604,000;1,200;25/04/2023;0;0;7,500
AM;BR-230;604,000;603,000;1,000;25/04/2023;-7,4863398;-63,0120212;27,500
AM;BR-230;603,000;602,000;1,000;25/04/2023;-7,4863398;-63,0120212;27,500
AM;BR-230;602,000;601,000;1,000;25/04/2023;-7,4863398;-63,0120212;35,000
AM;BR-230;601,000;600,000;1,000;25/04/2023;-7,4863398;-63,0120212;2,500
AM;BR-230;600,000;599,000;1,000;25/04/2023;-7,4863398;-63,0120212;2,500
AM;BR-230;599,000;598,000;1,000;25/04/2023;-7,4863398;-63,0120212;27,500
AM;BR-230;598,000;597,000;1,000;25/04/2023;-7,4863398;-63,0120212;35,000
AM;BR-230;597,000;596,000;1,000;25/04/2023;-7,4863398;-63,0120212;52,500
AM;BR-230;596,000;595,000;1,000;25/04/2023;-7,4863398;-63,0120212;48,750
AM;BR-230;595,000;594,000;1,000;25/04/2023;-7,4863398;-63,0120212;27,500
AM;BR-230;594,000;593,000;1,000;25/04/2023;-7,4863398;-63,0120212;67,500
AM;BR-230;593,000;592,000;1,000;25/04/2023;-7,4863398;-63,0120212;83,750
AM;BR-230;592,000;591,000;1,000;25/04/2023;-7,4863398;-63,0120212;82,500
AM;BR-230;591,000;590,000;1,000;25/04/2023;-7,4863398;-63,0120212;78,750
AM;BR-230;590,000;589,000;1,000;25/04/2023;-7,4863398;-63,0120212;82,500
AM;BR-230;589,000;588,000;1,000;25/04/2023;-7,4863398;-63,0120212;97,500
AM;BR-230;588,000;587,000;1,000;25/04/2023;-7,4863398;-63,0120212;78,750
AM;BR-230;587,000;586,000;1,000;25/04/2023;-7,4863398;-63,0120212;87,500
AM;BR-230;586,000;585,000;1,000;25/04/2023;-7,4863398;-63,0120212;86,250
AM;BR-230;585,000;584,000;1,000;25/04/2023;-7,4863398;-63,0120212;71,250
AM;BR-230;584,000;583,000;1,000;25/04/2023;-7,4863398;-63,0120212;90,000
AM;BR-230;583,000;582,000;1,000;25/04/2023;-7,4863398;-63,0120212;91,250
AM;BR-230;582,000;581,000;1,000;25/04/2023;-7,4863398;-63,0120212;98,750
AM;BR-230;581,000;580,000;1,000;25/04/2023;-7,4863398;-63,0120212;91,250
AM;BR-230;580,000;579,000;1,000;25/04/2023;-7,4863398;-63,0120212;91,250
AM;BR-230;579,000;578,000;1,000;25/04/2023;-7,4863398;-63,0120212;90,000
AM;BR-230;578,000;577,000;1,000;25/04/2023;-7,4863398;-63,0120212;90,000
AM;BR-230;577,000;576,000;1,000;25/04/2023;-7,4863398;-63,0120212;86,250
AM;BR-230;576,000;575,000;1,000;25/04/2023;-7,4863398;-63,0120212;91,250
AM;BR-230;575,000;574,000;1,000;25/04/2023;-7,4863398;-63,0120212;90,000
AM;BR-230;574,000;573,000;1,000;25/04/2023;-7,4863398;-63,0120212;93,750
AM;BR-230;573,000;572,000;1,000;25/04/2023;-7,4863398;-63,0120212;90,000
AM;BR-230;572,000;571,000;1,000;25/04/2023;-7,4863398;-63,0120212;98,750
AM;BR-230;571,000;570,000;1,000;25/04/2023;-7,4863398;-63,0120212;95,000
AM;BR-230;570,000;569,000;1,000;25/04/2023;-7,4863398;-63,0120212;95,000
AM;BR-230;569,000;568,000;1,000;25/04/2023;-7,4863398;-63,0120212;95,000
AM;BR-230;568,000;567,000;1,000;25/04/2023;-7,4863398;-63,0120212;91,250
AM;BR-230;567,000;566,000;1,000;25/04/2023;-7,4863398;-63,0120212;95,000
AM;BR-230;566,000;565,000;1,000;25/04/2023;-7,4863398;-63,0120212;91,250
AM;BR-230;565,000;564,000;1,000;25/04/2023;-7,4863398;-63,0120212;95,000
AM;BR-230;564,000;563,000;1,000;25/04/2023;-7,4863398;-63,0120212;87,500
AM;BR-230;563,000;562,000;1,000;25/04/2023;-7,4863398;-63,0120212;83,750
AM;BR-230;562,000;561,000;1,000;25/04/2023;-7,4863398;-63,0120212;87,500
AM;BR-230;561,000;560,000;1,000;25/04/2023;-7,4863398;-63,0120212;83,750
AM;BR-230;560,000;559,000;1,000;25/04/2023;-7,4863398;-63,0120212;80,000
AM;BR-230;559,000;558,000;1,000;25/04/2023;-7,4863398;-63,0120212;68,750
AM;BR-230;558,000;557,000;1,000;25/04/2023;-7,4863398;-63,0120212;80,000
AM;BR-230;557,000;556,000;1,000;25/04/2023;-7,4863398;-63,0120212;72,500
AM;BR-230;556,000;555,000;1,000;25/04/2023;-7,4863398;-63,0120212;72,500
AM;BR-230;555,000;554,000;1,000;25/04/2023;-7,4863398;-63,0120212;68,750
AM;BR-230;554,000;553,000;1,000;25/04/2023;-7,4863398;-63,0120212;80,000
AM;BR-230;553,000;552,000;1,000;25/04/2023;-7,4863398;-63,0120212;72,500
AM;BR-230;552,000;551,000;1,000;25/04/2023;-7,4863398;-63,0120212;83,750
AM;BR-230;551,000;550,000;1,000;25/04/2023;-7,4863398;-63,0120212;68,750
AM;BR-230;550,000;549,000;1,000;25/04/2023;-7,4863398;-63,0120212;72,500
AM;BR-230;549,000;548,000;1,000;25/04/2023;-7,4863398;-63,0120212;68,750
AM;BR-230;548,000;547,000;1,000;25/04/2023;-7,4863398;-63,0120212;76,250
AM;BR-230;547,000;546,000;1,000;25/04/2023;-7,4863398;-63,0120212;72,500
AM;BR-230;546,000;545,000;1,000;25/04/2023;-7,4863398;-63,0120212;68,750
AM;BR-230;545,000;544,000;1,000;25/04/2023;-7,4863398;-63,0120212;72,500
AM;BR-230;544,000;543,000;1,000;25/04/2023;-7,4863398;-63,0120212;91,250
AM;BR-230;543,000;542,000;1,000;25/04/2023;-7,4863398;-63,0120212;83,750
AM;BR-230;542,000;541,000;1,000;25/04/2023;-7,4863398;-63,0120212;83,750
AM;BR-230;541,000;540,000;1,000;25/04/2023;-7,4863398;-63,0120212;71,250
AM;BR-230;540,000;539,000;1,000;25/04/2023;-7,4863398;-63,0120212;82,500
AM;BR-230;539,000;538,000;1,000;25/04/2023;-7,4863398;-63,0120212;68,750
AM;BR-230;538,000;537,000;1,000;25/04/2023;-7,4863398;-63,0120212;68,750
AM;BR-230;537,000;536,000;1,000;25/04/2023;-7,4863398;-63,0120212;80,000
AM;BR-230;536,000;535,000;1,000;25/04/2023;-7,4863398;-63,0120212;68,750
AM;BR-230;535,000;534,000;1,000;25/04/2023;-7,4863398;-63,0120212;68,750
AM;BR-230;534,000;533,000;1,000;25/04/2023;-7,4863398;-63,0120212;80,000
AM;BR-230;533,000;532,000;1,000;25/04/2023;-7,4863398;-63,0120212;95,000
AM;BR-230;532,000;531,000;1,000;25/04/2023;-7,4863398;-63,0120212;68,750
AM;BR-230;531,000;530,000;1,000;25/04/2023;-7,4863398;-63,0120212;80,000
AM;BR-230;530,000;529,000;1,000;25/04/2023;-7,4863398;-63,0120212;80,000
AM;BR-230;529,000;528,000;1,000;25/04/2023;-7,4863398;-63,0120212;80,000
AM;BR-230;528,000;527,000;1,000;25/04/2023;-7,4863398;-63,0120212;95,000
AM;BR-230;527,000;526,000;1,000;25/04/2023;-7,4863398;-63,0120212;83,750
AM;BR-230;526,000;525,000;1,000;25/04/2023;-7,4863398;-63,0120212;83,750
AM;BR-230;525,000;524,000;1,000;25/04/2023;-7,4863398;-63,0120212;76,250
AM;BR-230;524,000;523,000;1,000;25/04/2023;-7,4863398;-63,0120212;57,500
AM;BR-230;523,000;522,000;1,000;25/04/2023;-7,4863398;-63,0120212;76,250
AM;BR-230;522,000;521,000;1,000;25/04/2023;-7,4863398;-63,0120212;72,500
AM;BR-230;521,000;520,000;1,000;25/04/2023;-7,4863398;-63,0120212;51,250
AM;BR-230;520,000;519,000;1,000;25/04/2023;-7,4863398;-63,0120212;47,500
AM;BR-230;519,000;518,000;1,000;25/04/2023;-7,4863398;-63,0120212;61,250
AM;BR-230;518,000;517,000;1,000;25/04/2023;-7,4863398;-63,0120212;62,500
AM;BR-230;517,000;516,300;0,700;25/04/2023;-7,4863398;-63,0120212;71,250
AM;BR-230;516,300;515,000;1,300;25/04/2023;-7,4863398;-63,0120212;25,000
AM;BR-230;515,000;514,000;1,000;25/04/2023;-7,4863398;-63,0120212;53,750
AM;BR-230;514,000;513,000;1,000;25/04/2023;-7,4863398;-63,0120212;10,000
AM;BR-230;513,000;512,000;1,000;25/04/2023;-7,4863398;-63,0120212;17,500
AM;BR-230;512,000;511,000;1,000;25/04/2023;-7,4863398;-63,0120212;2,500
AM;BR-230;511,000;510,000;1,000;25/04/2023;-7,4863398;-63,0120212;15,000
AM;BR-230;510,000;509,000;1,000;25/04/2023;-7,4863398;-63,0120212;27,500
AM;BR-230;509,000;508,000;1,000;25/04/2023;-7,4863398;-63,0120212;2,500
AM;BR-230;508,000;507,000;1,000;25/04/2023;-7,4863398;-63,0120212;30,000
AM;BR-230;507,000;506,000;1,000;25/04/2023;-7,4863398;-63,0120212;42,500
AM;BR-230;506,000;505,000;1,000;25/04/2023;-7,4863398;-63,0120212;15,000
AM;BR-230;505,000;504,000;1,000;25/04/2023;-7,4863398;-63,0120212;15,000
AM;BR-230;504,000;503,000;1,000;25/04/2023;-7,4863398;-63,0120212;2,500
AM;BR-230;503,000;502,000;1,000;25/04/2023;-7,4863398;-63,0120212;27,500
AM;BR-230;502,000;501,000;1,000;25/04/2023;-7,4863398;-63,0120212;60,000
AM;BR-230;501,000;500,000;1,000;25/04/2023;-7,4863398;-63,0120212;42,500
AM;BR-230;500,000;499,000;1,000;25/04/2023;-7,4863398;-63,0120212;2,500
AM;BR-230;499,000;498,000;1,000;25/04/2023;-7,4863398;-63,0120212;37,500
AM;BR-230;498,000;497,000;1,000;25/04/2023;-7,4863398;-63,0120212;46,250
AM;BR-230;497,000;496,000;1,000;25/04/2023;-7,4863398;-63,0120212;27,500
AM;BR-230;496,000;495,000;1,000;25/04/2023;-7,4863398;-63,0120212;63,750
AM;BR-230;495,000;494,000;1,000;25/04/2023;-7,4863398;-63,0120212;46,250
AM;BR-230;494,000;493,000;1,000;25/04/2023;-7,4863398;-63,0120212;31,250
AM;BR-230;493,000;492,000;1,000;25/04/2023;-7,4863398;-63,0120212;37,500
AM;BR-230;492,000;491,000;1,000;25/04/2023;-7,4863398;-63,0120212;12,500
AM;BR-230;491,000;490,000;1,000;25/04/2023;-7,4863398;-63,0120212;12,500
AM;BR-230;490,000;489,000;1,000;25/04/2023;-7,4863398;-63,0120212;27,500
AM;BR-230;489,000;488,000;1,000;25/04/2023;-7,4863398;-63,0120212;22,500
AM;BR-230;488,000;487,000;1,000;25/04/2023;-7,4863398;-63,0120212;2,500
AM;BR-230;487,000;486,000;1,000;25/04/2023;-7,4863398;-63,0120212;42,500
AM;BR-230;486,000;485,000;1,000;25/04/2023;-7,4863398;-63,0120212;42,500
AM;BR-230;485,000;484,000;1,000;25/04/2023;-7,4863398;-63,0120212;21,250
AM;BR-230;484,000;483,000;1,000;25/04/2023;-7,4863398;-63,0120212;12,500
AM;BR-230;483,000;482,000;1,000;25/04/2023;-7,4863398;-63,0120212;2,500
AM;BR-230;482,000;481,000;1,000;25/04/2023;-7,4863398;-63,0120212;12,500
AM;BR-230;481,000;480,000;1,000;25/04/2023;-7,4863398;-63,0120212;10,000
AM;BR-230;480,000;479,000;1,000;25/04/2023;-7,4863398;-63,0120212;12,500
AM;BR-230;479,000;478,000;1,000;25/04/2023;-7,4863398;-63,0120212;2,500
AM;BR-230;478,000;477,000;1,000;25/04/2023;-7,4863398;-63,0120212;2,500
AM;BR-230;477,000;476,000;1,000;25/04/2023;-7,4863398;-63,0120212;2,500
AM;BR-230;476,000;475,000;1,000;25/04/2023;-7,4863398;-63,0120212;2,500
AM;BR-230;475,000;474,000;1,000;25/04/2023;-7,4863398;-63,0120212;2,500
AM;BR-230;474,000;473,000;1,000;25/04/2023;-7,4863398;-63,0120212;2,500
AM;BR-230;473,000;472,000;1,000;25/04/2023;-7,4863398;-63,0120212;2,500
AM;BR-230;472,000;471,000;1,000;25/04/2023;-7,4863398;-63,0120212;12,500
AM;BR-230;471,000;470,000;1,000;25/04/2023;-7,4863398;-63,0120212;12,500
AM;BR-230;470,000;469,000;1,000;25/04/2023;-7,4863398;-63,0120212;37,500
AM;BR-230;469,000;468,000;1,000;25/04/2023;-7,4863398;-63,0120212;15,000
AM;BR-230;468,000;467,000;1,000;25/04/2023;-7,4863398;-63,0120212;37,500
AM;BR-230;467,000;466,000;1,000;25/04/2023;-7,4863398;-63,0120212;25,000
AM;BR-230;466,000;465,000;1,000;25/04/2023;-7,4863398;-63,0120212;2,500
AM;BR-230;465,000;464,000;1,000;25/04/2023;-7,4863398;-63,0120212;27,500
AM;BR-230;464,000;463,000;1,000;25/04/2023;-7,4863398;-63,0120212;37,500
AM;BR-230;463,000;462,000;1,000;25/04/2023;-7,4863398;-63,0120212;75,000
AM;BR-230;462,000;461,000;1,000;25/04/2023;-7,4863398;-63,0120212;71,250
AM;BR-230;461,000;460,000;1,000;25/04/2023;-7,4863398;-63,0120212;82,500
AM;BR-230;460,000;459,000;1,000;25/04/2023;-7,4863398;-63,0120212;82,500
AM;BR-230;459,000;458,000;1,000;25/04/2023;-7,4863398;-63,0120212;82,500
AM;BR-230;458,000;457,000;1,000;25/04/2023;-7,4863398;-63,0120212;87,500
AM;BR-230;457,000;456,000;1,000;25/04/2023;-7,4863398;-63,0120212;75,000
AM;BR-230;456,000;455,000;1,000;25/04/2023;-7,4863398;-63,0120212;50,000
AM;BR-230;455,000;454,000;1,000;25/04/2023;-7,4863398;-63,0120212;70,000
AM;BR-230;454,000;453,000;1,000;25/04/2023;-7,4863398;-63,0120212;80,000
AM;BR-230;453,000;452,000;1,000;25/04/2023;-7,4863398;-63,0120212;70,000
AM;BR-230;452,000;451,000;1,000;25/04/2023;-7,4863398;-63,0120212;97,500
AM;BR-230;451,000;450,000;1,000;25/04/2023;-7,4863398;-63,0120212;75,000
AM;BR-230;450,000;449,000;1,000;25/04/2023;-7,4863398;-63,0120212;80,000
AM;BR-230;449,000;448,000;1,000;25/04/2023;-7,4863398;-63,0120212;82,500
AM;BR-230;448,000;447,000;1,000;25/04/2023;-7,4863398;-63,0120212;90,000
AM;BR-230;447,000;446,000;1,000;25/04/2023;-7,4863398;-63,0120212;90,000
AM;BR-230;446,000;445,000;1,000;25/04/2023;-7,4863398;-63,0120212;70,000
AM;BR-230;445,000;444,000;1,000;25/04/2023;-7,4863398;-63,0120212;72,500
AM;BR-230;444,000;443,000;1,000;25/04/2023;-7,4863398;-63,0120212;63,750
AM;BR-230;443,000;442,000;1,000;25/04/2023;-7,4863398;-63,0120212;65,000
AM;BR-230;442,000;441,000;1,000;25/04/2023;-7,4863398;-63,0120212;78,750
AM;BR-230;441,000;440,000;1,000;25/04/2023;-7,4863398;-63,0120212;80,000
AM;BR-230;440,000;439,000;1,000;25/04/2023;-7,4863398;-63,0120212;82,500
AM;BR-230;439,000;438,000;1,000;25/04/2023;-7,4863398;-63,0120212;72,500
AM;BR-230;438,000;437,000;1,000;25/04/2023;-7,4863398;-63,0120212;50,000
AM;BR-230;437,000;436,000;1,000;25/04/2023;-7,4863398;-63,0120212;57,500
AM;BR-230;436,000;435,000;1,000;25/04/2023;-7,4863398;-63,0120212;57,500
AM;BR-230;435,000;434,000;1,000;25/04/2023;-7,4863398;-63,0120212;62,500
AM;BR-230;434,000;433,000;1,000;25/04/2023;-7,4863398;-63,0120212;72,500
AM;BR-230;433,000;432,000;1,000;25/04/2023;-7,4863398;-63,0120212;47,500
AM;BR-230;432,000;431,000;1,000;25/04/2023;-7,4863398;-63,0120212;70,000
AM;BR-230;431,000;430,000;1,000;25/04/2023;-7,4863398;-63,0120212;68,750
AM;BR-230;430,000;429,000;1,000;25/04/2023;-7,4863398;-63,0120212;40,000
AM;BR-230;429,000;428,000;1,000;25/04/2023;-7,4863398;-63,0120212;60,000
AM;BR-230;428,000;427,000;1,000;25/04/2023;-7,4863398;-63,0120212;80,000
AM;BR-230;427,000;426,000;1,000;25/04/2023;-7,4863398;-63,0120212;61,250
AM;BR-230;426,000;425,000;1,000;25/04/2023;-7,4863398;-63,0120212;47,500
AM;BR-230;425,000;424,000;1,000;25/04/2023;-7,4863398;-63,0120212;43,750
AM;BR-230;424,000;423,000;1,000;25/04/2023;-7,4863398;-63,0120212;68,750
AM;BR-230;423,000;422,000;1,000;25/04/2023;-7,4863398;-63,0120212;68,750
AM;BR-230;422,000;421,000;1,000;25/04/2023;-7,4863398;-63,0120212;66,250
AM;BR-230;421,000;420,000;1,000;25/04/2023;-7,4863398;-63,0120212;51,250
AM;BR-230;420,000;419,000;1,000;25/04/2023;-7,4863398;-63,0120212;51,250
AM;BR-230;419,000;418,000;1,000;25/04/2023;-7,4863398;-63,0120212;51,250
AM;BR-230;418,000;417,000;1,000;25/04/2023;-7,4863398;-63,0120212;58,750
AM;BR-230;417,000;416,000;1,000;25/04/2023;-7,4863398;-63,0120212;43,750
AM;BR-230;416,000;415,000;1,000;25/04/2023;-7,4863398;-63,0120212;55,000
AM;BR-230;415,000;414,000;1,000;25/04/2023;-7,4863398;-63,0120212;51,250
AM;BR-230;414,000;413,000;1,000;25/04/2023;-7,4863398;-63,0120212;63,750
AM;BR-230;413,000;412,000;1,000;25/04/2023;-7,4863398;-63,0120212;43,750
AM;BR-230;412,000;411,000;1,000;25/04/2023;-7,4863398;-63,0120212;75,000
AM;BR-230;411,000;410,000;1,000;25/04/2023;-7,4863398;-63,0120212;57,500
AM;BR-230;410,000;409,000;1,000;25/04/2023;-7,4863398;-63,0120212;55,000
AM;BR-230;409,000;408,000;1,000;25/04/2023;-7,4863398;-63,0120212;70,000
AM;BR-230;408,000;407,000;1,000;25/04/2023;-7,4863398;-63,0120212;60,000
AM;BR-230;407,000;406,000;1,000;25/04/2023;-7,4863398;-63,0120212;47,500
AM;BR-230;406,000;405,000;1,000;25/04/2023;-7,4863398;-63,0120212;52,500
AM;BR-230;405,000;404,000;1,000;25/04/2023;-7,4863398;-63,0120212;52,500
AM;BR-230;404,000;403,000;1,000;25/04/2023;-7,4863398;-63,0120212;48,750
AM;BR-230;403,000;402,000;1,000;25/04/2023;-7,4863398;-63,0120212;42,500
AM;BR-230;402,000;401,000;1,000;25/04/2023;-7,4863398;-63,0120212;48,750
AM;BR-230;401,000;400,600;0,400;25/04/2023;-7,4863398;-63,0120212;21,250
PR;BR-158;229,500;230,000;0,500;25/04/2023;-24,0533343;-52,3825072;63,750
PR;BR-158;230,000;231,000;1,000;25/04/2023;-24,1197635;-52,4353909;62,500
PR;BR-158;231,000;232,000;1,000;25/04/2023;-24,1197635;-52,4353909;52,500
PR;BR-158;232,000;233,000;1,000;25/04/2023;-24,0799012;-52,3911161;57,500
PR;BR-158;233,000;234,000;1,000;25/04/2023;-24,1197635;-52,4353909;43,750
PR;BR-158;234,000;235,000;1,000;25/04/2023;-24,0914322;-52,4214064;51,250
PR;BR-158;235,000;236,000;1,000;25/04/2023;-24,2038676;-52,2890246;61,250
PR;BR-158;236,000;237,000;1,000;25/04/2023;-24,1197635;-52,4353909;77,500
PR;BR-158;237,000;238,000;1,000;25/04/2023;-24,1197635;-52,4353909;88,750
PR;BR-158;238,000;239,000;1,000;25/04/2023;-24,2259385;-52,2737404;78,750
PR;BR-158;239,000;240,000;1,000;25/04/2023;-24,2259385;-52,2737404;77,500
PR;BR-158;240,000;241,000;1,000;25/04/2023;-24,2259385;-52,2737404;72,500
PR;BR-158;241,000;242,000;1,000;25/04/2023;-24,2259385;-52,2737404;55,000
PR;BR-158;242,000;243,000;1,000;25/04/2023;-24,2038676;-52,2890246;65,000
PR;BR-158;243,000;244,000;1,000;25/04/2023;-24,2038676;-52,2890246;75,000
PR;BR-158;244,000;245,000;1,000;25/04/2023;-24,2038676;-52,2890246;88,750
PR;BR-158;245,000;246,000;1,000;25/04/2023;-24,2038676;-52,2890246;68,750
PR;BR-158;246,000;247,000;1,000;25/04/2023;-24,2038676;-52,2890246;68,750
PR;BR-158;247,000;248,000;1,000;25/04/2023;-24,2038676;-52,2890246;68,750
PR;BR-158;248,000;249,000;1,000;25/04/2023;-24,2038676;-52,2890246;56,250
PR;BR-158;249,000;250,000;1,000;25/04/2023;-24,2038676;-52,2890246;73,750
PR;BR-158;250,000;251,000;1,000;25/04/2023;-24,2261845;-52,2724115;62,500
PR;BR-158;251,000;252,000;1,000;25/04/2023;-24,2261845;-52,2724115;50,000
PR;BR-158;252,000;253,000;1,000;25/04/2023;-24,2038676;-52,2890246;50,000
PR;BR-158;253,000;254,000;1,000;25/04/2023;-24,2038676;-52,2890246;30,000
PR;BR-158;254,000;255,000;1,000;25/04/2023;-24,2038676;-52,2890246;42,500
PR;BR-158;255,000;256,000;1,000;25/04/2023;-24,2801178;-52,280053;42,500
PR;BR-158;256,000;257,000;1,000;25/04/2023;-24,2801178;-52,280053;42,500
PR;BR-158;257,000;258,000;1,000;25/04/2023;-24,2801178;-52,280053;42,500
PR;BR-158;258,000;259,000;1,000;25/04/2023;-24,2801178;-52,280053;42,500
PR;BR-158;259,000;260,000;1,000;25/04/2023;-24,2801178;-52,280053;42,500
PR;BR-158;260,000;261,000;1,000;25/04/2023;-24,2038676;-52,2890246;42,500
PR;BR-158;261,000;262,000;1,000;25/04/2023;-24,2038676;-52,2890246;50,000
PR;BR-158;262,000;263,000;1,000;25/04/2023;-24,2038676;-52,2890246;50,000
PR;BR-158;263,000;264,000;1,000;25/04/2023;-24,2038676;-52,2890246;42,500
PR;BR-158;264,000;265,000;1,000;25/04/2023;-24,2038676;-52,2890246;42,500
PR;BR-158;265,000;266,000;1,000;25/04/2023;-24,2038676;-52,2890246;50,000
PR;BR-158;266,000;267,000;1,000;25/04/2023;-24,2038676;-52,2890246;63,750
PR;BR-158;267,000;268,000;1,000;25/04/2023;-24,2038676;-52,2890246;63,750
PR;BR-158;268,000;269,000;1,000;25/04/2023;-24,2038676;-52,2890246;53,750
PR;BR-158;269,000;270,000;1,000;25/04/2023;-24,3238214;-52,5176899;53,750
PR;BR-158;270,000;271,000;1,000;25/04/2023;-24,3238214;-52,5176899;53,750
PR;BR-158;271,000;272,000;1,000;25/04/2023;-24,3238214;-52,5176899;67,500
PR;BR-158;272,000;273,000;1,000;25/04/2023;-24,3238214;-52,5176899;63,750
PR;BR-158;273,000;274,000;1,000;25/04/2023;-24,3238214;-52,5176899;50,000
PR;BR-158;274,000;275,000;1,000;25/04/2023;-24,3238214;-52,5176899;51,250
PR;BR-158;275,000;276,000;1,000;25/04/2023;-24,3238214;-52,5176899;57,500
PR;BR-158;276,000;277,000;1,000;25/04/2023;-24,3238214;-52,5176899;51,250
PR;BR-158;277,000;278,000;1,000;25/04/2023;-24,3238214;-52,5176899;51,250
PR;BR-158;278,000;279,000;1,000;25/04/2023;-24,3238214;-52,5176899;51,250
PR;BR-158;279,000;280,000;1,000;25/04/2023;-24,3238214;-52,5176899;51,250
PR;BR-158;280,000;281,000;1,000;25/04/2023;-24,3238214;-52,5176899;53,750
PR;BR-158;281,000;282,000;1,000;25/04/2023;-24,3238214;-52,5176899;51,250
PR;BR-158;282,000;283,000;1,000;25/04/2023;-24,3238214;-52,5176899;51,250
PR;BR-158;283,000;284,000;1,000;25/04/2023;-24,3238214;-52,5176899;51,250
PR;BR-158;284,000;285,000;1,000;25/04/2023;-24,3238214;-52,5176899;51,250
PR;BR-158;285,000;286,000;1,000;25/04/2023;-24,3238214;-52,5176899;60,000
PR;BR-158;286,000;287,000;1,000;25/04/2023;-24,3238214;-52,5176899;58,750
PR;BR-158;287,000;288,000;1,000;25/04/2023;-24,3238214;-52,5176899;52,500
PR;BR-158;288,000;289,000;1,000;25/04/2023;-24,3238214;-52,5176899;52,500
PR;BR-158;289,000;290,000;1,000;25/04/2023;-24,3238214;-52,5176899;51,250
PR;BR-158;290,000;291,000;1,000;25/04/2023;-24,3238214;-52,5176899;65,000
PR;BR-158;291,000;292,000;1,000;25/04/2023;-24,3238214;-52,5176899;65,000
PR;BR-158;292,000;293,000;1,000;25/04/2023;-24,3238214;-52,5176899;65,000
PR;BR-158;293,000;294,000;1,000;25/04/2023;-24,3238214;-52,5176899;65,000
PR;BR-158;294,000;295,000;1,000;25/04/2023;-24,3238214;-52,5176899;65,000
AP;BR-156;701,600;702,000;0,400;25/04/2023;2,95594066;-51,4209614;55,000
AP;BR-156;702,000;703,000;1,000;25/04/2023;2,95839726;-51,4225915;65,000
AP;BR-156;703,000;704,000;1,000;25/04/2023;2,96572226;-51,4272672;80,000
AP;BR-156;704,000;705,000;1,000;25/04/2023;2,97392858;-51,4314918;76,250
AP;BR-156;705,000;706,000;1,000;25/04/2023;2,98266205;-51,4351995;82,500
AP;BR-156;706,000;707,000;1,000;25/04/2023;2,99117638;-51,4388328;78,750
AP;BR-156;707,000;708,000;1,000;25/04/2023;2,99885451;-51,4420927;93,750
AP;BR-156;708,000;709,000;1,000;25/04/2023;3,00641241;-51,4478973;76,250
AP;BR-156;709,000;710,000;1,000;25/04/2023;3,01330825;-51,4529903;72,500
AP;BR-156;710,000;711,000;1,000;25/04/2023;3,02290005;-51,4554329;72,500
AP;BR-156;711,000;712,000;1,000;25/04/2023;3,03070332;-51,4571502;86,250
AP;BR-156;712,000;712,500;0,500;25/04/2023;3,03990627;-51,4597627;72,500
AP;BR-156;712,500;713,000;0,500;25/04/2023;3,0438616;-51,4612335;65,000
AP;BR-156;713,000;714,000;1,000;25/04/2023;3,04775605;-51,4637114;76,250
AP;BR-156;714,000;715,000;1,000;25/04/2023;3,05524217;-51,4687618;75,000
AP;BR-156;715,000;716,000;1,000;25/04/2023;3,06342888;-51,4729108;75,000
AP;BR-156;716,000;717,000;1,000;25/04/2023;3,07137473;-51,4766129;65,000
AP;BR-156;717,000;718,000;1,000;25/04/2023;3,07911422;-51,4802563;65,000
AP;BR-156;718,000;719,000;1,000;25/04/2023;3,0869917;-51,4856239;65,000
AP;BR-156;719,000;720,000;1,000;25/04/2023;3,09560757;-51,4905645;76,250
AP;BR-156;720,000;721,000;1,000;25/04/2023;3,10356536;-51,4927195;78,750
AP;BR-156;721,000;722,000;1,000;25/04/2023;3,11263915;-51,4937931;76,250
AP;BR-156;722,000;723,000;1,000;25/04/2023;3,12117385;-51,4970226;86,250
AP;BR-156;723,000;724,000;1,000;25/04/2023;3,12858714;-51,5013918;76,250
AP;BR-156;724,000;725,000;1,000;25/04/2023;3,13656089;-51,5061575;68,750
AP;BR-156;725,000;726,000;1,000;25/04/2023;3,14380204;-51,5102626;78,750
AP;BR-156;726,000;727,000;1,000;25/04/2023;3,15204671;-51,5152886;82,500
AP;BR-156;727,000;728,000;1,000;25/04/2023;3,15894478;-51,5197121;80,000
AP;BR-156;728,000;729,000;1,000;25/04/2023;3,16720827;-51,5250449;86,250
AP;BR-156;729,000;730,000;1,000;25/04/2023;3,17507839;-51,5284576;72,500
AP;BR-156;730,000;731,000;1,000;25/04/2023;3,1833499;-51,5318526;86,250
AP;BR-156;731,000;732,000;1,000;25/04/2023;3,18941038;-51,537817;93,750
AP;BR-156;732,000;733,000;1,000;25/04/2023;3,19259568;-51,5459155;85,000
AP;BR-156;733,000;734,000;1,000;25/04/2023;3,20056691;-51,5507112;87,500
AP;BR-156;734,000;735,000;1,000;25/04/2023;3,20910452;-51,5523325;87,500
AP;BR-156;735,000;736,000;1,000;25/04/2023;3,21833067;-51,5540989;86,250
AP;BR-156;736,000;737,000;1,000;25/04/2023;3,22648244;-51,5575606;80,000
AP;BR-156;737,000;738,000;1,000;25/04/2023;3,23407074;-51,561368;76,250
AP;BR-156;738,000;739,000;1,000;25/04/2023;3,24118146;-51,5669348;97,500
AP;BR-156;739,000;740,000;1,000;25/04/2023;3,24900697;-51,5715871;93,750
AP;BR-156;740,000;741,000;1,000;25/04/2023;3,25359907;-51,5791855;90,000
AP;BR-156;741,000;742,000;1,000;25/04/2023;3,25738877;-51,5874275;93,750
AP;BR-156;742,000;743,000;1,000;25/04/2023;3,26506083;-51,5928952;97,500
AP;BR-156;743,000;744,000;1,000;25/04/2023;3,27200004;-51,5976144;97,500
AP;BR-156;744,000;745,000;1,000;25/04/2023;3,27679907;-51,6052506;90,000
AP;BR-156;745,000;746,000;1,000;25/04/2023;3,28284915;-51,6115243;90,000
AP;BR-156;746,000;747,000;1,000;25/04/2023;3,2908047;-51,615525;93,750
AP;BR-156;747,000;748,000;1,000;25/04/2023;3,29936638;-51,6198423;90,000
AP;BR-156;748,000;749,000;1,000;25/04/2023;3,30675138;-51,623791;90,000
AP;BR-156;749,000;750,000;1,000;25/04/2023;3,31302442;-51,6297358;90,000
AP;BR-156;750,000;751,000;1,000;25/04/2023;3,31988225;-51,6360832;90,000
AP;BR-156;751,000;752,000;1,000;25/04/2023;3,32647168;-51,6429677;90,000
AP;BR-156;752,000;753,000;1,000;25/04/2023;3,33236929;-51,6501776;90,000
AP;BR-156;753,000;754,000;1,000;25/04/2023;3,33952027;-51,6542697;83,750
AP;BR-156;754,000;755,000;1,000;25/04/2023;3,34646219;-51,6592215;93,750
AP;BR-156;755,000;756,000;1,000;25/04/2023;3,35281339;-51,6667848;93,750
AP;BR-156;756,000;757,000;1,000;25/04/2023;3,35879083;-51,6719615;90,000
AP;BR-156;757,000;758,000;1,000;25/04/2023;3,36613968;-51,6781606;90,000
AP;BR-156;758,000;758,300;0,300;25/04/2023;3,37352992;-51,6854961;93,750
AP;BR-156;758,300;759,000;0,700;25/04/2023;3,37650019;-51,6907087;68,750
AP;BR-156;759,000;760,000;1,000;25/04/2023;3,37649009;-51,6906845;90,000
AP;BR-156;760,000;761,000;1,000;25/04/2023;3,37812472;-51,7003325;87,500
AP;BR-156;761,000;762,000;1,000;25/04/2023;3,38049136;-51,7085696;90,000
AP;BR-156;762,000;763,000;1,000;25/04/2023;3,38352491;-51,7158082;87,500
AP;BR-156;763,000;764,000;1,000;25/04/2023;3,39096049;-51,7224612;87,500
AP;BR-156;764,000;765,000;1,000;25/04/2023;3,39769003;-51,7250504;90,000
AP;BR-156;765,000;766,000;1,000;25/04/2023;3,40582673;-51,7279543;90,000
AP;BR-156;766,000;767,000;1,000;25/04/2023;3,41410256;-51,7308819;83,750
AP;BR-156;767,000;768,000;1,000;25/04/2023;3,4226726;-51,7321841;90,000
AP;BR-156;768,000;769,000;1,000;25/04/2023;3,43092746;-51,7286659;83,750
AP;BR-156;769,000;769,800;0,800;25/04/2023;3,43899337;-51,7259747;90,000
PE;BR-110;148,000;149,000;1,000;25/04/2023;-8,51488;-37,6684133;57,500
PE;BR-110;149,000;150,000;1,000;25/04/2023;-8,51488;-37,6684133;57,500
PE;BR-110;150,000;151,000;1,000;25/04/2023;-8,5372941;-37,6984242;32,500
PE;BR-110;151,000;152,000;1,000;25/04/2023;-8,5380058;-37,697682;32,500
PE;BR-110;152,000;153,000;1,000;25/04/2023;-8,5497636;-37,7129954;32,500
PE;BR-110;153,000;154,000;1,000;25/04/2023;-8,5380058;-37,697682;32,500
PE;BR-110;154,000;155,000;1,000;25/04/2023;-8,5403789;-37,6966849;32,500
PE;BR-110;155,000;156,000;1,000;25/04/2023;-8,563705;-37,7275133;32,500
PE;BR-110;156,000;157,000;1,000;25/04/2023;-8,563705;-37,7275133;32,500
PE;BR-110;157,000;158,000;1,000;25/04/2023;-8,5174041;-37,6086625;32,500
PE;BR-110;158,000;159,000;1,000;25/04/2023;-8,5338476;-37,6986048;32,500
PE;BR-110;159,000;160,000;1,000;25/04/2023;-8,5338476;-37,6986048;32,500
PE;BR-110;160,000;161,000;1,000;25/04/2023;-8,5338476;-37,6986048;32,500
PE;BR-110;161,000;162,000;1,000;25/04/2023;-8,5338476;-37,6986048;32,500
PE;BR-110;162,000;163,000;1,000;25/04/2023;-8,5338476;-37,6986048;32,500
PE;BR-110;163,000;164,000;1,000;25/04/2023;-8,5338476;-37,6986048;32,500
PE;BR-110;164,000;165,000;1,000;25/04/2023;-8,63345166;-37,8041533;32,500
PE;BR-110;165,000;166,000;1,000;25/04/2023;-8,5346028;-37,6866326;40,000
PE;BR-110;166,000;167,000;1,000;25/04/2023;-8,64268666;-37,8142566;32,500
PE;BR-110;167,000;168,000;1,000;25/04/2023;-8,64268666;-37,8142566;32,500
PE;BR-110;168,000;169,000;1,000;25/04/2023;-8,65053166;-37,8228916;32,500
PE;BR-110;169,000;170,000;1,000;25/04/2023;-8,65981333;-37,8331933;32,500
PE;BR-110;170,000;171,000;1,000;25/04/2023;-8,65981333;-37,8331933;32,500
PE;BR-110;171,000;172,000;1,000;25/04/2023;-8,65981333;-37,8331933;32,500
PE;BR-110;172,000;173,000;1,000;25/04/2023;-8,5130349;-37,6013411;32,500
PE;BR-110;173,000;174,000;1,000;25/04/2023;-8,5130349;-37,6013411;32,500
PE;BR-110;174,000;175,000;1,000;25/04/2023;-8,5130349;-37,6013411;32,500
PE;BR-110;175,000;176,000;1,000;25/04/2023;-8,5130349;-37,6013411;26,250
PE;BR-110;176,000;177,000;1,000;25/04/2023;-8,5130349;-37,6013411;25,000
PE;BR-110;177,000;178,000;1,000;25/04/2023;-8,5130349;-37,6013411;36,250
PE;BR-110;178,000;179,000;1,000;25/04/2023;-8,5130349;-37,6013411;36,250
PE;BR-110;179,000;180,000;1,000;25/04/2023;-8,5130349;-37,6013411;26,250
PE;BR-110;180,000;181,000;1,000;25/04/2023;-8,5130349;-37,6013411;17,500
PE;BR-110;181,000;182,000;1,000;25/04/2023;-8,5130349;-37,6013411;32,500
PE;BR-110;182,000;183,000;1,000;25/04/2023;-8,7333;-37,91412;32,500
PE;BR-110;183,000;184,000;1,000;25/04/2023;-8,7333;-37,91412;32,500
PE;BR-110;184,000;185,000;1,000;25/04/2023;-8,7333;-37,91412;25,000
PE;BR-110;185,000;186,000;1,000;25/04/2023;-8,7333;-37,91412;36,250
PE;BR-110;186,000;187,000;1,000;25/04/2023;-8,7333;-37,91412;36,250
PE;BR-110;187,000;188,000;1,000;25/04/2023;-8,7333;-37,91412;26,250
PE;BR-110;188,000;189,000;1,000;25/04/2023;-8,7333;-37,91412;26,250
PE;BR-110;189,000;190,000;1,000;25/04/2023;-8,7333;-37,91412;26,250
PE;BR-110;190,000;191,000;1,000;25/04/2023;-8,7333;-37,91412;26,250
PE;BR-110;191,000;192,000;1,000;25/04/2023;-8,7333;-37,91412;26,250
PE;BR-110;192,000;193,000;1,000;25/04/2023;-8,7333;-37,91412;17,500
PE;BR-110;193,000;194,000;1,000;25/04/2023;-8,794855;-37,9828483;17,500
PE;BR-110;194,000;195,000;1,000;25/04/2023;-8,794855;-37,9828483;17,500
PE;BR-110;195,000;196,000;1,000;25/04/2023;-8,794855;-37,9828483;17,500
PE;BR-110;196,000;197,000;1,000;25/04/2023;-8,794855;-37,9828483;17,500
PE;BR-110;197,000;198,000;1,000;25/04/2023;-8,794855;-37,9828483;17,500
PE;BR-110;198,000;199,000;1,000;25/04/2023;-8,794855;-37,9828483;17,500
PE;BR-110;199,000;200,000;1,000;25/04/2023;-8,794855;-37,9828483;18,750
PE;BR-110;200,000;201,000;1,000;25/04/2023;-8,794855;-37,9828483;18,750
PE;BR-110;201,000;202,000;1,000;25/04/2023;-8,794855;-37,9828483;26,250
PE;BR-110;202,000;203,000;1,000;25/04/2023;-8,794855;-37,9828483;26,250
PE;BR-110;203,000;204,000;1,000;25/04/2023;-8,794855;-37,9828483;26,250
PE;BR-110;204,000;205,000;1,000;25/04/2023;-8,794855;-37,9828483;26,250
PE;BR-110;205,000;206,000;1,000;25/04/2023;-8,794855;-37,9828483;26,250
PE;BR-110;206,000;207,000;1,000;25/04/2023;-8,794855;-37,9828483;26,250
PE;BR-110;207,000;208,000;1,000;25/04/2023;-8,794855;-37,9828483;26,250
PE;BR-110;208,000;209,000;1,000;25/04/2023;-8,794855;-37,9828483;26,250
PE;BR-110;209,000;210,000;1,000;25/04/2023;-8,794855;-37,9828483;26,250
PE;BR-110;210,000;211,000;1,000;25/04/2023;-8,794855;-37,9828483;26,250
PE;BR-110;211,000;212,000;1,000;25/04/2023;-8,794855;-37,9828483;26,250
PE;BR-110;212,000;213,000;1,000;25/04/2023;-8,794855;-37,9828483;26,250
PE;BR-110;213,000;214,000;1,000;25/04/2023;-8,794855;-37,9828483;26,250
PE;BR-110;214,000;215,000;1,000;25/04/2023;-8,794855;-37,9828483;26,250
PE;BR-110;215,000;216,000;1,000;25/04/2023;-8,794855;-37,9828483;26,250
PE;BR-110;216,000;217,000;1,000;25/04/2023;-8,794855;-37,9828483;26,250
PE;BR-110;217,000;218,000;1,000;25/04/2023;-8,794855;-37,9828483;26,250
PE;BR-110;218,000;219,000;1,000;25/04/2023;-8,794855;-37,9828483;26,250
PE;BR-316;410,900;411,000;0,100;25/04/2023;-8,794855;-37,9828483;25,000
PE;BR-316;411,000;412,000;1,000;25/04/2023;-8,780185;-37,9664133;67,500
PE;BR-316;412,000;413,000;1,000;25/04/2023;-8,780185;-37,9664133;55,000
PE;BR-316;413,000;414,000;1,000;25/04/2023;-8,780185;-37,9664133;32,500
PE;BR-316;414,000;415,000;1,000;25/04/2023;-8,780185;-37,9664133;32,500
PE;BR-316;415,000;416,000;1,000;25/04/2023;-8,75956833;-37,9111616;32,500
PE;BR-316;416,000;417,000;1,000;25/04/2023;-8,75956833;-37,9111616;32,500
PE;BR-316;417,000;418,000;1,000;25/04/2023;-9,1186798;-37,7329038;17,500
PE;BR-316;418,000;419,000;1,000;25/04/2023;-9,1186798;-37,7329038;17,500
PE;BR-316;419,000;420,000;1,000;25/04/2023;-9,1186798;-37,7329038;17,500
PE;BR-316;420,000;421,000;1,000;25/04/2023;-9,1186798;-37,7329038;25,000
PE;BR-316;421,000;422,000;1,000;25/04/2023;-9,1186798;-37,7329038;32,500
PE;BR-316;422,000;423,000;1,000;25/04/2023;-9,1186798;-37,7329038;17,500
PE;BR-316;423,000;424,000;1,000;25/04/2023;-8,886785;-37,8409733;25,000
PE;BR-316;424,000;425,000;1,000;25/04/2023;-8,88692166;-37,84099;25,000
PE;BR-316;425,000;426,000;1,000;25/04/2023;-8,88692166;-37,84099;25,000
PE;BR-316;426,000;427,000;1,000;25/04/2023;-8,88692166;-37,84099;25,000
PE;BR-316;427,000;428,000;1,000;25/04/2023;-8,8788551;-37,847206;43,750
PE;BR-316;428,000;429,000;1,000;25/04/2023;-8,88692166;-37,84099;32,500
PE;BR-316;429,000;430,000;1,000;25/04/2023;-8,88692166;-37,84099;26,250
PE;BR-316;430,000;431,000;1,000;25/04/2023;-8,884836;-37,8265201;25,000
PE;BR-316;431,000;432,000;1,000;25/04/2023;-8,884836;-37,8265201;26,250
PE;BR-316;432,000;433,000;1,000;25/04/2023;-8,884836;-37,8265201;17,500
PE;BR-316;433,000;434,000;1,000;25/04/2023;-8,884836;-37,8265201;17,500
AP;BR-156;268,280;267,000;1,280;13/04/2023;0,0446023;-51,1054662;72,500
AP;BR-156;267,000;266,000;1,000;13/04/2023;0,0446023;-51,1054662;62,500
AP;BR-156;266,000;265,000;1,000;13/04/2023;0,0446023;-51,1054662;76,250
AP;BR-156;265,000;264,000;1,000;13/04/2023;0,0446023;-51,1054662;68,750
AP;BR-156;264,000;263,000;1,000;13/04/2023;0,0446023;-51,1054662;73,750
AP;BR-156;263,000;262,000;1,000;13/04/2023;0,0446023;-51,1054662;67,500
AP;BR-156;262,000;261,000;1,000;13/04/2023;0,0446023;-51,1054662;85,000
AP;BR-156;261,000;260,860;0,140;13/04/2023;0,0446023;-51,1054662;67,500
AP;BR-156;260,230;259,000;1,230;13/04/2023;0,0446023;-51,1054662;73,750
AP;BR-156;259,000;258,000;1,000;13/04/2023;0,0446023;-51,1054662;52,500
AP;BR-156;258,000;257,000;1,000;13/04/2023;0,0446023;-51,1054662;68,750
AP;BR-156;257,000;256,000;1,000;13/04/2023;0,0446023;-51,1054662;70,000
AP;BR-156;256,000;255,000;1,000;13/04/2023;0,0446023;-51,1054662;87,500
AP;BR-156;255,000;254,000;1,000;13/04/2023;0,0446023;-51,1054662;62,500
AP;BR-156;254,000;253,000;1,000;13/04/2023;0,0446023;-51,1054662;77,500
AP;BR-156;253,000;252,000;1,000;13/04/2023;0,0446023;-51,1054662;77,500
AP;BR-156;252,000;251,000;1,000;13/04/2023;0,0446023;-51,1054662;76,250
AP;BR-156;251,000;250,000;1,000;13/04/2023;0,0446023;-51,1054662;76,250
AP;BR-156;250,000;249,000;1,000;13/04/2023;0,0446023;-51,1054662;76,250
AP;BR-156;249,000;248,000;1,000;13/04/2023;0,0446023;-51,1054662;63,750
AP;BR-156;248,000;247,000;1,000;13/04/2023;0,0446023;-51,1054662;77,500
AP;BR-156;247,000;246,000;1,000;13/04/2023;0,0446023;-51,1054662;77,500
AP;BR-156;246,000;245,000;1,000;13/04/2023;0,0446023;-51,1054662;83,750
AP;BR-156;245,000;244,000;1,000;13/04/2023;0,0446023;-51,1054662;81,250
AP;BR-156;244,000;243,000;1,000;13/04/2023;0,0446023;-51,1054662;81,250
AP;BR-156;243,000;242,000;1,000;13/04/2023;0,0446023;-51,1054662;66,250
AP;BR-156;242,000;241,000;1,000;13/04/2023;0,0446023;-51,1054662;70,000
AP;BR-156;241,000;240,000;1,000;13/04/2023;0,0446023;-51,1054662;73,750
AP;BR-156;240,000;239,000;1,000;13/04/2023;0,0446023;-51,1054662;58,750
AP;BR-156;239,000;238,000;1,000;13/04/2023;0,0446023;-51,1054662;63,750
AP;BR-156;238,000;237,000;1,000;13/04/2023;0,0446023;-51,1054662;70,000
AP;BR-156;237,000;236,000;1,000;13/04/2023;0,0446023;-51,1054662;55,000
AP;BR-156;236,000;235,000;1,000;13/04/2023;0,0446023;-51,1054662;70,000
AP;BR-156;235,000;234,000;1,000;13/04/2023;0,0446023;-51,1054662;50,000
AP;BR-156;234,000;233,000;1,000;13/04/2023;0,0446023;-51,1054662;41,250
AP;BR-156;233,000;232,000;1,000;13/04/2023;0,0446023;-51,1054662;70,000
AP;BR-156;232,000;231,000;1,000;13/04/2023;0,0446023;-51,1054662;77,500
AP;BR-156;231,000;230,000;1,000;13/04/2023;0,0446023;-51,1054662;70,000
AP;BR-156;230,000;229,000;1,000;13/04/2023;0,0446023;-51,1054662;67,500
AP;BR-156;229,000;228,000;1,000;13/04/2023;0,0446023;-51,1054662;63,750
AP;BR-156;228,000;227,000;1,000;13/04/2023;0,0446023;-51,1054662;48,750
AP;BR-156;227,000;226,000;1,000;13/04/2023;0,0446023;-51,1054662;67,500
AP;BR-156;226,000;225,000;1,000;13/04/2023;0,0446023;-51,1054662;66,250
AP;BR-156;225,000;224,000;1,000;13/04/2023;0,0446023;-51,1054662;67,500
AP;BR-156;224,000;223,000;1,000;13/04/2023;0,0446023;-51,1054662;70,000
AP;BR-156;223,000;222,000;1,000;13/04/2023;0,0446023;-51,1054662;85,000
AP;BR-156;222,000;221,000;1,000;13/04/2023;0,0446023;-51,1054662;65,000
AP;BR-156;221,000;220,000;1,000;13/04/2023;0,0446023;-51,1054662;77,500
AP;BR-156;220,000;219,000;1,000;13/04/2023;0,0446023;-51,1054662;67,500
AP;BR-156;219,000;218,000;1,000;13/04/2023;0,0446023;-51,1054662;58,750
AP;BR-156;218,000;217,000;1,000;13/04/2023;0,0446023;-51,1054662;58,750
AP;BR-156;217,000;216,000;1,000;13/04/2023;0,0446023;-51,1054662;73,750
AP;BR-156;216,000;215,000;1,000;13/04/2023;0,0446023;-51,1054662;47,500
AP;BR-156;215,000;214,000;1,000;13/04/2023;0,0446023;-51,1054662;73,750
AP;BR-156;214,000;213,000;1,000;13/04/2023;0,0446023;-51,1054662;56,250
AP;BR-156;213,000;212,000;1,000;13/04/2023;0,0446023;-51,1054662;82,500
AP;BR-156;212,000;211,000;1,000;13/04/2023;0,0446023;-51,1054662;71,250
AP;BR-156;211,000;210,000;1,000;13/04/2023;0,0446023;-51,1054662;70,000
AP;BR-156;210,000;209,000;1,000;13/04/2023;0,0446023;-51,1054662;87,500
AP;BR-156;209,000;208,000;1,000;13/04/2023;0,0446023;-51,1054662;70,000
AP;BR-156;208,000;207,000;1,000;13/04/2023;0,0446023;-51,1054662;73,750
AP;BR-156;207,000;206,000;1,000;13/04/2023;0,0446023;-51,1054662;52,500
AP;BR-156;206,000;205,000;1,000;13/04/2023;0,0446023;-51,1054662;52,500
AP;BR-156;205,000;204,000;1,000;13/04/2023;0,0446023;-51,1054662;63,750
AP;BR-156;204,000;203,000;1,000;13/04/2023;0,0446023;-51,1054662;67,500
AP;BR-156;203,000;202,000;1,000;13/04/2023;0,0446023;-51,1054662;68,750
AP;BR-156;202,000;201,000;1,000;13/04/2023;0,0446023;-51,1054662;87,500
AP;BR-156;201,000;200,000;1,000;13/04/2023;0,0446023;-51,1054662;67,500
AP;BR-156;200,000;199,000;1,000;13/04/2023;0,0446023;-51,1054662;90,000
AP;BR-156;199,000;198,000;1,000;13/04/2023;0,0446023;-51,1054662;78,750
AP;BR-156;198,000;197,000;1,000;13/04/2023;0,0446023;-51,1054662;82,500
AP;BR-156;197,000;196,000;1,000;13/04/2023;0,0446023;-51,1054662;82,500
AP;BR-156;196,000;195,000;1,000;13/04/2023;0,0446023;-51,1054662;82,500
AP;BR-156;195,000;194,000;1,000;13/04/2023;0,0446023;-51,1054662;68,750
AP;BR-156;194,000;193,000;1,000;13/04/2023;0,0446023;-51,1054662;83,750
AP;BR-156;193,000;192,000;1,000;13/04/2023;0,0446023;-51,1054662;80,000
AP;BR-156;192,000;191,000;1,000;13/04/2023;0,0446023;-51,1054662;86,250
AP;BR-156;191,000;190,000;1,000;13/04/2023;0,0446023;-51,1054662;82,500
AP;BR-156;190,000;189,000;1,000;13/04/2023;0,0446023;-51,1054662;90,000
AP;BR-156;189,000;188,000;1,000;13/04/2023;0,0446023;-51,1054662;73,750
AP;BR-156;188,000;187,000;1,000;13/04/2023;0,0446023;-51,1054662;83,750
AP;BR-156;187,000;186,000;1,000;13/04/2023;0,0446023;-51,1054662;75,000
AP;BR-156;186,000;185,000;1,000;13/04/2023;0,0446023;-51,1054662;90,000
AP;BR-156;185,000;184,000;1,000;13/04/2023;0,0446023;-51,1054662;90,000
AP;BR-156;184,000;183,000;1,000;13/04/2023;0,0446023;-51,1054662;67,500
AP;BR-156;183,000;182,000;1,000;13/04/2023;0,0446023;-51,1054662;82,500
AP;BR-156;182,000;181,000;1,000;13/04/2023;0,0446023;-51,1054662;90,000
AP;BR-156;181,000;180,000;1,000;13/04/2023;0,0446023;-51,1054662;82,500
AP;BR-156;180,000;179,000;1,000;13/04/2023;0,0446023;-51,1054662;82,500
AP;BR-156;179,000;178,000;1,000;13/04/2023;0,0446023;-51,1054662;75,000
AP;BR-156;178,000;177,000;1,000;13/04/2023;0,0446023;-51,1054662;90,000
AP;BR-156;177,000;176,000;1,000;13/04/2023;0,0446023;-51,1054662;86,250
AP;BR-156;176,000;175,000;1,000;13/04/2023;0,0446023;-51,1054662;86,250
AP;BR-156;175,000;174,000;1,000;13/04/2023;0,0446023;-51,1054662;93,750
AP;BR-156;174,000;173,000;1,000;13/04/2023;0,0446023;-51,1054662;76,250
AP;BR-156;173,000;172,000;1,000;13/04/2023;0,0446023;-51,1054662;87,500
AP;BR-156;172,000;171,000;1,000;13/04/2023;0,0446023;-51,1054662;87,500
AP;BR-156;171,000;170,000;1,000;13/04/2023;0,0446023;-51,1054662;87,500
AP;BR-156;170,000;169,000;1,000;13/04/2023;0,0446023;-51,1054662;90,000
AP;BR-156;169,000;168,000;1,000;13/04/2023;0,0446023;-51,1054662;90,000
AP;BR-156;168,000;167,000;1,000;13/04/2023;0,0446023;-51,1054662;86,250
AP;BR-156;167,000;166,000;1,000;13/04/2023;0,0446023;-51,1054662;92,500
AP;BR-156;166,000;165,000;1,000;13/04/2023;0,0446023;-51,1054662;95,000
AP;BR-156;165,000;164,000;1,000;13/04/2023;0,0446023;-51,1054662;67,500
AP;BR-156;164,000;163,000;1,000;13/04/2023;0,0446023;-51,1054662;71,250
AP;BR-156;163,000;162,000;1,000;13/04/2023;0,0446023;-51,1054662;67,500
AP;BR-156;162,000;161,000;1,000;13/04/2023;0,0446023;-51,1054662;75,000
AP;BR-156;161,000;160,000;1,000;13/04/2023;0,0446023;-51,1054662;63,750
AP;BR-156;160,000;159,000;1,000;13/04/2023;0,0446023;-51,1054662;71,250
AP;BR-156;159,000;158,000;1,000;13/04/2023;0,0446023;-51,1054662;62,500
AP;BR-156;158,000;157,000;1,000;13/04/2023;0,0446023;-51,1054662;72,500
AP;BR-156;157,000;156,000;1,000;13/04/2023;0,0446023;-51,1054662;55,000
AP;BR-156;156,000;155,000;1,000;13/04/2023;0,0446023;-51,1054662;57,500
AP;BR-156;155,000;154,000;1,000;13/04/2023;0,0446023;-51,1054662;72,500
AP;BR-156;154,000;153,000;1,000;13/04/2023;0,0446023;-51,1054662;57,500
AP;BR-156;153,000;152,000;1,000;13/04/2023;0,0446023;-51,1054662;72,500
AP;BR-156;152,000;151,000;1,000;13/04/2023;0,0446023;-51,1054662;76,250
AP;BR-156;151,000;150,000;1,000;13/04/2023;0,0446023;-51,1054662;80,000
AP;BR-156;150,000;149,000;1,000;13/04/2023;0,0446023;-51,1054662;65,000
AP;BR-156;149,000;148,000;1,000;13/04/2023;0,0446023;-51,1054662;50,000
AP;BR-156;148,000;147,000;1,000;13/04/2023;0,0446023;-51,1054662;57,500
AP;BR-156;147,000;146,000;1,000;13/04/2023;0,0446023;-51,1054662;52,500
AP;BR-156;146,000;145,000;1,000;13/04/2023;0,0446023;-51,1054662;76,250
AP;BR-156;145,000;144,000;1,000;13/04/2023;0,0446023;-51,1054662;76,250
AP;BR-156;144,000;143,000;1,000;13/04/2023;0,0446023;-51,1054662;76,250
AP;BR-156;143,000;142,000;1,000;13/04/2023;0,0446023;-51,1054662;78,750
AP;BR-156;142,000;141,000;1,000;13/04/2023;0,0446023;-51,1054662;76,250
AP;BR-156;141,000;140,000;1,000;13/04/2023;0,0446023;-51,1054662;72,500
AP;BR-156;140,000;139,000;1,000;13/04/2023;0,0446023;-51,1054662;72,500
AP;BR-156;139,000;138,000;1,000;13/04/2023;0,0446023;-51,1054662;50,000
AP;BR-156;138,000;137,000;1,000;13/04/2023;0,0446023;-51,1054662;77,500
AP;BR-156;137,000;136,000;1,000;13/04/2023;0,0446023;-51,1054662;71,250
AP;BR-156;136,000;135,000;1,000;13/04/2023;0,0446023;-51,1054662;72,500
AP;BR-156;135,000;134,000;1,000;13/04/2023;0,0446023;-51,1054662;63,750
AP;BR-156;134,000;133,000;1,000;13/04/2023;0,0446023;-51,1054662;71,250
AP;BR-156;133,000;132,000;1,000;13/04/2023;0,0446023;-51,1054662;76,250
AP;BR-156;132,000;131,000;1,000;13/04/2023;0,0446023;-51,1054662;76,250
AP;BR-156;131,000;130,000;1,000;13/04/2023;0,0446023;-51,1054662;72,500
AP;BR-156;130,000;129,000;1,000;13/04/2023;0,0446023;-51,1054662;63,750
AP;BR-156;129,000;128,000;1,000;13/04/2023;0,0446023;-51,1054662;63,750
AP;BR-156;128,000;127,000;1,000;13/04/2023;0,0446023;-51,1054662;62,500
AP;BR-156;127,000;126,000;1,000;13/04/2023;0,0446023;-51,1054662;62,500
AP;BR-156;126,000;125,000;1,000;13/04/2023;0,0446023;-51,1054662;62,500
AP;BR-156;125,000;124,000;1,000;13/04/2023;0,0446023;-51,1054662;70,000
AP;BR-156;124,000;123,000;1,000;13/04/2023;0,0446023;-51,1054662;76,250
AP;BR-156;123,000;122,000;1,000;13/04/2023;0,0446023;-51,1054662;57,500
AP;BR-156;122,000;121,000;1,000;13/04/2023;0,0446023;-51,1054662;70,000
AP;BR-156;121,000;120,000;1,000;13/04/2023;0,0446023;-51,1054662;70,000
AP;BR-156;120,000;119,000;1,000;13/04/2023;0,0446023;-51,1054662;70,000
AP;BR-156;119,000;118,000;1,000;13/04/2023;0,0446023;-51,1054662;62,500
AP;BR-156;118,000;117,000;1,000;13/04/2023;0,0446023;-51,1054662;47,500
AP;BR-156;117,000;116,000;1,000;13/04/2023;0,0446023;-51,1054662;72,500
AP;BR-156;116,000;115,000;1,000;13/04/2023;0,0446023;-51,1054662;70,000
AP;BR-156;115,000;114,000;1,000;13/04/2023;0,0446023;-51,1054662;80,000
AP;BR-156;114,000;113,000;1,000;13/04/2023;0,0446023;-51,1054662;70,000
AP;BR-156;113,000;112,000;1,000;13/04/2023;0,0446023;-51,1054662;57,500
AP;BR-156;112,000;111,000;1,000;13/04/2023;0,0446023;-51,1054662;62,500
AP;BR-156;111,000;110,000;1,000;13/04/2023;0,0446023;-51,1054662;55,000
AP;BR-156;110,000;109,000;1,000;13/04/2023;0,0446023;-51,1054662;55,000
AP;BR-156;109,000;108,000;1,000;13/04/2023;0,0446023;-51,1054662;57,500
AP;BR-156;108,000;107,000;1,000;13/04/2023;0,0446023;-51,1054662;70,000
AP;BR-156;107,000;106,000;1,000;13/04/2023;0,0446023;-51,1054662;62,500
AP;BR-156;106,000;105,000;1,000;13/04/2023;0,0446023;-51,1054662;50,000
AP;BR-156;105,000;104,000;1,000;13/04/2023;0,0446023;-51,1054662;73,750
AP;BR-156;104,000;103,000;1,000;13/04/2023;0,0446023;-51,1054662;73,750
AP;BR-156;103,000;102,000;1,000;13/04/2023;0,0446023;-51,1054662;70,000
AP;BR-156;102,000;101,000;1,000;13/04/2023;0,0446023;-51,1054662;77,500
AP;BR-156;101,000;100,000;1,000;13/04/2023;0,0446023;-51,1054662;73,750
AP;BR-156;100,000;99,000;1,000;13/04/2023;0,0446023;-51,1054662;72,500
AP;BR-156;99,000;98,000;1,000;13/04/2023;0,0446023;-51,1054662;65,000
AP;BR-156;98,000;97,000;1,000;13/04/2023;0,0446023;-51,1054662;37,500
AP;BR-156;97,000;96,000;1,000;13/04/2023;0,0446023;-51,1054662;55,000
AP;BR-156;96,000;95,000;1,000;13/04/2023;0,0446023;-51,1054662;62,500
AP;BR-156;95,000;94,000;1,000;13/04/2023;0,0446023;-51,1054662;65,000
AP;BR-156;94,000;93,000;1,000;13/04/2023;0,0446023;-51,1054662;55,000
AP;BR-156;93,000;92,000;1,000;13/04/2023;0,0446023;-51,1054662;65,000
AP;BR-156;92,000;91,000;1,000;13/04/2023;0,0446023;-51,1054662;62,500
AP;BR-156;91,000;90,000;1,000;13/04/2023;0,0446023;-51,1054662;78,750
AP;BR-156;90,000;89,000;1,000;13/04/2023;0,0446023;-51,1054662;65,000
AP;BR-156;89,000;88,000;1,000;13/04/2023;0,0446023;-51,1054662;82,500
AP;BR-156;88,000;87,000;1,000;13/04/2023;0,0446023;-51,1054662;80,000
AP;BR-156;87,000;86,000;1,000;13/04/2023;0,0446023;-51,1054662;76,250
AP;BR-156;86,000;85,000;1,000;13/04/2023;0,0446023;-51,1054662;78,750
AP;BR-156;85,000;84,000;1,000;13/04/2023;0,0446023;-51,1054662;85,000
AP;BR-156;84,000;83,000;1,000;13/04/2023;0,0446023;-51,1054662;77,500
AP;BR-156;83,000;82,000;1,000;13/04/2023;0,0446023;-51,1054662;83,750
AP;BR-156;82,000;81,000;1,000;13/04/2023;0,0446023;-51,1054662;85,000
AP;BR-156;81,000;80,000;1,000;13/04/2023;0,0446023;-51,1054662;81,250
AP;BR-156;80,000;79,000;1,000;13/04/2023;0,0446023;-51,1054662;73,750
AP;BR-156;79,000;78,000;1,000;13/04/2023;0,0446023;-51,1054662;77,500
AP;BR-156;78,000;77,000;1,000;13/04/2023;0,0446023;-51,1054662;77,500
AP;BR-156;77,000;76,000;1,000;13/04/2023;0,0446023;-51,1054662;95,000
AP;BR-156;76,000;75,000;1,000;13/04/2023;0,0446023;-51,1054662;97,500
AP;BR-156;75,000;74,000;1,000;13/04/2023;0,0446023;-51,1054662;91,250
AP;BR-156;74,000;73,000;1,000;13/04/2023;0,0446023;-51,1054662;76,250
AP;BR-156;73,000;72,000;1,000;13/04/2023;0,0446023;-51,1054662;70,000
AP;BR-156;72,000;71,000;1,000;13/04/2023;0,0446023;-51,1054662;86,250
AP;BR-156;71,000;70,000;1,000;13/04/2023;0,0446023;-51,1054662;76,250
AP;BR-156;70,000;69,000;1,000;13/04/2023;0,0446023;-51,1054662;87,500
AP;BR-156;69,000;68,000;1,000;13/04/2023;0,0446023;-51,1054662;65,000
AP;BR-156;68,000;67,000;1,000;13/04/2023;0,0446023;-51,1054662;68,750
AP;BR-156;67,000;66,000;1,000;13/04/2023;0,0446023;-51,1054662;83,750
AP;BR-156;66,000;65,000;1,000;13/04/2023;0,0446023;-51,1054662;91,250
AP;BR-156;65,000;64,000;1,000;13/04/2023;0,0446023;-51,1054662;72,500
AP;BR-156;64,000;63,000;1,000;13/04/2023;0,0446023;-51,1054662;83,750
AP;BR-156;63,000;62,000;1,000;13/04/2023;0,0446023;-51,1054662;76,250
AP;BR-156;62,000;61,000;1,000;13/04/2023;0,0446023;-51,1054662;97,500
AP;BR-156;61,000;60,000;1,000;13/04/2023;0,0446023;-51,1054662;83,750
AP;BR-156;60,000;59,000;1,000;13/04/2023;0,0446023;-51,1054662;76,250
AP;BR-156;59,000;58,000;1,000;13/04/2023;0,0446023;-51,1054662;83,750
AP;BR-156;58,000;57,000;1,000;13/04/2023;0,0446023;-51,1054662;93,750
AP;BR-156;57,000;56,000;1,000;13/04/2023;0,0446023;-51,1054662;87,500
AP;BR-156;56,000;55,000;1,000;13/04/2023;0,0446023;-51,1054662;97,500
AP;BR-156;55,000;54,000;1,000;13/04/2023;0,0446023;-51,1054662;97,500
AP;BR-156;54,000;53,000;1,000;13/04/2023;0,0446023;-51,1054662;91,250
AP;BR-156;53,000;52,000;1,000;13/04/2023;0,0446023;-51,1054662;82,500
AP;BR-156;52,000;51,000;1,000;13/04/2023;0,0446023;-51,1054662;83,750
AP;BR-156;51,000;50,000;1,000;13/04/2023;0,0446023;-51,1054662;83,750
AP;BR-156;50,000;49,000;1,000;13/04/2023;0,0446023;-51,1054662;78,750
AP;BR-156;49,000;48,000;1,000;13/04/2023;0,0446023;-51,1054662;90,000
AP;BR-156;48,000;47,000;1,000;13/04/2023;0,0446023;-51,1054662;87,500
AP;BR-156;47,000;46,000;1,000;13/04/2023;0,0446023;-51,1054662;87,500
AP;BR-156;46,000;45,000;1,000;13/04/2023;0,0446023;-51,1054662;70,000
AP;BR-156;45,000;44,000;1,000;13/04/2023;0,0446023;-51,1054662;80,000
AP;BR-156;44,000;43,000;1,000;13/04/2023;0,0446023;-51,1054662;80,000
AP;BR-156;43,000;42,000;1,000;13/04/2023;0,0446023;-51,1054662;75,000
AP;BR-156;42,000;41,000;1,000;13/04/2023;0,0446023;-51,1054662;81,250
AP;BR-156;41,000;40,000;1,000;13/04/2023;0,0446023;-51,1054662;70,000
AP;BR-156;40,000;39,000;1,000;13/04/2023;0,0446023;-51,1054662;80,000
AP;BR-156;39,000;38,000;1,000;13/04/2023;0,0446023;-51,1054662;68,750
AP;BR-156;38,000;37,000;1,000;13/04/2023;0,0446023;-51,1054662;83,750
AP;BR-156;37,000;36,000;1,000;14/04/2023;-0,76716005;-52,4690182;82,500
AP;BR-156;36,000;35,000;1,000;14/04/2023;-0,76387892;-52,4729151;78,750
AP;BR-156;35,000;34,000;1,000;14/04/2023;-0,76387892;-52,4729151;86,250
AP;BR-156;34,000;33,000;1,000;14/04/2023;-0,76387892;-52,4729151;93,750
AP;BR-156;33,000;32,000;1,000;14/04/2023;-0,76387892;-52,4729151;82,500
AP;BR-156;32,000;31,000;1,000;14/04/2023;-0,76387892;-52,4729151;98,750
AP;BR-156;31,000;30,000;1,000;14/04/2023;-0,76387892;-52,4729151;90,000
AP;BR-210;150,440;149,000;1,440;18/04/2023;0,696486742;-51,4279609;66,250
AP;BR-210;149,000;148,000;1,000;18/04/2023;0,0446023;-51,1054662;62,500
AP;BR-210;148,000;147,000;1,000;18/04/2023;0,0446023;-51,1054662;62,500
AP;BR-210;147,000;146,000;1,000;18/04/2023;0,0446023;-51,1054662;66,250
AP;BR-210;146,000;145,000;1,000;18/04/2023;0,0446023;-51,1054662;72,500
AP;BR-210;145,000;144,000;1,000;18/04/2023;0,0446023;-51,1054662;68,750
AP;BR-210;144,000;143,000;1,000;18/04/2023;0,0446023;-51,1054662;78,750
AP;BR-210;143,000;142,000;1,000;18/04/2023;0,0446023;-51,1054662;86,250
AP;BR-210;142,000;141,000;1,000;18/04/2023;0,0446023;-51,1054662;86,250
AP;BR-210;141,000;140,000;1,000;18/04/2023;0,0446023;-51,1054662;75,000
AP;BR-210;140,000;139,000;1,000;18/04/2023;0,0446023;-51,1054662;86,250
AP;BR-210;139,000;138,000;1,000;18/04/2023;0,0446023;-51,1054662;68,750
AP;BR-210;138,000;137,000;1,000;18/04/2023;0,0446023;-51,1054662;75,000
AP;BR-210;137,000;136,000;1,000;18/04/2023;0,0446023;-51,1054662;75,000
AP;BR-210;136,000;135,000;1,000;18/04/2023;0,0446023;-51,1054662;68,750
AP;BR-210;135,000;134,000;1,000;18/04/2023;0,0446023;-51,1054662;75,000
AP;BR-210;134,000;133,000;1,000;18/04/2023;0,0446023;-51,1054662;68,750
AP;BR-210;133,000;132,000;1,000;18/04/2023;0,0446023;-51,1054662;71,250
AP;BR-210;132,000;131,000;1,000;18/04/2023;0,0446023;-51,1054662;68,750
AP;BR-210;131,000;130,000;1,000;18/04/2023;0,0446023;-51,1054662;83,750
AP;BR-210;130,000;129,000;1,000;18/04/2023;0,0446023;-51,1054662;67,500
AP;BR-210;129,000;128,000;1,000;18/04/2023;0,0446023;-51,1054662;86,250
AP;BR-210;128,000;127,000;1,000;18/04/2023;0,0446023;-51,1054662;97,500
AP;BR-210;127,000;126,000;1,000;18/04/2023;0,0446023;-51,1054662;70,000
AP;BR-210;126,000;125,000;1,000;18/04/2023;0,0446023;-51,1054662;75,000
AP;BR-210;125,000;124,000;1,000;18/04/2023;0,0446023;-51,1054662;75,000
AP;BR-210;124,000;123,000;1,000;18/04/2023;0,0446023;-51,1054662;82,500
AP;BR-210;123,000;122,000;1,000;18/04/2023;0,0446023;-51,1054662;80,000
AP;BR-210;122,000;121,000;1,000;18/04/2023;0,0446023;-51,1054662;86,250
AP;BR-210;121,000;120,000;1,000;18/04/2023;0,0446023;-51,1054662;86,250
AP;BR-210;120,000;119,000;1,000;18/04/2023;0,0446023;-51,1054662;80,000
AP;BR-210;119,000;118,000;1,000;18/04/2023;0,0446023;-51,1054662;83,750
AP;BR-210;118,000;117,000;1,000;18/04/2023;0,0446023;-51,1054662;97,500
AP;BR-210;117,000;116,000;1,000;18/04/2023;0,0446023;-51,1054662;86,250
AP;BR-210;116,000;115,000;1,000;18/04/2023;0,0446023;-51,1054662;83,750
AP;BR-210;115,000;114,000;1,000;18/04/2023;0,0446023;-51,1054662;86,250
AP;BR-210;114,000;113,000;1,000;18/04/2023;0,0446023;-51,1054662;87,500
AP;BR-210;113,000;112,000;1,000;18/04/2023;0,0446023;-51,1054662;66,250
AP;BR-210;112,000;111,000;1,000;18/04/2023;0,0446023;-51,1054662;62,500
AP;BR-210;111,000;110,000;1,000;18/04/2023;0,0446023;-51,1054662;68,750
AP;BR-210;110,000;109,000;1,000;18/04/2023;0,0446023;-51,1054662;70,000
AP;BR-210;109,000;108,000;1,000;18/04/2023;0,0446023;-51,1054662;76,250
AP;BR-210;108,000;107,000;1,000;18/04/2023;0,0446023;-51,1054662;86,250
AP;BR-210;107,000;106,200;0,800;18/04/2023;0,0446023;-51,1054662;76,250
AP;BR-210;150,440;151,000;0,560;19/04/2023;0,68740013;-51,3669251;82,500
AP;BR-210;151,000;152,000;1,000;19/04/2023;0,68740013;-51,3669251;91,250
AP;BR-210;152,000;153,000;1,000;19/04/2023;0,68740013;-51,3669251;75,000
AP;BR-210;153,000;154,000;1,000;19/04/2023;0,68740013;-51,3669251;75,000
AP;BR-210;154,000;155,000;1,000;19/04/2023;0,68740013;-51,3669251;75,000
AP;BR-210;155,000;156,000;1,000;19/04/2023;0,68740013;-51,3669251;75,000
AP;BR-210;156,000;157,000;1,000;19/04/2023;0,68740013;-51,3669251;72,500
AP;BR-210;157,000;158,000;1,000;19/04/2023;0,68740013;-51,3669251;72,500
AP;BR-210;158,000;159,000;1,000;19/04/2023;0,68740013;-51,3669251;72,500
AP;BR-210;159,000;160,000;1,000;19/04/2023;0,68740013;-51,3669251;70,000
AP;BR-210;160,000;161,000;1,000;19/04/2023;0,68740013;-51,3669251;76,250
AP;BR-210;161,000;162,000;1,000;19/04/2023;0,68740013;-51,3669251;82,500
AP;BR-210;162,000;163,000;1,000;19/04/2023;0,68740013;-51,3669251;75,000
AP;BR-210;163,000;164,000;1,000;19/04/2023;0,68740013;-51,3669251;75,000
AP;BR-210;164,000;165,000;1,000;19/04/2023;0,68740013;-51,3669251;72,500
AP;BR-210;165,000;166,000;1,000;19/04/2023;0,68740013;-51,3669251;80,000
AP;BR-210;166,000;167,000;1,000;19/04/2023;0,68740013;-51,3669251;82,500
AP;BR-210;167,000;168,000;1,000;19/04/2023;0,68740013;-51,3669251;87,500
AP;BR-210;168,000;169,000;1,000;19/04/2023;0,68740013;-51,3669251;80,000
AP;BR-210;169,000;170,000;1,000;19/04/2023;0,68740013;-51,3669251;76,250
AP;BR-210;170,000;171,000;1,000;19/04/2023;0,68740013;-51,3669251;72,500
AP;BR-210;171,000;172,000;1,000;19/04/2023;0,68740013;-51,3669251;82,500
AP;BR-210;172,000;173,000;1,000;19/04/2023;0,68740013;-51,3669251;68,750
AP;BR-210;173,000;174,000;1,000;19/04/2023;0,68740013;-51,3669251;80,000
AP;BR-210;174,000;175,000;1,000;19/04/2023;0,68740013;-51,3669251;75,000
AP;BR-210;175,000;176,000;1,000;19/04/2023;0,68740013;-51,3669251;72,500
AP;BR-210;176,000;177,000;1,000;19/04/2023;0,68740013;-51,3669251;70,000
AP;BR-210;177,000;178,000;1,000;19/04/2023;0,68740013;-51,3669251;73,750
AP;BR-210;178,000;179,000;1,000;19/04/2023;0,68740013;-51,3669251;73,750
AP;BR-210;179,000;180,000;1,000;19/04/2023;0,68740013;-51,3669251;70,000
AP;BR-210;180,000;181,000;1,000;19/04/2023;0,68740013;-51,3669251;70,000
AP;BR-210;181,000;182,000;1,000;19/04/2023;0,68740013;-51,3669251;60,000
AP;BR-210;182,000;183,000;1,000;19/04/2023;0,68740013;-51,3669251;50,000
AP;BR-210;183,000;184,000;1,000;19/04/2023;0,68740013;-51,3669251;62,500
AP;BR-210;184,000;185,000;1,000;19/04/2023;0,68740013;-51,3669251;68,750
AP;BR-210;185,000;186,000;1,000;19/04/2023;0,68740013;-51,3669251;83,750
AP;BR-210;186,000;187,000;1,000;19/04/2023;0,68740013;-51,3669251;72,500
AP;BR-210;187,000;188,000;1,000;19/04/2023;0,68740013;-51,3669251;97,500
AP;BR-210;188,000;189,000;1,000;19/04/2023;0,68740013;-51,3669251;75,000
AP;BR-210;189,000;190,000;1,000;19/04/2023;0,68740013;-51,3669251;72,500
AP;BR-210;190,000;191,000;1,000;19/04/2023;0,68740013;-51,3669251;97,500
AP;BR-210;191,000;192,000;1,000;19/04/2023;0,68740013;-51,3669251;83,750
AP;BR-210;192,000;192,700;0,700;19/04/2023;0,68740013;-51,3669251;83,750
AP;BR-210;192,700;194,000;1,300;19/04/2023;0,7978317;-51,972495;75,000
AP;BR-210;194,000;195,000;1,000;19/04/2023;0,7932415;-51,9694266;75,000
AP;BR-210;195,000;196,000;1,000;19/04/2023;0,7932415;-51,9694266;80,000
AP;BR-210;196,000;197,000;1,000;19/04/2023;0,7932415;-51,9694266;72,500
AP;BR-210;197,000;198,000;1,000;19/04/2023;0,7809496;-51,9647961;75,000
AP;BR-210;198,000;199,000;1,000;19/04/2023;0,7809496;-51,9647961;75,000
AP;BR-210;199,000;200,000;1,000;19/04/2023;0,7809496;-51,9647961;80,000
AP;BR-210;200,000;201,000;1,000;19/04/2023;0,7809496;-51,9647961;73,750
AP;BR-210;201,000;202,000;1,000;19/04/2023;0,7809496;-51,9647961;75,000
AP;BR-210;202,000;203,000;1,000;19/04/2023;0,7809496;-51,9647961;72,500
AP;BR-210;203,000;204,000;1,000;19/04/2023;0,7809496;-51,9647961;75,000
AP;BR-210;204,000;205,000;1,000;19/04/2023;0,7809496;-51,9647961;72,500
AP;BR-210;205,000;206,000;1,000;19/04/2023;0,7809496;-51,9647961;90,000
AP;BR-210;206,000;207,000;1,000;19/04/2023;0,7809496;-51,9647961;75,000
AP;BR-210;207,000;208,000;1,000;19/04/2023;0,7809496;-51,9647961;71,250
AP;BR-210;208,000;209,000;1,000;19/04/2023;0,7809496;-51,9647961;72,500
AP;BR-210;209,000;210,000;1,000;19/04/2023;0,7809496;-51,9647961;68,750
AP;BR-210;210,000;211,000;1,000;19/04/2023;0,7809496;-51,9647961;75,000
AP;BR-210;211,000;212,000;1,000;19/04/2023;0,7809496;-51,9647961;80,000
AP;BR-210;212,000;213,000;1,000;19/04/2023;0,7809496;-51,9647961;80,000
AP;BR-210;213,000;214,000;1,000;19/04/2023;0,7809496;-51,9647961;70,000
AP;BR-210;214,000;215,000;1,000;19/04/2023;0,7809496;-51,9647961;77,500
AP;BR-210;215,000;216,000;1,000;19/04/2023;0,7809496;-51,9647961;77,500
AP;BR-210;216,000;217,000;1,000;19/04/2023;0,7809496;-51,9647961;75,000
AP;BR-210;217,000;218,000;1,000;19/04/2023;0,7809496;-51,9647961;72,500
AP;BR-210;218,000;219,000;1,000;19/04/2023;0,7809496;-51,9647961;75,000
AP;BR-210;219,000;220,000;1,000;19/04/2023;0,7809496;-51,9647961;72,500
AP;BR-210;220,000;221,000;1,000;19/04/2023;0,7809496;-51,9647961;72,500
AP;BR-210;221,000;222,000;1,000;19/04/2023;0,7809496;-51,9647961;62,500
AP;BR-210;222,000;223,000;1,000;19/04/2023;0,7809496;-51,9647961;50,000
AP;BR-210;223,000;224,000;1,000;19/04/2023;0,7809496;-51,9647961;66,250
AP;BR-210;224,000;225,000;1,000;19/04/2023;0,7809496;-51,9647961;66,250
AP;BR-210;225,000;226,000;1,000;19/04/2023;0,7809496;-51,9647961;60,000
AP;BR-210;226,000;227,000;1,000;19/04/2023;0,7809496;-51,9647961;66,250
AP;BR-210;227,000;228,000;1,000;19/04/2023;0,7809496;-51,9647961;60,000
AP;BR-210;228,000;229,000;1,000;19/04/2023;0,7809496;-51,9647961;70,000
AP;BR-210;229,000;230,000;1,000;19/04/2023;0,7809496;-51,9647961;72,500
AP;BR-210;230,000;231,000;1,000;19/04/2023;0,7809496;-51,9647961;72,500
AP;BR-210;231,000;232,000;1,000;19/04/2023;0,7809496;-51,9647961;68,750
AP;BR-210;232,000;233,000;1,000;19/04/2023;0,7809496;-51,9647961;75,000
AP;BR-210;233,000;234,000;1,000;19/04/2023;0,7809496;-51,9647961;66,250
AP;BR-210;234,000;235,000;1,000;19/04/2023;0,7809496;-51,9647961;70,000
AP;BR-210;235,000;236,000;1,000;19/04/2023;0,7809496;-51,9647961;60,000
AP;BR-210;236,000;237,000;1,000;19/04/2023;0,7809496;-51,9647961;62,500
AP;BR-210;237,000;238,000;1,000;19/04/2023;0,7809496;-51,9647961;70,000
AP;BR-210;238,000;239,000;1,000;19/04/2023;0,7809496;-51,9647961;72,500
AP;BR-210;239,000;240,000;1,000;19/04/2023;0,7809496;-51,9647961;62,500
AP;BR-210;240,000;241,000;1,000;19/04/2023;0,7809496;-51,9647961;62,500
AP;BR-210;241,000;242,000;1,000;19/04/2023;0,7809496;-51,9647961;62,500
AP;BR-210;242,000;243,000;1,000;19/04/2023;0,7809496;-51,9647961;70,000
AP;BR-210;243,000;244,000;1,000;19/04/2023;0,7809496;-51,9647961;66,250
AP;BR-210;244,000;245,000;1,000;19/04/2023;0,5869593;-51,8320157;70,000
AP;BR-210;245,000;246,000;1,000;19/04/2023;0,5869593;-51,8320157;60,000
AP;BR-210;246,000;247,000;1,000;19/04/2023;0,7809496;-51,9647961;70,000
AP;BR-210;247,000;248,000;1,000;19/04/2023;0,7809496;-51,9647961;70,000
AP;BR-210;248,000;249,000;1,000;19/04/2023;0,7809496;-51,9647961;70,000
AP;BR-210;249,000;250,000;1,000;19/04/2023;0,806161;-51,9781406;60,000
AP;BR-210;250,000;251,000;1,000;20/04/2023;1,084864321;-52,3481885;55,000
AP;BR-210;251,000;252,000;1,000;20/04/2023;1,084864321;-52,3481885;42,500
AP;BR-210;252,000;253,000;1,000;20/04/2023;0,7932415;-51,9694266;46,250
AP;BR-210;253,000;254,000;1,000;20/04/2023;0,7932415;-51,9694266;55,000
AP;BR-210;254,000;255,000;1,000;20/04/2023;0,7932415;-51,9694266;30,000
AP;BR-210;255,000;256,000;1,000;20/04/2023;0,7932415;-51,9694266;60,000
AP;BR-210;256,000;257,000;1,000;20/04/2023;0,7932415;-51,9694266;41,250
AP;BR-210;257,000;258,000;1,000;20/04/2023;0,7932415;-51,9694266;65,000
AP;BR-210;258,000;259,000;1,000;20/04/2023;0,7932415;-51,9694266;50,000
AP;BR-210;259,000;260,000;1,000;20/04/2023;0,7932415;-51,9694266;37,500
AP;BR-210;260,000;261,000;1,000;20/04/2023;0,7932415;-51,9694266;63,750
AP;BR-210;261,000;262,000;1,000;20/04/2023;0,7932415;-51,9694266;63,750
AP;BR-210;262,000;263,000;1,000;20/04/2023;0,7932415;-51,9694266;45,000
AP;BR-210;263,000;264,000;1,000;20/04/2023;0,7932415;-51,9694266;53,750
AP;BR-210;264,000;265,000;1,000;20/04/2023;0,7932415;-51,9694266;37,500
AP;BR-210;265,000;266,000;1,000;20/04/2023;0,7932415;-51,9694266;33,750
AP;BR-210;266,000;267,000;1,000;20/04/2023;0,7932415;-51,9694266;37,500
AP;BR-210;267,000;268,000;1,000;20/04/2023;0,7932415;-51,9694266;37,500
AP;BR-210;268,000;269,000;1,000;20/04/2023;0,7932415;-51,9694266;50,000
AP;BR-210;269,000;270,000;1,000;20/04/2023;0,7932415;-51,9694266;30,000
AP;BR-210;270,000;271,000;1,000;20/04/2023;0,7932415;-51,9694266;48,750
AP;BR-210;271,000;272,000;1,000;20/04/2023;0,7932415;-51,9694266;56,250
AP;BR-210;272,000;273,000;1,000;20/04/2023;0,7932415;-51,9694266;61,250
AP;BR-210;273,000;274,000;1,000;20/04/2023;0,7932415;-51,9694266;37,500
AP;BR-210;274,000;275,000;1,000;20/04/2023;0,7932415;-51,9694266;46,250
AP;BR-210;275,000;276,000;1,000;20/04/2023;0,7932415;-51,9694266;30,000
AP;BR-210;276,000;277,000;1,000;20/04/2023;0,7932415;-51,9694266;60,000
AP;BR-210;277,000;278,000;1,000;20/04/2023;1,1122854;-52,5814842;52,500
AP;BR-210;278,000;279,000;1,000;20/04/2023;1,1122854;-52,5814842;46,250
AP;BR-210;279,000;280,000;1,000;20/04/2023;0,7932415;-51,9694266;50,000
AP;BR-210;280,000;281,000;1,000;20/04/2023;0,7932415;-51,9694266;33,750
AP;BR-210;281,000;282,000;1,000;20/04/2023;0,7932415;-51,9694266;57,500
AP;BR-210;282,000;283,000;1,000;20/04/2023;0,7932415;-51,9694266;45,000
AP;BR-210;283,000;284,000;1,000;20/04/2023;0,7932415;-51,9694266;50,000
AP;BR-210;284,000;285,000;1,000;20/04/2023;0,7932415;-51,9694266;77,500
AP;BR-210;285,000;286,000;1,000;20/04/2023;0,7932415;-51,9694266;55,000
AP;BR-210;286,000;287,000;1,000;20/04/2023;0,7932415;-51,9694266;58,750
AP;BR-210;287,000;288,000;1,000;20/04/2023;0,7932415;-51,9694266;48,750
AP;BR-210;288,000;289,000;1,000;20/04/2023;0,7932415;-51,9694266;37,500
AP;BR-210;289,000;290,000;1,000;20/04/2023;0,7932415;-51,9694266;63,750
AP;BR-210;290,000;291,000;1,000;20/04/2023;0,7932415;-51,9694266;70,000
AP;BR-210;291,000;292,000;1,000;20/04/2023;0,7932415;-51,9694266;56,250
AP;BR-210;292,000;293,000;1,000;20/04/2023;0,7932415;-51,9694266;56,250
AP;BR-210;293,000;294,000;1,000;20/04/2023;0,7932415;-51,9694266;41,250
AP;BR-210;294,000;295,000;1,000;20/04/2023;0,7932415;-51,9694266;46,250
AP;BR-210;295,000;296,000;1,000;20/04/2023;0,7932415;-51,9694266;30,000
AP;BR-210;296,000;297,000;1,000;20/04/2023;0,7932415;-51,9694266;37,500
AP;BR-210;297,000;298,000;1,000;20/04/2023;0,7932415;-51,9694266;37,500
AP;BR-210;298,000;299,000;1,000;20/04/2023;0,7932415;-51,9694266;56,250
AP;BR-210;299,000;300,000;1,000;20/04/2023;0,7932415;-51,9694266;30,000
AP;BR-210;300,000;301,000;1,000;20/04/2023;0,7932415;-51,9694266;30,000
AP;BR-210;301,000;302,000;1,000;20/04/2023;0,7932415;-51,9694266;42,500
AP;BR-210;302,000;303,000;1,000;20/04/2023;0,7932415;-51,9694266;56,250
AP;BR-210;303,000;304,000;1,000;20/04/2023;0,7932415;-51,9694266;50,000
AP;BR-210;304,000;305,200;1,200;20/04/2023;0,7932415;-51,9694266;37,500
AP;BR-156;663,970;665,000;1,030;26/04/2023;2,64162905;-51,3482307;75,000
AP;BR-156;665,000;666,000;1,000;26/04/2023;2,65007211;-51,3521455;72,500
AP;BR-156;666,000;667,000;1,000;26/04/2023;2,65934058;-51,3537677;75,000
AP;BR-156;667,000;668,000;1,000;26/04/2023;2,66793926;-51,3535675;90,000
AP;BR-156;668,000;668,340;0,340;26/04/2023;2,67675059;-51,3530934;75,000
AP;BR-156;670,280;670,350;0,070;26/04/2023;2,69573991;-51,360239;47,500
PB;BR-434;19,400;20,000;0,600;26/04/2023;-6,5189155;-38,4093037;30,000
PB;BR-434;20,000;21,000;1,000;26/04/2023;-6,5189155;-38,4093037;17,500
PB;BR-434;21,000;22,000;1,000;26/04/2023;-6,5189155;-38,4093037;30,000
PB;BR-434;22,000;23,000;1,000;26/04/2023;-6,5189155;-38,4093037;17,500
PB;BR-434;23,000;24,000;1,000;26/04/2023;-6,5189155;-38,4093037;30,000
PB;BR-434;24,000;25,000;1,000;26/04/2023;-6,5189155;-38,4093037;30,000
PB;BR-434;25,000;26,000;1,000;26/04/2023;-6,5189155;-38,4093037;2,500
PB;BR-434;26,000;27,000;1,000;26/04/2023;-6,5189155;-38,4093037;30,000
PB;BR-434;27,000;28,000;1,000;26/04/2023;-6,5189155;-38,4093037;27,500
PB;BR-434;28,000;29,000;1,000;26/04/2023;-6,5189155;-38,4093037;2,500
PB;BR-434;29,000;30,000;1,000;26/04/2023;-6,5189155;-38,4093037;15,000
PB;BR-434;30,000;31,000;1,000;26/04/2023;-6,5189155;-38,4093037;2,500
PB;BR-434;31,000;32,000;1,000;26/04/2023;-6,5189155;-38,4093037;15,000
PB;BR-434;32,000;33,000;1,000;26/04/2023;-6,5189155;-38,4093037;15,000
PB;BR-434;33,000;34,000;1,000;26/04/2023;-6,5189155;-38,4093037;2,500
PB;BR-434;34,000;34,400;0,400;26/04/2023;-6,5189155;-38,4093037;7,500
GO;BR-080;277,500;278,000;0,500;26/04/2023;-13,9892041;-49,701221;71,250
GO;BR-080;278,000;279,000;1,000;26/04/2023;-13,9892041;-49,701221;70,000
GO;BR-080;279,000;280,000;1,000;26/04/2023;-13,9892041;-49,701221;67,500
GO;BR-080;280,000;281,000;1,000;26/04/2023;-13,9892041;-49,701221;78,750
GO;BR-080;281,000;282,000;1,000;26/04/2023;-13,9892041;-49,701221;72,500
GO;BR-080;282,000;282,300;0,300;26/04/2023;-13,9892041;-49,701221;82,500
MT;BR-158;201,000;202,000;1,000;27/04/2023;-10,882918;-51,6377581;56,250
MT;BR-158;202,000;203,000;1,000;27/04/2023;-10,8903098;-51,640094;60,000
MT;BR-158;203,000;204,000;1,000;27/04/2023;-10,8903098;-51,640094;63,750
MT;BR-158;204,000;205,000;1,000;27/04/2023;-10,8903098;-51,640094;52,500
MT;BR-158;205,000;206,000;1,000;27/04/2023;-10,8903098;-51,640094;52,500
MT;BR-158;206,000;207,000;1,000;27/04/2023;-10,8903098;-51,640094;52,500
MT;BR-158;207,000;208,000;1,000;27/04/2023;-10,8903098;-51,640094;52,500
MT;BR-158;208,000;209,000;1,000;27/04/2023;-10,8903098;-51,640094;52,500
MT;BR-158;209,000;210,000;1,000;27/04/2023;-10,8903098;-51,640094;52,500
MT;BR-158;210,000;211,000;1,000;27/04/2023;-10,8903098;-51,640094;52,500
MT;BR-158;211,000;212,000;1,000;27/04/2023;-10,8903098;-51,640094;52,500
MT;BR-158;212,000;213,000;1,000;27/04/2023;-10,8903098;-51,640094;52,500
MT;BR-158;213,000;214,000;1,000;27/04/2023;-10,8903098;-51,640094;66,250
MT;BR-158;214,000;215,000;1,000;27/04/2023;-10,8903098;-51,640094;66,250
MT;BR-158;215,000;216,000;1,000;27/04/2023;-10,8903098;-51,640094;66,250
MT;BR-158;216,000;217,000;1,000;27/04/2023;-10,8903098;-51,640094;60,000
MT;BR-158;217,000;218,000;1,000;27/04/2023;-10,8903098;-51,640094;60,000
MT;BR-158;218,000;219,000;1,000;27/04/2023;-10,8903098;-51,640094;52,500
MT;BR-158;219,000;220,000;1,000;27/04/2023;-10,8903098;-51,640094;60,000
MT;BR-158;220,000;221,000;1,000;27/04/2023;-10,8903098;-51,640094;66,250
MT;BR-158;221,000;222,000;1,000;27/04/2023;-10,8903098;-51,640094;66,250
MT;BR-158;222,000;223,000;1,000;27/04/2023;-10,8903098;-51,640094;66,250
MT;BR-158;223,000;224,000;1,000;27/04/2023;-10,8903098;-51,640094;66,250
MT;BR-158;224,000;225,000;1,000;27/04/2023;-10,8903098;-51,640094;66,250
MT;BR-158;225,000;226,000;1,000;27/04/2023;-10,8903098;-51,640094;66,250
MT;BR-158;226,000;227,000;1,000;27/04/2023;-10,8903098;-51,640094;66,250
MT;BR-158;227,000;228,000;1,000;27/04/2023;-10,8903098;-51,640094;66,250
MT;BR-158;228,000;229,000;1,000;27/04/2023;-10,8903098;-51,640094;75,000
MT;BR-158;229,000;230,000;1,000;27/04/2023;-10,8903098;-51,640094;66,250
MT;BR-158;230,000;231,000;1,000;27/04/2023;-10,8903098;-51,640094;66,250
MT;BR-158;231,000;232,000;1,000;27/04/2023;-10,8903098;-51,640094;66,250
MT;BR-158;232,000;233,000;1,000;27/04/2023;-10,8903098;-51,640094;80,000
MT;BR-158;233,000;234,000;1,000;27/04/2023;-10,8903098;-51,640094;66,250
MT;BR-158;234,000;235,000;1,000;27/04/2023;-10,8903098;-51,640094;66,250
MT;BR-158;235,000;236,000;1,000;27/04/2023;-10,8903098;-51,640094;60,000
MT;BR-158;236,000;237,000;1,000;27/04/2023;-10,8903098;-51,640094;80,000
MT;BR-158;237,000;238,000;1,000;27/04/2023;-10,8903098;-51,640094;73,750
MT;BR-158;238,000;239,000;1,000;27/04/2023;-10,8903098;-51,640094;80,000
MT;BR-158;239,000;240,000;1,000;27/04/2023;-10,8903098;-51,640094;66,250
MT;BR-158;240,000;241,000;1,000;27/04/2023;-10,8903098;-51,640094;66,250
MT;BR-158;241,000;242,000;1,000;27/04/2023;-10,8903098;-51,640094;73,750
MT;BR-158;242,000;243,000;1,000;27/04/2023;-10,8903098;-51,640094;80,000
MT;BR-158;243,000;244,000;1,000;27/04/2023;-10,8903098;-51,640094;87,500
MT;BR-158;244,000;245,000;1,000;27/04/2023;-10,8903098;-51,640094;80,000
MT;BR-158;245,000;246,000;1,000;27/04/2023;-10,8903098;-51,640094;80,000
MT;BR-158;246,000;247,000;1,000;27/04/2023;-10,8903098;-51,640094;83,750
MT;BR-158;247,000;248,000;1,000;27/04/2023;-10,8903098;-51,640094;83,750
MT;BR-158;248,000;249,000;1,000;27/04/2023;-10,8903098;-51,640094;83,750
MT;BR-158;249,000;250,000;1,000;27/04/2023;-10,8903098;-51,640094;80,000
MT;BR-158;250,000;251,000;1,000;27/04/2023;-10,8903098;-51,640094;73,750
MT;BR-158;251,000;252,000;1,000;27/04/2023;-10,8903098;-51,640094;83,750
MT;BR-158;252,000;253,000;1,000;27/04/2023;-10,8903098;-51,640094;77,500
MT;BR-158;253,000;254,000;1,000;27/04/2023;-10,8903098;-51,640094;52,500
MT;BR-158;254,000;255,000;1,000;27/04/2023;-10,8903098;-51,640094;66,250
MT;BR-158;255,000;256,000;1,000;27/04/2023;-10,8903098;-51,640094;66,250
MT;BR-158;256,000;257,000;1,000;27/04/2023;-10,8903098;-51,640094;60,000
MT;BR-158;257,000;258,000;1,000;27/04/2023;-10,8903098;-51,640094;60,000
MT;BR-158;258,000;259,000;1,000;27/04/2023;-10,8903098;-51,640094;66,250
MT;BR-158;259,000;260,000;1,000;27/04/2023;-10,8903098;-51,640094;60,000
MT;BR-158;260,000;261,000;1,000;27/04/2023;-10,8903098;-51,640094;60,000
MT;BR-158;261,000;262,000;1,000;27/04/2023;-10,8903098;-51,640094;52,500
MT;BR-158;262,000;263,000;1,000;27/04/2023;-10,8903098;-51,640094;66,250
MT;BR-158;263,000;264,000;1,000;27/04/2023;-10,8903098;-51,640094;66,250
MT;BR-158;264,000;265,000;1,000;27/04/2023;-10,8903098;-51,640094;60,000
MT;BR-158;265,000;266,000;1,000;27/04/2023;-10,8903098;-51,640094;66,250
MT;BR-158;266,000;267,000;1,000;27/04/2023;-10,8903098;-51,640094;66,250
MT;BR-158;267,000;268,000;1,000;27/04/2023;-10,8903098;-51,640094;66,250
MT;BR-158;268,000;269,000;1,000;27/04/2023;-10,8903098;-51,640094;66,250
MT;BR-158;269,000;270,000;1,000;27/04/2023;-10,8903098;-51,640094;66,250
MT;BR-158;270,000;271,000;1,000;27/04/2023;-10,8903098;-51,640094;66,250
MT;BR-158;271,000;272,000;1,000;27/04/2023;-10,8903098;-51,640094;73,750
MT;BR-158;272,000;273,000;1,000;27/04/2023;-10,8903098;-51,640094;60,000
MT;BR-158;273,000;274,000;1,000;27/04/2023;-10,8903098;-51,640094;60,000
MT;BR-158;274,000;275,000;1,000;27/04/2023;-10,8903098;-51,640094;73,750
MT;BR-158;275,000;276,000;1,000;27/04/2023;-10,8903098;-51,640094;60,000
MT;BR-158;276,000;277,000;1,000;27/04/2023;-10,8903098;-51,640094;60,000
MT;BR-158;277,000;278,000;1,000;27/04/2023;-10,8903098;-51,640094;60,000
MT;BR-158;278,000;279,000;1,000;27/04/2023;-10,8903098;-51,640094;60,000
MT;BR-158;279,000;280,000;1,000;27/04/2023;-10,8903098;-51,640094;60,000
MT;BR-158;280,000;281,000;1,000;27/04/2023;-10,8903098;-51,640094;60,000
MT;BR-158;281,000;282,000;1,000;27/04/2023;-10,8903098;-51,640094;60,000
MT;BR-158;282,000;283,000;1,000;27/04/2023;-10,8903098;-51,640094;60,000
MT;BR-158;283,000;284,000;1,000;27/04/2023;-10,8903098;-51,640094;60,000
MT;BR-158;284,000;285,000;1,000;27/04/2023;-10,8903098;-51,640094;60,000
MT;BR-158;285,000;286,000;1,000;27/04/2023;-10,8903098;-51,640094;66,250
MT;BR-158;286,000;287,000;1,000;27/04/2023;-10,8903098;-51,640094;80,000
MT;BR-158;287,000;288,000;1,000;27/04/2023;-10,8903098;-51,640094;66,250
MT;BR-158;288,000;289,000;1,000;27/04/2023;-10,8903098;-51,640094;60,000
MT;BR-158;289,000;290,000;1,000;27/04/2023;-10,8903098;-51,640094;66,250
MT;BR-158;290,000;291,000;1,000;27/04/2023;-10,8903098;-51,640094;60,000
MT;BR-158;291,000;292,000;1,000;27/04/2023;-10,8903098;-51,640094;60,000
MT;BR-158;292,000;293,000;1,000;27/04/2023;-10,8903098;-51,640094;60,000
MT;BR-158;293,000;294,000;1,000;27/04/2023;-10,8903098;-51,640094;82,500
MT;BR-158;294,000;295,000;1,000;27/04/2023;-10,8903098;-51,640094;66,250
MT;BR-158;295,000;296,000;1,000;27/04/2023;-10,8903098;-51,640094;66,250
MT;BR-158;296,000;297,000;1,000;27/04/2023;-10,8903098;-51,640094;52,500
MT;BR-158;297,000;298,000;1,000;27/04/2023;-10,8903098;-51,640094;60,000
MT;BR-158;298,000;299,000;1,000;27/04/2023;-10,8903098;-51,640094;60,000
MT;BR-158;299,000;300,000;1,000;27/04/2023;-10,8903098;-51,640094;66,250
MT;BR-158;300,000;301,000;1,000;27/04/2023;-10,8903098;-51,640094;60,000
MT;BR-158;301,000;302,000;1,000;27/04/2023;-10,8903098;-51,640094;60,000
MT;BR-158;302,000;303,000;1,000;27/04/2023;-10,8903098;-51,640094;66,250
MT;BR-158;303,000;304,000;1,000;27/04/2023;-10,8903098;-51,640094;66,250
MT;BR-158;304,000;305,000;1,000;27/04/2023;-10,8903098;-51,640094;76,250
MT;BR-158;305,000;306,000;1,000;27/04/2023;-10,8903098;-51,640094;68,750
MT;BR-158;306,000;307,000;1,000;27/04/2023;-10,8903098;-51,640094;68,750
MT;BR-158;307,000;308,000;1,000;27/04/2023;-10,8903098;-51,640094;72,500
MT;BR-158;308,000;309,000;1,000;27/04/2023;-10,8903098;-51,640094;60,000
MT;BR-158;309,000;310,000;1,000;27/04/2023;-10,8903098;-51,640094;60,000
MT;BR-158;310,000;311,000;1,000;27/04/2023;-10,8903098;-51,640094;66,250
MT;BR-158;311,000;312,000;1,000;27/04/2023;-10,8903098;-51,640094;66,250
MT;BR-158;312,000;313,000;1,000;27/04/2023;-10,8903098;-51,640094;76,250
MT;BR-158;313,000;314,000;1,000;27/04/2023;-10,8903098;-51,640094;68,750
MT;BR-158;314,000;315,000;1,000;27/04/2023;-10,8903098;-51,640094;62,500
MT;BR-158;315,000;316,000;1,000;27/04/2023;-10,8903098;-51,640094;62,500
MT;BR-158;316,000;317,000;1,000;27/04/2023;-10,8903098;-51,640094;66,250
MT;BR-158;317,000;318,000;1,000;27/04/2023;-10,8903098;-51,640094;73,750
MT;BR-158;318,000;319,000;1,000;27/04/2023;-10,8903098;-51,640094;70,000
MT;BR-158;319,000;320,000;1,000;27/04/2023;-10,8903098;-51,640094;68,750
MT;BR-158;320,000;321,000;1,000;27/04/2023;-10,8903098;-51,640094;60,000
MT;BR-158;321,000;322,000;1,000;27/04/2023;-10,8903098;-51,640094;66,250
MT;BR-158;322,000;323,000;1,000;27/04/2023;-10,8903098;-51,640094;82,500
MT;BR-158;323,000;324,000;1,000;27/04/2023;-10,8903098;-51,640094;80,000
MT;BR-158;324,000;325,000;1,000;27/04/2023;-10,8903098;-51,640094;66,250
MT;BR-158;325,000;326,000;1,000;27/04/2023;-10,8903098;-51,640094;66,250
MT;BR-158;326,000;327,000;1,000;27/04/2023;-10,8903098;-51,640094;66,250
MT;BR-158;327,000;328,000;1,000;27/04/2023;-10,8903098;-51,640094;73,750
MT;BR-158;328,000;329,000;1,000;27/04/2023;-10,8903098;-51,640094;80,000
MT;BR-158;329,000;330,000;1,000;27/04/2023;-10,8903098;-51,640094;73,750
RO;BR-421;36,900;37,000;0,100;27/04/2023;-10,2472983;-63,2760566;50,000
RO;BR-421;37,000;38,000;1,000;27/04/2023;-10,2472983;-63,2760566;86,250
RO;BR-421;38,000;39,000;1,000;27/04/2023;-10,2472983;-63,2760566;71,250
RO;BR-421;39,000;40,000;1,000;27/04/2023;-10,2472983;-63,2760566;66,250
RO;BR-421;40,000;41,000;1,000;27/04/2023;-10,2472983;-63,2760566;66,250
RO;BR-421;41,000;42,000;1,000;27/04/2023;-10,2472983;-63,2760566;66,250
RO;BR-421;42,000;43,000;1,000;27/04/2023;-10,2472983;-63,2760566;66,250
RO;BR-421;43,000;44,000;1,000;27/04/2023;-10,2472983;-63,2760566;60,000
RO;BR-421;44,000;45,000;1,000;27/04/2023;-10,2472983;-63,2760566;62,500
RO;BR-421;45,000;46,000;1,000;27/04/2023;-10,2472983;-63,2760566;65,000
BA;BR-135;205,800;206,000;0,200;25/04/2023;-12,35309;-44,98825;28,750
BA;BR-135;206,000;207,000;1,000;25/04/2023;-12,3689783;-44,9731266;72,500
BA;BR-135;207,000;208,000;1,000;25/04/2023;-12,3689783;-44,9731266;56,250
BA;BR-135;208,000;209,000;1,000;25/04/2023;-12,3689783;-44,9731266;37,500
BA;BR-135;209,000;210,000;1,000;25/04/2023;-12,3689783;-44,9731266;65,000
BA;BR-135;210,000;211,000;1,000;25/04/2023;-12,3689783;-44,9731266;51,250
BA;BR-135;211,000;212,000;1,000;25/04/2023;-12,3689783;-44,9731266;70,000
BA;BR-135;212,000;213,000;1,000;25/04/2023;-12,3689783;-44,9731266;62,500
BA;BR-135;213,000;214,000;1,000;25/04/2023;-12,3689783;-44,9731266;76,250
BA;BR-135;214,000;215,000;1,000;25/04/2023;-12,3689783;-44,9731266;80,000
BA;BR-135;215,000;216,000;1,000;25/04/2023;-12,3689783;-44,9731266;68,750
BA;BR-135;216,000;217,000;1,000;25/04/2023;-12,3689783;-44,9731266;67,500
BA;BR-135;217,000;218,000;1,000;25/04/2023;-12,3689783;-44,9731266;72,500
BA;BR-135;218,000;219,000;1,000;25/04/2023;-12,3689783;-44,9731266;68,750
BA;BR-135;219,000;220,000;1,000;25/04/2023;-12,3689783;-44,9731266;65,000
BA;BR-135;220,000;221,000;1,000;25/04/2023;-12,3689783;-44,9731266;57,500
BA;BR-135;221,000;222,000;1,000;25/04/2023;-12,1407525;-44,968305;57,500
BA;BR-135;222,000;223,000;1,000;25/04/2023;-12,1407525;-44,968305;32,500
BA;BR-135;223,000;224,000;1,000;25/04/2023;-12,1407525;-44,968305;40,000
BA;BR-135;224,000;225,000;1,000;25/04/2023;-12,4042733;-44,82811;32,500
BA;BR-135;225,000;226,000;1,000;25/04/2023;-12,4042733;-44,82811;32,500
BA;BR-135;226,000;227,000;1,000;25/04/2023;-12,4042733;-44,82811;20,000
BA;BR-135;227,000;228,000;1,000;25/04/2023;-12,4042733;-44,82811;20,000
BA;BR-135;306,500;307,000;0,500;25/04/2023;-12,408955;-44,82222;26,250
BA;BR-135;307,000;307,100;0,100;25/04/2023;-13,0447133;-44,622595;33,750
BA;BR-135;319,800;320,000;0,200;25/04/2023;-13,0477333;-44,6236033;60,000
BA;BR-135;320,000;321,000;1,000;25/04/2023;-13,1545216;-44,616655;70,000
BA;BR-135;321,000;321,200;0,200;25/04/2023;-13,1776416;-44,6136198;61,250
BA;BR-135;323,400;324,000;0,600;25/04/2023;-13,1732446;-44,6120948;78,750
BA;BR-135;324,000;325,000;1,000;25/04/2023;-13,1858357;-44,621748;77,500
BA;BR-135;325,000;325,300;0,300;25/04/2023;-13,1849445;-44,6275729;57,500
RR;BR-210;315,400;316,000;0,600;27/04/2023;1,97891594;-61,3362414;55,000
RR;BR-210;316,000;317,000;1,000;27/04/2023;1,97891594;-61,3362414;85,000
RR;BR-210;317,000;318,000;1,000;27/04/2023;1,97891594;-61,3362414;85,000
RR;BR-210;318,000;319,000;1,000;27/04/2023;1,97891594;-61,3362414;70,000
RR;BR-210;319,000;320,000;1,000;27/04/2023;1,97891594;-61,3362414;70,000
RR;BR-210;320,000;321,000;1,000;27/04/2023;1,97891594;-61,3362414;70,000
RR;BR-210;321,000;322,000;1,000;27/04/2023;1,97891594;-61,3362414;70,000
RR;BR-210;322,000;323,000;1,000;27/04/2023;1,97891594;-61,3362414;70,000
RR;BR-210;323,000;324,000;1,000;27/04/2023;1,97891594;-61,3362414;70,000
RR;BR-210;324,000;325,000;1,000;27/04/2023;1,97891594;-61,3362414;70,000
RR;BR-210;325,000;326,000;1,000;27/04/2023;1,97891594;-61,3362414;85,000
RR;BR-210;326,000;327,000;1,000;27/04/2023;1,97891594;-61,3362414;40,000
RR;BR-210;327,000;328,000;1,000;27/04/2023;1,97891594;-61,3362414;55,000
RR;BR-210;328,000;329,000;1,000;27/04/2023;1,97891594;-61,3362414;75,000
RR;BR-210;329,000;330,000;1,000;27/04/2023;1,97891594;-61,3362414;45,000
RR;BR-210;330,000;331,000;1,000;27/04/2023;1,97891594;-61,3362414;45,000
RR;BR-210;331,000;332,000;1,000;27/04/2023;1,97891594;-61,3362414;35,000
RR;BR-210;332,000;333,000;1,000;27/04/2023;1,97891594;-61,3362414;45,000
RR;BR-210;333,000;334,000;1,000;27/04/2023;1,97891594;-61,3362414;70,000
RR;BR-210;334,000;335,000;1,000;27/04/2023;1,97891594;-61,3362414;70,000
RR;BR-210;335,000;336,000;1,000;27/04/2023;1,97891594;-61,3362414;70,000
RR;BR-210;336,000;337,000;1,000;27/04/2023;1,97891594;-61,3362414;70,000
RR;BR-210;337,000;338,000;1,000;27/04/2023;1,97891594;-61,3362414;70,000
RR;BR-210;338,000;339,000;1,000;27/04/2023;1,97891594;-61,3362414;30,000
RR;BR-210;339,000;340,000;1,000;27/04/2023;1,97891594;-61,3362414;15,000
RR;BR-210;340,000;341,000;1,000;27/04/2023;1,97891594;-61,3362414;75,000
RR;BR-210;341,000;342,000;1,000;27/04/2023;1,97891594;-61,3362414;75,000
RR;BR-210;342,000;343,000;1,000;27/04/2023;1,97891594;-61,3362414;70,000
RR;BR-210;343,000;344,000;1,000;27/04/2023;1,97891594;-61,3362414;70,000
RR;BR-210;344,000;345,000;1,000;27/04/2023;1,97891594;-61,3362414;70,000
RR;BR-210;345,000;346,000;1,000;27/04/2023;1,97891594;-61,3362414;70,000
BA;BR-030;588,300;589,000;0,700;27/04/2023;-14,1580183;-41,2045966;75,000
BA;BR-030;589,000;590,000;1,000;27/04/2023;-14,1580183;-41,2045966;81,250
BA;BR-030;590,000;591,000;1,000;27/04/2023;-14,1580183;-41,2045966;88,750
BA;BR-030;591,000;592,000;1,000;27/04/2023;-14,1580183;-41,2045966;88,750
BA;BR-030;592,000;593,000;1,000;27/04/2023;-14,1580183;-41,2045966;88,750
BA;BR-030;593,000;594,000;1,000;27/04/2023;-14,1580183;-41,2045966;88,750
BA;BR-030;594,000;595,000;1,000;27/04/2023;-14,1580183;-41,2045966;82,500
BA;BR-030;595,000;596,000;1,000;27/04/2023;-14,1580183;-41,2045966;88,750
BA;BR-030;596,000;597,000;1,000;27/04/2023;-14,1580183;-41,2045966;90,000
BA;BR-030;597,000;598,000;1,000;27/04/2023;-14,1580183;-41,2045966;88,750
BA;BR-030;598,000;599,000;1,000;27/04/2023;-14,1580183;-41,2045966;85,000
BA;BR-030;599,000;600,000;1,000;27/04/2023;-14,1580183;-41,2045966;92,500
BA;BR-030;600,000;601,000;1,000;27/04/2023;-14,1580183;-41,2045966;93,750
BA;BR-030;601,000;602,000;1,000;27/04/2023;-14,1580183;-41,2045966;100,000
BA;BR-030;602,000;603,000;1,000;27/04/2023;-14,1580183;-41,2045966;100,000
BA;BR-030;603,000;604,000;1,000;27/04/2023;-14,1580183;-41,2045966;100,000
BA;BR-030;604,000;605,000;1,000;27/04/2023;-14,1580183;-41,2045966;80,000
BA;BR-030;605,000;606,000;1,000;27/04/2023;-14,1580183;-41,2045966;93,750
BA;BR-030;606,000;607,000;1,000;27/04/2023;-14,1580183;-41,2045966;93,750
BA;BR-030;607,000;608,000;1,000;27/04/2023;-14,1580183;-41,2045966;97,500
BA;BR-030;608,000;609,000;1,000;27/04/2023;-14,1580183;-41,2045966;96,250
BA;BR-030;609,000;610,000;1,000;27/04/2023;-14,1580183;-41,2045966;100,000
BA;BR-030;610,000;611,000;1,000;27/04/2023;-14,1580183;-41,2045966;100,000
BA;BR-030;611,000;612,000;1,000;27/04/2023;-14,1580183;-41,2045966;100,000
BA;BR-030;612,000;613,000;1,000;27/04/2023;-14,1580183;-41,2045966;100,000
BA;BR-030;613,000;614,000;1,000;27/04/2023;-14,1580183;-41,2045966;100,000
BA;BR-030;614,000;615,000;1,000;27/04/2023;-14,1580183;-41,2045966;100,000
BA;BR-030;615,000;616,000;1,000;27/04/2023;-14,1580183;-41,2045966;86,250
BA;BR-030;616,000;617,000;1,000;27/04/2023;-14,1580183;-41,2045966;78,750
BA;BR-030;617,000;618,000;1,000;27/04/2023;-14,1580183;-41,2045966;78,750
BA;BR-030;618,000;619,000;1,000;27/04/2023;-14,1580183;-41,2045966;78,750
BA;BR-030;619,000;620,000;1,000;27/04/2023;-14,1580183;-41,2045966;87,500
BA;BR-030;620,000;621,000;1,000;27/04/2023;-14,1580183;-41,2045966;96,250
BA;BR-030;621,000;622,000;1,000;27/04/2023;-14,1580183;-41,2045966;92,500
BA;BR-030;622,000;623,000;1,000;27/04/2023;-14,1580183;-41,2045966;90,000
BA;BR-030;623,000;624,000;1,000;27/04/2023;-14,1580183;-41,2045966;92,500
BA;BR-030;624,000;625,000;1,000;27/04/2023;-14,1580183;-41,2045966;90,000
BA;BR-030;625,000;626,000;1,000;27/04/2023;-14,1580183;-41,2045966;100,000
BA;BR-030;626,000;627,000;1,000;27/04/2023;-14,1580183;-41,2045966;90,000
BA;BR-030;627,000;628,000;1,000;27/04/2023;-14,1580183;-41,2045966;100,000
BA;BR-030;628,000;629,000;1,000;27/04/2023;-14,1580183;-41,2045966;100,000
BA;BR-030;629,000;630,000;1,000;27/04/2023;-14,1580183;-41,2045966;100,000
BA;BR-030;630,000;631,000;1,000;27/04/2023;-14,1580183;-41,2045966;100,000
BA;BR-030;631,000;632,000;1,000;27/04/2023;-14,1580183;-41,2045966;100,000
BA;BR-030;632,000;633,000;1,000;27/04/2023;-14,1580183;-41,2045966;100,000
BA;BR-030;633,000;634,000;1,000;27/04/2023;-14,1580183;-41,2045966;100,000
BA;BR-030;634,000;635,000;1,000;27/04/2023;-14,1580183;-41,2045966;100,000
BA;BR-030;635,000;636,000;1,000;27/04/2023;-14,1580183;-41,2045966;100,000
BA;BR-030;636,000;637,000;1,000;27/04/2023;-14,1580183;-41,2045966;92,500
BA;BR-030;637,000;638,000;1,000;27/04/2023;-14,1580183;-41,2045966;92,500
BA;BR-030;638,000;639,000;1,000;27/04/2023;-14,1580183;-41,2045966;86,250
BA;BR-030;639,000;640,000;1,000;27/04/2023;-14,1580183;-41,2045966;100,000
BA;BR-030;640,000;641,000;1,000;27/04/2023;-14,1580183;-41,2045966;0,000
BA;BR-030;641,000;642,000;1,000;27/04/2023;-14,1580183;-41,2045966;0,000
BA;BR-030;642,000;643,000;1,000;27/04/2023;-14,1580183;-41,2045966;0,000
BA;BR-030;643,000;644,000;1,000;27/04/2023;-14,1580183;-41,2045966;0,000
BA;BR-030;644,000;645,000;1,000;27/04/2023;-14,1580183;-41,2045966;0,000
BA;BR-030;645,000;646,000;1,000;27/04/2023;-14,1580183;-41,2045966;0,000
BA;BR-030;646,000;647,000;1,000;27/04/2023;-14,1580183;-41,2045966;0,000
BA;BR-030;647,000;648,000;1,000;27/04/2023;-14,1580183;-41,2045966;0,000
BA;BR-030;648,000;649,000;1,000;27/04/2023;-14,1580183;-41,2045966;0,000
BA;BR-030;649,000;650,000;1,000;27/04/2023;-14,1580183;-41,2045966;0,000
BA;BR-030;650,000;651,000;1,000;27/04/2023;-14,1580183;-41,2045966;0,000
BA;BR-030;651,000;652,000;1,000;27/04/2023;-14,1580183;-41,2045966;0,000
BA;BR-030;652,000;653,000;1,000;27/04/2023;-14,1580183;-41,2045966;0,000
BA;BR-030;653,000;654,000;1,000;27/04/2023;-14,1580183;-41,2045966;0,000
BA;BR-030;654,000;655,000;1,000;27/04/2023;-14,1580183;-41,2045966;0,000
BA;BR-030;655,000;656,000;1,000;27/04/2023;-14,1580183;-41,2045966;0,000
BA;BR-030;656,000;657,000;1,000;27/04/2023;-14,1580183;-41,2045966;0,000
BA;BR-030;657,000;658,000;1,000;27/04/2023;-14,1580183;-41,2045966;0,000
BA;BR-030;658,000;659,000;1,000;27/04/2023;-14,1580183;-41,2045966;0,000
BA;BR-030;659,000;660,000;1,000;27/04/2023;-14,1580183;-41,2045966;0,000
BA;BR-030;660,000;661,000;1,000;27/04/2023;-14,1580183;-41,2045966;0,000
BA;BR-030;661,000;662,000;1,000;27/04/2023;-14,1580183;-41,2045966;0,000
BA;BR-030;662,000;663,000;1,000;27/04/2023;-14,1580183;-41,2045966;0,000
BA;BR-030;663,000;664,000;1,000;27/04/2023;-14,1580183;-41,2045966;0,000
BA;BR-030;664,000;665,000;1,000;27/04/2023;-14,1580183;-41,2045966;0,000
BA;BR-030;665,000;666,000;1,000;27/04/2023;-14,1580183;-41,2045966;0,000
BA;BR-030;666,000;667,000;1,000;27/04/2023;-14,1580183;-41,2045966;0,000
BA;BR-030;667,000;668,000;1,000;27/04/2023;-14,1580183;-41,2045966;0,000
BA;BR-030;668,000;669,000;1,000;27/04/2023;-14,1580183;-41,2045966;0,000
BA;BR-030;669,000;670,000;1,000;27/04/2023;-14,1580183;-41,2045966;0,000
BA;BR-030;670,000;671,000;1,000;27/04/2023;-14,1580183;-41,2045966;0,000
BA;BR-030;671,000;672,000;1,000;27/04/2023;-14,1580183;-41,2045966;0,000
BA;BR-030;672,000;673,000;1,000;27/04/2023;-14,1580183;-41,2045966;0,000
BA;BR-030;673,000;674,000;1,000;27/04/2023;-14,1580183;-41,2045966;0,000
BA;BR-030;674,000;675,000;1,000;27/04/2023;-14,1580183;-41,2045966;0,000
BA;BR-030;675,000;676,000;1,000;27/04/2023;-14,1580183;-41,2045966;0,000
BA;BR-030;676,000;677,000;1,000;27/04/2023;-14,1580183;-41,2045966;0,000
BA;BR-030;677,000;678,000;1,000;27/04/2023;-14,1580183;-41,2045966;0,000
BA;BR-030;678,000;679,000;1,000;27/04/2023;-14,1580183;-41,2045966;0,000
BA;BR-030;679,000;680,000;1,000;27/04/2023;-14,1580183;-41,2045966;0,000
BA;BR-030;680,000;681,000;1,000;27/04/2023;-14,1580183;-41,2045966;0,000
BA;BR-030;681,000;682,000;1,000;27/04/2023;-14,1580183;-41,2045966;0,000
BA;BR-030;682,000;683,000;1,000;27/04/2023;-14,1580183;-41,2045966;0,000
BA;BR-030;683,000;684,000;1,000;27/04/2023;-14,8546856;-40,8334767;75,000
BA;BR-030;684,000;685,000;1,000;27/04/2023;-14,8546856;-40,8334767;75,000
BA;BR-030;685,000;686,000;1,000;27/04/2023;-14,8546856;-40,8334767;100,000
BA;BR-030;686,000;687,000;1,000;27/04/2023;-14,8546856;-40,8334767;100,000
BA;BR-030;687,000;688,000;1,000;27/04/2023;-14,8546856;-40,8334767;100,000
BA;BR-030;688,000;689,000;1,000;27/04/2023;-14,8546856;-40,8334767;93,750
BA;BR-030;689,000;690,000;1,000;27/04/2023;-14,8546856;-40,8334767;100,000
BA;BR-030;690,000;691,000;1,000;27/04/2023;-14,8546856;-40,8334767;100,000
BA;BR-030;691,000;692,000;1,000;27/04/2023;-14,8546856;-40,8334767;100,000
BA;BR-030;692,000;693,000;1,000;27/04/2023;-14,8546856;-40,8334767;100,000
BA;BR-030;693,000;694,000;1,000;27/04/2023;-14,8546856;-40,8334767;100,000
BA;BR-030;694,000;695,000;1,000;27/04/2023;-14,8546856;-40,8334767;100,000
BA;BR-030;695,000;696,000;1,000;27/04/2023;-14,8546856;-40,8334767;100,000
BA;BR-030;696,000;697,000;1,000;27/04/2023;-14,8546856;-40,8334767;100,000
BA;BR-030;697,000;698,000;1,000;27/04/2023;-14,8546856;-40,8334767;100,000
BA;BR-030;698,000;699,000;1,000;27/04/2023;-14,8546856;-40,8334767;100,000
BA;BR-030;699,000;700,000;1,000;27/04/2023;-14,8546856;-40,8334767;100,000
BA;BR-030;700,000;701,000;1,000;27/04/2023;-14,8546856;-40,8334767;100,000
BA;BR-030;701,000;702,000;1,000;27/04/2023;-14,8546856;-40,8334767;100,000
BA;BR-030;702,000;703,000;1,000;27/04/2023;-14,8546856;-40,8334767;100,000
PA;BR-230;1161,600;1162,000;0,400;24/04/2023;-4,25389755;-56,003102;91,250
PA;BR-230;1162,000;1163,000;1,000;24/04/2023;-4,25389755;-56,003102;82,500
PA;BR-230;1163,000;1164,000;1,000;24/04/2023;-4,25389755;-56,003102;77,500
PA;BR-230;1164,000;1165,000;1,000;24/04/2023;-4,25389755;-56,003102;82,500
PA;BR-230;1165,000;1166,000;1,000;24/04/2023;-4,25389755;-56,003102;70,000
PA;BR-230;1166,000;1167,000;1,000;24/04/2023;-4,25389755;-56,003102;66,250
PA;BR-230;1167,000;1168,000;1,000;24/04/2023;-4,25389755;-56,003102;66,250
PA;BR-230;1168,000;1169,000;1,000;24/04/2023;-4,25389755;-56,003102;78,750
PA;BR-230;1169,000;1170,000;1,000;24/04/2023;-4,25389755;-56,003102;83,750
PA;BR-230;1170,000;1171,000;1,000;24/04/2023;-4,25389755;-56,003102;87,500
PA;BR-230;1171,000;1172,000;1,000;24/04/2023;-4,25389755;-56,003102;90,000
PA;BR-230;1172,000;1173,000;1,000;24/04/2023;-4,25389755;-56,003102;83,750
PA;BR-230;1173,000;1174,000;1,000;24/04/2023;-4,25389755;-56,003102;87,500
PA;BR-230;1174,000;1175,000;1,000;24/04/2023;-4,25389755;-56,003102;72,500
PA;BR-230;1175,000;1176,000;1,000;24/04/2023;-4,25389755;-56,003102;70,000
PA;BR-230;1176,000;1177,000;1,000;24/04/2023;-4,25389755;-56,003102;76,250
PA;BR-230;1177,000;1178,000;1,000;24/04/2023;-4,25389755;-56,003102;66,250
PA;BR-230;1178,000;1179,000;1,000;24/04/2023;-4,25389755;-56,003102;77,500
PA;BR-230;1179,000;1180,000;1,000;24/04/2023;-4,25389755;-56,003102;78,750
PA;BR-230;1180,000;1181,000;1,000;24/04/2023;-4,25389755;-56,003102;82,500
PA;BR-230;1181,000;1182,000;1,000;24/04/2023;-4,25389755;-56,003102;87,500
PA;BR-230;1182,000;1183,000;1,000;24/04/2023;-4,25389755;-56,003102;90,000
PA;BR-230;1183,000;1184,000;1,000;24/04/2023;-4,25389755;-56,003102;87,500
PA;BR-230;1184,000;1185,000;1,000;24/04/2023;-4,25389755;-56,003102;90,000
PA;BR-230;1185,000;1186,000;1,000;24/04/2023;-4,25389755;-56,003102;90,000
PA;BR-230;1186,000;1187,000;1,000;24/04/2023;-4,25389755;-56,003102;93,750
PA;BR-230;1187,000;1188,000;1,000;24/04/2023;-4,25389755;-56,003102;90,000
PA;BR-230;1188,000;1189,000;1,000;24/04/2023;-4,25389755;-56,003102;90,000
PA;BR-230;1189,000;1190,000;1,000;24/04/2023;-4,25389755;-56,003102;90,000
PA;BR-230;1190,000;1191,000;1,000;24/04/2023;-4,25389755;-56,003102;90,000
PA;BR-230;1191,000;1192,000;1,000;24/04/2023;-4,25389755;-56,003102;91,250
PA;BR-230;1192,000;1193,000;1,000;24/04/2023;-4,25389755;-56,003102;87,500
PA;BR-230;1193,000;1194,000;1,000;24/04/2023;-4,25389755;-56,003102;90,000
PA;BR-230;1194,000;1195,000;1,000;24/04/2023;-4,25389755;-56,003102;87,500
PA;BR-230;1195,000;1196,000;1,000;24/04/2023;-4,25389755;-56,003102;78,750
PA;BR-230;1196,000;1197,000;1,000;24/04/2023;-4,25389755;-56,003102;76,250
PA;BR-230;1197,000;1198,000;1,000;24/04/2023;-4,25389755;-56,003102;87,500
PA;BR-230;1198,000;1199,000;1,000;24/04/2023;-4,25389755;-56,003102;92,500
PA;BR-230;1199,000;1200,000;1,000;24/04/2023;-4,25389755;-56,003102;81,250
PA;BR-230;1200,000;1201,000;1,000;24/04/2023;-4,25389755;-56,003102;85,000
PA;BR-230;1201,000;1202,000;1,000;24/04/2023;-4,25389755;-56,003102;82,500
PA;BR-230;1202,000;1203,000;1,000;24/04/2023;-4,25389755;-56,003102;75,000
PA;BR-230;1203,000;1204,000;1,000;24/04/2023;-4,25389755;-56,003102;65,000
PA;BR-230;1204,000;1205,000;1,000;24/04/2023;-4,25389755;-56,003102;72,500
PA;BR-230;1205,000;1206,000;1,000;24/04/2023;-4,25389755;-56,003102;73,750
PA;BR-230;1206,000;1207,000;1,000;24/04/2023;-4,25389755;-56,003102;58,750
PA;BR-230;1207,000;1208,000;1,000;24/04/2023;-4,25389755;-56,003102;65,000
PA;BR-230;1208,000;1209,000;1,000;24/04/2023;-4,25389755;-56,003102;65,000
PA;BR-230;1209,000;1210,000;1,000;24/04/2023;-4,25389755;-56,003102;72,500
PA;BR-230;1210,000;1211,000;1,000;24/04/2023;-4,25389755;-56,003102;66,250
PA;BR-230;1211,000;1212,000;1,000;24/04/2023;-4,25389755;-56,003102;72,500
PA;BR-230;1212,000;1213,000;1,000;24/04/2023;-4,25389755;-56,003102;73,750
PA;BR-230;1213,000;1214,000;1,000;24/04/2023;-4,25389755;-56,003102;73,750
PA;BR-230;1214,000;1215,000;1,000;24/04/2023;-4,25389755;-56,003102;50,000
PA;BR-230;1215,000;1216,000;1,000;24/04/2023;-4,25389755;-56,003102;48,750
PA;BR-230;1216,000;1217,000;1,000;24/04/2023;-4,25389755;-56,003102;58,750
PA;BR-230;1217,000;1218,000;1,000;24/04/2023;-4,25389755;-56,003102;58,750
PA;BR-230;1218,000;1219,000;1,000;24/04/2023;-4,25389755;-56,003102;58,750
PA;BR-230;1219,000;1220,000;1,000;24/04/2023;-4,25389755;-56,003102;58,750
PA;BR-230;1220,000;1221,000;1,000;24/04/2023;-4,25389755;-56,003102;58,750
PA;BR-230;1221,000;1222,000;1,000;24/04/2023;-4,25389755;-56,003102;58,750
PA;BR-230;1222,000;1223,000;1,000;24/04/2023;-4,25389755;-56,003102;58,750
PA;BR-230;1223,000;1224,000;1,000;24/04/2023;-4,25389755;-56,003102;58,750
PA;BR-230;1224,000;1225,000;1,000;24/04/2023;-4,25389755;-56,003102;58,750
PA;BR-230;1225,000;1226,000;1,000;24/04/2023;-4,25389755;-56,003102;66,250
PA;BR-230;1226,000;1227,000;1,000;24/04/2023;-4,25389755;-56,003102;58,750
PA;BR-230;1227,000;1228,000;1,000;24/04/2023;-4,25389755;-56,003102;52,500
PA;BR-230;1228,000;1229,000;1,000;24/04/2023;-4,25389755;-56,003102;58,750
PA;BR-230;1229,000;1230,000;1,000;24/04/2023;-4,25389755;-56,003102;58,750
PA;BR-230;1230,000;1231,000;1,000;24/04/2023;-4,25389755;-56,003102;66,250
PA;BR-230;1231,000;1232,000;1,000;24/04/2023;-4,25389755;-56,003102;58,750
PA;BR-230;1232,000;1233,000;1,000;24/04/2023;-4,25389755;-56,003102;66,250
PA;BR-230;1233,000;1234,000;1,000;24/04/2023;-4,25389755;-56,003102;58,750
PA;BR-230;1234,000;1235,000;1,000;24/04/2023;-4,25389755;-56,003102;72,500
PA;BR-230;1235,000;1236,000;1,000;24/04/2023;-4,25389755;-56,003102;66,250
PA;BR-230;1236,000;1237,000;1,000;24/04/2023;-4,25389755;-56,003102;70,000
PA;BR-230;1237,000;1238,000;1,000;24/04/2023;-4,25389755;-56,003102;66,250
PA;BR-230;1238,000;1239,000;1,000;24/04/2023;-4,25389755;-56,003102;62,500
PA;BR-230;1239,000;1240,000;1,000;24/04/2023;-4,25389755;-56,003102;66,250
PA;BR-230;1240,000;1241,000;1,000;24/04/2023;-4,25389755;-56,003102;58,750
PA;BR-230;1241,000;1242,000;1,000;24/04/2023;-4,25389755;-56,003102;80,000
PA;BR-230;1242,000;1243,000;1,000;24/04/2023;-4,25389755;-56,003102;80,000
PA;BR-230;1243,000;1244,000;1,000;24/04/2023;-4,25389755;-56,003102;76,250
PA;BR-230;1244,000;1245,000;1,000;24/04/2023;-4,25389755;-56,003102;76,250
PA;BR-230;1245,000;1246,000;1,000;24/04/2023;-4,25389755;-56,003102;76,250
PA;BR-230;1246,000;1247,000;1,000;24/04/2023;-4,25389755;-56,003102;87,500
PA;BR-230;1247,000;1248,000;1,000;24/04/2023;-4,25389755;-56,003102;87,500
PA;BR-230;1248,000;1249,000;1,000;24/04/2023;-4,25389755;-56,003102;83,750
PA;BR-230;1249,000;1250,000;1,000;24/04/2023;-4,25389755;-56,003102;87,500
PA;BR-230;1250,000;1251,000;1,000;24/04/2023;-4,25389755;-56,003102;87,500
PA;BR-230;1251,000;1252,000;1,000;24/04/2023;-4,25389755;-56,003102;87,500
PA;BR-230;1252,000;1253,000;1,000;24/04/2023;-4,25389755;-56,003102;87,500
PA;BR-230;1253,000;1254,000;1,000;24/04/2023;-4,25389755;-56,003102;87,500
PA;BR-230;1254,000;1255,000;1,000;24/04/2023;-4,25389755;-56,003102;91,250
PA;BR-230;1255,000;1256,000;1,000;24/04/2023;-4,25389755;-56,003102;91,250
PA;BR-230;1256,000;1257,000;1,000;24/04/2023;-4,25389755;-56,003102;95,000
PA;BR-230;1257,000;1258,000;1,000;24/04/2023;-4,25389755;-56,003102;95,000
PA;BR-230;1258,000;1259,000;1,000;24/04/2023;-4,25389755;-56,003102;91,250
PA;BR-230;1259,000;1260,000;1,000;24/04/2023;-4,25389755;-56,003102;91,250
PA;BR-230;1260,000;1261,000;1,000;24/04/2023;-4,25389755;-56,003102;91,250
PA;BR-230;1261,000;1262,000;1,000;24/04/2023;-4,25389755;-56,003102;91,250
PA;BR-230;1262,000;1263,000;1,000;24/04/2023;-4,25389755;-56,003102;91,250
PA;BR-230;1263,000;1264,000;1,000;24/04/2023;-4,25389755;-56,003102;91,250
PA;BR-230;1264,000;1265,000;1,000;24/04/2023;-4,25389755;-56,003102;91,250
PA;BR-230;1265,000;1266,000;1,000;24/04/2023;-4,25389755;-56,003102;95,000
PA;BR-230;1266,000;1267,000;1,000;24/04/2023;-4,25389755;-56,003102;95,000
PA;BR-230;1267,000;1268,000;1,000;24/04/2023;-4,25389755;-56,003102;87,500
PA;BR-230;1268,000;1269,000;1,000;24/04/2023;-4,25389755;-56,003102;87,500
PA;BR-230;1269,000;1270,000;1,000;24/04/2023;-4,25389755;-56,003102;91,250
PA;BR-230;1270,000;1271,000;1,000;24/04/2023;-4,25389755;-56,003102;93,750
PA;BR-230;1271,000;1272,000;1,000;24/04/2023;-4,25389755;-56,003102;91,250
PA;BR-230;1272,000;1273,000;1,000;24/04/2023;-4,25389755;-56,003102;91,250
PA;BR-230;1273,000;1274,000;1,000;24/04/2023;-4,25389755;-56,003102;87,500
PA;BR-230;1274,000;1275,000;1,000;24/04/2023;-4,25389755;-56,003102;87,500
PA;BR-230;1275,000;1276,000;1,000;24/04/2023;-4,25389755;-56,003102;87,500
PA;BR-230;1276,000;1277,000;1,000;24/04/2023;-4,25389755;-56,003102;83,750
PA;BR-230;1277,000;1278,000;1,000;24/04/2023;-4,25389755;-56,003102;91,250
PA;BR-230;1278,000;1279,000;1,000;24/04/2023;-4,25389755;-56,003102;91,250
PA;BR-230;1279,000;1280,000;1,000;24/04/2023;-4,25389755;-56,003102;91,250
PA;BR-230;1280,000;1281,000;1,000;24/04/2023;-4,25389755;-56,003102;95,000
PA;BR-230;1281,000;1282,000;1,000;24/04/2023;-4,25389755;-56,003102;95,000
PA;BR-230;1282,000;1283,000;1,000;24/04/2023;-4,25389755;-56,003102;91,250
PA;BR-230;1283,000;1284,000;1,000;24/04/2023;-4,25389755;-56,003102;87,500
PA;BR-230;1284,000;1285,000;1,000;24/04/2023;-4,25389755;-56,003102;87,500
PA;BR-230;1285,000;1286,000;1,000;24/04/2023;-4,25389755;-56,003102;87,500
PA;BR-230;1286,000;1287,000;1,000;24/04/2023;-4,25389755;-56,003102;83,750
PA;BR-230;1287,000;1288,000;1,000;24/04/2023;-4,25389755;-56,003102;91,250
PA;BR-230;1288,000;1289,000;1,000;24/04/2023;-4,25389755;-56,003102;83,750
PA;BR-230;1289,000;1290,000;1,000;24/04/2023;-4,25389755;-56,003102;83,750
PA;BR-230;1290,000;1291,000;1,000;24/04/2023;-4,25389755;-56,003102;97,500
PA;BR-230;1291,000;1292,000;1,000;24/04/2023;-4,25389755;-56,003102;91,250
PA;BR-230;1292,000;1293,000;1,000;24/04/2023;-4,25389755;-56,003102;87,500
PA;BR-230;1294,500;1295,000;0,500;24/04/2023;-4,25389755;-56,003102;87,500
PA;BR-230;1295,000;1296,000;1,000;24/04/2023;-4,25389755;-56,003102;91,250
PA;BR-230;1296,000;1297,000;1,000;24/04/2023;-4,25389755;-56,003102;83,750
PA;BR-230;1297,000;1298,000;1,000;24/04/2023;-4,25389755;-56,003102;72,500
PA;BR-230;1298,000;1299,000;1,000;24/04/2023;-4,25389755;-56,003102;76,250
PA;BR-230;1299,000;1300,000;1,000;24/04/2023;-4,25389755;-56,003102;72,500
PA;BR-230;1300,000;1301,000;1,000;24/04/2023;-4,25389755;-56,003102;72,500
PA;BR-230;1301,000;1302,000;1,000;24/04/2023;-4,25389755;-56,003102;75,000
PA;BR-230;1302,000;1303,000;1,000;24/04/2023;-4,25389755;-56,003102;72,500
PA;BR-230;1303,000;1304,000;1,000;24/04/2023;-4,25389755;-56,003102;65,000
PA;BR-230;1304,000;1305,000;1,000;24/04/2023;-4,25389755;-56,003102;76,250
PA;BR-230;1305,000;1306,000;1,000;24/04/2023;-4,25389755;-56,003102;66,250
PA;BR-230;1306,000;1307,000;1,000;24/04/2023;-4,25389755;-56,003102;72,500
PA;BR-230;1307,000;1308,000;1,000;24/04/2023;-4,25389755;-56,003102;72,500
PA;BR-230;1308,000;1309,000;1,000;24/04/2023;-4,25389755;-56,003102;72,500
PA;BR-230;1309,000;1310,000;1,000;24/04/2023;-4,25389755;-56,003102;72,500
PA;BR-230;1310,000;1311,000;1,000;24/04/2023;-4,25389755;-56,003102;76,250
PA;BR-230;1311,000;1312,000;1,000;24/04/2023;-4,25389755;-56,003102;72,500
PA;BR-230;1312,000;1313,000;1,000;24/04/2023;-4,25389755;-56,003102;67,500
PA;BR-230;1313,000;1314,000;1,000;24/04/2023;-4,25389755;-56,003102;66,250
PA;BR-230;1314,000;1315,000;1,000;24/04/2023;-4,25389755;-56,003102;72,500
PA;BR-230;1315,000;1316,000;1,000;24/04/2023;-4,25389755;-56,003102;67,500
PA;BR-230;1316,000;1317,000;1,000;24/04/2023;-4,25389755;-56,003102;67,500
PA;BR-230;1317,000;1318,000;1,000;24/04/2023;-4,25389755;-56,003102;60,000
PA;BR-230;1318,000;1319,000;1,000;24/04/2023;-4,25389755;-56,003102;60,000
PA;BR-230;1319,000;1320,000;1,000;24/04/2023;-4,25389755;-56,003102;60,000
PA;BR-230;1320,000;1321,000;1,000;24/04/2023;-4,25389755;-56,003102;60,000
PA;BR-230;1321,000;1322,000;1,000;24/04/2023;-4,25389755;-56,003102;73,750
PA;BR-230;1322,000;1323,000;1,000;24/04/2023;-4,25389755;-56,003102;73,750
PA;BR-230;1323,000;1324,000;1,000;24/04/2023;-4,25389755;-56,003102;81,250
PA;BR-230;1324,000;1325,000;1,000;24/04/2023;-4,25389755;-56,003102;77,500
PA;BR-230;1325,000;1326,000;1,000;24/04/2023;-4,25389755;-56,003102;73,750
PA;BR-230;1326,000;1327,000;1,000;24/04/2023;-4,25389755;-56,003102;85,000
PA;BR-230;1327,000;1328,000;1,000;24/04/2023;-4,25389755;-56,003102;71,250
PA;BR-230;1328,000;1329,000;1,000;24/04/2023;-4,25389755;-56,003102;77,500
PA;BR-230;1329,000;1330,000;1,000;24/04/2023;-4,25389755;-56,003102;85,000
PA;BR-230;1330,000;1331,000;1,000;24/04/2023;-4,25389755;-56,003102;81,250
PA;BR-230;1331,000;1332,000;1,000;24/04/2023;-4,25389755;-56,003102;60,000
PA;BR-230;1332,000;1333,000;1,000;24/04/2023;-4,25389755;-56,003102;67,500
PA;BR-230;1333,000;1334,000;1,000;24/04/2023;-4,25389755;-56,003102;67,500
PA;BR-230;1334,000;1335,000;1,000;24/04/2023;-4,25389755;-56,003102;67,500
PA;BR-230;1335,000;1336,000;1,000;24/04/2023;-4,25389755;-56,003102;60,000
PA;BR-230;1336,000;1337,000;1,000;24/04/2023;-4,25389755;-56,003102;60,000
PA;BR-230;1337,000;1338,000;1,000;24/04/2023;-4,25389755;-56,003102;81,250
PA;BR-230;1338,000;1339,000;1,000;24/04/2023;-4,25389755;-56,003102;81,250
PA;BR-230;1339,000;1340,000;1,000;24/04/2023;-4,25389755;-56,003102;66,250
PA;BR-230;1340,000;1341,000;1,000;24/04/2023;-4,25389755;-56,003102;66,250
PA;BR-230;1341,000;1342,000;1,000;24/04/2023;-4,25389755;-56,003102;66,250
PA;BR-230;1342,000;1343,000;1,000;24/04/2023;-4,25389755;-56,003102;72,500
PA;BR-230;1343,000;1344,000;1,000;24/04/2023;-4,25389755;-56,003102;80,000
PA;BR-230;1344,000;1345,000;1,000;24/04/2023;-4,25389755;-56,003102;72,500
PA;BR-230;1345,000;1346,000;1,000;24/04/2023;-4,25389755;-56,003102;66,250
PA;BR-230;1346,000;1347,000;1,000;24/04/2023;-4,25389755;-56,003102;65,000
PA;BR-230;1347,000;1348,000;1,000;24/04/2023;-4,25389755;-56,003102;85,000
PA;BR-230;1348,000;1349,000;1,000;24/04/2023;-4,25389755;-56,003102;73,750
PA;BR-230;1349,000;1350,000;1,000;24/04/2023;-4,25389755;-56,003102;78,750
PA;BR-230;1350,000;1351,000;1,000;24/04/2023;-4,25389755;-56,003102;57,500
PA;BR-230;1351,000;1352,000;1,000;24/04/2023;-4,25389755;-56,003102;71,250
PA;BR-230;1352,000;1353,000;1,000;24/04/2023;-4,25389755;-56,003102;67,500
PA;BR-230;1353,000;1354,000;1,000;24/04/2023;-4,25389755;-56,003102;65,000
PA;BR-230;1354,000;1355,000;1,000;24/04/2023;-4,25389755;-56,003102;65,000
PA;BR-230;1355,000;1356,000;1,000;24/04/2023;-4,25389755;-56,003102;81,250
PA;BR-230;1356,000;1357,000;1,000;24/04/2023;-4,25389755;-56,003102;88,750
PA;BR-230;1357,000;1358,000;1,000;24/04/2023;-4,25389755;-56,003102;88,750
PA;BR-230;1358,000;1359,000;1,000;24/04/2023;-4,25389755;-56,003102;83,750
PA;BR-230;1359,000;1360,000;1,000;24/04/2023;-4,25389755;-56,003102;81,250
PA;BR-230;1360,000;1361,000;1,000;24/04/2023;-4,25389755;-56,003102;87,500
PA;BR-230;1361,000;1362,000;1,000;24/04/2023;-4,25389755;-56,003102;87,500
PA;BR-230;1362,000;1363,000;1,000;24/04/2023;-4,25389755;-56,003102;87,500
PA;BR-230;1363,000;1364,000;1,000;24/04/2023;-4,25389755;-56,003102;83,750
PA;BR-230;1364,000;1365,000;1,000;24/04/2023;-4,25389755;-56,003102;87,500
PA;BR-230;1365,000;1366,000;1,000;24/04/2023;-4,25389755;-56,003102;87,500
PA;BR-230;1366,000;1367,000;1,000;24/04/2023;-4,25389755;-56,003102;87,500
PA;BR-230;1367,000;1368,000;1,000;24/04/2023;-4,25389755;-56,003102;87,500
PA;BR-230;1368,000;1369,000;1,000;24/04/2023;-4,25389755;-56,003102;88,750
PA;BR-230;1369,000;1370,000;1,000;24/04/2023;-4,25389755;-56,003102;93,750
PA;BR-230;1370,000;1371,000;1,000;24/04/2023;-4,25389755;-56,003102;93,750
PA;BR-230;1371,000;1372,000;1,000;24/04/2023;-4,25389755;-56,003102;90,000
PA;BR-230;1372,000;1373,000;1,000;24/04/2023;-4,25389755;-56,003102;87,500
PA;BR-230;1373,000;1374,000;1,000;24/04/2023;-4,25389755;-56,003102;87,500
PA;BR-230;1374,000;1375,000;1,000;24/04/2023;-4,25389755;-56,003102;87,500
PA;BR-230;1375,000;1376,000;1,000;24/04/2023;-4,25389755;-56,003102;87,500
PA;BR-230;1376,000;1377,000;1,000;24/04/2023;-4,25389755;-56,003102;87,500
PA;BR-230;1377,000;1378,000;1,000;24/04/2023;-4,25389755;-56,003102;83,750
PA;BR-230;1378,000;1379,000;1,000;24/04/2023;-4,25389755;-56,003102;90,000
PA;BR-230;1379,000;1380,000;1,000;24/04/2023;-4,25389755;-56,003102;87,500
PA;BR-230;1380,000;1381,000;1,000;24/04/2023;-4,25389755;-56,003102;87,500
PA;BR-230;1381,000;1382,000;1,000;24/04/2023;-4,25389755;-56,003102;83,750
PA;BR-230;1382,000;1383,000;1,000;24/04/2023;-4,25389755;-56,003102;87,500
PA;BR-230;1383,000;1384,000;1,000;24/04/2023;-4,25389755;-56,003102;87,500
PA;BR-230;1384,000;1385,000;1,000;24/04/2023;-4,25389755;-56,003102;87,500
PA;BR-230;1385,000;1386,000;1,000;24/04/2023;-4,25389755;-56,003102;73,750
PA;BR-230;1386,000;1387,000;1,000;24/04/2023;-4,25389755;-56,003102;77,500
PA;BR-230;1387,000;1388,000;1,000;24/04/2023;-4,25389755;-56,003102;93,750
PA;BR-230;1388,000;1389,000;1,000;24/04/2023;-4,25389755;-56,003102;87,500
PA;BR-230;1389,000;1390,000;1,000;24/04/2023;-4,25389755;-56,003102;91,250
PA;BR-230;1390,000;1391,000;1,000;24/04/2023;-4,25389755;-56,003102;93,750
PA;BR-230;1391,000;1392,000;1,000;24/04/2023;-4,25389755;-56,003102;87,500
PA;BR-230;1392,000;1393,000;1,000;24/04/2023;-4,25389755;-56,003102;87,500
PA;BR-230;1393,000;1394,000;1,000;24/04/2023;-4,25389755;-56,003102;87,500
PA;BR-230;1394,000;1395,000;1,000;24/04/2023;-4,25389755;-56,003102;83,750
PA;BR-230;1395,000;1396,000;1,000;24/04/2023;-4,25389755;-56,003102;87,500
PA;BR-230;1396,000;1397,000;1,000;24/04/2023;-4,25389755;-56,003102;91,250
PA;BR-230;1397,000;1398,000;1,000;24/04/2023;-4,25389755;-56,003102;87,500
PA;BR-230;1398,000;1399,000;1,000;24/04/2023;-4,25389755;-56,003102;93,750
PA;BR-230;1399,000;1400,000;1,000;24/04/2023;-4,25389755;-56,003102;87,500
PA;BR-230;1400,000;1401,000;1,000;24/04/2023;-4,25389755;-56,003102;95,000
PA;BR-230;1401,000;1402,000;1,000;24/04/2023;-4,25389755;-56,003102;87,500
PA;BR-230;1402,000;1403,000;1,000;24/04/2023;-4,25389755;-56,003102;83,750
PA;BR-230;1403,000;1404,000;1,000;24/04/2023;-4,25389755;-56,003102;87,500
PA;BR-230;1404,000;1405,000;1,000;24/04/2023;-4,25389755;-56,003102;80,000
PA;BR-230;1405,000;1406,000;1,000;24/04/2023;-4,25389755;-56,003102;83,750
PA;BR-230;1406,000;1407,000;1,000;24/04/2023;-4,25389755;-56,003102;76,250
PA;BR-230;1407,000;1408,000;1,000;24/04/2023;-4,25389755;-56,003102;85,000
PA;BR-230;1408,000;1409,000;1,000;24/04/2023;-4,25389755;-56,003102;85,000
PA;BR-230;1409,000;1410,000;1,000;24/04/2023;-4,25389755;-56,003102;65,000
PA;BR-230;1410,000;1411,000;1,000;24/04/2023;-4,25389755;-56,003102;63,750
PA;BR-230;1411,000;1412,000;1,000;24/04/2023;-4,25389755;-56,003102;66,250
PA;BR-230;1412,000;1413,000;1,000;24/04/2023;-4,25389755;-56,003102;67,500
PA;BR-230;1413,000;1414,000;1,000;24/04/2023;-4,25389755;-56,003102;65,000
PA;BR-230;1414,000;1415,000;1,000;24/04/2023;-4,25389755;-56,003102;87,500
PA;BR-230;1415,000;1416,000;1,000;24/04/2023;-4,25389755;-56,003102;85,000
PA;BR-230;1416,000;1417,000;1,000;24/04/2023;-4,25389755;-56,003102;85,000
PA;BR-230;1417,000;1418,000;1,000;24/04/2023;-4,25389755;-56,003102;85,000
PA;BR-230;1418,000;1419,000;1,000;24/04/2023;-4,25389755;-56,003102;85,000
PA;BR-230;1419,000;1420,000;1,000;24/04/2023;-4,25389755;-56,003102;86,250
PA;BR-230;1420,000;1421,000;1,000;24/04/2023;-4,25389755;-56,003102;87,500
PA;BR-230;1421,000;1422,000;1,000;24/04/2023;-4,25389755;-56,003102;92,500
PA;BR-230;1422,000;1423,000;1,000;24/04/2023;-4,25389755;-56,003102;88,750
PA;BR-230;1423,000;1424,000;1,000;24/04/2023;-4,25389755;-56,003102;83,750
PA;BR-230;1424,000;1425,000;1,000;24/04/2023;-4,25389755;-56,003102;83,750
PA;BR-230;1425,000;1426,000;1,000;24/04/2023;-4,25389755;-56,003102;80,000
PA;BR-230;1426,000;1427,000;1,000;24/04/2023;-4,25389755;-56,003102;85,000
PA;BR-230;1427,000;1428,000;1,000;24/04/2023;-4,25389755;-56,003102;91,250
PA;BR-230;1428,000;1429,000;1,000;24/04/2023;-4,25389755;-56,003102;87,500
PA;BR-230;1429,000;1430,000;1,000;24/04/2023;-4,25389755;-56,003102;87,500
PA;BR-230;1430,000;1431,000;1,000;24/04/2023;-4,25389755;-56,003102;78,750
PA;BR-230;1431,000;1432,000;1,000;24/04/2023;-4,25389755;-56,003102;83,750
PA;BR-230;1432,000;1433,000;1,000;24/04/2023;-4,25389755;-56,003102;87,500
PA;BR-230;1433,000;1434,000;1,000;24/04/2023;-4,25389755;-56,003102;87,500
PA;BR-230;1434,200;1435,000;0,800;24/04/2023;-4,25389755;-56,003102;83,750
PA;BR-230;1435,000;1436,000;1,000;24/04/2023;-4,25389755;-56,003102;92,500
PA;BR-230;1436,000;1437,000;1,000;24/04/2023;-4,25389755;-56,003102;90,000
PA;BR-230;1437,000;1438,000;1,000;24/04/2023;-4,25389755;-56,003102;87,500
PA;BR-230;1438,000;1439,000;1,000;24/04/2023;-4,25389755;-56,003102;81,250
PA;BR-230;1439,000;1440,000;1,000;24/04/2023;-4,25389755;-56,003102;66,250
PA;BR-230;1440,000;1441,000;1,000;24/04/2023;-4,25389755;-56,003102;77,500
PA;BR-230;1441,000;1442,000;1,000;24/04/2023;-4,25389755;-56,003102;80,000
PA;BR-230;1442,000;1443,000;1,000;24/04/2023;-4,25389755;-56,003102;78,750
PA;BR-230;1443,000;1444,000;1,000;24/04/2023;-4,25389755;-56,003102;81,250
PA;BR-230;1444,000;1445,000;1,000;24/04/2023;-4,25389755;-56,003102;81,250
PA;BR-230;1445,000;1446,000;1,000;24/04/2023;-4,25389755;-56,003102;78,750
PA;BR-230;1446,000;1447,000;1,000;24/04/2023;-4,25389755;-56,003102;82,500
PA;BR-230;1447,000;1448,000;1,000;24/04/2023;-4,25389755;-56,003102;85,000
PA;BR-230;1448,000;1449,000;1,000;24/04/2023;-4,25389755;-56,003102;78,750
PA;BR-230;1449,000;1450,000;1,000;24/04/2023;-4,25389755;-56,003102;82,500
PA;BR-230;1450,000;1451,000;1,000;24/04/2023;-4,25389755;-56,003102;78,750
PA;BR-230;1451,000;1452,000;1,000;24/04/2023;-4,25389755;-56,003102;78,750
PA;BR-230;1452,000;1453,000;1,000;24/04/2023;-4,25389755;-56,003102;85,000
PA;BR-230;1453,000;1454,000;1,000;24/04/2023;-4,25389755;-56,003102;85,000
PA;BR-230;1454,000;1455,000;1,000;24/04/2023;-4,25389755;-56,003102;83,750
PA;BR-230;1455,000;1456,000;1,000;24/04/2023;-4,25389755;-56,003102;87,500
PA;BR-230;1456,000;1457,000;1,000;24/04/2023;-4,25389755;-56,003102;78,750
PA;BR-230;1457,000;1458,000;1,000;24/04/2023;-4,25389755;-56,003102;78,750
PA;BR-230;1458,000;1459,000;1,000;24/04/2023;-4,25389755;-56,003102;82,500
PA;BR-230;1459,000;1460,000;1,000;24/04/2023;-4,25389755;-56,003102;82,500
PA;BR-230;1460,000;1461,000;1,000;24/04/2023;-4,25389755;-56,003102;68,750
PA;BR-230;1461,000;1462,000;1,000;24/04/2023;-4,25389755;-56,003102;75,000
PA;BR-230;1462,000;1463,000;1,000;24/04/2023;-4,25389755;-56,003102;71,250
PA;BR-230;1463,000;1464,000;1,000;24/04/2023;-4,25389755;-56,003102;71,250
PA;BR-230;1464,000;1465,000;1,000;24/04/2023;-4,25389755;-56,003102;77,500
PA;BR-230;1465,000;1466,000;1,000;24/04/2023;-4,25389755;-56,003102;71,250
PA;BR-230;1466,000;1467,000;1,000;24/04/2023;-4,25389755;-56,003102;77,500
PA;BR-230;1467,000;1468,000;1,000;24/04/2023;-4,25389755;-56,003102;73,750
PA;BR-230;1468,000;1469,000;1,000;24/04/2023;-4,25389755;-56,003102;87,500
PA;BR-230;1469,000;1470,000;1,000;24/04/2023;-4,25389755;-56,003102;65,000
PA;BR-230;1470,000;1471,000;1,000;24/04/2023;-4,25389755;-56,003102;67,500
PA;BR-230;1471,000;1472,000;1,000;24/04/2023;-4,25389755;-56,003102;65,000
PA;BR-230;1472,000;1473,000;1,000;24/04/2023;-4,25389755;-56,003102;68,750
PA;BR-230;1473,000;1474,000;1,000;24/04/2023;-4,25389755;-56,003102;68,750
PA;BR-230;1474,000;1475,000;1,000;24/04/2023;-4,25389755;-56,003102;78,750
PA;BR-230;1475,000;1476,000;1,000;24/04/2023;-4,25389755;-56,003102;75,000
PA;BR-230;1476,000;1477,000;1,000;24/04/2023;-4,25389755;-56,003102;85,000
PA;BR-230;1477,000;1478,000;1,000;24/04/2023;-4,25389755;-56,003102;80,000
PA;BR-230;1478,000;1479,000;1,000;24/04/2023;-4,25389755;-56,003102;77,500
PA;BR-230;1479,000;1480,000;1,000;24/04/2023;-4,25389755;-56,003102;78,750
PA;BR-230;1480,000;1481,000;1,000;24/04/2023;-4,25389755;-56,003102;78,750
PA;BR-230;1481,000;1482,000;1,000;24/04/2023;-4,25389755;-56,003102;78,750
PA;BR-230;1482,000;1483,000;1,000;24/04/2023;-4,25389755;-56,003102;65,000
PA;BR-230;1483,000;1484,000;1,000;24/04/2023;-4,25389755;-56,003102;82,500
PA;BR-230;1484,000;1485,000;1,000;24/04/2023;-4,25389755;-56,003102;88,750
PA;BR-230;1485,000;1486,000;1,000;24/04/2023;-4,25389755;-56,003102;67,500
PA;BR-230;1486,000;1487,000;1,000;24/04/2023;-4,25389755;-56,003102;85,000
PA;BR-230;1487,000;1488,000;1,000;24/04/2023;-4,25389755;-56,003102;67,500
PA;BR-230;1488,000;1489,000;1,000;24/04/2023;-4,25389755;-56,003102;65,000
PA;BR-230;1489,000;1490,000;1,000;24/04/2023;-4,25389755;-56,003102;85,000
PA;BR-230;1490,000;1491,000;1,000;24/04/2023;-4,25389755;-56,003102;65,000
PA;BR-230;1491,000;1492,000;1,000;24/04/2023;-4,25389755;-56,003102;67,500
PA;BR-230;1492,000;1493,000;1,000;24/04/2023;-4,25389755;-56,003102;67,500
PA;BR-230;1493,000;1494,000;1,000;24/04/2023;-4,25389755;-56,003102;65,000
PA;BR-230;1494,000;1495,000;1,000;24/04/2023;-4,25389755;-56,003102;67,500
PA;BR-230;1495,000;1496,000;1,000;24/04/2023;-4,25389755;-56,003102;67,500
PA;BR-230;1496,000;1497,000;1,000;24/04/2023;-4,25389755;-56,003102;65,000
PA;BR-230;1497,000;1498,000;1,000;24/04/2023;-4,25389755;-56,003102;67,500
PA;BR-230;1498,000;1499,000;1,000;24/04/2023;-4,25389755;-56,003102;65,000
PA;BR-230;1499,000;1500,000;1,000;24/04/2023;-4,25389755;-56,003102;73,750
PA;BR-230;1500,000;1501,000;1,000;24/04/2023;-4,25389755;-56,003102;76,250
PA;BR-230;1501,000;1502,000;1,000;24/04/2023;-4,25389755;-56,003102;76,250
PA;BR-230;1502,000;1503,000;1,000;24/04/2023;-4,25389755;-56,003102;65,000
PA;BR-230;1503,000;1504,000;1,000;24/04/2023;-4,25389755;-56,003102;71,250
PA;BR-230;1504,000;1505,000;1,000;24/04/2023;-4,25389755;-56,003102;65,000
PA;BR-230;1505,000;1506,000;1,000;24/04/2023;-4,25389755;-56,003102;68,750
PA;BR-230;1506,000;1507,000;1,000;24/04/2023;-4,25389755;-56,003102;65,000
PA;BR-230;1507,000;1508,000;1,000;24/04/2023;-4,25389755;-56,003102;67,500
PA;BR-230;1508,000;1509,000;1,000;24/04/2023;-4,25389755;-56,003102;67,500
PA;BR-230;1509,000;1510,000;1,000;24/04/2023;-4,25389755;-56,003102;71,250
PA;BR-230;1510,000;1511,000;1,000;24/04/2023;-4,25389755;-56,003102;73,750
PA;BR-230;1511,000;1512,000;1,000;24/04/2023;-4,25389755;-56,003102;67,500
PA;BR-230;1512,000;1513,000;1,000;24/04/2023;-4,25389755;-56,003102;65,000
PA;BR-230;1513,000;1514,000;1,000;24/04/2023;-4,25389755;-56,003102;67,500
PA;BR-230;1514,000;1515,000;1,000;24/04/2023;-4,25389755;-56,003102;65,000
PA;BR-230;1515,000;1516,000;1,000;24/04/2023;-4,25389755;-56,003102;65,000
PA;BR-230;1516,000;1517,000;1,000;24/04/2023;-4,25389755;-56,003102;65,000
PA;BR-230;1517,000;1518,000;1,000;24/04/2023;-4,25389755;-56,003102;82,500
PA;BR-230;1518,000;1519,000;1,000;24/04/2023;-4,25389755;-56,003102;82,500
PA;BR-230;1519,000;1520,000;1,000;24/04/2023;-4,25389755;-56,003102;85,000
PA;BR-230;1520,000;1521,000;1,000;24/04/2023;-4,25389755;-56,003102;91,250
PA;BR-230;1521,000;1522,000;1,000;24/04/2023;-4,25389755;-56,003102;87,500
PA;BR-230;1522,000;1523,000;1,000;24/04/2023;-4,25389755;-56,003102;73,750
PA;BR-230;1523,000;1524,000;1,000;24/04/2023;-4,25389755;-56,003102;87,500
PA;BR-230;1524,000;1525,000;1,000;24/04/2023;-4,25389755;-56,003102;83,750
PA;BR-230;1525,000;1526,000;1,000;24/04/2023;-4,25389755;-56,003102;87,500
PA;BR-230;1526,000;1527,000;1,000;24/04/2023;-4,25389755;-56,003102;87,500
PA;BR-230;1527,000;1528,000;1,000;24/04/2023;-4,25389755;-56,003102;87,500
PA;BR-230;1528,000;1529,000;1,000;24/04/2023;-4,25389755;-56,003102;82,500
PA;BR-230;1529,000;1530,000;1,000;24/04/2023;-4,25389755;-56,003102;76,250
PA;BR-230;1530,000;1531,000;1,000;24/04/2023;-4,25389755;-56,003102;87,500
PA;BR-230;1531,000;1532,000;1,000;24/04/2023;-4,25389755;-56,003102;93,750
PA;BR-230;1532,000;1533,000;1,000;24/04/2023;-4,25389755;-56,003102;87,500
PA;BR-230;1533,000;1534,000;1,000;24/04/2023;-4,25389755;-56,003102;87,500
PA;BR-230;1534,000;1535,000;1,000;24/04/2023;-4,25389755;-56,003102;88,750
PA;BR-230;1535,000;1536,000;1,000;24/04/2023;-4,25389755;-56,003102;83,750
PA;BR-230;1536,000;1537,000;1,000;24/04/2023;-4,25389755;-56,003102;87,500
PA;BR-230;1537,000;1538,000;1,000;24/04/2023;-4,25389755;-56,003102;85,000
PA;BR-230;1538,000;1539,000;1,000;24/04/2023;-4,25389755;-56,003102;77,500
PA;BR-230;1539,000;1540,000;1,000;24/04/2023;-4,25389755;-56,003102;87,500
PA;BR-230;1540,000;1541,000;1,000;24/04/2023;-4,25389755;-56,003102;76,250
PA;BR-230;1541,000;1542,000;1,000;24/04/2023;-4,25389755;-56,003102;73,750
PA;BR-230;1542,000;1543,000;1,000;24/04/2023;-4,25389755;-56,003102;80,000
PA;BR-230;1543,000;1544,000;1,000;24/04/2023;-4,25389755;-56,003102;80,000
PA;BR-230;1544,000;1545,000;1,000;24/04/2023;-4,25389755;-56,003102;87,500
PA;BR-230;1545,000;1546,000;1,000;24/04/2023;-4,25389755;-56,003102;90,000
PA;BR-230;1546,000;1547,000;1,000;24/04/2023;-4,25389755;-56,003102;87,500
PA;BR-230;1547,000;1548,000;1,000;24/04/2023;-4,25389755;-56,003102;87,500
PA;BR-230;1548,000;1549,000;1,000;24/04/2023;-4,25389755;-56,003102;86,250
PA;BR-230;1549,000;1550,000;1,000;24/04/2023;-4,25389755;-56,003102;86,250
PA;BR-230;1550,000;1551,000;1,000;24/04/2023;-4,25389755;-56,003102;91,250
PA;BR-230;1551,000;1552,000;1,000;24/04/2023;-4,25389755;-56,003102;91,250
PA;BR-230;1552,000;1553,000;1,000;24/04/2023;-4,25389755;-56,003102;93,750
PA;BR-230;1553,000;1554,000;1,000;24/04/2023;-4,25389755;-56,003102;87,500
PA;BR-230;1554,000;1555,000;1,000;24/04/2023;-4,25389755;-56,003102;87,500
PA;BR-230;1555,000;1556,000;1,000;24/04/2023;-4,25389755;-56,003102;87,500
PA;BR-230;1556,000;1557,000;1,000;24/04/2023;-4,25389755;-56,003102;87,500
PA;BR-230;1557,000;1558,000;1,000;24/04/2023;-4,25389755;-56,003102;90,000
PA;BR-230;1558,000;1559,000;1,000;24/04/2023;-4,25389755;-56,003102;87,500
PA;BR-230;1559,000;1560,000;1,000;24/04/2023;-4,25389755;-56,003102;65,000
PA;BR-230;1560,000;1561,000;1,000;24/04/2023;-4,25389755;-56,003102;85,000
PA;BR-230;1561,000;1562,000;1,000;24/04/2023;-4,25389755;-56,003102;92,500
PA;BR-230;1562,000;1563,000;1,000;24/04/2023;-4,25389755;-56,003102;98,750
PA;BR-230;1563,000;1564,000;1,000;24/04/2023;-4,25389755;-56,003102;88,750
PA;BR-230;1564,000;1565,000;1,000;24/04/2023;-4,25389755;-56,003102;95,000
PA;BR-230;1565,000;1566,000;1,000;24/04/2023;-4,25389755;-56,003102;95,000
PA;BR-230;1566,000;1567,000;1,000;24/04/2023;-4,25389755;-56,003102;95,000
PA;BR-230;1567,000;1568,000;1,000;24/04/2023;-4,25389755;-56,003102;93,750
PA;BR-230;1568,000;1569,000;1,000;24/04/2023;-4,25389755;-56,003102;95,000
PA;BR-230;1569,000;1570,000;1,000;24/04/2023;-4,25389755;-56,003102;91,250
PA;BR-230;1570,000;1571,000;1,000;24/04/2023;-4,25389755;-56,003102;88,750
PA;BR-230;1571,000;1572,000;1,000;24/04/2023;-4,25389755;-56,003102;88,750
PA;BR-230;1572,000;1573,000;1,000;24/04/2023;-4,25389755;-56,003102;88,750
PA;BR-230;1573,000;1574,000;1,000;24/04/2023;-4,25389755;-56,003102;88,750
PA;BR-230;1574,000;1575,000;1,000;24/04/2023;-4,25389755;-56,003102;88,750
PA;BR-230;1575,000;1576,000;1,000;24/04/2023;-4,25389755;-56,003102;91,250
PA;BR-230;1576,000;1577,000;1,000;24/04/2023;-4,25389755;-56,003102;95,000
PA;BR-230;1577,000;1578,000;1,000;24/04/2023;-4,25389755;-56,003102;95,000
PA;BR-230;1578,000;1579,000;1,000;24/04/2023;-4,25389755;-56,003102;95,000
PA;BR-230;1579,000;1580,000;1,000;24/04/2023;-4,25389755;-56,003102;95,000
PA;BR-230;1580,000;1581,000;1,000;24/04/2023;-4,25389755;-56,003102;95,000
PA;BR-230;1581,000;1582,000;1,000;24/04/2023;-4,25389755;-56,003102;93,750
PA;BR-230;1582,000;1583,000;1,000;24/04/2023;-4,25389755;-56,003102;95,000
PA;BR-230;1583,000;1584,000;1,000;24/04/2023;-4,25389755;-56,003102;95,000
PA;BR-230;1584,000;1585,000;1,000;24/04/2023;-4,25389755;-56,003102;95,000
PA;BR-230;1585,000;1586,000;1,000;24/04/2023;-4,25389755;-56,003102;95,000
PA;BR-230;1586,000;1587,000;1,000;24/04/2023;-4,25389755;-56,003102;95,000
PA;BR-230;1587,000;1588,000;1,000;24/04/2023;-4,25389755;-56,003102;95,000
PA;BR-230;1588,000;1589,000;1,000;24/04/2023;-4,25389755;-56,003102;95,000
PA;BR-230;1589,000;1590,000;1,000;24/04/2023;-4,25389755;-56,003102;95,000
PA;BR-230;1590,000;1591,000;1,000;24/04/2023;-4,25389755;-56,003102;88,750
PA;BR-230;1591,000;1592,000;1,000;24/04/2023;-4,25389755;-56,003102;88,750
PA;BR-230;1592,000;1593,000;1,000;24/04/2023;-4,25389755;-56,003102;91,250
PA;BR-230;1593,000;1594,000;1,000;24/04/2023;-4,25389755;-56,003102;88,750
PA;BR-230;1594,000;1595,000;1,000;24/04/2023;-4,25389755;-56,003102;88,750
PA;BR-230;1595,000;1596,000;1,000;24/04/2023;-4,25389755;-56,003102;88,750
PA;BR-163;675,870;676,000;0,130;26/04/2023;-4,33859978;-55,7731613;87,500
PA;BR-163;676,000;677,000;1,000;26/04/2023;-4,33859978;-55,7731613;87,500
PA;BR-163;677,000;678,000;1,000;26/04/2023;-4,33859978;-55,7731613;83,750
PA;BR-163;678,000;679,000;1,000;26/04/2023;-4,33859978;-55,7731613;83,750
PA;BR-163;679,000;680,000;1,000;26/04/2023;-4,33859978;-55,7731613;92,500
PA;BR-163;680,000;681,000;1,000;26/04/2023;-4,33859978;-55,7731613;87,500
PA;BR-163;681,000;682,000;1,000;26/04/2023;-4,33859978;-55,7731613;87,500
PA;BR-163;682,000;683,000;1,000;26/04/2023;-4,33859978;-55,7731613;88,750
PA;BR-163;683,000;684,000;1,000;26/04/2023;-4,33859978;-55,7731613;95,000
PA;BR-163;684,000;685,000;1,000;26/04/2023;-4,33859978;-55,7731613;92,500
PA;BR-163;685,000;686,000;1,000;26/04/2023;-4,33859978;-55,7731613;88,750
PA;BR-163;686,000;687,000;1,000;26/04/2023;-4,33859978;-55,7731613;77,500
PA;BR-163;687,000;688,000;1,000;26/04/2023;-4,33859978;-55,7731613;95,000
PA;BR-163;688,000;689,000;1,000;26/04/2023;-4,33859978;-55,7731613;88,750
PA;BR-163;689,000;690,000;1,000;26/04/2023;-4,33859978;-55,7731613;88,750
PA;BR-163;690,000;691,000;1,000;26/04/2023;-4,33859978;-55,7731613;92,500
PA;BR-163;691,000;692,000;1,000;26/04/2023;-4,33859978;-55,7731613;91,250
PA;BR-163;692,000;693,000;1,000;26/04/2023;-4,33859978;-55,7731613;92,500
PA;BR-163;693,000;694,000;1,000;26/04/2023;-4,33859978;-55,7731613;92,500
PA;BR-163;694,000;695,000;1,000;26/04/2023;-4,33859978;-55,7731613;86,250
PA;BR-163;695,000;696,000;1,000;26/04/2023;-4,33859978;-55,7731613;92,500
PA;BR-163;696,000;697,000;1,000;26/04/2023;-4,33859978;-55,7731613;95,000
PA;BR-163;697,000;698,000;1,000;26/04/2023;-4,33859978;-55,7731613;95,000
PA;BR-163;698,000;699,000;1,000;26/04/2023;-4,33859978;-55,7731613;95,000
PA;BR-163;699,000;700,000;1,000;26/04/2023;-4,33859978;-55,7731613;96,250
PA;BR-163;700,000;701,000;1,000;26/04/2023;-4,33859978;-55,7731613;88,750
PA;BR-163;719,310;720,000;0,690;26/04/2023;-4,33859978;-55,7731613;82,500
PA;BR-163;720,000;721,000;1,000;26/04/2023;-4,33859978;-55,7731613;92,500
PA;BR-163;721,000;722,000;1,000;26/04/2023;-4,33859978;-55,7731613;86,250
PA;BR-163;729,840;730,000;0,160;26/04/2023;-4,33859978;-55,7731613;98,750
PA;BR-163;730,000;731,000;1,000;26/04/2023;-4,33859978;-55,7731613;96,250
PA;BR-163;731,000;732,000;1,000;26/04/2023;-4,33859978;-55,7731613;98,750
PA;BR-163;732,000;733,000;1,000;26/04/2023;-4,33859978;-55,7731613;98,750
PA;BR-163;733,000;734,000;1,000;26/04/2023;-4,33859978;-55,7731613;92,500
PA;BR-163;7444,000;7445,000;1,000;26/04/2023;-4,33859978;-55,7731613;65,000
PA;BR-163;774,190;775,000;0,810;26/04/2023;-4,33859978;-55,7731613;91,250
PA;BR-163;775,000;776,000;1,000;26/04/2023;-4,33859978;-55,7731613;91,250
PA;BR-163;782,200;783,000;0,800;26/04/2023;-4,33859978;-55,7731613;78,750
PA;BR-163;801,550;802,000;0,450;27/04/2023;-4,09274492;-54,9129567;60,000
PA;BR-163;802,000;803,000;1,000;27/04/2023;-4,09274492;-54,9129567;52,500
PA;BR-163;831,400;832,000;0,600;27/04/2023;-4,09274492;-54,9129567;7,500
RR;BR-401;120,000;121,000;1,000;27/04/2023;2,87224799;-60,5485293;82,500
RR;BR-401;121,000;122,000;1,000;27/04/2023;2,87224799;-60,5485293;82,500
RR;BR-401;122,000;123,000;1,000;27/04/2023;2,87224799;-60,5485293;75,000
RR;BR-401;123,000;124,000;1,000;27/04/2023;2,87224799;-60,5485293;75,000
RR;BR-401;124,000;125,000;1,000;27/04/2023;2,87224799;-60,5485293;75,000
RR;BR-401;125,000;126,000;1,000;27/04/2023;2,87224799;-60,5485293;75,000
RR;BR-401;126,000;127,000;1,000;27/04/2023;2,87224799;-60,5485293;73,750
RR;BR-401;127,000;128,000;1,000;27/04/2023;2,87224799;-60,5485293;75,000
RR;BR-401;128,000;129,000;1,000;27/04/2023;2,87224799;-60,5485293;82,500
RR;BR-401;129,000;130,000;1,000;27/04/2023;2,87224799;-60,5485293;75,000
RR;BR-401;130,000;131,000;1,000;27/04/2023;2,87224799;-60,5485293;75,000
RR;BR-401;131,000;132,000;1,000;27/04/2023;2,87224799;-60,5485293;81,250
RR;BR-401;132,000;133,000;1,000;27/04/2023;2,87224799;-60,5485293;82,500
RR;BR-401;133,000;134,000;1,000;27/04/2023;2,87224799;-60,5485293;82,500
RR;BR-401;134,000;135,000;1,000;27/04/2023;2,87224799;-60,5485293;75,000
RR;BR-401;135,000;136,000;1,000;27/04/2023;2,87224799;-60,5485293;75,000
RR;BR-401;136,000;137,000;1,000;27/04/2023;2,87224799;-60,5485293;75,000
RR;BR-401;137,000;138,000;1,000;27/04/2023;2,87224799;-60,5485293;75,000
RR;BR-401;138,000;139,000;1,000;27/04/2023;2,87224799;-60,5485293;75,000
RR;BR-401;139,000;140,000;1,000;27/04/2023;2,87224799;-60,5485293;75,000
RR;BR-401;140,000;141,000;1,000;27/04/2023;2,87224799;-60,5485293;75,000
RR;BR-401;141,000;142,000;1,000;27/04/2023;2,87224799;-60,5485293;75,000
RR;BR-401;142,000;143,000;1,000;27/04/2023;2,87224799;-60,5485293;75,000
RR;BR-401;143,000;144,000;1,000;27/04/2023;2,87224799;-60,5485293;75,000
RR;BR-401;144,000;145,000;1,000;27/04/2023;2,87224799;-60,5485293;75,000
RR;BR-401;145,000;146,000;1,000;27/04/2023;2,87224799;-60,5485293;75,000
RR;BR-401;146,000;147,000;1,000;27/04/2023;2,87224799;-60,5485293;75,000
RR;BR-401;147,000;148,000;1,000;27/04/2023;2,87224799;-60,5485293;75,000
RR;BR-401;148,000;149,000;1,000;27/04/2023;2,87224799;-60,5485293;75,000
RR;BR-401;149,000;150,000;1,000;27/04/2023;2,87224799;-60,5485293;75,000
RR;BR-401;150,000;151,000;1,000;27/04/2023;2,87224799;-60,5485293;75,000
RR;BR-401;151,000;152,000;1,000;27/04/2023;2,87224799;-60,5485293;75,000
RR;BR-401;152,000;153,000;1,000;27/04/2023;2,87224799;-60,5485293;75,000
RR;BR-401;153,000;154,000;1,000;27/04/2023;2,87224799;-60,5485293;75,000
RR;BR-401;154,000;155,000;1,000;27/04/2023;2,87224799;-60,5485293;75,000
RR;BR-401;155,000;156,000;1,000;27/04/2023;2,87224799;-60,5485293;75,000
RR;BR-401;156,000;157,000;1,000;27/04/2023;2,87224799;-60,5485293;75,000
RR;BR-401;157,000;158,000;1,000;27/04/2023;2,87224799;-60,5485293;75,000
RR;BR-401;158,000;159,000;1,000;27/04/2023;2,87224799;-60,5485293;73,750
RR;BR-401;159,000;160,000;1,000;27/04/2023;2,87224799;-60,5485293;75,000
RR;BR-401;160,000;161,000;1,000;27/04/2023;2,87224799;-60,5485293;75,000
RR;BR-401;161,000;162,000;1,000;27/04/2023;2,87224799;-60,5485293;75,000
RR;BR-401;162,000;163,000;1,000;27/04/2023;2,87224799;-60,5485293;75,000
RR;BR-401;163,000;164,000;1,000;27/04/2023;2,87224799;-60,5485293;75,000
RR;BR-401;164,000;165,000;1,000;27/04/2023;2,87224799;-60,5485293;75,000
RR;BR-401;165,000;166,000;1,000;27/04/2023;2,87224799;-60,5485293;82,500
RR;BR-401;166,000;167,000;1,000;27/04/2023;2,87224799;-60,5485293;81,250
RR;BR-401;167,000;168,000;1,000;27/04/2023;2,87224799;-60,5485293;81,250
RR;BR-401;168,000;169,000;1,000;27/04/2023;2,87224799;-60,5485293;81,250
RR;BR-401;169,000;170,000;1,000;27/04/2023;2,87224799;-60,5485293;81,250
RR;BR-401;170,000;171,000;1,000;27/04/2023;2,87224799;-60,5485293;81,250
RR;BR-401;171,000;172,000;1,000;27/04/2023;2,87224799;-60,5485293;81,250
RR;BR-401;172,000;173,000;1,000;27/04/2023;2,87224799;-60,5485293;78,750
RR;BR-401;173,000;174,000;1,000;27/04/2023;2,87224799;-60,5485293;71,250
RR;BR-401;174,000;175,000;1,000;27/04/2023;2,87224799;-60,5485293;78,750
RR;BR-401;175,000;176,000;1,000;27/04/2023;2,87224799;-60,5485293;78,750
RR;BR-401;176,000;177,000;1,000;27/04/2023;2,87224799;-60,5485293;78,750
RR;BR-401;177,000;178,000;1,000;27/04/2023;2,87224799;-60,5485293;78,750
RR;BR-401;178,000;179,000;1,000;27/04/2023;2,87224799;-60,5485293;81,250
RR;BR-401;179,000;180,000;1,000;27/04/2023;2,87224799;-60,5485293;81,250
RR;BR-401;180,000;181,000;1,000;27/04/2023;2,87224799;-60,5485293;78,750
RR;BR-401;181,000;182,000;1,000;27/04/2023;2,87224799;-60,5485293;78,750
RR;BR-401;182,000;183,000;1,000;27/04/2023;2,87224799;-60,5485293;78,750
BA;BR-030;724,700;725,000;0,300;25/04/2023;-14,3707083;-40,2024216;32,500
BA;BR-030;725,000;726,000;1,000;25/04/2023;-14,374055;-40,1922216;40,000
BA;BR-030;726,000;727,000;1,000;25/04/2023;-14,374055;-40,1922216;32,500
BA;BR-030;727,000;728,000;1,000;25/04/2023;-14,374055;-40,1922216;32,500
BA;BR-030;728,000;729,000;1,000;25/04/2023;-14,374055;-40,1922216;25,000
BA;BR-030;729,000;730,000;1,000;25/04/2023;-14,374055;-40,1922216;25,000
BA;BR-030;730,000;731,000;1,000;25/04/2023;-14,374055;-40,1922216;40,000
BA;BR-030;731,000;732,000;1,000;25/04/2023;-14,374055;-40,1922216;45,000
BA;BR-030;732,000;733,000;1,000;25/04/2023;-14,374055;-40,1922216;41,250
BA;BR-030;733,000;734,000;1,000;25/04/2023;-14,374055;-40,1922216;48,750
BA;BR-030;734,000;735,000;1,000;25/04/2023;-14,374055;-40,1922216;48,750
BA;BR-030;735,000;736,000;1,000;25/04/2023;-14,4183783;-40,1398383;43,750
BA;BR-030;736,000;737,000;1,000;25/04/2023;-14,4183783;-40,1398383;32,500
BA;BR-030;737,000;738,000;1,000;25/04/2023;-14,4183783;-40,1398383;48,750
BA;BR-030;738,000;739,000;1,000;25/04/2023;-14,4183783;-40,1398383;45,000
BA;BR-030;739,000;740,000;1,000;25/04/2023;-14,4183783;-40,1398383;40,000
BA;BR-030;740,000;741,000;1,000;25/04/2023;-14,4183783;-40,1398383;5,000
BA;BR-030;741,000;742,000;1,000;25/04/2023;-14,4183783;-40,1398383;5,000
BA;BR-030;742,000;743,000;1,000;25/04/2023;-14,4183783;-40,1398383;5,000
BA;BR-030;743,000;744,000;1,000;25/04/2023;-14,4183783;-40,1398383;5,000
BA;BR-030;744,000;745,000;1,000;25/04/2023;-14,4183783;-40,1398383;5,000
BA;BR-030;745,000;746,000;1,000;25/04/2023;-14,4183783;-40,1398383;12,500
BA;BR-030;746,000;747,000;1,000;25/04/2023;-14,4477315;-40,0605548;5,000
BA;BR-030;747,000;748,000;1,000;25/04/2023;-14,4408539;-40,0466298;5,000
BA;BR-030;748,000;749,000;1,000;25/04/2023;-14,4428883;-40,0522556;5,000
BA;BR-030;749,000;750,000;1,000;25/04/2023;-14,4428883;-40,0522556;5,000
BA;BR-030;750,000;751,000;1,000;25/04/2023;-14,4428883;-40,0522556;5,000
BA;BR-030;751,000;752,000;1,000;25/04/2023;-14,4428883;-40,0522556;5,000
BA;BR-030;752,000;753,000;1,000;25/04/2023;-14,4428883;-40,0522556;5,000
BA;BR-030;753,000;754,000;1,000;25/04/2023;-14,4428883;-40,0522556;5,000
BA;BR-030;754,000;755,000;1,000;25/04/2023;-14,4428883;-40,0522556;5,000
BA;BR-030;755,000;756,000;1,000;25/04/2023;-14,4428883;-40,0522556;5,000
BA;BR-030;756,000;757,000;1,000;25/04/2023;-14,4428883;-40,0522556;5,000
BA;BR-030;757,000;758,000;1,000;25/04/2023;-14,4428883;-40,0522556;5,000
BA;BR-030;758,000;759,000;1,000;25/04/2023;-14,4428883;-40,0522556;5,000
BA;BR-030;759,000;760,000;1,000;25/04/2023;-14,4428883;-40,0522556;5,000
BA;BR-030;760,000;761,000;1,000;25/04/2023;-14,4428883;-40,0522556;5,000
BA;BR-030;770,240;771,000;0,760;25/04/2023;-14,4477454;-39,8477843;27,500
BA;BR-030;771,000;772,000;1,000;25/04/2023;-14,4477454;-39,8477843;33,750
BA;BR-030;772,000;773,000;1,000;25/04/2023;-14,4477454;-39,8477843;41,250
BA;BR-030;773,000;774,000;1,000;25/04/2023;-14,4477454;-39,8477843;35,000
BA;BR-030;774,000;775,000;1,000;25/04/2023;-14,4477454;-39,8477843;48,750
BA;BR-030;775,000;776,000;1,000;25/04/2023;-14,4477454;-39,8477843;35,000
BA;BR-030;776,000;777,000;1,000;25/04/2023;-14,4477454;-39,8477843;45,000
BA;BR-030;777,000;778,000;1,000;25/04/2023;-14,4477454;-39,8477843;53,750
BA;BR-030;778,000;779,000;1,000;25/04/2023;-14,4477454;-39,8477843;50,000
BA;BR-030;779,000;780,000;1,000;25/04/2023;-14,4477454;-39,8477843;37,500
BA;BR-030;780,000;781,000;1,000;25/04/2023;-14,4388916;-39,7986983;35,000
BA;BR-030;781,000;782,000;1,000;25/04/2023;-14,4388916;-39,7986983;35,000
BA;BR-030;782,000;783,000;1,000;25/04/2023;-14,4388916;-39,7986983;45,000
BA;BR-030;783,000;784,000;1,000;25/04/2023;-14,4288266;-39,7731883;35,000
BA;BR-030;784,000;785,000;1,000;25/04/2023;-14,4288266;-39,7731883;20,000
BA;BR-030;785,000;786,000;1,000;25/04/2023;-14,4288266;-39,7731883;42,500
BA;BR-030;786,000;787,000;1,000;25/04/2023;-14,4288266;-39,7731883;22,500
BA;BR-030;787,000;788,000;1,000;25/04/2023;-14,4288266;-39,7731883;22,500
BA;BR-030;788,000;789,000;1,000;25/04/2023;-14,4288266;-39,7731883;20,000
BA;BR-030;789,000;790,000;1,000;25/04/2023;-14,4288266;-39,7731883;35,000
BA;BR-030;790,000;791,000;1,000;25/04/2023;-14,4288266;-39,7731883;46,250
BA;BR-030;791,000;792,000;1,000;25/04/2023;-14,4288266;-39,7731883;50,000
BA;BR-030;792,000;793,000;1,000;25/04/2023;-14,4288266;-39,7731883;32,500
BA;BR-030;793,000;794,000;1,000;25/04/2023;-14,4288266;-39,7731883;7,500
BA;BR-030;794,000;795,000;1,000;25/04/2023;-14,4288266;-39,7731883;10,000
BA;BR-030;795,000;796,000;1,000;25/04/2023;-14,4288266;-39,7731883;12,500
BA;BR-030;796,000;797,000;1,000;25/04/2023;-14,4288266;-39,7731883;10,000
BA;BR-030;797,000;798,000;1,000;25/04/2023;-14,4288266;-39,7731883;20,000
BA;BR-030;798,000;799,000;1,000;25/04/2023;-14,4288266;-39,7731883;10,000
BA;BR-030;799,000;800,000;1,000;25/04/2023;-14,4288266;-39,7731883;10,000
BA;BR-030;800,000;801,000;1,000;25/04/2023;-14,3594962;-39,6200355;10,000
BA;BR-030;801,000;802,000;1,000;25/04/2023;-14,3594962;-39,6200355;7,500
BA;BR-030;802,000;803,000;1,000;25/04/2023;-14,3594962;-39,6200355;20,000
BA;BR-030;803,000;804,000;1,000;25/04/2023;-14,3580557;-39,6165608;40,000
BA;BR-030;804,000;805,000;1,000;25/04/2023;-14,2923474;-39,6029282;30,000
BA;BR-030;805,000;806,000;1,000;25/04/2023;-14,2923474;-39,6029282;40,000
BA;BR-030;806,000;807,000;1,000;25/04/2023;-14,2923474;-39,6029282;48,750
BA;BR-030;807,000;808,000;1,000;25/04/2023;-14,2923474;-39,6029282;37,500
BA;BR-030;808,000;809,000;1,000;25/04/2023;-14,3448237;-39,5872145;35,000
BA;BR-030;809,000;810,000;1,000;25/04/2023;-14,2923474;-39,6029282;22,500
BA;BR-030;810,000;811,000;1,000;25/04/2023;-14,2923474;-39,6029282;30,000
BA;BR-030;811,000;812,000;1,000;25/04/2023;-14,2923474;-39,6029282;15,000
BA;BR-030;812,000;813,000;1,000;25/04/2023;-14,2923474;-39,6029282;37,500
BA;BR-030;813,000;814,000;1,000;25/04/2023;-14,352986;-39,5396861;42,500
BA;BR-030;814,000;815,000;1,000;25/04/2023;-14,352986;-39,5396861;37,500
BA;BR-030;815,000;816,000;1,000;25/04/2023;-14,352986;-39,5396861;25,000
BA;BR-030;816,000;817,000;1,000;25/04/2023;-14,352986;-39,5396861;51,250
BA;BR-030;817,000;818,000;1,000;25/04/2023;-14,352986;-39,5396861;41,250
BA;BR-030;818,000;819,000;1,000;25/04/2023;-14,3520298;-39,5084122;45,000
BA;BR-030;819,000;820,000;1,000;25/04/2023;-14,3183841;-39,4726937;50,000
BA;BR-030;820,000;821,000;1,000;25/04/2023;-14,3389312;-39,4788399;32,500
BA;BR-030;821,000;822,000;1,000;25/04/2023;-14,3389312;-39,4788399;30,000
BA;BR-030;822,000;823,000;1,000;25/04/2023;-14,3389312;-39,4788399;27,500
BA;BR-030;823,000;824,000;1,000;25/04/2023;-14,3246222;-39,4652527;18,750
BA;BR-030;824,000;825,000;1,000;25/04/2023;-14,3246222;-39,4652527;20,000
BA;BR-030;825,000;826,000;1,000;25/04/2023;-14,3246222;-39,4652527;28,750
BA;BR-030;826,000;827,000;1,000;25/04/2023;-14,3246222;-39,4652527;22,500
BA;BR-030;827,000;828,000;1,000;25/04/2023;-14,3246222;-39,4652527;35,000
BA;BR-030;828,000;829,000;1,000;25/04/2023;-14,3246222;-39,4652527;30,000
BA;BR-030;829,000;830,000;1,000;25/04/2023;-14,3246222;-39,4652527;31,250
BA;BR-030;830,000;831,000;1,000;25/04/2023;-14,3246222;-39,4652527;40,000
BA;BR-030;831,000;832,000;1,000;25/04/2023;-14,3455066;-39,3815983;25,000
BA;BR-030;832,000;833,000;1,000;25/04/2023;-14,3455066;-39,3815983;35,000
BA;BR-030;833,000;834,000;1,000;25/04/2023;-14,3455066;-39,3815983;43,750
BA;BR-030;834,000;835,000;1,000;25/04/2023;-14,3455066;-39,3815983;17,500
BA;BR-030;835,000;836,000;1,000;25/04/2023;-14,3455066;-39,3815983;25,000
BA;BR-030;836,000;837,000;1,000;25/04/2023;-14,3212324;-39,3324595;18,750
BA;BR-030;837,000;838,000;1,000;25/04/2023;-14,3154089;-39,3301899;33,750
BA;BR-030;838,000;839,000;1,000;25/04/2023;-14,3154089;-39,3301899;0,000
BA;BR-030;839,000;840,000;1,000;25/04/2023;-14,3196991;-39,3313329;25,000
BA;BR-030;840,000;841,000;1,000;25/04/2023;-14,3190853;-39,331005;0,000
BA;BR-030;841,000;842,000;1,000;25/04/2023;-14,3175345;-39,3300914;0,000
BA;BR-030;842,000;843,000;1,000;25/04/2023;-14,3176399;-39,3301678;0,000
BA;BR-030;843,000;844,000;1,000;25/04/2023;-14,3164867;-39,3293931;0,000
BA;BR-330;642,300;643,000;0,700;27/04/2023;-13,8651441;-40,1268734;0,000
BA;BR-330;643,000;644,000;1,000;27/04/2023;-13,2900133;-40,9572133;0,000
BA;BR-330;644,000;645,000;1,000;27/04/2023;-13,296855;-40,9515283;22,500
BA;BR-330;645,000;646,000;1,000;27/04/2023;-13,2966221;-40,9298109;5,000
BA;BR-330;646,000;647,000;1,000;27/04/2023;-13,2937519;-40,9550594;7,500
BA;BR-330;647,000;648,000;1,000;27/04/2023;-13,2955257;-40,951904;7,500
BA;BR-330;648,000;649,000;1,000;27/04/2023;-13,2955257;-40,951904;8,750
BA;BR-330;649,000;650,000;1,000;27/04/2023;-13,3056929;-40,9399117;7,500
BA;BR-330;650,000;651,000;1,000;27/04/2023;-13,2955257;-40,951904;8,750
BA;BR-330;651,000;652,000;1,000;27/04/2023;-13,2955257;-40,951904;22,500
BA;BR-330;652,000;653,000;1,000;27/04/2023;-13,2955257;-40,951904;8,750
BA;BR-330;653,000;654,000;1,000;27/04/2023;-13,2937519;-40,9550594;7,500
BA;BR-330;654,000;655,000;1,000;27/04/2023;-13,2955257;-40,951904;7,500
BA;BR-330;655,000;656,000;1,000;27/04/2023;-13,2955257;-40,951904;8,750
BA;BR-330;656,000;657,000;1,000;27/04/2023;-13,2955257;-40,951904;23,750
BA;BR-330;657,000;658,000;1,000;27/04/2023;-13,2955257;-40,951904;31,250
BA;BR-330;658,000;659,000;1,000;27/04/2023;-13,2955257;-40,951904;38,750
BA;BR-330;659,000;660,000;1,000;27/04/2023;-13,2955257;-40,951904;23,750
BA;BR-330;660,000;661,000;1,000;27/04/2023;-13,2955257;-40,951904;38,750
BA;BR-330;661,000;662,000;1,000;27/04/2023;-13,2955257;-40,951904;31,250
BA;BR-330;662,000;663,000;1,000;27/04/2023;-13,2955257;-40,951904;38,750
BA;BR-330;663,000;664,000;1,000;27/04/2023;-13,2955257;-40,951904;38,750
BA;BR-330;664,000;665,000;1,000;27/04/2023;-13,2955257;-40,951904;38,750
BA;BR-330;665,000;666,000;1,000;27/04/2023;-13,2955257;-40,951904;38,750
BA;BR-330;666,000;667,000;1,000;27/04/2023;-13,2955257;-40,951904;46,250
BA;BR-330;667,000;668,000;1,000;27/04/2023;-13,2955257;-40,951904;37,500
BA;BR-330;668,000;669,000;1,000;27/04/2023;-13,2955257;-40,951904;43,750
BA;BR-330;669,000;670,000;1,000;27/04/2023;-13,2955257;-40,951904;26,250
BA;BR-330;670,000;671,000;1,000;27/04/2023;-13,2955257;-40,951904;8,750
BA;BR-330;671,000;672,000;1,000;27/04/2023;-13,2955257;-40,951904;0,000
BA;BR-330;672,000;673,000;1,000;27/04/2023;-13,4868785;-40,8457293;31,250
BA;BR-330;673,000;674,000;1,000;27/04/2023;-13,4910076;-40,8442207;31,250
BA;BR-330;674,000;675,000;1,000;27/04/2023;-13,4910076;-40,8442207;50,000
BA;BR-330;675,000;676,000;1,000;27/04/2023;-13,4910076;-40,8442207;37,500
BA;BR-330;676,000;677,000;1,000;27/04/2023;-13,4914595;-40,8436345;23,750
BA;BR-330;677,000;678,000;1,000;27/04/2023;-13,4914595;-40,8436345;30,000
BA;BR-330;678,000;679,000;1,000;27/04/2023;-13,4938662;-40,8022737;7,500
BA;BR-330;679,000;680,000;1,000;27/04/2023;-13,4938662;-40,8022737;22,500
BA;BR-330;680,000;681,000;1,000;27/04/2023;-13,4938662;-40,8022737;15,000
BA;BR-330;681,000;682,000;1,000;27/04/2023;-13,5130654;-40,7852824;30,000
BA;BR-330;682,000;683,000;1,000;27/04/2023;-13,51013;-40,7715083;22,500
BA;BR-330;683,000;684,000;1,000;27/04/2023;-13,51013;-40,7715083;22,500
BA;BR-330;684,000;685,000;1,000;27/04/2023;-13,51013;-40,7715083;15,000
BA;BR-330;685,000;686,000;1,000;27/04/2023;-13,51013;-40,7715083;8,750
BA;BR-330;686,000;687,000;1,000;27/04/2023;-13,51013;-40,7715083;43,750
BA;BR-330;687,000;688,000;1,000;27/04/2023;-13,51013;-40,7715083;37,500
BA;BR-330;688,000;689,000;1,000;27/04/2023;-13,51013;-40,7715083;37,500
BA;BR-330;689,000;690,000;1,000;27/04/2023;-13,51013;-40,7715083;25,000
BA;BR-330;690,000;691,000;1,000;27/04/2023;-13,51013;-40,7715083;20,000
BA;BR-330;691,000;692,000;1,000;27/04/2023;-13,51013;-40,7715083;15,000
BA;BR-330;692,000;693,000;1,000;27/04/2023;-13,5328105;-40,7204714;12,500
BA;BR-330;693,000;694,000;1,000;27/04/2023;-13,5328105;-40,7204714;5,000
RR;BR-432;15,940;16,000;0,060;28/04/2023;0,9463856;-60,4274304;77,500
RR;BR-432;16,000;17,000;1,000;28/04/2023;0,9463856;-60,4274304;75,000
RR;BR-432;17,000;18,000;1,000;28/04/2023;0,9463856;-60,4274304;75,000
MG;BR-474;95,100;96,000;0,900;25/04/2023;-19,8171972;-41,7496054;77,500
MG;BR-474;96,000;97,000;1,000;25/04/2023;-19,8171972;-41,7496054;82,500
MG;BR-474;97,000;98,000;1,000;25/04/2023;-19,8171972;-41,7496054;85,000
MG;BR-474;98,000;98,600;0,600;25/04/2023;-19,8171972;-41,7496054;68,750
MG;BR-474;110,500;111,000;0,500;25/04/2023;-19,8171972;-41,7496054;82,500
MG;BR-474;111,000;112,000;1,000;25/04/2023;-19,8171972;-41,7496054;82,500
MG;BR-474;112,000;113,000;1,000;25/04/2023;-19,8171972;-41,7496054;81,250
MG;BR-474;113,000;114,000;1,000;25/04/2023;-19,8171972;-41,7496054;77,500
MG;BR-474;114,000;115,000;1,000;25/04/2023;-19,8171972;-41,7496054;80,000
MG;BR-474;115,000;116,000;1,000;25/04/2023;-19,7211299;-41,8058791;72,500
MG;BR-474;116,000;117,000;1,000;25/04/2023;-19,7133614;-41,8332176;72,500
MG;BR-474;117,000;118,000;1,000;25/04/2023;-19,7013514;-41,8363234;70,000
RS;BR-153;121,500;120,000;1,500;28/04/2023;-28,2172422;-52,4628734;12,500
RS;BR-153;120,000;119,000;1,000;28/04/2023;-28,2172464;-52,4628803;18,750
RS;BR-153;119,000;118,000;1,000;28/04/2023;-28,2172464;-52,4628803;22,500
RS;BR-153;118,000;117,000;1,000;28/04/2023;-28,2136713;-52,4590905;0,000
RS;BR-153;117,000;116,000;1,000;28/04/2023;-28,2300579;-52,437722;2,500
RS;BR-153;116,000;115,000;1,000;28/04/2023;-28,2306823;-52,437722;15,000
RS;BR-153;115,000;114,000;1,000;28/04/2023;-28,2306823;-52,437722;37,500
RS;BR-153;114,000;113,000;1,000;28/04/2023;-28,1885397;-52,33656;57,500
RS;BR-153;113,000;112,000;1,000;28/04/2023;-28,1885397;-52,33656;77,500
RS;BR-153;112,000;111,000;1,000;28/04/2023;-28,1781404;-52,32459;37,500
RS;BR-153;111,000;110,000;1,000;28/04/2023;-28,1781404;-52,32459;28,750
RS;BR-153;110,000;109,000;1,000;28/04/2023;-28,1885397;-52,33656;33,750
RS;BR-153;109,000;108,000;1,000;28/04/2023;-28,124995;-52,2999914;50,000
RS;BR-153;108,000;107,000;1,000;28/04/2023;-28,124995;-52,2999914;22,500
RS;BR-153;107,000;106,000;1,000;28/04/2023;-28,124995;-52,2999914;0,000
RS;BR-153;106,000;105,000;1,000;28/04/2023;-28,1664211;-52,3162787;46,250
RS;BR-153;105,000;104,000;1,000;28/04/2023;-28,1664211;-52,3162787;22,500
RS;BR-153;104,000;103,000;1,000;28/04/2023;-28,1664211;-52,3162787;41,250
RS;BR-153;103,000;102,000;1,000;28/04/2023;-28,1664211;-52,3162787;50,000
RS;BR-153;102,000;101,000;1,000;28/04/2023;-28,1664211;-52,3162787;47,500
RS;BR-153;101,000;100,000;1,000;28/04/2023;-28,0897988;-52,3478669;68,750
RS;BR-153;100,000;99,000;1,000;28/04/2023;-28,0897988;-52,3478669;60,000
RS;BR-153;99,000;98,000;1,000;28/04/2023;-28,2152681;-52,3605062;55,000
RS;BR-153;98,000;97,000;1,000;28/04/2023;-28,2152681;-52,3605062;47,500
RS;BR-153;97,000;96,000;1,000;28/04/2023;-27,9190394;-52,2631099;25,000
RS;BR-153;96,000;95,000;1,000;28/04/2023;-27,9190394;-52,2631099;0,000
RS;BR-153;95,000;94,000;1,000;28/04/2023;-27,9190394;-52,2631099;15,000
RS;BR-153;94,000;93,000;1,000;28/04/2023;-27,9190394;-52,2631099;18,750
RS;BR-153;93,000;92,000;1,000;28/04/2023;-27,9190394;-52,2631099;22,500
RS;BR-153;92,000;91,000;1,000;28/04/2023;-27,9190394;-52,2631099;47,500
RS;BR-153;91,000;90,000;1,000;28/04/2023;-27,9190394;-52,2631099;12,500
RS;BR-153;90,000;89,000;1,000;28/04/2023;-27,9190394;-52,2631099;0,000
RS;BR-153;89,000;88,000;1,000;28/04/2023;-27,9755866;-52,3803383;52,500
RS;BR-153;88,000;87,000;1,000;28/04/2023;-27,970795;-52,3779183;35,000
RS;BR-153;87,000;86,000;1,000;28/04/2023;-27,9627016;-52,3778666;55,000
RS;BR-153;86,000;85,000;1,000;28/04/2023;-27,9556216;-52,3751433;0,000
RS;BR-153;85,000;84,000;1,000;28/04/2023;-27,9469783;-52,3743516;31,250
RS;BR-153;84,000;83,000;1,000;28/04/2023;-27,9381916;-52,3762716;37,500
RS;BR-153;83,000;82,000;1,000;28/04/2023;-27,9301633;-52,3734383;30,000
RS;BR-153;82,000;81,000;1,000;28/04/2023;-27,9220883;-52,3678883;20,000
RS;BR-153;81,000;80,000;1,000;28/04/2023;-27,9139366;-52,3663166;60,000
RS;BR-153;80,000;79,000;1,000;28/04/2023;-27,8604162;-52,3092979;57,500
RS;BR-153;79,000;78,000;1,000;28/04/2023;-27,9076593;-52,3212653;41,250
RS;BR-153;78,000;77,000;1,000;28/04/2023;-27,9076593;-52,3212653;0,000
RS;BR-153;77,000;76,000;1,000;28/04/2023;-27,8973429;-52,2870308;12,500
RS;BR-153;76,000;75,000;1,000;28/04/2023;-27,8604162;-52,3092979;41,250
RS;BR-153;75,000;74,000;1,000;28/04/2023;-27,8604162;-52,3092979;12,500
RS;BR-153;74,000;73,000;1,000;28/04/2023;-27,8458926;-52,3009885;7,500
RS;BR-153;73,000;72,000;1,000;28/04/2023;-27,8458926;-52,3009885;35,000
RS;BR-153;72,000;71,000;1,000;28/04/2023;-28,1504882;-52,3016532;20,000
RS;BR-153;71,000;70,000;1,000;28/04/2023;-28,1504882;-52,3016532;7,500
RS;BR-153;70,000;69,000;1,000;28/04/2023;-27,8458926;-52,3009885;33,750
RS;BR-153;69,000;68,000;1,000;28/04/2023;-27,8458926;-52,3009885;33,750
RS;BR-153;68,000;67,000;1,000;28/04/2023;-27,8458926;-52,3009885;5,000
RS;BR-153;67,000;66,000;1,000;28/04/2023;-27,8472659;-52,3043121;31,250
RS;BR-153;66,000;65,000;1,000;28/04/2023;-27,8506905;-52,3023179;35,000
RS;BR-153;65,000;64,000;1,000;28/04/2023;-27,8506905;-52,3023179;17,500
RS;BR-153;64,000;63,000;1,000;28/04/2023;-27,8506905;-52,3023179;52,500
RS;BR-153;63,000;62,000;1,000;28/04/2023;-27,7458979;-52,2793885;17,500
RS;BR-153;62,000;61,000;1,000;28/04/2023;-27,7862421;-52,2677605;42,500
RS;BR-153;61,000;60,000;1,000;28/04/2023;-27,7458979;-52,2793885;40,000
RS;BR-153;60,000;59,000;1,000;28/04/2023;-27,7458979;-52,2793885;35,000
RS;BR-153;59,000;58,000;1,000;28/04/2023;-27,7526558;-52,2770627;17,500
RS;BR-153;58,000;57,000;1,000;28/04/2023;-27,706466;-52,3116248;30,000
RS;BR-153;57,000;56,000;1,000;28/04/2023;-27,706466;-52,3116248;50,000
RS;BR-153;56,000;55,000;1,000;28/04/2023;-27,6976814;-52,3046445;35,000
RS;BR-153;55,000;54,000;1,000;28/04/2023;-27,7419468;-52,2807175;28,750
RS;BR-153;54,000;53,000;1,000;28/04/2023;-27,6897636;-52,2938775;30,000
MG;BR-352;66,900;68,000;1,100;27/04/2023;-18,6052125;-46,5155383;58,750
MG;BR-352;68,000;69,000;1,000;27/04/2023;-18,6052122;-46,5155375;66,250
MG;BR-352;69,000;70,000;1,000;27/04/2023;-18,6052108;-46,5155349;52,500
MG;BR-352;70,000;71,000;1,000;27/04/2023;-18,6052145;-46,5155377;52,500
MG;BR-352;71,000;72,000;1,000;27/04/2023;-18,6052193;-46,515531;72,500
MG;BR-352;72,000;73,000;1,000;27/04/2023;-18,605216;-46,5155367;60,000
MG;BR-352;73,000;74,000;1,000;27/04/2023;-18,6052078;-46,5155364;60,000
MG;BR-352;74,000;75,000;1,000;27/04/2023;-18,6052132;-46,515534;60,000
MG;BR-352;75,000;76,000;1,000;27/04/2023;-18,605214;-46,5155333;52,500
MG;BR-352;76,000;77,000;1,000;27/04/2023;-18,6052136;-46,515535;52,500
MG;BR-352;77,000;78,000;1,000;27/04/2023;-18,6052132;-46,5155324;58,750
MG;BR-352;78,000;79,000;1,000;27/04/2023;-18,6052162;-46,5155349;68,750
MG;BR-352;79,000;80,000;1,000;27/04/2023;-18,6051559;-46,5155358;66,250
MG;BR-352;80,000;81,000;1,000;27/04/2023;-18,605215;-46,5155353;70,000
MG;BR-352;81,000;82,000;1,000;27/04/2023;-18,6051414;-46,5155453;60,000
MG;BR-352;82,000;83,000;1,000;27/04/2023;-18,6052201;-46,515536;58,750
MG;BR-352;83,000;84,000;1,000;27/04/2023;-18,6052084;-46,5155331;68,750
MG;BR-352;84,000;85,000;1,000;27/04/2023;-18,6052275;-46,5155316;80,000
MG;BR-352;85,000;86,000;1,000;27/04/2023;-18,6052143;-46,5155305;58,750
MG;BR-352;86,000;87,000;1,000;27/04/2023;-18,6052165;-46,5155387;51,250
MG;BR-352;87,000;88,000;1,000;27/04/2023;-18,6052212;-46,5155378;65,000
MG;BR-352;88,000;89,000;1,000;27/04/2023;-18,6052116;-46,5155379;68,750
MG;BR-352;89,000;90,000;1,000;27/04/2023;-18,605215;-46,5155386;65,000
MG;BR-352;90,000;91,000;1,000;27/04/2023;-18,6052091;-46,515537;63,750
MG;BR-352;91,000;92,000;1,000;27/04/2023;-18,6052209;-46,5155399;68,750
MG;BR-352;92,000;93,000;1,000;27/04/2023;-18,6052167;-46,515539;65,000
MG;BR-352;93,000;94,000;1,000;27/04/2023;-18,6052105;-46,5155406;52,500
MG;BR-352;94,000;95,000;1,000;27/04/2023;-18,6052112;-46,5155375;63,750
MG;BR-352;95,000;96,000;1,000;27/04/2023;-18,6052156;-46,5155403;80,000
MG;BR-352;96,000;97,000;1,000;27/04/2023;-18,6052101;-46,5155313;68,750
MG;BR-352;97,000;98,000;1,000;27/04/2023;-18,6052121;-46,5155363;53,750
MG;BR-352;98,000;99,000;1,000;27/04/2023;-18,6052138;-46,5155369;53,750
MG;BR-352;99,000;100,000;1,000;27/04/2023;-18,6052074;-46,5155336;31,250
MG;BR-352;100,000;101,000;1,000;27/04/2023;-18,6052212;-46,5155385;58,750
MG;BR-352;101,000;102,000;1,000;27/04/2023;-18,605212;-46,5155349;46,250
MG;BR-352;102,000;103,000;1,000;27/04/2023;-18,6052114;-46,5155363;68,750
MG;BR-352;103,000;104,000;1,000;27/04/2023;-18,605199;-46,515535;52,500
MG;BR-352;104,000;105,000;1,000;27/04/2023;-18,6052186;-46,515538;56,250
MG;BR-352;105,000;106,000;1,000;27/04/2023;-18,6052115;-46,5155351;46,250
MG;BR-352;106,000;107,000;1,000;27/04/2023;-18,6052142;-46,5155366;46,250
MG;BR-352;107,000;108,000;1,000;27/04/2023;-18,6052158;-46,5155365;46,250
MG;BR-352;108,000;109,000;1,000;27/04/2023;-18,6052169;-46,5155383;52,500
MG;BR-352;109,000;110,000;1,000;27/04/2023;-18,6052173;-46,5155346;46,250
MG;BR-352;110,000;111,000;1,000;27/04/2023;-18,6052218;-46,5155406;46,250
MG;BR-352;111,000;112,000;1,000;27/04/2023;-18,6052125;-46,5155329;53,750
MG;BR-352;112,000;113,000;1,000;27/04/2023;-18,605216;-46,5155347;46,250
MG;BR-352;113,000;114,000;1,000;27/04/2023;-18,6052202;-46,5155372;46,250
MG;BR-352;114,000;115,000;1,000;27/04/2023;-18,6052142;-46,5155367;46,250
MG;BR-352;115,000;116,000;1,000;27/04/2023;-18,6052136;-46,5155363;61,250
MG;BR-352;116,000;117,000;1,000;27/04/2023;-18,6052098;-46,5155325;46,250
MG;BR-352;117,000;118,000;1,000;27/04/2023;-18,6052196;-46,5155382;68,750
MG;BR-352;118,000;119,000;1,000;27/04/2023;-18,6052156;-46,515537;68,750
MG;BR-352;119,000;120,000;1,000;27/04/2023;-18,6052123;-46,5155424;61,250
MG;BR-352;120,000;121,000;1,000;27/04/2023;-18,6052066;-46,5155361;46,250
MG;BR-352;121,000;122,000;1,000;27/04/2023;-18,6052112;-46,515537;73,750
MG;BR-352;122,000;123,000;1,000;27/04/2023;-18,6052195;-46,5155362;60,000
MG;BR-352;123,000;124,000;1,000;27/04/2023;-18,6052179;-46,5155274;77,500
MG;BR-352;124,000;125,000;1,000;27/04/2023;-18,6051998;-46,5155343;57,500
MG;BR-352;125,000;126,000;1,000;27/04/2023;-18,6052026;-46,5155343;60,000
MG;BR-352;126,000;127,000;1,000;27/04/2023;-18,6052104;-46,5155363;66,250
MG;BR-352;127,000;128,000;1,000;27/04/2023;-18,6052145;-46,5155388;62,500
MG;BR-352;128,000;129,000;1,000;27/04/2023;-18,6052194;-46,5155398;67,500
MG;BR-352;129,000;130,000;1,000;27/04/2023;-18,6052191;-46,5155376;80,000
MG;BR-352;130,000;131,000;1,000;27/04/2023;-18,6052171;-46,5155374;62,500
MG;BR-352;131,000;132,000;1,000;27/04/2023;-18,6052111;-46,5155364;52,500
MG;BR-352;132,000;133,000;1,000;27/04/2023;-18,6052127;-46,5155422;70,000
MG;BR-352;133,000;134,000;1,000;27/04/2023;-18,6052077;-46,5155367;67,500
MG;BR-352;134,000;135,000;1,000;27/04/2023;-18,6052194;-46,5155374;87,500
MG;BR-352;135,000;136,000;1,000;27/04/2023;-18,605208;-46,5155391;62,500
MG;BR-352;136,000;137,000;1,000;27/04/2023;-18,6052134;-46,5155387;70,000
MG;BR-352;137,000;138,000;1,000;27/04/2023;-18,6052039;-46,5155485;85,000
MG;BR-352;138,000;139,000;1,000;27/04/2023;-18,6052131;-46,5155385;73,750
MG;BR-352;139,000;140,000;1,000;27/04/2023;-18,6052136;-46,5155377;58,750
MG;BR-352;140,000;141,000;1,000;27/04/2023;-18,6052148;-46,515537;52,500
MG;BR-352;141,000;142,000;1,000;27/04/2023;-18,6052121;-46,5155313;58,750
MG;BR-352;142,000;143,000;1,000;27/04/2023;-18,6052124;-46,5155377;77,500
MG;BR-352;143,000;144,000;1,000;27/04/2023;-18,6052118;-46,515537;52,500
MG;BR-352;144,000;145,000;1,000;27/04/2023;-18,6052177;-46,5155307;70,000
MG;BR-352;145,000;146,000;1,000;27/04/2023;-18,6052099;-46,5155375;83,750
MG;BR-352;146,000;147,000;1,000;27/04/2023;-18,6052151;-46,5155416;72,500
MG;BR-352;147,000;148,000;1,000;27/04/2023;-18,6052184;-46,5155375;66,250
MG;BR-352;148,000;149,000;1,000;27/04/2023;-18,6052122;-46,5155351;87,500
MG;BR-352;149,000;150,000;1,000;27/04/2023;-18,6052142;-46,5155355;75,000
MG;BR-352;150,000;151,000;1,000;27/04/2023;-18,6052132;-46,5155353;87,500
MG;BR-352;151,000;152,000;1,000;27/04/2023;-18,6052063;-46,5155351;70,000
MG;BR-352;152,000;153,000;1,000;27/04/2023;-18,6052168;-46,5155351;70,000
MG;BR-352;153,000;154,000;1,000;27/04/2023;-18,6052104;-46,5155375;76,250
MG;BR-352;154,000;155,000;1,000;27/04/2023;-18,6052137;-46,5155447;62,500
MG;BR-352;155,000;156,000;1,000;27/04/2023;-18,6052088;-46,51554;62,500
MG;BR-352;156,000;157,000;1,000;27/04/2023;-18,6052033;-46,5155301;70,000
MG;BR-352;157,000;158,000;1,000;27/04/2023;-18,6052149;-46,5155268;62,500
MG;BR-352;158,000;159,000;1,000;27/04/2023;-18,6052066;-46,5155574;66,250
MG;BR-352;159,000;160,000;1,000;27/04/2023;-18,6052061;-46,5155339;58,750
MG;BR-352;160,000;161,000;1,000;27/04/2023;-18,6052184;-46,5155272;73,750
MG;BR-352;161,000;162,000;1,000;27/04/2023;-18,6052187;-46,5155323;67,500
MG;BR-352;162,000;163,000;1,000;27/04/2023;-18,6052111;-46,5155317;63,750
MG;BR-352;163,000;164,000;1,000;27/04/2023;-18,6052119;-46,5155306;73,750
MG;BR-352;164,000;165,000;1,000;27/04/2023;-18,6052094;-46,5155336;66,250
MG;BR-352;165,000;166,000;1,000;27/04/2023;-18,6052027;-46,5155325;77,500
MG;BR-352;166,000;167,000;1,000;27/04/2023;-18,6052021;-46,5155351;0,000
MG;BR-364;189,800;190,000;0,200;28/04/2023;-22,8168092;-43,3965445;93,750
MG;BR-364;190,000;191,000;1,000;28/04/2023;-22,816843;-43,3964899;92,500
MG;BR-364;191,000;192,000;1,000;28/04/2023;-22,8168559;-43,3964937;100,000
MG;BR-364;192,000;193,000;1,000;28/04/2023;-22,8168554;-43,3964724;100,000
MG;BR-364;193,000;194,000;1,000;28/04/2023;-22,816862;-43,3964722;100,000
MG;BR-364;194,000;195,000;1,000;28/04/2023;-22,8168509;-43,3964713;96,250
MG;BR-364;195,000;196,000;1,000;28/04/2023;-22,816837;-43,3964461;96,250
MG;BR-364;196,000;197,000;1,000;28/04/2023;-22,8167987;-43,3964597;100,000
MG;BR-364;197,000;198,000;1,000;28/04/2023;-22,8168104;-43,3964705;100,000
MG;BR-364;198,000;199,000;1,000;28/04/2023;-22,8168156;-43,3964617;96,250
MG;BR-364;199,000;200,000;1,000;28/04/2023;-22,8168583;-43,3964861;92,500
MG;BR-364;200,000;201,000;1,000;28/04/2023;-22,8168556;-43,3964892;100,000
MG;BR-364;201,000;202,000;1,000;28/04/2023;-22,8168297;-43,3964934;100,000
MG;BR-364;202,000;203,000;1,000;28/04/2023;-22,8167931;-43,396494;96,250
MT;BR-242;0,000;1,000;1,000;28/04/2023;-11,6145103;-50,6614961;55,000
MT;BR-242;1,000;2,000;1,000;28/04/2023;-11,6145103;-50,6614961;55,000
MT;BR-242;2,000;3,000;1,000;28/04/2023;-11,615439;-50,664809;52,500
MT;BR-242;3,000;4,000;1,000;28/04/2023;-11,6183739;-50,673682;52,500
MT;BR-242;4,000;5,000;1,000;28/04/2023;-11,6183739;-50,673682;56,250
MT;BR-242;5,000;6,000;1,000;28/04/2023;-11,6183739;-50,673682;68,750
MT;BR-242;6,000;7,000;1,000;28/04/2023;-11,6208608;-50,6792901;76,250
MT;BR-242;7,000;8,000;1,000;28/04/2023;-11,6208608;-50,6792901;80,000
MT;BR-242;8,000;9,000;1,000;28/04/2023;-11,6208608;-50,6792901;58,750
MT;BR-242;9,000;10,000;1,000;28/04/2023;-11,6208608;-50,6792901;56,250
MT;BR-242;10,000;11,000;1,000;28/04/2023;-11,6208608;-50,6792901;52,500
MT;BR-242;11,000;12,000;1,000;28/04/2023;-11,6208608;-50,6792901;52,500
MT;BR-242;12,000;13,000;1,000;28/04/2023;-11,6208608;-50,6792901;56,250
MT;BR-242;13,000;14,000;1,000;28/04/2023;-11,6208608;-50,6792901;61,250
MT;BR-242;14,000;15,000;1,000;28/04/2023;-11,6208608;-50,6792901;62,500
MT;BR-242;15,000;16,000;1,000;28/04/2023;-11,6208608;-50,6792901;55,000
MT;BR-242;16,000;17,000;1,000;28/04/2023;-11,6208608;-50,6792901;58,750
MT;BR-242;17,000;18,000;1,000;28/04/2023;-11,6208608;-50,6792901;55,000
MT;BR-242;18,000;19,000;1,000;28/04/2023;-11,6208608;-50,6792901;63,750
MT;BR-242;19,000;20,000;1,000;28/04/2023;-11,6208608;-50,6792901;60,000
MT;BR-242;20,000;21,000;1,000;28/04/2023;-11,6208608;-50,6792901;60,000
MT;BR-242;21,000;22,000;1,000;28/04/2023;-11,6208608;-50,6792901;56,250
MT;BR-242;22,000;23,000;1,000;28/04/2023;-11,6208608;-50,6792901;55,000
MT;BR-242;23,000;24,000;1,000;28/04/2023;-11,6208608;-50,6792901;58,750
MT;BR-242;24,000;25,000;1,000;28/04/2023;-11,6208608;-50,6792901;72,500
MT;BR-242;25,000;26,000;1,000;28/04/2023;-11,6208608;-50,6792901;55,000
MT;BR-242;26,000;27,000;1,000;28/04/2023;-11,6208608;-50,6792901;56,250
MT;BR-242;27,000;28,000;1,000;28/04/2023;-11,6208608;-50,6792901;56,250
MT;BR-242;28,000;29,000;1,000;28/04/2023;-11,6208608;-50,6792901;52,500
MT;BR-242;29,000;30,000;1,000;28/04/2023;-11,6208608;-50,6792901;56,250
MT;BR-242;30,000;31,000;1,000;28/04/2023;-11,6208608;-50,6792901;70,000
MT;BR-242;31,000;32,000;1,000;28/04/2023;-11,6208608;-50,6792901;72,500
MT;BR-242;32,000;33,000;1,000;28/04/2023;-11,6208608;-50,6792901;56,250
MT;BR-242;33,000;34,000;1,000;28/04/2023;-11,6176553;-50,6640382;55,000
MT;BR-242;34,000;35,000;1,000;28/04/2023;-11,6176553;-50,6640382;58,750
MT;BR-242;35,000;36,000;1,000;28/04/2023;-11,6176553;-50,6640382;58,750
MT;BR-242;36,000;37,000;1,000;28/04/2023;-11,6176553;-50,6640382;55,000
MT;BR-242;37,000;38,000;1,000;28/04/2023;-11,6176553;-50,6640382;58,750
MT;BR-242;38,000;39,000;1,000;28/04/2023;-11,6176553;-50,6640382;56,250
MT;BR-242;39,000;40,000;1,000;28/04/2023;-11,6176553;-50,6640382;73,750
MT;BR-242;40,000;41,000;1,000;28/04/2023;-11,6176553;-50,6640382;62,500
MT;BR-242;41,000;42,000;1,000;28/04/2023;-11,6176553;-50,6640382;72,500
MT;BR-242;42,000;43,000;1,000;28/04/2023;-11,6176553;-50,6640382;66,250
MT;BR-242;43,000;44,000;1,000;28/04/2023;-11,6176553;-50,6640382;55,000
MT;BR-242;44,000;45,000;1,000;28/04/2023;-11,6176553;-50,6640382;66,250
MT;BR-242;45,000;46,000;1,000;28/04/2023;-11,6176553;-50,6640382;58,750
MT;BR-242;46,000;47,000;1,000;28/04/2023;-11,6176553;-50,6640382;82,500
MT;BR-242;47,000;48,000;1,000;28/04/2023;-11,6176553;-50,6640382;66,250
MT;BR-242;48,000;49,000;1,000;28/04/2023;-11,6176553;-50,6640382;72,500
MT;BR-242;49,000;50,000;1,000;28/04/2023;-11,6176553;-50,6640382;73,750
MT;BR-242;50,000;51,000;1,000;28/04/2023;-11,6176553;-50,6640382;86,250
MT;BR-242;51,000;52,000;1,000;28/04/2023;-11,6176553;-50,6640382;60,000
MT;BR-242;52,000;53,000;1,000;28/04/2023;-11,6176553;-50,6640382;86,250
MT;BR-242;53,000;54,000;1,000;28/04/2023;-11,6176553;-50,6640382;80,000
MT;BR-242;54,000;55,000;1,000;28/04/2023;-11,6176553;-50,6640382;80,000
MT;BR-242;55,000;56,000;1,000;28/04/2023;-11,6176553;-50,6640382;76,250
MT;BR-242;56,000;57,000;1,000;28/04/2023;-11,6176553;-50,6640382;70,000
MT;BR-242;57,000;58,000;1,000;28/04/2023;-11,6176553;-50,6640382;80,000
MT;BR-242;58,000;59,000;1,000;28/04/2023;-11,6176553;-50,6640382;82,500
MT;BR-242;59,000;60,000;1,000;28/04/2023;-11,6176553;-50,6640382;80,000
MT;BR-242;60,000;61,000;1,000;28/04/2023;-11,6176553;-50,6640382;66,250
MT;BR-242;61,000;62,000;1,000;28/04/2023;-11,6176553;-50,6640382;70,000
MT;BR-242;62,000;63,000;1,000;28/04/2023;-11,6176553;-50,6640382;77,500
MT;BR-242;63,000;64,000;1,000;28/04/2023;-11,6176553;-50,6640382;56,250
MT;BR-242;64,000;65,000;1,000;28/04/2023;-11,6176553;-50,6640382;77,500
MT;BR-242;65,000;66,000;1,000;28/04/2023;-11,6176553;-50,6640382;80,000
MT;BR-242;66,000;67,000;1,000;28/04/2023;-11,6176553;-50,6640382;66,250
MT;BR-242;67,000;68,000;1,000;28/04/2023;-11,6176553;-50,6640382;71,250
MT;BR-242;68,000;69,000;1,000;28/04/2023;-11,6176553;-50,6640382;73,750
MT;BR-242;69,000;70,000;1,000;28/04/2023;-11,6176553;-50,6640382;76,250
MT;BR-242;70,000;71,000;1,000;28/04/2023;-11,6176553;-50,6640382;93,750
MT;BR-242;71,000;72,000;1,000;28/04/2023;-11,6176553;-50,6640382;100,000
MT;BR-242;72,000;73,000;1,000;28/04/2023;-11,6176553;-50,6640382;73,750
MT;BR-242;73,000;74,000;1,000;28/04/2023;-11,6176553;-50,6640382;68,750
MT;BR-242;74,000;75,000;1,000;28/04/2023;-11,6176553;-50,6640382;82,500
MT;BR-242;75,000;76,000;1,000;28/04/2023;-11,6176553;-50,6640382;80,000
MT;BR-242;76,000;77,000;1,000;28/04/2023;-11,6176553;-50,6640382;80,000
MT;BR-242;77,000;78,000;1,000;28/04/2023;-11,6176553;-50,6640382;51,250
MT;BR-242;78,000;79,000;1,000;28/04/2023;-11,6176553;-50,6640382;60,000
MT;BR-242;79,000;80,000;1,000;28/04/2023;-11,6176553;-50,6640382;58,750
MT;BR-242;80,000;81,000;1,000;28/04/2023;-11,6176553;-50,6640382;56,250
MT;BR-242;81,000;82,000;1,000;28/04/2023;-11,6176553;-50,6640382;58,750
MT;BR-242;82,000;83,000;1,000;28/04/2023;-11,6176553;-50,6640382;51,250
MT;BR-242;83,000;84,000;1,000;28/04/2023;-11,6176553;-50,6640382;51,250
MT;BR-242;84,000;85,000;1,000;28/04/2023;-11,6176553;-50,6640382;56,250
MT;BR-242;85,000;86,000;1,000;28/04/2023;-11,6176553;-50,6640382;52,500
MT;BR-242;86,000;87,000;1,000;28/04/2023;-11,6176553;-50,6640382;52,500
MT;BR-242;87,000;88,000;1,000;28/04/2023;-11,6176553;-50,6640382;51,250
MT;BR-242;88,000;89,000;1,000;28/04/2023;-11,6176553;-50,6640382;52,500
MT;BR-242;89,000;90,000;1,000;28/04/2023;-11,6176553;-50,6640382;51,250
MT;BR-242;90,000;91,000;1,000;28/04/2023;-11,6673812;-51,3731292;56,250
MT;BR-242;91,000;92,000;1,000;28/04/2023;-11,6710006;-51,3748094;91,250
MT;BR-242;92,000;93,000;1,000;28/04/2023;-11,6721596;-51,3784397;87,500
MT;BR-242;93,000;94,000;1,000;28/04/2023;-11,6721596;-51,3784397;87,500
MT;BR-242;94,000;95,000;1,000;28/04/2023;-11,6721596;-51,3784397;80,000
MT;BR-242;95,000;96,000;1,000;28/04/2023;-11,6721596;-51,3784397;77,500
MT;BR-242;96,000;97,000;1,000;28/04/2023;-11,6721596;-51,3784397;73,750
MT;BR-242;97,000;98,000;1,000;28/04/2023;-11,6721596;-51,3784397;80,000
MT;BR-242;98,000;99,000;1,000;28/04/2023;-11,6721596;-51,3784397;80,000
MT;BR-242;99,000;100,000;1,000;28/04/2023;-11,6721596;-51,3784397;76,250
MT;BR-242;100,000;101,000;1,000;28/04/2023;-11,6721596;-51,3784397;73,750
MT;BR-242;101,000;102,000;1,000;28/04/2023;-11,6721596;-51,3784397;76,250
MT;BR-242;102,000;103,000;1,000;28/04/2023;-11,6721596;-51,3784397;73,750
MT;BR-242;103,000;104,000;1,000;28/04/2023;-11,6721596;-51,3784397;68,750
MT;BR-242;104,000;105,000;1,000;28/04/2023;-11,6721596;-51,3784397;62,500
MT;BR-242;105,000;106,000;1,000;28/04/2023;-11,6721596;-51,3784397;56,250
MT;BR-242;106,000;107,000;1,000;28/04/2023;-11,6721596;-51,3784397;58,750
MT;BR-242;107,000;108,000;1,000;28/04/2023;-11,6721596;-51,3784397;80,000
MT;BR-242;108,000;109,000;1,000;28/04/2023;-11,6721596;-51,3784397;80,000
MT;BR-242;109,000;110,000;1,000;28/04/2023;-11,6721596;-51,3784397;97,500
MT;BR-242;110,000;111,000;1,000;28/04/2023;-11,6721596;-51,3784397;76,250
MT;BR-242;111,000;112,000;1,000;28/04/2023;-11,6721596;-51,3784397;80,000
MT;BR-242;112,000;113,000;1,000;28/04/2023;-11,6721596;-51,3784397;80,000
MT;BR-242;113,000;114,000;1,000;28/04/2023;-11,6721596;-51,3784397;56,250
MT;BR-242;114,000;115,000;1,000;28/04/2023;-11,6721596;-51,3784397;55,000
MT;BR-242;115,000;116,000;1,000;28/04/2023;-11,6721596;-51,3784397;56,250
MT;BR-242;116,000;117,000;1,000;28/04/2023;-11,6721596;-51,3784397;66,250
MT;BR-242;117,000;118,000;1,000;28/04/2023;-11,6721596;-51,3784397;62,500
MS;BR-419;64,000;65,000;1,000;27/04/2023;-20,256638;-54,7980485;35,000
MS;BR-419;65,000;66,000;1,000;27/04/2023;-20,256638;-54,7980485;22,500
MS;BR-419;66,000;67,000;1,000;27/04/2023;-20,256638;-54,7980485;22,500
MS;BR-419;67,000;68,000;1,000;27/04/2023;-20,256638;-54,7980485;22,500
MS;BR-419;68,000;69,000;1,000;27/04/2023;-20,256638;-54,7980485;22,500
MS;BR-419;69,000;70,000;1,000;27/04/2023;-20,256638;-54,7980485;22,500
MS;BR-419;70,000;71,000;1,000;27/04/2023;-20,256638;-54,7980485;22,500
MS;BR-419;71,000;72,000;1,000;27/04/2023;-20,256638;-54,7980485;30,000
MS;BR-419;72,000;73,000;1,000;27/04/2023;-20,256638;-54,7980485;22,500
MS;BR-419;73,000;74,000;1,000;27/04/2023;-20,256638;-54,7980485;22,500
MS;BR-419;74,000;75,000;1,000;27/04/2023;-20,256638;-54,7980485;22,500
MS;BR-419;75,000;76,000;1,000;27/04/2023;-20,256638;-54,7980485;22,500
MS;BR-419;76,000;77,000;1,000;27/04/2023;-20,256638;-54,7980485;22,500
MS;BR-419;77,000;78,000;1,000;27/04/2023;-20,256638;-54,7980485;22,500
MS;BR-419;78,000;79,000;1,000;27/04/2023;-20,256638;-54,7980485;22,500
MS;BR-419;79,000;80,000;1,000;27/04/2023;-20,256638;-54,7980485;25,000
MS;BR-419;80,000;81,000;1,000;27/04/2023;-20,256638;-54,7980485;22,500
MS;BR-419;81,000;82,000;1,000;27/04/2023;-20,256638;-54,7980485;22,500
MS;BR-419;82,000;83,000;1,000;27/04/2023;-20,256638;-54,7980485;22,500
MS;BR-419;83,000;84,000;1,000;27/04/2023;-20,256638;-54,7980485;42,500
MS;BR-419;84,000;85,000;1,000;27/04/2023;-20,256638;-54,7980485;22,500
MS;BR-419;85,000;86,000;1,000;27/04/2023;-20,256638;-54,7980485;22,500
MS;BR-419;86,000;87,000;1,000;27/04/2023;-20,256638;-54,7980485;46,250
MS;BR-419;87,000;88,000;1,000;27/04/2023;-20,256638;-54,7980485;42,500
MS;BR-419;88,000;89,000;1,000;27/04/2023;-20,256638;-54,7980485;22,500
MS;BR-419;89,000;90,000;1,000;27/04/2023;-20,256638;-54,7980485;22,500
MS;BR-419;90,000;91,000;1,000;27/04/2023;-20,256638;-54,7980485;30,000
MS;BR-419;91,000;92,000;1,000;27/04/2023;-20,256638;-54,7980485;30,000
MS;BR-419;92,000;93,000;1,000;27/04/2023;-20,256638;-54,7980485;43,750
MS;BR-419;93,000;94,000;1,000;27/04/2023;-20,256638;-54,7980485;46,250
MS;BR-419;94,000;95,000;1,000;27/04/2023;-20,256638;-54,7980485;37,500
MS;BR-419;95,000;96,000;1,000;27/04/2023;-20,256638;-54,7980485;37,500
MS;BR-419;96,000;97,000;1,000;27/04/2023;-20,256638;-54,7980485;37,500
MS;BR-419;97,000;98,000;1,000;27/04/2023;-20,256638;-54,7980485;22,500
MS;BR-419;98,000;99,000;1,000;27/04/2023;-20,256638;-54,7980485;22,500
MS;BR-419;99,000;100,000;1,000;27/04/2023;-20,256638;-54,7980485;52,500
MS;BR-419;100,000;101,000;1,000;27/04/2023;-20,256638;-54,7980485;42,500
MS;BR-419;101,000;102,000;1,000;27/04/2023;-20,256638;-54,7980485;61,250
MS;BR-419;102,000;103,000;1,000;27/04/2023;-20,256638;-54,7980485;46,250
MS;BR-419;103,000;104,000;1,000;27/04/2023;-20,256638;-54,7980485;60,000
MS;BR-419;104,000;105,000;1,000;27/04/2023;-20,256638;-54,7980485;61,250
MS;BR-419;105,000;106,000;1,000;27/04/2023;-20,256638;-54,7980485;53,750
MS;BR-419;106,000;107,000;1,000;27/04/2023;-20,256638;-54,7980485;55,000
MS;BR-419;107,000;108,000;1,000;27/04/2023;-20,256638;-54,7980485;36,250
MS;BR-419;108,000;109,000;1,000;27/04/2023;-20,256638;-54,7980485;43,750
MS;BR-419;109,000;110,000;1,000;27/04/2023;-20,256638;-54,7980485;51,250
MS;BR-419;110,000;111,000;1,000;27/04/2023;-20,256638;-54,7980485;55,000
MS;BR-419;111,000;112,000;1,000;27/04/2023;-20,256638;-54,7980485;73,750
MS;BR-419;112,000;113,000;1,000;27/04/2023;-20,256638;-54,7980485;48,750
MS;BR-419;113,000;114,000;1,000;27/04/2023;-20,256638;-54,7980485;56,250
MS;BR-419;114,000;115,000;1,000;27/04/2023;-20,256638;-54,7980485;36,250
MS;BR-419;115,000;116,000;1,000;27/04/2023;-20,256638;-54,7980485;72,500
MS;BR-419;116,000;117,000;1,000;27/04/2023;-20,256638;-54,7980485;61,250
MS;BR-419;117,000;118,000;1,000;27/04/2023;-20,256638;-54,7980485;57,500
MS;BR-419;118,000;119,000;1,000;27/04/2023;-20,256638;-54,7980485;36,250
MS;BR-419;119,000;120,000;1,000;27/04/2023;-20,256638;-54,7980485;36,250
MS;BR-419;120,000;121,000;1,000;27/04/2023;-20,256638;-54,7980485;36,250
MS;BR-419;121,000;122,000;1,000;27/04/2023;-20,256638;-54,7980485;36,250
MS;BR-419;122,000;123,000;1,000;27/04/2023;-20,256638;-54,7980485;58,750
MS;BR-419;123,000;124,000;1,000;27/04/2023;-20,256638;-54,7980485;36,250
MS;BR-419;124,000;125,000;1,000;27/04/2023;-20,256638;-54,7980485;36,250
MS;BR-419;125,000;126,000;1,000;27/04/2023;-20,256638;-54,7980485;36,250
MS;BR-419;126,000;127,000;1,000;27/04/2023;-20,256638;-54,7980485;36,250
MS;BR-419;127,000;128,000;1,000;27/04/2023;-20,256638;-54,7980485;36,250
MS;BR-419;128,000;129,000;1,000;27/04/2023;-20,256638;-54,7980485;36,250
MS;BR-419;129,000;130,000;1,000;27/04/2023;-20,256638;-54,7980485;43,750
MS;BR-419;130,000;131,000;1,000;27/04/2023;-20,256638;-54,7980485;36,250
MS;BR-419;131,000;132,000;1,000;27/04/2023;-20,256638;-54,7980485;23,750
MS;BR-419;132,000;133,000;1,000;27/04/2023;-20,256638;-54,7980485;36,250
MS;BR-419;133,000;134,000;1,000;27/04/2023;-20,256638;-54,7980485;36,250
MS;BR-419;134,000;135,000;1,000;27/04/2023;-20,256638;-54,7980485;36,250
MS;BR-419;135,000;136,000;1,000;27/04/2023;-20,256638;-54,7980485;23,750
MS;BR-419;136,000;137,000;1,000;27/04/2023;-20,256638;-54,7980485;23,750
MS;BR-419;137,000;138,000;1,000;27/04/2023;-20,256638;-54,7980485;23,750
MS;BR-419;137,300;138,000;0,700;27/04/2023;-20,256638;-54,7980485;23,750
MS;BR-419;138,000;139,000;1,000;27/04/2023;-20,256638;-54,7980485;36,250
MS;BR-419;139,000;140,000;1,000;27/04/2023;-20,256638;-54,7980485;48,750
MS;BR-419;140,000;141,000;1,000;27/04/2023;-20,256638;-54,7980485;35,000
MS;BR-419;141,000;142,000;1,000;27/04/2023;-20,256638;-54,7980485;35,000
MS;BR-419;142,000;143,000;1,000;27/04/2023;-20,256638;-54,7980485;53,750
MS;BR-419;143,000;144,000;1,000;27/04/2023;-20,256638;-54,7980485;35,000
MS;BR-419;144,000;145,000;1,000;27/04/2023;-20,256638;-54,7980485;35,000
MS;BR-419;145,000;146,000;1,000;27/04/2023;-20,256638;-54,7980485;37,500
MS;BR-419;146,000;147,000;1,000;27/04/2023;-20,256638;-54,7980485;22,500
MS;BR-419;147,000;148,000;1,000;27/04/2023;-20,256638;-54,7980485;22,500
MS;BR-419;148,000;149,000;1,000;27/04/2023;-20,256638;-54,7980485;22,500
MS;BR-419;149,000;150,000;1,000;27/04/2023;-20,256638;-54,7980485;22,500
MS;BR-419;150,000;151,000;1,000;27/04/2023;-20,256638;-54,7980485;22,500
MS;BR-419;151,000;152,000;1,000;27/04/2023;-20,256638;-54,7980485;22,500
MS;BR-419;152,000;153,000;1,000;27/04/2023;-20,256638;-54,7980485;22,500
MS;BR-419;153,000;154,000;1,000;27/04/2023;-20,256638;-54,7980485;22,500
MS;BR-419;154,000;155,000;1,000;27/04/2023;-20,256638;-54,7980485;22,500
MS;BR-419;155,000;156,000;1,000;27/04/2023;-20,256638;-54,7980485;22,500
MS;BR-419;156,000;157,000;1,000;27/04/2023;-20,256638;-54,7980485;7,500
MS;BR-419;157,000;158,000;1,000;27/04/2023;-20,256638;-54,7980485;22,500
MS;BR-419;158,000;159,000;1,000;27/04/2023;-20,256638;-54,7980485;22,500
MS;BR-419;159,000;160,000;1,000;27/04/2023;-20,256638;-54,7980485;22,500
MS;BR-419;160,000;161,000;1,000;27/04/2023;-20,256638;-54,7980485;22,500
MS;BR-419;161,000;162,000;1,000;27/04/2023;-20,256638;-54,7980485;22,500
MS;BR-419;162,000;163,000;1,000;27/04/2023;-20,256638;-54,7980485;22,500
MS;BR-419;163,000;164,000;1,000;27/04/2023;-20,256638;-54,7980485;22,500
MS;BR-419;164,000;165,000;1,000;27/04/2023;-20,256638;-54,7980485;22,500
MS;BR-419;165,000;166,000;1,000;27/04/2023;-20,256638;-54,7980485;22,500
MS;BR-419;166,000;167,000;1,000;27/04/2023;-20,256638;-54,7980485;35,000
MS;BR-419;167,000;168,000;1,000;27/04/2023;-20,256638;-54,7980485;22,500
MS;BR-419;168,000;169,000;1,000;27/04/2023;-20,256638;-54,7980485;22,500
MS;BR-419;169,000;170,000;1,000;27/04/2023;-20,256638;-54,7980485;22,500
MS;BR-419;170,000;171,000;1,000;27/04/2023;-20,256638;-54,7980485;22,500
MS;BR-419;171,000;172,000;1,000;27/04/2023;-20,256638;-54,7980485;22,500
MS;BR-419;172,000;173,000;1,000;27/04/2023;-20,256638;-54,7980485;22,500
MS;BR-419;173,000;174,000;1,000;27/04/2023;-20,256638;-54,7980485;30,000
MS;BR-419;174,000;175,000;1,000;27/04/2023;-20,256638;-54,7980485;36,250
MS;BR-419;175,000;176,000;1,000;27/04/2023;-20,256638;-54,7980485;22,500
MS;BR-419;176,000;177,000;1,000;27/04/2023;-20,256638;-54,7980485;42,500
MS;BR-419;177,000;178,000;1,000;27/04/2023;-20,256638;-54,7980485;22,500
MS;BR-419;178,000;179,000;1,000;27/04/2023;-20,256638;-54,7980485;22,500
MS;BR-419;179,000;180,000;1,000;27/04/2023;-20,256638;-54,7980485;22,500
MS;BR-419;180,000;181,000;1,000;27/04/2023;-20,256638;-54,7980485;22,500
MS;BR-419;181,000;182,000;1,000;27/04/2023;-20,256638;-54,7980485;53,750
MS;BR-419;182,000;183,000;1,000;27/04/2023;-20,256638;-54,7980485;22,500
MS;BR-419;183,000;184,000;1,000;27/04/2023;-20,256638;-54,7980485;22,500
MS;BR-419;184,000;185,000;1,000;27/04/2023;-20,256638;-54,7980485;22,500
MS;BR-419;185,000;186,000;1,000;27/04/2023;-20,256638;-54,7980485;22,500
MS;BR-419;186,000;187,000;1,000;27/04/2023;-20,256638;-54,7980485;22,500
MS;BR-419;187,000;188,000;1,000;27/04/2023;-20,256638;-54,7980485;22,500
MS;BR-419;188,000;189,000;1,000;27/04/2023;-20,256638;-54,7980485;30,000
MS;BR-419;189,000;190,000;1,000;27/04/2023;-20,256638;-54,7980485;23,750
MS;BR-419;190,000;191,000;1,000;27/04/2023;-20,256638;-54,7980485;22,500
MS;BR-419;191,000;192,000;1,000;27/04/2023;-20,256638;-54,7980485;30,000
MS;BR-419;192,000;193,000;1,000;27/04/2023;-20,256638;-54,7980485;22,500
MS;BR-419;193,000;194,000;1,000;27/04/2023;-20,256638;-54,7980485;23,750
MS;BR-419;194,000;195,000;1,000;27/04/2023;-20,256638;-54,7980485;23,750
MS;BR-419;195,000;196,000;1,000;27/04/2023;-20,256638;-54,7980485;22,500
MS;BR-419;196,000;197,000;1,000;27/04/2023;-20,256638;-54,7980485;22,500
MS;BR-419;197,000;198,000;1,000;27/04/2023;-20,256638;-54,7980485;50,000
MS;BR-419;198,000;199,000;1,000;27/04/2023;-20,256638;-54,7980485;25,000
MS;BR-419;199,000;200,000;1,000;27/04/2023;-20,256638;-54,7980485;22,500
MS;BR-419;200,000;201,000;1,000;27/04/2023;-20,256638;-54,7980485;22,500
MS;BR-419;201,000;202,000;1,000;27/04/2023;-20,256638;-54,7980485;22,500
MS;BR-419;202,000;203,000;1,000;27/04/2023;-20,256638;-54,7980485;22,500
MS;BR-419;203,000;204,000;1,000;27/04/2023;-20,256638;-54,7980485;22,500
MS;BR-419;204,000;205,000;1,000;27/04/2023;-20,256638;-54,7980485;22,500
MS;BR-419;205,000;206,000;1,000;27/04/2023;-20,256638;-54,7980485;22,500
MS;BR-419;206,000;207,000;1,000;27/04/2023;-20,256638;-54,7980485;22,500
MS;BR-419;207,000;208,000;1,000;27/04/2023;-20,256638;-54,7980485;22,500
MS;BR-419;208,000;209,000;1,000;27/04/2023;-20,256638;-54,7980485;22,500
MS;BR-419;209,000;210,000;1,000;27/04/2023;-20,256638;-54,7980485;22,500
MS;BR-419;210,000;211,000;1,000;27/04/2023;-20,256638;-54,7980485;25,000
MS;BR-419;211,000;212,000;1,000;27/04/2023;-20,256638;-54,7980485;22,500
MS;BR-419;212,000;213,000;1,000;27/04/2023;-20,256638;-54,7980485;22,500
AM;BR-230;400,600;399,000;1,600;04/05/2023;-7,92972068;-61,5673987;63,750
AM;BR-230;399,000;398,000;1,000;04/05/2023;-7,92972068;-61,5673987;61,250
AM;BR-230;398,000;397,000;1,000;04/05/2023;-7,92972068;-61,5673987;68,750
AM;BR-230;397,000;396,000;1,000;04/05/2023;-7,92972068;-61,5673987;66,250
AM;BR-230;396,000;395,000;1,000;04/05/2023;-7,92972068;-61,5673987;82,500
AM;BR-230;395,000;394,000;1,000;04/05/2023;-7,92972068;-61,5673987;80,000
AM;BR-230;394,000;393,000;1,000;04/05/2023;-7,92972068;-61,5673987;83,750
AM;BR-230;393,000;392,000;1,000;04/05/2023;-7,92972068;-61,5673987;83,750
AM;BR-230;392,000;391,000;1,000;04/05/2023;-7,92972068;-61,5673987;83,750
AM;BR-230;391,000;390,000;1,000;04/05/2023;-7,92972068;-61,5673987;68,750
AM;BR-230;390,000;389,000;1,000;04/05/2023;-7,92972068;-61,5673987;72,500
AM;BR-230;389,000;388,000;1,000;04/05/2023;-7,92972068;-61,5673987;77,500
AM;BR-230;388,000;387,000;1,000;04/05/2023;-7,92972068;-61,5673987;82,500
AM;BR-230;387,000;386,000;1,000;04/05/2023;-7,92972068;-61,5673987;82,500
AM;BR-230;386,000;385,000;1,000;04/05/2023;-7,92972068;-61,5673987;70,000
AM;BR-230;385,000;384,000;1,000;04/05/2023;-7,92972068;-61,5673987;78,750
AM;BR-230;384,000;383,000;1,000;04/05/2023;-7,92972068;-61,5673987;67,500
AM;BR-230;383,000;382,000;1,000;04/05/2023;-7,92972068;-61,5673987;66,250
AM;BR-230;382,000;381,000;1,000;04/05/2023;-7,92972068;-61,5673987;66,250
AM;BR-230;381,000;380,000;1,000;04/05/2023;-7,92972068;-61,5673987;76,250
AM;BR-230;380,000;379,000;1,000;04/05/2023;-7,92972068;-61,5673987;68,750
AM;BR-230;379,000;378,000;1,000;04/05/2023;-7,92972068;-61,5673987;63,750
AM;BR-230;378,000;377,000;1,000;04/05/2023;-7,92972068;-61,5673987;76,250
AM;BR-230;377,000;376,000;1,000;04/05/2023;-7,92972068;-61,5673987;76,250
AM;BR-230;376,000;375,000;1,000;04/05/2023;-7,92972068;-61,5673987;76,250
AM;BR-230;375,000;374,000;1,000;04/05/2023;-7,92972068;-61,5673987;72,500
AM;BR-230;374,000;373,000;1,000;04/05/2023;-7,92972068;-61,5673987;71,250
AM;BR-230;373,000;372,000;1,000;04/05/2023;-7,92972068;-61,5673987;56,250
AM;BR-230;372,000;371,000;1,000;04/05/2023;-7,92972068;-61,5673987;60,000
AM;BR-230;371,000;370,000;1,000;04/05/2023;-7,92972068;-61,5673987;67,500
AM;BR-230;370,000;369,000;1,000;04/05/2023;-7,92972068;-61,5673987;71,250
AM;BR-230;369,000;368,000;1,000;04/05/2023;-7,92972068;-61,5673987;67,500
AM;BR-230;368,000;367,000;1,000;04/05/2023;-7,92972068;-61,5673987;63,750
AM;BR-230;367,000;366,000;1,000;04/05/2023;-7,92972068;-61,5673987;82,500
AM;BR-230;366,000;365,000;1,000;04/05/2023;-7,92972068;-61,5673987;82,500
AM;BR-230;365,000;364,000;1,000;04/05/2023;-7,92972068;-61,5673987;82,500
AM;BR-230;364,000;363,000;1,000;04/05/2023;-7,92972068;-61,5673987;82,500
AM;BR-230;363,000;362,000;1,000;04/05/2023;-7,92972068;-61,5673987;63,750
AM;BR-230;362,000;361,000;1,000;04/05/2023;-7,92972068;-61,5673987;71,250
AM;BR-230;361,000;360,000;1,000;04/05/2023;-7,92972068;-61,5673987;46,250
AM;BR-230;360,000;359,000;1,000;04/05/2023;-7,92972068;-61,5673987;71,250
AM;BR-230;359,000;358,000;1,000;04/05/2023;-7,92972068;-61,5673987;75,000
AM;BR-230;358,000;357,000;1,000;04/05/2023;-7,92972068;-61,5673987;75,000
AM;BR-230;357,000;356,000;1,000;04/05/2023;-7,92972068;-61,5673987;76,250
AM;BR-230;356,000;355,000;1,000;04/05/2023;-7,92972068;-61,5673987;82,500
AM;BR-230;355,000;354,000;1,000;04/05/2023;-7,92972068;-61,5673987;75,000
AM;BR-230;354,000;353,000;1,000;04/05/2023;-7,92972068;-61,5673987;63,750
AM;BR-230;353,000;352,000;1,000;04/05/2023;-7,92972068;-61,5673987;71,250
AM;BR-230;352,000;351,000;1,000;04/05/2023;-7,92972068;-61,5673987;53,750
AM;BR-230;351,000;350,000;1,000;04/05/2023;-7,92972068;-61,5673987;57,500
AM;BR-230;350,000;349,000;1,000;04/05/2023;-7,92972068;-61,5673987;71,250
AM;BR-230;349,000;348,000;1,000;04/05/2023;-7,92972068;-61,5673987;63,750
AM;BR-230;348,000;347,000;1,000;04/05/2023;-7,92972068;-61,5673987;67,500
AM;BR-230;347,000;346,000;1,000;04/05/2023;-7,92972068;-61,5673987;72,500
AM;BR-230;346,000;345,000;1,000;04/05/2023;-7,92972068;-61,5673987;68,750
AM;BR-230;345,000;344,000;1,000;04/05/2023;-7,92972068;-61,5673987;72,500
AM;BR-230;344,000;343,000;1,000;04/05/2023;-7,92972068;-61,5673987;43,750
AM;BR-230;343,000;342,000;1,000;04/05/2023;-7,92972068;-61,5673987;51,250
AM;BR-230;342,000;341,000;1,000;04/05/2023;-7,92972068;-61,5673987;55,000
AM;BR-230;341,000;340,000;1,000;04/05/2023;-7,92972068;-61,5673987;53,750
AM;BR-230;340,000;339,000;1,000;04/05/2023;-7,92972068;-61,5673987;46,250
AM;BR-230;339,000;338,000;1,000;04/05/2023;-7,92972068;-61,5673987;43,750
AM;BR-230;338,000;337,000;1,000;04/05/2023;-7,92972068;-61,5673987;58,750
AM;BR-230;337,000;336,000;1,000;04/05/2023;-7,92972068;-61,5673987;28,750
AM;BR-230;336,000;335,000;1,000;04/05/2023;-7,92972068;-61,5673987;66,250
AM;BR-230;335,000;334,000;1,000;04/05/2023;-7,92972068;-61,5673987;62,500
AM;BR-230;334,000;333,000;1,000;04/05/2023;-7,92972068;-61,5673987;63,750
AM;BR-230;333,000;332,000;1,000;04/05/2023;-7,92972068;-61,5673987;62,500
AM;BR-230;332,000;331,000;1,000;04/05/2023;-7,92972068;-61,5673987;53,750
AM;BR-230;331,000;330,000;1,000;04/05/2023;-7,92972068;-61,5673987;43,750
AM;BR-230;330,000;329,000;1,000;04/05/2023;-7,92972068;-61,5673987;55,000
AM;BR-230;329,000;328,000;1,000;04/05/2023;-7,92972068;-61,5673987;43,750
AM;BR-230;328,000;327,000;1,000;04/05/2023;-7,92972068;-61,5673987;55,000
AM;BR-230;327,000;326,000;1,000;04/05/2023;-7,92972068;-61,5673987;56,250
AM;BR-230;326,000;325,000;1,000;04/05/2023;-7,92972068;-61,5673987;45,000
AM;BR-230;325,000;324,000;1,000;04/05/2023;-7,92972068;-61,5673987;45,000
AM;BR-230;324,000;323,000;1,000;04/05/2023;-7,92972068;-61,5673987;55,000
AM;BR-230;323,000;322,000;1,000;04/05/2023;-7,92972068;-61,5673987;55,000
AM;BR-230;322,000;321,000;1,000;04/05/2023;-7,92972068;-61,5673987;30,000
AM;BR-230;321,000;320,000;1,000;04/05/2023;-7,92972068;-61,5673987;30,000
AM;BR-230;320,000;319,000;1,000;04/05/2023;-7,92972068;-61,5673987;37,500
AM;BR-230;319,000;318,000;1,000;04/05/2023;-7,92972068;-61,5673987;67,500
AM;BR-230;318,000;317,000;1,000;04/05/2023;-7,92972068;-61,5673987;30,000
AM;BR-230;317,000;316,000;1,000;04/05/2023;-7,92972068;-61,5673987;42,500
AM;BR-230;316,000;315,000;1,000;04/05/2023;-7,92972068;-61,5673987;51,250
AM;BR-230;315,000;314,800;0,200;04/05/2023;-7,92972068;-61,5673987;60,000
AM;BR-230;314,400;313,000;1,400;04/05/2023;-7,92972068;-61,5673987;36,250
AM;BR-230;313,000;312,000;1,000;04/05/2023;-7,92972068;-61,5673987;28,750
AM;BR-230;312,000;311,000;1,000;04/05/2023;-7,92972068;-61,5673987;31,250
AM;BR-230;311,000;310,000;1,000;04/05/2023;-7,92972068;-61,5673987;51,250
AM;BR-230;310,000;309,000;1,000;04/05/2023;-7,92972068;-61,5673987;62,500
AM;BR-230;309,000;308,000;1,000;04/05/2023;-7,92972068;-61,5673987;56,250
AM;BR-230;308,000;307,000;1,000;04/05/2023;-7,92972068;-61,5673987;48,750
AM;BR-230;307,000;306,000;1,000;04/05/2023;-7,92972068;-61,5673987;71,250
AM;BR-230;306,000;305,000;1,000;04/05/2023;-7,92972068;-61,5673987;36,250
AM;BR-230;305,000;304,000;1,000;04/05/2023;-7,92972068;-61,5673987;68,750
AM;BR-230;304,000;303,000;1,000;04/05/2023;-7,92972068;-61,5673987;78,750
AM;BR-230;303,000;302,000;1,000;04/05/2023;-7,92972068;-61,5673987;58,750
AM;BR-230;302,000;301,000;1,000;04/05/2023;-7,92972068;-61,5673987;51,250
AM;BR-230;301,000;300,000;1,000;04/05/2023;-7,92972068;-61,5673987;66,250
AM;BR-230;300,000;299,000;1,000;04/05/2023;-7,92972068;-61,5673987;62,500
AM;BR-230;299,000;298,000;1,000;04/05/2023;-7,92972068;-61,5673987;75,000
AM;BR-230;298,000;297,000;1,000;04/05/2023;-7,92972068;-61,5673987;43,750
AM;BR-230;297,000;296,000;1,000;04/05/2023;-7,92972068;-61,5673987;71,250
AM;BR-230;296,000;295,000;1,000;04/05/2023;-7,92972068;-61,5673987;53,750
AM;BR-230;295,000;294,000;1,000;04/05/2023;-7,92972068;-61,5673987;68,750
AM;BR-230;294,000;293,000;1,000;04/05/2023;-7,92972068;-61,5673987;62,500
AM;BR-230;293,000;292,000;1,000;04/05/2023;-7,92972068;-61,5673987;53,750
AM;BR-230;292,000;291,000;1,000;04/05/2023;-7,92972068;-61,5673987;61,250
AM;BR-230;291,000;290,000;1,000;04/05/2023;-7,92972068;-61,5673987;28,750
AM;BR-230;290,000;289,000;1,000;04/05/2023;-7,92972068;-61,5673987;68,750
AM;BR-230;289,000;288,000;1,000;04/05/2023;-7,92972068;-61,5673987;83,750
AM;BR-230;288,000;287,000;1,000;04/05/2023;-7,92972068;-61,5673987;72,500
AM;BR-230;287,000;286,000;1,000;04/05/2023;-7,92972068;-61,5673987;76,250
AM;BR-230;286,000;285,000;1,000;04/05/2023;-7,92972068;-61,5673987;62,500
AM;BR-230;285,000;284,000;1,000;04/05/2023;-7,92972068;-61,5673987;47,500
AM;BR-230;284,000;283,000;1,000;04/05/2023;-7,92972068;-61,5673987;43,750
AM;BR-230;283,000;282,000;1,000;04/05/2023;-7,92972068;-61,5673987;28,750
AM;BR-230;282,000;281,000;1,000;04/05/2023;-7,92972068;-61,5673987;58,750
AM;BR-230;281,000;280,000;1,000;04/05/2023;-7,92972068;-61,5673987;66,250
AM;BR-230;280,000;279,000;1,000;04/05/2023;-7,92972068;-61,5673987;62,500
AM;BR-230;279,000;278,000;1,000;04/05/2023;-7,92972068;-61,5673987;66,250
AM;BR-230;278,000;277,000;1,000;04/05/2023;-7,92972068;-61,5673987;72,500
AM;BR-230;277,000;276,000;1,000;04/05/2023;-7,92972068;-61,5673987;55,000
AM;BR-230;276,000;275,000;1,000;04/05/2023;-7,92972068;-61,5673987;55,000
AM;BR-230;275,000;274,000;1,000;04/05/2023;-7,92972068;-61,5673987;36,250
AM;BR-230;274,000;273,000;1,000;04/05/2023;-7,92972068;-61,5673987;36,250
AM;BR-230;273,000;272,000;1,000;04/05/2023;-7,92972068;-61,5673987;36,250
AM;BR-230;272,000;271,000;1,000;04/05/2023;-7,92972068;-61,5673987;43,750
AM;BR-230;271,000;270,000;1,000;04/05/2023;-7,92972068;-61,5673987;33,750
AM;BR-230;270,000;269,000;1,000;04/05/2023;-7,92972068;-61,5673987;40,000
AM;BR-230;269,000;268,000;1,000;04/05/2023;-7,92972068;-61,5673987;38,750
AM;BR-230;268,000;267,000;1,000;04/05/2023;-7,92972068;-61,5673987;16,250
AM;BR-230;267,000;266,000;1,000;04/05/2023;-7,92972068;-61,5673987;61,250
AM;BR-230;266,000;265,000;1,000;04/05/2023;-7,92972068;-61,5673987;53,750
AM;BR-230;265,000;264,000;1,000;04/05/2023;-7,92972068;-61,5673987;32,500
AM;BR-230;264,000;263,000;1,000;04/05/2023;-7,92972068;-61,5673987;42,500
AM;BR-230;263,000;262,000;1,000;04/05/2023;-7,92972068;-61,5673987;27,500
AM;BR-230;262,000;261,000;1,000;04/05/2023;-7,92972068;-61,5673987;36,250
AM;BR-230;261,000;260,000;1,000;04/05/2023;-7,92972068;-61,5673987;28,750
AM;BR-230;260,000;259,000;1,000;04/05/2023;-7,92972068;-61,5673987;28,750
AM;BR-230;259,000;258,000;1,000;04/05/2023;-7,92972068;-61,5673987;45,000
AM;BR-230;258,000;257,000;1,000;04/05/2023;-7,92972068;-61,5673987;36,250
AM;BR-230;257,000;256,000;1,000;04/05/2023;-7,92972068;-61,5673987;68,750
AM;BR-230;256,000;255,000;1,000;04/05/2023;-7,92972068;-61,5673987;40,000
AM;BR-230;255,000;254,000;1,000;04/05/2023;-7,92972068;-61,5673987;46,250
AM;BR-230;254,000;253,000;1,000;04/05/2023;-7,92972068;-61,5673987;61,250
AM;BR-230;253,000;252,000;1,000;04/05/2023;-7,92972068;-61,5673987;28,750
AM;BR-230;252,000;251,000;1,000;04/05/2023;-7,92972068;-61,5673987;65,000
AM;BR-230;251,000;250,000;1,000;04/05/2023;-7,92972068;-61,5673987;38,750
AM;BR-230;250,000;249,000;1,000;04/05/2023;-7,92972068;-61,5673987;28,750
AM;BR-230;249,000;248,000;1,000;04/05/2023;-7,92972068;-61,5673987;33,750
AM;BR-230;248,000;247,000;1,000;04/05/2023;-7,92972068;-61,5673987;45,000
AM;BR-230;247,000;246,000;1,000;04/05/2023;-7,92972068;-61,5673987;36,250
AM;BR-230;246,000;245,000;1,000;04/05/2023;-7,92972068;-61,5673987;36,250
AM;BR-230;245,000;244,000;1,000;04/05/2023;-7,92972068;-61,5673987;28,750
AM;BR-230;244,000;243,000;1,000;04/05/2023;-7,92972068;-61,5673987;40,000
AM;BR-230;243,000;242,000;1,000;04/05/2023;-7,92972068;-61,5673987;28,750
AM;BR-230;242,000;241,000;1,000;04/05/2023;-7,92972068;-61,5673987;51,250
AM;BR-230;241,000;240,000;1,000;04/05/2023;-7,92972068;-61,5673987;60,000
AM;BR-230;240,000;239,000;1,000;04/05/2023;-7,92972068;-61,5673987;43,750
AM;BR-230;239,000;238,000;1,000;04/05/2023;-7,92972068;-61,5673987;28,750
AM;BR-230;238,000;237,000;1,000;04/05/2023;-7,92972068;-61,5673987;46,250
AM;BR-230;237,000;236,000;1,000;04/05/2023;-7,92972068;-61,5673987;41,250
AM;BR-230;236,000;235,000;1,000;04/05/2023;-7,92972068;-61,5673987;43,750
AM;BR-230;235,000;234,000;1,000;04/05/2023;-7,92972068;-61,5673987;60,000
AM;BR-230;234,000;233,000;1,000;04/05/2023;-7,92972068;-61,5673987;73,750
AM;BR-230;233,000;232,000;1,000;04/05/2023;-7,92972068;-61,5673987;58,750
AM;BR-230;232,000;231,000;1,000;04/05/2023;-7,92972068;-61,5673987;43,750
AM;BR-230;231,000;230,000;1,000;04/05/2023;-7,92972068;-61,5673987;55,000
AM;BR-230;230,000;229,000;1,000;04/05/2023;-7,92972068;-61,5673987;36,250
AM;BR-230;229,000;228,000;1,000;04/05/2023;-7,92972068;-61,5673987;51,250
AM;BR-230;228,000;227,000;1,000;04/05/2023;-7,92972068;-61,5673987;28,750
AM;BR-230;227,000;226,000;1,000;04/05/2023;-7,92972068;-61,5673987;76,250
AM;BR-230;226,000;225,000;1,000;04/05/2023;-7,92972068;-61,5673987;55,000
AM;BR-230;225,000;224,000;1,000;04/05/2023;-7,92972068;-61,5673987;72,500
AM;BR-230;224,000;223,000;1,000;04/05/2023;-7,92972068;-61,5673987;63,750
AM;BR-230;223,000;222,000;1,000;04/05/2023;-7,92972068;-61,5673987;83,750
AM;BR-230;222,000;221,000;1,000;04/05/2023;-7,92972068;-61,5673987;51,250
AM;BR-230;221,000;220,000;1,000;04/05/2023;-7,92972068;-61,5673987;68,750
AM;BR-230;220,000;219,000;1,000;04/05/2023;-7,92972068;-61,5673987;62,500
AM;BR-230;219,000;218,000;1,000;04/05/2023;-7,2058401;-59,893943;50,000
AM;BR-230;218,000;217,000;1,000;04/05/2023;-7,2058401;-59,893943;42,500
AM;BR-230;217,000;216,000;1,000;04/05/2023;-7,2058401;-59,893943;61,250
AM;BR-230;216,000;215,000;1,000;04/05/2023;-7,2058401;-59,893943;55,000
AM;BR-230;215,000;214,000;1,000;04/05/2023;-7,2058401;-59,893943;65,000
AM;BR-230;214,000;213,200;0,800;04/05/2023;-7,2000296;-59,8917771;75,000
AM;BR-174;195,000;196,000;1,000;28/04/2023;-7,5236051;-60,6696684;12,500
AM;BR-174;196,000;197,000;1,000;28/04/2023;-7,5236051;-60,6696684;2,500
AM;BR-174;197,000;198,000;1,000;28/04/2023;-7,5236051;-60,6696684;10,000
AM;BR-174;198,000;199,000;1,000;28/04/2023;-7,5236051;-60,6696684;2,500
AM;BR-174;199,000;200,000;1,000;28/04/2023;-7,5236051;-60,6696684;2,500
AM;BR-174;200,000;201,000;1,000;28/04/2023;-7,5236051;-60,6696684;12,500
AM;BR-174;201,000;202,000;1,000;28/04/2023;-7,5236051;-60,6696684;12,500
AM;BR-174;202,000;203,000;1,000;28/04/2023;-7,5236051;-60,6696684;2,500
AM;BR-174;203,000;204,000;1,000;28/04/2023;-7,5236051;-60,6696684;12,500
AM;BR-174;204,000;205,000;1,000;28/04/2023;-7,5236051;-60,6696684;10,000
AM;BR-174;205,000;206,000;1,000;28/04/2023;-7,5236051;-60,6696684;12,500
AM;BR-174;206,000;207,000;1,000;28/04/2023;-7,5236051;-60,6696684;10,000
AM;BR-174;207,000;208,000;1,000;28/04/2023;-7,5236051;-60,6696684;12,500
AM;BR-174;208,000;209,000;1,000;28/04/2023;-7,5236051;-60,6696684;37,500
AM;BR-174;209,000;210,000;1,000;28/04/2023;-7,5236051;-60,6696684;12,500
AM;BR-174;210,000;211,000;1,000;28/04/2023;-7,5236051;-60,6696684;12,500
AM;BR-174;211,000;212,000;1,000;28/04/2023;-7,5236051;-60,6696684;42,500
AM;BR-174;212,000;213,000;1,000;28/04/2023;-7,5236051;-60,6696684;12,500
AM;BR-174;213,000;214,000;1,000;28/04/2023;-7,5236051;-60,6696684;12,500
AM;BR-174;214,000;215,000;1,000;28/04/2023;-7,5236051;-60,6696684;10,000
AM;BR-174;215,000;216,000;1,000;28/04/2023;-7,5236051;-60,6696684;10,000
AM;BR-174;216,000;217,000;1,000;28/04/2023;-7,5236051;-60,6696684;12,500
AM;BR-174;217,000;218,000;1,000;28/04/2023;-7,5236051;-60,6696684;10,000
AM;BR-174;218,000;219,000;1,000;28/04/2023;-7,5236051;-60,6696684;10,000
AM;BR-174;219,000;220,000;1,000;28/04/2023;-7,5236051;-60,6696684;12,500
AM;BR-174;220,000;221,000;1,000;28/04/2023;-7,5236051;-60,6696684;12,500
AM;BR-174;221,000;222,000;1,000;28/04/2023;-7,5236051;-60,6696684;10,000
AM;BR-174;222,000;223,000;1,000;28/04/2023;-7,5236051;-60,6696684;12,500
AM;BR-174;223,000;224,000;1,000;28/04/2023;-7,5236051;-60,6696684;10,000
AM;BR-174;224,000;225,000;1,000;28/04/2023;-7,5236051;-60,6696684;12,500
AM;BR-174;225,000;226,000;1,000;28/04/2023;-7,5236051;-60,6696684;12,500
AM;BR-174;226,000;227,000;1,000;28/04/2023;-7,5236051;-60,6696684;12,500
AM;BR-230;206,000;205,000;1,000;05/05/2023;-7,1926136;-59,8838359;25,000
AM;BR-230;205,000;204,000;1,000;05/05/2023;-7,1926136;-59,8838359;11,250
AM;BR-230;204,000;203,000;1,000;05/05/2023;-7,1926136;-59,8838359;32,500
AM;BR-230;203,000;202,000;1,000;05/05/2023;-7,1926136;-59,8838359;11,250
AM;BR-230;202,000;201,000;1,000;05/05/2023;-7,1926136;-59,8838359;11,250
AM;BR-230;201,000;200,000;1,000;05/05/2023;-7,1926136;-59,8838359;3,750
AM;BR-230;200,000;199,000;1,000;05/05/2023;-7,1926136;-59,8838359;13,750
AM;BR-230;199,000;198,000;1,000;05/05/2023;-7,1926136;-59,8838359;11,250
AM;BR-230;198,000;197,000;1,000;05/05/2023;-7,1926136;-59,8838359;3,750
AM;BR-230;197,000;196,000;1,000;05/05/2023;-7,1926136;-59,8838359;3,750
AM;BR-230;196,000;195,000;1,000;05/05/2023;-7,1926136;-59,8838359;11,250
AM;BR-230;195,000;194,000;1,000;05/05/2023;-7,1926136;-59,8838359;3,750
AM;BR-230;194,000;193,000;1,000;05/05/2023;-7,1926136;-59,8838359;3,750
AM;BR-230;193,000;192,000;1,000;05/05/2023;-7,1926136;-59,8838359;8,750
AM;BR-230;192,000;191,000;1,000;05/05/2023;-7,1926136;-59,8838359;8,750
AM;BR-230;191,000;190,000;1,000;05/05/2023;-7,1926136;-59,8838359;21,250
AM;BR-230;190,000;189,000;1,000;05/05/2023;-7,1926136;-59,8838359;13,750
AM;BR-230;189,000;188,000;1,000;05/05/2023;-7,1926136;-59,8838359;13,750
AM;BR-230;188,000;187,000;1,000;05/05/2023;-7,1926136;-59,8838359;30,000
AM;BR-230;187,000;186,000;1,000;05/05/2023;-7,1926136;-59,8838359;11,250
AM;BR-230;186,000;185,000;1,000;05/05/2023;-7,1926136;-59,8838359;13,750
AM;BR-230;185,000;184,000;1,000;05/05/2023;-7,1926136;-59,8838359;13,750
AM;BR-230;184,000;183,000;1,000;05/05/2023;-7,1926136;-59,8838359;8,750
AM;BR-230;183,000;182,000;1,000;05/05/2023;-7,1926136;-59,8838359;8,750
AM;BR-230;182,000;181,000;1,000;05/05/2023;-7,1926136;-59,8838359;11,250
AM;BR-230;181,000;180,000;1,000;05/05/2023;-7,1926136;-59,8838359;13,750
AM;BR-230;180,000;179,000;1,000;05/05/2023;-7,1926136;-59,8838359;3,750
AM;BR-230;179,000;178,000;1,000;05/05/2023;-7,1926136;-59,8838359;8,750
AM;BR-230;178,000;177,000;1,000;05/05/2023;-7,1926136;-59,8838359;23,750
AM;BR-230;177,000;176,000;1,000;05/05/2023;-7,1926136;-59,8838359;8,750
AM;BR-230;176,000;175,000;1,000;05/05/2023;-7,1926136;-59,8838359;11,250
AM;BR-230;175,000;174,000;1,000;05/05/2023;-7,1926136;-59,8838359;13,750
AM;BR-230;174,000;173,000;1,000;05/05/2023;-7,1926136;-59,8838359;8,750
AM;BR-230;173,000;172,000;1,000;05/05/2023;-7,1926136;-59,8838359;11,250
AM;BR-230;172,000;171,000;1,000;05/05/2023;-7,1926136;-59,8838359;13,750
AM;BR-230;171,000;170,000;1,000;05/05/2023;-7,1926136;-59,8838359;11,250
AM;BR-230;170,000;169,000;1,000;05/05/2023;-7,1926136;-59,8838359;8,750
AM;BR-230;169,000;168,000;1,000;05/05/2023;-7,1926136;-59,8838359;13,750
AM;BR-230;168,000;167,000;1,000;05/05/2023;-7,1926136;-59,8838359;3,750
AM;BR-230;167,000;166,000;1,000;05/05/2023;-7,1926136;-59,8838359;3,750
AM;BR-230;166,000;165,000;1,000;05/05/2023;-7,1926136;-59,8838359;3,750
AM;BR-230;165,000;164,000;1,000;05/05/2023;-7,1926136;-59,8838359;3,750
AM;BR-230;164,000;163,000;1,000;05/05/2023;-7,1926136;-59,8838359;11,250
AM;BR-230;163,000;162,000;1,000;05/05/2023;-7,1926136;-59,8838359;13,750
AM;BR-230;162,000;161,000;1,000;05/05/2023;-7,1926136;-59,8838359;13,750
AM;BR-230;161,000;160,000;1,000;05/05/2023;-7,1926136;-59,8838359;32,500
AM;BR-230;160,000;159,000;1,000;05/05/2023;-7,1926136;-59,8838359;26,250
AM;BR-230;159,000;158,000;1,000;05/05/2023;-7,1926136;-59,8838359;21,250
AM;BR-230;158,000;157,000;1,000;05/05/2023;-7,1926136;-59,8838359;13,750
AM;BR-230;157,000;156,000;1,000;05/05/2023;-7,1926136;-59,8838359;13,750
AM;BR-230;156,000;155,000;1,000;05/05/2023;-7,1926136;-59,8838359;13,750
AM;BR-230;155,000;154,000;1,000;05/05/2023;-7,1926136;-59,8838359;13,750
AM;BR-230;154,000;153,000;1,000;05/05/2023;-7,1926136;-59,8838359;13,750
AM;BR-230;153,000;152,000;1,000;05/05/2023;-7,1926136;-59,8838359;32,500
AM;BR-230;152,000;151,000;1,000;05/05/2023;-7,1926136;-59,8838359;13,750
AM;BR-230;151,000;150,000;1,000;05/05/2023;-7,1926136;-59,8838359;13,750
AM;BR-230;150,000;149,000;1,000;05/05/2023;-7,1926136;-59,8838359;13,750
AM;BR-230;149,000;148,000;1,000;05/05/2023;-7,1926136;-59,8838359;13,750
AM;BR-230;148,000;147,000;1,000;05/05/2023;-7,1926136;-59,8838359;13,750
AM;BR-230;147,000;146,000;1,000;05/05/2023;-7,1926136;-59,8838359;32,500
AM;BR-230;146,000;145,000;1,000;05/05/2023;-7,1926136;-59,8838359;36,250
AM;BR-230;145,000;144,000;1,000;05/05/2023;-7,1926136;-59,8838359;38,750
AM;BR-230;144,000;143,000;1,000;05/05/2023;-7,1926136;-59,8838359;36,250
AM;BR-230;143,000;142,000;1,000;05/05/2023;-7,1926136;-59,8838359;32,500
AM;BR-230;142,000;141,000;1,000;05/05/2023;-7,1926136;-59,8838359;48,750
AM;BR-230;141,000;140,000;1,000;05/05/2023;-7,1926136;-59,8838359;38,750
AM;BR-230;140,000;139,000;1,000;05/05/2023;-7,1926136;-59,8838359;28,750
AM;BR-230;139,000;138,000;1,000;05/05/2023;-7,1926136;-59,8838359;38,750
AM;BR-230;138,000;137,000;1,000;05/05/2023;-7,1926136;-59,8838359;38,750
AM;BR-230;137,000;136,000;1,000;05/05/2023;-7,1926136;-59,8838359;36,250
AM;BR-230;136,000;135,000;1,000;05/05/2023;-7,1926136;-59,8838359;38,750
AM;BR-230;135,000;134,000;1,000;05/05/2023;-7,1926136;-59,8838359;38,750
AM;BR-230;134,000;133,000;1,000;05/05/2023;-7,1926136;-59,8838359;16,250
AM;BR-230;133,000;132,000;1,000;05/05/2023;-7,1926136;-59,8838359;16,250
AM;BR-230;132,000;131,000;1,000;05/05/2023;-7,1926136;-59,8838359;38,750
AM;BR-230;131,000;130,000;1,000;05/05/2023;-7,1926136;-59,8838359;46,250
AM;BR-230;130,000;129,000;1,000;05/05/2023;-7,1926136;-59,8838359;28,750
AM;BR-230;129,000;128,000;1,000;05/05/2023;-7,1926136;-59,8838359;33,750
AM;BR-230;128,000;127,000;1,000;05/05/2023;-7,1926136;-59,8838359;38,750
AM;BR-230;127,000;126,000;1,000;05/05/2023;-7,1926136;-59,8838359;33,750
AM;BR-230;126,000;125,000;1,000;05/05/2023;-7,1926136;-59,8838359;53,750
AM;BR-230;125,000;124,000;1,000;05/05/2023;-7,1926136;-59,8838359;50,000
AM;BR-230;124,000;123,000;1,000;05/05/2023;-7,1926136;-59,8838359;36,250
AM;BR-230;123,000;122,000;1,000;05/05/2023;-7,1926136;-59,8838359;65,000
AM;BR-230;122,000;121,000;1,000;05/05/2023;-7,1926136;-59,8838359;38,750
AM;BR-230;121,000;120,000;1,000;05/05/2023;-7,1926136;-59,8838359;38,750
AM;BR-230;120,000;119,000;1,000;05/05/2023;-7,1926136;-59,8838359;32,500
AM;BR-230;119,000;118,000;1,000;05/05/2023;-7,1926136;-59,8838359;38,750
AM;BR-230;118,000;117,000;1,000;05/05/2023;-7,1926136;-59,8838359;53,750
AM;BR-230;117,000;116,000;1,000;05/05/2023;-7,1926136;-59,8838359;28,750
AM;BR-230;116,000;115,000;1,000;05/05/2023;-7,1926136;-59,8838359;51,250
AM;BR-230;115,000;114,000;1,000;05/05/2023;-7,1926136;-59,8838359;48,750
AM;BR-230;114,000;113,000;1,000;05/05/2023;-7,1926136;-59,8838359;43,750
AM;BR-230;113,000;112,000;1,000;05/05/2023;-7,1926136;-59,8838359;55,000
AM;BR-230;112,000;111,000;1,000;05/05/2023;-7,1926136;-59,8838359;53,750
AM;BR-230;111,000;110,000;1,000;05/05/2023;-7,1926136;-59,8838359;53,750
AM;BR-230;110,000;109,000;1,000;05/05/2023;-7,1926136;-59,8838359;52,500
AM;BR-230;109,000;108,000;1,000;05/05/2023;-7,1926136;-59,8838359;67,500
AM;BR-230;108,000;107,000;1,000;05/05/2023;-7,1926136;-59,8838359;48,750
AM;BR-230;107,000;106,000;1,000;05/05/2023;-7,1926136;-59,8838359;37,500
AM;BR-230;106,000;105,000;1,000;05/05/2023;-7,2003467;-59,892245;53,750
AM;BR-230;105,000;104,000;1,000;05/05/2023;-7,2003467;-59,892245;38,750
AM;BR-230;104,000;103,000;1,000;05/05/2023;-7,2003467;-59,892245;17,500
AM;BR-230;103,000;102,000;1,000;05/05/2023;-7,2003467;-59,892245;25,000
AM;BR-230;102,000;101,000;1,000;05/05/2023;-7,2003467;-59,892245;38,750
AM;BR-230;101,000;100,000;1,000;05/05/2023;-7,2003467;-59,892245;67,500
AM;BR-230;100,000;99,000;1,000;05/05/2023;-7,2003467;-59,892245;62,500
AM;BR-230;99,000;98,000;1,000;05/05/2023;-7,2003467;-59,892245;28,750
AM;BR-230;98,000;97,000;1,000;05/05/2023;-7,2003467;-59,892245;53,750
AM;BR-230;97,000;96,000;1,000;05/05/2023;-7,2003467;-59,892245;53,750
AM;BR-230;96,000;95,000;1,000;05/05/2023;-7,2003467;-59,892245;50,000
AM;BR-230;95,000;94,000;1,000;05/05/2023;-7,2003467;-59,892245;35,000
AM;BR-230;94,000;93,000;1,000;05/05/2023;-7,2003467;-59,892245;40,000
AM;BR-230;93,000;92,000;1,000;05/05/2023;-7,2003467;-59,892245;28,750
AM;BR-230;92,000;91,000;1,000;05/05/2023;-7,2003467;-59,892245;28,750
AM;BR-230;91,000;90,000;1,000;05/05/2023;-7,1926136;-59,8838359;76,250
AM;BR-230;90,000;89,000;1,000;05/05/2023;-7,1926136;-59,8838359;43,750
AM;BR-230;89,000;88,000;1,000;05/05/2023;-7,1926136;-59,8838359;38,750
AM;BR-230;88,000;87,000;1,000;05/05/2023;-7,1926136;-59,8838359;61,250
AM;BR-230;87,000;86,000;1,000;05/05/2023;-7,1926136;-59,8838359;37,500
AM;BR-230;86,000;85,000;1,000;05/05/2023;-7,1926136;-59,8838359;76,250
AM;BR-230;85,000;84,000;1,000;05/05/2023;-7,1926136;-59,8838359;43,750
AM;BR-230;84,000;83,000;1,000;05/05/2023;-7,1926136;-59,8838359;68,750
AM;BR-230;83,000;82,000;1,000;05/05/2023;-7,1926136;-59,8838359;46,250
AM;BR-230;82,000;81,000;1,000;05/05/2023;-7,1926136;-59,8838359;50,000
AM;BR-230;81,000;80,000;1,000;05/05/2023;-7,1926136;-59,8838359;43,750
AM;BR-230;80,000;79,000;1,000;05/05/2023;-7,1926136;-59,8838359;41,250
AM;BR-230;79,000;78,000;1,000;05/05/2023;-7,1926136;-59,8838359;68,750
AM;BR-230;78,000;77,000;1,000;05/05/2023;-7,1926136;-59,8838359;43,750
AM;BR-230;77,000;76,000;1,000;05/05/2023;-7,1926136;-59,8838359;76,250
AM;BR-230;76,000;75,000;1,000;05/05/2023;-7,1926136;-59,8838359;61,250
AM;BR-230;75,000;74,000;1,000;05/05/2023;-7,1926136;-59,8838359;61,250
AM;BR-230;74,000;73,000;1,000;05/05/2023;-7,1926136;-59,8838359;56,250
AM;BR-230;73,000;72,000;1,000;05/05/2023;-7,1926136;-59,8838359;53,750
AM;BR-230;72,000;71,000;1,000;05/05/2023;-7,1926136;-59,8838359;61,250
AM;BR-230;71,000;70,000;1,000;05/05/2023;-7,1926136;-59,8838359;61,250
AM;BR-230;70,000;69,000;1,000;05/05/2023;-7,1926136;-59,8838359;68,750
AM;BR-230;69,000;68,000;1,000;05/05/2023;-7,1926136;-59,8838359;53,750
AM;BR-230;68,000;67,000;1,000;05/05/2023;-7,1926136;-59,8838359;28,750
AM;BR-230;67,000;66,000;1,000;05/05/2023;-7,1926136;-59,8838359;43,750
AM;BR-230;66,000;65,000;1,000;05/05/2023;-7,1926136;-59,8838359;65,000
AM;BR-230;65,000;64,000;1,000;05/05/2023;-7,1926136;-59,8838359;42,500
AM;BR-230;64,000;63,000;1,000;05/05/2023;-7,1926136;-59,8838359;30,000
AM;BR-230;63,000;62,000;1,000;05/05/2023;-7,1926136;-59,8838359;38,750
AM;BR-230;62,000;61,000;1,000;05/05/2023;-7,1926136;-59,8838359;26,250
AM;BR-230;61,000;60,000;1,000;05/05/2023;-7,1926136;-59,8838359;61,250
AM;BR-230;60,000;59,000;1,000;05/05/2023;-7,1926136;-59,8838359;75,000
AM;BR-230;59,000;58,000;1,000;05/05/2023;-7,1926136;-59,8838359;72,500
AM;BR-230;58,000;57,000;1,000;05/05/2023;-7,1926136;-59,8838359;23,750
AM;BR-230;57,000;56,000;1,000;05/05/2023;-7,1926136;-59,8838359;35,000
AM;BR-230;56,000;55,000;1,000;05/05/2023;-7,1926136;-59,8838359;58,750
AM;BR-230;55,000;54,000;1,000;05/05/2023;-7,1926136;-59,8838359;68,750
AM;BR-230;54,000;53,000;1,000;05/05/2023;-7,1926136;-59,8838359;65,000
AM;BR-230;53,000;52,000;1,000;05/05/2023;-7,1926136;-59,8838359;68,750
AM;BR-230;52,000;51,000;1,000;05/05/2023;-7,1926136;-59,8838359;61,250
AM;BR-230;51,000;50,000;1,000;05/05/2023;-7,1926136;-59,8838359;51,250
AM;BR-230;50,000;49,000;1,000;05/05/2023;-7,1926136;-59,8838359;53,750
AM;BR-230;49,000;48,000;1,000;05/05/2023;-7,1926136;-59,8838359;76,250
AM;BR-230;48,000;47,000;1,000;05/05/2023;-7,1926136;-59,8838359;62,500
AM;BR-230;47,000;46,000;1,000;05/05/2023;-7,1926136;-59,8838359;13,750
AM;BR-230;46,000;45,000;1,000;05/05/2023;-7,1926136;-59,8838359;22,500
AM;BR-230;45,000;44,000;1,000;05/05/2023;-7,1926136;-59,8838359;37,500
AM;BR-230;44,000;43,000;1,000;05/05/2023;-7,1926136;-59,8838359;32,500
AM;BR-230;43,000;42,000;1,000;05/05/2023;-7,1926136;-59,8838359;68,750
AM;BR-230;42,000;41,000;1,000;05/05/2023;-7,1926136;-59,8838359;50,000
AM;BR-230;41,000;40,000;1,000;05/05/2023;-7,1926136;-59,8838359;72,500
AM;BR-230;40,000;39,000;1,000;05/05/2023;-7,1926136;-59,8838359;15,000
AM;BR-230;39,000;38,000;1,000;05/05/2023;-7,1926136;-59,8838359;41,250
AM;BR-230;38,000;37,000;1,000;05/05/2023;-7,1926136;-59,8838359;40,000
AM;BR-230;37,000;36,000;1,000;05/05/2023;-7,1926136;-59,8838359;38,750
AM;BR-230;36,000;35,000;1,000;05/05/2023;-7,1926136;-59,8838359;28,750
AM;BR-230;35,000;34,000;1,000;05/05/2023;-7,1926136;-59,8838359;33,750
AM;BR-230;34,000;33,000;1,000;05/05/2023;-7,1926136;-59,8838359;35,000
AM;BR-230;33,000;32,000;1,000;05/05/2023;-7,1926136;-59,8838359;61,250
AM;BR-230;32,000;31,000;1,000;05/05/2023;-7,1926136;-59,8838359;53,750
AM;BR-230;31,000;30,000;1,000;05/05/2023;-7,1926136;-59,8838359;28,750
AM;BR-230;30,000;29,000;1,000;05/05/2023;-7,1926136;-59,8838359;48,750
AM;BR-230;29,000;28,000;1,000;05/05/2023;-7,1926136;-59,8838359;65,000
AM;BR-230;28,000;27,000;1,000;05/05/2023;-7,1926136;-59,8838359;32,500
AM;BR-230;27,000;26,000;1,000;05/05/2023;-7,1926136;-59,8838359;26,250
AM;BR-230;26,000;25,000;1,000;05/05/2023;-7,1926136;-59,8838359;65,000
AM;BR-230;25,000;24,000;1,000;05/05/2023;-7,1926136;-59,8838359;66,250
AM;BR-230;24,000;23,000;1,000;05/05/2023;-7,1926136;-59,8838359;68,750
AM;BR-230;23,000;22,000;1,000;05/05/2023;-7,1926136;-59,8838359;22,500
AM;BR-230;22,000;21,000;1,000;05/05/2023;-7,1926136;-59,8838359;50,000
AM;BR-230;21,000;20,000;1,000;05/05/2023;-7,1926136;-59,8838359;47,500
AM;BR-230;20,000;19,000;1,000;05/05/2023;-7,1926136;-59,8838359;53,750
AM;BR-230;19,000;18,000;1,000;05/05/2023;-7,1926136;-59,8838359;83,750
AM;BR-230;18,000;17,000;1,000;05/05/2023;-7,1926136;-59,8838359;37,500
AM;BR-230;17,000;16,000;1,000;05/05/2023;-7,1926136;-59,8838359;33,750
AM;BR-230;16,000;15,000;1,000;05/05/2023;-7,1926136;-59,8838359;50,000
AM;BR-230;15,000;14,000;1,000;05/05/2023;-7,1926136;-59,8838359;63,750
AM;BR-230;14,000;13,000;1,000;05/05/2023;-7,1926136;-59,8838359;13,750
AM;BR-230;13,000;12,000;1,000;05/05/2023;-7,1926136;-59,8838359;53,750
AM;BR-230;12,000;11,000;1,000;05/05/2023;-7,1926136;-59,8838359;3,750
AM;BR-230;11,000;10,000;1,000;05/05/2023;-7,1926136;-59,8838359;26,250
AM;BR-230;10,000;9,000;1,000;05/05/2023;-7,1926136;-59,8838359;18,750
AM;BR-230;9,000;8,000;1,000;05/05/2023;-7,1926136;-59,8838359;13,750
AM;BR-230;8,000;7,000;1,000;05/05/2023;-7,1926136;-59,8838359;28,750
AM;BR-230;7,000;6,000;1,000;05/05/2023;-7,1926136;-59,8838359;40,000
AM;BR-230;6,000;5,000;1,000;05/05/2023;-7,1926136;-59,8838359;55,000
AM;BR-230;5,000;4,000;1,000;05/05/2023;-7,1926136;-59,8838359;40,000
AM;BR-230;4,000;3,000;1,000;05/05/2023;-7,1926136;-59,8838359;40,000
AM;BR-230;3,000;2,000;1,000;05/05/2023;-7,1926136;-59,8838359;40,000
AM;BR-230;2,000;1,000;1,000;05/05/2023;-7,1926136;-59,8838359;38,750
AM;BR-230;1,000;0,000;1,000;05/05/2023;-7,1926136;-59,8838359;28,750