;;;;;;;;
;;;;;;;;
;;;;;;;;
;;;;;;;;
UF;Rodovia;km inicial;km final;Extensão (km);Data;Latitude;Longitude;ICMNP
;;;;;;;;
;;;;;;;;
AM;BR-319;198,200;199,000;0,800;01/08/2023;-4,33130286;-60,9050487;88,750
AM;BR-319;199,000;200,000;1,000;01/08/2023;-4,33130286;-60,9050487;81,250
AM;BR-319;200,000;201,000;1,000;01/08/2023;-4,33130286;-60,9050487;77,500
AM;BR-319;201,000;202,000;1,000;01/08/2023;-4,33130286;-60,9050487;77,500
AM;BR-319;202,000;203,000;1,000;01/08/2023;-4,33130286;-60,9050487;77,500
AM;BR-319;203,000;204,000;1,000;01/08/2023;-4,33130286;-60,9050487;85,000
AM;BR-319;204,000;205,000;1,000;01/08/2023;-4,3560191;-60,9319223;87,500
AM;BR-319;205,000;206,000;1,000;01/08/2023;-4,3560191;-60,9319223;71,250
AM;BR-319;206,000;207,000;1,000;01/08/2023;-4,3560191;-60,9319223;85,000
AM;BR-319;207,000;208,000;1,000;01/08/2023;-4,3560191;-60,9319223;85,000
AM;BR-319;208,000;209,000;1,000;01/08/2023;-4,3560191;-60,9319223;67,500
AM;BR-319;209,000;210,000;1,000;01/08/2023;-4,3729979;-60,9533754;71,250
AM;BR-319;210,000;211,000;1,000;01/08/2023;-3,8274643;-60,3654773;71,250
AM;BR-319;211,000;212,000;1,000;01/08/2023;-3,8274643;-60,3654773;88,750
AM;BR-319;212,000;213,000;1,000;01/08/2023;-3,8274643;-60,3654773;91,250
AM;BR-319;213,000;214,000;1,000;01/08/2023;-3,8274643;-60,3654773;85,000
AM;BR-319;214,000;215,000;1,000;01/08/2023;-3,8274643;-60,3654773;88,750
AM;BR-319;215,000;216,000;1,000;01/08/2023;-3,8274643;-60,3654773;91,250
AM;BR-319;216,000;217,000;1,000;01/08/2023;-4,4330467;-61,0224975;91,250
AM;BR-319;217,000;218,000;1,000;01/08/2023;-4,4330467;-61,0224975;88,750
AM;BR-319;218,000;219,000;1,000;01/08/2023;-4,4330467;-61,0224975;88,750
AM;BR-319;219,000;220,000;1,000;01/08/2023;-4,4330467;-61,0224975;88,750
AM;BR-319;220,000;221,000;1,000;01/08/2023;-4,4330467;-61,0224975;88,750
AM;BR-319;221,000;222,000;1,000;01/08/2023;-4,4330467;-61,0224975;75,000
AM;BR-319;222,000;223,000;1,000;01/08/2023;-4,4330467;-61,0224975;88,750
AM;BR-319;223,000;224,000;1,000;01/08/2023;-3,8274643;-60,3654773;91,250
AM;BR-319;224,000;225,000;1,000;01/08/2023;-3,8274643;-60,3654773;91,250
AM;BR-319;225,000;226,000;1,000;01/08/2023;-3,8274643;-60,3654773;91,250
AM;BR-319;226,000;227,000;1,000;01/08/2023;-3,8274643;-60,3654773;85,000
AM;BR-319;227,000;228,000;1,000;01/08/2023;-3,8274643;-60,3654773;85,000
AM;BR-319;228,000;229,000;1,000;01/08/2023;-3,8274643;-60,3654773;88,750
AM;BR-319;229,000;230,000;1,000;01/08/2023;-3,8274643;-60,3654773;91,250
AM;BR-319;230,000;231,000;1,000;01/08/2023;-3,8274643;-60,3654773;91,250
AM;BR-319;231,000;232,000;1,000;01/08/2023;-3,8274643;-60,3654773;91,250
AM;BR-319;232,000;233,000;1,000;01/08/2023;-3,8274643;-60,3654773;88,750
AM;BR-319;233,000;234,000;1,000;01/08/2023;-3,8274643;-60,3654773;87,500
AM;BR-319;234,000;235,000;1,000;01/08/2023;-3,8274643;-60,3654773;85,000
AM;BR-319;235,000;236,000;1,000;01/08/2023;-3,8274643;-60,3654773;88,750
AM;BR-319;236,000;237,000;1,000;01/08/2023;-3,8274643;-60,3654773;75,000
AM;BR-319;237,000;238,000;1,000;01/08/2023;-3,8274643;-60,3654773;75,000
AM;BR-319;238,000;239,000;1,000;01/08/2023;-3,8274643;-60,3654773;91,250
AM;BR-319;239,000;240,000;1,000;01/08/2023;-4,5683517;-61,1915774;91,250
AM;BR-319;240,000;241,000;1,000;01/08/2023;-3,8274643;-60,3654773;88,750
AM;BR-319;241,000;242,000;1,000;01/08/2023;-3,8274643;-60,3654773;91,250
AM;BR-319;242,000;243,000;1,000;01/08/2023;-3,8274643;-60,3654773;83,750
AM;BR-319;243,000;244,000;1,000;01/08/2023;-3,8274643;-60,3654773;91,250
AM;BR-319;244,000;245,000;1,000;01/08/2023;-3,8274643;-60,3654773;75,000
AM;BR-319;245,000;246,000;1,000;01/08/2023;-3,8274643;-60,3654773;71,250
AM;BR-319;246,000;247,000;1,000;01/08/2023;-3,8274643;-60,3654773;71,250
AM;BR-319;247,000;248,000;1,000;01/08/2023;-3,8274643;-60,3654773;88,750
AM;BR-319;248,000;249,000;1,000;01/08/2023;-3,8274643;-60,3654773;88,750
AM;BR-319;249,000;250,000;1,000;01/08/2023;-3,8274643;-60,3654773;85,000
AM;BR-319;250,000;251,000;1,000;01/08/2023;-3,8274643;-60,3654773;85,000
AM;BR-319;251,000;252,000;1,000;01/08/2023;-4,6323;-61,2511386;85,000
AM;BR-319;252,000;253,000;1,000;01/08/2023;-4,6323;-61,2511386;88,750
AM;BR-319;253,000;254,000;1,000;01/08/2023;-4,6516345;-61,2633512;85,000
AM;BR-319;254,000;255,000;1,000;01/08/2023;-4,6516345;-61,2633512;77,500
AM;BR-319;255,000;256,000;1,000;01/08/2023;-3,8274643;-60,3654773;88,750
AM;BR-319;256,000;257,000;1,000;01/08/2023;-3,8274643;-60,3654773;91,250
AM;BR-319;257,000;258,000;1,000;01/08/2023;-3,8274643;-60,3654773;91,250
AM;BR-319;258,000;259,000;1,000;01/08/2023;-3,8274643;-60,3654773;91,250
AM;BR-319;259,000;260,000;1,000;01/08/2023;-3,8274643;-60,3654773;75,000
AM;BR-319;261,100;262,000;0,900;02/08/2023;-4,7301598;-61,3006881;91,250
AM;BR-319;262,000;263,000;1,000;02/08/2023;-4,7301561;-61,3006827;53,750
AM;BR-319;263,000;264,000;1,000;02/08/2023;-4,73648722;-61,3029309;53,750
AM;BR-319;264,000;265,000;1,000;02/08/2023;-4,73648722;-61,3029309;52,500
AM;BR-319;265,000;266,000;1,000;02/08/2023;-4,73648722;-61,3029309;53,750
AM;BR-319;266,000;267,000;1,000;02/08/2023;-4,73648722;-61,3029309;53,750
AM;BR-319;267,000;268,000;1,000;02/08/2023;-4,73648722;-61,3029309;53,750
AM;BR-319;268,000;269,000;1,000;02/08/2023;-4,73648722;-61,3029309;53,750
AM;BR-319;269,000;270,000;1,000;02/08/2023;-4,73648722;-61,3029309;53,750
AM;BR-319;270,000;271,000;1,000;02/08/2023;-4,73648722;-61,3029309;53,750
AM;BR-319;271,000;272,000;1,000;02/08/2023;-4,73648722;-61,3029309;52,500
AM;BR-319;272,000;273,000;1,000;02/08/2023;-4,73648722;-61,3029309;52,500
AM;BR-319;273,000;274,000;1,000;02/08/2023;-4,73648722;-61,3029309;52,500
AM;BR-319;274,000;275,000;1,000;02/08/2023;-4,73648722;-61,3029309;53,750
AM;BR-319;275,000;276,000;1,000;02/08/2023;-4,73648722;-61,3029309;52,500
AM;BR-319;276,000;277,000;1,000;02/08/2023;-4,73648722;-61,3029309;61,250
AM;BR-319;277,000;278,000;1,000;02/08/2023;-4,73648722;-61,3029309;53,750
AM;BR-319;278,000;279,000;1,000;02/08/2023;-4,73648722;-61,3029309;53,750
AM;BR-319;279,000;280,000;1,000;02/08/2023;-4,73648722;-61,3029309;53,750
AM;BR-319;280,000;281,000;1,000;02/08/2023;-4,73648722;-61,3029309;61,250
AM;BR-319;281,000;282,000;1,000;02/08/2023;-4,73648722;-61,3029309;53,750
AM;BR-319;282,000;283,000;1,000;02/08/2023;-4,73648722;-61,3029309;60,000
AM;BR-319;283,000;284,000;1,000;02/08/2023;-4,73648722;-61,3029309;53,750
AM;BR-319;284,000;285,000;1,000;02/08/2023;-4,73648722;-61,3029309;70,000
AM;BR-319;285,000;286,000;1,000;02/08/2023;-4,73648722;-61,3029309;67,500
AM;BR-319;286,000;287,000;1,000;02/08/2023;-4,73648722;-61,3029309;56,250
AM;BR-319;287,000;288,000;1,000;02/08/2023;-4,73648722;-61,3029309;53,750
AM;BR-319;288,000;289,000;1,000;02/08/2023;-4,89317634;-61,4454829;56,250
AM;BR-319;289,000;290,000;1,000;02/08/2023;-4,90536906;-61,4687944;72,500
AM;BR-319;290,000;291,000;1,000;02/08/2023;-4,90536906;-61,4687944;80,000
AM;BR-319;291,000;292,000;1,000;02/08/2023;-4,90536906;-61,4687944;83,750
AM;BR-319;292,000;293,000;1,000;02/08/2023;-4,90536906;-61,4687944;90,000
AM;BR-319;293,000;294,000;1,000;02/08/2023;-4,90536906;-61,4687944;90,000
AM;BR-319;294,000;295,000;1,000;02/08/2023;-4,90536906;-61,4687944;90,000
AM;BR-319;295,000;296,000;1,000;02/08/2023;-4,90536906;-61,4687944;86,250
AM;BR-319;296,000;297,000;1,000;02/08/2023;-4,90536906;-61,4687944;90,000
AM;BR-319;297,000;298,000;1,000;02/08/2023;-4,90536906;-61,4687944;91,250
AM;BR-319;298,000;299,000;1,000;02/08/2023;-3,8274643;-60,3654773;90,000
AM;BR-319;299,000;300,000;1,000;02/08/2023;-3,8274643;-60,3654773;90,000
AM;BR-319;300,000;301,000;1,000;02/08/2023;-3,8274643;-60,3654773;91,250
AM;BR-319;301,000;302,000;1,000;02/08/2023;-3,8274643;-60,3654773;90,000
AM;BR-319;302,000;303,000;1,000;02/08/2023;-3,8274643;-60,3654773;88,750
AM;BR-319;303,000;304,000;1,000;02/08/2023;-3,8274643;-60,3654773;91,250
AM;BR-319;304,000;305,000;1,000;02/08/2023;-3,8274643;-60,3654773;91,250
AM;BR-319;305,000;306,000;1,000;02/08/2023;-3,8274643;-60,3654773;91,250
AM;BR-319;306,000;307,000;1,000;02/08/2023;-3,8274643;-60,3654773;91,250
AM;BR-319;307,000;308,000;1,000;02/08/2023;-3,8274643;-60,3654773;91,250
AM;BR-319;308,000;309,000;1,000;02/08/2023;-3,8274643;-60,3654773;91,250
AM;BR-319;309,000;310,000;1,000;02/08/2023;-3,8274643;-60,3654773;91,250
AM;BR-319;310,000;311,000;1,000;02/08/2023;-3,8274643;-60,3654773;91,250
AM;BR-319;311,000;312,000;1,000;02/08/2023;-3,8274643;-60,3654773;87,500
AM;BR-319;312,000;313,000;1,000;02/08/2023;-3,8274643;-60,3654773;91,250
AM;BR-319;313,000;314,000;1,000;02/08/2023;-3,8274643;-60,3654773;91,250
AM;BR-319;314,000;315,000;1,000;02/08/2023;-3,8274643;-60,3654773;91,250
AM;BR-319;315,000;316,000;1,000;02/08/2023;-3,8274643;-60,3654773;91,250
AM;BR-319;316,000;317,000;1,000;02/08/2023;-3,8274643;-60,3654773;88,750
AM;BR-319;317,000;318,000;1,000;02/08/2023;-3,8274643;-60,3654773;91,250
AM;BR-319;318,000;319,000;1,000;02/08/2023;-3,8274643;-60,3654773;87,500
AM;BR-319;319,000;320,000;1,000;02/08/2023;-3,8274643;-60,3654773;81,250
AM;BR-319;320,000;321,000;1,000;02/08/2023;-3,8274643;-60,3654773;81,250
AM;BR-319;321,000;322,000;1,000;02/08/2023;-3,8274643;-60,3654773;82,500
AM;BR-319;322,000;323,000;1,000;02/08/2023;-3,8274643;-60,3654773;83,750
AM;BR-319;323,000;324,000;1,000;02/08/2023;-3,8274643;-60,3654773;71,250
AM;BR-319;324,000;325,000;1,000;02/08/2023;-3,8274643;-60,3654773;85,000
AM;BR-319;325,000;326,000;1,000;02/08/2023;-3,8274643;-60,3654773;91,250
AM;BR-319;326,000;327,000;1,000;02/08/2023;-3,8274643;-60,3654773;88,750
AM;BR-319;327,000;328,000;1,000;02/08/2023;-3,8274643;-60,3654773;65,000
AM;BR-319;328,000;329,000;1,000;02/08/2023;-3,8274643;-60,3654773;88,750
AM;BR-319;329,000;330,000;1,000;02/08/2023;-3,8274643;-60,3654773;88,750
AM;BR-319;330,000;331,000;1,000;02/08/2023;-3,8274643;-60,3654773;88,750
AM;BR-319;331,000;332,000;1,000;02/08/2023;-3,8274643;-60,3654773;88,750
AM;BR-319;332,000;333,000;1,000;02/08/2023;-3,8274643;-60,3654773;88,750
AM;BR-319;333,000;334,000;1,000;02/08/2023;-3,8274643;-60,3654773;88,750
AM;BR-319;334,000;335,000;1,000;02/08/2023;-3,8274643;-60,3654773;88,750
AM;BR-319;335,000;336,000;1,000;02/08/2023;-3,8274643;-60,3654773;88,750
AM;BR-319;336,000;337,000;1,000;02/08/2023;-3,8274643;-60,3654773;88,750
AM;BR-319;337,000;338,000;1,000;02/08/2023;-3,8274643;-60,3654773;88,750
AM;BR-319;338,000;339,000;1,000;02/08/2023;-3,8274643;-60,3654773;88,750
AM;BR-319;339,000;340,000;1,000;02/08/2023;-3,8274643;-60,3654773;88,750
AM;BR-319;340,000;341,000;1,000;02/08/2023;-3,8274643;-60,3654773;88,750
AM;BR-319;341,000;342,000;1,000;02/08/2023;-3,8274643;-60,3654773;88,750
AM;BR-319;342,000;343,000;1,000;02/08/2023;-3,8274643;-60,3654773;88,750
AM;BR-319;343,000;344,000;1,000;02/08/2023;-3,8274643;-60,3654773;88,750
AM;BR-319;344,000;345,000;1,000;02/08/2023;-3,8274643;-60,3654773;88,750
AM;BR-319;345,000;346,000;1,000;02/08/2023;-3,8274643;-60,3654773;88,750
AM;BR-319;346,200;347,000;0,800;02/08/2023;-3,8274643;-60,3654773;65,000
AM;BR-319;347,000;348,000;1,000;02/08/2023;-3,8274643;-60,3654773;65,000
AM;BR-319;348,000;349,000;1,000;02/08/2023;-3,8274643;-60,3654773;65,000
AM;BR-319;349,000;350,000;1,000;02/08/2023;-3,8274643;-60,3654773;68,750
AM;BR-319;350,000;351,000;1,000;02/08/2023;-3,8274643;-60,3654773;65,000
AM;BR-319;351,000;352,000;1,000;02/08/2023;-3,8274643;-60,3654773;65,000
AM;BR-319;352,000;353,000;1,000;02/08/2023;-3,8274643;-60,3654773;65,000
AM;BR-319;353,000;354,000;1,000;02/08/2023;-3,8274643;-60,3654773;65,000
AM;BR-319;354,000;355,000;1,000;02/08/2023;-3,8274643;-60,3654773;65,000
AM;BR-319;355,000;356,000;1,000;02/08/2023;-3,8274643;-60,3654773;65,000
AM;BR-319;356,000;357,000;1,000;02/08/2023;-3,8274643;-60,3654773;65,000
AM;BR-319;357,000;358,000;1,000;02/08/2023;-3,8274643;-60,3654773;65,000
AM;BR-319;358,000;359,000;1,000;02/08/2023;-3,8274643;-60,3654773;65,000
AM;BR-319;359,000;360,000;1,000;02/08/2023;-3,8274643;-60,3654773;65,000
AM;BR-319;360,000;361,000;1,000;02/08/2023;-3,8274643;-60,3654773;65,000
AM;BR-319;361,000;362,000;1,000;02/08/2023;-3,8274643;-60,3654773;90,000
AM;BR-319;362,000;363,000;1,000;02/08/2023;-3,8274643;-60,3654773;72,500
AM;BR-319;363,000;364,000;1,000;02/08/2023;-3,8274643;-60,3654773;88,750
AM;BR-319;364,000;365,000;1,000;02/08/2023;-3,8274643;-60,3654773;88,750
AM;BR-319;365,000;366,000;1,000;02/08/2023;-3,8274643;-60,3654773;71,250
AM;BR-319;366,000;367,000;1,000;02/08/2023;-3,8274643;-60,3654773;78,750
AM;BR-319;367,000;368,000;1,000;02/08/2023;-3,8274643;-60,3654773;90,000
AM;BR-319;368,000;369,000;1,000;02/08/2023;-3,8274643;-60,3654773;88,750
AM;BR-319;369,000;370,000;1,000;02/08/2023;-3,8274643;-60,3654773;88,750
AM;BR-319;370,000;371,000;1,000;02/08/2023;-3,8274643;-60,3654773;88,750
AM;BR-319;371,000;372,000;1,000;02/08/2023;-3,8274643;-60,3654773;88,750
AM;BR-319;372,000;373,000;1,000;02/08/2023;-3,8274643;-60,3654773;88,750
AM;BR-319;373,000;374,000;1,000;02/08/2023;-3,8274643;-60,3654773;88,750
AM;BR-319;374,000;375,000;1,000;02/08/2023;-3,8274643;-60,3654773;88,750
AM;BR-319;375,000;376,000;1,000;02/08/2023;-3,8274643;-60,3654773;88,750
AM;BR-319;376,000;377,000;1,000;02/08/2023;-3,8274643;-60,3654773;88,750
AM;BR-319;377,000;378,000;1,000;02/08/2023;-3,8274643;-60,3654773;91,250
AM;BR-319;378,000;379,000;1,000;02/08/2023;-3,8274643;-60,3654773;88,750
AM;BR-319;379,000;380,000;1,000;02/08/2023;-3,8274643;-60,3654773;88,750
AM;BR-319;380,000;381,000;1,000;02/08/2023;-3,8274643;-60,3654773;88,750
AM;BR-319;381,000;382,000;1,000;02/08/2023;-3,8274643;-60,3654773;88,750
AM;BR-319;382,000;383,000;1,000;02/08/2023;-3,8274643;-60,3654773;88,750
AM;BR-319;383,000;384,000;1,000;02/08/2023;-3,8274643;-60,3654773;88,750
AM;BR-319;384,000;385,000;1,000;02/08/2023;-3,8274643;-60,3654773;90,000
AM;BR-319;385,000;386,000;1,000;02/08/2023;-3,8274643;-60,3654773;91,250
AM;BR-319;386,000;387,000;1,000;02/08/2023;-3,8274643;-60,3654773;91,250
AM;BR-319;387,000;388,000;1,000;02/08/2023;-3,8274643;-60,3654773;90,000
AM;BR-319;388,000;389,000;1,000;02/08/2023;-3,8274643;-60,3654773;91,250
AM;BR-319;389,000;390,000;1,000;02/08/2023;-3,8274643;-60,3654773;53,750
AM;BR-319;390,000;391,000;1,000;02/08/2023;-3,8274643;-60,3654773;65,000
AM;BR-319;391,000;392,000;1,000;02/08/2023;-3,8274643;-60,3654773;53,750
AM;BR-319;392,000;393,000;1,000;02/08/2023;-3,8274643;-60,3654773;53,750
AM;BR-319;393,000;394,000;1,000;02/08/2023;-3,8274643;-60,3654773;53,750
AM;BR-319;394,000;395,000;1,000;02/08/2023;-3,8274643;-60,3654773;53,750
AM;BR-319;395,000;396,000;1,000;02/08/2023;-3,8274643;-60,3654773;53,750
AM;BR-319;396,000;397,000;1,000;02/08/2023;-3,8274643;-60,3654773;71,250
AM;BR-319;397,000;398,000;1,000;02/08/2023;-3,8274643;-60,3654773;53,750
AM;BR-319;398,000;399,000;1,000;02/08/2023;-3,8274643;-60,3654773;53,750
AM;BR-319;399,000;400,000;1,000;02/08/2023;-3,8274643;-60,3654773;66,250
AM;BR-319;400,000;401,000;1,000;02/08/2023;-3,8274643;-60,3654773;72,500
AM;BR-319;401,000;402,000;1,000;02/08/2023;-3,8274643;-60,3654773;57,500
AM;BR-319;402,000;403,000;1,000;02/08/2023;-5,6121282;-62,1993585;73,750
AM;BR-319;403,000;404,000;1,000;02/08/2023;-3,8274643;-60,3654773;77,500
AM;BR-319;404,000;405,000;1,000;02/08/2023;-3,8274643;-60,3654773;73,750
AM;BR-319;405,000;406,000;1,000;02/08/2023;-3,8274643;-60,3654773;73,750
AM;BR-319;406,000;407,000;1,000;02/08/2023;-3,8274643;-60,3654773;72,500
AM;BR-319;407,000;408,000;1,000;02/08/2023;-3,8274643;-60,3654773;70,000
AM;BR-319;408,000;409,000;1,000;02/08/2023;-3,8274643;-60,3654773;67,500
AM;BR-319;409,000;410,000;1,000;02/08/2023;-3,8274643;-60,3654773;67,500
AM;BR-319;410,000;411,000;1,000;02/08/2023;-3,8274643;-60,3654773;72,500
AM;BR-319;411,000;412,000;1,000;02/08/2023;-3,8274643;-60,3654773;55,000
AM;BR-319;412,000;413,000;1,000;02/08/2023;-3,8274643;-60,3654773;72,500
AM;BR-319;413,000;414,000;1,000;02/08/2023;-3,8274643;-60,3654773;68,750
AM;BR-319;414,000;415,000;1,000;02/08/2023;-3,8274643;-60,3654773;71,250
AM;BR-319;415,000;416,000;1,000;02/08/2023;-3,8274643;-60,3654773;71,250
AM;BR-319;416,000;417,000;1,000;02/08/2023;-3,8274643;-60,3654773;71,250
AM;BR-319;417,000;418,000;1,000;02/08/2023;-3,8274643;-60,3654773;72,500
AM;BR-319;418,000;419,000;1,000;02/08/2023;-3,8274643;-60,3654773;72,500
AM;BR-319;419,000;420,000;1,000;02/08/2023;-3,8274643;-60,3654773;72,500
AM;BR-319;420,000;421,000;1,000;02/08/2023;-3,8274643;-60,3654773;72,500
AM;BR-319;421,000;422,000;1,000;02/08/2023;-3,8274643;-60,3654773;72,500
AM;BR-319;422,000;423,000;1,000;02/08/2023;-3,8274643;-60,3654773;72,500
AM;BR-319;423,000;424,000;1,000;02/08/2023;-3,8274643;-60,3654773;72,500
AM;BR-319;424,000;425,000;1,000;02/08/2023;-3,8274643;-60,3654773;72,500
AM;BR-319;425,000;426,000;1,000;02/08/2023;-3,8274643;-60,3654773;72,500
AM;BR-319;426,000;427,000;1,000;02/08/2023;-3,8274643;-60,3654773;72,500
AM;BR-319;427,000;428,000;1,000;02/08/2023;-3,8274643;-60,3654773;72,500
AM;BR-319;428,000;429,000;1,000;02/08/2023;-3,8274643;-60,3654773;72,500
AM;BR-319;429,000;430,000;1,000;02/08/2023;-3,8274643;-60,3654773;72,500
AM;BR-319;430,000;431,000;1,000;02/08/2023;-3,8274643;-60,3654773;71,250
AM;BR-319;431,000;432,000;1,000;02/08/2023;-3,8274643;-60,3654773;72,500
AM;BR-319;432,000;433,000;1,000;02/08/2023;-3,8274643;-60,3654773;73,750
AM;BR-317;452,640;453,000;0,360;02/08/2023;-8,7929127;-67,3110444;0,000
AM;BR-317;453,000;454,000;1,000;02/08/2023;-8,7929127;-67,3110444;0,000
AM;BR-317;454,000;455,000;1,000;02/08/2023;-8,7929127;-67,3110444;5,000
AM;BR-317;455,000;456,000;1,000;02/08/2023;-8,7929127;-67,3110444;5,000
AM;BR-317;456,000;457,000;1,000;02/08/2023;-8,7929127;-67,3110444;5,000
AM;BR-317;457,000;458,000;1,000;02/08/2023;-8,7929127;-67,3110444;5,000
AM;BR-317;458,000;459,000;1,000;02/08/2023;-8,7929127;-67,3110444;5,000
AM;BR-317;459,000;460,000;1,000;02/08/2023;-8,7929127;-67,3110444;5,000
AM;BR-317;460,000;461,000;1,000;02/08/2023;-8,7929127;-67,3110444;5,000
AM;BR-317;461,000;462,000;1,000;02/08/2023;-8,7929127;-67,3110444;5,000
AM;BR-317;462,000;463,000;1,000;02/08/2023;-8,7929127;-67,3110444;5,000
AM;BR-317;463,000;464,000;1,000;02/08/2023;-8,7929127;-67,3110444;5,000
AM;BR-317;464,000;465,000;1,000;02/08/2023;-8,7929127;-67,3110444;5,000
AM;BR-317;465,000;466,240;1,240;02/08/2023;-8,7929127;-67,3110444;5,000
AM;BR-317;478,860;479,000;0,140;02/08/2023;-8,7929127;-67,3110444;88,750
AM;BR-317;479,000;480,000;1,000;02/08/2023;-8,7929127;-67,3110444;88,750
AM;BR-317;480,000;481,000;1,000;02/08/2023;-8,7929127;-67,3110444;96,250
AM;BR-317;481,000;482,000;1,000;02/08/2023;-8,7929127;-67,3110444;96,250
AM;BR-317;482,000;483,000;1,000;02/08/2023;-8,7929127;-67,3110444;96,250
AM;BR-317;483,000;484,000;1,000;02/08/2023;-8,7929127;-67,3110444;90,000
AM;BR-317;484,000;485,000;1,000;02/08/2023;-8,7929127;-67,3110444;100,000
AM;BR-317;485,000;486,000;1,000;02/08/2023;-8,7929127;-67,3110444;100,000
AM;BR-317;486,000;487,000;1,000;02/08/2023;-8,7929127;-67,3110444;100,000
AM;BR-317;487,000;488,000;1,000;02/08/2023;-8,7929127;-67,3110444;100,000
AM;BR-317;488,000;489,000;1,000;02/08/2023;-8,7929127;-67,3110444;100,000
AM;BR-317;489,000;490,000;1,000;02/08/2023;-8,7929127;-67,3110444;100,000
AM;BR-317;490,000;491,000;1,000;02/08/2023;-8,7929127;-67,3110444;100,000
AM;BR-317;491,000;492,000;1,000;02/08/2023;-8,7929127;-67,3110444;100,000
AM;BR-317;492,000;493,000;1,000;02/08/2023;-8,7929127;-67,3110444;92,500
AM;BR-317;493,000;494,000;1,000;02/08/2023;-8,7929127;-67,3110444;88,750
AM;BR-317;494,000;495,000;1,000;02/08/2023;-8,7929127;-67,3110444;96,250
AM;BR-317;495,000;496,000;1,000;02/08/2023;-8,7929127;-67,3110444;96,250
AM;BR-317;496,000;497,160;1,160;02/08/2023;-8,7929127;-67,3110444;100,000
AM;BR-317;516,000;517,000;1,000;02/08/2023;-8,7929127;-67,3110444;86,250
AM;BR-317;517,000;518,000;1,000;02/08/2023;-8,7929127;-67,3110444;78,750
AM;BR-317;518,000;519,000;1,000;02/08/2023;-8,7929127;-67,3110444;88,750
AM;BR-317;519,000;520,000;1,000;02/08/2023;-8,7929127;-67,3110444;96,250
AM;BR-317;520,000;521,000;1,000;02/08/2023;-8,7929127;-67,3110444;88,750
AM;BR-317;521,000;522,000;1,000;02/08/2023;-8,7929127;-67,3110444;96,250
AM;BR-317;522,000;523,000;1,000;02/08/2023;-8,7929127;-67,3110444;96,250
AM;BR-317;523,000;524,000;1,000;02/08/2023;-8,7929127;-67,3110444;96,250
AM;BR-317;524,000;525,000;1,000;02/08/2023;-8,7929127;-67,3110444;96,250
AM;BR-317;525,000;526,000;1,000;02/08/2023;-8,7929127;-67,3110444;93,750
AM;BR-319;513,800;512,000;1,800;02/08/2023;-6,37085683;-62,8081853;17,500
AM;BR-319;512,000;511,000;1,000;02/08/2023;-6,37085683;-62,8081853;17,500
AM;BR-319;511,000;510,000;1,000;02/08/2023;-6,37085683;-62,8081853;45,000
AM;BR-319;510,000;509,000;1,000;02/08/2023;-6,37085683;-62,8081853;45,000
AM;BR-319;509,000;508,000;1,000;02/08/2023;-6,37085683;-62,8081853;45,000
AM;BR-319;508,000;507,000;1,000;02/08/2023;-6,37085683;-62,8081853;45,000
AM;BR-319;507,000;506,000;1,000;02/08/2023;-6,33504798;-62,77859;45,000
AM;BR-319;506,000;505,000;1,000;02/08/2023;-6,33504798;-62,77859;52,500
AM;BR-319;505,000;504,000;1,000;02/08/2023;-6,33504798;-62,77859;45,000
AM;BR-319;504,000;503,000;1,000;02/08/2023;-6,33504798;-62,77859;45,000
AM;BR-319;503,000;502,000;1,000;02/08/2023;-6,3039952;-62,7585671;37,500
AM;BR-319;502,000;501,000;1,000;02/08/2023;-6,29735306;-62,7553805;45,000
AM;BR-319;501,000;500,000;1,000;02/08/2023;-6,29735306;-62,7553805;37,500
AM;BR-319;500,000;499,000;1,000;02/08/2023;-6,29735306;-62,7553805;25,000
AM;BR-319;499,000;498,000;1,000;02/08/2023;-6,29735306;-62,7553805;25,000
AM;BR-319;498,000;497,000;1,000;02/08/2023;-6,26142705;-62,7252884;37,500
AM;BR-319;497,000;496,000;1,000;02/08/2023;-6,26142705;-62,7252884;37,500
AM;BR-319;496,000;495,000;1,000;02/08/2023;-6,26142705;-62,7252884;47,500
AM;BR-319;495,000;494,000;1,000;02/08/2023;-6,26142705;-62,7252884;47,500
AM;BR-319;494,000;493,000;1,000;02/08/2023;-6,26142705;-62,7252884;47,500
AM;BR-319;493,000;492,000;1,000;02/08/2023;-6,2308397;-62,6902384;47,500
AM;BR-319;492,000;491,000;1,000;02/08/2023;-6,2308397;-62,6902384;47,500
AM;BR-319;491,000;490,000;1,000;02/08/2023;-6,2308397;-62,6902384;47,500
AM;BR-319;490,000;489,000;1,000;02/08/2023;-6,2308397;-62,6902384;47,500
AM;BR-319;489,000;488,000;1,000;02/08/2023;-6,19985808;-62,656813;47,500
AM;BR-319;488,000;487,000;1,000;02/08/2023;-6,19985808;-62,656813;40,000
AM;BR-319;487,000;486,000;1,000;02/08/2023;-6,19985808;-62,656813;37,500
AM;BR-319;486,000;485,000;1,000;02/08/2023;-6,19985808;-62,656813;40,000
AM;BR-319;485,000;484,000;1,000;02/08/2023;-6,19985808;-62,656813;47,500
AM;BR-319;484,000;483,000;1,000;02/08/2023;-6,16500535;-62,6261309;71,250
AM;BR-319;483,000;482,000;1,000;02/08/2023;-6,15828481;-62,6204796;78,750
AM;BR-319;482,000;481,000;1,000;02/08/2023;-6,15828481;-62,6204796;72,500
AM;BR-319;481,000;480,000;1,000;02/08/2023;-6,15828481;-62,6204796;68,750
AM;BR-319;480,000;479,000;1,000;02/08/2023;-7,5206022;-63,0307628;53,750
AM;BR-319;479,000;478,000;1,000;02/08/2023;-7,5206022;-63,0307628;68,750
AM;BR-319;478,000;477,000;1,000;02/08/2023;-6,13059315;-62,5972718;78,750
AM;BR-319;477,000;476,000;1,000;02/08/2023;-6,13059315;-62,5972718;78,750
AM;BR-319;476,000;475,000;1,000;02/08/2023;-6,13059315;-62,5972718;57,500
AM;BR-319;475,000;474,000;1,000;02/08/2023;-6,13059315;-62,5972718;47,500
AM;BR-319;474,000;473,000;1,000;02/08/2023;-6,0992632;-62,5705238;60,000
AM;BR-319;473,000;472,000;1,000;02/08/2023;-6,0955346;-62,5679395;72,500
AM;BR-319;472,000;471,000;1,000;02/08/2023;-6,0955346;-62,5679395;37,500
AM;BR-319;471,000;470,000;1,000;02/08/2023;-6,0955346;-62,5679395;58,750
AM;BR-319;470,000;469,000;1,000;02/08/2023;-6,0955346;-62,5679395;67,500
AM;BR-319;469,000;468,000;1,000;02/08/2023;-6,0955346;-62,5679395;78,750
AM;BR-319;468,000;467,000;1,000;02/08/2023;-6,0955346;-62,5679395;75,000
AM;BR-319;467,000;466,000;1,000;02/08/2023;-6,0955346;-62,5679395;71,250
AM;BR-319;466,000;465,000;1,000;02/08/2023;-6,0955346;-62,5679395;78,750
AM;BR-319;465,000;464,000;1,000;02/08/2023;-6,0955346;-62,5679395;78,750
AM;BR-319;464,000;463,000;1,000;02/08/2023;-6,01898046;-62,5204647;78,750
AM;BR-319;463,000;462,000;1,000;02/08/2023;-6,01898046;-62,5204647;75,000
AM;BR-319;462,000;461,000;1,000;02/08/2023;-7,5206022;-63,0307628;78,750
AM;BR-319;461,000;460,000;1,000;02/08/2023;-7,5206022;-63,0307628;75,000
AM;BR-319;460,000;459,000;1,000;02/08/2023;-7,5206022;-63,0307628;78,750
AM;BR-319;459,000;458,000;1,000;02/08/2023;-7,5206022;-63,0307628;78,750
AM;BR-319;458,000;457,000;1,000;02/08/2023;-7,5206022;-63,0307628;78,750
AM;BR-319;457,000;456,000;1,000;02/08/2023;-7,5206022;-63,0307628;78,750
AM;BR-319;456,000;455,000;1,000;02/08/2023;-7,5206022;-63,0307628;78,750
AM;BR-319;455,000;454,000;1,000;02/08/2023;-7,5206022;-63,0307628;78,750
AM;BR-319;454,000;453,000;1,000;02/08/2023;-5,94905755;-62,4621214;78,750
AM;BR-319;453,000;452,000;1,000;02/08/2023;-5,94905755;-62,4621214;78,750
AM;BR-319;452,000;451,000;1,000;02/08/2023;-5,94905755;-62,4621214;78,750
AM;BR-319;451,000;450,000;1,000;02/08/2023;-5,94905755;-62,4621214;78,750
AM;BR-319;450,000;449,000;1,000;02/08/2023;-5,94905755;-62,4621214;78,750
AM;BR-319;449,000;448,000;1,000;02/08/2023;-5,94905755;-62,4621214;78,750
AM;BR-319;448,000;447,000;1,000;02/08/2023;-5,94905755;-62,4621214;71,250
AM;BR-319;447,000;446,000;1,000;02/08/2023;-5,94905755;-62,4621214;75,000
AM;BR-319;446,000;445,000;1,000;02/08/2023;-5,94905755;-62,4621214;75,000
AM;BR-319;445,000;444,000;1,000;02/08/2023;-5,94905755;-62,4621214;75,000
AM;BR-319;444,000;443,000;1,000;02/08/2023;-5,88478606;-62,39555;67,500
AM;BR-319;443,000;442,000;1,000;02/08/2023;-5,88478606;-62,39555;72,500
AM;BR-319;442,000;441,000;1,000;02/08/2023;-5,88478606;-62,39555;78,750
AM;BR-319;441,000;440,000;1,000;02/08/2023;-5,88478606;-62,39555;78,750
AM;BR-319;440,000;439,000;1,000;02/08/2023;-5,88478606;-62,39555;82,500
AM;BR-319;439,000;438,000;1,000;02/08/2023;-5,88478606;-62,39555;78,750
AM;BR-319;438,000;437,000;1,000;02/08/2023;-5,88478606;-62,39555;82,500
AM;BR-319;437,000;436,000;1,000;02/08/2023;-5,88478606;-62,39555;71,250
AM;BR-319;436,000;435,000;1,000;02/08/2023;-5,88478606;-62,39555;78,750
AM;BR-319;435,000;434,000;1,000;02/08/2023;-5,88478606;-62,39555;72,500
AM;BR-319;434,000;433,000;1,000;02/08/2023;-5,88478606;-62,39555;53,750
AM;BR-319;589,400;588,000;1,400;02/08/2023;-6,98570173;-63,0987076;66,250
AM;BR-319;588,000;587,000;1,000;02/08/2023;-6,98570173;-63,0987076;72,500
AM;BR-319;587,000;586,000;1,000;02/08/2023;-6,98570173;-63,0987076;90,000
AM;BR-319;586,000;585,000;1,000;02/08/2023;-6,97091588;-63,0938084;90,000
AM;BR-319;585,000;584,000;1,000;02/08/2023;-6,97091588;-63,0938084;86,250
AM;BR-319;584,000;583,000;1,000;02/08/2023;-6,97091588;-63,0938084;90,000
AM;BR-319;583,000;582,000;1,000;02/08/2023;-6,97091588;-63,0938084;86,250
AM;BR-319;582,000;581,000;1,000;02/08/2023;-6,9359528;-63,0827567;90,000
AM;BR-319;581,000;580,000;1,000;02/08/2023;-6,9359528;-63,0827567;90,000
AM;BR-319;580,000;579,000;1,000;02/08/2023;-6,9359528;-63,0827567;82,500
AM;BR-319;579,000;578,000;1,000;02/08/2023;-6,9359528;-63,0827567;90,000
AM;BR-319;578,000;577,000;1,000;02/08/2023;-6,90053845;-63,0714726;90,000
AM;BR-319;577,000;576,000;1,000;02/08/2023;-6,90053845;-63,0714726;90,000
AM;BR-319;576,000;575,000;1,000;02/08/2023;-6,90053845;-63,0714726;90,000
AM;BR-319;575,000;574,000;1,000;02/08/2023;-6,90053845;-63,0714726;90,000
AM;BR-319;574,000;573,000;1,000;02/08/2023;-6,90053845;-63,0714726;90,000
AM;BR-319;573,000;572,000;1,000;02/08/2023;-6,85608836;-63,0572023;93,750
AM;BR-319;572,000;571,000;1,000;02/08/2023;-6,85608836;-63,0572023;90,000
AM;BR-319;571,000;570,000;1,000;02/08/2023;-7,5206022;-63,0307628;90,000
AM;BR-319;570,000;569,000;1,000;02/08/2023;-7,5206022;-63,0307628;90,000
AM;BR-319;569,000;568,000;1,000;02/08/2023;-7,5206022;-63,0307628;93,750
AM;BR-319;568,000;567,000;1,000;02/08/2023;-7,5206022;-63,0307628;90,000
AM;BR-319;567,000;566,000;1,000;02/08/2023;-7,5206022;-63,0307628;93,750
AM;BR-319;566,000;565,000;1,000;02/08/2023;-7,5206022;-63,0307628;93,750
AM;BR-319;565,000;564,000;1,000;02/08/2023;-7,5206022;-63,0307628;93,750
AM;BR-319;564,000;563,000;1,000;02/08/2023;-7,5206022;-63,0307628;90,000
AM;BR-319;563,000;562,000;1,000;02/08/2023;-6,77969311;-63,0085797;78,750
AM;BR-319;562,000;561,000;1,000;02/08/2023;-6,77969311;-63,0085797;71,250
AM;BR-319;561,000;560,000;1,000;02/08/2023;-6,77969311;-63,0085797;78,750
AM;BR-319;560,000;559,000;1,000;02/08/2023;-6,77969311;-63,0085797;75,000
AM;BR-319;559,000;558,000;1,000;02/08/2023;-6,77969311;-63,0085797;78,750
AM;BR-319;558,000;557,000;1,000;02/08/2023;-6,73595796;-62,9903705;86,250
AM;BR-319;557,000;556,000;1,000;02/08/2023;-6,73595796;-62,9903705;86,250
AM;BR-319;556,000;555,000;1,000;02/08/2023;-6,73595796;-62,9903705;86,250
AM;BR-319;555,000;554,000;1,000;02/08/2023;-6,73595796;-62,9903705;78,750
AM;BR-319;554,000;553,000;1,000;02/08/2023;-6,73595796;-62,9903705;78,750
AM;BR-319;553,000;552,000;1,000;02/08/2023;-6,69300966;-62,972262;90,000
AM;BR-319;552,000;551,000;1,000;02/08/2023;-6,69300966;-62,972262;90,000
AM;BR-319;551,000;550,000;1,000;02/08/2023;-6,69300966;-62,972262;78,750
AM;BR-319;550,000;549,000;1,000;02/08/2023;-6,69300966;-62,972262;82,500
AM;BR-319;549,000;548,000;1,000;02/08/2023;-6,69300966;-62,972262;86,250
AM;BR-319;548,000;547,000;1,000;02/08/2023;-6,6498704;-62,9624882;78,750
AM;BR-319;547,000;546,000;1,000;02/08/2023;-6,6498704;-62,9624882;86,250
AM;BR-319;546,000;545,000;1,000;02/08/2023;-6,6498704;-62,9624882;65,000
AM;BR-319;545,000;544,000;1,000;02/08/2023;-6,61309848;-62,9551776;8,750
AM;BR-319;544,000;543,000;1,000;02/08/2023;-6,61309848;-62,9551776;23,750
AM;BR-319;543,000;542,000;1,000;02/08/2023;-6,60137028;-62,9532539;31,250
AM;BR-319;542,000;541,000;1,000;02/08/2023;-6,60137028;-62,9532539;31,250
AM;BR-319;541,000;540,000;1,000;02/08/2023;-6,58516931;-62,9501169;22,500
AM;BR-319;540,000;539,000;1,000;02/08/2023;-6,56501806;-62,9463053;31,250
AM;BR-319;539,000;538,000;1,000;02/08/2023;-6,56400168;-62,9461282;31,250
AM;BR-319;538,000;537,000;1,000;02/08/2023;-6,56400168;-62,9461282;60,000
AM;BR-319;537,000;536,000;1,000;02/08/2023;-6,56400168;-62,9461282;53,750
AM;BR-319;536,000;535,000;1,000;02/08/2023;-6,56400168;-62,9461282;53,750
AM;BR-319;535,000;534,000;1,000;02/08/2023;-6,56400168;-62,9461282;61,250
AM;BR-319;534,000;533,000;1,000;02/08/2023;-6,56400168;-62,9461282;53,750
AM;BR-319;533,000;532,000;1,000;02/08/2023;-6,56400168;-62,9461282;61,250
AM;BR-319;532,000;531,000;1,000;02/08/2023;-6,56400168;-62,9461282;53,750
AM;BR-319;531,000;530,000;1,000;02/08/2023;-6,56400168;-62,9461282;65,000
AM;BR-319;530,000;529,000;1,000;02/08/2023;-6,56400168;-62,9461282;65,000
AM;BR-319;529,000;528,000;1,000;02/08/2023;-6,56400168;-62,9461282;71,250
AM;BR-319;528,000;527,000;1,000;02/08/2023;-6,4884804;-62,8963608;61,250
AM;BR-319;527,000;526,000;1,000;02/08/2023;-6,4884804;-62,8963608;67,500
AM;BR-319;526,000;525,000;1,000;02/08/2023;-6,4884804;-62,8963608;78,750
AM;BR-319;525,000;524,000;1,000;02/08/2023;-6,4884804;-62,8963608;78,750
AM;BR-319;524,000;523,000;1,000;02/08/2023;-6,4884804;-62,8963608;78,750
AM;BR-319;523,000;522,000;1,000;02/08/2023;-6,44331811;-62,8733298;61,250
AM;BR-319;522,000;521,000;1,000;02/08/2023;-6,44331811;-62,8733298;93,750
AM;BR-319;521,000;520,000;1,000;02/08/2023;-6,44331811;-62,8733298;93,750
AM;BR-319;520,000;519,000;1,000;02/08/2023;-6,44331811;-62,8733298;86,250
AM;BR-319;519,000;518,000;1,000;02/08/2023;-6,44331811;-62,8733298;86,250
AM;BR-319;518,000;517,000;1,000;02/08/2023;-6,40687983;-62,8468065;86,250
AM;BR-319;517,000;516,000;1,000;02/08/2023;-6,40687983;-62,8468065;78,750
AM;BR-319;516,000;515,000;1,000;02/08/2023;-6,40687983;-62,8468065;71,250
AM;BR-319;515,000;514,000;1,000;02/08/2023;-6,40687983;-62,8468065;78,750
AM;BR-319;514,000;513,000;1,000;02/08/2023;-6,40687983;-62,8468065;61,250
AM;BR-319;589,400;590,000;0,600;03/08/2023;-6,98654885;-63,0989759;86,250
AM;BR-319;590,000;591,000;1,000;03/08/2023;-6,98654885;-63,0989759;78,750
AM;BR-319;591,000;592,000;1,000;03/08/2023;-6,98654885;-63,0989759;78,750
AM;BR-319;592,000;593,000;1,000;03/08/2023;-7,00452673;-63,1011228;78,750
AM;BR-319;593,000;594,000;1,000;03/08/2023;-7,00452673;-63,1011228;80,000
AM;BR-319;594,000;595,000;1,000;03/08/2023;-7,00452673;-63,1011228;80,000
AM;BR-319;595,000;596,000;1,000;03/08/2023;-7,03287703;-63,1042925;86,250
AM;BR-319;596,000;597,000;1,000;03/08/2023;-7,03287703;-63,1042925;78,750
AM;BR-319;597,000;598,000;1,000;03/08/2023;-7,03287703;-63,1042925;86,250
AM;BR-319;598,000;599,000;1,000;03/08/2023;-7,03287703;-63,1042925;86,250
AM;BR-319;599,000;600,000;1,000;03/08/2023;-7,03287703;-63,1042925;86,250
AM;BR-319;600,000;601,000;1,000;03/08/2023;-7,08564938;-63,1103119;71,250
AM;BR-319;601,000;602,000;1,000;03/08/2023;-7,08564938;-63,1103119;71,250
AM;BR-319;602,000;603,000;1,000;03/08/2023;-7,08564938;-63,1103119;86,250
AM;BR-319;603,000;604,000;1,000;03/08/2023;-7,10580648;-63,1125999;86,250
AM;BR-319;604,000;605,000;1,000;03/08/2023;-7,10580648;-63,1125999;86,250
AM;BR-319;605,000;606,000;1,000;03/08/2023;-7,10580648;-63,1125999;86,250
AM;BR-319;606,000;607,000;1,000;03/08/2023;-7,13388715;-63,1158004;86,250
AM;BR-319;607,000;608,000;1,000;03/08/2023;-7,13388715;-63,1158004;86,250
AM;BR-319;608,000;609,000;1,000;03/08/2023;-7,13388715;-63,1158004;86,250
AM;BR-319;609,000;610,000;1,000;03/08/2023;-7,13388715;-63,1158004;86,250
AM;BR-319;610,000;611,000;1,000;03/08/2023;-7,13388715;-63,1158004;86,250
AM;BR-319;611,000;612,000;1,000;03/08/2023;-7,17846975;-63,1258248;86,250
AM;BR-319;612,000;613,000;1,000;03/08/2023;-7,17846975;-63,1258248;86,250
AM;BR-319;613,000;614,000;1,000;03/08/2023;-7,17846975;-63,1258248;90,000
AM;BR-319;614,000;615,000;1,000;03/08/2023;-7,17846975;-63,1258248;86,250
AM;BR-319;615,000;616,000;1,000;03/08/2023;-7,17846975;-63,1258248;86,250
AM;BR-319;616,000;617,000;1,000;03/08/2023;-7,22146753;-63,1419808;86,250
AM;BR-319;617,000;618,000;1,000;03/08/2023;-7,22146753;-63,1419808;86,250
AM;BR-319;618,000;619,000;1,000;03/08/2023;-7,22146753;-63,1419808;86,250
AM;BR-319;619,000;620,000;1,000;03/08/2023;-7,22146753;-63,1419808;86,250
AM;BR-319;620,000;621,000;1,000;03/08/2023;-7,25577503;-63,1548964;86,250
AM;BR-319;621,000;622,000;1,000;03/08/2023;-7,25577503;-63,1548964;90,000
AM;BR-319;622,000;623,000;1,000;03/08/2023;-7,25577503;-63,1548964;90,000
AM;BR-319;623,000;624,000;1,000;03/08/2023;-7,25577503;-63,1548964;90,000
AM;BR-319;624,000;625,000;1,000;03/08/2023;-7,25577503;-63,1548964;86,250
AM;BR-319;625,000;626,000;1,000;03/08/2023;-7,29881263;-63,1711859;86,250
AM;BR-319;626,000;627,000;1,000;03/08/2023;-7,29881263;-63,1711859;86,250
AM;BR-319;627,000;628,000;1,000;03/08/2023;-7,29881263;-63,1711859;86,250
AM;BR-319;628,000;629,000;1,000;03/08/2023;-7,29881263;-63,1711859;86,250
AM;BR-319;629,000;630,000;1,000;03/08/2023;-7,29881263;-63,1711859;86,250
AM;BR-319;630,000;631,000;1,000;03/08/2023;-7,29881263;-63,1711859;90,000
RR;BR-401;120,000;121,000;1,000;04/08/2023;3,312691666;-59,9468533;46,250
RR;BR-401;121,000;122,000;1,000;04/08/2023;3,312691666;-59,9468533;46,250
RR;BR-401;122,000;123,000;1,000;04/08/2023;3,312691666;-59,9468533;52,500
RR;BR-401;123,000;124,000;1,000;04/08/2023;3,312691666;-59,9468533;46,250
RR;BR-401;124,000;125,000;1,000;04/08/2023;3,312691666;-59,9468533;63,750
RR;BR-401;125,000;126,000;1,000;04/08/2023;3,312691666;-59,9468533;53,750
RR;BR-401;126,000;127,000;1,000;04/08/2023;3,312691666;-59,9468533;46,250
RR;BR-401;127,000;128,000;1,000;04/08/2023;3,312691666;-59,9468533;71,250
RR;BR-401;128,000;129,000;1,000;04/08/2023;3,312691666;-59,9468533;46,250
RR;BR-401;129,000;130,000;1,000;04/08/2023;3,312691666;-59,9468533;71,250
RR;BR-401;130,000;131,000;1,000;04/08/2023;3,312691666;-59,9468533;63,750
RR;BR-401;131,000;132,000;1,000;04/08/2023;3,312691666;-59,9468533;65,000
RR;BR-401;132,000;133,000;1,000;04/08/2023;3,312691666;-59,9468533;53,750
RR;BR-401;133,000;134,000;1,000;04/08/2023;3,312691666;-59,9468533;40,000
RR;BR-401;134,000;135,000;1,000;04/08/2023;3,312691666;-59,9468533;40,000
RR;BR-401;135,000;136,000;1,000;04/08/2023;3,312691666;-59,9468533;46,250
RR;BR-401;136,000;137,000;1,000;04/08/2023;3,312691666;-59,9468533;53,750
RR;BR-401;137,000;138,000;1,000;04/08/2023;3,312691666;-59,9468533;46,250
RR;BR-401;138,000;139,000;1,000;04/08/2023;3,312691666;-59,9468533;46,250
RR;BR-401;139,000;140,000;1,000;04/08/2023;3,312691666;-59,9468533;40,000
RR;BR-401;140,000;141,000;1,000;04/08/2023;3,312691666;-59,9468533;71,250
RR;BR-401;141,000;142,000;1,000;04/08/2023;3,312691666;-59,9468533;27,500
RR;BR-401;142,000;143,000;1,000;04/08/2023;3,312691666;-59,9468533;46,250
RR;BR-401;143,000;144,000;1,000;04/08/2023;3,312691666;-59,9468533;63,750
RR;BR-401;144,000;145,000;1,000;04/08/2023;3,312691666;-59,9468533;71,250
RR;BR-401;145,000;146,000;1,000;04/08/2023;3,312691666;-59,9468533;71,250
RR;BR-401;146,000;147,000;1,000;04/08/2023;3,312691666;-59,9468533;63,750
RR;BR-401;147,000;148,000;1,000;04/08/2023;3,312691666;-59,9468533;71,250
RR;BR-401;148,000;149,000;1,000;04/08/2023;3,312691666;-59,9468533;71,250
RR;BR-401;149,000;150,000;1,000;04/08/2023;3,312691666;-59,9468533;75,000
RR;BR-401;150,000;151,000;1,000;04/08/2023;3,312691666;-59,9468533;65,000
RR;BR-401;151,000;152,000;1,000;04/08/2023;3,312691666;-59,9468533;71,250
RR;BR-401;152,000;153,000;1,000;04/08/2023;3,312691666;-59,9468533;78,750
RR;BR-401;153,000;154,000;1,000;04/08/2023;3,312691666;-59,9468533;40,000
RR;BR-401;154,000;155,000;1,000;04/08/2023;3,312691666;-59,9468533;27,500
RR;BR-401;155,000;156,000;1,000;04/08/2023;3,312691666;-59,9468533;12,500
RR;BR-401;156,000;157,000;1,000;04/08/2023;3,312691666;-59,9468533;27,500
RR;BR-401;157,000;158,000;1,000;04/08/2023;3,312691666;-59,9468533;27,500
RR;BR-401;158,000;159,000;1,000;04/08/2023;3,312691666;-59,9468533;27,500
RR;BR-401;159,000;160,000;1,000;04/08/2023;3,312691666;-59,9468533;27,500
RR;BR-401;160,000;161,000;1,000;04/08/2023;3,312691666;-59,9468533;27,500
RR;BR-401;161,000;162,000;1,000;04/08/2023;3,312691666;-59,9468533;40,000
RR;BR-401;162,000;163,000;1,000;04/08/2023;3,312691666;-59,9468533;27,500
RR;BR-401;163,000;164,000;1,000;04/08/2023;3,312691666;-59,9468533;27,500
RR;BR-401;164,000;165,000;1,000;04/08/2023;3,312691666;-59,9468533;27,500
RR;BR-401;165,000;166,000;1,000;04/08/2023;3,312691666;-59,9468533;27,500
RR;BR-401;166,000;167,000;1,000;04/08/2023;3,312691666;-59,9468533;27,500
RR;BR-401;167,000;168,000;1,000;04/08/2023;3,312691666;-59,9468533;27,500
RR;BR-401;168,000;169,000;1,000;04/08/2023;3,312691666;-59,9468533;27,500
RR;BR-401;169,000;170,000;1,000;04/08/2023;3,312691666;-59,9468533;27,500
RR;BR-401;170,000;171,000;1,000;04/08/2023;3,312691666;-59,9468533;27,500
RR;BR-401;171,000;172,000;1,000;04/08/2023;3,312691666;-59,9468533;27,500
RR;BR-401;172,000;173,000;1,000;04/08/2023;3,312691666;-59,9468533;55,000
RR;BR-401;173,000;174,000;1,000;04/08/2023;3,312691666;-59,9468533;27,500
RR;BR-401;174,000;175,000;1,000;04/08/2023;3,312691666;-59,9468533;27,500
RR;BR-401;175,000;176,000;1,000;04/08/2023;3,312691666;-59,9468533;27,500
RR;BR-401;176,000;177,000;1,000;04/08/2023;3,312691666;-59,9468533;35,000
RR;BR-401;177,000;178,000;1,000;04/08/2023;3,312691666;-59,9468533;27,500
RR;BR-401;178,000;179,000;1,000;04/08/2023;3,312691666;-59,9468533;27,500
RR;BR-401;179,000;180,000;1,000;04/08/2023;3,312691666;-59,9468533;40,000
RR;BR-401;180,000;181,000;1,000;04/08/2023;3,312691666;-59,9468533;40,000
RR;BR-401;181,000;182,000;1,000;04/08/2023;3,312691666;-59,9468533;40,000
RR;BR-401;182,000;183,000;1,000;04/08/2023;3,312691666;-59,9468533;40,000
RR;BR-401;183,000;184,000;1,000;04/08/2023;3,312691666;-59,9468533;40,000
RR;BR-401;184,000;185,000;1,000;04/08/2023;3,312691666;-59,9468533;27,500
RR;BR-401;185,000;186,000;1,000;04/08/2023;3,312691666;-59,9468533;40,000
RR;BR-401;186,000;187,000;1,000;04/08/2023;3,312691666;-59,9468533;27,500
RR;BR-401;187,000;188,000;1,000;04/08/2023;3,312691666;-59,9468533;27,500
RR;BR-401;188,000;189,000;1,000;04/08/2023;3,312691666;-59,9468533;27,500
RR;BR-401;189,000;190,000;1,000;04/08/2023;3,312691666;-59,9468533;27,500
RR;BR-401;190,000;191,000;1,000;04/08/2023;3,312691666;-59,9468533;27,500
CE;BR-402;149,100;150,000;0,900;06/08/2023;-3,12056166;-40,0843316;73,750
CE;BR-402;150,000;151,000;1,000;06/08/2023;-3,12056166;-40,0843316;67,500
CE;BR-402;151,000;152,000;1,000;06/08/2023;-3,12056166;-40,0843316;71,250
CE;BR-402;152,000;153,000;1,000;06/08/2023;-3,12056166;-40,0843316;71,250
CE;BR-402;153,000;154,000;1,000;06/08/2023;-3,12056166;-40,0843316;47,500
CE;BR-402;154,000;155,000;1,000;06/08/2023;-3,12056166;-40,0843316;71,250
CE;BR-402;155,000;156,000;1,000;06/08/2023;-3,12056166;-40,0843316;73,750
CE;BR-402;156,000;157,000;1,000;06/08/2023;-3,12056166;-40,0843316;52,500
CE;BR-402;157,000;158,000;1,000;06/08/2023;-3,12056166;-40,0843316;40,000
CE;BR-402;158,000;159,000;1,000;06/08/2023;-3,12056166;-40,0843316;52,500
CE;BR-402;159,000;160,000;1,000;06/08/2023;-3,12056166;-40,0843316;72,500
CE;BR-402;160,000;161,000;1,000;06/08/2023;-3,12056166;-40,0843316;60,000
CE;BR-402;161,000;162,000;1,000;06/08/2023;-3,12056166;-40,0843316;50,000
CE;BR-402;162,000;163,000;1,000;06/08/2023;-3,12056166;-40,0843316;47,500
CE;BR-402;163,000;164,000;1,000;06/08/2023;-3,12056166;-40,0843316;80,000
CE;BR-402;164,000;165,000;1,000;06/08/2023;-3,12056166;-40,0843316;75,000
CE;BR-402;165,000;166,000;1,000;06/08/2023;-3,12056166;-40,0843316;60,000
CE;BR-402;166,000;167,000;1,000;06/08/2023;-3,12056166;-40,0843316;67,500
CE;BR-402;167,000;168,000;1,000;06/08/2023;-3,139795;-40,3075283;71,250
CE;BR-402;168,000;169,000;1,000;06/08/2023;-3,139795;-40,3075283;71,250
CE;BR-402;169,000;170,000;1,000;06/08/2023;-3,139795;-40,3075283;67,500
CE;BR-402;170,000;171,000;1,000;06/08/2023;-3,139795;-40,3075283;67,500
CE;BR-402;171,000;172,000;1,000;06/08/2023;-3,139795;-40,3075283;67,500
CE;BR-402;172,000;173,000;1,000;06/08/2023;-3,139795;-40,3075283;67,500
CE;BR-402;173,000;174,000;1,000;06/08/2023;-3,130505;-40,24642;67,500
CE;BR-402;174,000;175,000;1,000;06/08/2023;-3,13049666;-40,2463983;75,000
PR;BR-158;229,500;230,000;0,500;07/08/2023;-24,094341;-52,3837378;22,500
PR;BR-158;230,000;231,000;1,000;07/08/2023;-24,094341;-52,3837378;22,500
PR;BR-158;231,000;232,000;1,000;07/08/2023;-24,094341;-52,3837378;22,500
PR;BR-158;232,000;233,000;1,000;07/08/2023;-24,094341;-52,3837378;30,000
PR;BR-158;233,000;234,000;1,000;07/08/2023;-24,094341;-52,3837378;22,500
PR;BR-158;234,000;235,000;1,000;07/08/2023;-24,094341;-52,3837378;22,500
PR;BR-158;235,000;236,000;1,000;07/08/2023;-24,094341;-52,3837378;7,500
PR;BR-158;236,000;237,000;1,000;07/08/2023;-24,094341;-52,3837378;22,500
PR;BR-158;237,000;238,000;1,000;07/08/2023;-24,094341;-52,3837378;7,500
PR;BR-158;238,000;239,000;1,000;07/08/2023;-24,1547106;-52,416666;7,500
PR;BR-158;239,000;240,000;1,000;07/08/2023;-24,1547106;-52,416666;5,000
PR;BR-158;240,000;241,000;1,000;07/08/2023;-24,1547106;-52,416666;7,500
PR;BR-158;241,000;242,000;1,000;07/08/2023;-24,1547106;-52,416666;7,500
PR;BR-158;242,000;243,000;1,000;07/08/2023;-24,1547106;-52,416666;22,500
PR;BR-158;243,000;244,000;1,000;07/08/2023;-24,1547106;-52,416666;5,000
PR;BR-158;244,000;245,000;1,000;07/08/2023;-24,1547106;-52,416666;20,000
PR;BR-158;245,000;246,000;1,000;07/08/2023;-24,1547106;-52,416666;5,000
PR;BR-158;246,000;247,000;1,000;07/08/2023;-24,1547106;-52,416666;5,000
PR;BR-158;247,000;248,000;1,000;07/08/2023;-24,1547106;-52,416666;7,500
PR;BR-158;248,000;249,000;1,000;07/08/2023;-24,1547106;-52,416666;7,500
PR;BR-158;249,000;250,000;1,000;07/08/2023;-24,1547106;-52,416666;5,000
PR;BR-158;250,000;251,000;1,000;07/08/2023;-24,1547106;-52,416666;7,500
PR;BR-158;251,000;252,000;1,000;07/08/2023;-24,1547106;-52,416666;5,000
PR;BR-158;252,000;253,000;1,000;07/08/2023;-24,1547106;-52,416666;7,500
PR;BR-158;253,000;254,000;1,000;07/08/2023;-24,1547106;-52,416666;5,000
PR;BR-158;254,000;255,000;1,000;07/08/2023;-24,1547106;-52,416666;20,000
PR;BR-158;255,000;256,000;1,000;07/08/2023;-24,1547106;-52,416666;5,000
PR;BR-158;256,000;257,000;1,000;07/08/2023;-24,1547106;-52,416666;22,500
PR;BR-158;257,000;258,000;1,000;07/08/2023;-24,1547106;-52,416666;7,500
PR;BR-158;258,000;259,000;1,000;07/08/2023;-24,1547106;-52,416666;22,500
PR;BR-158;259,000;260,000;1,000;07/08/2023;-24,1547106;-52,416666;7,500
PR;BR-158;260,000;261,000;1,000;07/08/2023;-24,1547106;-52,416666;7,500
PR;BR-158;261,000;262,000;1,000;07/08/2023;-24,1547106;-52,416666;22,500
PR;BR-158;262,000;263,000;1,000;07/08/2023;-24,1547106;-52,416666;22,500
PR;BR-158;263,000;264,000;1,000;07/08/2023;-24,1547106;-52,416666;7,500
PR;BR-158;264,000;265,000;1,000;07/08/2023;-24,1547106;-52,416666;7,500
PR;BR-158;265,000;266,000;1,000;07/08/2023;-24,1547106;-52,416666;7,500
PR;BR-158;266,000;267,000;1,000;07/08/2023;-24,1547106;-52,416666;7,500
PR;BR-158;267,000;268,000;1,000;07/08/2023;-24,1547106;-52,416666;7,500
PR;BR-158;268,000;269,000;1,000;07/08/2023;-24,1547106;-52,416666;7,500
PR;BR-158;269,000;270,000;1,000;07/08/2023;-24,1547106;-52,416666;7,500
PR;BR-158;270,000;271,000;1,000;07/08/2023;-24,1547106;-52,416666;7,500
PR;BR-158;271,000;272,000;1,000;07/08/2023;-24,1547106;-52,416666;7,500
PR;BR-158;272,000;273,000;1,000;07/08/2023;-24,1547106;-52,416666;22,500
PR;BR-158;273,000;274,000;1,000;07/08/2023;-24,1547106;-52,416666;7,500
PR;BR-158;274,000;275,000;1,000;07/08/2023;-24,1547106;-52,416666;7,500
PR;BR-158;275,000;276,000;1,000;07/08/2023;-24,1547106;-52,416666;7,500
PR;BR-158;276,000;277,000;1,000;07/08/2023;-24,1547106;-52,416666;17,500
PR;BR-158;277,000;278,000;1,000;07/08/2023;-24,1547106;-52,416666;22,500
PR;BR-158;278,000;279,000;1,000;07/08/2023;-24,1547106;-52,416666;7,500
PR;BR-158;279,000;280,000;1,000;07/08/2023;-24,1547106;-52,416666;7,500
PR;BR-158;280,000;281,000;1,000;07/08/2023;-24,1547106;-52,416666;7,500
PR;BR-158;281,000;282,000;1,000;07/08/2023;-24,1547106;-52,416666;7,500
PR;BR-158;282,000;283,000;1,000;07/08/2023;-24,1547106;-52,416666;7,500
PR;BR-158;283,000;284,000;1,000;07/08/2023;-24,1547106;-52,416666;7,500
PR;BR-158;284,000;285,000;1,000;07/08/2023;-24,1547106;-52,416666;22,500
PR;BR-158;285,000;286,000;1,000;07/08/2023;-24,1547106;-52,416666;7,500
PR;BR-158;286,000;287,000;1,000;07/08/2023;-24,1547106;-52,416666;7,500
PR;BR-158;287,000;288,000;1,000;07/08/2023;-24,1547106;-52,416666;7,500
PR;BR-158;288,000;289,000;1,000;07/08/2023;-24,1547106;-52,416666;7,500
PR;BR-158;289,000;290,000;1,000;07/08/2023;-24,1547106;-52,416666;7,500
PR;BR-158;290,000;291,000;1,000;07/08/2023;-24,1547106;-52,416666;7,500
PR;BR-158;291,000;292,000;1,000;07/08/2023;-24,1547106;-52,416666;22,500
PR;BR-158;292,000;293,000;1,000;07/08/2023;-24,1547106;-52,416666;22,500
PR;BR-158;293,000;294,000;1,000;07/08/2023;-24,1547106;-52,416666;22,500
PR;BR-158;294,000;295,000;1,000;07/08/2023;-24,1547106;-52,416666;22,500
MG;BR-265;564,240;564,650;0,410;08/08/2023;-20,9041585;-46,4436371;70,000
MG;BR-265;559,350;559,750;0,400;08/08/2023;-20,8783941;-46,3697091;71,250
MG;BR-265;550,600;551,450;0,850;08/08/2023;-20,8739437;-46,3647573;73,750
MG;BR-265;585,500;586,000;0,500;08/08/2023;-21,018822;-46,6059321;71,250
MG;BR-265;586,000;586,800;0,800;08/08/2023;-21,0191716;-46,59577;72,500
CE;BR-404;0,000;1,000;1,000;08/08/2023;0;0;47,500
CE;BR-404;1,000;2,000;1,000;08/08/2023;0;0;47,500
CE;BR-404;2,000;3,000;1,000;08/08/2023;0;0;75,000
CE;BR-404;3,000;4,000;1,000;08/08/2023;0;0;73,750
CE;BR-404;4,000;5,000;1,000;08/08/2023;0;0;40,000
CE;BR-404;5,000;6,000;1,000;08/08/2023;0;0;52,500
CE;BR-404;6,000;7,000;1,000;08/08/2023;0;0;60,000
CE;BR-404;7,000;8,000;1,000;08/08/2023;0;0;73,750
CE;BR-404;8,000;9,000;1,000;08/08/2023;0;0;67,500
CE;BR-404;9,000;10,000;1,000;08/08/2023;0;0;70,000
CE;BR-404;10,000;11,000;1,000;08/08/2023;0;0;55,000
CE;BR-404;11,000;12,000;1,000;08/08/2023;0;0;52,500
CE;BR-404;12,000;13,000;1,000;08/08/2023;0;0;47,500
CE;BR-404;13,000;14,000;1,000;08/08/2023;0;0;87,500
CE;BR-404;14,000;15,000;1,000;08/08/2023;-4,62095166;-41,1286733;87,500
CE;BR-404;15,000;16,000;1,000;08/08/2023;-4,62095166;-41,1286733;81,250
CE;BR-404;16,000;17,000;1,000;08/08/2023;-4,62095166;-41,1286733;73,750
CE;BR-404;17,000;18,000;1,000;08/08/2023;-4,62095166;-41,1286733;77,500
CE;BR-404;18,000;19,000;1,000;08/08/2023;-4,62095166;-41,1286733;82,500
CE;BR-404;19,000;20,000;1,000;08/08/2023;-4,64866666;-41,0876216;95,000
CE;BR-404;20,000;21,000;1,000;08/08/2023;-4,64866666;-41,0876216;95,000
CE;BR-404;21,000;22,000;1,000;08/08/2023;-4,64866666;-41,0876216;95,000
CE;BR-404;22,000;23,000;1,000;08/08/2023;-4,64866666;-41,0876216;91,250
CE;BR-404;23,000;24,000;1,000;08/08/2023;-4,66211833;-41,0621383;88,750
CE;BR-404;24,000;25,000;1,000;08/08/2023;-4,66211833;-41,0621383;80,000
CE;BR-404;25,000;26,000;1,000;08/08/2023;-4,66211833;-41,0621383;67,500
CE;BR-404;26,000;27,000;1,000;08/08/2023;-4,66211833;-41,0621383;88,750
CE;BR-404;27,000;28,000;1,000;08/08/2023;-4,66211833;-41,0621383;73,750
CE;BR-404;28,000;29,000;1,000;08/08/2023;-4,66211833;-41,0621383;67,500
CE;BR-404;29,000;30,000;1,000;08/08/2023;-4,66211833;-41,0621383;73,750
CE;BR-404;30,000;31,000;1,000;08/08/2023;-4,66211833;-41,0621383;67,500
CE;BR-404;31,000;32,000;1,000;08/08/2023;-4,66211833;-41,0621383;67,500
CE;BR-404;32,000;33,000;1,000;08/08/2023;-4,70406166;-40,987985;73,750
CE;BR-404;33,000;34,000;1,000;08/08/2023;-4,70406166;-40,987985;71,250
CE;BR-404;34,000;35,000;1,000;08/08/2023;-4,70406166;-40,987985;71,250
CE;BR-404;35,000;36,000;1,000;08/08/2023;-4,70406166;-40,987985;67,500
CE;BR-404;36,000;37,000;1,000;08/08/2023;-4,70406166;-40,987985;67,500
CE;BR-404;37,000;38,000;1,000;08/08/2023;-4,70406166;-40,987985;71,250
CE;BR-404;38,000;39,000;1,000;08/08/2023;-4,70406166;-40,987985;67,500
CE;BR-404;39,000;40,000;1,000;08/08/2023;-4,70406166;-40,987985;75,000
CE;BR-404;40,000;41,000;1,000;08/08/2023;-4,70406166;-40,987985;67,500
CE;BR-226;344,400;345,000;0,600;08/08/2023;-5,12803333;-40,6795933;67,500
CE;BR-226;345,000;346,000;1,000;08/08/2023;-5,17182;-40,7247883;67,500
CE;BR-226;346,000;347,000;1,000;08/08/2023;-5,17182;-40,7247883;67,500
CE;BR-226;347,000;348,000;1,000;08/08/2023;-5,17182;-40,7247883;67,500
CE;BR-226;348,000;349,000;1,000;08/08/2023;-5,17182;-40,7247883;73,750
CE;BR-226;349,000;350,000;1,000;08/08/2023;-5,17182;-40,7247883;67,500
CE;BR-226;350,000;351,000;1,000;08/08/2023;-5,17182;-40,7247883;67,500
CE;BR-226;351,000;352,000;1,000;08/08/2023;-5,13680833;-40,76669;67,500
CE;BR-226;352,000;353,000;1,000;08/08/2023;-5,13680833;-40,76669;75,000
CE;BR-226;353,000;354,000;1,000;08/08/2023;-5,13680833;-40,76669;67,500
CE;BR-226;354,000;355,000;1,000;08/08/2023;-5,13680833;-40,76669;67,500
CE;BR-226;355,000;356,000;1,000;08/08/2023;-5,13680833;-40,76669;71,250
CE;BR-226;356,000;357,000;1,000;08/08/2023;-5,13680833;-40,76669;75,000
CE;BR-226;357,000;358,000;1,000;08/08/2023;-5,13680833;-40,76669;67,500
CE;BR-226;358,000;359,000;1,000;08/08/2023;-5,09712833;-40,8248683;67,500
CE;BR-226;359,000;360,000;1,000;08/08/2023;-5,09712833;-40,8248683;71,250
CE;BR-226;360,000;361,000;1,000;08/08/2023;-5,09712833;-40,8248683;71,250
CE;BR-226;361,000;362,000;1,000;08/08/2023;-5,09712833;-40,8248683;75,000
CE;BR-226;362,000;363,000;1,000;08/08/2023;-5,09712833;-40,8248683;67,500
CE;BR-226;363,000;364,000;1,000;08/08/2023;-5,09712833;-40,8248683;62,500
CE;BR-226;364,000;365,000;1,000;08/08/2023;-5,09712833;-40,8248683;73,750
CE;BR-226;365,000;366,000;1,000;08/08/2023;-5,09712833;-40,8248683;67,500
CE;BR-226;366,000;367,000;1,000;08/08/2023;-5,09712833;-40,8248683;67,500
CE;BR-226;367,000;368,000;1,000;08/08/2023;-5,07064166;-40,8965716;67,500
CE;BR-226;368,000;369,000;1,000;08/08/2023;-5,07064166;-40,8965716;43,750
CE;BR-226;369,000;370,000;1,000;08/08/2023;-5,06246;-40,9118016;53,750
CE;BR-226;370,000;371,000;1,000;08/08/2023;-5,06246166;-40,9118016;22,500
CE;BR-226;371,000;372,000;1,000;08/08/2023;0;0;43,750
AM;BR-230;609,200;608,000;1,200;08/08/2023;-7,4862922;-63,0118831;46,250
AM;BR-230;608,000;607,000;1,000;08/08/2023;-7,48634833;-63,0118356;58,750
AM;BR-230;607,000;606,000;1,000;08/08/2023;-7,48634833;-63,0118356;58,750
AM;BR-230;606,000;605,000;1,000;08/08/2023;-7,48634833;-63,0118356;58,750
AM;BR-230;605,000;604,000;1,000;08/08/2023;-7,48634833;-63,0118356;65,000
AM;BR-230;604,000;603,000;1,000;08/08/2023;-7,48634833;-63,0118356;71,250
AM;BR-230;603,000;602,000;1,000;08/08/2023;-7,48634833;-63,0118356;75,000
AM;BR-230;602,000;601,000;1,000;08/08/2023;-7,48634833;-63,0118356;75,000
AM;BR-230;601,000;600,000;1,000;08/08/2023;-7,48634833;-63,0118356;68,750
AM;BR-230;600,000;599,000;1,000;08/08/2023;-7,48634833;-63,0118356;75,000
AM;BR-230;599,000;598,000;1,000;08/08/2023;-7,48634833;-63,0118356;75,000
AM;BR-230;598,000;597,000;1,000;08/08/2023;-7,4899527;-62,9232808;75,000
AM;BR-230;597,000;596,000;1,000;08/08/2023;-7,4911177;-62,9147358;38,750
AM;BR-230;596,000;595,000;1,000;08/08/2023;-7,4911177;-62,9147358;46,250
AM;BR-230;595,000;594,000;1,000;08/08/2023;-7,4911177;-62,9147358;38,750
AM;BR-230;594,000;593,000;1,000;08/08/2023;-7,4911177;-62,9147358;35,000
AM;BR-230;593,000;592,000;1,000;08/08/2023;-7,5126392;-62,8824174;20,000
AM;BR-230;592,000;591,000;1,000;08/08/2023;-7,5184785;-62,8809041;25,000
AM;BR-230;591,000;590,000;1,000;08/08/2023;-7,5184785;-62,8809041;20,000
AM;BR-230;590,000;589,000;1,000;08/08/2023;-7,540372;-62,882286;27,500
AM;BR-230;589,000;588,000;1,000;08/08/2023;-7,540372;-62,882286;25,000
AM;BR-230;588,000;587,000;1,000;08/08/2023;-7,540372;-62,882286;17,500
AM;BR-230;587,000;586,000;1,000;08/08/2023;-7,540372;-62,882286;25,000
AM;BR-230;586,000;585,000;1,000;08/08/2023;-7,540372;-62,882286;32,500
AM;BR-230;585,000;584,000;1,000;08/08/2023;-7,540372;-62,882286;32,500
AM;BR-230;584,000;583,000;1,000;08/08/2023;-7,540372;-62,882286;17,500
AM;BR-230;583,000;582,000;1,000;08/08/2023;-7,540372;-62,882286;17,500
AM;BR-230;582,000;581,000;1,000;08/08/2023;-7,540372;-62,882286;17,500
AM;BR-230;581,000;580,000;1,000;08/08/2023;-7,540372;-62,882286;17,500
AM;BR-230;580,000;579,000;1,000;08/08/2023;-7,540372;-62,882286;42,500
AM;BR-230;579,000;578,000;1,000;08/08/2023;-7,540372;-62,882286;40,000
AM;BR-230;578,000;577,000;1,000;08/08/2023;-7,540372;-62,882286;40,000
AM;BR-230;577,000;576,000;1,000;08/08/2023;-7,540372;-62,882286;25,000
AM;BR-230;576,000;575,000;1,000;08/08/2023;-7,540372;-62,882286;25,000
AM;BR-230;575,000;574,000;1,000;08/08/2023;-7,540372;-62,882286;25,000
AM;BR-230;574,000;573,000;1,000;08/08/2023;-7,540372;-62,882286;25,000
AM;BR-230;573,000;572,000;1,000;08/08/2023;-7,540372;-62,882286;25,000
AM;BR-230;572,000;571,000;1,000;08/08/2023;-7,540372;-62,882286;27,500
AM;BR-230;571,000;570,000;1,000;08/08/2023;-7,540372;-62,882286;20,000
AM;BR-230;570,000;569,000;1,000;08/08/2023;-7,540372;-62,882286;40,000
AM;BR-230;569,000;568,000;1,000;08/08/2023;-7,540372;-62,882286;40,000
AM;BR-230;568,000;567,000;1,000;08/08/2023;-7,540372;-62,882286;52,500
AM;BR-230;567,000;566,000;1,000;08/08/2023;-7,540372;-62,882286;52,500
AM;BR-230;566,000;565,000;1,000;08/08/2023;-7,540372;-62,882286;43,750
AM;BR-230;565,000;564,000;1,000;08/08/2023;-7,540372;-62,882286;40,000
AM;BR-230;564,000;563,000;1,000;08/08/2023;-7,540372;-62,882286;40,000
AM;BR-230;563,000;562,000;1,000;08/08/2023;-7,540372;-62,882286;52,500
AM;BR-230;562,000;561,000;1,000;08/08/2023;-7,540372;-62,882286;40,000
AM;BR-230;561,000;560,000;1,000;08/08/2023;-7,540372;-62,882286;43,750
AM;BR-230;560,000;559,000;1,000;08/08/2023;-7,540372;-62,882286;46,250
AM;BR-230;559,000;558,000;1,000;08/08/2023;-7,540372;-62,882286;42,500
AM;BR-230;558,000;557,000;1,000;08/08/2023;-7,540372;-62,882286;40,000
AM;BR-230;557,000;556,000;1,000;08/08/2023;-7,540372;-62,882286;40,000
AM;BR-230;556,000;555,000;1,000;08/08/2023;-7,540372;-62,882286;40,000
AM;BR-230;555,000;554,000;1,000;08/08/2023;-7,540372;-62,882286;46,250
AM;BR-230;554,000;553,000;1,000;08/08/2023;-7,540372;-62,882286;58,750
AM;BR-230;553,000;552,000;1,000;08/08/2023;-7,540372;-62,882286;46,250
AM;BR-230;552,000;551,000;1,000;08/08/2023;-7,540372;-62,882286;56,250
AM;BR-230;551,000;550,000;1,000;08/08/2023;-7,540372;-62,882286;46,250
AM;BR-230;550,000;549,000;1,000;08/08/2023;-7,540372;-62,882286;43,750
AM;BR-230;549,000;548,000;1,000;08/08/2023;-7,540372;-62,882286;56,250
AM;BR-230;548,000;547,000;1,000;08/08/2023;-7,540372;-62,882286;58,750
AM;BR-230;547,000;546,000;1,000;08/08/2023;-7,540372;-62,882286;58,750
AM;BR-230;546,000;545,000;1,000;08/08/2023;-7,540372;-62,882286;58,750
AM;BR-230;545,000;544,000;1,000;08/08/2023;-7,540372;-62,882286;58,750
AM;BR-230;544,000;543,000;1,000;08/08/2023;-7,540372;-62,882286;58,750
AM;BR-230;543,000;542,000;1,000;08/08/2023;-7,540372;-62,882286;58,750
AM;BR-230;542,000;541,000;1,000;08/08/2023;-7,540372;-62,882286;46,250
AM;BR-230;541,000;540,000;1,000;08/08/2023;-7,540372;-62,882286;56,250
AM;BR-230;540,000;539,000;1,000;08/08/2023;-7,540372;-62,882286;56,250
AM;BR-230;539,000;538,000;1,000;08/08/2023;-7,540372;-62,882286;58,750
AM;BR-230;538,000;537,000;1,000;08/08/2023;-7,540372;-62,882286;58,750
AM;BR-230;537,000;536,000;1,000;08/08/2023;-7,540372;-62,882286;52,500
AM;BR-230;536,000;535,000;1,000;08/08/2023;-7,540372;-62,882286;58,750
AM;BR-230;535,000;534,000;1,000;08/08/2023;-7,540372;-62,882286;58,750
AM;BR-230;534,000;533,000;1,000;08/08/2023;-7,540372;-62,882286;56,250
AM;BR-230;533,000;532,000;1,000;08/08/2023;-7,540372;-62,882286;56,250
AM;BR-230;532,000;531,000;1,000;08/08/2023;-7,540372;-62,882286;61,250
AM;BR-230;531,000;530,000;1,000;08/08/2023;-7,540372;-62,882286;65,000
AM;BR-230;530,000;529,000;1,000;08/08/2023;-7,540372;-62,882286;68,750
AM;BR-230;529,000;528,000;1,000;08/08/2023;-7,540372;-62,882286;68,750
AM;BR-230;528,000;527,000;1,000;08/08/2023;-7,540372;-62,882286;65,000
AM;BR-230;527,000;526,000;1,000;08/08/2023;-7,540372;-62,882286;58,750
AM;BR-230;526,000;525,000;1,000;08/08/2023;-7,540372;-62,882286;58,750
AM;BR-230;525,000;524,000;1,000;08/08/2023;-7,540372;-62,882286;75,000
AM;BR-230;524,000;523,000;1,000;08/08/2023;-7,540372;-62,882286;56,250
AM;BR-230;523,000;522,000;1,000;08/08/2023;-7,540372;-62,882286;55,000
AM;BR-230;522,000;521,000;1,000;08/08/2023;-7,540372;-62,882286;58,750
AM;BR-230;521,000;520,000;1,000;08/08/2023;-7,540372;-62,882286;62,500
AM;BR-230;520,000;519,000;1,000;08/08/2023;-7,540372;-62,882286;62,500
AM;BR-230;519,000;518,000;1,000;08/08/2023;-7,540372;-62,882286;58,750
AM;BR-230;518,000;517,000;1,000;08/08/2023;-7,540372;-62,882286;58,750
AM;BR-230;517,000;516,300;0,700;08/08/2023;-7,540372;-62,882286;56,250
AM;BR-230;516,300;515,000;1,300;08/08/2023;-7,540372;-62,882286;38,750
AM;BR-230;515,000;514,000;1,000;08/08/2023;-7,540372;-62,882286;58,750
AM;BR-230;514,000;513,000;1,000;08/08/2023;-7,540372;-62,882286;58,750
AM;BR-230;513,000;512,000;1,000;08/08/2023;-7,540372;-62,882286;58,750
AM;BR-230;512,000;511,000;1,000;08/08/2023;-7,540372;-62,882286;43,750
AM;BR-230;511,000;510,000;1,000;08/08/2023;-7,540372;-62,882286;52,500
AM;BR-230;510,000;509,000;1,000;08/08/2023;-7,540372;-62,882286;40,000
AM;BR-230;509,000;508,000;1,000;08/08/2023;-7,540372;-62,882286;52,500
AM;BR-230;508,000;507,000;1,000;08/08/2023;-7,540372;-62,882286;58,750
AM;BR-230;507,000;506,000;1,000;08/08/2023;-7,540372;-62,882286;55,000
AM;BR-230;506,000;505,000;1,000;08/08/2023;-7,540372;-62,882286;58,750
AM;BR-230;505,000;504,000;1,000;08/08/2023;-7,540372;-62,882286;55,000
AM;BR-230;504,000;503,000;1,000;08/08/2023;-7,540372;-62,882286;43,750
AM;BR-230;503,000;502,000;1,000;08/08/2023;-7,5013168;-63,0267154;52,500
AM;BR-230;502,000;501,000;1,000;08/08/2023;-7,5013168;-63,0267154;58,750
AM;BR-230;501,000;500,000;1,000;08/08/2023;-7,5013168;-63,0267154;35,000
AM;BR-230;500,000;499,000;1,000;08/08/2023;-7,5013168;-63,0267154;38,750
AM;BR-230;499,000;498,000;1,000;08/08/2023;-7,5013168;-63,0267154;47,500
AM;BR-230;498,000;497,000;1,000;08/08/2023;-7,5013168;-63,0267154;58,750
AM;BR-230;497,000;496,000;1,000;08/08/2023;-7,5013168;-63,0267154;66,250
AM;BR-230;496,000;495,000;1,000;08/08/2023;-7,5013168;-63,0267154;66,250
AM;BR-230;495,000;494,000;1,000;08/08/2023;-7,5013168;-63,0267154;58,750
AM;BR-230;494,000;493,000;1,000;08/08/2023;-7,5013168;-63,0267154;46,250
AM;BR-230;493,000;492,000;1,000;08/08/2023;-7,5013168;-63,0267154;52,500
AM;BR-230;492,000;491,000;1,000;08/08/2023;-7,5013168;-63,0267154;36,250
AM;BR-230;491,000;490,000;1,000;08/08/2023;-7,5013168;-63,0267154;58,750
AM;BR-230;490,000;489,000;1,000;08/08/2023;-7,5013168;-63,0267154;58,750
AM;BR-230;489,000;488,000;1,000;08/08/2023;-7,5013168;-63,0267154;41,250
AM;BR-230;488,000;487,000;1,000;08/08/2023;-7,5013168;-63,0267154;58,750
AM;BR-230;487,000;486,000;1,000;08/08/2023;-7,5013168;-63,0267154;58,750
AM;BR-230;486,000;485,000;1,000;08/08/2023;-7,5013168;-63,0267154;58,750
AM;BR-230;485,000;484,000;1,000;08/08/2023;-7,5011552;-62,8917542;41,250
AM;BR-230;484,000;483,000;1,000;08/08/2023;-7,5011552;-62,8917542;32,500
AM;BR-230;483,000;482,000;1,000;08/08/2023;-7,5011552;-62,8917542;43,750
AM;BR-230;482,000;481,000;1,000;08/08/2023;-7,5013168;-63,0267154;60,000
AM;BR-230;481,000;480,000;1,000;08/08/2023;-7,5013168;-63,0267154;58,750
AM;BR-230;480,000;479,000;1,000;08/08/2023;-7,5013168;-63,0267154;35,000
AM;BR-230;479,000;478,000;1,000;08/08/2023;-7,5013168;-63,0267154;52,500
AM;BR-230;478,000;477,000;1,000;08/08/2023;-7,5013168;-63,0267154;40,000
AM;BR-230;477,000;476,000;1,000;08/08/2023;-7,5013168;-63,0267154;43,750
AM;BR-230;476,000;475,000;1,000;08/08/2023;-7,5013168;-63,0267154;52,500
AM;BR-230;475,000;474,000;1,000;08/08/2023;-7,5013168;-63,0267154;45,000
AM;BR-230;474,000;473,000;1,000;08/08/2023;-7,5013168;-63,0267154;40,000
AM;BR-230;473,000;472,000;1,000;08/08/2023;-7,5013168;-63,0267154;42,500
AM;BR-230;472,000;471,000;1,000;08/08/2023;-7,5013168;-63,0267154;42,500
AM;BR-230;471,000;470,000;1,000;08/08/2023;-7,5013168;-63,0267154;32,500
AM;BR-230;470,000;469,000;1,000;08/08/2023;-7,5013168;-63,0267154;53,750
AM;BR-230;469,000;468,000;1,000;08/08/2023;-7,5013168;-63,0267154;38,750
AM;BR-230;468,000;467,000;1,000;08/08/2023;-7,5013168;-63,0267154;47,500
AM;BR-230;467,000;466,000;1,000;08/08/2023;-7,5013168;-63,0267154;31,250
AM;BR-230;466,000;465,000;1,000;08/08/2023;-7,5013168;-63,0267154;35,000
AM;BR-230;465,000;464,000;1,000;08/08/2023;-7,5013168;-63,0267154;31,250
AM;BR-230;464,000;463,000;1,000;08/08/2023;-7,5013168;-63,0267154;16,250
AM;BR-230;463,000;462,000;1,000;08/08/2023;-7,5013168;-63,0267154;67,500
AM;BR-230;462,000;461,000;1,000;08/08/2023;-7,5013168;-63,0267154;95,000
AM;BR-230;461,000;460,000;1,000;08/08/2023;-7,5013168;-63,0267154;100,000
AM;BR-230;460,000;459,000;1,000;08/08/2023;-7,5013168;-63,0267154;100,000
AM;BR-230;459,000;458,000;1,000;08/08/2023;-7,5013168;-63,0267154;100,000
AM;BR-230;458,000;457,000;1,000;08/08/2023;-7,5013168;-63,0267154;100,000
AM;BR-230;457,000;456,000;1,000;08/08/2023;-7,5013168;-63,0267154;100,000
AM;BR-230;456,000;455,000;1,000;08/08/2023;-7,5013168;-63,0267154;83,750
AM;BR-230;455,000;454,000;1,000;08/08/2023;-7,5013168;-63,0267154;83,750
AM;BR-230;454,000;453,000;1,000;08/08/2023;-7,5013168;-63,0267154;95,000
AM;BR-230;453,000;452,000;1,000;08/08/2023;-7,5013168;-63,0267154;95,000
AM;BR-230;452,000;451,000;1,000;08/08/2023;-7,5013168;-63,0267154;100,000
AM;BR-230;451,000;450,000;1,000;08/08/2023;-7,5013168;-63,0267154;100,000
AM;BR-230;450,000;449,000;1,000;08/08/2023;-7,5013168;-63,0267154;100,000
AM;BR-230;449,000;448,000;1,000;08/08/2023;-7,5013168;-63,0267154;100,000
AM;BR-230;448,000;447,000;1,000;08/08/2023;-7,5013168;-63,0267154;97,500
AM;BR-230;447,000;446,000;1,000;08/08/2023;-7,5013168;-63,0267154;100,000
AM;BR-230;446,000;445,000;1,000;08/08/2023;-7,5013168;-63,0267154;100,000
AM;BR-230;445,000;444,000;1,000;08/08/2023;-7,5013168;-63,0267154;100,000
AM;BR-230;444,000;443,000;1,000;08/08/2023;-7,5013168;-63,0267154;100,000
AM;BR-230;443,000;442,000;1,000;08/08/2023;-7,5013168;-63,0267154;100,000
AM;BR-230;442,000;441,000;1,000;08/08/2023;-7,5013168;-63,0267154;100,000
AM;BR-230;441,000;440,000;1,000;08/08/2023;-7,5013168;-63,0267154;71,250
AM;BR-230;440,000;439,000;1,000;08/08/2023;-7,5013168;-63,0267154;100,000
AM;BR-230;439,000;438,000;1,000;08/08/2023;-7,5013168;-63,0267154;100,000
AM;BR-230;438,000;437,000;1,000;08/08/2023;-7,5013168;-63,0267154;100,000
AM;BR-230;437,000;436,000;1,000;08/08/2023;-7,5013168;-63,0267154;83,750
AM;BR-230;436,000;435,000;1,000;08/08/2023;-7,5013168;-63,0267154;100,000
AM;BR-230;435,000;434,000;1,000;08/08/2023;-7,5013168;-63,0267154;100,000
AM;BR-230;434,000;433,000;1,000;08/08/2023;-7,5013168;-63,0267154;100,000
AM;BR-230;433,000;432,000;1,000;08/08/2023;-7,5013168;-63,0267154;100,000
AM;BR-230;432,000;431,000;1,000;08/08/2023;-7,5013168;-63,0267154;100,000
AM;BR-230;431,000;430,000;1,000;08/08/2023;-7,5013168;-63,0267154;5,000
AM;BR-230;430,000;429,000;1,000;08/08/2023;-7,5013168;-63,0267154;5,000
AM;BR-230;429,000;428,000;1,000;08/08/2023;-7,5013168;-63,0267154;5,000
AM;BR-230;428,000;427,000;1,000;08/08/2023;-7,5013168;-63,0267154;15,000
AM;BR-230;427,000;426,000;1,000;08/08/2023;-7,9280076;-61,5669469;15,000
AM;BR-230;426,000;425,000;1,000;08/08/2023;-7,9229509;-61,5608898;15,000
AM;BR-230;425,000;424,000;1,000;08/08/2023;-7,9229509;-61,5608898;12,500
AM;BR-230;424,000;423,000;1,000;08/08/2023;-7,9229509;-61,5608898;12,500
AM;BR-230;423,000;422,000;1,000;08/08/2023;-7,9229509;-61,5608898;18,750
AM;BR-230;422,000;421,000;1,000;08/08/2023;-7,9229509;-61,5608898;0,000
AM;BR-230;421,000;420,000;1,000;08/08/2023;-7,9229509;-61,5608898;96,250
AM;BR-230;420,000;419,000;1,000;08/08/2023;-7,9229509;-61,5608898;93,750
AM;BR-230;419,000;418,000;1,000;08/08/2023;-7,9229509;-61,5608898;93,750
AM;BR-230;418,000;417,000;1,000;08/08/2023;-7,9229509;-61,5608898;93,750
AM;BR-230;417,000;416,000;1,000;08/08/2023;-7,9229509;-61,5608898;96,250
AM;BR-230;416,000;415,000;1,000;08/08/2023;-7,9229509;-61,5608898;96,250
AM;BR-230;415,000;414,000;1,000;08/08/2023;-7,9229509;-61,5608898;96,250
AM;BR-230;414,000;413,000;1,000;08/08/2023;-7,9229509;-61,5608898;96,250
AM;BR-230;413,000;412,000;1,000;08/08/2023;-7,9229509;-61,5608898;96,250
AM;BR-230;412,000;411,000;1,000;08/08/2023;-7,9229509;-61,5608898;96,250
AM;BR-230;411,000;410,000;1,000;08/08/2023;-7,9229509;-61,5608898;96,250
AM;BR-230;410,000;409,000;1,000;08/08/2023;-7,9229509;-61,5608898;93,750
AM;BR-230;409,000;408,000;1,000;08/08/2023;-7,9229509;-61,5608898;97,500
AM;BR-230;408,000;407,000;1,000;08/08/2023;-7,9229509;-61,5608898;62,500
AM;BR-230;407,000;406,000;1,000;08/08/2023;-7,9229509;-61,5608898;86,250
AM;BR-230;406,000;405,000;1,000;08/08/2023;-7,9229509;-61,5608898;86,250
AM;BR-230;405,000;404,000;1,000;08/08/2023;-7,9229509;-61,5608898;80,000
AM;BR-230;404,000;403,000;1,000;08/08/2023;-7,9229509;-61,5608898;90,000
AM;BR-230;403,000;402,000;1,000;08/08/2023;-7,9229509;-61,5608898;78,750
AM;BR-230;402,000;401,000;1,000;08/08/2023;-7,9229509;-61,5608898;82,500
AM;BR-230;401,000;400,600;0,400;08/08/2023;-7,9229509;-61,5608898;86,250
AM;BR-230;400,600;399,000;1,600;08/08/2023;-7,9229509;-61,5608898;85,000
AM;BR-230;399,000;398,000;1,000;08/08/2023;-7,9229509;-61,5608898;88,750
AM;BR-230;398,000;397,000;1,000;08/08/2023;-7,9229509;-61,5608898;96,250
AM;BR-230;397,000;396,000;1,000;08/08/2023;-7,9229509;-61,5608898;82,500
AM;BR-230;396,000;395,000;1,000;08/08/2023;-7,9229509;-61,5608898;100,000
AM;BR-230;395,000;394,000;1,000;08/08/2023;-7,9229509;-61,5608898;93,750
AM;BR-230;394,000;393,000;1,000;08/08/2023;-7,9229509;-61,5608898;96,250
AM;BR-230;393,000;392,000;1,000;08/08/2023;-7,9229509;-61,5608898;96,250
AM;BR-230;392,000;391,000;1,000;08/08/2023;-7,9229509;-61,5608898;100,000
AM;BR-230;391,000;390,000;1,000;08/08/2023;-7,9229509;-61,5608898;85,000
AM;BR-230;390,000;389,000;1,000;08/08/2023;-7,9229509;-61,5608898;88,750
AM;BR-230;389,000;388,000;1,000;08/08/2023;-7,9229509;-61,5608898;96,250
AM;BR-230;388,000;387,000;1,000;08/08/2023;-7,9229509;-61,5608898;88,750
AM;BR-230;387,000;386,000;1,000;08/08/2023;-7,9229509;-61,5608898;96,250
AM;BR-230;386,000;385,000;1,000;08/08/2023;-7,9229509;-61,5608898;93,750
AM;BR-230;385,000;384,000;1,000;08/08/2023;-7,9229509;-61,5608898;88,750
AM;BR-230;384,000;383,000;1,000;08/08/2023;-7,9229509;-61,5608898;96,250
AM;BR-230;383,000;382,000;1,000;08/08/2023;-7,9229509;-61,5608898;96,250
AM;BR-230;382,000;381,000;1,000;08/08/2023;-7,9229509;-61,5608898;93,750
AM;BR-230;381,000;380,000;1,000;08/08/2023;-7,9229509;-61,5608898;93,750
AM;BR-230;380,000;379,000;1,000;08/08/2023;-7,9229509;-61,5608898;71,250
AM;BR-230;379,000;378,000;1,000;08/08/2023;-7,9229509;-61,5608898;82,500
AM;BR-230;378,000;377,000;1,000;08/08/2023;-7,9229509;-61,5608898;71,250
AM;BR-230;377,000;376,000;1,000;08/08/2023;-7,9229509;-61,5608898;82,500
AM;BR-230;376,000;375,000;1,000;08/08/2023;-7,9229509;-61,5608898;82,500
AM;BR-230;375,000;374,000;1,000;08/08/2023;-7,9229509;-61,5608898;86,250
AM;BR-230;374,000;373,000;1,000;08/08/2023;-7,9229509;-61,5608898;86,250
AM;BR-230;373,000;372,000;1,000;08/08/2023;-7,9229509;-61,5608898;82,500
AM;BR-230;372,000;371,000;1,000;08/08/2023;-7,9229509;-61,5608898;75,000
AM;BR-230;371,000;370,000;1,000;08/08/2023;-7,9229509;-61,5608898;87,500
AM;BR-230;370,000;369,000;1,000;08/08/2023;-7,9229509;-61,5608898;88,750
AM;BR-230;369,000;368,000;1,000;08/08/2023;-7,9229509;-61,5608898;77,500
AM;BR-230;368,000;367,000;1,000;08/08/2023;-7,9229509;-61,5608898;77,500
AM;BR-230;367,000;366,000;1,000;08/08/2023;-7,9229509;-61,5608898;90,000
AM;BR-230;366,000;365,000;1,000;08/08/2023;-7,9229509;-61,5608898;82,500
AM;BR-230;365,000;364,000;1,000;08/08/2023;-7,9229509;-61,5608898;88,750
AM;BR-230;364,000;363,000;1,000;08/08/2023;-7,9229509;-61,5608898;82,500
AM;BR-230;363,000;362,000;1,000;08/08/2023;-7,9229509;-61,5608898;85,000
AM;BR-230;362,000;361,000;1,000;08/08/2023;-7,9229509;-61,5608898;75,000
AM;BR-230;361,000;360,000;1,000;08/08/2023;-7,9229509;-61,5608898;85,000
AM;BR-230;360,000;359,000;1,000;08/08/2023;-7,9229509;-61,5608898;75,000
AM;BR-230;359,000;358,000;1,000;08/08/2023;-7,9229509;-61,5608898;77,500
AM;BR-230;358,000;357,000;1,000;08/08/2023;-7,9229509;-61,5608898;85,000
AM;BR-230;357,000;356,000;1,000;08/08/2023;-7,9229509;-61,5608898;82,500
AM;BR-230;356,000;355,000;1,000;08/08/2023;-7,9229509;-61,5608898;92,500
AM;BR-230;355,000;354,000;1,000;08/08/2023;-7,9229509;-61,5608898;75,000
AM;BR-230;354,000;353,000;1,000;08/08/2023;-7,9229509;-61,5608898;75,000
AM;BR-230;353,000;352,000;1,000;08/08/2023;-7,9229509;-61,5608898;90,000
AM;BR-230;352,000;351,000;1,000;08/08/2023;-7,9229509;-61,5608898;85,000
AM;BR-230;351,000;350,000;1,000;08/08/2023;-7,5013168;-63,0267154;85,000
AM;BR-230;350,000;349,000;1,000;08/08/2023;-7,5013168;-63,0267154;75,000
AM;BR-230;349,000;348,000;1,000;08/08/2023;-7,5013168;-63,0267154;92,500
AM;BR-230;348,000;347,000;1,000;08/08/2023;-7,5013168;-63,0267154;75,000
AM;BR-230;347,000;346,000;1,000;08/08/2023;-7,5013168;-63,0267154;88,750
AM;BR-230;346,000;345,000;1,000;08/08/2023;-7,5013168;-63,0267154;85,000
AM;BR-230;345,000;344,000;1,000;08/08/2023;-7,5013168;-63,0267154;92,500
AM;BR-230;344,000;343,000;1,000;08/08/2023;-7,5013168;-63,0267154;82,500
AM;BR-230;343,000;342,000;1,000;08/08/2023;-7,5013168;-63,0267154;85,000
AM;BR-230;342,000;341,000;1,000;08/08/2023;-7,5013168;-63,0267154;82,500
AM;BR-230;341,000;340,000;1,000;08/08/2023;-7,5013168;-63,0267154;86,250
AM;BR-230;340,000;339,000;1,000;08/08/2023;-7,5013168;-63,0267154;75,000
AM;BR-230;339,000;338,000;1,000;08/08/2023;-7,5013168;-63,0267154;77,500
AM;BR-230;338,000;337,000;1,000;08/08/2023;-7,5013168;-63,0267154;85,000
AM;BR-230;337,000;336,000;1,000;08/08/2023;-7,5013168;-63,0267154;75,000
AM;BR-230;336,000;335,000;1,000;08/08/2023;-7,5013168;-63,0267154;82,500
AM;BR-230;335,000;334,000;1,000;08/08/2023;-7,5013168;-63,0267154;82,500
AM;BR-230;334,000;333,000;1,000;08/08/2023;-7,5013168;-63,0267154;75,000
AM;BR-230;333,000;332,000;1,000;08/08/2023;-7,5013168;-63,0267154;77,500
AM;BR-230;332,000;331,000;1,000;08/08/2023;-7,5013168;-63,0267154;77,500
AM;BR-230;331,000;330,000;1,000;08/08/2023;-7,5013168;-63,0267154;75,000
AM;BR-230;330,000;329,000;1,000;08/08/2023;-7,5013168;-63,0267154;75,000
AM;BR-230;329,000;328,000;1,000;08/08/2023;-7,5013168;-63,0267154;75,000
AM;BR-230;328,000;327,000;1,000;08/08/2023;-7,5013168;-63,0267154;75,000
AM;BR-230;327,000;326,000;1,000;08/08/2023;-7,5013168;-63,0267154;75,000
AM;BR-230;326,000;325,000;1,000;08/08/2023;-7,5013168;-63,0267154;77,500
AM;BR-230;325,000;324,000;1,000;08/08/2023;-7,5013168;-63,0267154;75,000
AM;BR-230;324,000;323,000;1,000;08/08/2023;-7,5013168;-63,0267154;85,000
AM;BR-230;323,000;322,000;1,000;08/08/2023;-7,5013168;-63,0267154;75,000
AM;BR-230;322,000;321,000;1,000;08/08/2023;-7,5013168;-63,0267154;77,500
AM;BR-230;321,000;320,000;1,000;08/08/2023;-7,5013168;-63,0267154;77,500
AM;BR-230;320,000;319,000;1,000;08/08/2023;-7,5013168;-63,0267154;81,250
AM;BR-230;319,000;318,000;1,000;08/08/2023;-7,5013168;-63,0267154;82,500
AM;BR-230;318,000;317,000;1,000;08/08/2023;-7,5013168;-63,0267154;75,000
AM;BR-230;317,000;316,000;1,000;08/08/2023;-7,5013168;-63,0267154;65,000
AM;BR-230;316,000;315,000;1,000;08/08/2023;-7,5013168;-63,0267154;82,500
AM;BR-230;315,000;314,800;0,200;08/08/2023;-7,5013168;-63,0267154;75,000
AM;BR-230;314,400;313,000;1,400;08/08/2023;-7,5013168;-63,0267154;71,250
AM;BR-230;313,000;312,000;1,000;08/08/2023;-7,5237099;-60,6696188;71,250
AM;BR-230;312,000;311,000;1,000;08/08/2023;-7,5237099;-60,6696188;73,750
AM;BR-230;311,000;310,000;1,000;08/08/2023;-7,5013168;-63,0267154;75,000
AM;BR-230;310,000;309,000;1,000;08/08/2023;-7,5013168;-63,0267154;73,750
AM;BR-230;309,000;308,000;1,000;08/08/2023;-7,5013168;-63,0267154;82,500
AM;BR-230;308,000;307,000;1,000;08/08/2023;-7,5013168;-63,0267154;82,500
AM;BR-230;307,000;306,000;1,000;08/08/2023;-7,5013168;-63,0267154;85,000
AM;BR-230;306,000;305,000;1,000;08/08/2023;-7,5013168;-63,0267154;75,000
AM;BR-230;305,000;304,000;1,000;08/08/2023;-7,5013168;-63,0267154;75,000
AM;BR-230;304,000;303,000;1,000;08/08/2023;-7,5013168;-63,0267154;75,000
AM;BR-230;303,000;302,000;1,000;08/08/2023;-7,5013168;-63,0267154;92,500
AM;BR-230;302,000;301,000;1,000;08/08/2023;-7,5013168;-63,0267154;78,750
AM;BR-230;301,000;300,000;1,000;08/08/2023;-7,5013168;-63,0267154;88,750
AM;BR-230;300,000;299,000;1,000;08/08/2023;-7,5013168;-63,0267154;75,000
AM;BR-230;299,000;298,000;1,000;08/08/2023;-7,5013168;-63,0267154;62,500
AM;BR-230;298,000;297,000;1,000;08/08/2023;-7,5013168;-63,0267154;82,500
AM;BR-230;297,000;296,000;1,000;08/08/2023;-7,5013168;-63,0267154;78,750
AM;BR-230;296,000;295,000;1,000;08/08/2023;-7,5013168;-63,0267154;75,000
AM;BR-230;295,000;294,000;1,000;08/08/2023;-7,5013168;-63,0267154;82,500
AM;BR-230;294,000;293,000;1,000;08/08/2023;-7,5013168;-63,0267154;75,000
AM;BR-230;293,000;292,000;1,000;08/08/2023;-7,5013168;-63,0267154;73,750
AM;BR-230;292,000;291,000;1,000;08/08/2023;-7,5013168;-63,0267154;85,000
AM;BR-230;291,000;290,000;1,000;08/08/2023;-7,5013168;-63,0267154;73,750
AM;BR-230;290,000;289,000;1,000;08/08/2023;-7,5013168;-63,0267154;77,500
AM;BR-230;289,000;288,000;1,000;08/08/2023;-7,5013168;-63,0267154;75,000
AM;BR-230;288,000;287,000;1,000;08/08/2023;-7,5013168;-63,0267154;75,000
AM;BR-230;287,000;286,000;1,000;08/08/2023;-7,5013168;-63,0267154;77,500
AM;BR-230;286,000;285,000;1,000;08/08/2023;-7,5013168;-63,0267154;77,500
AM;BR-230;285,000;284,000;1,000;08/08/2023;-7,5013168;-63,0267154;75,000
AM;BR-230;284,000;283,000;1,000;08/08/2023;-7,5013168;-63,0267154;82,500
AM;BR-230;283,000;282,000;1,000;08/08/2023;-7,5013168;-63,0267154;75,000
AM;BR-230;282,000;281,000;1,000;08/08/2023;-7,5013168;-63,0267154;77,500
AM;BR-230;281,000;280,000;1,000;08/08/2023;-7,5013168;-63,0267154;77,500
AM;BR-230;280,000;279,000;1,000;08/08/2023;-7,5013168;-63,0267154;77,500
AM;BR-230;279,000;278,000;1,000;08/08/2023;-7,5013168;-63,0267154;77,500
AM;BR-230;278,000;277,000;1,000;08/08/2023;-7,5013168;-63,0267154;77,500
AM;BR-230;277,000;276,000;1,000;08/08/2023;-7,5013168;-63,0267154;77,500
AM;BR-230;276,000;275,000;1,000;08/08/2023;-7,5013168;-63,0267154;77,500
AM;BR-230;275,000;274,000;1,000;08/08/2023;-7,5013168;-63,0267154;65,000
AM;BR-230;274,000;273,000;1,000;08/08/2023;-7,5013168;-63,0267154;85,000
AM;BR-230;273,000;272,000;1,000;08/08/2023;-7,5013168;-63,0267154;71,250
AM;BR-230;272,000;271,000;1,000;08/08/2023;-7,5013168;-63,0267154;77,500
AM;BR-230;271,000;270,000;1,000;08/08/2023;-7,5013168;-63,0267154;75,000
AM;BR-230;270,000;269,000;1,000;08/08/2023;-7,5013168;-63,0267154;75,000
AM;BR-230;269,000;268,000;1,000;08/08/2023;-7,5013168;-63,0267154;77,500
AM;BR-230;268,000;267,000;1,000;08/08/2023;-7,5013168;-63,0267154;82,500
AM;BR-230;267,000;266,000;1,000;08/08/2023;-7,5013168;-63,0267154;82,500
AM;BR-230;266,000;265,000;1,000;08/08/2023;-7,5013168;-63,0267154;75,000
AM;BR-230;265,000;264,000;1,000;08/08/2023;-7,5013168;-63,0267154;75,000
AM;BR-230;264,000;263,000;1,000;08/08/2023;-7,5013168;-63,0267154;75,000
AM;BR-230;263,000;262,000;1,000;08/08/2023;-7,5013168;-63,0267154;77,500
AM;BR-230;262,000;261,000;1,000;08/08/2023;-7,5013168;-63,0267154;77,500
AM;BR-230;261,000;260,000;1,000;08/08/2023;-7,5013168;-63,0267154;77,500
AM;BR-230;260,000;259,000;1,000;08/08/2023;-7,5013168;-63,0267154;77,500
AM;BR-230;259,000;258,000;1,000;08/08/2023;-7,5013168;-63,0267154;77,500
AM;BR-230;258,000;257,000;1,000;08/08/2023;-7,5013168;-63,0267154;77,500
AM;BR-230;257,000;256,000;1,000;08/08/2023;-7,5013168;-63,0267154;77,500
AM;BR-230;256,000;255,000;1,000;08/08/2023;-7,5013168;-63,0267154;77,500
AM;BR-230;255,000;254,000;1,000;08/08/2023;-7,5013168;-63,0267154;77,500
AM;BR-230;254,000;253,000;1,000;08/08/2023;-7,5013168;-63,0267154;77,500
AM;BR-230;253,000;252,000;1,000;08/08/2023;-7,5013168;-63,0267154;77,500
AM;BR-230;252,000;251,000;1,000;08/08/2023;-7,5013168;-63,0267154;75,000
AM;BR-230;251,000;250,000;1,000;08/08/2023;-7,5013168;-63,0267154;77,500
AM;BR-230;250,000;249,000;1,000;08/08/2023;-7,5013168;-63,0267154;71,250
AM;BR-230;249,000;248,000;1,000;08/08/2023;-7,5013168;-63,0267154;71,250
AM;BR-230;248,000;247,000;1,000;08/08/2023;-7,5013168;-63,0267154;77,500
AM;BR-230;247,000;246,000;1,000;08/08/2023;-7,5013168;-63,0267154;77,500
AM;BR-230;246,000;245,000;1,000;08/08/2023;-7,5013168;-63,0267154;77,500
AM;BR-230;245,000;244,000;1,000;08/08/2023;-7,5013168;-63,0267154;77,500
AM;BR-230;244,000;243,000;1,000;08/08/2023;-7,5013168;-63,0267154;77,500
AM;BR-230;243,000;242,000;1,000;08/08/2023;-7,5013168;-63,0267154;85,000
AM;BR-230;242,000;241,000;1,000;08/08/2023;-7,5013168;-63,0267154;77,500
AM;BR-230;241,000;240,000;1,000;08/08/2023;-7,5013168;-63,0267154;71,250
AM;BR-230;240,000;239,000;1,000;08/08/2023;-7,5013168;-63,0267154;65,000
AM;BR-230;239,000;238,000;1,000;08/08/2023;-7,5013168;-63,0267154;75,000
AM;BR-230;238,000;237,000;1,000;08/08/2023;-7,5013168;-63,0267154;75,000
AM;BR-230;237,000;236,000;1,000;08/08/2023;-7,5013168;-63,0267154;75,000
AM;BR-230;236,000;235,000;1,000;08/08/2023;-7,5013168;-63,0267154;71,250
AM;BR-230;235,000;234,000;1,000;08/08/2023;-7,5013168;-63,0267154;77,500
AM;BR-230;234,000;233,000;1,000;08/08/2023;-7,5013168;-63,0267154;77,500
AM;BR-230;233,000;232,000;1,000;08/08/2023;-7,5013168;-63,0267154;71,250
AM;BR-230;232,000;231,000;1,000;08/08/2023;-7,5013168;-63,0267154;85,000
AM;BR-230;231,000;230,000;1,000;08/08/2023;-7,5013168;-63,0267154;75,000
AM;BR-230;230,000;229,000;1,000;08/08/2023;-7,5013168;-63,0267154;85,000
AM;BR-230;229,000;228,000;1,000;08/08/2023;-7,5013168;-63,0267154;75,000
AM;BR-230;228,000;227,000;1,000;08/08/2023;-7,5013168;-63,0267154;77,500
AM;BR-230;227,000;226,000;1,000;08/08/2023;-7,5013168;-63,0267154;93,750
AM;BR-230;226,000;225,000;1,000;08/08/2023;-7,5013168;-63,0267154;77,500
AM;BR-230;225,000;224,000;1,000;08/08/2023;-7,5013168;-63,0267154;85,000
AM;BR-230;224,000;223,000;1,000;08/08/2023;-7,5013168;-63,0267154;85,000
AM;BR-230;223,000;222,000;1,000;08/08/2023;-7,5013168;-63,0267154;85,000
AM;BR-230;222,000;221,000;1,000;08/08/2023;-7,5013168;-63,0267154;85,000
AM;BR-230;221,000;220,000;1,000;08/08/2023;-7,5013168;-63,0267154;75,000
AM;BR-230;220,000;219,000;1,000;08/08/2023;-7,5013168;-63,0267154;77,500
AM;BR-230;219,000;218,000;1,000;08/08/2023;-7,5013168;-63,0267154;71,250
AM;BR-230;218,000;217,000;1,000;08/08/2023;-7,5013168;-63,0267154;75,000
AM;BR-230;217,000;216,000;1,000;08/08/2023;-7,199758;-59,8921381;75,000
AM;BR-230;216,000;215,000;1,000;08/08/2023;-7,2008703;-59,8910552;77,500
AM;BR-230;215,000;214,000;1,000;08/08/2023;-7,2008703;-59,8910552;77,500
AM;BR-230;214,000;213,200;0,800;08/08/2023;-7,2038446;-59,895537;77,500
MG;BR-352;66,000;67,000;1,000;09/08/2023;-18,6052287;-46,5155256;28,750
MG;BR-352;67,000;68,000;1,000;09/08/2023;-18,6052373;-46,5155186;28,750
MG;BR-352;68,000;69,000;1,000;09/08/2023;-18,6052208;-46,5155376;51,250
MG;BR-352;69,000;70,000;1,000;09/08/2023;-18,6052156;-46,5155312;48,750
MG;BR-352;70,000;71,000;1,000;09/08/2023;-18,6052261;-46,515532;56,250
MG;BR-352;71,000;72,000;1,000;09/08/2023;-18,6052275;-46,5155302;37,500
MG;BR-352;72,000;73,000;1,000;09/08/2023;-18,605234;-46,5155267;23,750
MG;BR-352;73,000;74,000;1,000;09/08/2023;-18,6052236;-46,5155225;23,750
MG;BR-352;74,000;75,000;1,000;09/08/2023;-18,6052307;-46,5155272;56,250
MG;BR-352;75,000;76,000;1,000;09/08/2023;-18,6052209;-46,5155226;33,750
MG;BR-352;76,000;77,000;1,000;09/08/2023;-18,6052209;-46,5155226;30,000
MG;BR-352;77,000;78,000;1,000;09/08/2023;-18,6052209;-46,5155226;28,750
MG;BR-352;78,000;79,000;1,000;09/08/2023;-18,6052209;-46,5155226;61,250
MG;BR-352;79,000;80,000;1,000;09/08/2023;-18,6052209;-46,5155226;47,500
MG;BR-352;80,000;81,000;1,000;09/08/2023;-18,605235;-46,5155277;28,750
MG;BR-352;81,000;82,000;1,000;09/08/2023;-18,6052215;-46,5155201;38,750
MG;BR-352;82,000;83,000;1,000;09/08/2023;-18,6052192;-46,5155229;17,500
MG;BR-352;83,000;84,000;1,000;09/08/2023;-18,6052204;-46,515521;36,250
MG;BR-352;84,000;85,000;1,000;09/08/2023;-18,605215;-46,5155299;32,500
MG;BR-352;85,000;86,000;1,000;09/08/2023;-18,605217;-46,5155289;17,500
MG;BR-352;86,000;87,000;1,000;09/08/2023;-18,6052208;-46,5155263;41,250
MG;BR-352;87,000;88,000;1,000;09/08/2023;-18,6052205;-46,5155235;45,000
MG;BR-352;88,000;89,000;1,000;09/08/2023;-18,6052312;-46,5155289;72,500
MG;BR-352;89,000;90,000;1,000;09/08/2023;-18,6052322;-46,5155254;65,000
MG;BR-352;90,000;91,000;1,000;09/08/2023;-18,6052249;-46,5155386;65,000
MG;BR-352;91,000;92,000;1,000;09/08/2023;-18,6052199;-46,5155332;52,500
MG;BR-352;92,000;93,000;1,000;09/08/2023;-18,605226;-46,5155195;45,000
MG;BR-352;93,000;94,000;1,000;09/08/2023;-18,6052263;-46,5155174;38,750
MG;BR-352;94,000;95,000;1,000;09/08/2023;-18,6052205;-46,5155184;51,250
MG;BR-352;95,000;96,000;1,000;09/08/2023;-18,6052314;-46,5155174;31,250
MG;BR-352;96,000;97,000;1,000;09/08/2023;-18,6052327;-46,5155277;37,500
MG;BR-352;97,000;98,000;1,000;09/08/2023;-18,6052266;-46,5155197;37,500
MG;BR-352;98,000;99,000;1,000;09/08/2023;-18,6052154;-46,515524;30,000
MG;BR-352;99,000;100,000;1,000;09/08/2023;-18,6052188;-46,5155273;23,750
MG;BR-352;100,000;101,000;1,000;09/08/2023;-18,6052181;-46,5155165;51,250
MG;BR-352;101,000;102,000;1,000;09/08/2023;-18,6052147;-46,5155262;28,750
MG;BR-352;102,000;103,000;1,000;09/08/2023;-18,605215;-46,515531;60,000
MG;BR-352;103,000;104,000;1,000;09/08/2023;-18,6052271;-46,5155247;66,250
MG;BR-352;104,000;105,000;1,000;09/08/2023;-18,605217;-46,5155216;42,500
MG;BR-352;105,000;106,000;1,000;09/08/2023;-18,6052249;-46,5155206;31,250
MG;BR-352;106,000;107,000;1,000;09/08/2023;-18,6069463;-46,5173149;3,750
MG;BR-352;107,000;108,000;1,000;09/08/2023;-18,6069463;-46,5173149;22,500
MG;BR-352;108,000;109,000;1,000;09/08/2023;-18,6069463;-46,5173149;16,250
MG;BR-352;109,000;110,000;1,000;09/08/2023;-18,6052272;-46,5155281;16,250
MG;BR-352;110,000;111,000;1,000;09/08/2023;-18,6052272;-46,5155281;16,250
MG;BR-352;111,000;112,000;1,000;09/08/2023;-18,605231;-46,5155255;22,500
MG;BR-352;112,000;113,000;1,000;09/08/2023;-18,6052134;-46,5155356;37,500
MG;BR-352;113,000;114,000;1,000;09/08/2023;-18,6052229;-46,5155182;43,750
MG;BR-352;114,000;115,000;1,000;09/08/2023;-18,6052345;-46,5155178;37,500
MG;BR-352;115,000;116,000;1,000;09/08/2023;-18,6052265;-46,5155148;41,250
MG;BR-352;116,000;117,000;1,000;09/08/2023;-18,60522;-46,5155225;30,000
MG;BR-352;117,000;118,000;1,000;09/08/2023;-18,6052354;-46,5155293;17,500
MG;BR-352;118,000;119,000;1,000;09/08/2023;-18,605228;-46,5155316;17,500
MG;BR-352;119,000;120,000;1,000;09/08/2023;-18,6052233;-46,5155184;17,500
MG;BR-352;120,000;121,000;1,000;09/08/2023;-18,6052279;-46,5155168;22,500
MG;BR-352;121,000;122,000;1,000;09/08/2023;-18,6052339;-46,5155248;17,500
MG;BR-352;122,000;123,000;1,000;09/08/2023;-18,6052212;-46,5155211;17,500
MG;BR-352;123,000;124,000;1,000;09/08/2023;-18,6052333;-46,5155154;17,500
MG;BR-352;124,000;125,000;1,000;09/08/2023;-18,6052053;-46,5155255;17,500
MG;BR-352;125,000;126,000;1,000;09/08/2023;-18,6052291;-46,5155267;17,500
MG;BR-352;126,000;127,000;1,000;09/08/2023;-18,6052278;-46,5155169;17,500
MG;BR-352;127,000;128,000;1,000;09/08/2023;-18,6052278;-46,5155169;17,500
MG;BR-352;128,000;129,000;1,000;09/08/2023;-18,6052163;-46,5155224;31,250
MG;BR-352;129,000;130,000;1,000;09/08/2023;-18,6052307;-46,5155228;32,500
MG;BR-352;130,000;131,000;1,000;09/08/2023;-18,6052287;-46,5155285;32,500
MG;BR-352;131,000;132,000;1,000;09/08/2023;-18,6052322;-46,5155304;42,500
MG;BR-352;132,000;133,000;1,000;09/08/2023;-18,605215;-46,5155265;58,750
MG;BR-352;133,000;134,000;1,000;09/08/2023;-18,6052191;-46,5155273;37,500
MG;BR-352;134,000;135,000;1,000;09/08/2023;-18,6052214;-46,515518;46,250
MG;BR-352;135,000;136,000;1,000;09/08/2023;-18,6052167;-46,5155282;37,500
MG;BR-352;136,000;137,000;1,000;09/08/2023;-18,6052224;-46,515531;31,250
MG;BR-352;137,000;138,000;1,000;09/08/2023;-18,6052104;-46,5155214;16,250
MG;BR-352;138,000;139,000;1,000;09/08/2023;-18,6052303;-46,515529;22,500
MG;BR-352;139,000;140,000;1,000;09/08/2023;-18,6052148;-46,5155323;38,750
MG;BR-352;140,000;141,000;1,000;09/08/2023;-18,6052163;-46,5155215;66,250
MG;BR-352;141,000;142,000;1,000;09/08/2023;-18,60522;-46,5155326;77,500
MG;BR-352;142,000;143,000;1,000;09/08/2023;-18,6048572;-46,5131031;63,750
MG;BR-352;143,000;144,000;1,000;09/08/2023;-18,6052206;-46,515528;66,250
MG;BR-352;144,000;145,000;1,000;09/08/2023;-18,6052206;-46,515528;73,750
MG;BR-352;145,000;146,000;1,000;09/08/2023;-18,6052206;-46,515528;71,250
MG;BR-352;146,000;147,000;1,000;09/08/2023;-18,6052416;-46,5155287;42,500
MG;BR-352;147,000;148,000;1,000;09/08/2023;-18,6052416;-46,5155287;32,500
MG;BR-352;148,000;149,000;1,000;09/08/2023;-18,6052199;-46,5155231;32,500
MG;BR-352;149,000;150,000;1,000;09/08/2023;-18,6069463;-46,5173149;32,500
MG;BR-352;150,000;151,000;1,000;09/08/2023;-18,6069463;-46,5173149;53,750
MG;BR-352;151,000;152,000;1,000;09/08/2023;-18,6069463;-46,5173149;46,250
MG;BR-352;152,000;153,000;1,000;09/08/2023;-18,6052309;-46,5155155;38,750
MG;BR-352;153,000;154,000;1,000;09/08/2023;-18,6052282;-46,515521;55,000
MG;BR-352;154,000;155,000;1,000;09/08/2023;-18,6052151;-46,5155231;22,500
MG;BR-352;155,000;156,000;1,000;09/08/2023;-18,6052167;-46,5155319;28,750
MG;BR-352;156,000;157,000;1,000;09/08/2023;-18,6052218;-46,5155216;40,000
MG;BR-352;157,000;158,000;1,000;09/08/2023;-18,6052159;-46,515522;46,250
MG;BR-352;158,000;159,000;1,000;09/08/2023;-18,6052307;-46,515532;62,500
MG;BR-352;159,000;160,000;1,000;09/08/2023;-18,6052254;-46,5155238;55,000
MG;BR-352;160,000;161,000;1,000;09/08/2023;-18,6052254;-46,5155238;40,000
MG;BR-352;161,000;162,000;1,000;09/08/2023;-18,6052254;-46,5155238;33,750
MG;BR-352;162,000;163,000;1,000;09/08/2023;-18,6052254;-46,5155238;45,000
MG;BR-352;163,000;164,000;1,000;09/08/2023;-18,6052159;-46,5155331;40,000
MG;BR-352;164,000;165,000;1,000;09/08/2023;-18,605217;-46,5155321;33,750
MG;BR-352;165,000;166,000;1,000;09/08/2023;-18,605217;-46,5155321;33,750
MG;BR-352;166,000;167,000;1,000;09/08/2023;-18,605217;-46,5155321;37,500
AM;BR-230;642,600;643,000;0,400;09/08/2023;-7,58170025;-63,1354234;16,250
AM;BR-230;643,000;644,000;1,000;09/08/2023;-7,58170025;-63,1354234;16,250
AM;BR-230;644,000;645,000;1,000;09/08/2023;-7,58170025;-63,1354234;16,250
AM;BR-230;645,000;646,000;1,000;09/08/2023;-7,58170025;-63,1354234;16,250
AM;BR-230;646,000;647,000;1,000;09/08/2023;-7,58170025;-63,1354234;16,250
AM;BR-230;647,000;648,000;1,000;09/08/2023;-7,58170025;-63,1354234;16,250
AM;BR-230;648,000;649,000;1,000;09/08/2023;-7,58170025;-63,1354234;16,250
AM;BR-230;649,000;650,000;1,000;09/08/2023;-7,58170025;-63,1354234;16,250
AM;BR-230;650,000;651,000;1,000;09/08/2023;-7,58170025;-63,1354234;16,250
AM;BR-230;651,000;652,000;1,000;09/08/2023;-7,58170025;-63,1354234;16,250
AM;BR-230;652,000;653,000;1,000;09/08/2023;-7,58170025;-63,1354234;16,250
AM;BR-230;653,000;654,000;1,000;09/08/2023;-7,58170025;-63,1354234;16,250
AM;BR-230;654,000;655,000;1,000;09/08/2023;-7,58170025;-63,1354234;16,250
AM;BR-230;655,000;656,000;1,000;09/08/2023;-7,58170025;-63,1354234;16,250
AM;BR-230;656,000;657,000;1,000;09/08/2023;-7,58170025;-63,1354234;16,250
AM;BR-230;657,000;658,000;1,000;09/08/2023;-7,58170025;-63,1354234;16,250
AM;BR-230;658,000;659,000;1,000;09/08/2023;-7,58170025;-63,1354234;16,250
AM;BR-230;659,000;660,000;1,000;09/08/2023;-7,58170025;-63,1354234;16,250
AM;BR-230;660,000;661,000;1,000;09/08/2023;-7,58170025;-63,1354234;16,250
AM;BR-230;661,000;662,000;1,000;09/08/2023;-7,58170025;-63,1354234;16,250
AM;BR-230;662,000;663,000;1,000;09/08/2023;-7,58170025;-63,1354234;16,250
AM;BR-230;663,000;664,000;1,000;09/08/2023;-7,58170025;-63,1354234;16,250
AM;BR-230;664,000;665,000;1,000;09/08/2023;-7,58170025;-63,1354234;16,250
AM;BR-230;665,000;666,000;1,000;09/08/2023;-7,58170025;-63,1354234;16,250
AM;BR-230;666,000;667,000;1,000;09/08/2023;-7,58170025;-63,1354234;16,250
AM;BR-230;667,000;668,000;1,000;09/08/2023;-7,58170025;-63,1354234;28,750
AM;BR-230;668,000;669,000;1,000;09/08/2023;-7,58170025;-63,1354234;28,750
AM;BR-230;669,000;670,000;1,000;09/08/2023;-7,49682573;-63,4843264;28,750
AM;BR-230;670,000;671,000;1,000;09/08/2023;-7,49682573;-63,4843264;28,750
AM;BR-230;671,000;672,000;1,000;09/08/2023;-7,49682573;-63,4843264;28,750
AM;BR-230;672,000;673,000;1,000;09/08/2023;-7,49682573;-63,4843264;16,250
AM;BR-230;673,000;674,000;1,000;09/08/2023;-7,49682573;-63,4843264;26,250
AM;BR-230;674,000;675,000;1,000;09/08/2023;-7,49682573;-63,4843264;31,250
AM;BR-230;675,000;676,000;1,000;09/08/2023;-7,49682573;-63,4843264;31,250
AM;BR-230;676,000;677,000;1,000;09/08/2023;-7,49682573;-63,4843264;16,250
AM;BR-230;677,000;678,000;1,000;09/08/2023;-7,49682573;-63,4843264;16,250
AM;BR-230;678,000;679,000;1,000;09/08/2023;-7,49682573;-63,4843264;16,250
AM;BR-230;679,000;680,000;1,000;09/08/2023;-7,49682573;-63,4843264;16,250
AM;BR-230;680,000;681,000;1,000;09/08/2023;-7,49682573;-63,4843264;16,250
AM;BR-230;681,000;682,000;1,000;09/08/2023;-7,49682573;-63,4843264;16,250
AM;BR-230;682,000;683,000;1,000;09/08/2023;-7,49682573;-63,4843264;16,250
AM;BR-230;683,000;684,000;1,000;09/08/2023;-7,49682573;-63,4843264;16,250
AM;BR-230;684,000;685,000;1,000;09/08/2023;-7,49682573;-63,4843264;16,250
AM;BR-230;685,000;686,000;1,000;09/08/2023;-7,49682573;-63,4843264;16,250
AM;BR-230;686,000;687,000;1,000;09/08/2023;-7,49682573;-63,4843264;16,250
AM;BR-230;687,000;688,000;1,000;09/08/2023;-7,49682573;-63,4843264;16,250
AM;BR-230;688,000;689,000;1,000;09/08/2023;-7,49682573;-63,4843264;16,250
AM;BR-230;689,000;690,000;1,000;09/08/2023;-7,49682573;-63,4843264;16,250
AM;BR-230;690,000;691,000;1,000;09/08/2023;-7,49682573;-63,4843264;16,250
AM;BR-230;691,000;692,000;1,000;09/08/2023;-7,49682573;-63,4843264;16,250
AM;BR-230;692,000;693,000;1,000;09/08/2023;-7,49682573;-63,4843264;16,250
AM;BR-230;693,000;694,000;1,000;09/08/2023;-7,49682573;-63,4843264;16,250
AM;BR-230;694,000;695,000;1,000;09/08/2023;-7,49682573;-63,4843264;17,500
AM;BR-230;695,000;696,000;1,000;09/08/2023;-7,49682573;-63,4843264;17,500
AM;BR-230;696,000;697,000;1,000;09/08/2023;-7,49682573;-63,4843264;16,250
AM;BR-230;697,000;698,000;1,000;09/08/2023;-7,49682573;-63,4843264;17,500
AM;BR-230;698,000;699,000;1,000;09/08/2023;-7,49682573;-63,4843264;17,500
AM;BR-230;699,000;700,000;1,000;09/08/2023;-7,49682573;-63,4843264;17,500
AM;BR-230;700,000;701,000;1,000;09/08/2023;-7,49682573;-63,4843264;16,250
AM;BR-230;701,000;702,000;1,000;09/08/2023;-7,49682573;-63,4843264;16,250
AM;BR-230;702,000;703,000;1,000;09/08/2023;-7,49682573;-63,4843264;16,250
AM;BR-230;703,000;704,000;1,000;09/08/2023;-7,49682573;-63,4843264;16,250
AM;BR-230;704,000;705,000;1,000;09/08/2023;-7,49682573;-63,4843264;16,250
AM;BR-230;705,000;706,000;1,000;09/08/2023;-7,49682573;-63,4843264;16,250
AM;BR-230;706,000;707,000;1,000;09/08/2023;-7,49682573;-63,4843264;28,750
AM;BR-230;707,000;708,000;1,000;09/08/2023;-7,49682573;-63,4843264;16,250
AM;BR-230;708,000;709,000;1,000;09/08/2023;-7,49682573;-63,4843264;16,250
AM;BR-230;709,000;710,000;1,000;09/08/2023;-7,49682573;-63,4843264;16,250
AM;BR-230;710,000;711,000;1,000;09/08/2023;-7,49682573;-63,4843264;16,250
AM;BR-230;711,000;712,000;1,000;09/08/2023;-7,49682573;-63,4843264;16,250
AM;BR-230;712,000;713,000;1,000;09/08/2023;-7,49682573;-63,4843264;28,750
AM;BR-230;713,000;714,000;1,000;09/08/2023;-7,49682573;-63,4843264;28,750
AM;BR-230;714,000;715,000;1,000;09/08/2023;-7,49682573;-63,4843264;16,250
AM;BR-230;715,000;716,000;1,000;09/08/2023;-7,49682573;-63,4843264;16,250
AM;BR-230;716,000;717,000;1,000;09/08/2023;-7,49682573;-63,4843264;16,250
AM;BR-230;717,000;718,000;1,000;09/08/2023;-7,49682573;-63,4843264;16,250
AM;BR-230;718,000;719,000;1,000;09/08/2023;-7,49682573;-63,4843264;28,750
AM;BR-230;719,000;720,000;1,000;09/08/2023;-7,49682573;-63,4843264;28,750
AM;BR-230;720,000;721,000;1,000;09/08/2023;-7,49682573;-63,4843264;16,250
AM;BR-230;721,000;722,000;1,000;09/08/2023;-7,49682573;-63,4843264;16,250
AM;BR-230;722,000;723,000;1,000;09/08/2023;-7,49682573;-63,4843264;28,750
AM;BR-230;723,000;724,000;1,000;09/08/2023;-7,49682573;-63,4843264;36,250
AM;BR-230;724,000;725,000;1,000;09/08/2023;-7,49682573;-63,4843264;16,250
AM;BR-230;725,000;726,000;1,000;09/08/2023;-7,49682573;-63,4843264;28,750
AM;BR-230;726,000;727,000;1,000;09/08/2023;-7,49682573;-63,4843264;16,250
AM;BR-230;727,000;728,000;1,000;09/08/2023;-7,49682573;-63,4843264;16,250
AM;BR-230;728,000;729,000;1,000;09/08/2023;-7,49682573;-63,4843264;16,250
AM;BR-230;729,000;730,000;1,000;09/08/2023;-7,49682573;-63,4843264;16,250
AM;BR-230;730,000;731,000;1,000;09/08/2023;-7,49682573;-63,4843264;16,250
AM;BR-230;731,000;732,000;1,000;09/08/2023;-7,49682573;-63,4843264;16,250
AM;BR-230;732,000;733,200;1,200;09/08/2023;-7,49682573;-63,4843264;16,250
AM;BR-230;733,200;734,000;0,800;09/08/2023;-7,49682573;-63,4843264;11,250
AM;BR-230;734,000;735,000;1,000;09/08/2023;-7,49682573;-63,4843264;11,250
AM;BR-230;735,000;736,000;1,000;09/08/2023;-7,49682573;-63,4843264;16,250
AM;BR-230;736,000;737,000;1,000;09/08/2023;-7,49682573;-63,4843264;16,250
AM;BR-230;737,000;738,000;1,000;09/08/2023;-7,49682573;-63,4843264;16,250
AM;BR-230;738,000;739,000;1,000;09/08/2023;-7,49682573;-63,4843264;16,250
AM;BR-230;739,000;740,000;1,000;09/08/2023;-7,49682573;-63,4843264;16,250
AM;BR-230;740,000;741,000;1,000;09/08/2023;-7,49682573;-63,4843264;16,250
AM;BR-230;741,000;742,000;1,000;09/08/2023;-7,49682573;-63,4843264;16,250
AM;BR-230;742,000;743,000;1,000;09/08/2023;-7,49682573;-63,4843264;16,250
AM;BR-230;743,000;744,000;1,000;09/08/2023;-7,49682573;-63,4843264;16,250
AM;BR-230;744,000;745,000;1,000;09/08/2023;-7,49682573;-63,4843264;11,250
AM;BR-230;745,000;746,000;1,000;09/08/2023;-7,49682573;-63,4843264;16,250
AM;BR-230;746,000;747,000;1,000;09/08/2023;-7,49682573;-63,4843264;16,250
AM;BR-230;747,000;748,000;1,000;09/08/2023;-7,49682573;-63,4843264;15,000
AM;BR-230;748,000;749,000;1,000;09/08/2023;-7,49682573;-63,4843264;16,250
AM;BR-230;749,000;750,000;1,000;09/08/2023;-7,49682573;-63,4843264;16,250
AM;BR-230;750,000;751,000;1,000;09/08/2023;-7,49682573;-63,4843264;16,250
AM;BR-230;751,000;752,000;1,000;09/08/2023;-7,49682573;-63,4843264;16,250
AM;BR-230;752,000;753,000;1,000;09/08/2023;-7,49682573;-63,4843264;16,250
AM;BR-230;753,000;754,000;1,000;09/08/2023;-7,49682573;-63,4843264;16,250
AM;BR-230;754,000;755,000;1,000;09/08/2023;-7,49682573;-63,4843264;16,250
AM;BR-230;755,000;756,000;1,000;09/08/2023;-7,49682573;-63,4843264;16,250
AM;BR-230;756,000;757,000;1,000;09/08/2023;-7,49682573;-63,4843264;16,250
AM;BR-230;757,000;758,000;1,000;09/08/2023;-7,49682573;-63,4843264;16,250
AM;BR-230;758,000;759,000;1,000;09/08/2023;-7,49682573;-63,4843264;16,250
AM;BR-230;759,000;760,000;1,000;09/08/2023;-7,49682573;-63,4843264;16,250
AM;BR-230;760,000;761,000;1,000;09/08/2023;-7,49682573;-63,4843264;16,250
AM;BR-230;761,000;762,000;1,000;09/08/2023;-7,49682573;-63,4843264;28,750
AM;BR-230;762,000;763,000;1,000;09/08/2023;-7,49682573;-63,4843264;16,250
AM;BR-230;763,000;764,000;1,000;09/08/2023;-7,49682573;-63,4843264;16,250
AM;BR-230;764,000;765,000;1,000;09/08/2023;-7,49682573;-63,4843264;16,250
AM;BR-230;765,000;766,000;1,000;09/08/2023;-7,49682573;-63,4843264;28,750
AM;BR-230;766,000;767,000;1,000;09/08/2023;-7,49682573;-63,4843264;16,250
AM;BR-230;767,000;768,000;1,000;09/08/2023;-7,49682573;-63,4843264;16,250
AM;BR-230;768,000;769,000;1,000;09/08/2023;-7,49682573;-63,4843264;16,250
AM;BR-230;769,000;770,000;1,000;09/08/2023;-7,49682573;-63,4843264;16,250
AM;BR-230;770,000;771,000;1,000;09/08/2023;-7,49682573;-63,4843264;16,250
AM;BR-230;771,000;772,000;1,000;09/08/2023;-7,49682573;-63,4843264;16,250
AM;BR-230;772,000;773,000;1,000;09/08/2023;-7,49682573;-63,4843264;16,250
AM;BR-230;773,000;774,000;1,000;09/08/2023;-7,49682573;-63,4843264;28,750
AM;BR-230;774,000;775,000;1,000;09/08/2023;-7,49682573;-63,4843264;28,750
AM;BR-230;775,000;776,000;1,000;09/08/2023;-7,49682573;-63,4843264;16,250
AM;BR-230;776,000;777,000;1,000;09/08/2023;-7,49682573;-63,4843264;16,250
AM;BR-230;777,000;778,000;1,000;09/08/2023;-7,49682573;-63,4843264;16,250
AM;BR-230;778,000;779,000;1,000;09/08/2023;-7,49682573;-63,4843264;16,250
AM;BR-230;779,000;780,000;1,000;09/08/2023;-7,49682573;-63,4843264;16,250
AM;BR-230;780,000;781,000;1,000;09/08/2023;-7,49682573;-63,4843264;16,250
AM;BR-230;781,000;782,000;1,000;09/08/2023;-7,49682573;-63,4843264;16,250
AM;BR-230;782,000;783,000;1,000;09/08/2023;-7,49682573;-63,4843264;16,250
AM;BR-230;783,000;784,000;1,000;09/08/2023;-7,49682573;-63,4843264;16,250
AM;BR-230;784,000;785,000;1,000;09/08/2023;-7,49682573;-63,4843264;16,250
AM;BR-230;785,000;786,000;1,000;09/08/2023;-7,49682573;-63,4843264;16,250
AM;BR-230;786,000;787,000;1,000;09/08/2023;-7,49682573;-63,4843264;16,250
AM;BR-230;787,000;788,000;1,000;09/08/2023;-7,49682573;-63,4843264;16,250
AM;BR-230;788,000;789,000;1,000;09/08/2023;-7,49682573;-63,4843264;16,250
AM;BR-230;789,000;790,000;1,000;09/08/2023;-7,49682573;-63,4843264;16,250
AM;BR-230;790,000;791,000;1,000;09/08/2023;-7,49682573;-63,4843264;16,250
AM;BR-230;791,000;792,000;1,000;09/08/2023;-7,49682573;-63,4843264;16,250
AM;BR-230;792,000;793,000;1,000;09/08/2023;-7,49682573;-63,4843264;16,250
AM;BR-230;793,000;794,000;1,000;09/08/2023;-7,49682573;-63,4843264;16,250
AM;BR-230;794,000;795,000;1,000;09/08/2023;-7,49682573;-63,4843264;16,250
AM;BR-230;795,000;796,000;1,000;09/08/2023;-7,49682573;-63,4843264;16,250
AM;BR-230;796,000;797,000;1,000;09/08/2023;-7,49682573;-63,4843264;16,250
AM;BR-230;797,000;798,000;1,000;09/08/2023;-7,49682573;-63,4843264;16,250
AM;BR-230;798,000;799,000;1,000;09/08/2023;-7,49682573;-63,4843264;16,250
AM;BR-230;799,000;800,000;1,000;09/08/2023;-7,49682573;-63,4843264;16,250
AM;BR-230;800,000;801,000;1,000;09/08/2023;-7,49682573;-63,4843264;16,250
AM;BR-230;801,000;802,000;1,000;09/08/2023;-7,49682573;-63,4843264;16,250
AM;BR-230;802,000;803,000;1,000;09/08/2023;-7,49682573;-63,4843264;16,250
AM;BR-230;803,000;804,000;1,000;09/08/2023;-7,49682573;-63,4843264;16,250
AM;BR-230;804,000;805,000;1,000;09/08/2023;-7,49682573;-63,4843264;16,250
AM;BR-230;805,000;806,000;1,000;09/08/2023;-7,49682573;-63,4843264;16,250
AM;BR-230;806,000;807,000;1,000;09/08/2023;-7,49682573;-63,4843264;16,250
AM;BR-230;807,000;808,000;1,000;09/08/2023;-7,49682573;-63,4843264;16,250
AM;BR-230;808,000;809,000;1,000;09/08/2023;-7,49682573;-63,4843264;16,250
AM;BR-230;809,000;810,000;1,000;09/08/2023;-7,49682573;-63,4843264;16,250
AM;BR-230;810,000;811,000;1,000;09/08/2023;-7,49682573;-63,4843264;16,250
AM;BR-230;811,000;812,000;1,000;09/08/2023;-7,49682573;-63,4843264;16,250
AM;BR-230;812,000;813,000;1,000;09/08/2023;-7,49682573;-63,4843264;16,250
AM;BR-230;813,000;814,000;1,000;09/08/2023;-7,49682573;-63,4843264;16,250
AM;BR-230;814,000;815,000;1,000;09/08/2023;-7,49682573;-63,4843264;38,750
AM;BR-230;815,000;816,300;1,300;09/08/2023;-7,49682573;-63,4843264;16,250
AM;BR-174;195,000;196,000;1,000;10/08/2023;-7,52091413;-60,6583875;17,500
AM;BR-174;196,000;197,000;1,000;10/08/2023;-7,52091413;-60,6583875;17,500
AM;BR-174;197,000;198,000;1,000;10/08/2023;-7,52091413;-60,6583875;17,500
AM;BR-174;198,000;199,000;1,000;10/08/2023;-7,52091413;-60,6583875;17,500
AM;BR-174;199,000;200,000;1,000;10/08/2023;-7,52091413;-60,6583875;17,500
AM;BR-174;200,000;201,000;1,000;10/08/2023;-7,2008703;-59,8910552;32,500
AM;BR-174;201,000;202,000;1,000;10/08/2023;-7,2008703;-59,8910552;17,500
AM;BR-174;202,000;203,000;1,000;10/08/2023;-7,2008703;-59,8910552;32,500
AM;BR-174;203,000;204,000;1,000;10/08/2023;-7,2008703;-59,8910552;32,500
AM;BR-174;204,000;205,000;1,000;10/08/2023;-7,2008703;-59,8910552;32,500
AM;BR-174;205,000;206,000;1,000;10/08/2023;-7,2008703;-59,8910552;32,500
AM;BR-174;206,000;207,000;1,000;10/08/2023;-7,2008703;-59,8910552;30,000
AM;BR-174;207,000;208,000;1,000;10/08/2023;-7,2008703;-59,8910552;32,500
AM;BR-174;208,000;209,000;1,000;10/08/2023;-7,2008703;-59,8910552;58,750
AM;BR-174;209,000;210,000;1,000;10/08/2023;-7,2008703;-59,8910552;17,500
AM;BR-174;210,000;211,000;1,000;10/08/2023;-7,2008703;-59,8910552;45,000
AM;BR-174;211,000;212,000;1,000;10/08/2023;-7,2008703;-59,8910552;32,500
AM;BR-174;212,000;213,000;1,000;10/08/2023;-7,2008703;-59,8910552;17,500
AM;BR-174;213,000;214,000;1,000;10/08/2023;-7,2008703;-59,8910552;40,000
AM;BR-174;214,000;215,000;1,000;10/08/2023;-7,2008703;-59,8910552;17,500
AM;BR-174;215,000;216,000;1,000;10/08/2023;-7,2008703;-59,8910552;32,500
AM;BR-174;216,000;217,000;1,000;10/08/2023;-7,2008703;-59,8910552;17,500
AM;BR-174;217,000;218,000;1,000;10/08/2023;-7,2008703;-59,8910552;32,500
AM;BR-174;218,000;219,000;1,000;10/08/2023;-7,2008703;-59,8910552;40,000
AM;BR-174;219,000;220,000;1,000;10/08/2023;-7,2008703;-59,8910552;32,500
AM;BR-174;220,000;221,000;1,000;10/08/2023;-7,2008703;-59,8910552;40,000
AM;BR-174;221,000;222,000;1,000;10/08/2023;-7,2008703;-59,8910552;32,500
AM;BR-174;222,000;223,000;1,000;10/08/2023;-7,2008703;-59,8910552;40,000
AM;BR-174;223,000;224,000;1,000;10/08/2023;-7,2008703;-59,8910552;32,500
AM;BR-174;224,000;225,000;1,000;10/08/2023;-7,2008703;-59,8910552;32,500
AM;BR-174;225,000;226,000;1,000;10/08/2023;-7,2008703;-59,8910552;32,500
AM;BR-174;226,000;227,000;1,000;10/08/2023;-7,2008703;-59,8910552;32,500
AM;BR-230;206,000;205,000;1,000;09/08/2023;-7,1911781;-59,8845578;58,750
AM;BR-230;205,000;204,000;1,000;09/08/2023;-7,1911781;-59,8845578;58,750
AM;BR-230;204,000;203,000;1,000;09/08/2023;-7,1911781;-59,8845578;62,500
AM;BR-230;203,000;202,000;1,000;09/08/2023;-7,1911781;-59,8845578;65,000
AM;BR-230;202,000;201,000;1,000;09/08/2023;-7,1911781;-59,8845578;65,000
AM;BR-230;201,000;200,000;1,000;09/08/2023;-7,1911781;-59,8845578;71,250
AM;BR-230;200,000;199,000;1,000;09/08/2023;-7,1911781;-59,8845578;71,250
AM;BR-230;199,000;198,000;1,000;09/08/2023;-7,1911781;-59,8845578;65,000
AM;BR-230;198,000;197,000;1,000;09/08/2023;-7,1911781;-59,8845578;58,750
AM;BR-230;197,000;196,000;1,000;09/08/2023;-7,1911781;-59,8845578;65,000
AM;BR-230;196,000;195,000;1,000;09/08/2023;-7,1911781;-59,8845578;58,750
AM;BR-230;195,000;194,000;1,000;09/08/2023;-7,1911781;-59,8845578;58,750
AM;BR-230;194,000;193,000;1,000;09/08/2023;-7,1911781;-59,8845578;58,750
AM;BR-230;193,000;192,000;1,000;09/08/2023;-7,1911781;-59,8845578;52,500
AM;BR-230;192,000;191,000;1,000;09/08/2023;-7,1911781;-59,8845578;78,750
AM;BR-230;191,000;190,000;1,000;09/08/2023;-7,1911781;-59,8845578;55,000
AM;BR-230;190,000;189,000;1,000;09/08/2023;-7,1911781;-59,8845578;52,500
AM;BR-230;189,000;188,000;1,000;09/08/2023;-7,1911781;-59,8845578;55,000
AM;BR-230;188,000;187,000;1,000;09/08/2023;-7,1911781;-59,8845578;40,000
AM;BR-230;187,000;186,000;1,000;09/08/2023;-7,1911781;-59,8845578;52,500
AM;BR-230;186,000;185,000;1,000;09/08/2023;-7,1035985;-59,6920385;55,000
AM;BR-230;185,000;184,000;1,000;09/08/2023;-7,0997092;-59,6853711;42,500
AM;BR-230;184,000;183,000;1,000;09/08/2023;-7,0997092;-59,6853711;40,000
AM;BR-230;183,000;182,000;1,000;09/08/2023;-7,0906193;-59,6702424;52,500
AM;BR-230;182,000;181,000;1,000;09/08/2023;-7,0906193;-59,6702424;40,000
AM;BR-230;181,000;180,000;1,000;09/08/2023;-7,0906193;-59,6702424;40,000
AM;BR-230;180,000;179,000;1,000;09/08/2023;-7,0906193;-59,6702424;52,500
AM;BR-230;179,000;178,000;1,000;09/08/2023;-7,0906193;-59,6702424;40,000
AM;BR-230;178,000;177,000;1,000;09/08/2023;-7,0846449;-59,6199754;40,000
AM;BR-230;177,000;176,000;1,000;09/08/2023;-7,0846449;-59,6199754;40,000
AM;BR-230;176,000;175,000;1,000;09/08/2023;-7,0846449;-59,6199754;40,000
AM;BR-230;175,000;174,000;1,000;09/08/2023;-7,0846449;-59,6199754;40,000
AM;BR-230;174,000;173,000;1,000;09/08/2023;-7,0846449;-59,6199754;56,250
AM;BR-230;173,000;172,000;1,000;09/08/2023;-7,1911781;-59,8845578;40,000
AM;BR-230;172,000;171,000;1,000;09/08/2023;-7,1911781;-59,8845578;52,500
AM;BR-230;171,000;170,000;1,000;09/08/2023;-7,1911781;-59,8845578;52,500
AM;BR-230;170,000;169,000;1,000;09/08/2023;-7,1911781;-59,8845578;40,000
AM;BR-230;169,000;168,000;1,000;09/08/2023;-7,1911781;-59,8845578;52,500
AM;BR-230;168,000;167,000;1,000;09/08/2023;-7,1911781;-59,8845578;40,000
AM;BR-230;167,000;166,000;1,000;09/08/2023;-7,1911781;-59,8845578;40,000
AM;BR-230;166,000;165,000;1,000;09/08/2023;-7,1911781;-59,8845578;40,000
AM;BR-230;165,000;164,000;1,000;09/08/2023;-7,1911781;-59,8845578;52,500
AM;BR-230;164,000;163,000;1,000;09/08/2023;-7,1911781;-59,8845578;52,500
AM;BR-230;163,000;162,000;1,000;09/08/2023;-7,1911781;-59,8845578;52,500
AM;BR-230;162,000;161,000;1,000;09/08/2023;-7,1911781;-59,8845578;40,000
AM;BR-230;161,000;160,000;1,000;09/08/2023;-7,1911781;-59,8845578;52,500
AM;BR-230;160,000;159,000;1,000;09/08/2023;-7,0098;-59,4838826;52,500
AM;BR-230;159,000;158,000;1,000;09/08/2023;-7,0097988;-59,4838749;52,500
AM;BR-230;158,000;157,000;1,000;09/08/2023;-7,0014914;-59,4772248;40,000
AM;BR-230;157,000;156,000;1,000;09/08/2023;-7,0014914;-59,4772248;40,000
AM;BR-230;156,000;155,000;1,000;09/08/2023;-7,0014914;-59,4772248;40,000
AM;BR-230;155,000;154,000;1,000;09/08/2023;-6,9908666;-59,4586936;40,000
AM;BR-230;154,000;153,000;1,000;09/08/2023;-6,9908666;-59,4586936;52,500
AM;BR-230;153,000;152,000;1,000;09/08/2023;-6,9908666;-59,4586936;40,000
AM;BR-230;152,000;151,000;1,000;09/08/2023;-6,9908666;-59,4586936;52,500
AM;BR-230;151,000;150,000;1,000;09/08/2023;-6,9908666;-59,4586936;40,000
AM;BR-230;150,000;149,000;1,000;09/08/2023;-6,9908666;-59,4586936;40,000
AM;BR-230;149,000;148,000;1,000;09/08/2023;-6,9908666;-59,4586936;40,000
AM;BR-230;148,000;147,000;1,000;09/08/2023;-6,9908666;-59,4586936;40,000
AM;BR-230;147,000;146,000;1,000;09/08/2023;-6,9908666;-59,4586936;40,000
AM;BR-230;146,000;145,000;1,000;09/08/2023;-6,9908666;-59,4586936;52,500
AM;BR-230;145,000;144,000;1,000;09/08/2023;-6,9908666;-59,4586936;40,000
AM;BR-230;144,000;143,000;1,000;09/08/2023;-6,9908666;-59,4586936;65,000
AM;BR-230;143,000;142,000;1,000;09/08/2023;-6,9908666;-59,4586936;47,500
AM;BR-230;142,000;141,000;1,000;09/08/2023;-6,9908666;-59,4586936;40,000
AM;BR-230;141,000;140,000;1,000;09/08/2023;-6,9908666;-59,4586936;40,000
AM;BR-230;140,000;139,000;1,000;09/08/2023;-6,9908666;-59,4586936;40,000
AM;BR-230;139,000;138,000;1,000;09/08/2023;-6,9908666;-59,4586936;40,000
AM;BR-230;138,000;137,000;1,000;09/08/2023;-6,9212442;-59,313603;32,500
AM;BR-230;137,000;136,000;1,000;09/08/2023;-6,9212442;-59,313603;32,500
AM;BR-230;136,000;135,000;1,000;09/08/2023;-6,9212442;-59,313603;32,500
AM;BR-230;135,000;134,000;1,000;09/08/2023;-7,1911781;-59,8845578;32,500
AM;BR-230;134,000;133,000;1,000;09/08/2023;-7,1911781;-59,8845578;52,500
AM;BR-230;133,000;132,000;1,000;09/08/2023;-6,8996345;-59,2789322;32,500
AM;BR-230;132,000;131,000;1,000;09/08/2023;-6,8996345;-59,2789322;32,500
AM;BR-230;131,000;130,000;1,000;09/08/2023;-6,8996345;-59,2789322;32,500
AM;BR-230;130,000;129,000;1,000;09/08/2023;-6,8996345;-59,2789322;32,500
AM;BR-230;129,000;128,000;1,000;09/08/2023;-6,8996345;-59,2789322;32,500
AM;BR-230;128,000;127,000;1,000;09/08/2023;-6,8996345;-59,2789322;32,500
AM;BR-230;127,000;126,000;1,000;09/08/2023;-6,8846686;-59,2338533;32,500
AM;BR-230;126,000;125,000;1,000;09/08/2023;-6,8846686;-59,2338533;32,500
AM;BR-230;125,000;124,000;1,000;09/08/2023;-6,8722923;-59,2169682;40,000
AM;BR-230;124,000;123,000;1,000;09/08/2023;-6,8722923;-59,2169682;40,000
AM;BR-230;123,000;122,000;1,000;09/08/2023;-6,8722923;-59,2169682;40,000
AM;BR-230;122,000;121,000;1,000;09/08/2023;-6,8722923;-59,2169682;40,000
AM;BR-230;121,000;120,000;1,000;09/08/2023;-6,8722923;-59,2169682;40,000
AM;BR-230;120,000;119,000;1,000;09/08/2023;-6,8722923;-59,2169682;40,000
AM;BR-230;119,000;118,000;1,000;09/08/2023;-6,8722923;-59,2169682;40,000
AM;BR-230;118,000;117,000;1,000;09/08/2023;-6,8722923;-59,2169682;32,500
AM;BR-230;117,000;116,000;1,000;09/08/2023;-6,8722923;-59,2169682;32,500
AM;BR-230;116,000;115,000;1,000;09/08/2023;-6,8722923;-59,2169682;32,500
AM;BR-230;115,000;114,000;1,000;09/08/2023;-6,8722923;-59,2169682;32,500
AM;BR-230;114,000;113,000;1,000;09/08/2023;-6,8722923;-59,2169682;32,500
AM;BR-230;113,000;112,000;1,000;09/08/2023;-6,8722923;-59,2169682;32,500
AM;BR-230;112,000;111,000;1,000;09/08/2023;-6,8722923;-59,2169682;32,500
AM;BR-230;111,000;110,000;1,000;09/08/2023;-6,8722923;-59,2169682;32,500
AM;BR-230;110,000;109,000;1,000;09/08/2023;-6,8722923;-59,2169682;32,500
AM;BR-230;109,000;108,000;1,000;09/08/2023;-7,1911781;-59,8845578;32,500
AM;BR-230;108,000;107,000;1,000;09/08/2023;-7,2000715;-59,891648;32,500
AM;BR-230;107,000;106,000;1,000;09/08/2023;-7,2000715;-59,891648;32,500
AM;BR-230;106,000;105,000;1,000;09/08/2023;-7,2000715;-59,891648;32,500
AM;BR-230;105,000;104,000;1,000;09/08/2023;-7,2000715;-59,891648;32,500
AM;BR-230;104,000;103,000;1,000;09/08/2023;-7,199021;-59,8870768;35,000
AM;BR-230;103,000;102,000;1,000;09/08/2023;-7,1915314;-59,8860185;32,500
AM;BR-230;102,000;101,000;1,000;09/08/2023;-7,1915314;-59,8860185;32,500
AM;BR-230;101,000;100,000;1,000;09/08/2023;-7,1915314;-59,8860185;32,500
AM;BR-230;100,000;99,000;1,000;09/08/2023;-7,1915314;-59,8860185;32,500
AM;BR-230;99,000;98,000;1,000;09/08/2023;-7,1915314;-59,8860185;32,500
AM;BR-230;98,000;97,000;1,000;09/08/2023;-7,1915314;-59,8860185;32,500
AM;BR-230;97,000;96,000;1,000;09/08/2023;-7,1915314;-59,8860185;40,000
AM;BR-230;96,000;95,000;1,000;09/08/2023;-7,1915314;-59,8860185;40,000
AM;BR-230;95,000;94,000;1,000;09/08/2023;-7,1915314;-59,8860185;40,000
AM;BR-230;94,000;93,000;1,000;09/08/2023;-7,1915314;-59,8860185;40,000
AM;BR-230;93,000;92,000;1,000;09/08/2023;-7,1915314;-59,8860185;40,000
AM;BR-230;92,000;91,000;1,000;09/08/2023;-7,1915314;-59,8860185;40,000
AM;BR-230;91,000;90,000;1,000;09/08/2023;-7,1915314;-59,8860185;32,500
AM;BR-230;90,000;89,000;1,000;09/08/2023;-7,1911781;-59,8845578;40,000
AM;BR-230;89,000;88,000;1,000;09/08/2023;-7,1911781;-59,8845578;40,000
AM;BR-230;88,000;87,000;1,000;09/08/2023;-7,1911781;-59,8845578;32,500
AM;BR-230;87,000;86,000;1,000;09/08/2023;-7,1911781;-59,8845578;40,000
AM;BR-230;86,000;85,000;1,000;09/08/2023;-7,1911781;-59,8845578;42,500
AM;BR-230;85,000;84,000;1,000;09/08/2023;-7,1911781;-59,8845578;40,000
AM;BR-230;84,000;83,000;1,000;09/08/2023;-7,1911781;-59,8845578;32,500
AM;BR-230;83,000;82,000;1,000;09/08/2023;-7,1911781;-59,8845578;40,000
AM;BR-230;82,000;81,000;1,000;09/08/2023;-7,1911781;-59,8845578;40,000
AM;BR-230;81,000;80,000;1,000;09/08/2023;-7,1911781;-59,8845578;32,500
AM;BR-230;80,000;79,000;1,000;09/08/2023;-7,1911781;-59,8845578;40,000
AM;BR-230;79,000;78,000;1,000;09/08/2023;-7,1911781;-59,8845578;52,500
AM;BR-230;78,000;77,000;1,000;09/08/2023;-7,1911781;-59,8845578;40,000
AM;BR-230;77,000;76,000;1,000;09/08/2023;-7,1911781;-59,8845578;52,500
AM;BR-230;76,000;75,000;1,000;09/08/2023;-7,1911781;-59,8845578;52,500
AM;BR-230;75,000;74,000;1,000;09/08/2023;-7,1911781;-59,8845578;40,000
AM;BR-230;74,000;73,000;1,000;09/08/2023;-7,1911781;-59,8845578;40,000
AM;BR-230;73,000;72,000;1,000;09/08/2023;-7,1911781;-59,8845578;40,000
AM;BR-230;72,000;71,000;1,000;09/08/2023;-7,1911781;-59,8845578;40,000
AM;BR-230;71,000;70,000;1,000;09/08/2023;-7,1911781;-59,8845578;40,000
AM;BR-230;70,000;69,000;1,000;09/08/2023;-7,1911781;-59,8845578;40,000
AM;BR-230;69,000;68,000;1,000;09/08/2023;-7,1911781;-59,8845578;40,000
AM;BR-230;68,000;67,000;1,000;09/08/2023;-7,1911781;-59,8845578;40,000
AM;BR-230;67,000;66,000;1,000;09/08/2023;-7,1911781;-59,8845578;40,000
AM;BR-230;66,000;65,000;1,000;09/08/2023;-7,1911781;-59,8845578;40,000
AM;BR-230;65,000;64,000;1,000;09/08/2023;-7,1911781;-59,8845578;40,000
AM;BR-230;64,000;63,000;1,000;09/08/2023;-7,1911781;-59,8845578;52,500
AM;BR-230;63,000;62,000;1,000;09/08/2023;-7,1911781;-59,8845578;40,000
AM;BR-230;62,000;61,000;1,000;09/08/2023;-7,1911781;-59,8845578;40,000
AM;BR-230;61,000;60,000;1,000;09/08/2023;-7,1911781;-59,8845578;40,000
AM;BR-230;60,000;59,000;1,000;09/08/2023;-7,1911781;-59,8845578;52,500
AM;BR-230;59,000;58,000;1,000;09/08/2023;-7,1911781;-59,8845578;32,500
AM;BR-230;58,000;57,000;1,000;09/08/2023;-7,1911781;-59,8845578;32,500
AM;BR-230;57,000;56,000;1,000;09/08/2023;-7,1911781;-59,8845578;40,000
AM;BR-230;56,000;55,000;1,000;09/08/2023;-7,1911781;-59,8845578;40,000
AM;BR-230;55,000;54,000;1,000;09/08/2023;-7,1911781;-59,8845578;40,000
AM;BR-230;54,000;53,000;1,000;09/08/2023;-7,1911781;-59,8845578;40,000
AM;BR-230;53,000;52,000;1,000;09/08/2023;-7,1911781;-59,8845578;40,000
AM;BR-230;52,000;51,000;1,000;09/08/2023;-7,1911781;-59,8845578;40,000
AM;BR-230;51,000;50,000;1,000;09/08/2023;-7,1911781;-59,8845578;40,000
AM;BR-230;50,000;49,000;1,000;09/08/2023;-7,1911781;-59,8845578;40,000
AM;BR-230;49,000;48,000;1,000;09/08/2023;-7,1911781;-59,8845578;40,000
AM;BR-230;48,000;47,000;1,000;09/08/2023;-7,1911781;-59,8845578;40,000
AM;BR-230;47,000;46,000;1,000;09/08/2023;-7,1911781;-59,8845578;40,000
AM;BR-230;46,000;45,000;1,000;09/08/2023;-7,1911781;-59,8845578;40,000
AM;BR-230;45,000;44,000;1,000;09/08/2023;-7,1911781;-59,8845578;40,000
AM;BR-230;44,000;43,000;1,000;09/08/2023;-7,1911781;-59,8845578;40,000
AM;BR-230;43,000;42,000;1,000;09/08/2023;-7,1911781;-59,8845578;40,000
AM;BR-230;42,000;41,000;1,000;09/08/2023;-7,1911781;-59,8845578;40,000
AM;BR-230;41,000;40,000;1,000;09/08/2023;-7,1911781;-59,8845578;35,000
AM;BR-230;40,000;39,000;1,000;09/08/2023;-7,1911781;-59,8845578;40,000
AM;BR-230;39,000;38,000;1,000;09/08/2023;-7,1911781;-59,8845578;40,000
AM;BR-230;38,000;37,000;1,000;09/08/2023;-7,1911781;-59,8845578;40,000
AM;BR-230;37,000;36,000;1,000;09/08/2023;-7,1911781;-59,8845578;40,000
AM;BR-230;36,000;35,000;1,000;09/08/2023;-7,1911781;-59,8845578;40,000
AM;BR-230;35,000;34,000;1,000;09/08/2023;-7,1911781;-59,8845578;52,500
AM;BR-230;34,000;33,000;1,000;09/08/2023;-7,1911781;-59,8845578;52,500
AM;BR-230;33,000;32,000;1,000;09/08/2023;-7,1911781;-59,8845578;40,000
AM;BR-230;32,000;31,000;1,000;09/08/2023;-7,1911781;-59,8845578;40,000
AM;BR-230;31,000;30,000;1,000;09/08/2023;-7,1911781;-59,8845578;40,000
AM;BR-230;30,000;29,000;1,000;09/08/2023;-7,1911781;-59,8845578;40,000
AM;BR-230;29,000;28,000;1,000;09/08/2023;-7,1911781;-59,8845578;40,000
AM;BR-230;28,000;27,000;1,000;09/08/2023;-7,1911781;-59,8845578;40,000
AM;BR-230;27,000;26,000;1,000;09/08/2023;-7,1911781;-59,8845578;40,000
AM;BR-230;26,000;25,000;1,000;09/08/2023;-7,1911781;-59,8845578;40,000
AM;BR-230;25,000;24,000;1,000;09/08/2023;-7,1911781;-59,8845578;40,000
AM;BR-230;24,000;23,000;1,000;09/08/2023;-7,1911781;-59,8845578;32,500
AM;BR-230;23,000;22,000;1,000;09/08/2023;-7,1911781;-59,8845578;32,500
AM;BR-230;22,000;21,000;1,000;09/08/2023;-7,1911781;-59,8845578;52,500
AM;BR-230;21,000;20,000;1,000;09/08/2023;-7,1911781;-59,8845578;52,500
AM;BR-230;20,000;19,000;1,000;09/08/2023;-7,1911781;-59,8845578;40,000
AM;BR-230;19,000;18,000;1,000;09/08/2023;-7,1911781;-59,8845578;35,000
AM;BR-230;18,000;17,000;1,000;09/08/2023;-7,1911781;-59,8845578;32,500
AM;BR-230;17,000;16,000;1,000;09/08/2023;-7,1911781;-59,8845578;32,500
AM;BR-230;16,000;15,000;1,000;09/08/2023;-7,1911781;-59,8845578;40,000
AM;BR-230;15,000;14,000;1,000;09/08/2023;-7,1911781;-59,8845578;40,000
AM;BR-230;14,000;13,000;1,000;09/08/2023;-7,1911781;-59,8845578;40,000
AM;BR-230;13,000;12,000;1,000;09/08/2023;-7,1911781;-59,8845578;40,000
AM;BR-230;12,000;11,000;1,000;09/08/2023;-7,1911781;-59,8845578;55,000
AM;BR-230;11,000;10,000;1,000;09/08/2023;-7,1911781;-59,8845578;40,000
AM;BR-230;10,000;9,000;1,000;09/08/2023;-7,1911781;-59,8845578;40,000
AM;BR-230;9,000;8,000;1,000;09/08/2023;-7,1911781;-59,8845578;40,000
AM;BR-230;8,000;7,000;1,000;09/08/2023;-7,1911781;-59,8845578;40,000
AM;BR-230;7,000;6,000;1,000;09/08/2023;-7,1911781;-59,8845578;40,000
AM;BR-230;6,000;5,000;1,000;09/08/2023;-7,1911781;-59,8845578;40,000
AM;BR-230;5,000;4,000;1,000;09/08/2023;-7,1911781;-59,8845578;40,000
AM;BR-230;4,000;3,000;1,000;09/08/2023;-7,1911781;-59,8845578;40,000
AM;BR-230;3,000;2,000;1,000;09/08/2023;-7,1911781;-59,8845578;40,000
AM;BR-230;2,000;1,000;1,000;09/08/2023;-7,1911781;-59,8845578;40,000
AM;BR-230;1,000;0,000;1,000;09/08/2023;-7,1911781;-59,8845578;40,000
RS;BR-470;133,390;132,000;1,390;14/08/2023;-28,6286166;-51,5717378;50,000
RS;BR-470;132,000;131,000;1,000;14/08/2023;-28,6159815;-51,5674286;37,500
RS;BR-470;131,000;130,000;1,000;14/08/2023;-28,6159815;-51,5674286;22,500
RS;BR-470;130,000;129,000;1,000;14/08/2023;-28,6159815;-51,5674286;43,750
RS;BR-470;129,000;128,000;1,000;14/08/2023;-28,6159815;-51,5674286;22,500
RS;BR-470;128,000;127,000;1,000;14/08/2023;-28,6159815;-51,5674286;37,500
RS;BR-470;127,000;126,000;1,000;14/08/2023;-28,5817417;-51,5656272;50,000
RS;BR-470;126,000;125,000;1,000;14/08/2023;-28,5817417;-51,5656272;37,500
RS;BR-470;125,000;124,000;1,000;14/08/2023;-28,5505477;-51,5521194;37,500
RS;BR-470;124,000;123,000;1,000;14/08/2023;-28,550036;-51,5521208;37,500
RS;BR-470;123,000;122,000;1,000;14/08/2023;-28,550036;-51,5521208;22,500
RS;BR-470;122,000;121,000;1,000;14/08/2023;-28,5461706;-51,552011;37,500
RS;BR-470;121,000;120,000;1,000;14/08/2023;-28,5406596;-51,5500478;37,500
RS;BR-470;120,000;119,000;1,000;14/08/2023;-28,5406596;-51,5500478;37,500
RS;BR-470;119,000;118,000;1,000;14/08/2023;-28,5892727;-51,6246624;33,750
RS;BR-470;118,000;117,000;1,000;14/08/2023;-28,5152432;-51,5450411;25,000
RS;BR-470;117,000;116,000;1,000;14/08/2023;-28,5152432;-51,5450411;37,500
RS;BR-470;116,000;115,000;1,000;14/08/2023;-28,5022811;-51,536974;37,500
RS;BR-470;115,000;114,000;1,000;14/08/2023;-28,5022811;-51,536974;37,500
RS;BR-470;114,000;113,000;1,000;14/08/2023;-28,3173485;-51,3488182;37,500
RS;BR-470;113,000;112,000;1,000;14/08/2023;-28,3173485;-51,3488182;50,000
RS;BR-470;112,000;111,000;1,000;14/08/2023;-28,3173485;-51,3488182;28,750
RS;BR-470;111,000;110,000;1,000;14/08/2023;-28,3173485;-51,3488182;43,750
RS;BR-470;110,000;109,000;1,000;14/08/2023;-28,4609384;-51,5147392;25,000
RS;BR-470;109,000;108,000;1,000;14/08/2023;-28,303216;-51,473462;37,500
RS;BR-470;108,000;107,000;1,000;14/08/2023;-28,303216;-51,473462;30,000
RS;BR-470;107,000;106,000;1,000;14/08/2023;-28,3173485;-51,3488182;62,500
RS;BR-470;106,000;105,000;1,000;14/08/2023;-28,3173485;-51,3488182;43,750
RS;BR-470;105,000;104,000;1,000;14/08/2023;-28,3173485;-51,3488182;43,750
RS;BR-470;104,000;103,000;1,000;14/08/2023;-28,3173485;-51,3488182;37,500
RS;BR-470;103,000;102,000;1,000;14/08/2023;-28,3173485;-51,3488182;43,750
RS;BR-470;102,000;101,000;1,000;14/08/2023;-28,3173485;-51,3488182;51,250
RS;BR-470;101,000;100,000;1,000;14/08/2023;-28,3173485;-51,3488182;21,250
RS;BR-470;100,000;99,000;1,000;14/08/2023;-28,3173485;-51,3488182;37,500
RS;BR-470;99,000;98,000;1,000;14/08/2023;-28,3173485;-51,3488182;37,500
RS;BR-470;98,000;97,000;1,000;14/08/2023;-28,3173485;-51,3488182;10,000
RS;BR-470;97,000;96,000;1,000;14/08/2023;-28,2938774;-51,4035667;37,500
RS;BR-470;96,000;95,000;1,000;14/08/2023;-28,2938774;-51,4035667;45,000
RS;BR-470;95,000;94,000;1,000;14/08/2023;-28,2938774;-51,4035667;37,500
RS;BR-470;94,000;93,000;1,000;14/08/2023;-28,2938774;-51,4035667;51,250
RS;BR-470;93,000;92,000;1,000;14/08/2023;-28,2938774;-51,4035667;45,000
RS;BR-470;92,000;91,000;1,000;14/08/2023;-28,303216;-51,473462;45,000
RS;BR-470;91,000;90,000;1,000;14/08/2023;-28,3082405;-51,4662393;45,000
RS;BR-470;90,000;89,000;1,000;14/08/2023;-28,303216;-51,473462;45,000
RS;BR-470;89,000;88,400;0,600;14/08/2023;-28,3051286;-51,4652545;45,000
AM;BR-307;1333,800;1334,000;0,200;17/08/2023;-3,0532862;-60,0358836;55,000
AM;BR-307;1334,000;1335,000;1,000;17/08/2023;-3,0532862;-60,0358836;55,000
AM;BR-307;1335,000;1336,000;1,000;17/08/2023;-3,0532862;-60,0358836;55,000
AM;BR-307;1336,000;1337,000;1,000;17/08/2023;-3,0532862;-60,0358836;55,000
AM;BR-307;1337,000;1338,000;1,000;17/08/2023;-3,0532862;-60,0358836;55,000
AM;BR-307;1338,000;1339,000;1,000;17/08/2023;-3,0532862;-60,0358836;55,000
AM;BR-307;1339,000;1340,000;1,000;17/08/2023;-3,0532862;-60,0358836;55,000
AM;BR-307;1340,000;1341,000;1,000;17/08/2023;-3,0532862;-60,0358836;55,000
AM;BR-307;1341,000;1342,000;1,000;17/08/2023;-3,0532862;-60,0358836;55,000
AM;BR-307;1342,000;1343,000;1,000;17/08/2023;-3,0532862;-60,0358836;55,000
AM;BR-307;1343,000;1344,000;1,000;17/08/2023;-3,0532862;-60,0358836;55,000
AM;BR-307;1344,000;1345,000;1,000;17/08/2023;-3,0532862;-60,0358836;55,000
AM;BR-307;1345,000;1346,000;1,000;17/08/2023;-3,0532862;-60,0358836;55,000
AM;BR-307;1346,000;1347,000;1,000;17/08/2023;-3,0532862;-60,0358836;57,500
AM;BR-307;1347,000;1348,000;1,000;17/08/2023;-3,0532862;-60,0358836;57,500
AM;BR-307;1348,000;1349,000;1,000;17/08/2023;-3,0532862;-60,0358836;57,500
AM;BR-307;1349,000;1350,000;1,000;17/08/2023;-3,0532862;-60,0358836;57,500
AM;BR-307;1350,000;1351,000;1,000;17/08/2023;-3,0532862;-60,0358836;57,500
AM;BR-307;1351,000;1352,000;1,000;17/08/2023;-3,0500069;-60,0378761;57,500
AM;BR-307;1352,000;1353,000;1,000;17/08/2023;-3,0500069;-60,0378761;57,500
AM;BR-307;1353,000;1354,000;1,000;17/08/2023;-3,0500069;-60,0378761;57,500
AM;BR-307;1354,000;1355,000;1,000;17/08/2023;-3,0500069;-60,0378761;57,500
AM;BR-307;1355,000;1356,000;1,000;17/08/2023;-3,0500069;-60,0378761;57,500
AM;BR-307;1356,000;1357,000;1,000;17/08/2023;-3,0500069;-60,0378761;57,500
AM;BR-307;1357,000;1358,000;1,000;17/08/2023;-3,0500069;-60,0378761;57,500
AM;BR-307;1358,000;1359,000;1,000;17/08/2023;-3,0500069;-60,0378761;57,500
AM;BR-307;1359,000;1360,000;1,000;17/08/2023;-3,0500139;-60,0378753;57,500
AM;BR-307;1360,000;1361,000;1,000;17/08/2023;-3,0500139;-60,0378753;57,500
AM;BR-307;1361,000;1362,000;1,000;17/08/2023;-3,0500139;-60,0378753;57,500
AM;BR-307;1362,000;1363,000;1,000;17/08/2023;-3,0500139;-60,0378753;57,500
AM;BR-307;1363,000;1364,000;1,000;17/08/2023;-3,0500139;-60,0378753;57,500
AM;BR-307;1364,000;1365,000;1,000;17/08/2023;-3,0500139;-60,0378753;57,500
AM;BR-307;1365,000;1366,000;1,000;17/08/2023;-3,0500139;-60,0378753;57,500
AM;BR-307;1366,000;1367,000;1,000;17/08/2023;-3,0500139;-60,0378753;57,500
AM;BR-307;1367,000;1368,000;1,000;17/08/2023;-3,0500139;-60,0378753;57,500
AM;BR-307;1368,000;1369,000;1,000;17/08/2023;-3,0500139;-60,0378753;57,500
AM;BR-307;1369,000;1370,000;1,000;17/08/2023;-3,0500139;-60,0378753;57,500
AM;BR-307;1370,000;1371,000;1,000;17/08/2023;-3,0500139;-60,0378753;57,500
AM;BR-307;1371,000;1372,000;1,000;17/08/2023;-3,0500139;-60,0378753;57,500
AM;BR-307;1372,000;1373,000;1,000;17/08/2023;-3,0500139;-60,0378753;57,500
AM;BR-307;1373,000;1374,000;1,000;17/08/2023;-3,0500139;-60,0378753;57,500
AM;BR-307;1374,000;1375,000;1,000;17/08/2023;-3,0500139;-60,0378753;57,500
AM;BR-307;1375,000;1376,000;1,000;17/08/2023;-3,0500139;-60,0378753;57,500
AM;BR-307;1376,000;1377,000;1,000;17/08/2023;-3,0500139;-60,0378753;57,500
AM;BR-307;1377,000;1378,000;1,000;17/08/2023;-3,0500139;-60,0378753;57,500
AM;BR-307;1378,000;1379,000;1,000;17/08/2023;-3,0500139;-60,0378753;57,500
AM;BR-307;1379,000;1380,000;1,000;17/08/2023;-3,0500139;-60,0378753;57,500
AM;BR-307;1380,000;1381,000;1,000;17/08/2023;-3,0500139;-60,0378753;57,500
AM;BR-307;1381,000;1382,000;1,000;17/08/2023;-3,0500139;-60,0378753;57,500
AM;BR-307;1382,000;1383,000;1,000;17/08/2023;-3,0500139;-60,0378753;57,500
AM;BR-307;1383,000;1384,000;1,000;17/08/2023;-3,0500139;-60,0378753;57,500
AM;BR-307;1384,000;1385,000;1,000;17/08/2023;-3,0500139;-60,0378753;57,500
AM;BR-307;1385,000;1386,000;1,000;17/08/2023;-3,0500139;-60,0378753;57,500
AM;BR-307;1386,000;1387,000;1,000;17/08/2023;-3,0500139;-60,0378753;57,500
AM;BR-307;1387,000;1388,000;1,000;17/08/2023;-3,0500101;-60,037865;57,500
AM;BR-307;1388,000;1389,000;1,000;17/08/2023;-3,0500101;-60,037865;57,500
AM;BR-307;1389,000;1390,000;1,000;17/08/2023;-3,0500101;-60,037865;57,500
AM;BR-307;1390,000;1391,000;1,000;17/08/2023;-3,0500101;-60,037865;57,500
AM;BR-307;1391,000;1392,000;1,000;17/08/2023;-3,0500101;-60,037865;57,500
AM;BR-307;1392,000;1393,000;1,000;17/08/2023;-3,0500101;-60,037865;57,500
AM;BR-307;1393,000;1394,000;1,000;17/08/2023;-3,0500101;-60,037865;57,500
AM;BR-307;1394,000;1395,000;1,000;17/08/2023;-3,0500101;-60,037865;57,500
AM;BR-307;1395,000;1396,000;1,000;17/08/2023;-3,0500101;-60,037865;57,500
AM;BR-307;1396,000;1397,000;1,000;17/08/2023;-3,0500101;-60,037865;57,500
AM;BR-307;1397,000;1398,000;1,000;17/08/2023;-3,0500115;-60,0378747;57,500
AM;BR-307;1398,000;1399,000;1,000;17/08/2023;-3,0500115;-60,0378747;57,500
AM;BR-307;1399,000;1400,000;1,000;17/08/2023;-3,0500123;-60,0378758;57,500
AM;BR-307;1400,000;1401,000;1,000;17/08/2023;-3,0500123;-60,0378758;57,500
AM;BR-307;1401,000;1402,000;1,000;17/08/2023;-3,0500123;-60,0378758;57,500
AM;BR-307;1402,000;1403,000;1,000;17/08/2023;-3,0500123;-60,0378758;57,500
AM;BR-307;1403,000;1404,000;1,000;17/08/2023;-3,0500123;-60,0378758;57,500
AM;BR-307;1404,000;1405,000;1,000;17/08/2023;-3,0500123;-60,0378758;57,500
AM;BR-307;1405,000;1406,000;1,000;17/08/2023;-3,0500093;-60,037874;57,500
AM;BR-307;1406,000;1407,000;1,000;17/08/2023;-3,0500093;-60,037874;57,500
AM;BR-307;1407,000;1408,000;1,000;17/08/2023;-3,0500093;-60,037874;57,500
AM;BR-307;1408,000;1409,000;1,000;17/08/2023;-3,0500093;-60,037874;57,500
AM;BR-307;1409,000;1410,000;1,000;17/08/2023;-3,0500093;-60,037874;57,500
AM;BR-307;1410,000;1411,000;1,000;17/08/2023;-3,0500093;-60,037874;57,500
AM;BR-307;1411,000;1412,000;1,000;17/08/2023;-3,0500093;-60,037874;57,500
AM;BR-307;1412,000;1413,000;1,000;17/08/2023;-3,0500093;-60,037874;57,500
AM;BR-307;1413,000;1414,000;1,000;17/08/2023;-3,0500093;-60,037874;57,500
AM;BR-307;1414,000;1415,000;1,000;17/08/2023;-3,0500093;-60,037874;57,500
AM;BR-307;1415,000;1416,000;1,000;17/08/2023;-3,0500093;-60,037874;57,500
AM;BR-307;1416,000;1417,000;1,000;17/08/2023;-3,0500093;-60,037874;57,500
AM;BR-307;1417,000;1418,000;1,000;17/08/2023;-3,0500093;-60,037874;57,500
AM;BR-307;1418,000;1419,000;1,000;17/08/2023;-3,0500093;-60,037874;57,500
AM;BR-307;1419,000;1420,000;1,000;17/08/2023;-3,0500093;-60,037874;57,500
AM;BR-307;1420,000;1421,000;1,000;17/08/2023;-3,0500093;-60,037874;57,500
AM;BR-307;1421,000;1422,000;1,000;17/08/2023;-3,0500102;-60,0378228;57,500
AM;BR-307;1422,000;1423,000;1,000;17/08/2023;-3,0500102;-60,0378228;57,500
AM;BR-307;1423,000;1424,000;1,000;17/08/2023;-3,0500102;-60,0378228;57,500
AM;BR-307;1424,000;1425,000;1,000;17/08/2023;-3,0500102;-60,0378228;57,500
AM;BR-307;1425,000;1426,000;1,000;17/08/2023;-3,0500102;-60,0378228;57,500
PA;BR-230;745,400;746,000;0,600;17/08/2023;-3,2179507;-52,2493215;53,750
PA;BR-230;746,000;747,000;1,000;17/08/2023;-3,2179507;-52,2493215;53,750
PA;BR-230;747,000;748,000;1,000;17/08/2023;-3,217928;-52,2493009;53,750
PA;BR-230;748,000;749,000;1,000;17/08/2023;-3,217928;-52,2493009;53,750
PA;BR-230;749,000;750,000;1,000;17/08/2023;-3,217928;-52,2493009;53,750
PA;BR-230;750,000;751,000;1,000;17/08/2023;-3,217928;-52,2493009;53,750
PA;BR-230;751,000;752,000;1,000;17/08/2023;-3,217928;-52,2493009;53,750
PA;BR-230;752,000;753,000;1,000;17/08/2023;-3,217928;-52,2493009;53,750
PA;BR-230;753,000;754,000;1,000;17/08/2023;-3,217928;-52,2493009;53,750
PA;BR-230;754,000;755,000;1,000;17/08/2023;-3,217928;-52,2493009;53,750
PA;BR-230;755,000;756,000;1,000;17/08/2023;-3,217928;-52,2493009;53,750
PA;BR-230;756,000;757,000;1,000;17/08/2023;-3,217928;-52,2493009;53,750
PA;BR-230;757,000;758,000;1,000;17/08/2023;-3,217928;-52,2493009;53,750
PA;BR-230;758,000;759,000;1,000;17/08/2023;-3,217928;-52,2493009;53,750
PA;BR-230;759,000;760,000;1,000;17/08/2023;-3,217928;-52,2493009;53,750
PA;BR-230;760,000;761,000;1,000;17/08/2023;-3,217928;-52,2493009;53,750
PA;BR-230;761,000;762,000;1,000;17/08/2023;-3,217928;-52,2493009;53,750
PA;BR-230;762,000;763,000;1,000;17/08/2023;-3,217928;-52,2493009;53,750
PA;BR-230;763,000;764,000;1,000;17/08/2023;-3,217928;-52,2493009;53,750
PA;BR-230;764,000;765,000;1,000;17/08/2023;-3,217928;-52,2493009;53,750
PA;BR-230;765,000;766,000;1,000;17/08/2023;-3,217928;-52,2493009;53,750
PA;BR-230;766,000;767,000;1,000;17/08/2023;-3,217928;-52,2493009;53,750
PA;BR-230;767,000;768,000;1,000;17/08/2023;-3,217928;-52,2493009;53,750
PA;BR-230;768,000;769,000;1,000;17/08/2023;-3,217928;-52,2493009;53,750
PA;BR-230;769,000;770,000;1,000;17/08/2023;-3,217928;-52,2493009;53,750
PA;BR-230;770,000;771,000;1,000;17/08/2023;-3,217928;-52,2493009;53,750
PA;BR-230;771,000;772,000;1,000;17/08/2023;-3,217928;-52,2493009;53,750
PA;BR-230;772,000;773,000;1,000;17/08/2023;-3,217928;-52,2493009;67,500
PA;BR-230;773,000;774,000;1,000;17/08/2023;-3,217928;-52,2493009;67,500
PA;BR-230;774,000;775,000;1,000;17/08/2023;-3,217928;-52,2493009;67,500
PA;BR-230;775,000;776,000;1,000;17/08/2023;-3,217928;-52,2493009;67,500
PA;BR-230;776,000;777,000;1,000;17/08/2023;-3,217928;-52,2493009;67,500
PA;BR-230;777,000;778,000;1,000;17/08/2023;-3,217928;-52,2493009;67,500
PA;BR-230;778,000;779,000;1,000;17/08/2023;-3,217928;-52,2493009;67,500
PA;BR-230;779,000;780,000;1,000;17/08/2023;-3,217928;-52,2493009;67,500
PA;BR-230;780,000;781,000;1,000;17/08/2023;-3,217928;-52,2493009;67,500
PA;BR-230;781,000;782,000;1,000;17/08/2023;-3,217928;-52,2493009;56,250
PA;BR-230;782,000;783,000;1,000;17/08/2023;-3,217928;-52,2493009;67,500
PA;BR-230;783,000;784,000;1,000;17/08/2023;-3,217928;-52,2493009;67,500
PA;BR-230;784,000;785,000;1,000;17/08/2023;-3,217928;-52,2493009;67,500
PA;BR-230;785,000;786,000;1,000;17/08/2023;-3,217928;-52,2493009;67,500
PA;BR-230;786,000;787,000;1,000;17/08/2023;-3,217928;-52,2493009;67,500
PA;BR-230;787,000;788,000;1,000;17/08/2023;-3,217928;-52,2493009;67,500
PA;BR-230;788,000;789,000;1,000;17/08/2023;-3,217928;-52,2493009;67,500
PA;BR-230;789,000;790,000;1,000;17/08/2023;-3,2179575;-52,2493201;67,500
PA;BR-230;790,000;791,000;1,000;17/08/2023;-3,2179575;-52,2493201;67,500
PA;BR-230;791,000;792,000;1,000;17/08/2023;-3,2179575;-52,2493201;67,500
PA;BR-230;792,000;793,000;1,000;17/08/2023;-3,2179575;-52,2493201;67,500
PA;BR-230;793,000;794,000;1,000;17/08/2023;-3,2179575;-52,2493201;67,500
PA;BR-230;794,000;795,000;1,000;17/08/2023;-3,2179575;-52,2493201;67,500
PA;BR-230;795,000;796,000;1,000;17/08/2023;-3,2179575;-52,2493201;67,500
PA;BR-230;796,000;797,000;1,000;17/08/2023;-3,2179575;-52,2493201;67,500
PA;BR-230;797,000;798,000;1,000;17/08/2023;-3,2179575;-52,2493201;67,500
PA;BR-230;798,000;799,000;1,000;17/08/2023;-3,2179575;-52,2493201;67,500
PA;BR-230;799,000;800,000;1,000;17/08/2023;-3,2179575;-52,2493201;67,500
PA;BR-230;800,000;801,000;1,000;17/08/2023;-3,2179575;-52,2493201;67,500
PA;BR-230;801,000;802,000;1,000;17/08/2023;-3,2179575;-52,2493201;67,500
PA;BR-230;802,000;803,000;1,000;17/08/2023;-3,2179575;-52,2493201;67,500
PA;BR-230;803,000;804,000;1,000;17/08/2023;-3,2179575;-52,2493201;67,500
PA;BR-230;804,000;805,000;1,000;17/08/2023;-3,2179575;-52,2493201;67,500
PA;BR-230;805,000;806,000;1,000;17/08/2023;-3,2180089;-52,2492778;67,500
PA;BR-230;806,000;807,000;1,000;17/08/2023;-3,21795488;-52,2492428;67,500
PA;BR-230;807,000;808,000;1,000;17/08/2023;-3,21790725;-52,2492162;67,500
PA;BR-230;808,000;809,000;1,000;17/08/2023;-3,21793083;-52,2492744;67,500
PA;BR-230;809,000;810,000;1,000;17/08/2023;-3,2179184;-52,2492773;67,500
PA;BR-230;810,000;811,000;1,000;17/08/2023;-3,21792498;-52,2492601;67,500
PA;BR-230;811,000;812,000;1,000;17/08/2023;-3,21791073;-52,2492222;67,500
PA;BR-230;812,000;813,000;1,000;17/08/2023;-3,21791355;-52,2492213;67,500
PA;BR-230;813,000;814,000;1,000;17/08/2023;-3,21790853;-52,2492035;67,500
PA;BR-230;814,000;815,000;1,000;17/08/2023;-3,2179398;-52,2493029;67,500
PA;BR-230;815,000;816,000;1,000;17/08/2023;-3,2179398;-52,2493029;67,500
PA;BR-230;816,000;817,000;1,000;17/08/2023;-3,2179852;-52,249332;67,500
PA;BR-230;817,000;818,000;1,000;17/08/2023;-3,218022;-52,2493203;67,500
PA;BR-230;818,000;819,000;1,000;17/08/2023;-3,2180336;-52,2493375;67,500
PA;BR-230;819,000;820,000;1,000;17/08/2023;-3,218118;-52,2494007;67,500
PA;BR-230;820,000;821,000;1,000;17/08/2023;-3,21814661;-52,2494249;67,500
PA;BR-230;821,000;822,000;1,000;17/08/2023;-3,21805016;-52,2493061;67,500
PA;BR-230;822,000;823,000;1,000;17/08/2023;-3,21802795;-52,2492994;67,500
PA;BR-230;823,000;824,000;1,000;17/08/2023;-3,21802795;-52,2492994;67,500
PA;BR-230;824,000;825,000;1,000;17/08/2023;-3,21802795;-52,2492994;67,500
PA;BR-230;825,000;826,000;1,000;17/08/2023;-3,21786765;-52,2492205;67,500
PA;BR-230;826,000;827,000;1,000;17/08/2023;-3,21785685;-52,2492199;67,500
PA;BR-230;827,000;828,000;1,000;17/08/2023;-3,2178748;-52,2492222;67,500
PA;BR-230;828,000;829,000;1,000;17/08/2023;-3,21788405;-52,2492282;67,500
PA;BR-230;829,000;830,000;1,000;17/08/2023;-3,21787808;-52,2492261;67,500
PA;BR-230;830,000;831,000;1,000;17/08/2023;-3,21788021;-52,2492229;67,500
PA;BR-230;831,000;832,000;1,000;17/08/2023;-3,21788021;-52,2492229;67,500
PA;BR-230;832,000;833,000;1,000;17/08/2023;-3,21788021;-52,2492229;67,500
PA;BR-230;833,000;834,000;1,000;17/08/2023;-3,21788021;-52,2492229;67,500
PA;BR-230;834,000;835,000;1,000;17/08/2023;-3,21788021;-52,2492229;67,500
PA;BR-230;835,000;836,000;1,000;17/08/2023;-3,21788021;-52,2492229;67,500
PA;BR-230;836,000;837,000;1,000;17/08/2023;-3,21788021;-52,2492229;67,500
PA;BR-230;837,000;838,000;1,000;17/08/2023;-3,21788021;-52,2492229;67,500
PA;BR-230;838,000;839,000;1,000;17/08/2023;-3,21788021;-52,2492229;67,500
PA;BR-230;839,000;840,000;1,000;17/08/2023;-3,21788021;-52,2492229;67,500
PA;BR-230;840,000;841,000;1,000;17/08/2023;-3,21788021;-52,2492229;67,500
PA;BR-230;841,000;842,000;1,000;17/08/2023;-3,21788021;-52,2492229;67,500
PA;BR-230;842,000;843,000;1,000;17/08/2023;-3,21812433;-52,2493352;67,500
PA;BR-230;843,000;844,000;1,000;17/08/2023;-3,21813021;-52,2493651;67,500
PA;BR-230;844,000;845,000;1,000;17/08/2023;-3,21811188;-52,2493447;67,500
PA;BR-230;845,000;846,000;1,000;17/08/2023;-3,21808975;-52,2493236;67,500
PA;BR-230;846,000;847,000;1,000;17/08/2023;-3,21805913;-52,2493058;67,500
PA;BR-230;847,000;848,000;1,000;17/08/2023;-3,21805913;-52,2493058;67,500
PA;BR-230;848,000;849,000;1,000;17/08/2023;-3,21805926;-52,2493278;67,500
PA;BR-230;849,000;850,000;1,000;17/08/2023;-3,21794368;-52,2492507;67,500
PA;BR-230;850,000;851,000;1,000;17/08/2023;-3,21794368;-52,2492507;67,500
PA;BR-230;851,000;852,000;1,000;17/08/2023;-3,21814646;-52,2494346;67,500
PA;BR-230;852,000;853,000;1,000;17/08/2023;-3,2180488;-52,2493358;50,000
PA;BR-230;853,000;854,000;1,000;17/08/2023;-3,2180488;-52,2493358;50,000
PA;BR-230;854,000;855,000;1,000;17/08/2023;-3,2179024;-52,2492243;50,000
PA;BR-230;855,000;856,000;1,000;17/08/2023;-3,21792773;-52,2492406;0,000
PA;BR-230;856,000;857,000;1,000;17/08/2023;-3,2179259;-52,2492567;0,000
PA;BR-230;857,000;858,000;1,000;17/08/2023;-3,2179259;-52,2492567;0,000
PA;BR-230;858,000;859,000;1,000;17/08/2023;-3,21801881;-52,2492238;67,500
PA;BR-230;859,000;860,000;1,000;17/08/2023;-3,21801881;-52,2492238;67,500
PA;BR-230;860,000;861,000;1,000;17/08/2023;-3,21801673;-52,2492474;67,500
PA;BR-230;861,000;862,000;1,000;17/08/2023;-3,21801313;-52,2492504;67,500
PA;BR-230;862,000;863,000;1,000;17/08/2023;-3,21800605;-52,2492529;67,500
PA;BR-230;863,000;864,000;1,000;17/08/2023;-3,218002;-52,2492535;67,500
PA;BR-230;864,000;865,000;1,000;17/08/2023;-3,21799206;-52,2492393;67,500
PA;BR-230;865,000;866,000;1,000;17/08/2023;-3,2179403;-52,2493082;67,500
PA;BR-230;866,000;867,000;1,000;17/08/2023;-3,217965;-52,2492568;67,500
PA;BR-230;867,000;868,000;1,000;17/08/2023;-3,2178316;-52,2491575;67,500
PA;BR-230;868,000;869,000;1,000;17/08/2023;-3,2179314;-52,2492425;67,500
PA;BR-230;869,000;870,000;1,000;17/08/2023;-3,2179744;-52,2492795;67,500
PA;BR-230;870,000;871,000;1,000;17/08/2023;-3,21798035;-52,2492895;67,500
PA;BR-230;871,000;872,000;1,000;17/08/2023;-3,21798643;-52,249295;67,500
PA;BR-230;872,000;873,000;1,000;17/08/2023;-3,21799135;-52,2493017;68,750
PA;BR-230;873,000;874,000;1,000;17/08/2023;-3,21799135;-52,2493017;68,750
PA;BR-230;874,000;875,000;1,000;17/08/2023;-3,21799135;-52,2493017;67,500
PA;BR-230;875,000;876,000;1,000;17/08/2023;-3,21799135;-52,2493017;67,500
PA;BR-230;876,000;877,000;1,000;17/08/2023;-3,21799135;-52,2493017;67,500
PA;BR-230;877,000;878,000;1,000;17/08/2023;-3,21799135;-52,2493017;67,500
PA;BR-230;878,000;879,000;1,000;17/08/2023;-3,21799135;-52,2493017;67,500
PA;BR-230;879,000;880,000;1,000;17/08/2023;-3,21799135;-52,2493017;67,500
PA;BR-230;880,000;881,000;1,000;17/08/2023;-3,21799135;-52,2493017;67,500
PA;BR-230;881,000;882,000;1,000;17/08/2023;-3,21799135;-52,2493017;67,500
PA;BR-230;882,000;883,000;1,000;17/08/2023;-3,21799135;-52,2493017;67,500
PA;BR-230;883,000;884,000;1,000;17/08/2023;-3,21799135;-52,2493017;67,500
PA;BR-230;884,000;885,000;1,000;17/08/2023;-3,21799135;-52,2493017;67,500
PA;BR-230;885,000;886,000;1,000;17/08/2023;-3,21799135;-52,2493017;67,500
PA;BR-230;886,000;887,000;1,000;17/08/2023;-3,21799135;-52,2493017;67,500
PA;BR-230;887,000;888,000;1,000;17/08/2023;-3,21799135;-52,2493017;67,500
PA;BR-230;888,000;889,000;1,000;17/08/2023;-3,21799135;-52,2493017;67,500
PA;BR-230;889,000;890,000;1,000;17/08/2023;-3,21799135;-52,2493017;67,500
PA;BR-230;890,000;891,000;1,000;17/08/2023;-3,21799135;-52,2493017;67,500
PA;BR-230;891,000;892,000;1,000;17/08/2023;-3,21799135;-52,2493017;67,500
PA;BR-230;892,000;893,000;1,000;17/08/2023;-3,21799135;-52,2493017;67,500
PA;BR-230;893,000;894,000;1,000;17/08/2023;-3,21799135;-52,2493017;67,500
PA;BR-230;894,000;895,000;1,000;17/08/2023;-3,21799135;-52,2493017;67,500
PA;BR-230;895,000;896,000;1,000;17/08/2023;-3,21799135;-52,2493017;67,500
PA;BR-230;896,000;897,000;1,000;17/08/2023;-3,21799135;-52,2493017;67,500
PA;BR-230;897,000;898,000;1,000;17/08/2023;-3,21799135;-52,2493017;67,500
PA;BR-230;898,000;899,000;1,000;17/08/2023;-3,21799135;-52,2493017;67,500
PA;BR-230;899,000;900,000;1,000;17/08/2023;-3,21773075;-52,2489562;67,500
PA;BR-230;900,000;901,000;1,000;17/08/2023;-3,21773075;-52,2489562;67,500
PA;BR-230;901,000;902,000;1,000;17/08/2023;-3,21773075;-52,2489562;67,500
PA;BR-230;902,000;903,000;1,000;17/08/2023;-3,21789008;-52,2492528;60,000
PA;BR-230;903,000;904,000;1,000;17/08/2023;-3,21789008;-52,2492528;60,000
PA;BR-230;904,000;905,000;1,000;17/08/2023;-3,21789008;-52,2492528;60,000
PA;BR-230;905,000;906,000;1,000;17/08/2023;-3,21789008;-52,2492528;60,000
PA;BR-230;906,000;907,000;1,000;17/08/2023;-3,21792733;-52,2493112;60,000
PA;BR-230;907,000;908,000;1,000;17/08/2023;-3,21792268;-52,2493043;0,000
PA;BR-230;908,000;909,000;1,000;17/08/2023;-3,21796548;-52,2492946;0,000
PA;BR-230;909,000;910,000;1,000;17/08/2023;-3,21799371;-52,2493184;0,000
PA;BR-230;910,000;911,000;1,000;17/08/2023;-3,2179965;-52,2493225;0,000
PA;BR-230;911,000;912,000;1,000;17/08/2023;-3,2179965;-52,2493225;0,000
PA;BR-230;912,000;913,000;1,000;17/08/2023;-3,2179965;-52,2493225;0,000
PA;BR-230;913,000;914,000;1,000;17/08/2023;-3,2179965;-52,2493225;0,000
PA;BR-230;914,000;915,000;1,000;17/08/2023;-3,2179965;-52,2493225;0,000
PA;BR-230;915,000;916,000;1,000;17/08/2023;-3,2179965;-52,2493225;0,000
PA;BR-230;916,000;917,000;1,000;17/08/2023;-3,2179965;-52,2493225;0,000
PA;BR-230;917,000;918,000;1,000;17/08/2023;-3,2179965;-52,2493225;0,000
PA;BR-230;918,000;919,000;1,000;17/08/2023;-3,2179965;-52,2493225;0,000
PA;BR-230;919,000;920,000;1,000;17/08/2023;-3,2179965;-52,2493225;0,000
PA;BR-230;920,000;921,000;1,000;17/08/2023;-3,2179965;-52,2493225;0,000
PA;BR-230;921,000;922,000;1,000;17/08/2023;-3,2179965;-52,2493225;0,000
PA;BR-230;922,000;923,000;1,000;17/08/2023;-3,2179965;-52,2493225;0,000
PA;BR-230;923,000;924,000;1,000;17/08/2023;-3,2179965;-52,2493225;0,000
PA;BR-230;924,000;925,000;1,000;17/08/2023;-3,2179965;-52,2493225;0,000
PA;BR-230;925,000;926,000;1,000;17/08/2023;-3,2179965;-52,2493225;0,000
PA;BR-230;926,000;927,000;1,000;17/08/2023;-3,2179965;-52,2493225;0,000
PA;BR-230;927,000;928,000;1,000;17/08/2023;-3,2179965;-52,2493225;0,000
PA;BR-230;928,000;929,000;1,000;17/08/2023;-3,2179965;-52,2493225;0,000
PA;BR-230;929,000;930,000;1,000;17/08/2023;-3,2179965;-52,2493225;75,000
PA;BR-230;930,000;931,000;1,000;17/08/2023;-3,2179965;-52,2493225;75,000
PA;BR-230;931,000;932,000;1,000;17/08/2023;-3,21791461;-52,2491517;75,000
PA;BR-230;932,000;933,000;1,000;17/08/2023;-3,21793796;-52,2492387;75,000
PA;BR-230;933,000;934,000;1,000;17/08/2023;-3,21794786;-52,249263;75,000
PA;BR-230;934,000;935,000;1,000;17/08/2023;-3,21795246;-52,2492696;75,000
PA;BR-230;935,000;936,000;1,000;17/08/2023;-3,21795645;-52,2492604;75,000
PA;BR-230;936,000;937,000;1,000;17/08/2023;-3,21795838;-52,2492657;75,000
PA;BR-230;937,000;938,000;1,000;17/08/2023;-3,21795841;-52,2492644;75,000
PA;BR-230;938,000;939,000;1,000;17/08/2023;-3,21795841;-52,2492644;75,000
PA;BR-230;939,000;940,000;1,000;17/08/2023;-3,21795841;-52,2492644;75,000
PA;BR-230;940,000;941,000;1,000;17/08/2023;-3,21795841;-52,2492644;71,250
PA;BR-230;941,000;942,000;1,000;17/08/2023;-3,21795841;-52,2492644;75,000
PA;BR-230;942,000;943,000;1,000;17/08/2023;-3,21795841;-52,2492644;75,000
PA;BR-230;943,000;944,000;1,000;17/08/2023;-3,21795841;-52,2492644;67,500
PA;BR-230;944,000;945,000;1,000;17/08/2023;-3,21795841;-52,2492644;67,500
PA;BR-230;945,000;946,000;1,000;17/08/2023;-3,2179012;-52,2493338;67,500
PA;BR-230;946,000;947,000;1,000;17/08/2023;-3,21789638;-52,2493087;67,500
PA;BR-230;947,000;948,000;1,000;17/08/2023;-3,21790616;-52,2492909;67,500
PA;BR-230;948,000;949,000;1,000;17/08/2023;-3,217909;-52,2492837;67,500
PA;BR-230;949,000;950,000;1,000;17/08/2023;-3,21790841;-52,2492758;67,500
PA;BR-230;950,000;951,000;1,000;17/08/2023;-3,21790845;-52,2492889;67,500
PA;BR-230;951,000;952,000;1,000;17/08/2023;-3,21791295;-52,2493023;67,500
PA;BR-230;952,000;953,000;1,000;17/08/2023;-3,21791288;-52,2493017;67,500
PA;BR-230;953,000;954,000;1,000;17/08/2023;-3,21791288;-52,2493017;67,500
PA;BR-230;954,000;955,000;1,000;17/08/2023;-3,21791288;-52,2493017;67,500
PA;BR-230;955,000;956,000;1,000;17/08/2023;-3,21791288;-52,2493017;67,500
PA;BR-230;956,000;957,000;1,000;17/08/2023;-3,21791288;-52,2493017;67,500
PA;BR-230;957,000;958,000;1,000;17/08/2023;-3,21791288;-52,2493017;67,500
PA;BR-230;958,000;959,000;1,000;17/08/2023;-3,21791288;-52,2493017;67,500
PA;BR-230;959,000;960,000;1,000;17/08/2023;-3,21791288;-52,2493017;67,500
PA;BR-230;960,000;961,000;1,000;17/08/2023;-3,21791288;-52,2493017;67,500
PA;BR-230;961,000;962,000;1,000;17/08/2023;-3,21791288;-52,2493017;67,500
PA;BR-230;962,000;963,000;1,000;17/08/2023;-3,21791288;-52,2493017;67,500
PA;BR-230;963,000;964,000;1,000;17/08/2023;-3,21791288;-52,2493017;67,500
PA;BR-230;964,000;965,000;1,000;17/08/2023;-3,21791288;-52,2493017;67,500
PA;BR-230;965,000;966,000;1,000;17/08/2023;-3,21791288;-52,2493017;67,500
PA;BR-230;966,000;967,000;1,000;17/08/2023;-3,21791288;-52,2493017;67,500
PA;BR-230;967,000;968,000;1,000;17/08/2023;-3,21791288;-52,2493017;67,500
PA;BR-230;968,000;969,000;1,000;17/08/2023;-3,21791288;-52,2493017;67,500
PA;BR-230;969,000;970,000;1,000;17/08/2023;-3,21791288;-52,2493017;67,500
PA;BR-230;970,000;971,000;1,000;17/08/2023;-3,21789895;-52,2492933;67,500
PA;BR-230;971,000;972,000;1,000;17/08/2023;-3,21786418;-52,2493179;67,500
PA;BR-230;972,000;973,000;1,000;17/08/2023;-3,2178668;-52,2493137;67,500
PA;BR-230;973,000;974,000;1,000;17/08/2023;-3,21788211;-52,2493099;67,500
PA;BR-230;974,000;975,000;1,000;17/08/2023;-3,21790856;-52,2493;67,500
PA;BR-230;975,000;976,000;1,000;17/08/2023;-3,2179182;-52,2493088;67,500
PA;BR-230;976,000;977,000;1,000;17/08/2023;-3,2179288;-52,2493121;67,500
PA;BR-230;977,000;978,000;1,000;17/08/2023;-3,2179286;-52,2493135;67,500
PA;BR-230;978,000;979,000;1,000;17/08/2023;-3,2179286;-52,2493135;67,500
PA;BR-230;979,000;980,000;1,000;17/08/2023;-3,2179286;-52,2493135;67,500
PA;BR-230;980,000;981,000;1,000;17/08/2023;-3,2179286;-52,2493135;67,500
PA;BR-230;981,000;982,000;1,000;17/08/2023;-3,2179993;-52,2493375;67,500
PA;BR-230;982,000;983,000;1,000;17/08/2023;-3,2179265;-52,2492159;67,500
PA;BR-230;983,000;984,000;1,000;17/08/2023;-3,21791183;-52,2492275;67,500
PA;BR-230;984,000;985,000;1,000;17/08/2023;-3,21791183;-52,2492275;67,500
PA;BR-230;985,000;986,000;1,000;17/08/2023;-3,21797525;-52,2493233;67,500
PA;BR-230;986,000;987,000;1,000;17/08/2023;-3,2179836;-52,2493258;67,500
PA;BR-230;987,000;988,000;1,000;17/08/2023;-3,21798231;-52,2493209;67,500
PA;BR-230;988,000;989,000;1,000;17/08/2023;-3,21797006;-52,2493387;67,500
PA;BR-230;989,000;990,000;1,000;17/08/2023;-3,21796863;-52,2493402;67,500
PA;BR-230;990,000;991,000;1,000;17/08/2023;-3,21796646;-52,2493331;67,500
PA;BR-230;991,000;992,000;1,000;17/08/2023;-3,21796958;-52,2493168;67,500
PA;BR-230;992,000;993,000;1,000;17/08/2023;-3,21797205;-52,249314;67,500
PA;BR-230;993,000;994,000;1,000;17/08/2023;-3,21796608;-52,249304;67,500
PA;BR-230;994,000;995,000;1,000;17/08/2023;-3,21796611;-52,2493045;67,500
PA;BR-230;995,000;996,000;1,000;17/08/2023;-3,21796611;-52,2493045;67,500
PA;BR-230;996,000;997,000;1,000;17/08/2023;-3,21796611;-52,2493045;67,500
PA;BR-230;997,000;998,000;1,000;17/08/2023;-3,21796611;-52,2493045;67,500
PA;BR-230;998,000;999,000;1,000;17/08/2023;-3,21796611;-52,2493045;67,500
PA;BR-230;999,000;1000,000;1,000;17/08/2023;-3,21796611;-52,2493045;67,500
PA;BR-230;1000,000;1001,000;1,000;17/08/2023;-3,21796611;-52,2493045;67,500
PA;BR-230;1001,000;1002,000;1,000;17/08/2023;-3,21796611;-52,2493045;67,500
PA;BR-230;1002,000;1003,000;1,000;17/08/2023;-3,21796611;-52,2493045;67,500
PA;BR-230;1003,000;1004,000;1,000;17/08/2023;-3,21796611;-52,2493045;67,500
PA;BR-230;1004,000;1005,000;1,000;17/08/2023;-3,21796611;-52,2493045;67,500
PA;BR-230;1005,000;1006,000;1,000;17/08/2023;-3,21796611;-52,2493045;67,500
PA;BR-230;1006,000;1007,000;1,000;17/08/2023;-3,21796611;-52,2493045;67,500
PA;BR-230;1007,000;1008,000;1,000;17/08/2023;-3,21796611;-52,2493045;0,000
MG;BR-364;189,000;190,000;1,000;18/08/2023;-18,6052397;-46,5155193;100,000
MG;BR-364;190,000;191,000;1,000;18/08/2023;-18,6052172;-46,5155303;100,000
MG;BR-364;191,000;192,000;1,000;18/08/2023;-18,6052348;-46,5155271;100,000
MG;BR-364;192,000;193,000;1,000;18/08/2023;-18,6052284;-46,5155314;93,750
MG;BR-364;193,000;194,000;1,000;18/08/2023;-18,6052161;-46,5155217;100,000
MG;BR-364;194,000;195,000;1,000;18/08/2023;-18,6052261;-46,5155318;100,000
MG;BR-364;195,000;196,000;1,000;18/08/2023;-18,6052243;-46,5155239;100,000
MG;BR-364;196,000;197,000;1,000;18/08/2023;-18,6052206;-46,5155243;100,000
MG;BR-364;197,000;198,000;1,000;18/08/2023;-18,6052206;-46,5155243;100,000
MG;BR-364;198,000;199,000;1,000;18/08/2023;-18,6052231;-46,515532;93,750
MG;BR-364;199,000;200,000;1,000;18/08/2023;-18,6052259;-46,5155312;100,000
MG;BR-364;200,000;201,000;1,000;18/08/2023;-18,6052259;-46,5155314;100,000
MG;BR-364;201,000;202,000;1,000;18/08/2023;-18,6052259;-46,5155314;100,000
MG;BR-364;202,000;203,000;1,000;18/08/2023;-18,6052308;-46,5155302;100,000
AP;BR-156;662,340;662,640;0,300;04/08/2023;2,62944282;-51,3397829;78,750
AP;BR-156;662,840;663,120;0,280;04/08/2023;2,63328926;-51,3424181;85,000
AP;BR-156;663,970;664,000;0,030;04/08/2023;2,64164854;-51,3482219;47,500
AP;BR-156;664,000;665,000;1,000;04/08/2023;2,64162637;-51,3482241;85,000
AP;BR-156;665,000;666,000;1,000;04/08/2023;2,64974807;-51,3519513;82,500
AP;BR-156;666,000;667,000;1,000;04/08/2023;2,6582943;-51,3537415;82,500
AP;BR-156;667,000;668,000;1,000;04/08/2023;2,66716257;-51,3536325;92,500
AP;BR-156;668,000;668,850;0,850;04/08/2023;2,67932395;-51,353597;87,500
AP;BR-156;668,850;669,300;0,450;04/08/2023;2,68429429;-51,3547231;81,250
AP;BR-156;670,280;670,350;0,070;04/08/2023;2,6957862;-51,3602619;67,500
AP;BR-156;670,450;671,000;0,550;16/08/2023;2,69723684;-51,3607288;50,000
AP;BR-156;671,000;672,000;1,000;16/08/2023;2,70336985;-51,3625233;5,000
AP;BR-156;672,000;673,000;1,000;16/08/2023;2,71270873;-51,3653853;5,000
AP;BR-156;673,000;674,000;1,000;16/08/2023;2,72099516;-51,3679314;5,000
AP;BR-156;674,000;675,000;1,000;16/08/2023;2,7292413;-51,3703485;3,750
AP;BR-156;675,000;676,000;1,000;16/08/2023;2,7381419;-51,3724937;3,750
AP;BR-156;676,000;677,000;1,000;16/08/2023;2,74746152;-51,3728185;3,750
AP;BR-156;677,000;678,000;1,000;16/08/2023;2,75557656;-51,3774785;3,750
AP;BR-156;678,000;679,000;1,000;16/08/2023;2,76126255;-51,3831771;3,750
AP;BR-156;679,000;680,000;1,000;16/08/2023;2,77025108;-51,3811598;3,750
AP;BR-156;680,000;681,000;1,000;16/08/2023;2,77700145;-51,3835494;2,500
AP;BR-156;681,000;682,000;1,000;16/08/2023;2,78515297;-51,3869846;2,500
AP;BR-156;682,000;683,000;1,000;16/08/2023;2,79433181;-51,38726;2,500
AP;BR-156;683,000;684,000;1,000;16/08/2023;2,80241946;-51,3916908;3,750
AP;BR-156;684,000;685,000;1,000;16/08/2023;2,8113849;-51,3935388;3,750
AP;BR-156;685,000;686,000;1,000;16/08/2023;2,82004232;-51,3963787;3,750
AP;BR-156;686,000;687,000;1,000;16/08/2023;2,83125171;-51,399955;3,750
AP;BR-156;687,000;688,000;1,000;16/08/2023;2,83794095;-51,4010037;2,500
AP;BR-156;688,000;689,000;1,000;16/08/2023;2,84576744;-51,3961565;2,500
AP;BR-156;689,000;690,000;1,000;16/08/2023;2,85521356;-51,3943965;2,500
AP;BR-156;690,000;691,000;1,000;16/08/2023;2,86189533;-51,3949468;2,500
AP;BR-156;691,000;692,000;1,000;16/08/2023;2,87046103;-51,3946974;2,500
AP;BR-156;692,000;693,000;1,000;16/08/2023;2,87948113;-51,396582;2,500
AP;BR-156;693,000;694,000;1,000;16/08/2023;2,88854809;-51,3966249;2,500
AP;BR-156;694,000;695,000;1,000;16/08/2023;2,89770427;-51,3981042;2,500
AP;BR-156;695,000;696,000;1,000;16/08/2023;2,90686271;-51,3993244;2,500
AP;BR-156;696,000;697,000;1,000;16/08/2023;2,91617979;-51,398604;2,500
AP;BR-156;697,000;698,000;1,000;16/08/2023;2,92546527;-51,3977156;2,500
AP;BR-156;698,000;699,000;1,000;16/08/2023;2,93431144;-51,400399;2,500
AP;BR-156;699,000;700,000;1,000;16/08/2023;2,94003222;-51,406791;2,500
AP;BR-156;700,000;701,000;1,000;16/08/2023;2,94498577;-51,4122881;2,500
AP;BR-156;701,000;702,000;1,000;16/08/2023;2,95134837;-51,4179945;2,500
AP;BR-156;702,000;703,000;1,000;16/08/2023;2,95925576;-51,4231537;2,500
AP;BR-156;703,000;704,000;1,000;16/08/2023;2,9672363;-51,4282426;2,500
AP;BR-156;704,000;705,000;1,000;16/08/2023;2,97556148;-51,4321656;2,500
AP;BR-156;705,000;706,000;1,000;16/08/2023;2,9844558;-51,4359859;2,500
AP;BR-156;706,000;707,000;1,000;16/08/2023;2,99265408;-51,4394416;2,500
AP;BR-156;707,000;708,000;1,000;16/08/2023;3,00088198;-51,4435154;2,500
AP;BR-156;708,000;709,000;1,000;16/08/2023;3,00818409;-51,4492506;2,500
AP;BR-156;709,000;710,000;1,000;16/08/2023;3,01864006;-51,4545063;2,500
AP;BR-156;710,000;711,000;1,000;16/08/2023;3,02342041;-51,4555823;2,500
AP;BR-156;711,000;712,000;1,000;16/08/2023;3,03154484;-51,4573797;2,500
AP;BR-156;712,000;712,500;0,500;16/08/2023;3,04036777;-51,4599664;2,500
AP;BR-156;712,500;713,000;0,500;16/08/2023;3,0443769;-51,4616653;2,500
AP;BR-156;713,000;714,000;1,000;16/08/2023;3,04865047;-51,4642959;2,500
AP;BR-156;714,000;715,000;1,000;16/08/2023;3,05670996;-51,4697023;17,500
AP;BR-156;715,000;716,000;1,000;16/08/2023;3,0654024;-51,4738597;17,500
AP;BR-156;716,000;717,000;1,000;16/08/2023;3,07327626;-51,4774957;17,500
AP;BR-156;717,000;718,000;1,000;16/08/2023;3,08147765;-51,4818631;17,500
AP;BR-156;718,000;719,000;1,000;16/08/2023;3,08988635;-51,4877489;25,000
AP;BR-156;719,000;720,000;1,000;16/08/2023;3,09722976;-51,4910172;22,500
AP;BR-156;720,000;721,000;1,000;16/08/2023;3,10362534;-51,4927942;22,500
AP;BR-156;721,000;722,000;1,000;16/08/2023;3,11276201;-51,4938249;55,000
AP;BR-156;722,000;723,000;1,000;16/08/2023;3,12192224;-51,4975543;70,000
AP;BR-156;723,000;724,000;1,000;16/08/2023;3,12947898;-51,5019354;62,500
AP;BR-156;724,000;725,000;1,000;16/08/2023;3,13728063;-51,5065781;57,500
AP;BR-156;725,000;726,000;1,000;16/08/2023;3,14755662;-51,5122995;65,000
AP;BR-156;726,000;727,000;1,000;16/08/2023;3,15377013;-51,5164127;65,000
AP;BR-156;727,000;728,000;1,000;16/08/2023;3,16095613;-51,521094;63,750
AP;BR-156;728,000;729,000;1,000;16/08/2023;3,16914234;-51,5259152;81,250
AP;BR-156;729,000;730,000;1,000;16/08/2023;3,17761227;-51,5294982;70,000
AP;BR-156;730,000;731,000;1,000;16/08/2023;3,18360243;-51,5319757;73,750
AP;BR-156;731,000;732,000;1,000;16/08/2023;3,18958643;-51,538998;86,250
AP;BR-156;732,000;733,000;1,000;16/08/2023;3,19364457;-51,5466629;66,250
AP;BR-156;733,000;734,000;1,000;16/08/2023;3,20096381;-51,5508147;63,750
AP;BR-156;734,000;735,000;1,000;16/08/2023;3,21068862;-51,552633;70,000
AP;BR-156;735,000;736,000;1,000;16/08/2023;3,22204689;-51,5553716;70,000
AP;BR-156;736,000;737,000;1,000;16/08/2023;3,22764287;-51,5582198;86,250
AP;BR-156;737,000;738,000;1,000;16/08/2023;3,24081572;-51,566759;85,000
AP;BR-156;738,000;739,000;1,000;16/08/2023;3,24548698;-51,5696047;58,750
AP;BR-156;739,000;740,000;1,000;16/08/2023;3,25077691;-51,573088;81,250
AP;BR-156;740,000;741,000;1,000;16/08/2023;3,25363069;-51,5790604;77,500
AP;BR-156;741,000;742,000;1,000;16/08/2023;3,25739839;-51,5875164;81,250
AP;BR-156;742,000;743,000;1,000;16/08/2023;3,26587864;-51,5932344;86,250
AP;BR-156;743,000;744,000;1,000;16/08/2023;3,27251871;-51,5983056;75,000
AP;BR-156;744,000;745,000;1,000;16/08/2023;3,27726507;-51,6061755;75,000
AP;BR-156;745,000;746,000;1,000;16/08/2023;3,28777548;-51,6140385;66,250
AP;BR-156;746,000;747,000;1,000;16/08/2023;3,29327352;-51,6167116;82,500
AP;BR-156;747,000;748,000;1,000;16/08/2023;3,30127696;-51,6208567;75,000
AP;BR-156;748,000;749,000;1,000;16/08/2023;3,31261566;-51,6293531;71,250
AP;BR-156;749,000;750,000;1,000;16/08/2023;3,31324912;-51,6299126;86,250
AP;BR-156;750,000;751,000;1,000;16/08/2023;3,32553108;-51,6419427;88,750
AP;BR-156;751,000;752,000;1,000;16/08/2023;3,32650389;-51,64313;86,250
AP;BR-156;752,000;753,000;1,000;16/08/2023;3,33326379;-51,6507898;88,750
AP;BR-156;753,000;754,000;1,000;16/08/2023;3,34156833;-51,6562905;82,500
AP;BR-156;754,000;755,000;1,000;16/08/2023;3,34739392;-51,6601232;92,500
AP;BR-156;755,000;756,000;1,000;16/08/2023;3,35347093;-51,6673275;88,750
AP;BR-156;756,000;757,000;1,000;16/08/2023;3,36043644;-51,6733339;77,500
AP;BR-156;757,000;758,000;1,000;16/08/2023;3,36736916;-51,6792643;86,250
AP;BR-156;758,000;759,000;1,000;16/08/2023;3,37422248;-51,6861785;81,250
AP;BR-156;759,000;760,000;1,000;16/08/2023;3,37671572;-51,6945758;92,500
AP;BR-156;760,000;761,000;1,000;16/08/2023;3,37893134;-51,7004121;86,250
AP;BR-156;761,000;762,000;1,000;16/08/2023;3,38052269;-51,7084679;86,250
AP;BR-156;762,000;763,000;1,000;16/08/2023;3,38351327;-51,715966;85,000
AP;BR-156;763,000;764,000;1,000;16/08/2023;3,3895563;-51,7218829;77,500
AP;BR-156;764,000;765,000;1,000;16/08/2023;3,40403242;-51,7272972;81,250
AP;BR-156;765,000;766,000;1,000;16/08/2023;3,40736973;-51,7284324;75,000
AP;BR-156;766,000;767,000;1,000;16/08/2023;3,41627691;-51,7315167;82,500
AP;BR-156;767,000;768,000;1,000;16/08/2023;3,42476891;-51,731139;90,000
AP;BR-156;768,000;769,000;1,000;16/08/2023;3,43364648;-51,7281915;86,250
AP;BR-156;769,000;769,800;0,800;16/08/2023;3,44145914;-51,7246706;86,250
MT;BR-070;70,000;69,000;1,000;17/08/2023;-16,1086702;-57,6720651;40,000
MT;BR-070;69,000;68,000;1,000;17/08/2023;-16,1576145;-57,6167728;11,250
MT;BR-070;68,000;67,000;1,000;17/08/2023;-16,109463;-57,6940318;12,500
MT;BR-070;67,000;66,000;1,000;17/08/2023;-16,109463;-57,6940318;27,500
MT;BR-070;66,000;65,000;1,000;17/08/2023;-16,109463;-57,6940318;27,500
MT;BR-070;65,000;64,000;1,000;17/08/2023;-16,1977303;-57,6340132;12,500
MT;BR-070;64,000;63,000;1,000;17/08/2023;-16,1977303;-57,6340132;11,250
MT;BR-070;63,000;62,000;1,000;17/08/2023;-16,1977303;-57,6340132;11,250
MT;BR-070;62,000;61,000;1,000;17/08/2023;-16,1977303;-57,6340132;12,500
MT;BR-070;61,000;60,000;1,000;17/08/2023;-16,1977303;-57,6340132;27,500
MT;BR-070;60,000;59,000;1,000;17/08/2023;-16,1977303;-57,6340132;57,500
MT;BR-070;59,000;58,000;1,000;17/08/2023;-16,1977303;-57,6340132;57,500
MT;BR-070;58,000;57,000;1,000;17/08/2023;-16,2449944;-57,6675896;53,750
MT;BR-070;57,000;56,000;1,000;17/08/2023;-16,2449944;-57,6675896;65,000
MT;BR-070;56,000;55,000;1,000;17/08/2023;-16,2449944;-57,6675896;57,500
MT;BR-070;55,000;54,000;1,000;17/08/2023;-16,2449944;-57,6675896;56,250
MT;BR-070;54,000;53,000;1,000;17/08/2023;-16,2810096;-57,6771177;11,250
MT;BR-070;53,000;52,000;1,000;17/08/2023;-16,2810096;-57,6771177;12,500
MT;BR-070;52,000;51,000;1,000;17/08/2023;-16,2962079;-57,6740896;15,000
MT;BR-070;51,000;50,000;1,000;17/08/2023;-16,2962079;-57,6740896;42,500
MT;BR-070;50,000;49,000;1,000;17/08/2023;-16,2962079;-57,6740896;57,500
MT;BR-070;49,000;48,000;1,000;17/08/2023;-16,2962079;-57,6740896;27,500
MT;BR-070;48,000;47,000;1,000;17/08/2023;-16,2962079;-57,6740896;61,250
MT;BR-070;47,000;46,000;1,000;17/08/2023;-16,2962079;-57,6740896;61,250
MT;BR-070;46,000;45,000;1,000;17/08/2023;-16,2962079;-57,6740896;60,000
MT;BR-070;45,000;44,000;1,000;17/08/2023;-16,2962079;-57,6740896;61,250
MT;BR-070;44,000;43,000;1,000;17/08/2023;-16,2962079;-57,6740896;61,250
MT;BR-070;43,000;42,000;1,000;17/08/2023;-16,2962079;-57,6740896;35,000
MT;BR-070;42,000;41,000;1,000;17/08/2023;-16,2962079;-57,6740896;50,000
MT;BR-070;41,000;40,000;1,000;17/08/2023;-16,2962079;-57,6740896;61,250
MT;BR-070;40,000;39,000;1,000;17/08/2023;-16,2962079;-57,6740896;70,000
MT;BR-070;39,000;38,000;1,000;17/08/2023;-16,2962079;-57,6740896;50,000
MT;BR-070;38,000;37,000;1,000;17/08/2023;-16,2962079;-57,6740896;65,000
MT;BR-070;37,000;36,000;1,000;17/08/2023;-16,2962079;-57,6740896;53,750
MT;BR-070;36,000;35,000;1,000;18/08/2023;-16,242797;-57,6661831;61,250
MT;BR-070;35,000;34,000;1,000;18/08/2023;-16,242797;-57,6661831;53,750
MT;BR-070;34,000;33,000;1,000;18/08/2023;-16,242797;-57,6661831;50,000
MT;BR-070;33,000;32,000;1,000;18/08/2023;-16,242797;-57,6661831;61,250
MT;BR-070;32,000;31,000;1,000;18/08/2023;-16,4376008;-57,7452711;80,000
MT;BR-070;31,000;30,000;1,000;18/08/2023;-16,4376008;-57,7452711;77,500
MT;BR-070;30,000;29,000;1,000;18/08/2023;-16,4376008;-57,7452711;61,250
MT;BR-070;29,000;28,000;1,000;18/08/2023;-16,4376008;-57,7452711;53,750
MT;BR-070;28,000;27,000;1,000;18/08/2023;-16,4376008;-57,7452711;42,500
MT;BR-070;27,000;26,000;1,000;18/08/2023;-16,4376008;-57,7452711;57,500
MT;BR-070;26,000;25,000;1,000;18/08/2023;-16,4881497;-57,7537359;53,750
MT;BR-070;25,000;24,000;1,000;18/08/2023;-16,4881497;-57,7537359;61,250
MT;BR-070;24,000;23,000;1,000;18/08/2023;-16,4881497;-57,7537359;50,000
MT;BR-070;23,000;22,000;1,000;18/08/2023;-16,4881497;-57,7537359;45,000
MT;BR-070;22,000;21,000;1,000;18/08/2023;-16,5147114;-57,7726807;57,500
MT;BR-070;21,000;20,000;1,000;18/08/2023;-16,5147114;-57,7726807;53,750
MT;BR-070;20,000;19,000;1,000;18/08/2023;-16,5147114;-57,7726807;50,000
MT;BR-070;19,000;18,000;1,000;18/08/2023;-16,5147114;-57,7726807;50,000
MT;BR-070;18,000;17,000;1,000;18/08/2023;-16,5147114;-57,7726807;33,750
MT;BR-070;17,000;16,000;1,000;18/08/2023;-16,5147114;-57,7726807;42,500
MT;BR-070;16,000;15,000;1,000;18/08/2023;-16,5147114;-57,7726807;57,500
MT;BR-070;15,000;14,000;1,000;18/08/2023;-16,5147114;-57,7726807;42,500
MT;BR-070;14,000;13,000;1,000;18/08/2023;-16,5147114;-57,7726807;31,250
MT;BR-070;13,000;12,000;1,000;18/08/2023;-16,5940668;-57,7746309;50,000
MT;BR-070;12,000;11,000;1,000;18/08/2023;-16,5941159;-57,7746804;42,500
MT;BR-070;11,000;10,000;1,000;18/08/2023;-16,5941159;-57,7746804;57,500
MT;BR-070;10,000;9,000;1,000;18/08/2023;-16,5941159;-57,7746804;35,000
MT;BR-070;9,000;8,000;1,000;18/08/2023;-16,5941159;-57,7746804;40,000
MT;BR-070;8,000;7,000;1,000;18/08/2023;-16,6268657;-57,7877927;53,750
MT;BR-070;7,000;6,000;1,000;18/08/2023;-16,6268657;-57,7877927;40,000
MT;BR-070;6,000;5,000;1,000;18/08/2023;-16,6268657;-57,7877927;42,500
MT;BR-070;5,000;4,000;1,000;18/08/2023;-16,6268657;-57,7877927;50,000
MT;BR-070;4,000;3,000;1,000;18/08/2023;-16,6268657;-57,7877927;27,500
MT;BR-070;3,000;2,000;1,000;18/08/2023;-16,650481;-57,8262369;50,000
MT;BR-070;2,000;1,000;1,000;18/08/2023;-16,650481;-57,8262369;38,750
MT;BR-070;1,000;0,000;1,000;18/08/2023;-16,650481;-57,8262369;57,500
TO;BR-242;500,200;501,000;0,800;14/08/2023;-11,7397425;-49,0831562;17,500
TO;BR-242;501,000;502,000;1,000;14/08/2023;-11,7397425;-49,0831562;2,500
TO;BR-242;502,000;503,000;1,000;14/08/2023;-11,7397425;-49,0831562;2,500
TO;BR-242;503,000;504,000;1,000;14/08/2023;-11,7397425;-49,0831562;2,500
TO;BR-242;504,000;505,000;1,000;14/08/2023;-11,7397425;-49,0831562;2,500
TO;BR-242;505,000;506,000;1,000;14/08/2023;-11,7397425;-49,0831562;2,500
TO;BR-010;136,000;137,000;1,000;18/08/2023;-12,6195096;-47,8705968;30,000
TO;BR-010;137,000;138,000;1,000;18/08/2023;-12,6195096;-47,8705968;30,000
TO;BR-010;138,000;139,000;1,000;18/08/2023;-12,6195096;-47,8705968;22,500
TO;BR-010;139,000;140,000;1,000;18/08/2023;-12,6195096;-47,8705968;30,000
TO;BR-010;140,000;141,000;1,000;18/08/2023;-12,6195096;-47,8705968;22,500
TO;BR-010;141,000;142,000;1,000;18/08/2023;-12,6195096;-47,8705968;22,500
TO;BR-010;142,000;143,000;1,000;18/08/2023;-12,6195096;-47,8705968;22,500
TO;BR-242;32,000;31,000;1,000;17/08/2023;-12,0938081;-48,5298697;56,250
TO;BR-242;31,000;30,000;1,000;17/08/2023;-12,0938081;-48,5298697;61,250
TO;BR-242;30,000;29,000;1,000;17/08/2023;-12,0938081;-48,5298697;62,500
TO;BR-242;29,000;28,000;1,000;17/08/2023;-12,0938081;-48,5298697;56,250
TO;BR-242;28,000;27,000;1,000;17/08/2023;-12,0938081;-48,5298697;26,250
TO;BR-242;27,000;26,000;1,000;17/08/2023;-12,0938081;-48,5298697;38,750
TO;BR-242;26,000;25,000;1,000;17/08/2023;-12,0938081;-48,5298697;42,500
TO;BR-242;25,000;24,000;1,000;17/08/2023;-12,0938081;-48,5298697;46,250
TO;BR-242;24,000;23,000;1,000;17/08/2023;-12,0938081;-48,5298697;26,250
MG;BR-135;137,800;137,000;0,800;16/08/2023;-15,71595;-44,38752;72,500
MG;BR-135;137,000;136,000;1,000;16/08/2023;-15,71595;-44,38752;77,500
MG;BR-135;136,000;135,400;0,600;16/08/2023;-15,71595;-44,38752;76,250
MG;BR-135;125,400;125,000;0,400;16/08/2023;-15,71595;-44,38752;85,000
MG;BR-135;125,000;124,000;1,000;16/08/2023;-15,71595;-44,38752;92,500
MG;BR-135;124,000;123,000;1,000;16/08/2023;-15,71595;-44,38752;85,000
MG;BR-135;123,000;122,000;1,000;16/08/2023;-15,71595;-44,38752;82,500
MG;BR-135;122,000;121,000;1,000;16/08/2023;-15,71595;-44,38752;82,500
MG;BR-135;121,000;120,000;1,000;16/08/2023;-15,71595;-44,38752;72,500
MG;BR-135;120,000;119,000;1,000;16/08/2023;-15,71595;-44,38752;85,000
MG;BR-135;119,000;118,000;1,000;16/08/2023;-15,71595;-44,38752;76,250
MG;BR-135;118,000;117,000;1,000;16/08/2023;-15,71595;-44,38752;82,500
MG;BR-135;117,000;116,000;1,000;16/08/2023;-15,71595;-44,38752;82,500
MG;BR-135;116,000;115,000;1,000;16/08/2023;-15,71595;-44,38752;82,500
MG;BR-135;115,000;114,000;1,000;16/08/2023;-15,71595;-44,38752;82,500
MG;BR-135;114,000;113,000;1,000;16/08/2023;-15,71595;-44,38752;82,500
MG;BR-135;113,000;112,000;1,000;16/08/2023;-15,71595;-44,38752;82,500
MG;BR-135;112,000;111,000;1,000;16/08/2023;-15,71595;-44,38752;82,500
MG;BR-135;111,000;110,000;1,000;16/08/2023;-15,71595;-44,38752;82,500
MG;BR-135;110,000;109,000;1,000;16/08/2023;-15,71595;-44,38752;82,500
MG;BR-135;109,000;108,000;1,000;16/08/2023;-15,71595;-44,38752;82,500
MG;BR-135;108,000;107,000;1,000;16/08/2023;-15,71595;-44,38752;82,500
MG;BR-135;107,000;106,400;0,600;16/08/2023;-15,71595;-44,38752;82,500
MG;BR-135;106,400;106,000;0,400;16/08/2023;-15,71595;-44,38752;58,750
MG;BR-135;106,000;105,000;1,000;16/08/2023;-15,71595;-44,38752;78,750
MG;BR-135;105,000;104,000;1,000;16/08/2023;-15,71595;-44,38752;73,750
MG;BR-135;104,000;103,000;1,000;16/08/2023;-15,71595;-44,38752;73,750
MG;BR-135;103,000;102,000;1,000;16/08/2023;-15,71595;-44,38752;66,250
MG;BR-135;102,000;101,000;1,000;16/08/2023;-15,71595;-44,38752;72,500
MG;BR-135;101,000;100,000;1,000;16/08/2023;-15,71595;-44,38752;75,000
MG;BR-135;100,000;99,000;1,000;16/08/2023;-15,71595;-44,38752;68,750
MG;BR-135;99,000;98,000;1,000;16/08/2023;-15,71595;-44,38752;66,250
MG;BR-135;98,000;97,000;1,000;16/08/2023;-15,71595;-44,38752;68,750
MG;BR-135;97,000;96,000;1,000;16/08/2023;-15,71595;-44,38752;88,750
MG;BR-135;96,000;95,000;1,000;16/08/2023;-15,71595;-44,38752;88,750
MG;BR-135;95,000;94,000;1,000;16/08/2023;-15,71595;-44,38752;75,000
MG;BR-135;94,000;93,000;1,000;16/08/2023;-15,71595;-44,38752;76,250
MG;BR-135;93,000;92,000;1,000;16/08/2023;-15,71595;-44,38752;82,500
MG;BR-135;92,000;91,000;1,000;16/08/2023;-15,71595;-44,38752;68,750
MG;BR-135;91,000;90,000;1,000;16/08/2023;-15,71595;-44,38752;72,500
MG;BR-135;90,000;89,000;1,000;16/08/2023;-15,71595;-44,38752;75,000
MG;BR-135;89,000;88,000;1,000;16/08/2023;-15,71595;-44,38752;68,750
MG;BR-135;88,000;87,000;1,000;16/08/2023;-15,71595;-44,38752;78,750
MG;BR-135;87,000;86,000;1,000;16/08/2023;-15,71595;-44,38752;78,750
MG;BR-135;86,000;85,000;1,000;16/08/2023;-15,71595;-44,38752;78,750
MG;BR-135;85,000;84,000;1,000;16/08/2023;-15,71595;-44,38752;78,750
MG;BR-135;84,000;83,000;1,000;16/08/2023;-15,71595;-44,38752;78,750
MG;BR-135;83,000;82,000;1,000;16/08/2023;-15,71595;-44,38752;78,750
MG;BR-367;336,700;337,000;0,300;18/08/2023;-16,58874;-41,5858912;45,000
MG;BR-367;337,000;338,000;1,000;18/08/2023;-16,58874;-41,5858912;38,750
MG;BR-367;338,000;339,000;1,000;18/08/2023;-16,58874;-41,5858912;53,750
MG;BR-367;339,000;340,000;1,000;18/08/2023;-16,58874;-41,5858912;41,250
MG;BR-367;340,000;341,000;1,000;18/08/2023;-16,58874;-41,5858912;38,750
MG;BR-367;341,000;342,000;1,000;18/08/2023;-16,58874;-41,5858912;38,750
MG;BR-367;342,000;343,000;1,000;18/08/2023;-16,58874;-41,5858912;38,750
MG;BR-367;343,000;344,000;1,000;18/08/2023;-16,58874;-41,5858912;53,750
MG;BR-367;344,000;345,000;1,000;18/08/2023;-16,58874;-41,5858912;45,000
MG;BR-367;345,000;346,000;1,000;18/08/2023;-16,58874;-41,5858912;41,250
MG;BR-367;346,000;347,000;1,000;18/08/2023;-16,58874;-41,5858912;45,000
MG;BR-367;347,000;348,000;1,000;18/08/2023;-16,58874;-41,5858912;41,250
MG;BR-367;348,000;349,000;1,000;18/08/2023;-16,58874;-41,5858912;57,500
MG;BR-367;349,000;350,000;1,000;18/08/2023;-16,58874;-41,5858912;51,250
MG;BR-367;350,000;351,000;1,000;18/08/2023;-16,58874;-41,5858912;53,750
MG;BR-367;351,000;352,000;1,000;18/08/2023;-16,58874;-41,5858912;38,750
MG;BR-367;352,000;353,000;1,000;18/08/2023;-16,58874;-41,5858912;53,750
MG;BR-367;353,000;354,000;1,000;18/08/2023;-16,58874;-41,5858912;60,000
MG;BR-367;354,000;355,000;1,000;18/08/2023;-16,58874;-41,5858912;41,250
MG;BR-367;355,000;356,000;1,000;18/08/2023;-16,58874;-41,5858912;62,500
MG;BR-367;356,000;357,000;1,000;18/08/2023;-16,58874;-41,5858912;53,750
MG;BR-367;357,000;358,000;1,000;18/08/2023;-16,58874;-41,5858912;53,750
MG;BR-367;358,000;359,000;1,000;18/08/2023;-16,58874;-41,5858912;65,000
MG;BR-367;359,000;360,000;1,000;18/08/2023;-16,58874;-41,5858912;71,250
MG;BR-367;360,000;361,000;1,000;18/08/2023;-16,58874;-41,5858912;46,250
MG;BR-367;361,000;362,000;1,000;18/08/2023;-16,58874;-41,5858912;61,250
MG;BR-367;362,000;362,700;0,700;18/08/2023;-16,58874;-41,5858912;61,250
MG;BR-367;362,700;363,000;0,300;18/08/2023;-16,58874;-41,5858912;30,000
MG;BR-367;363,000;364,000;1,000;18/08/2023;-16,58874;-41,5858912;42,500
MG;BR-367;364,000;365,000;1,000;18/08/2023;-16,58874;-41,5858912;42,500
MG;BR-367;365,000;366,000;1,000;18/08/2023;-16,58874;-41,5858912;27,500
MG;BR-367;366,000;367,000;1,000;18/08/2023;-16,58874;-41,5858912;33,750
MG;BR-367;367,000;368,000;1,000;18/08/2023;-16,58874;-41,5858912;30,000
MG;BR-367;368,000;369,000;1,000;18/08/2023;-16,58874;-41,5858912;40,000
MG;BR-367;369,000;370,000;1,000;18/08/2023;-16,58874;-41,5858912;40,000
MG;BR-367;370,000;371,000;1,000;18/08/2023;-16,58874;-41,5858912;40,000
MG;BR-367;371,000;372,000;1,000;18/08/2023;-16,58874;-41,5858912;15,000
MG;BR-367;372,000;373,000;1,000;18/08/2023;-16,58874;-41,5858912;15,000
MG;BR-367;373,000;374,000;1,000;18/08/2023;-16,58874;-41,5858912;15,000
MG;BR-367;374,000;375,000;1,000;18/08/2023;-16,58874;-41,5858912;40,000
MG;BR-367;375,000;376,000;1,000;18/08/2023;-16,58874;-41,5858912;40,000
MG;BR-367;376,000;377,000;1,000;18/08/2023;-16,58874;-41,5858912;40,000
MG;BR-367;377,000;378,000;1,000;18/08/2023;-16,58874;-41,5858912;40,000
MG;BR-367;378,000;379,000;1,000;18/08/2023;-16,58874;-41,5858912;40,000
MG;BR-367;379,000;380,000;1,000;18/08/2023;-16,58874;-41,5858912;33,750
MG;BR-367;380,000;381,000;1,000;18/08/2023;-16,58874;-41,5858912;40,000
MG;BR-367;381,000;382,000;1,000;18/08/2023;-16,58874;-41,5858912;15,000
MG;BR-367;382,000;383,000;1,000;18/08/2023;-16,58874;-41,5858912;40,000
MG;BR-367;383,000;384,000;1,000;18/08/2023;-16,58874;-41,5858912;40,000
MG;BR-367;384,000;384,400;0,400;18/08/2023;-16,58874;-41,5858912;40,000
MG;BR-367;384,400;386,000;1,600;18/08/2023;-16,58874;-41,5858912;0,000
MG;BR-367;386,000;387,000;1,000;18/08/2023;-16,58874;-41,5858912;27,500
MG;BR-367;387,000;388,000;1,000;18/08/2023;-16,58874;-41,5858912;15,000
MG;BR-367;388,000;389,000;1,000;18/08/2023;-16,58874;-41,5858912;40,000
MG;BR-367;389,000;390,000;1,000;18/08/2023;-16,58874;-41,5858912;15,000
MG;BR-367;390,000;391,000;1,000;18/08/2023;-16,58874;-41,5858912;15,000
MG;BR-367;391,000;392,000;1,000;18/08/2023;-16,58874;-41,5858912;15,000
MG;BR-367;392,000;393,000;1,000;18/08/2023;-16,58874;-41,5858912;15,000
MG;BR-367;393,000;394,000;1,000;18/08/2023;-16,58874;-41,5858912;15,000
MG;BR-367;394,000;395,000;1,000;18/08/2023;-16,58874;-41,5858912;15,000
MG;BR-367;395,000;396,000;1,000;18/08/2023;-16,58874;-41,5858912;15,000
MG;BR-367;396,000;397,000;1,000;18/08/2023;-16,58874;-41,5858912;15,000
MG;BR-367;397,000;398,000;1,000;18/08/2023;-16,58874;-41,5858912;15,000
MG;BR-367;398,000;399,000;1,000;18/08/2023;-16,58874;-41,5858912;15,000
MG;BR-367;399,000;400,000;1,000;18/08/2023;-16,58874;-41,5858912;15,000
MG;BR-367;400,000;401,000;1,000;18/08/2023;-16,58874;-41,5858912;27,500
MG;BR-367;401,000;402,000;1,000;18/08/2023;-16,58874;-41,5858912;15,000
MG;BR-367;402,000;403,000;1,000;18/08/2023;-16,58874;-41,5858912;27,500
MG;BR-367;403,000;404,000;1,000;18/08/2023;-16,58874;-41,5858912;15,000
MG;BR-367;404,000;405,000;1,000;18/08/2023;-16,58874;-41,5858912;40,000
MG;BR-367;405,000;405,700;0,700;18/08/2023;-16,58874;-41,5858912;15,000
RR;BR-210;45,300;46,000;0,700;17/08/2023;0,794506666;-59,4108083;90,000
RR;BR-210;46,000;47,000;1,000;17/08/2023;0,794506666;-59,4108083;90,000
RR;BR-210;47,000;48,000;1,000;17/08/2023;0,794506666;-59,4108083;90,000
RR;BR-210;48,000;49,000;1,000;17/08/2023;0,794506666;-59,4108083;90,000
RR;BR-210;49,000;50,000;1,000;17/08/2023;0,794506666;-59,4108083;90,000
RR;BR-210;50,000;51,000;1,000;17/08/2023;0,794506666;-59,4108083;86,250
RR;BR-210;51,000;52,000;1,000;17/08/2023;0,794506666;-59,4108083;86,250
RR;BR-210;52,000;53,000;1,000;17/08/2023;0,794506666;-59,4108083;86,250
RR;BR-210;53,000;54,000;1,000;17/08/2023;0,794506666;-59,4108083;86,250
RR;BR-210;54,000;55,000;1,000;17/08/2023;0,794506666;-59,4108083;85,000
RR;BR-210;55,000;56,000;1,000;17/08/2023;0,794506666;-59,4108083;86,250
RR;BR-210;56,000;57,000;1,000;17/08/2023;0,794506666;-59,4108083;86,250
RR;BR-210;57,000;58,000;1,000;17/08/2023;0,794506666;-59,4108083;86,250
RR;BR-210;58,000;59,000;1,000;17/08/2023;0,794506666;-59,4108083;86,250
RR;BR-210;59,000;60,000;1,000;17/08/2023;0,794506666;-59,4108083;86,250
RR;BR-210;60,000;61,000;1,000;17/08/2023;0,794506666;-59,4108083;86,250
RR;BR-210;61,000;62,000;1,000;17/08/2023;0,794506666;-59,4108083;86,250
RR;BR-210;62,000;63,000;1,000;17/08/2023;0,794506666;-59,4108083;86,250
RR;BR-210;63,000;64,000;1,000;17/08/2023;0,794506666;-59,4108083;86,250
RR;BR-210;64,000;65,000;1,000;17/08/2023;0,794506666;-59,4108083;86,250
RR;BR-210;65,000;66,000;1,000;17/08/2023;0,794506666;-59,4108083;86,250
RR;BR-210;66,000;67,000;1,000;17/08/2023;0,794506666;-59,4108083;86,250
RR;BR-210;67,000;68,000;1,000;17/08/2023;0,794506666;-59,4108083;86,250
RR;BR-210;68,000;69,000;1,000;17/08/2023;0,794506666;-59,4108083;86,250
RR;BR-210;69,000;70,000;1,000;17/08/2023;0,794506666;-59,4108083;86,250
RR;BR-210;70,000;71,000;1,000;17/08/2023;0,794506666;-59,4108083;86,250
RR;BR-210;71,000;72,000;1,000;17/08/2023;0,794506666;-59,4108083;86,250
RR;BR-210;72,000;73,000;1,000;17/08/2023;0,794506666;-59,4108083;86,250
RR;BR-210;73,000;74,000;1,000;17/08/2023;0,794506666;-59,4108083;86,250
RR;BR-210;74,000;75,000;1,000;17/08/2023;0,794506666;-59,4108083;86,250
RR;BR-210;75,000;76,000;1,000;17/08/2023;0,794506666;-59,4108083;86,250
RR;BR-210;76,000;77,000;1,000;17/08/2023;0,794506666;-59,4108083;86,250
RR;BR-210;77,000;78,000;1,000;17/08/2023;0,794506666;-59,4108083;86,250
RR;BR-210;78,000;79,000;1,000;17/08/2023;0,794506666;-59,4108083;86,250
RR;BR-210;79,000;80,000;1,000;17/08/2023;0,794506666;-59,4108083;86,250
RR;BR-210;80,000;81,000;1,000;17/08/2023;0,794506666;-59,4108083;86,250
RR;BR-210;81,000;82,000;1,000;17/08/2023;0,794506666;-59,4108083;86,250
RR;BR-210;82,000;83,000;1,000;17/08/2023;0,794506666;-59,4108083;86,250
RR;BR-210;83,000;84,000;1,000;17/08/2023;0,794506666;-59,4108083;86,250
RR;BR-210;84,000;85,000;1,000;17/08/2023;0,794506666;-59,4108083;86,250
RR;BR-210;85,000;86,000;1,000;17/08/2023;0,794506666;-59,4108083;86,250
RR;BR-210;86,000;87,000;1,000;17/08/2023;0,794506666;-59,4108083;86,250
RR;BR-210;87,000;88,000;1,000;17/08/2023;0,794506666;-59,4108083;86,250
RR;BR-210;88,000;89,000;1,000;17/08/2023;0,794506666;-59,4108083;86,250
RR;BR-210;89,000;90,000;1,000;17/08/2023;0,794506666;-59,4108083;86,250
PB;BR-434;19,400;20,000;0,600;18/08/2023;0;0;3,750
PB;BR-434;20,000;21,000;1,000;18/08/2023;0;0;18,750
PB;BR-434;21,000;22,000;1,000;18/08/2023;0;0;20,000
PB;BR-434;22,000;23,000;1,000;18/08/2023;0;0;20,000
PB;BR-434;23,000;24,000;1,000;18/08/2023;0;0;5,000
PB;BR-434;24,000;25,000;1,000;18/08/2023;0;0;5,000
PB;BR-434;25,000;26,000;1,000;18/08/2023;0;0;20,000
PB;BR-434;26,000;27,000;1,000;18/08/2023;0;0;20,000
PB;BR-434;27,000;28,000;1,000;18/08/2023;0;0;5,000
PB;BR-434;28,000;29,000;1,000;18/08/2023;0;0;5,000
PB;BR-434;29,000;30,000;1,000;18/08/2023;0;0;5,000
PB;BR-434;30,000;31,000;1,000;18/08/2023;0;0;5,000
PB;BR-434;31,000;32,000;1,000;18/08/2023;0;0;5,000
PB;BR-434;32,000;33,000;1,000;18/08/2023;0;0;5,000
PB;BR-434;33,000;34,000;1,000;18/08/2023;0;0;5,000
PB;BR-434;34,000;34,400;0,400;18/08/2023;0;0;5,000
TO;BR-010;553,200;554,000;0,800;21/08/2023;-10,1813219;-48,1740291;50,000
TO;BR-010;554,000;555,000;1,000;21/08/2023;-10,1813219;-48,1740291;51,250
TO;BR-010;555,000;556,000;1,000;21/08/2023;-10,1813219;-48,1740291;51,250
TO;BR-010;556,000;557,000;1,000;21/08/2023;-10,1813219;-48,1740291;58,750
TO;BR-010;557,000;558,000;1,000;21/08/2023;-10,1813219;-48,1740291;58,750
TO;BR-010;558,000;559,000;1,000;21/08/2023;-10,1813219;-48,1740291;51,250
TO;BR-010;559,000;560,000;1,000;21/08/2023;-10,1813219;-48,1740291;51,250
TO;BR-010;560,000;561,000;1,000;21/08/2023;-10,1813219;-48,1740291;58,750
TO;BR-010;561,000;562,000;1,000;21/08/2023;-10,1813219;-48,1740291;51,250
TO;BR-010;562,000;563,000;1,000;21/08/2023;-10,1813219;-48,1740291;51,250
TO;BR-010;563,000;564,000;1,000;21/08/2023;-10,1813219;-48,1740291;51,250
TO;BR-010;564,000;565,000;1,000;21/08/2023;-10,1813219;-48,1740291;51,250
TO;BR-010;565,000;566,000;1,000;21/08/2023;-10,1813219;-48,1740291;51,250
TO;BR-010;566,000;567,000;1,000;21/08/2023;-10,1813219;-48,1740291;51,250
TO;BR-010;567,000;568,000;1,000;21/08/2023;-10,1813219;-48,1740291;51,250
TO;BR-010;568,000;569,000;1,000;21/08/2023;-10,1813219;-48,1740291;50,000
TO;BR-010;569,000;570,000;1,000;21/08/2023;-10,1813219;-48,1740291;51,250
TO;BR-010;570,000;571,000;1,000;21/08/2023;-10,1813219;-48,1740291;58,750
TO;BR-010;571,000;572,000;1,000;21/08/2023;-10,1813219;-48,1740291;58,750
TO;BR-010;572,000;573,000;1,000;21/08/2023;-10,1813219;-48,1740291;58,750
TO;BR-010;573,000;574,000;1,000;21/08/2023;-10,1813219;-48,1740291;65,000
TO;BR-010;574,000;575,000;1,000;21/08/2023;-10,1813219;-48,1740291;51,250
TO;BR-010;575,000;576,000;1,000;21/08/2023;-10,1813219;-48,1740291;55,000
TO;BR-010;576,000;577,000;1,000;21/08/2023;-10,1813219;-48,1740291;51,250
TO;BR-010;577,000;578,000;1,000;21/08/2023;-10,1813219;-48,1740291;51,250
TO;BR-010;578,000;579,000;1,000;21/08/2023;-10,1813219;-48,1740291;51,250
TO;BR-010;579,000;580,000;1,000;21/08/2023;-10,1813219;-48,1740291;51,250
TO;BR-010;580,000;581,000;1,000;21/08/2023;-10,1813219;-48,1740291;51,250
TO;BR-010;581,000;582,000;1,000;21/08/2023;-10,1813219;-48,1740291;51,250
TO;BR-010;582,000;583,000;1,000;21/08/2023;-10,1813219;-48,1740291;51,250
TO;BR-010;583,000;584,000;1,000;21/08/2023;-10,1813219;-48,1740291;58,750
TO;BR-010;584,000;585,000;1,000;21/08/2023;-10,1813219;-48,1740291;58,750
TO;BR-010;585,000;586,000;1,000;21/08/2023;-10,1813219;-48,1740291;51,250
TO;BR-010;586,000;587,000;1,000;21/08/2023;-10,1813219;-48,1740291;51,250
TO;BR-010;587,000;588,000;1,000;21/08/2023;-10,1813219;-48,1740291;51,250
TO;BR-010;588,000;589,000;1,000;21/08/2023;-10,1813219;-48,1740291;51,250
TO;BR-010;589,000;590,000;1,000;21/08/2023;-10,1813219;-48,1740291;51,250
TO;BR-010;590,000;591,000;1,000;21/08/2023;-10,1813219;-48,1740291;51,250
TO;BR-010;591,000;592,000;1,000;21/08/2023;-10,1813219;-48,1740291;51,250
TO;BR-010;592,000;593,000;1,000;21/08/2023;-10,1813219;-48,1740291;51,250
TO;BR-010;593,000;594,000;1,000;21/08/2023;-10,1813219;-48,1740291;51,250
TO;BR-010;594,000;595,000;1,000;21/08/2023;-9,56375179;-47,8319814;51,250
TO;BR-010;595,000;596,000;1,000;21/08/2023;-9,56375179;-47,8319814;51,250
TO;BR-010;596,000;597,000;1,000;21/08/2023;-9,56375179;-47,8319814;51,250
TO;BR-010;597,000;598,000;1,000;21/08/2023;-9,56375179;-47,8319814;58,750
TO;BR-010;598,000;599,000;1,000;21/08/2023;-9,56375179;-47,8319814;51,250
TO;BR-010;599,000;600,000;1,000;21/08/2023;-9,56375179;-47,8319814;51,250
TO;BR-010;600,000;601,000;1,000;21/08/2023;-9,56375179;-47,8319814;51,250
TO;BR-010;601,000;602,000;1,000;21/08/2023;-9,56375179;-47,8319814;50,000
PA;BR-163;675,870;676,000;0,130;21/08/2023;-4,34693672;-55,7853851;50,000
PA;BR-163;676,000;677,000;1,000;21/08/2023;-4,34693672;-55,7853851;65,000
PA;BR-163;677,000;678,000;1,000;21/08/2023;-4,34693672;-55,7853851;58,750
PA;BR-163;678,000;679,000;1,000;21/08/2023;-4,34693672;-55,7853851;58,750
PA;BR-163;679,000;680,000;1,000;21/08/2023;-4,34693672;-55,7853851;57,500
PA;BR-163;680,000;681,000;1,000;21/08/2023;-4,34693672;-55,7853851;65,000
PA;BR-163;681,000;682,000;1,000;21/08/2023;-4,34693672;-55,7853851;50,000
PA;BR-163;682,000;683,000;1,000;21/08/2023;-4,34693672;-55,7853851;63,750
PA;BR-163;683,000;684,000;1,000;21/08/2023;-4,34693672;-55,7853851;50,000
PA;BR-163;684,000;685,000;1,000;21/08/2023;-4,34693672;-55,7853851;57,500
PA;BR-163;685,000;686,000;1,000;21/08/2023;-4,34693672;-55,7853851;57,500
PA;BR-163;686,000;687,000;1,000;21/08/2023;-4,34693672;-55,7853851;57,500
PA;BR-163;687,000;688,000;1,000;21/08/2023;-4,34693672;-55,7853851;63,750
PA;BR-163;688,000;689,000;1,000;21/08/2023;-4,34693672;-55,7853851;63,750
PA;BR-163;689,000;690,000;1,000;21/08/2023;-4,34693672;-55,7853851;57,500
PA;BR-163;690,000;691,000;1,000;21/08/2023;-4,34693672;-55,7853851;65,000
PA;BR-163;691,000;692,000;1,000;21/08/2023;-4,34693672;-55,7853851;67,500
PA;BR-163;692,000;693,000;1,000;21/08/2023;-4,34693672;-55,7853851;57,500
PA;BR-163;693,000;694,000;1,000;21/08/2023;-4,34693672;-55,7853851;58,750
PA;BR-163;694,000;695,000;1,000;21/08/2023;-4,34693672;-55,7853851;57,500
PA;BR-163;695,000;696,000;1,000;21/08/2023;-4,34693672;-55,7853851;58,750
PA;BR-163;696,000;697,000;1,000;21/08/2023;-4,34693672;-55,7853851;58,750
PA;BR-163;697,000;698,000;1,000;21/08/2023;-4,34693672;-55,7853851;58,750
PA;BR-163;698,000;699,000;1,000;21/08/2023;-4,34693672;-55,7853851;58,750
PA;BR-163;699,000;700,000;1,000;21/08/2023;-4,34693672;-55,7853851;57,500
PA;BR-163;700,000;701,000;1,000;21/08/2023;-4,34693672;-55,7853851;57,500
PA;BR-163;701,000;702,000;1,000;21/08/2023;-4,34693672;-55,7853851;58,750
PA;BR-163;719,310;720,000;0,690;21/08/2023;-4,34693672;-55,7853851;32,500
PA;BR-163;720,000;721,000;1,000;21/08/2023;-4,34693672;-55,7853851;56,250
PA;BR-163;721,000;722,000;1,000;21/08/2023;-4,34693672;-55,7853851;43,750
PA;BR-163;729,840;730,000;0,160;21/08/2023;-4,34693672;-55,7853851;30,000
PA;BR-163;730,000;731,000;1,000;21/08/2023;-4,34693672;-55,7853851;50,000
PA;BR-163;731,000;732,000;1,000;21/08/2023;-4,34693672;-55,7853851;57,500
PA;BR-163;732,000;733,000;1,000;21/08/2023;-4,34693672;-55,7853851;50,000
PA;BR-163;733,000;734,000;1,000;21/08/2023;-4,34693672;-55,7853851;42,500
PA;BR-163;734,000;735,000;1,000;21/08/2023;-4,34693672;-55,7853851;35,000
PA;BR-163;7444,000;744,500;6699,500;21/08/2023;-4,34693672;-55,7853851;35,000
PA;BR-163;774,190;775,000;0,810;21/08/2023;-4,34693672;-55,7853851;63,750
PA;BR-163;775,000;776,000;1,000;21/08/2023;-4,34693672;-55,7853851;57,500
PA;BR-163;782,280;783,000;0,720;21/08/2023;-4,34693672;-55,7853851;35,000
PA;BR-163;801,550;802,000;0,450;21/08/2023;-4,1023619;-54,9112423;28,750
PA;BR-163;802,000;803,000;1,000;21/08/2023;-4,1023619;-54,9112423;41,250
PA;BR-163;831,400;832,000;0,600;21/08/2023;-4,1064994;-54,916492;16,250
RR;BR-210;315,400;316,000;0,600;22/08/2023;2,281475;-60,9580233;58,750
RR;BR-210;316,000;317,000;1,000;22/08/2023;2,281475;-60,9580233;73,750
RR;BR-210;317,000;318,000;1,000;22/08/2023;2,281475;-60,9580233;70,000
RR;BR-210;318,000;319,000;1,000;22/08/2023;2,281475;-60,9580233;62,500
RR;BR-210;319,000;320,000;1,000;22/08/2023;2,281475;-60,9580233;76,250
RR;BR-210;320,000;321,000;1,000;22/08/2023;2,281475;-60,9580233;61,250
RR;BR-210;321,000;322,000;1,000;22/08/2023;2,281475;-60,9580233;55,000
RR;BR-210;322,000;323,000;1,000;22/08/2023;2,281475;-60,9580233;57,500
RR;BR-210;323,000;324,000;1,000;22/08/2023;2,281475;-60,9580233;61,250
RR;BR-210;324,000;325,000;1,000;22/08/2023;2,281475;-60,9580233;61,250
RR;BR-210;325,000;326,000;1,000;22/08/2023;2,281475;-60,9580233;61,250
RR;BR-210;326,000;327,000;1,000;22/08/2023;2,281475;-60,9580233;57,500
RR;BR-210;327,000;328,000;1,000;22/08/2023;2,281475;-60,9580233;63,750
RR;BR-210;328,000;329,000;1,000;22/08/2023;2,281475;-60,9580233;67,500
RR;BR-210;329,000;330,000;1,000;22/08/2023;2,281475;-60,9580233;67,500
RR;BR-210;330,000;331,000;1,000;22/08/2023;2,281475;-60,9580233;46,250
RR;BR-210;331,000;332,000;1,000;22/08/2023;2,281475;-60,9580233;53,750
RR;BR-210;332,000;333,000;1,000;22/08/2023;2,281475;-60,9580233;57,500
RR;BR-210;333,000;334,000;1,000;22/08/2023;2,281475;-60,9580233;40,000
RR;BR-210;334,000;335,000;1,000;22/08/2023;2,281475;-60,9580233;57,500
RR;BR-210;335,000;336,000;1,000;22/08/2023;2,281475;-60,9580233;55,000
RR;BR-210;336,000;337,000;1,000;22/08/2023;2,281475;-60,9580233;65,000
RR;BR-210;337,000;338,000;1,000;22/08/2023;2,281475;-60,9580233;46,250
RR;BR-210;338,000;339,000;1,000;22/08/2023;2,281475;-60,9580233;51,250
RR;BR-210;339,000;340,000;1,000;22/08/2023;2,281475;-60,9580233;67,500
RR;BR-210;340,000;341,000;1,000;22/08/2023;2,281475;-60,9580233;55,000
RR;BR-210;341,000;342,000;1,000;22/08/2023;2,281475;-60,9580233;60,000
RR;BR-210;342,000;343,000;1,000;22/08/2023;2,281475;-60,9580233;46,250
RR;BR-210;343,000;344,000;1,000;22/08/2023;2,281475;-60,9580233;40,000
RR;BR-210;344,000;345,000;1,000;22/08/2023;2,281475;-60,9580233;40,000
RR;BR-210;345,000;346,000;1,000;22/08/2023;2,281475;-60,9580233;40,000
PA;BR-230;1154,600;1155,000;0,400;23/08/2023;0;0;46,250
PA;BR-230;1155,000;1156,000;1,000;23/08/2023;0;0;53,750
PA;BR-230;1156,000;1157,000;1,000;23/08/2023;0;0;52,500
PA;BR-230;1157,000;1158,000;1,000;23/08/2023;0;0;36,250
PA;BR-230;1158,000;1159,000;1,000;23/08/2023;0;0;36,250
PA;BR-230;1159,000;1160,000;1,000;23/08/2023;0;0;43,750
PA;BR-230;1160,000;1161,000;1,000;23/08/2023;0;0;43,750
PA;BR-230;1161,000;1162,000;1,000;23/08/2023;0;0;53,750
PA;BR-230;1162,000;1163,000;1,000;23/08/2023;0;0;53,750
PA;BR-230;1163,000;1164,000;1,000;23/08/2023;0;0;43,750
PA;BR-230;1164,000;1165,000;1,000;23/08/2023;0;0;33,750
PA;BR-230;1165,000;1166,000;1,000;23/08/2023;0;0;51,250
PA;BR-230;1166,000;1167,000;1,000;23/08/2023;0;0;53,750
PA;BR-230;1167,000;1168,000;1,000;23/08/2023;0;0;51,250
PA;BR-230;1168,000;1169,000;1,000;23/08/2023;0;0;23,750
PA;BR-230;1169,000;1170,000;1,000;23/08/2023;0;0;23,750
PA;BR-230;1170,000;1171,000;1,000;23/08/2023;0;0;38,750
PA;BR-230;1171,000;1172,000;1,000;23/08/2023;0;0;26,250
PA;BR-230;1172,000;1173,000;1,000;23/08/2023;0;0;43,750
PA;BR-230;1173,000;1174,000;1,000;23/08/2023;0;0;43,750
PA;BR-230;1174,000;1175,000;1,000;23/08/2023;0;0;45,000
PA;BR-230;1175,000;1176,000;1,000;23/08/2023;0;0;28,750
PA;BR-230;1176,000;1177,000;1,000;23/08/2023;0;0;23,750
PA;BR-230;1177,000;1178,000;1,000;23/08/2023;0;0;38,750
PA;BR-230;1178,000;1179,000;1,000;23/08/2023;0;0;8,750
PA;BR-230;1179,000;1180,000;1,000;23/08/2023;0;0;43,750
PA;BR-230;1180,000;1181,000;1,000;23/08/2023;0;0;46,250
PA;BR-230;1181,000;1182,000;1,000;23/08/2023;0;0;35,000
PA;BR-230;1182,000;1183,000;1,000;23/08/2023;0;0;35,000
PA;BR-230;1183,000;1184,000;1,000;23/08/2023;0;0;45,000
PA;BR-230;1184,000;1185,000;1,000;23/08/2023;0;0;35,000
PA;BR-230;1185,000;1186,000;1,000;23/08/2023;0;0;46,250
PA;BR-230;1186,000;1187,000;1,000;23/08/2023;0;0;36,250
PA;BR-230;1187,000;1188,000;1,000;23/08/2023;0;0;8,750
PA;BR-230;1188,000;1189,000;1,000;23/08/2023;0;0;46,250
PA;BR-230;1189,000;1190,000;1,000;23/08/2023;0;0;30,000
PA;BR-230;1190,000;1191,000;1,000;23/08/2023;0;0;31,250
PA;BR-230;1191,000;1192,000;1,000;23/08/2023;0;0;36,250
PA;BR-230;1192,000;1193,000;1,000;23/08/2023;0;0;35,000
PA;BR-230;1193,000;1194,000;1,000;23/08/2023;0;0;8,750
PA;BR-230;1194,000;1195,000;1,000;23/08/2023;0;0;8,750
PA;BR-230;1195,000;1196,000;1,000;23/08/2023;0;0;8,750
PA;BR-230;1196,000;1197,000;1,000;23/08/2023;0;0;31,250
PA;BR-230;1197,000;1198,000;1,000;23/08/2023;0;0;17,500
PA;BR-230;1198,000;1199,000;1,000;23/08/2023;0;0;23,750
PA;BR-230;1199,000;1200,000;1,000;23/08/2023;0;0;36,250
PA;BR-230;1200,000;1201,000;1,000;23/08/2023;0;0;31,250
PA;BR-230;1201,000;1202,000;1,000;23/08/2023;0;0;31,250
PA;BR-230;1202,000;1203,000;1,000;23/08/2023;0;0;16,250
PA;BR-230;1203,000;1204,000;1,000;23/08/2023;0;0;15,000
PA;BR-230;1204,000;1205,000;1,000;23/08/2023;0;0;7,500
PA;BR-230;1205,000;1206,000;1,000;23/08/2023;0;0;43,750
PA;BR-230;1206,000;1207,000;1,000;23/08/2023;0;0;22,500
PA;BR-230;1207,000;1208,000;1,000;23/08/2023;0;0;37,500
PA;BR-230;1208,000;1209,000;1,000;23/08/2023;0;0;23,750
PA;BR-230;1209,000;1210,000;1,000;23/08/2023;0;0;43,750
PA;BR-230;1210,000;1211,000;1,000;23/08/2023;0;0;43,750
PA;BR-230;1211,000;1212,000;1,000;23/08/2023;0;0;8,750
PA;BR-230;1212,000;1213,000;1,000;23/08/2023;0;0;8,750
PA;BR-230;1213,000;1214,000;1,000;23/08/2023;0;0;43,750
PA;BR-230;1214,000;1215,000;1,000;23/08/2023;0;0;23,750
PA;BR-230;1215,000;1216,000;1,000;23/08/2023;0;0;16,250
PA;BR-230;1216,000;1217,000;1,000;23/08/2023;0;0;23,750
PA;BR-230;1217,000;1218,000;1,000;23/08/2023;0;0;43,750
PA;BR-230;1218,000;1219,000;1,000;23/08/2023;0;0;35,000
PA;BR-230;1219,000;1220,000;1,000;23/08/2023;0;0;8,750
PA;BR-230;1220,000;1221,000;1,000;23/08/2023;0;0;8,750
PA;BR-230;1221,000;1222,000;1,000;23/08/2023;0;0;8,750
PA;BR-230;1222,000;1223,000;1,000;23/08/2023;0;0;16,250
PA;BR-230;1223,000;1224,000;1,000;23/08/2023;0;0;15,000
PA;BR-230;1224,000;1225,000;1,000;23/08/2023;0;0;37,500
PA;BR-230;1225,000;1226,000;1,000;23/08/2023;0;0;36,250
PA;BR-230;1226,000;1227,000;1,000;23/08/2023;0;0;43,750
PA;BR-230;1227,000;1228,000;1,000;23/08/2023;0;0;43,750
PA;BR-230;1228,000;1229,000;1,000;23/08/2023;0;0;7,500
PA;BR-230;1229,000;1230,000;1,000;23/08/2023;0;0;7,500
PA;BR-230;1230,000;1231,000;1,000;23/08/2023;0;0;7,500
PA;BR-230;1231,000;1232,000;1,000;23/08/2023;0;0;43,750
PA;BR-230;1232,000;1233,000;1,000;23/08/2023;0;0;15,000
PA;BR-230;1233,000;1234,000;1,000;23/08/2023;0;0;43,750
PA;BR-230;1234,000;1235,000;1,000;23/08/2023;0;0;38,750
PA;BR-230;1235,000;1236,000;1,000;23/08/2023;0;0;16,250
PA;BR-230;1236,000;1237,000;1,000;23/08/2023;0;0;16,250
PA;BR-230;1237,000;1238,000;1,000;23/08/2023;0;0;16,250
PA;BR-230;1238,000;1239,000;1,000;23/08/2023;0;0;8,750
PA;BR-230;1239,000;1240,000;1,000;23/08/2023;0;0;43,750
PA;BR-230;1240,000;1241,000;1,000;23/08/2023;0;0;23,750
PA;BR-230;1241,000;1242,000;1,000;23/08/2023;0;0;23,750
PA;BR-230;1242,000;1243,000;1,000;23/08/2023;0;0;43,750
PA;BR-230;1243,000;1244,000;1,000;23/08/2023;0;0;43,750
PA;BR-230;1244,000;1245,000;1,000;23/08/2023;0;0;46,250
PA;BR-230;1245,000;1246,000;1,000;23/08/2023;0;0;43,750
PA;BR-230;1246,000;1247,000;1,000;23/08/2023;0;0;31,250
PA;BR-230;1247,000;1248,000;1,000;23/08/2023;0;0;31,250
PA;BR-230;1248,000;1249,000;1,000;23/08/2023;0;0;28,750
PA;BR-230;1249,000;1250,000;1,000;23/08/2023;0;0;38,750
PA;BR-230;1250,000;1251,000;1,000;23/08/2023;0;0;31,250
PA;BR-230;1251,000;1252,000;1,000;23/08/2023;0;0;51,250
PA;BR-230;1252,000;1253,000;1,000;23/08/2023;0;0;16,250
PA;BR-230;1253,000;1254,000;1,000;23/08/2023;0;0;3,750
PA;BR-230;1254,000;1255,000;1,000;23/08/2023;0;0;8,750
PA;BR-230;1255,000;1256,000;1,000;23/08/2023;0;0;8,750
PA;BR-230;1256,000;1257,000;1,000;23/08/2023;0;0;43,750
PA;BR-230;1257,000;1258,000;1,000;23/08/2023;0;0;46,250
PA;BR-230;1258,000;1259,000;1,000;23/08/2023;0;0;42,500
PA;BR-230;1259,000;1260,000;1,000;23/08/2023;0;0;35,000
PA;BR-230;1260,000;1261,000;1,000;23/08/2023;0;0;35,000
PA;BR-230;1261,000;1262,000;1,000;23/08/2023;0;0;35,000
PA;BR-230;1262,000;1263,000;1,000;23/08/2023;0;0;7,500
PA;BR-230;1263,000;1264,000;1,000;23/08/2023;0;0;11,250
PA;BR-230;1264,000;1265,000;1,000;23/08/2023;0;0;32,500
PA;BR-230;1265,000;1266,000;1,000;23/08/2023;0;0;45,000
PA;BR-230;1266,000;1267,000;1,000;23/08/2023;0;0;51,250
PA;BR-230;1267,000;1268,000;1,000;23/08/2023;0;0;51,250
PA;BR-230;1268,000;1269,000;1,000;23/08/2023;0;0;51,250
PA;BR-230;1269,000;1270,000;1,000;23/08/2023;0;0;43,750
PA;BR-230;1270,000;1271,000;1,000;23/08/2023;0;0;46,250
PA;BR-230;1271,000;1272,000;1,000;23/08/2023;0;0;46,250
PA;BR-230;1272,000;1273,000;1,000;23/08/2023;0;0;8,750
PA;BR-230;1273,000;1274,000;1,000;23/08/2023;0;0;8,750
PA;BR-230;1274,000;1275,000;1,000;23/08/2023;0;0;3,750
PA;BR-230;1275,000;1276,000;1,000;23/08/2023;0;0;3,750
PA;BR-230;1276,000;1277,000;1,000;23/08/2023;0;0;51,250
PA;BR-230;1277,000;1278,000;1,000;23/08/2023;0;0;45,000
PA;BR-230;1278,000;1279,000;1,000;23/08/2023;0;0;43,750
PA;BR-230;1279,000;1280,000;1,000;23/08/2023;0;0;31,250
PA;BR-230;1280,000;1281,000;1,000;23/08/2023;0;0;31,250
PA;BR-230;1281,000;1282,000;1,000;23/08/2023;0;0;31,250
PA;BR-230;1282,000;1283,000;1,000;23/08/2023;0;0;31,250
PA;BR-230;1283,000;1284,000;1,000;23/08/2023;0;0;15,000
PA;BR-230;1284,000;1285,000;1,000;23/08/2023;0;0;42,500
PA;BR-230;1285,000;1286,000;1,000;23/08/2023;0;0;45,000
PA;BR-230;1286,000;1287,000;1,000;23/08/2023;0;0;43,750
PA;BR-230;1287,000;1288,000;1,000;23/08/2023;0;0;43,750
PA;BR-230;1288,000;1289,000;1,000;23/08/2023;0;0;52,500
PA;BR-230;1289,000;1290,000;1,000;23/08/2023;0;0;53,750
PA;BR-230;1290,000;1291,000;1,000;23/08/2023;0;0;38,750
PA;BR-230;1291,000;1292,000;1,000;23/08/2023;0;0;16,250
PA;BR-230;1292,000;1293,000;1,000;23/08/2023;0;0;16,250
PA;BR-230;1293,000;1294,000;1,000;23/08/2023;0;0;23,750
PA;BR-230;1294,000;1295,000;1,000;23/08/2023;0;0;31,250
PA;BR-230;1294,500;1295,000;0,500;23/08/2023;0;0;38,750
PA;BR-230;1295,000;1296,000;1,000;23/08/2023;0;0;43,750
PA;BR-230;1296,000;1297,000;1,000;23/08/2023;0;0;20,000
PA;BR-230;1297,000;1298,000;1,000;23/08/2023;0;0;37,500
PA;BR-230;1298,000;1299,000;1,000;23/08/2023;0;0;15,000
PA;BR-230;1299,000;1300,000;1,000;23/08/2023;0;0;11,250
PA;BR-230;1300,000;1301,000;1,000;23/08/2023;0;0;25,000
PA;BR-230;1301,000;1302,000;1,000;23/08/2023;0;0;45,000
PA;BR-230;1302,000;1303,000;1,000;23/08/2023;0;0;43,750
PA;BR-230;1303,000;1304,000;1,000;23/08/2023;0;0;11,250
PA;BR-230;1304,000;1305,000;1,000;23/08/2023;0;0;16,250
PA;BR-230;1305,000;1306,000;1,000;23/08/2023;0;0;38,750
PA;BR-230;1306,000;1307,000;1,000;23/08/2023;0;0;52,500
PA;BR-230;1307,000;1308,000;1,000;23/08/2023;0;0;31,250
PA;BR-230;1308,000;1309,000;1,000;23/08/2023;0;0;36,250
PA;BR-230;1309,000;1310,000;1,000;23/08/2023;0;0;38,750
PA;BR-230;1310,000;1311,000;1,000;23/08/2023;0;0;32,500
PA;BR-230;1311,000;1312,000;1,000;23/08/2023;0;0;40,000
PA;BR-230;1312,000;1313,000;1,000;23/08/2023;0;0;16,250
PA;BR-230;1313,000;1314,000;1,000;23/08/2023;0;0;11,250
PA;BR-230;1314,000;1315,000;1,000;23/08/2023;0;0;46,250
PA;BR-230;1315,000;1316,000;1,000;23/08/2023;0;0;50,000
PA;BR-230;1316,000;1317,000;1,000;23/08/2023;0;0;52,500
PA;BR-230;1317,000;1318,000;1,000;23/08/2023;0;0;3,750
PA;BR-230;1318,000;1319,000;1,000;23/08/2023;0;0;32,500
PA;BR-230;1319,000;1320,000;1,000;23/08/2023;0;0;37,500
PA;BR-230;1320,000;1321,000;1,000;23/08/2023;0;0;37,500
PA;BR-230;1321,000;1322,000;1,000;23/08/2023;0;0;30,000
PA;BR-230;1322,000;1323,000;1,000;23/08/2023;0;0;3,750
PA;BR-230;1323,000;1324,000;1,000;23/08/2023;0;0;3,750
PA;BR-230;1324,000;1325,000;1,000;23/08/2023;0;0;43,750
PA;BR-230;1325,000;1326,000;1,000;23/08/2023;0;0;43,750
PA;BR-230;1326,000;1327,000;1,000;23/08/2023;0;0;51,250
PA;BR-230;1327,000;1328,000;1,000;23/08/2023;0;0;31,250
PA;BR-230;1328,000;1329,000;1,000;23/08/2023;0;0;38,750
PA;BR-230;1329,000;1330,000;1,000;23/08/2023;0;0;16,250
PA;BR-230;1330,000;1331,000;1,000;23/08/2023;0;0;40,000
PA;BR-230;1331,000;1332,000;1,000;23/08/2023;0;0;43,750
PA;BR-230;1332,000;1333,000;1,000;23/08/2023;0;0;45,000
PA;BR-230;1333,000;1334,000;1,000;23/08/2023;0;0;38,750
PA;BR-230;1334,000;1335,000;1,000;23/08/2023;0;0;8,750
PA;BR-230;1335,000;1336,000;1,000;23/08/2023;0;0;3,750
PA;BR-230;1336,000;1337,000;1,000;23/08/2023;0;0;45,000
PA;BR-230;1337,000;1338,000;1,000;23/08/2023;0;0;5,000
PA;BR-230;1338,000;1339,000;1,000;23/08/2023;0;0;25,000
PA;BR-230;1339,000;1340,000;1,000;23/08/2023;0;0;16,250
PA;BR-230;1340,000;1341,000;1,000;23/08/2023;0;0;25,000
PA;BR-230;1341,000;1342,000;1,000;23/08/2023;0;0;47,500
PA;BR-230;1342,000;1343,000;1,000;23/08/2023;0;0;31,250
PA;BR-230;1343,000;1344,000;1,000;23/08/2023;0;0;38,750
PA;BR-230;1344,000;1345,000;1,000;23/08/2023;0;0;38,750
PA;BR-230;1345,000;1346,000;1,000;23/08/2023;0;0;38,750
PA;BR-230;1346,000;1347,000;1,000;23/08/2023;0;0;17,500
PA;BR-230;1347,000;1348,000;1,000;23/08/2023;0;0;17,500
PA;BR-230;1348,000;1349,000;1,000;23/08/2023;0;0;42,500
PA;BR-230;1349,000;1350,000;1,000;23/08/2023;0;0;3,750
PA;BR-230;1350,000;1351,000;1,000;23/08/2023;0;0;51,250
PA;BR-230;1351,000;1352,000;1,000;23/08/2023;0;0;38,750
PA;BR-230;1352,000;1353,000;1,000;23/08/2023;0;0;25,000
PA;BR-230;1353,000;1354,000;1,000;23/08/2023;0;0;11,250
PA;BR-230;1354,000;1355,000;1,000;23/08/2023;0;0;37,500
PA;BR-230;1355,000;1356,000;1,000;23/08/2023;0;0;38,750
PA;BR-230;1356,000;1357,000;1,000;23/08/2023;0;0;3,750
PA;BR-230;1357,000;1358,000;1,000;23/08/2023;0;0;37,500
PA;BR-230;1358,000;1359,000;1,000;23/08/2023;0;0;31,250
PA;BR-230;1359,000;1360,000;1,000;23/08/2023;0;0;31,250
PA;BR-230;1360,000;1361,000;1,000;23/08/2023;0;0;31,250
PA;BR-230;1361,000;1362,000;1,000;23/08/2023;0;0;5,000
PA;BR-230;1362,000;1363,000;1,000;23/08/2023;0;0;5,000
PA;BR-230;1363,000;1364,000;1,000;23/08/2023;0;0;5,000
PA;BR-230;1364,000;1365,000;1,000;23/08/2023;0;0;38,750
PA;BR-230;1365,000;1366,000;1,000;23/08/2023;0;0;38,750
PA;BR-230;1366,000;1367,000;1,000;23/08/2023;0;0;40,000
PA;BR-230;1367,000;1368,000;1,000;23/08/2023;0;0;32,500
PA;BR-230;1368,000;1369,000;1,000;23/08/2023;0;0;31,250
PA;BR-230;1369,000;1370,000;1,000;23/08/2023;0;0;10,000
PA;BR-230;1370,000;1371,000;1,000;23/08/2023;0;0;30,000
PA;BR-230;1371,000;1372,000;1,000;23/08/2023;0;0;30,000
PA;BR-230;1372,000;1373,000;1,000;23/08/2023;0;0;45,000
PA;BR-230;1373,000;1374,000;1,000;23/08/2023;0;0;32,500
PA;BR-230;1374,000;1375,000;1,000;23/08/2023;0;0;31,250
PA;BR-230;1375,000;1376,000;1,000;23/08/2023;0;0;18,750
PA;BR-230;1376,000;1377,000;1,000;23/08/2023;0;0;8,750
PA;BR-230;1377,000;1378,000;1,000;23/08/2023;0;0;3,750
PA;BR-230;1378,000;1379,000;1,000;23/08/2023;0;0;5,000
PA;BR-230;1379,000;1380,000;1,000;23/08/2023;0;0;28,750
PA;BR-230;1380,000;1381,000;1,000;23/08/2023;0;0;51,250
PA;BR-230;1381,000;1382,000;1,000;23/08/2023;0;0;38,750
PA;BR-230;1382,000;1383,000;1,000;23/08/2023;0;0;46,250
PA;BR-230;1383,000;1384,000;1,000;23/08/2023;0;0;38,750
PA;BR-230;1384,000;1385,000;1,000;23/08/2023;0;0;32,500
PA;BR-230;1385,000;1386,000;1,000;23/08/2023;0;0;40,000
PA;BR-230;1386,000;1387,000;1,000;23/08/2023;0;0;17,500
PA;BR-230;1387,000;1388,000;1,000;23/08/2023;0;0;3,750
PA;BR-230;1388,000;1389,000;1,000;23/08/2023;0;0;32,500
PA;BR-230;1389,000;1390,000;1,000;23/08/2023;0;0;32,500
PA;BR-230;1390,000;1391,000;1,000;23/08/2023;0;0;20,000
PA;BR-230;1391,000;1392,000;1,000;23/08/2023;0;0;53,750
PA;BR-230;1392,000;1393,000;1,000;23/08/2023;0;0;38,750
PA;BR-230;1393,000;1394,000;1,000;23/08/2023;0;0;41,250
PA;BR-230;1394,000;1395,000;1,000;23/08/2023;0;0;17,500
PA;BR-230;1395,000;1396,000;1,000;23/08/2023;0;0;51,250
PA;BR-230;1396,000;1397,000;1,000;23/08/2023;0;0;31,250
PA;BR-230;1397,000;1398,000;1,000;23/08/2023;0;0;32,500
PA;BR-230;1398,000;1399,000;1,000;23/08/2023;0;0;55,000
PA;BR-230;1399,000;1400,000;1,000;23/08/2023;0;0;46,250
PA;BR-230;1400,000;1401,000;1,000;23/08/2023;0;0;32,500
PA;BR-230;1401,000;1402,000;1,000;23/08/2023;0;0;47,500
PA;BR-230;1402,000;1403,000;1,000;23/08/2023;0;0;46,250
PA;BR-230;1403,000;1404,000;1,000;23/08/2023;0;0;57,500
PA;BR-230;1404,000;1405,000;1,000;23/08/2023;0;0;57,500
PA;BR-230;1405,000;1406,000;1,000;23/08/2023;0;0;58,750
PA;BR-230;1406,000;1407,000;1,000;23/08/2023;0;0;5,000
PA;BR-230;1407,000;1408,000;1,000;23/08/2023;0;0;5,000
PA;BR-230;1408,000;1409,000;1,000;23/08/2023;0;0;5,000
PA;BR-230;1409,000;1410,000;1,000;23/08/2023;0;0;32,500
PA;BR-230;1410,000;1411,000;1,000;23/08/2023;0;0;31,250
PA;BR-230;1411,000;1412,000;1,000;23/08/2023;0;0;30,000
PA;BR-230;1412,000;1413,000;1,000;23/08/2023;0;0;37,500
PA;BR-230;1413,000;1414,000;1,000;23/08/2023;0;0;52,500
PA;BR-230;1414,000;1415,000;1,000;23/08/2023;0;0;52,500
PA;BR-230;1415,000;1416,000;1,000;23/08/2023;0;0;52,500
PA;BR-230;1416,000;1417,000;1,000;23/08/2023;0;0;25,000
PA;BR-230;1417,000;1418,000;1,000;23/08/2023;0;0;52,500
PA;BR-230;1418,000;1419,000;1,000;23/08/2023;0;0;52,500
PA;BR-230;1419,000;1420,000;1,000;23/08/2023;0;0;52,500
PA;BR-230;1420,000;1421,000;1,000;23/08/2023;0;0;55,000
PA;BR-230;1421,000;1422,000;1,000;23/08/2023;0;0;55,000
PA;BR-230;1422,000;1423,000;1,000;23/08/2023;0;0;38,750
PA;BR-230;1423,000;1424,000;1,000;23/08/2023;0;0;38,750
PA;BR-230;1424,000;1425,000;1,000;23/08/2023;0;0;31,250
PA;BR-230;1425,000;1426,000;1,000;23/08/2023;0;0;31,250
PA;BR-230;1426,000;1427,000;1,000;23/08/2023;0;0;32,500
PA;BR-230;1427,000;1428,000;1,000;23/08/2023;0;0;5,000
PA;BR-230;1428,000;1429,000;1,000;23/08/2023;0;0;5,000
PA;BR-230;1429,000;1430,000;1,000;23/08/2023;0;0;43,750
PA;BR-230;1430,000;1431,000;1,000;23/08/2023;0;0;23,750
PA;BR-230;1431,000;1432,000;1,000;23/08/2023;0;0;16,250
PA;BR-230;1432,000;1433,000;1,000;23/08/2023;0;0;16,250
PA;BR-230;1433,000;1434,000;1,000;23/08/2023;0;0;40,000
PA;BR-230;1434,000;1435,000;1,000;23/08/2023;0;0;3,750
PA;BR-230;1434,200;1435,000;0,800;23/08/2023;0;0;43,750
PA;BR-230;1435,000;1436,000;1,000;23/08/2023;0;0;43,750
PA;BR-230;1436,000;1437,000;1,000;23/08/2023;0;0;38,750
PA;BR-230;1437,000;1438,000;1,000;23/08/2023;0;0;42,500
PA;BR-230;1438,000;1439,000;1,000;23/08/2023;0;0;46,250
PA;BR-230;1439,000;1440,000;1,000;23/08/2023;0;0;46,250
PA;BR-230;1440,000;1441,000;1,000;23/08/2023;0;0;46,250
PA;BR-230;1441,000;1442,000;1,000;23/08/2023;0;0;31,250
PA;BR-230;1442,000;1443,000;1,000;23/08/2023;0;0;31,250
PA;BR-230;1443,000;1444,000;1,000;23/08/2023;0;0;8,750
PA;BR-230;1444,000;1445,000;1,000;23/08/2023;0;0;38,750
PA;BR-230;1445,000;1446,000;1,000;23/08/2023;0;0;51,250
PA;BR-230;1446,000;1447,000;1,000;23/08/2023;0;0;23,750
PA;BR-230;1447,000;1448,000;1,000;23/08/2023;0;0;10,000
PA;BR-230;1448,000;1449,000;1,000;23/08/2023;0;0;38,750
PA;BR-230;1449,000;1450,000;1,000;23/08/2023;0;0;31,250
PA;BR-230;1450,000;1451,000;1,000;23/08/2023;0;0;31,250
PA;BR-230;1451,000;1452,000;1,000;23/08/2023;0;0;52,500
PA;BR-230;1452,000;1453,000;1,000;23/08/2023;0;0;51,250
PA;BR-230;1453,000;1454,000;1,000;23/08/2023;0;0;40,000
PA;BR-230;1454,000;1455,000;1,000;23/08/2023;0;0;40,000
PA;BR-230;1455,000;1456,000;1,000;23/08/2023;0;0;5,000
PA;BR-230;1456,000;1457,000;1,000;23/08/2023;0;0;27,500
PA;BR-230;1457,000;1458,000;1,000;23/08/2023;0;0;53,750
PA;BR-230;1458,000;1459,000;1,000;23/08/2023;0;0;38,750
PA;BR-230;1459,000;1460,000;1,000;23/08/2023;0;0;32,500
PA;BR-230;1460,000;1461,000;1,000;23/08/2023;0;0;16,250
PA;BR-230;1461,000;1462,000;1,000;23/08/2023;0;0;31,250
PA;BR-230;1462,000;1463,000;1,000;23/08/2023;0;0;40,000
PA;BR-230;1463,000;1464,000;1,000;23/08/2023;0;0;40,000
PA;BR-230;1464,000;1465,000;1,000;23/08/2023;0;0;31,250
PA;BR-230;1465,000;1466,000;1,000;23/08/2023;0;0;31,250
PA;BR-230;1466,000;1467,000;1,000;23/08/2023;0;0;12,500
PA;BR-230;1467,000;1468,000;1,000;23/08/2023;0;0;32,500
PA;BR-230;1468,000;1469,000;1,000;23/08/2023;0;0;40,000
PA;BR-230;1469,000;1470,000;1,000;23/08/2023;0;0;30,000
PA;BR-230;1470,000;1471,000;1,000;23/08/2023;0;0;38,750
PA;BR-230;1471,000;1472,000;1,000;23/08/2023;0;0;30,000
PA;BR-230;1472,000;1473,000;1,000;23/08/2023;0;0;30,000
PA;BR-230;1473,000;1474,000;1,000;23/08/2023;0;0;37,500
PA;BR-230;1474,000;1475,000;1,000;23/08/2023;0;0;38,750
PA;BR-230;1475,000;1476,000;1,000;23/08/2023;0;0;30,000
PA;BR-230;1476,000;1477,000;1,000;23/08/2023;0;0;31,250
PA;BR-230;1477,000;1478,000;1,000;23/08/2023;0;0;23,750
PA;BR-230;1478,000;1479,000;1,000;23/08/2023;0;0;30,000
PA;BR-230;1479,000;1480,000;1,000;23/08/2023;0;0;25,000
PA;BR-230;1480,000;1481,000;1,000;23/08/2023;0;0;15,000
PA;BR-230;1481,000;1482,000;1,000;23/08/2023;0;0;23,750
PA;BR-230;1482,000;1483,000;1,000;23/08/2023;0;0;38,750
PA;BR-230;1483,000;1484,000;1,000;23/08/2023;0;0;31,250
PA;BR-230;1484,000;1485,000;1,000;23/08/2023;0;0;37,500
PA;BR-230;1485,000;1486,000;1,000;23/08/2023;0;0;30,000
PA;BR-230;1486,000;1487,000;1,000;23/08/2023;0;0;30,000
PA;BR-230;1487,000;1488,000;1,000;23/08/2023;0;0;10,000
PA;BR-230;1488,000;1489,000;1,000;23/08/2023;0;0;23,750
PA;BR-230;1489,000;1490,000;1,000;23/08/2023;0;0;16,250
PA;BR-230;1490,000;1491,000;1,000;23/08/2023;0;0;38,750
PA;BR-230;1491,000;1492,000;1,000;23/08/2023;0;0;16,250
PA;BR-230;1492,000;1493,000;1,000;23/08/2023;0;0;36,250
PA;BR-230;1493,000;1494,000;1,000;23/08/2023;0;0;52,500
PA;BR-230;1494,000;1495,000;1,000;23/08/2023;0;0;53,750
PA;BR-230;1495,000;1496,000;1,000;23/08/2023;0;0;36,250
PA;BR-230;1496,000;1497,000;1,000;23/08/2023;0;0;31,250
PA;BR-230;1497,000;1498,000;1,000;23/08/2023;0;0;28,750
PA;BR-230;1498,000;1499,000;1,000;23/08/2023;0;0;3,750
PA;BR-230;1499,000;1500,000;1,000;23/08/2023;0;0;38,750
PA;BR-230;1500,000;1501,000;1,000;23/08/2023;0;0;31,250
PA;BR-230;1501,000;1502,000;1,000;23/08/2023;0;0;52,500
PA;BR-230;1502,000;1503,000;1,000;23/08/2023;0;0;30,000
PA;BR-230;1503,000;1504,000;1,000;23/08/2023;0;0;22,500
PA;BR-230;1504,000;1505,000;1,000;23/08/2023;0;0;31,250
PA;BR-230;1505,000;1506,000;1,000;23/08/2023;0;0;50,000
PA;BR-230;1506,000;1507,000;1,000;23/08/2023;0;0;50,000
PA;BR-230;1507,000;1508,000;1,000;23/08/2023;0;0;45,000
PA;BR-230;1508,000;1509,000;1,000;23/08/2023;0;0;45,000
PA;BR-230;1509,000;1510,000;1,000;23/08/2023;0;0;37,500
PA;BR-230;1510,000;1511,000;1,000;23/08/2023;0;0;37,500
PA;BR-230;1511,000;1512,000;1,000;23/08/2023;0;0;52,500
PA;BR-230;1512,000;1513,000;1,000;23/08/2023;0;0;53,750
PA;BR-230;1513,000;1514,000;1,000;23/08/2023;0;0;50,000
PA;BR-230;1514,000;1515,000;1,000;23/08/2023;0;0;32,500
PA;BR-230;1515,000;1516,000;1,000;23/08/2023;0;0;40,000
PA;BR-230;1516,000;1517,000;1,000;23/08/2023;0;0;32,500
PA;BR-230;1517,000;1518,000;1,000;23/08/2023;0;0;32,500
PA;BR-230;1518,000;1519,000;1,000;23/08/2023;0;0;51,250
PA;BR-230;1519,000;1520,000;1,000;23/08/2023;0;0;53,750
PA;BR-230;1520,000;1521,000;1,000;23/08/2023;0;0;46,250
PA;BR-230;1521,000;1522,000;1,000;23/08/2023;0;0;46,250
PA;BR-230;1522,000;1523,000;1,000;23/08/2023;0;0;51,250
PA;BR-230;1523,000;1524,000;1,000;23/08/2023;0;0;25,000
PA;BR-230;1524,000;1525,000;1,000;23/08/2023;0;0;5,000
PA;BR-230;1525,000;1526,000;1,000;23/08/2023;0;0;30,000
PA;BR-230;1526,000;1527,000;1,000;23/08/2023;0;0;30,000
PA;BR-230;1527,000;1528,000;1,000;23/08/2023;0;0;37,500
PA;BR-230;1528,000;1529,000;1,000;23/08/2023;0;0;30,000
PA;BR-230;1529,000;1530,000;1,000;23/08/2023;0;0;30,000
PA;BR-230;1530,000;1531,000;1,000;23/08/2023;0;0;37,500
PA;BR-230;1531,000;1532,000;1,000;23/08/2023;0;0;37,500
PA;BR-230;1532,000;1533,000;1,000;23/08/2023;0;0;37,500
PA;BR-230;1533,000;1534,000;1,000;23/08/2023;0;0;30,000
PA;BR-230;1534,000;1535,000;1,000;23/08/2023;0;0;17,500
PA;BR-230;1535,000;1536,000;1,000;23/08/2023;0;0;37,500
PA;BR-230;1536,000;1537,000;1,000;23/08/2023;0;0;23,750
PA;BR-230;1537,000;1538,000;1,000;23/08/2023;0;0;31,250
PA;BR-230;1538,000;1539,000;1,000;23/08/2023;0;0;47,500
PA;BR-230;1539,000;1540,000;1,000;23/08/2023;0;0;32,500
PA;BR-230;1540,000;1541,000;1,000;23/08/2023;0;0;38,750
PA;BR-230;1541,000;1542,000;1,000;23/08/2023;0;0;32,500
PA;BR-230;1542,000;1543,000;1,000;23/08/2023;0;0;32,500
PA;BR-230;1543,000;1544,000;1,000;23/08/2023;0;0;32,500
PA;BR-230;1544,000;1545,000;1,000;23/08/2023;0;0;32,500
PA;BR-230;1545,000;1546,000;1,000;23/08/2023;0;0;30,000
PA;BR-230;1546,000;1547,000;1,000;23/08/2023;0;0;50,000
PA;BR-230;1547,000;1548,000;1,000;23/08/2023;0;0;50,000
PA;BR-230;1548,000;1549,000;1,000;23/08/2023;0;0;50,000
PA;BR-230;1549,000;1550,000;1,000;23/08/2023;0;0;50,000
PA;BR-230;1550,000;1551,000;1,000;23/08/2023;0;0;37,500
PA;BR-230;1551,000;1552,000;1,000;23/08/2023;0;0;45,000
PA;BR-230;1552,000;1553,000;1,000;23/08/2023;0;0;45,000
PA;BR-230;1553,000;1554,000;1,000;23/08/2023;0;0;31,250
PA;BR-230;1554,000;1555,000;1,000;23/08/2023;0;0;38,750
PA;BR-230;1555,000;1556,000;1,000;23/08/2023;0;0;31,250
PA;BR-230;1556,000;1557,000;1,000;23/08/2023;0;0;31,250
PA;BR-230;1557,000;1558,000;1,000;23/08/2023;0;0;40,000
PA;BR-230;1558,000;1559,000;1,000;23/08/2023;0;0;40,000
PA;BR-230;1559,000;1560,000;1,000;23/08/2023;0;0;47,500
PA;BR-230;1560,000;1561,000;1,000;23/08/2023;0;0;40,000
PA;BR-230;1561,000;1562,000;1,000;23/08/2023;0;0;43,750
PA;BR-230;1562,000;1563,000;1,000;23/08/2023;0;0;43,750
PA;BR-230;1563,000;1564,000;1,000;23/08/2023;0;0;43,750
PA;BR-230;1564,000;1565,000;1,000;23/08/2023;0;0;43,750
PA;BR-230;1565,000;1566,000;1,000;23/08/2023;0;0;31,250
PA;BR-230;1566,000;1567,000;1,000;23/08/2023;0;0;31,250
PA;BR-230;1567,000;1568,000;1,000;23/08/2023;0;0;30,000
PA;BR-230;1568,000;1569,000;1,000;23/08/2023;0;0;30,000
PA;BR-230;1569,000;1570,000;1,000;23/08/2023;0;0;51,250
PA;BR-230;1570,000;1571,000;1,000;23/08/2023;0;0;51,250
PA;BR-230;1571,000;1572,000;1,000;23/08/2023;0;0;51,250
PA;BR-230;1572,000;1573,000;1,000;23/08/2023;0;0;31,250
PA;BR-230;1573,000;1574,000;1,000;23/08/2023;0;0;40,000
PA;BR-230;1574,000;1575,000;1,000;23/08/2023;0;0;47,500
PA;BR-230;1575,000;1576,000;1,000;23/08/2023;0;0;38,750
PA;BR-230;1576,000;1577,000;1,000;23/08/2023;0;0;51,250
PA;BR-230;1577,000;1578,000;1,000;23/08/2023;0;0;53,750
PA;BR-230;1578,000;1579,000;1,000;23/08/2023;0;0;53,750
PA;BR-230;1579,000;1580,000;1,000;23/08/2023;0;0;52,500
PA;BR-230;1580,000;1581,000;1,000;23/08/2023;0;0;45,000
PA;BR-230;1581,000;1582,000;1,000;23/08/2023;0;0;37,500
PA;BR-230;1582,000;1583,000;1,000;23/08/2023;0;0;45,000
PA;BR-230;1583,000;1584,000;1,000;23/08/2023;0;0;43,750
PA;BR-230;1584,000;1585,000;1,000;23/08/2023;0;0;37,500
PA;BR-230;1585,000;1586,000;1,000;23/08/2023;0;0;38,750
PA;BR-230;1586,000;1587,000;1,000;23/08/2023;0;0;31,250
PA;BR-230;1587,000;1588,000;1,000;23/08/2023;0;0;51,250
PA;BR-230;1588,000;1589,000;1,000;23/08/2023;0;0;51,250
PA;BR-230;1589,000;1590,000;1,000;23/08/2023;0;0;38,750
PA;BR-230;1590,000;1591,000;1,000;23/08/2023;0;0;38,750
PA;BR-230;1591,000;1592,000;1,000;23/08/2023;0;0;38,750
BA;BR-030;281,700;280,000;1,700;23/08/2023;-14,206183;-42,76002;0,000
MS;BR-419;64,000;65,000;1,000;23/08/2023;-20,5204188;-54,6466381;35,000
MS;BR-419;65,000;66,000;1,000;23/08/2023;-20,5204188;-54,6466381;42,500
MS;BR-419;66,000;67,000;1,000;23/08/2023;-20,5204188;-54,6466381;35,000
MS;BR-419;67,000;68,000;1,000;23/08/2023;-20,5204188;-54,6466381;35,000
MS;BR-419;68,000;69,000;1,000;23/08/2023;-20,5204188;-54,6466381;46,250
MS;BR-419;69,000;70,000;1,000;23/08/2023;-20,5204188;-54,6466381;36,250
MS;BR-419;70,000;71,000;1,000;23/08/2023;-20,5204188;-54,6466381;35,000
MS;BR-419;71,000;72,000;1,000;23/08/2023;-20,5204188;-54,6466381;35,000
MS;BR-419;72,000;73,000;1,000;23/08/2023;-20,5204188;-54,6466381;36,250
MS;BR-419;73,000;74,000;1,000;23/08/2023;-20,5204188;-54,6466381;35,000
MS;BR-419;74,000;75,000;1,000;23/08/2023;-20,5204188;-54,6466381;51,250
MS;BR-419;75,000;76,000;1,000;23/08/2023;-20,5204188;-54,6466381;36,250
MS;BR-419;76,000;77,000;1,000;23/08/2023;-20,5204188;-54,6466381;36,250
MS;BR-419;77,000;78,000;1,000;23/08/2023;-20,5204188;-54,6466381;36,250
MS;BR-419;78,000;79,000;1,000;23/08/2023;-20,5204188;-54,6466381;36,250
MS;BR-419;79,000;80,000;1,000;23/08/2023;-20,5204188;-54,6466381;36,250
MS;BR-419;80,000;81,000;1,000;23/08/2023;-20,5204188;-54,6466381;36,250
MS;BR-419;81,000;82,000;1,000;23/08/2023;-20,5204188;-54,6466381;36,250
MS;BR-419;82,000;83,000;1,000;23/08/2023;-20,5204188;-54,6466381;36,250
MS;BR-419;83,000;84,000;1,000;23/08/2023;-20,5204188;-54,6466381;36,250
MS;BR-419;84,000;85,000;1,000;23/08/2023;-20,5204188;-54,6466381;43,750
MS;BR-419;85,000;86,000;1,000;23/08/2023;-20,5204188;-54,6466381;38,750
MS;BR-419;86,000;87,000;1,000;23/08/2023;-20,5204188;-54,6466381;36,250
MS;BR-419;87,000;88,000;1,000;23/08/2023;-20,5204188;-54,6466381;35,000
MS;BR-419;88,000;89,000;1,000;23/08/2023;-20,5204188;-54,6466381;36,250
MS;BR-419;89,000;90,000;1,000;23/08/2023;-20,5204188;-54,6466381;35,000
MS;BR-419;90,000;91,000;1,000;23/08/2023;-20,5204188;-54,6466381;36,250
MS;BR-419;91,000;92,000;1,000;23/08/2023;-20,5204188;-54,6466381;36,250
MS;BR-419;92,000;93,000;1,000;23/08/2023;-20,5204188;-54,6466381;36,250
MS;BR-419;93,000;94,000;1,000;23/08/2023;-20,5204188;-54,6466381;36,250
MS;BR-419;94,000;95,000;1,000;23/08/2023;-20,5204188;-54,6466381;36,250
MS;BR-419;95,000;96,000;1,000;23/08/2023;-20,5204188;-54,6466381;43,750
MS;BR-419;96,000;97,000;1,000;23/08/2023;-20,5204188;-54,6466381;43,750
MS;BR-419;97,000;98,000;1,000;23/08/2023;-20,5204188;-54,6466381;36,250
MS;BR-419;98,000;99,000;1,000;23/08/2023;-20,5204188;-54,6466381;36,250
MS;BR-419;99,000;100,000;1,000;23/08/2023;-20,5204188;-54,6466381;36,250
MS;BR-419;100,000;101,000;1,000;23/08/2023;-20,5204188;-54,6466381;36,250
MS;BR-419;101,000;102,000;1,000;23/08/2023;-20,5204188;-54,6466381;36,250
MS;BR-419;102,000;103,000;1,000;23/08/2023;-20,5204188;-54,6466381;36,250
MS;BR-419;103,000;104,000;1,000;23/08/2023;-20,5204188;-54,6466381;36,250
MS;BR-419;104,000;105,000;1,000;23/08/2023;-20,5204188;-54,6466381;51,250
MS;BR-419;105,000;106,000;1,000;23/08/2023;-20,5204188;-54,6466381;58,750
MS;BR-419;106,000;107,000;1,000;23/08/2023;-20,5204188;-54,6466381;36,250
MS;BR-419;107,000;108,000;1,000;23/08/2023;-20,5204188;-54,6466381;36,250
MS;BR-419;108,000;109,000;1,000;23/08/2023;-20,5204188;-54,6466381;51,250
MS;BR-419;109,000;110,000;1,000;23/08/2023;-20,5204188;-54,6466381;55,000
MS;BR-419;110,000;111,000;1,000;23/08/2023;-20,5204188;-54,6466381;36,250
MS;BR-419;111,000;112,000;1,000;23/08/2023;-20,5204188;-54,6466381;62,500
MS;BR-419;112,000;113,000;1,000;23/08/2023;-20,5204188;-54,6466381;36,250
MS;BR-419;113,000;114,000;1,000;23/08/2023;-20,5204188;-54,6466381;58,750
MS;BR-419;114,000;115,000;1,000;23/08/2023;-20,5204188;-54,6466381;51,250
MS;BR-419;115,000;116,000;1,000;23/08/2023;-20,5204188;-54,6466381;66,250
MS;BR-419;116,000;117,000;1,000;23/08/2023;-20,5204188;-54,6466381;58,750
MS;BR-419;117,000;118,000;1,000;23/08/2023;-20,5204188;-54,6466381;58,750
MS;BR-419;118,000;119,000;1,000;23/08/2023;-20,5204188;-54,6466381;36,250
MS;BR-419;119,000;120,000;1,000;23/08/2023;-20,5204188;-54,6466381;36,250
MS;BR-419;120,000;121,000;1,000;23/08/2023;-20,5204188;-54,6466381;55,000
MS;BR-419;121,000;122,000;1,000;23/08/2023;-20,5204188;-54,6466381;37,500
MS;BR-419;122,000;123,000;1,000;23/08/2023;-20,5204188;-54,6466381;52,500
MS;BR-419;123,000;124,000;1,000;23/08/2023;-20,5204188;-54,6466381;37,500
MS;BR-419;124,000;125,000;1,000;23/08/2023;-20,5204188;-54,6466381;37,500
MS;BR-419;125,000;126,000;1,000;23/08/2023;-20,5204188;-54,6466381;52,500
MS;BR-419;126,000;127,000;1,000;23/08/2023;-20,5204188;-54,6466381;52,500
MS;BR-419;127,000;128,000;1,000;23/08/2023;-20,5204188;-54,6466381;52,500
MS;BR-419;128,000;129,000;1,000;23/08/2023;-20,5204188;-54,6466381;52,500
MS;BR-419;129,000;130,000;1,000;23/08/2023;-20,5204188;-54,6466381;25,000
MS;BR-419;130,000;131,000;1,000;23/08/2023;-20,5204188;-54,6466381;37,500
MS;BR-419;131,000;132,000;1,000;23/08/2023;-20,5204188;-54,6466381;37,500
MS;BR-419;132,000;133,000;1,000;23/08/2023;-20,5204188;-54,6466381;37,500
MS;BR-419;133,000;134,000;1,000;23/08/2023;-20,5204188;-54,6466381;37,500
MS;BR-419;134,000;135,000;1,000;23/08/2023;-20,5204188;-54,6466381;37,500
MS;BR-419;135,000;136,000;1,000;23/08/2023;-20,5204188;-54,6466381;37,500
MS;BR-419;136,000;137,000;1,000;23/08/2023;-20,5204188;-54,6466381;37,500
MS;BR-419;137,000;138,000;1,000;23/08/2023;-20,5204188;-54,6466381;37,500
MS;BR-419;137,300;138,000;0,700;23/08/2023;-20,5204188;-54,6466381;25,000
MS;BR-419;138,000;139,000;1,000;23/08/2023;-20,5204188;-54,6466381;25,000
MS;BR-419;139,000;140,000;1,000;23/08/2023;-20,5204188;-54,6466381;25,000
MS;BR-419;140,000;141,000;1,000;23/08/2023;-20,5204188;-54,6466381;37,500
MS;BR-419;141,000;142,000;1,000;23/08/2023;-20,5204188;-54,6466381;25,000
MS;BR-419;142,000;143,000;1,000;23/08/2023;-20,5204188;-54,6466381;25,000
MS;BR-419;143,000;144,000;1,000;23/08/2023;-20,5204188;-54,6466381;25,000
MS;BR-419;144,000;145,000;1,000;23/08/2023;-20,5204188;-54,6466381;25,000
MS;BR-419;145,000;146,000;1,000;23/08/2023;-20,5204188;-54,6466381;25,000
MS;BR-419;146,000;147,000;1,000;23/08/2023;-20,5204188;-54,6466381;25,000
MS;BR-419;147,000;148,000;1,000;23/08/2023;-20,5204188;-54,6466381;25,000
MS;BR-419;148,000;149,000;1,000;23/08/2023;-20,5204188;-54,6466381;25,000
MS;BR-419;149,000;150,000;1,000;23/08/2023;-20,5204188;-54,6466381;25,000
MS;BR-419;150,000;151,000;1,000;23/08/2023;-20,5204188;-54,6466381;25,000
MS;BR-419;151,000;152,000;1,000;23/08/2023;-20,5204188;-54,6466381;25,000
MS;BR-419;152,000;153,000;1,000;23/08/2023;-20,5204188;-54,6466381;25,000
MS;BR-419;153,000;154,000;1,000;23/08/2023;-20,5204188;-54,6466381;25,000
MS;BR-419;154,000;155,000;1,000;23/08/2023;-20,5204188;-54,6466381;25,000
MS;BR-419;155,000;156,000;1,000;23/08/2023;-20,5204188;-54,6466381;25,000
MS;BR-419;156,000;157,000;1,000;23/08/2023;-20,5204188;-54,6466381;25,000
MS;BR-419;157,000;158,000;1,000;23/08/2023;-20,5204188;-54,6466381;25,000
MS;BR-419;158,000;159,000;1,000;23/08/2023;-20,5204188;-54,6466381;25,000
MS;BR-419;159,000;160,000;1,000;23/08/2023;-20,5204188;-54,6466381;25,000
MS;BR-419;160,000;161,000;1,000;23/08/2023;-20,5204188;-54,6466381;25,000
MS;BR-419;161,000;162,000;1,000;23/08/2023;-20,5204188;-54,6466381;25,000
MS;BR-419;162,000;163,000;1,000;23/08/2023;-20,5204188;-54,6466381;25,000
MS;BR-419;163,000;164,000;1,000;23/08/2023;-20,5204188;-54,6466381;25,000
MS;BR-419;164,000;165,000;1,000;23/08/2023;-20,5204188;-54,6466381;25,000
MS;BR-419;165,000;166,000;1,000;23/08/2023;-20,5204188;-54,6466381;25,000
MS;BR-419;166,000;167,000;1,000;23/08/2023;-20,5204188;-54,6466381;25,000
MS;BR-419;167,000;168,000;1,000;23/08/2023;-20,5204188;-54,6466381;25,000
MS;BR-419;168,000;169,000;1,000;23/08/2023;-20,5204188;-54,6466381;25,000
MS;BR-419;169,000;170,000;1,000;23/08/2023;-20,5204188;-54,6466381;25,000
MS;BR-419;170,000;171,000;1,000;23/08/2023;-20,5204188;-54,6466381;25,000
MS;BR-419;171,000;172,000;1,000;23/08/2023;-20,5204188;-54,6466381;25,000
MS;BR-419;172,000;173,000;1,000;23/08/2023;-20,5204188;-54,6466381;25,000
MS;BR-419;173,000;174,000;1,000;23/08/2023;-20,5204188;-54,6466381;25,000
MS;BR-419;174,000;175,000;1,000;23/08/2023;-20,5204188;-54,6466381;27,500
MS;BR-419;175,000;176,000;1,000;23/08/2023;-20,5204188;-54,6466381;25,000
MS;BR-419;176,000;177,000;1,000;23/08/2023;-20,5204188;-54,6466381;25,000
MS;BR-419;177,000;178,000;1,000;23/08/2023;-20,5204188;-54,6466381;25,000
MS;BR-419;178,000;179,000;1,000;23/08/2023;-20,5204188;-54,6466381;25,000
MS;BR-419;179,000;180,000;1,000;23/08/2023;-20,5204188;-54,6466381;25,000
MS;BR-419;180,000;181,000;1,000;23/08/2023;-20,5204188;-54,6466381;25,000
MS;BR-419;181,000;182,000;1,000;23/08/2023;-20,5204188;-54,6466381;25,000
MS;BR-419;182,000;183,000;1,000;23/08/2023;-20,5204188;-54,6466381;25,000
MS;BR-419;183,000;184,000;1,000;23/08/2023;-20,5204188;-54,6466381;25,000
MS;BR-419;184,000;185,000;1,000;23/08/2023;-20,5204188;-54,6466381;25,000
MS;BR-419;185,000;186,000;1,000;23/08/2023;-20,5204188;-54,6466381;32,500
MS;BR-419;186,000;187,000;1,000;23/08/2023;-20,5204188;-54,6466381;25,000
MS;BR-419;187,000;188,000;1,000;23/08/2023;-20,5204188;-54,6466381;25,000
MS;BR-419;188,000;189,000;1,000;23/08/2023;-20,5204188;-54,6466381;25,000
MS;BR-419;189,000;190,000;1,000;23/08/2023;-20,5204188;-54,6466381;25,000
MS;BR-419;190,000;191,000;1,000;23/08/2023;-20,5204188;-54,6466381;25,000
MS;BR-419;191,000;192,000;1,000;23/08/2023;-20,5204188;-54,6466381;25,000
MS;BR-419;192,000;193,000;1,000;23/08/2023;-20,5204188;-54,6466381;25,000
MS;BR-419;193,000;194,000;1,000;23/08/2023;-20,5204188;-54,6466381;25,000
MS;BR-419;194,000;195,000;1,000;23/08/2023;-20,5204188;-54,6466381;25,000
MS;BR-419;195,000;196,000;1,000;23/08/2023;-20,5204188;-54,6466381;25,000
MS;BR-419;196,000;197,000;1,000;23/08/2023;-20,5204188;-54,6466381;25,000
MS;BR-419;197,000;198,000;1,000;23/08/2023;-20,5204188;-54,6466381;25,000
MS;BR-419;198,000;199,000;1,000;23/08/2023;-20,5204188;-54,6466381;25,000
AP;BR-210;106,200;107,000;0,800;23/08/2023;0,69031375;-51,3695355;5,000
AP;BR-210;107,000;108,000;1,000;23/08/2023;0,7062371;-51,4136417;5,000
AP;BR-210;108,000;109,000;1,000;23/08/2023;0,7062371;-51,4136417;3,750
AP;BR-210;109,000;110,000;1,000;23/08/2023;0,7045336;-51,4097985;5,000
AP;BR-210;110,000;111,000;1,000;23/08/2023;0,698398;-51,4019269;5,000
AP;BR-210;111,000;112,000;1,000;23/08/2023;0,698398;-51,4019269;5,000
AP;BR-210;112,000;113,000;1,000;23/08/2023;0,698398;-51,4019269;5,000
AP;BR-210;113,000;114,000;1,000;23/08/2023;0,7021164;-51,400943;5,000
AP;BR-210;114,000;115,000;1,000;23/08/2023;0,7021164;-51,400943;5,000
AP;BR-210;115,000;116,000;1,000;23/08/2023;0,7021164;-51,400943;5,000
AP;BR-210;116,000;117,000;1,000;23/08/2023;0,7021164;-51,400943;5,000
AP;BR-210;117,000;118,000;1,000;23/08/2023;0,7021164;-51,400943;5,000
AP;BR-210;118,000;119,000;1,000;23/08/2023;0,7021164;-51,400943;5,000
AP;BR-210;119,000;120,000;1,000;23/08/2023;0,7021164;-51,400943;5,000
AP;BR-210;120,000;121,000;1,000;23/08/2023;0,7021164;-51,400943;5,000
AP;BR-210;121,000;122,000;1,000;23/08/2023;0,7021164;-51,400943;5,000
AP;BR-210;122,000;123,000;1,000;23/08/2023;0,7021164;-51,400943;5,000
AP;BR-210;123,000;124,000;1,000;23/08/2023;0,7021164;-51,400943;5,000
AP;BR-210;124,000;125,000;1,000;23/08/2023;0,7021164;-51,400943;5,000
AP;BR-210;125,000;126,000;1,000;23/08/2023;0,7021164;-51,400943;5,000
AP;BR-210;126,000;127,000;1,000;23/08/2023;0,7021164;-51,400943;3,750
AP;BR-210;127,000;128,000;1,000;23/08/2023;0,7021164;-51,400943;3,750
AP;BR-210;128,000;129,000;1,000;23/08/2023;0,7021164;-51,400943;3,750
AP;BR-210;129,000;130,000;1,000;23/08/2023;0,7021164;-51,400943;2,500
AP;BR-210;130,000;131,000;1,000;23/08/2023;0,7021164;-51,400943;2,500
AP;BR-210;131,000;132,000;1,000;23/08/2023;0,7021164;-51,400943;3,750
AP;BR-210;132,000;133,000;1,000;23/08/2023;0,7021164;-51,400943;5,000
AP;BR-210;133,000;134,000;1,000;23/08/2023;0,7021164;-51,400943;5,000
AP;BR-210;134,000;135,000;1,000;23/08/2023;0,7021164;-51,400943;5,000
AP;BR-210;135,000;136,000;1,000;23/08/2023;0,7021164;-51,400943;5,000
AP;BR-210;136,000;137,000;1,000;23/08/2023;0,7021164;-51,400943;3,750
AP;BR-210;137,000;138,000;1,000;23/08/2023;0,7021164;-51,400943;3,750
AP;BR-210;138,000;139,000;1,000;23/08/2023;0,7021164;-51,400943;2,500
AP;BR-210;139,000;140,000;1,000;23/08/2023;0,7021164;-51,400943;2,500
AP;BR-210;140,000;141,000;1,000;23/08/2023;0,7021164;-51,400943;3,750
AP;BR-210;141,000;142,000;1,000;23/08/2023;0,7021164;-51,400943;3,750
AP;BR-210;142,000;143,000;1,000;23/08/2023;0,7021164;-51,400943;3,750
AP;BR-210;143,000;144,000;1,000;23/08/2023;0,7021164;-51,400943;28,750
AP;BR-210;144,000;145,000;1,000;23/08/2023;0,7021164;-51,400943;23,750
AP;BR-210;145,000;146,000;1,000;23/08/2023;0,7021164;-51,400943;56,250
AP;BR-210;146,000;147,000;1,000;23/08/2023;0,7021164;-51,400943;51,250
AP;BR-210;147,000;148,000;1,000;23/08/2023;0,7021164;-51,400943;56,250
AP;BR-210;148,000;149,000;1,000;23/08/2023;0,7021164;-51,400943;36,250
AP;BR-210;149,000;150,000;1,000;23/08/2023;0,7021164;-51,400943;41,250
AP;BR-210;150,000;151,000;1,000;23/08/2023;0,7021164;-51,400943;56,250
AP;BR-210;151,000;152,000;1,000;23/08/2023;0,7021164;-51,400943;23,750
AP;BR-210;152,000;153,000;1,000;23/08/2023;0,7021164;-51,400943;51,250
AP;BR-210;153,000;154,000;1,000;23/08/2023;0,7021164;-51,400943;56,250
AP;BR-210;154,000;155,000;1,000;23/08/2023;0,7021164;-51,400943;62,500
AP;BR-210;155,000;156,000;1,000;23/08/2023;0,7021164;-51,400943;56,250
AP;BR-210;156,000;157,000;1,000;23/08/2023;0,7021164;-51,400943;51,250
AP;BR-210;157,000;158,000;1,000;23/08/2023;0,7021164;-51,400943;56,250
AP;BR-210;158,000;159,000;1,000;23/08/2023;0,7021164;-51,400943;56,250
AP;BR-210;159,000;160,000;1,000;23/08/2023;0,7021164;-51,400943;51,250
AP;BR-210;160,000;161,000;1,000;23/08/2023;0,7021164;-51,400943;52,500
AP;BR-210;161,000;162,000;1,000;23/08/2023;0,7021164;-51,400943;52,500
AP;BR-210;162,000;163,000;1,000;23/08/2023;0,7021164;-51,400943;38,750
AP;BR-210;163,000;164,000;1,000;23/08/2023;0,7021164;-51,400943;43,750
AP;BR-210;164,000;165,000;1,000;23/08/2023;0,7021164;-51,400943;32,500
AP;BR-210;165,000;166,000;1,000;23/08/2023;0,7021164;-51,400943;32,500
AP;BR-210;166,000;167,000;1,000;23/08/2023;0,7021164;-51,400943;32,500
AP;BR-210;167,000;168,000;1,000;23/08/2023;0,7021164;-51,400943;40,000
AP;BR-210;168,000;169,000;1,000;23/08/2023;0,7021164;-51,400943;40,000
AP;BR-210;169,000;170,000;1,000;23/08/2023;0,7021164;-51,400943;52,500
AP;BR-210;170,000;171,000;1,000;23/08/2023;0,7021164;-51,400943;63,750
AP;BR-210;171,000;172,000;1,000;23/08/2023;0,7021164;-51,400943;45,000
AP;BR-210;172,000;173,000;1,000;23/08/2023;0,7021164;-51,400943;32,500
AP;BR-210;173,000;174,000;1,000;23/08/2023;0,7021164;-51,400943;38,750
AP;BR-210;174,000;175,000;1,000;23/08/2023;0,7021164;-51,400943;38,750
AP;BR-210;175,000;176,000;1,000;23/08/2023;0,7021164;-51,400943;51,250
AP;BR-210;176,000;177,000;1,000;23/08/2023;0,7021164;-51,400943;46,250
AP;BR-210;177,000;178,000;1,000;23/08/2023;0,7021164;-51,400943;52,500
AP;BR-210;178,000;179,000;1,000;23/08/2023;0,777047;-51,9518986;45,000
AP;BR-210;179,000;180,000;1,000;23/08/2023;0,777047;-51,9518986;38,750
AP;BR-210;180,000;181,000;1,000;23/08/2023;0,7760953;-51,9509065;52,500
AP;BR-210;181,000;182,000;1,000;23/08/2023;0,7760953;-51,9509065;46,250
AP;BR-210;182,000;183,000;1,000;23/08/2023;0,8072469;-51,9793502;52,500
AP;BR-210;183,000;184,000;1,000;23/08/2023;0,8072469;-51,9793502;46,250
AP;BR-210;184,000;185,000;1,000;23/08/2023;0,8072469;-51,9793502;52,500
AP;BR-210;185,000;186,000;1,000;23/08/2023;0,8072469;-51,9793502;45,000
AP;BR-210;186,000;187,000;1,000;23/08/2023;0,8034556;-51,9773654;53,750
AP;BR-210;187,000;188,000;1,000;23/08/2023;0,8034556;-51,9773654;57,500
AP;BR-210;188,000;189,000;1,000;23/08/2023;0,8072469;-51,9793502;50,000
AP;BR-210;189,000;190,000;1,000;23/08/2023;0,8072469;-51,9793502;53,750
AP;BR-210;190,000;191,000;1,000;23/08/2023;0,8072469;-51,9793502;50,000
AP;BR-210;191,000;192,000;1,000;23/08/2023;0,8072469;-51,9793502;50,000
AP;BR-210;192,000;193,000;1,000;23/08/2023;0,8072469;-51,9793502;38,750
PE;BR-316;410,900;411,000;0,100;25/08/2023;-8,9825454;-38,2162324;26,250
PE;BR-316;411,000;412,000;1,000;25/08/2023;-8,9828134;-38,215978;26,250
PE;BR-316;412,000;413,000;1,000;25/08/2023;-8,9818341;-38,2157995;26,250
PE;BR-316;413,000;414,000;1,000;25/08/2023;-8,9783413;-38,2144266;26,250
PE;BR-316;414,000;415,000;1,000;25/08/2023;-8,9783413;-38,2144266;60,000
PE;BR-316;415,000;416,000;1,000;25/08/2023;-8,9740346;-38,2165365;60,000
PE;BR-316;416,000;417,000;1,000;25/08/2023;-8,9740346;-38,2165365;70,000
PE;BR-316;417,000;418,000;1,000;25/08/2023;-8,9740346;-38,2165365;73,750
PE;BR-316;418,000;419,000;1,000;25/08/2023;-8,9742038;-38,2086727;60,000
PE;BR-316;419,000;420,000;1,000;25/08/2023;-8,9734465;-38,2062831;73,750
PE;BR-316;420,000;421,000;1,000;25/08/2023;-8,9775488;-38,215547;26,250
PE;BR-316;421,000;422,000;1,000;25/08/2023;-8,9775488;-38,215547;50,000
PE;BR-316;422,000;423,000;1,000;25/08/2023;-8,9740346;-38,2165365;73,750
PE;BR-316;423,000;424,000;1,000;25/08/2023;-8,9750032;-38,215547;45,000
PE;BR-316;424,000;425,000;1,000;25/08/2023;-8,9740346;-38,2165365;45,000
PE;BR-316;425,000;426,000;1,000;25/08/2023;-8,9740346;-38,2165365;51,250
PE;BR-316;426,000;427,000;1,000;25/08/2023;-8,9740346;-38,2165365;41,250
PE;BR-316;427,000;428,000;1,000;25/08/2023;-8,9740346;-38,2165365;41,250
PE;BR-316;428,000;429,000;1,000;25/08/2023;-8,9740346;-38,2165365;26,250
PE;BR-316;429,000;430,000;1,000;25/08/2023;-8,9733034;-38,2132379;26,250
PE;BR-316;430,000;431,000;1,000;25/08/2023;-8,9733034;-38,2132379;51,250
PE;BR-316;431,000;432,000;1,000;25/08/2023;-8,9733034;-38,2132379;26,250
PE;BR-316;432,000;433,000;1,000;25/08/2023;-8,9733034;-38,2132379;63,750
TO;BR-010;698,900;699,000;0,100;23/08/2023;-9,53001588;-48,579063;51,250
TO;BR-010;699,000;700,000;1,000;23/08/2023;-9,53001588;-48,579063;51,250
TO;BR-010;700,000;701,000;1,000;23/08/2023;-9,53001588;-48,579063;51,250
TO;BR-010;701,000;702,000;1,000;23/08/2023;-9,53001588;-48,579063;58,750
TO;BR-010;702,000;703,000;1,000;23/08/2023;-9,53001588;-48,579063;51,250
TO;BR-010;703,000;704,000;1,000;23/08/2023;-9,53001588;-48,579063;58,750
TO;BR-010;704,000;705,000;1,000;23/08/2023;-9,53001588;-48,579063;52,500
TO;BR-010;705,000;706,000;1,000;23/08/2023;-9,53001588;-48,579063;60,000
TO;BR-010;706,000;707,000;1,000;23/08/2023;-9,53001588;-48,579063;60,000
TO;BR-010;707,000;708,000;1,000;23/08/2023;-9,53001588;-48,579063;60,000
TO;BR-010;708,000;709,000;1,000;23/08/2023;-9,53001588;-48,579063;60,000
TO;BR-010;709,000;710,000;1,000;23/08/2023;-9,53001588;-48,579063;51,250
TO;BR-010;710,000;711,000;1,000;23/08/2023;-9,53001588;-48,579063;51,250
TO;BR-010;711,000;712,000;1,000;23/08/2023;-9,53001588;-48,579063;52,500
TO;BR-010;712,000;713,000;1,000;23/08/2023;-9,53001588;-48,579063;52,500
TO;BR-010;713,000;714,000;1,000;23/08/2023;-9,53001588;-48,579063;52,500
TO;BR-010;714,000;715,000;1,000;23/08/2023;-9,53001588;-48,579063;52,500
TO;BR-010;715,000;716,000;1,000;23/08/2023;-9,53001588;-48,579063;52,500
TO;BR-010;716,000;717,000;1,000;23/08/2023;-9,53001588;-48,579063;51,250
TO;BR-010;717,000;718,000;1,000;23/08/2023;-9,53001588;-48,579063;52,500
TO;BR-010;718,000;719,000;1,000;23/08/2023;-9,53001588;-48,579063;52,500
TO;BR-010;719,000;720,000;1,000;23/08/2023;-9,53001588;-48,579063;52,500
TO;BR-010;720,000;721,000;1,000;23/08/2023;-9,53001588;-48,579063;52,500
TO;BR-010;721,000;722,000;1,000;23/08/2023;-9,53001588;-48,579063;52,500
TO;BR-010;722,000;723,000;1,000;23/08/2023;-9,53001588;-48,579063;52,500
TO;BR-010;723,000;724,000;1,000;23/08/2023;-9,53001588;-48,579063;52,500
TO;BR-010;724,000;725,000;1,000;23/08/2023;-9,53001588;-48,579063;52,500
TO;BR-010;725,000;726,000;1,000;23/08/2023;-9,53001588;-48,579063;52,500
TO;BR-010;726,000;727,000;1,000;23/08/2023;-9,53001588;-48,579063;52,500
TO;BR-010;727,000;728,000;1,000;23/08/2023;-9,53001588;-48,579063;52,500
TO;BR-010;728,000;729,000;1,000;23/08/2023;-9,53001588;-48,579063;52,500
TO;BR-010;729,000;730,000;1,000;23/08/2023;-9,53001588;-48,579063;52,500
TO;BR-010;730,000;731,000;1,000;23/08/2023;-9,53001588;-48,579063;52,500
TO;BR-010;731,000;732,000;1,000;23/08/2023;-9,53001588;-48,579063;52,500
TO;BR-010;732,000;733,000;1,000;23/08/2023;-9,53001588;-48,579063;52,500
TO;BR-010;733,000;734,000;1,000;23/08/2023;-9,53001588;-48,579063;52,500
TO;BR-010;734,000;735,000;1,000;23/08/2023;-9,53001588;-48,579063;52,500
TO;BR-010;735,000;736,000;1,000;23/08/2023;-9,53001588;-48,579063;52,500
TO;BR-010;736,000;737,000;1,000;23/08/2023;-8,48096906;-47,7809979;52,500
TO;BR-010;737,000;738,000;1,000;23/08/2023;-8,48096906;-47,7809979;52,500
TO;BR-010;738,000;739,000;1,000;23/08/2023;-8,48096906;-47,7809979;52,500
TO;BR-010;739,000;740,000;1,000;23/08/2023;-8,48096906;-47,7809979;52,500
TO;BR-010;740,000;741,000;1,000;23/08/2023;-8,48096906;-47,7809979;52,500
TO;BR-010;741,000;742,000;1,000;23/08/2023;-8,48096906;-47,7809979;60,000
TO;BR-010;742,000;743,000;1,000;23/08/2023;-8,48096906;-47,7809979;52,500
TO;BR-010;743,000;744,000;1,000;23/08/2023;-8,48096906;-47,7809979;52,500
TO;BR-010;744,000;745,000;1,000;23/08/2023;-8,48096906;-47,7809979;52,500
TO;BR-010;745,000;746,000;1,000;23/08/2023;-8,48096906;-47,7809979;52,500
TO;BR-010;746,000;747,000;1,000;23/08/2023;-8,48096906;-47,7809979;52,500
TO;BR-010;747,000;748,000;1,000;23/08/2023;-8,48096906;-47,7809979;50,000
TO;BR-010;748,000;749,000;1,000;23/08/2023;-8,48096906;-47,7809979;50,000
TO;BR-010;749,000;750,000;1,000;23/08/2023;-8,48096906;-47,7809979;50,000
TO;BR-010;750,000;751,000;1,000;23/08/2023;-8,38456929;-47,7660638;50,000
TO;BR-010;751,000;752,000;1,000;23/08/2023;-8,38456929;-47,7660638;58,750
TO;BR-010;752,000;753,000;1,000;23/08/2023;-8,38456929;-47,7660638;66,250
TO;BR-010;753,000;754,000;1,000;23/08/2023;-8,38456929;-47,7660638;58,750
TO;BR-010;754,000;755,000;1,000;23/08/2023;-8,38456929;-47,7660638;58,750
TO;BR-010;755,000;756,000;1,000;23/08/2023;-8,34219909;-47,7430935;51,250
TO;BR-010;756,000;757,000;1,000;23/08/2023;-8,34219909;-47,7430935;51,250
TO;BR-010;757,000;758,000;1,000;23/08/2023;-8,34219909;-47,7430935;51,250
TO;BR-010;758,000;759,000;1,000;23/08/2023;-8,34219909;-47,7430935;51,250
TO;BR-010;759,000;760,000;1,000;23/08/2023;-8,34219909;-47,7430935;53,750
TO;BR-010;760,000;761,000;1,000;23/08/2023;-8,34219909;-47,7430935;51,250
TO;BR-010;761,000;762,000;1,000;23/08/2023;-8,34219909;-47,7430935;51,250
TO;BR-010;762,000;763,000;1,000;23/08/2023;-8,34219909;-47,7430935;58,750
TO;BR-010;763,000;764,000;1,000;23/08/2023;-8,34219909;-47,7430935;56,250
TO;BR-010;764,000;765,000;1,000;23/08/2023;-8,34219909;-47,7430935;56,250
TO;BR-010;765,000;766,000;1,000;23/08/2023;-8,34219909;-47,7430935;51,250
TO;BR-010;766,000;767,000;1,000;23/08/2023;-8,34219909;-47,7430935;52,500
TO;BR-010;767,000;768,000;1,000;23/08/2023;-8,34219909;-47,7430935;52,500
TO;BR-010;768,000;769,000;1,000;23/08/2023;-8,34219909;-47,7430935;51,250
TO;BR-010;769,000;770,000;1,000;23/08/2023;-8,34219909;-47,7430935;51,250
TO;BR-010;770,000;771,000;1,000;23/08/2023;-8,34219909;-47,7430935;51,250
TO;BR-010;771,000;772,000;1,000;23/08/2023;-8,34219909;-47,7430935;51,250
TO;BR-010;772,000;773,000;1,000;23/08/2023;-8,20990409;-47,6982538;51,250
TO;BR-010;773,000;774,000;1,000;23/08/2023;-8,20990409;-47,6982538;51,250
TO;BR-010;774,000;775,000;1,000;23/08/2023;-8,20990409;-47,6982538;51,250
TO;BR-010;775,000;776,000;1,000;23/08/2023;-8,20990409;-47,6982538;51,250
TO;BR-010;776,000;777,000;1,000;23/08/2023;-8,20990409;-47,6982538;51,250
TO;BR-010;777,000;778,000;1,000;23/08/2023;-8,20990409;-47,6982538;51,250
TO;BR-010;778,000;779,000;1,000;23/08/2023;-8,20990409;-47,6982538;51,250
TO;BR-010;779,000;780,000;1,000;23/08/2023;-8,20990409;-47,6982538;52,500
TO;BR-010;780,000;781,000;1,000;23/08/2023;-8,20990409;-47,6982538;51,250
TO;BR-010;781,000;782,000;1,000;23/08/2023;-8,20990409;-47,6982538;51,250
TO;BR-010;782,000;783,000;1,000;23/08/2023;-8,20990409;-47,6982538;52,500
TO;BR-010;783,000;784,000;1,000;23/08/2023;-8,20990409;-47,6982538;52,500
TO;BR-010;784,000;785,000;1,000;23/08/2023;-8,20990409;-47,6982538;52,500
TO;BR-010;785,000;786,000;1,000;23/08/2023;-8,20990409;-47,6982538;51,250
TO;BR-010;786,000;787,000;1,000;23/08/2023;-8,20990409;-47,6982538;50,000
TO;BR-010;787,000;788,000;1,000;23/08/2023;-8,20990409;-47,6982538;52,500
TO;BR-010;788,000;789,000;1,000;23/08/2023;-8,20990409;-47,6982538;52,500
TO;BR-010;789,000;790,000;1,000;23/08/2023;-8,20990409;-47,6982538;51,250
TO;BR-010;790,000;791,000;1,000;23/08/2023;-8,20990409;-47,6982538;51,250
TO;BR-010;791,000;792,000;1,000;23/08/2023;-8,20990409;-47,6982538;52,500
TO;BR-010;792,000;793,000;1,000;23/08/2023;-8,20990409;-47,6982538;52,500
TO;BR-010;793,000;794,000;1,000;23/08/2023;-8,20990409;-47,6982538;52,500
TO;BR-010;794,000;795,000;1,000;23/08/2023;-8,20990409;-47,6982538;52,500
TO;BR-010;795,000;796,000;1,000;23/08/2023;-8,20990409;-47,6982538;52,500
TO;BR-010;796,000;797,000;1,000;23/08/2023;-8,03929916;-47,6059924;52,500
TO;BR-010;797,000;798,000;1,000;23/08/2023;-8,03929916;-47,6059924;52,500
TO;BR-010;798,000;799,000;1,000;23/08/2023;-8,03929916;-47,6059924;52,500
TO;BR-010;799,000;800,000;1,000;23/08/2023;-8,03929916;-47,6059924;52,500
TO;BR-010;800,000;801,000;1,000;23/08/2023;-8,03929916;-47,6059924;52,500
TO;BR-010;801,000;802,000;1,000;23/08/2023;-8,03929916;-47,6059924;52,500
TO;BR-010;802,000;803,000;1,000;23/08/2023;-8,00257197;-47,5716201;52,500
TO;BR-010;803,000;804,000;1,000;23/08/2023;-8,00257197;-47,5716201;57,500
TO;BR-010;804,000;805,000;1,000;23/08/2023;-8,00257197;-47,5716201;52,500
TO;BR-010;805,000;806,000;1,000;23/08/2023;-8,00257197;-47,5716201;52,500
TO;BR-010;806,000;807,000;1,000;23/08/2023;-8,00257197;-47,5716201;52,500
TO;BR-010;807,000;808,000;1,000;23/08/2023;-8,00257197;-47,5716201;52,500
TO;BR-010;808,000;809,000;1,000;23/08/2023;-7,96416754;-47,5372643;52,500
TO;BR-010;809,000;810,000;1,000;23/08/2023;-7,96416754;-47,5372643;52,500
TO;BR-010;810,000;811,000;1,000;23/08/2023;-7,96416754;-47,5372643;52,500
TO;BR-010;811,000;812,000;1,000;23/08/2023;-7,96416754;-47,5372643;52,500
TO;BR-010;812,000;813,000;1,000;23/08/2023;-7,96416754;-47,5372643;52,500
TO;BR-010;813,000;814,000;1,000;23/08/2023;-7,96416754;-47,5372643;52,500
TO;BR-010;814,000;815,000;1,000;23/08/2023;-7,96416754;-47,5372643;52,500
TO;BR-010;815,000;816,000;1,000;23/08/2023;-7,91684533;-47,5405486;52,500
TO;BR-235;158,800;157,000;1,800;24/08/2023;-8,97585394;-48,1675107;52,500
TO;BR-235;157,000;156,000;1,000;24/08/2023;-8,97585394;-48,1675107;52,500
TO;BR-235;156,000;155,000;1,000;24/08/2023;-8,97585394;-48,1675107;52,500
TO;BR-235;155,000;154,000;1,000;24/08/2023;-8,97585394;-48,1675107;52,500
TO;BR-235;154,000;153,000;1,000;24/08/2023;-8,97585394;-48,1675107;52,500
TO;BR-235;153,000;152,000;1,000;24/08/2023;-8,97585394;-48,1675107;52,500
TO;BR-235;152,000;151,000;1,000;24/08/2023;-8,97585394;-48,1675107;52,500
TO;BR-235;151,000;150,000;1,000;24/08/2023;-8,97585394;-48,1675107;52,500
TO;BR-235;150,000;149,000;1,000;24/08/2023;-8,97585394;-48,1675107;52,500
TO;BR-235;149,000;148,000;1,000;24/08/2023;-8,97585394;-48,1675107;60,000
TO;BR-235;148,000;147,000;1,000;24/08/2023;-8,97585394;-48,1675107;67,500
TO;BR-235;147,000;146,000;1,000;24/08/2023;-8,97585394;-48,1675107;67,500
TO;BR-235;146,000;145,000;1,000;24/08/2023;-8,97585394;-48,1675107;67,500
TO;BR-235;145,000;144,000;1,000;24/08/2023;-8,97585394;-48,1675107;67,500
TO;BR-235;144,000;143,000;1,000;24/08/2023;-8,97585394;-48,1675107;60,000
TO;BR-235;143,000;142,000;1,000;24/08/2023;-8,97585394;-48,1675107;52,500
TO;BR-235;142,000;141,000;1,000;24/08/2023;-8,97585394;-48,1675107;52,500
TO;BR-235;141,000;140,000;1,000;24/08/2023;-8,97585394;-48,1675107;52,500
TO;BR-235;140,000;139,000;1,000;24/08/2023;-8,97585394;-48,1675107;52,500
TO;BR-235;139,000;138,000;1,000;24/08/2023;-8,97585394;-48,1675107;52,500
TO;BR-235;138,000;137,000;1,000;24/08/2023;-8,97585394;-48,1675107;52,500
TO;BR-235;137,000;136,000;1,000;24/08/2023;-8,97585394;-48,1675107;52,500
TO;BR-235;136,000;135,000;1,000;24/08/2023;-8,97585394;-48,1675107;52,500
TO;BR-235;135,000;134,000;1,000;24/08/2023;-8,97585394;-48,1675107;52,500
TO;BR-235;134,000;133,000;1,000;24/08/2023;-8,97585394;-48,1675107;52,500
TO;BR-235;133,000;132,000;1,000;24/08/2023;-8,97585394;-48,1675107;52,500
TO;BR-235;132,000;131,000;1,000;24/08/2023;-8,97585394;-48,1675107;52,500
TO;BR-235;131,000;130,000;1,000;24/08/2023;-8,97585394;-48,1675107;52,500
TO;BR-235;130,000;129,000;1,000;24/08/2023;-8,97585394;-48,1675107;52,500
TO;BR-235;129,000;128,000;1,000;24/08/2023;-8,97585394;-48,1675107;51,250
TO;BR-235;128,000;127,000;1,000;24/08/2023;-8,97585394;-48,1675107;51,250
TO;BR-235;127,000;126,000;1,000;24/08/2023;-8,97585394;-48,1675107;51,250
TO;BR-235;126,000;125,000;1,000;24/08/2023;-8,97585394;-48,1675107;51,250
TO;BR-235;125,000;124,000;1,000;24/08/2023;-8,97585394;-48,1675107;51,250
TO;BR-235;124,000;123,000;1,000;24/08/2023;-8,97585394;-48,1675107;51,250
TO;BR-235;123,000;122,000;1,000;24/08/2023;-9,01635335;-47,8616711;52,500
TO;BR-235;122,000;121,000;1,000;24/08/2023;-9,01635335;-47,8616711;52,500
TO;BR-235;121,000;120,000;1,000;24/08/2023;-9,01635335;-47,8616711;52,500
TO;BR-235;120,000;119,000;1,000;24/08/2023;-9,01635335;-47,8616711;52,500
TO;BR-235;119,000;118,000;1,000;24/08/2023;-9,01635335;-47,8616711;52,500
TO;BR-235;118,000;117,000;1,000;24/08/2023;-9,01635335;-47,8616711;60,000
TO;BR-235;117,000;116,000;1,000;24/08/2023;-9,01635335;-47,8616711;52,500
TO;BR-235;116,000;115,000;1,000;24/08/2023;-9,01635335;-47,8616711;52,500
TO;BR-235;115,000;114,000;1,000;24/08/2023;-9,01635335;-47,8616711;52,500
TO;BR-235;114,000;113,000;1,000;24/08/2023;-9,01635335;-47,8616711;52,500
TO;BR-235;113,000;112,000;1,000;24/08/2023;-9,01635335;-47,8616711;52,500
TO;BR-235;112,000;111,000;1,000;24/08/2023;-9,01635335;-47,8616711;52,500
TO;BR-235;111,000;110,000;1,000;24/08/2023;-9,01635335;-47,8616711;52,500
TO;BR-235;110,000;109,000;1,000;24/08/2023;-9,01635335;-47,8616711;52,500
TO;BR-235;109,000;108,000;1,000;24/08/2023;-9,01635335;-47,8616711;52,500
TO;BR-235;108,000;107,000;1,000;24/08/2023;-9,01635335;-47,8616711;52,500
TO;BR-235;107,000;106,000;1,000;24/08/2023;-9,01635335;-47,8616711;52,500
TO;BR-235;106,000;105,000;1,000;24/08/2023;-9,01635335;-47,8616711;52,500
TO;BR-235;105,000;104,000;1,000;24/08/2023;-9,01635335;-47,8616711;52,500
TO;BR-235;104,000;103,000;1,000;24/08/2023;-9,01635335;-47,8616711;52,500
TO;BR-235;103,000;102,000;1,000;24/08/2023;-9,01635335;-47,8616711;52,500
TO;BR-235;102,000;101,000;1,000;24/08/2023;-9,01635335;-47,8616711;52,500
TO;BR-235;101,000;100,000;1,000;24/08/2023;-9,01635335;-47,8616711;50,000
TO;BR-235;100,000;99,000;1,000;24/08/2023;-9,09520877;-47,656164;50,000
TO;BR-235;99,000;98,000;1,000;24/08/2023;-9,09659287;-47,649257;50,000
TO;BR-235;98,000;97,000;1,000;24/08/2023;-9,09682023;-47,6481599;50,000
TO;BR-235;97,000;96,000;1,000;24/08/2023;-9,09701298;-47,6472364;50,000
TO;BR-235;96,000;95,000;1,000;24/08/2023;-9,09701298;-47,6472364;50,000
TO;BR-235;95,000;94,000;1,000;24/08/2023;-9,09769932;-47,64392;52,500
TO;BR-235;94,000;93,000;1,000;24/08/2023;-9,09769932;-47,64392;52,500
TO;BR-235;93,000;92,000;1,000;24/08/2023;-9,09769932;-47,64392;52,500
TO;BR-235;92,000;91,000;1,000;24/08/2023;-9,09769932;-47,64392;52,500
TO;BR-235;91,000;90,000;1,000;24/08/2023;-9,09769932;-47,64392;52,500
TO;BR-235;90,000;89,000;1,000;24/08/2023;-9,09769932;-47,64392;52,500
TO;BR-235;89,000;88,000;1,000;24/08/2023;-9,09769932;-47,64392;52,500
TO;BR-235;88,000;87,000;1,000;24/08/2023;-9,09769932;-47,64392;52,500
TO;BR-235;87,000;86,000;1,000;24/08/2023;-9,09769932;-47,64392;52,500
TO;BR-235;86,000;85,000;1,000;24/08/2023;-9,09769932;-47,64392;52,500
TO;BR-235;85,000;84,000;1,000;24/08/2023;-9,09769932;-47,64392;52,500
MG;BR-367;64,300;64,000;0,300;16/08/2023;0;0;55,000
MG;BR-367;64,000;63,000;1,000;16/08/2023;0;0;55,000
MG;BR-367;63,000;62,000;1,000;16/08/2023;0;0;55,000
MG;BR-367;62,000;61,000;1,000;16/08/2023;0;0;55,000
MG;BR-367;61,000;60,000;1,000;16/08/2023;0;0;55,000
MG;BR-367;60,000;59,000;1,000;16/08/2023;0;0;67,500
MG;BR-367;59,000;58,000;1,000;16/08/2023;0;0;40,000
MG;BR-367;58,000;57,000;1,000;16/08/2023;0;0;67,500
MG;BR-367;57,000;56,000;1,000;16/08/2023;0;0;55,000
MG;BR-367;56,000;55,000;1,000;16/08/2023;0;0;55,000
MG;BR-367;55,000;54,000;1,000;16/08/2023;0;0;83,750
MG;BR-367;54,000;53,000;1,000;16/08/2023;0;0;83,750
MG;BR-367;53,000;52,000;1,000;16/08/2023;0;0;22,500
MG;BR-367;52,000;51,600;0,400;16/08/2023;0;0;22,500
MG;BR-367;51,600;51,000;0,600;16/08/2023;0;0;87,500
MG;BR-367;51,000;50,000;1,000;16/08/2023;0;0;83,750
MG;BR-367;50,000;49,000;1,000;16/08/2023;0;0;83,750
MG;BR-367;49,000;48,000;1,000;16/08/2023;0;0;83,750
MG;BR-367;48,000;47,000;1,000;16/08/2023;0;0;83,750
MG;BR-367;47,000;46,000;1,000;16/08/2023;0;0;83,750
MG;BR-367;46,000;45,000;1,000;16/08/2023;0;0;83,750
MG;BR-367;45,000;44,000;1,000;16/08/2023;0;0;57,500
MG;BR-367;44,000;43,000;1,000;16/08/2023;0;0;80,000
MG;BR-367;43,000;42,000;1,000;16/08/2023;0;0;80,000
MG;BR-367;42,000;41,000;1,000;16/08/2023;0;0;80,000
MG;BR-367;41,000;40,000;1,000;16/08/2023;0;0;80,000
MG;BR-367;40,000;39,000;1,000;16/08/2023;0;0;83,750
MG;BR-367;39,000;38,000;1,000;16/08/2023;0;0;58,750
MG;BR-367;38,000;37,000;1,000;16/08/2023;0;0;56,250
MG;BR-367;37,000;36,000;1,000;16/08/2023;0;0;83,750
MG;BR-367;36,000;35,000;1,000;16/08/2023;0;0;86,250
MG;BR-367;35,000;34,000;1,000;16/08/2023;0;0;80,000
MG;BR-367;34,000;33,000;1,000;16/08/2023;0;0;58,750
MG;BR-367;33,000;32,000;1,000;16/08/2023;0;0;80,000
MG;BR-367;32,000;31,000;1,000;16/08/2023;0;0;67,500
MG;BR-367;31,000;30,000;1,000;16/08/2023;0;0;80,000
MG;BR-367;30,000;29,000;1,000;16/08/2023;0;0;67,500
MG;BR-367;29,000;28,000;1,000;16/08/2023;0;0;67,500
MG;BR-367;28,000;27,000;1,000;16/08/2023;0;0;80,000
MG;BR-367;27,000;26,000;1,000;16/08/2023;0;0;65,000
MG;BR-367;26,000;25,000;1,000;16/08/2023;0;0;65,000
MG;BR-367;25,000;24,000;1,000;16/08/2023;0;0;80,000
MG;BR-367;24,000;23,000;1,000;16/08/2023;0;0;83,750
MG;BR-367;23,000;22,000;1,000;16/08/2023;0;0;87,500
MG;BR-367;22,000;21,000;1,000;16/08/2023;0;0;63,750
MG;BR-367;21,000;20,000;1,000;16/08/2023;0;0;62,500
MG;BR-367;20,000;19,000;1,000;16/08/2023;0;0;76,250
MG;BR-367;19,000;18,000;1,000;16/08/2023;0;0;83,750
MG;BR-367;18,000;17,000;1,000;16/08/2023;0;0;83,750
MG;BR-367;17,000;16,000;1,000;16/08/2023;0;0;83,750
MG;BR-367;16,000;15,000;1,000;16/08/2023;0;0;83,750
MG;BR-367;15,000;14,000;1,000;16/08/2023;0;0;83,750
MG;BR-367;14,000;13,000;1,000;16/08/2023;0;0;68,750
MG;BR-367;13,000;12,000;1,000;16/08/2023;0;0;52,500
MG;BR-367;12,000;11,000;1,000;16/08/2023;0;0;80,000
MG;BR-367;11,000;10,000;1,000;16/08/2023;0;0;80,000
MG;BR-367;10,000;9,000;1,000;16/08/2023;0;0;65,000
MG;BR-367;9,000;8,000;1,000;16/08/2023;0;0;86,250
MG;BR-367;8,000;7,000;1,000;16/08/2023;0;0;86,250
MG;BR-367;7,000;6,000;1,000;16/08/2023;0;0;86,250
MG;BR-367;6,000;5,000;1,000;16/08/2023;0;0;83,750
MG;BR-367;5,000;4,000;1,000;16/08/2023;0;0;56,250
MG;BR-367;4,000;3,000;1,000;16/08/2023;0;0;80,000
MG;BR-367;3,000;2,000;1,000;16/08/2023;0;0;83,750
MG;BR-367;2,000;1,000;1,000;16/08/2023;0;0;0,000
MG;BR-367;1,000;0,000;1,000;16/08/2023;0;0;0,000
MT;BR-242;0,000;1,000;1,000;28/08/2023;-11,5760816;-51,0460766;0,000
MT;BR-242;1,000;2,000;1,000;28/08/2023;-11,5760816;-51,0460766;0,000
MT;BR-242;2,000;3,000;1,000;28/08/2023;-11,5760816;-51,0460766;0,000
MT;BR-242;3,000;4,000;1,000;28/08/2023;-11,5760816;-51,0460766;0,000
MT;BR-242;4,000;5,000;1,000;28/08/2023;-11,5760816;-51,0460766;0,000
MT;BR-242;5,000;6,000;1,000;28/08/2023;-11,5760816;-51,0460766;60,000
MT;BR-242;6,000;7,000;1,000;28/08/2023;-11,5760816;-51,0460766;63,750
MT;BR-242;7,000;8,000;1,000;28/08/2023;-11,5760816;-51,0460766;46,250
MT;BR-242;8,000;9,000;1,000;28/08/2023;-11,5760816;-51,0460766;46,250
MT;BR-242;9,000;10,000;1,000;28/08/2023;-11,5760816;-51,0460766;50,000
MT;BR-242;10,000;11,000;1,000;28/08/2023;-11,5760816;-51,0460766;46,250
MT;BR-242;11,000;12,000;1,000;28/08/2023;-11,5760816;-51,0460766;53,750
MT;BR-242;12,000;13,000;1,000;28/08/2023;-11,5760816;-51,0460766;53,750
MT;BR-242;13,000;14,000;1,000;28/08/2023;-11,5760816;-51,0460766;53,750
MT;BR-242;14,000;15,000;1,000;28/08/2023;-11,5760816;-51,0460766;53,750
MT;BR-242;15,000;16,000;1,000;28/08/2023;-11,5760816;-51,0460766;53,750
MT;BR-242;16,000;17,000;1,000;28/08/2023;-11,5760816;-51,0460766;53,750
MT;BR-242;17,000;18,000;1,000;28/08/2023;-11,5760816;-51,0460766;53,750
MT;BR-242;18,000;19,000;1,000;28/08/2023;-11,5760816;-51,0460766;47,500
MT;BR-242;19,000;20,000;1,000;28/08/2023;-11,5760816;-51,0460766;46,250
MT;BR-242;20,000;21,000;1,000;28/08/2023;-11,5760816;-51,0460766;46,250
MT;BR-242;21,000;22,000;1,000;28/08/2023;-11,5760816;-51,0460766;46,250
MT;BR-242;22,000;23,000;1,000;28/08/2023;-11,5760816;-51,0460766;46,250
MT;BR-242;23,000;24,000;1,000;28/08/2023;-11,5760816;-51,0460766;43,750
MT;BR-242;24,000;25,000;1,000;28/08/2023;-11,5760816;-51,0460766;43,750
MT;BR-242;25,000;26,000;1,000;28/08/2023;-11,5760816;-51,0460766;46,250
MT;BR-242;26,000;27,000;1,000;28/08/2023;-11,5760816;-51,0460766;43,750
MT;BR-242;27,000;28,000;1,000;28/08/2023;-11,5760816;-51,0460766;46,250
MT;BR-242;28,000;29,000;1,000;28/08/2023;-11,5760816;-51,0460766;46,250
MT;BR-242;29,000;30,000;1,000;28/08/2023;-11,5760816;-51,0460766;46,250
MT;BR-242;30,000;31,000;1,000;28/08/2023;-11,5760816;-51,0460766;46,250
MT;BR-242;31,000;32,000;1,000;28/08/2023;-11,5760816;-51,0460766;58,750
MT;BR-242;32,000;33,000;1,000;28/08/2023;-11,5760816;-51,0460766;46,250
MT;BR-242;33,000;34,000;1,000;28/08/2023;-11,5760816;-51,0460766;46,250
MT;BR-242;34,000;35,000;1,000;28/08/2023;-11,5760816;-51,0460766;46,250
MT;BR-242;35,000;36,000;1,000;28/08/2023;-11,5760816;-51,0460766;46,250
MT;BR-242;36,000;37,000;1,000;28/08/2023;-11,5760816;-51,0460766;46,250
MT;BR-242;37,000;38,000;1,000;28/08/2023;-11,5760816;-51,0460766;46,250
MT;BR-242;38,000;39,000;1,000;28/08/2023;-11,5760816;-51,0460766;46,250
MT;BR-242;39,000;40,000;1,000;28/08/2023;-11,5760816;-51,0460766;48,750
MT;BR-242;40,000;41,000;1,000;28/08/2023;-11,5760816;-51,0460766;48,750
MT;BR-242;41,000;42,000;1,000;28/08/2023;-11,5760816;-51,0460766;48,750
MT;BR-242;42,000;43,000;1,000;28/08/2023;-11,5760816;-51,0460766;46,250
MT;BR-242;43,000;44,000;1,000;28/08/2023;-11,5760816;-51,0460766;46,250
MT;BR-242;44,000;45,000;1,000;28/08/2023;-11,5760816;-51,0460766;46,250
MT;BR-242;45,000;46,000;1,000;28/08/2023;-11,5760816;-51,0460766;46,250
MT;BR-242;46,000;47,000;1,000;28/08/2023;-11,5760816;-51,0460766;48,750
MT;BR-242;47,000;48,000;1,000;28/08/2023;-11,5760816;-51,0460766;46,250
MT;BR-242;48,000;49,000;1,000;28/08/2023;-11,5760816;-51,0460766;46,250
MT;BR-242;49,000;50,000;1,000;28/08/2023;-11,5760816;-51,0460766;46,250
MT;BR-242;50,000;51,000;1,000;28/08/2023;-11,5760816;-51,0460766;46,250
MT;BR-242;51,000;52,000;1,000;28/08/2023;-11,5760816;-51,0460766;46,250
MT;BR-242;52,000;53,000;1,000;28/08/2023;-11,5760816;-51,0460766;46,250
MT;BR-242;53,000;54,000;1,000;28/08/2023;-11,5760816;-51,0460766;46,250
MT;BR-242;54,000;55,000;1,000;28/08/2023;-11,5760816;-51,0460766;46,250
MT;BR-242;55,000;56,000;1,000;28/08/2023;-11,5760816;-51,0460766;46,250
MT;BR-242;56,000;57,000;1,000;28/08/2023;-11,5760816;-51,0460766;46,250
MT;BR-242;57,000;58,000;1,000;28/08/2023;-11,5760816;-51,0460766;46,250
MT;BR-242;58,000;59,000;1,000;28/08/2023;-11,5760816;-51,0460766;46,250
MT;BR-242;59,000;60,000;1,000;28/08/2023;-11,5760816;-51,0460766;53,750
MT;BR-242;60,000;61,000;1,000;28/08/2023;-11,5760816;-51,0460766;53,750
MT;BR-242;61,000;62,000;1,000;28/08/2023;-11,5760816;-51,0460766;50,000
MT;BR-242;62,000;63,000;1,000;28/08/2023;-11,5760816;-51,0460766;46,250
MT;BR-242;63,000;64,000;1,000;28/08/2023;-11,5760816;-51,0460766;53,750
MT;BR-242;64,000;65,000;1,000;28/08/2023;-11,5760816;-51,0460766;53,750
MT;BR-242;65,000;66,000;1,000;28/08/2023;-11,5760816;-51,0460766;53,750
MT;BR-242;66,000;67,000;1,000;28/08/2023;-11,5760816;-51,0460766;53,750
MT;BR-242;67,000;68,000;1,000;28/08/2023;-11,5760816;-51,0460766;61,250
MT;BR-242;68,000;69,000;1,000;28/08/2023;-11,5760816;-51,0460766;53,750
MT;BR-242;69,000;70,000;1,000;28/08/2023;-11,5760816;-51,0460766;53,750
MT;BR-242;70,000;71,000;1,000;28/08/2023;-11,5760816;-51,0460766;53,750
MT;BR-242;71,000;72,000;1,000;28/08/2023;-11,5760816;-51,0460766;53,750
MT;BR-242;72,000;73,000;1,000;28/08/2023;-11,5760816;-51,0460766;53,750
MT;BR-242;73,000;74,000;1,000;28/08/2023;-11,5760816;-51,0460766;53,750
MT;BR-242;74,000;75,000;1,000;28/08/2023;-11,5760816;-51,0460766;43,750
MT;BR-242;75,000;76,000;1,000;28/08/2023;-11,5760816;-51,0460766;53,750
MT;BR-242;76,000;77,000;1,000;28/08/2023;-11,5760816;-51,0460766;46,250
MT;BR-242;77,000;78,000;1,000;28/08/2023;-11,5760816;-51,0460766;46,250
MT;BR-242;78,000;79,000;1,000;28/08/2023;-11,5760816;-51,0460766;53,750
MT;BR-242;79,000;80,000;1,000;28/08/2023;-11,5760816;-51,0460766;47,500
MT;BR-242;80,000;81,000;1,000;28/08/2023;-11,5760816;-51,0460766;55,000
MT;BR-242;81,000;82,000;1,000;28/08/2023;-11,5760816;-51,0460766;53,750
MT;BR-242;82,000;83,000;1,000;28/08/2023;-11,5760816;-51,0460766;46,250
MT;BR-242;83,000;84,000;1,000;28/08/2023;-11,5760816;-51,0460766;46,250
MT;BR-242;84,000;85,000;1,000;28/08/2023;-11,5760816;-51,0460766;46,250
MT;BR-242;85,000;86,000;1,000;28/08/2023;-11,5760816;-51,0460766;53,750
MT;BR-242;86,000;87,000;1,000;28/08/2023;-11,5760816;-51,0460766;53,750
MT;BR-242;87,000;88,000;1,000;28/08/2023;-11,5760816;-51,0460766;53,750
MT;BR-242;88,000;89,000;1,000;28/08/2023;-11,5760816;-51,0460766;53,750
MT;BR-242;89,000;90,000;1,000;28/08/2023;-11,6723591;-51,3770579;55,000
MT;BR-242;90,000;91,000;1,000;28/08/2023;-11,6722132;-51,377732;56,250
MT;BR-242;91,000;92,000;1,000;28/08/2023;-11,6728475;-51,3846118;53,750
MT;BR-242;92,000;93,000;1,000;28/08/2023;-11,6728475;-51,3846118;56,250
MT;BR-242;93,000;94,000;1,000;28/08/2023;-11,6728475;-51,3846118;56,250
MT;BR-242;94,000;95,000;1,000;28/08/2023;-11,6728475;-51,3846118;56,250
MT;BR-242;95,000;96,000;1,000;28/08/2023;-11,6728475;-51,3846118;57,500
MT;BR-242;96,000;97,000;1,000;28/08/2023;-11,6728475;-51,3846118;50,000
MT;BR-242;97,000;98,000;1,000;28/08/2023;-11,6728475;-51,3846118;48,750
MT;BR-242;98,000;99,000;1,000;28/08/2023;-11,6728475;-51,3846118;48,750
MT;BR-242;99,000;100,000;1,000;28/08/2023;-11,6728475;-51,3846118;56,250
MT;BR-242;100,000;101,000;1,000;28/08/2023;-11,6728475;-51,3846118;56,250
MT;BR-242;101,000;102,000;1,000;28/08/2023;-11,6728475;-51,3846118;56,250
MT;BR-242;102,000;103,000;1,000;28/08/2023;-11,6728475;-51,3846118;56,250
MT;BR-242;103,000;104,000;1,000;28/08/2023;-11,6728475;-51,3846118;56,250
MT;BR-242;104,000;105,000;1,000;28/08/2023;-11,6728475;-51,3846118;56,250
MT;BR-242;105,000;106,000;1,000;28/08/2023;-11,6728475;-51,3846118;56,250
MT;BR-242;106,000;107,000;1,000;28/08/2023;-11,6728475;-51,3846118;56,250
MT;BR-242;107,000;108,000;1,000;28/08/2023;-11,6728475;-51,3846118;56,250
MT;BR-242;108,000;109,000;1,000;28/08/2023;-11,6728475;-51,3846118;56,250
MT;BR-242;109,000;110,000;1,000;28/08/2023;-11,6728475;-51,3846118;56,250
MT;BR-242;110,000;111,000;1,000;28/08/2023;-11,6728475;-51,3846118;56,250
MT;BR-242;111,000;112,000;1,000;28/08/2023;-11,6728475;-51,3846118;57,500
MT;BR-242;112,000;113,000;1,000;28/08/2023;-11,6728475;-51,3846118;56,250
MT;BR-242;113,000;114,000;1,000;28/08/2023;-11,6728475;-51,3846118;56,250
MT;BR-242;114,000;115,000;1,000;28/08/2023;-11,6728475;-51,3846118;56,250
MT;BR-242;115,000;116,000;1,000;28/08/2023;-11,6728475;-51,3846118;56,250
MT;BR-242;116,000;117,000;1,000;28/08/2023;-11,6728475;-51,3846118;56,250
MT;BR-242;117,000;118,000;1,000;28/08/2023;-11,6728475;-51,3846118;56,250
MT;BR-242;118,000;119,000;1,000;28/08/2023;-11,6728475;-51,3846118;56,250
AP;BR-210;193,000;194,000;1,000;28/08/2023;0,62258057;-51,6854807;5,000
AP;BR-210;194,000;195,000;1,000;28/08/2023;0,62258057;-51,6854807;5,000
AP;BR-210;195,000;196,000;1,000;28/08/2023;0,62258057;-51,6854807;5,000
AP;BR-210;196,000;197,000;1,000;28/08/2023;0,62258057;-51,6854807;5,000
AP;BR-210;197,000;198,000;1,000;28/08/2023;0,62258057;-51,6854807;5,000
AP;BR-210;198,000;199,000;1,000;28/08/2023;0,62258057;-51,6854807;5,000
AP;BR-210;199,000;200,000;1,000;28/08/2023;0,62258057;-51,6854807;5,000
AP;BR-210;200,000;201,000;1,000;28/08/2023;0,62258057;-51,6854807;5,000
AP;BR-210;201,000;202,000;1,000;28/08/2023;0,62258057;-51,6854807;5,000
AP;BR-210;202,000;203,000;1,000;28/08/2023;0,62258057;-51,6854807;5,000
AP;BR-210;203,000;204,000;1,000;28/08/2023;0,62258057;-51,6854807;5,000
AP;BR-210;204,000;205,000;1,000;28/08/2023;0,62258057;-51,6854807;5,000
AP;BR-210;205,000;206,000;1,000;28/08/2023;0,62258057;-51,6854807;5,000
AP;BR-210;206,000;207,000;1,000;28/08/2023;0,62258057;-51,6854807;5,000
AP;BR-210;207,000;208,000;1,000;28/08/2023;0,62258057;-51,6854807;5,000
AP;BR-210;208,000;209,000;1,000;28/08/2023;0,62258057;-51,6854807;5,000
AP;BR-210;209,000;210,000;1,000;28/08/2023;0,62258057;-51,6854807;5,000
AP;BR-210;210,000;211,000;1,000;28/08/2023;0,62258057;-51,6854807;5,000
AP;BR-210;211,000;212,000;1,000;28/08/2023;0,62258057;-51,6854807;5,000
AP;BR-210;212,000;213,000;1,000;28/08/2023;0,62258057;-51,6854807;5,000
AP;BR-210;213,000;214,000;1,000;28/08/2023;0,62258057;-51,6854807;5,000
AP;BR-210;214,000;215,000;1,000;28/08/2023;0,62258057;-51,6854807;5,000
AP;BR-210;215,000;216,000;1,000;28/08/2023;0,62258057;-51,6854807;5,000
AP;BR-210;216,000;217,000;1,000;28/08/2023;0,62258057;-51,6854807;5,000
AP;BR-210;217,000;218,000;1,000;28/08/2023;0,62258057;-51,6854807;5,000
AP;BR-210;218,000;219,000;1,000;28/08/2023;0,62258057;-51,6854807;5,000
AP;BR-210;219,000;220,000;1,000;28/08/2023;0,62258057;-51,6854807;5,000
AP;BR-210;220,000;221,000;1,000;28/08/2023;0,62258057;-51,6854807;5,000
AP;BR-210;221,000;222,000;1,000;28/08/2023;0,62258057;-51,6854807;5,000
AP;BR-210;222,000;223,000;1,000;28/08/2023;0,62258057;-51,6854807;5,000
AP;BR-210;223,000;224,000;1,000;28/08/2023;0,62258057;-51,6854807;5,000
AP;BR-210;224,000;225,000;1,000;28/08/2023;0,62258057;-51,6854807;5,000
AP;BR-210;225,000;226,000;1,000;28/08/2023;0,62258057;-51,6854807;5,000
AP;BR-210;226,000;227,000;1,000;28/08/2023;0,62258057;-51,6854807;5,000
AP;BR-210;227,000;228,000;1,000;28/08/2023;0,62258057;-51,6854807;5,000
AP;BR-210;228,000;229,000;1,000;28/08/2023;0,62258057;-51,6854807;5,000
AP;BR-210;229,000;230,000;1,000;28/08/2023;0,1205977;-51,1316164;5,000
AP;BR-210;230,000;231,000;1,000;28/08/2023;0,1205977;-51,1316164;5,000
AP;BR-210;231,000;232,000;1,000;28/08/2023;0,1205977;-51,1316164;5,000
AP;BR-210;232,000;233,000;1,000;28/08/2023;0,1205977;-51,1316164;5,000
AP;BR-210;233,000;234,000;1,000;28/08/2023;0,1205977;-51,1316164;5,000
AP;BR-210;234,000;235,000;1,000;28/08/2023;0,1205977;-51,1316164;5,000
AP;BR-210;235,000;236,000;1,000;28/08/2023;0,1205977;-51,1316164;5,000
AP;BR-210;236,000;237,000;1,000;28/08/2023;0,1205977;-51,1316164;5,000
AP;BR-210;237,000;238,000;1,000;28/08/2023;0,1205977;-51,1316164;5,000
AP;BR-210;238,000;239,000;1,000;28/08/2023;0,1205977;-51,1316164;5,000
AP;BR-210;239,000;240,000;1,000;28/08/2023;0,1205977;-51,1316164;5,000
AP;BR-210;240,000;241,000;1,000;28/08/2023;0,1205977;-51,1316164;3,750
AP;BR-210;241,000;242,000;1,000;28/08/2023;0,1205977;-51,1316164;5,000
AP;BR-210;242,000;243,000;1,000;28/08/2023;0,1205977;-51,1316164;5,000
AP;BR-210;243,000;244,000;1,000;28/08/2023;0,1205977;-51,1316164;5,000
AP;BR-210;244,000;245,000;1,000;28/08/2023;0,1205977;-51,1316164;5,000
AP;BR-210;245,000;246,000;1,000;28/08/2023;0,1205977;-51,1316164;5,000
AP;BR-210;246,000;247,000;1,000;28/08/2023;0,1205977;-51,1316164;5,000
AP;BR-210;247,000;248,000;1,000;28/08/2023;0,1205977;-51,1316164;5,000
AP;BR-210;248,000;249,000;1,000;28/08/2023;0,1205977;-51,1316164;5,000
AP;BR-210;249,000;250,000;1,000;28/08/2023;-0,3308416;-51,9541377;5,000
AP;BR-210;250,000;251,000;1,000;28/08/2023;-0,3308416;-51,9541377;5,000
AP;BR-210;251,000;252,000;1,000;28/08/2023;-0,3308416;-51,9541377;5,000
AP;BR-210;252,000;253,000;1,000;28/08/2023;1,10384544;-52,4244775;5,000
AP;BR-210;253,000;254,000;1,000;28/08/2023;1,10384544;-52,4244775;5,000
AP;BR-210;254,000;255,000;1,000;28/08/2023;1,10384544;-52,4244775;5,000
AP;BR-210;255,000;256,000;1,000;28/08/2023;1,10384544;-52,4244775;5,000
AP;BR-210;256,000;257,000;1,000;28/08/2023;1,10384544;-52,4244775;35,000
AP;BR-210;257,000;258,000;1,000;28/08/2023;1,10384544;-52,4244775;46,250
AP;BR-210;258,000;259,000;1,000;28/08/2023;1,10384544;-52,4244775;46,250
AP;BR-210;259,000;260,000;1,000;28/08/2023;1,10384544;-52,4244775;35,000
AP;BR-210;260,000;261,000;1,000;28/08/2023;1,10384544;-52,4244775;35,000
AP;BR-210;261,000;262,000;1,000;28/08/2023;1,10384544;-52,4244775;47,500
AP;BR-210;262,000;263,000;1,000;28/08/2023;1,10384544;-52,4244775;27,500
AP;BR-210;263,000;264,000;1,000;28/08/2023;1,10384544;-52,4244775;35,000
AP;BR-210;264,000;265,000;1,000;28/08/2023;1,10384544;-52,4244775;47,500
AP;BR-210;265,000;266,000;1,000;28/08/2023;1,10384544;-52,4244775;31,250
AP;BR-210;266,000;267,000;1,000;28/08/2023;1,10384544;-52,4244775;38,750
AP;BR-210;267,000;268,000;1,000;28/08/2023;1,10384544;-52,4244775;27,500
AP;BR-210;268,000;269,000;1,000;28/08/2023;1,10384544;-52,4244775;27,500
AP;BR-210;269,000;270,000;1,000;28/08/2023;1,10384544;-52,4244775;27,500
AP;BR-210;270,000;271,000;1,000;28/08/2023;1,10384544;-52,4244775;41,250
AP;BR-210;271,000;272,000;1,000;28/08/2023;1,10384544;-52,4244775;40,000
AP;BR-210;272,000;273,000;1,000;28/08/2023;1,10384544;-52,4244775;38,750
AP;BR-210;273,000;274,000;1,000;28/08/2023;1,10384544;-52,4244775;38,750
AP;BR-210;274,000;275,000;1,000;28/08/2023;1,10384544;-52,4244775;27,500
AP;BR-210;275,000;276,000;1,000;28/08/2023;1,10384544;-52,4244775;27,500
AP;BR-210;276,000;277,000;1,000;28/08/2023;1,10384544;-52,4244775;51,250
AP;BR-210;277,000;278,000;1,000;28/08/2023;1,10384544;-52,4244775;26,250
AP;BR-210;278,000;279,000;1,000;28/08/2023;1,10384544;-52,4244775;40,000
AP;BR-210;279,000;280,000;1,000;28/08/2023;1,10384544;-52,4244775;38,750
AP;BR-210;280,000;281,000;1,000;28/08/2023;1,10384544;-52,4244775;26,250
AP;BR-210;281,000;282,000;1,000;28/08/2023;1,10384544;-52,4244775;47,500
AP;BR-210;282,000;283,000;1,000;28/08/2023;1,10384544;-52,4244775;35,000
AP;BR-210;283,000;284,000;1,000;28/08/2023;1,10384544;-52,4244775;42,500
AP;BR-210;284,000;285,000;1,000;28/08/2023;1,10384544;-52,4244775;47,500
AP;BR-210;285,000;286,000;1,000;28/08/2023;1,10384544;-52,4244775;45,000
AP;BR-210;286,000;287,000;1,000;28/08/2023;1,10384544;-52,4244775;45,000
AP;BR-210;287,000;288,000;1,000;28/08/2023;1,10384544;-52,4244775;46,250
AP;BR-210;288,000;289,000;1,000;28/08/2023;1,10384544;-52,4244775;47,500
AP;BR-210;289,000;290,000;1,000;28/08/2023;1,10384544;-52,4244775;47,500
AP;BR-210;290,000;291,000;1,000;28/08/2023;1,10384544;-52,4244775;46,250
AP;BR-210;291,000;292,000;1,000;28/08/2023;1,10384544;-52,4244775;35,000
AP;BR-210;292,000;293,000;1,000;28/08/2023;1,10384544;-52,4244775;40,000
AP;BR-210;293,000;294,000;1,000;28/08/2023;1,10384544;-52,4244775;27,500
AP;BR-210;294,000;295,000;1,000;28/08/2023;1,10384544;-52,4244775;27,500
AP;BR-210;295,000;296,000;1,000;28/08/2023;1,10384544;-52,4244775;27,500
AP;BR-210;296,000;297,000;1,000;28/08/2023;1,10384544;-52,4244775;27,500
AP;BR-210;297,000;298,000;1,000;28/08/2023;1,10384544;-52,4244775;27,500
AP;BR-210;298,000;299,000;1,000;28/08/2023;1,10384544;-52,4244775;27,500
AP;BR-210;299,000;300,000;1,000;28/08/2023;1,10384544;-52,4244775;40,000
AP;BR-210;300,000;301,000;1,000;28/08/2023;1,10384544;-52,4244775;46,250
AP;BR-210;301,000;302,000;1,000;28/08/2023;1,10384544;-52,4244775;26,250
AP;BR-210;302,000;303,000;1,000;28/08/2023;1,10384544;-52,4244775;26,250
AP;BR-210;303,000;304,000;1,000;28/08/2023;1,10384544;-52,4244775;27,500
AP;BR-210;304,000;305,200;1,200;28/08/2023;1,10384544;-52,4244775;27,500
RS;BR-153;121,500;120,000;1,500;29/08/2023;-28,2227651;-52,468126;30,000
RS;BR-153;120,000;119,000;1,000;29/08/2023;-28,2219203;-52,4620359;25,000
RS;BR-153;119,000;118,000;1,000;29/08/2023;-28,212037;-52,4538682;33,750
RS;BR-153;118,000;117,000;1,000;29/08/2023;-28,2227583;-52,4627022;33,750
RS;BR-153;117,000;116,000;1,000;29/08/2023;-28,2227583;-52,4627022;47,500
RS;BR-153;116,000;115,000;1,000;29/08/2023;-28,2452307;-52,3974393;25,000
RS;BR-153;115,000;114,000;1,000;29/08/2023;-28,2317337;-52,439054;25,000
RS;BR-153;114,000;113,000;1,000;29/08/2023;-28,2317337;-52,439054;40,000
RS;BR-153;113,000;112,000;1,000;29/08/2023;-28,2317337;-52,439054;48,750
RS;BR-153;112,000;111,000;1,000;29/08/2023;-28,2219203;-52,4620359;56,250
RS;BR-153;111,000;110,000;1,000;29/08/2023;-28,1799313;-52,3272498;32,500
RS;BR-153;110,000;109,000;1,000;29/08/2023;-28,1781404;-52,32459;25,000
RS;BR-153;109,000;108,000;1,000;29/08/2023;-28,1781404;-52,32459;40,000
RS;BR-153;108,000;107,000;1,000;29/08/2023;-28,1230411;-52,3026503;0,000
RS;BR-153;107,000;106,000;1,000;29/08/2023;-28,2265562;-52,3199355;12,500
RS;BR-153;106,000;105,000;1,000;29/08/2023;-28,2265562;-52,3199355;7,500
RS;BR-153;105,000;104,000;1,000;29/08/2023;-28,154249;-52,3036474;15,000
RS;BR-153;104,000;103,000;1,000;29/08/2023;-28,154249;-52,3036474;43,750
RS;BR-153;103,000;102,000;1,000;29/08/2023;-28,154249;-52,3036474;37,500
RS;BR-153;102,000;101,000;1,000;29/08/2023;-28,154249;-52,3036474;0,000
RS;BR-153;101,000;100,000;1,000;29/08/2023;-28,154249;-52,3036474;2,500
RS;BR-153;100,000;99,000;1,000;29/08/2023;-28,154249;-52,3036474;2,500
RS;BR-153;99,000;98,000;1,000;29/08/2023;-28,154249;-52,3036474;12,500
RS;BR-153;98,000;97,000;1,000;29/08/2023;-28,154249;-52,3036474;0,000
RS;BR-153;97,000;96,000;1,000;29/08/2023;-28,154249;-52,3036474;0,000
RS;BR-153;96,000;95,000;1,000;29/08/2023;-27,9488605;-52,3329023;0,000
RS;BR-153;95,000;94,000;1,000;29/08/2023;-27,9488605;-52,3329023;18,750
RS;BR-153;94,000;93,000;1,000;29/08/2023;-27,9488605;-52,3329023;25,000
RS;BR-153;93,000;92,000;1,000;29/08/2023;-27,9488605;-52,3329023;0,000
RS;BR-153;92,000;91,000;1,000;29/08/2023;-28,0276967;-52,2817143;12,500
RS;BR-153;91,000;90,000;1,000;29/08/2023;-28,0276967;-52,2817143;27,500
RS;BR-153;90,000;89,000;1,000;29/08/2023;-27,9488605;-52,3329023;18,750
RS;BR-153;89,000;88,000;1,000;29/08/2023;-27,9488605;-52,3329023;40,000
RS;BR-153;88,000;87,000;1,000;29/08/2023;-27,9488605;-52,3329023;52,500
RS;BR-153;87,000;86,000;1,000;29/08/2023;-27,9488605;-52,3329023;30,000
RS;BR-153;86,000;85,000;1,000;29/08/2023;-27,9488605;-52,3329023;0,000
RS;BR-153;85,000;84,000;1,000;29/08/2023;-27,9254338;-52,3006561;47,500
RS;BR-153;84,000;83,000;1,000;29/08/2023;-27,9254338;-52,3006561;25,000
RS;BR-153;83,000;82,000;1,000;29/08/2023;-27,9488605;-52,3329023;25,000
RS;BR-153;82,000;81,000;1,000;29/08/2023;-27,8604162;-52,3092979;38,750
RS;BR-153;81,000;80,000;1,000;29/08/2023;-27,8604162;-52,3092979;37,500
RS;BR-153;80,000;79,000;1,000;29/08/2023;-27,8604162;-52,3092979;40,000
RS;BR-153;79,000;78,000;1,000;29/08/2023;-27,8929093;-52,293677;20,000
RS;BR-153;78,000;77,000;1,000;29/08/2023;-27,8604162;-52,3092979;12,500
RS;BR-153;77,000;76,000;1,000;29/08/2023;-27,8911669;-52,2979973;27,500
RS;BR-153;76,000;75,000;1,000;29/08/2023;-27,8804724;-52,2860339;0,000
RS;BR-153;75,000;74,000;1,000;29/08/2023;-27,8804724;-52,2860339;28,750
RS;BR-153;74,000;73,000;1,000;29/08/2023;-27,8604162;-52,3092979;3,750
RS;BR-153;73,000;72,000;1,000;29/08/2023;-27,8929093;-52,293677;30,000
RS;BR-153;72,000;71,000;1,000;29/08/2023;-27,8929093;-52,293677;12,500
RS;BR-153;71,000;70,000;1,000;29/08/2023;-27,8473602;-52,3026503;20,000
RS;BR-153;70,000;69,000;1,000;29/08/2023;-27,8473602;-52,3026503;12,500
RS;BR-153;69,000;68,000;1,000;29/08/2023;-27,8473602;-52,3026503;0,000
RS;BR-153;68,000;67,000;1,000;29/08/2023;-27,8473602;-52,3026503;23,750
RS;BR-153;67,000;66,000;1,000;29/08/2023;-27,8473602;-52,3026503;37,500
RS;BR-153;66,000;65,000;1,000;29/08/2023;-27,8473602;-52,3026503;32,500
RS;BR-153;65,000;64,000;1,000;29/08/2023;-27,7438165;-52,2797207;25,000
RS;BR-153;64,000;63,000;1,000;29/08/2023;-27,7438165;-52,2797207;51,250
RS;BR-153;63,000;62,000;1,000;29/08/2023;-27,7438165;-52,2797207;5,000
RS;BR-153;62,000;61,000;1,000;29/08/2023;-27,7438165;-52,2797207;40,000
RS;BR-153;61,000;60,000;1,000;29/08/2023;-27,7438165;-52,2797207;61,250
RS;BR-153;60,000;59,000;1,000;29/08/2023;-27,7438165;-52,2797207;33,750
RS;BR-153;59,000;58,000;1,000;29/08/2023;-27,7438165;-52,2797207;36,250
RS;BR-153;58,000;57,000;1,000;29/08/2023;-27,738822;-52,2807175;27,500
RS;BR-153;57,000;56,000;1,000;29/08/2023;-27,7014911;-52,3097888;30,000
RS;BR-153;56,000;55,000;1,000;29/08/2023;-27,7002092;-52,3106276;47,500
RS;BR-153;55,000;54,000;1,000;29/08/2023;-27,7002092;-52,3106276;27,500
RS;BR-153;54,000;53,000;1,000;29/08/2023;-27,6844846;-52,2896892;55,000
MG;BR-474;95,100;96,000;0,900;23/08/2023;-19,8101078;-41,732183;82,500
MG;BR-474;96,000;97,000;1,000;23/08/2023;-19,8101078;-41,732183;81,250
MG;BR-474;97,000;98,000;1,000;23/08/2023;-19,8101078;-41,732183;78,750
MG;BR-474;98,000;98,600;0,600;23/08/2023;-19,8101078;-41,732183;81,250
MG;BR-474;110,500;111,000;0,500;23/08/2023;-19,8101078;-41,732183;80,000
MG;BR-474;111,000;112,000;1,000;23/08/2023;-19,6957941;-41,8325965;86,250
MG;BR-474;112,000;113,000;1,000;23/08/2023;-19,6957941;-41,8325965;76,250
MG;BR-474;113,000;114,000;1,000;23/08/2023;-19,6957941;-41,8325965;91,250
MG;BR-474;114,000;115,000;1,000;23/08/2023;-19,6957941;-41,8325965;78,750
MG;BR-474;115,000;116,000;1,000;23/08/2023;-19,6957941;-41,8325965;67,500
MG;BR-474;116,000;117,000;1,000;23/08/2023;-19,6957941;-41,8325965;76,250
MG;BR-474;117,000;118,000;1,000;23/08/2023;-19,6957941;-41,8325965;70,000
BA;BR-330;642,300;643,000;0,700;30/08/2023;-13,8535308;-40,1129051;0,000
BA;BR-330;643,000;644,000;1,000;30/08/2023;-13,852415;-40,1130753;0,000
BA;BR-330;644,000;645,000;1,000;30/08/2023;-13,8544711;-40,1116231;35,000
BA;BR-330;645,000;646,000;1,000;30/08/2023;-13,8525199;-40,113097;30,000
BA;BR-330;646,000;647,000;1,000;30/08/2023;-13,85343;-40,1129312;51,250
BA;BR-330;647,000;648,000;1,000;30/08/2023;-13,8532873;-40,1130134;51,250
BA;BR-330;648,000;649,000;1,000;30/08/2023;-13,8524107;-40,113078;51,250
BA;BR-330;649,000;650,000;1,000;30/08/2023;-13,8535423;-40,1129271;51,250
BA;BR-330;650,000;651,000;1,000;30/08/2023;-13,8534459;-40,1129901;50,000
BA;BR-330;651,000;652,000;1,000;30/08/2023;-13,853502;-40,1129377;51,250
BA;BR-330;652,000;653,000;1,000;30/08/2023;-13,8525325;-40,1131138;51,250
BA;BR-330;653,000;654,000;1,000;30/08/2023;-13,8533585;-40,1129413;65,000
BA;BR-330;654,000;655,000;1,000;30/08/2023;-13,8530718;-40,1129279;51,250
BA;BR-330;655,000;656,000;1,000;30/08/2023;-13,8532837;-40,1129786;51,250
BA;BR-330;656,000;657,000;1,000;30/08/2023;-13,8540954;-40,1134565;68,750
BA;BR-330;657,000;658,000;1,000;30/08/2023;-13,8526104;-40,1131812;51,250
BA;BR-330;658,000;659,000;1,000;30/08/2023;-13,85353;-40,1129094;68,750
BA;BR-330;659,000;660,000;1,000;30/08/2023;-13,8524119;-40,1130789;62,500
BA;BR-330;660,000;661,000;1,000;30/08/2023;-13,852966;-40,1130224;65,000
BA;BR-330;661,000;662,000;1,000;30/08/2023;-13,8524993;-40,1130838;65,000
BA;BR-330;662,000;663,000;1,000;30/08/2023;-13,8525169;-40,1130965;58,750
BA;BR-330;663,000;664,000;1,000;30/08/2023;-13,8544711;-40,1116231;68,750
BA;BR-330;664,000;665,000;1,000;30/08/2023;-13,852848;-40,1131895;65,000
BA;BR-330;665,000;666,000;1,000;30/08/2023;-13,8525169;-40,1130965;50,000
BA;BR-330;666,000;667,000;1,000;30/08/2023;-13,8524108;-40,1130796;51,250
BA;BR-330;667,000;668,000;1,000;30/08/2023;-13,8524849;-40,1130596;51,250
BA;BR-330;668,000;669,000;1,000;30/08/2023;-13,8536103;-40,113;51,250
BA;BR-330;669,000;670,000;1,000;30/08/2023;-13,8528997;-40,1130283;51,250
BA;BR-330;670,000;671,000;1,000;30/08/2023;-13,8534493;-40,1129687;51,250
BA;BR-330;671,000;672,000;1,000;30/08/2023;-13,8535344;-40,112908;2,500
BA;BR-330;672,000;673,000;1,000;30/08/2023;-13,8524761;-40,1130663;68,750
BA;BR-330;673,000;674,000;1,000;30/08/2023;-13,8524119;-40,1130789;68,750
BA;BR-330;674,000;675,000;1,000;30/08/2023;-13,8524562;-40,1130621;68,750
BA;BR-330;675,000;676,000;1,000;30/08/2023;-13,8524562;-40,1130621;68,750
BA;BR-330;676,000;677,000;1,000;30/08/2023;-13,8524537;-40,1132437;68,750
BA;BR-330;677,000;678,000;1,000;30/08/2023;-13,8533732;-40,1130084;68,750
BA;BR-330;678,000;679,000;1,000;30/08/2023;-13,8525044;-40,1130483;68,750
BA;BR-330;679,000;680,000;1,000;30/08/2023;-13,8524119;-40,1130789;68,750
BA;BR-330;680,000;681,000;1,000;30/08/2023;-13,8544711;-40,1116231;68,750
BA;BR-330;681,000;682,000;1,000;30/08/2023;-13,8524139;-40,1130771;68,750
BA;BR-330;682,000;683,000;1,000;30/08/2023;-13,8534116;-40,1130191;68,750
BA;BR-330;683,000;684,000;1,000;30/08/2023;-13,8528177;-40,1131017;68,750
BA;BR-330;684,000;685,000;1,000;30/08/2023;-13,8528177;-40,1131017;68,750
BA;BR-330;685,000;686,000;1,000;30/08/2023;-13,8534518;-40,1129477;68,750
BA;BR-330;686,000;687,000;1,000;30/08/2023;-13,8533911;-40,1130054;68,750
BA;BR-330;687,000;688,000;1,000;30/08/2023;-13,8524572;-40,1130551;68,750
BA;BR-330;688,000;689,000;1,000;30/08/2023;-13,8524622;-40,1130481;68,750
BA;BR-330;689,000;690,000;1,000;30/08/2023;-13,8534459;-40,1129901;68,750
BA;BR-330;690,000;691,000;1,000;30/08/2023;-13,8534301;-40,1130101;68,750
BA;BR-330;691,000;692,000;1,000;30/08/2023;-13,853431;-40,1129714;68,750
BA;BR-330;692,000;693,000;1,000;30/08/2023;-13,8535344;-40,112908;68,750
BA;BR-330;693,000;694,000;1,000;30/08/2023;-13,8535308;-40,1129076;50,000
AP;BR-156;268,280;267,000;1,280;14/08/2023;0,0868665;-51,0920822;0,000
AP;BR-156;267,000;266,000;1,000;14/08/2023;0,0868665;-51,0920822;12,500
AP;BR-156;266,000;265,000;1,000;14/08/2023;0,2377963;-51,1421575;11,250
AP;BR-156;265,000;264,000;1,000;14/08/2023;0,2377963;-51,1421575;27,500
AP;BR-156;264,000;263,000;1,000;14/08/2023;0,2377963;-51,1421575;26,250
AP;BR-156;263,000;262,000;1,000;14/08/2023;0,2288666;-51,1686993;26,250
AP;BR-156;262,000;260,860;1,140;14/08/2023;0,2288957;-51,168731;18,750
AP;BR-156;260,230;259,000;1,230;14/08/2023;0,2288957;-51,168731;60,000
AP;BR-156;259,000;258,000;1,000;14/08/2023;0,2288957;-51,168731;60,000
AP;BR-156;258,000;257,000;1,000;14/08/2023;0,2288957;-51,168731;62,500
AP;BR-156;257,000;256,000;1,000;14/08/2023;0,2288957;-51,168731;67,500
AP;BR-156;256,000;255,000;1,000;14/08/2023;0,2288957;-51,168731;62,500
AP;BR-156;255,000;254,000;1,000;14/08/2023;0,2288957;-51,168731;45,000
AP;BR-156;254,000;253,000;1,000;14/08/2023;0,2288957;-51,168731;45,000
AP;BR-156;253,000;252,000;1,000;14/08/2023;0,2288957;-51,168731;60,000
AP;BR-156;252,000;251,000;1,000;14/08/2023;0,2288957;-51,168731;45,000
AP;BR-156;251,000;250,000;1,000;14/08/2023;0,2288957;-51,168731;45,000
AP;BR-156;250,000;249,000;1,000;14/08/2023;0,2288957;-51,168731;41,250
AP;BR-156;249,000;248,000;1,000;14/08/2023;0,2288957;-51,168731;60,000
AP;BR-156;248,000;247,000;1,000;14/08/2023;0,2288957;-51,168731;41,250
AP;BR-156;247,000;246,000;1,000;14/08/2023;0,2288957;-51,168731;48,750
AP;BR-156;246,000;245,000;1,000;14/08/2023;0,2288957;-51,168731;48,750
AP;BR-156;245,000;244,000;1,000;14/08/2023;0,2288957;-51,168731;60,000
AP;BR-156;244,000;243,000;1,000;14/08/2023;0,2288957;-51,168731;73,750
AP;BR-156;243,000;242,000;1,000;14/08/2023;0,2288957;-51,168731;62,500
AP;BR-156;242,000;241,000;1,000;14/08/2023;0,2288957;-51,168731;63,750
AP;BR-156;241,000;240,000;1,000;14/08/2023;0,2288957;-51,168731;48,750
AP;BR-156;240,000;239,000;1,000;14/08/2023;0,2288957;-51,168731;45,000
AP;BR-156;239,000;238,000;1,000;14/08/2023;0,2288957;-51,168731;45,000
AP;BR-156;238,000;237,000;1,000;14/08/2023;0,2288957;-51,168731;60,000
AP;BR-156;237,000;235,500;1,500;14/08/2023;0,2288957;-51,168731;45,000
AP;BR-156;235,500;234,000;1,500;14/08/2023;0,2288957;-51,168731;50,000
AP;BR-156;234,000;233,000;1,000;14/08/2023;0,2288957;-51,168731;60,000
AP;BR-156;233,000;232,000;1,000;14/08/2023;0,2288957;-51,168731;67,500
AP;BR-156;232,000;231,000;1,000;14/08/2023;0,2288957;-51,168731;45,000
AP;BR-156;231,000;230,000;1,000;14/08/2023;0,2288957;-51,168731;45,000
AP;BR-156;230,000;229,000;1,000;14/08/2023;0,2288957;-51,168731;45,000
AP;BR-156;229,000;228,000;1,000;14/08/2023;0,2288957;-51,168731;60,000
AP;BR-156;228,000;227,000;1,000;14/08/2023;0,2288957;-51,168731;45,000
AP;BR-156;227,000;226,000;1,000;14/08/2023;0,2288957;-51,168731;47,500
AP;BR-156;226,000;225,000;1,000;14/08/2023;0,2288957;-51,168731;41,250
AP;BR-156;225,000;224,000;1,000;14/08/2023;0,2288957;-51,168731;35,000
AP;BR-156;224,000;223,000;1,000;14/08/2023;0,2288957;-51,168731;45,000
AP;BR-156;223,000;222,000;1,000;14/08/2023;0,2288957;-51,168731;41,250
AP;BR-156;222,000;221,000;1,000;14/08/2023;0,2288957;-51,168731;41,250
AP;BR-156;221,000;220,000;1,000;14/08/2023;0,2288957;-51,168731;47,500
AP;BR-156;220,000;219,000;1,000;14/08/2023;0,2288957;-51,168731;45,000
AP;BR-156;219,000;218,000;1,000;14/08/2023;0,2288957;-51,168731;45,000
AP;BR-156;218,000;217,000;1,000;14/08/2023;0,2288957;-51,168731;41,250
AP;BR-156;217,000;216,000;1,000;14/08/2023;0,2288957;-51,168731;45,000
AP;BR-156;216,000;215,000;1,000;14/08/2023;0,2288957;-51,168731;45,000
AP;BR-156;215,000;214,000;1,000;14/08/2023;0,2288957;-51,168731;41,250
AP;BR-156;214,000;213,000;1,000;14/08/2023;0,2288957;-51,168731;40,000
AP;BR-156;213,000;212,100;0,900;14/08/2023;0,2288957;-51,168731;28,750
AP;BR-156;212,100;211,000;1,100;14/08/2023;0,1512319;-51,5749122;28,750
AP;BR-156;211,000;210,000;1,000;14/08/2023;0,1513484;-51,5765594;23,750
AP;BR-156;210,000;209,000;1,000;14/08/2023;0,1513524;-51,5763943;26,250
AP;BR-156;209,000;208,000;1,000;14/08/2023;0,1513524;-51,5763943;11,250
AP;BR-156;208,000;207,000;1,000;14/08/2023;0,1513524;-51,5763943;11,250
AP;BR-156;207,000;206,000;1,000;14/08/2023;0,1513524;-51,5763943;31,250
AP;BR-156;206,000;205,000;1,000;14/08/2023;0,1513524;-51,5763943;32,500
AP;BR-156;205,000;204,000;1,000;14/08/2023;0,1513524;-51,5763943;38,750
AP;BR-156;204,000;203,000;1,000;14/08/2023;0,1513524;-51,5763943;38,750
AP;BR-156;203,000;202,000;1,000;14/08/2023;0,0991448;-51,6255737;37,500
AP;BR-156;202,000;201,000;1,000;14/08/2023;0,0991448;-51,6255737;28,750
AP;BR-156;201,000;200,000;1,000;14/08/2023;0,0991448;-51,6255737;45,000
AP;BR-156;200,000;199,000;1,000;14/08/2023;0,0991448;-51,6255737;45,000
AP;BR-156;199,000;198,000;1,000;14/08/2023;0,0991448;-51,6255737;67,500
AP;BR-156;198,000;197,000;1,000;14/08/2023;0,0991448;-51,6255737;45,000
AP;BR-156;197,000;196,000;1,000;14/08/2023;0,0991448;-51,6255737;38,750
AP;BR-156;196,000;195,000;1,000;14/08/2023;0,0991448;-51,6255737;28,750
AP;BR-156;195,000;194,000;1,000;14/08/2023;0,0991448;-51,6255737;35,000
AP;BR-156;194,000;193,000;1,000;14/08/2023;0,0991448;-51,6255737;28,750
AP;BR-156;193,000;192,600;0,400;14/08/2023;0,0991448;-51,6255737;16,250
AP;BR-156;192,600;191,000;1,600;14/08/2023;0,0991448;-51,6255737;47,500
AP;BR-156;191,000;190,000;1,000;14/08/2023;0,0991448;-51,6255737;60,000
AP;BR-156;190,000;189,000;1,000;14/08/2023;0,0991448;-51,6255737;48,750
AP;BR-156;189,000;188,000;1,000;14/08/2023;0,0991448;-51,6255737;45,000
AP;BR-156;188,000;187,000;1,000;14/08/2023;0,0991448;-51,6255737;3,750
AP;BR-156;187,000;186,000;1,000;14/08/2023;0,0991448;-51,6255737;11,250
AP;BR-156;186,000;185,000;1,000;14/08/2023;0,0991448;-51,6255737;11,250
AP;BR-156;185,000;184,000;1,000;14/08/2023;0,0991448;-51,6255737;3,750
AP;BR-156;184,000;183,000;1,000;14/08/2023;0,0991448;-51,6255737;3,750
AP;BR-156;183,000;182,000;1,000;14/08/2023;0,0991448;-51,6255737;30,000
AP;BR-156;182,000;181,000;1,000;14/08/2023;0,0991448;-51,6255737;2,500
AP;BR-156;181,000;180,000;1,000;14/08/2023;0,0991448;-51,6255737;2,500
AP;BR-156;180,000;179,000;1,000;14/08/2023;0,0991448;-51,6255737;3,750
AP;BR-156;179,000;178,000;1,000;14/08/2023;0,0991448;-51,6255737;3,750
AP;BR-156;178,000;177,000;1,000;14/08/2023;0,0991448;-51,6255737;3,750
AP;BR-156;177,000;176,000;1,000;14/08/2023;0,0991448;-51,6255737;11,250
AP;BR-156;176,000;175,000;1,000;14/08/2023;0,0991448;-51,6255737;3,750
AP;BR-156;175,000;174,000;1,000;14/08/2023;0,0991448;-51,6255737;3,750
AP;BR-156;174,000;173,000;1,000;14/08/2023;0,0991448;-51,6255737;3,750
AP;BR-156;173,000;172,000;1,000;14/08/2023;0,0991448;-51,6255737;2,500
AP;BR-156;172,000;171,000;1,000;14/08/2023;0,0991448;-51,6255737;2,500
AP;BR-156;171,000;170,000;1,000;14/08/2023;0,0991448;-51,6255737;2,500
AP;BR-156;170,000;169,000;1,000;14/08/2023;0,0991448;-51,6255737;2,500
AP;BR-156;169,000;168,000;1,000;14/08/2023;0,0991448;-51,6255737;2,500
AP;BR-156;168,000;167,000;1,000;14/08/2023;0,0991448;-51,6255737;2,500
AP;BR-156;167,000;166,000;1,000;14/08/2023;0,0991448;-51,6255737;2,500
AP;BR-156;166,000;165,000;1,000;14/08/2023;0,0991448;-51,6255737;2,500
AP;BR-156;165,000;164,280;0,720;14/08/2023;0,0991448;-51,6255737;2,500
AP;BR-156;164,280;163,000;1,280;14/08/2023;-0,1784116;-51,7357467;2,500
AP;BR-156;163,000;162,000;1,000;14/08/2023;-0,1785045;-51,7354185;2,500
AP;BR-156;162,000;161,000;1,000;14/08/2023;-0,1785045;-51,7354185;2,500
AP;BR-156;161,000;160,000;1,000;14/08/2023;-0,1785045;-51,7354185;2,500
AP;BR-156;160,000;159,000;1,000;14/08/2023;-0,1785045;-51,7354185;2,500
AP;BR-156;159,000;158,000;1,000;14/08/2023;-0,1785045;-51,7354185;2,500
AP;BR-156;158,000;157,000;1,000;14/08/2023;-0,1785045;-51,7354185;2,500
AP;BR-156;157,000;156,000;1,000;14/08/2023;-0,1785045;-51,7354185;2,500
AP;BR-156;156,000;155,000;1,000;14/08/2023;-0,1785045;-51,7354185;2,500
AP;BR-156;155,000;154,000;1,000;14/08/2023;-0,1785045;-51,7354185;2,500
AP;BR-156;154,000;153,000;1,000;14/08/2023;-0,1785045;-51,7354185;26,250
AP;BR-156;153,000;152,000;1,000;14/08/2023;-0,1785045;-51,7354185;35,000
AP;BR-156;152,000;151,000;1,000;14/08/2023;-0,1785045;-51,7354185;36,250
AP;BR-156;151,000;150,000;1,000;14/08/2023;-0,1785045;-51,7354185;36,250
AP;BR-156;150,000;149,000;1,000;14/08/2023;-0,1785045;-51,7354185;40,000
AP;BR-156;149,000;148,000;1,000;14/08/2023;-0,1785045;-51,7354185;40,000
AP;BR-156;148,000;147,000;1,000;14/08/2023;-0,1785045;-51,7354185;36,250
AP;BR-156;147,000;146,000;1,000;14/08/2023;-0,1785045;-51,7354185;40,000
AP;BR-156;146,000;145,000;1,000;14/08/2023;-0,1785045;-51,7354185;33,750
AP;BR-156;145,000;144,000;1,000;14/08/2023;-0,1785045;-51,7354185;36,250
AP;BR-156;144,000;143,000;1,000;14/08/2023;-0,1785045;-51,7354185;40,000
AP;BR-156;143,000;142,000;1,000;14/08/2023;-0,1785045;-51,7354185;47,500
AP;BR-156;142,000;141,000;1,000;14/08/2023;-0,1785045;-51,7354185;45,000
AP;BR-156;141,000;140,000;1,000;14/08/2023;-0,1785045;-51,7354185;60,000
AP;BR-156;140,000;139,000;1,000;14/08/2023;-0,1785045;-51,7354185;47,500
AP;BR-156;139,000;138,000;1,000;14/08/2023;-0,1785045;-51,7354185;45,000
AP;BR-156;138,000;137,000;1,000;14/08/2023;-0,1785045;-51,7354185;45,000
AP;BR-156;137,000;136,000;1,000;14/08/2023;-0,1785045;-51,7354185;62,500
AP;BR-156;136,000;135,000;1,000;14/08/2023;-0,1785045;-51,7354185;45,000
AP;BR-156;135,000;134,000;1,000;14/08/2023;-0,1785045;-51,7354185;47,500
AP;BR-156;134,000;133,000;1,000;14/08/2023;-0,1785045;-51,7354185;41,250
AP;BR-156;133,000;132,000;1,000;14/08/2023;-0,1785045;-51,7354185;45,000
AP;BR-156;132,000;131,000;1,000;14/08/2023;-0,1785045;-51,7354185;45,000
AP;BR-156;131,000;130,000;1,000;14/08/2023;-0,1785045;-51,7354185;41,250
AP;BR-156;130,000;129,000;1,000;14/08/2023;-0,1785045;-51,7354185;41,250
AP;BR-156;129,000;128,000;1,000;14/08/2023;-0,33084;-51,9541368;35,000
AP;BR-156;128,000;127,000;1,000;14/08/2023;-0,33084;-51,9541368;41,250
AP;BR-156;127,000;126,000;1,000;14/08/2023;-0,33084;-51,9541368;41,250
AP;BR-156;126,000;125,000;1,000;14/08/2023;-0,33084;-51,9541368;35,000
AP;BR-156;125,000;124,000;1,000;14/08/2023;-0,33084;-51,9541368;41,250
AP;BR-156;124,000;123,000;1,000;14/08/2023;-0,33084;-51,9541368;41,250
AP;BR-156;123,000;122,000;1,000;14/08/2023;-0,33084;-51,9541368;41,250
AP;BR-156;122,000;121,000;1,000;14/08/2023;-0,33084;-51,9541368;42,500
AP;BR-156;121,000;120,000;1,000;14/08/2023;-0,33084;-51,9541368;57,500
AP;BR-156;120,000;119,000;1,000;14/08/2023;-0,33084;-51,9541368;63,750
AP;BR-156;119,000;118,000;1,000;14/08/2023;-0,33084;-51,9541368;48,750
AP;BR-156;118,000;117,000;1,000;14/08/2023;-0,33084;-51,9541368;42,500
AP;BR-156;117,000;116,000;1,000;14/08/2023;-0,33084;-51,9541368;36,250
AP;BR-156;116,000;115,000;1,000;14/08/2023;-0,33084;-51,9541368;42,500
AP;BR-156;115,000;114,000;1,000;14/08/2023;-0,33084;-51,9541368;42,500
AP;BR-156;114,000;113,000;1,000;14/08/2023;-0,33084;-51,9541368;68,750
AP;BR-156;113,000;112,000;1,000;14/08/2023;-0,33084;-51,9541368;60,000
AP;BR-156;112,000;111,000;1,000;14/08/2023;-0,33084;-51,9541368;42,500
AP;BR-156;111,000;110,000;1,000;14/08/2023;-0,33084;-51,9541368;41,250
AP;BR-156;110,000;109,000;1,000;14/08/2023;-0,33084;-51,9541368;41,250
AP;BR-156;109,000;108,000;1,000;14/08/2023;-0,33084;-51,9541368;35,000
AP;BR-156;108,000;107,000;1,000;14/08/2023;-0,33084;-51,9541368;35,000
AP;BR-156;107,000;106,700;0,300;14/08/2023;-0,33084;-51,9541368;41,250
AP;BR-156;106,700;106,000;0,700;14/08/2023;-0,33084;-51,9541368;52,500
AP;BR-156;106,000;105,000;1,000;14/08/2023;-0,33084;-51,9541368;45,000
AP;BR-156;105,000;104,000;1,000;14/08/2023;-0,33084;-51,9541368;51,250
AP;BR-156;104,000;103,000;1,000;14/08/2023;-0,33084;-51,9541368;41,250
AP;BR-156;103,000;102,000;1,000;14/08/2023;-0,33084;-51,9541368;46,250
AP;BR-156;102,000;101,000;1,000;14/08/2023;-0,33084;-51,9541368;48,750
AP;BR-156;101,000;100,000;1,000;14/08/2023;-0,33084;-51,9541368;45,000
AP;BR-156;100,000;99,000;1,000;14/08/2023;-0,33084;-51,9541368;35,000
AP;BR-156;99,000;98,000;1,000;14/08/2023;-0,33084;-51,9541368;35,000
AP;BR-156;98,000;97,000;1,000;14/08/2023;-0,33084;-51,9541368;47,500
AP;BR-156;97,000;96,000;1,000;14/08/2023;-0,33084;-51,9541368;33,750
AP;BR-156;96,000;95,000;1,000;14/08/2023;-0,33084;-51,9541368;28,750
AP;BR-156;95,000;94,000;1,000;14/08/2023;-0,33084;-51,9541368;35,000
AP;BR-156;94,000;93,000;1,000;14/08/2023;-0,33084;-51,9541368;45,000
AP;BR-156;93,000;92,000;1,000;14/08/2023;-0,33084;-51,9541368;41,250
AP;BR-156;92,000;91,000;1,000;14/08/2023;-0,33084;-51,9541368;40,000
AP;BR-156;91,000;90,000;1,000;14/08/2023;-0,33084;-51,9541368;41,250
AP;BR-156;90,000;89,000;1,000;14/08/2023;-0,33084;-51,9541368;35,000
AP;BR-156;89,000;87,800;1,200;14/08/2023;-0,33084;-51,9541368;47,500
AP;BR-156;30,680;31,000;0,320;15/08/2023;-0,8239089;-52,5040223;8,750
AP;BR-156;31,000;32,000;1,000;15/08/2023;-0,80830706;-52,4861497;26,250
AP;BR-156;32,000;33,000;1,000;15/08/2023;-0,80830706;-52,4861497;26,250
AP;BR-156;33,000;34,000;1,000;15/08/2023;-0,80830706;-52,4861497;11,250
AP;BR-156;34,000;35,000;1,000;15/08/2023;-0,80830706;-52,4861497;3,750
AP;BR-156;35,000;36,000;1,000;15/08/2023;-0,80830706;-52,4861497;3,750
AP;BR-156;36,000;37,000;1,000;15/08/2023;-0,80830706;-52,4861497;3,750
AP;BR-156;37,000;38,000;1,000;15/08/2023;-0,80830706;-52,4861497;3,750
AP;BR-156;38,000;39,000;1,000;15/08/2023;-0,80830706;-52,4861497;3,750
AP;BR-156;39,000;40,000;1,000;15/08/2023;-0,76926551;-52,4665479;3,750
AP;BR-156;40,000;41,000;1,000;15/08/2023;-0,76926551;-52,4665479;51,250
AP;BR-156;41,000;42,000;1,000;15/08/2023;-0,76926551;-52,4665479;28,750
AP;BR-156;42,000;43,000;1,000;15/08/2023;-0,76926551;-52,4665479;11,250
AP;BR-156;43,000;44,000;1,000;15/08/2023;-0,76926551;-52,4665479;8,750
AP;BR-156;44,000;45,000;1,000;15/08/2023;-0,76926551;-52,4665479;11,250
AP;BR-156;45,000;46,000;1,000;15/08/2023;-0,76926551;-52,4665479;10,000
AP;BR-156;46,000;47,000;1,000;15/08/2023;-0,76926551;-52,4665479;10,000
AP;BR-156;47,000;48,000;1,000;15/08/2023;-0,76926551;-52,4665479;10,000
AP;BR-156;48,000;49,000;1,000;15/08/2023;-0,76926551;-52,4665479;5,000
AP;BR-156;49,000;50,000;1,000;15/08/2023;-0,76926551;-52,4665479;5,000
AP;BR-156;50,000;51,000;1,000;15/08/2023;-0,76926551;-52,4665479;5,000
AP;BR-156;51,000;52,000;1,000;15/08/2023;-0,76926551;-52,4665479;5,000
AP;BR-156;52,000;53,000;1,000;15/08/2023;-0,76926551;-52,4665479;5,000
AP;BR-156;53,000;54,000;1,000;15/08/2023;-0,69975341;-52,373791;5,000
AP;BR-156;54,000;55,000;1,000;15/08/2023;-0,69975341;-52,373791;5,000
AP;BR-156;55,000;56,000;1,000;15/08/2023;-0,69975341;-52,373791;5,000
AP;BR-156;56,000;57,000;1,000;15/08/2023;-0,69975341;-52,373791;5,000
AP;BR-156;57,000;58,000;1,000;15/08/2023;-0,69975341;-52,373791;2,500
AP;BR-156;58,000;59,000;1,000;15/08/2023;-0,69975341;-52,373791;5,000
AP;BR-156;59,000;60,000;1,000;15/08/2023;-0,69975341;-52,373791;5,000
AP;BR-156;60,000;61,000;1,000;15/08/2023;-0,69975341;-52,373791;5,000
AP;BR-156;61,000;62,000;1,000;15/08/2023;-0,69975341;-52,373791;5,000
AP;BR-156;62,000;63,000;1,000;15/08/2023;-0,69975341;-52,373791;5,000
AP;BR-156;63,000;64,000;1,000;15/08/2023;-0,69975341;-52,373791;5,000
AP;BR-156;64,000;65,000;1,000;15/08/2023;-0,69975341;-52,373791;5,000
AP;BR-156;65,000;66,000;1,000;15/08/2023;-0,69975341;-52,373791;5,000
AP;BR-156;66,000;67,000;1,000;15/08/2023;-0,69975341;-52,373791;5,000
AP;BR-156;67,000;68,000;1,000;15/08/2023;-0,69975341;-52,373791;5,000
AP;BR-156;68,000;69,000;1,000;15/08/2023;-0,69975341;-52,373791;5,000
AP;BR-156;69,000;70,000;1,000;15/08/2023;-0,69975341;-52,373791;5,000
AP;BR-156;70,000;71,000;1,000;15/08/2023;-0,69975341;-52,373791;5,000
AP;BR-156;71,000;72,000;1,000;15/08/2023;-0,69975341;-52,373791;3,750
AP;BR-156;72,000;73,000;1,000;15/08/2023;-0,69975341;-52,373791;3,750
AP;BR-156;73,000;74,000;1,000;15/08/2023;-0,5843541;-52,2864291;67,500
AP;BR-156;74,000;75,000;1,000;15/08/2023;-0,58424413;-52,2836227;68,750
AP;BR-156;75,000;76,000;1,000;15/08/2023;-0,58424413;-52,2836227;46,250
AP;BR-156;76,000;77,000;1,000;15/08/2023;-0,58424413;-52,2836227;45,000
AP;BR-156;77,000;78,000;1,000;15/08/2023;-0,58424413;-52,2836227;62,500
AP;BR-156;78,000;79,000;1,000;15/08/2023;-0,58424413;-52,2836227;60,000
AP;BR-156;79,000;80,000;1,000;15/08/2023;-0,58424413;-52,2836227;67,500
AP;BR-156;80,000;81,000;1,000;15/08/2023;-0,58424413;-52,2836227;46,250
AP;BR-156;81,000;82,000;1,000;15/08/2023;-0,58424413;-52,2836227;42,500
AP;BR-156;82,000;83,000;1,000;15/08/2023;-0,58424413;-52,2836227;61,250
AP;BR-156;83,000;84,000;1,000;15/08/2023;-0,58424413;-52,2836227;60,000
AP;BR-156;84,000;85,000;1,000;15/08/2023;-0,58424413;-52,2836227;56,250
AP;BR-156;85,000;86,000;1,000;15/08/2023;-0,58424413;-52,2836227;60,000
AP;BR-156;86,000;87,800;1,800;15/08/2023;-0,58424413;-52,2836227;41,250
MT;BR-158;201,200;202,000;0,800;30/08/2023;-10,6563266;-51,5699666;56,250
MT;BR-158;202,000;203,000;1,000;30/08/2023;-10,6563266;-51,5699666;71,250
MT;BR-158;203,000;204,000;1,000;30/08/2023;-10,6563266;-51,5699666;81,250
MT;BR-158;204,000;205,000;1,000;30/08/2023;-10,6563266;-51,5699666;71,250
MT;BR-158;205,000;206,000;1,000;30/08/2023;-10,6563266;-51,5699666;57,500
MT;BR-158;206,000;207,000;1,000;30/08/2023;-10,6563266;-51,5699666;75,000
MT;BR-158;207,000;208,000;1,000;30/08/2023;-10,6563266;-51,5699666;75,000
MT;BR-158;208,000;209,000;1,000;30/08/2023;-10,6563266;-51,5699666;71,250
MT;BR-158;209,000;210,000;1,000;30/08/2023;-10,6563266;-51,5699666;61,250
MT;BR-158;210,000;211,000;1,000;30/08/2023;-10,6563266;-51,5699666;53,750
MT;BR-158;211,000;212,000;1,000;30/08/2023;-10,6563266;-51,5699666;63,750
MT;BR-158;212,000;213,000;1,000;30/08/2023;-10,6563266;-51,5699666;75,000
MT;BR-158;213,000;214,000;1,000;30/08/2023;-10,6563266;-51,5699666;73,750
MT;BR-158;214,000;215,000;1,000;30/08/2023;-10,6563266;-51,5699666;46,250
MT;BR-158;215,000;216,000;1,000;30/08/2023;-10,6563266;-51,5699666;53,750
MT;BR-158;216,000;217,000;1,000;30/08/2023;-10,6563266;-51,5699666;55,000
MT;BR-158;217,000;218,000;1,000;30/08/2023;-10,6563266;-51,5699666;60,000
MT;BR-158;218,000;219,000;1,000;30/08/2023;-10,6563266;-51,5699666;81,250
MT;BR-158;219,000;220,000;1,000;30/08/2023;-10,6563266;-51,5699666;60,000
MT;BR-158;220,000;221,000;1,000;30/08/2023;-10,6563266;-51,5699666;53,750
MT;BR-158;221,000;222,000;1,000;30/08/2023;-10,6563266;-51,5699666;55,000
MT;BR-158;222,000;223,000;1,000;30/08/2023;-10,6563266;-51,5699666;53,750
MT;BR-158;223,000;224,000;1,000;30/08/2023;-10,6563266;-51,5699666;46,250
MT;BR-158;224,000;225,000;1,000;30/08/2023;-10,6563266;-51,5699666;53,750
MT;BR-158;225,000;226,000;1,000;30/08/2023;-10,6563266;-51,5699666;58,750
MT;BR-158;226,000;227,000;1,000;30/08/2023;-10,6563266;-51,5699666;57,500
MT;BR-158;227,000;228,000;1,000;30/08/2023;-10,6563266;-51,5699666;63,750
MT;BR-158;228,000;229,000;1,000;30/08/2023;-10,6563266;-51,5699666;70,000
MT;BR-158;229,000;230,000;1,000;30/08/2023;-10,6563266;-51,5699666;72,500
MT;BR-158;230,000;231,000;1,000;30/08/2023;-10,6563266;-51,5699666;60,000
MT;BR-158;231,000;232,000;1,000;30/08/2023;-10,6563266;-51,5699666;56,250
MT;BR-158;232,000;233,000;1,000;30/08/2023;-10,6563266;-51,5699666;66,250
MT;BR-158;233,000;234,000;1,000;30/08/2023;-10,6563266;-51,5699666;58,750
MT;BR-158;234,000;235,000;1,000;30/08/2023;-10,6563266;-51,5699666;58,750
MT;BR-158;235,000;236,000;1,000;30/08/2023;-10,6563266;-51,5699666;53,750
MT;BR-158;236,000;237,000;1,000;30/08/2023;-10,6563266;-51,5699666;52,500
MT;BR-158;237,000;238,000;1,000;30/08/2023;-10,6563266;-51,5699666;53,750
MT;BR-158;238,000;239,000;1,000;30/08/2023;-10,6563266;-51,5699666;52,500
MT;BR-158;239,000;240,000;1,000;30/08/2023;-10,6563266;-51,5699666;60,000
MT;BR-158;240,000;241,000;1,000;30/08/2023;-10,6563266;-51,5699666;45,000
MT;BR-158;241,000;242,000;1,000;30/08/2023;-10,6563266;-51,5699666;46,250
MT;BR-158;242,000;243,000;1,000;30/08/2023;-10,6563266;-51,5699666;60,000
MT;BR-158;243,000;244,000;1,000;30/08/2023;-10,6563266;-51,5699666;46,250
MT;BR-158;244,000;245,000;1,000;30/08/2023;-10,6563266;-51,5699666;46,250
MT;BR-158;245,000;246,000;1,000;30/08/2023;-10,6563266;-51,5699666;46,250
MT;BR-158;246,000;247,000;1,000;30/08/2023;-10,6563266;-51,5699666;62,500
MT;BR-158;247,000;248,000;1,000;30/08/2023;-10,6563266;-51,5699666;61,250
MT;BR-158;248,000;249,000;1,000;30/08/2023;-10,6563266;-51,5699666;60,000
MT;BR-158;249,000;250,000;1,000;30/08/2023;-10,6563266;-51,5699666;66,250
MT;BR-158;250,000;251,000;1,000;30/08/2023;-10,6563266;-51,5699666;46,250
MT;BR-158;251,000;252,000;1,000;30/08/2023;-10,6563266;-51,5699666;56,250
MT;BR-158;252,000;253,000;1,000;30/08/2023;-10,6563266;-51,5699666;66,250
MT;BR-158;253,000;254,000;1,000;30/08/2023;-10,6563266;-51,5699666;52,500
MT;BR-158;254,000;255,000;1,000;30/08/2023;-10,6563266;-51,5699666;63,750
MT;BR-158;255,000;256,000;1,000;30/08/2023;-10,6563266;-51,5699666;62,500
MT;BR-158;256,000;257,000;1,000;30/08/2023;-10,6563266;-51,5699666;60,000
MT;BR-158;257,000;258,000;1,000;30/08/2023;-10,6563266;-51,5699666;60,000
MT;BR-158;258,000;259,000;1,000;30/08/2023;-10,6563266;-51,5699666;70,000
MT;BR-158;259,000;260,000;1,000;30/08/2023;-10,6563266;-51,5699666;70,000
MT;BR-158;260,000;261,000;1,000;30/08/2023;-10,6563266;-51,5699666;53,750
MT;BR-158;261,000;262,000;1,000;30/08/2023;-10,6563266;-51,5699666;53,750
MT;BR-158;262,000;263,000;1,000;30/08/2023;-10,6563266;-51,5699666;60,000
MT;BR-158;263,000;264,000;1,000;30/08/2023;-10,6563266;-51,5699666;52,500
MT;BR-158;264,000;265,000;1,000;30/08/2023;-10,6563266;-51,5699666;53,750
MT;BR-158;265,000;266,000;1,000;30/08/2023;-10,6563266;-51,5699666;46,250
MT;BR-158;266,000;267,000;1,000;30/08/2023;-10,6563266;-51,5699666;46,250
MT;BR-158;267,000;268,000;1,000;30/08/2023;-10,6563266;-51,5699666;46,250
MT;BR-158;268,000;269,000;1,000;30/08/2023;-10,6563266;-51,5699666;46,250
MT;BR-158;269,000;270,000;1,000;30/08/2023;-10,6563266;-51,5699666;53,750
MT;BR-158;270,000;271,000;1,000;30/08/2023;-10,6563266;-51,5699666;53,750
MT;BR-158;271,000;272,000;1,000;30/08/2023;-10,6563266;-51,5699666;53,750
MT;BR-158;272,000;273,000;1,000;30/08/2023;-10,6563266;-51,5699666;53,750
MT;BR-158;273,000;274,000;1,000;30/08/2023;-10,6563266;-51,5699666;53,750
MT;BR-158;274,000;275,000;1,000;30/08/2023;-10,6563266;-51,5699666;56,250
MT;BR-158;275,000;276,000;1,000;30/08/2023;-10,6563266;-51,5699666;53,750
MT;BR-158;276,000;277,000;1,000;30/08/2023;-10,6563266;-51,5699666;60,000
MT;BR-158;277,000;278,000;1,000;30/08/2023;-10,6563266;-51,5699666;53,750
MT;BR-158;278,000;279,000;1,000;30/08/2023;-10,6563266;-51,5699666;53,750
MT;BR-158;279,000;280,000;1,000;30/08/2023;-10,6563266;-51,5699666;53,750
MT;BR-158;280,000;281,000;1,000;30/08/2023;-10,6563266;-51,5699666;71,250
MT;BR-158;281,000;282,000;1,000;30/08/2023;-10,6563266;-51,5699666;53,750
MT;BR-158;282,000;283,000;1,000;30/08/2023;-10,6563266;-51,5699666;53,750
MT;BR-158;283,000;284,000;1,000;30/08/2023;-10,6563266;-51,5699666;62,500
MT;BR-158;284,000;285,000;1,000;30/08/2023;-10,6563266;-51,5699666;53,750
MT;BR-158;285,000;286,000;1,000;30/08/2023;-10,6563266;-51,5699666;56,250
MT;BR-158;286,000;287,000;1,000;30/08/2023;-10,6563266;-51,5699666;68,750
MT;BR-158;287,000;288,000;1,000;30/08/2023;-10,6563266;-51,5699666;68,750
MT;BR-158;288,000;289,000;1,000;30/08/2023;-10,6563266;-51,5699666;60,000
MT;BR-158;289,000;290,000;1,000;30/08/2023;-10,6563266;-51,5699666;70,000
MT;BR-158;290,000;291,000;1,000;30/08/2023;-10,6563266;-51,5699666;70,000
MT;BR-158;291,000;292,000;1,000;30/08/2023;-10,6563266;-51,5699666;63,750
MT;BR-158;292,000;293,000;1,000;30/08/2023;-10,6563266;-51,5699666;67,500
MT;BR-158;293,000;294,000;1,000;30/08/2023;-10,6563266;-51,5699666;70,000
MT;BR-158;294,000;295,000;1,000;30/08/2023;-10,6563266;-51,5699666;73,750
MT;BR-158;295,000;296,000;1,000;30/08/2023;-10,6563266;-51,5699666;53,750
MT;BR-158;296,000;297,000;1,000;30/08/2023;-10,6563266;-51,5699666;53,750
MT;BR-158;297,000;298,000;1,000;30/08/2023;-10,6563266;-51,5699666;53,750
MT;BR-158;298,000;299,000;1,000;30/08/2023;-10,6563266;-51,5699666;48,750
MT;BR-158;299,000;300,000;1,000;30/08/2023;-10,6563266;-51,5699666;66,250
MT;BR-158;300,000;301,000;1,000;30/08/2023;-10,6563266;-51,5699666;53,750
MT;BR-158;301,000;302,000;1,000;30/08/2023;-10,6563266;-51,5699666;53,750
MT;BR-158;302,000;303,000;1,000;30/08/2023;-10,6563266;-51,5699666;46,250
MT;BR-158;303,000;304,000;1,000;30/08/2023;-10,6563266;-51,5699666;46,250
MT;BR-158;304,000;305,000;1,000;30/08/2023;-10,6563266;-51,5699666;53,750
MT;BR-158;305,000;306,000;1,000;30/08/2023;-10,6563266;-51,5699666;53,750
MT;BR-158;306,000;307,000;1,000;30/08/2023;-10,6563266;-51,5699666;53,750
MT;BR-158;307,000;308,000;1,000;30/08/2023;-10,6563266;-51,5699666;46,250
MT;BR-158;308,000;309,000;1,000;30/08/2023;-10,6563266;-51,5699666;46,250
MT;BR-158;309,000;310,000;1,000;30/08/2023;-10,6563266;-51,5699666;53,750
MT;BR-158;310,000;311,000;1,000;30/08/2023;-10,6563266;-51,5699666;53,750
MT;BR-158;311,000;312,000;1,000;30/08/2023;-10,6563266;-51,5699666;46,250
MT;BR-158;312,000;313,000;1,000;30/08/2023;-10,6563266;-51,5699666;55,000
MT;BR-158;313,000;314,000;1,000;30/08/2023;-10,6563266;-51,5699666;47,500
MT;BR-158;314,000;315,000;1,000;30/08/2023;-10,6563266;-51,5699666;47,500
MT;BR-158;315,000;316,000;1,000;30/08/2023;-10,6563266;-51,5699666;53,750
MT;BR-158;316,000;317,000;1,000;30/08/2023;-10,6563266;-51,5699666;53,750
MT;BR-158;317,000;318,000;1,000;30/08/2023;-10,6563266;-51,5699666;53,750
MT;BR-158;318,000;319,000;1,000;30/08/2023;-10,6563266;-51,5699666;53,750
MT;BR-158;319,000;320,000;1,000;30/08/2023;-10,6563266;-51,5699666;53,750
MT;BR-158;320,000;321,000;1,000;30/08/2023;-10,6563266;-51,5699666;46,250
MT;BR-158;321,000;322,000;1,000;30/08/2023;-10,6563266;-51,5699666;46,250
MT;BR-158;322,000;323,000;1,000;30/08/2023;-10,6563266;-51,5699666;61,250
MT;BR-158;323,000;324,000;1,000;30/08/2023;-10,6563266;-51,5699666;48,750
MT;BR-158;324,000;325,000;1,000;30/08/2023;-10,6563266;-51,5699666;60,000
MT;BR-158;325,000;326,000;1,000;30/08/2023;-10,6563266;-51,5699666;61,250
MT;BR-158;326,000;327,000;1,000;30/08/2023;-10,6563266;-51,5699666;61,250
MT;BR-158;327,000;328,000;1,000;30/08/2023;-10,6563266;-51,5699666;47,500
MT;BR-158;328,000;329,000;1,000;30/08/2023;-10,6563266;-51,5699666;55,000
MT;BR-158;329,000;330,000;1,000;30/08/2023;-10,6563266;-51,5699666;55,000
MT;BR-158;330,000;331,000;1,000;30/08/2023;-10,6563266;-51,5699666;53,750
MT;BR-174;602,800;603,000;0,200;30/08/2023;-12,3244477;-59,8337334;2,500
MT;BR-174;603,000;604,000;1,000;30/08/2023;-12,3191792;-59,8371724;2,500
MT;BR-174;604,000;605,000;1,000;30/08/2023;-12,3191792;-59,8371724;2,500
MT;BR-174;605,000;606,000;1,000;30/08/2023;-12,3191792;-59,8371724;2,500
MT;BR-174;606,000;607,000;1,000;30/08/2023;-12,3191792;-59,8371724;2,500
MT;BR-174;607,000;608,000;1,000;30/08/2023;-12,3191792;-59,8371724;2,500
MT;BR-174;608,000;609,000;1,000;30/08/2023;-12,3191792;-59,8371724;2,500
MT;BR-174;609,000;610,000;1,000;30/08/2023;-12,3191792;-59,8371724;2,500
MT;BR-174;610,000;611,000;1,000;30/08/2023;-12,3191792;-59,8371724;2,500
MT;BR-174;611,000;612,000;1,000;30/08/2023;-12,3191792;-59,8371724;2,500
MT;BR-174;612,000;613,000;1,000;30/08/2023;-12,3191792;-59,8371724;2,500
MT;BR-174;613,000;614,000;1,000;30/08/2023;-12,3191792;-59,8371724;2,500
MT;BR-174;614,000;615,000;1,000;30/08/2023;-12,3191792;-59,8371724;2,500
MT;BR-174;615,000;616,000;1,000;30/08/2023;-12,3191792;-59,8371724;2,500
MT;BR-174;616,000;617,000;1,000;30/08/2023;-12,3191792;-59,8371724;2,500
MT;BR-174;617,000;618,000;1,000;30/08/2023;-12,3191792;-59,8371724;2,500
MT;BR-174;618,000;619,000;1,000;30/08/2023;-12,187374;-59,7547819;2,500
MT;BR-174;619,000;620,000;1,000;30/08/2023;-12,187374;-59,7547819;2,500
MT;BR-174;620,000;621,000;1,000;30/08/2023;-12,187374;-59,7547819;2,500
MT;BR-174;621,000;622,000;1,000;30/08/2023;-12,187374;-59,7547819;2,500
MT;BR-174;622,000;623,000;1,000;30/08/2023;-12,187374;-59,7547819;2,500
MT;BR-174;623,000;624,000;1,000;30/08/2023;-12,187374;-59,7547819;2,500
MT;BR-174;624,000;625,000;1,000;30/08/2023;-12,187374;-59,7547819;2,500
MT;BR-174;625,000;626,000;1,000;30/08/2023;-12,187374;-59,7547819;2,500
MT;BR-174;626,000;627,000;1,000;30/08/2023;-12,187374;-59,7547819;2,500
MT;BR-174;627,000;628,000;1,000;30/08/2023;-12,187374;-59,7547819;2,500
MT;BR-174;628,000;629,000;1,000;30/08/2023;-12,187374;-59,7547819;2,500
MT;BR-174;629,000;630,000;1,000;30/08/2023;-12,187374;-59,7547819;2,500
MT;BR-174;630,000;631,000;1,000;30/08/2023;-12,187374;-59,7547819;2,500
MT;BR-174;631,000;632,000;1,000;30/08/2023;-12,187374;-59,7547819;2,500
MT;BR-174;632,000;633,000;1,000;30/08/2023;-12,187374;-59,7547819;2,500
MT;BR-174;633,000;634,000;1,000;30/08/2023;-12,187374;-59,7547819;2,500
MT;BR-174;634,000;635,000;1,000;30/08/2023;-12,187374;-59,7547819;2,500
MT;BR-174;635,000;636,000;1,000;30/08/2023;-12,187374;-59,7547819;2,500
MT;BR-174;636,000;637,000;1,000;30/08/2023;-12,187374;-59,7547819;3,750
MT;BR-174;637,000;638,000;1,000;30/08/2023;-12,187374;-59,7547819;30,000
MT;BR-174;638,000;639,000;1,000;30/08/2023;-12,187374;-59,7547819;32,500
MT;BR-174;639,000;640,000;1,000;30/08/2023;-12,187374;-59,7547819;62,500
MT;BR-174;640,000;641,000;1,000;30/08/2023;-12,187374;-59,7547819;73,750
MT;BR-174;641,000;642,000;1,000;30/08/2023;-12,187374;-59,7547819;73,750
MT;BR-174;642,000;643,000;1,000;30/08/2023;-12,187374;-59,7547819;73,750
MT;BR-174;643,000;644,000;1,000;30/08/2023;-12,187374;-59,7547819;76,250
MT;BR-174;644,000;645,000;1,000;30/08/2023;-12,187374;-59,7547819;67,500
MT;BR-174;645,000;646,000;1,000;30/08/2023;-12,187374;-59,7547819;67,500
MT;BR-174;646,000;647,000;1,000;30/08/2023;-12,187374;-59,7547819;83,750
MT;BR-174;647,000;648,000;1,000;30/08/2023;-12,187374;-59,7547819;73,750
MT;BR-174;648,000;649,000;1,000;30/08/2023;-12,187374;-59,7547819;83,750
MT;BR-174;649,000;650,000;1,000;30/08/2023;-12,187374;-59,7547819;86,250
MT;BR-174;650,000;651,000;1,000;30/08/2023;-12,187374;-59,7547819;86,250
MT;BR-174;651,000;652,000;1,000;30/08/2023;-12,187374;-59,7547819;86,250
MT;BR-174;652,000;653,000;1,000;30/08/2023;-12,187374;-59,7547819;86,250
MT;BR-174;653,000;654,000;1,000;30/08/2023;-12,187374;-59,7547819;83,750
MT;BR-174;654,000;655,000;1,000;30/08/2023;-12,187374;-59,7547819;83,750
MT;BR-174;655,000;656,000;1,000;30/08/2023;-12,187374;-59,7547819;83,750
MT;BR-174;656,000;657,000;1,000;30/08/2023;-12,187374;-59,7547819;83,750
MT;BR-174;657,000;658,000;1,000;30/08/2023;-12,187374;-59,7547819;71,250
MT;BR-174;658,000;659,000;1,000;30/08/2023;-12,187374;-59,7547819;71,250
MT;BR-174;659,000;660,000;1,000;30/08/2023;-12,187374;-59,7547819;73,750
MT;BR-174;660,000;661,000;1,000;30/08/2023;-12,187374;-59,7547819;77,500
MT;BR-174;661,000;662,000;1,000;30/08/2023;-12,187374;-59,7547819;77,500
MT;BR-174;662,000;663,000;1,000;30/08/2023;-12,187374;-59,7547819;73,750
MT;BR-174;663,000;664,000;1,000;30/08/2023;-12,187374;-59,7547819;73,750
MT;BR-174;664,000;665,000;1,000;30/08/2023;-12,187374;-59,7547819;73,750
MT;BR-174;665,000;666,000;1,000;30/08/2023;-12,187374;-59,7547819;73,750
MT;BR-174;666,000;667,000;1,000;30/08/2023;-12,187374;-59,7547819;83,750
MT;BR-174;667,000;668,000;1,000;30/08/2023;-12,187374;-59,7547819;65,000
MT;BR-174;668,000;669,000;1,000;30/08/2023;-12,187374;-59,7547819;67,500
MT;BR-174;669,000;670,000;1,000;30/08/2023;-12,187374;-59,7547819;67,500
MT;BR-174;670,000;671,000;1,000;30/08/2023;-12,187374;-59,7547819;65,000
MT;BR-174;671,000;672,000;1,000;30/08/2023;-12,187374;-59,7547819;67,500
MT;BR-174;672,000;673,000;1,000;30/08/2023;-12,187374;-59,7547819;61,250
MT;BR-174;673,000;674,000;1,000;30/08/2023;-12,187374;-59,7547819;67,500
MT;BR-174;674,000;675,000;1,000;30/08/2023;-12,187374;-59,7547819;63,750
MT;BR-174;675,000;676,000;1,000;30/08/2023;-12,187374;-59,7547819;73,750
MT;BR-174;676,000;677,000;1,000;30/08/2023;-12,187374;-59,7547819;65,000
MT;BR-174;677,000;678,000;1,000;30/08/2023;-12,187374;-59,7547819;71,250
MT;BR-174;678,000;679,000;1,000;30/08/2023;-12,187374;-59,7547819;65,000
MT;BR-174;679,000;680,000;1,000;30/08/2023;-12,187374;-59,7547819;65,000
MT;BR-174;680,000;681,000;1,000;30/08/2023;-12,187374;-59,7547819;65,000
MT;BR-174;681,000;682,000;1,000;30/08/2023;-12,187374;-59,7547819;67,500
MT;BR-174;682,000;683,000;1,000;30/08/2023;-12,187374;-59,7547819;67,500
MT;BR-174;683,000;684,000;1,000;30/08/2023;-12,187374;-59,7547819;50,000
MT;BR-174;684,000;685,000;1,000;30/08/2023;-12,187374;-59,7547819;50,000
MT;BR-174;685,000;686,000;1,000;30/08/2023;-12,187374;-59,7547819;56,250
MT;BR-174;686,000;687,000;1,000;30/08/2023;-12,187374;-59,7547819;50,000
MT;BR-174;687,000;688,000;1,000;30/08/2023;-12,187374;-59,7547819;50,000
MT;BR-174;688,000;689,000;1,000;30/08/2023;-12,187374;-59,7547819;50,000
MT;BR-174;689,000;690,000;1,000;30/08/2023;-12,187374;-59,7547819;50,000
MT;BR-174;690,000;691,000;1,000;30/08/2023;-12,187374;-59,7547819;50,000
MT;BR-174;691,000;692,000;1,000;30/08/2023;-12,187374;-59,7547819;83,750
MT;BR-174;692,000;693,000;1,000;30/08/2023;-12,187374;-59,7547819;63,750
MT;BR-174;693,000;694,000;1,000;30/08/2023;-12,187374;-59,7547819;70,000
MT;BR-174;694,000;695,000;1,000;30/08/2023;-12,187374;-59,7547819;67,500
MT;BR-174;695,000;696,000;1,000;30/08/2023;-12,187374;-59,7547819;60,000
MT;BR-174;696,000;697,000;1,000;30/08/2023;-12,187374;-59,7547819;60,000
MT;BR-174;697,000;698,000;1,000;30/08/2023;-12,187374;-59,7547819;60,000
MT;BR-174;698,000;699,000;1,000;30/08/2023;-12,187374;-59,7547819;52,500
MT;BR-174;699,000;700,000;1,000;30/08/2023;-12,187374;-59,7547819;56,250
MT;BR-174;700,000;701,000;1,000;30/08/2023;-12,187374;-59,7547819;66,250
MT;BR-174;701,000;702,000;1,000;30/08/2023;-12,187374;-59,7547819;77,500
MT;BR-174;702,000;703,000;1,000;30/08/2023;-12,187374;-59,7547819;65,000
MT;BR-174;703,000;704,000;1,000;30/08/2023;-12,187374;-59,7547819;50,000
MT;BR-174;704,000;705,000;1,000;30/08/2023;-12,187374;-59,7547819;50,000
MT;BR-174;705,000;706,000;1,000;30/08/2023;-12,187374;-59,7547819;50,000
MT;BR-174;706,000;707,000;1,000;30/08/2023;-12,187374;-59,7547819;57,500
MT;BR-174;707,000;708,000;1,000;30/08/2023;-12,187374;-59,7547819;53,750
MT;BR-174;708,000;709,000;1,000;30/08/2023;-12,187374;-59,7547819;73,750
MT;BR-174;709,000;710,000;1,000;30/08/2023;-12,187374;-59,7547819;71,250
MT;BR-174;710,000;711,000;1,000;30/08/2023;-12,187374;-59,7547819;71,250
MT;BR-174;711,000;712,000;1,000;30/08/2023;-12,187374;-59,7547819;65,000
MT;BR-174;712,000;713,000;1,000;30/08/2023;-12,187374;-59,7547819;57,500
MT;BR-174;713,000;714,000;1,000;30/08/2023;-12,187374;-59,7547819;61,250
MT;BR-174;714,000;715,000;1,000;30/08/2023;-12,187374;-59,7547819;27,500
MT;BR-174;715,000;716,000;1,000;30/08/2023;-12,187374;-59,7547819;42,500
MT;BR-174;716,000;717,000;1,000;30/08/2023;-12,187374;-59,7547819;55,000
MT;BR-174;717,000;718,000;1,000;30/08/2023;-12,187374;-59,7547819;55,000
MT;BR-174;718,000;719,000;1,000;30/08/2023;-12,187374;-59,7547819;57,500
MT;BR-174;719,000;720,000;1,000;30/08/2023;-12,187374;-59,7547819;57,500
MT;BR-174;720,000;721,000;1,000;30/08/2023;-12,187374;-59,7547819;61,250
MT;BR-174;721,000;722,000;1,000;30/08/2023;-12,187374;-59,7547819;55,000
MT;BR-174;722,000;723,000;1,000;30/08/2023;-12,187374;-59,7547819;35,000
MT;BR-174;723,000;724,000;1,000;30/08/2023;-12,187374;-59,7547819;50,000
MT;BR-174;724,000;725,000;1,000;30/08/2023;-12,187374;-59,7547819;50,000
MT;BR-174;725,000;726,000;1,000;30/08/2023;-12,187374;-59,7547819;47,500
MT;BR-174;726,000;727,000;1,000;30/08/2023;-12,187374;-59,7547819;47,500
MT;BR-174;727,000;728,000;1,000;30/08/2023;-12,187374;-59,7547819;47,500
MT;BR-174;728,000;729,000;1,000;30/08/2023;-12,187374;-59,7547819;15,000
MT;BR-174;729,000;730,000;1,000;30/08/2023;-12,187374;-59,7547819;37,500
MT;BR-174;730,000;731,000;1,000;30/08/2023;-12,187374;-59,7547819;37,500
MT;BR-174;731,000;732,000;1,000;30/08/2023;-12,187374;-59,7547819;42,500
MT;BR-174;732,000;733,000;1,000;30/08/2023;-12,187374;-59,7547819;50,000
MT;BR-174;733,000;734,000;1,000;30/08/2023;-12,187374;-59,7547819;50,000
MT;BR-174;734,000;735,000;1,000;30/08/2023;-12,187374;-59,7547819;50,000
MT;BR-174;735,000;736,000;1,000;30/08/2023;-12,187374;-59,7547819;50,000
MT;BR-174;736,000;737,000;1,000;30/08/2023;-12,187374;-59,7547819;50,000
MT;BR-174;737,000;738,000;1,000;30/08/2023;-12,187374;-59,7547819;50,000
MT;BR-174;738,000;739,000;1,000;30/08/2023;-12,187374;-59,7547819;22,500
MT;BR-174;739,000;740,000;1,000;30/08/2023;-12,187374;-59,7547819;22,500
MT;BR-174;740,000;741,000;1,000;30/08/2023;-12,187374;-59,7547819;15,000
MT;BR-174;741,000;742,000;1,000;30/08/2023;-12,187374;-59,7547819;37,500
MT;BR-174;742,000;743,000;1,000;30/08/2023;-12,187374;-59,7547819;22,500
MT;BR-174;743,000;744,000;1,000;30/08/2023;-12,187374;-59,7547819;37,500
MT;BR-174;744,000;745,000;1,000;30/08/2023;-12,187374;-59,7547819;32,500
MT;BR-174;745,000;746,000;1,000;30/08/2023;-12,187374;-59,7547819;37,500
MT;BR-174;746,000;747,000;1,000;30/08/2023;-12,187374;-59,7547819;50,000
MT;BR-174;747,000;748,000;1,000;30/08/2023;-12,187374;-59,7547819;50,000
MT;BR-174;748,000;749,000;1,000;30/08/2023;-12,187374;-59,7547819;50,000
MT;BR-174;749,000;750,000;1,000;30/08/2023;-12,187374;-59,7547819;61,250
MT;BR-174;750,000;751,000;1,000;30/08/2023;-12,187374;-59,7547819;42,500
MT;BR-174;751,000;752,000;1,000;30/08/2023;-12,187374;-59,7547819;50,000
MT;BR-174;752,000;753,000;1,000;30/08/2023;-12,187374;-59,7547819;50,000
MT;BR-174;753,000;754,000;1,000;30/08/2023;-12,187374;-59,7547819;50,000
MT;BR-174;754,000;755,000;1,000;30/08/2023;-12,187374;-59,7547819;50,000
MT;BR-174;755,000;756,000;1,000;30/08/2023;-12,187374;-59,7547819;57,500
MT;BR-174;756,000;757,000;1,000;30/08/2023;-12,187374;-59,7547819;57,500
MT;BR-174;757,000;758,000;1,000;30/08/2023;-12,187374;-59,7547819;30,000
MT;BR-174;758,000;759,000;1,000;30/08/2023;-12,187374;-59,7547819;61,250
MT;BR-174;759,000;760,000;1,000;30/08/2023;-12,187374;-59,7547819;61,250
MT;BR-174;760,000;761,000;1,000;30/08/2023;-12,187374;-59,7547819;57,500
MT;BR-174;761,000;762,000;1,000;30/08/2023;-12,187374;-59,7547819;53,750
MT;BR-174;762,000;763,000;1,000;30/08/2023;-12,187374;-59,7547819;65,000
MT;BR-174;763,000;764,000;1,000;30/08/2023;-12,187374;-59,7547819;53,750
MT;BR-174;764,000;765,000;1,000;30/08/2023;-12,187374;-59,7547819;50,000
MT;BR-174;765,000;766,000;1,000;30/08/2023;-12,187374;-59,7547819;58,750
MT;BR-174;766,000;767,000;1,000;30/08/2023;-12,187374;-59,7547819;47,500
MT;BR-174;767,000;768,000;1,000;30/08/2023;-12,187374;-59,7547819;53,750
MT;BR-174;768,000;769,000;1,000;30/08/2023;-12,187374;-59,7547819;52,500
MT;BR-174;769,000;770,000;1,000;30/08/2023;-12,187374;-59,7547819;58,750
MT;BR-174;770,000;771,000;1,000;30/08/2023;-12,187374;-59,7547819;63,750
BA;BR-135;205,800;206,000;0,200;30/08/2023;-12,1860533;-45,0119133;12,500
BA;BR-135;206,000;207,000;1,000;30/08/2023;-12,3692883;-44,973155;23,750
BA;BR-135;207,000;208,000;1,000;30/08/2023;-12,3692883;-44,973155;32,500
BA;BR-135;208,000;209,000;1,000;30/08/2023;-12,3692883;-44,973155;51,250
BA;BR-135;209,000;210,000;1,000;30/08/2023;-12,3692883;-44,973155;46,250
BA;BR-135;210,000;211,000;1,000;30/08/2023;-12,3692883;-44,973155;38,750
BA;BR-135;211,000;212,000;1,000;30/08/2023;-12,3692883;-44,973155;30,000
BA;BR-135;212,000;213,000;1,000;30/08/2023;-12,3692883;-44,973155;65,000
BA;BR-135;213,000;214,000;1,000;30/08/2023;-12,3692883;-44,973155;27,500
BA;BR-135;214,000;215,000;1,000;30/08/2023;-12,3692883;-44,973155;40,000
BA;BR-135;215,000;216,000;1,000;30/08/2023;-12,3692883;-44,973155;61,250
BA;BR-135;216,000;217,000;1,000;30/08/2023;-12,3692883;-44,973155;47,500
BA;BR-135;217,000;218,000;1,000;30/08/2023;-12,3692883;-44,973155;46,250
BA;BR-135;218,000;219,000;1,000;30/08/2023;-12,3692883;-44,973155;68,750
BA;BR-135;219,000;220,000;1,000;30/08/2023;-12,3692883;-44,973155;71,250
BA;BR-135;220,000;221,000;1,000;30/08/2023;-12,3692883;-44,973155;58,750
BA;BR-135;221,000;222,000;1,000;30/08/2023;-12,3692883;-44,973155;40,000
BA;BR-135;222,000;223,000;1,000;30/08/2023;-12,3692883;-44,973155;43,750
BA;BR-135;223,000;224,000;1,000;30/08/2023;-12,3692883;-44,973155;46,250
BA;BR-135;224,000;225,000;1,000;30/08/2023;-12,3692883;-44,973155;42,500
BA;BR-135;225,000;226,000;1,000;30/08/2023;-12,3692883;-44,973155;55,000
BA;BR-135;226,000;227,000;1,000;30/08/2023;-12,3692883;-44,973155;35,000
BA;BR-135;227,000;228,000;1,000;30/08/2023;-12,3692883;-44,973155;35,000
BA;BR-135;306,500;307,000;0,500;30/08/2023;-13,0453022;-44,6226671;5,000
BA;BR-135;307,000;307,100;0,100;30/08/2023;-13,0454188;-44,6230853;5,000
BA;BR-135;319,800;320,000;0,200;30/08/2023;-13,15473;-44,6165966;67,500
BA;BR-135;320,000;321,000;1,000;30/08/2023;-13,154615;-44,61664;75,000
BA;BR-135;321,000;321,200;0,200;30/08/2023;-13,154615;-44,61664;57,500
BA;BR-135;323,400;324,000;0,600;30/08/2023;-13,16559;-44,6125133;71,250
BA;BR-135;324,000;325,000;1,000;30/08/2023;-13,1703673;-44,6177402;73,750
BA;BR-135;325,000;325,300;0,300;30/08/2023;-13,1858027;-44,6291322;51,250
BA;BR-030;703,700;702,000;1,700;29/08/2023;-14,5048983;-40,35801;76,250
BA;BR-030;702,000;701,000;1,000;29/08/2023;-14,5048983;-40,35801;76,250
BA;BR-030;701,000;700,000;1,000;29/08/2023;-14,5048983;-40,35801;76,250
BA;BR-030;700,000;699,000;1,000;29/08/2023;-14,5048983;-40,35801;82,500
BA;BR-030;699,000;698,000;1,000;29/08/2023;-14,5048983;-40,35801;88,750
BA;BR-030;698,000;697,000;1,000;29/08/2023;-14,5048983;-40,35801;76,250
BA;BR-030;697,000;696,000;1,000;29/08/2023;-14,5048983;-40,35801;76,250
BA;BR-030;696,000;695,000;1,000;29/08/2023;-14,5048983;-40,35801;82,500
BA;BR-030;695,000;694,000;1,000;29/08/2023;-14,5048983;-40,35801;82,500
BA;BR-030;694,000;693,000;1,000;29/08/2023;-14,5048983;-40,35801;82,500
BA;BR-030;693,000;692,000;1,000;29/08/2023;-14,5048983;-40,35801;76,250
BA;BR-030;692,000;691,000;1,000;29/08/2023;-14,5048983;-40,35801;76,250
BA;BR-030;691,000;690,000;1,000;29/08/2023;-14,5048983;-40,35801;76,250
BA;BR-030;690,000;689,000;1,000;29/08/2023;-14,5048983;-40,35801;76,250
BA;BR-030;689,000;688,000;1,000;29/08/2023;-14,5048983;-40,35801;82,500
BA;BR-030;688,000;687,000;1,000;29/08/2023;-14,5048983;-40,35801;88,750
BA;BR-030;687,000;686,000;1,000;29/08/2023;-14,5048983;-40,35801;78,750
BA;BR-030;686,000;685,800;0,200;29/08/2023;-14,5048983;-40,35801;76,250
BA;BR-030;685,800;684,000;1,800;29/08/2023;-14,5048983;-40,35801;0,000
BA;BR-030;684,000;683,000;1,000;29/08/2023;-14,5048983;-40,35801;0,000
BA;BR-030;683,000;682,000;1,000;29/08/2023;-14,5048983;-40,35801;0,000
BA;BR-030;682,000;681,000;1,000;29/08/2023;-14,5048983;-40,35801;0,000
BA;BR-030;681,000;680,000;1,000;29/08/2023;-14,5048983;-40,35801;0,000
BA;BR-030;680,000;679,000;1,000;29/08/2023;-14,5048983;-40,35801;0,000
BA;BR-030;679,000;678,000;1,000;29/08/2023;-14,5048983;-40,35801;0,000
BA;BR-030;678,000;677,000;1,000;29/08/2023;-14,5048983;-40,35801;0,000
BA;BR-030;677,000;676,000;1,000;29/08/2023;-14,5048983;-40,35801;0,000
BA;BR-030;676,000;675,000;1,000;29/08/2023;-14,5048983;-40,35801;0,000
BA;BR-030;675,000;674,000;1,000;29/08/2023;-14,5048983;-40,35801;0,000
BA;BR-030;674,000;673,000;1,000;29/08/2023;-14,5048983;-40,35801;0,000
BA;BR-030;673,000;672,000;1,000;29/08/2023;-14,5048983;-40,35801;0,000
BA;BR-030;672,000;671,000;1,000;29/08/2023;-14,5048983;-40,35801;0,000
BA;BR-030;671,000;670,000;1,000;29/08/2023;-14,5048983;-40,35801;0,000
BA;BR-030;670,000;669,000;1,000;29/08/2023;-14,5048983;-40,35801;0,000
BA;BR-030;669,000;668,000;1,000;29/08/2023;-14,5048983;-40,35801;0,000
BA;BR-030;668,000;667,000;1,000;29/08/2023;-14,5048983;-40,35801;0,000
BA;BR-030;667,000;666,000;1,000;29/08/2023;-14,5048983;-40,35801;0,000
BA;BR-030;666,000;665,000;1,000;29/08/2023;-14,5048983;-40,35801;0,000
BA;BR-030;665,000;664,000;1,000;29/08/2023;-14,5048983;-40,35801;0,000
BA;BR-030;664,000;663,000;1,000;29/08/2023;-14,5048983;-40,35801;0,000
BA;BR-030;663,000;662,000;1,000;29/08/2023;-14,5048983;-40,35801;0,000
BA;BR-030;662,000;661,000;1,000;29/08/2023;-14,5048983;-40,35801;0,000
BA;BR-030;661,000;660,000;1,000;29/08/2023;-14,5048983;-40,35801;0,000
BA;BR-030;660,000;659,000;1,000;29/08/2023;-14,5048983;-40,35801;0,000
BA;BR-030;659,000;658,000;1,000;29/08/2023;-14,5048983;-40,35801;0,000
BA;BR-030;658,000;657,000;1,000;29/08/2023;-14,5048983;-40,35801;0,000
BA;BR-030;657,000;656,000;1,000;29/08/2023;-14,5048983;-40,35801;0,000
BA;BR-030;656,000;655,000;1,000;29/08/2023;-14,5048983;-40,35801;0,000
BA;BR-030;655,000;654,000;1,000;29/08/2023;-14,5048983;-40,35801;0,000
BA;BR-030;654,000;653,000;1,000;29/08/2023;-14,5048983;-40,35801;0,000
BA;BR-030;653,000;652,000;1,000;29/08/2023;-14,5048983;-40,35801;0,000
BA;BR-030;652,000;651,000;1,000;29/08/2023;-14,5048983;-40,35801;0,000
BA;BR-030;651,000;650,000;1,000;29/08/2023;-14,5048983;-40,35801;0,000
BA;BR-030;650,000;649,000;1,000;29/08/2023;-14,5048983;-40,35801;0,000
BA;BR-030;649,000;648,000;1,000;29/08/2023;-14,5048983;-40,35801;0,000
BA;BR-030;648,000;647,000;1,000;29/08/2023;-14,5048983;-40,35801;0,000
BA;BR-030;647,000;646,000;1,000;29/08/2023;-14,5048983;-40,35801;0,000
BA;BR-030;646,000;645,000;1,000;29/08/2023;-14,5048983;-40,35801;0,000
BA;BR-030;645,000;644,900;0,100;29/08/2023;-14,5048983;-40,35801;0,000
BA;BR-030;644,900;643,000;1,900;29/08/2023;-14,5048983;-40,35801;75,000
BA;BR-030;643,000;642,000;1,000;29/08/2023;-14,5048983;-40,35801;76,250
BA;BR-030;642,000;641,000;1,000;29/08/2023;-14,5048983;-40,35801;76,250
BA;BR-030;641,000;640,000;1,000;29/08/2023;-14,5048983;-40,35801;76,250
BA;BR-030;640,000;639,000;1,000;29/08/2023;-14,5048983;-40,35801;82,500
BA;BR-030;639,000;638,000;1,000;29/08/2023;-14,5048983;-40,35801;82,500
BA;BR-030;638,000;637,000;1,000;29/08/2023;-14,5048983;-40,35801;82,500
BA;BR-030;637,000;636,000;1,000;29/08/2023;-14,5048983;-40,35801;76,250
BA;BR-030;636,000;635,000;1,000;29/08/2023;-14,5048983;-40,35801;80,000
BA;BR-030;635,000;634,000;1,000;29/08/2023;-14,5048983;-40,35801;76,250
BA;BR-030;634,000;633,000;1,000;29/08/2023;-14,5048983;-40,35801;76,250
BA;BR-030;633,000;632,000;1,000;29/08/2023;-14,5048983;-40,35801;76,250
BA;BR-030;632,000;631,000;1,000;29/08/2023;-14,5048983;-40,35801;76,250
BA;BR-030;631,000;630,000;1,000;29/08/2023;-14,5048983;-40,35801;76,250
BA;BR-030;630,000;629,000;1,000;29/08/2023;-14,5048983;-40,35801;76,250
BA;BR-030;629,000;628,000;1,000;29/08/2023;-14,5048983;-40,35801;76,250
BA;BR-030;628,000;627,000;1,000;29/08/2023;-14,5048983;-40,35801;76,250
BA;BR-030;627,000;626,000;1,000;29/08/2023;-14,5048983;-40,35801;76,250
BA;BR-030;626,000;625,000;1,000;29/08/2023;-14,5048983;-40,35801;76,250
BA;BR-030;625,000;624,000;1,000;29/08/2023;-14,5048983;-40,35801;76,250
BA;BR-030;624,000;623,000;1,000;29/08/2023;-14,5048983;-40,35801;76,250
BA;BR-030;623,000;622,000;1,000;29/08/2023;-14,5048983;-40,35801;76,250
BA;BR-030;622,000;621,000;1,000;29/08/2023;-14,5048983;-40,35801;82,500
BA;BR-030;621,000;620,000;1,000;29/08/2023;-14,5048983;-40,35801;76,250
BA;BR-030;620,000;619,000;1,000;29/08/2023;-14,5048983;-40,35801;82,500
BA;BR-030;619,000;618,000;1,000;29/08/2023;-14,5048983;-40,35801;76,250
BA;BR-030;618,000;617,000;1,000;29/08/2023;-14,5048983;-40,35801;76,250
BA;BR-030;617,000;616,000;1,000;29/08/2023;-14,5048983;-40,35801;76,250
BA;BR-030;616,000;615,000;1,000;29/08/2023;-14,5048983;-40,35801;88,750
BA;BR-030;615,000;614,000;1,000;29/08/2023;-14,5048983;-40,35801;86,250
BA;BR-030;614,000;613,000;1,000;29/08/2023;-14,5048983;-40,35801;82,500
BA;BR-030;613,000;612,000;1,000;29/08/2023;-14,5048983;-40,35801;85,000
BA;BR-030;612,000;611,000;1,000;29/08/2023;-14,5048983;-40,35801;92,500
BA;BR-030;611,000;610,000;1,000;29/08/2023;-14,5048983;-40,35801;82,500
BA;BR-030;610,000;609,000;1,000;29/08/2023;-14,5048983;-40,35801;85,000
BA;BR-030;609,000;608,000;1,000;29/08/2023;-14,5048983;-40,35801;85,000
BA;BR-030;608,000;607,000;1,000;29/08/2023;-14,5048983;-40,35801;81,250
BA;BR-030;607,000;606,000;1,000;29/08/2023;-14,5048983;-40,35801;81,250
BA;BR-030;606,000;605,000;1,000;29/08/2023;-14,5048983;-40,35801;85,000
BA;BR-030;605,000;604,000;1,000;29/08/2023;-14,5048983;-40,35801;87,500
BA;BR-030;604,000;603,000;1,000;29/08/2023;-14,5048983;-40,35801;87,500
BA;BR-030;603,000;602,000;1,000;29/08/2023;-14,5048983;-40,35801;87,500
BA;BR-030;602,000;601,000;1,000;29/08/2023;-14,5048983;-40,35801;81,250
BA;BR-030;601,000;600,000;1,000;29/08/2023;-14,5048983;-40,35801;83,750
BA;BR-030;600,000;599,000;1,000;29/08/2023;-14,5048983;-40,35801;83,750
BA;BR-030;599,000;598,000;1,000;29/08/2023;-14,5048983;-40,35801;91,250
BA;BR-030;598,000;597,000;1,000;29/08/2023;-14,5048983;-40,35801;83,750
BA;BR-030;597,000;596,000;1,000;29/08/2023;-14,5048983;-40,35801;83,750
BA;BR-030;596,000;595,000;1,000;29/08/2023;-14,5048983;-40,35801;83,750
BA;BR-030;595,000;594,000;1,000;29/08/2023;-14,5048983;-40,35801;83,750
BA;BR-030;594,000;593,000;1,000;29/08/2023;-14,5048983;-40,35801;83,750
BA;BR-030;593,000;592,000;1,000;29/08/2023;-14,5048983;-40,35801;81,250
BA;BR-030;592,000;591,000;1,000;29/08/2023;-14,5048983;-40,35801;81,250
BA;BR-030;591,000;590,000;1,000;29/08/2023;-14,5048983;-40,35801;100,000
BA;BR-030;590,000;589,000;1,000;29/08/2023;-14,5048983;-40,35801;100,000
BA;BR-030;589,000;588,000;1,000;29/08/2023;-14,5048983;-40,35801;100,000
PI;BR-222;183,600;184,000;0,400;29/08/2023;-3,8016607;-42,464097;0,000
PI;BR-222;184,000;185,000;1,000;29/08/2023;-3,8016607;-42,464097;90,000
PI;BR-222;185,000;186,000;1,000;29/08/2023;-3,8016509;-42,4641636;90,000
PI;BR-222;186,000;187,000;1,000;29/08/2023;-3,801652;-42,4641787;55,000
PI;BR-222;187,000;188,000;1,000;29/08/2023;-3,8177251;-42,4516792;67,500
PI;BR-222;188,000;189,000;1,000;29/08/2023;-3,8177251;-42,4516792;75,000
PI;BR-222;189,000;190,000;1,000;29/08/2023;-3,8147144;-42,4581859;87,500
PI;BR-222;190,000;191,000;1,000;29/08/2023;-3,8147144;-42,4581859;87,500
PI;BR-222;191,000;192,000;1,000;29/08/2023;-3,8144731;-42,4581859;75,000
PI;BR-222;192,000;193,000;1,000;29/08/2023;-3,8144731;-42,4581859;87,500
PI;BR-222;193,000;194,000;1,000;29/08/2023;-3,77814982;-42,518615;87,500
PI;BR-222;194,000;195,000;1,000;29/08/2023;-3,77814982;-42,518615;87,500
PI;BR-222;195,000;196,000;1,000;29/08/2023;-3,76076281;-42,5329672;87,500
PI;BR-222;196,000;197,000;1,000;29/08/2023;-3,76076281;-42,5329672;95,000
PI;BR-222;197,000;198,000;1,000;29/08/2023;-3,76076281;-42,5329672;95,000
PI;BR-222;198,000;199,000;1,000;29/08/2023;-3,76076281;-42,5329672;95,000
PI;BR-222;199,000;200,000;1,000;29/08/2023;-3,73301903;-42,5563848;12,500
PI;BR-222;200,000;201,000;1,000;29/08/2023;-3,73301903;-42,5563848;12,500
PI;BR-222;201,000;202,000;1,000;29/08/2023;-3,73301903;-42,5563848;0,000
PI;BR-222;202,000;203,000;1,000;29/08/2023;-3,73301903;-42,5563848;95,000
PI;BR-222;203,000;204,000;1,000;29/08/2023;-3,73301903;-42,5563848;0,000
PI;BR-222;204,000;205,000;1,000;29/08/2023;-4,0238201;-42,0758396;95,000
PI;BR-222;205,000;206,000;1,000;29/08/2023;-4,0238201;-42,0758396;87,500
PI;BR-222;206,000;207,000;1,000;29/08/2023;-4,0238201;-42,0758396;87,500
PI;BR-222;207,000;208,000;1,000;29/08/2023;-3,68630205;-42,5930404;87,500
PI;BR-222;208,000;209,000;1,000;29/08/2023;-3,68630205;-42,5930404;68,750
PI;BR-222;209,000;210,000;1,000;29/08/2023;-3,6831866;-42,6028147;50,000
PI;BR-222;210,000;211,000;1,000;29/08/2023;-3,6831866;-42,6028147;80,000
PI;BR-222;211,000;212,000;1,000;29/08/2023;-3,6831866;-42,6028147;87,500
PI;BR-222;212,000;213,000;1,000;29/08/2023;-3,6831866;-42,6028147;87,500
PI;BR-222;213,000;214,000;1,000;29/08/2023;-3,67371702;-42,636145;87,500
PI;BR-222;214,000;215,000;1,000;29/08/2023;-3,67371702;-42,636145;87,500
PI;BR-222;215,000;216,000;1,000;29/08/2023;-3,67371702;-42,636145;87,500
PI;BR-222;216,000;217,000;1,000;29/08/2023;-3,67371702;-42,636145;87,500
PI;BR-222;217,000;218,000;1,000;29/08/2023;-3,67371702;-42,636145;100,000
PI;BR-222;218,000;219,000;1,000;29/08/2023;-3,67821095;-42,6613926;0,000
PI;BR-222;219,000;220,000;1,000;29/08/2023;-3,67821095;-42,6613926;11,250
BA;BR-030;724,700;725,000;0,300;31/08/2023;-13,8533873;-40,1129729;7,500
BA;BR-030;725,000;726,000;1,000;31/08/2023;-13,8533851;-40,1130295;7,500
BA;BR-030;726,000;727,000;1,000;31/08/2023;-13,853434;-40,1129347;7,500
BA;BR-030;727,000;728,000;1,000;31/08/2023;-13,8535388;-40,1129003;7,500
BA;BR-030;728,000;729,000;1,000;31/08/2023;-13,853592;-40,1128985;7,500
BA;BR-030;729,000;730,000;1,000;31/08/2023;-13,8535366;-40,1129022;7,500
BA;BR-030;730,000;731,000;1,000;31/08/2023;-13,8535391;-40,1129216;7,500
BA;BR-030;731,000;732,000;1,000;31/08/2023;-13,8535146;-40,1128675;7,500
BA;BR-030;732,000;733,000;1,000;31/08/2023;-13,8534413;-40,1129217;7,500
BA;BR-030;733,000;734,000;1,000;31/08/2023;-13,8534484;-40,1129167;7,500
BA;BR-030;734,000;735,000;1,000;31/08/2023;-13,8535852;-40,1129104;7,500
BA;BR-030;735,000;736,000;1,000;31/08/2023;-13,8534222;-40,112952;7,500
BA;BR-030;736,000;737,000;1,000;31/08/2023;-13,8534222;-40,112952;7,500
BA;BR-030;737,000;738,000;1,000;31/08/2023;-13,8536017;-40,112874;7,500
BA;BR-030;738,000;739,000;1,000;31/08/2023;-13,8523267;-40,1131119;7,500
BA;BR-030;739,000;740,000;1,000;31/08/2023;-13,8535135;-40,1128727;7,500
BA;BR-030;740,000;741,000;1,000;31/08/2023;-13,8535135;-40,1128727;7,500
BA;BR-030;741,000;742,000;1,000;31/08/2023;-13,8535413;-40,1128181;7,500
BA;BR-030;742,000;743,000;1,000;31/08/2023;-13,8535366;-40,1129022;7,500
BA;BR-030;743,000;744,000;1,000;31/08/2023;-13,853519;-40,1129432;7,500
BA;BR-030;744,000;745,000;1,000;31/08/2023;-13,8523226;-40,1131061;7,500
BA;BR-030;745,000;746,000;1,000;31/08/2023;-13,8533915;-40,1131365;7,500
BA;BR-030;746,000;747,000;1,000;31/08/2023;-13,8534272;-40,1129383;7,500
BA;BR-030;747,000;748,000;1,000;31/08/2023;-13,8534313;-40,1129354;7,500
BA;BR-030;748,000;749,000;1,000;31/08/2023;-13,8541127;-40,1133494;8,750
BA;BR-030;749,000;750,000;1,000;31/08/2023;-13,8534242;-40,1129498;7,500
BA;BR-030;750,000;751,000;1,000;31/08/2023;-13,8535184;-40,1130068;7,500
BA;BR-030;751,000;752,000;1,000;31/08/2023;-13,8535352;-40,1129032;8,750
BA;BR-030;752,000;753,000;1,000;31/08/2023;-13,8553449;-40,1091439;8,750
BA;BR-030;753,000;754,000;1,000;31/08/2023;-13,8534778;-40,1128831;8,750
BA;BR-030;754,000;755,000;1,000;31/08/2023;-13,8534983;-40,1129252;8,750
BA;BR-030;755,000;756,000;1,000;31/08/2023;-13,8534983;-40,1129252;8,750
BA;BR-030;756,000;757,000;1,000;31/08/2023;-13,8535391;-40,1128985;8,750
BA;BR-030;757,000;758,000;1,000;31/08/2023;-13,8535391;-40,1128985;8,750
BA;BR-030;758,000;759,000;1,000;31/08/2023;-13,8535391;-40,1128985;8,750
BA;BR-030;759,000;760,000;1,000;31/08/2023;-13,853601;-40,1129698;8,750
BA;BR-030;760,000;761,000;1,000;31/08/2023;-13,8544712;-40,1116152;8,750
BA;BR-030;770,240;771,000;0,760;31/08/2023;-13,8553551;-40,109145;20,000
BA;BR-030;771,000;772,000;1,000;31/08/2023;-13,8536372;-40,1128611;7,500
BA;BR-030;772,000;773,000;1,000;31/08/2023;-13,8536311;-40,1128658;7,500
BA;BR-030;773,000;774,000;1,000;31/08/2023;-13,8535218;-40,1129251;7,500
BA;BR-030;774,000;775,000;1,000;31/08/2023;-13,8534532;-40,1129829;7,500
BA;BR-030;775,000;776,000;1,000;31/08/2023;-13,8535019;-40,1129149;7,500
BA;BR-030;776,000;777,000;1,000;31/08/2023;-13,8535151;-40,1130087;16,250
BA;BR-030;777,000;778,000;1,000;31/08/2023;-13,8524153;-40,1133248;16,250
BA;BR-030;778,000;779,000;1,000;31/08/2023;-13,8534415;-40,1129239;7,500
BA;BR-030;779,000;780,000;1,000;31/08/2023;-13,8536806;-40,1143008;7,500
BA;BR-030;780,000;781,000;1,000;31/08/2023;-13,8534749;-40,1129638;8,750
BA;BR-030;781,000;782,000;1,000;31/08/2023;-13,853516;-40,1130117;16,250
BA;BR-030;782,000;783,000;1,000;31/08/2023;-13,8533507;-40,1133145;16,250
BA;BR-030;783,000;784,000;1,000;31/08/2023;-13,853434;-40,1129347;8,750
BA;BR-030;784,000;785,000;1,000;31/08/2023;-13,8534763;-40,1129614;15,000
BA;BR-030;785,000;786,000;1,000;31/08/2023;-13,8534995;-40,1129204;8,750
BA;BR-030;786,000;787,000;1,000;31/08/2023;-13,8524332;-40,1133509;8,750
BA;BR-030;787,000;788,000;1,000;31/08/2023;-13,8524601;-40,1131581;8,750
BA;BR-030;788,000;789,000;1,000;31/08/2023;-13,8534271;-40,1129389;8,750
BA;BR-030;789,000;790,000;1,000;31/08/2023;-13,8535567;-40,112951;8,750
BA;BR-030;790,000;791,000;1,000;31/08/2023;-13,8535366;-40,1129022;8,750
BA;BR-030;791,000;792,000;1,000;31/08/2023;-13,8535482;-40,1130943;8,750
BA;BR-030;792,000;793,000;1,000;31/08/2023;-13,8534763;-40,1129632;8,750
BA;BR-030;793,000;794,000;1,000;31/08/2023;-13,853593;-40,1129615;8,750
BA;BR-030;794,000;795,000;1,000;31/08/2023;-13,8534808;-40,1128542;8,750
BA;BR-030;795,000;796,000;1,000;31/08/2023;-13,8535225;-40,1129109;8,750
BA;BR-030;796,000;797,000;1,000;31/08/2023;-13,8535388;-40,1129003;8,750
BA;BR-030;797,000;798,000;1,000;31/08/2023;-13,8535388;-40,1129003;16,250
BA;BR-030;798,000;799,000;1,000;31/08/2023;-13,8534336;-40,1129298;8,750
BA;BR-030;799,000;800,000;1,000;31/08/2023;-13,8533967;-40,1131015;8,750
BA;BR-030;800,000;801,000;1,000;31/08/2023;-13,8533711;-40,1131165;8,750
BA;BR-030;801,000;802,000;1,000;31/08/2023;-13,8535418;-40,1128991;8,750
BA;BR-030;802,000;803,000;1,000;31/08/2023;-13,8533711;-40,1131165;8,750
BA;BR-030;803,000;804,000;1,000;31/08/2023;-13,8535391;-40,1128985;8,750
BA;BR-030;804,000;805,000;1,000;31/08/2023;-13,8533773;-40,1131357;7,500
BA;BR-030;805,000;806,000;1,000;31/08/2023;-13,8534295;-40,1130954;8,750
BA;BR-030;806,000;807,000;1,000;31/08/2023;-13,8534295;-40,1130954;7,500
BA;BR-030;807,000;808,000;1,000;31/08/2023;-13,8535777;-40,1129974;7,500
BA;BR-030;808,000;809,000;1,000;31/08/2023;-13,8535458;-40,1130848;7,500
BA;BR-030;809,000;810,000;1,000;31/08/2023;-13,8535388;-40,1129003;7,500
BA;BR-030;810,000;811,000;1,000;31/08/2023;-13,8535742;-40,1129372;7,500
BA;BR-030;811,000;812,000;1,000;31/08/2023;-13,8535807;-40,1128867;7,500
BA;BR-030;812,000;813,000;1,000;31/08/2023;-13,8535115;-40,1128922;42,500
BA;BR-030;813,000;814,000;1,000;31/08/2023;-13,8535062;-40,1129307;7,500
BA;BR-030;814,000;815,000;1,000;31/08/2023;-13,8535366;-40,1129022;7,500
BA;BR-030;815,000;816,000;1,000;31/08/2023;-13,8535027;-40,1129147;8,750
BA;BR-030;816,000;817,000;1,000;31/08/2023;-13,8535889;-40,1129487;7,500
BA;BR-030;817,000;818,000;1,000;31/08/2023;-13,8535164;-40,112954;7,500
BA;BR-030;818,000;819,000;1,000;31/08/2023;-13,8535418;-40,1128991;7,500
BA;BR-030;819,000;820,000;1,000;31/08/2023;-13,8535391;-40,1128985;7,500
BA;BR-030;820,000;821,000;1,000;31/08/2023;-13,85359;-40,1128534;48,750
BA;BR-030;821,000;822,000;1,000;31/08/2023;-13,8535925;-40,1129555;48,750
BA;BR-030;822,000;823,000;1,000;31/08/2023;-13,8553495;-40,1091447;48,750
BA;BR-030;823,000;824,000;1,000;31/08/2023;-13,8553551;-40,109145;48,750
BA;BR-030;824,000;825,000;1,000;31/08/2023;-13,8530466;-40,1142307;48,750
BA;BR-030;825,000;826,000;1,000;31/08/2023;-13,8530454;-40,114408;48,750
BA;BR-030;826,000;827,000;1,000;31/08/2023;-13,8530454;-40,114408;48,750
BA;BR-030;827,000;828,000;1,000;31/08/2023;-13,8534401;-40,1129256;48,750
BA;BR-030;828,000;829,000;1,000;31/08/2023;-13,8535889;-40,1129077;48,750
BA;BR-030;829,000;830,000;1,000;31/08/2023;-13,8534411;-40,1129229;48,750
BA;BR-030;830,000;831,000;1,000;31/08/2023;-13,85357;-40,1129564;48,750
BA;BR-030;831,000;832,000;1,000;31/08/2023;-13,8535199;-40,1132888;48,750
BA;BR-030;832,000;833,000;1,000;31/08/2023;-13,853421;-40,1131238;48,750
BA;BR-030;833,000;834,000;1,000;31/08/2023;-13,8534325;-40,1129313;48,750
BA;BR-030;834,000;835,000;1,000;31/08/2023;-13,8535027;-40,1129147;48,750
BA;BR-030;835,000;836,000;1,000;31/08/2023;-13,853433;-40,1129308;42,500
BA;BR-030;836,000;837,000;1,000;31/08/2023;-13,8535353;-40,1128999;42,500
BA;BR-030;837,000;838,000;1,000;31/08/2023;-13,8535514;-40,1131064;42,500
BA;BR-030;838,000;839,000;1,000;31/08/2023;-13,8535351;-40,112898;0,000
BA;BR-030;839,000;840,000;1,000;31/08/2023;-13,8546951;-40,1092432;0,000
BA;BR-030;840,000;841,000;1,000;31/08/2023;-13,8536423;-40,1147155;0,000
BA;BR-030;841,000;842,000;1,000;31/08/2023;-13,8523312;-40,1131121;0,000
BA;BR-030;842,000;843,000;1,000;31/08/2023;-13,8535579;-40,1134687;0,000
BA;BR-030;843,000;844,000;1,000;31/08/2023;-13,8523254;-40,113105;0,000
MG;BR-259;168,700;169,000;0,300;31/08/2023;-18,8313932;-41,9488204;40,000
MG;BR-259;169,000;170,000;1,000;31/08/2023;-18,8313918;-41,9488285;52,500
MG;BR-259;170,000;171,000;1,000;31/08/2023;-18,8335499;-41,9475332;52,500
MG;BR-259;171,000;171,900;0,900;31/08/2023;-18,8335499;-41,9475332;56,250
PA;BR-422;0,000;1,000;1,000;29/08/2023;-5,38696966;-49,135539;75,000
PA;BR-422;1,000;2,000;1,000;29/08/2023;-5,38696966;-49,135539;75,000
PA;BR-422;2,000;3,000;1,000;29/08/2023;-5,38702453;-49,1355412;75,000
PA;BR-422;3,000;4,000;1,000;29/08/2023;-5,38704526;-49,1355104;50,000
PA;BR-422;4,000;5,000;1,000;29/08/2023;-5,3870281;-49,1355157;75,000
PA;BR-422;5,000;6,000;1,000;29/08/2023;-5,38701696;-49,1355226;50,000
PA;BR-422;6,000;7,000;1,000;29/08/2023;-5,38699913;-49,1355345;75,000
PA;BR-422;7,000;8,000;1,000;29/08/2023;-5,38699115;-49,1355311;18,750
PA;BR-422;8,000;9,000;1,000;29/08/2023;-5,38699115;-49,1355311;0,000
PA;BR-422;9,000;10,000;1,000;29/08/2023;-5,3870263;-49,1353506;0,000
PA;BR-422;10,000;11,000;1,000;29/08/2023;-5,38703031;-49,1355709;0,000
PA;BR-422;11,000;12,000;1,000;29/08/2023;-5,38700765;-49,1356035;0,000
PA;BR-422;12,000;13,000;1,000;29/08/2023;-5,38698125;-49,1356092;68,750
PA;BR-422;13,000;14,000;1,000;29/08/2023;-5,38695871;-49,1356318;50,000
PA;BR-422;14,000;15,000;1,000;29/08/2023;-5,38694446;-49,1356389;0,000
PA;BR-422;15,000;16,000;1,000;29/08/2023;-5,38694913;-49,1356065;75,000
PA;BR-422;16,000;17,000;1,000;29/08/2023;-5,3869511;-49,1356031;0,000
PA;BR-422;17,000;18,000;1,000;29/08/2023;-5,38695118;-49,1356041;0,000
PA;BR-422;18,000;19,000;1,000;29/08/2023;-5,38695118;-49,1356041;0,000
PA;BR-422;19,000;20,000;1,000;29/08/2023;-5,38695118;-49,1356041;75,000
PA;BR-422;20,000;21,000;1,000;29/08/2023;-5,38695118;-49,1356041;40,000
PA;BR-422;21,000;22,000;1,000;29/08/2023;-5,38695118;-49,1356041;70,000
PA;BR-422;22,000;23,000;1,000;29/08/2023;-5,38695118;-49,1356041;0,000
PA;BR-422;23,000;24,000;1,000;29/08/2023;-5,38695118;-49,1356041;0,000
PA;BR-422;24,000;25,000;1,000;29/08/2023;-5,38695118;-49,1356041;0,000
PA;BR-422;25,000;26,000;1,000;29/08/2023;-5,38695118;-49,1356041;0,000
PA;BR-422;26,000;27,000;1,000;29/08/2023;-5,38695118;-49,1356041;0,000
PA;BR-422;27,000;28,000;1,000;29/08/2023;-5,38695118;-49,1356041;0,000
PA;BR-422;28,000;29,000;1,000;29/08/2023;-5,38695118;-49,1356041;41,250
PA;BR-422;29,000;30,000;1,000;29/08/2023;-5,38695118;-49,1356041;75,000
PA;BR-422;30,000;31,000;1,000;29/08/2023;-5,38695118;-49,1356041;0,000
PA;BR-422;31,000;32,000;1,000;29/08/2023;-5,38695118;-49,1356041;75,000
PA;BR-422;32,000;33,000;1,000;29/08/2023;-5,38695118;-49,1356041;50,000
PA;BR-422;33,000;34,000;1,000;29/08/2023;-5,38695118;-49,1356041;57,500
PA;BR-422;34,000;35,000;1,000;29/08/2023;-5,38695118;-49,1356041;63,750
PA;BR-422;35,000;36,000;1,000;29/08/2023;-5,38695118;-49,1356041;63,750
PA;BR-422;36,000;37,000;1,000;29/08/2023;-5,38695118;-49,1356041;63,750
PA;BR-422;37,000;38,000;1,000;29/08/2023;-5,38695118;-49,1356041;63,750
PA;BR-422;38,000;39,000;1,000;29/08/2023;-5,38695118;-49,1356041;0,000
PA;BR-422;39,000;40,000;1,000;29/08/2023;-5,38695118;-49,1356041;0,000
PA;BR-422;40,000;41,000;1,000;29/08/2023;-5,38695118;-49,1356041;0,000
PA;BR-422;41,000;42,000;1,000;29/08/2023;-5,38695118;-49,1356041;0,000
PA;BR-422;42,000;43,000;1,000;29/08/2023;-5,38695118;-49,1356041;0,000
PA;BR-422;43,000;44,000;1,000;29/08/2023;-5,38695118;-49,1356041;0,000
PA;BR-422;44,000;45,000;1,000;29/08/2023;-5,38695118;-49,1356041;67,500
PA;BR-422;45,000;46,000;1,000;29/08/2023;-5,38695118;-49,1356041;67,500
PA;BR-422;46,000;47,000;1,000;29/08/2023;-5,38695118;-49,1356041;63,750
PA;BR-422;47,000;48,000;1,000;29/08/2023;-5,38695118;-49,1356041;50,000
PA;BR-422;48,000;49,000;1,000;29/08/2023;-5,38695118;-49,1356041;0,000
PA;BR-422;49,000;50,000;1,000;29/08/2023;-5,38695118;-49,1356041;0,000
PA;BR-422;50,000;51,000;1,000;29/08/2023;-5,38695118;-49,1356041;0,000
PA;BR-422;51,000;52,000;1,000;29/08/2023;-5,38695118;-49,1356041;0,000
PA;BR-422;52,000;53,000;1,000;29/08/2023;-5,38695118;-49,1356041;0,000
PA;BR-422;53,000;54,000;1,000;29/08/2023;-5,38695118;-49,1356041;50,000
PA;BR-422;54,000;55,000;1,000;29/08/2023;-5,38695118;-49,1356041;50,000
PA;BR-422;55,000;56,000;1,000;29/08/2023;-5,38695118;-49,1356041;50,000
PA;BR-422;56,000;57,000;1,000;29/08/2023;-5,38695118;-49,1356041;0,000
PA;BR-422;57,000;58,000;1,000;29/08/2023;-5,38695118;-49,1356041;0,000
PA;BR-422;58,000;59,000;1,000;29/08/2023;-5,38695118;-49,1356041;0,000
PA;BR-422;59,000;60,000;1,000;29/08/2023;-5,38695118;-49,1356041;50,000
PA;BR-422;60,000;61,000;1,000;29/08/2023;-5,38695118;-49,1356041;67,500
PA;BR-422;61,000;62,000;1,000;29/08/2023;-5,38695118;-49,1356041;0,000
PA;BR-422;62,000;63,000;1,000;29/08/2023;-5,38697021;-49,1356057;70,000
PA;BR-422;63,000;64,000;1,000;29/08/2023;-5,38697021;-49,1356057;50,000
PA;BR-422;64,000;65,000;1,000;29/08/2023;-5,38697021;-49,1356057;50,000
PA;BR-422;65,000;66,000;1,000;29/08/2023;-5,38697021;-49,1356057;50,000
PA;BR-422;66,000;67,000;1,000;29/08/2023;-5,38697021;-49,1356057;0,000
PA;BR-422;67,000;68,000;1,000;29/08/2023;-5,38697021;-49,1356057;0,000
PA;BR-422;68,000;69,000;1,000;29/08/2023;-5,38697021;-49,1356057;70,000
PA;BR-422;69,000;70,000;1,000;29/08/2023;-5,38697021;-49,1356057;0,000
PA;BR-422;70,000;71,000;1,000;29/08/2023;-5,38697021;-49,1356057;0,000
PA;BR-422;71,000;72,000;1,000;29/08/2023;-5,38697021;-49,1356057;0,000
PA;BR-422;72,000;73,000;1,000;29/08/2023;-5,38697021;-49,1356057;67,500
PA;BR-422;73,000;74,000;1,000;29/08/2023;-5,38697021;-49,1356057;67,500
PA;BR-422;74,000;75,000;1,000;29/08/2023;-5,38697021;-49,1356057;67,500
PA;BR-422;75,000;76,000;1,000;29/08/2023;-5,38697021;-49,1356057;50,000
PA;BR-422;76,000;77,000;1,000;29/08/2023;-5,38697021;-49,1356057;51,250
PA;BR-422;77,000;78,000;1,000;29/08/2023;-5,38697021;-49,1356057;51,250
PA;BR-422;78,000;79,000;1,000;29/08/2023;-5,38697021;-49,1356057;58,750
PA;BR-422;79,000;80,000;1,000;29/08/2023;-5,38697021;-49,1356057;56,250
PA;BR-422;80,000;81,000;1,000;29/08/2023;-5,38697021;-49,1356057;10,000
PA;BR-422;81,000;82,000;1,000;29/08/2023;-5,38697021;-49,1356057;0,000
PA;BR-422;82,000;83,000;1,000;29/08/2023;-5,38697021;-49,1356057;0,000
PA;BR-422;83,000;84,000;1,000;29/08/2023;-5,38697021;-49,1356057;56,250
PA;BR-422;84,000;85,000;1,000;29/08/2023;-5,38697021;-49,1356057;50,000
PA;BR-422;85,000;86,000;1,000;29/08/2023;-5,38697021;-49,1356057;50,000
PA;BR-422;86,000;87,000;1,000;29/08/2023;-5,38697021;-49,1356057;50,000
PA;BR-422;87,000;88,000;1,000;29/08/2023;-5,38697021;-49,1356057;56,250
PA;BR-422;88,000;89,000;1,000;29/08/2023;-5,38697021;-49,1356057;67,500
PA;BR-422;89,000;90,000;1,000;29/08/2023;-5,38697021;-49,1356057;33,750
PA;BR-422;90,000;91,000;1,000;29/08/2023;-5,38697021;-49,1356057;22,500
PA;BR-422;91,000;92,000;1,000;29/08/2023;-5,38697021;-49,1356057;67,500
PA;BR-422;92,000;93,000;1,000;29/08/2023;-5,38697021;-49,1356057;50,000
PA;BR-422;93,000;94,000;1,000;29/08/2023;-5,38697021;-49,1356057;0,000
PA;BR-422;94,000;95,000;1,000;29/08/2023;-5,38697021;-49,1356057;50,000
PA;BR-422;95,000;96,000;1,000;29/08/2023;-5,38697021;-49,1356057;70,000
PA;BR-422;96,000;97,000;1,000;29/08/2023;-5,38697021;-49,1356057;57,500
PA;BR-422;97,000;98,000;1,000;29/08/2023;-5,38697021;-49,1356057;27,500
PA;BR-422;98,000;99,000;1,000;29/08/2023;-5,38697021;-49,1356057;3,750
PA;BR-422;99,000;100,000;1,000;29/08/2023;-5,38697021;-49,1356057;5,000
PA;BR-422;100,000;101,000;1,000;29/08/2023;-5,38697021;-49,1356057;50,000
PA;BR-422;101,000;102,000;1,000;29/08/2023;-5,38697021;-49,1356057;0,000
PA;BR-422;102,000;103,000;1,000;29/08/2023;-5,38697021;-49,1356057;0,000
PA;BR-422;103,000;104,000;1,000;29/08/2023;-5,38697021;-49,1356057;50,000
PA;BR-422;104,000;105,000;1,000;29/08/2023;-5,38697021;-49,1356057;73,750
PA;BR-422;105,000;106,000;1,000;29/08/2023;-5,38697021;-49,1356057;70,000
PA;BR-422;106,000;107,000;1,000;29/08/2023;-5,38697021;-49,1356057;50,000
PA;BR-422;107,000;108,000;1,000;29/08/2023;-5,38697021;-49,1356057;0,000
PA;BR-422;108,000;109,000;1,000;29/08/2023;-5,38697021;-49,1356057;50,000
PA;BR-422;109,000;110,000;1,000;29/08/2023;-5,38697021;-49,1356057;73,750
PA;BR-422;110,000;111,000;1,000;29/08/2023;-5,38697021;-49,1356057;50,000
PA;BR-422;111,000;112,000;1,000;29/08/2023;-5,38697021;-49,1356057;75,000
PA;BR-422;112,000;113,000;1,000;29/08/2023;-5,38697021;-49,1356057;0,000
PA;BR-422;113,000;114,000;1,000;29/08/2023;-5,38697021;-49,1356057;0,000
PA;BR-422;114,000;115,000;1,000;29/08/2023;-5,38697021;-49,1356057;50,000
PA;BR-422;115,000;116,000;1,000;29/08/2023;-5,38697021;-49,1356057;45,000
PA;BR-422;116,000;117,000;1,000;29/08/2023;-5,38697021;-49,1356057;0,000
PA;BR-422;117,000;118,000;1,000;29/08/2023;-5,38697021;-49,1356057;0,000
PA;BR-422;118,000;119,000;1,000;29/08/2023;-5,38697021;-49,1356057;50,000
PA;BR-422;119,000;120,000;1,000;29/08/2023;-5,38697021;-49,1356057;50,000
PA;BR-422;120,000;121,000;1,000;29/08/2023;-5,38697021;-49,1356057;0,000
PA;BR-422;121,000;122,000;1,000;29/08/2023;-5,38697021;-49,1356057;50,000
PA;BR-422;122,000;123,000;1,000;29/08/2023;-5,38697021;-49,1356057;0,000
PA;BR-422;123,000;124,000;1,000;29/08/2023;-5,38697021;-49,1356057;55,000
PA;BR-422;124,000;125,000;1,000;29/08/2023;-5,38697021;-49,1356057;55,000
PA;BR-422;125,000;126,000;1,000;29/08/2023;-5,38697021;-49,1356057;0,000
PA;BR-422;126,000;127,000;1,000;29/08/2023;-5,38697021;-49,1356057;55,000
PA;BR-422;127,000;128,000;1,000;29/08/2023;-5,38697021;-49,1356057;60,000
PA;BR-422;128,000;129,000;1,000;29/08/2023;-5,38697021;-49,1356057;88,750
PA;BR-422;129,000;130,000;1,000;29/08/2023;-5,38697021;-49,1356057;75,000
PA;BR-422;130,000;131,000;1,000;29/08/2023;-5,38697021;-49,1356057;0,000
PA;BR-422;131,000;132,000;1,000;29/08/2023;-5,38697021;-49,1356057;0,000
PA;BR-422;132,000;133,000;1,000;29/08/2023;-5,38697021;-49,1356057;73,750
PA;BR-422;133,000;134,000;1,000;29/08/2023;-5,38697021;-49,1356057;80,000
PA;BR-422;134,000;135,000;1,000;29/08/2023;-5,38697021;-49,1356057;0,000
PA;BR-422;135,000;136,000;1,000;29/08/2023;-5,38697021;-49,1356057;56,250
PA;BR-422;136,000;137,000;1,000;29/08/2023;-5,38690491;-49,1356547;50,000
PA;BR-422;137,000;138,000;1,000;29/08/2023;-5,3870768;-49,1354505;50,000
PA;BR-422;138,000;139,000;1,000;29/08/2023;-5,38705916;-49,1354554;0,000
PA;BR-422;139,000;140,000;1,000;29/08/2023;-5,38703796;-49,1354606;15,000
PA;BR-422;140,000;141,000;1,000;29/08/2023;-5,38703021;-49,135466;15,000
PA;BR-422;141,000;142,000;1,000;29/08/2023;-5,38702996;-49,1354656;75,000
PA;BR-422;142,000;143,000;1,000;29/08/2023;-5,38700753;-49,1355148;50,000
PA;BR-422;143,000;144,000;1,000;29/08/2023;-5,38699505;-49,1355134;50,000
PA;BR-422;144,000;145,000;1,000;29/08/2023;-5,38699461;-49,1355155;52,500
PA;BR-422;145,000;146,000;1,000;29/08/2023;-5,38699461;-49,1355155;75,000
PA;BR-422;146,000;147,000;1,000;29/08/2023;-5,38699461;-49,1355155;50,000
PA;BR-422;147,000;148,000;1,000;29/08/2023;-5,38699461;-49,1355155;57,500
PA;BR-422;148,000;149,000;1,000;29/08/2023;-5,38699461;-49,1355155;68,750
PA;BR-422;149,000;150,000;1,000;29/08/2023;-5,38699461;-49,1355155;53,750
PA;BR-422;150,000;151,000;1,000;29/08/2023;-5,38699461;-49,1355155;47,500
PA;BR-422;151,000;152,000;1,000;29/08/2023;-5,38699461;-49,1355155;50,000
PA;BR-422;152,000;153,000;1,000;29/08/2023;-5,38699461;-49,1355155;50,000
PA;BR-422;153,000;154,000;1,000;29/08/2023;-5,38699461;-49,1355155;0,000
PA;BR-422;154,000;155,000;1,000;29/08/2023;-5,38699461;-49,1355155;0,000
PA;BR-422;155,000;156,000;1,000;29/08/2023;-5,38699461;-49,1355155;40,000
PA;BR-422;156,000;157,000;1,000;29/08/2023;-5,38699461;-49,1355155;42,500
PA;BR-422;157,000;158,000;1,000;29/08/2023;-5,38697405;-49,1355181;42,500
PA;BR-422;158,000;159,000;1,000;29/08/2023;-5,38696388;-49,1355222;60,000
PA;BR-422;159,000;160,000;1,000;29/08/2023;-5,3869516;-49,1355257;50,000
PA;BR-422;160,000;161,000;1,000;29/08/2023;-5,38694848;-49,1355267;50,000
PA;BR-422;161,000;162,000;1,000;29/08/2023;-5,38694848;-49,1355267;2,500
PA;BR-422;162,000;163,000;1,000;29/08/2023;-5,38694848;-49,1355267;73,750
PA;BR-422;163,000;164,000;1,000;29/08/2023;-5,38694848;-49,1355267;0,000
PA;BR-422;164,000;165,000;1,000;29/08/2023;-5,38694848;-49,1355267;0,000
PA;BR-422;165,000;166,000;1,000;29/08/2023;-5,38694848;-49,1355267;50,000
PA;BR-422;166,000;167,000;1,000;29/08/2023;-5,38694848;-49,1355267;70,000
PA;BR-422;167,000;168,000;1,000;29/08/2023;-5,38694848;-49,1355267;50,000
PA;BR-422;168,000;169,000;1,000;29/08/2023;-5,38694848;-49,1355267;50,000
PA;BR-422;169,000;170,000;1,000;29/08/2023;-5,38694848;-49,1355267;57,500
PA;BR-422;170,000;171,000;1,000;29/08/2023;-5,38700708;-49,135604;57,500
PA;BR-422;171,000;172,000;1,000;29/08/2023;-5,3869483;-49,135646;57,500
PA;BR-422;172,000;173,000;1,000;29/08/2023;-5,3869483;-49,135646;57,500
PA;BR-422;173,000;174,000;1,000;29/08/2023;-5,38694471;-49,1356465;57,500
PA;BR-422;174,000;175,000;1,000;29/08/2023;-5,38694731;-49,1356465;57,500
PA;BR-422;175,000;176,000;1,000;29/08/2023;-5,38694921;-49,135649;57,500
PA;BR-422;176,000;177,000;1,000;29/08/2023;-5,38695545;-49,1356426;57,500
PA;BR-422;177,000;178,000;1,000;29/08/2023;-5,38695618;-49,1356432;57,500
PA;BR-422;178,000;179,000;1,000;29/08/2023;-5,38695618;-49,1356432;57,500
PA;BR-422;179,000;180,000;1,000;29/08/2023;-5,38695618;-49,1356432;57,500
PA;BR-422;180,000;181,000;1,000;29/08/2023;-5,38695618;-49,1356432;57,500
PA;BR-422;181,000;182,000;1,000;29/08/2023;-5,38695618;-49,1356432;50,000
PA;BR-422;182,000;183,000;1,000;29/08/2023;-5,38695618;-49,1356432;50,000
PA;BR-422;183,000;184,000;1,000;29/08/2023;-5,38695618;-49,1356432;50,000
PA;BR-422;184,000;185,000;1,000;29/08/2023;-5,38695618;-49,1356432;50,000
PA;BR-422;185,000;186,000;1,000;29/08/2023;-5,38695618;-49,1356432;50,000
PA;BR-422;186,000;187,000;1,000;29/08/2023;-5,38695618;-49,1356432;50,000
PA;BR-422;187,000;188,000;1,000;29/08/2023;-5,38690715;-49,1355594;50,000
PA;BR-422;188,000;189,000;1,000;29/08/2023;-5,38690715;-49,1355594;50,000
PA;BR-422;189,000;190,000;1,000;29/08/2023;-5,38689135;-49,1356124;50,000
PA;BR-422;190,000;191,000;1,000;29/08/2023;-5,38691471;-49,1356392;50,000
PA;BR-422;191,000;192,000;1,000;29/08/2023;-5,38692391;-49,1356471;50,000
PA;BR-422;192,000;193,000;1,000;29/08/2023;-5,38693363;-49,1356399;50,000
PA;BR-422;193,000;194,000;1,000;29/08/2023;-5,38693851;-49,1356347;50,000
PA;BR-422;194,000;195,000;1,000;29/08/2023;-5,3869434;-49,1356326;50,000
PA;BR-422;195,000;196,000;1,000;29/08/2023;-5,3869478;-49,1356316;50,000
PA;BR-422;196,000;197,000;1,000;29/08/2023;-5,3869478;-49,1356316;50,000
PA;BR-422;197,000;198,000;1,000;29/08/2023;-5,3869478;-49,1356316;50,000
PA;BR-422;198,000;199,000;1,000;29/08/2023;-5,3869478;-49,1356316;50,000
PA;BR-422;199,000;200,000;1,000;29/08/2023;-5,3869478;-49,1356316;50,000
PA;BR-422;200,000;201,000;1,000;29/08/2023;-5,3869478;-49,1356316;50,000
PA;BR-422;201,000;202,000;1,000;29/08/2023;-5,3869478;-49,1356316;50,000
PA;BR-422;202,000;203,000;1,000;29/08/2023;-5,3869478;-49,1356316;50,000
PA;BR-422;203,000;204,000;1,000;29/08/2023;-5,3869478;-49,1356316;50,000
PA;BR-422;204,000;205,000;1,000;29/08/2023;-5,3869478;-49,1356316;50,000
PA;BR-422;205,000;206,000;1,000;29/08/2023;-5,3869478;-49,1356316;50,000
PA;BR-422;206,000;207,000;1,000;29/08/2023;-5,3869478;-49,1356316;50,000
PA;BR-422;207,000;208,000;1,000;29/08/2023;-5,3869478;-49,1356316;50,000
PA;BR-422;208,000;209,000;1,000;29/08/2023;-5,3869478;-49,1356316;50,000
PA;BR-422;209,000;210,000;1,000;29/08/2023;-5,3869478;-49,1356316;50,000
PA;BR-422;210,000;211,000;1,000;29/08/2023;-5,3869478;-49,1356316;50,000
PA;BR-422;211,000;212,000;1,000;29/08/2023;-5,3869478;-49,1356316;50,000
PA;BR-422;212,000;213,000;1,000;29/08/2023;-5,3869478;-49,1356316;50,000
PA;BR-422;213,000;214,000;1,000;29/08/2023;-5,38694828;-49,1356235;50,000
PA;BR-422;214,000;215,000;1,000;29/08/2023;-5,38696945;-49,1356071;50,000
PA;BR-422;215,000;216,000;1,000;29/08/2023;-5,38696925;-49,135606;50,000
PA;BR-422;216,000;217,000;1,000;29/08/2023;-5,38696925;-49,135606;50,000
PA;BR-422;217,000;218,000;1,000;29/08/2023;-5,38696925;-49,135606;50,000
PA;BR-422;218,000;219,000;1,000;29/08/2023;-5,38696925;-49,135606;50,000
PA;BR-422;219,000;220,000;1,000;29/08/2023;-5,38696925;-49,135606;50,000
PA;BR-422;220,000;221,000;1,000;29/08/2023;-5,38696925;-49,135606;50,000
PA;BR-422;221,000;222,000;1,000;29/08/2023;-5,38696925;-49,135606;50,000
PA;BR-422;222,000;223,000;1,000;29/08/2023;-5,38696925;-49,135606;50,000
PA;BR-422;223,000;224,000;1,000;29/08/2023;-5,3869699;-49,1356059;57,500
PA;BR-422;224,000;225,000;1,000;29/08/2023;-5,38696965;-49,135607;61,250
PA;BR-422;225,000;226,000;1,000;29/08/2023;-5,38696965;-49,135607;61,250
PA;BR-422;226,000;227,000;1,000;29/08/2023;-5,38696965;-49,135607;57,500
PA;BR-422;227,000;228,000;1,000;29/08/2023;-5,38696965;-49,135607;57,500
PA;BR-422;228,000;229,000;1,000;29/08/2023;-5,38696965;-49,135607;57,500
PA;BR-422;229,000;230,000;1,000;29/08/2023;-5,38696965;-49,135607;53,750
PA;BR-422;230,000;231,000;1,000;29/08/2023;-5,38696965;-49,135607;57,500
PA;BR-422;231,000;232,000;1,000;29/08/2023;-5,38696965;-49,135607;50,000
PA;BR-422;232,000;233,000;1,000;29/08/2023;-5,38696965;-49,135607;50,000
PA;BR-422;233,000;234,000;1,000;29/08/2023;-5,38696965;-49,135607;50,000
PA;BR-422;234,000;235,000;1,000;29/08/2023;-5,38696965;-49,135607;50,000
PA;BR-422;235,000;236,000;1,000;29/08/2023;-5,38696965;-49,135607;50,000
PA;BR-422;236,000;237,000;1,000;29/08/2023;-5,38696965;-49,135607;50,000
PA;BR-422;237,000;238,000;1,000;29/08/2023;-5,38696965;-49,135607;57,500
PA;BR-422;238,000;239,000;1,000;29/08/2023;-5,38696965;-49,135607;57,500
PA;BR-422;239,000;240,000;1,000;29/08/2023;-5,38696965;-49,135607;57,500
PA;BR-422;240,000;241,000;1,000;29/08/2023;-5,38697775;-49,1356058;57,500
PA;BR-422;241,000;242,000;1,000;29/08/2023;-5,38697775;-49,1356058;53,750
PA;BR-422;242,000;243,000;1,000;29/08/2023;-5,38697775;-49,1356058;57,500
PA;BR-422;243,000;244,000;1,000;29/08/2023;-5,38697775;-49,1356058;50,000
PA;BR-422;244,000;245,000;1,000;29/08/2023;-5,38697775;-49,1356058;50,000
PA;BR-422;245,000;246,000;1,000;29/08/2023;-5,38697775;-49,1356058;50,000
PA;BR-422;246,000;247,000;1,000;29/08/2023;-5,38697775;-49,1356058;50,000
PA;BR-422;247,000;248,000;1,000;29/08/2023;-5,38697775;-49,1356058;50,000
PA;BR-422;248,000;249,000;1,000;29/08/2023;-5,38697775;-49,1356058;50,000
PA;BR-422;249,000;250,000;1,000;29/08/2023;-5,38697775;-49,1356058;50,000
PA;BR-422;250,000;251,000;1,000;29/08/2023;-5,38697775;-49,1356058;57,500
PA;BR-422;251,000;252,000;1,000;29/08/2023;-5,38697775;-49,1356058;57,500
PA;BR-422;252,000;253,000;1,000;29/08/2023;-5,38697775;-49,1356058;57,500
PA;BR-422;253,000;254,000;1,000;29/08/2023;-5,38697775;-49,1356058;57,500
PA;BR-422;254,000;255,000;1,000;29/08/2023;-5,38697775;-49,1356058;57,500
PA;BR-422;255,000;256,000;1,000;29/08/2023;-5,38697775;-49,1356058;53,750
PA;BR-422;256,000;257,000;1,000;29/08/2023;-5,38697775;-49,1356058;57,500
PA;BR-422;257,000;258,000;1,000;29/08/2023;-5,38697775;-49,1356058;53,750
PA;BR-422;258,000;259,000;1,000;29/08/2023;-5,38697775;-49,1356058;57,500
PA;BR-422;259,000;260,000;1,000;29/08/2023;-5,38697775;-49,1356058;50,000
PA;BR-422;260,000;261,000;1,000;29/08/2023;-5,38697775;-49,1356058;57,500
PA;BR-422;261,000;262,000;1,000;29/08/2023;-5,38697775;-49,1356058;50,000
PA;BR-422;262,000;263,000;1,000;29/08/2023;-5,38697775;-49,1356058;50,000
PA;BR-422;263,000;264,000;1,000;29/08/2023;-5,38697775;-49,1356058;50,000
PA;BR-422;264,000;265,000;1,000;29/08/2023;-5,38697775;-49,1356058;57,500
PA;BR-422;265,000;266,000;1,000;29/08/2023;-5,38697775;-49,1356058;12,500
PA;BR-422;266,000;267,000;1,000;29/08/2023;-5,38697775;-49,1356058;50,000
PA;BR-422;267,000;268,000;1,000;29/08/2023;-5,38697775;-49,1356058;0,000
PA;BR-422;268,000;269,000;1,000;29/08/2023;-5,38697775;-49,1356058;50,000
PA;BR-422;269,000;270,000;1,000;29/08/2023;-5,38697775;-49,1356058;50,000
PA;BR-422;270,000;271,000;1,000;29/08/2023;-5,38697775;-49,1356058;61,250
PA;BR-422;271,000;272,000;1,000;29/08/2023;-5,38697775;-49,1356058;57,500
PA;BR-422;272,000;273,000;1,000;29/08/2023;-5,38697775;-49,1356058;67,500
PA;BR-422;273,000;274,000;1,000;29/08/2023;-5,38697775;-49,1356058;75,000
PA;BR-422;274,000;275,000;1,000;29/08/2023;-5,38697775;-49,1356058;75,000
PA;BR-422;275,000;276,000;1,000;29/08/2023;-5,38697775;-49,1356058;52,500
PA;BR-422;276,000;277,000;1,000;29/08/2023;-5,38697775;-49,1356058;75,000
PA;BR-422;277,000;278,000;1,000;29/08/2023;-5,38697775;-49,1356058;63,750
PA;BR-422;278,000;279,000;1,000;29/08/2023;-5,38697775;-49,1356058;55,000
PA;BR-422;279,000;280,000;1,000;29/08/2023;-5,38697775;-49,1356058;51,250
PA;BR-422;280,000;281,000;1,000;29/08/2023;-5,38697775;-49,1356058;50,000
PA;BR-422;281,000;282,000;1,000;29/08/2023;-5,38697775;-49,1356058;0,000
PA;BR-422;282,000;283,000;1,000;29/08/2023;-5,38697775;-49,1356058;0,000
PA;BR-422;283,000;284,000;1,000;29/08/2023;-5,38697775;-49,1356058;0,000
PA;BR-422;284,000;285,000;1,000;29/08/2023;-5,38697775;-49,1356058;0,000
PA;BR-422;285,000;286,000;1,000;29/08/2023;-5,38697775;-49,1356058;50,000
PA;BR-422;286,000;287,000;1,000;29/08/2023;-5,38697775;-49,1356058;50,000
PA;BR-422;287,000;288,000;1,000;29/08/2023;-5,38697775;-49,1356058;50,000
PA;BR-422;288,000;289,000;1,000;29/08/2023;-5,38697775;-49,1356058;50,000
PA;BR-422;289,000;290,000;1,000;29/08/2023;-5,38697775;-49,1356058;50,000
PA;BR-422;290,000;291,000;1,000;29/08/2023;-5,38697775;-49,1356058;50,000
PA;BR-422;291,000;292,000;1,000;29/08/2023;-5,38697775;-49,1356058;50,000
PA;BR-422;292,000;293,000;1,000;29/08/2023;-5,38697775;-49,1356058;50,000
PA;BR-422;293,000;294,000;1,000;29/08/2023;-5,38697775;-49,1356058;73,750
PA;BR-422;294,000;295,000;1,000;29/08/2023;-5,38697775;-49,1356058;50,000
PA;BR-422;295,000;296,000;1,000;29/08/2023;-5,38697775;-49,1356058;57,500
PA;BR-422;296,000;297,000;1,000;29/08/2023;-5,38697775;-49,1356058;50,000
PA;BR-422;297,000;298,000;1,000;29/08/2023;-5,38697775;-49,1356058;50,000
PA;BR-422;298,000;299,000;1,000;29/08/2023;-5,38697775;-49,1356058;75,000
PA;BR-422;299,000;300,000;1,000;29/08/2023;-5,38697775;-49,1356058;70,000
PA;BR-422;300,000;301,000;1,000;29/08/2023;-5,38687955;-49,1356586;68,750
PA;BR-422;301,000;302,000;1,000;29/08/2023;-5,38690646;-49,1356415;57,500
PA;BR-422;302,000;303,000;1,000;29/08/2023;-5,3869186;-49,1356244;57,500
PA;BR-422;303,000;304,000;1,000;29/08/2023;-5,3869186;-49,1356244;68,750
PA;BR-422;304,000;305,000;1,000;29/08/2023;-5,38689511;-49,1356333;61,250
PA;BR-422;305,000;306,000;1,000;29/08/2023;-5,3869003;-49,1356217;61,250
PA;BR-422;306,000;307,000;1,000;29/08/2023;-5,38690586;-49,1356141;57,500
PA;BR-422;307,000;308,000;1,000;29/08/2023;-5,3869091;-49,1356112;57,500
PA;BR-422;308,000;309,000;1,000;29/08/2023;-5,3869091;-49,1356112;55,000
PA;BR-422;309,000;310,000;1,000;29/08/2023;-5,3869091;-49,1356112;55,000
PA;BR-422;310,000;311,000;1,000;29/08/2023;-5,38691148;-49,1356141;55,000
PA;BR-422;311,000;312,000;1,000;29/08/2023;-5,38691175;-49,1356129;75,000
PA;BR-422;312,000;313,000;1,000;29/08/2023;-5,38691175;-49,1356129;51,250
PA;BR-422;313,000;314,000;1,000;29/08/2023;-5,38691175;-49,1356129;65,000
PA;BR-422;314,000;315,000;1,000;29/08/2023;-5,38691175;-49,1356129;55,000
PA;BR-422;315,000;316,000;1,000;29/08/2023;-5,38691175;-49,1356129;55,000
PA;BR-422;316,000;317,000;1,000;29/08/2023;-5,38691175;-49,1356129;55,000
PA;BR-422;317,000;318,000;1,000;29/08/2023;-5,38691175;-49,1356129;55,000
PA;BR-422;318,000;319,000;1,000;29/08/2023;-5,38691175;-49,1356129;55,000
PA;BR-422;319,000;320,000;1,000;29/08/2023;-5,38692435;-49,1356059;55,000
PA;BR-422;320,000;321,000;1,000;29/08/2023;-5,38692278;-49,1356077;55,000
PA;BR-422;321,000;322,000;1,000;29/08/2023;-5,38692281;-49,135609;55,000
PA;BR-422;322,000;323,000;1,000;29/08/2023;-5,38692281;-49,135609;75,000
PA;BR-422;323,000;324,000;1,000;29/08/2023;-5,38692281;-49,135609;75,000
PA;BR-422;324,000;325,000;1,000;29/08/2023;-5,38692281;-49,135609;75,000
PA;BR-422;325,000;326,000;1,000;29/08/2023;-5,38692281;-49,135609;75,000
PA;BR-422;326,000;327,000;1,000;29/08/2023;-5,38692281;-49,135609;75,000
PA;BR-422;327,000;328,000;1,000;29/08/2023;-5,38692281;-49,135609;51,250
PA;BR-422;328,000;329,000;1,000;29/08/2023;-5,38692281;-49,135609;57,500
PA;BR-422;329,000;330,000;1,000;29/08/2023;-5,38692281;-49,135609;75,000
PA;BR-422;330,000;331,000;1,000;29/08/2023;-5,38692281;-49,135609;55,000
PA;BR-422;331,000;332,000;1,000;29/08/2023;-5,38692281;-49,135609;55,000
PA;BR-422;332,000;333,000;1,000;29/08/2023;-5,38692281;-49,135609;75,000
PA;BR-422;333,000;334,000;1,000;29/08/2023;-5,38692281;-49,135609;50,000
PA;BR-422;334,000;335,000;1,000;29/08/2023;-5,38692281;-49,135609;75,000
PA;BR-422;335,000;336,000;1,000;29/08/2023;-5,38692281;-49,135609;55,000
PA;BR-230;266,000;267,000;1,000;29/08/2023;-5,38543516;-49,1348309;31,250
PA;BR-230;267,000;268,000;1,000;29/08/2023;-5,38543516;-49,1348309;31,250
PA;BR-230;268,000;269,000;1,000;29/08/2023;-5,38543516;-49,1348309;31,250
PA;BR-230;269,000;270,000;1,000;29/08/2023;-5,38543516;-49,1348309;31,250
PA;BR-230;270,000;271,000;1,000;29/08/2023;-5,38543516;-49,1348309;31,250
PA;BR-230;271,000;272,000;1,000;29/08/2023;-5,38543516;-49,1348309;31,250
PA;BR-230;272,000;273,000;1,000;29/08/2023;-5,38543516;-49,1348309;31,250
PA;BR-230;273,000;274,000;1,000;29/08/2023;-5,3869535;-49,1356159;43,750
PA;BR-230;274,000;275,000;1,000;29/08/2023;-5,3869535;-49,1356159;31,250
PA;BR-230;275,000;276,000;1,000;29/08/2023;-5,38705033;-49,1354557;45,000
PA;BR-230;276,000;277,000;1,000;29/08/2023;-5,3870156;-49,1355393;0,000
PA;BR-230;277,000;278,000;1,000;29/08/2023;-5,38700011;-49,1355223;0,000
PA;BR-230;278,000;279,000;1,000;29/08/2023;-5,38700208;-49,1355241;27,500
PA;BR-230;279,000;280,000;1,000;29/08/2023;-5,38701001;-49,1355264;0,000
PA;BR-230;280,000;281,000;1,000;29/08/2023;-5,38701568;-49,1355072;0,000
PA;BR-230;281,000;282,000;1,000;29/08/2023;-5,3870278;-49,13548;0,000
PA;BR-230;282,000;283,000;1,000;29/08/2023;-5,38704021;-49,1354527;0,000
PA;BR-230;283,000;284,000;1,000;29/08/2023;-5,38704888;-49,1354368;0,000
PA;BR-230;284,000;285,000;1,000;29/08/2023;-5,38706043;-49,1354117;0,000
PA;BR-230;285,000;286,000;1,000;29/08/2023;-5,38707026;-49,1353921;17,500
PA;BR-230;286,000;287,000;1,000;29/08/2023;-5,38706191;-49,1353818;0,000
PA;BR-230;287,000;288,000;1,000;29/08/2023;-5,38706191;-49,1353818;0,000
PA;BR-230;288,000;289,000;1,000;29/08/2023;-5,387059;-49,1353794;0,000
PA;BR-230;289,000;290,000;1,000;29/08/2023;-5,38703473;-49,1354432;0,000
PA;BR-230;290,000;291,000;1,000;29/08/2023;-5,38702363;-49,1354521;0,000
PA;BR-230;291,000;292,000;1,000;29/08/2023;-5,38701738;-49,1354516;0,000
PA;BR-230;292,000;293,000;1,000;29/08/2023;-5,38700595;-49,1354581;0,000
PA;BR-230;293,000;294,000;1,000;29/08/2023;-5,38699793;-49,1354764;0,000
PA;BR-230;294,000;295,000;1,000;29/08/2023;-5,38698988;-49,1354892;0,000
PA;BR-230;295,000;296,000;1,000;29/08/2023;-5,3869822;-49,1355121;0,000
PA;BR-230;296,000;297,000;1,000;29/08/2023;-5,3869801;-49,1355205;0,000
PA;BR-230;297,000;298,000;1,000;29/08/2023;-5,3869799;-49,135524;0,000
PA;BR-230;298,000;299,000;1,000;29/08/2023;-5,3869799;-49,135524;0,000
PA;BR-230;299,000;300,000;1,000;29/08/2023;-5,3869799;-49,135524;0,000
PA;BR-230;300,000;301,000;1,000;29/08/2023;-5,3869799;-49,135524;0,000
PA;BR-230;301,000;302,000;1,000;29/08/2023;-5,3869799;-49,135524;0,000
PA;BR-230;302,000;303,000;1,000;29/08/2023;-5,38698216;-49,135535;0,000
PA;BR-230;303,000;304,000;1,000;29/08/2023;-5,38698216;-49,135535;0,000
PA;BR-230;304,000;305,000;1,000;29/08/2023;-5,38698216;-49,135535;0,000
PA;BR-230;305,000;306,000;1,000;29/08/2023;-5,38698216;-49,135535;0,000
PA;BR-230;306,000;307,000;1,000;29/08/2023;-5,38698216;-49,135535;0,000
PA;BR-230;307,000;308,000;1,000;29/08/2023;-5,38698216;-49,135535;0,000
GO;BR-070;67,300;68,000;0,700;15/08/2023;-15,7827884;-48,7899308;2,500
GO;BR-070;68,000;69,000;1,000;15/08/2023;-15,7798603;-48,7732851;0,000
GO;BR-070;69,000;70,000;1,000;15/08/2023;-15,7825647;-48,7917586;0,000
GO;BR-070;70,000;71,000;1,000;15/08/2023;-15,7828137;-48,7967037;0,000
GO;BR-070;71,000;72,000;1,000;15/08/2023;-15,7813615;-48,8037624;0,000
GO;BR-070;72,000;73,000;1,000;15/08/2023;-15,7813615;-48,8037624;0,000
GO;BR-070;73,000;74,000;1,000;15/08/2023;-15,7738361;-48,766377;0,000
GO;BR-070;74,000;75,000;1,000;15/08/2023;-15,7738361;-48,766377;0,000
GO;BR-070;75,000;76,000;1,000;15/08/2023;-15,7738361;-48,766377;15,000
GO;BR-070;76,000;77,000;1,000;15/08/2023;-15,7738361;-48,766377;2,500
GO;BR-070;77,000;78,000;1,000;15/08/2023;-15,7554525;-48,771401;0,000
GO;BR-070;78,000;79,000;1,000;15/08/2023;-15,7554525;-48,771401;0,000
GO;BR-070;79,000;80,000;1,000;15/08/2023;-15,7554525;-48,771401;0,000
GO;BR-070;80,000;81,000;1,000;15/08/2023;-15,7554525;-48,771401;0,000
GO;BR-070;81,000;82,000;1,000;15/08/2023;-15,7554525;-48,771401;0,000
GO;BR-070;82,000;83,000;1,000;15/08/2023;-15,7554525;-48,771401;0,000
GO;BR-070;83,000;84,000;1,000;15/08/2023;-15,7554525;-48,771401;0,000
GO;BR-070;84,000;85,000;1,000;15/08/2023;-15,7554525;-48,771401;0,000
GO;BR-070;85,000;86,000;1,000;15/08/2023;-15,7554525;-48,771401;0,000
GO;BR-070;86,000;87,000;1,000;15/08/2023;-15,7554525;-48,771401;0,000
GO;BR-070;87,000;88,000;1,000;15/08/2023;-15,7554525;-48,771401;0,000
GO;BR-070;88,000;89,000;1,000;15/08/2023;-15,7554525;-48,771401;15,000
GO;BR-070;89,000;90,000;1,000;15/08/2023;-15,7554525;-48,771401;30,000
GO;BR-070;90,000;91,000;1,000;15/08/2023;-15,7554525;-48,771401;0,000
GO;BR-070;91,000;92,000;1,000;15/08/2023;-15,7554525;-48,771401;12,500
GO;BR-070;92,000;93,000;1,000;15/08/2023;-15,7554525;-48,771401;0,000
GO;BR-070;93,000;94,000;1,000;15/08/2023;-15,7554525;-48,771401;0,000
GO;BR-070;94,000;95,000;1,000;15/08/2023;-15,7554525;-48,771401;0,000
GO;BR-070;95,000;96,000;1,000;15/08/2023;-15,7554525;-48,771401;15,000
GO;BR-070;96,000;97,000;1,000;15/08/2023;-15,7554525;-48,771401;0,000
GO;BR-070;97,000;98,000;1,000;15/08/2023;-15,7554525;-48,771401;0,000
GO;BR-070;98,000;99,000;1,000;15/08/2023;-15,8013071;-49,0215956;0,000
GO;BR-070;99,000;100,000;1,000;15/08/2023;-15,8013071;-49,0215956;0,000
GO;BR-070;100,000;101,000;1,000;15/08/2023;-15,8013071;-49,0215956;0,000
GO;BR-070;101,000;102,000;1,000;15/08/2023;-15,8013071;-49,0215956;0,000
GO;BR-070;102,000;103,000;1,000;15/08/2023;-15,8013071;-49,0215956;0,000
GO;BR-070;103,000;104,000;1,000;15/08/2023;-15,8013071;-49,0215956;0,000
GO;BR-070;104,000;105,000;1,000;15/08/2023;-15,8013071;-49,0215956;0,000
GO;BR-070;105,000;106,000;1,000;15/08/2023;-15,8013071;-49,0215956;0,000
GO;BR-070;106,000;107,000;1,000;15/08/2023;-15,8013071;-49,0215956;0,000
GO;BR-070;107,000;108,000;1,000;15/08/2023;-15,8013071;-49,0215956;0,000
GO;BR-070;108,000;109,000;1,000;15/08/2023;-15,8013071;-49,0215956;0,000
GO;BR-070;109,000;110,000;1,000;15/08/2023;-15,8013071;-49,0215956;0,000
GO;BR-070;110,000;111,000;1,000;15/08/2023;-15,8013071;-49,0215956;0,000
GO;BR-070;111,000;112,000;1,000;15/08/2023;-15,8013071;-49,0215956;0,000
GO;BR-070;112,000;113,000;1,000;15/08/2023;-15,8013071;-49,0215956;0,000
GO;BR-070;113,000;114,000;1,000;15/08/2023;-15,8013071;-49,0215956;0,000
GO;BR-070;114,000;115,000;1,000;15/08/2023;-15,8013071;-49,0215956;0,000
GO;BR-070;115,000;116,000;1,000;15/08/2023;-15,8013071;-49,0215956;0,000
GO;BR-070;116,000;117,000;1,000;15/08/2023;-15,8013071;-49,0215956;0,000
GO;BR-070;117,000;118,000;1,000;15/08/2023;-15,8013071;-49,0215956;0,000
GO;BR-070;118,000;119,000;1,000;15/08/2023;-15,8013071;-49,0215956;15,000
GO;BR-070;119,000;120,000;1,000;15/08/2023;-15,8013071;-49,0215956;0,000
GO;BR-070;120,000;121,000;1,000;15/08/2023;-15,8013071;-49,0215956;15,000
GO;BR-070;121,000;122,000;1,000;15/08/2023;-15,8013071;-49,0215956;17,500
GO;BR-070;122,000;123,000;1,000;15/08/2023;-15,8013071;-49,0215956;0,000
GO;BR-070;123,000;124,000;1,000;15/08/2023;-15,8013071;-49,0215956;15,000
GO;BR-070;124,000;125,000;1,000;15/08/2023;-15,7876985;-49,3029989;15,000
GO;BR-070;125,000;126,000;1,000;15/08/2023;-15,7630113;-49,3150446;0,000
GO;BR-070;126,000;127,000;1,000;15/08/2023;-15,8379207;-49,2747965;0,000
GO;BR-080;277,500;278,000;0,500;21/08/2023;-14,2936132;-49,1858016;15,000
GO;BR-080;278,000;279,000;1,000;21/08/2023;-14,2936132;-49,1858016;0,000
GO;BR-080;279,000;280,000;1,000;21/08/2023;-14,2936132;-49,1858016;22,500
GO;BR-080;280,000;281,000;1,000;21/08/2023;-14,2936132;-49,1858016;15,000
GO;BR-080;281,000;282,000;1,000;21/08/2023;-14,2936132;-49,1858016;15,000
GO;BR-080;282,000;283,000;1,000;21/08/2023;-13,9189699;-49,7777596;0,000