UF;Rodovia;km inicial;km final;Extensão (km);Data;Latitude;Longitude;ICMNP
;;;;;;;;
;;;;;;;;
AM;BR-230;642,600;643,000;0,400;02/02/2023;-7,56287115;-63,2711272;58,750
AM;BR-230;643,000;644,000;1,000;02/02/2023;-7,56287115;-63,2711272;80,000
AM;BR-230;644,000;645,000;1,000;02/02/2023;-7,56287115;-63,2711272;76,250
AM;BR-230;645,000;646,000;1,000;02/02/2023;-7,56287115;-63,2711272;72,500
AM;BR-230;646,000;647,000;1,000;02/02/2023;-7,56287115;-63,2711272;73,750
AM;BR-230;647,000;648,000;1,000;02/02/2023;-7,56287115;-63,2711272;68,750
AM;BR-230;648,000;649,000;1,000;02/02/2023;-7,56287115;-63,2711272;61,250
AM;BR-230;649,000;650,000;1,000;02/02/2023;-7,56287115;-63,2711272;76,250
AM;BR-230;650,000;651,000;1,000;02/02/2023;-7,56287115;-63,2711272;80,000
AM;BR-230;651,000;652,000;1,000;02/02/2023;-7,56287115;-63,2711272;61,250
AM;BR-230;652,000;653,000;1,000;02/02/2023;-7,56287115;-63,2711272;75,000
AM;BR-230;653,000;654,000;1,000;02/02/2023;-7,56287115;-63,2711272;68,750
AM;BR-230;654,000;655,000;1,000;02/02/2023;-7,56287115;-63,2711272;83,750
AM;BR-230;655,000;656,000;1,000;02/02/2023;-7,56287115;-63,2711272;68,750
AM;BR-230;656,000;657,000;1,000;02/02/2023;-7,56287115;-63,2711272;58,750
AM;BR-230;657,000;658,000;1,000;02/02/2023;-7,56287115;-63,2711272;68,750
AM;BR-230;658,000;659,000;1,000;02/02/2023;-7,56287115;-63,2711272;63,750
AM;BR-230;659,000;660,000;1,000;02/02/2023;-7,56287115;-63,2711272;68,750
AM;BR-230;660,000;661,000;1,000;02/02/2023;-7,56287115;-63,2711272;66,250
AM;BR-230;661,000;662,000;1,000;02/02/2023;-7,56287115;-63,2711272;58,750
AM;BR-230;662,000;663,000;1,000;02/02/2023;-7,56287115;-63,2711272;56,250
AM;BR-230;663,000;664,000;1,000;02/02/2023;-7,56287115;-63,2711272;66,250
AM;BR-230;664,000;665,000;1,000;02/02/2023;-7,56287115;-63,2711272;82,500
AM;BR-230;665,000;666,000;1,000;02/02/2023;-7,56287115;-63,2711272;72,500
AM;BR-230;666,000;667,000;1,000;02/02/2023;-7,56287115;-63,2711272;88,750
AM;BR-230;667,000;668,000;1,000;02/02/2023;-7,56287115;-63,2711272;88,750
AM;BR-230;668,000;669,000;1,000;02/02/2023;-7,56287115;-63,2711272;82,500
AM;BR-230;669,000;670,000;1,000;02/02/2023;-7,56287115;-63,2711272;88,750
AM;BR-230;670,000;671,000;1,000;02/02/2023;-7,56287115;-63,2711272;91,250
AM;BR-230;671,000;672,000;1,000;02/02/2023;-7,56287115;-63,2711272;91,250
AM;BR-230;672,000;673,000;1,000;02/02/2023;-7,56287115;-63,2711272;82,500
AM;BR-230;673,000;674,000;1,000;02/02/2023;-7,56287115;-63,2711272;67,500
AM;BR-230;674,000;675,000;1,000;02/02/2023;-7,56287115;-63,2711272;68,750
AM;BR-230;675,000;676,000;1,000;02/02/2023;-7,56287115;-63,2711272;83,750
AM;BR-230;676,000;677,000;1,000;02/02/2023;-7,56287115;-63,2711272;96,250
AM;BR-230;677,000;678,000;1,000;02/02/2023;-7,56287115;-63,2711272;92,500
AM;BR-230;678,000;679,000;1,000;02/02/2023;-7,56287115;-63,2711272;73,750
AM;BR-230;679,000;680,000;1,000;02/02/2023;-7,56287115;-63,2711272;96,250
AM;BR-230;680,000;681,000;1,000;02/02/2023;-7,56287115;-63,2711272;78,750
AM;BR-230;681,000;682,000;1,000;02/02/2023;-7,56287115;-63,2711272;75,000
AM;BR-230;682,000;683,000;1,000;02/02/2023;-7,56287115;-63,2711272;75,000
AM;BR-230;683,000;684,000;1,000;02/02/2023;-7,56287115;-63,2711272;87,500
AM;BR-230;684,000;685,000;1,000;02/02/2023;-7,56287115;-63,2711272;75,000
AM;BR-230;685,000;686,000;1,000;02/02/2023;-7,56287115;-63,2711272;68,750
AM;BR-230;686,000;687,000;1,000;02/02/2023;-7,56287115;-63,2711272;63,750
AM;BR-230;687,000;688,000;1,000;02/02/2023;-7,56287115;-63,2711272;66,250
AM;BR-230;688,000;689,000;1,000;02/02/2023;-7,56287115;-63,2711272;76,250
AM;BR-230;689,000;690,000;1,000;02/02/2023;-7,56287115;-63,2711272;51,250
AM;BR-230;690,000;691,000;1,000;02/02/2023;-7,56287115;-63,2711272;63,750
AM;BR-230;691,000;692,000;1,000;02/02/2023;-7,56287115;-63,2711272;53,750
AM;BR-230;692,000;693,000;1,000;02/02/2023;-7,56287115;-63,2711272;56,250
AM;BR-230;693,000;694,000;1,000;02/02/2023;-7,56287115;-63,2711272;48,750
AM;BR-230;694,000;695,000;1,000;02/02/2023;-7,56287115;-63,2711272;58,750
AM;BR-230;695,000;696,000;1,000;02/02/2023;-7,56287115;-63,2711272;68,750
AM;BR-230;696,000;697,000;1,000;02/02/2023;-7,56287115;-63,2711272;63,750
AM;BR-230;697,000;698,000;1,000;02/02/2023;-7,56287115;-63,2711272;48,750
AM;BR-230;698,000;699,000;1,000;02/02/2023;-7,56287115;-63,2711272;93,750
AM;BR-230;699,000;700,000;1,000;02/02/2023;-7,56287115;-63,2711272;48,750
AM;BR-230;700,000;701,000;1,000;02/02/2023;-7,56287115;-63,2711272;71,250
AM;BR-230;701,000;702,000;1,000;02/02/2023;-7,56287115;-63,2711272;75,000
AM;BR-230;702,000;703,000;1,000;02/02/2023;-7,56287115;-63,2711272;67,500
AM;BR-230;703,000;704,000;1,000;02/02/2023;-7,56287115;-63,2711272;56,250
AM;BR-230;704,000;705,000;1,000;02/02/2023;-7,56287115;-63,2711272;90,000
AM;BR-230;705,000;706,000;1,000;02/02/2023;-7,56287115;-63,2711272;48,750
AM;BR-230;706,000;707,000;1,000;02/02/2023;-7,56287115;-63,2711272;90,000
AM;BR-230;707,000;708,000;1,000;02/02/2023;-7,56287115;-63,2711272;88,750
AM;BR-230;708,000;709,000;1,000;02/02/2023;-7,56287115;-63,2711272;82,500
AM;BR-230;709,000;710,000;1,000;02/02/2023;-7,56287115;-63,2711272;50,000
AM;BR-230;710,000;711,000;1,000;02/02/2023;-7,56287115;-63,2711272;75,000
AM;BR-230;711,000;712,000;1,000;02/02/2023;-7,56287115;-63,2711272;93,750
AM;BR-230;712,000;713,000;1,000;02/02/2023;-7,56287115;-63,2711272;56,250
AM;BR-230;713,000;714,000;1,000;02/02/2023;-7,56287115;-63,2711272;63,750
AM;BR-230;714,000;715,000;1,000;02/02/2023;-7,56287115;-63,2711272;63,750
AM;BR-230;715,000;716,000;1,000;02/02/2023;-7,56287115;-63,2711272;93,750
AM;BR-230;716,000;717,000;1,000;02/02/2023;-7,56287115;-63,2711272;41,250
AM;BR-230;717,000;718,000;1,000;02/02/2023;-7,56287115;-63,2711272;71,250
AM;BR-230;718,000;719,000;1,000;02/02/2023;-7,56287115;-63,2711272;41,250
AM;BR-230;719,000;720,000;1,000;02/02/2023;-7,56287115;-63,2711272;75,000
AM;BR-230;720,000;721,000;1,000;02/02/2023;-7,56287115;-63,2711272;41,250
AM;BR-230;721,000;722,000;1,000;02/02/2023;-7,56287115;-63,2711272;82,500
AM;BR-230;722,000;723,000;1,000;02/02/2023;-7,56287115;-63,2711272;78,750
AM;BR-230;723,000;724,000;1,000;02/02/2023;-7,56287115;-63,2711272;41,250
AM;BR-230;724,000;725,000;1,000;02/02/2023;-7,56287115;-63,2711272;56,250
AM;BR-230;725,000;726,000;1,000;02/02/2023;-7,56287115;-63,2711272;60,000
AM;BR-230;726,000;727,000;1,000;02/02/2023;-7,56287115;-63,2711272;41,250
AM;BR-230;727,000;728,000;1,000;02/02/2023;-7,56287115;-63,2711272;41,250
AM;BR-230;728,000;729,000;1,000;02/02/2023;-7,56287115;-63,2711272;41,250
AM;BR-230;729,000;730,000;1,000;02/02/2023;-7,56287115;-63,2711272;16,250
AM;BR-230;730,000;731,000;1,000;02/02/2023;-7,56287115;-63,2711272;41,250
AM;BR-230;731,000;732,000;1,000;02/02/2023;-7,56287115;-63,2711272;41,250
AM;BR-230;732,000;733,200;1,200;02/02/2023;-7,56287115;-63,2711272;82,500
AM;BR-230;733,200;734,000;0,800;02/02/2023;-7,47600675;-64,068222;56,250
AM;BR-230;734,000;735,000;1,000;02/02/2023;-7,47600675;-64,068222;56,250
AM;BR-230;735,000;736,000;1,000;02/02/2023;-7,47600675;-64,068222;81,250
AM;BR-230;736,000;737,000;1,000;02/02/2023;-7,47600675;-64,068222;82,500
AM;BR-230;737,000;738,000;1,000;02/02/2023;-7,47600675;-64,068222;63,750
AM;BR-230;738,000;739,000;1,000;02/02/2023;-7,47600675;-64,068222;66,250
AM;BR-230;739,000;740,000;1,000;02/02/2023;-7,47600675;-64,068222;71,250
AM;BR-230;740,000;741,000;1,000;02/02/2023;-7,47600675;-64,068222;71,250
AM;BR-230;741,000;742,000;1,000;02/02/2023;-7,47600675;-64,068222;63,750
AM;BR-230;742,000;743,000;1,000;02/02/2023;-7,47600675;-64,068222;63,750
AM;BR-230;743,000;744,000;1,000;02/02/2023;-7,47600675;-64,068222;77,500
AM;BR-230;744,000;745,000;1,000;02/02/2023;-7,47600675;-64,068222;67,500
AM;BR-230;745,000;746,000;1,000;02/02/2023;-7,47600675;-64,068222;53,750
AM;BR-230;746,000;747,000;1,000;02/02/2023;-7,47600675;-64,068222;16,250
AM;BR-230;747,000;748,000;1,000;02/02/2023;-7,47600675;-64,068222;75,000
AM;BR-230;748,000;749,000;1,000;02/02/2023;-7,47600675;-64,068222;86,250
AM;BR-230;749,000;750,000;1,000;02/02/2023;-7,47600675;-64,068222;75,000
AM;BR-230;750,000;751,000;1,000;02/02/2023;-7,47600675;-64,068222;35,000
AM;BR-230;751,000;752,000;1,000;02/02/2023;-7,47600675;-64,068222;86,250
AM;BR-230;752,000;753,000;1,000;02/02/2023;-7,47600675;-64,068222;56,250
AM;BR-230;753,000;754,000;1,000;02/02/2023;-7,47600675;-64,068222;68,750
AM;BR-230;754,000;755,000;1,000;02/02/2023;-7,47600675;-64,068222;91,250
AM;BR-230;755,000;756,000;1,000;02/02/2023;-7,47600675;-64,068222;93,750
AM;BR-230;756,000;757,000;1,000;02/02/2023;-7,47600675;-64,068222;93,750
AM;BR-230;757,000;758,000;1,000;02/02/2023;-7,47600675;-64,068222;86,250
AM;BR-230;758,000;759,000;1,000;02/02/2023;-7,47600675;-64,068222;93,750
AM;BR-230;759,000;760,000;1,000;02/02/2023;-7,47600675;-64,068222;93,750
AM;BR-230;760,000;761,000;1,000;02/02/2023;-7,47600675;-64,068222;93,750
AM;BR-230;761,000;762,000;1,000;02/02/2023;-7,47600675;-64,068222;93,750
AM;BR-230;762,000;763,000;1,000;02/02/2023;-7,47600675;-64,068222;93,750
AM;BR-230;763,000;764,000;1,000;02/02/2023;-7,47600675;-64,068222;90,000
AM;BR-230;764,000;765,000;1,000;02/02/2023;-7,47600675;-64,068222;87,500
AM;BR-230;765,000;766,000;1,000;02/02/2023;-7,47600675;-64,068222;98,750
AM;BR-230;766,000;767,000;1,000;02/02/2023;-7,47600675;-64,068222;90,000
AM;BR-230;767,000;768,000;1,000;02/02/2023;-7,47600675;-64,068222;93,750
AM;BR-230;768,000;769,000;1,000;02/02/2023;-7,47600675;-64,068222;93,750
AM;BR-230;769,000;770,000;1,000;02/02/2023;-7,47600675;-64,068222;93,750
AM;BR-230;770,000;771,000;1,000;02/02/2023;-7,47600675;-64,068222;95,000
AM;BR-230;771,000;772,000;1,000;02/02/2023;-7,47600675;-64,068222;93,750
AM;BR-230;772,000;773,000;1,000;02/02/2023;-7,47600675;-64,068222;93,750
AM;BR-230;773,000;774,000;1,000;02/02/2023;-7,47600675;-64,068222;93,750
AM;BR-230;774,000;775,000;1,000;02/02/2023;-7,47600675;-64,068222;93,750
AM;BR-230;775,000;776,000;1,000;02/02/2023;-7,47600675;-64,068222;93,750
AM;BR-230;776,000;777,000;1,000;02/02/2023;-7,47600675;-64,068222;86,250
AM;BR-230;777,000;778,000;1,000;02/02/2023;-7,47600675;-64,068222;82,500
AM;BR-230;778,000;779,000;1,000;02/02/2023;-7,47600675;-64,068222;61,250
AM;BR-230;779,000;780,000;1,000;02/02/2023;-7,47600675;-64,068222;56,250
AM;BR-230;780,000;781,000;1,000;02/02/2023;-7,47600675;-64,068222;56,250
AM;BR-230;781,000;782,000;1,000;02/02/2023;-7,47600675;-64,068222;63,750
AM;BR-230;782,000;783,000;1,000;02/02/2023;-7,47600675;-64,068222;77,500
AM;BR-230;783,000;784,000;1,000;02/02/2023;-7,47600675;-64,068222;66,250
AM;BR-230;784,000;785,000;1,000;02/02/2023;-7,47600675;-64,068222;68,750
AM;BR-230;785,000;786,000;1,000;02/02/2023;-7,47600675;-64,068222;35,000
AM;BR-230;786,000;787,000;1,000;02/02/2023;-7,47600675;-64,068222;57,500
AM;BR-230;787,000;788,000;1,000;02/02/2023;-7,47600675;-64,068222;71,250
AM;BR-230;788,000;789,000;1,000;02/02/2023;-7,47600675;-64,068222;62,500
AM;BR-230;789,000;790,000;1,000;02/02/2023;-7,47600675;-64,068222;56,250
AM;BR-230;790,000;791,000;1,000;02/02/2023;-7,47600675;-64,068222;41,250
AM;BR-230;791,000;792,000;1,000;02/02/2023;-7,47600675;-64,068222;63,750
AM;BR-230;792,000;793,000;1,000;02/02/2023;-7,47600675;-64,068222;21,250
AM;BR-230;793,000;794,000;1,000;02/02/2023;-7,47600675;-64,068222;23,750
AM;BR-230;794,000;795,000;1,000;02/02/2023;-7,47600675;-64,068222;43,750
AM;BR-230;795,000;796,000;1,000;02/02/2023;-7,47600675;-64,068222;63,750
AM;BR-230;796,000;797,000;1,000;02/02/2023;-7,47600675;-64,068222;63,750
AM;BR-230;797,000;798,000;1,000;02/02/2023;-7,47600675;-64,068222;63,750
AM;BR-230;798,000;799,000;1,000;02/02/2023;-7,47600675;-64,068222;51,250
AM;BR-230;799,000;800,000;1,000;02/02/2023;-7,47600675;-64,068222;57,500
AM;BR-230;800,000;801,000;1,000;02/02/2023;-7,47600675;-64,068222;40,000
AM;BR-230;801,000;802,000;1,000;02/02/2023;-7,47600675;-64,068222;68,750
AM;BR-230;802,000;803,000;1,000;02/02/2023;-7,47600675;-64,068222;68,750
AM;BR-230;803,000;804,000;1,000;02/02/2023;-7,47600675;-64,068222;68,750
AM;BR-230;804,000;805,000;1,000;02/02/2023;-7,47600675;-64,068222;56,250
AM;BR-230;805,000;806,000;1,000;02/02/2023;-7,47600675;-64,068222;56,250
AM;BR-230;806,000;807,000;1,000;02/02/2023;-7,47600675;-64,068222;68,750
AM;BR-230;807,000;808,000;1,000;02/02/2023;-7,47600675;-64,068222;56,250
AM;BR-230;808,000;809,000;1,000;02/02/2023;-7,47600675;-64,068222;56,250
AM;BR-230;809,000;810,000;1,000;02/02/2023;-7,47600675;-64,068222;55,000
AM;BR-230;810,000;811,000;1,000;02/02/2023;-7,47600675;-64,068222;73,750
AM;BR-230;811,000;812,000;1,000;02/02/2023;-7,47600675;-64,068222;72,500
AM;BR-230;812,000;813,000;1,000;02/02/2023;-7,47600675;-64,068222;58,750
AM;BR-230;813,000;814,000;1,000;02/02/2023;-7,47600675;-64,068222;58,750
AM;BR-230;814,000;815,000;1,000;02/02/2023;-7,47600675;-64,068222;56,250
AM;BR-230;815,000;816,300;1,300;02/02/2023;-7,47600675;-64,068222;73,750
AM;BR-230;400,600;399,000;1,600;08/02/2023;-7,85940178;-61,3591419;86,250
AM;BR-230;399,000;398,000;1,000;08/02/2023;-7,85940178;-61,3591419;80,000
AM;BR-230;398,000;397,000;1,000;08/02/2023;-7,85940178;-61,3591419;76,250
AM;BR-230;397,000;396,000;1,000;08/02/2023;-7,85940178;-61,3591419;58,750
AM;BR-230;396,000;395,000;1,000;08/02/2023;-7,85940178;-61,3591419;82,500
AM;BR-230;395,000;394,000;1,000;08/02/2023;-7,85940178;-61,3591419;78,750
AM;BR-230;394,000;393,000;1,000;08/02/2023;-7,85940178;-61,3591419;75,000
AM;BR-230;393,000;392,000;1,000;08/02/2023;-7,85940178;-61,3591419;87,500
AM;BR-230;392,000;391,000;1,000;08/02/2023;-7,85940178;-61,3591419;63,750
AM;BR-230;391,000;390,000;1,000;08/02/2023;-7,85940178;-61,3591419;67,500
AM;BR-230;390,000;389,000;1,000;08/02/2023;-7,85940178;-61,3591419;77,500
AM;BR-230;389,000;388,000;1,000;08/02/2023;-7,85940178;-61,3591419;71,250
AM;BR-230;388,000;387,000;1,000;08/02/2023;-7,85940178;-61,3591419;85,000
AM;BR-230;387,000;386,000;1,000;08/02/2023;-7,85940178;-61,3591419;60,000
AM;BR-230;386,000;385,000;1,000;08/02/2023;-7,85940178;-61,3591419;25,000
AM;BR-230;385,000;384,000;1,000;08/02/2023;-7,85940178;-61,3591419;25,000
AM;BR-230;384,000;383,000;1,000;08/02/2023;-7,85940178;-61,3591419;62,500
AM;BR-230;383,000;382,000;1,000;08/02/2023;-7,85940178;-61,3591419;47,500
AM;BR-230;382,000;381,000;1,000;08/02/2023;-7,85940178;-61,3591419;25,000
AM;BR-230;381,000;380,000;1,000;08/02/2023;-7,85940178;-61,3591419;30,000
AM;BR-230;380,000;379,000;1,000;08/02/2023;-7,85940178;-61,3591419;30,000
AM;BR-230;379,000;378,000;1,000;08/02/2023;-7,85940178;-61,3591419;32,500
AM;BR-230;378,000;377,000;1,000;08/02/2023;-7,85940178;-61,3591419;47,500
AM;BR-230;377,000;376,000;1,000;08/02/2023;-7,85940178;-61,3591419;47,500
AM;BR-230;376,000;375,000;1,000;08/02/2023;-7,85940178;-61,3591419;65,000
AM;BR-230;375,000;374,000;1,000;08/02/2023;-7,85940178;-61,3591419;32,500
AM;BR-230;374,000;373,000;1,000;08/02/2023;-7,85940178;-61,3591419;47,500
AM;BR-230;373,000;372,000;1,000;08/02/2023;-7,85940178;-61,3591419;37,500
AM;BR-230;372,000;371,000;1,000;08/02/2023;-7,85940178;-61,3591419;60,000
AM;BR-230;371,000;370,000;1,000;08/02/2023;-7,85940178;-61,3591419;40,000
AM;BR-230;370,000;369,000;1,000;08/02/2023;-7,85940178;-61,3591419;47,500
AM;BR-230;369,000;368,000;1,000;08/02/2023;-7,85940178;-61,3591419;32,500
AM;BR-230;368,000;367,000;1,000;08/02/2023;-7,85940178;-61,3591419;57,500
AM;BR-230;367,000;366,000;1,000;08/02/2023;-7,85940178;-61,3591419;40,000
AM;BR-230;366,000;365,000;1,000;08/02/2023;-7,85940178;-61,3591419;60,000
AM;BR-230;365,000;364,000;1,000;08/02/2023;-7,85940178;-61,3591419;45,000
AM;BR-230;364,000;363,000;1,000;08/02/2023;-7,85940178;-61,3591419;47,500
AM;BR-230;363,000;362,000;1,000;08/02/2023;-7,85940178;-61,3591419;25,000
AM;BR-230;362,000;361,000;1,000;08/02/2023;-7,85940178;-61,3591419;25,000
AM;BR-230;361,000;360,000;1,000;08/02/2023;-7,85940178;-61,3591419;32,500
AM;BR-230;360,000;359,000;1,000;08/02/2023;-7,85940178;-61,3591419;0,000
AM;BR-230;359,000;358,000;1,000;08/02/2023;-7,85940178;-61,3591419;25,000
AM;BR-230;358,000;357,000;1,000;08/02/2023;-7,85940178;-61,3591419;48,750
AM;BR-230;357,000;356,000;1,000;08/02/2023;-7,85940178;-61,3591419;32,500
AM;BR-230;356,000;355,000;1,000;08/02/2023;-7,85940178;-61,3591419;25,000
AM;BR-230;355,000;354,000;1,000;08/02/2023;-7,85940178;-61,3591419;25,000
AM;BR-230;354,000;353,000;1,000;08/02/2023;-7,85940178;-61,3591419;40,000
AM;BR-230;353,000;352,000;1,000;08/02/2023;-7,85940178;-61,3591419;25,000
AM;BR-230;352,000;351,000;1,000;08/02/2023;-7,85940178;-61,3591419;23,750
AM;BR-230;351,000;350,000;1,000;08/02/2023;-7,85940178;-61,3591419;12,500
AM;BR-230;350,000;349,000;1,000;08/02/2023;-7,85940178;-61,3591419;12,500
AM;BR-230;349,000;348,000;1,000;08/02/2023;-7,85940178;-61,3591419;40,000
AM;BR-230;348,000;347,000;1,000;08/02/2023;-7,85940178;-61,3591419;55,000
AM;BR-230;347,000;346,000;1,000;08/02/2023;-7,85940178;-61,3591419;63,750
AM;BR-230;346,000;345,000;1,000;08/02/2023;-7,85940178;-61,3591419;55,000
AM;BR-230;345,000;344,000;1,000;08/02/2023;-7,85940178;-61,3591419;25,000
AM;BR-230;344,000;343,000;1,000;08/02/2023;-7,85940178;-61,3591419;40,000
AM;BR-230;343,000;342,000;1,000;08/02/2023;-7,85940178;-61,3591419;32,500
AM;BR-230;342,000;341,000;1,000;08/02/2023;-7,85940178;-61,3591419;12,500
AM;BR-230;341,000;340,000;1,000;08/02/2023;-7,85940178;-61,3591419;40,000
AM;BR-230;340,000;339,000;1,000;08/02/2023;-7,85940178;-61,3591419;12,500
AM;BR-230;339,000;338,000;1,000;08/02/2023;-7,85940178;-61,3591419;25,000
AM;BR-230;338,000;337,000;1,000;08/02/2023;-7,85940178;-61,3591419;25,000
AM;BR-230;337,000;336,000;1,000;08/02/2023;-7,85940178;-61,3591419;55,000
AM;BR-230;336,000;335,000;1,000;08/02/2023;-7,85940178;-61,3591419;47,500
AM;BR-230;335,000;334,000;1,000;08/02/2023;-7,85940178;-61,3591419;18,750
AM;BR-230;334,000;333,000;1,000;08/02/2023;-7,85940178;-61,3591419;0,000
AM;BR-230;333,000;332,000;1,000;08/02/2023;-7,85940178;-61,3591419;0,000
AM;BR-230;332,000;331,000;1,000;08/02/2023;-7,85940178;-61,3591419;12,500
AM;BR-230;331,000;330,000;1,000;08/02/2023;-7,85940178;-61,3591419;12,500
AM;BR-230;330,000;329,000;1,000;08/02/2023;-7,85940178;-61,3591419;18,750
AM;BR-230;329,000;328,000;1,000;08/02/2023;-7,85940178;-61,3591419;0,000
AM;BR-230;328,000;327,000;1,000;08/02/2023;-7,85940178;-61,3591419;18,750
AM;BR-230;327,000;326,000;1,000;08/02/2023;-7,85940178;-61,3591419;25,000
AM;BR-230;326,000;325,000;1,000;08/02/2023;-7,85940178;-61,3591419;25,000
AM;BR-230;325,000;324,000;1,000;08/02/2023;-7,85940178;-61,3591419;25,000
AM;BR-230;324,000;323,000;1,000;08/02/2023;-7,85940178;-61,3591419;0,000
AM;BR-230;323,000;322,000;1,000;08/02/2023;-7,85940178;-61,3591419;0,000
AM;BR-230;322,000;321,000;1,000;08/02/2023;-7,85940178;-61,3591419;25,000
AM;BR-230;321,000;320,000;1,000;08/02/2023;-7,85940178;-61,3591419;18,750
AM;BR-230;320,000;319,000;1,000;08/02/2023;-7,85940178;-61,3591419;12,500
AM;BR-230;319,000;318,000;1,000;08/02/2023;-7,85940178;-61,3591419;0,000
AM;BR-230;318,000;317,000;1,000;08/02/2023;-7,85940178;-61,3591419;0,000
AM;BR-230;317,000;316,000;1,000;08/02/2023;-7,85940178;-61,3591419;12,500
AM;BR-230;316,000;315,000;1,000;08/02/2023;-7,85940178;-61,3591419;0,000
AM;BR-230;315,000;314,800;0,200;08/02/2023;-7,85940178;-61,3591419;0,000
AM;BR-230;314,400;313,000;1,400;08/02/2023;-7,85940178;-61,3591419;0,000
AM;BR-230;313,000;312,000;1,000;08/02/2023;-7,5235644;-60,6696573;45,000
AM;BR-230;312,000;311,000;1,000;08/02/2023;-7,5235644;-60,6696573;15,000
AM;BR-230;311,000;310,000;1,000;08/02/2023;-7,5235644;-60,6696573;27,500
AM;BR-230;310,000;309,000;1,000;08/02/2023;-7,5235644;-60,6696573;47,500
AM;BR-230;309,000;308,000;1,000;08/02/2023;-7,5235644;-60,6696573;40,000
AM;BR-230;308,000;307,000;1,000;08/02/2023;-7,5235644;-60,6696573;25,000
AM;BR-230;307,000;306,000;1,000;08/02/2023;-7,5235644;-60,6696573;40,000
AM;BR-230;306,000;305,000;1,000;08/02/2023;-7,5235644;-60,6696573;33,750
AM;BR-230;305,000;304,000;1,000;08/02/2023;-7,5235677;-60,6696746;45,000
AM;BR-230;304,000;303,000;1,000;08/02/2023;-7,5235597;-60,6696325;55,000
AM;BR-230;303,000;302,000;1,000;08/02/2023;-7,5235597;-60,6696325;45,000
AM;BR-230;302,000;301,000;1,000;08/02/2023;-7,5235597;-60,6696325;26,250
AM;BR-230;301,000;300,000;1,000;08/02/2023;-7,5235597;-60,6696325;47,500
AM;BR-230;300,000;299,000;1,000;08/02/2023;-7,5235597;-60,6696325;32,500
AM;BR-230;299,000;298,000;1,000;08/02/2023;-7,5235597;-60,6696325;40,000
AM;BR-230;298,000;297,000;1,000;08/02/2023;-7,5235597;-60,6696325;66,250
AM;BR-230;297,000;296,000;1,000;08/02/2023;-7,5235597;-60,6696325;57,500
AM;BR-230;296,000;295,000;1,000;08/02/2023;-7,5235597;-60,6696325;40,000
AM;BR-230;295,000;294,000;1,000;08/02/2023;-7,5235597;-60,6696325;40,000
AM;BR-230;294,000;293,000;1,000;08/02/2023;-7,5235597;-60,6696325;50,000
AM;BR-230;293,000;292,000;1,000;08/02/2023;-7,5235597;-60,6696325;57,500
AM;BR-230;292,000;291,000;1,000;08/02/2023;-7,5235597;-60,6696325;55,000
AM;BR-230;291,000;290,000;1,000;08/02/2023;-7,5235597;-60,6696325;47,500
AM;BR-230;290,000;289,000;1,000;08/02/2023;-7,5235597;-60,6696325;72,500
AM;BR-230;289,000;288,000;1,000;08/02/2023;-7,5235597;-60,6696325;42,500
AM;BR-230;288,000;287,000;1,000;08/02/2023;-7,5235597;-60,6696325;55,000
AM;BR-230;287,000;286,000;1,000;08/02/2023;-7,5235597;-60,6696325;47,500
AM;BR-230;286,000;285,000;1,000;08/02/2023;-7,5235597;-60,6696325;62,500
AM;BR-230;285,000;284,000;1,000;08/02/2023;-7,5235597;-60,6696325;47,500
AM;BR-230;284,000;283,000;1,000;08/02/2023;-7,5235597;-60,6696325;7,500
AM;BR-230;283,000;282,000;1,000;08/02/2023;-7,5235597;-60,6696325;50,000
AM;BR-230;282,000;281,000;1,000;08/02/2023;-7,5235597;-60,6696325;40,000
AM;BR-230;281,000;280,000;1,000;08/02/2023;-7,5235597;-60,6696325;33,750
AM;BR-230;280,000;279,000;1,000;08/02/2023;-7,5235597;-60,6696325;55,000
AM;BR-230;279,000;278,000;1,000;08/02/2023;-7,5235597;-60,6696325;33,750
AM;BR-230;278,000;277,000;1,000;08/02/2023;-7,5235597;-60,6696325;28,750
AM;BR-230;277,000;276,000;1,000;08/02/2023;-7,5235597;-60,6696325;55,000
AM;BR-230;276,000;275,000;1,000;08/02/2023;-7,5235597;-60,6696325;18,750
AM;BR-230;275,000;274,000;1,000;08/02/2023;-7,5235597;-60,6696325;52,500
AM;BR-230;274,000;273,000;1,000;08/02/2023;-7,5235597;-60,6696325;40,000
AM;BR-230;273,000;272,000;1,000;08/02/2023;-7,5235597;-60,6696325;33,750
AM;BR-230;272,000;271,000;1,000;08/02/2023;-7,5235597;-60,6696325;18,750
AM;BR-230;271,000;270,000;1,000;08/02/2023;-7,5235597;-60,6696325;35,000
AM;BR-230;270,000;269,000;1,000;08/02/2023;-7,5235597;-60,6696325;22,500
AM;BR-230;269,000;268,000;1,000;08/02/2023;-7,5235597;-60,6696325;27,500
AM;BR-230;268,000;267,000;1,000;08/02/2023;-7,5235597;-60,6696325;47,500
AM;BR-230;267,000;266,000;1,000;08/02/2023;-7,5235597;-60,6696325;27,500
AM;BR-230;266,000;265,000;1,000;08/02/2023;-7,5235597;-60,6696325;25,000
AM;BR-230;265,000;264,000;1,000;08/02/2023;-7,5235597;-60,6696325;47,500
AM;BR-230;264,000;263,000;1,000;08/02/2023;-7,5235597;-60,6696325;25,000
AM;BR-230;263,000;262,000;1,000;08/02/2023;-7,5235597;-60,6696325;18,750
AM;BR-230;262,000;261,000;1,000;08/02/2023;-7,5235597;-60,6696325;40,000
AM;BR-230;261,000;260,000;1,000;08/02/2023;-7,5235597;-60,6696325;0,000
AM;BR-230;260,000;259,000;1,000;08/02/2023;-7,5235597;-60,6696325;55,000
AM;BR-230;259,000;258,000;1,000;08/02/2023;-7,5235597;-60,6696325;12,500
AM;BR-230;258,000;257,000;1,000;08/02/2023;-7,5235597;-60,6696325;40,000
AM;BR-230;257,000;256,000;1,000;08/02/2023;-7,5235597;-60,6696325;40,000
AM;BR-230;256,000;255,000;1,000;08/02/2023;-7,5235597;-60,6696325;18,750
AM;BR-230;255,000;254,000;1,000;08/02/2023;-7,5235597;-60,6696325;25,000
AM;BR-230;254,000;253,000;1,000;08/02/2023;-7,5235597;-60,6696325;18,750
AM;BR-230;253,000;252,000;1,000;08/02/2023;-7,5235597;-60,6696325;12,500
AM;BR-230;252,000;251,000;1,000;08/02/2023;-7,5235597;-60,6696325;12,500
AM;BR-230;251,000;250,000;1,000;08/02/2023;-7,5235597;-60,6696325;33,750
AM;BR-230;250,000;249,000;1,000;08/02/2023;-7,5235597;-60,6696325;52,500
AM;BR-230;249,000;248,000;1,000;08/02/2023;-7,5235597;-60,6696325;25,000
AM;BR-230;248,000;247,000;1,000;08/02/2023;-7,5235597;-60,6696325;40,000
AM;BR-230;247,000;246,000;1,000;08/02/2023;-7,5235597;-60,6696325;40,000
AM;BR-230;246,000;245,000;1,000;08/02/2023;-7,5235597;-60,6696325;22,500
AM;BR-230;245,000;244,000;1,000;08/02/2023;-7,5235597;-60,6696325;55,000
AM;BR-230;244,000;243,000;1,000;08/02/2023;-7,5235597;-60,6696325;22,500
AM;BR-230;243,000;242,000;1,000;08/02/2023;-7,5235597;-60,6696325;60,000
AM;BR-230;242,000;241,000;1,000;08/02/2023;-7,5235597;-60,6696325;46,250
AM;BR-230;241,000;240,000;1,000;08/02/2023;-7,5235597;-60,6696325;40,000
AM;BR-230;240,000;239,000;1,000;08/02/2023;-7,5016719;-63,0274513;52,500
AM;BR-230;239,000;238,000;1,000;08/02/2023;-7,5016719;-63,0274513;40,000
AM;BR-230;238,000;237,000;1,000;08/02/2023;-7,5016719;-63,0274513;40,000
AM;BR-230;237,000;236,000;1,000;08/02/2023;-7,5016719;-63,0274513;52,500
AM;BR-230;236,000;235,000;1,000;08/02/2023;-7,5016719;-63,0274513;0,000
AM;BR-230;235,000;234,000;1,000;08/02/2023;-7,5016719;-63,0274513;57,500
AM;BR-230;234,000;233,000;1,000;08/02/2023;-7,5016719;-63,0274513;35,000
AM;BR-230;233,000;232,000;1,000;08/02/2023;-7,5016719;-63,0274513;47,500
AM;BR-230;232,000;231,000;1,000;08/02/2023;-7,5016719;-63,0274513;40,000
AM;BR-230;231,000;230,000;1,000;08/02/2023;-7,5016719;-63,0274513;40,000
AM;BR-230;230,000;229,000;1,000;08/02/2023;-7,5016719;-63,0274513;25,000
AM;BR-230;229,000;228,000;1,000;08/02/2023;-7,5016719;-63,0274513;40,000
AM;BR-230;228,000;227,000;1,000;08/02/2023;-7,5016719;-63,0274513;50,000
AM;BR-230;227,000;226,000;1,000;08/02/2023;-7,5016719;-63,0274513;50,000
AM;BR-230;226,000;225,000;1,000;08/02/2023;-7,5016719;-63,0274513;27,500
AM;BR-230;225,000;224,000;1,000;08/02/2023;-7,5016719;-63,0274513;40,000
AM;BR-230;224,000;223,000;1,000;08/02/2023;-7,5016719;-63,0274513;33,750
AM;BR-230;223,000;222,000;1,000;08/02/2023;-7,5016719;-63,0274513;40,000
AM;BR-230;222,000;221,000;1,000;08/02/2023;-7,5016719;-63,0274513;26,250
AM;BR-230;221,000;220,000;1,000;08/02/2023;-7,5016719;-63,0274513;15,000
AM;BR-230;220,000;219,000;1,000;08/02/2023;-7,5016719;-63,0274513;15,000
AM;BR-230;219,000;218,000;1,000;08/02/2023;-7,5016719;-63,0274513;15,000
AM;BR-230;218,000;217,000;1,000;08/02/2023;-7,5016719;-63,0274513;15,000
AM;BR-230;217,000;216,000;1,000;08/02/2023;-7,5016719;-63,0274513;27,500
AM;BR-230;216,000;215,000;1,000;08/02/2023;-7,5016719;-63,0274513;27,500
AM;BR-230;215,000;214,000;1,000;08/02/2023;-7,5016719;-63,0274513;30,000
AM;BR-230;214,000;213,200;0,800;08/02/2023;-7,5016719;-63,0274513;12,500
AM;BR-174;195,000;196,000;1,000;08/02/2023;-7,5016719;-63,0274513;17,500
AM;BR-174;196,000;197,000;1,000;08/02/2023;-7,5016719;-63,0274513;12,500
AM;BR-174;197,000;198,000;1,000;08/02/2023;-7,5016719;-63,0274513;0,000
AM;BR-174;198,000;199,000;1,000;08/02/2023;-7,5016719;-63,0274513;0,000
AM;BR-174;199,000;200,000;1,000;08/02/2023;-7,5016719;-63,0274513;0,000
AM;BR-174;200,000;201,000;1,000;08/02/2023;-7,5016719;-63,0274513;0,000
AM;BR-174;201,000;202,000;1,000;08/02/2023;-7,5016719;-63,0274513;25,000
AM;BR-174;202,000;203,000;1,000;08/02/2023;-7,5016719;-63,0274513;0,000
AM;BR-174;203,000;204,000;1,000;08/02/2023;-7,5016719;-63,0274513;12,500
AM;BR-174;204,000;205,000;1,000;08/02/2023;-7,5016719;-63,0274513;32,500
AM;BR-174;205,000;206,000;1,000;08/02/2023;-7,5016719;-63,0274513;12,500
AM;BR-174;206,000;207,000;1,000;08/02/2023;-7,5016719;-63,0274513;25,000
AM;BR-174;207,000;208,000;1,000;08/02/2023;-7,5016719;-63,0274513;0,000
AM;BR-174;208,000;209,000;1,000;08/02/2023;-7,5016719;-63,0274513;33,750
AM;BR-174;209,000;210,000;1,000;08/02/2023;-7,5016719;-63,0274513;0,000
AM;BR-174;210,000;211,000;1,000;08/02/2023;-7,5016719;-63,0274513;18,750
AM;BR-174;211,000;212,000;1,000;08/02/2023;-7,5016719;-63,0274513;12,500
AM;BR-174;212,000;213,000;1,000;08/02/2023;-7,5016719;-63,0274513;0,000
AM;BR-174;213,000;214,000;1,000;08/02/2023;-7,5016719;-63,0274513;0,000
AM;BR-174;214,000;215,000;1,000;08/02/2023;-7,5016719;-63,0274513;40,000
AM;BR-174;215,000;216,000;1,000;08/02/2023;-7,5016719;-63,0274513;40,000
AM;BR-174;216,000;217,000;1,000;08/02/2023;-7,5016719;-63,0274513;0,000
AM;BR-174;217,000;218,000;1,000;08/02/2023;-7,5016719;-63,0274513;62,500
AM;BR-174;218,000;219,000;1,000;08/02/2023;-7,5016719;-63,0274513;55,000
AM;BR-174;219,000;220,000;1,000;08/02/2023;-7,5016719;-63,0274513;12,500
AM;BR-174;220,000;221,000;1,000;08/02/2023;-7,5016719;-63,0274513;7,500
AM;BR-174;221,000;222,000;1,000;08/02/2023;-7,5016719;-63,0274513;0,000
AM;BR-174;222,000;223,000;1,000;08/02/2023;-7,5016719;-63,0274513;18,750
AM;BR-174;223,000;224,000;1,000;08/02/2023;-7,5016719;-63,0274513;20,000
AM;BR-174;224,000;225,000;1,000;08/02/2023;-7,5016719;-63,0274513;12,500
AM;BR-174;225,000;226,000;1,000;08/02/2023;-7,5016719;-63,0274513;35,000
AM;BR-174;226,000;227,000;1,000;08/02/2023;-7,5016719;-63,0274513;41,250
AM;BR-230;206,000;205,000;1,000;09/02/2023;-7,174129;-59,8388209;47,500
AM;BR-230;205,000;204,000;1,000;09/02/2023;-7,1741291;-59,8388224;43,750
AM;BR-230;204,000;203,000;1,000;09/02/2023;-7,1741291;-59,8388224;40,000
AM;BR-230;203,000;202,000;1,000;09/02/2023;-7,1741291;-59,8388224;58,750
AM;BR-230;202,000;201,000;1,000;09/02/2023;-7,1741291;-59,8388224;63,750
AM;BR-230;201,000;200,000;1,000;09/02/2023;-7,1741291;-59,8388224;47,500
AM;BR-230;200,000;199,000;1,000;09/02/2023;-7,1741291;-59,8388224;51,250
AM;BR-230;199,000;198,000;1,000;09/02/2023;-7,1741291;-59,8388224;47,500
AM;BR-230;198,000;197,000;1,000;09/02/2023;-7,1741291;-59,8388224;47,500
AM;BR-230;197,000;196,000;1,000;09/02/2023;-7,1741291;-59,8388224;55,000
AM;BR-230;196,000;195,000;1,000;09/02/2023;-7,1741291;-59,8388224;55,000
AM;BR-230;195,000;194,000;1,000;09/02/2023;-7,1741291;-59,8388224;25,000
AM;BR-230;194,000;193,000;1,000;09/02/2023;-7,1741291;-59,8388224;25,000
AM;BR-230;193,000;192,000;1,000;09/02/2023;-7,1741291;-59,8388224;27,500
AM;BR-230;192,000;191,000;1,000;09/02/2023;-7,1741291;-59,8388224;40,000
AM;BR-230;191,000;190,000;1,000;09/02/2023;-7,1078022;-59,7320547;12,500
AM;BR-230;190,000;189,000;1,000;09/02/2023;-7,1078022;-59,7320547;25,000
AM;BR-230;189,000;188,000;1,000;09/02/2023;-7,1078022;-59,7320547;55,000
AM;BR-230;188,000;187,000;1,000;09/02/2023;-7,1078022;-59,7320547;42,500
AM;BR-230;187,000;186,000;1,000;09/02/2023;-7,1078022;-59,7320547;25,000
AM;BR-230;186,000;185,000;1,000;09/02/2023;-7,1035982;-59,6920379;33,750
AM;BR-230;185,000;184,000;1,000;09/02/2023;-7,1035982;-59,6920379;37,500
AM;BR-230;184,000;183,000;1,000;09/02/2023;-7,1035982;-59,6920379;47,500
AM;BR-230;183,000;182,000;1,000;09/02/2023;-7,1035982;-59,6920379;25,000
AM;BR-230;182,000;181,000;1,000;09/02/2023;-7,1035982;-59,6920379;18,750
AM;BR-230;181,000;180,000;1,000;09/02/2023;-7,1035982;-59,6920379;32,500
AM;BR-230;180,000;179,000;1,000;09/02/2023;-7,1035982;-59,6920379;25,000
AM;BR-230;179,000;178,000;1,000;09/02/2023;-7,1035982;-59,6920379;18,750
AM;BR-230;178,000;177,000;1,000;09/02/2023;-7,0843086;-59,6194308;12,500
AM;BR-230;177,000;176,000;1,000;09/02/2023;-7,0843086;-59,6194308;25,000
AM;BR-230;176,000;175,000;1,000;09/02/2023;-7,0853683;-59,6032266;18,750
AM;BR-230;175,000;174,000;1,000;09/02/2023;-7,0853683;-59,6032266;43,750
AM;BR-230;174,000;173,000;1,000;09/02/2023;-7,0853683;-59,6032266;51,250
AM;BR-230;173,000;172,000;1,000;09/02/2023;-7,0853683;-59,6032266;18,750
AM;BR-230;172,000;171,000;1,000;09/02/2023;-7,0853683;-59,6032266;35,000
AM;BR-230;171,000;170,000;1,000;09/02/2023;-7,0853683;-59,6032266;7,500
AM;BR-230;170,000;169,000;1,000;09/02/2023;-7,0853683;-59,6032266;17,500
AM;BR-230;169,000;168,000;1,000;09/02/2023;-7,0853683;-59,6032266;10,000
AM;BR-230;168,000;167,000;1,000;09/02/2023;-7,0853683;-59,6032266;0,000
AM;BR-230;167,000;166,000;1,000;09/02/2023;-7,0853683;-59,6032266;25,000
AM;BR-230;166,000;165,000;1,000;09/02/2023;-7,0853683;-59,6032266;18,750
AM;BR-230;165,000;164,000;1,000;09/02/2023;-7,0853683;-59,6032266;0,000
AM;BR-230;164,000;163,000;1,000;09/02/2023;-7,0853683;-59,6032266;12,500
AM;BR-230;163,000;162,000;1,000;09/02/2023;-7,0853683;-59,6032266;22,500
AM;BR-230;162,000;161,000;1,000;09/02/2023;-7,0853683;-59,6032266;12,500
AM;BR-230;161,000;160,000;1,000;09/02/2023;-7,0853683;-59,6032266;18,750
AM;BR-230;160,000;159,000;1,000;09/02/2023;-7,0853683;-59,6032266;12,500
AM;BR-230;159,000;158,000;1,000;09/02/2023;-7,0061059;-59,4838758;0,000
AM;BR-230;158,000;157,000;1,000;09/02/2023;-7,0061059;-59,4838758;25,000
AM;BR-230;157,000;156,000;1,000;09/02/2023;-7,0061059;-59,4838758;12,500
AM;BR-230;156,000;155,000;1,000;09/02/2023;-7,0061059;-59,4838758;12,500
AM;BR-230;155,000;154,000;1,000;09/02/2023;-7,0061059;-59,4838758;0,000
AM;BR-230;154,000;153,000;1,000;09/02/2023;-7,0061059;-59,4838758;20,000
AM;BR-230;153,000;152,000;1,000;09/02/2023;-7,0061059;-59,4838758;18,750
AM;BR-230;152,000;151,000;1,000;09/02/2023;-7,0061059;-59,4838758;7,500
AM;BR-230;151,000;150,000;1,000;09/02/2023;-7,0061059;-59,4838758;0,000
AM;BR-230;150,000;149,000;1,000;09/02/2023;-7,0061059;-59,4838758;0,000
AM;BR-230;149,000;148,000;1,000;09/02/2023;-7,0061059;-59,4838758;0,000
AM;BR-230;148,000;147,000;1,000;09/02/2023;-7,0061059;-59,4838758;0,000
AM;BR-230;147,000;146,000;1,000;09/02/2023;-7,0061059;-59,4838758;5,000
AM;BR-230;146,000;145,000;1,000;09/02/2023;-7,0061059;-59,4838758;10,000
AM;BR-230;145,000;144,000;1,000;09/02/2023;-7,0061059;-59,4838758;0,000
AM;BR-230;144,000;143,000;1,000;09/02/2023;-7,0061059;-59,4838758;12,500
AM;BR-230;143,000;142,000;1,000;09/02/2023;-6,9437927;-59,3488294;0,000
AM;BR-230;142,000;141,000;1,000;09/02/2023;-6,9437927;-59,3488294;0,000
AM;BR-230;141,000;140,000;1,000;09/02/2023;-6,9414331;-59,3405558;0,000
AM;BR-230;140,000;139,000;1,000;09/02/2023;-6,9414331;-59,3405558;0,000
AM;BR-230;139,000;138,000;1,000;09/02/2023;-6,9414331;-59,3405558;0,000
AM;BR-230;138,000;137,000;1,000;09/02/2023;-6,9414331;-59,3405558;0,000
AM;BR-230;137,000;136,000;1,000;09/02/2023;-6,9414331;-59,3405558;0,000
AM;BR-230;136,000;135,000;1,000;09/02/2023;-6,9414331;-59,3405558;0,000
AM;BR-230;135,000;134,000;1,000;09/02/2023;-6,9414331;-59,3405558;0,000
AM;BR-230;134,000;133,000;1,000;09/02/2023;-6,8996369;-59,2789342;0,000
AM;BR-230;133,000;132,000;1,000;09/02/2023;-6,8996369;-59,2789342;0,000
AM;BR-230;132,000;131,000;1,000;09/02/2023;-6,8996369;-59,2789342;0,000
AM;BR-230;131,000;130,000;1,000;09/02/2023;-6,8996369;-59,2789342;0,000
AM;BR-230;130,000;129,000;1,000;09/02/2023;-6,8996369;-59,2789342;12,500
AM;BR-230;129,000;128,000;1,000;09/02/2023;-6,8996369;-59,2789342;0,000
AM;BR-230;128,000;127,000;1,000;09/02/2023;-6,884646;-59,2334927;0,000
AM;BR-230;127,000;126,000;1,000;09/02/2023;-6,884646;-59,2334927;0,000
AM;BR-230;126,000;125,000;1,000;09/02/2023;-6,884646;-59,2334927;0,000
AM;BR-230;125,000;124,000;1,000;09/02/2023;-6,884646;-59,2334927;18,750
AM;BR-230;124,000;123,000;1,000;09/02/2023;-6,884646;-59,2334927;18,750
AM;BR-230;123,000;122,000;1,000;09/02/2023;-6,884646;-59,2334927;0,000
AM;BR-230;122,000;121,000;1,000;09/02/2023;-6,884646;-59,2334927;12,500
AM;BR-230;121,000;120,000;1,000;09/02/2023;-6,884646;-59,2334927;35,000
AM;BR-230;120,000;119,000;1,000;09/02/2023;-6,884646;-59,2334927;0,000
AM;BR-230;119,000;118,000;1,000;09/02/2023;-6,884646;-59,2334927;27,500
AM;BR-230;118,000;117,000;1,000;09/02/2023;-6,884646;-59,2334927;0,000
AM;BR-230;117,000;116,000;1,000;09/02/2023;-6,884646;-59,2334927;0,000
AM;BR-230;116,000;115,000;1,000;09/02/2023;-6,8226341;-59,1464305;0,000
AM;BR-230;115,000;114,000;1,000;09/02/2023;-6,8226341;-59,1464305;0,000
AM;BR-230;114,000;113,000;1,000;09/02/2023;-7,2012062;-59,8871977;0,000
AM;BR-230;113,000;112,000;1,000;09/02/2023;-7,2012062;-59,8871977;12,500
AM;BR-230;112,000;111,000;1,000;09/02/2023;-7,2012062;-59,8871977;0,000
AM;BR-230;111,000;110,000;1,000;09/02/2023;-7,2012062;-59,8871977;15,000
AM;BR-230;110,000;109,000;1,000;09/02/2023;-7,2012062;-59,8871977;12,500
AM;BR-230;109,000;108,000;1,000;09/02/2023;-7,2012062;-59,8871977;33,750
AM;BR-230;108,000;107,000;1,000;09/02/2023;-7,2012062;-59,8871977;0,000
AM;BR-230;107,000;106,000;1,000;09/02/2023;-7,2012062;-59,8871977;0,000
AM;BR-230;106,000;105,000;1,000;09/02/2023;-7,2012062;-59,8871977;0,000
AM;BR-230;105,000;104,000;1,000;09/02/2023;-7,1993637;-59,889553;0,000
AM;BR-230;104,000;103,000;1,000;09/02/2023;-6,79460298;-59,0426681;0,000
AM;BR-230;103,000;102,000;1,000;09/02/2023;-6,79460298;-59,0426681;0,000
AM;BR-230;102,000;101,000;1,000;09/02/2023;-6,79460298;-59,0426681;0,000
AM;BR-230;101,000;100,000;1,000;09/02/2023;-6,79460298;-59,0426681;0,000
AM;BR-230;100,000;99,000;1,000;09/02/2023;-6,79460298;-59,0426681;0,000
AM;BR-230;99,000;98,000;1,000;09/02/2023;-6,79460298;-59,0426681;0,000
AM;BR-230;98,000;97,000;1,000;09/02/2023;-6,79460298;-59,0426681;0,000
AM;BR-230;97,000;96,000;1,000;09/02/2023;-6,79460298;-59,0426681;0,000
AM;BR-230;96,000;95,000;1,000;09/02/2023;-6,79460298;-59,0426681;0,000
AM;BR-230;95,000;94,000;1,000;09/02/2023;-6,79460298;-59,0426681;0,000
AM;BR-230;94,000;93,000;1,000;09/02/2023;-6,79460298;-59,0426681;0,000
AM;BR-230;93,000;92,000;1,000;09/02/2023;-6,79460298;-59,0426681;0,000
AM;BR-230;92,000;91,000;1,000;09/02/2023;-6,79460298;-59,0426681;0,000
AM;BR-230;91,000;90,000;1,000;09/02/2023;-6,79460298;-59,0426681;0,000
AM;BR-230;90,000;89,000;1,000;09/02/2023;-6,79460298;-59,0426681;20,000
AM;BR-230;89,000;88,000;1,000;09/02/2023;-6,79460298;-59,0426681;22,500
AM;BR-230;88,000;87,000;1,000;09/02/2023;-6,79460298;-59,0426681;2,500
AM;BR-230;87,000;86,000;1,000;09/02/2023;-6,79460298;-59,0426681;0,000
AM;BR-230;86,000;85,000;1,000;09/02/2023;-6,79460298;-59,0426681;25,000
AM;BR-230;85,000;84,000;1,000;09/02/2023;-6,79460298;-59,0426681;0,000
AM;BR-230;84,000;83,000;1,000;09/02/2023;-6,79460298;-59,0426681;0,000
AM;BR-230;83,000;82,000;1,000;09/02/2023;-6,79460298;-59,0426681;0,000
AM;BR-230;82,000;81,000;1,000;09/02/2023;-6,79460298;-59,0426681;0,000
AM;BR-230;81,000;80,000;1,000;09/02/2023;-6,79460298;-59,0426681;2,500
AM;BR-230;80,000;79,000;1,000;09/02/2023;-6,79460298;-59,0426681;2,500
AM;BR-230;79,000;78,000;1,000;09/02/2023;-6,79460298;-59,0426681;2,500
AM;BR-230;78,000;77,000;1,000;09/02/2023;-6,79460298;-59,0426681;0,000
AM;BR-230;77,000;76,000;1,000;09/02/2023;-6,79460298;-59,0426681;0,000
AM;BR-230;76,000;75,000;1,000;09/02/2023;-6,79460298;-59,0426681;0,000
AM;BR-230;75,000;74,000;1,000;09/02/2023;-6,79460298;-59,0426681;0,000
AM;BR-230;74,000;73,000;1,000;09/02/2023;-6,79460298;-59,0426681;0,000
AM;BR-230;73,000;72,000;1,000;09/02/2023;-6,79460298;-59,0426681;0,000
AM;BR-230;72,000;71,000;1,000;09/02/2023;-6,79460298;-59,0426681;0,000
AM;BR-230;71,000;70,000;1,000;09/02/2023;-6,79460298;-59,0426681;0,000
AM;BR-230;70,000;69,000;1,000;09/02/2023;-6,79460298;-59,0426681;0,000
AM;BR-230;69,000;68,000;1,000;09/02/2023;-6,79460298;-59,0426681;0,000
AM;BR-230;68,000;67,000;1,000;09/02/2023;-6,79460298;-59,0426681;0,000
AM;BR-230;67,000;66,000;1,000;09/02/2023;-6,79460298;-59,0426681;0,000
AM;BR-230;66,000;65,000;1,000;09/02/2023;-6,79460298;-59,0426681;2,500
AM;BR-230;65,000;64,000;1,000;09/02/2023;-6,79460298;-59,0426681;2,500
AM;BR-230;64,000;63,000;1,000;09/02/2023;-6,79460298;-59,0426681;2,500
AM;BR-230;63,000;62,000;1,000;09/02/2023;-6,79460298;-59,0426681;2,500
AM;BR-230;62,000;61,000;1,000;09/02/2023;-6,79460298;-59,0426681;2,500
AM;BR-230;61,000;60,000;1,000;09/02/2023;-6,79460298;-59,0426681;2,500
AM;BR-230;60,000;59,000;1,000;09/02/2023;-6,79460298;-59,0426681;2,500
AM;BR-230;59,000;58,000;1,000;09/02/2023;-6,79460298;-59,0426681;0,000
AM;BR-230;58,000;57,000;1,000;09/02/2023;-6,79460298;-59,0426681;0,000
AM;BR-230;57,000;56,000;1,000;09/02/2023;-6,79460298;-59,0426681;0,000
AM;BR-230;56,000;55,000;1,000;09/02/2023;-6,79460298;-59,0426681;0,000
AM;BR-230;55,000;54,000;1,000;09/02/2023;-6,79460298;-59,0426681;10,000
AM;BR-230;54,000;53,000;1,000;09/02/2023;-6,79460298;-59,0426681;2,500
AM;BR-230;53,000;52,000;1,000;09/02/2023;-6,79460298;-59,0426681;0,000
AM;BR-230;52,000;51,000;1,000;09/02/2023;-6,79460298;-59,0426681;2,500
AM;BR-230;51,000;50,000;1,000;09/02/2023;-6,79460298;-59,0426681;2,500
AM;BR-230;50,000;49,000;1,000;09/02/2023;-6,79460298;-59,0426681;2,500
AM;BR-230;49,000;48,000;1,000;09/02/2023;-6,79460298;-59,0426681;0,000
AM;BR-230;48,000;47,000;1,000;09/02/2023;-6,79460298;-59,0426681;10,000
AM;BR-230;47,000;46,000;1,000;09/02/2023;-6,79460298;-59,0426681;0,000
AM;BR-230;46,000;45,000;1,000;09/02/2023;-6,79460298;-59,0426681;0,000
AM;BR-230;45,000;44,000;1,000;09/02/2023;-6,79460298;-59,0426681;2,500
AM;BR-230;44,000;43,000;1,000;09/02/2023;-6,79460298;-59,0426681;2,500
AM;BR-230;43,000;42,000;1,000;09/02/2023;-6,79460298;-59,0426681;0,000
AM;BR-230;42,000;41,000;1,000;09/02/2023;-6,79460298;-59,0426681;0,000
AM;BR-230;41,000;40,000;1,000;09/02/2023;-6,79460298;-59,0426681;0,000
AM;BR-230;40,000;39,000;1,000;09/02/2023;-6,79460298;-59,0426681;0,000
AM;BR-230;39,000;38,000;1,000;09/02/2023;-6,79460298;-59,0426681;0,000
AM;BR-230;38,000;37,000;1,000;09/02/2023;-6,79460298;-59,0426681;0,000
AM;BR-230;37,000;36,000;1,000;09/02/2023;-6,79460298;-59,0426681;0,000
AM;BR-230;36,000;35,000;1,000;09/02/2023;-6,79460298;-59,0426681;0,000
AM;BR-230;35,000;34,000;1,000;09/02/2023;-6,79460298;-59,0426681;2,500
AM;BR-230;34,000;33,000;1,000;09/02/2023;-6,79460298;-59,0426681;0,000
AM;BR-230;33,000;32,000;1,000;09/02/2023;-6,79460298;-59,0426681;0,000
AM;BR-230;32,000;31,000;1,000;09/02/2023;-6,79460298;-59,0426681;0,000
AM;BR-230;31,000;30,000;1,000;09/02/2023;-6,79460298;-59,0426681;0,000
AM;BR-230;30,000;29,000;1,000;09/02/2023;-6,79460298;-59,0426681;0,000
AM;BR-230;29,000;28,000;1,000;09/02/2023;-6,79460298;-59,0426681;0,000
AM;BR-230;28,000;27,000;1,000;09/02/2023;-6,79460298;-59,0426681;0,000
AM;BR-230;27,000;26,000;1,000;09/02/2023;-6,79460298;-59,0426681;2,500
AM;BR-230;26,000;25,000;1,000;09/02/2023;-6,79460298;-59,0426681;0,000
AM;BR-230;25,000;24,000;1,000;09/02/2023;-6,79460298;-59,0426681;0,000
AM;BR-230;24,000;23,000;1,000;09/02/2023;-6,79460298;-59,0426681;0,000
AM;BR-230;23,000;22,000;1,000;09/02/2023;-6,79460298;-59,0426681;2,500
AM;BR-230;22,000;21,000;1,000;09/02/2023;-6,79460298;-59,0426681;2,500
AM;BR-230;21,000;20,000;1,000;09/02/2023;-6,79460298;-59,0426681;0,000
AM;BR-230;20,000;19,000;1,000;09/02/2023;-6,79460298;-59,0426681;0,000
AM;BR-230;19,000;18,000;1,000;09/02/2023;-6,79460298;-59,0426681;0,000
AM;BR-230;18,000;17,000;1,000;09/02/2023;-6,79460298;-59,0426681;10,000
AM;BR-230;17,000;16,000;1,000;09/02/2023;-6,79460298;-59,0426681;0,000
AM;BR-230;16,000;15,000;1,000;09/02/2023;-6,79460298;-59,0426681;0,000
AM;BR-230;15,000;14,000;1,000;09/02/2023;-6,79460298;-59,0426681;0,000
AM;BR-230;14,000;13,000;1,000;09/02/2023;-6,79460298;-59,0426681;0,000
AM;BR-230;13,000;12,000;1,000;09/02/2023;-6,79460298;-59,0426681;0,000
AM;BR-230;12,000;11,000;1,000;09/02/2023;-6,79460298;-59,0426681;0,000
AM;BR-230;11,000;10,000;1,000;09/02/2023;-6,79460298;-59,0426681;0,000
AM;BR-230;10,000;9,000;1,000;09/02/2023;-6,79460298;-59,0426681;0,000
AM;BR-230;9,000;8,000;1,000;09/02/2023;-6,79460298;-59,0426681;0,000
AM;BR-230;8,000;7,000;1,000;09/02/2023;-6,79460298;-59,0426681;0,000
AM;BR-230;7,000;6,000;1,000;09/02/2023;-6,79460298;-59,0426681;0,000
AM;BR-230;6,000;5,000;1,000;09/02/2023;-6,79460298;-59,0426681;18,750
AM;BR-230;5,000;4,000;1,000;09/02/2023;-6,79460298;-59,0426681;0,000
AM;BR-230;4,000;3,000;1,000;09/02/2023;-6,79460298;-59,0426681;25,000
AM;BR-230;3,000;2,000;1,000;09/02/2023;-6,79460298;-59,0426681;18,750
AM;BR-230;2,000;1,000;1,000;09/02/2023;-6,79460298;-59,0426681;0,000
AM;BR-230;1,000;0,000;1,000;09/02/2023;-6,79460298;-59,0426681;0,000
AM;BR-317;526,000;525,000;1,000;13/02/2023;-9,59864643;-67,3287284;98,750
AM;BR-317;525,000;524,000;1,000;13/02/2023;-9,59864643;-67,3287284;98,750
AM;BR-317;524,000;523,000;1,000;13/02/2023;-9,59864643;-67,3287284;98,750
AM;BR-317;523,000;522,000;1,000;13/02/2023;-9,59864643;-67,3287284;98,750
AM;BR-317;522,000;521,000;1,000;13/02/2023;-9,59864643;-67,3287284;98,750
AM;BR-317;521,000;520,000;1,000;13/02/2023;-9,59864643;-67,3287284;95,000
AM;BR-317;520,000;519,000;1,000;13/02/2023;-9,59864643;-67,3287284;98,750
AM;BR-317;519,000;518,000;1,000;13/02/2023;-9,59864643;-67,3287284;98,750
AM;BR-317;518,000;517,000;1,000;13/02/2023;-9,59864643;-67,3287284;96,250
AM;BR-317;517,000;516,000;1,000;13/02/2023;-9,59864643;-67,3287284;96,250
AM;BR-317;497,160;496,000;1,160;13/02/2023;-9,59864643;-67,3287284;71,250
AM;BR-317;496,000;495,000;1,000;13/02/2023;-9,59864643;-67,3287284;75,000
AM;BR-317;495,000;494,000;1,000;13/02/2023;-9,59864643;-67,3287284;71,250
AM;BR-317;494,000;493,000;1,000;13/02/2023;-9,59864643;-67,3287284;73,750
AM;BR-317;493,000;492,000;1,000;13/02/2023;-9,59864643;-67,3287284;75,000
AM;BR-317;492,000;491,000;1,000;13/02/2023;-9,59864643;-67,3287284;77,500
AM;BR-317;491,000;490,000;1,000;13/02/2023;-9,59864643;-67,3287284;93,750
AM;BR-317;490,000;489,000;1,000;13/02/2023;-9,59864643;-67,3287284;93,750
AM;BR-317;489,000;488,000;1,000;13/02/2023;-9,59864643;-67,3287284;93,750
AM;BR-317;488,000;487,000;1,000;13/02/2023;-9,59864643;-67,3287284;93,750
AM;BR-317;487,000;486,000;1,000;13/02/2023;-9,59864643;-67,3287284;90,000
AM;BR-317;486,000;485,000;1,000;13/02/2023;-9,59864643;-67,3287284;71,250
AM;BR-317;485,000;484,000;1,000;13/02/2023;-9,59864643;-67,3287284;78,750
AM;BR-317;483,000;482,000;1,000;13/02/2023;-9,59864643;-67,3287284;82,500
AM;BR-317;482,000;481,000;1,000;13/02/2023;-9,59864643;-67,3287284;81,250
AM;BR-317;481,000;480,000;1,000;13/02/2023;-9,59864643;-67,3287284;81,250
AM;BR-317;480,000;479,000;1,000;13/02/2023;-9,59864643;-67,3287284;78,750
AM;BR-317;479,000;478,860;0,140;13/02/2023;-9,59864643;-67,3287284;78,750
AM;BR-317;484,000;483,000;1,000;13/02/2023;-9,59864643;-67,3287284;75,000
AM;BR-317;466,240;465,000;1,240;13/02/2023;-9,59864643;-67,3287284;98,750
AM;BR-317;465,000;464,000;1,000;13/02/2023;-9,59864643;-67,3287284;98,750
AM;BR-317;464,000;463,000;1,000;13/02/2023;-9,59864643;-67,3287284;98,750
AM;BR-317;463,000;462,000;1,000;13/02/2023;-9,59864643;-67,3287284;98,750
AM;BR-317;462,000;461,000;1,000;13/02/2023;-9,59864643;-67,3287284;96,250
AM;BR-317;461,000;460,000;1,000;13/02/2023;-9,59864643;-67,3287284;91,250
AM;BR-317;460,000;459,000;1,000;13/02/2023;-9,59864643;-67,3287284;98,750
AM;BR-317;459,000;458,000;1,000;13/02/2023;-9,59864643;-67,3287284;98,750
AM;BR-317;458,000;457,000;1,000;13/02/2023;-9,59864643;-67,3287284;98,750
AM;BR-317;457,000;456,000;1,000;13/02/2023;-9,59864643;-67,3287284;98,750
AM;BR-317;456,000;455,000;1,000;13/02/2023;-9,59864643;-67,3287284;96,250
AM;BR-317;455,000;454,000;1,000;13/02/2023;-9,59864643;-67,3287284;78,750
AM;BR-317;454,000;453,000;1,000;13/02/2023;-9,59864643;-67,3287284;93,750
AM;BR-317;453,000;452,640;0,360;13/02/2023;-9,59864643;-67,3287284;90,000
AM;BR-230;609,200;608,000;1,200;14/02/2023;-7,4982097;-63,0307628;85,000
AM;BR-230;608,000;607,000;1,000;14/02/2023;-7,4982097;-63,0307628;92,500
AM;BR-230;607,000;606,000;1,000;14/02/2023;-7,4982097;-63,0307628;90,000
AM;BR-230;606,000;605,000;1,000;14/02/2023;-7,4982097;-63,0307628;96,250
AM;BR-230;605,000;604,000;1,000;14/02/2023;-7,4982097;-63,0307628;96,250
AM;BR-230;604,000;603,000;1,000;14/02/2023;-7,4982097;-63,0307628;93,750
AM;BR-230;603,000;602,000;1,000;14/02/2023;-7,4982097;-63,0307628;92,500
AM;BR-230;602,000;601,000;1,000;14/02/2023;-7,4982097;-63,0307628;96,250
AM;BR-230;601,000;600,000;1,000;14/02/2023;-7,4982097;-63,0307628;96,250
AM;BR-230;600,000;599,000;1,000;14/02/2023;-7,4982097;-63,0307628;93,750
AM;BR-230;599,000;598,000;1,000;14/02/2023;-7,49077502;-62,9323154;96,250
AM;BR-230;598,000;597,000;1,000;14/02/2023;-7,49066657;-62,9245298;96,250
AM;BR-230;597,000;596,000;1,000;14/02/2023;-7,49066657;-62,9245298;92,500
AM;BR-230;596,000;595,000;1,000;14/02/2023;-7,49066657;-62,9245298;85,000
AM;BR-230;595,000;594,000;1,000;14/02/2023;-7,49066657;-62,9245298;90,000
AM;BR-230;594,000;593,000;1,000;14/02/2023;-7,49066657;-62,9245298;92,500
AM;BR-230;593,000;592,000;1,000;14/02/2023;-7,50910996;-62,8851423;85,000
AM;BR-230;592,000;591,000;1,000;14/02/2023;-7,50910996;-62,8851423;81,250
AM;BR-230;591,000;590,000;1,000;14/02/2023;-7,50910996;-62,8851423;77,500
AM;BR-230;590,000;589,000;1,000;14/02/2023;-7,50910996;-62,8851423;81,250
AM;BR-230;589,000;588,000;1,000;14/02/2023;-7,50910996;-62,8851423;75,000
AM;BR-230;588,000;587,000;1,000;14/02/2023;-7,55024926;-62,8763227;75,000
AM;BR-230;587,000;586,000;1,000;14/02/2023;-7,55024926;-62,8763227;82,500
AM;BR-230;586,000;585,000;1,000;14/02/2023;-7,55024926;-62,8763227;86,250
AM;BR-230;585,000;584,000;1,000;14/02/2023;-7,55024926;-62,8763227;86,250
AM;BR-230;584,000;583,000;1,000;14/02/2023;-7,55024926;-62,8763227;82,500
AM;BR-230;583,000;582,000;1,000;14/02/2023;-7,56112689;-62,8348011;78,750
AM;BR-230;582,000;581,000;1,000;14/02/2023;-7,56154006;-62,8192512;90,000
AM;BR-230;581,000;580,000;1,000;14/02/2023;-7,56154006;-62,8192512;88,750
AM;BR-230;580,000;579,000;1,000;14/02/2023;-7,56154006;-62,8192512;77,500
AM;BR-230;579,000;578,000;1,000;14/02/2023;-7,56154006;-62,8192512;81,250
AM;BR-230;578,000;577,000;1,000;14/02/2023;-7,57149977;-62,7917055;81,250
AM;BR-230;577,000;576,000;1,000;14/02/2023;-7,57149977;-62,7917055;85,000
AM;BR-230;576,000;575,000;1,000;14/02/2023;-7,57149977;-62,7917055;82,500
AM;BR-230;575,000;574,000;1,000;14/02/2023;-7,57149977;-62,7917055;88,750
AM;BR-230;574,000;573,000;1,000;14/02/2023;-7,57149977;-62,7917055;81,250
AM;BR-230;573,000;572,000;1,000;14/02/2023;-7,58994697;-62,7526481;85,000
AM;BR-230;572,000;571,000;1,000;14/02/2023;-7,58994697;-62,7526481;82,500
AM;BR-230;571,000;570,000;1,000;14/02/2023;-7,58994697;-62,7526481;85,000
AM;BR-230;570,000;569,000;1,000;14/02/2023;-7,58994697;-62,7526481;85,000
AM;BR-230;569,000;568,000;1,000;14/02/2023;-7,58994697;-62,7526481;75,000
AM;BR-230;568,000;567,000;1,000;14/02/2023;-7,60581165;-62,7094541;75,000
AM;BR-230;567,000;566,000;1,000;14/02/2023;-7,60581165;-62,7094541;75,000
AM;BR-230;566,000;565,000;1,000;14/02/2023;-7,60581165;-62,7094541;81,250
AM;BR-230;565,000;564,000;1,000;14/02/2023;-7,60581165;-62,7094541;75,000
AM;BR-230;564,000;563,000;1,000;14/02/2023;-7,60581165;-62,7094541;88,750
AM;BR-230;563,000;562,000;1,000;14/02/2023;-7,62753909;-62,6715574;88,750
AM;BR-230;562,000;561,000;1,000;14/02/2023;-7,62753909;-62,6715574;75,000
AM;BR-230;561,000;560,000;1,000;14/02/2023;-7,62753909;-62,6715574;78,750
AM;BR-230;560,000;559,000;1,000;14/02/2023;-7,62753909;-62,6715574;75,000
AM;BR-230;559,000;558,000;1,000;14/02/2023;-7,62753909;-62,6715574;82,500
AM;BR-230;558,000;557,000;1,000;14/02/2023;-7,62753909;-62,6715574;81,250
AM;BR-230;557,000;556,000;1,000;14/02/2023;-7,64590213;-62,6310297;88,750
AM;BR-230;556,000;555,000;1,000;14/02/2023;-7,64590213;-62,6310297;82,500
AM;BR-230;555,000;554,000;1,000;14/02/2023;-7,64590213;-62,6310297;86,250
AM;BR-230;554,000;553,000;1,000;14/02/2023;-7,64590213;-62,6310297;86,250
AM;BR-230;553,000;552,000;1,000;14/02/2023;-7,67026264;-62,5900663;75,000
AM;BR-230;552,000;551,000;1,000;14/02/2023;-7,67026264;-62,5900663;82,500
AM;BR-230;551,000;550,000;1,000;14/02/2023;-7,67026264;-62,5900663;86,250
AM;BR-230;550,000;549,000;1,000;14/02/2023;-7,67026264;-62,5900663;75,000
AM;BR-230;549,000;548,000;1,000;14/02/2023;-7,69640007;-62,5573195;82,500
AM;BR-230;548,000;547,000;1,000;14/02/2023;-7,70448402;-62,5467235;75,000
AM;BR-230;547,000;546,000;1,000;14/02/2023;-7,70448402;-62,5467235;82,500
AM;BR-230;546,000;545,000;1,000;14/02/2023;-7,70448402;-62,5467235;82,500
AM;BR-230;545,000;544,000;1,000;14/02/2023;-7,70448402;-62,5467235;75,000
AM;BR-230;544,000;543,000;1,000;14/02/2023;-7,70448402;-62,5467235;75,000
AM;BR-230;543,000;542,000;1,000;14/02/2023;-7,72005906;-62,5198434;75,000
AM;BR-230;542,000;541,000;1,000;14/02/2023;-7,72005906;-62,5198434;75,000
AM;BR-230;541,000;540,000;1,000;14/02/2023;-7,72005906;-62,5198434;77,500
AM;BR-230;540,000;539,000;1,000;14/02/2023;-7,72005906;-62,5198434;75,000
AM;BR-230;539,000;538,000;1,000;14/02/2023;-7,72005906;-62,5198434;77,500
AM;BR-230;538,000;537,000;1,000;14/02/2023;-7,7384374;-62,479152;86,250
AM;BR-230;537,000;536,000;1,000;14/02/2023;-7,7384374;-62,479152;78,750
AM;BR-230;536,000;535,000;1,000;14/02/2023;-7,7384374;-62,479152;82,500
AM;BR-230;535,000;534,000;1,000;14/02/2023;-7,7384374;-62,479152;88,750
AM;BR-230;534,000;533,000;1,000;14/02/2023;-7,7384374;-62,479152;86,250
AM;BR-230;533,000;532,000;1,000;14/02/2023;-7,76804622;-62,4455395;88,750
AM;BR-230;532,000;531,000;1,000;14/02/2023;-7,76804622;-62,4455395;86,250
AM;BR-230;531,000;530,000;1,000;14/02/2023;-7,76804622;-62,4455395;100,000
AM;BR-230;530,000;529,000;1,000;14/02/2023;-7,76804622;-62,4455395;88,750
AM;BR-230;529,000;528,000;1,000;14/02/2023;-7,76804622;-62,4455395;93,750
AM;BR-230;528,000;527,000;1,000;14/02/2023;-7,78652211;-62,401152;88,750
AM;BR-230;527,000;526,000;1,000;14/02/2023;-7,7896485;-62,3932259;86,250
AM;BR-230;526,000;525,000;1,000;14/02/2023;-7,7896485;-62,3932259;82,500
AM;BR-230;525,000;524,000;1,000;14/02/2023;-7,7896485;-62,3932259;88,750
AM;BR-230;524,000;523,000;1,000;14/02/2023;-7,7896485;-62,3932259;82,500
AM;BR-230;523,000;522,000;1,000;14/02/2023;-7,79963954;-62,3634502;86,250
AM;BR-230;522,000;521,000;1,000;14/02/2023;-7,79963954;-62,3634502;86,250
AM;BR-230;521,000;520,000;1,000;14/02/2023;-7,8077411;-62,3435879;77,500
AM;BR-230;520,000;519,000;1,000;14/02/2023;-7,8077411;-62,3435879;75,000
AM;BR-230;519,000;518,000;1,000;14/02/2023;-7,8077411;-62,3435879;72,500
AM;BR-230;518,000;517,000;1,000;14/02/2023;-7,8077411;-62,3435879;72,500
AM;BR-230;517,000;516,300;0,700;14/02/2023;-7,8077411;-62,3435879;72,500
AM;BR-230;516,300;515,000;1,300;14/02/2023;-7,8077411;-62,3435879;52,500
AM;BR-230;515,000;514,000;1,000;14/02/2023;-7,8077411;-62,3435879;32,500
AM;BR-230;514,000;513,000;1,000;14/02/2023;-7,8077411;-62,3435879;75,000
AM;BR-230;513,000;512,000;1,000;14/02/2023;-7,84681956;-62,2799542;82,500
AM;BR-230;512,000;511,000;1,000;14/02/2023;-7,84681956;-62,2799542;75,000
AM;BR-230;511,000;510,000;1,000;14/02/2023;-7,85639074;-62,2632608;78,750
AM;BR-230;510,000;509,000;1,000;14/02/2023;-7,85854213;-62,2594133;86,250
AM;BR-230;509,000;508,000;1,000;14/02/2023;-7,85854213;-62,2594133;90,000
AM;BR-230;508,000;507,000;1,000;14/02/2023;-7,85854213;-62,2594133;82,500
AM;BR-230;507,000;506,000;1,000;14/02/2023;-7,85854213;-62,2594133;78,750
AM;BR-230;506,000;505,000;1,000;14/02/2023;-7,85854213;-62,2594133;82,500
AM;BR-230;505,000;504,000;1,000;14/02/2023;-7,87902794;-62,2202535;78,750
AM;BR-230;504,000;503,000;1,000;14/02/2023;-7,87902794;-62,2202535;82,500
AM;BR-230;503,000;502,000;1,000;14/02/2023;-7,87902794;-62,2202535;82,500
AM;BR-230;502,000;501,000;1,000;14/02/2023;-7,87902794;-62,2202535;75,000
AM;BR-230;501,000;500,000;1,000;14/02/2023;-7,8957309;-62,1790343;82,500
AM;BR-230;500,000;499,000;1,000;14/02/2023;-7,8957123;-62,1790313;82,500
AM;BR-230;499,000;498,000;1,000;14/02/2023;-7,8957123;-62,1790313;86,250
AM;BR-230;498,000;497,000;1,000;14/02/2023;-7,8957123;-62,1790313;96,250
AM;BR-230;497,000;496,000;1,000;14/02/2023;-7,8957123;-62,1790313;88,750
AM;BR-230;496,000;495,000;1,000;14/02/2023;-7,8957123;-62,1790313;86,250
AM;BR-230;495,000;494,000;1,000;14/02/2023;-7,8957123;-62,1790313;88,750
AM;BR-230;494,000;493,000;1,000;14/02/2023;-7,8957123;-62,1790313;82,500
AM;BR-230;493,000;492,000;1,000;14/02/2023;-7,8957123;-62,1790313;86,250
AM;BR-230;492,000;491,000;1,000;14/02/2023;-7,8957123;-62,1790313;86,250
AM;BR-230;491,000;490,000;1,000;14/02/2023;-7,8957123;-62,1790313;88,750
AM;BR-230;490,000;489,000;1,000;14/02/2023;-7,8957123;-62,1790313;86,250
AM;BR-230;489,000;488,000;1,000;14/02/2023;-7,8957123;-62,1790313;86,250
AM;BR-230;488,000;487,000;1,000;14/02/2023;-7,8957123;-62,1790313;88,750
AM;BR-230;487,000;486,000;1,000;14/02/2023;-7,8957123;-62,1790313;86,250
AM;BR-230;486,000;485,000;1,000;14/02/2023;-7,95241527;-62,0620488;75,000
AM;BR-230;485,000;484,000;1,000;14/02/2023;-7,95356453;-62,0592643;77,500
AM;BR-230;484,000;483,000;1,000;14/02/2023;-7,95356453;-62,0592643;75,000
AM;BR-230;483,000;482,000;1,000;14/02/2023;-7,95356453;-62,0592643;78,750
AM;BR-230;482,000;481,000;1,000;14/02/2023;-7,95356453;-62,0592643;75,000
AM;BR-230;481,000;480,000;1,000;14/02/2023;-7,95356453;-62,0592643;88,750
AM;BR-230;480,000;479,000;1,000;14/02/2023;-7,9775784;-62,0217364;86,250
AM;BR-230;479,000;478,000;1,000;14/02/2023;-7,9775784;-62,0217364;82,500
AM;BR-230;478,000;477,000;1,000;14/02/2023;-7,9775784;-62,0217364;90,000
AM;BR-230;477,000;476,000;1,000;14/02/2023;-7,9775784;-62,0217364;93,750
AM;BR-230;476,000;475,000;1,000;14/02/2023;-7,9775784;-62,0217364;82,500
AM;BR-230;475,000;474,000;1,000;14/02/2023;-8,00653595;-61,988567;86,250
AM;BR-230;474,000;473,000;1,000;14/02/2023;-8,00653595;-61,988567;86,250
AM;BR-230;473,000;472,000;1,000;14/02/2023;-8,00653595;-61,988567;93,750
AM;BR-230;472,000;471,000;1,000;14/02/2023;-8,00653595;-61,988567;93,750
AM;BR-230;471,000;470,000;1,000;14/02/2023;-8,00653595;-61,988567;93,750
AM;BR-230;470,000;469,000;1,000;14/02/2023;-8,01779658;-61,9403904;93,750
AM;BR-230;469,000;468,000;1,000;14/02/2023;-8,01779658;-61,9403904;93,750
AM;BR-230;468,000;467,000;1,000;14/02/2023;-8,01779658;-61,9403904;86,250
AM;BR-230;467,000;466,000;1,000;14/02/2023;-8,01779658;-61,9403904;90,000
AM;BR-230;466,000;465,000;1,000;14/02/2023;-8,01779658;-61,9403904;93,750
AM;BR-230;465,000;464,000;1,000;14/02/2023;-8,02701744;-61,9041636;93,750
AM;BR-230;464,000;463,000;1,000;14/02/2023;-8,02789572;-61,888049;82,500
AM;BR-230;463,000;462,000;1,000;14/02/2023;-8,02789572;-61,888049;90,000
AM;BR-230;462,000;461,000;1,000;14/02/2023;-8,02789572;-61,888049;77,500
AM;BR-230;461,000;460,000;1,000;14/02/2023;-8,02789572;-61,888049;90,000
AM;BR-230;460,000;459,000;1,000;14/02/2023;-8,02045964;-61,861468;92,500
AM;BR-230;459,000;458,000;1,000;14/02/2023;-8,01436696;-61,8511259;83,750
AM;BR-230;458,000;457,000;1,000;14/02/2023;-8,01436696;-61,8511259;82,500
AM;BR-230;457,000;456,000;1,000;14/02/2023;-8,01436696;-61,8511259;80,000
AM;BR-230;456,000;455,000;1,000;14/02/2023;-8,01436696;-61,8511259;82,500
AM;BR-230;455,000;454,000;1,000;14/02/2023;-8,0114977;-61,8212925;75,000
AM;BR-230;454,000;453,000;1,000;14/02/2023;-8,0114977;-61,8212925;75,000
AM;BR-230;453,000;452,000;1,000;14/02/2023;-8,0114977;-61,8212925;72,500
AM;BR-230;452,000;451,000;1,000;14/02/2023;-8,0114977;-61,8212925;72,500
AM;BR-230;451,000;450,000;1,000;14/02/2023;-8,0114977;-61,8212925;83,750
AM;BR-230;450,000;449,000;1,000;14/02/2023;-8,0114977;-61,8212925;82,500
AM;BR-230;449,000;448,000;1,000;14/02/2023;-8,0114977;-61,8212925;93,750
AM;BR-230;448,000;447,000;1,000;14/02/2023;-8,0114977;-61,8212925;90,000
AM;BR-230;447,000;446,000;1,000;14/02/2023;-8,0114977;-61,8212925;86,250
AM;BR-230;446,000;445,000;1,000;14/02/2023;-8,0114977;-61,8212925;86,250
AM;BR-230;445,000;444,000;1,000;14/02/2023;-8,00153144;-61,7354134;93,750
AM;BR-230;444,000;443,000;1,000;14/02/2023;-8,00153144;-61,7354134;90,000
AM;BR-230;443,000;442,000;1,000;14/02/2023;-8,00153144;-61,7354134;86,250
AM;BR-230;442,000;441,000;1,000;14/02/2023;-7,99064065;-61,7037415;90,000
AM;BR-230;441,000;440,000;1,000;14/02/2023;-7,99064065;-61,7037415;90,000
AM;BR-230;440,000;439,000;1,000;14/02/2023;-7,98784372;-61,6933528;77,500
AM;BR-230;439,000;438,000;1,000;14/02/2023;-7,98784372;-61,6933528;78,750
AM;BR-230;438,000;437,000;1,000;14/02/2023;-7,98784372;-61,6933528;88,750
AM;BR-230;437,000;436,000;1,000;14/02/2023;-7,98784372;-61,6933528;82,500
AM;BR-230;436,000;435,000;1,000;14/02/2023;-7,98784372;-61,6933528;82,500
AM;BR-230;435,000;434,000;1,000;14/02/2023;-7,98784372;-61,6933528;86,250
AM;BR-230;434,000;433,000;1,000;14/02/2023;-7,98784372;-61,6933528;93,750
AM;BR-230;433,000;432,000;1,000;14/02/2023;-7,98784372;-61,6933528;82,500
AM;BR-230;432,000;431,000;1,000;14/02/2023;-7,98784372;-61,6933528;75,000
AM;BR-230;431,000;430,000;1,000;14/02/2023;-7,94246243;-61,6248773;80,000
AM;BR-230;430,000;429,000;1,000;14/02/2023;-7,94246243;-61,6248773;90,000
AM;BR-230;429,000;428,000;1,000;14/02/2023;-7,94246243;-61,6248773;75,000
AM;BR-230;428,000;427,000;1,000;14/02/2023;-7,94246243;-61,6248773;86,250
AM;BR-230;427,000;426,000;1,000;14/02/2023;-7,94246243;-61,6248773;82,500
AM;BR-230;426,000;425,000;1,000;14/02/2023;-7,94246243;-61,6248773;85,000
AM;BR-230;425,000;424,000;1,000;14/02/2023;-7,94246243;-61,6248773;77,500
AM;BR-230;424,000;423,000;1,000;14/02/2023;-7,94246243;-61,6248773;85,000
AM;BR-230;423,000;422,000;1,000;14/02/2023;-7,94246243;-61,6248773;88,750
AM;BR-230;422,000;421,000;1,000;14/02/2023;-7,94246243;-61,6248773;88,750
AM;BR-230;421,000;420,000;1,000;14/02/2023;-7,94246243;-61,6248773;88,750
AM;BR-230;420,000;419,000;1,000;14/02/2023;-7,94246243;-61,6248773;88,750
AM;BR-230;419,000;418,000;1,000;14/02/2023;-7,94246243;-61,6248773;77,500
AM;BR-230;418,000;417,000;1,000;14/02/2023;-7,94246243;-61,6248773;82,500
AM;BR-230;417,000;416,000;1,000;14/02/2023;-7,94246243;-61,6248773;75,000
AM;BR-230;416,000;415,000;1,000;14/02/2023;-7,94246243;-61,6248773;57,500
AM;BR-230;415,000;414,000;1,000;14/02/2023;-7,94246243;-61,6248773;63,750
AM;BR-230;414,000;413,000;1,000;14/02/2023;-7,94246243;-61,6248773;71,250
AM;BR-230;413,000;412,000;1,000;14/02/2023;-7,94246243;-61,6248773;83,750
AM;BR-230;412,000;411,000;1,000;14/02/2023;-7,94246243;-61,6248773;83,750
AM;BR-230;411,000;410,000;1,000;14/02/2023;-7,94246243;-61,6248773;78,750
AM;BR-230;410,000;409,000;1,000;14/02/2023;-7,94246243;-61,6248773;52,500
AM;BR-230;409,000;408,000;1,000;14/02/2023;-7,94246243;-61,6248773;86,250
AM;BR-230;408,000;407,000;1,000;14/02/2023;-7,94246243;-61,6248773;67,500
AM;BR-230;407,000;406,000;1,000;14/02/2023;-7,94246243;-61,6248773;82,500
AM;BR-230;406,000;405,000;1,000;14/02/2023;-7,94246243;-61,6248773;45,000
AM;BR-230;405,000;404,000;1,000;14/02/2023;-7,94246243;-61,6248773;47,500
AM;BR-230;404,000;403,000;1,000;14/02/2023;-7,94246243;-61,6248773;67,500
AM;BR-230;403,000;402,000;1,000;14/02/2023;-7,94246243;-61,6248773;56,250
AM;BR-230;402,000;401,000;1,000;14/02/2023;-7,94246243;-61,6248773;52,500
AM;BR-230;401,000;400,000;1,000;14/02/2023;-7,94246243;-61,6248773;63,750
AM;BR-319;631,000;630,000;1,000;14/02/2023;-7,36073263;-63,1944662;65,000
AM;BR-319;630,000;629,000;1,000;14/02/2023;-7,36073263;-63,1944662;57,500
AM;BR-319;629,000;628,000;1,000;14/02/2023;-7,36073263;-63,1944662;51,250
AM;BR-319;628,000;627,000;1,000;14/02/2023;-7,36073263;-63,1944662;65,000
AM;BR-319;627,000;626,000;1,000;14/02/2023;-7,36073263;-63,1944662;58,750
AM;BR-319;626,000;625,000;1,000;14/02/2023;-7,36073263;-63,1944662;57,500
AM;BR-319;625,000;624,000;1,000;14/02/2023;-7,32099588;-63,1794403;65,000
AM;BR-319;624,000;623,000;1,000;14/02/2023;-7,32099588;-63,1794403;66,250
AM;BR-319;623,000;622,000;1,000;14/02/2023;-7,32099588;-63,1794403;58,750
AM;BR-319;622,000;621,000;1,000;14/02/2023;-7,32099588;-63,1794403;65,000
AM;BR-319;621,000;620,000;1,000;14/02/2023;-7,32099588;-63,1794403;57,500
AM;BR-319;620,000;619,000;1,000;14/02/2023;-7,2782188;-63,1633528;51,250
AM;BR-319;619,000;618,000;1,000;14/02/2023;-7,2782188;-63,1633528;57,500
AM;BR-319;618,000;617,000;1,000;14/02/2023;-7,2782188;-63,1633528;58,750
AM;BR-319;617,000;616,000;1,000;14/02/2023;-7,2782188;-63,1633528;58,750
AM;BR-319;616,000;615,000;1,000;14/02/2023;-7,2782188;-63,1633528;51,250
AM;BR-319;615,000;614,000;1,000;14/02/2023;-7,22907491;-63,1447952;51,250
AM;BR-319;614,000;613,000;1,000;14/02/2023;-7,22907491;-63,1447952;65,000
AM;BR-319;613,000;612,000;1,000;14/02/2023;-7,22907491;-63,1447952;65,000
AM;BR-319;612,000;611,000;1,000;14/02/2023;-7,22907491;-63,1447952;65,000
AM;BR-319;611,000;610,000;1,000;14/02/2023;-7,5211033;-63,0337064;58,750
AM;BR-319;610,000;609,000;1,000;14/02/2023;-7,19230348;-63,1309181;58,750
AM;BR-319;609,000;608,000;1,000;14/02/2023;-7,19230348;-63,1309181;58,750
AM;BR-319;608,000;607,000;1,000;14/02/2023;-7,19230348;-63,1309181;70,000
AM;BR-319;607,000;606,000;1,000;14/02/2023;-7,19230348;-63,1309181;65,000
AM;BR-319;606,000;605,000;1,000;14/02/2023;-7,19230348;-63,1309181;51,250
AM;BR-319;605,000;604,000;1,000;14/02/2023;-7,14653328;-63,1172789;51,250
AM;BR-319;604,000;603,000;1,000;14/02/2023;-7,14653328;-63,1172789;51,250
AM;BR-319;603,000;602,000;1,000;14/02/2023;-7,14653328;-63,1172789;51,250
AM;BR-319;602,000;601,000;1,000;14/02/2023;-7,14653328;-63,1172789;51,250
AM;BR-319;601,000;600,000;1,000;14/02/2023;-7,14653328;-63,1172789;37,500
AM;BR-319;600,000;599,000;1,000;14/02/2023;-7,09129533;-63,1108549;58,750
AM;BR-319;599,000;598,000;1,000;14/02/2023;-7,09129533;-63,1108549;58,750
AM;BR-319;598,000;597,000;1,000;14/02/2023;-7,09129533;-63,1108549;43,750
AM;BR-319;597,000;596,000;1,000;14/02/2023;-7,09129533;-63,1108549;43,750
AM;BR-319;596,000;595,000;1,000;14/02/2023;-7,09129533;-63,1108549;43,750
AM;BR-319;595,000;594,000;1,000;14/02/2023;-7,09129533;-63,1108549;43,750
AM;BR-319;594,000;593,000;1,000;14/02/2023;-7,02293033;-63,1030258;43,750
AM;BR-319;593,000;592,000;1,000;14/02/2023;-7,02293033;-63,1030258;51,250
AM;BR-319;592,000;591,000;1,000;14/02/2023;-7,02293033;-63,1030258;43,750
AM;BR-319;591,000;590,000;1,000;14/02/2023;-7,02293033;-63,1030258;37,500
AM;BR-319;590,000;589,000;1,000;14/02/2023;-6,9916982;-63,1000928;37,500
AM;BR-319;513,800;512,000;1,800;15/02/2023;-6,8584477;-63,0571702;60,000
AM;BR-319;512,000;511,000;1,000;15/02/2023;-6,8584477;-63,0571702;68,750
AM;BR-319;511,000;510,000;1,000;15/02/2023;-6,8584477;-63,0571702;76,250
AM;BR-319;510,000;509,000;1,000;15/02/2023;-6,8584477;-63,0571702;76,250
AM;BR-319;509,000;508,000;1,000;15/02/2023;-6,8584477;-63,0571702;93,750
AM;BR-319;508,000;507,000;1,000;15/02/2023;-6,8584477;-63,0571702;83,750
AM;BR-319;507,000;506,000;1,000;15/02/2023;-6,8584477;-63,0571702;97,500
AM;BR-319;506,000;505,000;1,000;15/02/2023;-6,8584477;-63,0571702;58,750
AM;BR-319;505,000;504,000;1,000;15/02/2023;-6,8584477;-63,0571702;90,000
AM;BR-319;504,000;503,000;1,000;15/02/2023;-6,8584477;-63,0571702;80,000
AM;BR-319;503,000;502,000;1,000;15/02/2023;-6,3040146;-62,7585812;97,500
AM;BR-319;502,000;501,000;1,000;15/02/2023;-6,3040146;-62,7585812;97,500
AM;BR-319;501,000;500,000;1,000;15/02/2023;-6,28971515;-62,7506747;83,750
AM;BR-319;500,000;499,000;1,000;15/02/2023;-6,28971515;-62,7506747;76,250
AM;BR-319;499,000;498,000;1,000;15/02/2023;-6,28971515;-62,7506747;55,000
AM;BR-319;498,000;497,000;1,000;15/02/2023;-6,28971515;-62,7506747;76,250
AM;BR-319;497,000;496,000;1,000;15/02/2023;-6,2583647;-62,7217555;97,500
AM;BR-319;496,000;495,000;1,000;15/02/2023;-6,25228221;-62,7146514;97,500
AM;BR-319;495,000;494,000;1,000;15/02/2023;-6,25228221;-62,7146514;97,500
AM;BR-319;494,000;493,000;1,000;15/02/2023;-6,243143;-62,7040615;97,500
AM;BR-319;493,000;492,000;1,000;15/02/2023;-6,243143;-62,7040615;97,500
AM;BR-319;492,000;491,000;1,000;15/02/2023;-6,243143;-62,7040615;97,500
AM;BR-319;491,000;490,000;1,000;15/02/2023;-6,22526418;-62,6842819;97,500
AM;BR-319;490,000;489,000;1,000;15/02/2023;-6,22526418;-62,6842819;97,500
AM;BR-319;489,000;488,000;1,000;15/02/2023;-6,22526418;-62,6842819;93,750
AM;BR-319;488,000;487,000;1,000;15/02/2023;-6,22526418;-62,6842819;97,500
AM;BR-319;487,000;486,000;1,000;15/02/2023;-6,22526418;-62,6842819;93,750
AM;BR-319;486,000;485,000;1,000;15/02/2023;-6,22526418;-62,6842819;62,500
AM;BR-319;485,000;484,000;1,000;15/02/2023;-6,22526418;-62,6842819;55,000
AM;BR-319;484,000;483,000;1,000;15/02/2023;-6,22526418;-62,6842819;62,500
AM;BR-319;483,000;482,000;1,000;15/02/2023;-6,17490221;-62,6344428;93,750
AM;BR-319;482,000;481,000;1,000;15/02/2023;-6,17490221;-62,6344428;62,500
AM;BR-319;481,000;480,000;1,000;15/02/2023;-6,15676155;-62,619137;62,500
AM;BR-319;480,000;479,000;1,000;15/02/2023;-6,15676155;-62,619137;93,750
AM;BR-319;479,000;478,000;1,000;15/02/2023;-6,15676155;-62,619137;97,500
AM;BR-319;478,000;477,000;1,000;15/02/2023;-6,13935511;-62,6045751;76,250
AM;BR-319;477,000;476,000;1,000;15/02/2023;-6,13935511;-62,6045751;41,250
AM;BR-319;476,000;475,000;1,000;15/02/2023;-6,12623746;-62,5934999;55,000
AM;BR-319;475,000;474,000;1,000;15/02/2023;-6,12623746;-62,5934999;62,500
AM;BR-319;474,000;473,000;1,000;15/02/2023;-6,12623746;-62,5934999;73,750
AM;BR-319;473,000;472,000;1,000;15/02/2023;-6,0962209;-62,5666727;97,500
AM;BR-319;472,000;471,000;1,000;15/02/2023;-6,08840645;-62,5634813;97,500
AM;BR-319;471,000;470,000;1,000;15/02/2023;-6,08840645;-62,5634813;97,500
AM;BR-319;470,000;469,000;1,000;15/02/2023;-6,07562013;-62,5554686;97,500
AM;BR-319;469,000;468,000;1,000;15/02/2023;-6,06701235;-62,5501086;97,500
AM;BR-319;468,000;467,000;1,000;15/02/2023;-6,06701235;-62,5501086;90,000
AM;BR-319;467,000;466,000;1,000;15/02/2023;-6,06701235;-62,5501086;97,500
AM;BR-319;466,000;465,000;1,000;15/02/2023;-6,06701235;-62,5501086;97,500
AM;BR-319;465,000;464,000;1,000;15/02/2023;-6,03538568;-62,5305425;65,000
AM;BR-319;464,000;463,000;1,000;15/02/2023;-6,03538568;-62,5305425;68,750
AM;BR-319;463,000;462,000;1,000;15/02/2023;-6,03538568;-62,5305425;97,500
AM;BR-319;462,000;461,000;1,000;15/02/2023;-6,01508435;-62,5181345;93,750
AM;BR-319;461,000;460,000;1,000;15/02/2023;-6,01508435;-62,5181345;93,750
AM;BR-319;460,000;459,000;1,000;15/02/2023;-6,00304708;-62,5108461;80,000
AM;BR-319;459,000;458,000;1,000;15/02/2023;-6,00304708;-62,5108461;80,000
AM;BR-319;458,000;457,000;1,000;15/02/2023;-6,00304708;-62,5108461;70,000
AM;BR-319;457,000;456,000;1,000;15/02/2023;-5,97038595;-62,4901724;80,000
AM;BR-319;456,000;455,000;1,000;15/02/2023;-5,97038595;-62,4901724;48,750
AM;BR-319;455,000;454,000;1,000;15/02/2023;-5,97038595;-62,4901724;97,500
AM;BR-319;454,000;453,000;1,000;15/02/2023;-5,97038595;-62,4901724;76,250
AM;BR-319;453,000;452,000;1,000;15/02/2023;-5,9464026;-62,4585135;90,000
AM;BR-319;452,000;451,000;1,000;15/02/2023;-5,9464026;-62,4585135;93,750
AM;BR-319;451,000;450,000;1,000;15/02/2023;-5,9464026;-62,4585135;47,500
AM;BR-319;450,000;449,000;1,000;15/02/2023;-5,9464026;-62,4585135;83,750
AM;BR-319;449,000;448,000;1,000;15/02/2023;-5,9464026;-62,4585135;97,500
AM;BR-319;448,000;447,000;1,000;15/02/2023;-5,9464026;-62,4585135;93,750
AM;BR-319;447,000;446,000;1,000;15/02/2023;-5,9129733;-62,4217022;41,250
AM;BR-319;446,000;445,000;1,000;15/02/2023;-5,9129733;-62,4217022;76,250
AM;BR-319;445,000;444,000;1,000;15/02/2023;-5,9129733;-62,4217022;93,750
AM;BR-319;444,000;443,000;1,000;15/02/2023;-5,88964566;-62,4000168;97,500
AM;BR-319;443,000;442,000;1,000;15/02/2023;-5,88395971;-62,3946589;83,750
AM;BR-319;442,000;441,000;1,000;15/02/2023;-5,88395971;-62,3946589;76,250
AM;BR-319;441,000;440,000;1,000;15/02/2023;-5,88395971;-62,3946589;65,000
AM;BR-319;440,000;439,000;1,000;15/02/2023;-5,86266746;-62,3747721;83,750
AM;BR-319;439,000;438,000;1,000;15/02/2023;-5,86266746;-62,3747721;81,250
AM;BR-319;438,000;437,000;1,000;15/02/2023;-5,86266746;-62,3747721;97,500
AM;BR-319;437,000;436,000;1,000;15/02/2023;-5,84039898;-62,3539709;76,250
AM;BR-319;436,000;435,000;1,000;15/02/2023;-5,84039898;-62,3539709;65,000
AM;BR-319;435,000;434,000;1,000;15/02/2023;-5,84039898;-62,3539709;76,250
AM;BR-319;434,000;433,000;1,000;15/02/2023;-5,84039898;-62,3539709;62,500
AM;BR-307;1333,800;1334,000;0,200;23/02/2023;-0,1334478;-67,0875694;75,000
AM;BR-307;1334,000;1335,000;1,000;23/02/2023;-0,12504064;-67,0317915;73,750
AM;BR-307;1335,000;1336,000;1,000;23/02/2023;-0,11929899;-67,0276832;73,750
AM;BR-307;1336,000;1337,000;1,000;23/02/2023;-0,11069769;-67,0251938;73,750
AM;BR-307;1337,000;1338,000;1,000;23/02/2023;-0,10187306;-67,0219657;66,250
AM;BR-307;1338,000;1339,000;1,000;23/02/2023;-0,0961219;-67,0158148;73,750
AM;BR-307;1339,000;1340,000;1,000;23/02/2023;-0,08688902;-67,0111197;67,500
AM;BR-307;1340,000;1341,000;1,000;23/02/2023;-0,08039502;-67,0055612;60,000
AM;BR-307;1341,000;1342,000;1,000;23/02/2023;-0,07372193;-67,0013925;73,750
AM;BR-307;1342,000;1343,000;1,000;23/02/2023;-0,06589102;-66,998566;73,750
AM;BR-307;1343,000;1344,000;1,000;23/02/2023;-0,06225989;-66,9909236;73,750
AM;BR-307;1344,000;1345,000;1,000;23/02/2023;-0,06078267;-66,9822369;83,750
AM;BR-307;1345,000;1346,000;1,000;23/02/2023;-0,05831604;-66,9732286;83,750
AM;BR-307;1346,000;1347,000;1,000;23/02/2023;-0,05156668;-66,9654688;82,500
AM;BR-307;1347,000;1348,000;1,000;23/02/2023;-0,04759068;-66,9592723;83,750
AM;BR-307;1348,000;1349,000;1,000;23/02/2023;-0,04481271;-66,9504012;78,750
AM;BR-307;1349,000;1350,000;1,000;23/02/2023;-0,04142818;-66,9422294;77,500
AM;BR-307;1350,000;1351,000;1,000;23/02/2023;-0,03296694;-66,9380613;77,500
AM;BR-307;1351,000;1352,000;1,000;23/02/2023;-0,02571605;-66,933234;77,500
AM;BR-307;1352,000;1353,000;1,000;23/02/2023;-0,01731386;-66,9303516;77,500
AM;BR-307;1353,000;1354,000;1,000;23/02/2023;-0,01100631;-66,9253616;77,500
AM;BR-307;1354,000;1355,000;1,000;23/02/2023;-0,00452677;-66,9198863;77,500
AM;BR-307;1355,000;1356,000;1,000;23/02/2023;0,003401753;-66,9160617;77,500
AM;BR-307;1356,000;1357,000;1,000;23/02/2023;0,012133307;-66,9117955;77,500
AM;BR-307;1357,000;1358,000;1,000;23/02/2023;0,016049919;-66,9044087;77,500
AM;BR-307;1358,000;1359,000;1,000;23/02/2023;0,017649396;-66,8955761;77,500
AM;BR-307;1359,000;1360,000;1,000;23/02/2023;0,016538752;-66,8860848;77,500
AM;BR-307;1360,000;1361,000;1,000;23/02/2023;0,019739801;-66,8773681;77,500
AM;BR-307;1361,000;1362,000;1,000;23/02/2023;0,027021747;-66,872916;77,500
AM;BR-307;1362,000;1363,000;1,000;23/02/2023;0,034134336;-66,8683884;77,500
AM;BR-307;1363,000;1364,000;1,000;23/02/2023;0,041355974;-66,8633068;77,500
AM;BR-307;1364,000;1365,000;1,000;23/02/2023;0,047567887;-66,856776;52,500
AM;BR-307;1365,000;1366,000;1,000;23/02/2023;0,054484591;-66,8514756;52,500
AM;BR-307;1366,000;1367,000;1,000;23/02/2023;0,061492156;-66,8461991;56,250
AM;BR-307;1367,000;1368,000;1,000;23/02/2023;0,066801756;-66,8387698;53,750
AM;BR-307;1368,000;1369,000;1,000;23/02/2023;0,069886674;-66,8305647;53,750
AM;BR-307;1369,000;1370,000;1,000;23/02/2023;0,077355913;-66,8259149;53,750
AM;BR-307;1370,000;1371,000;1,000;23/02/2023;0,085033695;-66,8212523;53,750
AM;BR-307;1371,000;1372,000;1,000;23/02/2023;0,093637341;-66,8171198;60,000
AM;BR-307;1372,000;1373,000;1,000;23/02/2023;0,101667037;-66,8152852;53,750
AM;BR-307;1373,000;1374,000;1,000;23/02/2023;0,110189546;-66,8133591;56,250
AM;BR-307;1374,000;1375,000;1,000;23/02/2023;0,118340947;-66,8090634;60,000
AM;BR-307;1375,000;1376,000;1,000;23/02/2023;0,125656337;-66,8040962;60,000
AM;BR-307;1376,000;1377,000;1,000;23/02/2023;0,133670317;-66,801708;62,500
AM;BR-307;1377,000;1378,000;1,000;23/02/2023;0,143189099;-66,800725;60,000
AM;BR-307;1378,000;1379,000;1,000;23/02/2023;0,151042523;-66,8009565;53,750
AM;BR-307;1379,000;1380,000;1,000;23/02/2023;0,160908945;-66,8010429;53,750
AM;BR-307;1380,000;1381,000;1,000;23/02/2023;0,170310675;-66,7990306;56,250
AM;BR-307;1381,000;1382,000;1,000;23/02/2023;0,178073574;-66,7964967;56,250
AM;BR-307;1382,000;1383,000;1,000;23/02/2023;0,185256279;-66,792086;53,750
AM;BR-307;1383,000;1384,000;1,000;23/02/2023;0,19208535;-66,7861701;53,750
AM;BR-307;1384,000;1385,000;1,000;23/02/2023;0,200620768;-66,7831986;60,000
AM;BR-307;1385,000;1386,000;1,000;23/02/2023;0,209562457;-66,7833861;53,750
AM;BR-307;1386,000;1387,000;1,000;23/02/2023;0,218248581;-66,7835689;53,750
AM;BR-307;1387,000;1388,000;1,000;23/02/2023;0,227343281;-66,7808296;53,750
AM;BR-307;1388,000;1389,000;1,000;23/02/2023;0,235376707;-66,7786438;62,500
AM;BR-307;1389,000;1390,000;1,000;23/02/2023;0,237977695;-66,7719111;62,500
AM;BR-307;1390,000;1391,000;1,000;23/02/2023;0,239579561;-66,7631525;56,250
AM;BR-307;1391,000;1392,000;1,000;23/02/2023;0,23586533;-66,7558933;62,500
AM;BR-307;1392,000;1393,000;1,000;23/02/2023;0,23267128;-66,7483196;62,500
AM;BR-307;1393,000;1394,000;1,000;23/02/2023;0,23079629;-66,7400372;62,500
AM;BR-307;1394,000;1395,000;1,000;23/02/2023;0,233997674;-66,7313602;62,500
AM;BR-307;1395,000;1396,000;1,000;23/02/2023;0,231514996;-66,72352;62,500
AM;BR-307;1396,000;1397,000;1,000;23/02/2023;0,228066304;-66,7150285;60,000
AM;BR-307;1397,000;1398,000;1,000;23/02/2023;0,230687325;-66,7067852;62,500
AM;BR-307;1398,000;1399,000;1,000;23/02/2023;0,229646167;-66,6986906;60,000
AM;BR-307;1399,000;1400,000;1,000;23/02/2023;0,224605249;-66,6914646;60,000
AM;BR-307;1400,000;1401,000;1,000;23/02/2023;0,227654124;-66,6840959;60,000
AM;BR-307;1401,000;1402,000;1,000;23/02/2023;0,227838358;-66,6742948;60,000
AM;BR-307;1402,000;1403,000;1,000;23/02/2023;0,231604557;-66,6679967;60,000
AM;BR-307;1403,000;1404,000;1,000;23/02/2023;0,237584668;-66,6610307;60,000
AM;BR-307;1404,000;1405,000;1,000;23/02/2023;0,241491305;-66,6567594;60,000
AM;BR-307;1405,000;1406,000;1,000;23/02/2023;0,249367654;-66,6533755;53,750
AM;BR-307;1406,000;1407,000;1,000;23/02/2023;0,252722888;-66,6444805;60,000
AM;BR-307;1407,000;1408,000;1,000;23/02/2023;0,258860075;-66,6393274;60,000
AM;BR-307;1408,000;1409,000;1,000;23/02/2023;0,267230998;-66,6397115;60,000
AM;BR-307;1409,000;1410,000;1,000;23/02/2023;0,275883469;-66,6392099;62,500
AM;BR-307;1410,000;1411,000;1,000;23/02/2023;0,285438126;-66,6393553;53,750
AM;BR-307;1411,000;1412,000;1,000;23/02/2023;0,292502813;-66,6447929;53,750
AM;BR-307;1412,000;1413,000;1,000;23/02/2023;0,300480332;-66,6449032;56,250
AM;BR-307;1413,000;1414,000;1,000;23/02/2023;0,308580519;-66,6492708;56,250
AM;BR-307;1414,000;1415,000;1,000;23/02/2023;0,317414207;-66,6505457;56,250
AM;BR-307;1415,000;1416,000;1,000;23/02/2023;0,323796439;-66,6459624;53,750
AM;BR-307;1416,000;1417,000;1,000;23/02/2023;0,32984591;-66,6393175;53,750
AM;BR-307;1417,000;1418,000;1,000;23/02/2023;0,337050156;-66,6353789;62,500
AM;BR-307;1418,000;1419,000;1,000;23/02/2023;0,345188397;-66,6357433;53,750
AM;BR-307;1419,000;1420,000;1,000;23/02/2023;0,352998194;-66,634477;53,750
AM;BR-307;1420,000;1421,000;1,000;23/02/2023;0,356807601;-66,6418266;60,000
AM;BR-307;1421,000;1422,000;1,000;23/02/2023;0,362696098;-66,6486682;60,000
AM;BR-307;1422,000;1423,000;1,000;23/02/2023;0,370385027;-66,652733;53,750
AM;BR-307;1423,000;1424,000;1,000;23/02/2023;0,378014571;-66,6489422;53,750
AM;BR-307;1424,000;1425,000;1,000;23/02/2023;0,386177077;-66,6497204;53,750
AM;BR-319;198,200;199,000;0,800;27/02/2023;-3,0800336;-60,0260429;88,750
AM;BR-319;199,000;200,000;1,000;27/02/2023;-3,0800336;-60,0260429;92,500
AM;BR-319;200,000;201,000;1,000;27/02/2023;-3,0800205;-60,02606;92,500
AM;BR-319;201,000;202,000;1,000;27/02/2023;-3,0800205;-60,02606;92,500
AM;BR-319;202,000;203,000;1,000;27/02/2023;-3,0800205;-60,02606;92,500
AM;BR-319;203,000;204,000;1,000;27/02/2023;-3,0800244;-60,0260401;92,500
AM;BR-319;204,000;205,000;1,000;27/02/2023;-3,0800098;-60,0260299;92,500
AM;BR-319;205,000;206,000;1,000;27/02/2023;-3,0800098;-60,0260299;92,500
AM;BR-319;206,000;207,000;1,000;27/02/2023;-3,0800052;-60,026032;92,500
AM;BR-319;207,000;208,000;1,000;27/02/2023;-3,0800052;-60,026032;92,500
AM;BR-319;208,000;209,000;1,000;27/02/2023;-3,0800052;-60,026032;92,500
AM;BR-319;209,000;210,000;1,000;27/02/2023;-3,0800052;-60,026032;56,250
AM;BR-319;210,000;211,000;1,000;27/02/2023;-3,0800175;-60,0260672;56,250
AM;BR-319;211,000;212,000;1,000;27/02/2023;-3,0800342;-60,0261464;56,250
AM;BR-319;212,000;213,000;1,000;27/02/2023;-3,0800342;-60,0261464;56,250
AM;BR-319;213,000;214,000;1,000;27/02/2023;-3,0800718;-60,0260807;56,250
AM;BR-319;214,000;215,000;1,000;27/02/2023;-3,0800718;-60,0260807;50,000
AM;BR-319;215,000;216,000;1,000;27/02/2023;-3,080061;-60,0261149;50,000
AM;BR-319;216,000;217,000;1,000;27/02/2023;-3,080061;-60,0261149;50,000
AM;BR-319;217,000;218,000;1,000;27/02/2023;-3,0799963;-60,0261498;50,000
AM;BR-319;218,000;219,000;1,000;27/02/2023;-3,0799963;-60,0261498;50,000
AM;BR-319;219,000;220,000;1,000;27/02/2023;-3,0799963;-60,0261498;50,000
AM;BR-319;220,000;221,000;1,000;27/02/2023;-3,0799963;-60,0261498;50,000
AM;BR-319;221,000;222,000;1,000;27/02/2023;-3,0799759;-60,0260411;50,000
AM;BR-319;222,000;223,000;1,000;27/02/2023;-3,0799992;-60,0260501;50,000
AM;BR-319;223,000;224,000;1,000;27/02/2023;-3,0799992;-60,0260501;50,000
AM;BR-319;224,000;225,000;1,000;27/02/2023;-3,0799992;-60,0260501;50,000
AM;BR-319;225,000;226,000;1,000;27/02/2023;-3,0800289;-60,0261497;50,000
AM;BR-319;226,000;227,000;1,000;27/02/2023;-3,0800289;-60,0261497;50,000
AM;BR-319;227,000;228,000;1,000;27/02/2023;-3,0799683;-60,0260809;75,000
AM;BR-319;228,000;229,000;1,000;27/02/2023;-3,0800521;-60,0262417;71,250
AM;BR-319;229,000;230,000;1,000;27/02/2023;-3,0800521;-60,0262417;71,250
AM;BR-319;230,000;231,000;1,000;27/02/2023;-3,0800521;-60,0262417;71,250
AM;BR-319;231,000;232,000;1,000;27/02/2023;-3,0800521;-60,0262417;71,250
AM;BR-319;232,000;233,000;1,000;27/02/2023;-3,0800521;-60,0262417;71,250
AM;BR-319;233,000;234,000;1,000;27/02/2023;-3,0800521;-60,0262417;71,250
AM;BR-319;234,000;235,000;1,000;27/02/2023;-3,0800521;-60,0262417;71,250
AM;BR-319;235,000;236,000;1,000;27/02/2023;-3,0800225;-60,0261559;71,250
AM;BR-319;236,000;237,000;1,000;27/02/2023;-3,0800225;-60,0261559;71,250
AM;BR-319;237,000;238,000;1,000;27/02/2023;-3,0800225;-60,0261559;71,250
AM;BR-319;238,000;239,000;1,000;27/02/2023;-3,0800225;-60,0261559;71,250
AM;BR-319;239,000;240,000;1,000;27/02/2023;-3,0800225;-60,0261559;71,250
AM;BR-319;240,000;241,000;1,000;27/02/2023;-3,0799738;-60,0260528;71,250
AM;BR-319;241,000;242,000;1,000;27/02/2023;-3,0799812;-60,0260343;71,250
AM;BR-319;242,000;243,000;1,000;27/02/2023;-3,0799812;-60,0260343;71,250
AM;BR-319;243,000;244,000;1,000;27/02/2023;-3,0800073;-60,0260551;71,250
AM;BR-319;244,000;245,000;1,000;27/02/2023;-3,0800073;-60,026063;71,250
AM;BR-319;245,000;246,000;1,000;27/02/2023;-3,0800073;-60,026063;71,250
AM;BR-319;246,000;247,000;1,000;27/02/2023;-3,0800073;-60,026063;71,250
AM;BR-319;247,000;248,000;1,000;27/02/2023;-3,0800645;-60,0261034;71,250
AM;BR-319;248,000;249,000;1,000;27/02/2023;-3,0800645;-60,0261034;71,250
AM;BR-319;249,000;250,000;1,000;27/02/2023;-3,0800645;-60,0261034;71,250
AM;BR-319;250,000;251,000;1,000;27/02/2023;-3,0800443;-60,0260741;71,250
AM;BR-319;251,000;252,000;1,000;27/02/2023;-3,0800517;-60,0260918;71,250
AM;BR-319;252,000;253,000;1,000;27/02/2023;-3,0800517;-60,0260918;71,250
AM;BR-319;253,000;254,000;1,000;27/02/2023;-3,0800422;-60,0260949;71,250
AM;BR-319;254,000;255,000;1,000;27/02/2023;-3,0800422;-60,0260949;71,250
AM;BR-319;255,000;256,000;1,000;27/02/2023;-3,0800422;-60,0260949;71,250
AM;BR-319;256,000;257,000;1,000;27/02/2023;-3,0800241;-60,0260843;71,250
AM;BR-319;257,000;258,000;1,000;27/02/2023;-3,0800241;-60,0260843;71,250
AM;BR-319;258,000;259,000;1,000;27/02/2023;-3,0800241;-60,0260843;71,250
AM;BR-319;259,000;260,000;1,000;27/02/2023;-3,0800241;-60,0260843;71,250
AM;BR-319;261,100;262,000;0,900;27/02/2023;-3,080174;-60,0261475;71,250
AM;BR-319;262,000;263,000;1,000;27/02/2023;-3,080174;-60,0261475;71,250
AM;BR-319;263,000;264,000;1,000;27/02/2023;-3,080174;-60,0261475;71,250
AM;BR-319;264,000;265,000;1,000;27/02/2023;-3,080174;-60,0261475;71,250
AM;BR-319;265,000;266,000;1,000;27/02/2023;-3,080174;-60,0261475;71,250
AM;BR-319;266,000;267,000;1,000;27/02/2023;-3,080174;-60,0261475;71,250
AM;BR-319;267,000;268,000;1,000;27/02/2023;-3,080174;-60,0261475;85,000
AM;BR-319;268,000;269,000;1,000;27/02/2023;-3,080174;-60,0261475;71,250
AM;BR-319;269,000;270,000;1,000;27/02/2023;-3,080174;-60,0261475;68,750
AM;BR-319;270,000;271,000;1,000;27/02/2023;-3,080174;-60,0261475;71,250
AM;BR-319;271,000;272,000;1,000;27/02/2023;-3,080174;-60,0261475;63,750
AM;BR-319;272,000;273,000;1,000;27/02/2023;-3,080174;-60,0261475;67,500
AM;BR-319;273,000;274,000;1,000;27/02/2023;-3,080174;-60,0261475;71,250
AM;BR-319;274,000;275,000;1,000;27/02/2023;-3,080174;-60,0261475;71,250
AM;BR-319;275,000;276,000;1,000;27/02/2023;-3,080174;-60,0261475;71,250
AM;BR-319;276,000;277,000;1,000;27/02/2023;-3,080174;-60,0261475;71,250
AM;BR-319;277,000;278,000;1,000;27/02/2023;-3,080174;-60,0261475;71,250
AM;BR-319;278,000;279,000;1,000;27/02/2023;-3,080174;-60,0261475;71,250
AM;BR-319;279,000;280,000;1,000;27/02/2023;-3,080174;-60,0261475;71,250
AM;BR-319;280,000;281,000;1,000;27/02/2023;-3,080174;-60,0261475;71,250
AM;BR-319;281,000;282,000;1,000;27/02/2023;-3,080174;-60,0261475;60,000
AM;BR-319;282,000;283,000;1,000;27/02/2023;-3,080174;-60,0261475;67,500
AM;BR-319;283,000;284,000;1,000;27/02/2023;-3,080174;-60,0261475;71,250
AM;BR-319;284,000;285,000;1,000;27/02/2023;-3,080174;-60,0261475;71,250
AM;BR-319;285,000;286,000;1,000;27/02/2023;-3,0801747;-60,0261464;67,500
AM;BR-319;286,000;287,000;1,000;27/02/2023;-3,0801747;-60,0261464;71,250
AM;BR-319;287,000;288,000;1,000;27/02/2023;-3,0801747;-60,0261464;77,500
AM;BR-319;288,000;289,000;1,000;27/02/2023;-3,0801747;-60,0261464;77,500
AM;BR-319;289,000;290,000;1,000;27/02/2023;-3,0801747;-60,0261464;71,250
AM;BR-319;290,000;291,000;1,000;27/02/2023;-3,0801747;-60,0261464;60,000
AM;BR-319;291,000;292,000;1,000;27/02/2023;-3,0801747;-60,0261464;67,500
AM;BR-319;292,000;293,000;1,000;27/02/2023;-3,0801747;-60,0261464;67,500
AM;BR-319;293,000;294,000;1,000;27/02/2023;-3,0801747;-60,0261464;63,750
AM;BR-319;294,000;295,000;1,000;27/02/2023;-3,0801747;-60,0261464;71,250
AM;BR-319;295,000;296,000;1,000;27/02/2023;-3,0801747;-60,0261464;71,250
AM;BR-319;296,000;297,000;1,000;27/02/2023;-3,0801747;-60,0261464;67,500
AM;BR-319;297,000;298,000;1,000;27/02/2023;-3,0801747;-60,0261464;71,250
AM;BR-319;298,000;299,000;1,000;27/02/2023;-3,0801747;-60,0261464;71,250
AM;BR-319;299,000;300,000;1,000;27/02/2023;-3,0801747;-60,0261464;71,250
AM;BR-319;300,000;301,000;1,000;27/02/2023;-3,0801747;-60,0261464;71,250
AM;BR-319;301,000;302,000;1,000;27/02/2023;-3,0801747;-60,0261464;71,250
AM;BR-319;302,000;303,000;1,000;27/02/2023;-3,0801747;-60,0261464;71,250
AM;BR-319;303,000;304,000;1,000;27/02/2023;-3,0801747;-60,0261464;77,500
AM;BR-319;304,000;305,000;1,000;27/02/2023;-3,0801747;-60,0261464;71,250
AM;BR-319;305,000;306,000;1,000;27/02/2023;-3,0801747;-60,0261464;71,250
AM;BR-319;306,000;307,000;1,000;27/02/2023;-3,0801747;-60,0261464;67,500
AM;BR-319;307,000;308,000;1,000;27/02/2023;-3,0801747;-60,0261464;71,250
AM;BR-319;308,000;309,000;1,000;27/02/2023;-3,0801747;-60,0261464;71,250
AM;BR-319;309,000;310,000;1,000;27/02/2023;-3,0801747;-60,0261464;71,250
AM;BR-319;310,000;311,000;1,000;27/02/2023;-3,0801747;-60,0261464;71,250
AM;BR-319;311,000;312,000;1,000;27/02/2023;-3,0801747;-60,0261464;71,250
AM;BR-319;312,000;313,000;1,000;27/02/2023;-3,0801747;-60,0261464;77,500
AM;BR-319;313,000;314,000;1,000;27/02/2023;-3,0801747;-60,0261464;77,500
AM;BR-319;314,000;315,000;1,000;27/02/2023;-3,0801747;-60,0261464;77,500
AM;BR-319;315,000;316,000;1,000;27/02/2023;-3,0801747;-60,0261464;71,250
AM;BR-319;316,000;317,000;1,000;27/02/2023;-3,0801747;-60,0261464;77,500
AM;BR-319;317,000;318,000;1,000;27/02/2023;-3,0801747;-60,0261464;77,500
AM;BR-319;318,000;319,000;1,000;27/02/2023;-3,0801747;-60,0261464;77,500
AM;BR-319;319,000;320,000;1,000;27/02/2023;-3,0801747;-60,0261464;71,250
AM;BR-319;320,000;321,000;1,000;27/02/2023;-3,0801747;-60,0261464;71,250
AM;BR-319;321,000;322,000;1,000;27/02/2023;-3,0801747;-60,0261464;71,250
AM;BR-319;322,000;323,000;1,000;27/02/2023;-3,0801747;-60,0261464;67,500
AM;BR-319;323,000;324,000;1,000;27/02/2023;-3,0801747;-60,0261464;71,250
AM;BR-319;324,000;325,000;1,000;27/02/2023;-3,0801747;-60,0261464;71,250
AM;BR-319;325,000;326,000;1,000;27/02/2023;-3,0801747;-60,0261464;71,250
AM;BR-319;326,000;327,000;1,000;27/02/2023;-3,0801747;-60,0261464;81,250
AM;BR-319;327,000;328,000;1,000;27/02/2023;-3,0801747;-60,0261464;85,000
AM;BR-319;328,000;329,000;1,000;27/02/2023;-3,0801747;-60,0261464;85,000
AM;BR-319;329,000;330,000;1,000;27/02/2023;-3,0801747;-60,0261464;71,250
AM;BR-319;330,000;331,000;1,000;27/02/2023;-3,0801747;-60,0261464;63,750
AM;BR-319;331,000;332,000;1,000;27/02/2023;-3,0801747;-60,0261464;63,750
AM;BR-319;332,000;333,000;1,000;27/02/2023;-3,0801747;-60,0261464;71,250
AM;BR-319;333,000;334,000;1,000;27/02/2023;-3,0801747;-60,0261464;67,500
AM;BR-319;334,000;335,000;1,000;27/02/2023;-3,0801747;-60,0261464;63,750
AM;BR-319;335,000;336,000;1,000;27/02/2023;-3,0801747;-60,0261464;71,250
AM;BR-319;336,000;337,000;1,000;27/02/2023;-3,0801747;-60,0261464;71,250
AM;BR-319;337,000;338,000;1,000;27/02/2023;-3,0801747;-60,0261464;92,500
AM;BR-319;338,000;339,000;1,000;27/02/2023;-3,0801747;-60,0261464;71,250
AM;BR-319;339,000;340,000;1,000;27/02/2023;-3,0801747;-60,0261464;57,500
AM;BR-319;340,000;341,000;1,000;27/02/2023;-3,0801747;-60,0261464;50,000
AM;BR-319;341,000;342,000;1,000;27/02/2023;-3,0801747;-60,0261464;61,250
AM;BR-319;342,000;343,000;1,000;27/02/2023;-3,0801747;-60,0261464;50,000
AM;BR-319;343,000;344,000;1,000;27/02/2023;-3,0801747;-60,0261464;50,000
AM;BR-319;344,000;345,000;1,000;27/02/2023;-3,0801747;-60,0261464;71,250
AM;BR-319;345,000;346,000;1,000;27/02/2023;-3,0801747;-60,0261464;71,250
AM;BR-319;346,200;347,000;0,800;27/02/2023;-3,0800403;-60,0260527;71,250
AM;BR-319;347,000;348,000;1,000;27/02/2023;-3,0800148;-60,0260877;71,250
AM;BR-319;348,000;349,000;1,000;27/02/2023;-3,0799399;-60,0259543;71,250
AM;BR-319;349,000;350,000;1,000;27/02/2023;-3,0799872;-60,0260427;71,250
AM;BR-319;350,000;351,000;1,000;27/02/2023;-3,0800013;-60,0260193;71,250
AM;BR-319;351,000;352,000;1,000;27/02/2023;-3,0800226;-60,0260475;71,250
AM;BR-319;352,000;353,000;1,000;27/02/2023;-3,0800226;-60,0260475;71,250
AM;BR-319;353,000;354,000;1,000;27/02/2023;-3,0798;-60,0261171;71,250
AM;BR-319;354,000;355,000;1,000;27/02/2023;-3,0798;-60,0261171;67,500
AM;BR-319;355,000;356,000;1,000;27/02/2023;-3,0798;-60,0261171;67,500
AM;BR-319;356,000;357,000;1,000;27/02/2023;-3,0798;-60,0261171;67,500
AM;BR-319;357,000;358,000;1,000;27/02/2023;-3,0798;-60,0261171;81,250
AM;BR-319;358,000;359,000;1,000;27/02/2023;-3,0798;-60,0261171;81,250
AM;BR-319;359,000;360,000;1,000;27/02/2023;-3,0798;-60,0261171;71,250
AM;BR-319;360,000;361,000;1,000;27/02/2023;-3,0798;-60,0261171;81,250
AM;BR-319;361,000;362,000;1,000;27/02/2023;-3,0798;-60,0261171;81,250
AM;BR-319;362,000;363,000;1,000;27/02/2023;-3,0800911;-60,0261414;88,750
AM;BR-319;363,000;364,000;1,000;27/02/2023;-3,0800911;-60,0261414;71,250
AM;BR-319;364,000;365,000;1,000;27/02/2023;-3,0800911;-60,0261414;63,750
AM;BR-319;365,000;366,000;1,000;27/02/2023;-3,0800493;-60,0261557;88,750
AM;BR-319;366,000;367,000;1,000;27/02/2023;-3,0800493;-60,0261557;71,250
AM;BR-319;367,000;368,000;1,000;27/02/2023;-3,0801206;-60,0261644;67,500
AM;BR-319;368,000;369,000;1,000;27/02/2023;-3,0801206;-60,0261644;67,500
AM;BR-319;369,000;370,000;1,000;27/02/2023;-3,0801206;-60,0261644;63,750
AM;BR-319;370,000;371,000;1,000;27/02/2023;-3,0801206;-60,0261644;60,000
AM;BR-319;371,000;372,000;1,000;27/02/2023;-3,0800748;-60,0261296;63,750
AM;BR-319;372,000;373,000;1,000;27/02/2023;-3,0800748;-60,0261296;63,750
AM;BR-319;373,000;374,000;1,000;27/02/2023;-3,0800748;-60,0261296;71,250
AM;BR-319;374,000;375,000;1,000;27/02/2023;-3,0800748;-60,0261296;67,500
AM;BR-319;375,000;376,000;1,000;27/02/2023;-3,0800748;-60,0261296;67,500
AM;BR-319;376,000;377,000;1,000;27/02/2023;-3,0800971;-60,0261498;71,250
AM;BR-319;377,000;378,000;1,000;27/02/2023;-3,0800971;-60,0261498;67,500
AM;BR-319;378,000;379,000;1,000;27/02/2023;-3,0800971;-60,0261498;77,500
AM;BR-319;379,000;380,000;1,000;27/02/2023;-3,0800468;-60,0261143;73,750
AM;BR-319;380,000;381,000;1,000;27/02/2023;-3,0800468;-60,0261143;70,000
AM;BR-319;381,000;382,000;1,000;27/02/2023;-3,0800468;-60,0261143;56,250
AM;BR-319;382,000;383,000;1,000;27/02/2023;-3,0800609;-60,0261323;67,500
AM;BR-319;383,000;384,000;1,000;27/02/2023;-3,0800609;-60,0261323;67,500
AM;BR-319;384,000;385,000;1,000;27/02/2023;-3,0800609;-60,0261323;67,500
AM;BR-319;385,000;386,000;1,000;27/02/2023;-3,0800609;-60,0261323;71,250
AM;BR-319;386,000;387,000;1,000;27/02/2023;-3,0800609;-60,0261323;63,750
AM;BR-319;387,000;388,000;1,000;27/02/2023;-3,0800944;-60,0261018;71,250
AM;BR-319;388,000;389,000;1,000;27/02/2023;-3,0800944;-60,0261018;71,250
AM;BR-319;389,000;390,000;1,000;27/02/2023;-3,0800944;-60,0261018;67,500
AM;BR-319;390,000;391,000;1,000;27/02/2023;-3,0800944;-60,0261018;71,250
AM;BR-319;391,000;392,000;1,000;27/02/2023;-3,0800738;-60,0261357;67,500
AM;BR-319;392,000;393,000;1,000;27/02/2023;-3,0800738;-60,0261357;63,750
AM;BR-319;393,000;394,000;1,000;27/02/2023;-3,0800434;-60,0261358;67,500
AM;BR-319;394,000;395,000;1,000;27/02/2023;-3,0800434;-60,0261358;71,250
AM;BR-319;395,000;396,000;1,000;27/02/2023;-3,0800434;-60,0261358;71,250
AM;BR-319;396,000;397,000;1,000;27/02/2023;-3,0800548;-60,026091;63,750
AM;BR-319;397,000;398,000;1,000;27/02/2023;-3,0800548;-60,026091;71,250
AM;BR-319;398,000;399,000;1,000;27/02/2023;-3,0800548;-60,026091;57,500
AM;BR-319;399,000;400,000;1,000;27/02/2023;-3,0800548;-60,026091;50,000
AM;BR-319;400,000;401,000;1,000;27/02/2023;-3,0800537;-60,0260718;50,000
AM;BR-319;401,000;402,000;1,000;27/02/2023;-3,0800442;-60,0260619;50,000
AM;BR-319;402,000;403,000;1,000;27/02/2023;-3,0800442;-60,0260619;50,000
AM;BR-319;403,000;404,000;1,000;27/02/2023;-3,0800442;-60,0260619;63,750
AM;BR-319;404,000;405,000;1,000;27/02/2023;-3,0800472;-60,0260574;67,500
AM;BR-319;405,000;406,000;1,000;27/02/2023;-3,0800472;-60,0260574;50,000
AM;BR-319;406,000;407,000;1,000;27/02/2023;-3,0800406;-60,0260664;67,500
AM;BR-319;407,000;408,000;1,000;27/02/2023;-3,0800406;-60,0260664;63,750
AM;BR-319;408,000;409,000;1,000;27/02/2023;-3,0800406;-60,0260664;77,500
AM;BR-319;409,000;410,000;1,000;27/02/2023;-3,0800284;-60,026049;71,250
AM;BR-319;410,000;411,000;1,000;27/02/2023;-3,0800269;-60,0260557;67,500
AM;BR-319;411,000;412,000;1,000;27/02/2023;-3,0800322;-60,0260628;53,750
AM;BR-319;412,000;413,000;1,000;27/02/2023;-3,0800041;-60,0260396;71,250
AM;BR-319;413,000;414,000;1,000;27/02/2023;-3,0800041;-60,0260396;71,250
AM;BR-319;414,000;415,000;1,000;27/02/2023;-3,0800041;-60,0260396;61,250
AM;BR-319;415,000;416,000;1,000;27/02/2023;-3,0800041;-60,0260396;60,000
AM;BR-319;416,000;417,000;1,000;27/02/2023;-3,0800041;-60,0260396;53,750
AM;BR-319;417,000;418,000;1,000;27/02/2023;-3,0800041;-60,0260396;53,750
AM;BR-319;418,000;419,000;1,000;27/02/2023;-3,0800041;-60,0260396;53,750
AM;BR-319;419,000;420,000;1,000;27/02/2023;-3,0800041;-60,0260396;71,250
AM;BR-319;420,000;421,000;1,000;27/02/2023;-3,0800041;-60,0260396;71,250
AM;BR-319;421,000;422,000;1,000;27/02/2023;-3,0800041;-60,0260396;71,250
AM;BR-319;422,000;423,000;1,000;27/02/2023;-3,0800041;-60,0260396;61,250
AM;BR-319;423,000;424,000;1,000;27/02/2023;-3,0800041;-60,0260396;67,500
AM;BR-319;424,000;425,000;1,000;27/02/2023;-3,0800041;-60,0260396;71,250
AM;BR-319;425,000;426,000;1,000;27/02/2023;-3,0800041;-60,0260396;71,250
AM;BR-319;426,000;427,000;1,000;27/02/2023;-3,0800041;-60,0260396;71,250
AM;BR-319;427,000;428,000;1,000;27/02/2023;-3,0800041;-60,0260396;71,250
AM;BR-319;428,000;429,000;1,000;27/02/2023;-3,0800041;-60,0260396;71,250
AM;BR-319;429,000;430,000;1,000;27/02/2023;-3,0800041;-60,0260396;71,250
AM;BR-319;430,000;431,000;1,000;27/02/2023;-3,0800041;-60,0260396;71,250
AM;BR-319;431,000;432,000;1,000;27/02/2023;-3,0800041;-60,0260396;67,500
AM;BR-319;589,400;588,000;1,400;28/02/2023;-7,0229804;-63,1026674;50,000
AM;BR-319;588,000;587,000;1,000;28/02/2023;-6,973591;-63,0951211;50,000
AM;BR-319;587,000;586,000;1,000;28/02/2023;-6,9732987;-63,0951174;50,000
AM;BR-319;586,000;585,000;1,000;28/02/2023;-6,9668626;-63,0955904;76,250
AM;BR-319;585,000;584,000;1,000;28/02/2023;-6,9668626;-63,0955904;77,500
AM;BR-319;584,000;583,000;1,000;28/02/2023;-6,9554553;-63,0881261;78,750
AM;BR-319;583,000;582,000;1,000;28/02/2023;-6,9554553;-63,0881261;100,000
AM;BR-319;582,000;581,000;1,000;28/02/2023;-6,9554553;-63,0881261;76,250
AM;BR-319;581,000;580,000;1,000;28/02/2023;-6,9554553;-63,0881261;82,500
AM;BR-319;580,000;579,000;1,000;28/02/2023;-6,9554553;-63,0881261;65,000
AM;BR-319;579,000;578,000;1,000;28/02/2023;-6,9554553;-63,0881261;65,000
AM;BR-319;578,000;577,000;1,000;28/02/2023;-6,9554553;-63,0881261;65,000
AM;BR-319;577,000;576,000;1,000;28/02/2023;-6,9554553;-63,0881261;65,000
AM;BR-319;576,000;575,000;1,000;28/02/2023;-6,8822799;-63,0647168;65,000
AM;BR-319;575,000;574,000;1,000;28/02/2023;-6,8590996;-63,0579073;52,500
AM;BR-319;574,000;573,000;1,000;28/02/2023;-6,8590996;-63,0579073;52,500
AM;BR-319;573,000;572,000;1,000;28/02/2023;-6,8590996;-63,0579073;52,500
AM;BR-319;572,000;571,000;1,000;28/02/2023;-6,8590996;-63,0579073;52,500
AM;BR-319;571,000;570,000;1,000;28/02/2023;-6,8590996;-63,0579073;52,500
AM;BR-319;570,000;569,000;1,000;28/02/2023;-6,8590996;-63,0579073;52,500
AM;BR-319;569,000;568,000;1,000;28/02/2023;-6,8590996;-63,0579073;52,500
AM;BR-319;568,000;567,000;1,000;28/02/2023;-6,8590996;-63,0579073;52,500
AM;BR-319;567,000;566,000;1,000;28/02/2023;-6,7967861;-63,0177945;52,500
AM;BR-319;566,000;565,000;1,000;28/02/2023;-6,7967861;-63,0177945;52,500
AM;BR-319;565,000;564,000;1,000;28/02/2023;-6,7967861;-63,0177945;52,500
AM;BR-319;564,000;563,000;1,000;28/02/2023;-6,7967861;-63,0177945;52,500
AM;BR-319;563,000;562,000;1,000;28/02/2023;-6,7967861;-63,0177945;65,000
AM;BR-319;562,000;561,000;1,000;28/02/2023;-6,7967861;-63,0177945;72,500
AM;BR-319;561,000;560,000;1,000;28/02/2023;-6,7967861;-63,0177945;72,500
AM;BR-319;560,000;559,000;1,000;28/02/2023;-6,7967861;-63,0177945;87,500
AM;BR-319;559,000;558,000;1,000;28/02/2023;-6,7967861;-63,0177945;65,000
AM;BR-319;558,000;557,000;1,000;28/02/2023;-6,7967861;-63,0177945;52,500
AM;BR-319;557,000;556,000;1,000;28/02/2023;-6,7967861;-63,0177945;100,000
AM;BR-319;556,000;555,000;1,000;28/02/2023;-6,7967861;-63,0177945;52,500
AM;BR-319;555,000;554,000;1,000;28/02/2023;-6,7967861;-63,0177945;52,500
AM;BR-319;554,000;553,000;1,000;28/02/2023;-6,7967861;-63,0177945;52,500
AM;BR-319;553,000;552,000;1,000;28/02/2023;-6,7967861;-63,0177945;52,500
AM;BR-319;552,000;551,000;1,000;28/02/2023;-6,7967861;-63,0177945;52,500
AM;BR-319;551,000;550,000;1,000;28/02/2023;-6,7967861;-63,0177945;52,500
AM;BR-319;550,000;549,000;1,000;28/02/2023;-6,7967861;-63,0177945;65,000
AM;BR-319;549,000;548,000;1,000;28/02/2023;-6,7967861;-63,0177945;65,000
AM;BR-319;548,000;547,000;1,000;28/02/2023;-6,7967861;-63,0177945;80,000
AM;BR-319;547,000;546,000;1,000;28/02/2023;-6,7967861;-63,0177945;52,500
AM;BR-319;546,000;545,000;1,000;28/02/2023;-6,7967861;-63,0177945;65,000
AM;BR-319;545,000;544,000;1,000;28/02/2023;-6,7967861;-63,0177945;52,500
AM;BR-319;544,000;543,000;1,000;28/02/2023;-6,7967861;-63,0177945;52,500
AM;BR-319;543,000;542,000;1,000;28/02/2023;-6,7967861;-63,0177945;52,500
AM;BR-319;542,000;541,000;1,000;28/02/2023;-6,7967861;-63,0177945;65,000
AM;BR-319;541,000;540,000;1,000;28/02/2023;-6,7967861;-63,0177945;56,250
AM;BR-319;540,000;539,000;1,000;28/02/2023;-6,7967861;-63,0177945;51,250
AM;BR-319;539,000;538,000;1,000;28/02/2023;-6,7967861;-63,0177945;58,750
AM;BR-319;538,000;537,000;1,000;28/02/2023;-6,7967861;-63,0177945;65,000
AM;BR-319;537,000;536,000;1,000;28/02/2023;-6,7967861;-63,0177945;75,000
AM;BR-319;536,000;535,000;1,000;28/02/2023;-6,7967861;-63,0177945;65,000
AM;BR-319;535,000;534,000;1,000;28/02/2023;-6,7967861;-63,0177945;82,500
AM;BR-319;534,000;533,000;1,000;28/02/2023;-6,7967861;-63,0177945;100,000
AM;BR-319;533,000;532,000;1,000;28/02/2023;-6,7967861;-63,0177945;100,000
AM;BR-319;532,000;531,000;1,000;28/02/2023;-6,7967861;-63,0177945;52,500
AM;BR-319;531,000;530,000;1,000;28/02/2023;-6,7967861;-63,0177945;52,500
AM;BR-319;530,000;529,000;1,000;28/02/2023;-6,7967861;-63,0177945;65,000
AM;BR-319;529,000;528,000;1,000;28/02/2023;-6,7967861;-63,0177945;52,500
AM;BR-319;528,000;527,000;1,000;28/02/2023;-6,7967861;-63,0177945;65,000
AM;BR-319;527,000;526,000;1,000;28/02/2023;-6,7967861;-63,0177945;52,500
AM;BR-319;526,000;525,000;1,000;28/02/2023;-6,7967861;-63,0177945;52,500
AM;BR-319;525,000;524,000;1,000;28/02/2023;-6,7967861;-63,0177945;52,500
AM;BR-319;524,000;523,000;1,000;28/02/2023;-6,7967861;-63,0177945;52,500
AM;BR-319;523,000;522,000;1,000;28/02/2023;-6,7967861;-63,0177945;52,500
AM;BR-319;522,000;521,000;1,000;28/02/2023;-6,7967861;-63,0177945;52,500
AM;BR-319;521,000;520,000;1,000;28/02/2023;-6,7967861;-63,0177945;82,500
AM;BR-319;520,000;519,000;1,000;28/02/2023;-6,7967861;-63,0177945;58,750
AM;BR-319;519,000;518,000;1,000;28/02/2023;-6,7967861;-63,0177945;52,500
AM;BR-319;518,000;517,000;1,000;28/02/2023;-6,7967861;-63,0177945;52,500
AM;BR-319;517,000;516,000;1,000;28/02/2023;-6,7967861;-63,0177945;52,500
AM;BR-319;516,000;515,000;1,000;28/02/2023;-6,7967861;-63,0177945;52,500
AM;BR-319;515,000;514,000;1,000;28/02/2023;-6,7967861;-63,0177945;52,500
BA;BR-030;588,400;589,000;0,600;27/02/2023;-14,1609296;-41,205304;75,000
BA;BR-030;589,000;590,000;1,000;27/02/2023;-14,1609296;-41,205304;75,000
BA;BR-030;590,000;591,000;1,000;27/02/2023;-14,1546205;-41,2010013;75,000
BA;BR-030;591,000;592,000;1,000;27/02/2023;-14,1546205;-41,2010013;75,000
BA;BR-030;592,000;593,000;1,000;27/02/2023;-14,1546205;-41,2010013;75,000
BA;BR-030;593,000;594,000;1,000;27/02/2023;-14,1546205;-41,2010013;75,000
BA;BR-030;594,000;595,000;1,000;27/02/2023;-14,1546205;-41,2010013;75,000
BA;BR-030;595,000;596,000;1,000;27/02/2023;-14,1546205;-41,2010013;75,000
BA;BR-030;596,000;597,000;1,000;27/02/2023;-14,1546205;-41,2010013;75,000
BA;BR-030;597,000;598,000;1,000;27/02/2023;-14,1546205;-41,2010013;75,000
BA;BR-030;598,000;599,000;1,000;27/02/2023;-14,1546205;-41,2010013;75,000
BA;BR-030;599,000;600,000;1,000;27/02/2023;-14,1546205;-41,2010013;75,000
BA;BR-030;600,000;601,000;1,000;27/02/2023;-14,1546205;-41,2010013;75,000
BA;BR-030;601,000;602,000;1,000;27/02/2023;-14,1546205;-41,2010013;75,000
BA;BR-030;602,000;603,000;1,000;27/02/2023;-14,1546205;-41,2010013;75,000
BA;BR-030;603,000;604,000;1,000;27/02/2023;-14,1546205;-41,2010013;75,000
BA;BR-030;604,000;605,000;1,000;27/02/2023;-14,1546205;-41,2010013;75,000
BA;BR-030;605,000;606,000;1,000;27/02/2023;-14,1546205;-41,2010013;75,000
BA;BR-030;606,000;607,000;1,000;27/02/2023;-14,1546205;-41,2010013;75,000
BA;BR-030;607,000;608,000;1,000;27/02/2023;-14,1546205;-41,2010013;75,000
BA;BR-030;608,000;609,000;1,000;27/02/2023;-14,1546205;-41,2010013;75,000
BA;BR-030;609,000;610,000;1,000;27/02/2023;-14,1546205;-41,2010013;75,000
BA;BR-030;610,000;611,000;1,000;27/02/2023;-14,1546205;-41,2010013;75,000
BA;BR-030;611,000;612,000;1,000;27/02/2023;-14,1546205;-41,2010013;75,000
BA;BR-030;612,000;613,000;1,000;27/02/2023;-14,1546205;-41,2010013;75,000
BA;BR-030;613,000;614,000;1,000;27/02/2023;-14,1546205;-41,2010013;75,000
BA;BR-030;614,000;615,000;1,000;27/02/2023;-14,1546205;-41,2010013;75,000
BA;BR-030;615,000;616,000;1,000;27/02/2023;-14,1546205;-41,2010013;75,000
BA;BR-030;616,000;617,000;1,000;27/02/2023;-14,1546205;-41,2010013;75,000
BA;BR-030;617,000;618,000;1,000;27/02/2023;-14,1546205;-41,2010013;75,000
BA;BR-030;618,000;619,000;1,000;27/02/2023;-14,1546205;-41,2010013;75,000
BA;BR-030;619,000;620,000;1,000;27/02/2023;-14,1546205;-41,2010013;75,000
BA;BR-030;620,000;621,000;1,000;27/02/2023;-14,1546205;-41,2010013;75,000
BA;BR-030;621,000;622,000;1,000;27/02/2023;-14,1546205;-41,2010013;75,000
BA;BR-030;622,000;623,000;1,000;27/02/2023;-14,1546205;-41,2010013;75,000
BA;BR-030;623,000;624,000;1,000;27/02/2023;-14,1546205;-41,2010013;75,000
BA;BR-030;624,000;625,000;1,000;27/02/2023;-14,1546205;-41,2010013;78,750
BA;BR-030;625,000;626,000;1,000;27/02/2023;-14,1546205;-41,2010013;78,750
BA;BR-030;626,000;627,000;1,000;27/02/2023;-14,1546205;-41,2010013;78,750
BA;BR-030;627,000;628,000;1,000;27/02/2023;-14,1546205;-41,2010013;78,750
BA;BR-030;628,000;629,000;1,000;27/02/2023;-14,1546205;-41,2010013;78,750
BA;BR-030;629,000;630,000;1,000;27/02/2023;-14,1546205;-41,2010013;78,750
BA;BR-030;630,000;631,000;1,000;27/02/2023;-14,1546205;-41,2010013;78,750
BA;BR-030;631,000;632,000;1,000;27/02/2023;-14,1546205;-41,2010013;78,750
BA;BR-030;632,000;633,000;1,000;27/02/2023;-14,1546205;-41,2010013;78,750
BA;BR-030;633,000;634,000;1,000;27/02/2023;-14,1546205;-41,2010013;78,750
BA;BR-030;634,000;635,000;1,000;27/02/2023;-14,1546205;-41,2010013;78,750
BA;BR-030;635,000;636,000;1,000;27/02/2023;-14,1546205;-41,2010013;78,750
BA;BR-030;636,000;637,000;1,000;27/02/2023;-14,1546205;-41,2010013;78,750
BA;BR-030;637,000;638,000;1,000;27/02/2023;-14,1546205;-41,2010013;78,750
BA;BR-030;638,000;639,000;1,000;27/02/2023;-14,1546205;-41,2010013;78,750
BA;BR-030;639,000;640,000;1,000;27/02/2023;-14,1546205;-41,2010013;78,750
BA;BR-030;640,000;641,000;1,000;27/02/2023;-14,1546205;-41,2010013;78,750
BA;BR-030;641,000;642,000;1,000;27/02/2023;-14,1546205;-41,2010013;78,750
BA;BR-030;642,000;643,000;1,000;27/02/2023;-14,1546205;-41,2010013;78,750
BA;BR-030;643,000;644,000;1,000;27/02/2023;-14,1546205;-41,2010013;78,750
BA;BR-030;644,000;645,000;1,000;27/02/2023;-14,1546205;-41,2010013;78,750
BA;BR-030;645,000;646,000;1,000;27/02/2023;-14,1546205;-41,2010013;78,750
BA;BR-030;646,000;647,000;1,000;27/02/2023;-14,1546205;-41,2010013;78,750
BA;BR-030;647,000;648,000;1,000;27/02/2023;-14,1546205;-41,2010013;78,750
BA;BR-030;648,000;649,000;1,000;27/02/2023;-14,1546205;-41,2010013;78,750
BA;BR-030;649,000;650,000;1,000;27/02/2023;-14,1546205;-41,2010013;78,750
BA;BR-030;650,000;651,000;1,000;27/02/2023;-14,1546205;-41,2010013;78,750
BA;BR-030;651,000;652,000;1,000;27/02/2023;-14,1546205;-41,2010013;78,750
BA;BR-030;652,000;653,000;1,000;27/02/2023;-14,1546205;-41,2010013;78,750
BA;BR-030;653,000;654,000;1,000;27/02/2023;-14,1546205;-41,2010013;78,750
BA;BR-030;654,000;655,000;1,000;27/02/2023;-14,1546205;-41,2010013;78,750
BA;BR-030;655,000;656,000;1,000;27/02/2023;-14,1546205;-41,2010013;78,750
BA;BR-030;656,000;657,000;1,000;27/02/2023;-14,1546205;-41,2010013;78,750
BA;BR-030;657,000;658,000;1,000;27/02/2023;-14,1546205;-41,2010013;78,750
BA;BR-030;658,000;659,000;1,000;27/02/2023;-14,1546205;-41,2010013;78,750
BA;BR-030;659,000;660,000;1,000;27/02/2023;-14,1546205;-41,2010013;78,750
BA;BR-030;660,000;661,000;1,000;27/02/2023;-14,1546205;-41,2010013;78,750
BA;BR-030;661,000;662,000;1,000;27/02/2023;-14,1546205;-41,2010013;78,750
BA;BR-030;662,000;663,000;1,000;27/02/2023;-14,1546205;-41,2010013;78,750
BA;BR-030;663,000;664,000;1,000;27/02/2023;-14,1546205;-41,2010013;78,750
BA;BR-030;664,000;665,000;1,000;27/02/2023;-14,1546205;-41,2010013;78,750
BA;BR-030;665,000;666,000;1,000;27/02/2023;-14,1546205;-41,2010013;78,750
BA;BR-030;666,000;667,000;1,000;27/02/2023;-14,1546205;-41,2010013;78,750
BA;BR-030;667,000;668,000;1,000;27/02/2023;-14,1546205;-41,2010013;78,750
BA;BR-030;668,000;669,000;1,000;27/02/2023;-14,1546205;-41,2010013;78,750
BA;BR-030;669,000;670,000;1,000;27/02/2023;-14,1546205;-41,2010013;78,750
BA;BR-030;670,000;671,000;1,000;27/02/2023;-14,1546205;-41,2010013;78,750
BA;BR-030;671,000;672,000;1,000;27/02/2023;-14,1546205;-41,2010013;78,750
BA;BR-030;672,000;673,000;1,000;27/02/2023;-14,1546205;-41,2010013;78,750
BA;BR-030;673,000;674,000;1,000;27/02/2023;-14,1546205;-41,2010013;78,750
BA;BR-030;674,000;675,000;1,000;27/02/2023;-14,1546205;-41,2010013;78,750
BA;BR-030;675,000;676,000;1,000;27/02/2023;-14,1546205;-41,2010013;78,750
BA;BR-030;676,000;677,000;1,000;27/02/2023;-14,1546205;-41,2010013;78,750
BA;BR-030;677,000;678,000;1,000;27/02/2023;-14,1546205;-41,2010013;78,750
BA;BR-030;678,000;679,000;1,000;27/02/2023;-14,1546205;-41,2010013;78,750
BA;BR-030;679,000;680,000;1,000;27/02/2023;-14,1546205;-41,2010013;78,750
BA;BR-030;680,000;681,000;1,000;27/02/2023;-14,1546205;-41,2010013;78,750
BA;BR-030;681,000;682,000;1,000;27/02/2023;-14,1546205;-41,2010013;78,750
BA;BR-030;682,000;683,000;1,000;27/02/2023;-14,1546205;-41,2010013;78,750
BA;BR-030;683,000;684,000;1,000;27/02/2023;-14,1546205;-41,2010013;78,750
BA;BR-030;684,000;685,000;1,000;27/02/2023;-14,1546205;-41,2010013;78,750
BA;BR-030;685,000;686,000;1,000;27/02/2023;-14,1546205;-41,2010013;78,750
BA;BR-030;686,000;687,000;1,000;27/02/2023;-14,1546205;-41,2010013;78,750
BA;BR-030;687,000;688,000;1,000;27/02/2023;-14,1546205;-41,2010013;78,750
BA;BR-030;688,000;689,000;1,000;27/02/2023;-14,1546205;-41,2010013;78,750
BA;BR-030;689,000;690,000;1,000;27/02/2023;-14,1546205;-41,2010013;78,750
BA;BR-030;690,000;691,000;1,000;27/02/2023;-14,1546205;-41,2010013;78,750
BA;BR-030;691,000;692,000;1,000;27/02/2023;-14,1546205;-41,2010013;78,750
BA;BR-030;692,000;693,000;1,000;27/02/2023;-14,1546205;-41,2010013;78,750
BA;BR-030;693,000;694,000;1,000;27/02/2023;-14,1546205;-41,2010013;78,750
BA;BR-030;694,000;695,000;1,000;27/02/2023;-14,1546205;-41,2010013;78,750
BA;BR-030;695,000;696,000;1,000;27/02/2023;-14,1546205;-41,2010013;78,750
BA;BR-030;696,000;697,000;1,000;27/02/2023;-14,1546205;-41,2010013;78,750
BA;BR-030;697,000;698,000;1,000;27/02/2023;-14,1546205;-41,2010013;78,750
BA;BR-030;698,000;699,000;1,000;27/02/2023;-14,1546205;-41,2010013;78,750
BA;BR-030;699,000;700,000;1,000;27/02/2023;-14,1546205;-41,2010013;78,750
BA;BR-030;700,000;701,000;1,000;27/02/2023;-14,1546205;-41,2010013;78,750
BA;BR-030;701,000;702,000;1,000;27/02/2023;-14,1546205;-41,2010013;78,750
BA;BR-030;702,000;703,000;1,000;27/02/2023;-14,1546205;-41,2010013;78,750
BA;BR-030;238,400;237,000;1,400;27/02/2023;-14,2309183;-44,155905;75,000
BA;BR-030;237,000;236,000;1,000;27/02/2023;-14,2309183;-44,155905;70,000
BA;BR-030;236,000;235,000;1,000;27/02/2023;-14,2309183;-44,155905;60,000
BA;BR-030;235,000;234,000;1,000;27/02/2023;-14,2309183;-44,155905;75,000
BA;BR-030;234,000;233,000;1,000;27/02/2023;-14,2309183;-44,155905;82,500
BA;BR-030;233,000;232,000;1,000;27/02/2023;-14,2309183;-44,155905;57,500
BA;BR-030;232,000;231,000;1,000;27/02/2023;-14,2236233;-44,20024;75,000
BA;BR-030;231,000;230,000;1,000;27/02/2023;-14,2236233;-44,20024;40,000
BA;BR-030;230,000;229,000;1,000;27/02/2023;-14,2071316;-44,2232533;40,000
BA;BR-030;229,000;228,000;1,000;27/02/2023;-14,2052833;-44,237185;20,000
BA;BR-030;228,000;227,000;1,000;27/02/2023;-14,2052833;-44,237185;32,500
BA;BR-030;227,000;226,000;1,000;27/02/2023;-14,2052833;-44,237185;20,000
BA;BR-030;226,000;225,000;1,000;27/02/2023;-14,2052833;-44,237185;5,000
BA;BR-030;225,000;224,000;1,000;27/02/2023;-14,2099466;-44,272585;0,000
BA;BR-030;224,000;223,000;1,000;27/02/2023;-14,2099466;-44,272585;47,500
BA;BR-030;223,000;222,000;1,000;27/02/2023;-14,2099466;-44,272585;53,750
BA;BR-030;222,000;221,000;1,000;27/02/2023;-14,2099466;-44,272585;60,000
BA;BR-030;221,000;220,000;1,000;27/02/2023;-14,2099466;-44,272585;67,500
BA;BR-030;220,000;219,000;1,000;27/02/2023;-14,2296066;-44,3053566;38,750
BA;BR-030;219,000;218,000;1,000;27/02/2023;-14,2296066;-44,3053566;35,000
BA;BR-030;218,000;217,000;1,000;27/02/2023;-14,2296066;-44,3053566;60,000
BA;BR-030;217,000;216,000;1,000;27/02/2023;-14,2296066;-44,3053566;60,000
BA;BR-030;216,000;215,000;1,000;27/02/2023;-14,2193283;-44,3491016;27,500
BA;BR-030;215,000;214,000;1,000;27/02/2023;-14,2193816;-44,3517033;78,750
BA;BR-030;214,000;213,000;1,000;27/02/2023;-14,2193816;-44,3517033;60,000
BA;BR-030;213,000;212,000;1,000;27/02/2023;-14,2193816;-44,3517033;67,500
BA;BR-030;212,000;211,000;1,000;27/02/2023;-14,2193816;-44,3517033;63,750
BA;BR-030;211,000;210,000;1,000;27/02/2023;-14,2193816;-44,3517033;67,500
BA;BR-030;210,000;209,000;1,000;27/02/2023;-14,1911016;-44,3956316;40,000
BA;BR-030;209,000;208,000;1,000;27/02/2023;-14,1911016;-44,3956316;38,750
BA;BR-030;208,000;207,000;1,000;27/02/2023;-14,1911016;-44,3956316;47,500
BA;BR-030;207,000;206,000;1,000;27/02/2023;-14,1911016;-44,3956316;5,000
BA;BR-030;206,000;205,000;1,000;27/02/2023;-14,1935583;-44,4268533;25,000
BA;BR-030;205,000;204,000;1,000;27/02/2023;-14,1945633;-44,4332233;40,000
BA;BR-030;204,000;203,000;1,000;27/02/2023;-14,1945633;-44,4332233;47,500
BA;BR-030;203,000;202,000;1,000;27/02/2023;-14,1901333;-44,44774;52,500
BA;BR-030;202,000;201,000;1,000;27/02/2023;-14,1901333;-44,44774;40,000
BA;BR-030;201,000;200,000;1,000;27/02/2023;-14,1901333;-44,44774;45,000
BA;BR-030;200,000;199,000;1,000;27/02/2023;-14,1901333;-44,44774;47,500
BA;BR-030;199,000;198,000;1,000;27/02/2023;-14,1901333;-44,44774;38,750
BA;BR-030;198,000;197,000;1,000;27/02/2023;-14,18492;-44,4851483;27,500
BA;BR-030;197,000;196,000;1,000;27/02/2023;-14,184795;-44,4998566;5,000
BA;BR-030;196,000;195,000;1,000;27/02/2023;-14,182865;-44,5053333;40,000
BA;BR-030;195,000;194,000;1,000;27/02/2023;-14,182865;-44,5053333;35,000
BA;BR-030;194,000;193,000;1,000;27/02/2023;-14,1795966;-44,526335;40,000
BA;BR-030;193,000;192,000;1,000;27/02/2023;-14,1795966;-44,526335;40,000
BA;BR-030;192,000;191,000;1,000;27/02/2023;-14,1795966;-44,526335;16,250
BA;BR-030;281,700;280,000;1,700;27/02/2023;-14,2865183;-43,78507;62,500
BA;BR-030;280,000;279,000;1,000;27/02/2023;-14,286375;-43,7850366;75,000
BA;BR-030;279,000;278,000;1,000;27/02/2023;-14,286375;-43,7850366;67,500
BA;BR-030;278,000;277,000;1,000;27/02/2023;-14,286375;-43,7850366;67,500
BA;BR-030;277,000;276,000;1,000;27/02/2023;-14,286375;-43,7850366;55,000
BA;BR-030;276,000;275,000;1,000;27/02/2023;-14,286375;-43,7850366;80,000
BA;BR-030;275,000;274,000;1,000;27/02/2023;-14,25962;-43,8234616;80,000
BA;BR-030;274,000;273,000;1,000;27/02/2023;-14,25962;-43,8234616;60,000
BA;BR-030;273,000;272,000;1,000;27/02/2023;-14,25962;-43,8234616;75,000
BA;BR-030;272,000;271,000;1,000;27/02/2023;-14,25962;-43,8234616;75,000
BA;BR-030;271,000;270,000;1,000;27/02/2023;-14,236905;-43,85588;82,500
BA;BR-030;270,000;269,000;1,000;27/02/2023;-14,236905;-43,85588;67,500
BA;BR-030;269,000;268,000;1,000;27/02/2023;-14,2263166;-43,8707866;67,500
BA;BR-030;268,000;267,000;1,000;27/02/2023;-14,2263166;-43,8707866;66,250
BA;BR-030;267,000;266,000;1,000;27/02/2023;-14,2263166;-43,8707866;67,500
BA;BR-030;266,000;265,000;1,000;27/02/2023;-14,2263166;-43,8707866;67,500
BA;BR-030;265,000;264,000;1,000;27/02/2023;-14,2116;-43,9021216;67,500
BA;BR-030;264,000;263,000;1,000;27/02/2023;-14,2116;-43,9021216;67,500
BA;BR-030;263,000;262,000;1,000;27/02/2023;-14,2116;-43,9021216;81,250
BA;BR-030;262,000;261,000;1,000;27/02/2023;-14,2116;-43,9021216;68,750
BA;BR-030;261,000;260,000;1,000;27/02/2023;-14,2116;-43,9021216;95,000
BA;BR-030;260,000;259,000;1,000;27/02/2023;-14,2089083;-43,946635;82,500
BA;BR-030;259,000;258,000;1,000;27/02/2023;-14,2089083;-43,946635;80,000
BA;BR-030;258,000;257,000;1,000;27/02/2023;-14,2089083;-43,946635;87,500
BA;BR-030;257,000;256,000;1,000;27/02/2023;-14,2089083;-43,946635;67,500
BA;BR-030;256,000;255,000;1,000;27/02/2023;-14,2089083;-43,946635;67,500
BA;BR-030;255,000;254,000;1,000;27/02/2023;-14,2094166;-43,9900833;60,000
BA;BR-030;254,000;253,000;1,000;27/02/2023;-14,2094166;-43,9900833;67,500
BA;BR-030;253,000;252,000;1,000;27/02/2023;-14,2094166;-43,9900833;67,500
BA;BR-030;252,000;251,000;1,000;27/02/2023;-14,2094166;-43,9900833;67,500
BA;BR-030;251,000;250,000;1,000;27/02/2023;-14,2094166;-43,9900833;75,000
BA;BR-030;250,000;249,000;1,000;27/02/2023;-14,20767;-44,0367116;75,000
BA;BR-030;249,000;248,000;1,000;27/02/2023;-14,20767;-44,0367116;82,500
BA;BR-030;248,000;247,000;1,000;27/02/2023;-14,20767;-44,0367116;75,000
BA;BR-030;247,000;246,000;1,000;27/02/2023;-14,20767;-44,0367116;76,250
BA;BR-030;246,000;245,000;1,000;27/02/2023;-14,20767;-44,0367116;75,000
BA;BR-030;245,000;244,000;1,000;27/02/2023;-14,2127316;-44,0816566;61,250
BA;BR-030;244,000;243,000;1,000;27/02/2023;-14,2131483;-44,0823616;55,000
BA;BR-030;243,000;242,000;1,000;27/02/2023;-14,2131483;-44,0823616;55,000
BA;BR-030;242,000;241,000;1,000;27/02/2023;-14,2131483;-44,0823616;40,000
BA;BR-030;241,000;240,000;1,000;27/02/2023;-14,2131483;-44,0823616;60,000
BA;BR-030;240,000;239,000;1,000;27/02/2023;-14,21624;-44,126755;42,500
BA;BR-030;239,000;238,000;1,000;27/02/2023;-14,2252583;-44,140525;55,000
GO;BR-070;67,300;68,000;0,700;17/02/2023;-15,7781402;-48,7684947;27,500
GO;BR-070;68,000;69,000;1,000;17/02/2023;-15,7739081;-48,766691;27,500
GO;BR-070;69,000;70,000;1,000;17/02/2023;-15,7739081;-48,766691;33,750
GO;BR-070;70,000;71,000;1,000;17/02/2023;-15,7739081;-48,766691;32,500
GO;BR-070;71,000;72,000;1,000;17/02/2023;-15,7965851;-48,7855333;35,000
GO;BR-070;72,000;73,000;1,000;17/02/2023;-15,7853813;-48,7896166;5,000
GO;BR-070;73,000;74,000;1,000;17/02/2023;-15,7739081;-48,766691;5,000
GO;BR-070;74,000;75,000;1,000;17/02/2023;-15,7739081;-48,766691;0,000
GO;BR-070;75,000;76,000;1,000;17/02/2023;-15,7739081;-48,766691;5,000
GO;BR-070;76,000;77,000;1,000;17/02/2023;-15,7739081;-48,766691;0,000
GO;BR-070;77,000;78,000;1,000;17/02/2023;-15,7739081;-48,766691;5,000
GO;BR-070;78,000;79,000;1,000;17/02/2023;-15,7739081;-48,766691;12,500
GO;BR-070;79,000;80,000;1,000;17/02/2023;-15,7739081;-48,766691;5,000
GO;BR-070;80,000;81,000;1,000;17/02/2023;-15,7739081;-48,766691;0,000
GO;BR-070;81,000;82,000;1,000;17/02/2023;-15,7739081;-48,766691;5,000
GO;BR-070;82,000;83,000;1,000;17/02/2023;-15,7739081;-48,766691;0,000
GO;BR-070;83,000;84,000;1,000;17/02/2023;-15,7739081;-48,766691;7,500
GO;BR-070;84,000;85,000;1,000;17/02/2023;-15,7739081;-48,766691;5,000
GO;BR-070;85,000;86,000;1,000;17/02/2023;-15,7739081;-48,766691;5,000
GO;BR-070;86,000;87,000;1,000;17/02/2023;-15,7739081;-48,766691;5,000
GO;BR-070;87,000;88,000;1,000;17/02/2023;-15,7739081;-48,766691;5,000
GO;BR-070;88,000;89,000;1,000;17/02/2023;-15,7739081;-48,766691;5,000
GO;BR-070;89,000;90,000;1,000;17/02/2023;-15,7739081;-48,766691;5,000
GO;BR-070;90,000;91,000;1,000;17/02/2023;-15,7739081;-48,766691;15,000
GO;BR-070;91,000;92,000;1,000;17/02/2023;-15,7739081;-48,766691;0,000
GO;BR-070;92,000;93,000;1,000;17/02/2023;-15,7739081;-48,766691;0,000
GO;BR-070;93,000;94,000;1,000;17/02/2023;-15,7739081;-48,766691;0,000
GO;BR-070;94,000;95,000;1,000;17/02/2023;-15,7739081;-48,766691;0,000
GO;BR-070;95,000;96,000;1,000;17/02/2023;-15,7739081;-48,766691;0,000
GO;BR-070;96,000;97,000;1,000;17/02/2023;-15,8149487;-48,9941618;32,500
GO;BR-070;97,000;98,000;1,000;17/02/2023;-15,8149487;-48,9941618;20,000
GO;BR-070;98,000;99,000;1,000;17/02/2023;-15,8149487;-48,9941618;40,000
GO;BR-070;99,000;100,000;1,000;17/02/2023;-15,8149487;-48,9941618;0,000
GO;BR-070;100,000;101,000;1,000;17/02/2023;-15,8149487;-48,9941618;5,000
GO;BR-070;101,000;102,000;1,000;17/02/2023;-15,8149487;-48,9941618;12,500
GO;BR-070;102,000;103,000;1,000;17/02/2023;-15,8149487;-48,9941618;5,000
GO;BR-070;103,000;104,000;1,000;17/02/2023;-15,8149487;-48,9941618;0,000
GO;BR-070;104,000;105,000;1,000;17/02/2023;-15,8149487;-48,9941618;5,000
GO;BR-070;105,000;106,000;1,000;17/02/2023;-15,8149487;-48,9941618;0,000
GO;BR-070;106,000;107,000;1,000;17/02/2023;-15,8149487;-48,9941618;0,000
GO;BR-070;107,000;108,000;1,000;17/02/2023;-15,8149487;-48,9941618;5,000
GO;BR-070;108,000;109,000;1,000;17/02/2023;-15,8149487;-48,9941618;0,000
GO;BR-070;109,000;110,000;1,000;17/02/2023;-15,8149487;-48,9941618;5,000
GO;BR-070;110,000;111,000;1,000;17/02/2023;-15,8149487;-48,9941618;0,000
GO;BR-070;111,000;112,000;1,000;17/02/2023;-15,8149487;-48,9941618;5,000
GO;BR-070;112,000;113,000;1,000;17/02/2023;-15,8149487;-48,9941618;0,000
GO;BR-070;113,000;114,000;1,000;17/02/2023;-15,8149487;-48,9941618;12,500
GO;BR-070;114,000;115,000;1,000;17/02/2023;-15,8149487;-48,9941618;0,000
GO;BR-070;115,000;116,000;1,000;17/02/2023;-15,8149487;-48,9941618;12,500
GO;BR-070;116,000;117,000;1,000;17/02/2023;-15,8149487;-48,9941618;0,000
GO;BR-070;117,000;118,000;1,000;17/02/2023;-15,8149487;-48,9941618;0,000
GO;BR-070;118,000;119,000;1,000;17/02/2023;-15,8149487;-48,9941618;0,000
GO;BR-070;119,000;120,000;1,000;17/02/2023;-15,8149487;-48,9941618;12,500
GO;BR-070;120,000;121,000;1,000;17/02/2023;-15,8149487;-48,9941618;15,000
GO;BR-070;121,000;122,000;1,000;17/02/2023;-15,8149487;-48,9941618;0,000
GO;BR-070;122,000;123,000;1,000;17/02/2023;-15,8149487;-48,9941618;0,000
GO;BR-070;123,000;124,000;1,000;17/02/2023;-15,8149487;-48,9941618;0,000
GO;BR-070;124,000;125,000;1,000;17/02/2023;-15,8149487;-48,9941618;12,500
GO;BR-080;277,500;278,000;0,500;23/02/2023;-14,1931954;-49,3477073;62,500
GO;BR-080;278,000;279,000;1,000;23/02/2023;-14,1931954;-49,3477073;66,250
GO;BR-080;279,000;280,000;1,000;23/02/2023;-14,1931954;-49,3477073;67,500
GO;BR-080;280,000;281,000;1,000;23/02/2023;-14,1931954;-49,3477073;72,500
GO;BR-080;281,000;282,000;1,000;23/02/2023;-14,1931954;-49,3477073;66,250
GO;BR-080;282,000;283,000;1,000;23/02/2023;-14,1931954;-49,3477073;66,250
MA;BR-226;13,000;14,000;1,000;14/02/2023;-5,0879903;-42,8461821;30,000
MA;BR-226;14,000;15,000;1,000;14/02/2023;-5,0879903;-42,8461821;25,000
MA;BR-226;15,000;16,000;1,000;14/02/2023;-5,0879903;-42,8461821;30,000
MA;BR-226;16,000;17,000;1,000;14/02/2023;-5,0879903;-42,8461821;17,500
MA;BR-226;17,000;18,000;1,000;14/02/2023;-5,0879903;-42,8461821;37,500
MA;BR-226;18,000;19,000;1,000;14/02/2023;-5,0879903;-42,8461821;25,000
MA;BR-226;19,000;20,000;1,000;14/02/2023;-5,0879903;-42,8461821;37,500
MA;BR-226;20,000;21,000;1,000;14/02/2023;-5,0879903;-42,8461821;2,500
MA;BR-226;21,000;22,000;1,000;14/02/2023;-5,0632984;-42,7703518;2,500
MA;BR-226;22,000;23,000;1,000;14/02/2023;-5,0632984;-42,7703518;25,000
MA;BR-226;23,000;24,000;1,000;14/02/2023;-5,0632984;-42,7703518;30,000
MA;BR-226;24,000;25,000;1,000;14/02/2023;-5,0632984;-42,7703518;30,000
MA;BR-226;25,000;26,000;1,000;14/02/2023;-5,0632984;-42,7703518;17,500
MA;BR-226;26,000;27,000;1,000;14/02/2023;-5,0632984;-42,7703518;17,500
MA;BR-226;27,000;28,000;1,000;14/02/2023;-5,0632984;-42,7703518;18,750
MA;BR-226;28,000;29,000;1,000;14/02/2023;-5,0632984;-42,7703518;18,750
MA;BR-226;29,000;30,000;1,000;14/02/2023;-5,0632984;-42,7703518;31,250
MA;BR-226;30,000;31,000;1,000;14/02/2023;-5,0632984;-42,7703518;18,750
MA;BR-226;31,000;32,000;1,000;14/02/2023;-5,0632984;-42,7703518;18,750
MA;BR-226;32,000;33,000;1,000;14/02/2023;-5,0632984;-42,7703518;26,250
MA;BR-226;33,000;34,000;1,000;14/02/2023;-5,0632984;-42,7703518;18,750
MA;BR-226;34,000;35,000;1,000;14/02/2023;-5,0632984;-42,7703518;26,250
MA;BR-226;35,000;36,000;1,000;14/02/2023;-5,0632984;-42,7703518;18,750
MA;BR-226;36,000;37,000;1,000;14/02/2023;-5,0632984;-42,7703518;26,250
MA;BR-226;37,000;38,000;1,000;14/02/2023;-5,0632984;-42,7703518;31,250
MA;BR-226;38,000;39,000;1,000;14/02/2023;-5,0632984;-42,7703518;45,000
MA;BR-226;39,000;40,000;1,000;14/02/2023;-5,0632984;-42,7703518;45,000
MA;BR-226;40,000;41,000;1,000;14/02/2023;-5,0632984;-42,7703518;45,000
MA;BR-226;41,000;42,000;1,000;14/02/2023;-5,0632984;-42,7703518;45,000
MA;BR-226;42,000;43,000;1,000;14/02/2023;-5,0632984;-42,7703518;45,000
MA;BR-226;43,000;44,000;1,000;14/02/2023;-5,0632984;-42,7703518;31,250
MA;BR-226;44,000;45,000;1,000;14/02/2023;-5,0632984;-42,7703518;3,750
MA;BR-226;45,000;46,000;1,000;14/02/2023;-5,0632984;-42,7703518;18,750
MA;BR-226;46,000;47,000;1,000;14/02/2023;-5,0632984;-42,7703518;18,750
MA;BR-226;47,000;48,000;1,000;14/02/2023;-5,0632984;-42,7703518;18,750
MA;BR-226;48,000;49,000;1,000;14/02/2023;-5,0632984;-42,7703518;37,500
MA;BR-226;49,000;50,000;1,000;14/02/2023;-5,0632984;-42,7703518;18,750
MA;BR-226;50,000;51,000;1,000;14/02/2023;-5,0632984;-42,7703518;2,500
MA;BR-226;51,000;52,000;1,000;14/02/2023;-5,0632984;-42,7703518;3,750
MA;BR-226;52,000;53,000;1,000;14/02/2023;-5,0632984;-42,7703518;31,250
MA;BR-226;53,000;54,000;1,000;14/02/2023;-5,0632984;-42,7703518;18,750
MA;BR-226;54,000;55,000;1,000;14/02/2023;-5,0632984;-42,7703518;18,750
MA;BR-226;55,000;56,000;1,000;14/02/2023;-5,0632984;-42,7703518;2,500
MA;BR-226;56,000;57,000;1,000;14/02/2023;-5,0632984;-42,7703518;2,500
MA;BR-226;57,000;58,000;1,000;14/02/2023;-5,0632984;-42,7703518;2,500
MA;BR-226;58,000;59,000;1,000;14/02/2023;-5,0632984;-42,7703518;18,750
MA;BR-226;59,000;60,000;1,000;14/02/2023;-5,0632984;-42,7703518;3,750
MA;BR-226;60,000;61,000;1,000;14/02/2023;-5,19221666;-43,3537483;3,750
MA;BR-226;61,000;62,000;1,000;14/02/2023;-5,19221666;-43,3537483;37,500
MA;BR-226;62,000;63,000;1,000;14/02/2023;-5,19221666;-43,3537483;30,000
MA;BR-226;63,000;64,000;1,000;14/02/2023;-5,19221666;-43,3537483;3,750
MA;BR-226;64,000;65,000;1,000;14/02/2023;-5,19221666;-43,3537483;2,500
MA;BR-226;65,000;66,000;1,000;14/02/2023;-5,19221666;-43,3537483;2,500
MA;BR-226;66,000;67,000;1,000;14/02/2023;-5,19221666;-43,3537483;2,500
MA;BR-226;67,000;68,000;1,000;14/02/2023;-5,19221666;-43,3537483;2,500
MA;BR-226;68,000;69,000;1,000;14/02/2023;-5,19221666;-43,3537483;30,000
MA;BR-226;69,000;70,000;1,000;14/02/2023;-5,19221666;-43,3537483;3,750
MA;BR-226;70,000;71,000;1,000;14/02/2023;-5,19221666;-43,3537483;2,500
MA;BR-226;71,000;72,000;1,000;14/02/2023;-5,21301;-43,416385;2,500
MA;BR-226;72,000;73,000;1,000;14/02/2023;-5,21301;-43,416385;17,500
MA;BR-226;73,000;74,000;1,000;14/02/2023;-5,21301;-43,416385;30,000
MA;BR-226;74,000;75,000;1,000;14/02/2023;-5,21301;-43,416385;2,500
MT;BR-158;201,200;202,000;0,800;28/02/2023;-10,6499709;-51,5680153;51,250
MT;BR-158;202,000;203,000;1,000;28/02/2023;-10,6529488;-51,5692379;51,250
MT;BR-158;203,000;204,000;1,000;28/02/2023;-10,6529488;-51,5692379;53,750
MT;BR-158;204,000;205,000;1,000;28/02/2023;-10,6529488;-51,5692379;55,000
MT;BR-158;205,000;206,000;1,000;28/02/2023;-10,6529488;-51,5692379;52,500
MT;BR-158;206,000;207,000;1,000;28/02/2023;-10,6529488;-51,5692379;55,000
MT;BR-158;207,000;208,000;1,000;28/02/2023;-10,6529488;-51,5692379;55,000
MT;BR-158;208,000;209,000;1,000;28/02/2023;-10,6529488;-51,5692379;55,000
MT;BR-158;209,000;210,000;1,000;28/02/2023;-10,6529488;-51,5692379;55,000
MT;BR-158;210,000;211,000;1,000;28/02/2023;-10,6529488;-51,5692379;55,000
MT;BR-158;211,000;212,000;1,000;28/02/2023;-10,6529488;-51,5692379;55,000
MT;BR-158;212,000;213,000;1,000;28/02/2023;-10,6529488;-51,5692379;55,000
MT;BR-158;213,000;214,000;1,000;28/02/2023;-10,6529488;-51,5692379;52,500
MT;BR-158;214,000;215,000;1,000;28/02/2023;-10,6529488;-51,5692379;52,500
MT;BR-158;215,000;216,000;1,000;28/02/2023;-10,6529488;-51,5692379;55,000
MT;BR-158;216,000;217,000;1,000;28/02/2023;-10,6529488;-51,5692379;55,000
MT;BR-158;217,000;218,000;1,000;28/02/2023;-10,6529488;-51,5692379;55,000
MT;BR-158;218,000;219,000;1,000;28/02/2023;-10,6529488;-51,5692379;52,500
MT;BR-158;219,000;220,000;1,000;28/02/2023;-10,6529488;-51,5692379;52,500
MT;BR-158;220,000;221,000;1,000;28/02/2023;-10,6529488;-51,5692379;55,000
MT;BR-158;221,000;222,000;1,000;28/02/2023;-10,6529488;-51,5692379;52,500
MT;BR-158;222,000;223,000;1,000;28/02/2023;-10,6529488;-51,5692379;52,500
MT;BR-158;223,000;224,000;1,000;28/02/2023;-10,6529488;-51,5692379;50,000
MT;BR-158;224,000;225,000;1,000;28/02/2023;-10,6529488;-51,5692379;50,000
MT;BR-158;225,000;226,000;1,000;28/02/2023;-10,6529488;-51,5692379;50,000
MT;BR-158;226,000;227,000;1,000;28/02/2023;-10,6529488;-51,5692379;52,500
MT;BR-158;227,000;228,000;1,000;28/02/2023;-10,6529488;-51,5692379;56,250
MT;BR-158;228,000;229,000;1,000;28/02/2023;-10,6529488;-51,5692379;50,000
MT;BR-158;229,000;230,000;1,000;28/02/2023;-10,6529488;-51,5692379;50,000
MT;BR-158;230,000;231,000;1,000;28/02/2023;-10,6529488;-51,5692379;52,500
MT;BR-158;231,000;232,000;1,000;28/02/2023;-10,6529488;-51,5692379;55,000
MT;BR-158;232,000;233,000;1,000;28/02/2023;-10,6529488;-51,5692379;52,500
MT;BR-158;233,000;234,000;1,000;28/02/2023;-10,6529488;-51,5692379;52,500
MT;BR-158;234,000;235,000;1,000;28/02/2023;-10,6529488;-51,5692379;55,000
MT;BR-158;235,000;236,000;1,000;28/02/2023;-10,6529488;-51,5692379;52,500
MT;BR-158;236,000;237,000;1,000;28/02/2023;-10,6529488;-51,5692379;52,500
MT;BR-158;237,000;238,000;1,000;28/02/2023;-10,6529488;-51,5692379;52,500
MT;BR-158;238,000;239,000;1,000;28/02/2023;-10,6529488;-51,5692379;58,750
MT;BR-158;239,000;240,000;1,000;28/02/2023;-10,6529488;-51,5692379;52,500
MT;BR-158;240,000;241,000;1,000;28/02/2023;-10,6529488;-51,5692379;52,500
MT;BR-158;241,000;242,000;1,000;28/02/2023;-10,6529488;-51,5692379;52,500
MT;BR-158;242,000;243,000;1,000;28/02/2023;-10,6529488;-51,5692379;52,500
MT;BR-158;243,000;244,000;1,000;28/02/2023;-10,6529488;-51,5692379;52,500
MT;BR-158;244,000;245,000;1,000;28/02/2023;-10,6529488;-51,5692379;52,500
MT;BR-158;245,000;246,000;1,000;28/02/2023;-10,6529488;-51,5692379;55,000
MT;BR-158;246,000;247,000;1,000;28/02/2023;-10,6529488;-51,5692379;52,500
MT;BR-158;247,000;248,000;1,000;28/02/2023;-10,6529488;-51,5692379;52,500
MT;BR-158;248,000;249,000;1,000;28/02/2023;-10,6529488;-51,5692379;63,750
MT;BR-158;249,000;250,000;1,000;28/02/2023;-10,6529488;-51,5692379;61,250
MT;BR-158;250,000;251,000;1,000;28/02/2023;-10,6529488;-51,5692379;70,000
MT;BR-158;251,000;252,000;1,000;28/02/2023;-10,6529488;-51,5692379;73,750
MT;BR-158;252,000;253,000;1,000;28/02/2023;-10,6529488;-51,5692379;63,750
MT;BR-158;253,000;254,000;1,000;28/02/2023;-10,6529488;-51,5692379;56,250
MT;BR-158;254,000;255,000;1,000;28/02/2023;-10,6529488;-51,5692379;53,750
MT;BR-158;255,000;256,000;1,000;28/02/2023;-10,6529488;-51,5692379;50,000
MT;BR-158;256,000;257,000;1,000;28/02/2023;-10,6529488;-51,5692379;50,000
MT;BR-158;257,000;258,000;1,000;28/02/2023;-10,6529488;-51,5692379;52,500
MT;BR-158;258,000;259,000;1,000;28/02/2023;-10,6529488;-51,5692379;56,250
MT;BR-158;259,000;260,000;1,000;28/02/2023;-10,6529488;-51,5692379;62,500
MT;BR-158;260,000;261,000;1,000;28/02/2023;-10,6529488;-51,5692379;60,000
MT;BR-158;261,000;262,000;1,000;28/02/2023;-10,6529488;-51,5692379;67,500
MT;BR-158;262,000;263,000;1,000;28/02/2023;-10,6529488;-51,5692379;60,000
MT;BR-158;263,000;264,000;1,000;28/02/2023;-10,6529488;-51,5692379;63,750
MT;BR-158;264,000;265,000;1,000;28/02/2023;-10,6529488;-51,5692379;73,750
MT;BR-158;265,000;266,000;1,000;28/02/2023;-10,6529488;-51,5692379;63,750
MT;BR-158;266,000;267,000;1,000;28/02/2023;-10,6529488;-51,5692379;90,000
MT;BR-158;267,000;268,000;1,000;28/02/2023;-10,6529488;-51,5692379;86,250
MT;BR-158;268,000;269,000;1,000;28/02/2023;-10,6529488;-51,5692379;86,250
MT;BR-158;269,000;270,000;1,000;28/02/2023;-10,6529488;-51,5692379;76,250
MT;BR-158;270,000;271,000;1,000;28/02/2023;-10,6529488;-51,5692379;57,500
MT;BR-158;271,000;272,000;1,000;28/02/2023;-10,6529488;-51,5692379;57,500
MT;BR-158;272,000;273,000;1,000;28/02/2023;-10,6529488;-51,5692379;58,750
MT;BR-158;273,000;274,000;1,000;28/02/2023;-10,6529488;-51,5692379;58,750
MT;BR-158;274,000;275,000;1,000;28/02/2023;-10,6529488;-51,5692379;58,750
MT;BR-158;275,000;276,000;1,000;28/02/2023;-10,6529488;-51,5692379;61,250
MT;BR-158;276,000;277,000;1,000;28/02/2023;-10,6529488;-51,5692379;58,750
MT;BR-158;277,000;278,000;1,000;28/02/2023;-10,6529488;-51,5692379;61,250
MT;BR-158;278,000;279,000;1,000;28/02/2023;-10,6529488;-51,5692379;53,750
MT;BR-158;279,000;280,000;1,000;28/02/2023;-10,6529488;-51,5692379;61,250
MT;BR-158;280,000;281,000;1,000;28/02/2023;-10,6529488;-51,5692379;61,250
MT;BR-158;281,000;282,000;1,000;28/02/2023;-10,6529488;-51,5692379;58,750
MT;BR-158;282,000;283,000;1,000;28/02/2023;-10,6529488;-51,5692379;62,500
MT;BR-158;283,000;284,000;1,000;28/02/2023;-10,6529488;-51,5692379;70,000
MT;BR-158;284,000;285,000;1,000;28/02/2023;-10,6529488;-51,5692379;72,500
MT;BR-158;285,000;286,000;1,000;28/02/2023;-10,6529488;-51,5692379;70,000
MT;BR-158;286,000;287,000;1,000;28/02/2023;-10,6529488;-51,5692379;67,500
MT;BR-158;287,000;288,000;1,000;28/02/2023;-10,6529488;-51,5692379;70,000
MT;BR-158;288,000;289,000;1,000;28/02/2023;-10,6529488;-51,5692379;62,500
MT;BR-158;289,000;290,000;1,000;28/02/2023;-10,6529488;-51,5692379;60,000
MT;BR-158;290,000;291,000;1,000;28/02/2023;-10,6529488;-51,5692379;61,250
MT;BR-158;291,000;292,000;1,000;28/02/2023;-10,6529488;-51,5692379;55,000
MT;BR-158;292,000;293,000;1,000;28/02/2023;-10,6529488;-51,5692379;61,250
MT;BR-158;293,000;294,000;1,000;28/02/2023;-10,6529488;-51,5692379;58,750
MT;BR-158;294,000;295,000;1,000;28/02/2023;-10,6529488;-51,5692379;53,750
MT;BR-158;295,000;296,000;1,000;28/02/2023;-10,6529488;-51,5692379;61,250
MT;BR-158;296,000;297,000;1,000;28/02/2023;-10,6529488;-51,5692379;61,250
MT;BR-158;297,000;298,000;1,000;28/02/2023;-10,6529488;-51,5692379;62,500
MT;BR-158;298,000;299,000;1,000;28/02/2023;-10,6529488;-51,5692379;50,000
MT;BR-158;299,000;300,000;1,000;28/02/2023;-10,6529488;-51,5692379;57,500
MT;BR-158;300,000;301,000;1,000;28/02/2023;-10,6529488;-51,5692379;60,000
MT;BR-158;301,000;302,000;1,000;28/02/2023;-10,6529488;-51,5692379;60,000
MT;BR-158;302,000;303,000;1,000;28/02/2023;-10,6529488;-51,5692379;63,750
MT;BR-158;303,000;304,000;1,000;28/02/2023;-10,6529488;-51,5692379;52,500
MT;BR-158;304,000;305,000;1,000;28/02/2023;-10,6529488;-51,5692379;56,250
MT;BR-158;305,000;306,000;1,000;28/02/2023;-10,6529488;-51,5692379;56,250
MT;BR-158;306,000;307,000;1,000;28/02/2023;-10,6529488;-51,5692379;63,750
MT;BR-158;307,000;308,000;1,000;28/02/2023;-10,6529488;-51,5692379;63,750
MT;BR-158;308,000;309,000;1,000;28/02/2023;-10,6529488;-51,5692379;80,000
MT;BR-158;309,000;310,000;1,000;28/02/2023;-10,6529488;-51,5692379;62,500
MT;BR-158;310,000;311,000;1,000;28/02/2023;-10,6529488;-51,5692379;60,000
MT;BR-158;311,000;312,000;1,000;28/02/2023;-10,6529488;-51,5692379;60,000
MT;BR-158;312,000;313,000;1,000;28/02/2023;-10,6529488;-51,5692379;60,000
MT;BR-158;313,000;314,000;1,000;28/02/2023;-10,6529488;-51,5692379;60,000
MT;BR-158;314,000;315,000;1,000;28/02/2023;-10,6529488;-51,5692379;63,750
MT;BR-158;315,000;316,000;1,000;28/02/2023;-10,6529488;-51,5692379;50,000
MT;BR-158;316,000;317,000;1,000;28/02/2023;-10,6529488;-51,5692379;77,500
MT;BR-158;317,000;318,000;1,000;28/02/2023;-10,6529488;-51,5692379;71,250
MT;BR-158;318,000;319,000;1,000;28/02/2023;-10,6529488;-51,5692379;61,250
MT;BR-158;319,000;320,000;1,000;28/02/2023;-10,6529488;-51,5692379;57,500
MT;BR-158;320,000;321,000;1,000;28/02/2023;-10,6529488;-51,5692379;57,500
MT;BR-158;321,000;322,000;1,000;28/02/2023;-10,6529488;-51,5692379;57,500
MT;BR-158;322,000;323,000;1,000;28/02/2023;-10,6529488;-51,5692379;58,750
MT;BR-158;323,000;324,000;1,000;28/02/2023;-10,6529488;-51,5692379;57,500
MT;BR-158;324,000;325,000;1,000;28/02/2023;-10,6529488;-51,5692379;62,500
MT;BR-158;325,000;326,000;1,000;28/02/2023;-10,6529488;-51,5692379;75,000
MT;BR-158;326,000;327,000;1,000;28/02/2023;-10,6529488;-51,5692379;62,500
MT;BR-158;327,000;328,000;1,000;28/02/2023;-10,6529488;-51,5692379;65,000
MT;BR-158;328,000;329,000;1,000;28/02/2023;-10,6529488;-51,5692379;63,750
MT;BR-158;329,000;330,000;1,000;28/02/2023;-10,6529488;-51,5692379;57,500
MT;BR-158;330,000;331,000;1,000;28/02/2023;-10,6529488;-51,5692379;55,000
MT;BR-242;119,000;118,000;1,000;28/02/2023;-10,6529488;-51,5692379;50,000
MT;BR-242;118,000;117,000;1,000;28/02/2023;-10,6529488;-51,5692379;50,000
MT;BR-242;117,000;116,000;1,000;28/02/2023;-10,6529488;-51,5692379;50,000
MT;BR-242;116,000;115,000;1,000;28/02/2023;-10,6529488;-51,5692379;50,000
MT;BR-242;115,000;114,000;1,000;28/02/2023;-10,6529488;-51,5692379;60,000
MT;BR-242;114,000;113,000;1,000;28/02/2023;-10,6529488;-51,5692379;50,000
MT;BR-242;113,000;112,000;1,000;28/02/2023;-10,6529488;-51,5692379;57,500
MT;BR-242;112,000;111,000;1,000;28/02/2023;-10,6529488;-51,5692379;50,000
MT;BR-242;111,000;110,000;1,000;28/02/2023;-10,6529488;-51,5692379;50,000
MT;BR-242;110,000;109,000;1,000;28/02/2023;-10,6529488;-51,5692379;57,500
MT;BR-242;109,000;108,000;1,000;28/02/2023;-10,6529488;-51,5692379;57,500
MT;BR-242;108,000;107,000;1,000;28/02/2023;-10,6529488;-51,5692379;61,250
MT;BR-242;107,000;106,000;1,000;28/02/2023;-10,6529488;-51,5692379;63,750
MT;BR-242;106,000;105,000;1,000;28/02/2023;-10,6529488;-51,5692379;63,750
MT;BR-242;105,000;104,000;1,000;28/02/2023;-10,6529488;-51,5692379;61,250
MT;BR-242;104,000;103,000;1,000;28/02/2023;-10,6529488;-51,5692379;50,000
MT;BR-242;103,000;102,000;1,000;28/02/2023;-10,6529488;-51,5692379;66,250
MT;BR-242;102,000;101,000;1,000;28/02/2023;-10,6529488;-51,5692379;72,500
MT;BR-242;101,000;100,000;1,000;28/02/2023;-10,6529488;-51,5692379;66,250
MT;BR-242;100,000;99,000;1,000;28/02/2023;-10,6529488;-51,5692379;67,500
MT;BR-242;99,000;98,000;1,000;28/02/2023;-10,6529488;-51,5692379;76,250
MT;BR-242;98,000;97,000;1,000;28/02/2023;-10,6529488;-51,5692379;63,750
MT;BR-242;97,000;96,000;1,000;28/02/2023;-10,6529488;-51,5692379;50,000
MT;BR-242;96,000;95,000;1,000;28/02/2023;-10,6529488;-51,5692379;55,000
MT;BR-242;95,000;94,000;1,000;28/02/2023;-10,6529488;-51,5692379;55,000
MT;BR-242;94,000;93,000;1,000;28/02/2023;-10,6529488;-51,5692379;67,500
MT;BR-242;93,000;92,000;1,000;28/02/2023;-10,6529488;-51,5692379;67,500
MT;BR-242;92,000;91,000;1,000;28/02/2023;-10,6529488;-51,5692379;67,500
MT;BR-242;91,000;90,000;1,000;28/02/2023;-10,6529488;-51,5692379;63,750
MT;BR-242;90,000;89,000;1,000;28/02/2023;-10,6529488;-51,5692379;63,750
MT;BR-242;89,000;88,000;1,000;28/02/2023;-10,6529488;-51,5692379;50,000
MT;BR-242;88,000;87,000;1,000;28/02/2023;-10,0160912;-51,1129472;51,250
MT;BR-242;87,000;86,000;1,000;28/02/2023;-10,0160912;-51,1129472;57,500
MT;BR-242;86,000;85,000;1,000;28/02/2023;-10,0160912;-51,1129472;66,250
MT;BR-242;85,000;84,000;1,000;28/02/2023;-10,0160912;-51,1129472;67,500
MT;BR-242;84,000;83,000;1,000;28/02/2023;-10,0160912;-51,1129472;67,500
MT;BR-242;83,000;82,000;1,000;28/02/2023;-10,0160912;-51,1129472;70,000
MT;BR-242;82,000;81,000;1,000;28/02/2023;-10,0160912;-51,1129472;67,500
MT;BR-242;81,000;80,000;1,000;28/02/2023;-10,0160912;-51,1129472;63,750
MT;BR-242;80,000;79,000;1,000;28/02/2023;-10,0160912;-51,1129472;70,000
MT;BR-242;79,000;78,000;1,000;28/02/2023;-10,0160912;-51,1129472;67,500
MT;BR-242;78,000;77,000;1,000;28/02/2023;-10,0160912;-51,1129472;47,500
MT;BR-242;77,000;76,000;1,000;28/02/2023;-10,0160912;-51,1129472;60,000
MT;BR-242;76,000;75,000;1,000;28/02/2023;-10,0160912;-51,1129472;50,000
MT;BR-242;75,000;74,000;1,000;28/02/2023;-10,0160912;-51,1129472;52,500
MT;BR-242;74,000;73,000;1,000;28/02/2023;-10,0160912;-51,1129472;52,500
MT;BR-242;73,000;72,000;1,000;28/02/2023;-10,0160912;-51,1129472;50,000
MT;BR-242;72,000;71,000;1,000;28/02/2023;-10,0160912;-51,1129472;52,500
MT;BR-242;71,000;70,000;1,000;28/02/2023;-10,0160912;-51,1129472;52,500
MT;BR-242;70,000;69,000;1,000;28/02/2023;-10,0160912;-51,1129472;52,500
MT;BR-242;69,000;68,000;1,000;28/02/2023;-10,0160912;-51,1129472;52,500
MT;BR-242;68,000;67,000;1,000;28/02/2023;-10,0160912;-51,1129472;52,500
MT;BR-242;67,000;66,000;1,000;28/02/2023;-10,0160912;-51,1129472;62,500
MT;BR-242;66,000;65,000;1,000;28/02/2023;-10,0160912;-51,1129472;65,000
MT;BR-242;65,000;64,000;1,000;28/02/2023;-10,0160912;-51,1129472;57,500
MT;BR-242;64,000;63,000;1,000;28/02/2023;-10,0160912;-51,1129472;52,500
MT;BR-242;63,000;62,000;1,000;28/02/2023;-10,0160912;-51,1129472;81,250
MT;BR-242;62,000;61,000;1,000;28/02/2023;-10,0160912;-51,1129472;75,000
MT;BR-242;61,000;60,000;1,000;28/02/2023;-10,0160912;-51,1129472;61,250
MT;BR-242;60,000;59,000;1,000;28/02/2023;-10,0160912;-51,1129472;73,750
MT;BR-242;59,000;58,000;1,000;28/02/2023;-10,0160912;-51,1129472;56,250
MT;BR-242;58,000;57,000;1,000;28/02/2023;-10,0160912;-51,1129472;58,750
MT;BR-242;57,000;56,000;1,000;28/02/2023;-10,0160912;-51,1129472;52,500
MT;BR-242;56,000;55,000;1,000;28/02/2023;-10,0160912;-51,1129472;61,250
MT;BR-242;55,000;54,000;1,000;28/02/2023;-10,0160912;-51,1129472;53,750
MT;BR-242;54,000;53,000;1,000;28/02/2023;-10,0160912;-51,1129472;53,750
MT;BR-242;53,000;52,000;1,000;28/02/2023;-10,0160912;-51,1129472;51,250
MT;BR-242;52,000;51,000;1,000;28/02/2023;-10,0160912;-51,1129472;53,750
MT;BR-242;51,000;50,000;1,000;28/02/2023;-10,0160912;-51,1129472;51,250
MT;BR-242;50,000;49,000;1,000;28/02/2023;-10,0160912;-51,1129472;67,500
MT;BR-242;49,000;48,000;1,000;28/02/2023;-10,0160912;-51,1129472;61,250
MT;BR-242;48,000;47,000;1,000;28/02/2023;-10,0160912;-51,1129472;67,500
MT;BR-242;47,000;46,000;1,000;28/02/2023;-10,0160912;-51,1129472;51,250
MT;BR-242;46,000;45,000;1,000;28/02/2023;-10,0160912;-51,1129472;51,250
MT;BR-242;45,000;44,000;1,000;28/02/2023;-10,0160912;-51,1129472;51,250
MT;BR-242;44,000;43,000;1,000;28/02/2023;-10,0160912;-51,1129472;51,250
MT;BR-242;43,000;42,000;1,000;28/02/2023;-10,0160912;-51,1129472;51,250
MT;BR-242;42,000;41,000;1,000;28/02/2023;-10,0160912;-51,1129472;51,250
MT;BR-242;41,000;40,000;1,000;28/02/2023;-10,0160912;-51,1129472;51,250
MT;BR-242;40,000;39,000;1,000;28/02/2023;-10,0160912;-51,1129472;51,250
MT;BR-242;39,000;38,000;1,000;28/02/2023;-10,0160912;-51,1129472;51,250
MT;BR-242;38,000;37,000;1,000;28/02/2023;-10,0160912;-51,1129472;55,000
MT;BR-242;37,000;36,000;1,000;28/02/2023;-10,0160912;-51,1129472;51,250
MT;BR-242;36,000;35,000;1,000;28/02/2023;-10,0160912;-51,1129472;53,750
MT;BR-242;35,000;34,000;1,000;28/02/2023;-10,0160912;-51,1129472;53,750
MT;BR-242;34,000;33,000;1,000;28/02/2023;-10,0160912;-51,1129472;55,000
MT;BR-242;33,000;32,000;1,000;28/02/2023;-10,0160912;-51,1129472;51,250
MT;BR-242;32,000;31,000;1,000;28/02/2023;-10,0160912;-51,1129472;67,500
MT;BR-242;31,000;30,000;1,000;28/02/2023;-10,0160912;-51,1129472;55,000
MT;BR-242;30,000;29,000;1,000;28/02/2023;-10,0160912;-51,1129472;65,000
MT;BR-242;29,000;28,000;1,000;28/02/2023;-10,0160912;-51,1129472;65,000
MT;BR-242;28,000;27,000;1,000;28/02/2023;-10,0160912;-51,1129472;76,250
MT;BR-242;27,000;26,000;1,000;28/02/2023;-10,0160912;-51,1129472;75,000
MT;BR-242;26,000;25,000;1,000;28/02/2023;-10,0160912;-51,1129472;78,750
MT;BR-242;25,000;24,000;1,000;28/02/2023;-10,0160912;-51,1129472;78,750
MT;BR-242;24,000;23,000;1,000;28/02/2023;-10,0160912;-51,1129472;86,250
MT;BR-242;23,000;22,000;1,000;28/02/2023;-10,0160912;-51,1129472;86,250
MT;BR-242;22,000;21,000;1,000;28/02/2023;-10,0160912;-51,1129472;86,250
MT;BR-242;21,000;20,000;1,000;28/02/2023;-10,0160912;-51,1129472;78,750
MT;BR-242;20,000;19,000;1,000;28/02/2023;-10,0160912;-51,1129472;78,750
MT;BR-242;19,000;18,000;1,000;28/02/2023;-10,0160912;-51,1129472;75,000
MT;BR-242;18,000;17,000;1,000;28/02/2023;-10,0160912;-51,1129472;70,000
MT;BR-242;17,000;16,000;1,000;28/02/2023;-10,0160912;-51,1129472;53,750
MT;BR-242;16,000;15,000;1,000;28/02/2023;-10,0160912;-51,1129472;53,750
MT;BR-242;15,000;14,000;1,000;28/02/2023;-10,0160912;-51,1129472;50,000
MT;BR-242;14,000;13,000;1,000;28/02/2023;-10,0160912;-51,1129472;50,000
MT;BR-242;13,000;12,000;1,000;28/02/2023;-10,0160912;-51,1129472;50,000
MT;BR-242;12,000;11,000;1,000;28/02/2023;-10,0160912;-51,1129472;50,000
MT;BR-242;11,000;10,000;1,000;28/02/2023;-10,0160912;-51,1129472;50,000
MT;BR-242;10,000;9,000;1,000;28/02/2023;-10,0160912;-51,1129472;50,000
MT;BR-242;9,000;8,000;1,000;28/02/2023;-10,0160912;-51,1129472;53,750
MT;BR-242;8,000;7,000;1,000;28/02/2023;-10,0160912;-51,1129472;50,000
MT;BR-242;7,000;6,000;1,000;28/02/2023;-10,0160912;-51,1129472;50,000
MT;BR-242;6,000;5,000;1,000;28/02/2023;-10,0160912;-51,1129472;50,000
MT;BR-242;5,000;4,000;1,000;28/02/2023;-10,0160912;-51,1129472;0,000
MT;BR-242;4,000;3,000;1,000;28/02/2023;-10,0160912;-51,1129472;0,000
MT;BR-242;3,000;2,000;1,000;28/02/2023;-10,0160912;-51,1129472;0,000
MT;BR-242;2,000;1,000;1,000;28/02/2023;-10,0160912;-51,1129472;0,000
MT;BR-242;1,000;0,000;1,000;28/02/2023;-10,0160912;-51,1129472;0,000
MT;BR-174;70,000;69,000;1,000;23/02/2023;-16,1938841;-57,6065348;60,000
MT;BR-174;69,000;68,000;1,000;23/02/2023;-16,1674179;-57,6232877;37,500
MT;BR-174;68,000;67,000;1,000;23/02/2023;-16,1674179;-57,6232877;50,000
MT;BR-174;67,000;66,000;1,000;23/02/2023;-16,1674179;-57,6232877;61,250
MT;BR-174;66,000;65,000;1,000;23/02/2023;-16,1674179;-57,6232877;50,000
MT;BR-174;65,000;64,000;1,000;23/02/2023;-16,1765023;-57,6270233;30,000
MT;BR-174;64,000;63,000;1,000;23/02/2023;-16,1765023;-57,6270233;30,000
MT;BR-174;63,000;62,000;1,000;23/02/2023;-16,1765023;-57,6270233;50,000
MT;BR-174;62,000;61,000;1,000;23/02/2023;-16,1765023;-57,6270233;26,250
MT;BR-174;61,000;60,000;1,000;23/02/2023;-16,2103699;-57,6463959;30,000
MT;BR-174;60,000;59,000;1,000;23/02/2023;-16,2129272;-57,6512111;37,500
MT;BR-174;59,000;58,000;1,000;23/02/2023;-16,2220019;-57,6564277;58,750
MT;BR-174;58,000;57,000;1,000;23/02/2023;-16,2220019;-57,6564277;40,000
MT;BR-174;57,000;56,000;1,000;23/02/2023;-16,2220019;-57,6564277;30,000
MT;BR-174;56,000;55,000;1,000;23/02/2023;-16,2468665;-57,6687238;45,000
MT;BR-174;55,000;54,000;1,000;23/02/2023;-16,2593793;-57,6740207;37,500
MT;BR-174;54,000;53,000;1,000;23/02/2023;-16,2688122;-57,6780101;40,000
MT;BR-174;53,000;52,000;1,000;23/02/2023;-16,2688122;-57,6780101;30,000
MT;BR-174;52,000;51,000;1,000;23/02/2023;-16,281444;-57,677184;32,500
MT;BR-174;51,000;50,000;1,000;23/02/2023;-16,281444;-57,677184;30,000
MT;BR-174;50,000;49,000;1,000;23/02/2023;-16,281444;-57,677184;58,750
MT;BR-174;49,000;48,000;1,000;23/02/2023;-16,281444;-57,677184;52,500
MT;BR-174;48,000;47,000;1,000;23/02/2023;-16,281444;-57,677184;37,500
MT;BR-174;47,000;46,000;1,000;23/02/2023;-16,2991554;-57,6737716;37,500
MT;BR-174;46,000;45,000;1,000;23/02/2023;-16,2991554;-57,6737716;52,500
MT;BR-174;45,000;44,000;1,000;23/02/2023;-16,305774;-57,6886311;47,500
MT;BR-174;44,000;43,000;1,000;23/02/2023;-16,3064747;-57,6978841;52,500
MT;BR-174;43,000;42,000;1,000;23/02/2023;-16,3064747;-57,6978841;30,000
MT;BR-174;42,000;41,000;1,000;23/02/2023;-16,3064747;-57,6978841;32,500
MT;BR-174;41,000;40,000;1,000;23/02/2023;-16,3064747;-57,6978841;17,500
MT;BR-174;40,000;39,000;1,000;23/02/2023;-16,3064747;-57,6978841;43,750
MT;BR-174;39,000;38,000;1,000;23/02/2023;-16,3064747;-57,6978841;81,250
MT;BR-174;38,000;37,000;1,000;23/02/2023;-16,3249209;-57,7164012;81,250
MT;BR-174;37,000;36,000;1,000;23/02/2023;-16,3249209;-57,7164012;73,750
MT;BR-174;36,000;35,000;1,000;23/02/2023;-16,3249209;-57,7164012;80,000
MT;BR-174;35,000;34,000;1,000;23/02/2023;-16,3429908;-57,7187753;85,000
MT;BR-174;34,000;33,000;1,000;23/02/2023;-16,3846324;-57,7274409;56,250
MT;BR-174;33,000;32,000;1,000;24/02/2023;-16,158331;-57,6178155;25,000
MT;BR-174;32,000;31,000;1,000;24/02/2023;-16,4430944;-57,745156;52,500
MT;BR-174;31,000;30,000;1,000;24/02/2023;-16,4475128;-57,7467432;71,250
MT;BR-174;30,000;29,000;1,000;24/02/2023;-16,4533022;-57,7490337;87,500
MT;BR-174;29,000;28,000;1,000;24/02/2023;-16,4576096;-57,7494716;85,000
MT;BR-174;28,000;27,000;1,000;24/02/2023;-16,4576096;-57,7494716;81,250
MT;BR-174;27,000;26,000;1,000;24/02/2023;-16,4814185;-57,7529562;62,500
MT;BR-174;26,000;25,000;1,000;24/02/2023;-16,4814185;-57,7529562;87,500
MT;BR-174;25,000;24,000;1,000;24/02/2023;-16,4814185;-57,7529562;87,500
MT;BR-174;24,000;23,000;1,000;24/02/2023;-16,4966761;-57,7546613;71,250
MT;BR-174;23,000;22,000;1,000;24/02/2023;-16,4966761;-57,7546613;60,000
MT;BR-174;22,000;21,000;1,000;24/02/2023;-16,4966761;-57,7546613;52,500
MT;BR-174;21,000;20,000;1,000;24/02/2023;-16,5146046;-57,7726958;56,250
MT;BR-174;20,000;19,000;1,000;24/02/2023;-16,5146046;-57,7726958;65,000
MT;BR-174;19,000;18,000;1,000;24/02/2023;-16,5273376;-57,7641329;85,000
MT;BR-174;18,000;17,000;1,000;24/02/2023;-16,5273376;-57,7641329;85,000
MT;BR-174;17,000;16,000;1,000;24/02/2023;-16,5343839;-57,7621588;61,250
MT;BR-174;16,000;15,000;1,000;24/02/2023;-16,5386487;-57,7619889;40,000
MT;BR-174;15,000;14,000;1,000;24/02/2023;-16,5386487;-57,7619889;37,500
MT;BR-174;14,000;13,000;1,000;24/02/2023;-16,5617943;-57,7651959;40,000
MT;BR-174;13,000;12,000;1,000;24/02/2023;-16,5617943;-57,7651959;53,750
MT;BR-174;12,000;11,000;1,000;24/02/2023;-16,5859476;-57,7690764;61,250
MT;BR-174;11,000;10,000;1,000;24/02/2023;-16,5891969;-57,770593;63,750
MT;BR-174;10,000;9,000;1,000;24/02/2023;-16,5891969;-57,770593;58,750
MT;BR-174;9,000;8,000;1,000;24/02/2023;-16,5891969;-57,770593;57,500
MT;BR-174;8,000;7,000;1,000;24/02/2023;-16,5891969;-57,770593;52,500
MT;BR-174;7,000;6,000;1,000;24/02/2023;-16,5891969;-57,770593;63,750
MT;BR-174;6,000;5,000;1,000;24/02/2023;-16,6333924;-57,7931857;75,000
MT;BR-174;5,000;4,000;1,000;24/02/2023;-16,6333924;-57,7931857;40,000
MT;BR-174;4,000;3,000;1,000;24/02/2023;-16,6333924;-57,7931857;61,250
MT;BR-174;3,000;2,000;1,000;24/02/2023;-16,6333924;-57,7931857;80,000
MT;BR-174;2,000;1,000;1,000;24/02/2023;-16,6333924;-57,7931857;61,250
MT;BR-174;1,000;0,000;1,000;24/02/2023;-16,6333924;-57,7931857;61,250
MT;BR-174;0,000;-1,000;1,000;24/02/2023;-16,6405301;-57,8036142;0,000
MS;BR-419;64,000;65,000;1,000;16/02/2023;-19,4516926;-54,9903142;35,000
MS;BR-419;65,000;66,000;1,000;16/02/2023;-19,4516926;-54,9903142;35,000
MS;BR-419;66,000;67,000;1,000;16/02/2023;-19,4516926;-54,9903142;56,250
MS;BR-419;67,000;68,000;1,000;16/02/2023;-19,4516926;-54,9903142;35,000
MS;BR-419;68,000;69,000;1,000;16/02/2023;-19,4516926;-54,9903142;42,500
MS;BR-419;69,000;70,000;1,000;16/02/2023;-19,4516926;-54,9903142;53,750
MS;BR-419;70,000;71,000;1,000;16/02/2023;-19,4516926;-54,9903142;57,500
MS;BR-419;71,000;72,000;1,000;16/02/2023;-19,4516926;-54,9903142;35,000
MS;BR-419;72,000;73,000;1,000;16/02/2023;-19,4516926;-54,9903142;42,500
MS;BR-419;73,000;74,000;1,000;16/02/2023;-19,4516926;-54,9903142;42,500
MS;BR-419;74,000;75,000;1,000;16/02/2023;-19,4516926;-54,9903142;53,750
MS;BR-419;75,000;76,000;1,000;16/02/2023;-19,4516926;-54,9903142;42,500
MS;BR-419;76,000;77,000;1,000;16/02/2023;-19,4516926;-54,9903142;35,000
MS;BR-419;77,000;78,000;1,000;16/02/2023;-19,4516926;-54,9903142;35,000
MS;BR-419;78,000;79,000;1,000;16/02/2023;-19,4516926;-54,9903142;42,500
MS;BR-419;79,000;80,000;1,000;16/02/2023;-19,4516926;-54,9903142;35,000
MS;BR-419;80,000;81,000;1,000;16/02/2023;-19,4516926;-54,9903142;46,250
MS;BR-419;81,000;82,000;1,000;16/02/2023;-19,4516926;-54,9903142;42,500
MS;BR-419;82,000;83,000;1,000;16/02/2023;-19,4516926;-54,9903142;46,250
MS;BR-419;83,000;84,000;1,000;16/02/2023;-19,4516926;-54,9903142;50,000
MS;BR-419;84,000;85,000;1,000;16/02/2023;-19,4516926;-54,9903142;35,000
MS;BR-419;85,000;86,000;1,000;16/02/2023;-19,4516926;-54,9903142;63,750
MS;BR-419;86,000;87,000;1,000;16/02/2023;-19,4516926;-54,9903142;50,000
MS;BR-419;87,000;88,000;1,000;16/02/2023;-19,4516926;-54,9903142;50,000
MS;BR-419;88,000;89,000;1,000;16/02/2023;-19,4516926;-54,9903142;42,500
MS;BR-419;89,000;90,000;1,000;16/02/2023;-19,4516926;-54,9903142;42,500
MS;BR-419;90,000;91,000;1,000;16/02/2023;-19,4516926;-54,9903142;42,500
MS;BR-419;91,000;92,000;1,000;16/02/2023;-19,4516926;-54,9903142;42,500
MS;BR-419;92,000;93,000;1,000;16/02/2023;-19,4516926;-54,9903142;42,500
MS;BR-419;93,000;94,000;1,000;16/02/2023;-19,4516926;-54,9903142;42,500
MS;BR-419;94,000;95,000;1,000;16/02/2023;-19,4516926;-54,9903142;35,000
MS;BR-419;95,000;96,000;1,000;16/02/2023;-19,4516926;-54,9903142;57,500
MS;BR-419;96,000;97,000;1,000;16/02/2023;-19,4516926;-54,9903142;35,000
MS;BR-419;97,000;98,000;1,000;16/02/2023;-19,4516926;-54,9903142;35,000
MS;BR-419;98,000;99,000;1,000;16/02/2023;-19,4516926;-54,9903142;35,000
MS;BR-419;99,000;100,000;1,000;16/02/2023;-19,4516926;-54,9903142;56,250
MS;BR-419;100,000;101,000;1,000;16/02/2023;-19,4516926;-54,9903142;50,000
MS;BR-419;101,000;102,000;1,000;16/02/2023;-19,4516926;-54,9903142;53,750
MS;BR-419;102,000;103,000;1,000;16/02/2023;-19,4516926;-54,9903142;53,750
MS;BR-419;103,000;104,000;1,000;16/02/2023;-19,4516926;-54,9903142;57,500
MS;BR-419;104,000;105,000;1,000;16/02/2023;-19,4516926;-54,9903142;61,250
MS;BR-419;105,000;106,000;1,000;16/02/2023;-19,4516926;-54,9903142;61,250
MS;BR-419;106,000;107,000;1,000;16/02/2023;-19,4516926;-54,9903142;71,250
MS;BR-419;107,000;108,000;1,000;16/02/2023;-19,4516926;-54,9903142;52,500
MS;BR-419;108,000;109,000;1,000;16/02/2023;-19,4516926;-54,9903142;53,750
MS;BR-419;109,000;110,000;1,000;16/02/2023;-19,4516926;-54,9903142;53,750
MS;BR-419;110,000;111,000;1,000;16/02/2023;-19,4516926;-54,9903142;61,250
MS;BR-419;111,000;112,000;1,000;16/02/2023;-19,4516926;-54,9903142;65,000
MS;BR-419;112,000;113,000;1,000;16/02/2023;-19,4516926;-54,9903142;71,250
MS;BR-419;113,000;114,000;1,000;16/02/2023;-19,4516926;-54,9903142;65,000
MS;BR-419;114,000;115,000;1,000;16/02/2023;-19,4516926;-54,9903142;57,500
MS;BR-419;115,000;116,000;1,000;16/02/2023;-19,4516926;-54,9903142;61,250
MS;BR-419;116,000;117,000;1,000;16/02/2023;-19,4516926;-54,9903142;65,000
MS;BR-419;117,000;118,000;1,000;16/02/2023;-19,4516926;-54,9903142;65,000
MS;BR-419;118,000;119,000;1,000;16/02/2023;-19,4516926;-54,9903142;53,750
MS;BR-419;119,000;120,000;1,000;16/02/2023;-19,4516926;-54,9903142;50,000
MS;BR-419;120,000;121,000;1,000;16/02/2023;-19,4516926;-54,9903142;50,000
MS;BR-419;121,000;122,000;1,000;16/02/2023;-19,4516926;-54,9903142;50,000
MS;BR-419;122,000;123,000;1,000;16/02/2023;-19,4516926;-54,9903142;53,750
MS;BR-419;123,000;124,000;1,000;16/02/2023;-19,4516926;-54,9903142;50,000
MS;BR-419;124,000;125,000;1,000;16/02/2023;-19,4516926;-54,9903142;52,500
MS;BR-419;125,000;126,000;1,000;16/02/2023;-19,4516926;-54,9903142;50,000
MS;BR-419;126,000;127,000;1,000;16/02/2023;-19,4516926;-54,9903142;42,500
MS;BR-419;127,000;128,000;1,000;16/02/2023;-19,4516926;-54,9903142;42,500
MS;BR-419;128,000;129,000;1,000;16/02/2023;-19,4516926;-54,9903142;65,000
MS;BR-419;129,000;130,000;1,000;16/02/2023;-19,4516926;-54,9903142;35,000
MS;BR-419;130,000;131,000;1,000;16/02/2023;-19,4516926;-54,9903142;35,000
MS;BR-419;131,000;132,000;1,000;16/02/2023;-19,4516926;-54,9903142;22,500
MS;BR-419;132,000;133,000;1,000;16/02/2023;-19,4516926;-54,9903142;22,500
MS;BR-419;133,000;134,000;1,000;16/02/2023;-19,4516926;-54,9903142;35,000
MS;BR-419;134,000;135,000;1,000;16/02/2023;-19,4516926;-54,9903142;35,000
MS;BR-419;135,000;136,000;1,000;16/02/2023;-19,4516926;-54,9903142;35,000
MS;BR-419;136,000;137,000;1,000;16/02/2023;-19,4516926;-54,9903142;35,000
MS;BR-419;137,000;138,000;1,000;16/02/2023;-19,4516926;-54,9903142;35,000
MS;BR-419;138,000;139,000;1,000;16/02/2023;-19,4516926;-54,9903142;35,000
MS;BR-419;139,000;140,000;1,000;16/02/2023;-19,4516926;-54,9903142;35,000
MS;BR-419;140,000;141,000;1,000;16/02/2023;-19,4516926;-54,9903142;35,000
MS;BR-419;141,000;142,000;1,000;16/02/2023;-19,4516926;-54,9903142;35,000
MS;BR-419;142,000;143,000;1,000;16/02/2023;-19,4516926;-54,9903142;35,000
MS;BR-419;143,000;144,000;1,000;16/02/2023;-19,4516926;-54,9903142;35,000
MS;BR-419;144,000;145,000;1,000;16/02/2023;-19,4516926;-54,9903142;35,000
MS;BR-419;145,000;146,000;1,000;16/02/2023;-19,4516926;-54,9903142;35,000
MS;BR-419;146,000;147,000;1,000;16/02/2023;-19,4516926;-54,9903142;35,000
MS;BR-419;147,000;148,000;1,000;16/02/2023;-19,4516926;-54,9903142;35,000
MS;BR-419;148,000;149,000;1,000;16/02/2023;-19,4516926;-54,9903142;35,000
MS;BR-419;149,000;150,000;1,000;16/02/2023;-19,4516926;-54,9903142;35,000
MS;BR-419;150,000;151,000;1,000;16/02/2023;-19,4516926;-54,9903142;35,000
MS;BR-419;151,000;152,000;1,000;16/02/2023;-19,4516926;-54,9903142;35,000
MS;BR-419;152,000;153,000;1,000;16/02/2023;-19,4516926;-54,9903142;35,000
MS;BR-419;153,000;154,000;1,000;16/02/2023;-19,4516926;-54,9903142;35,000
MS;BR-419;154,000;155,000;1,000;16/02/2023;-19,4516926;-54,9903142;35,000
MS;BR-419;155,000;156,000;1,000;16/02/2023;-19,4516926;-54,9903142;35,000
MS;BR-419;156,000;157,000;1,000;16/02/2023;-19,4516926;-54,9903142;35,000
MS;BR-419;157,000;158,000;1,000;16/02/2023;-19,4516926;-54,9903142;35,000
MS;BR-419;158,000;159,000;1,000;16/02/2023;-19,4516926;-54,9903142;35,000
MS;BR-419;159,000;160,000;1,000;16/02/2023;-19,4516926;-54,9903142;35,000
MS;BR-419;160,000;161,000;1,000;16/02/2023;-19,4516926;-54,9903142;35,000
MS;BR-419;161,000;162,000;1,000;16/02/2023;-19,4516926;-54,9903142;35,000
MS;BR-419;162,000;163,000;1,000;16/02/2023;-19,4516926;-54,9903142;35,000
MS;BR-419;163,000;164,000;1,000;16/02/2023;-19,4516926;-54,9903142;35,000
MS;BR-419;164,000;165,000;1,000;16/02/2023;-19,4516926;-54,9903142;35,000
MS;BR-419;165,000;166,000;1,000;16/02/2023;-19,4516926;-54,9903142;35,000
MS;BR-419;166,000;167,000;1,000;16/02/2023;-19,4516926;-54,9903142;35,000
MS;BR-419;167,000;168,000;1,000;16/02/2023;-19,4516926;-54,9903142;35,000
MS;BR-419;168,000;169,000;1,000;16/02/2023;-19,4516926;-54,9903142;35,000
MS;BR-419;169,000;170,000;1,000;16/02/2023;-19,4516926;-54,9903142;35,000
MS;BR-419;170,000;171,000;1,000;16/02/2023;-19,4516926;-54,9903142;35,000
MS;BR-419;171,000;172,000;1,000;16/02/2023;-19,4516926;-54,9903142;42,500
MS;BR-419;172,000;173,000;1,000;16/02/2023;-19,4516926;-54,9903142;35,000
MS;BR-419;173,000;174,000;1,000;16/02/2023;-19,4516926;-54,9903142;35,000
MS;BR-419;174,000;175,000;1,000;16/02/2023;-19,4516926;-54,9903142;60,000
MS;BR-419;175,000;176,000;1,000;16/02/2023;-19,4516926;-54,9903142;35,000
MS;BR-419;176,000;177,000;1,000;16/02/2023;-19,4516926;-54,9903142;35,000
MS;BR-419;177,000;178,000;1,000;16/02/2023;-19,4516926;-54,9903142;50,000
MS;BR-419;178,000;179,000;1,000;16/02/2023;-19,4516926;-54,9903142;35,000
MS;BR-419;179,000;180,000;1,000;16/02/2023;-19,4516926;-54,9903142;35,000
MS;BR-419;180,000;181,000;1,000;16/02/2023;-19,4516926;-54,9903142;35,000
MS;BR-419;181,000;182,000;1,000;16/02/2023;-19,4516926;-54,9903142;35,000
MS;BR-419;182,000;183,000;1,000;16/02/2023;-19,4516926;-54,9903142;35,000
MS;BR-419;183,000;184,000;1,000;16/02/2023;-19,4516926;-54,9903142;35,000
MS;BR-419;184,000;185,000;1,000;16/02/2023;-19,4516926;-54,9903142;35,000
MS;BR-419;185,000;186,000;1,000;16/02/2023;-19,4516926;-54,9903142;22,500
MS;BR-419;186,000;187,000;1,000;16/02/2023;-19,4516926;-54,9903142;35,000
MS;BR-419;187,000;188,000;1,000;16/02/2023;-19,4516926;-54,9903142;37,500
MS;BR-419;188,000;189,000;1,000;16/02/2023;-19,4516926;-54,9903142;35,000
MS;BR-419;189,000;190,000;1,000;16/02/2023;-19,4516926;-54,9903142;35,000
MS;BR-419;190,000;191,000;1,000;16/02/2023;-19,4516926;-54,9903142;45,000
MS;BR-419;191,000;192,000;1,000;16/02/2023;-19,4516926;-54,9903142;35,000
MS;BR-419;192,000;193,000;1,000;16/02/2023;-19,4516926;-54,9903142;35,000
MS;BR-419;193,000;194,000;1,000;16/02/2023;-19,4516926;-54,9903142;35,000
MS;BR-419;194,000;195,000;1,000;16/02/2023;-19,4516926;-54,9903142;35,000
MS;BR-419;195,000;196,000;1,000;16/02/2023;-19,4516926;-54,9903142;35,000
MS;BR-419;196,000;197,000;1,000;16/02/2023;-19,4516926;-54,9903142;35,000
MS;BR-419;197,000;198,000;1,000;16/02/2023;-19,4516926;-54,9903142;35,000
MS;BR-419;198,000;199,000;1,000;16/02/2023;-19,4516926;-54,9903142;35,000
MS;BR-419;199,000;200,000;1,000;16/02/2023;-19,4516926;-54,9903142;35,000
MS;BR-419;200,000;201,000;1,000;16/02/2023;-19,4516926;-54,9903142;35,000
MS;BR-419;201,000;202,000;1,000;16/02/2023;-19,4516926;-54,9903142;35,000
MS;BR-419;202,000;203,000;1,000;16/02/2023;-19,4516926;-54,9903142;35,000
MS;BR-419;203,000;204,000;1,000;16/02/2023;-19,4516926;-54,9903142;35,000
MS;BR-419;204,000;205,000;1,000;16/02/2023;-19,4516926;-54,9903142;37,500
MS;BR-419;205,000;206,000;1,000;16/02/2023;-19,4516926;-54,9903142;35,000
MS;BR-419;206,000;207,000;1,000;16/02/2023;-19,4516926;-54,9903142;35,000
MS;BR-419;207,000;208,000;1,000;16/02/2023;-19,4516926;-54,9903142;35,000
MS;BR-419;208,000;209,000;1,000;16/02/2023;-19,4516926;-54,9903142;37,500
MS;BR-419;209,000;210,000;1,000;16/02/2023;-19,4516926;-54,9903142;35,000
MS;BR-419;210,000;211,000;1,000;16/02/2023;-19,4516926;-54,9903142;37,500
MS;BR-419;211,000;212,000;1,000;16/02/2023;-19,4516926;-54,9903142;30,000
MS;BR-419;212,000;213,000;1,000;16/02/2023;-19,4516926;-54,9903142;35,000
MS;BR-419;213,000;214,000;1,000;16/02/2023;-19,4516926;-54,9903142;35,000
MS;BR-419;214,000;215,000;1,000;16/02/2023;-19,4516926;-54,9903142;35,000
MS;BR-419;215,000;216,000;1,000;16/02/2023;-19,4516926;-54,9903142;37,500
MS;BR-419;216,000;217,000;1,000;16/02/2023;-19,4516926;-54,9903142;35,000
MS;BR-419;217,000;218,000;1,000;16/02/2023;-19,4516926;-54,9903142;37,500
PA;BR-163;801,550;802,000;0,450;24/02/2023;-4,0936192;-54,9066501;73,750
PA;BR-163;802,000;803,000;1,000;24/02/2023;-4,0936192;-54,9066501;63,750
PA;BR-163;831,400;832,000;0,600;24/02/2023;-4,0936192;-54,9066501;58,750
PA;BR-163;675,870;676,000;0,130;16/02/2023;-4,102248;-54,9077719;56,250
PA;BR-163;676,000;677,000;1,000;16/02/2023;-4,102248;-54,9077719;41,250
PA;BR-163;677,000;678,000;1,000;16/02/2023;-4,102248;-54,9077719;41,250
PA;BR-163;678,000;679,000;1,000;16/02/2023;-4,102248;-54,9077719;41,250
PA;BR-163;679,000;680,000;1,000;16/02/2023;-4,102248;-54,9077719;56,250
PA;BR-163;680,000;681,000;1,000;16/02/2023;-4,102248;-54,9077719;41,250
PA;BR-163;681,000;682,000;1,000;16/02/2023;-4,102248;-54,9077719;56,250
PA;BR-163;682,000;683,000;1,000;16/02/2023;-4,102248;-54,9077719;35,000
PA;BR-163;683,000;684,000;1,000;16/02/2023;-4,102248;-54,9077719;41,250
PA;BR-163;684,000;685,000;1,000;16/02/2023;-4,102248;-54,9077719;41,250
PA;BR-163;685,000;686,000;1,000;16/02/2023;-4,102248;-54,9077719;41,250
PA;BR-163;686,000;687,000;1,000;16/02/2023;-4,102248;-54,9077719;56,250
PA;BR-163;687,000;688,000;1,000;16/02/2023;-4,102248;-54,9077719;56,250
PA;BR-163;688,000;689,000;1,000;16/02/2023;-4,102248;-54,9077719;63,750
PA;BR-163;689,000;690,000;1,000;16/02/2023;-4,102248;-54,9077719;41,250
PA;BR-163;690,000;691,000;1,000;16/02/2023;-4,102248;-54,9077719;40,000
PA;BR-163;691,000;692,000;1,000;16/02/2023;-4,102248;-54,9077719;62,500
PA;BR-163;692,000;693,000;1,000;16/02/2023;-4,102248;-54,9077719;27,500
PA;BR-163;693,000;694,000;1,000;16/02/2023;-4,102248;-54,9077719;27,500
PA;BR-163;694,000;695,000;1,000;16/02/2023;-4,102248;-54,9077719;25,000
PA;BR-163;695,000;696,000;1,000;16/02/2023;-4,102248;-54,9077719;27,500
PA;BR-163;696,000;697,000;1,000;16/02/2023;-4,102248;-54,9077719;68,750
PA;BR-163;697,000;698,000;1,000;16/02/2023;-4,102248;-54,9077719;76,250
PA;BR-163;698,000;699,000;1,000;16/02/2023;-4,102248;-54,9077719;66,250
PA;BR-163;699,000;700,000;1,000;16/02/2023;-4,102248;-54,9077719;40,000
PA;BR-163;700,000;701,000;1,000;16/02/2023;-4,102248;-54,9077719;62,500
PA;BR-163;701,000;702,000;1,000;16/02/2023;-4,102248;-54,9077719;62,500
PA;BR-163;719,310;720,000;0,690;16/02/2023;-4,102248;-54,9077719;35,000
PA;BR-163;720,000;721,000;1,000;16/02/2023;-4,102248;-54,9077719;35,000
PA;BR-163;729,840;730,000;0,160;16/02/2023;-4,102248;-54,9077719;40,000
PA;BR-163;730,000;731,000;1,000;16/02/2023;-4,102248;-54,9077719;35,000
PA;BR-163;731,000;732,000;1,000;16/02/2023;-4,102248;-54,9077719;42,500
PA;BR-163;732,000;733,000;1,000;16/02/2023;-4,102248;-54,9077719;42,500
PA;BR-163;733,000;734,000;1,000;16/02/2023;-4,102248;-54,9077719;35,000
PA;BR-163;734,000;735,000;1,000;16/02/2023;-4,102248;-54,9077719;35,000
PA;BR-163;7444,000;744,300;6699,700;16/02/2023;-4,102248;-54,9077719;61,250
PA;BR-163;774,190;775,000;0,810;16/02/2023;-4,102248;-54,9077719;77,500
PA;BR-163;775,000;776,000;1,000;16/02/2023;-4,102248;-54,9077719;73,750
PA;BR-163;776,000;777,000;1,000;16/02/2023;-4,102248;-54,9077719;33,750
PA;BR-163;782,200;783,000;0,800;16/02/2023;-4,102248;-54,9077719;63,750
PA;BR-230;1161,600;1162,000;0,400;21/02/2023;0;0;58,750
PA;BR-230;1162,000;1163,000;1,000;21/02/2023;0;0;43,750
PA;BR-230;1163,000;1164,000;1,000;21/02/2023;0;0;43,750
PA;BR-230;1164,000;1165,000;1,000;21/02/2023;0;0;43,750
PA;BR-230;1165,000;1166,000;1,000;21/02/2023;0;0;43,750
PA;BR-230;1166,000;1167,000;1,000;21/02/2023;0;0;43,750
PA;BR-230;1167,000;1168,000;1,000;21/02/2023;0;0;37,500
PA;BR-230;1168,000;1169,000;1,000;21/02/2023;0;0;37,500
PA;BR-230;1169,000;1170,000;1,000;21/02/2023;0;0;40,000
PA;BR-230;1170,000;1171,000;1,000;21/02/2023;0;0;40,000
PA;BR-230;1171,000;1172,000;1,000;21/02/2023;0;0;40,000
PA;BR-230;1172,000;1173,000;1,000;21/02/2023;0;0;37,500
PA;BR-230;1173,000;1174,000;1,000;21/02/2023;0;0;40,000
PA;BR-230;1174,000;1175,000;1,000;21/02/2023;0;0;37,500
PA;BR-230;1175,000;1176,000;1,000;21/02/2023;0;0;37,500
PA;BR-230;1176,000;1177,000;1,000;21/02/2023;0;0;37,500
PA;BR-230;1177,000;1178,000;1,000;21/02/2023;0;0;37,500
PA;BR-230;1178,000;1179,000;1,000;21/02/2023;0;0;37,500
PA;BR-230;1179,000;1180,000;1,000;21/02/2023;0;0;37,500
PA;BR-230;1180,000;1181,000;1,000;21/02/2023;0;0;37,500
PA;BR-230;1181,000;1182,000;1,000;21/02/2023;0;0;40,000
PA;BR-230;1182,000;1183,000;1,000;21/02/2023;0;0;37,500
PA;BR-230;1183,000;1184,000;1,000;21/02/2023;0;0;37,500
PA;BR-230;1184,000;1185,000;1,000;21/02/2023;0;0;37,500
PA;BR-230;1185,000;1186,000;1,000;21/02/2023;0;0;37,500
PA;BR-230;1186,000;1187,000;1,000;21/02/2023;0;0;37,500
PA;BR-230;1187,000;1188,000;1,000;21/02/2023;0;0;37,500
PA;BR-230;1188,000;1189,000;1,000;21/02/2023;0;0;37,500
PA;BR-230;1189,000;1190,000;1,000;21/02/2023;0;0;37,500
PA;BR-230;1190,000;1191,000;1,000;21/02/2023;0;0;37,500
PA;BR-230;1191,000;1192,000;1,000;21/02/2023;0;0;52,500
PA;BR-230;1192,000;1193,000;1,000;21/02/2023;0;0;37,500
PA;BR-230;1193,000;1194,000;1,000;21/02/2023;0;0;37,500
PA;BR-230;1194,000;1195,000;1,000;21/02/2023;0;0;37,500
PA;BR-230;1195,000;1196,000;1,000;21/02/2023;0;0;37,500
PA;BR-230;1196,000;1197,000;1,000;21/02/2023;0;0;37,500
PA;BR-230;1197,000;1198,000;1,000;21/02/2023;0;0;31,250
PA;BR-230;1198,000;1199,000;1,000;21/02/2023;0;0;37,500
PA;BR-230;1199,000;1200,000;1,000;21/02/2023;0;0;52,500
PA;BR-230;1200,000;1201,000;1,000;21/02/2023;0;0;37,500
PA;BR-230;1201,000;1202,000;1,000;21/02/2023;0;0;37,500
PA;BR-230;1202,000;1203,000;1,000;21/02/2023;0;0;37,500
PA;BR-230;1203,000;1204,000;1,000;21/02/2023;0;0;37,500
PA;BR-230;1204,000;1205,000;1,000;21/02/2023;0;0;37,500
PA;BR-230;1205,000;1206,000;1,000;21/02/2023;0;0;37,500
PA;BR-230;1206,000;1207,000;1,000;21/02/2023;0;0;37,500
PA;BR-230;1207,000;1208,000;1,000;21/02/2023;0;0;31,250
PA;BR-230;1208,000;1209,000;1,000;21/02/2023;0;0;37,500
PA;BR-230;1209,000;1210,000;1,000;21/02/2023;0;0;52,500
PA;BR-230;1210,000;1211,000;1,000;21/02/2023;0;0;52,500
PA;BR-230;1211,000;1212,000;1,000;21/02/2023;0;0;52,500
PA;BR-230;1212,000;1213,000;1,000;21/02/2023;0;0;52,500
PA;BR-230;1213,000;1214,000;1,000;21/02/2023;0;0;37,500
PA;BR-230;1214,000;1215,000;1,000;21/02/2023;0;0;52,500
PA;BR-230;1215,000;1216,000;1,000;21/02/2023;0;0;37,500
PA;BR-230;1216,000;1217,000;1,000;21/02/2023;0;0;52,500
PA;BR-230;1217,000;1218,000;1,000;21/02/2023;0;0;37,500
PA;BR-230;1218,000;1219,000;1,000;21/02/2023;0;0;37,500
PA;BR-230;1219,000;1220,000;1,000;21/02/2023;0;0;52,500
PA;BR-230;1220,000;1221,000;1,000;21/02/2023;0;0;37,500
PA;BR-230;1221,000;1222,000;1,000;21/02/2023;0;0;45,000
PA;BR-230;1222,000;1223,000;1,000;21/02/2023;0;0;25,000
PA;BR-230;1223,000;1224,000;1,000;21/02/2023;0;0;52,500
PA;BR-230;1224,000;1225,000;1,000;21/02/2023;0;0;37,500
PA;BR-230;1225,000;1226,000;1,000;21/02/2023;0;0;32,500
PA;BR-230;1226,000;1227,000;1,000;21/02/2023;0;0;47,500
PA;BR-230;1227,000;1228,000;1,000;21/02/2023;0;0;32,500
PA;BR-230;1228,000;1229,000;1,000;21/02/2023;0;0;32,500
PA;BR-230;1229,000;1230,000;1,000;21/02/2023;0;0;32,500
PA;BR-230;1230,000;1231,000;1,000;21/02/2023;0;0;32,500
PA;BR-230;1231,000;1232,000;1,000;21/02/2023;0;0;32,500
PA;BR-230;1232,000;1233,000;1,000;21/02/2023;0;0;37,500
PA;BR-230;1233,000;1234,000;1,000;21/02/2023;0;0;40,000
PA;BR-230;1234,000;1235,000;1,000;21/02/2023;0;0;26,250
PA;BR-230;1235,000;1236,000;1,000;21/02/2023;0;0;47,500
PA;BR-230;1236,000;1237,000;1,000;21/02/2023;0;0;32,500
PA;BR-230;1237,000;1238,000;1,000;21/02/2023;0;0;32,500
PA;BR-230;1238,000;1239,000;1,000;21/02/2023;0;0;32,500
PA;BR-230;1239,000;1240,000;1,000;21/02/2023;0;0;47,500
PA;BR-230;1240,000;1241,000;1,000;21/02/2023;0;0;32,500
PA;BR-230;1241,000;1242,000;1,000;21/02/2023;0;0;32,500
PA;BR-230;1242,000;1243,000;1,000;21/02/2023;0;0;32,500
PA;BR-230;1243,000;1244,000;1,000;21/02/2023;0;0;32,500
PA;BR-230;1244,000;1245,000;1,000;21/02/2023;0;0;32,500
PA;BR-230;1245,000;1246,000;1,000;21/02/2023;0;0;32,500
PA;BR-230;1246,000;1247,000;1,000;21/02/2023;0;0;32,500
PA;BR-230;1247,000;1248,000;1,000;21/02/2023;0;0;32,500
PA;BR-230;1248,000;1249,000;1,000;21/02/2023;0;0;32,500
PA;BR-230;1249,000;1250,000;1,000;21/02/2023;0;0;32,500
PA;BR-230;1250,000;1251,000;1,000;21/02/2023;0;0;47,500
PA;BR-230;1251,000;1252,000;1,000;21/02/2023;0;0;32,500
PA;BR-230;1252,000;1253,000;1,000;21/02/2023;0;0;47,500
PA;BR-230;1253,000;1254,000;1,000;21/02/2023;0;0;41,250
PA;BR-230;1254,000;1255,000;1,000;21/02/2023;0;0;36,250
PA;BR-230;1255,000;1256,000;1,000;21/02/2023;0;0;32,500
PA;BR-230;1256,000;1257,000;1,000;21/02/2023;0;0;32,500
PA;BR-230;1257,000;1258,000;1,000;21/02/2023;0;0;43,750
PA;BR-230;1258,000;1259,000;1,000;21/02/2023;0;0;36,250
PA;BR-230;1259,000;1260,000;1,000;21/02/2023;0;0;47,500
PA;BR-230;1260,000;1261,000;1,000;21/02/2023;0;0;32,500
PA;BR-230;1261,000;1262,000;1,000;21/02/2023;0;0;36,250
PA;BR-230;1262,000;1263,000;1,000;21/02/2023;0;0;36,250
PA;BR-230;1263,000;1264,000;1,000;21/02/2023;0;0;32,500
PA;BR-230;1264,000;1265,000;1,000;21/02/2023;0;0;32,500
PA;BR-230;1265,000;1266,000;1,000;21/02/2023;0;0;32,500
PA;BR-230;1266,000;1267,000;1,000;21/02/2023;0;0;36,250
PA;BR-230;1267,000;1268,000;1,000;21/02/2023;0;0;32,500
PA;BR-230;1268,000;1269,000;1,000;21/02/2023;0;0;36,250
PA;BR-230;1269,000;1270,000;1,000;21/02/2023;0;0;36,250
PA;BR-230;1270,000;1271,000;1,000;21/02/2023;0;0;32,500
PA;BR-230;1271,000;1272,000;1,000;21/02/2023;0;0;41,250
PA;BR-230;1272,000;1273,000;1,000;21/02/2023;0;0;37,500
PA;BR-230;1273,000;1274,000;1,000;21/02/2023;0;0;32,500
PA;BR-230;1274,000;1275,000;1,000;21/02/2023;0;0;32,500
PA;BR-230;1275,000;1276,000;1,000;21/02/2023;0;0;32,500
PA;BR-230;1276,000;1277,000;1,000;21/02/2023;0;0;36,250
PA;BR-230;1277,000;1278,000;1,000;21/02/2023;0;0;48,750
PA;BR-230;1278,000;1279,000;1,000;21/02/2023;0;0;37,500
PA;BR-230;1279,000;1280,000;1,000;21/02/2023;0;0;37,500
PA;BR-230;1280,000;1281,000;1,000;21/02/2023;0;0;37,500
PA;BR-230;1281,000;1282,000;1,000;21/02/2023;0;0;41,250
PA;BR-230;1282,000;1283,000;1,000;21/02/2023;0;0;41,250
PA;BR-230;1283,000;1284,000;1,000;21/02/2023;0;0;37,500
PA;BR-230;1284,000;1285,000;1,000;21/02/2023;0;0;37,500
PA;BR-230;1285,000;1286,000;1,000;21/02/2023;0;0;32,500
PA;BR-230;1286,000;1287,000;1,000;21/02/2023;0;0;32,500
PA;BR-230;1287,000;1288,000;1,000;21/02/2023;0;0;32,500
PA;BR-230;1288,000;1289,000;1,000;21/02/2023;0;0;37,500
PA;BR-230;1289,000;1290,000;1,000;21/02/2023;0;0;32,500
PA;BR-230;1290,000;1291,000;1,000;21/02/2023;0;0;32,500
PA;BR-230;1291,000;1292,000;1,000;21/02/2023;0;0;37,500
PA;BR-230;1292,000;1293,000;1,000;21/02/2023;0;0;37,500
PA;BR-230;1293,000;1294,000;1,000;21/02/2023;0;0;32,500
PA;BR-230;1294,000;1295,000;1,000;21/02/2023;0;0;32,500
PA;BR-230;1295,000;1296,000;1,000;21/02/2023;0;0;37,500
PA;BR-230;1294,500;1295,000;0,500;21/02/2023;0;0;37,500
PA;BR-230;1295,000;1296,000;1,000;21/02/2023;0;0;37,500
PA;BR-230;1296,000;1297,000;1,000;21/02/2023;0;0;37,500
PA;BR-230;1297,000;1298,000;1,000;21/02/2023;0;0;32,500
PA;BR-230;1298,000;1299,000;1,000;21/02/2023;0;0;51,250
PA;BR-230;1299,000;1300,000;1,000;21/02/2023;0;0;37,500
PA;BR-230;1300,000;1301,000;1,000;21/02/2023;0;0;37,500
PA;BR-230;1301,000;1302,000;1,000;21/02/2023;0;0;32,500
PA;BR-230;1302,000;1303,000;1,000;21/02/2023;0;0;32,500
PA;BR-230;1303,000;1304,000;1,000;21/02/2023;0;0;32,500
PA;BR-230;1304,000;1305,000;1,000;21/02/2023;0;0;32,500
PA;BR-230;1305,000;1306,000;1,000;21/02/2023;0;0;32,500
PA;BR-230;1306,000;1307,000;1,000;21/02/2023;0;0;32,500
PA;BR-230;1307,000;1308,000;1,000;21/02/2023;0;0;22,500
PA;BR-230;1308,000;1309,000;1,000;21/02/2023;0;0;18,750
PA;BR-230;1309,000;1310,000;1,000;21/02/2023;0;0;18,750
PA;BR-230;1310,000;1311,000;1,000;21/02/2023;0;0;18,750
PA;BR-230;1311,000;1312,000;1,000;21/02/2023;0;0;18,750
PA;BR-230;1312,000;1313,000;1,000;21/02/2023;0;0;18,750
PA;BR-230;1313,000;1314,000;1,000;21/02/2023;0;0;18,750
PA;BR-230;1314,000;1315,000;1,000;21/02/2023;0;0;18,750
PA;BR-230;1315,000;1316,000;1,000;21/02/2023;0;0;18,750
PA;BR-230;1316,000;1317,000;1,000;21/02/2023;0;0;18,750
PA;BR-230;1317,000;1318,000;1,000;21/02/2023;0;0;12,500
PA;BR-230;1318,000;1319,000;1,000;21/02/2023;0;0;18,750
PA;BR-230;1319,000;1320,000;1,000;21/02/2023;0;0;18,750
PA;BR-230;1320,000;1321,000;1,000;21/02/2023;0;0;18,750
PA;BR-230;1321,000;1322,000;1,000;21/02/2023;0;0;12,500
PA;BR-230;1322,000;1323,000;1,000;21/02/2023;0;0;18,750
PA;BR-230;1323,000;1324,000;1,000;21/02/2023;0;0;18,750
PA;BR-230;1324,000;1325,000;1,000;21/02/2023;0;0;18,750
PA;BR-230;1325,000;1326,000;1,000;21/02/2023;0;0;37,500
PA;BR-230;1326,000;1327,000;1,000;21/02/2023;0;0;32,500
PA;BR-230;1327,000;1328,000;1,000;21/02/2023;0;0;26,250
PA;BR-230;1328,000;1329,000;1,000;21/02/2023;0;0;18,750
PA;BR-230;1329,000;1330,000;1,000;21/02/2023;0;0;0,000
PA;BR-230;1330,000;1331,000;1,000;21/02/2023;0;0;18,750
PA;BR-230;1331,000;1332,000;1,000;21/02/2023;0;0;18,750
PA;BR-230;1332,000;1333,000;1,000;21/02/2023;0;0;18,750
PA;BR-230;1333,000;1334,000;1,000;21/02/2023;0;0;18,750
PA;BR-230;1334,000;1335,000;1,000;21/02/2023;0;0;32,500
PA;BR-230;1335,000;1336,000;1,000;21/02/2023;0;0;12,500
PA;BR-230;1336,000;1337,000;1,000;21/02/2023;0;0;18,750
PA;BR-230;1337,000;1338,000;1,000;21/02/2023;0;0;37,500
PA;BR-230;1338,000;1339,000;1,000;21/02/2023;0;0;52,500
PA;BR-230;1339,000;1340,000;1,000;21/02/2023;0;0;47,500
PA;BR-230;1340,000;1341,000;1,000;21/02/2023;0;0;41,250
PA;BR-230;1341,000;1342,000;1,000;21/02/2023;0;0;32,500
PA;BR-230;1342,000;1343,000;1,000;21/02/2023;0;0;32,500
PA;BR-230;1343,000;1344,000;1,000;21/02/2023;0;0;32,500
PA;BR-230;1344,000;1345,000;1,000;21/02/2023;0;0;32,500
PA;BR-230;1345,000;1346,000;1,000;21/02/2023;0;0;18,750
PA;BR-230;1346,000;1347,000;1,000;21/02/2023;0;0;37,500
PA;BR-230;1347,000;1348,000;1,000;21/02/2023;0;0;37,500
PA;BR-230;1348,000;1349,000;1,000;21/02/2023;0;0;32,500
PA;BR-230;1349,000;1350,000;1,000;21/02/2023;0;0;41,250
PA;BR-230;1350,000;1351,000;1,000;21/02/2023;0;0;26,250
PA;BR-230;1351,000;1352,000;1,000;21/02/2023;0;0;32,500
PA;BR-230;1352,000;1353,000;1,000;21/02/2023;0;0;47,500
PA;BR-230;1353,000;1354,000;1,000;21/02/2023;0;0;32,500
PA;BR-230;1354,000;1355,000;1,000;21/02/2023;0;0;47,500
PA;BR-230;1355,000;1356,000;1,000;21/02/2023;0;0;47,500
PA;BR-230;1356,000;1357,000;1,000;21/02/2023;0;0;32,500
PA;BR-230;1357,000;1358,000;1,000;21/02/2023;0;0;32,500
PA;BR-230;1358,000;1359,000;1,000;21/02/2023;0;0;37,500
PA;BR-230;1359,000;1360,000;1,000;21/02/2023;0;0;37,500
PA;BR-230;1360,000;1361,000;1,000;21/02/2023;0;0;37,500
PA;BR-230;1361,000;1362,000;1,000;21/02/2023;0;0;45,000
PA;BR-230;1362,000;1363,000;1,000;21/02/2023;0;0;32,500
PA;BR-230;1363,000;1364,000;1,000;21/02/2023;0;0;43,750
PA;BR-230;1364,000;1365,000;1,000;21/02/2023;0;0;32,500
PA;BR-230;1365,000;1366,000;1,000;21/02/2023;0;0;32,500
PA;BR-230;1366,000;1367,000;1,000;21/02/2023;0;0;32,500
PA;BR-230;1367,000;1368,000;1,000;21/02/2023;0;0;37,500
PA;BR-230;1368,000;1369,000;1,000;21/02/2023;0;0;32,500
PA;BR-230;1369,000;1370,000;1,000;21/02/2023;0;0;52,500
PA;BR-230;1370,000;1371,000;1,000;21/02/2023;0;0;32,500
PA;BR-230;1371,000;1372,000;1,000;21/02/2023;0;0;37,500
PA;BR-230;1372,000;1373,000;1,000;21/02/2023;0;0;32,500
PA;BR-230;1373,000;1374,000;1,000;21/02/2023;0;0;32,500
PA;BR-230;1374,000;1375,000;1,000;21/02/2023;0;0;37,500
PA;BR-230;1375,000;1376,000;1,000;21/02/2023;0;0;37,500
PA;BR-230;1376,000;1377,000;1,000;21/02/2023;0;0;32,500
PA;BR-230;1377,000;1378,000;1,000;21/02/2023;0;0;32,500
PA;BR-230;1378,000;1379,000;1,000;21/02/2023;0;0;32,500
PA;BR-230;1379,000;1380,000;1,000;21/02/2023;0;0;40,000
PA;BR-230;1380,000;1381,000;1,000;21/02/2023;0;0;32,500
PA;BR-230;1381,000;1382,000;1,000;21/02/2023;0;0;47,500
PA;BR-230;1382,000;1383,000;1,000;21/02/2023;0;0;32,500
PA;BR-230;1383,000;1384,000;1,000;21/02/2023;0;0;31,250
PA;BR-230;1384,000;1385,000;1,000;21/02/2023;0;0;37,500
PA;BR-230;1385,000;1386,000;1,000;21/02/2023;0;0;30,000
PA;BR-230;1386,000;1387,000;1,000;21/02/2023;0;0;32,500
PA;BR-230;1387,000;1388,000;1,000;21/02/2023;0;0;37,500
PA;BR-230;1388,000;1389,000;1,000;21/02/2023;0;0;52,500
PA;BR-230;1389,000;1390,000;1,000;21/02/2023;0;0;31,250
PA;BR-230;1390,000;1391,000;1,000;21/02/2023;0;0;37,500
PA;BR-230;1391,000;1392,000;1,000;21/02/2023;0;0;32,500
PA;BR-230;1392,000;1393,000;1,000;21/02/2023;0;0;32,500
PA;BR-230;1393,000;1394,000;1,000;21/02/2023;0;0;32,500
PA;BR-230;1394,000;1395,000;1,000;21/02/2023;0;0;32,500
PA;BR-230;1395,000;1396,000;1,000;21/02/2023;0;0;37,500
PA;BR-230;1396,000;1397,000;1,000;21/02/2023;0;0;37,500
PA;BR-230;1397,000;1398,000;1,000;21/02/2023;0;0;52,500
PA;BR-230;1398,000;1399,000;1,000;21/02/2023;0;0;37,500
PA;BR-230;1399,000;1400,000;1,000;21/02/2023;0;0;31,250
PA;BR-230;1400,000;1401,000;1,000;21/02/2023;0;0;43,750
PA;BR-230;1401,000;1402,000;1,000;21/02/2023;0;0;37,500
PA;BR-230;1402,000;1403,000;1,000;21/02/2023;0;0;37,500
PA;BR-230;1403,000;1404,000;1,000;21/02/2023;0;0;45,000
PA;BR-230;1404,000;1405,000;1,000;21/02/2023;0;0;32,500
PA;BR-230;1405,000;1406,000;1,000;21/02/2023;0;0;47,500
PA;BR-230;1406,000;1407,000;1,000;21/02/2023;0;0;41,250
PA;BR-230;1407,000;1408,000;1,000;21/02/2023;0;0;37,500
PA;BR-230;1408,000;1409,000;1,000;21/02/2023;0;0;37,500
PA;BR-230;1409,000;1410,000;1,000;21/02/2023;0;0;31,250
PA;BR-230;1410,000;1411,000;1,000;21/02/2023;0;0;32,500
PA;BR-230;1411,000;1412,000;1,000;21/02/2023;0;0;32,500
PA;BR-230;1412,000;1413,000;1,000;21/02/2023;0;0;32,500
PA;BR-230;1413,000;1414,000;1,000;21/02/2023;0;0;26,250
PA;BR-230;1414,000;1415,000;1,000;21/02/2023;0;0;37,500
PA;BR-230;1415,000;1416,000;1,000;21/02/2023;0;0;32,500
PA;BR-230;1416,000;1417,000;1,000;21/02/2023;0;0;26,250
PA;BR-230;1417,000;1418,000;1,000;21/02/2023;0;0;26,250
PA;BR-230;1418,000;1419,000;1,000;21/02/2023;0;0;47,500
PA;BR-230;1419,000;1420,000;1,000;21/02/2023;0;0;26,250
PA;BR-230;1420,000;1421,000;1,000;21/02/2023;0;0;41,250
PA;BR-230;1421,000;1422,000;1,000;21/02/2023;0;0;52,500
PA;BR-230;1422,000;1423,000;1,000;21/02/2023;0;0;32,500
PA;BR-230;1423,000;1424,000;1,000;21/02/2023;0;0;47,500
PA;BR-230;1424,000;1425,000;1,000;21/02/2023;0;0;47,500
PA;BR-230;1425,000;1426,000;1,000;21/02/2023;0;0;40,000
PA;BR-230;1426,000;1427,000;1,000;21/02/2023;0;0;37,500
PA;BR-230;1427,000;1428,000;1,000;21/02/2023;0;0;52,500
PA;BR-230;1428,000;1429,000;1,000;21/02/2023;0;0;32,500
PA;BR-230;1429,000;1430,000;1,000;21/02/2023;0;0;52,500
PA;BR-230;1430,000;1431,000;1,000;21/02/2023;0;0;32,500
PA;BR-230;1431,000;1432,000;1,000;21/02/2023;0;0;41,250
PA;BR-230;1432,000;1433,000;1,000;21/02/2023;0;0;41,250
PA;BR-230;1433,000;1434,000;1,000;21/02/2023;0;0;32,500
PA;BR-230;1434,000;1435,000;1,000;21/02/2023;0;0;43,750
PA;BR-230;1434,200;1435,000;0,800;21/02/2023;0;0;20,000
PA;BR-230;1435,000;1436,000;1,000;21/02/2023;0;0;35,000
PA;BR-230;1436,000;1437,000;1,000;21/02/2023;0;0;20,000
PA;BR-230;1437,000;1438,000;1,000;21/02/2023;0;0;18,750
PA;BR-230;1438,000;1439,000;1,000;21/02/2023;0;0;32,500
PA;BR-230;1439,000;1440,000;1,000;21/02/2023;0;0;26,250
PA;BR-230;1440,000;1441,000;1,000;21/02/2023;0;0;26,250
PA;BR-230;1441,000;1442,000;1,000;21/02/2023;0;0;18,750
PA;BR-230;1442,000;1443,000;1,000;21/02/2023;0;0;32,500
PA;BR-230;1443,000;1444,000;1,000;21/02/2023;0;0;32,500
PA;BR-230;1444,000;1445,000;1,000;21/02/2023;0;0;26,250
PA;BR-230;1445,000;1446,000;1,000;21/02/2023;0;0;55,000
PA;BR-230;1446,000;1447,000;1,000;21/02/2023;0;0;41,250
PA;BR-230;1447,000;1448,000;1,000;21/02/2023;0;0;26,250
PA;BR-230;1448,000;1449,000;1,000;21/02/2023;0;0;31,250
PA;BR-230;1449,000;1450,000;1,000;21/02/2023;0;0;32,500
PA;BR-230;1450,000;1451,000;1,000;21/02/2023;0;0;32,500
PA;BR-230;1451,000;1452,000;1,000;21/02/2023;0;0;26,250
PA;BR-230;1452,000;1453,000;1,000;21/02/2023;0;0;26,250
PA;BR-230;1453,000;1454,000;1,000;21/02/2023;0;0;26,250
PA;BR-230;1454,000;1455,000;1,000;21/02/2023;0;0;26,250
PA;BR-230;1455,000;1456,000;1,000;21/02/2023;0;0;26,250
PA;BR-230;1456,000;1457,000;1,000;21/02/2023;0;0;18,750
PA;BR-230;1457,000;1458,000;1,000;21/02/2023;0;0;26,250
PA;BR-230;1458,000;1459,000;1,000;21/02/2023;0;0;18,750
PA;BR-230;1459,000;1460,000;1,000;21/02/2023;0;0;26,250
PA;BR-230;1460,000;1461,000;1,000;21/02/2023;0;0;18,750
PA;BR-230;1461,000;1462,000;1,000;21/02/2023;0;0;18,750
PA;BR-230;1462,000;1463,000;1,000;21/02/2023;0;0;18,750
PA;BR-230;1463,000;1464,000;1,000;21/02/2023;0;0;18,750
PA;BR-230;1464,000;1465,000;1,000;21/02/2023;0;0;32,500
PA;BR-230;1465,000;1466,000;1,000;21/02/2023;0;0;32,500
PA;BR-230;1466,000;1467,000;1,000;21/02/2023;0;0;37,500
PA;BR-230;1467,000;1468,000;1,000;21/02/2023;0;0;43,750
PA;BR-230;1468,000;1469,000;1,000;21/02/2023;0;0;37,500
PA;BR-230;1469,000;1470,000;1,000;21/02/2023;0;0;37,500
PA;BR-230;1470,000;1471,000;1,000;21/02/2023;0;0;31,250
PA;BR-230;1471,000;1472,000;1,000;21/02/2023;0;0;26,250
PA;BR-230;1472,000;1473,000;1,000;21/02/2023;0;0;37,500
PA;BR-230;1473,000;1474,000;1,000;21/02/2023;0;0;26,250
PA;BR-230;1474,000;1475,000;1,000;21/02/2023;0;0;32,500
PA;BR-230;1475,000;1476,000;1,000;21/02/2023;0;0;26,250
PA;BR-230;1476,000;1477,000;1,000;21/02/2023;0;0;26,250
PA;BR-230;1477,000;1478,000;1,000;21/02/2023;0;0;26,250
PA;BR-230;1478,000;1479,000;1,000;21/02/2023;0;0;26,250
PA;BR-230;1479,000;1480,000;1,000;21/02/2023;0;0;12,500
PA;BR-230;1480,000;1481,000;1,000;21/02/2023;0;0;26,250
PA;BR-230;1481,000;1482,000;1,000;21/02/2023;0;0;41,250
PA;BR-230;1482,000;1483,000;1,000;21/02/2023;0;0;26,250
PA;BR-230;1483,000;1484,000;1,000;21/02/2023;0;0;26,250
PA;BR-230;1484,000;1485,000;1,000;21/02/2023;0;0;26,250
PA;BR-230;1485,000;1486,000;1,000;21/02/2023;0;0;52,500
PA;BR-230;1486,000;1487,000;1,000;21/02/2023;0;0;26,250
PA;BR-230;1487,000;1488,000;1,000;21/02/2023;0;0;26,250
PA;BR-230;1488,000;1489,000;1,000;21/02/2023;0;0;26,250
PA;BR-230;1489,000;1490,000;1,000;21/02/2023;0;0;52,500
PA;BR-230;1490,000;1491,000;1,000;21/02/2023;0;0;52,500
PA;BR-230;1491,000;1492,000;1,000;21/02/2023;0;0;31,250
PA;BR-230;1492,000;1493,000;1,000;21/02/2023;0;0;26,250
PA;BR-230;1493,000;1494,000;1,000;21/02/2023;0;0;43,750
PA;BR-230;1494,000;1495,000;1,000;21/02/2023;0;0;26,250
PA;BR-230;1495,000;1496,000;1,000;21/02/2023;0;0;26,250
PA;BR-230;1496,000;1497,000;1,000;21/02/2023;0;0;26,250
PA;BR-230;1497,000;1498,000;1,000;21/02/2023;0;0;26,250
PA;BR-230;1498,000;1499,000;1,000;21/02/2023;0;0;26,250
PA;BR-230;1499,000;1500,000;1,000;21/02/2023;0;0;32,500
PA;BR-230;1500,000;1501,000;1,000;21/02/2023;0;0;26,250
PA;BR-230;1501,000;1502,000;1,000;21/02/2023;0;0;46,250
PA;BR-230;1502,000;1503,000;1,000;21/02/2023;0;0;47,500
PA;BR-230;1503,000;1504,000;1,000;21/02/2023;0;0;26,250
PA;BR-230;1504,000;1505,000;1,000;21/02/2023;0;0;18,750
PA;BR-230;1505,000;1506,000;1,000;21/02/2023;0;0;18,750
PA;BR-230;1506,000;1507,000;1,000;21/02/2023;0;0;18,750
PA;BR-230;1507,000;1508,000;1,000;21/02/2023;0;0;18,750
PA;BR-230;1508,000;1509,000;1,000;21/02/2023;0;0;26,250
PA;BR-230;1509,000;1510,000;1,000;21/02/2023;0;0;18,750
PA;BR-230;1510,000;1511,000;1,000;21/02/2023;0;0;18,750
PA;BR-230;1511,000;1512,000;1,000;21/02/2023;0;0;47,500
PA;BR-230;1512,000;1513,000;1,000;21/02/2023;0;0;18,750
PA;BR-230;1513,000;1514,000;1,000;21/02/2023;0;0;18,750
PA;BR-230;1514,000;1515,000;1,000;21/02/2023;0;0;26,250
PA;BR-230;1515,000;1516,000;1,000;21/02/2023;0;0;18,750
PA;BR-230;1516,000;1517,000;1,000;21/02/2023;0;0;18,750
PA;BR-230;1517,000;1518,000;1,000;21/02/2023;0;0;46,250
PA;BR-230;1518,000;1519,000;1,000;21/02/2023;0;0;26,250
PA;BR-230;1519,000;1520,000;1,000;21/02/2023;0;0;31,250
PA;BR-230;1520,000;1521,000;1,000;21/02/2023;0;0;41,250
PA;BR-230;1521,000;1522,000;1,000;21/02/2023;0;0;31,250
PA;BR-230;1522,000;1523,000;1,000;21/02/2023;0;0;26,250
PA;BR-230;1523,000;1524,000;1,000;21/02/2023;0;0;41,250
PA;BR-230;1524,000;1525,000;1,000;21/02/2023;0;0;26,250
PA;BR-230;1525,000;1526,000;1,000;21/02/2023;0;0;41,250
PA;BR-230;1526,000;1527,000;1,000;21/02/2023;0;0;45,000
PA;BR-230;1527,000;1528,000;1,000;21/02/2023;0;0;31,250
PA;BR-230;1528,000;1529,000;1,000;21/02/2023;0;0;26,250
PA;BR-230;1529,000;1530,000;1,000;21/02/2023;0;0;31,250
PA;BR-230;1530,000;1531,000;1,000;21/02/2023;0;0;26,250
PA;BR-230;1531,000;1532,000;1,000;21/02/2023;0;0;47,500
PA;BR-230;1532,000;1533,000;1,000;21/02/2023;0;0;31,250
PA;BR-230;1533,000;1534,000;1,000;21/02/2023;0;0;26,250
PA;BR-230;1534,000;1535,000;1,000;21/02/2023;0;0;31,250
PA;BR-230;1535,000;1536,000;1,000;21/02/2023;0;0;26,250
PA;BR-230;1536,000;1537,000;1,000;21/02/2023;0;0;48,750
PA;BR-230;1537,000;1538,000;1,000;21/02/2023;0;0;26,250
PA;BR-230;1538,000;1539,000;1,000;21/02/2023;0;0;26,250
PA;BR-230;1539,000;1540,000;1,000;21/02/2023;0;0;26,250
PA;BR-230;1540,000;1541,000;1,000;21/02/2023;0;0;26,250
PA;BR-230;1541,000;1542,000;1,000;21/02/2023;0;0;18,750
PA;BR-230;1542,000;1543,000;1,000;21/02/2023;0;0;18,750
PA;BR-230;1543,000;1544,000;1,000;21/02/2023;0;0;26,250
PA;BR-230;1544,000;1545,000;1,000;21/02/2023;0;0;26,250
PA;BR-230;1545,000;1546,000;1,000;21/02/2023;0;0;26,250
PA;BR-230;1546,000;1547,000;1,000;21/02/2023;0;0;37,500
PA;BR-230;1547,000;1548,000;1,000;21/02/2023;0;0;32,500
PA;BR-230;1548,000;1549,000;1,000;21/02/2023;0;0;32,500
PA;BR-230;1549,000;1550,000;1,000;21/02/2023;0;0;32,500
PA;BR-230;1550,000;1551,000;1,000;21/02/2023;0;0;26,250
PA;BR-230;1551,000;1552,000;1,000;21/02/2023;0;0;26,250
PA;BR-230;1552,000;1553,000;1,000;21/02/2023;0;0;31,250
PA;BR-230;1553,000;1554,000;1,000;21/02/2023;0;0;37,500
PA;BR-230;1554,000;1555,000;1,000;21/02/2023;0;0;31,250
PA;BR-230;1555,000;1556,000;1,000;21/02/2023;0;0;32,500
PA;BR-230;1556,000;1557,000;1,000;21/02/2023;0;0;26,250
PA;BR-230;1557,000;1558,000;1,000;21/02/2023;0;0;32,500
PA;BR-230;1558,000;1559,000;1,000;21/02/2023;0;0;26,250
PA;BR-230;1559,000;1560,000;1,000;21/02/2023;0;0;26,250
PA;BR-230;1560,000;1561,000;1,000;21/02/2023;0;0;37,500
PA;BR-230;1561,000;1562,000;1,000;21/02/2023;0;0;26,250
PA;BR-230;1562,000;1563,000;1,000;21/02/2023;0;0;26,250
PA;BR-230;1563,000;1564,000;1,000;21/02/2023;0;0;37,500
PA;BR-230;1564,000;1565,000;1,000;21/02/2023;0;0;37,500
PA;BR-230;1565,000;1566,000;1,000;21/02/2023;0;0;32,500
PA;BR-230;1566,000;1567,000;1,000;21/02/2023;0;0;32,500
PA;BR-230;1567,000;1568,000;1,000;21/02/2023;0;0;32,500
PA;BR-230;1568,000;1569,000;1,000;21/02/2023;0;0;32,500
PA;BR-230;1569,000;1570,000;1,000;21/02/2023;0;0;37,500
PA;BR-230;1570,000;1571,000;1,000;21/02/2023;0;0;26,250
PA;BR-230;1571,000;1572,000;1,000;21/02/2023;0;0;32,500
PA;BR-230;1572,000;1573,000;1,000;21/02/2023;0;0;30,000
PA;BR-230;1573,000;1574,000;1,000;21/02/2023;0;0;36,250
PA;BR-230;1574,000;1575,000;1,000;21/02/2023;0;0;36,250
PA;BR-230;1575,000;1576,000;1,000;21/02/2023;0;0;26,250
PA;BR-230;1576,000;1577,000;1,000;21/02/2023;0;0;32,500
PA;BR-230;1577,000;1578,000;1,000;21/02/2023;0;0;30,000
PA;BR-230;1578,000;1579,000;1,000;21/02/2023;0;0;36,250
PA;BR-230;1579,000;1580,000;1,000;21/02/2023;0;0;41,250
PA;BR-230;1580,000;1581,000;1,000;21/02/2023;0;0;26,250
PA;BR-230;1581,000;1582,000;1,000;21/02/2023;0;0;26,250
PA;BR-230;1582,000;1583,000;1,000;21/02/2023;0;0;32,500
PA;BR-230;1583,000;1584,000;1,000;21/02/2023;0;0;32,500
PA;BR-230;1584,000;1585,000;1,000;21/02/2023;0;0;41,250
PA;BR-230;1585,000;1586,000;1,000;21/02/2023;0;0;26,250
PA;BR-230;1586,000;1587,000;1,000;21/02/2023;0;0;32,500
PA;BR-230;1587,000;1588,000;1,000;21/02/2023;0;0;32,500
PA;BR-230;1588,000;1589,000;1,000;21/02/2023;0;0;32,500
PA;BR-230;1589,000;1590,000;1,000;21/02/2023;0;0;45,000
PA;BR-230;1590,000;1591,000;1,000;21/02/2023;0;0;32,500
PA;BR-230;1591,000;1592,000;1,000;21/02/2023;0;0;32,500
PA;BR-230;1592,000;1593,000;1,000;21/02/2023;0;0;26,250
PA;BR-230;1593,000;1594,000;1,000;21/02/2023;0;0;26,250
PA;BR-230;1594,000;1595,000;1,000;21/02/2023;0;0;26,250
PA;BR-230;1595,000;1596,000;1,000;21/02/2023;0;0;26,250
PA;BR-230;1596,000;1597,000;1,000;21/02/2023;0;0;26,250
PB;BR-434;19,400;20,000;0,600;27/02/2023;-6,51236666;-38,41644;15,000
PB;BR-434;20,000;21,000;1,000;27/02/2023;-6,51236666;-38,41644;36,250
PB;BR-434;21,000;22,000;1,000;27/02/2023;-6,51236666;-38,41644;61,250
PB;BR-434;22,000;23,000;1,000;27/02/2023;-6,51236666;-38,41644;65,000
PB;BR-434;23,000;24,000;1,000;27/02/2023;-6,51236666;-38,41644;57,500
PB;BR-434;24,000;25,000;1,000;27/02/2023;-6,51236666;-38,41644;43,750
PB;BR-434;25,000;26,000;1,000;27/02/2023;-6,51236666;-38,41644;55,000
PB;BR-434;26,000;27,000;1,000;27/02/2023;-6,51236666;-38,41644;18,750
PB;BR-434;27,000;28,000;1,000;27/02/2023;-6,51236666;-38,41644;11,250
PB;BR-434;28,000;29,000;1,000;27/02/2023;-6,51236666;-38,41644;23,750
PB;BR-434;29,000;30,000;1,000;27/02/2023;-6,51236666;-38,41644;28,750
PB;BR-434;30,000;31,000;1,000;27/02/2023;-6,51236666;-38,41644;25,000
PB;BR-434;31,000;32,000;1,000;27/02/2023;-6,51236666;-38,41644;3,750
PB;BR-434;32,000;33,000;1,000;27/02/2023;-6,51236666;-38,41644;18,750
PB;BR-434;33,000;34,000;1,000;27/02/2023;-6,51236666;-38,41644;33,750
PB;BR-434;34,000;34,400;0,400;27/02/2023;-6,51236666;-38,41644;18,750
PR;BR-158;229,500;230,000;0,500;14/02/2023;-24,0858432;-52,4074246;30,000
PR;BR-158;230,000;231,000;1,000;14/02/2023;-24,085112;-52,3784712;42,500
PR;BR-158;231,000;232,000;1,000;14/02/2023;-24,0858432;-52,4074246;47,500
PR;BR-158;232,000;233,000;1,000;14/02/2023;-24,0858432;-52,4074246;62,500
PR;BR-158;233,000;234,000;1,000;14/02/2023;-24,0858432;-52,4074246;55,000
PR;BR-158;234,000;235,000;1,000;14/02/2023;-24,0858432;-52,4074246;35,000
PR;BR-158;235,000;236,000;1,000;14/02/2023;-24,0858432;-52,4074246;50,000
PR;BR-158;236,000;237,000;1,000;14/02/2023;-24,0858432;-52,4074246;50,000
PR;BR-158;237,000;238,000;1,000;14/02/2023;-24,0858432;-52,4074246;65,000
PR;BR-158;238,000;239,000;1,000;14/02/2023;-24,0858432;-52,4074246;30,000
PR;BR-158;239,000;240,000;1,000;14/02/2023;-24,0858432;-52,4074246;42,500
PR;BR-158;240,000;241,000;1,000;14/02/2023;-24,0858432;-52,4074246;45,000
PR;BR-158;241,000;242,000;1,000;14/02/2023;-24,0858432;-52,4074246;32,500
PR;BR-158;242,000;243,000;1,000;14/02/2023;-24,0858432;-52,4074246;32,500
PR;BR-158;243,000;244,000;1,000;14/02/2023;-24,0858432;-52,4074246;45,000
PR;BR-158;244,000;245,000;1,000;14/02/2023;-24,0858432;-52,4074246;67,500
PR;BR-158;245,000;246,000;1,000;14/02/2023;-24,0858432;-52,4074246;37,500
PR;BR-158;246,000;247,000;1,000;14/02/2023;-24,0858432;-52,4074246;21,250
PR;BR-158;247,000;248,000;1,000;14/02/2023;-24,0858432;-52,4074246;45,000
PR;BR-158;248,000;249,000;1,000;14/02/2023;-24,0858432;-52,4074246;50,000
PR;BR-158;249,000;250,000;1,000;14/02/2023;-24,0858432;-52,4074246;50,000
PR;BR-158;250,000;251,000;1,000;14/02/2023;-24,0858432;-52,4074246;42,500
PR;BR-158;251,000;252,000;1,000;14/02/2023;-24,0858432;-52,4074246;27,500
PR;BR-158;252,000;253,000;1,000;14/02/2023;-24,0858432;-52,4074246;35,000
PR;BR-158;253,000;254,000;1,000;14/02/2023;-24,0858432;-52,4074246;32,500
PR;BR-158;254,000;255,000;1,000;14/02/2023;-24,0858432;-52,4074246;40,000
PR;BR-158;255,000;256,000;1,000;14/02/2023;-24,0858432;-52,4074246;55,000
PR;BR-158;256,000;257,000;1,000;14/02/2023;-24,0858432;-52,4074246;35,000
PR;BR-158;257,000;258,000;1,000;14/02/2023;-24,0858432;-52,4074246;32,500
PR;BR-158;258,000;259,000;1,000;14/02/2023;-24,0858432;-52,4074246;52,500
PR;BR-158;259,000;260,000;1,000;14/02/2023;-24,0858432;-52,4074246;37,500
PR;BR-158;260,000;261,000;1,000;14/02/2023;-24,0858432;-52,4074246;37,500
PR;BR-158;261,000;262,000;1,000;14/02/2023;-24,0858432;-52,4074246;32,500
PR;BR-158;262,000;263,000;1,000;14/02/2023;-24,0858432;-52,4074246;27,500
PR;BR-158;263,000;264,000;1,000;14/02/2023;-24,0858432;-52,4074246;17,500
PR;BR-158;264,000;265,000;1,000;14/02/2023;-24,0858432;-52,4074246;20,000
PR;BR-158;265,000;266,000;1,000;14/02/2023;-24,0858432;-52,4074246;27,500
PR;BR-158;266,000;267,000;1,000;14/02/2023;-24,0858432;-52,4074246;32,500
PR;BR-158;267,000;268,000;1,000;14/02/2023;-24,0858432;-52,4074246;32,500
PR;BR-158;268,000;269,000;1,000;14/02/2023;-24,0858432;-52,4074246;20,000
PR;BR-158;269,000;270,000;1,000;14/02/2023;-24,4145324;-52,3929754;40,000
PR;BR-158;270,000;271,000;1,000;14/02/2023;-24,4145324;-52,3929754;45,000
PR;BR-158;271,000;272,000;1,000;14/02/2023;-24,4145324;-52,3929754;40,000
PR;BR-158;272,000;273,000;1,000;14/02/2023;-24,4145324;-52,3929754;40,000
PR;BR-158;273,000;274,000;1,000;14/02/2023;-24,4145324;-52,3929754;45,000
PR;BR-158;274,000;275,000;1,000;14/02/2023;-24,4502751;-52,36542;25,000
PR;BR-158;275,000;276,000;1,000;14/02/2023;-24,4502751;-52,36542;40,000
PR;BR-158;276,000;277,000;1,000;14/02/2023;-24,4502751;-52,36542;40,000
PR;BR-158;277,000;278,000;1,000;14/02/2023;-24,4502751;-52,36542;32,500
PR;BR-158;278,000;279,000;1,000;14/02/2023;-24,4502751;-52,36542;32,500
PR;BR-158;279,000;280,000;1,000;14/02/2023;-24,4502751;-52,36542;37,500
PR;BR-158;280,000;281,000;1,000;14/02/2023;-24,4502751;-52,36542;20,000
PR;BR-158;281,000;282,000;1,000;14/02/2023;-24,4502751;-52,36542;35,000
PR;BR-158;282,000;283,000;1,000;14/02/2023;-24,4502751;-52,36542;35,000
PR;BR-158;283,000;284,000;1,000;14/02/2023;-24,4502751;-52,36542;47,500
PR;BR-158;284,000;285,000;1,000;14/02/2023;-24,4502751;-52,36542;70,000
PR;BR-158;285,000;286,000;1,000;14/02/2023;-24,4502751;-52,36542;47,500
PR;BR-158;286,000;287,000;1,000;14/02/2023;-24,4502751;-52,36542;35,000
PR;BR-158;287,000;288,000;1,000;14/02/2023;-24,4502751;-52,36542;35,000
PR;BR-158;288,000;289,000;1,000;14/02/2023;-24,4502751;-52,36542;55,000
PR;BR-158;289,000;290,000;1,000;14/02/2023;-24,4502751;-52,36542;55,000
PR;BR-158;290,000;291,000;1,000;14/02/2023;-24,4502751;-52,36542;47,500
PR;BR-158;291,000;292,000;1,000;14/02/2023;-24,4502751;-52,36542;65,000
PR;BR-158;292,000;293,000;1,000;14/02/2023;-24,4502751;-52,36542;55,000
PR;BR-158;293,000;294,000;1,000;14/02/2023;-24,5690633;-52,2758067;70,000
PR;BR-158;294,000;295,000;1,000;14/02/2023;-24,5690633;-52,2758067;32,500
RS;BR-153;53,100;54,000;0,900;13/02/2023;-27,6771838;-52,2910933;43,750
RS;BR-153;54,000;55,000;1,000;13/02/2023;-27,6796213;-52,2937215;51,250
RS;BR-153;55,000;56,000;1,000;13/02/2023;-27,6856293;-52,2893569;37,500
RS;BR-153;56,000;57,000;1,000;13/02/2023;-27,690503;-52,2948509;50,000
RS;BR-153;57,000;58,000;1,000;13/02/2023;-27,690503;-52,2948509;40,000
RS;BR-153;58,000;59,000;1,000;13/02/2023;-27,731549;-52,2843725;18,750
RS;BR-153;59,000;60,000;1,000;13/02/2023;-27,731549;-52,2843725;27,500
RS;BR-153;60,000;61,000;1,000;13/02/2023;-27,7131043;-52,3049769;45,000
RS;BR-153;61,000;62,000;1,000;13/02/2023;-27,7255147;-52,3233767;40,000
RS;BR-153;62,000;63,000;1,000;13/02/2023;-27,7444415;-52,2797207;28,750
RS;BR-153;63,000;64,000;1,000;13/02/2023;-27,767425;-52,2734081;51,250
RS;BR-153;64,000;65,000;1,000;13/02/2023;-27,7551916;-52,3359783;0,000
RS;BR-153;65,000;66,000;1,000;13/02/2023;-27,7131043;-52,3049769;0,000
RS;BR-153;66,000;67,000;1,000;13/02/2023;-27,7131043;-52,3049769;28,750
RS;BR-153;67,000;68,000;1,000;13/02/2023;-27,7131043;-52,3049769;20,000
RS;BR-153;68,000;69,000;1,000;13/02/2023;-27,8464289;-52,3036474;18,750
RS;BR-153;69,000;70,000;1,000;13/02/2023;-27,8464289;-52,3036474;45,000
RS;BR-153;70,000;71,000;1,000;13/02/2023;-27,8464289;-52,3036474;52,500
RS;BR-153;71,000;72,000;1,000;13/02/2023;-27,8464289;-52,3036474;70,000
RS;BR-153;72,000;73,000;1,000;13/02/2023;-27,8464289;-52,3036474;35,000
RS;BR-153;73,000;74,000;1,000;13/02/2023;-27,8464289;-52,3036474;45,000
RS;BR-153;74,000;75,000;1,000;13/02/2023;-27,8584298;-52,3079684;36,250
RS;BR-153;75,000;76,000;1,000;13/02/2023;-27,8534108;-52,3598409;27,500
RS;BR-153;76,000;77,000;1,000;13/02/2023;-27,8534108;-52,3598409;12,500
RS;BR-153;77,000;78,000;1,000;13/02/2023;-27,8664816;-52,36184;21,250
RS;BR-153;78,000;79,000;1,000;13/02/2023;-27,8927032;-52,2940093;65,000
RS;BR-153;79,000;80,000;1,000;13/02/2023;-27,8584298;-52,3079684;22,500
RS;BR-153;80,000;81,000;1,000;13/02/2023;-27,8584298;-52,3079684;66,250
RS;BR-153;81,000;82,000;1,000;13/02/2023;-27,8584298;-52,3079684;65,000
RS;BR-153;82,000;83,000;1,000;13/02/2023;-27,8584298;-52,3079684;55,000
RS;BR-153;83,000;84,000;1,000;13/02/2023;-27,8584298;-52,3079684;20,000
RS;BR-153;84,000;85,000;1,000;13/02/2023;-27,8584298;-52,3079684;53,750
RS;BR-153;85,000;86,000;1,000;13/02/2023;-27,8584298;-52,3079684;21,250
RS;BR-153;86,000;87,000;1,000;13/02/2023;-27,8584298;-52,3079684;58,750
RS;BR-153;87,000;88,000;1,000;13/02/2023;-27,8584298;-52,3079684;0,000
RS;BR-153;88,000;89,000;1,000;13/02/2023;-27,8584298;-52,3079684;37,500
RS;BR-153;89,000;90,000;1,000;13/02/2023;-27,8584298;-52,3079684;25,000
RS;BR-153;90,000;91,000;1,000;13/02/2023;-27,8584298;-52,3079684;21,250
RS;BR-153;91,000;92,000;1,000;13/02/2023;-27,8584298;-52,3079684;66,250
RS;BR-153;92,000;93,000;1,000;13/02/2023;-27,8584298;-52,3079684;37,500
RS;BR-153;93,000;94,000;1,000;13/02/2023;-27,8584298;-52,3079684;35,000
RS;BR-153;94,000;95,000;1,000;13/02/2023;-27,8584298;-52,3079684;35,000
RS;BR-153;95,000;96,000;1,000;13/02/2023;-27,8584298;-52,3079684;33,750
RS;BR-153;96,000;97,000;1,000;13/02/2023;-27,8584298;-52,3079684;45,000
RS;BR-153;97,000;98,000;1,000;13/02/2023;-27,8584298;-52,3079684;53,750
RS;BR-153;98,000;99,000;1,000;13/02/2023;-27,9184219;-52,2641064;60,000
RS;BR-153;99,000;100,000;1,000;13/02/2023;-27,9184219;-52,2641064;41,250
RS;BR-153;100,000;101,000;1,000;13/02/2023;-27,9184219;-52,2641064;55,000
RS;BR-153;101,000;102,000;1,000;13/02/2023;-28,1215878;-52,3029827;62,500
RS;BR-153;102,000;103,000;1,000;13/02/2023;-28,1241574;-52,2993267;18,750
RS;BR-153;103,000;104,000;1,000;13/02/2023;-28,1241574;-52,2993267;25,000
RS;BR-153;104,000;105,000;1,000;13/02/2023;-28,1241574;-52,2993267;12,500
RS;BR-153;105,000;106,000;1,000;13/02/2023;-28,1241574;-52,2993267;37,500
RS;BR-153;106,000;107,000;1,000;13/02/2023;-28,1241574;-52,2993267;25,000
RS;BR-153;107,000;108,000;1,000;13/02/2023;-28,1241574;-52,2993267;20,000
RS;BR-153;108,000;109,000;1,000;13/02/2023;-28,1241574;-52,2993267;37,500
RS;BR-153;109,000;110,000;1,000;13/02/2023;-28,1241574;-52,2993267;37,500
RS;BR-153;110,000;111,000;1,000;13/02/2023;-28,2411642;-52,3721497;35,000
RS;BR-153;111,000;112,000;1,000;13/02/2023;-28,2411642;-52,3721497;32,500
RS;BR-153;112,000;113,000;1,000;13/02/2023;-28,1241574;-52,2993267;51,250
RS;BR-153;113,000;114,000;1,000;13/02/2023;-28,2258197;-52,4547076;57,500
RS;BR-153;114,000;115,000;1,000;13/02/2023;-28,2232001;-52,4660336;20,000
RS;BR-153;115,000;116,000;1,000;13/02/2023;-28,2232001;-52,4660336;33,750
RS;BR-153;116,000;117,000;1,000;13/02/2023;-28,2232001;-52,4660336;15,000
RS;BR-153;117,000;118,000;1,000;13/02/2023;-28,232852;-52,4357239;0,000
RS;BR-153;118,000;119,000;1,000;13/02/2023;-28,24273;-52,4607034;0,000
RS;BR-153;119,000;120,000;1,000;13/02/2023;-28,2197645;-52,4660336;0,000
RS;BR-153;120,000;121,000;1,000;13/02/2023;-28,2357049;-52,4154138;0,000
RS;BR-153;121,000;122,000;1,000;13/02/2023;-28,2170097;-52,4622677;0,000
RR;BR-210;315,400;316,000;0,600;15/02/2023;2,3940333;-60,9167355;75,000
RR;BR-210;316,000;317,000;1,000;15/02/2023;2,3940333;-60,9167355;45,000
RR;BR-210;317,000;318,000;1,000;15/02/2023;2,3940333;-60,9167355;75,000
RR;BR-210;318,000;319,000;1,000;15/02/2023;2,3940333;-60,9167355;75,000
RR;BR-210;319,000;320,000;1,000;15/02/2023;2,3940333;-60,9167355;75,000
RR;BR-210;320,000;321,000;1,000;15/02/2023;2,3940333;-60,9167355;75,000
RR;BR-210;321,000;322,000;1,000;15/02/2023;2,3940333;-60,9167355;45,000
RR;BR-210;322,000;323,000;1,000;15/02/2023;2,3940333;-60,9167355;45,000
RR;BR-210;323,000;324,000;1,000;15/02/2023;2,3940333;-60,9167355;45,000
RR;BR-210;324,000;325,000;1,000;15/02/2023;2,3940333;-60,9167355;45,000
RR;BR-210;325,000;326,000;1,000;15/02/2023;2,3940333;-60,9167355;45,000
RR;BR-210;326,000;327,000;1,000;15/02/2023;2,3940333;-60,9167355;45,000
RR;BR-210;327,000;328,000;1,000;15/02/2023;2,3940333;-60,9167355;45,000
RR;BR-210;328,000;329,000;1,000;15/02/2023;2,3940333;-60,9167355;45,000
RR;BR-210;329,000;330,000;1,000;15/02/2023;2,3940333;-60,9167355;45,000
RR;BR-210;330,000;331,000;1,000;15/02/2023;2,3940333;-60,9167355;45,000
RR;BR-210;331,000;332,000;1,000;15/02/2023;2,3940333;-60,9167355;45,000
RR;BR-210;332,000;333,000;1,000;15/02/2023;2,3940333;-60,9167355;45,000
RR;BR-210;333,000;334,000;1,000;15/02/2023;2,3940333;-60,9167355;45,000
RR;BR-210;334,000;335,000;1,000;15/02/2023;2,3940333;-60,9167355;45,000
RR;BR-210;335,000;336,000;1,000;15/02/2023;2,3940333;-60,9167355;45,000
RR;BR-210;336,000;337,000;1,000;15/02/2023;2,3940333;-60,9167355;45,000
RR;BR-210;337,000;338,000;1,000;15/02/2023;2,3940333;-60,9167355;45,000
RR;BR-210;338,000;339,000;1,000;15/02/2023;2,3940333;-60,9167355;45,000
RR;BR-210;339,000;340,000;1,000;15/02/2023;2,3940333;-60,9167355;45,000
RR;BR-210;340,000;341,000;1,000;15/02/2023;2,3940333;-60,9167355;45,000
RR;BR-210;341,000;342,000;1,000;15/02/2023;2,3940333;-60,9167355;45,000
RR;BR-210;342,000;343,000;1,000;15/02/2023;2,3940333;-60,9167355;45,000
RR;BR-210;343,000;344,000;1,000;15/02/2023;2,3940333;-60,9167355;45,000
RR;BR-210;344,000;345,000;1,000;15/02/2023;2,3940333;-60,9167355;45,000
RR;BR-210;345,000;346,000;1,000;15/02/2023;2,3940333;-60,9167355;45,000
RR;BR-432;36,300;35,000;1,300;16/02/2023;0;0;33,750
RR;BR-432;35,000;34,000;1,000;16/02/2023;0;0;33,750
RR;BR-432;34,000;33,000;1,000;16/02/2023;0;0;33,750
RR;BR-432;33,000;32,000;1,000;16/02/2023;0;0;25,000
RR;BR-432;32,000;31,000;1,000;16/02/2023;0;0;33,750
RR;BR-432;31,000;30,000;1,000;16/02/2023;0;0;33,750
RR;BR-432;30,000;29,000;1,000;16/02/2023;0;0;38,750
RR;BR-432;29,000;28,000;1,000;16/02/2023;0;0;33,750
RR;BR-432;28,000;27,000;1,000;16/02/2023;0;0;27,500
RR;BR-432;27,000;26,000;1,000;16/02/2023;0;0;22,500
RR;BR-432;26,000;25,000;1,000;16/02/2023;0;0;22,500
RR;BR-432;25,000;24,000;1,000;16/02/2023;0;0;22,500
RR;BR-432;24,000;23,000;1,000;16/02/2023;0;0;22,500
RR;BR-432;23,000;22,000;1,000;16/02/2023;0;0;22,500
RR;BR-432;22,000;21,000;1,000;16/02/2023;0;0;22,500
RR;BR-432;21,000;20,000;1,000;16/02/2023;0;0;7,500
RR;BR-432;20,000;19,000;1,000;16/02/2023;0;0;22,500
RR;BR-432;19,000;18,000;1,000;16/02/2023;0;0;0,000
RR;BR-432;18,000;17,000;1,000;16/02/2023;0;0;0,000
RR;BR-432;17,000;16,000;1,000;16/02/2023;0;0;0,000
RR;BR-432;16,000;15,000;1,000;16/02/2023;0;0;33,750
RR;BR-432;15,000;14,000;1,000;16/02/2023;0;0;0,000
RR;BR-432;14,000;15,000;1,000;01/02/2023;1,31468789;-60,3373944;75,000
RR;BR-432;15,000;16,000;1,000;01/02/2023;1,36388487;-60,3352664;75,000
RR;BR-432;16,000;17,000;1,000;01/02/2023;1,36621311;-60,3352022;75,000
RR;BR-432;17,000;18,000;1,000;01/02/2023;1,3679588;-60,3350971;75,000
RR;BR-432;18,000;19,000;1,000;01/02/2023;1,36807356;-60,3350851;75,000
RR;BR-432;19,000;20,000;1,000;01/02/2023;1,37072263;-60,334976;75,000
RR;BR-432;20,000;21,000;1,000;01/02/2023;1,37374317;-60,3348177;75,000
RR;BR-432;21,000;22,000;1,000;01/02/2023;1,37520683;-60,334668;75,000
RR;BR-432;22,000;23,000;1,000;01/02/2023;1,3771403;-60,3344113;75,000
RR;BR-432;23,000;24,000;1,000;01/02/2023;1,37744352;-60,3344203;75,000
RR;BR-432;24,000;25,000;1,000;01/02/2023;1,38071681;-60,3345921;75,000
RR;BR-432;25,000;26,000;1,000;01/02/2023;1,383082;-60,3344739;75,000
RR;BR-432;26,000;27,000;1,000;01/02/2023;1,38471474;-60,3344305;75,000
RR;BR-432;27,000;28,000;1,000;01/02/2023;1,38765229;-60,3342953;75,000
RR;BR-432;28,000;29,000;1,000;01/02/2023;1,39098488;-60,3341551;75,000
RR;BR-432;29,000;30,000;1,000;01/02/2023;1,39378709;-60,3340329;75,000
RR;BR-432;30,000;31,000;1,000;01/02/2023;1,39585277;-60,3338998;61,250
RR;BR-432;31,000;32,000;1,000;01/02/2023;1,40448279;-60,3334249;83,750
RR;BR-432;32,000;33,000;1,000;01/02/2023;1,40917496;-60,3334221;45,000
RR;BR-432;33,000;34,000;1,000;01/02/2023;1,41133238;-60,3332812;50,000
RR;BR-432;34,000;35,000;1,000;01/02/2023;1,41329604;-60,3331993;90,000
RR;BR-432;35,000;36,000;1,000;01/02/2023;1,41876768;-60,333026;18,750
RR;BR-210;89,500;88,000;1,500;17/02/2023;0,8776436;-59,6894239;65,000
RR;BR-210;88,000;87,000;1,000;17/02/2023;0,8776436;-59,6894239;71,250
RR;BR-210;87,000;86,000;1,000;17/02/2023;0,8776436;-59,6894239;71,250
RR;BR-210;86,000;85,000;1,000;17/02/2023;0,8776436;-59,6894239;65,000
RR;BR-210;85,000;84,000;1,000;17/02/2023;0,8763336;-59,6872614;71,250
RR;BR-210;84,000;83,000;1,000;17/02/2023;0,8763336;-59,6872614;63,750
RR;BR-210;83,000;82,000;1,000;17/02/2023;0,8763336;-59,6872614;71,250
RR;BR-210;82,000;81,000;1,000;17/02/2023;0,8763336;-59,6872614;63,750
RR;BR-210;81,000;80,000;1,000;17/02/2023;0,8763336;-59,6872614;57,500
RR;BR-210;80,000;79,000;1,000;17/02/2023;0,8763336;-59,6872614;68,750
RR;BR-210;79,000;78,000;1,000;17/02/2023;0,8763336;-59,6872614;75,000
RR;BR-210;78,000;77,000;1,000;17/02/2023;0,8763336;-59,6872614;71,250
RR;BR-210;77,000;76,000;1,000;17/02/2023;0,8763336;-59,6872614;71,250
RR;BR-210;76,000;75,000;1,000;17/02/2023;0,8763336;-59,6872614;71,250
RR;BR-210;75,000;74,000;1,000;17/02/2023;0,9549058;-59,9159542;75,000
RR;BR-210;74,000;73,000;1,000;17/02/2023;0,8763336;-59,6872614;71,250
RR;BR-210;73,000;72,000;1,000;17/02/2023;0,8763336;-59,6872614;65,000
RR;BR-210;72,000;71,000;1,000;17/02/2023;0,8763336;-59,6872614;63,750
RR;BR-210;71,000;70,000;1,000;17/02/2023;0,8763336;-59,6872614;71,250
RR;BR-210;70,000;69,000;1,000;17/02/2023;0,8763336;-59,6872614;65,000
RR;BR-210;69,000;68,000;1,000;17/02/2023;0,8763336;-59,6872614;71,250
RR;BR-210;68,000;67,000;1,000;17/02/2023;0,8763336;-59,6872614;70,000
RR;BR-210;67,000;66,000;1,000;17/02/2023;0,8763336;-59,6872614;71,250
RR;BR-210;66,000;65,000;1,000;17/02/2023;0,8763336;-59,6872614;65,000
RR;BR-210;65,000;64,000;1,000;17/02/2023;0,8763336;-59,6872614;75,000
RR;BR-210;64,000;63,000;1,000;17/02/2023;0,8763336;-59,6872614;71,250
RR;BR-210;63,000;62,000;1,000;17/02/2023;0,8763336;-59,6872614;75,000
RR;BR-210;62,000;61,000;1,000;17/02/2023;0,8025249;-59,4294591;71,250
RR;BR-210;61,000;60,000;1,000;17/02/2023;0,8025249;-59,4294591;77,500
RR;BR-210;60,000;59,000;1,000;17/02/2023;0,8025249;-59,4294591;73,750
RR;BR-210;59,000;58,000;1,000;17/02/2023;0,7964716;-59,4118352;67,500
RR;BR-210;58,000;57,000;1,000;17/02/2023;0,8049866;-59,3855837;77,500
RR;BR-210;57,000;56,000;1,000;17/02/2023;0,7951727;-59,410037;81,250
RR;BR-210;56,000;55,000;1,000;17/02/2023;0,8049866;-59,3855837;77,500
RR;BR-210;55,000;54,000;1,000;17/02/2023;0,7968896;-59,3814092;77,500
RR;BR-210;54,000;53,000;1,000;17/02/2023;0,8006744;-59,3920561;70,000
RR;BR-210;53,000;52,000;1,000;17/02/2023;0,8006744;-59,3920561;77,500
RR;BR-210;52,000;51,000;1,000;17/02/2023;0,8049866;-59,3855837;77,500
RR;BR-210;51,000;50,000;1,000;17/02/2023;0,8049866;-59,3855837;57,500
RR;BR-210;50,000;49,000;1,000;17/02/2023;0,8049866;-59,3855837;70,000
RR;BR-210;49,000;48,000;1,000;17/02/2023;0,7982516;-59,4096773;66,250
RR;BR-210;48,000;47,000;1,000;17/02/2023;0,7982516;-59,4096773;56,250
RR;BR-210;47,000;46,000;1,000;17/02/2023;0,8049866;-59,3855837;67,500
RR;BR-210;46,000;45,000;1,000;17/02/2023;0,8006744;-59,3920561;55,000
RR;BR-210;45,000;44,000;1,000;17/02/2023;0,8006744;-59,3920561;40,000
TO;BR-010;135,800;136,000;0,200;07/02/2023;-12,6195477;-47,8705518;50,000
TO;BR-010;136,000;137,000;1,000;07/02/2023;-12,2780111;-47,7132911;56,250
TO;BR-010;137,000;138,000;1,000;07/02/2023;-12,2780111;-47,7132911;57,500
TO;BR-010;138,000;139,000;1,000;07/02/2023;-12,2780111;-47,7132911;63,750
TO;BR-010;139,000;140,000;1,000;07/02/2023;-12,2780111;-47,7132911;57,500
TO;BR-010;140,000;141,000;1,000;07/02/2023;-12,2780111;-47,7132911;57,500
TO;BR-010;141,000;142,000;1,000;07/02/2023;-12,2780111;-47,7132911;51,250
TO;BR-010;142,000;143,000;1,000;07/02/2023;-12,2780111;-47,7132911;51,250
TO;BR-242;23,700;24,000;0,300;06/02/2023;-11,7397748;-49,0831712;67,500
TO;BR-242;24,000;25,000;1,000;06/02/2023;-11,7397748;-49,0831712;67,500
TO;BR-242;25,000;26,000;1,000;06/02/2023;-12,4166708;-46,4953152;67,500
TO;BR-242;26,000;27,000;1,000;06/02/2023;-12,4166708;-46,4953152;67,500
TO;BR-242;27,000;28,000;1,000;06/02/2023;-12,4148139;-46,497049;67,500
TO;BR-242;28,000;29,000;1,000;06/02/2023;-12,4141908;-46,4977519;67,500
TO;BR-242;29,000;30,000;1,000;06/02/2023;-12,4139126;-46,4982705;67,500
TO;BR-242;30,000;31,000;1,000;06/02/2023;-12,4139126;-46,4982705;67,500
TO;BR-242;31,000;32,000;1,000;06/02/2023;-12,4085893;-46,5053801;67,500
TO;BR-242;32,000;33,000;1,000;06/02/2023;-12,4085893;-46,5053801;67,500
TO;BR-242;33,000;34,000;1,000;06/02/2023;-12,4085893;-46,5053801;81,250
TO;BR-242;34,000;35,000;1,000;06/02/2023;-12,4085893;-46,5053801;67,500
TO;BR-242;500,200;501,000;0,800;09/02/2023;-11,7397557;-49,0831564;60,000
TO;BR-242;501,000;502,000;1,000;09/02/2023;-11,7397557;-49,0831564;71,250
TO;BR-242;502,000;503,000;1,000;09/02/2023;-11,7397557;-49,0831564;87,500
TO;BR-242;503,000;504,000;1,000;09/02/2023;-11,7397557;-49,0831564;87,500
TO;BR-242;504,000;505,000;1,000;09/02/2023;-11,7397557;-49,0831564;85,000
TO;BR-242;505,000;506,000;1,000;09/02/2023;-11,7397557;-49,0831564;70,000
TO;BR-235;78,200;79,000;0,800;13/02/2023;-9,0132792;-48,0730515;72,500
TO;BR-235;79,000;80,000;1,000;13/02/2023;-9,0132792;-48,0730515;72,500
TO;BR-235;80,000;81,000;1,000;13/02/2023;-9,0132792;-48,0730515;78,750
TO;BR-235;81,000;82,000;1,000;13/02/2023;-9,0132792;-48,0730515;80,000
TO;BR-235;82,000;83,000;1,000;13/02/2023;-9,0132792;-48,0730515;68,750
TO;BR-235;83,000;84,000;1,000;13/02/2023;-9,0132792;-48,0730515;65,000
TO;BR-235;84,000;85,000;1,000;13/02/2023;-9,0132792;-48,0730515;71,250
TO;BR-235;85,000;86,000;1,000;13/02/2023;-9,0132792;-48,0730515;65,000
TO;BR-235;86,000;87,000;1,000;13/02/2023;-9,0132792;-48,0730515;65,000
TO;BR-235;87,000;88,000;1,000;13/02/2023;-9,0132792;-48,0730515;65,000
TO;BR-235;88,000;89,000;1,000;13/02/2023;-9,0132792;-48,0730515;65,000
TO;BR-235;89,000;90,000;1,000;13/02/2023;-9,0132792;-48,0730515;68,750
TO;BR-235;90,000;91,000;1,000;13/02/2023;-9,0132792;-48,0730515;68,750
TO;BR-235;91,000;92,000;1,000;13/02/2023;-9,0132792;-48,0730515;65,000
TO;BR-235;92,000;93,000;1,000;13/02/2023;-9,0132792;-48,0730515;65,000
TO;BR-235;93,000;94,000;1,000;13/02/2023;-9,0132792;-48,0730515;71,250
TO;BR-235;94,000;95,000;1,000;13/02/2023;-9,0132792;-48,0730515;71,250
TO;BR-235;95,000;96,000;1,000;13/02/2023;-9,0132792;-48,0730515;65,000
TO;BR-235;96,000;97,000;1,000;13/02/2023;-9,0132792;-48,0730515;65,000
TO;BR-235;97,000;98,000;1,000;13/02/2023;-9,0132792;-48,0730515;65,000
TO;BR-235;98,000;99,000;1,000;13/02/2023;-9,0132792;-48,0730515;78,750
TO;BR-235;99,000;100,000;1,000;13/02/2023;-9,0132792;-48,0730515;65,000
TO;BR-235;100,000;101,000;1,000;13/02/2023;-9,0132792;-48,0730515;65,000
TO;BR-235;101,000;102,000;1,000;13/02/2023;-9,0132792;-48,0730515;65,000
TO;BR-235;102,000;103,000;1,000;13/02/2023;-8,97552488;-48,1671997;71,250
TO;BR-235;103,000;104,000;1,000;13/02/2023;-8,97552488;-48,1671997;65,000
TO;BR-235;104,000;105,000;1,000;13/02/2023;-8,97551206;-48,167159;65,000
TO;BR-235;105,000;106,000;1,000;13/02/2023;-8,97551206;-48,167159;65,000
TO;BR-235;106,000;107,000;1,000;13/02/2023;-8,97551206;-48,167159;71,250
TO;BR-235;107,000;108,000;1,000;13/02/2023;-8,97548856;-48,1671583;65,000
TO;BR-235;108,000;109,000;1,000;13/02/2023;-8,97548856;-48,1671583;65,000
TO;BR-235;109,000;110,000;1,000;13/02/2023;-8,97548856;-48,1671583;65,000
TO;BR-235;110,000;111,000;1,000;13/02/2023;-8,9754816;-48,1671544;65,000
TO;BR-235;111,000;112,000;1,000;13/02/2023;-8,9754816;-48,1671544;71,250
TO;BR-235;112,000;113,000;1,000;13/02/2023;-8,97548462;-48,16716;68,750
TO;BR-235;113,000;114,000;1,000;13/02/2023;-8,97548462;-48,16716;65,000
TO;BR-235;114,000;115,000;1,000;13/02/2023;-8,97548462;-48,16716;65,000
TO;BR-235;115,000;116,000;1,000;13/02/2023;-8,97548462;-48,16716;65,000
TO;BR-235;116,000;117,000;1,000;13/02/2023;-8,97548462;-48,16716;72,500
TO;BR-235;117,000;118,000;1,000;13/02/2023;-8,97548462;-48,16716;72,500
TO;BR-235;118,000;119,000;1,000;13/02/2023;-8,97548462;-48,16716;68,750
TO;BR-235;119,000;120,000;1,000;13/02/2023;-8,97547942;-48,167212;65,000
TO;BR-235;120,000;121,000;1,000;13/02/2023;-8,97545104;-48,1672247;65,000
TO;BR-235;121,000;122,000;1,000;13/02/2023;-8,97543313;-48,1672179;66,250
TO;BR-235;122,000;123,000;1,000;13/02/2023;-8,97543313;-48,1672179;71,250
TO;BR-235;123,000;124,000;1,000;13/02/2023;-8,97543313;-48,1672179;71,250
TO;BR-235;124,000;125,000;1,000;13/02/2023;-8,97554688;-48,1671652;65,000
TO;BR-235;125,000;126,000;1,000;13/02/2023;-8,97548693;-48,1671757;65,000
TO;BR-235;126,000;127,000;1,000;13/02/2023;-8,97548693;-48,1671757;65,000
TO;BR-235;127,000;128,000;1,000;13/02/2023;-8,97548693;-48,1671757;65,000
TO;BR-235;128,000;129,000;1,000;13/02/2023;-8,97548693;-48,1671757;65,000
TO;BR-235;129,000;130,000;1,000;13/02/2023;-8,97548693;-48,1671757;71,250
TO;BR-235;130,000;131,000;1,000;13/02/2023;-8,97548693;-48,1671757;71,250
TO;BR-235;131,000;132,000;1,000;13/02/2023;-8,97555675;-48,1672803;65,000
TO;BR-235;132,000;133,000;1,000;13/02/2023;-8,97555675;-48,1672803;65,000
TO;BR-235;133,000;134,000;1,000;13/02/2023;-8,97555675;-48,1672803;65,000
TO;BR-235;134,000;135,000;1,000;13/02/2023;-8,97555675;-48,1672803;71,250
TO;BR-235;135,000;136,000;1,000;13/02/2023;-8,97555675;-48,1672803;75,000
TO;BR-235;136,000;137,000;1,000;13/02/2023;-8,97555675;-48,1672803;71,250
TO;BR-235;137,000;138,000;1,000;13/02/2023;-8,97555675;-48,1672803;65,000
TO;BR-235;138,000;139,000;1,000;13/02/2023;-8,97555675;-48,1672803;65,000
TO;BR-235;139,000;140,000;1,000;13/02/2023;-8,97555675;-48,1672803;65,000
TO;BR-235;140,000;141,000;1,000;13/02/2023;-8,97555675;-48,1672803;65,000
TO;BR-235;141,000;142,000;1,000;13/02/2023;-8,97555675;-48,1672803;61,250
TO;BR-235;142,000;143,000;1,000;13/02/2023;-8,97555675;-48,1672803;65,000
TO;BR-235;143,000;144,000;1,000;13/02/2023;-8,97555675;-48,1672803;65,000
TO;BR-235;144,000;145,000;1,000;13/02/2023;-8,97555675;-48,1672803;65,000
TO;BR-235;145,000;146,000;1,000;13/02/2023;-8,97555675;-48,1672803;65,000
TO;BR-235;146,000;147,000;1,000;13/02/2023;-8,97555675;-48,1672803;65,000
TO;BR-235;147,000;148,000;1,000;13/02/2023;-8,97555675;-48,1672803;65,000
TO;BR-235;148,000;149,000;1,000;13/02/2023;-8,97555675;-48,1672803;65,000
TO;BR-235;149,000;150,000;1,000;13/02/2023;-8,97555675;-48,1672803;65,000
TO;BR-235;150,000;151,000;1,000;13/02/2023;-8,97555675;-48,1672803;65,000
TO;BR-235;151,000;152,000;1,000;13/02/2023;-8,97555675;-48,1672803;65,000
TO;BR-235;152,000;153,000;1,000;13/02/2023;-8,97555675;-48,1672803;70,000
TO;BR-235;153,000;154,000;1,000;13/02/2023;-8,97555675;-48,1672803;70,000
TO;BR-235;154,000;155,000;1,000;13/02/2023;-8,97555675;-48,1672803;65,000
TO;BR-235;155,000;156,000;1,000;13/02/2023;-8,97555675;-48,1672803;65,000
TO;BR-235;156,000;157,000;1,000;13/02/2023;-8,97555675;-48,1672803;65,000
TO;BR-235;157,000;158,000;1,000;13/02/2023;-8,97555675;-48,1672803;65,000
TO;BR-235;158,000;159,000;1,000;13/02/2023;-8,97555675;-48,1672803;65,000
TO;BR-010;529,400;530,000;0,600;15/02/2023;-9,98680826;-48,023028;57,500
TO;BR-010;530,000;531,000;1,000;15/02/2023;-9,98680826;-48,023028;57,500
TO;BR-010;531,000;532,000;1,000;15/02/2023;-9,98680826;-48,023028;50,000
TO;BR-010;532,000;533,000;1,000;15/02/2023;-9,98680826;-48,023028;50,000
TO;BR-010;533,000;534,000;1,000;15/02/2023;-9,98680826;-48,023028;50,000
TO;BR-010;534,000;535,000;1,000;15/02/2023;-9,98680826;-48,023028;50,000
TO;BR-010;535,000;536,000;1,000;15/02/2023;-9,98680826;-48,023028;50,000
TO;BR-010;536,000;537,000;1,000;15/02/2023;-9,98680826;-48,023028;70,000
TO;BR-010;537,000;538,000;1,000;15/02/2023;-9,98680826;-48,023028;58,750
TO;BR-010;538,000;539,000;1,000;15/02/2023;-9,98680826;-48,023028;60,000
TO;BR-010;539,000;540,000;1,000;15/02/2023;-9,98680826;-48,023028;53,750
TO;BR-010;540,000;541,000;1,000;15/02/2023;-9,98680826;-48,023028;56,250
TO;BR-010;541,000;542,000;1,000;15/02/2023;-9,98680826;-48,023028;60,000
TO;BR-010;542,000;543,000;1,000;15/02/2023;-9,98680826;-48,023028;50,000
TO;BR-010;543,000;544,000;1,000;15/02/2023;-9,98680826;-48,023028;53,750
TO;BR-010;544,000;545,000;1,000;15/02/2023;-9,98680826;-48,023028;50,000
TO;BR-010;545,000;546,000;1,000;15/02/2023;-9,98680826;-48,023028;62,500
TO;BR-010;546,000;547,000;1,000;15/02/2023;-9,98680826;-48,023028;55,000
TO;BR-010;547,000;548,000;1,000;15/02/2023;-9,98680826;-48,023028;63,750
TO;BR-010;548,000;549,000;1,000;15/02/2023;-9,98680826;-48,023028;53,750
TO;BR-010;549,000;550,000;1,000;15/02/2023;-9,98680826;-48,023028;60,000
TO;BR-010;550,000;551,000;1,000;15/02/2023;-9,98680826;-48,023028;56,250
TO;BR-010;551,000;552,000;1,000;15/02/2023;-9,98680826;-48,023028;53,750
TO;BR-010;552,000;553,000;1,000;15/02/2023;-9,98680826;-48,023028;60,000
TO;BR-010;553,000;554,000;1,000;15/02/2023;-9,98680826;-48,023028;63,750
TO;BR-010;554,000;555,000;1,000;15/02/2023;-9,98680826;-48,023028;58,750
TO;BR-010;555,000;556,000;1,000;15/02/2023;-9,98680826;-48,023028;62,500
TO;BR-010;556,000;557,000;1,000;15/02/2023;-9,98680826;-48,023028;61,250
TO;BR-010;557,000;558,000;1,000;15/02/2023;-9,98680826;-48,023028;67,500
TO;BR-010;558,000;559,000;1,000;15/02/2023;-9,98680826;-48,023028;53,750
TO;BR-010;559,000;560,000;1,000;15/02/2023;-9,98680826;-48,023028;53,750
TO;BR-010;560,000;561,000;1,000;15/02/2023;-9,98680826;-48,023028;61,250
TO;BR-010;561,000;562,000;1,000;15/02/2023;-9,98680826;-48,023028;61,250
TO;BR-010;562,000;563,000;1,000;15/02/2023;-9,98680826;-48,023028;53,750
TO;BR-010;563,000;564,000;1,000;15/02/2023;-9,98680826;-48,023028;53,750
TO;BR-010;564,000;565,000;1,000;15/02/2023;-9,98680826;-48,023028;61,250
TO;BR-010;565,000;566,000;1,000;15/02/2023;-9,98680826;-48,023028;63,750
TO;BR-010;566,000;567,000;1,000;15/02/2023;-9,98680826;-48,023028;63,750
TO;BR-010;567,000;568,000;1,000;15/02/2023;-9,98680826;-48,023028;53,750
TO;BR-010;568,000;569,000;1,000;15/02/2023;-9,98680826;-48,023028;60,000
TO;BR-010;569,000;570,000;1,000;15/02/2023;-9,98680826;-48,023028;50,000
TO;BR-010;570,000;571,000;1,000;15/02/2023;-9,98680826;-48,023028;56,250
TO;BR-010;571,000;572,000;1,000;15/02/2023;-9,98680826;-48,023028;50,000
TO;BR-010;572,000;573,000;1,000;15/02/2023;-9,98680826;-48,023028;61,250
TO;BR-010;573,000;574,000;1,000;15/02/2023;-9,98680826;-48,023028;62,500
TO;BR-010;574,000;575,000;1,000;15/02/2023;-9,98680826;-48,023028;58,750
TO;BR-010;575,000;576,000;1,000;15/02/2023;-9,98680826;-48,023028;53,750
TO;BR-010;576,000;577,000;1,000;15/02/2023;-9,98680826;-48,023028;60,000
TO;BR-010;577,000;578,000;1,000;15/02/2023;-9,98680826;-48,023028;53,750
TO;BR-010;578,000;579,000;1,000;15/02/2023;-9,98680826;-48,023028;67,500
TO;BR-010;579,000;580,000;1,000;15/02/2023;-9,98680826;-48,023028;57,500
TO;BR-010;580,000;581,000;1,000;15/02/2023;-9,98680826;-48,023028;61,250
TO;BR-010;581,000;582,000;1,000;15/02/2023;-9,54763315;-47,7749259;61,250
TO;BR-010;582,000;583,000;1,000;15/02/2023;-9,54763315;-47,7749259;50,000
TO;BR-010;583,000;584,000;1,000;15/02/2023;-9,54762869;-47,7749245;53,750
TO;BR-010;584,000;585,000;1,000;15/02/2023;-9,54762869;-47,7749245;50,000
TO;BR-010;675,100;676,000;0,900;14/02/2023;-8,84405141;-47,8591339;63,750
TO;BR-010;676,000;677,000;1,000;14/02/2023;-8,84405141;-47,8591339;63,750
TO;BR-010;677,000;678,000;1,000;14/02/2023;-8,84405141;-47,8591339;72,500
TO;BR-010;678,000;679,000;1,000;14/02/2023;-8,84405141;-47,8591339;66,250
TO;BR-010;679,000;680,000;1,000;14/02/2023;-8,84405141;-47,8591339;66,250
TO;BR-010;680,000;681,000;1,000;14/02/2023;-8,84405141;-47,8591339;66,250
TO;BR-010;681,000;682,000;1,000;14/02/2023;-8,84405141;-47,8591339;76,250
TO;BR-010;682,000;683,000;1,000;14/02/2023;-8,84405141;-47,8591339;66,250
TO;BR-010;683,000;684,000;1,000;14/02/2023;-8,84405141;-47,8591339;82,500
TO;BR-010;684,000;685,000;1,000;14/02/2023;-8,84405141;-47,8591339;66,250
TO;BR-010;685,000;686,000;1,000;14/02/2023;-8,84405141;-47,8591339;67,500
TO;BR-010;686,000;687,000;1,000;14/02/2023;-8,84405141;-47,8591339;75,000
TO;BR-010;687,000;688,000;1,000;14/02/2023;-8,84405141;-47,8591339;75,000
TO;BR-010;688,000;689,000;1,000;14/02/2023;-8,84405141;-47,8591339;75,000
TO;BR-010;689,000;690,000;1,000;14/02/2023;-8,84405141;-47,8591339;57,500
TO;BR-010;690,000;691,000;1,000;14/02/2023;-8,84405141;-47,8591339;75,000
TO;BR-010;691,000;692,000;1,000;14/02/2023;-8,84405141;-47,8591339;65,000
TO;BR-010;692,000;693,000;1,000;14/02/2023;-8,84405141;-47,8591339;75,000
TO;BR-010;693,000;694,000;1,000;14/02/2023;-8,84405141;-47,8591339;71,250
TO;BR-010;694,000;695,000;1,000;14/02/2023;-8,84405141;-47,8591339;67,500
TO;BR-010;695,000;696,000;1,000;14/02/2023;-8,84405141;-47,8591339;67,500
TO;BR-010;696,000;697,000;1,000;14/02/2023;-8,84405141;-47,8591339;65,000
TO;BR-010;697,000;698,000;1,000;14/02/2023;-8,84405141;-47,8591339;51,250
TO;BR-010;698,000;699,000;1,000;14/02/2023;-8,84405141;-47,8591339;75,000
TO;BR-010;699,000;700,000;1,000;14/02/2023;-8,84405141;-47,8591339;70,000
TO;BR-010;700,000;701,000;1,000;14/02/2023;-8,84405141;-47,8591339;76,250
TO;BR-010;701,000;702,000;1,000;14/02/2023;-8,84405141;-47,8591339;75,000
TO;BR-010;702,000;703,000;1,000;14/02/2023;-8,84405141;-47,8591339;68,750
TO;BR-010;703,000;704,000;1,000;14/02/2023;-8,84405141;-47,8591339;72,500
TO;BR-010;704,000;705,000;1,000;14/02/2023;-8,84405141;-47,8591339;58,750
TO;BR-010;705,000;706,000;1,000;14/02/2023;-8,84405141;-47,8591339;68,750
TO;BR-010;706,000;707,000;1,000;14/02/2023;-8,84405141;-47,8591339;65,000
TO;BR-010;707,000;708,000;1,000;14/02/2023;-8,84405141;-47,8591339;68,750
TO;BR-010;708,000;709,000;1,000;14/02/2023;-8,84405141;-47,8591339;68,750
TO;BR-010;709,000;710,000;1,000;14/02/2023;-8,84405141;-47,8591339;66,250
TO;BR-010;710,000;711,000;1,000;14/02/2023;-8,84405141;-47,8591339;67,500
TO;BR-010;711,000;712,000;1,000;14/02/2023;-8,84405141;-47,8591339;76,250
TO;BR-010;712,000;713,000;1,000;14/02/2023;-8,84405141;-47,8591339;72,500
TO;BR-010;713,000;714,000;1,000;14/02/2023;-8,84405141;-47,8591339;66,250
TO;BR-010;714,000;715,000;1,000;14/02/2023;-8,84405141;-47,8591339;55,000
TO;BR-010;715,000;716,000;1,000;14/02/2023;-8,84405141;-47,8591339;66,250
TO;BR-010;716,000;717,000;1,000;14/02/2023;-8,84405141;-47,8591339;70,000
TO;BR-010;717,000;718,000;1,000;14/02/2023;-8,84405141;-47,8591339;66,250
TO;BR-010;718,000;719,000;1,000;14/02/2023;-8,84405141;-47,8591339;68,750
TO;BR-010;719,000;720,000;1,000;14/02/2023;-8,84405141;-47,8591339;65,000
TO;BR-010;720,000;721,000;1,000;14/02/2023;-8,84405141;-47,8591339;66,250
TO;BR-010;721,000;722,000;1,000;14/02/2023;-8,84405141;-47,8591339;66,250
TO;BR-010;722,000;723,000;1,000;14/02/2023;-8,40085611;-47,776388;65,000
TO;BR-010;723,000;724,000;1,000;14/02/2023;-8,40085611;-47,776388;70,000
TO;BR-010;724,000;725,000;1,000;14/02/2023;-8,40085611;-47,776388;66,250
TO;BR-010;725,000;726,000;1,000;14/02/2023;-8,40085611;-47,776388;66,250
TO;BR-010;726,000;727,000;1,000;14/02/2023;-8,40085611;-47,776388;65,000
TO;BR-010;727,000;728,000;1,000;14/02/2023;-8,40085611;-47,776388;50,000
TO;BR-010;728,000;729,000;1,000;14/02/2023;-8,38443436;-47,765912;50,000
TO;BR-010;729,000;730,000;1,000;14/02/2023;-8,38388882;-47,7651638;56,250
TO;BR-010;730,000;731,000;1,000;14/02/2023;-8,38388882;-47,7651638;65,000
TO;BR-010;731,000;732,000;1,000;14/02/2023;-8,38388882;-47,7651638;68,750
TO;BR-010;732,000;733,000;1,000;14/02/2023;-8,38388882;-47,7651638;66,250
TO;BR-010;733,000;734,000;1,000;14/02/2023;-8,38388882;-47,7651638;52,500
TO;BR-010;734,000;735,000;1,000;14/02/2023;-8,38388882;-47,7651638;52,500
TO;BR-010;735,000;736,000;1,000;14/02/2023;-8,38388882;-47,7651638;52,500
TO;BR-010;736,000;737,000;1,000;14/02/2023;-8,38388882;-47,7651638;52,500
TO;BR-010;737,000;738,000;1,000;14/02/2023;-8,38388882;-47,7651638;52,500
TO;BR-010;738,000;739,000;1,000;14/02/2023;-8,38388882;-47,7651638;52,500
TO;BR-010;739,000;740,000;1,000;14/02/2023;-8,38388882;-47,7651638;52,500
TO;BR-010;740,000;741,000;1,000;14/02/2023;-8,38388882;-47,7651638;52,500
TO;BR-010;741,000;742,000;1,000;14/02/2023;-8,38388882;-47,7651638;52,500
TO;BR-010;742,000;743,000;1,000;14/02/2023;-8,38388882;-47,7651638;51,250
TO;BR-010;743,000;744,000;1,000;14/02/2023;-8,38388882;-47,7651638;51,250
TO;BR-010;744,000;745,000;1,000;14/02/2023;-8,38388882;-47,7651638;51,250
TO;BR-010;745,000;746,000;1,000;14/02/2023;-8,38388882;-47,7651638;66,250
TO;BR-010;746,000;747,000;1,000;14/02/2023;-8,38388882;-47,7651638;52,500
TO;BR-010;747,000;748,000;1,000;14/02/2023;-8,38388882;-47,7651638;52,500
TO;BR-010;748,000;749,000;1,000;14/02/2023;-8,38388882;-47,7651638;58,750
TO;BR-010;749,000;750,000;1,000;14/02/2023;-8,38388882;-47,7651638;52,500
TO;BR-010;750,000;751,000;1,000;14/02/2023;-8,38388882;-47,7651638;52,500
TO;BR-010;751,000;752,000;1,000;14/02/2023;-8,38388882;-47,7651638;52,500
TO;BR-010;752,000;753,000;1,000;14/02/2023;-8,38388882;-47,7651638;65,000
TO;BR-010;753,000;754,000;1,000;14/02/2023;-8,38388882;-47,7651638;65,000
TO;BR-010;754,000;755,000;1,000;14/02/2023;-8,38388882;-47,7651638;58,750
TO;BR-010;755,000;756,000;1,000;14/02/2023;-8,38388882;-47,7651638;65,000
TO;BR-010;756,000;757,000;1,000;14/02/2023;-8,38388882;-47,7651638;58,750
TO;BR-010;757,000;758,000;1,000;14/02/2023;-8,38388882;-47,7651638;58,750
TO;BR-010;758,000;759,000;1,000;14/02/2023;-8,14082195;-47,6807868;58,750
TO;BR-010;759,000;760,000;1,000;14/02/2023;-8,14082195;-47,6807868;65,000
TO;BR-010;760,000;761,000;1,000;14/02/2023;-8,14082195;-47,6807868;58,750
TO;BR-010;761,000;762,000;1,000;14/02/2023;-8,14082195;-47,6807868;58,750
TO;BR-010;762,000;763,000;1,000;14/02/2023;-8,14082195;-47,6807868;58,750
TO;BR-010;763,000;764,000;1,000;14/02/2023;-8,14082195;-47,6807868;58,750
TO;BR-010;764,000;765,000;1,000;14/02/2023;-8,14082195;-47,6807868;58,750
TO;BR-010;765,000;766,000;1,000;14/02/2023;-8,14082195;-47,6807868;58,750
TO;BR-010;766,000;767,000;1,000;14/02/2023;-8,09855477;-47,6382242;58,750
TO;BR-010;767,000;768,000;1,000;14/02/2023;-8,09855477;-47,6382242;58,750
TO;BR-010;768,000;769,000;1,000;14/02/2023;-8,09855477;-47,6382242;58,750
TO;BR-010;769,000;770,000;1,000;14/02/2023;-8,09855477;-47,6382242;58,750
TO;BR-010;770,000;771,000;1,000;14/02/2023;-8,09855477;-47,6382242;58,750
TO;BR-010;771,000;772,000;1,000;14/02/2023;-8,09855477;-47,6382242;58,750
TO;BR-010;772,000;773,000;1,000;14/02/2023;-8,09855477;-47,6382242;58,750
TO;BR-010;773,000;774,000;1,000;14/02/2023;-8,09855477;-47,6382242;58,750
TO;BR-010;774,000;775,000;1,000;14/02/2023;-8,09855477;-47,6382242;58,750
TO;BR-010;775,000;776,000;1,000;14/02/2023;-8,09855477;-47,6382242;58,750
TO;BR-010;776,000;777,000;1,000;14/02/2023;-8,09855477;-47,6382242;58,750
TO;BR-010;777,000;778,000;1,000;14/02/2023;-8,09855477;-47,6382242;58,750
TO;BR-010;778,000;779,000;1,000;14/02/2023;-8,09855477;-47,6382242;58,750
TO;BR-010;779,000;780,000;1,000;14/02/2023;-8,09855477;-47,6382242;58,750
TO;BR-010;780,000;781,000;1,000;14/02/2023;-8,09855477;-47,6382242;58,750
TO;BR-010;781,000;782,000;1,000;14/02/2023;-8,09855477;-47,6382242;58,750
TO;BR-010;782,000;783,000;1,000;14/02/2023;-8,09855477;-47,6382242;58,750
TO;BR-010;783,000;784,000;1,000;14/02/2023;-7,9690767;-47,5495659;58,750
TO;BR-010;784,000;785,000;1,000;14/02/2023;-7,9690767;-47,5495659;58,750
TO;BR-010;785,000;786,000;1,000;14/02/2023;-7,9690767;-47,5495659;58,750
TO;BR-010;786,000;787,000;1,000;14/02/2023;-7,95953861;-47,5308653;58,750
TO;BR-010;787,000;788,000;1,000;14/02/2023;-7,95953861;-47,5308653;58,750
TO;BR-010;788,000;789,000;1,000;14/02/2023;-7,95953861;-47,5308653;58,750
TO;BR-010;789,000;790,000;1,000;14/02/2023;-7,95953861;-47,5308653;58,750
TO;BR-010;790,000;791,000;1,000;14/02/2023;-7,95953861;-47,5308653;58,750
TO;BR-010;791,000;792,000;1,000;14/02/2023;-7,95953861;-47,5308653;58,750