;;;;;;;;
;;;;;;;;
;;;;;;;;
;;;;;;;;
UF;Rodovia;km inicial;km final;Extensão (km);Data;Latitude;Longitude;ICMNP
;;;;;;;;
;;;;;;;;
AM;BR-230;400,600;401,000;0,400;02/03/2023;-7,9215368;-61,5588168;55,000
AM;BR-230;401,000;402,000;1,000;02/03/2023;-7,9215368;-61,5588168;60,000
AM;BR-230;402,000;403,000;1,000;02/03/2023;-7,9215368;-61,5588168;63,750
AM;BR-230;403,000;404,000;1,000;02/03/2023;-7,9215368;-61,5588168;73,750
AM;BR-230;404,000;405,000;1,000;02/03/2023;-7,9215368;-61,5588168;73,750
AM;BR-230;405,000;406,000;1,000;02/03/2023;-7,9215368;-61,5588168;53,750
AM;BR-230;406,000;407,000;1,000;02/03/2023;-7,9215368;-61,5588168;62,500
AM;BR-230;407,000;408,000;1,000;02/03/2023;-7,9215368;-61,5588168;71,250
AM;BR-230;408,000;409,000;1,000;02/03/2023;-7,9215368;-61,5588168;75,000
AM;BR-230;409,000;410,000;1,000;02/03/2023;-7,9215368;-61,5588168;71,250
AM;BR-230;410,000;411,000;1,000;02/03/2023;-7,9215368;-61,5588168;67,500
AM;BR-230;411,000;412,000;1,000;02/03/2023;-7,9215368;-61,5588168;80,000
AM;BR-230;412,000;413,000;1,000;02/03/2023;-7,9215368;-61,5588168;75,000
AM;BR-230;413,000;414,000;1,000;02/03/2023;-7,9215368;-61,5588168;76,250
AM;BR-230;414,000;415,000;1,000;02/03/2023;-7,9215368;-61,5588168;76,250
AM;BR-230;415,000;416,000;1,000;02/03/2023;-7,9215368;-61,5588168;73,750
AM;BR-230;416,000;417,000;1,000;02/03/2023;-7,9215368;-61,5588168;92,500
AM;BR-230;417,000;418,000;1,000;02/03/2023;-7,9215368;-61,5588168;85,000
AM;BR-230;418,000;419,000;1,000;02/03/2023;-7,9206312;-61,5598846;83,750
AM;BR-230;419,000;420,000;1,000;02/03/2023;-7,9206312;-61,5598846;88,750
AM;BR-230;420,000;421,000;1,000;02/03/2023;-7,9267394;-61,5141852;77,500
AM;BR-230;421,000;422,000;1,000;02/03/2023;-7,9267394;-61,5141852;83,750
AM;BR-230;422,000;423,000;1,000;02/03/2023;-7,9267394;-61,5141852;77,500
AM;BR-230;423,000;424,000;1,000;02/03/2023;-7,9088494;-61,5364074;80,000
AM;BR-230;424,000;425,000;1,000;02/03/2023;-7,9088494;-61,5364074;80,000
AM;BR-230;425,000;426,000;1,000;02/03/2023;-7,9170069;-61,5518498;83,750
AM;BR-230;426,000;427,000;1,000;02/03/2023;-7,9215071;-61,5588181;86,250
AM;BR-230;427,000;428,000;1,000;02/03/2023;-7,9215071;-61,5588181;86,250
AM;BR-230;428,000;429,000;1,000;02/03/2023;-7,9215071;-61,5588181;87,500
AM;BR-230;429,000;430,000;1,000;02/03/2023;-7,9215071;-61,5588181;90,000
AM;BR-230;430,000;431,000;1,000;02/03/2023;-7,9215071;-61,5588181;83,750
AM;BR-230;431,000;432,000;1,000;02/03/2023;-7,9215071;-61,5588181;91,250
AM;BR-230;432,000;433,000;1,000;02/03/2023;-7,9215071;-61,5588181;83,750
AM;BR-230;433,000;434,000;1,000;02/03/2023;-7,9215071;-61,5588181;83,750
AM;BR-230;434,000;435,000;1,000;02/03/2023;-7,9215071;-61,5588181;77,500
AM;BR-230;435,000;436,000;1,000;02/03/2023;-7,9215071;-61,5588181;87,500
AM;BR-230;436,000;437,000;1,000;02/03/2023;-7,9215071;-61,5588181;86,250
AM;BR-230;437,000;438,000;1,000;02/03/2023;-7,9215071;-61,5588181;81,250
AM;BR-230;438,000;439,000;1,000;02/03/2023;-7,9215071;-61,5588181;80,000
AM;BR-230;439,000;440,000;1,000;02/03/2023;-7,9215071;-61,5588181;67,500
AM;BR-230;440,000;441,000;1,000;02/03/2023;-7,4994281;-63,0259796;83,750
AM;BR-230;441,000;442,000;1,000;02/03/2023;-7,4994281;-63,0259796;71,250
AM;BR-230;442,000;443,000;1,000;02/03/2023;-7,4994281;-63,0259796;81,250
AM;BR-230;443,000;444,000;1,000;02/03/2023;-7,4994281;-63,0259796;81,250
AM;BR-230;444,000;445,000;1,000;02/03/2023;-7,4994281;-63,0259796;80,000
AM;BR-230;445,000;446,000;1,000;02/03/2023;-7,4994281;-63,0259796;78,750
AM;BR-230;446,000;447,000;1,000;02/03/2023;-7,4994281;-63,0259796;73,750
AM;BR-230;447,000;448,000;1,000;02/03/2023;-7,4994281;-63,0259796;85,000
AM;BR-230;448,000;449,000;1,000;02/03/2023;-7,4994281;-63,0259796;87,500
AM;BR-230;449,000;450,000;1,000;02/03/2023;-7,4994281;-63,0259796;85,000
AM;BR-230;450,000;451,000;1,000;02/03/2023;-7,4994281;-63,0259796;77,500
AM;BR-230;451,000;452,000;1,000;02/03/2023;-7,4994281;-63,0259796;82,500
AM;BR-230;452,000;453,000;1,000;02/03/2023;-7,4994281;-63,0259796;85,000
AM;BR-230;453,000;454,000;1,000;02/03/2023;-7,4994281;-63,0259796;85,000
AM;BR-230;454,000;455,000;1,000;02/03/2023;-7,4994281;-63,0259796;82,500
AM;BR-230;455,000;456,000;1,000;02/03/2023;-7,4994281;-63,0259796;76,250
AM;BR-230;456,000;457,000;1,000;02/03/2023;-7,4994281;-63,0259796;85,000
AM;BR-230;457,000;458,000;1,000;02/03/2023;-7,4994281;-63,0259796;85,000
AM;BR-230;458,000;459,000;1,000;02/03/2023;-7,4994281;-63,0259796;80,000
AM;BR-230;459,000;460,000;1,000;02/03/2023;-7,4994281;-63,0259796;85,000
AM;BR-230;460,000;461,000;1,000;02/03/2023;-7,4994281;-63,0259796;80,000
AM;BR-230;461,000;462,000;1,000;02/03/2023;-7,4994281;-63,0259796;81,250
AM;BR-230;462,000;463,000;1,000;02/03/2023;-7,4994281;-63,0259796;87,500
AM;BR-230;463,000;464,000;1,000;02/03/2023;-7,4994281;-63,0259796;87,500
AM;BR-230;464,000;465,000;1,000;02/03/2023;-7,4994281;-63,0259796;70,000
AM;BR-230;465,000;466,000;1,000;02/03/2023;-7,4994281;-63,0259796;87,500
AM;BR-230;466,000;467,000;1,000;02/03/2023;-7,4994281;-63,0259796;87,500
AM;BR-230;467,000;468,000;1,000;02/03/2023;-7,4994281;-63,0259796;87,500
AM;BR-230;468,000;469,000;1,000;02/03/2023;-7,4994281;-63,0259796;90,000
AM;BR-230;469,000;470,000;1,000;02/03/2023;-7,4994281;-63,0259796;85,000
AM;BR-230;470,000;471,000;1,000;02/03/2023;-7,4994281;-63,0259796;90,000
AM;BR-230;471,000;472,000;1,000;02/03/2023;-7,4994281;-63,0259796;91,250
AM;BR-230;472,000;473,000;1,000;02/03/2023;-7,4994281;-63,0259796;91,250
AM;BR-230;473,000;474,000;1,000;02/03/2023;-7,4994281;-63,0259796;98,750
AM;BR-230;474,000;475,000;1,000;02/03/2023;-7,4994281;-63,0259796;98,750
AM;BR-230;475,000;476,000;1,000;02/03/2023;-7,4994281;-63,0259796;91,250
AM;BR-230;476,000;477,000;1,000;02/03/2023;-7,4994281;-63,0259796;87,500
AM;BR-230;477,000;478,000;1,000;02/03/2023;-7,4994281;-63,0259796;93,750
AM;BR-230;478,000;479,000;1,000;02/03/2023;-7,4994281;-63,0259796;93,750
AM;BR-230;479,000;480,000;1,000;02/03/2023;-7,4994281;-63,0259796;83,750
AM;BR-230;480,000;481,000;1,000;02/03/2023;-7,4994281;-63,0259796;87,500
AM;BR-230;481,000;482,000;1,000;02/03/2023;-7,4994281;-63,0259796;88,750
AM;BR-230;482,000;483,000;1,000;02/03/2023;-7,4994281;-63,0259796;95,000
AM;BR-230;483,000;484,000;1,000;02/03/2023;-7,4994281;-63,0259796;82,500
AM;BR-230;484,000;485,000;1,000;02/03/2023;-7,4994281;-63,0259796;78,750
AM;BR-230;485,000;486,000;1,000;02/03/2023;-7,4994281;-63,0259796;70,000
AM;BR-230;486,000;487,000;1,000;02/03/2023;-7,4994281;-63,0259796;82,500
AM;BR-230;487,000;488,000;1,000;02/03/2023;-7,4994281;-63,0259796;73,750
AM;BR-230;488,000;489,000;1,000;02/03/2023;-7,4994281;-63,0259796;95,000
AM;BR-230;489,000;490,000;1,000;02/03/2023;-7,4994281;-63,0259796;87,500
AM;BR-230;490,000;491,000;1,000;02/03/2023;-7,4994281;-63,0259796;96,250
AM;BR-230;491,000;492,000;1,000;02/03/2023;-7,4994281;-63,0259796;97,500
AM;BR-230;492,000;493,000;1,000;02/03/2023;-7,4994281;-63,0259796;96,250
AM;BR-230;493,000;494,000;1,000;02/03/2023;-7,4994281;-63,0259796;86,250
AM;BR-230;494,000;495,000;1,000;02/03/2023;-7,4994281;-63,0259796;96,250
AM;BR-230;495,000;496,000;1,000;02/03/2023;-7,4994281;-63,0259796;95,000
AM;BR-230;496,000;497,000;1,000;02/03/2023;-7,4994281;-63,0259796;100,000
AM;BR-230;497,000;498,000;1,000;02/03/2023;-7,4994281;-63,0259796;73,750
AM;BR-230;498,000;499,000;1,000;02/03/2023;-7,4994281;-63,0259796;63,750
AM;BR-230;499,000;500,000;1,000;02/03/2023;-7,4994281;-63,0259796;30,000
AM;BR-230;500,000;501,000;1,000;02/03/2023;-7,4994281;-63,0259796;15,000
AM;BR-230;501,000;502,000;1,000;02/03/2023;-7,4994281;-63,0259796;7,500
AM;BR-230;502,000;503,000;1,000;02/03/2023;-7,8937468;-62,1793933;7,500
AM;BR-230;503,000;504,000;1,000;02/03/2023;-7,8937468;-62,1793933;15,000
AM;BR-230;504,000;505,000;1,000;02/03/2023;-7,8937468;-62,1793933;15,000
AM;BR-230;505,000;506,000;1,000;02/03/2023;-7,8937468;-62,1793933;22,500
AM;BR-230;506,000;507,000;1,000;02/03/2023;-7,8937468;-62,1793933;22,500
AM;BR-230;507,000;508,000;1,000;02/03/2023;-7,8937468;-62,1793933;15,000
AM;BR-230;508,000;509,000;1,000;02/03/2023;-7,8937468;-62,1793933;15,000
AM;BR-230;509,000;510,000;1,000;02/03/2023;-7,8937468;-62,1793933;8,750
AM;BR-230;510,000;511,000;1,000;02/03/2023;-7,8937468;-62,1793933;7,500
AM;BR-230;511,000;512,000;1,000;02/03/2023;-7,8937468;-62,1793933;27,500
AM;BR-230;512,000;513,000;1,000;02/03/2023;-7,8937468;-62,1793933;23,750
AM;BR-230;513,000;514,000;1,000;02/03/2023;-7,8937468;-62,1793933;8,750
AM;BR-230;514,000;515,000;1,000;02/03/2023;-7,8937468;-62,1793933;7,500
AM;BR-230;515,000;516,000;1,000;02/03/2023;-7,8937468;-62,1793933;8,750
RR;BR-210;89,500;88,000;1,500;02/03/2023;0,8779244;-59,6919469;95,000
RR;BR-210;88,000;87,000;1,000;02/03/2023;0,8769015;-59,6930282;85,000
RR;BR-210;87,000;86,000;1,000;02/03/2023;0,8779244;-59,6919469;88,750
RR;BR-210;86,000;85,000;1,000;02/03/2023;0,8769015;-59,6930282;88,750
RR;BR-210;85,000;84,000;1,000;02/03/2023;0,8769015;-59,6930282;92,500
RR;BR-210;84,000;83,000;1,000;02/03/2023;0,8769015;-59,6930282;92,500
RR;BR-210;83,000;82,000;1,000;02/03/2023;0,8769015;-59,6930282;92,500
RR;BR-210;82,000;81,000;1,000;02/03/2023;0,8769015;-59,6930282;92,500
RR;BR-210;81,000;80,000;1,000;02/03/2023;0,8769015;-59,6930282;88,750
RR;BR-210;80,000;79,000;1,000;02/03/2023;0,8769015;-59,6930282;88,750
RR;BR-210;79,000;78,000;1,000;02/03/2023;0,8769015;-59,6930282;92,500
RR;BR-210;78,000;77,000;1,000;02/03/2023;0,8769015;-59,6930282;92,500
RR;BR-210;77,000;76,000;1,000;02/03/2023;0,8769015;-59,6930282;92,500
RR;BR-210;76,000;75,000;1,000;02/03/2023;0,8769015;-59,6930282;92,500
RR;BR-210;75,000;74,000;1,000;02/03/2023;0,8769015;-59,6930282;92,500
RR;BR-210;74,000;73,000;1,000;02/03/2023;0,8769015;-59,6930282;92,500
RR;BR-210;73,000;72,000;1,000;02/03/2023;0,8769015;-59,6930282;92,500
RR;BR-210;72,000;71,000;1,000;02/03/2023;0,8769015;-59,6930282;92,500
RR;BR-210;71,000;70,000;1,000;02/03/2023;0,8769015;-59,6930282;92,500
RR;BR-210;70,000;69,000;1,000;02/03/2023;0,8769015;-59,6930282;75,000
RR;BR-210;69,000;68,000;1,000;02/03/2023;0,8769015;-59,6930282;92,500
RR;BR-210;68,000;67,000;1,000;02/03/2023;0,8769015;-59,6930282;92,500
RR;BR-210;67,000;66,000;1,000;02/03/2023;0,8769015;-59,6930282;92,500
RR;BR-210;66,000;65,000;1,000;02/03/2023;0,8769015;-59,6930282;92,500
RR;BR-210;65,000;64,000;1,000;02/03/2023;0,8769015;-59,6930282;92,500
RR;BR-210;64,000;63,000;1,000;02/03/2023;0,8769015;-59,6930282;95,000
RR;BR-210;63,000;62,000;1,000;02/03/2023;0,8045743;-59,4287397;92,500
RR;BR-210;62,000;61,000;1,000;02/03/2023;0,8045743;-59,4287397;92,500
RR;BR-210;61,000;60,000;1,000;02/03/2023;0,8045743;-59,4287397;92,500
RR;BR-210;60,000;59,000;1,000;02/03/2023;0,7962177;-59,4121948;92,500
RR;BR-210;59,000;58,000;1,000;02/03/2023;0,7982546;-59,410037;92,500
RR;BR-210;58,000;57,000;1,000;02/03/2023;0,7962177;-59,4121948;92,500
RR;BR-210;57,000;56,000;1,000;02/03/2023;0,8009282;-59,3916966;92,500
RR;BR-210;56,000;55,000;1,000;02/03/2023;0,7982546;-59,410037;92,500
RR;BR-210;55,000;54,000;1,000;02/03/2023;0,7966999;-59,3811335;92,500
RR;BR-210;54,000;53,000;1,000;02/03/2023;0,7982546;-59,410037;92,500
RR;BR-210;53,000;52,000;1,000;02/03/2023;0,8022689;-59,3985289;92,500
RR;BR-210;52,000;51,000;1,000;02/03/2023;0,8009282;-59,3916966;92,500
RR;BR-210;51,000;50,000;1,000;02/03/2023;0,7982546;-59,410037;92,500
RR;BR-210;50,000;49,000;1,000;02/03/2023;0,8009282;-59,3916966;92,500
RR;BR-210;49,000;48,000;1,000;02/03/2023;0,7982546;-59,410037;92,500
RR;BR-210;48,000;47,000;1,000;02/03/2023;0,7982546;-59,410037;92,500
RR;BR-210;47,000;46,000;1,000;02/03/2023;0,7982546;-59,410037;92,500
RR;BR-210;46,000;45,000;1,000;02/03/2023;0,7982546;-59,410037;75,000
RR;BR-210;45,000;44,000;1,000;02/03/2023;0,7982546;-59,410037;75,000
RR;BR-432;166,700;165,000;1,700;03/03/2023;2,6073764;-60,6022025;57,500
RR;BR-432;165,000;164,000;1,000;03/03/2023;2,6073764;-60,6022025;57,500
RR;BR-432;164,000;163,000;1,000;03/03/2023;2,6073764;-60,6022025;57,500
RR;BR-432;163,000;162,000;1,000;03/03/2023;2,6073764;-60,6022025;57,500
RR;BR-432;37,140;36,000;1,140;03/03/2023;2,6073764;-60,6022025;57,500
RR;BR-432;36,000;35,000;1,000;03/03/2023;2,6073764;-60,6022025;57,500
RR;BR-432;35,000;34,000;1,000;03/03/2023;2,6073764;-60,6022025;57,500
RR;BR-432;34,000;33,000;1,000;03/03/2023;2,6073764;-60,6022025;57,500
RR;BR-432;33,000;32,000;1,000;03/03/2023;2,6073764;-60,6022025;57,500
RR;BR-432;335,000;334,000;1,000;03/03/2023;2,6073764;-60,6022025;57,500
RR;BR-432;334,000;333,000;1,000;03/03/2023;2,6073764;-60,6022025;57,500
RR;BR-432;29,340;28,000;1,340;03/03/2023;2,6073764;-60,6022025;57,500
RR;BR-432;28,000;27,000;1,000;03/03/2023;2,6073764;-60,6022025;57,500
RR;BR-432;25,970;24,000;1,970;03/03/2023;2,6073764;-60,6022025;57,500
RR;BR-432;24,000;23,000;1,000;03/03/2023;2,6073764;-60,6022025;57,500
RR;BR-432;21,530;20,000;1,530;03/03/2023;2,6073764;-60,6022025;57,500
RR;BR-432;20,000;19,000;1,000;03/03/2023;2,6073764;-60,6022025;57,500
RR;BR-432;17,160;16,000;1,160;03/03/2023;2,6073764;-60,6022025;100,000
RR;BR-432;16,000;15,000;1,000;03/03/2023;2,6073764;-60,6022025;100,000
RR;BR-432;15,000;14,000;1,000;03/03/2023;2,6073764;-60,6022025;100,000
AM;BR-230;516,300;517,000;0,700;03/03/2023;-7,9276424;-61,5683565;42,500
AM;BR-230;517,000;518,000;1,000;03/03/2023;-7,83403754;-62,303652;63,750
AM;BR-230;518,000;519,000;1,000;03/03/2023;-7,83403754;-62,303652;82,500
AM;BR-230;519,000;520,000;1,000;03/03/2023;-7,83403754;-62,303652;82,500
AM;BR-230;520,000;521,000;1,000;03/03/2023;-7,83403754;-62,303652;78,750
AM;BR-230;521,000;522,000;1,000;03/03/2023;-7,83403754;-62,303652;73,750
AM;BR-230;522,000;523,000;1,000;03/03/2023;-7,80782251;-62,3436117;98,750
AM;BR-230;523,000;524,000;1,000;03/03/2023;-7,80384832;-62,3504855;96,250
AM;BR-230;524,000;525,000;1,000;03/03/2023;-7,80384832;-62,3504855;93,750
AM;BR-230;525,000;526,000;1,000;03/03/2023;-7,80384832;-62,3504855;95,000
AM;BR-230;526,000;527,000;1,000;03/03/2023;-7,80384832;-62,3504855;100,000
AM;BR-230;527,000;528,000;1,000;03/03/2023;-7,79356724;-62,3817841;100,000
AM;BR-230;528,000;529,000;1,000;03/03/2023;-7,79356724;-62,3817841;100,000
AM;BR-230;529,000;530,000;1,000;03/03/2023;-7,7866077;-62,4007197;98,750
AM;BR-230;530,000;531,000;1,000;03/03/2023;-7,7866077;-62,4007197;95,000
AM;BR-230;531,000;532,000;1,000;03/03/2023;-7,78050287;-62,4160364;98,750
AM;BR-230;532,000;533,000;1,000;03/03/2023;-7,77875436;-62,4204655;92,500
AM;BR-230;533,000;534,000;1,000;03/03/2023;-7,77216468;-62,4372345;98,750
AM;BR-230;534,000;535,000;1,000;03/03/2023;-7,7673916;-62,4460573;98,750
AM;BR-230;535,000;536,000;1,000;03/03/2023;-7,7673916;-62,4460573;83,750
AM;BR-230;536,000;537,000;1,000;03/03/2023;-7,7673916;-62,4460573;91,250
AM;BR-230;537,000;538,000;1,000;03/03/2023;-7,75300298;-62,4591997;98,750
AM;BR-230;538,000;539,000;1,000;03/03/2023;-7,75300298;-62,4591997;98,750
AM;BR-230;539,000;540,000;1,000;03/03/2023;-7,75300298;-62,4591997;98,750
AM;BR-230;540,000;541,000;1,000;03/03/2023;-7,75300298;-62,4591997;98,750
AM;BR-230;541,000;542,000;1,000;03/03/2023;-7,75300298;-62,4591997;63,750
AM;BR-230;542,000;543,000;1,000;03/03/2023;-7,73234532;-62,4945498;95,000
AM;BR-230;543,000;544,000;1,000;03/03/2023;-7,73234532;-62,4945498;92,500
AM;BR-230;544,000;545,000;1,000;03/03/2023;-7,73234532;-62,4945498;98,750
AM;BR-230;545,000;546,000;1,000;03/03/2023;-7,73234532;-62,4945498;92,500
AM;BR-230;546,000;547,000;1,000;03/03/2023;-7,73234532;-62,4945498;98,750
AM;BR-230;547,000;548,000;1,000;03/03/2023;-7,73234532;-62,4945498;91,250
AM;BR-230;548,000;549,000;1,000;03/03/2023;-7,70442557;-62,5467459;85,000
AM;BR-230;549,000;550,000;1,000;03/03/2023;-7,70442557;-62,5467459;88,750
AM;BR-230;550,000;551,000;1,000;03/03/2023;-7,70442557;-62,5467459;91,250
AM;BR-230;551,000;552,000;1,000;03/03/2023;-7,68971747;-62,5657051;91,250
AM;BR-230;552,000;553,000;1,000;03/03/2023;-7,68350476;-62,57346;88,750
AM;BR-230;553,000;554,000;1,000;03/03/2023;-7,68350476;-62,57346;98,750
AM;BR-230;554,000;555,000;1,000;03/03/2023;-7,67693453;-62,5818708;98,750
AM;BR-230;555,000;556,000;1,000;03/03/2023;-7,67693453;-62,5818708;91,250
AM;BR-230;556,000;557,000;1,000;03/03/2023;-7,67693453;-62,5818708;98,750
AM;BR-230;557,000;558,000;1,000;03/03/2023;-7,65766453;-62,6106525;95,000
AM;BR-230;558,000;559,000;1,000;03/03/2023;-7,65353573;-62,6177574;98,750
AM;BR-230;559,000;560,000;1,000;03/03/2023;-7,65353573;-62,6177574;98,750
AM;BR-230;560,000;561,000;1,000;03/03/2023;-7,65353573;-62,6177574;87,500
AM;BR-230;561,000;562,000;1,000;03/03/2023;-7,65353573;-62,6177574;98,750
AM;BR-230;562,000;563,000;1,000;03/03/2023;-7,65353573;-62,6177574;100,000
AM;BR-230;563,000;564,000;1,000;03/03/2023;-7,63358311;-62,6600274;98,750
AM;BR-230;564,000;565,000;1,000;03/03/2023;-7,63358311;-62,6600274;98,750
AM;BR-230;565,000;566,000;1,000;03/03/2023;-7,63358311;-62,6600274;91,250
AM;BR-230;566,000;567,000;1,000;03/03/2023;-7,63358311;-62,6600274;91,250
AM;BR-230;567,000;568,000;1,000;03/03/2023;-7,61577417;-62,6889073;91,250
AM;BR-230;568,000;569,000;1,000;03/03/2023;-7,61577417;-62,6889073;87,500
AM;BR-230;569,000;570,000;1,000;03/03/2023;-7,61577417;-62,6889073;98,750
AM;BR-230;570,000;571,000;1,000;03/03/2023;-7,61577417;-62,6889073;98,750
AM;BR-230;571,000;572,000;1,000;03/03/2023;-7,61577417;-62,6889073;98,750
AM;BR-230;572,000;573,000;1,000;03/03/2023;-7,59569293;-62,7346591;98,750
AM;BR-230;573,000;574,000;1,000;03/03/2023;-7,5924739;-62,7460098;98,750
AM;BR-230;574,000;575,000;1,000;03/03/2023;-7,5924739;-62,7460098;98,750
AM;BR-230;575,000;576,000;1,000;03/03/2023;-7,5924739;-62,7460098;98,750
AM;BR-230;576,000;577,000;1,000;03/03/2023;-7,5924739;-62,7460098;98,750
AM;BR-230;577,000;578,000;1,000;03/03/2023;-7,5924739;-62,7460098;98,750
AM;BR-230;578,000;579,000;1,000;03/03/2023;-7,57076951;-62,7929265;98,750
AM;BR-230;579,000;580,000;1,000;03/03/2023;-7,57076951;-62,7929265;98,750
AM;BR-230;580,000;581,000;1,000;03/03/2023;-7,57076951;-62,7929265;98,750
AM;BR-230;581,000;582,000;1,000;03/03/2023;-7,56155541;-62,8188271;97,500
AM;BR-230;582,000;583,000;1,000;03/03/2023;-7,56155541;-62,8188271;97,500
AM;BR-230;583,000;584,000;1,000;03/03/2023;-7,56109071;-62,835708;98,750
AM;BR-230;584,000;585,000;1,000;03/03/2023;-7,56109071;-62,835708;98,750
AM;BR-230;585,000;586,000;1,000;03/03/2023;-7,56109071;-62,835708;98,750
AM;BR-230;586,000;587,000;1,000;03/03/2023;-7,55958658;-62,8610025;81,250
AM;BR-230;587,000;588,000;1,000;03/03/2023;-7,55729606;-62,8659337;93,750
AM;BR-230;588,000;589,000;1,000;03/03/2023;-7,55729606;-62,8659337;98,750
AM;BR-230;589,000;590,000;1,000;03/03/2023;-7,55729606;-62,8659337;95,000
AM;BR-230;590,000;591,000;1,000;03/03/2023;-7,55729606;-62,8659337;95,000
AM;BR-230;591,000;592,000;1,000;03/03/2023;-7,55729606;-62,8659337;97,500
AM;BR-230;592,000;593,000;1,000;03/03/2023;-7,55729606;-62,8659337;95,000
AM;BR-230;593,000;594,000;1,000;03/03/2023;-7,55729606;-62,8659337;87,500
AM;BR-230;594,000;595,000;1,000;03/03/2023;-7,55729606;-62,8659337;95,000
AM;BR-230;595,000;596,000;1,000;03/03/2023;-7,55729606;-62,8659337;90,000
AM;BR-230;596,000;597,000;1,000;03/03/2023;-7,55729606;-62,8659337;42,500
AM;BR-230;597,000;598,000;1,000;03/03/2023;-7,49063269;-62,9145797;58,750
AM;BR-230;598,000;599,000;1,000;03/03/2023;-7,49077346;-62,9325258;20,000
AM;BR-230;599,000;600,000;1,000;03/03/2023;-7,49002747;-62,93554;31,250
AM;BR-230;600,000;601,000;1,000;03/03/2023;-7,4880941;-62,9425875;95,000
AM;BR-230;601,000;602,000;1,000;03/03/2023;-7,48685174;-62,9537779;95,000
AM;BR-230;602,000;603,000;1,000;03/03/2023;-7,48756043;-62,9640625;87,500
AM;BR-230;603,000;604,000;1,000;03/03/2023;-7,48756043;-62,9640625;91,250
AM;BR-230;604,000;605,000;1,000;03/03/2023;-7,48827821;-62,9838533;91,250
AM;BR-230;605,000;606,000;1,000;03/03/2023;-7,48786616;-62,9897786;97,500
AM;BR-230;606,000;607,000;1,000;03/03/2023;-7,48786616;-62,9897786;95,000
AM;BR-230;607,000;608,000;1,000;03/03/2023;-7,48786616;-62,9897786;91,250
AM;BR-230;608,000;609,000;1,000;03/03/2023;-7,48786616;-62,9897786;63,750
AM;BR-319;631,000;630,000;1,000;13/03/2023;-7,44530505;-63,2260544;48,750
AM;BR-319;630,000;629,000;1,000;13/03/2023;-7,3606763;-63,1945771;47,500
AM;BR-319;629,000;628,000;1,000;13/03/2023;-7,3606763;-63,1945771;41,250
AM;BR-319;628,000;627,000;1,000;13/03/2023;-7,3606763;-63,1945771;47,500
AM;BR-319;627,000;626,000;1,000;13/03/2023;-7,3606763;-63,1945771;41,250
AM;BR-319;626,000;625,000;1,000;13/03/2023;-7,3606763;-63,1945771;48,750
AM;BR-319;625,000;624,000;1,000;13/03/2023;-7,31500295;-63,1772158;55,000
AM;BR-319;624,000;623,000;1,000;13/03/2023;-7,31500295;-63,1772158;41,250
AM;BR-319;623,000;622,000;1,000;13/03/2023;-7,31500295;-63,1772158;55,000
AM;BR-319;622,000;621,000;1,000;13/03/2023;-7,28305476;-63,1652092;41,250
AM;BR-319;621,000;620,000;1,000;13/03/2023;-7,28305476;-63,1652092;47,500
AM;BR-319;620,000;619,000;1,000;13/03/2023;-7,28305476;-63,1652092;50,000
AM;BR-319;619,000;618,000;1,000;13/03/2023;-7,28305476;-63,1652092;41,250
AM;BR-319;618,000;617,000;1,000;13/03/2023;-7,28305476;-63,1652092;41,250
AM;BR-319;617,000;616,000;1,000;13/03/2023;-7,28305476;-63,1652092;41,250
AM;BR-319;616,000;615,000;1,000;13/03/2023;-7,28305476;-63,1652092;47,500
AM;BR-319;615,000;614,000;1,000;13/03/2023;-7,28305476;-63,1652092;70,000
AM;BR-319;614,000;613,000;1,000;13/03/2023;-7,28305476;-63,1652092;72,500
AM;BR-319;613,000;612,000;1,000;13/03/2023;-7,28305476;-63,1652092;78,750
AM;BR-319;612,000;611,000;1,000;13/03/2023;-7,28305476;-63,1652092;80,000
AM;BR-319;611,000;610,000;1,000;13/03/2023;-7,19880743;-63,1333852;76,250
AM;BR-319;610,000;609,000;1,000;13/03/2023;-7,19880743;-63,1333852;72,500
AM;BR-319;609,000;608,000;1,000;13/03/2023;-7,19880743;-63,1333852;72,500
AM;BR-319;608,000;607,000;1,000;13/03/2023;-7,19880743;-63,1333852;62,500
AM;BR-319;607,000;606,000;1,000;13/03/2023;-7,19880743;-63,1333852;70,000
AM;BR-319;606,000;605,000;1,000;13/03/2023;-7,19880743;-63,1333852;70,000
AM;BR-319;605,000;604,000;1,000;13/03/2023;-7,19880743;-63,1333852;47,500
AM;BR-319;604,000;603,000;1,000;13/03/2023;-7,13891118;-63,116381;47,500
AM;BR-319;603,000;602,000;1,000;13/03/2023;-7,13891118;-63,116381;47,500
AM;BR-319;602,000;601,000;1,000;13/03/2023;-7,13891118;-63,116381;55,000
AM;BR-319;601,000;600,000;1,000;13/03/2023;-7,13891118;-63,116381;41,250
AM;BR-319;600,000;599,000;1,000;13/03/2023;-7,13891118;-63,116381;41,250
AM;BR-319;599,000;598,000;1,000;13/03/2023;-7,13891118;-63,116381;47,500
AM;BR-319;598,000;597,000;1,000;13/03/2023;-7,13891118;-63,116381;55,000
AM;BR-319;597,000;596,000;1,000;13/03/2023;-7,07997966;-63,1096418;55,000
AM;BR-319;596,000;595,000;1,000;13/03/2023;-7,06630343;-63,1080613;41,250
AM;BR-319;595,000;594,000;1,000;13/03/2023;-7,06630343;-63,1080613;72,500
AM;BR-319;594,000;593,000;1,000;13/03/2023;-7,06630343;-63,1080613;70,000
AM;BR-319;593,000;592,000;1,000;13/03/2023;-7,06630343;-63,1080613;70,000
AM;BR-319;592,000;591,000;1,000;13/03/2023;-7,0229789;-63,1026617;41,250
AM;BR-319;591,000;590,000;1,000;13/03/2023;-7,01983258;-63,1027384;41,250
AM;BR-319;590,000;589,000;1,000;13/03/2023;-7,01983258;-63,1027384;41,250
AM;BR-230;642,600;643,000;0,400;13/03/2023;-7,58512666;-63,1458385;58,750
AM;BR-230;643,000;644,000;1,000;13/03/2023;-7,5127073;-63,03665;66,250
AM;BR-230;644,000;645,000;1,000;13/03/2023;-7,5127073;-63,03665;77,500
AM;BR-230;645,000;646,000;1,000;13/03/2023;-7,5127073;-63,03665;72,500
AM;BR-230;646,000;647,000;1,000;13/03/2023;-7,5127073;-63,03665;60,000
AM;BR-230;647,000;648,000;1,000;13/03/2023;-7,5127073;-63,03665;68,750
AM;BR-230;648,000;649,000;1,000;13/03/2023;-7,5127073;-63,03665;76,250
AM;BR-230;649,000;650,000;1,000;13/03/2023;-7,5127073;-63,03665;92,500
AM;BR-230;650,000;651,000;1,000;13/03/2023;-7,5127073;-63,03665;70,000
AM;BR-230;651,000;652,000;1,000;13/03/2023;-7,5127073;-63,03665;68,750
AM;BR-230;652,000;653,000;1,000;13/03/2023;-7,5127073;-63,03665;75,000
AM;BR-230;653,000;654,000;1,000;13/03/2023;-7,5127073;-63,03665;68,750
AM;BR-230;654,000;655,000;1,000;13/03/2023;-7,5127073;-63,03665;72,500
AM;BR-230;655,000;656,000;1,000;13/03/2023;-7,5127073;-63,03665;77,500
AM;BR-230;656,000;657,000;1,000;13/03/2023;-7,5127073;-63,03665;73,750
AM;BR-230;657,000;658,000;1,000;13/03/2023;-7,5127073;-63,03665;73,750
AM;BR-230;658,000;659,000;1,000;13/03/2023;-7,5127073;-63,03665;80,000
AM;BR-230;659,000;660,000;1,000;13/03/2023;-7,5127073;-63,03665;77,500
AM;BR-230;660,000;661,000;1,000;13/03/2023;-7,5127073;-63,03665;77,500
AM;BR-230;661,000;662,000;1,000;13/03/2023;-7,5127073;-63,03665;70,000
AM;BR-230;662,000;663,000;1,000;13/03/2023;-7,5127073;-63,03665;77,500
AM;BR-230;663,000;664,000;1,000;13/03/2023;-7,5127073;-63,03665;77,500
AM;BR-230;664,000;665,000;1,000;13/03/2023;-7,5127073;-63,03665;77,500
AM;BR-230;665,000;666,000;1,000;13/03/2023;-7,5127073;-63,03665;78,750
AM;BR-230;666,000;667,000;1,000;13/03/2023;-7,5127073;-63,03665;77,500
AM;BR-230;667,000;668,000;1,000;13/03/2023;-7,5127073;-63,03665;92,500
AM;BR-230;668,000;669,000;1,000;13/03/2023;-7,5127073;-63,03665;90,000
AM;BR-230;669,000;670,000;1,000;13/03/2023;-7,5127073;-63,03665;92,500
AM;BR-230;670,000;671,000;1,000;13/03/2023;-7,5127073;-63,03665;88,750
AM;BR-230;671,000;672,000;1,000;13/03/2023;-7,5127073;-63,03665;92,500
AM;BR-230;672,000;673,000;1,000;13/03/2023;-7,5127073;-63,03665;92,500
AM;BR-230;673,000;674,000;1,000;13/03/2023;-7,5127073;-63,03665;86,250
AM;BR-230;674,000;675,000;1,000;13/03/2023;-7,5127073;-63,03665;88,750
AM;BR-230;675,000;676,000;1,000;13/03/2023;-7,5127073;-63,03665;68,750
AM;BR-230;676,000;677,000;1,000;13/03/2023;-7,5127073;-63,03665;85,000
AM;BR-230;677,000;678,000;1,000;13/03/2023;-7,5127073;-63,03665;96,250
AM;BR-230;678,000;679,000;1,000;13/03/2023;-7,5127073;-63,03665;96,250
AM;BR-230;679,000;680,000;1,000;13/03/2023;-7,5127073;-63,03665;91,250
AM;BR-230;680,000;681,000;1,000;13/03/2023;-7,5127073;-63,03665;98,750
AM;BR-230;681,000;682,000;1,000;13/03/2023;-7,5127073;-63,03665;96,250
AM;BR-230;682,000;683,000;1,000;13/03/2023;-7,5127073;-63,03665;96,250
AM;BR-230;683,000;684,000;1,000;13/03/2023;-7,5127073;-63,03665;63,750
AM;BR-230;684,000;685,000;1,000;13/03/2023;-7,5127073;-63,03665;95,000
AM;BR-230;685,000;686,000;1,000;13/03/2023;-7,5127073;-63,03665;92,500
AM;BR-230;686,000;687,000;1,000;13/03/2023;-7,5127073;-63,03665;77,500
AM;BR-230;687,000;688,000;1,000;13/03/2023;-7,5127073;-63,03665;63,750
AM;BR-230;688,000;689,000;1,000;13/03/2023;-7,5127073;-63,03665;73,750
AM;BR-230;689,000;690,000;1,000;13/03/2023;-7,5127073;-63,03665;68,750
AM;BR-230;690,000;691,000;1,000;13/03/2023;-7,5127073;-63,03665;66,250
AM;BR-230;691,000;692,000;1,000;13/03/2023;-7,5127073;-63,03665;63,750
AM;BR-230;692,000;693,000;1,000;13/03/2023;-7,5127073;-63,03665;66,250
AM;BR-230;693,000;694,000;1,000;13/03/2023;-7,5127073;-63,03665;66,250
AM;BR-230;694,000;695,000;1,000;13/03/2023;-7,5127073;-63,03665;63,750
AM;BR-230;695,000;696,000;1,000;13/03/2023;-7,5127073;-63,03665;63,750
AM;BR-230;696,000;697,000;1,000;13/03/2023;-7,5127073;-63,03665;68,750
AM;BR-230;697,000;698,000;1,000;13/03/2023;-7,5127073;-63,03665;87,500
AM;BR-230;698,000;699,000;1,000;13/03/2023;-7,5127073;-63,03665;66,250
AM;BR-230;699,000;700,000;1,000;13/03/2023;-7,5127073;-63,03665;88,750
AM;BR-230;700,000;701,000;1,000;13/03/2023;-7,5127073;-63,03665;78,750
AM;BR-230;701,000;702,000;1,000;13/03/2023;-7,5127073;-63,03665;75,000
AM;BR-230;702,000;703,000;1,000;13/03/2023;-7,5127073;-63,03665;66,250
AM;BR-230;703,000;704,000;1,000;13/03/2023;-7,5127073;-63,03665;77,500
AM;BR-230;704,000;705,000;1,000;13/03/2023;-7,5127073;-63,03665;67,500
AM;BR-230;705,000;706,000;1,000;13/03/2023;-7,5127073;-63,03665;66,250
AM;BR-230;706,000;707,000;1,000;13/03/2023;-7,5127073;-63,03665;98,750
AM;BR-230;707,000;708,000;1,000;13/03/2023;-7,5127073;-63,03665;86,250
AM;BR-230;708,000;709,000;1,000;13/03/2023;-7,5127073;-63,03665;68,750
AM;BR-230;709,000;710,000;1,000;13/03/2023;-7,5127073;-63,03665;90,000
AM;BR-230;710,000;711,000;1,000;13/03/2023;-7,5127073;-63,03665;63,750
AM;BR-230;711,000;712,000;1,000;13/03/2023;-7,5127073;-63,03665;75,000
AM;BR-230;712,000;713,000;1,000;13/03/2023;-7,5127073;-63,03665;93,750
AM;BR-230;713,000;714,000;1,000;13/03/2023;-7,5127073;-63,03665;93,750
AM;BR-230;714,000;715,000;1,000;13/03/2023;-7,5127073;-63,03665;75,000
AM;BR-230;715,000;716,000;1,000;13/03/2023;-7,5127073;-63,03665;82,500
AM;BR-230;716,000;717,000;1,000;13/03/2023;-7,5127073;-63,03665;93,750
AM;BR-230;717,000;718,000;1,000;13/03/2023;-7,5127073;-63,03665;63,750
AM;BR-230;718,000;719,000;1,000;13/03/2023;-7,5127073;-63,03665;90,000
AM;BR-230;719,000;720,000;1,000;13/03/2023;-7,5127073;-63,03665;63,750
AM;BR-230;720,000;721,000;1,000;13/03/2023;-7,5127073;-63,03665;63,750
AM;BR-230;721,000;722,000;1,000;13/03/2023;-7,5127073;-63,03665;98,750
AM;BR-230;722,000;723,000;1,000;13/03/2023;-7,5127073;-63,03665;71,250
AM;BR-230;723,000;724,000;1,000;13/03/2023;-7,5127073;-63,03665;93,750
AM;BR-230;724,000;725,000;1,000;13/03/2023;-7,5127073;-63,03665;75,000
AM;BR-230;725,000;726,000;1,000;13/03/2023;-7,5127073;-63,03665;63,750
AM;BR-230;726,000;727,000;1,000;13/03/2023;-7,5127073;-63,03665;82,500
AM;BR-230;727,000;728,000;1,000;13/03/2023;-7,5127073;-63,03665;77,500
AM;BR-230;728,000;729,000;1,000;13/03/2023;-7,5127073;-63,03665;71,250
AM;BR-230;729,000;730,000;1,000;13/03/2023;-7,5127073;-63,03665;63,750
AM;BR-230;730,000;731,000;1,000;13/03/2023;-7,5127073;-63,03665;63,750
AM;BR-230;731,000;732,000;1,000;13/03/2023;-7,5127073;-63,03665;51,250
AM;BR-230;732,000;733,200;1,200;13/03/2023;-7,5127073;-63,03665;71,250
AM;BR-230;733,200;734,000;0,800;13/03/2023;-7,47560385;-64,0656567;78,750
AM;BR-230;734,000;735,000;1,000;13/03/2023;-7,5127073;-63,03665;75,000
AM;BR-230;735,000;736,000;1,000;13/03/2023;-7,5127073;-63,03665;96,250
AM;BR-230;736,000;737,000;1,000;13/03/2023;-7,5127073;-63,03665;93,750
AM;BR-230;737,000;738,000;1,000;13/03/2023;-7,5127073;-63,03665;90,000
AM;BR-230;738,000;739,000;1,000;13/03/2023;-7,5127073;-63,03665;75,000
AM;BR-230;739,000;740,000;1,000;13/03/2023;-7,5127073;-63,03665;86,250
AM;BR-230;740,000;741,000;1,000;13/03/2023;-7,5127073;-63,03665;71,250
AM;BR-230;741,000;742,000;1,000;13/03/2023;-7,5127073;-63,03665;77,500
AM;BR-230;742,000;743,000;1,000;13/03/2023;-7,5127073;-63,03665;82,500
AM;BR-230;743,000;744,000;1,000;13/03/2023;-7,5127073;-63,03665;96,250
AM;BR-230;744,000;745,000;1,000;13/03/2023;-7,5127073;-63,03665;93,750
AM;BR-230;745,000;746,000;1,000;13/03/2023;-7,5127073;-63,03665;66,250
AM;BR-230;746,000;747,000;1,000;13/03/2023;-7,5127073;-63,03665;66,250
AM;BR-230;747,000;748,000;1,000;13/03/2023;-7,5127073;-63,03665;78,750
AM;BR-230;748,000;749,000;1,000;13/03/2023;-7,5127073;-63,03665;78,750
AM;BR-230;749,000;750,000;1,000;13/03/2023;-7,5127073;-63,03665;98,750
AM;BR-230;750,000;751,000;1,000;13/03/2023;-7,5127073;-63,03665;66,250
AM;BR-230;751,000;752,000;1,000;13/03/2023;-7,5127073;-63,03665;90,000
AM;BR-230;752,000;753,000;1,000;13/03/2023;-7,5127073;-63,03665;63,750
AM;BR-230;753,000;754,000;1,000;13/03/2023;-7,5127073;-63,03665;63,750
AM;BR-230;754,000;755,000;1,000;13/03/2023;-7,5127073;-63,03665;93,750
AM;BR-230;755,000;756,000;1,000;13/03/2023;-7,5127073;-63,03665;98,750
AM;BR-230;756,000;757,000;1,000;13/03/2023;-7,5127073;-63,03665;98,750
AM;BR-230;757,000;758,000;1,000;13/03/2023;-7,5127073;-63,03665;88,750
AM;BR-230;758,000;759,000;1,000;13/03/2023;-7,5127073;-63,03665;93,750
AM;BR-230;759,000;760,000;1,000;13/03/2023;-7,5127073;-63,03665;93,750
AM;BR-230;760,000;761,000;1,000;13/03/2023;-7,5127073;-63,03665;90,000
AM;BR-230;761,000;762,000;1,000;13/03/2023;-7,5127073;-63,03665;93,750
AM;BR-230;762,000;763,000;1,000;13/03/2023;-7,5127073;-63,03665;96,250
AM;BR-230;763,000;764,000;1,000;13/03/2023;-7,5127073;-63,03665;93,750
AM;BR-230;764,000;765,000;1,000;13/03/2023;-7,5127073;-63,03665;93,750
AM;BR-230;765,000;766,000;1,000;13/03/2023;-7,5127073;-63,03665;98,750
AM;BR-230;766,000;767,000;1,000;13/03/2023;-7,5127073;-63,03665;98,750
AM;BR-230;767,000;768,000;1,000;13/03/2023;-7,5127073;-63,03665;93,750
AM;BR-230;768,000;769,000;1,000;13/03/2023;-7,5127073;-63,03665;96,250
AM;BR-230;769,000;770,000;1,000;13/03/2023;-7,5127073;-63,03665;93,750
AM;BR-230;770,000;771,000;1,000;13/03/2023;-7,5127073;-63,03665;93,750
AM;BR-230;771,000;772,000;1,000;13/03/2023;-7,5127073;-63,03665;96,250
AM;BR-230;772,000;773,000;1,000;13/03/2023;-7,5127073;-63,03665;93,750
AM;BR-230;773,000;774,000;1,000;13/03/2023;-7,5127073;-63,03665;93,750
AM;BR-230;774,000;775,000;1,000;13/03/2023;-7,5127073;-63,03665;96,250
AM;BR-230;775,000;776,000;1,000;13/03/2023;-7,5127073;-63,03665;93,750
AM;BR-230;776,000;777,000;1,000;13/03/2023;-7,5127073;-63,03665;93,750
AM;BR-230;777,000;778,000;1,000;13/03/2023;-7,5127073;-63,03665;93,750
AM;BR-230;778,000;779,000;1,000;13/03/2023;-7,5127073;-63,03665;92,500
AM;BR-230;779,000;780,000;1,000;13/03/2023;-7,5127073;-63,03665;71,250
AM;BR-230;780,000;781,000;1,000;13/03/2023;-7,5127073;-63,03665;63,750
AM;BR-230;781,000;782,000;1,000;13/03/2023;-7,5127073;-63,03665;63,750
AM;BR-230;782,000;783,000;1,000;13/03/2023;-7,5127073;-63,03665;63,750
AM;BR-230;783,000;784,000;1,000;13/03/2023;-7,5127073;-63,03665;63,750
AM;BR-230;784,000;785,000;1,000;13/03/2023;-7,5127073;-63,03665;63,750
AM;BR-230;785,000;786,000;1,000;13/03/2023;-7,5127073;-63,03665;68,750
AM;BR-230;786,000;787,000;1,000;13/03/2023;-7,5127073;-63,03665;76,250
AM;BR-230;787,000;788,000;1,000;13/03/2023;-7,5127073;-63,03665;63,750
AM;BR-230;788,000;789,000;1,000;13/03/2023;-7,5127073;-63,03665;63,750
AM;BR-230;789,000;790,000;1,000;13/03/2023;-7,5127073;-63,03665;63,750
AM;BR-230;790,000;791,000;1,000;13/03/2023;-7,5127073;-63,03665;66,250
AM;BR-230;791,000;792,000;1,000;13/03/2023;-7,5127073;-63,03665;63,750
AM;BR-230;792,000;793,000;1,000;13/03/2023;-7,5127073;-63,03665;63,750
AM;BR-230;793,000;794,000;1,000;13/03/2023;-7,5127073;-63,03665;63,750
AM;BR-230;794,000;795,000;1,000;13/03/2023;-7,5127073;-63,03665;62,500
AM;BR-230;795,000;796,000;1,000;13/03/2023;-7,5127073;-63,03665;51,250
AM;BR-230;796,000;797,000;1,000;13/03/2023;-7,5127073;-63,03665;51,250
AM;BR-230;797,000;798,000;1,000;13/03/2023;-7,5127073;-63,03665;66,250
AM;BR-230;798,000;799,000;1,000;13/03/2023;-7,5127073;-63,03665;67,500
AM;BR-230;799,000;800,000;1,000;13/03/2023;-7,5127073;-63,03665;71,250
AM;BR-230;800,000;801,000;1,000;13/03/2023;-7,5127073;-63,03665;66,250
AM;BR-230;801,000;802,000;1,000;13/03/2023;-7,5127073;-63,03665;63,750
AM;BR-230;802,000;803,000;1,000;13/03/2023;-7,5127073;-63,03665;68,750
AM;BR-230;803,000;804,000;1,000;13/03/2023;-7,5127073;-63,03665;68,750
AM;BR-230;804,000;805,000;1,000;13/03/2023;-7,5127073;-63,03665;76,250
AM;BR-230;805,000;806,000;1,000;13/03/2023;-7,5127073;-63,03665;80,000
AM;BR-230;806,000;807,000;1,000;13/03/2023;-7,5127073;-63,03665;68,750
AM;BR-230;807,000;808,000;1,000;13/03/2023;-7,5127073;-63,03665;68,750
AM;BR-230;808,000;809,000;1,000;13/03/2023;-7,5127073;-63,03665;67,500
AM;BR-230;809,000;810,000;1,000;13/03/2023;-7,5127073;-63,03665;73,750
AM;BR-230;810,000;811,000;1,000;13/03/2023;-7,5127073;-63,03665;87,500
AM;BR-230;811,000;812,000;1,000;13/03/2023;-7,5127073;-63,03665;80,000
AM;BR-230;812,000;813,000;1,000;13/03/2023;-7,5127073;-63,03665;98,750
AM;BR-230;813,000;814,000;1,000;13/03/2023;-7,5127073;-63,03665;86,250
AM;BR-230;814,000;815,000;1,000;13/03/2023;-7,5127073;-63,03665;63,750
AM;BR-230;815,000;816,300;1,300;13/03/2023;-7,5127073;-63,03665;63,750
AM;BR-319;589,400;588,000;1,400;14/03/2023;-6,98585923;-63,0987623;41,250
AM;BR-319;588,000;587,000;1,000;14/03/2023;-6,98585923;-63,0987623;57,500
AM;BR-319;587,000;586,000;1,000;14/03/2023;-6,9748522;-63,095383;72,500
AM;BR-319;586,000;585,000;1,000;14/03/2023;-6,9748522;-63,095383;76,250
AM;BR-319;585,000;584,000;1,000;14/03/2023;-6,9591262;-63,0900713;65,000
AM;BR-319;584,000;583,000;1,000;14/03/2023;-6,9591262;-63,0900713;72,500
AM;BR-319;583,000;582,000;1,000;14/03/2023;-6,9591262;-63,0900713;91,250
AM;BR-319;582,000;581,000;1,000;14/03/2023;-6,9591262;-63,0900713;62,500
AM;BR-319;581,000;580,000;1,000;14/03/2023;-6,9591262;-63,0900713;56,250
AM;BR-319;580,000;579,000;1,000;14/03/2023;-6,9591262;-63,0900713;72,500
AM;BR-319;579,000;578,000;1,000;14/03/2023;-6,9591262;-63,0900713;72,500
AM;BR-319;578,000;577,000;1,000;14/03/2023;-6,89706806;-63,0703764;63,750
AM;BR-319;577,000;576,000;1,000;14/03/2023;-6,89706806;-63,0703764;72,500
AM;BR-319;576,000;575,000;1,000;14/03/2023;-6,89706806;-63,0703764;70,000
AM;BR-319;575,000;574,000;1,000;14/03/2023;-6,89706806;-63,0703764;41,250
AM;BR-319;574,000;573,000;1,000;14/03/2023;-6,85971796;-63,0586184;56,250
AM;BR-319;573,000;572,000;1,000;14/03/2023;-6,85971796;-63,0586184;56,250
AM;BR-319;572,000;571,000;1,000;14/03/2023;-6,85971796;-63,0586184;41,250
AM;BR-319;571,000;570,000;1,000;14/03/2023;-6,85971796;-63,0586184;48,750
AM;BR-319;570,000;569,000;1,000;14/03/2023;-6,85971796;-63,0586184;62,500
AM;BR-319;569,000;568,000;1,000;14/03/2023;-6,85971796;-63,0586184;55,000
AM;BR-319;568,000;567,000;1,000;14/03/2023;-6,85971796;-63,0586184;70,000
AM;BR-319;567,000;566,000;1,000;14/03/2023;-6,85971796;-63,0586184;70,000
AM;BR-319;566,000;565,000;1,000;14/03/2023;-6,85971796;-63,0586184;70,000
AM;BR-319;565,000;564,000;1,000;14/03/2023;-6,85971796;-63,0586184;70,000
AM;BR-319;564,000;563,000;1,000;14/03/2023;-6,85971796;-63,0586184;70,000
AM;BR-319;563,000;562,000;1,000;14/03/2023;-6,85971796;-63,0586184;70,000
AM;BR-319;562,000;561,000;1,000;14/03/2023;-6,7667678;-63,003245;63,750
AM;BR-319;561,000;560,000;1,000;14/03/2023;-6,7667678;-63,003245;76,250
AM;BR-319;560,000;559,000;1,000;14/03/2023;-6,7667678;-63,003245;80,000
AM;BR-319;559,000;558,000;1,000;14/03/2023;-6,7667678;-63,003245;80,000
AM;BR-319;558,000;557,000;1,000;14/03/2023;-6,73279146;-62,9889984;70,000
AM;BR-319;557,000;556,000;1,000;14/03/2023;-6,73279146;-62,9889984;70,000
AM;BR-319;556,000;555,000;1,000;14/03/2023;-6,73279146;-62,9889984;70,000
AM;BR-319;555,000;554,000;1,000;14/03/2023;-6,73279146;-62,9889984;70,000
AM;BR-319;554,000;553,000;1,000;14/03/2023;-6,73279146;-62,9889984;70,000
AM;BR-319;553,000;552,000;1,000;14/03/2023;-6,73279146;-62,9889984;70,000
AM;BR-319;552,000;551,000;1,000;14/03/2023;-6,73279146;-62,9889984;62,500
AM;BR-319;551,000;550,000;1,000;14/03/2023;-6,73279146;-62,9889984;62,500
AM;BR-319;550,000;549,000;1,000;14/03/2023;-6,73279146;-62,9889984;56,250
AM;BR-319;549,000;548,000;1,000;14/03/2023;-6,73279146;-62,9889984;62,500
AM;BR-319;548,000;547,000;1,000;14/03/2023;-6,73279146;-62,9889984;76,250
AM;BR-319;547,000;546,000;1,000;14/03/2023;-6,73279146;-62,9889984;70,000
AM;BR-319;546,000;545,000;1,000;14/03/2023;-6,73279146;-62,9889984;70,000
AM;BR-319;545,000;544,000;1,000;14/03/2023;-6,73279146;-62,9889984;63,750
AM;BR-319;544,000;543,000;1,000;14/03/2023;-6,73279146;-62,9889984;62,500
AM;BR-319;543,000;542,000;1,000;14/03/2023;-6,73279146;-62,9889984;70,000
AM;BR-319;542,000;541,000;1,000;14/03/2023;-6,73279146;-62,9889984;62,500
AM;BR-319;541,000;540,000;1,000;14/03/2023;-6,5560823;-62,9445797;56,250
AM;BR-319;540,000;539,000;1,000;14/03/2023;-6,5560823;-62,9445797;62,500
AM;BR-319;539,000;538,000;1,000;14/03/2023;-6,5560823;-62,9445797;70,000
AM;BR-319;538,000;537,000;1,000;14/03/2023;-6,5560823;-62,9445797;70,000
AM;BR-319;537,000;536,000;1,000;14/03/2023;-6,5560823;-62,9445797;70,000
AM;BR-319;536,000;535,000;1,000;14/03/2023;-6,5560823;-62,9445797;62,500
AM;BR-319;535,000;534,000;1,000;14/03/2023;-6,5560823;-62,9445797;73,750
AM;BR-319;534,000;533,000;1,000;14/03/2023;-6,5560823;-62,9445797;80,000
AM;BR-319;533,000;532,000;1,000;14/03/2023;-6,51125438;-62,9176718;80,000
AM;BR-319;532,000;531,000;1,000;14/03/2023;-6,51125438;-62,9176718;80,000
AM;BR-319;531,000;530,000;1,000;14/03/2023;-6,50511486;-62,9119272;70,000
AM;BR-319;530,000;529,000;1,000;14/03/2023;-6,50511486;-62,9119272;70,000
AM;BR-319;529,000;528,000;1,000;14/03/2023;-6,50511486;-62,9119272;62,500
AM;BR-319;528,000;527,000;1,000;14/03/2023;-6,50511486;-62,9119272;70,000
AM;BR-319;527,000;526,000;1,000;14/03/2023;-6,50511486;-62,9119272;70,000
AM;BR-319;526,000;525,000;1,000;14/03/2023;-6,50511486;-62,9119272;56,250
AM;BR-319;525,000;524,000;1,000;14/03/2023;-6,50511486;-62,9119272;62,500
AM;BR-319;524,000;523,000;1,000;14/03/2023;-6,50511486;-62,9119272;62,500
AM;BR-319;523,000;522,000;1,000;14/03/2023;-6,50511486;-62,9119272;70,000
AM;BR-319;522,000;521,000;1,000;14/03/2023;-6,50511486;-62,9119272;62,500
AM;BR-319;521,000;520,000;1,000;14/03/2023;-6,50511486;-62,9119272;62,500
AM;BR-319;520,000;519,000;1,000;14/03/2023;-6,50511486;-62,9119272;56,250
AM;BR-319;519,000;518,000;1,000;14/03/2023;-6,50511486;-62,9119272;62,500
AM;BR-319;518,000;517,000;1,000;14/03/2023;-6,50511486;-62,9119272;70,000
AM;BR-319;517,000;516,000;1,000;14/03/2023;-6,50511486;-62,9119272;70,000
AM;BR-319;516,000;515,000;1,000;14/03/2023;-6,50511486;-62,9119272;62,500
AM;BR-319;515,000;514,000;1,000;14/03/2023;-6,50511486;-62,9119272;62,500
AM;BR-319;514,000;513,000;1,000;14/03/2023;-6,50511486;-62,9119272;56,250
AM;BR-319;513,800;512,000;1,800;14/03/2023;-6,50511486;-62,9119272;56,250
AM;BR-319;512,000;511,000;1,000;14/03/2023;-6,3708051;-62,8081153;93,750
AM;BR-319;511,000;510,000;1,000;14/03/2023;-6,3708051;-62,8081153;90,000
AM;BR-319;510,000;509,000;1,000;14/03/2023;-6,3708051;-62,8081153;68,750
AM;BR-319;509,000;508,000;1,000;14/03/2023;-6,3708051;-62,8081153;70,000
AM;BR-319;508,000;507,000;1,000;14/03/2023;-6,3708051;-62,8081153;91,250
AM;BR-319;507,000;506,000;1,000;14/03/2023;-6,32161338;-62,7703496;65,000
AM;BR-319;506,000;505,000;1,000;14/03/2023;-6,32161338;-62,7703496;97,500
AM;BR-319;505,000;504,000;1,000;14/03/2023;-6,32161338;-62,7703496;80,000
AM;BR-319;504,000;503,000;1,000;14/03/2023;-6,3039986;-62,7585717;97,500
AM;BR-319;503,000;502,000;1,000;14/03/2023;-6,3039986;-62,7585717;91,250
AM;BR-319;502,000;501,000;1,000;14/03/2023;-6,3039986;-62,7585717;97,500
AM;BR-319;501,000;500,000;1,000;14/03/2023;-6,3039986;-62,7585717;93,750
AM;BR-319;500,000;499,000;1,000;14/03/2023;-6,3039986;-62,7585717;93,750
AM;BR-319;499,000;498,000;1,000;14/03/2023;-6,3039986;-62,7585717;87,500
AM;BR-319;498,000;497,000;1,000;14/03/2023;-6,3039986;-62,7585717;87,500
AM;BR-319;497,000;496,000;1,000;14/03/2023;-6,3039986;-62,7585717;93,750
AM;BR-319;496,000;495,000;1,000;14/03/2023;-6,3039986;-62,7585717;97,500
AM;BR-319;495,000;494,000;1,000;14/03/2023;-6,3039986;-62,7585717;97,500
AM;BR-319;494,000;493,000;1,000;14/03/2023;-6,3039986;-62,7585717;97,500
AM;BR-319;493,000;492,000;1,000;14/03/2023;-6,3039986;-62,7585717;97,500
AM;BR-319;492,000;491,000;1,000;14/03/2023;-6,3039986;-62,7585717;97,500
AM;BR-319;491,000;490,000;1,000;14/03/2023;-6,3039986;-62,7585717;97,500
AM;BR-319;490,000;489,000;1,000;14/03/2023;-6,3039986;-62,7585717;97,500
AM;BR-319;489,000;488,000;1,000;14/03/2023;-6,3039986;-62,7585717;97,500
AM;BR-319;488,000;487,000;1,000;14/03/2023;-6,3039986;-62,7585717;97,500
AM;BR-319;487,000;486,000;1,000;14/03/2023;-6,3039986;-62,7585717;97,500
AM;BR-319;486,000;485,000;1,000;14/03/2023;-6,3039986;-62,7585717;97,500
AM;BR-319;485,000;484,000;1,000;14/03/2023;-6,3039986;-62,7585717;97,500
AM;BR-319;484,000;483,000;1,000;14/03/2023;-6,3039986;-62,7585717;97,500
AM;BR-319;483,000;482,000;1,000;14/03/2023;-6,3039986;-62,7585717;97,500
AM;BR-319;482,000;481,000;1,000;14/03/2023;-6,3039986;-62,7585717;80,000
AM;BR-319;481,000;480,000;1,000;14/03/2023;-6,3039986;-62,7585717;80,000
AM;BR-319;480,000;479,000;1,000;14/03/2023;-6,3039986;-62,7585717;76,250
AM;BR-319;479,000;478,000;1,000;14/03/2023;-6,3039986;-62,7585717;80,000
AM;BR-319;478,000;477,000;1,000;14/03/2023;-7,5440638;-63,0653526;80,000
AM;BR-319;477,000;476,000;1,000;14/03/2023;-7,5440638;-63,0653526;76,250
AM;BR-319;476,000;475,000;1,000;14/03/2023;-7,5440638;-63,0653526;80,000
AM;BR-319;475,000;474,000;1,000;14/03/2023;-7,5440638;-63,0653526;62,500
AM;BR-319;474,000;473,000;1,000;14/03/2023;-7,5440638;-63,0653526;76,250
AM;BR-319;473,000;472,000;1,000;14/03/2023;-7,5440638;-63,0653526;97,500
AM;BR-319;472,000;471,000;1,000;14/03/2023;-7,5440638;-63,0653526;97,500
AM;BR-319;471,000;470,000;1,000;14/03/2023;-7,5440638;-63,0653526;93,750
AM;BR-319;470,000;469,000;1,000;14/03/2023;-7,5440638;-63,0653526;97,500
AM;BR-319;469,000;468,000;1,000;14/03/2023;-7,5440638;-63,0653526;91,250
AM;BR-319;468,000;467,000;1,000;14/03/2023;-7,5440638;-63,0653526;91,250
AM;BR-319;467,000;466,000;1,000;14/03/2023;-7,5440638;-63,0653526;97,500
AM;BR-319;466,000;465,000;1,000;14/03/2023;-7,5440638;-63,0653526;97,500
AM;BR-319;465,000;464,000;1,000;14/03/2023;-7,5440638;-63,0653526;97,500
AM;BR-319;464,000;463,000;1,000;14/03/2023;-7,5440638;-63,0653526;97,500
AM;BR-319;463,000;462,000;1,000;14/03/2023;-7,5440638;-63,0653526;93,750
AM;BR-319;462,000;461,000;1,000;14/03/2023;-7,5440638;-63,0653526;93,750
AM;BR-319;461,000;460,000;1,000;14/03/2023;-7,5440638;-63,0653526;80,000
AM;BR-319;460,000;459,000;1,000;14/03/2023;-7,5440638;-63,0653526;80,000
AM;BR-319;459,000;458,000;1,000;14/03/2023;-7,5440638;-63,0653526;65,000
AM;BR-319;458,000;457,000;1,000;14/03/2023;-7,5440638;-63,0653526;93,750
AM;BR-319;457,000;456,000;1,000;14/03/2023;-7,5440638;-63,0653526;93,750
AM;BR-319;456,000;455,000;1,000;14/03/2023;-7,5440638;-63,0653526;86,250
AM;BR-319;455,000;454,000;1,000;14/03/2023;-7,5440638;-63,0653526;80,000
AM;BR-319;454,000;453,000;1,000;14/03/2023;-7,5440638;-63,0653526;87,500
AM;BR-319;453,000;452,000;1,000;14/03/2023;-7,5440638;-63,0653526;76,250
AM;BR-319;452,000;451,000;1,000;14/03/2023;-7,5440638;-63,0653526;80,000
AM;BR-319;451,000;450,000;1,000;14/03/2023;-7,5440638;-63,0653526;97,500
AM;BR-319;450,000;449,000;1,000;14/03/2023;-7,5440638;-63,0653526;83,750
AM;BR-319;449,000;448,000;1,000;14/03/2023;-7,5440638;-63,0653526;65,000
AM;BR-319;448,000;447,000;1,000;14/03/2023;-7,5440638;-63,0653526;83,750
AM;BR-319;447,000;446,000;1,000;14/03/2023;-7,5440638;-63,0653526;83,750
AM;BR-319;446,000;445,000;1,000;14/03/2023;-7,5440638;-63,0653526;83,750
AM;BR-319;445,000;444,000;1,000;14/03/2023;-7,5440638;-63,0653526;97,500
AM;BR-319;444,000;443,000;1,000;14/03/2023;-7,5440638;-63,0653526;97,500
AM;BR-319;443,000;442,000;1,000;14/03/2023;-7,5440638;-63,0653526;93,750
AM;BR-319;442,000;441,000;1,000;14/03/2023;-7,5440638;-63,0653526;93,750
AM;BR-319;441,000;440,000;1,000;14/03/2023;-7,5440638;-63,0653526;93,750
AM;BR-319;440,000;439,000;1,000;14/03/2023;-7,5440638;-63,0653526;97,500
AM;BR-319;439,000;438,000;1,000;14/03/2023;-7,5440638;-63,0653526;65,000
AM;BR-319;438,000;437,000;1,000;14/03/2023;-7,5440638;-63,0653526;80,000
AM;BR-319;437,000;436,000;1,000;14/03/2023;-7,5440638;-63,0653526;80,000
AM;BR-319;436,000;435,000;1,000;14/03/2023;-7,5440638;-63,0653526;76,250
AM;BR-319;435,000;434,000;1,000;14/03/2023;-7,5440638;-63,0653526;93,750
AM;BR-319;434,000;433,000;1,000;14/03/2023;-7,5440638;-63,0653526;93,750
AM;BR-319;433,000;432,000;1,000;14/03/2023;-7,5440638;-63,0653526;93,750
AM;BR-230;206,000;205,000;1,000;15/03/2023;-7,1903636;-59,8856407;80,000
AM;BR-230;205,000;204,000;1,000;15/03/2023;-7,1903636;-59,8856407;71,250
AM;BR-230;204,000;203,000;1,000;15/03/2023;-7,1903636;-59,8856407;67,500
AM;BR-230;203,000;202,000;1,000;15/03/2023;-7,1903636;-59,8856407;40,000
AM;BR-230;202,000;201,000;1,000;15/03/2023;-7,1903636;-59,8856407;86,250
AM;BR-230;201,000;200,000;1,000;15/03/2023;-7,1903636;-59,8856407;67,500
AM;BR-230;200,000;199,000;1,000;15/03/2023;-7,1903636;-59,8856407;87,500
AM;BR-230;199,000;198,000;1,000;15/03/2023;-7,1903636;-59,8856407;70,000
AM;BR-230;198,000;197,000;1,000;15/03/2023;-7,1903636;-59,8856407;73,750
AM;BR-230;197,000;196,000;1,000;15/03/2023;-7,1903636;-59,8856407;90,000
AM;BR-230;196,000;195,000;1,000;15/03/2023;-7,1903636;-59,8856407;68,750
AM;BR-230;195,000;194,000;1,000;15/03/2023;-7,1903636;-59,8856407;77,500
AM;BR-230;194,000;193,000;1,000;15/03/2023;-7,1903636;-59,8856407;63,750
AM;BR-230;193,000;192,000;1,000;15/03/2023;-7,1903636;-59,8856407;77,500
AM;BR-230;192,000;191,000;1,000;15/03/2023;-7,1903636;-59,8856407;70,000
AM;BR-230;191,000;190,000;1,000;15/03/2023;-7,1903636;-59,8856407;48,750
AM;BR-230;190,000;189,000;1,000;15/03/2023;-7,2019743;-59,8885538;51,250
AM;BR-230;189,000;188,000;1,000;15/03/2023;-7,2019743;-59,8885538;76,250
AM;BR-230;188,000;187,000;1,000;15/03/2023;-7,2019743;-59,8885538;72,500
AM;BR-230;187,000;186,000;1,000;15/03/2023;-7,2019743;-59,8885538;72,500
AM;BR-230;186,000;185,000;1,000;15/03/2023;-7,2019743;-59,8885538;77,500
AM;BR-230;185,000;184,000;1,000;15/03/2023;-7,2019743;-59,8885538;70,000
AM;BR-230;184,000;183,000;1,000;15/03/2023;-7,2019743;-59,8885538;77,500
AM;BR-230;183,000;182,000;1,000;15/03/2023;-7,2019743;-59,8885538;62,500
AM;BR-230;182,000;181,000;1,000;15/03/2023;-7,2019743;-59,8885538;55,000
AM;BR-230;181,000;180,000;1,000;15/03/2023;-7,2019743;-59,8885538;66,250
AM;BR-230;180,000;179,000;1,000;15/03/2023;-7,2019743;-59,8885538;55,000
AM;BR-230;179,000;178,000;1,000;15/03/2023;-7,2019743;-59,8885538;47,500
AM;BR-230;178,000;177,000;1,000;15/03/2023;-7,2019743;-59,8885538;60,000
AM;BR-230;177,000;176,000;1,000;15/03/2023;-7,2019743;-59,8885538;76,250
AM;BR-230;176,000;175,000;1,000;15/03/2023;-7,2019743;-59,8885538;51,250
AM;BR-230;175,000;174,000;1,000;15/03/2023;-7,2019743;-59,8885538;67,500
AM;BR-230;174,000;173,000;1,000;15/03/2023;-7,2019743;-59,8885538;50,000
AM;BR-230;173,000;172,000;1,000;15/03/2023;-7,2019743;-59,8885538;40,000
AM;BR-230;172,000;171,000;1,000;15/03/2023;-7,2019743;-59,8885538;55,000
AM;BR-230;171,000;170,000;1,000;15/03/2023;-7,2019743;-59,8885538;57,500
AM;BR-230;170,000;169,000;1,000;15/03/2023;-7,2019743;-59,8885538;42,500
AM;BR-230;169,000;168,000;1,000;15/03/2023;-7,2019743;-59,8885538;57,500
AM;BR-230;168,000;167,000;1,000;15/03/2023;-7,2019743;-59,8885538;57,500
AM;BR-230;167,000;166,000;1,000;15/03/2023;-7,2019743;-59,8885538;47,500
AM;BR-230;166,000;165,000;1,000;15/03/2023;-7,2019743;-59,8885538;47,500
AM;BR-230;165,000;164,000;1,000;15/03/2023;-7,2019743;-59,8885538;32,500
AM;BR-230;164,000;163,000;1,000;15/03/2023;-7,2019743;-59,8885538;47,500
AM;BR-230;163,000;162,000;1,000;15/03/2023;-7,2019743;-59,8885538;40,000
AM;BR-230;162,000;161,000;1,000;15/03/2023;-7,2019743;-59,8885538;55,000
AM;BR-230;161,000;160,000;1,000;15/03/2023;-7,2019743;-59,8885538;40,000
AM;BR-230;160,000;159,000;1,000;15/03/2023;-7,2019743;-59,8885538;47,500
AM;BR-230;159,000;158,000;1,000;15/03/2023;-7,2019743;-59,8885538;32,500
AM;BR-230;158,000;157,000;1,000;15/03/2023;-7,2019743;-59,8885538;55,000
AM;BR-230;157,000;156,000;1,000;15/03/2023;-7,2019743;-59,8885538;32,500
AM;BR-230;156,000;155,000;1,000;15/03/2023;-7,2019743;-59,8885538;42,500
AM;BR-230;155,000;154,000;1,000;15/03/2023;-7,2019743;-59,8885538;32,500
AM;BR-230;154,000;153,000;1,000;15/03/2023;-7,2019743;-59,8885538;42,500
AM;BR-230;153,000;152,000;1,000;15/03/2023;-7,2019743;-59,8885538;40,000
AM;BR-230;152,000;151,000;1,000;15/03/2023;-7,2019743;-59,8885538;37,500
AM;BR-230;151,000;150,000;1,000;15/03/2023;-7,2019743;-59,8885538;32,500
AM;BR-230;150,000;149,000;1,000;15/03/2023;-7,2019743;-59,8885538;37,500
AM;BR-230;149,000;148,000;1,000;15/03/2023;-7,2019743;-59,8885538;32,500
AM;BR-230;148,000;147,000;1,000;15/03/2023;-7,2019743;-59,8885538;32,500
AM;BR-230;147,000;146,000;1,000;15/03/2023;-7,2019743;-59,8885538;36,250
AM;BR-230;146,000;145,000;1,000;15/03/2023;-7,2019743;-59,8885538;42,500
AM;BR-230;145,000;144,000;1,000;15/03/2023;-7,2019743;-59,8885538;32,500
AM;BR-230;144,000;143,000;1,000;15/03/2023;-7,2019743;-59,8885538;36,250
AM;BR-230;143,000;142,000;1,000;15/03/2023;-7,2019743;-59,8885538;20,000
AM;BR-230;142,000;141,000;1,000;15/03/2023;-7,2019743;-59,8885538;30,000
AM;BR-230;141,000;140,000;1,000;15/03/2023;-7,2019743;-59,8885538;15,000
AM;BR-230;140,000;139,000;1,000;15/03/2023;-7,2019743;-59,8885538;50,000
AM;BR-230;139,000;138,000;1,000;15/03/2023;-7,2019743;-59,8885538;42,500
AM;BR-230;138,000;137,000;1,000;15/03/2023;-7,2019743;-59,8885538;57,500
AM;BR-230;137,000;136,000;1,000;15/03/2023;-7,2019743;-59,8885538;37,500
AM;BR-230;136,000;135,000;1,000;15/03/2023;-7,2019743;-59,8885538;32,500
AM;BR-230;135,000;134,000;1,000;15/03/2023;-7,2019743;-59,8885538;33,750
AM;BR-230;134,000;133,000;1,000;15/03/2023;-7,2019743;-59,8885538;7,500
AM;BR-230;133,000;132,000;1,000;15/03/2023;-7,2019743;-59,8885538;37,500
AM;BR-230;132,000;131,000;1,000;15/03/2023;-7,2019743;-59,8885538;41,250
AM;BR-230;131,000;130,000;1,000;15/03/2023;-7,2019743;-59,8885538;32,500
AM;BR-230;130,000;129,000;1,000;15/03/2023;-7,2019743;-59,8885538;15,000
AM;BR-230;129,000;128,000;1,000;15/03/2023;-7,2019743;-59,8885538;32,500
AM;BR-230;128,000;127,000;1,000;15/03/2023;-7,2019743;-59,8885538;32,500
AM;BR-230;127,000;126,000;1,000;15/03/2023;-7,2019743;-59,8885538;66,250
AM;BR-230;126,000;125,000;1,000;15/03/2023;-7,2019743;-59,8885538;58,750
AM;BR-230;125,000;124,000;1,000;15/03/2023;-7,2033759;-59,8940596;58,750
AM;BR-230;124,000;123,000;1,000;15/03/2023;-7,2033759;-59,8940596;62,500
AM;BR-230;123,000;122,000;1,000;15/03/2023;-7,2033759;-59,8940596;66,250
AM;BR-230;122,000;121,000;1,000;15/03/2023;-7,2033759;-59,8940596;62,500
AM;BR-230;121,000;120,000;1,000;15/03/2023;-7,2033759;-59,8940596;66,250
AM;BR-230;120,000;119,000;1,000;15/03/2023;-7,2033759;-59,8940596;55,000
AM;BR-230;119,000;118,000;1,000;15/03/2023;-7,2033759;-59,8940596;66,250
AM;BR-230;118,000;117,000;1,000;15/03/2023;-7,2033759;-59,8940596;20,000
AM;BR-230;117,000;116,000;1,000;15/03/2023;-7,2033759;-59,8940596;55,000
AM;BR-230;116,000;115,000;1,000;15/03/2023;-7,2033759;-59,8940596;55,000
AM;BR-230;115,000;114,000;1,000;15/03/2023;-7,2033759;-59,8940596;40,000
AM;BR-230;114,000;113,000;1,000;15/03/2023;-7,2033759;-59,8940596;55,000
AM;BR-230;113,000;112,000;1,000;15/03/2023;-7,2033759;-59,8940596;40,000
AM;BR-230;112,000;111,000;1,000;15/03/2023;-7,2033759;-59,8940596;50,000
AM;BR-230;111,000;110,000;1,000;15/03/2023;-7,2033759;-59,8940596;40,000
AM;BR-230;110,000;109,000;1,000;15/03/2023;-7,2033759;-59,8940596;65,000
AM;BR-230;109,000;108,000;1,000;15/03/2023;-7,2033759;-59,8940596;47,500
AM;BR-230;108,000;107,000;1,000;15/03/2023;-7,2033759;-59,8940596;57,500
AM;BR-230;107,000;106,000;1,000;15/03/2023;-7,1990221;-59,8871144;32,500
AM;BR-230;106,000;105,000;1,000;15/03/2023;-7,1990221;-59,8871144;35,000
AM;BR-230;105,000;104,000;1,000;15/03/2023;-7,1990221;-59,8871144;20,000
AM;BR-230;104,000;103,000;1,000;15/03/2023;-7,1990221;-59,8871144;32,500
AM;BR-230;103,000;102,000;1,000;15/03/2023;-7,1990221;-59,8871144;58,750
AM;BR-230;102,000;101,000;1,000;15/03/2023;-7,1990221;-59,8871144;55,000
AM;BR-230;101,000;100,000;1,000;15/03/2023;-7,1990221;-59,8871144;35,000
AM;BR-230;100,000;99,000;1,000;15/03/2023;-7,1990221;-59,8871144;27,500
AM;BR-230;99,000;98,000;1,000;15/03/2023;-7,1990221;-59,8871144;35,000
AM;BR-230;98,000;97,000;1,000;15/03/2023;-7,1990221;-59,8871144;40,000
AM;BR-230;97,000;96,000;1,000;15/03/2023;-7,1990221;-59,8871144;17,500
AM;BR-230;96,000;95,000;1,000;15/03/2023;-7,1990221;-59,8871144;47,500
AM;BR-230;95,000;94,000;1,000;15/03/2023;-7,1990221;-59,8871144;57,500
AM;BR-230;94,000;93,000;1,000;15/03/2023;-7,1990221;-59,8871144;32,500
AM;BR-230;93,000;92,000;1,000;15/03/2023;-7,1990221;-59,8871144;26,250
AM;BR-230;92,000;91,000;1,000;15/03/2023;-7,1990221;-59,8871144;42,500
AM;BR-230;91,000;90,000;1,000;15/03/2023;-7,1990221;-59,8871144;7,500
AM;BR-230;90,000;89,000;1,000;15/03/2023;-7,1990221;-59,8871144;40,000
AM;BR-230;89,000;88,000;1,000;15/03/2023;-7,1990221;-59,8871144;7,500
AM;BR-230;88,000;87,000;1,000;15/03/2023;-7,1990221;-59,8871144;42,500
AM;BR-230;87,000;86,000;1,000;15/03/2023;-7,1990221;-59,8871144;32,500
AM;BR-230;86,000;85,000;1,000;15/03/2023;-7,1990221;-59,8871144;42,500
AM;BR-230;85,000;84,000;1,000;15/03/2023;-7,1990221;-59,8871144;32,500
AM;BR-230;84,000;83,000;1,000;15/03/2023;-7,1990221;-59,8871144;20,000
AM;BR-230;83,000;82,000;1,000;15/03/2023;-7,1990221;-59,8871144;7,500
AM;BR-230;82,000;81,000;1,000;15/03/2023;-7,1990221;-59,8871144;42,500
AM;BR-230;81,000;80,000;1,000;15/03/2023;-7,1990221;-59,8871144;36,250
AM;BR-230;80,000;79,000;1,000;15/03/2023;-7,1990221;-59,8871144;20,000
AM;BR-230;79,000;78,000;1,000;15/03/2023;-7,1990221;-59,8871144;7,500
AM;BR-230;78,000;77,000;1,000;15/03/2023;-7,1990221;-59,8871144;11,250
AM;BR-230;77,000;76,000;1,000;15/03/2023;-7,1990221;-59,8871144;40,000
AM;BR-230;76,000;75,000;1,000;15/03/2023;-7,1990221;-59,8871144;50,000
AM;BR-230;75,000;74,000;1,000;15/03/2023;-6,6658708;-58,7632133;32,500
AM;BR-230;74,000;73,000;1,000;15/03/2023;-6,6658708;-58,7632133;22,500
AM;BR-230;73,000;72,000;1,000;15/03/2023;-6,6658708;-58,7632133;42,500
AM;BR-230;72,000;71,000;1,000;15/03/2023;-6,6658708;-58,7632133;7,500
AM;BR-230;71,000;70,000;1,000;15/03/2023;-6,6658708;-58,7632133;47,500
AM;BR-230;70,000;69,000;1,000;15/03/2023;-6,6658708;-58,7632133;32,500
AM;BR-230;69,000;68,000;1,000;15/03/2023;-6,6658708;-58,7632133;33,750
AM;BR-230;68,000;67,000;1,000;15/03/2023;-6,6658708;-58,7632133;7,500
AM;BR-230;67,000;66,000;1,000;15/03/2023;-6,6658708;-58,7632133;32,500
AM;BR-230;66,000;65,000;1,000;15/03/2023;-6,6658708;-58,7632133;20,000
AM;BR-230;65,000;64,000;1,000;15/03/2023;-6,6658708;-58,7632133;22,500
AM;BR-230;64,000;63,000;1,000;15/03/2023;-6,6658708;-58,7632133;32,500
AM;BR-230;63,000;62,000;1,000;15/03/2023;-6,6658708;-58,7632133;32,500
AM;BR-230;62,000;61,000;1,000;15/03/2023;-6,6658708;-58,7632133;26,250
AM;BR-230;61,000;60,000;1,000;15/03/2023;-6,6658708;-58,7632133;20,000
AM;BR-230;60,000;59,000;1,000;15/03/2023;-6,6658708;-58,7632133;32,500
AM;BR-230;59,000;58,000;1,000;15/03/2023;-6,6658708;-58,7632133;50,000
AM;BR-230;58,000;57,000;1,000;15/03/2023;-6,6658708;-58,7632133;18,750
AM;BR-230;57,000;56,000;1,000;15/03/2023;-6,6658708;-58,7632133;35,000
AM;BR-230;56,000;55,000;1,000;15/03/2023;-6,6658708;-58,7632133;20,000
AM;BR-230;55,000;54,000;1,000;15/03/2023;-6,6658708;-58,7632133;7,500
AM;BR-230;54,000;53,000;1,000;15/03/2023;-6,6658708;-58,7632133;7,500
AM;BR-230;53,000;52,000;1,000;15/03/2023;-6,6658708;-58,7632133;35,000
AM;BR-230;52,000;51,000;1,000;15/03/2023;-6,6658708;-58,7632133;26,250
AM;BR-230;51,000;50,000;1,000;15/03/2023;-6,6658708;-58,7632133;25,000
AM;BR-230;50,000;49,000;1,000;15/03/2023;-7,1903636;-59,8856407;31,250
AM;BR-230;49,000;48,000;1,000;15/03/2023;-7,1903636;-59,8856407;20,000
AM;BR-230;48,000;47,000;1,000;15/03/2023;-7,1903636;-59,8856407;20,000
AM;BR-230;47,000;46,000;1,000;15/03/2023;-7,1903636;-59,8856407;20,000
AM;BR-230;46,000;45,000;1,000;15/03/2023;-7,1903636;-59,8856407;12,500
AM;BR-230;45,000;44,000;1,000;15/03/2023;-7,1903636;-59,8856407;26,250
AM;BR-230;44,000;43,000;1,000;15/03/2023;-7,1903636;-59,8856407;7,500
AM;BR-230;43,000;42,000;1,000;15/03/2023;-7,1903636;-59,8856407;20,000
AM;BR-230;42,000;41,000;1,000;15/03/2023;-7,1903636;-59,8856407;12,500
AM;BR-230;41,000;40,000;1,000;15/03/2023;-7,1903636;-59,8856407;30,000
AM;BR-230;40,000;39,000;1,000;15/03/2023;-7,1903636;-59,8856407;26,250
AM;BR-230;39,000;38,000;1,000;15/03/2023;-7,1903636;-59,8856407;20,000
AM;BR-230;38,000;37,000;1,000;15/03/2023;-7,1903636;-59,8856407;7,500
AM;BR-230;37,000;36,000;1,000;15/03/2023;-7,1903636;-59,8856407;26,250
AM;BR-230;36,000;35,000;1,000;15/03/2023;-7,1903636;-59,8856407;20,000
AM;BR-230;35,000;34,000;1,000;15/03/2023;-7,1903636;-59,8856407;7,500
AM;BR-230;34,000;33,000;1,000;15/03/2023;-7,1903636;-59,8856407;40,000
AM;BR-230;33,000;32,000;1,000;15/03/2023;-7,1903636;-59,8856407;15,000
AM;BR-230;32,000;31,000;1,000;15/03/2023;-7,1903636;-59,8856407;32,500
AM;BR-230;31,000;30,000;1,000;15/03/2023;-7,1903636;-59,8856407;42,500
AM;BR-230;30,000;29,000;1,000;15/03/2023;-7,1903636;-59,8856407;17,500
AM;BR-230;29,000;28,000;1,000;15/03/2023;-7,1903636;-59,8856407;22,500
AM;BR-230;28,000;27,000;1,000;15/03/2023;-7,1903636;-59,8856407;55,000
AM;BR-230;27,000;26,000;1,000;15/03/2023;-6,5110001;-58,4365154;15,000
AM;BR-230;26,000;25,000;1,000;15/03/2023;-6,5110001;-58,4365154;92,500
AM;BR-230;25,000;24,000;1,000;15/03/2023;-6,5110001;-58,4365154;32,500
AM;BR-230;24,000;23,000;1,000;15/03/2023;-6,5110001;-58,4365154;26,250
AM;BR-230;23,000;22,000;1,000;15/03/2023;-6,5110001;-58,4365154;26,250
AM;BR-230;22,000;21,000;1,000;15/03/2023;-6,5110001;-58,4365154;7,500
AM;BR-230;21,000;20,000;1,000;15/03/2023;-6,5110001;-58,4365154;7,500
AM;BR-230;20,000;19,000;1,000;15/03/2023;-6,5110001;-58,4365154;20,000
AM;BR-230;19,000;18,000;1,000;15/03/2023;-6,5110001;-58,4365154;7,500
AM;BR-230;18,000;17,000;1,000;15/03/2023;-6,5110001;-58,4365154;7,500
AM;BR-230;17,000;16,000;1,000;15/03/2023;-6,5110001;-58,4365154;15,000
AM;BR-230;16,000;15,000;1,000;15/03/2023;-6,5110001;-58,4365154;22,500
AM;BR-230;15,000;14,000;1,000;15/03/2023;-6,5110001;-58,4365154;32,500
AM;BR-230;14,000;13,000;1,000;15/03/2023;-6,5110001;-58,4365154;42,500
AM;BR-230;13,000;12,000;1,000;15/03/2023;-6,5110001;-58,4365154;7,500
AM;BR-230;12,000;11,000;1,000;15/03/2023;-6,5110001;-58,4365154;47,500
AM;BR-230;11,000;10,000;1,000;15/03/2023;-6,5110001;-58,4365154;7,500
AM;BR-230;10,000;9,000;1,000;15/03/2023;-6,5110001;-58,4365154;7,500
AM;BR-230;9,000;8,000;1,000;15/03/2023;-6,5110001;-58,4365154;17,500
AM;BR-230;8,000;7,000;1,000;15/03/2023;-6,5110001;-58,4365154;7,500
AM;BR-230;7,000;6,000;1,000;15/03/2023;-6,5110001;-58,4365154;7,500
AM;BR-230;6,000;5,000;1,000;15/03/2023;-6,5110001;-58,4365154;7,500
AM;BR-230;5,000;4,000;1,000;15/03/2023;-6,5110001;-58,4365154;36,250
AM;BR-230;4,000;3,000;1,000;15/03/2023;-6,5110001;-58,4365154;7,500
AM;BR-230;3,000;2,000;1,000;15/03/2023;-6,5110001;-58,4365154;32,500
AM;BR-230;2,000;1,000;1,000;15/03/2023;-6,5110001;-58,4365154;7,500
AM;BR-230;314,800;315,000;0,200;16/03/2023;-7,5211131;-60,6722058;42,500
AM;BR-230;315,000;316,000;1,000;16/03/2023;-7,5211131;-60,6722058;47,500
AM;BR-230;316,000;317,000;1,000;16/03/2023;-7,5248225;-60,6846877;50,000
AM;BR-230;317,000;318,000;1,000;16/03/2023;-7,5248225;-60,6846877;36,250
AM;BR-230;318,000;319,000;1,000;16/03/2023;-7,53551155;-60,6961841;36,250
AM;BR-230;319,000;320,000;1,000;16/03/2023;-7,53551155;-60,6961841;50,000
AM;BR-230;320,000;321,000;1,000;16/03/2023;-7,53551155;-60,6961841;40,000
AM;BR-230;321,000;322,000;1,000;16/03/2023;-7,55422531;-60,7149067;46,250
AM;BR-230;322,000;323,000;1,000;16/03/2023;-7,55422531;-60,7149067;51,250
AM;BR-230;323,000;324,000;1,000;16/03/2023;-7,55422531;-60,7149067;50,000
AM;BR-230;324,000;325,000;1,000;16/03/2023;-7,57398033;-60,7340052;62,500
AM;BR-230;325,000;326,000;1,000;16/03/2023;-7,57398033;-60,7340052;80,000
AM;BR-230;326,000;327,000;1,000;16/03/2023;-7,57398033;-60,7340052;58,750
AM;BR-230;327,000;328,000;1,000;16/03/2023;-7,59208495;-60,7545098;46,250
AM;BR-230;328,000;329,000;1,000;16/03/2023;-7,59208495;-60,7545098;62,500
AM;BR-230;329,000;330,000;1,000;16/03/2023;-7,59208495;-60,7545098;58,750
AM;BR-230;330,000;331,000;1,000;16/03/2023;-7,60924218;-60,7757965;51,250
AM;BR-230;331,000;332,000;1,000;16/03/2023;-7,60924218;-60,7757965;68,750
AM;BR-230;332,000;333,000;1,000;16/03/2023;-7,60924218;-60,7757965;58,750
AM;BR-230;333,000;334,000;1,000;16/03/2023;-7,61480358;-60,8027874;62,500
AM;BR-230;334,000;335,000;1,000;16/03/2023;-7,61480358;-60,8027874;62,500
AM;BR-230;335,000;336,000;1,000;16/03/2023;-7,61480358;-60,8027874;73,750
AM;BR-230;336,000;337,000;1,000;16/03/2023;-7,63459873;-60,8209202;55,000
AM;BR-230;337,000;338,000;1,000;16/03/2023;-7,63459873;-60,8209202;55,000
AM;BR-230;338,000;339,000;1,000;16/03/2023;-7,1978018;-59,8856407;51,250
AM;BR-230;339,000;340,000;1,000;16/03/2023;-7,64856491;-60,8454634;50,000
AM;BR-230;340,000;341,000;1,000;16/03/2023;-7,64856491;-60,8454634;55,000
AM;BR-230;341,000;342,000;1,000;16/03/2023;-7,64856491;-60,8454634;70,000
AM;BR-230;342,000;343,000;1,000;16/03/2023;-7,65309526;-60,8713206;66,250
AM;BR-230;343,000;344,000;1,000;16/03/2023;-7,65309526;-60,8713206;55,000
AM;BR-230;344,000;345,000;1,000;16/03/2023;-7,65309526;-60,8713206;83,750
AM;BR-230;345,000;346,000;1,000;16/03/2023;-7,66899388;-60,8919108;55,000
AM;BR-230;346,000;347,000;1,000;16/03/2023;-7,66899388;-60,8919108;58,750
AM;BR-230;347,000;348,000;1,000;16/03/2023;-7,66899388;-60,8919108;76,250
AM;BR-230;348,000;349,000;1,000;16/03/2023;-7,68277235;-60,9147011;80,000
AM;BR-230;349,000;350,000;1,000;16/03/2023;-7,68277235;-60,9147011;72,500
AM;BR-230;350,000;351,000;1,000;16/03/2023;-7,68277235;-60,9147011;80,000
AM;BR-230;351,000;352,000;1,000;16/03/2023;-7,68658821;-60,9410261;87,500
AM;BR-230;352,000;353,000;1,000;16/03/2023;-7,68658821;-60,9410261;72,500
AM;BR-230;353,000;354,000;1,000;16/03/2023;-7,68658821;-60,9410261;83,750
AM;BR-230;354,000;355,000;1,000;16/03/2023;-7,68581186;-60,9690165;72,500
AM;BR-230;355,000;356,000;1,000;16/03/2023;-7,68581186;-60,9690165;80,000
AM;BR-230;356,000;357,000;1,000;16/03/2023;-7,68581186;-60,9690165;91,250
AM;BR-230;357,000;358,000;1,000;16/03/2023;-7,69223291;-60,9952634;76,250
AM;BR-230;358,000;359,000;1,000;16/03/2023;-7,69223291;-60,9952634;57,500
AM;BR-230;359,000;360,000;1,000;16/03/2023;-7,69223291;-60,9952634;83,750
AM;BR-230;360,000;361,000;1,000;16/03/2023;-7,70757163;-61,0150321;57,500
AM;BR-230;361,000;362,000;1,000;16/03/2023;-7,70757163;-61,0150321;87,500
AM;BR-230;362,000;363,000;1,000;16/03/2023;-7,70757163;-61,0150321;68,750
AM;BR-230;363,000;364,000;1,000;16/03/2023;-7,71108626;-61,0415734;68,750
AM;BR-230;364,000;365,000;1,000;16/03/2023;-7,71108626;-61,0415734;65,000
AM;BR-230;365,000;366,000;1,000;16/03/2023;-7,71108626;-61,0415734;91,250
AM;BR-230;366,000;367,000;1,000;16/03/2023;-7,72405583;-61,0647191;61,250
AM;BR-230;367,000;368,000;1,000;16/03/2023;-7,72405583;-61,0647191;68,750
AM;BR-230;368,000;369,000;1,000;16/03/2023;-7,72405583;-61,0647191;68,750
AM;BR-230;369,000;370,000;1,000;16/03/2023;-7,7381258;-61,0897581;72,500
AM;BR-230;370,000;371,000;1,000;16/03/2023;-7,7381258;-61,0897581;57,500
AM;BR-230;371,000;372,000;1,000;16/03/2023;-7,74413163;-61,1157592;58,750
AM;BR-230;372,000;373,000;1,000;16/03/2023;-7,74413163;-61,1157592;47,500
AM;BR-230;373,000;374,000;1,000;16/03/2023;-7,74413163;-61,1157592;83,750
AM;BR-230;374,000;375,000;1,000;16/03/2023;-7,76195595;-61,1361037;65,000
AM;BR-230;375,000;376,000;1,000;16/03/2023;-7,76195595;-61,1361037;66,250
AM;BR-230;376,000;377,000;1,000;16/03/2023;-7,76195595;-61,1361037;58,750
AM;BR-230;377,000;378,000;1,000;16/03/2023;-7,7737934;-61,1602209;32,500
AM;BR-230;378,000;379,000;1,000;16/03/2023;-7,7737934;-61,1602209;72,500
AM;BR-230;379,000;380,000;1,000;16/03/2023;-7,7737934;-61,1602209;72,500
AM;BR-230;380,000;381,000;1,000;16/03/2023;-7,78601661;-61,1852525;80,000
AM;BR-230;381,000;382,000;1,000;16/03/2023;-7,78601661;-61,1852525;61,250
AM;BR-230;382,000;383,000;1,000;16/03/2023;-7,78601661;-61,1852525;80,000
AM;BR-230;383,000;384,000;1,000;16/03/2023;-7,78601661;-61,1852525;76,250
AM;BR-230;384,000;385,000;1,000;16/03/2023;-7,78601661;-61,1852525;81,250
AM;BR-230;385,000;386,000;1,000;16/03/2023;-7,80560325;-61,2082833;63,750
AM;BR-230;386,000;387,000;1,000;16/03/2023;-7,80560325;-61,2082833;87,500
AM;BR-230;387,000;388,000;1,000;16/03/2023;-7,80560325;-61,2082833;83,750
AM;BR-230;388,000;389,000;1,000;16/03/2023;-7,81623935;-61,228604;80,000
AM;BR-230;389,000;390,000;1,000;16/03/2023;-7,81623935;-61,228604;76,250
AM;BR-230;390,000;391,000;1,000;16/03/2023;-7,8224286;-61,2449496;67,500
AM;BR-230;391,000;392,000;1,000;16/03/2023;-7,8224286;-61,2449496;76,250
AM;BR-230;392,000;393,000;1,000;16/03/2023;-7,8224286;-61,2449496;65,000
AM;BR-230;393,000;394,000;1,000;16/03/2023;-7,8224286;-61,2449496;43,750
AM;BR-230;394,000;395,000;1,000;16/03/2023;-7,83698343;-61,2794013;80,000
AM;BR-230;395,000;396,000;1,000;16/03/2023;-7,83698343;-61,2794013;77,500
AM;BR-230;396,000;397,000;1,000;16/03/2023;-7,83698343;-61,2794013;51,250
AM;BR-230;397,000;398,000;1,000;16/03/2023;-7,84620075;-61,3059157;50,000
AM;BR-230;398,000;399,000;1,000;16/03/2023;-7,84620075;-61,3059157;66,250
AM;BR-230;399,000;400,000;1,000;16/03/2023;-7,84620075;-61,3059157;67,500
AM;BR-230;400,000;400,600;0,600;16/03/2023;-7,84620075;-61,3059157;83,750
AM;BR-230;214,400;215,000;0,600;16/03/2023;-7,20283945;-59,8948732;65,000
AM;BR-230;215,000;216,000;1,000;16/03/2023;-7,20283945;-59,8948732;60,000
AM;BR-230;216,000;217,000;1,000;16/03/2023;-7,20283945;-59,8948732;52,500
AM;BR-230;217,000;218,000;1,000;16/03/2023;-7,20283945;-59,8948732;81,250
AM;BR-230;218,000;219,000;1,000;16/03/2023;-7,20283945;-59,8948732;76,250
AM;BR-230;219,000;220,000;1,000;16/03/2023;-7,21461768;-59,9224094;70,000
AM;BR-230;220,000;221,000;1,000;16/03/2023;-7,21461768;-59,9224094;95,000
AM;BR-230;221,000;222,000;1,000;16/03/2023;-7,21461768;-59,9224094;95,000
AM;BR-230;222,000;223,000;1,000;16/03/2023;-7,2237531;-59,9406639;90,000
AM;BR-230;223,000;224,000;1,000;16/03/2023;-7,2237531;-59,9406639;85,000
AM;BR-230;224,000;225,000;1,000;16/03/2023;-7,1978018;-59,8856407;77,500
AM;BR-230;225,000;226,000;1,000;16/03/2023;-7,23219946;-59,9642398;55,000
AM;BR-230;226,000;227,000;1,000;16/03/2023;-7,23219946;-59,9642398;62,500
AM;BR-230;227,000;228,000;1,000;16/03/2023;-7,23219946;-59,9642398;40,000
AM;BR-230;228,000;229,000;1,000;16/03/2023;-7,23412095;-59,9884967;62,500
AM;BR-230;229,000;230,000;1,000;16/03/2023;-7,23412095;-59,9884967;62,500
AM;BR-230;230,000;231,000;1,000;16/03/2023;-7,23412095;-59,9884967;70,000
AM;BR-230;231,000;232,000;1,000;16/03/2023;-7,23721048;-60,0152727;87,500
AM;BR-230;232,000;233,000;1,000;16/03/2023;-7,23721048;-60,0152727;56,250
AM;BR-230;233,000;234,000;1,000;16/03/2023;-7,23721048;-60,0152727;62,500
AM;BR-230;234,000;235,000;1,000;16/03/2023;-7,25708865;-60,0335881;57,500
AM;BR-230;235,000;236,000;1,000;16/03/2023;-7,25708865;-60,0335881;53,750
AM;BR-230;236,000;237,000;1,000;16/03/2023;-7,25708865;-60,0335881;32,500
AM;BR-230;237,000;238,000;1,000;16/03/2023;-7,27589236;-60,052721;36,250
AM;BR-230;238,000;239,000;1,000;16/03/2023;-7,1978018;-59,8856407;43,750
AM;BR-230;239,000;240,000;1,000;16/03/2023;-7,1978018;-59,8856407;36,250
AM;BR-230;240,000;241,000;1,000;16/03/2023;-7,28690133;-60,0777754;32,500
AM;BR-230;241,000;242,000;1,000;16/03/2023;-7,28690133;-60,0777754;58,750
AM;BR-230;242,000;243,000;1,000;16/03/2023;-7,28690133;-60,0777754;55,000
AM;BR-230;243,000;244,000;1,000;16/03/2023;-7,29294786;-60,1042842;36,250
AM;BR-230;244,000;245,000;1,000;16/03/2023;-7,29294786;-60,1042842;55,000
AM;BR-230;245,000;246,000;1,000;16/03/2023;-7,29294786;-60,1042842;55,000
AM;BR-230;246,000;247,000;1,000;16/03/2023;-7,29952695;-60,1308047;50,000
AM;BR-230;247,000;248,000;1,000;16/03/2023;-7,29952695;-60,1308047;40,000
AM;BR-230;248,000;249,000;1,000;16/03/2023;-7,29952695;-60,1308047;36,250
AM;BR-230;249,000;250,000;1,000;16/03/2023;-7,30747183;-60,1562974;40,000
AM;BR-230;250,000;251,000;1,000;16/03/2023;-7,30747183;-60,1562974;41,250
AM;BR-230;251,000;252,000;1,000;16/03/2023;-7,30747183;-60,1562974;40,000
AM;BR-230;252,000;253,000;1,000;16/03/2023;-7,30896846;-60,1829285;32,500
AM;BR-230;253,000;254,000;1,000;16/03/2023;-7,30896846;-60,1829285;56,250
AM;BR-230;254,000;255,000;1,000;16/03/2023;-7,30896846;-60,1829285;41,250
AM;BR-230;255,000;256,000;1,000;16/03/2023;-7,31965508;-60,2078177;41,250
AM;BR-230;256,000;257,000;1,000;16/03/2023;-7,31965508;-60,2078177;43,750
AM;BR-230;257,000;258,000;1,000;16/03/2023;-7,31965508;-60,2078177;40,000
AM;BR-230;258,000;259,000;1,000;16/03/2023;-7,33821048;-60,2279352;61,250
AM;BR-230;259,000;260,000;1,000;16/03/2023;-7,33821048;-60,2279352;35,000
AM;BR-230;260,000;261,000;1,000;16/03/2023;-7,33821048;-60,2279352;43,750
AM;BR-230;261,000;262,000;1,000;16/03/2023;-7,34684358;-60,2525441;58,750
AM;BR-230;262,000;263,000;1,000;16/03/2023;-7,34684358;-60,2525441;47,500
AM;BR-230;263,000;264,000;1,000;16/03/2023;-7,34684358;-60,2525441;55,000
AM;BR-230;264,000;265,000;1,000;16/03/2023;-7,34684358;-60,2525441;70,000
AM;BR-230;265,000;266,000;1,000;16/03/2023;-7,3631447;-60,2742736;32,500
AM;BR-230;266,000;267,000;1,000;16/03/2023;-7,3631447;-60,2742736;37,500
AM;BR-230;267,000;268,000;1,000;16/03/2023;-7,3631447;-60,2742736;33,750
AM;BR-230;268,000;269,000;1,000;16/03/2023;-7,37154785;-60,3007022;62,500
AM;BR-230;269,000;270,000;1,000;16/03/2023;-7,37154785;-60,3007022;47,500
AM;BR-230;270,000;271,000;1,000;16/03/2023;-7,37154785;-60,3007022;43,750
AM;BR-230;271,000;272,000;1,000;16/03/2023;-7,38412635;-60,3230661;36,250
AM;BR-230;272,000;273,000;1,000;16/03/2023;-7,38412635;-60,3230661;55,000
AM;BR-230;273,000;274,000;1,000;16/03/2023;-7,38412635;-60,3230661;37,500
AM;BR-230;274,000;275,000;1,000;16/03/2023;-7,38754383;-60,3496755;52,500
AM;BR-230;275,000;276,000;1,000;16/03/2023;-7,38754383;-60,3496755;55,000
AM;BR-230;276,000;277,000;1,000;16/03/2023;-7,38754383;-60,3496755;18,750
AM;BR-230;277,000;278,000;1,000;16/03/2023;-7,39688298;-60,3727673;66,250
AM;BR-230;278,000;279,000;1,000;16/03/2023;-7,39688298;-60,3727673;32,500
AM;BR-230;279,000;280,000;1,000;16/03/2023;-7,39688298;-60,3727673;63,750
AM;BR-230;280,000;281,000;1,000;16/03/2023;-7,39688298;-60,3727673;72,500
AM;BR-230;281,000;282,000;1,000;16/03/2023;-7,41706253;-60,3902049;55,000
AM;BR-230;282,000;283,000;1,000;16/03/2023;-7,41706253;-60,3902049;32,500
AM;BR-230;283,000;284,000;1,000;16/03/2023;-7,41706253;-60,3902049;91,250
AM;BR-230;284,000;285,000;1,000;16/03/2023;-7,41706253;-60,3902049;27,500
AM;BR-230;285,000;286,000;1,000;16/03/2023;-7,41706253;-60,3902049;51,250
AM;BR-230;286,000;287,000;1,000;16/03/2023;-7,41706253;-60,3902049;62,500
AM;BR-230;287,000;288,000;1,000;16/03/2023;-7,43238873;-60,4180921;73,750
AM;BR-230;288,000;289,000;1,000;16/03/2023;-7,43238873;-60,4180921;66,250
AM;BR-230;289,000;290,000;1,000;16/03/2023;-7,43238873;-60,4180921;91,250
AM;BR-230;290,000;291,000;1,000;16/03/2023;-7,44102815;-60,4428681;50,000
AM;BR-230;291,000;292,000;1,000;16/03/2023;-7,44102815;-60,4428681;58,750
AM;BR-230;292,000;293,000;1,000;16/03/2023;-7,44102815;-60,4428681;58,750
AM;BR-230;293,000;294,000;1,000;16/03/2023;-7,45137245;-60,4681819;55,000
AM;BR-230;294,000;295,000;1,000;16/03/2023;-7,45137245;-60,4681819;42,500
AM;BR-230;295,000;296,000;1,000;16/03/2023;-7,45137245;-60,4681819;72,500
AM;BR-230;296,000;297,000;1,000;16/03/2023;-7,46347685;-60,4930764;95,000
AM;BR-230;297,000;298,000;1,000;16/03/2023;-7,46347685;-60,4930764;80,000
AM;BR-230;298,000;299,000;1,000;16/03/2023;-7,46347685;-60,4930764;61,250
AM;BR-230;299,000;300,000;1,000;16/03/2023;-7,46687248;-60,5230244;58,750
AM;BR-230;300,000;301,000;1,000;16/03/2023;-7,46687248;-60,5230244;36,250
AM;BR-230;301,000;302,000;1,000;16/03/2023;-7,46687248;-60,5230244;48,750
AM;BR-230;302,000;303,000;1,000;16/03/2023;-7,47951021;-60,5417321;55,000
AM;BR-230;303,000;304,000;1,000;16/03/2023;-7,47951021;-60,5417321;51,250
AM;BR-230;304,000;305,000;1,000;16/03/2023;-7,47951021;-60,5417321;32,500
AM;BR-230;305,000;306,000;1,000;16/03/2023;-7,49259811;-60,5652867;63,750
AM;BR-230;306,000;307,000;1,000;16/03/2023;-7,49259811;-60,5652867;72,500
AM;BR-230;307,000;308,000;1,000;16/03/2023;-7,49259811;-60,5652867;65,000
AM;BR-230;308,000;309,000;1,000;16/03/2023;-7,50509145;-60,600501;47,500
AM;BR-230;309,000;310,000;1,000;16/03/2023;-7,50509145;-60,600501;46,250
AM;BR-230;310,000;311,000;1,000;16/03/2023;-7,50509145;-60,600501;65,000
AM;BR-230;311,000;312,000;1,000;16/03/2023;-7,51254136;-60,6178576;40,000
AM;BR-230;312,000;313,000;1,000;16/03/2023;-7,51254136;-60,6178576;46,250
AM;BR-230;313,000;314,000;1,000;16/03/2023;-7,51254136;-60,6178576;50,000
AM;BR-230;314,000;314,400;0,400;16/03/2023;-7,52195458;-60,6438381;45,000
AM;BR-174;195,000;196,000;1,000;16/03/2023;-7,50292835;-60,5885502;50,000
AM;BR-174;196,000;197,000;1,000;16/03/2023;-7,50292835;-60,5885502;32,500
AM;BR-174;197,000;198,000;1,000;16/03/2023;-7,50292835;-60,5885502;7,500
AM;BR-174;198,000;199,000;1,000;16/03/2023;-7,50292835;-60,5885502;7,500
AM;BR-174;199,000;200,000;1,000;16/03/2023;-7,50292835;-60,5885502;7,500
AM;BR-174;200,000;201,000;1,000;16/03/2023;-7,50292835;-60,5885502;30,000
AM;BR-174;201,000;202,000;1,000;16/03/2023;-7,50292835;-60,5885502;32,500
AM;BR-174;202,000;203,000;1,000;16/03/2023;-7,50292835;-60,5885502;32,500
AM;BR-174;203,000;204,000;1,000;16/03/2023;-7,1978018;-59,8856407;32,500
AM;BR-174;204,000;205,000;1,000;16/03/2023;-7,1978018;-59,8856407;40,000
AM;BR-174;205,000;206,000;1,000;16/03/2023;-7,1978018;-59,8856407;66,250
AM;BR-174;206,000;207,000;1,000;16/03/2023;-7,1978018;-59,8856407;40,000
AM;BR-174;207,000;208,000;1,000;16/03/2023;-7,1978018;-59,8856407;46,250
AM;BR-174;208,000;209,000;1,000;16/03/2023;-7,1978018;-59,8856407;40,000
AM;BR-174;209,000;210,000;1,000;16/03/2023;-7,1978018;-59,8856407;32,500
AM;BR-174;210,000;211,000;1,000;16/03/2023;-7,1978018;-59,8856407;58,750
AM;BR-174;211,000;212,000;1,000;16/03/2023;-7,1978018;-59,8856407;31,250
AM;BR-174;212,000;213,000;1,000;16/03/2023;-7,1978018;-59,8856407;26,250
AM;BR-174;213,000;214,000;1,000;16/03/2023;-7,1978018;-59,8856407;50,000
AM;BR-174;214,000;215,000;1,000;16/03/2023;-7,1978018;-59,8856407;32,500
AM;BR-174;215,000;216,000;1,000;16/03/2023;-7,1978018;-59,8856407;40,000
AM;BR-174;216,000;217,000;1,000;16/03/2023;-7,1978018;-59,8856407;37,500
AM;BR-174;217,000;218,000;1,000;16/03/2023;-7,1978018;-59,8856407;47,500
AM;BR-174;218,000;219,000;1,000;16/03/2023;-7,1978018;-59,8856407;65,000
AM;BR-174;219,000;220,000;1,000;16/03/2023;-7,1978018;-59,8856407;26,250
AM;BR-174;220,000;221,000;1,000;16/03/2023;-7,1978018;-59,8856407;47,500
AM;BR-174;221,000;222,000;1,000;16/03/2023;-7,1978018;-59,8856407;12,500
AM;BR-174;222,000;223,000;1,000;16/03/2023;-7,1978018;-59,8856407;32,500
AM;BR-174;223,000;224,000;1,000;16/03/2023;-7,1978018;-59,8856407;58,750
AM;BR-174;224,000;225,000;1,000;16/03/2023;-7,1978018;-59,8856407;47,500
AM;BR-174;225,000;226,000;1,000;16/03/2023;-7,1978018;-59,8856407;95,000
AM;BR-174;226,000;227,000;1,000;16/03/2023;-7,1978018;-59,8856407;91,250
GO;BR-070;67,300;68,000;0,700;20/03/2023;-15,7777415;-48,7788273;0,000
GO;BR-070;68,000;69,000;1,000;20/03/2023;-15,7777415;-48,7788273;0,000
GO;BR-070;69,000;70,000;1,000;20/03/2023;-15,782178;-48,7954107;0,000
GO;BR-070;70,000;71,000;1,000;20/03/2023;-15,7844768;-48,7921296;0,000
GO;BR-070;71,000;72,000;1,000;20/03/2023;-15,7726249;-48,7933861;18,750
GO;BR-070;72,000;73,000;1,000;20/03/2023;-15,7726249;-48,7933861;18,750
GO;BR-070;73,000;74,000;1,000;20/03/2023;-15,7726249;-48,7933861;23,750
GO;BR-070;74,000;75,000;1,000;20/03/2023;-15,7956247;-48,7852192;45,000
GO;BR-070;75,000;76,000;1,000;20/03/2023;-15,7866774;-48,795271;12,500
GO;BR-070;76,000;77,000;1,000;20/03/2023;-15,7866774;-48,795271;20,000
GO;BR-070;77,000;78,000;1,000;20/03/2023;-15,7866774;-48,795271;0,000
GO;BR-070;78,000;79,000;1,000;20/03/2023;-15,7866774;-48,795271;0,000
GO;BR-070;79,000;80,000;1,000;20/03/2023;-15,7866774;-48,795271;0,000
GO;BR-070;80,000;81,000;1,000;20/03/2023;-15,7866774;-48,795271;12,500
GO;BR-070;81,000;82,000;1,000;20/03/2023;-15,7866774;-48,795271;7,500
GO;BR-070;82,000;83,000;1,000;20/03/2023;-15,7866774;-48,795271;0,000
GO;BR-070;83,000;84,000;1,000;20/03/2023;-15,7866774;-48,795271;12,500
GO;BR-070;84,000;85,000;1,000;20/03/2023;-15,7866774;-48,795271;5,000
GO;BR-070;85,000;86,000;1,000;20/03/2023;-15,7866774;-48,795271;7,500
GO;BR-070;86,000;87,000;1,000;20/03/2023;-15,7866774;-48,795271;12,500
GO;BR-070;87,000;88,000;1,000;20/03/2023;-15,7866774;-48,795271;17,500
GO;BR-070;88,000;89,000;1,000;20/03/2023;-15,7866774;-48,795271;5,000
GO;BR-070;89,000;90,000;1,000;20/03/2023;-15,7866774;-48,795271;5,000
GO;BR-070;90,000;91,000;1,000;20/03/2023;-15,7866774;-48,795271;12,500
GO;BR-070;91,000;92,000;1,000;20/03/2023;-15,7866774;-48,795271;12,500
GO;BR-070;92,000;93,000;1,000;20/03/2023;-15,7866774;-48,795271;20,000
GO;BR-070;93,000;94,000;1,000;20/03/2023;-15,7866774;-48,795271;12,500
GO;BR-070;94,000;95,000;1,000;20/03/2023;-15,7866774;-48,795271;0,000
GO;BR-070;95,000;96,000;1,000;20/03/2023;-15,7866774;-48,795271;0,000
GO;BR-070;96,000;97,000;1,000;20/03/2023;-15,7866774;-48,795271;17,500
GO;BR-070;97,000;98,000;1,000;20/03/2023;-15,7866774;-48,795271;12,500
GO;BR-070;98,000;99,000;1,000;20/03/2023;-15,818408;-49,0080347;18,750
GO;BR-070;99,000;100,000;1,000;20/03/2023;-15,818408;-49,0080347;33,750
GO;BR-070;100,000;101,000;1,000;20/03/2023;-15,818408;-49,0080347;60,000
GO;BR-070;101,000;102,000;1,000;20/03/2023;-15,818408;-49,0080347;38,750
GO;BR-070;102,000;103,000;1,000;20/03/2023;-15,818408;-49,0080347;53,750
GO;BR-070;103,000;104,000;1,000;20/03/2023;-15,818408;-49,0080347;55,000
GO;BR-070;104,000;105,000;1,000;20/03/2023;-15,818408;-49,0080347;31,250
GO;BR-070;105,000;106,000;1,000;20/03/2023;-15,818408;-49,0080347;12,500
GO;BR-070;106,000;107,000;1,000;20/03/2023;-15,818408;-49,0080347;15,000
GO;BR-070;107,000;108,000;1,000;20/03/2023;-15,818408;-49,0080347;12,500
GO;BR-070;108,000;109,000;1,000;20/03/2023;-15,818408;-49,0080347;15,000
GO;BR-070;109,000;110,000;1,000;20/03/2023;-15,818408;-49,0080347;5,000
GO;BR-070;110,000;111,000;1,000;20/03/2023;-15,818408;-49,0080347;5,000
GO;BR-070;111,000;112,000;1,000;20/03/2023;-15,818408;-49,0080347;5,000
GO;BR-070;112,000;113,000;1,000;20/03/2023;-15,818408;-49,0080347;5,000
GO;BR-070;113,000;114,000;1,000;20/03/2023;-15,818408;-49,0080347;15,000
GO;BR-070;114,000;115,000;1,000;20/03/2023;-15,818408;-49,0080347;0,000
GO;BR-070;115,000;116,000;1,000;20/03/2023;-15,818408;-49,0080347;12,500
GO;BR-070;116,000;117,000;1,000;20/03/2023;-15,818408;-49,0080347;12,500
GO;BR-070;117,000;118,000;1,000;20/03/2023;-15,818408;-49,0080347;27,500
GO;BR-070;118,000;119,000;1,000;20/03/2023;-15,818408;-49,0080347;0,000
GO;BR-070;119,000;120,000;1,000;20/03/2023;-15,818408;-49,0080347;0,000
GO;BR-070;120,000;121,000;1,000;20/03/2023;-15,818408;-49,0080347;0,000
GO;BR-070;121,000;122,000;1,000;20/03/2023;-15,818408;-49,0080347;0,000
GO;BR-070;122,000;123,000;1,000;20/03/2023;-15,818408;-49,0080347;0,000
GO;BR-070;123,000;124,000;1,000;20/03/2023;-15,818408;-49,0080347;0,000
GO;BR-070;124,000;125,000;1,000;20/03/2023;-15,818408;-49,0080347;0,000
GO;BR-070;125,000;126,000;1,000;20/03/2023;-15,8395645;-49,2741629;0,000
GO;BR-070;126,000;127,000;1,000;20/03/2023;-15,8395645;-49,2741629;0,000
RS;BR-470;88,400;89,000;0,600;21/03/2023;-28,2963454;-51,4620286;16,250
RS;BR-470;89,000;90,000;1,000;21/03/2023;-28,2971941;-51,4618365;37,500
RS;BR-470;90,000;91,000;1,000;21/03/2023;-28,310721;-51,4676881;52,500
RS;BR-470;91,000;92,000;1,000;21/03/2023;-28,3188167;-51,4699597;57,500
RS;BR-470;92,000;93,000;1,000;21/03/2023;-28,3196596;-51,4704549;28,750
RS;BR-470;93,000;94,000;1,000;21/03/2023;-28,3196596;-51,4704549;41,250
RS;BR-470;94,000;95,000;1,000;21/03/2023;-28,3338855;-51,4619787;30,000
RS;BR-470;95,000;96,000;1,000;21/03/2023;-28,3338855;-51,4619787;50,000
RS;BR-470;96,000;97,000;1,000;21/03/2023;-28,3474854;-51,458909;38,750
RS;BR-470;97,000;98,000;1,000;21/03/2023;-28,3474854;-51,458909;25,000
RS;BR-470;98,000;99,000;1,000;21/03/2023;-28,3610871;-51,464411;37,500
RS;BR-470;99,000;100,000;1,000;21/03/2023;-28,3610871;-51,464411;16,250
RS;BR-470;100,000;101,000;1,000;21/03/2023;-28,3754951;-51,4763581;42,500
RS;BR-470;101,000;102,000;1,000;21/03/2023;-28,3754951;-51,4763581;45,000
RS;BR-470;102,000;103,000;1,000;21/03/2023;-28,3754951;-51,4763581;37,500
RS;BR-470;103,000;104,000;1,000;21/03/2023;-28,3754951;-51,4763581;38,750
RS;BR-470;104,000;105,000;1,000;21/03/2023;-28,5873245;-51,5621682;43,750
RS;BR-470;105,000;106,000;1,000;21/03/2023;-28,5873245;-51,5621682;47,500
RS;BR-470;106,000;107,000;1,000;21/03/2023;-28,5873245;-51,5621682;60,000
RS;BR-470;107,000;108,000;1,000;21/03/2023;-28,5873245;-51,5621682;38,750
RS;BR-470;108,000;109,000;1,000;21/03/2023;-28,2968926;-51,3940562;38,750
RS;BR-470;109,000;110,000;1,000;21/03/2023;-28,3022878;-51,473462;53,750
RS;BR-470;110,000;111,000;1,000;21/03/2023;-28,5257975;-50,9619788;45,000
RS;BR-470;111,000;112,000;1,000;21/03/2023;-28,5257975;-50,9619788;52,500
RS;BR-470;112,000;113,000;1,000;21/03/2023;-28,5257975;-50,9619788;63,750
RS;BR-470;113,000;114,000;1,000;21/03/2023;-28,2968926;-51,3940562;57,500
RS;BR-470;114,000;115,000;1,000;21/03/2023;-28,2968926;-51,3940562;50,000
RS;BR-470;115,000;116,000;1,000;21/03/2023;-28,5873245;-51,5621682;45,000
RS;BR-470;116,000;117,000;1,000;21/03/2023;-28,5873245;-51,5621682;60,000
RS;BR-470;117,000;118,000;1,000;21/03/2023;-28,5873245;-51,5621682;52,500
RS;BR-470;118,000;119,000;1,000;21/03/2023;-28,5873245;-51,5621682;57,500
RS;BR-470;119,000;120,000;1,000;21/03/2023;-28,5873245;-51,5621682;50,000
RS;BR-470;120,000;121,000;1,000;21/03/2023;-28,5873245;-51,5621682;53,750
RS;BR-470;121,000;122,000;1,000;21/03/2023;-28,5873245;-51,5621682;61,250
RS;BR-470;122,000;123,000;1,000;21/03/2023;-28,5873245;-51,5621682;45,000
RS;BR-470;123,000;124,000;1,000;21/03/2023;-28,5873245;-51,5621682;52,500
RS;BR-470;124,000;125,000;1,000;21/03/2023;-28,5873245;-51,5621682;43,750
RS;BR-470;125,000;126,000;1,000;21/03/2023;-28,5873245;-51,5621682;38,750
RS;BR-470;126,000;127,000;1,000;21/03/2023;-28,5873245;-51,5621682;28,750
RS;BR-470;127,000;128,000;1,000;21/03/2023;-28,5873245;-51,5621682;38,750
RS;BR-470;128,000;129,000;1,000;21/03/2023;-28,5873245;-51,5621682;23,750
RS;BR-470;129,000;130,000;1,000;21/03/2023;-28,6107249;-51,5674286;37,500
RS;BR-470;130,000;131,000;1,000;21/03/2023;-28,6107249;-51,5674286;30,000
RS;BR-470;131,000;132,000;1,000;21/03/2023;-28,5873245;-51,5621682;31,250
RS;BR-470;132,000;133,000;1,000;21/03/2023;-28,5873245;-51,5621682;38,750
RS;BR-470;133,000;133,390;0,390;21/03/2023;-28,6107249;-51,5674286;31,250
RR;BR-210;315,100;316,000;0,900;21/03/2023;1,8876119;-61,1131958;75,000
RR;BR-210;316,000;317,000;1,000;21/03/2023;1,8876119;-61,1131958;72,500
RR;BR-210;317,000;318,000;1,000;21/03/2023;1,8876119;-61,1131958;86,250
RR;BR-210;318,000;319,000;1,000;21/03/2023;1,917371037;-61,1304691;82,500
RR;BR-210;319,000;320,000;1,000;21/03/2023;1,917371037;-61,1304691;78,750
RR;BR-210;320,000;321,000;1,000;21/03/2023;1,917371037;-61,1304691;78,750
RR;BR-210;321,000;322,000;1,000;21/03/2023;1,9228762;-61,1526609;78,750
RR;BR-210;322,000;323,000;1,000;21/03/2023;1,924883066;-61,1630394;86,250
RR;BR-210;323,000;324,000;1,000;21/03/2023;1,924883066;-61,1630394;83,750
RR;BR-210;324,000;325,000;1,000;21/03/2023;1,924883066;-61,1630394;72,500
RR;BR-210;325,000;326,000;1,000;21/03/2023;1,8436551;-61,1197488;90,000
RR;BR-210;326,000;327,000;1,000;21/03/2023;1,8436551;-61,1197488;76,250
RR;BR-210;327,000;328,000;1,000;21/03/2023;1,8436551;-61,1197488;82,500
RR;BR-210;328,000;329,000;1,000;21/03/2023;1,8436551;-61,1197488;65,000
RR;BR-210;329,000;330,000;1,000;21/03/2023;1,8436551;-61,1197488;65,000
RR;BR-210;330,000;331,000;1,000;21/03/2023;1,8436551;-61,1197488;65,000
RR;BR-210;331,000;332,000;1,000;21/03/2023;1,942540844;-61,2371308;72,500
RR;BR-210;332,000;333,000;1,000;21/03/2023;1,942540844;-61,2371308;76,250
RR;BR-210;333,000;334,000;1,000;21/03/2023;1,942540844;-61,2371308;68,750
RR;BR-210;334,000;335,000;1,000;21/03/2023;1,942540844;-61,2371308;68,750
RR;BR-210;335,000;336,000;1,000;21/03/2023;1,942540844;-61,2371308;80,000
RR;BR-210;336,000;337,000;1,000;21/03/2023;1,964735914;-61,2837178;76,250
RR;BR-210;337,000;338,000;1,000;21/03/2023;1,964735914;-61,2837178;76,250
RR;BR-210;338,000;339,000;1,000;21/03/2023;1,8436551;-61,1197488;65,000
RR;BR-210;339,000;340,000;1,000;21/03/2023;1,8436551;-61,1197488;72,500
RR;BR-210;340,000;341,000;1,000;21/03/2023;1,974422461;-61,3160707;58,750
RR;BR-210;341,000;342,000;1,000;21/03/2023;1,974422461;-61,3160707;65,000
RR;BR-210;342,000;343,000;1,000;21/03/2023;1,8436551;-61,1197488;51,250
RR;BR-210;343,000;344,000;1,000;21/03/2023;1,8436551;-61,1197488;51,250
RR;BR-210;344,000;345,000;1,000;21/03/2023;1,8436551;-61,1197488;51,250
PB;BR-434;19,400;20,000;0,600;21/03/2023;-6,4084178;-38,498009;16,250
PB;BR-434;20,000;21,000;1,000;21/03/2023;-6,406659;-38,4990177;53,750
PB;BR-434;21,000;22,000;1,000;21/03/2023;-6,3935026;-38,5082993;51,250
PB;BR-434;22,000;23,000;1,000;21/03/2023;-6,3918157;-38,5091924;52,500
PB;BR-434;23,000;24,000;1,000;21/03/2023;-6,3900871;-38,5161168;56,250
PB;BR-434;24,000;25,000;1,000;21/03/2023;-6,3916366;-38,5216257;62,500
PB;BR-434;25,000;26,000;1,000;21/03/2023;-6,3916349;-38,5216234;67,500
PB;BR-434;26,000;27,000;1,000;21/03/2023;-6,3946456;-38,5281365;55,000
PB;BR-434;27,000;28,000;1,000;21/03/2023;-6,3946456;-38,5281365;38,750
PB;BR-434;28,000;29,000;1,000;21/03/2023;-6,3956623;-38,5479371;22,500
PB;BR-434;29,000;30,000;1,000;21/03/2023;-6,3956769;-38,5479278;38,750
PB;BR-434;30,000;31,000;1,000;21/03/2023;-6,3956769;-38,5479278;51,250
PB;BR-434;31,000;32,000;1,000;21/03/2023;-6,3914904;-38,5217887;22,500
PB;BR-434;32,000;33,000;1,000;21/03/2023;-6,3914299;-38,5218412;46,250
PB;BR-434;33,000;34,000;1,000;21/03/2023;-6,3927577;-38,5091046;35,000
PB;BR-434;34,000;34,400;0,400;21/03/2023;-6,3940374;-38,5080968;11,250
TO;BR-242;23,700;24,000;0,300;06/03/2023;-12,3987582;-46,4248352;77,500
TO;BR-242;24,000;25,000;1,000;06/03/2023;-12,3987582;-46,4248352;60,000
TO;BR-242;25,000;26,000;1,000;06/03/2023;-12,3987582;-46,4248352;60,000
TO;BR-242;26,000;27,000;1,000;06/03/2023;-12,3987582;-46,4248352;65,000
TO;BR-242;27,000;28,000;1,000;06/03/2023;-12,3987582;-46,4248352;60,000
TO;BR-242;28,000;29,000;1,000;06/03/2023;-12,3987582;-46,4248352;71,250
TO;BR-242;29,000;30,000;1,000;06/03/2023;-12,3987582;-46,4248352;70,000
TO;BR-242;30,000;31,000;1,000;06/03/2023;-12,3987582;-46,4248352;66,250
TO;BR-242;31,000;32,000;1,000;06/03/2023;-12,3987582;-46,4248352;66,250
TO;BR-242;32,000;33,000;1,000;06/03/2023;-12,3987582;-46,4248352;71,250
TO;BR-010;135,800;136,000;0,200;06/03/2023;-12,3987582;-46,4248352;56,250
TO;BR-010;136,000;137,000;1,000;06/03/2023;-12,3987582;-46,4248352;58,750
TO;BR-010;137,000;138,000;1,000;06/03/2023;-12,3987582;-46,4248352;62,500
TO;BR-010;138,000;139,000;1,000;06/03/2023;-12,3987582;-46,4248352;62,500
TO;BR-010;139,000;140,000;1,000;06/03/2023;-12,3987582;-46,4248352;57,500
TO;BR-010;140,000;141,000;1,000;06/03/2023;-12,3987582;-46,4248352;53,750
TO;BR-010;141,000;142,000;1,000;06/03/2023;-12,3987582;-46,4248352;60,000
TO;BR-010;142,000;143,000;1,000;06/03/2023;-12,3987582;-46,4248352;51,250
TO;BR-242;500,200;501,000;0,800;09/03/2023;-11,7243577;-49,0616183;50,000
TO;BR-242;501,000;502,000;1,000;09/03/2023;-11,7243577;-49,0616183;52,500
TO;BR-242;502,000;503,000;1,000;09/03/2023;-11,7243577;-49,0616183;58,750
TO;BR-242;503,000;504,000;1,000;09/03/2023;-11,7243577;-49,0616183;50,000
TO;BR-242;504,000;505,000;1,000;09/03/2023;-11,7243577;-49,0616183;50,000
TO;BR-242;505,000;506,000;1,000;09/03/2023;-11,7243577;-49,0616183;50,000
TO;BR-010;529,400;530,000;0,600;16/03/2023;-7,7106806;-47,3174518;58,750
TO;BR-010;530,000;531,000;1,000;16/03/2023;-7,7106806;-47,3174518;58,750
TO;BR-010;531,000;532,000;1,000;16/03/2023;-7,7106806;-47,3174518;63,750
TO;BR-010;532,000;533,000;1,000;16/03/2023;-7,7106806;-47,3174518;56,250
TO;BR-010;533,000;534,000;1,000;16/03/2023;-7,7106806;-47,3174518;56,250
TO;BR-010;534,000;535,000;1,000;16/03/2023;-7,7106806;-47,3174518;62,500
TO;BR-010;535,000;536,000;1,000;16/03/2023;-7,7106806;-47,3174518;62,500
TO;BR-010;536,000;537,000;1,000;16/03/2023;-7,7106806;-47,3174518;60,000
TO;BR-010;537,000;538,000;1,000;16/03/2023;-7,7106806;-47,3174518;58,750
TO;BR-010;538,000;539,000;1,000;16/03/2023;-7,7106806;-47,3174518;62,500
TO;BR-010;539,000;540,000;1,000;16/03/2023;-7,7106806;-47,3174518;52,500
TO;BR-010;540,000;541,000;1,000;16/03/2023;-7,7106806;-47,3174518;50,000
TO;BR-010;541,000;542,000;1,000;16/03/2023;-7,7106806;-47,3174518;50,000
TO;BR-010;542,000;543,000;1,000;16/03/2023;-7,7106806;-47,3174518;58,750
TO;BR-010;543,000;544,000;1,000;16/03/2023;-7,7106806;-47,3174518;52,500
TO;BR-010;544,000;545,000;1,000;16/03/2023;-7,7106806;-47,3174518;50,000
TO;BR-010;545,000;546,000;1,000;16/03/2023;-7,7106806;-47,3174518;60,000
TO;BR-010;546,000;547,000;1,000;16/03/2023;-7,7106806;-47,3174518;60,000
TO;BR-010;547,000;548,000;1,000;16/03/2023;-7,7106806;-47,3174518;62,500
TO;BR-010;548,000;549,000;1,000;16/03/2023;-7,7106806;-47,3174518;56,250
TO;BR-010;549,000;550,000;1,000;16/03/2023;-7,7106806;-47,3174518;50,000
TO;BR-010;550,000;551,000;1,000;16/03/2023;-7,7106806;-47,3174518;50,000
TO;BR-010;551,000;552,000;1,000;16/03/2023;-7,7106806;-47,3174518;66,250
TO;BR-010;552,000;553,000;1,000;16/03/2023;-7,7106806;-47,3174518;62,500
TO;BR-010;553,000;554,000;1,000;16/03/2023;-7,7106806;-47,3174518;66,250
TO;BR-010;554,000;555,000;1,000;16/03/2023;-7,7106806;-47,3174518;60,000
TO;BR-010;555,000;556,000;1,000;16/03/2023;-7,7106806;-47,3174518;56,250
TO;BR-010;556,000;557,000;1,000;16/03/2023;-7,7106806;-47,3174518;56,250
TO;BR-010;557,000;558,000;1,000;16/03/2023;-7,7106806;-47,3174518;60,000
TO;BR-010;558,000;559,000;1,000;16/03/2023;-7,7106806;-47,3174518;56,250
TO;BR-010;559,000;560,000;1,000;16/03/2023;-7,7106806;-47,3174518;53,750
TO;BR-010;560,000;561,000;1,000;16/03/2023;-7,7106806;-47,3174518;50,000
TO;BR-010;561,000;562,000;1,000;16/03/2023;-7,7106806;-47,3174518;56,250
TO;BR-010;562,000;563,000;1,000;16/03/2023;-7,7106806;-47,3174518;62,500
TO;BR-010;563,000;564,000;1,000;16/03/2023;-7,7106806;-47,3174518;62,500
TO;BR-010;564,000;565,000;1,000;16/03/2023;-7,7106806;-47,3174518;66,250
TO;BR-010;565,000;566,000;1,000;16/03/2023;-7,7106806;-47,3174518;53,750
TO;BR-010;566,000;567,000;1,000;16/03/2023;-7,7106806;-47,3174518;50,000
TO;BR-010;567,000;568,000;1,000;16/03/2023;-7,7106806;-47,3174518;52,500
TO;BR-010;568,000;569,000;1,000;16/03/2023;-7,7106806;-47,3174518;62,500
TO;BR-010;569,000;570,000;1,000;16/03/2023;-7,7106806;-47,3174518;56,250
TO;BR-010;570,000;571,000;1,000;16/03/2023;-7,7106806;-47,3174518;52,500
TO;BR-010;571,000;572,000;1,000;16/03/2023;-7,7106806;-47,3174518;52,500
TO;BR-010;572,000;573,000;1,000;16/03/2023;-7,7106806;-47,3174518;52,500
TO;BR-010;573,000;574,000;1,000;16/03/2023;-7,7106806;-47,3174518;62,500
TO;BR-010;574,000;575,000;1,000;16/03/2023;-7,7106806;-47,3174518;52,500
TO;BR-010;575,000;576,000;1,000;16/03/2023;-7,7106806;-47,3174518;56,250
TO;BR-010;576,000;577,000;1,000;16/03/2023;-7,7106806;-47,3174518;56,250
TO;BR-010;577,000;578,000;1,000;16/03/2023;-7,7106806;-47,3174518;56,250
TO;BR-010;578,000;579,000;1,000;16/03/2023;-7,7106806;-47,3174518;50,000
TO;BR-010;579,000;580,000;1,000;16/03/2023;-7,7106806;-47,3174518;50,000
TO;BR-010;580,000;581,000;1,000;16/03/2023;-7,7106806;-47,3174518;50,000
TO;BR-010;581,000;582,000;1,000;16/03/2023;-7,7106806;-47,3174518;58,750
TO;BR-010;675,100;676,000;0,900;17/03/2023;-10,2361051;-48,2198958;61,250
TO;BR-010;676,000;677,000;1,000;17/03/2023;-10,2361051;-48,2198958;50,000
TO;BR-010;677,000;678,000;1,000;17/03/2023;-10,2361051;-48,2198958;60,000
TO;BR-010;678,000;679,000;1,000;17/03/2023;-10,2361051;-48,2198958;60,000
TO;BR-010;679,000;680,000;1,000;17/03/2023;-10,2361051;-48,2198958;56,250
TO;BR-010;680,000;681,000;1,000;17/03/2023;-10,2361051;-48,2198958;50,000
TO;BR-010;681,000;682,000;1,000;17/03/2023;-10,2361051;-48,2198958;56,250
TO;BR-010;682,000;683,000;1,000;17/03/2023;-10,2361051;-48,2198958;50,000
TO;BR-010;683,000;684,000;1,000;17/03/2023;-10,2361051;-48,2198958;50,000
TO;BR-010;684,000;685,000;1,000;17/03/2023;-10,2361051;-48,2198958;50,000
TO;BR-010;685,000;686,000;1,000;17/03/2023;-10,2361051;-48,2198958;53,750
TO;BR-010;686,000;687,000;1,000;17/03/2023;-10,2361051;-48,2198958;58,750
TO;BR-010;687,000;688,000;1,000;17/03/2023;-10,2361051;-48,2198958;58,750
TO;BR-010;688,000;689,000;1,000;17/03/2023;-10,2361051;-48,2198958;56,250
TO;BR-010;689,000;690,000;1,000;17/03/2023;-10,2361051;-48,2198958;56,250
TO;BR-010;690,000;691,000;1,000;17/03/2023;-10,2361051;-48,2198958;53,750
TO;BR-010;691,000;692,000;1,000;17/03/2023;-10,2361051;-48,2198958;50,000
TO;BR-010;692,000;693,000;1,000;17/03/2023;-10,2361051;-48,2198958;50,000
TO;BR-010;693,000;694,000;1,000;17/03/2023;-10,2361051;-48,2198958;56,250
TO;BR-010;694,000;695,000;1,000;17/03/2023;-10,2361051;-48,2198958;50,000
TO;BR-010;695,000;696,000;1,000;17/03/2023;-10,2361051;-48,2198958;50,000
TO;BR-010;696,000;697,000;1,000;17/03/2023;-10,2361051;-48,2198958;50,000
TO;BR-010;697,000;698,000;1,000;17/03/2023;-10,2361051;-48,2198958;50,000
TO;BR-010;698,000;699,000;1,000;17/03/2023;-10,2361051;-48,2198958;53,750
TO;BR-010;699,000;700,000;1,000;17/03/2023;-10,2361051;-48,2198958;52,500
TO;BR-010;700,000;701,000;1,000;17/03/2023;-10,2361051;-48,2198958;56,250
TO;BR-010;701,000;702,000;1,000;17/03/2023;-10,2361051;-48,2198958;56,250
TO;BR-010;702,000;703,000;1,000;17/03/2023;-10,2361051;-48,2198958;53,750
TO;BR-010;703,000;704,000;1,000;17/03/2023;-10,2361051;-48,2198958;56,250
TO;BR-010;704,000;705,000;1,000;17/03/2023;-10,2361051;-48,2198958;57,500
TO;BR-010;705,000;706,000;1,000;17/03/2023;-10,2361051;-48,2198958;53,750
TO;BR-010;706,000;707,000;1,000;17/03/2023;-10,2361051;-48,2198958;56,250
TO;BR-010;707,000;708,000;1,000;17/03/2023;-10,2361051;-48,2198958;53,750
TO;BR-010;708,000;709,000;1,000;17/03/2023;-10,2361051;-48,2198958;58,750
TO;BR-010;709,000;710,000;1,000;17/03/2023;-10,2361051;-48,2198958;50,000
TO;BR-010;710,000;711,000;1,000;17/03/2023;-10,2361051;-48,2198958;50,000
TO;BR-010;711,000;712,000;1,000;17/03/2023;-10,2361051;-48,2198958;53,750
TO;BR-010;712,000;713,000;1,000;17/03/2023;-10,2361051;-48,2198958;50,000
TO;BR-010;713,000;714,000;1,000;17/03/2023;-10,2361051;-48,2198958;50,000
TO;BR-010;714,000;715,000;1,000;17/03/2023;-10,2361051;-48,2198958;50,000
TO;BR-010;715,000;716,000;1,000;17/03/2023;-10,2361051;-48,2198958;50,000
TO;BR-010;716,000;717,000;1,000;17/03/2023;-10,2361051;-48,2198958;58,750
TO;BR-010;717,000;718,000;1,000;17/03/2023;-10,2361051;-48,2198958;50,000
TO;BR-010;718,000;719,000;1,000;17/03/2023;-10,2361051;-48,2198958;50,000
TO;BR-010;719,000;720,000;1,000;17/03/2023;-10,2361051;-48,2198958;50,000
TO;BR-010;720,000;721,000;1,000;17/03/2023;-10,2361051;-48,2198958;61,250
TO;BR-010;721,000;722,000;1,000;17/03/2023;-10,2361051;-48,2198958;50,000
TO;BR-010;722,000;723,000;1,000;17/03/2023;-10,2361051;-48,2198958;50,000
TO;BR-010;723,000;724,000;1,000;17/03/2023;-10,2361051;-48,2198958;50,000
TO;BR-010;724,000;725,000;1,000;17/03/2023;-10,2361051;-48,2198958;50,000
TO;BR-010;725,000;726,000;1,000;17/03/2023;-9,55815537;-47,8178716;50,000
TO;BR-010;726,000;727,000;1,000;17/03/2023;-9,55815537;-47,8178716;56,250
TO;BR-010;727,000;728,000;1,000;17/03/2023;-9,55815537;-47,8178716;50,000
TO;BR-010;728,000;729,000;1,000;17/03/2023;-9,55815537;-47,8178716;53,750
TO;BR-010;729,000;730,000;1,000;17/03/2023;-9,55815537;-47,8178716;52,500
TO;BR-010;730,000;731,000;1,000;17/03/2023;-9,55815537;-47,8178716;53,750
TO;BR-010;731,000;732,000;1,000;17/03/2023;-9,55815537;-47,8178716;50,000
TO;BR-010;732,000;733,000;1,000;17/03/2023;-9,55228664;-47,805363;50,000
TO;BR-010;733,000;734,000;1,000;17/03/2023;-9,55228664;-47,805363;50,000
TO;BR-010;734,000;735,000;1,000;17/03/2023;-9,55228664;-47,805363;62,500
TO;BR-010;735,000;736,000;1,000;17/03/2023;-9,55228664;-47,805363;52,500
TO;BR-010;736,000;737,000;1,000;17/03/2023;-9,5513786;-47,7969802;50,000
TO;BR-010;737,000;738,000;1,000;17/03/2023;-9,5513786;-47,7969802;50,000
TO;BR-010;738,000;739,000;1,000;17/03/2023;-9,5513786;-47,7969802;50,000
TO;BR-010;739,000;740,000;1,000;17/03/2023;-9,5513786;-47,7969802;50,000
TO;BR-010;740,000;741,000;1,000;17/03/2023;-9,5513786;-47,7969802;50,000
TO;BR-010;741,000;742,000;1,000;17/03/2023;-9,5513786;-47,7969802;62,500
TO;BR-010;742,000;743,000;1,000;17/03/2023;-9,5513786;-47,7969802;56,250
TO;BR-010;743,000;744,000;1,000;17/03/2023;-9,5513786;-47,7969802;62,500
TO;BR-010;744,000;745,000;1,000;17/03/2023;-9,5513786;-47,7969802;56,250
TO;BR-010;745,000;746,000;1,000;17/03/2023;-9,5513786;-47,7969802;58,750
TO;BR-010;746,000;747,000;1,000;17/03/2023;-9,5513786;-47,7969802;50,000
TO;BR-010;747,000;748,000;1,000;17/03/2023;-9,54778268;-47,7749675;50,000
TO;BR-010;748,000;749,000;1,000;17/03/2023;-9,54778099;-47,7749734;50,000
TO;BR-010;749,000;750,000;1,000;17/03/2023;-9,54780555;-47,7749831;50,000
TO;BR-010;750,000;751,000;1,000;17/03/2023;-9,54778203;-47,774975;50,000
TO;BR-010;751,000;752,000;1,000;17/03/2023;-9,54778203;-47,774975;50,000
TO;BR-010;752,000;753,000;1,000;17/03/2023;-9,54778203;-47,774975;50,000
TO;BR-010;753,000;754,000;1,000;17/03/2023;-9,54778203;-47,774975;50,000
TO;BR-010;754,000;755,000;1,000;17/03/2023;-9,54778203;-47,774975;50,000
TO;BR-010;755,000;756,000;1,000;17/03/2023;-9,54778203;-47,774975;58,750
TO;BR-010;756,000;757,000;1,000;17/03/2023;-9,54778203;-47,774975;50,000
TO;BR-010;757,000;758,000;1,000;17/03/2023;-9,54778203;-47,774975;50,000
TO;BR-010;758,000;759,000;1,000;17/03/2023;-9,54778203;-47,774975;50,000
TO;BR-010;759,000;760,000;1,000;17/03/2023;-9,54778203;-47,774975;50,000
TO;BR-010;760,000;761,000;1,000;17/03/2023;-9,54778203;-47,774975;50,000
TO;BR-010;761,000;762,000;1,000;17/03/2023;-9,54778203;-47,774975;50,000
TO;BR-010;762,000;763,000;1,000;17/03/2023;-9,54778203;-47,774975;50,000
TO;BR-010;763,000;764,000;1,000;17/03/2023;-9,54778203;-47,774975;50,000
TO;BR-010;764,000;765,000;1,000;17/03/2023;-9,54778203;-47,774975;50,000
TO;BR-010;765,000;766,000;1,000;17/03/2023;-9,54778203;-47,774975;50,000
TO;BR-010;766,000;767,000;1,000;17/03/2023;-9,54778203;-47,774975;50,000
TO;BR-010;767,000;768,000;1,000;17/03/2023;-9,54778203;-47,774975;50,000
TO;BR-010;768,000;769,000;1,000;17/03/2023;-9,54778203;-47,774975;50,000
TO;BR-010;769,000;770,000;1,000;17/03/2023;-9,54778203;-47,774975;50,000
TO;BR-010;770,000;771,000;1,000;17/03/2023;-9,54778203;-47,774975;50,000
TO;BR-010;771,000;772,000;1,000;17/03/2023;-9,54778203;-47,774975;50,000
TO;BR-010;772,000;773,000;1,000;17/03/2023;-9,54778203;-47,774975;50,000
TO;BR-010;773,000;774,000;1,000;17/03/2023;-9,54778203;-47,774975;50,000
TO;BR-010;774,000;775,000;1,000;17/03/2023;-9,54778203;-47,774975;50,000
TO;BR-010;775,000;776,000;1,000;17/03/2023;-9,54778203;-47,774975;50,000
TO;BR-010;776,000;777,000;1,000;17/03/2023;-9,54778203;-47,774975;50,000
TO;BR-010;777,000;778,000;1,000;17/03/2023;-9,54778203;-47,774975;50,000
TO;BR-010;778,000;779,000;1,000;17/03/2023;-9,54778203;-47,774975;50,000
TO;BR-010;779,000;780,000;1,000;17/03/2023;-9,54778203;-47,774975;50,000
TO;BR-010;780,000;781,000;1,000;17/03/2023;-9,54778203;-47,774975;50,000
TO;BR-010;781,000;782,000;1,000;17/03/2023;-9,54780794;-47,7749609;50,000
TO;BR-010;782,000;783,000;1,000;17/03/2023;-9,54780832;-47,7749617;50,000
TO;BR-010;783,000;784,000;1,000;17/03/2023;-9,547809;-47,7749623;50,000
TO;BR-010;784,000;785,000;1,000;17/03/2023;-9,54780913;-47,7749625;50,000
TO;BR-010;785,000;786,000;1,000;17/03/2023;-9,54780804;-47,774962;50,000
TO;BR-010;786,000;787,000;1,000;17/03/2023;-9,54780687;-47,7749623;50,000
TO;BR-010;787,000;788,000;1,000;17/03/2023;-9,54780532;-47,7749626;50,000
TO;BR-010;788,000;789,000;1,000;17/03/2023;-9,54780225;-47,7749641;50,000
TO;BR-010;789,000;790,000;1,000;17/03/2023;-9,54779748;-47,774964;50,000
TO;BR-010;790,000;791,000;1,000;17/03/2023;-9,54779152;-47,7749663;50,000
TO;BR-235;78,200;79,000;0,800;15/03/2023;-8,9857527;-48,17084;60,000
TO;BR-235;79,000;80,000;1,000;15/03/2023;-8,9857527;-48,17084;66,250
TO;BR-235;80,000;81,000;1,000;15/03/2023;-8,9857527;-48,17084;62,500
TO;BR-235;81,000;82,000;1,000;15/03/2023;-8,9857527;-48,17084;62,500
TO;BR-235;82,000;83,000;1,000;15/03/2023;-8,9857527;-48,17084;53,750
TO;BR-235;83,000;84,000;1,000;15/03/2023;-8,9857527;-48,17084;56,250
TO;BR-235;84,000;85,000;1,000;15/03/2023;-8,9857527;-48,17084;52,500
TO;BR-235;85,000;86,000;1,000;15/03/2023;-8,9857527;-48,17084;63,750
TO;BR-235;86,000;87,000;1,000;15/03/2023;-8,9857527;-48,17084;67,500
TO;BR-235;87,000;88,000;1,000;15/03/2023;-8,9857527;-48,17084;60,000
TO;BR-235;88,000;89,000;1,000;15/03/2023;-8,9857527;-48,17084;62,500
TO;BR-235;89,000;90,000;1,000;15/03/2023;-8,9857527;-48,17084;57,500
TO;BR-235;90,000;91,000;1,000;15/03/2023;-8,9857527;-48,17084;52,500
TO;BR-235;91,000;92,000;1,000;15/03/2023;-8,9857527;-48,17084;57,500
TO;BR-235;92,000;93,000;1,000;15/03/2023;-8,9857527;-48,17084;50,000
TO;BR-235;93,000;94,000;1,000;15/03/2023;-8,9857527;-48,17084;58,750
TO;BR-235;94,000;95,000;1,000;15/03/2023;-8,9857527;-48,17084;57,500
TO;BR-235;95,000;96,000;1,000;15/03/2023;-8,9857527;-48,17084;50,000
TO;BR-235;96,000;97,000;1,000;15/03/2023;-8,9857527;-48,17084;50,000
TO;BR-235;97,000;98,000;1,000;15/03/2023;-8,9857527;-48,17084;51,250
TO;BR-235;98,000;99,000;1,000;15/03/2023;-8,9857527;-48,17084;62,500
TO;BR-235;99,000;100,000;1,000;15/03/2023;-8,9857527;-48,17084;66,250
TO;BR-235;100,000;101,000;1,000;15/03/2023;-8,9857527;-48,17084;60,000
TO;BR-235;101,000;102,000;1,000;15/03/2023;-8,9857527;-48,17084;60,000
TO;BR-235;102,000;103,000;1,000;15/03/2023;-8,9857527;-48,17084;60,000
TO;BR-235;103,000;104,000;1,000;15/03/2023;-8,9857527;-48,17084;60,000
TO;BR-235;104,000;105,000;1,000;15/03/2023;-8,9857527;-48,17084;52,500
TO;BR-235;105,000;106,000;1,000;15/03/2023;-8,9857527;-48,17084;58,750
TO;BR-235;106,000;107,000;1,000;15/03/2023;-8,9857527;-48,17084;52,500
TO;BR-235;107,000;108,000;1,000;15/03/2023;-8,9857527;-48,17084;62,500
TO;BR-235;108,000;109,000;1,000;15/03/2023;-8,9857527;-48,17084;57,500
TO;BR-235;109,000;110,000;1,000;15/03/2023;-8,9857527;-48,17084;50,000
TO;BR-235;110,000;111,000;1,000;15/03/2023;-8,9857527;-48,17084;63,750
TO;BR-235;111,000;112,000;1,000;15/03/2023;-8,9857527;-48,17084;56,250
TO;BR-235;112,000;113,000;1,000;15/03/2023;-8,9857527;-48,17084;56,250
TO;BR-235;113,000;114,000;1,000;15/03/2023;-8,9857527;-48,17084;58,750
TO;BR-235;114,000;115,000;1,000;15/03/2023;-8,9857527;-48,17084;50,000
TO;BR-235;115,000;116,000;1,000;15/03/2023;-8,9857527;-48,17084;50,000
TO;BR-235;116,000;117,000;1,000;15/03/2023;-8,9857527;-48,17084;50,000
TO;BR-235;117,000;118,000;1,000;15/03/2023;-8,9857527;-48,17084;50,000
TO;BR-235;118,000;119,000;1,000;15/03/2023;-8,9857527;-48,17084;50,000
TO;BR-235;119,000;120,000;1,000;15/03/2023;-8,9857527;-48,17084;53,750
TO;BR-235;120,000;121,000;1,000;15/03/2023;-8,9857527;-48,17084;50,000
TO;BR-235;121,000;122,000;1,000;15/03/2023;-8,9857527;-48,17084;50,000
TO;BR-235;122,000;123,000;1,000;15/03/2023;-8,9857527;-48,17084;50,000
TO;BR-235;123,000;124,000;1,000;15/03/2023;-8,9857527;-48,17084;50,000
TO;BR-235;124,000;125,000;1,000;15/03/2023;-9,09647154;-47,7028075;57,500
TO;BR-235;125,000;126,000;1,000;15/03/2023;-9,09647154;-47,7028075;50,000
TO;BR-235;126,000;127,000;1,000;15/03/2023;-9,09647154;-47,7028075;50,000
TO;BR-235;127,000;128,000;1,000;15/03/2023;-9,09647154;-47,7028075;50,000
TO;BR-235;128,000;129,000;1,000;15/03/2023;-9,09647154;-47,7028075;50,000
TO;BR-235;129,000;130,000;1,000;15/03/2023;-9,09647154;-47,7028075;50,000
TO;BR-235;130,000;131,000;1,000;15/03/2023;-9,07685654;-47,6721518;50,000
TO;BR-235;131,000;132,000;1,000;15/03/2023;-9,07685654;-47,6721518;50,000
TO;BR-235;132,000;133,000;1,000;15/03/2023;-9,07685654;-47,6721518;50,000
TO;BR-235;133,000;134,000;1,000;15/03/2023;-9,07685654;-47,6721518;50,000
TO;BR-235;134,000;135,000;1,000;15/03/2023;-9,07685654;-47,6721518;50,000
TO;BR-235;135,000;136,000;1,000;15/03/2023;-9,07685654;-47,6721518;50,000
TO;BR-235;136,000;137,000;1,000;15/03/2023;-9,07685654;-47,6721518;50,000
TO;BR-235;137,000;138,000;1,000;15/03/2023;-9,07685654;-47,6721518;50,000
TO;BR-235;138,000;139,000;1,000;15/03/2023;-9,07685654;-47,6721518;50,000
TO;BR-235;139,000;140,000;1,000;15/03/2023;-9,07685654;-47,6721518;50,000
TO;BR-235;140,000;141,000;1,000;15/03/2023;-9,07685654;-47,6721518;50,000
TO;BR-235;141,000;142,000;1,000;15/03/2023;-9,07685654;-47,6721518;50,000
TO;BR-235;142,000;143,000;1,000;15/03/2023;-9,07685654;-47,6721518;50,000
TO;BR-235;143,000;144,000;1,000;15/03/2023;-9,07685654;-47,6721518;50,000
TO;BR-235;144,000;145,000;1,000;15/03/2023;-9,11051624;-47,6028506;50,000
TO;BR-235;145,000;146,000;1,000;15/03/2023;-9,11051624;-47,6028506;50,000
TO;BR-235;146,000;147,000;1,000;15/03/2023;-9,11051624;-47,6028506;50,000
TO;BR-235;147,000;148,000;1,000;15/03/2023;-9,11660218;-47,5924322;50,000
TO;BR-235;148,000;149,000;1,000;15/03/2023;-9,11660218;-47,5924322;50,000
TO;BR-235;149,000;150,000;1,000;15/03/2023;-9,11660218;-47,5924322;50,000
TO;BR-235;150,000;151,000;1,000;15/03/2023;-9,11660218;-47,5924322;50,000
TO;BR-235;151,000;152,000;1,000;15/03/2023;-9,11660218;-47,5924322;50,000
TO;BR-235;152,000;153,000;1,000;15/03/2023;-9,11660218;-47,5924322;50,000
TO;BR-235;153,000;154,000;1,000;15/03/2023;-9,11660218;-47,5924322;50,000
TO;BR-235;154,000;155,000;1,000;15/03/2023;-9,11660218;-47,5924322;50,000
TO;BR-235;155,000;156,000;1,000;15/03/2023;-9,14283436;-47,5657795;50,000
TO;BR-235;156,000;157,000;1,000;15/03/2023;-9,14283436;-47,5657795;50,000
TO;BR-235;157,000;158,000;1,000;15/03/2023;-9,14283436;-47,5657795;50,000
TO;BR-235;158,000;159,000;1,000;15/03/2023;-9,14508829;-47,5660078;50,000
AM;BR-319;198,200;199,000;0,800;14/03/2023;-4,7301386;-61,3003745;48,750
AM;BR-319;199,000;200,000;1,000;14/03/2023;-4,7301386;-61,3003745;40,000
AM;BR-319;200,000;201,000;1,000;14/03/2023;-4,7301386;-61,3003745;30,000
AM;BR-319;201,000;202,000;1,000;16/03/2023;-4,7301598;-61,3006944;15,000
AM;BR-319;202,000;203,000;1,000;24/03/2023;-3,8238525;-60,3637658;95,000
AM;BR-319;203,000;204,000;1,000;24/03/2023;-3,8238525;-60,3637658;95,000
AM;BR-319;204,000;205,000;1,000;24/03/2023;-3,8235579;-60,3635763;95,000
AM;BR-319;205,000;206,000;1,000;24/03/2023;-3,8235894;-60,3635951;95,000
AM;BR-319;206,000;207,000;1,000;24/03/2023;-3,8235806;-60,3635966;95,000
AM;BR-319;207,000;208,000;1,000;24/03/2023;-3,8235836;-60,3635976;95,000
AM;BR-319;208,000;209,000;1,000;24/03/2023;-3,8235836;-60,3635976;95,000
AM;BR-319;209,000;210,000;1,000;24/03/2023;-3,8236028;-60,363618;95,000
AM;BR-319;210,000;211,000;1,000;24/03/2023;-3,8236028;-60,363618;95,000
AM;BR-319;211,000;212,000;1,000;24/03/2023;-3,8235808;-60,3635749;95,000
AM;BR-319;212,000;213,000;1,000;24/03/2023;-3,8235808;-60,3635749;95,000
AM;BR-319;213,000;214,000;1,000;24/03/2023;-3,8235766;-60,3635932;95,000
AM;BR-319;214,000;215,000;1,000;24/03/2023;-3,8235766;-60,3635932;71,250
AM;BR-319;215,000;216,000;1,000;24/03/2023;-3,8235878;-60,3635967;71,250
AM;BR-319;216,000;217,000;1,000;24/03/2023;-3,8235661;-60,3635853;71,250
AM;BR-319;217,000;218,000;1,000;24/03/2023;-3,8235661;-60,3635853;71,250
AM;BR-319;218,000;219,000;1,000;24/03/2023;-3,823571;-60,3635904;71,250
AM;BR-319;219,000;220,000;1,000;24/03/2023;-3,8235638;-60,3635921;53,750
AM;BR-319;220,000;221,000;1,000;24/03/2023;-3,8235638;-60,3635921;50,000
AM;BR-319;221,000;222,000;1,000;24/03/2023;-3,8236913;-60,3636216;50,000
AM;BR-319;222,000;223,000;1,000;24/03/2023;-3,8236913;-60,3636216;71,250
AM;BR-319;223,000;224,000;1,000;24/03/2023;-3,8236432;-60,3636373;71,250
AM;BR-319;224,000;225,000;1,000;24/03/2023;-3,8236432;-60,3636373;67,500
AM;BR-319;225,000;226,000;1,000;24/03/2023;-3,8235714;-60,3635974;71,250
AM;BR-319;226,000;227,000;1,000;24/03/2023;-3,823575;-60,3635875;71,250
AM;BR-319;227,000;228,000;1,000;24/03/2023;-3,8235907;-60,3636056;71,250
AM;BR-319;228,000;229,000;1,000;24/03/2023;-3,823602;-60,3636041;71,250
AM;BR-319;229,000;230,000;1,000;24/03/2023;-3,8235843;-60,3636193;71,250
AM;BR-319;230,000;231,000;1,000;24/03/2023;-3,8235853;-60,3635901;71,250
AM;BR-319;231,000;232,000;1,000;24/03/2023;-3,8235853;-60,3635901;71,250
AM;BR-319;232,000;233,000;1,000;24/03/2023;-3,8235798;-60,3636014;71,250
AM;BR-319;233,000;234,000;1,000;24/03/2023;-3,8235772;-60,3635945;71,250
AM;BR-319;234,000;235,000;1,000;24/03/2023;-3,8235772;-60,3635945;71,250
AM;BR-319;235,000;236,000;1,000;24/03/2023;-3,8235808;-60,3636074;88,750
AM;BR-319;236,000;237,000;1,000;24/03/2023;-3,8235808;-60,3636074;71,250
AM;BR-319;237,000;238,000;1,000;24/03/2023;-3,8236087;-60,3636081;88,750
AM;BR-319;238,000;239,000;1,000;24/03/2023;-3,8236087;-60,3636081;71,250
AM;BR-319;239,000;240,000;1,000;24/03/2023;-3,8236063;-60,3636223;88,750
AM;BR-319;240,000;241,000;1,000;24/03/2023;-3,8236063;-60,3636223;71,250
AM;BR-319;241,000;242,000;1,000;24/03/2023;-3,8236068;-60,3636378;88,750
AM;BR-319;242,000;243,000;1,000;24/03/2023;-3,8238809;-60,3636796;71,250
AM;BR-319;243,000;244,000;1,000;24/03/2023;-3,8238809;-60,3636796;71,250
AM;BR-319;244,000;245,000;1,000;24/03/2023;-3,8235584;-60,3635824;71,250
AM;BR-319;245,000;246,000;1,000;24/03/2023;-3,8235584;-60,3635824;88,750
AM;BR-319;246,000;247,000;1,000;24/03/2023;-3,8238686;-60,3636854;71,250
AM;BR-319;247,000;248,000;1,000;24/03/2023;-3,8238686;-60,3636854;71,250
AM;BR-319;248,000;249,000;1,000;24/03/2023;-3,823579;-60,3635844;71,250
AM;BR-319;249,000;250,000;1,000;24/03/2023;-3,8235751;-60,3635772;71,250
AM;BR-319;250,000;251,000;1,000;24/03/2023;-3,8235751;-60,3635772;71,250
AM;BR-319;251,000;252,000;1,000;24/03/2023;-3,8235773;-60,363593;88,750
AM;BR-319;252,000;253,000;1,000;24/03/2023;-3,8236119;-60,3636137;71,250
AM;BR-319;253,000;254,000;1,000;24/03/2023;-3,8236119;-60,3636137;85,000
AM;BR-319;254,000;255,000;1,000;24/03/2023;-3,8235921;-60,3636047;71,250
AM;BR-319;255,000;256,000;1,000;24/03/2023;-3,8235853;-60,3636272;71,250
AM;BR-319;256,000;257,000;1,000;24/03/2023;-3,8235853;-60,3636272;71,250
AM;BR-319;257,000;258,000;1,000;24/03/2023;-3,8236362;-60,3636377;71,250
AM;BR-319;258,000;259,000;1,000;24/03/2023;-3,8236362;-60,3636377;71,250
AM;BR-319;261,100;262,000;0,900;14/03/2023;-4,730155;-61,3007011;53,750
AM;BR-319;262,000;263,000;1,000;14/03/2023;-4,73433833;-61,301965;40,000
AM;BR-319;263,000;264,000;1,000;15/03/2023;-4,73004833;-61,300335;20,000
AM;BR-319;264,000;265,000;1,000;15/03/2023;-4,73004833;-61,300335;27,500
AM;BR-319;265,000;266,000;1,000;15/03/2023;-4,73004833;-61,300335;12,500
AM;BR-319;266,000;267,000;1,000;15/03/2023;-4,73004833;-61,300335;20,000
AM;BR-319;267,000;268,000;1,000;15/03/2023;-4,73004833;-61,300335;15,000
AM;BR-319;268,000;269,000;1,000;16/03/2023;-4,73004833;-61,300335;38,750
AM;BR-319;269,000;270,000;1,000;16/03/2023;-4,7301103;-61,3005829;25,000
AM;BR-319;270,000;271,000;1,000;16/03/2023;-4,7301624;-61,3006921;40,000
AM;BR-319;271,000;272,000;1,000;16/03/2023;-4,7301598;-61,3006966;12,500
AM;BR-319;272,000;273,000;1,000;16/03/2023;-4,7301594;-61,3006998;40,000
AM;BR-319;273,000;274,000;1,000;16/03/2023;-4,7301657;-61,3006979;12,500
AM;BR-319;274,000;275,000;1,000;16/03/2023;-4,7301605;-61,3006877;20,000
AM;BR-319;275,000;276,000;1,000;16/03/2023;-4,7301653;-61,3006975;20,000
AM;BR-319;276,000;277,000;1,000;16/03/2023;-4,7301634;-61,3006962;20,000
AM;BR-319;277,000;278,000;1,000;16/03/2023;-4,7301649;-61,3006994;17,500
AM;BR-319;278,000;279,000;1,000;16/03/2023;-4,7301477;-61,3006736;12,500
AM;BR-319;279,000;280,000;1,000;16/03/2023;-4,7301596;-61,300692;5,000
AM;BR-319;280,000;281,000;1,000;16/03/2023;-4,7301593;-61,3006904;5,000
AM;BR-319;281,000;282,000;1,000;16/03/2023;-4,7301596;-61,3006895;5,000
AM;BR-319;282,000;283,000;1,000;16/03/2023;-4,730159;-61,30069;5,000
AM;BR-319;283,000;284,000;1,000;16/03/2023;-4,7301583;-61,3006866;5,000
AM;BR-319;284,000;285,000;1,000;16/03/2023;-4,7301591;-61,3006888;5,000
AM;BR-319;285,000;286,000;1,000;16/03/2023;-4,7301595;-61,30069;12,500
AM;BR-319;286,000;287,000;1,000;16/03/2023;-4,7301591;-61,300688;5,000
AM;BR-319;287,000;288,000;1,000;16/03/2023;-4,7301595;-61,30069;5,000
AM;BR-319;288,000;289,000;1,000;16/03/2023;-4,7301589;-61,3006899;5,000
AM;BR-319;289,000;290,000;1,000;16/03/2023;-4,7301595;-61,30069;7,500
AM;BR-319;290,000;291,000;1,000;16/03/2023;-4,7301595;-61,3006891;5,000
AM;BR-319;291,000;292,000;1,000;16/03/2023;-4,7301595;-61,3006912;5,000
AM;BR-319;292,000;293,000;1,000;16/03/2023;-4,7301595;-61,3006912;5,000
AM;BR-319;293,000;294,000;1,000;16/03/2023;-4,7301594;-61,3006908;7,500
AM;BR-319;294,000;295,000;1,000;16/03/2023;-4,7301577;-61,3006864;5,000
AM;BR-319;295,000;296,000;1,000;16/03/2023;-4,7301591;-61,3006918;7,500
AM;BR-319;296,000;297,000;1,000;16/03/2023;-4,7301577;-61,3006864;12,500
AM;BR-319;297,000;298,000;1,000;16/03/2023;-4,7301595;-61,3006889;5,000
AM;BR-319;298,000;299,000;1,000;16/03/2023;-4,7301591;-61,3006912;0,000
AM;BR-319;299,000;300,000;1,000;16/03/2023;-4,7301595;-61,3006926;5,000
AM;BR-319;300,000;301,000;1,000;16/03/2023;-4,7301589;-61,3006887;5,000
AM;BR-319;301,000;302,000;1,000;16/03/2023;-4,7301589;-61,3006887;5,000
AM;BR-319;302,000;303,000;1,000;16/03/2023;-4,7301609;-61,3006901;0,000
AM;BR-319;303,000;304,000;1,000;16/03/2023;-4,7301597;-61,3006934;0,000
AM;BR-319;304,000;305,000;1,000;16/03/2023;-4,7301594;-61,300692;5,000
AM;BR-319;305,000;306,000;1,000;16/03/2023;-4,7301595;-61,3006888;5,000
AM;BR-319;306,000;307,000;1,000;16/03/2023;-4,7301606;-61,3006901;7,500
AM;BR-319;307,000;308,000;1,000;16/03/2023;-4,7301597;-61,3006942;0,000
AM;BR-319;308,000;309,000;1,000;16/03/2023;-4,7301597;-61,3006942;7,500
AM;BR-319;309,000;310,000;1,000;16/03/2023;-4,7301571;-61,3006869;15,000
AM;BR-319;310,000;311,000;1,000;16/03/2023;-4,7301595;-61,3006924;41,250
AM;BR-319;311,000;312,000;1,000;16/03/2023;-4,7301598;-61,3006897;37,500
AM;BR-319;312,000;313,000;1,000;16/03/2023;-4,73016;-61,3006906;35,000
AM;BR-319;313,000;314,000;1,000;16/03/2023;-4,7301595;-61,3006912;12,500
AM;BR-319;314,000;315,000;1,000;16/03/2023;-4,7301581;-61,3006875;31,250
AM;BR-319;315,000;316,000;1,000;16/03/2023;-4,7301584;-61,300688;33,750
AM;BR-319;316,000;317,000;1,000;16/03/2023;-4,7301592;-61,3006904;41,250
AM;BR-319;317,000;318,000;1,000;16/03/2023;-4,7301606;-61,3006915;50,000
AM;BR-319;318,000;319,000;1,000;16/03/2023;-4,7301596;-61,3006904;37,500
AM;BR-319;319,000;320,000;1,000;16/03/2023;-4,7301584;-61,3006877;23,750
AM;BR-319;320,000;321,000;1,000;16/03/2023;-4,7301566;-61,3006845;25,000
AM;BR-319;321,000;322,000;1,000;16/03/2023;-4,7301578;-61,3006863;35,000
AM;BR-319;322,000;323,000;1,000;16/03/2023;-4,7301596;-61,3006908;31,250
AM;BR-319;323,000;324,000;1,000;16/03/2023;-4,7301537;-61,3006809;37,500
AM;BR-319;324,000;325,000;1,000;16/03/2023;-4,7301596;-61,300695;37,500
AM;BR-319;325,000;326,000;1,000;16/03/2023;-4,7301599;-61,3006948;31,250
AM;BR-319;326,000;327,000;1,000;16/03/2023;-4,7301598;-61,3006941;33,750
AM;BR-319;327,000;328,000;1,000;16/03/2023;-4,7301599;-61,3006911;28,750
AM;BR-319;328,000;329,000;1,000;16/03/2023;-4,7301596;-61,3006881;32,500
AM;BR-319;329,000;330,000;1,000;16/03/2023;-4,7301597;-61,3006938;40,000
AM;BR-319;330,000;331,000;1,000;16/03/2023;-4,7301596;-61,300695;36,250
AM;BR-319;331,000;332,000;1,000;16/03/2023;-4,7301597;-61,3006946;33,750
AM;BR-319;332,000;333,000;1,000;16/03/2023;-4,7301597;-61,3006937;33,750
AM;BR-319;333,000;334,000;1,000;16/03/2023;-4,7301597;-61,3006965;37,500
AM;BR-319;334,000;335,000;1,000;16/03/2023;-4,7301598;-61,3006957;37,500
AM;BR-319;335,000;336,000;1,000;16/03/2023;-4,7301603;-61,3006909;41,250
AM;BR-319;336,000;337,000;1,000;16/03/2023;-4,7301599;-61,3006902;35,000
AM;BR-319;337,000;338,000;1,000;16/03/2023;-4,7301596;-61,3006916;35,000
AM;BR-319;338,000;339,000;1,000;16/03/2023;-4,7301595;-61,3006929;37,500
AM;BR-319;339,000;340,000;1,000;16/03/2023;-4,7301594;-61,3006937;33,750
AM;BR-319;340,000;341,000;1,000;16/03/2023;-4,7301612;-61,3006913;45,000
AM;BR-319;341,000;342,000;1,000;16/03/2023;-4,7301597;-61,3006937;37,500
AM;BR-319;342,000;343,000;1,000;16/03/2023;-4,7301596;-61,300693;47,500
AM;BR-319;343,000;344,000;1,000;16/03/2023;-4,7301595;-61,3006926;47,500
AM;BR-319;344,000;345,000;1,000;16/03/2023;-4,73016;-61,3006906;17,500
AM;BR-319;345,000;346,000;1,000;16/03/2023;-4,7301592;-61,3006928;17,500
AM;BR-319;263,000;264,000;1,000;16/03/2023;-4,73004833;-61,300335;7,500
AM;BR-319;346,200;347,000;0,800;24/03/2023;-3,8236503;-60,3636235;67,500
AM;BR-319;347,000;348,000;1,000;24/03/2023;-3,8235789;-60,3635975;68,750
AM;BR-319;348,000;349,000;1,000;24/03/2023;-3,8236691;-60,363589;60,000
AM;BR-319;349,000;350,000;1,000;24/03/2023;-3,8235915;-60,3636258;50,000
AM;BR-319;350,000;351,000;1,000;24/03/2023;-3,8236694;-60,3635736;67,500
AM;BR-319;351,000;352,000;1,000;24/03/2023;-3,8238118;-60,3637353;60,000
AM;BR-319;352,000;353,000;1,000;24/03/2023;-3,8235885;-60,3635824;50,000
AM;BR-319;353,000;354,000;1,000;24/03/2023;-3,823598;-60,3636079;67,500
AM;BR-319;354,000;355,000;1,000;24/03/2023;-3,823598;-60,3636079;53,750
AM;BR-319;355,000;356,000;1,000;24/03/2023;-3,8238539;-60,3637629;65,000
AM;BR-319;356,000;357,000;1,000;24/03/2023;-3,8235849;-60,363608;61,250
AM;BR-319;357,000;358,000;1,000;24/03/2023;-3,8235849;-60,363608;57,500
AM;BR-319;358,000;359,000;1,000;24/03/2023;-3,8235612;-60,3635871;61,250
AM;BR-319;359,000;360,000;1,000;24/03/2023;-3,8235811;-60,3635876;61,250
AM;BR-319;360,000;361,000;1,000;24/03/2023;-3,8236439;-60,3636281;57,500
AM;BR-319;361,000;362,000;1,000;24/03/2023;-3,8235598;-60,3636028;60,000
AM;BR-319;362,000;363,000;1,000;24/03/2023;-3,8235692;-60,3635882;71,250
AM;BR-319;363,000;364,000;1,000;24/03/2023;-3,8235692;-60,3635882;63,750
AM;BR-319;364,000;365,000;1,000;24/03/2023;-3,8235925;-60,3636101;63,750
AM;BR-319;365,000;366,000;1,000;24/03/2023;-3,8235776;-60,3636214;71,250
AM;BR-319;366,000;367,000;1,000;24/03/2023;-3,8235879;-60,3636186;50,000
AM;BR-319;367,000;368,000;1,000;24/03/2023;-3,8239078;-60,3637922;67,500
AM;BR-319;368,000;369,000;1,000;24/03/2023;-3,823859;-60,3637758;65,000
AM;BR-319;369,000;370,000;1,000;24/03/2023;-3,823859;-60,3637758;57,500
AM;BR-319;370,000;371,000;1,000;24/03/2023;-3,8238615;-60,3637923;67,500
AM;BR-319;371,000;372,000;1,000;24/03/2023;-3,8237634;-60,3637131;63,750
AM;BR-319;372,000;373,000;1,000;24/03/2023;-3,8238776;-60,3637831;67,500
AM;BR-319;373,000;374,000;1,000;24/03/2023;-3,8236422;-60,3636445;61,250
AM;BR-319;374,000;375,000;1,000;24/03/2023;-3,823845;-60,3637628;67,500
AM;BR-319;375,000;376,000;1,000;24/03/2023;-3,8236;-60,3636282;50,000
AM;BR-319;376,000;377,000;1,000;24/03/2023;-3,8238888;-60,3638002;67,500
AM;BR-319;377,000;378,000;1,000;24/03/2023;-3,8238491;-60,3637951;53,750
AM;BR-319;378,000;379,000;1,000;24/03/2023;-3,82389;-60,363787;56,250
AM;BR-319;379,000;380,000;1,000;24/03/2023;-3,8235789;-60,3635895;60,000
AM;BR-319;380,000;381,000;1,000;24/03/2023;-3,8237429;-60,3636492;60,000
AM;BR-319;381,000;382,000;1,000;24/03/2023;-3,8238189;-60,363742;60,000
AM;BR-319;382,000;383,000;1,000;24/03/2023;-3,8237844;-60,3637106;63,750
AM;BR-319;383,000;384,000;1,000;24/03/2023;-3,8238643;-60,3637714;56,250
AM;BR-319;384,000;385,000;1,000;24/03/2023;-3,8235587;-60,3636241;66,250
AM;BR-319;385,000;386,000;1,000;24/03/2023;-3,8238413;-60,3637448;63,750
AM;BR-319;386,000;387,000;1,000;24/03/2023;-3,8238413;-60,3637448;67,500
AM;BR-319;387,000;388,000;1,000;24/03/2023;-3,8238249;-60,3637484;73,750
AM;BR-319;388,000;389,000;1,000;24/03/2023;-3,8235285;-60,3635686;73,750
AM;BR-319;389,000;390,000;1,000;24/03/2023;-3,8235892;-60,3636068;73,750
AM;BR-319;390,000;391,000;1,000;24/03/2023;-3,8235673;-60,3635906;63,750
AM;BR-319;391,000;392,000;1,000;24/03/2023;-3,8235748;-60,3635965;70,000
AM;BR-319;392,000;393,000;1,000;24/03/2023;-3,8235748;-60,3635965;56,250
AM;BR-319;393,000;394,000;1,000;24/03/2023;-3,8238502;-60,363764;76,250
AM;BR-319;394,000;395,000;1,000;24/03/2023;-3,823848;-60,363789;83,750
AM;BR-319;395,000;396,000;1,000;24/03/2023;-3,8235654;-60,3636177;67,500
AM;BR-319;396,000;397,000;1,000;24/03/2023;-3,8235654;-60,3636177;67,500
AM;BR-319;397,000;398,000;1,000;24/03/2023;-3,8235698;-60,3636173;67,500
AM;BR-319;398,000;399,000;1,000;24/03/2023;-3,8235698;-60,3636173;63,750
AM;BR-319;399,000;400,000;1,000;24/03/2023;-3,8236157;-60,3636374;71,250
AM;BR-319;400,000;401,000;1,000;24/03/2023;-3,8236157;-60,3636374;71,250
AM;BR-319;401,000;402,000;1,000;24/03/2023;-3,8238232;-60,3638109;63,750
AM;BR-319;402,000;403,000;1,000;24/03/2023;-3,8238232;-60,3638109;56,250
AM;BR-319;403,000;404,000;1,000;24/03/2023;-3,8238276;-60,3637636;71,250
AM;BR-319;404,000;405,000;1,000;24/03/2023;-3,8238276;-60,3637636;71,250
AM;BR-319;405,000;406,000;1,000;24/03/2023;-3,823704;-60,363658;70,000
AM;BR-319;406,000;407,000;1,000;24/03/2023;-3,8237489;-60,3637021;70,000
AM;BR-319;407,000;408,000;1,000;24/03/2023;-3,8237489;-60,3637021;63,750
AM;BR-319;408,000;409,000;1,000;24/03/2023;-3,8235568;-60,3636176;71,250
AM;BR-319;409,000;410,000;1,000;24/03/2023;-3,8235568;-60,3636176;67,500
AM;BR-319;410,000;411,000;1,000;24/03/2023;-3,8235741;-60,3636274;76,250
AM;BR-319;411,000;412,000;1,000;24/03/2023;-3,823791;-60,3637934;67,500
AM;BR-319;412,000;413,000;1,000;24/03/2023;-3,823791;-60,3637934;63,750
AM;BR-319;413,000;414,000;1,000;24/03/2023;-3,8238263;-60,3637798;60,000
AM;BR-319;414,000;415,000;1,000;24/03/2023;-3,8238263;-60,3637798;67,500
AM;BR-319;415,000;416,000;1,000;24/03/2023;-3,8236185;-60,3636352;63,750
AM;BR-319;416,000;417,000;1,000;24/03/2023;-3,8236185;-60,3636352;67,500
AM;BR-319;417,000;418,000;1,000;24/03/2023;-3,8236011;-60,3636349;73,750
AM;BR-319;418,000;419,000;1,000;24/03/2023;-3,8236011;-60,3636349;70,000
AM;BR-319;419,000;420,000;1,000;24/03/2023;-3,8238356;-60,3637963;73,750
AM;BR-319;420,000;421,000;1,000;24/03/2023;-3,8238356;-60,3637963;73,750
AM;BR-319;421,000;422,000;1,000;24/03/2023;-3,8236033;-60,363619;63,750
AM;BR-319;422,000;423,000;1,000;24/03/2023;-3,8236033;-60,363619;73,750
AM;BR-319;423,000;424,000;1,000;24/03/2023;-3,8235897;-60,3636325;73,750
AM;BR-319;424,000;425,000;1,000;24/03/2023;-3,8235897;-60,3636325;63,750
AM;BR-319;425,000;426,000;1,000;24/03/2023;-3,823593;-60,3635926;71,250
AM;BR-319;426,000;427,000;1,000;24/03/2023;-3,823593;-60,3635926;77,500
AM;BR-319;427,000;428,000;1,000;24/03/2023;-3,8238817;-60,3637885;77,500
AM;BR-319;428,000;429,000;1,000;24/03/2023;-3,8238817;-60,3637885;63,750
AM;BR-319;429,000;430,000;1,000;24/03/2023;-3,8238438;-60,3637857;70,000
AM;BR-319;430,000;431,000;1,000;24/03/2023;-3,8235575;-60,363606;63,750
AM;BR-319;431,000;432,000;1,000;24/03/2023;-3,8235575;-60,363606;71,250
AM;BR-319;432,000;433,000;1,000;24/03/2023;-3,8235683;-60,3636261;67,500
PA;BR-163;675,870;676,000;0,130;23/03/2023;0;0;73,750
PA;BR-163;676,000;677,000;1,000;23/03/2023;0;0;58,750
PA;BR-163;677,000;678,000;1,000;23/03/2023;0;0;52,500
PA;BR-163;678,000;679,000;1,000;23/03/2023;0;0;37,500
PA;BR-163;679,000;680,000;1,000;23/03/2023;0;0;52,500
PA;BR-163;680,000;681,000;1,000;23/03/2023;0;0;37,500
PA;BR-163;681,000;682,000;1,000;23/03/2023;0;0;37,500
PA;BR-163;682,000;683,000;1,000;23/03/2023;0;0;37,500
PA;BR-163;683,000;684,000;1,000;23/03/2023;0;0;60,000
PA;BR-163;684,000;685,000;1,000;23/03/2023;0;0;60,000
PA;BR-163;685,000;686,000;1,000;23/03/2023;0;0;37,500
PA;BR-163;686,000;687,000;1,000;23/03/2023;0;0;37,500
PA;BR-163;687,000;688,000;1,000;23/03/2023;0;0;45,000
PA;BR-163;688,000;689,000;1,000;23/03/2023;0;0;37,500
PA;BR-163;689,000;690,000;1,000;23/03/2023;0;0;37,500
PA;BR-163;690,000;691,000;1,000;23/03/2023;0;0;37,500
PA;BR-163;691,000;692,000;1,000;23/03/2023;0;0;37,500
PA;BR-163;692,000;693,000;1,000;23/03/2023;0;0;37,500
PA;BR-163;693,000;694,000;1,000;23/03/2023;0;0;37,500
PA;BR-163;694,000;695,000;1,000;23/03/2023;0;0;37,500
PA;BR-163;695,000;696,000;1,000;23/03/2023;0;0;37,500
PA;BR-163;696,000;697,000;1,000;23/03/2023;0;0;37,500
PA;BR-163;697,000;698,000;1,000;23/03/2023;0;0;37,500
PA;BR-163;698,000;699,000;1,000;23/03/2023;0;0;37,500
PA;BR-163;699,000;700,000;1,000;23/03/2023;0;0;37,500
PA;BR-163;700,000;701,000;1,000;23/03/2023;0;0;37,500
PA;BR-163;701,000;702,000;1,000;23/03/2023;0;0;37,500
PA;BR-163;719,310;720,000;0,690;23/03/2023;0;0;45,000
PA;BR-163;720,000;721,000;1,000;23/03/2023;0;0;37,500
PA;BR-163;721,000;722,000;1,000;23/03/2023;0;0;37,500
PA;BR-163;729,840;730,000;0,160;23/03/2023;0;0;37,500
PA;BR-163;730,000;731,000;1,000;23/03/2023;0;0;45,000
PA;BR-163;731,000;732,000;1,000;23/03/2023;0;0;37,500
PA;BR-163;732,000;733,000;1,000;23/03/2023;0;0;45,000
PA;BR-163;733,000;734,000;1,000;23/03/2023;0;0;37,500
PA;BR-163;734,000;735,000;1,000;23/03/2023;0;0;37,500
PA;BR-163;7444,000;744,300;6699,700;23/03/2023;0;0;37,500
PA;BR-163;774,190;775,000;0,810;23/03/2023;0;0;45,000
PA;BR-163;775,000;776,000;1,000;23/03/2023;0;0;37,500
PA;BR-163;782,200;783,000;0,800;23/03/2023;0;0;37,500
BA;BR-135;205,800;206,000;0,200;24/03/2023;-12,35762;-44,9784733;22,500
BA;BR-135;206,000;207,000;1,000;24/03/2023;-12,3693583;-44,972995;15,000
BA;BR-135;207,000;208,000;1,000;24/03/2023;-12,3693583;-44,972995;42,500
BA;BR-135;208,000;209,000;1,000;24/03/2023;-12,3693583;-44,972995;23,750
BA;BR-135;209,000;210,000;1,000;24/03/2023;-12,3693583;-44,972995;56,250
BA;BR-135;210,000;211,000;1,000;24/03/2023;-12,3693583;-44,972995;56,250
BA;BR-135;211,000;212,000;1,000;24/03/2023;-12,3693583;-44,972995;63,750
BA;BR-135;212,000;213,000;1,000;24/03/2023;-12,3693583;-44,972995;67,500
BA;BR-135;213,000;214,000;1,000;24/03/2023;-12,3693583;-44,972995;62,500
BA;BR-135;214,000;215,000;1,000;24/03/2023;-12,3693583;-44,972995;77,500
BA;BR-135;215,000;216,000;1,000;24/03/2023;-12,3693583;-44,972995;88,750
BA;BR-135;216,000;217,000;1,000;24/03/2023;-12,3693583;-44,972995;85,000
BA;BR-135;217,000;218,000;1,000;24/03/2023;-12,3693583;-44,972995;85,000
BA;BR-135;218,000;219,000;1,000;24/03/2023;-12,3693583;-44,972995;75,000
BA;BR-135;219,000;220,000;1,000;24/03/2023;-12,3693583;-44,972995;78,750
BA;BR-135;220,000;221,000;1,000;24/03/2023;-12,3693583;-44,972995;50,000
BA;BR-135;221,000;222,000;1,000;24/03/2023;-12,3693583;-44,972995;46,250
BA;BR-135;222,000;223,000;1,000;24/03/2023;-12,3693583;-44,972995;51,250
BA;BR-135;223,000;224,000;1,000;24/03/2023;-12,3693583;-44,972995;36,250
BA;BR-135;224,000;225,000;1,000;24/03/2023;-12,3693583;-44,972995;38,750
BA;BR-135;225,000;226,000;1,000;24/03/2023;-12,3693583;-44,972995;18,750
BA;BR-135;226,000;227,000;1,000;24/03/2023;-12,3693583;-44,972995;51,250
BA;BR-135;227,000;228,000;1,000;24/03/2023;-12,3693583;-44,972995;36,250
BA;BR-135;306,500;307,000;0,500;24/03/2023;-12,736605;-44,691295;2,500
BA;BR-135;307,000;307,100;0,100;24/03/2023;-13,04437;-44,6221933;2,500
BA;BR-135;319,800;320,000;0,200;24/03/2023;-13,0475616;-44,6236683;27,500
BA;BR-135;320,000;321,000;1,000;24/03/2023;-13,1546216;-44,6165533;26,250
BA;BR-135;321,000;321,200;0,200;24/03/2023;-13,1546216;-44,6165533;11,250
BA;BR-135;323,400;324,000;0,600;24/03/2023;-13,1729674;-44,6120948;45,000
BA;BR-135;324,000;325,000;1,000;24/03/2023;-13,1840214;-44,6208704;40,000
BA;BR-135;325,000;325,300;0,300;24/03/2023;-13,1859921;-44,6292007;26,250
MS;BR-419;64,000;65,000;1,000;27/03/2023;-20,5017264;-54,6343459;22,500
MS;BR-419;65,000;66,000;1,000;27/03/2023;-20,5017264;-54,6343459;18,750
MS;BR-419;66,000;67,000;1,000;27/03/2023;-20,5017264;-54,6343459;22,500
MS;BR-419;67,000;68,000;1,000;27/03/2023;-20,5017264;-54,6343459;22,500
MS;BR-419;68,000;69,000;1,000;27/03/2023;-20,5017264;-54,6343459;7,500
MS;BR-419;69,000;70,000;1,000;27/03/2023;-20,5017264;-54,6343459;30,000
MS;BR-419;70,000;71,000;1,000;27/03/2023;-20,5017264;-54,6343459;22,500
MS;BR-419;71,000;72,000;1,000;27/03/2023;-20,5017264;-54,6343459;22,500
MS;BR-419;72,000;73,000;1,000;27/03/2023;-20,5017264;-54,6343459;22,500
MS;BR-419;73,000;74,000;1,000;27/03/2023;-20,5017264;-54,6343459;22,500
MS;BR-419;74,000;75,000;1,000;27/03/2023;-20,5017264;-54,6343459;30,000
MS;BR-419;75,000;76,000;1,000;27/03/2023;-20,5017264;-54,6343459;22,500
MS;BR-419;76,000;77,000;1,000;27/03/2023;-20,5017264;-54,6343459;30,000
MS;BR-419;77,000;78,000;1,000;27/03/2023;-20,5017264;-54,6343459;42,500
MS;BR-419;78,000;79,000;1,000;27/03/2023;-20,5017264;-54,6343459;50,000
MS;BR-419;79,000;80,000;1,000;27/03/2023;-20,5017264;-54,6343459;22,500
MS;BR-419;80,000;81,000;1,000;27/03/2023;-20,5017264;-54,6343459;22,500
MS;BR-419;81,000;82,000;1,000;27/03/2023;-20,5017264;-54,6343459;50,000
MS;BR-419;82,000;83,000;1,000;27/03/2023;-20,5017264;-54,6343459;22,500
MS;BR-419;83,000;84,000;1,000;27/03/2023;-20,5017264;-54,6343459;50,000
MS;BR-419;84,000;85,000;1,000;27/03/2023;-20,5017264;-54,6343459;42,500
MS;BR-419;85,000;86,000;1,000;27/03/2023;-20,5017264;-54,6343459;35,000
MS;BR-419;86,000;87,000;1,000;27/03/2023;-20,5017264;-54,6343459;57,500
MS;BR-419;87,000;88,000;1,000;27/03/2023;-20,5017264;-54,6343459;35,000
MS;BR-419;88,000;89,000;1,000;27/03/2023;-20,5017264;-54,6343459;22,500
MS;BR-419;89,000;90,000;1,000;27/03/2023;-20,5017264;-54,6343459;41,250
MS;BR-419;90,000;91,000;1,000;27/03/2023;-20,5017264;-54,6343459;22,500
MS;BR-419;91,000;92,000;1,000;27/03/2023;-20,5017264;-54,6343459;37,500
MS;BR-419;92,000;93,000;1,000;27/03/2023;-20,5017264;-54,6343459;22,500
MS;BR-419;93,000;94,000;1,000;27/03/2023;-20,5017264;-54,6343459;42,500
MS;BR-419;94,000;95,000;1,000;27/03/2023;-20,5017264;-54,6343459;42,500
MS;BR-419;95,000;96,000;1,000;27/03/2023;-20,5017264;-54,6343459;65,000
MS;BR-419;96,000;97,000;1,000;27/03/2023;-20,5017264;-54,6343459;50,000
MS;BR-419;97,000;98,000;1,000;27/03/2023;-20,5017264;-54,6343459;35,000
MS;BR-419;98,000;99,000;1,000;27/03/2023;-20,5017264;-54,6343459;57,500
MS;BR-419;99,000;100,000;1,000;27/03/2023;-20,5017264;-54,6343459;71,250
MS;BR-419;100,000;101,000;1,000;27/03/2023;-20,5017264;-54,6343459;35,000
MS;BR-419;101,000;102,000;1,000;27/03/2023;-20,5017264;-54,6343459;33,750
MS;BR-419;102,000;103,000;1,000;27/03/2023;-20,5017264;-54,6343459;53,750
MS;BR-419;103,000;104,000;1,000;27/03/2023;-20,5017264;-54,6343459;57,500
MS;BR-419;104,000;105,000;1,000;27/03/2023;-20,5017264;-54,6343459;65,000
MS;BR-419;105,000;106,000;1,000;27/03/2023;-20,5017264;-54,6343459;65,000
MS;BR-419;106,000;107,000;1,000;27/03/2023;-20,5017264;-54,6343459;63,750
MS;BR-419;107,000;108,000;1,000;27/03/2023;-20,5017264;-54,6343459;50,000
MS;BR-419;108,000;109,000;1,000;27/03/2023;-20,5017264;-54,6343459;50,000
MS;BR-419;109,000;110,000;1,000;27/03/2023;-20,5017264;-54,6343459;57,500
MS;BR-419;110,000;111,000;1,000;27/03/2023;-20,5017264;-54,6343459;57,500
MS;BR-419;111,000;112,000;1,000;27/03/2023;-20,5017264;-54,6343459;65,000
MS;BR-419;112,000;113,000;1,000;27/03/2023;-20,5017264;-54,6343459;37,500
MS;BR-419;113,000;114,000;1,000;27/03/2023;-20,5017264;-54,6343459;63,750
MS;BR-419;114,000;115,000;1,000;27/03/2023;-20,5017264;-54,6343459;65,000
MS;BR-419;115,000;116,000;1,000;27/03/2023;-20,5017264;-54,6343459;71,250
MS;BR-419;116,000;117,000;1,000;27/03/2023;-20,5017264;-54,6343459;65,000
MS;BR-419;117,000;118,000;1,000;27/03/2023;-20,5017264;-54,6343459;50,000
MS;BR-419;118,000;119,000;1,000;27/03/2023;-20,5017264;-54,6343459;22,500
MS;BR-419;119,000;120,000;1,000;27/03/2023;-20,5017264;-54,6343459;35,000
MS;BR-419;120,000;121,000;1,000;27/03/2023;-20,5017264;-54,6343459;22,500
MS;BR-419;121,000;122,000;1,000;27/03/2023;-20,5017264;-54,6343459;57,500
MS;BR-419;122,000;123,000;1,000;27/03/2023;-20,5017264;-54,6343459;35,000
MS;BR-419;123,000;124,000;1,000;27/03/2023;-19,6019931;-55,3625414;50,000
MS;BR-419;124,000;125,000;1,000;27/03/2023;-19,6019931;-55,3625414;35,000
MS;BR-419;125,000;126,000;1,000;27/03/2023;-19,6019931;-55,3625414;50,000
MS;BR-419;126,000;127,000;1,000;27/03/2023;-19,6019931;-55,3625414;57,500
MS;BR-419;127,000;128,000;1,000;27/03/2023;-19,6019931;-55,3625414;57,500
MS;BR-419;128,000;129,000;1,000;27/03/2023;-19,6019931;-55,3625414;50,000
MS;BR-419;129,000;130,000;1,000;27/03/2023;-19,6019931;-55,3625414;35,000
MS;BR-419;130,000;131,000;1,000;27/03/2023;-19,6019931;-55,3625414;35,000
MS;BR-419;131,000;132,000;1,000;27/03/2023;-19,6019931;-55,3625414;35,000
MS;BR-419;132,000;133,000;1,000;27/03/2023;-19,675224;-55,3959808;42,500
MS;BR-419;133,000;134,000;1,000;27/03/2023;-19,675224;-55,3959808;35,000
MS;BR-419;134,000;135,000;1,000;27/03/2023;-19,675224;-55,3959808;35,000
MS;BR-419;135,000;136,000;1,000;27/03/2023;-19,675224;-55,3959808;42,500
MS;BR-419;136,000;137,000;1,000;27/03/2023;-19,675224;-55,3959808;35,000
MS;BR-419;137,000;138,000;1,000;27/03/2023;-19,675224;-55,3959808;35,000
MS;BR-419;138,000;139,000;1,000;27/03/2023;-19,675224;-55,3959808;35,000
MS;BR-419;139,000;140,000;1,000;27/03/2023;-19,675224;-55,3959808;42,500
MS;BR-419;140,000;141,000;1,000;27/03/2023;-19,675224;-55,3959808;35,000
MS;BR-419;141,000;142,000;1,000;27/03/2023;-19,675224;-55,3959808;35,000
MS;BR-419;142,000;143,000;1,000;27/03/2023;-19,675224;-55,3959808;35,000
MS;BR-419;143,000;144,000;1,000;27/03/2023;-19,7696031;-55,4420535;35,000
MS;BR-419;144,000;145,000;1,000;27/03/2023;-19,7696031;-55,4420535;57,500
MS;BR-419;145,000;146,000;1,000;27/03/2023;-19,7696031;-55,4420535;50,000
MS;BR-419;146,000;147,000;1,000;27/03/2023;-19,7696031;-55,4420535;35,000
MS;BR-419;147,000;148,000;1,000;27/03/2023;-19,7696031;-55,4420535;50,000
MS;BR-419;148,000;149,000;1,000;27/03/2023;-19,7696031;-55,4420535;35,000
MS;BR-419;149,000;150,000;1,000;27/03/2023;-19,7696031;-55,4420535;35,000
MS;BR-419;150,000;151,000;1,000;27/03/2023;-19,7696031;-55,4420535;35,000
MS;BR-419;151,000;152,000;1,000;27/03/2023;-19,7696031;-55,4420535;35,000
MS;BR-419;152,000;153,000;1,000;27/03/2023;-19,7696031;-55,4420535;35,000
MS;BR-419;153,000;154,000;1,000;27/03/2023;-19,8520881;-55,4809878;35,000
MS;BR-419;154,000;155,000;1,000;27/03/2023;-19,8520881;-55,4809878;35,000
MS;BR-419;155,000;156,000;1,000;27/03/2023;-19,8520881;-55,4809878;35,000
MS;BR-419;156,000;157,000;1,000;27/03/2023;-19,8520881;-55,4809878;35,000
MS;BR-419;157,000;158,000;1,000;27/03/2023;-19,8520881;-55,4809878;35,000
MS;BR-419;158,000;159,000;1,000;27/03/2023;-19,8520881;-55,4809878;35,000
MS;BR-419;159,000;160,000;1,000;27/03/2023;-19,8520881;-55,4809878;35,000
MS;BR-419;160,000;161,000;1,000;27/03/2023;-19,8520881;-55,4809878;35,000
MS;BR-419;161,000;162,000;1,000;27/03/2023;-19,8520881;-55,4809878;35,000
MS;BR-419;162,000;163,000;1,000;27/03/2023;-19,8520881;-55,4809878;35,000
MS;BR-419;163,000;164,000;1,000;27/03/2023;-19,8520881;-55,4809878;35,000
MS;BR-419;164,000;165,000;1,000;27/03/2023;-19,8520881;-55,4809878;35,000
MS;BR-419;165,000;166,000;1,000;27/03/2023;-19,8520881;-55,4809878;50,000
MS;BR-419;166,000;167,000;1,000;27/03/2023;-19,8520881;-55,4809878;35,000
MS;BR-419;167,000;168,000;1,000;27/03/2023;-19,8520881;-55,4809878;50,000
MS;BR-419;168,000;169,000;1,000;27/03/2023;-19,8520881;-55,4809878;35,000
MS;BR-419;169,000;170,000;1,000;27/03/2023;-19,8520881;-55,4809878;35,000
MS;BR-419;170,000;171,000;1,000;27/03/2023;-19,8520881;-55,4809878;35,000
MS;BR-419;171,000;172,000;1,000;27/03/2023;-19,8520881;-55,4809878;35,000
MS;BR-419;172,000;173,000;1,000;27/03/2023;-19,8520881;-55,4809878;37,500
MS;BR-419;173,000;174,000;1,000;27/03/2023;-19,8520881;-55,4809878;56,250
MS;BR-419;174,000;175,000;1,000;27/03/2023;-19,8520881;-55,4809878;50,000
MS;BR-419;175,000;176,000;1,000;27/03/2023;-19,8520881;-55,4809878;53,750
MS;BR-419;176,000;177,000;1,000;27/03/2023;-19,8520881;-55,4809878;50,000
MS;BR-419;177,000;178,000;1,000;27/03/2023;-19,8520881;-55,4809878;52,500
MS;BR-419;178,000;179,000;1,000;27/03/2023;-19,8520881;-55,4809878;50,000
MS;BR-419;179,000;180,000;1,000;27/03/2023;-19,8520881;-55,4809878;52,500
MS;BR-419;180,000;181,000;1,000;27/03/2023;-19,8520881;-55,4809878;50,000
MS;BR-419;181,000;182,000;1,000;27/03/2023;-19,8520881;-55,4809878;42,500
MS;BR-419;182,000;183,000;1,000;27/03/2023;-19,8520881;-55,4809878;35,000
MS;BR-419;183,000;184,000;1,000;27/03/2023;-19,8520881;-55,4809878;35,000
MS;BR-419;184,000;185,000;1,000;27/03/2023;-19,8520881;-55,4809878;35,000
MS;BR-419;185,000;186,000;1,000;27/03/2023;-19,8520881;-55,4809878;35,000
MS;BR-419;186,000;187,000;1,000;27/03/2023;-19,8520881;-55,4809878;45,000
MS;BR-419;187,000;188,000;1,000;27/03/2023;-19,8520881;-55,4809878;53,750
MS;BR-419;188,000;189,000;1,000;27/03/2023;-19,8520881;-55,4809878;35,000
MS;BR-419;189,000;190,000;1,000;27/03/2023;-19,8520881;-55,4809878;50,000
MS;BR-419;190,000;191,000;1,000;27/03/2023;-19,8520881;-55,4809878;35,000
MS;BR-419;191,000;192,000;1,000;27/03/2023;-19,8520881;-55,4809878;35,000
MS;BR-419;192,000;193,000;1,000;27/03/2023;-19,8520881;-55,4809878;35,000
MS;BR-419;193,000;194,000;1,000;27/03/2023;-19,8520881;-55,4809878;35,000
MS;BR-419;194,000;195,000;1,000;27/03/2023;-19,8520881;-55,4809878;22,500
MS;BR-419;195,000;196,000;1,000;27/03/2023;-19,8520881;-55,4809878;35,000
MS;BR-419;196,000;197,000;1,000;27/03/2023;-19,8520881;-55,4809878;35,000
MS;BR-419;197,000;198,000;1,000;27/03/2023;-19,8520881;-55,4809878;35,000
MS;BR-419;198,000;199,000;1,000;27/03/2023;-19,8520881;-55,4809878;35,000
MS;BR-419;199,000;200,000;1,000;27/03/2023;-19,8520881;-55,4809878;35,000
MS;BR-419;200,000;201,000;1,000;27/03/2023;-19,8520881;-55,4809878;50,000
MS;BR-419;201,000;202,000;1,000;27/03/2023;-19,8520881;-55,4809878;37,500
MS;BR-419;202,000;203,000;1,000;27/03/2023;-19,8520881;-55,4809878;50,000
MS;BR-419;203,000;204,000;1,000;27/03/2023;-19,8520881;-55,4809878;37,500
MS;BR-419;204,000;205,000;1,000;27/03/2023;-19,8520881;-55,4809878;50,000
MS;BR-419;205,000;206,000;1,000;27/03/2023;-19,8520881;-55,4809878;35,000
MS;BR-419;206,000;207,000;1,000;27/03/2023;-19,8520881;-55,4809878;35,000
MS;BR-419;207,000;208,000;1,000;27/03/2023;-19,8520881;-55,4809878;35,000
MS;BR-419;208,000;209,000;1,000;27/03/2023;-19,8520881;-55,4809878;37,500
MS;BR-419;209,000;210,000;1,000;27/03/2023;-19,8520881;-55,4809878;35,000
MS;BR-419;210,000;211,000;1,000;27/03/2023;-19,8520881;-55,4809878;30,000
MS;BR-419;211,000;212,000;1,000;27/03/2023;-19,8520881;-55,4809878;50,000
MS;BR-419;212,000;213,000;1,000;27/03/2023;-19,8520881;-55,4809878;50,000
MS;BR-419;213,000;214,000;1,000;27/03/2023;-19,8520881;-55,4809878;35,000
MS;BR-419;214,000;215,000;1,000;27/03/2023;-19,8520881;-55,4809878;35,000
MS;BR-419;215,000;216,000;1,000;27/03/2023;-19,8520881;-55,4809878;50,000
MS;BR-419;216,000;217,000;1,000;27/03/2023;-19,8520881;-55,4809878;35,000
AM;BR-317;526,000;525,000;1,000;27/03/2023;-9,66825745;-67,3286895;98,750
AM;BR-317;525,000;524,000;1,000;27/03/2023;-9,66825745;-67,3286895;98,750
AM;BR-317;524,000;523,000;1,000;27/03/2023;-9,66825745;-67,3286895;98,750
AM;BR-317;523,000;522,000;1,000;27/03/2023;-9,66825745;-67,3286895;98,750
AM;BR-317;522,000;521,000;1,000;27/03/2023;-9,66825745;-67,3286895;98,750
AM;BR-317;521,000;520,000;1,000;27/03/2023;-9,66825745;-67,3286895;98,750
AM;BR-317;520,000;519,000;1,000;27/03/2023;-9,66825745;-67,3286895;98,750
AM;BR-317;519,000;518,000;1,000;27/03/2023;-9,66825745;-67,3286895;98,750
AM;BR-317;518,000;517,000;1,000;27/03/2023;-9,66825745;-67,3286895;98,750
AM;BR-317;517,000;516,000;1,000;27/03/2023;-9,66825745;-67,3286895;98,750
AM;BR-317;497,160;496,000;1,160;27/03/2023;-9,66825745;-67,3286895;91,250
AM;BR-317;496,000;495,000;1,000;27/03/2023;-9,66825745;-67,3286895;86,250
AM;BR-317;495,000;494,000;1,000;27/03/2023;-9,66825745;-67,3286895;93,750
AM;BR-317;494,000;493,000;1,000;27/03/2023;-9,66825745;-67,3286895;90,000
AM;BR-317;493,000;492,000;1,000;27/03/2023;-9,66825745;-67,3286895;82,500
AM;BR-317;492,000;491,000;1,000;27/03/2023;-9,66825745;-67,3286895;87,500
AM;BR-317;491,000;490,000;1,000;27/03/2023;-9,66825745;-67,3286895;98,750
AM;BR-317;490,000;489,000;1,000;27/03/2023;-9,66825745;-67,3286895;88,750
AM;BR-317;489,000;488,000;1,000;27/03/2023;-9,66825745;-67,3286895;93,750
AM;BR-317;488,000;487,000;1,000;27/03/2023;-9,66825745;-67,3286895;85,000
AM;BR-317;487,000;486,000;1,000;27/03/2023;-9,66825745;-67,3286895;78,750
AM;BR-317;486,000;485,000;1,000;27/03/2023;-9,66825745;-67,3286895;93,750
AM;BR-317;485,000;484,000;1,000;27/03/2023;-9,66825745;-67,3286895;93,750
AM;BR-317;484,000;483,000;1,000;27/03/2023;-9,66825745;-67,3286895;77,500
AM;BR-317;483,000;482,000;1,000;27/03/2023;-9,66825745;-67,3286895;98,750
AM;BR-317;482,000;481,000;1,000;27/03/2023;-9,66825745;-67,3286895;88,750
AM;BR-317;481,000;480,000;1,000;27/03/2023;-9,66825745;-67,3286895;77,500
AM;BR-317;480,000;479,000;1,000;27/03/2023;-9,66825745;-67,3286895;66,250
AM;BR-317;479,000;478,860;0,140;27/03/2023;-9,66825745;-67,3286895;63,750
AM;BR-317;466,240;465,000;1,240;27/03/2023;-9,66825745;-67,3286895;98,750
AM;BR-317;465,000;464,000;1,000;27/03/2023;-9,66825745;-67,3286895;93,750
AM;BR-317;464,000;463,000;1,000;27/03/2023;-9,66825745;-67,3286895;93,750
AM;BR-317;463,000;462,000;1,000;27/03/2023;-9,66825745;-67,3286895;98,750
AM;BR-317;462,000;461,000;1,000;27/03/2023;-9,66825745;-67,3286895;98,750
AM;BR-317;461,000;460,000;1,000;27/03/2023;-9,66825745;-67,3286895;96,250
AM;BR-317;460,000;459,000;1,000;27/03/2023;-9,66825745;-67,3286895;98,750
AM;BR-317;459,000;458,000;1,000;27/03/2023;-9,66825745;-67,3286895;98,750
AM;BR-317;458,000;457,000;1,000;27/03/2023;-9,66825745;-67,3286895;98,750
AM;BR-317;457,000;456,000;1,000;27/03/2023;-9,66825745;-67,3286895;98,750
AM;BR-317;456,000;455,000;1,000;27/03/2023;-9,66825745;-67,3286895;90,000
AM;BR-317;455,000;454,000;1,000;27/03/2023;-9,66825745;-67,3286895;92,500
AM;BR-317;454,000;453,000;1,000;27/03/2023;-9,66825745;-67,3286895;93,750
AM;BR-317;453,000;452,640;0,360;27/03/2023;-9,66825745;-67,3286895;93,750
BA;BR-030;281,700;280,000;1,700;28/03/2023;0;0;38,750
BA;BR-030;280,000;279,000;1,000;28/03/2023;0;0;42,500
BA;BR-030;279,000;278,000;1,000;28/03/2023;0;0;27,500
BA;BR-030;278,000;277,000;1,000;28/03/2023;0;0;40,000
BA;BR-030;277,000;276,000;1,000;28/03/2023;0;0;60,000
BA;BR-030;276,000;275,000;1,000;28/03/2023;0;0;71,250
BA;BR-030;275,000;274,000;1,000;28/03/2023;-14,258905;-43,8244366;75,000
BA;BR-030;274,000;273,000;1,000;28/03/2023;-14,258905;-43,8244366;75,000
BA;BR-030;273,000;272,000;1,000;28/03/2023;-14,258905;-43,8244366;75,000
BA;BR-030;272,000;271,000;1,000;28/03/2023;-14,258905;-43,8244366;67,500
BA;BR-030;271,000;270,000;1,000;28/03/2023;-14,2373633;-43,8552316;32,500
BA;BR-030;270,000;269,000;1,000;28/03/2023;-14,2315033;-43,863545;12,500
BA;BR-030;269,000;268,000;1,000;28/03/2023;-14,2259233;-43,8713566;8,750
BA;BR-030;268,000;267,000;1,000;28/03/2023;-14,2259233;-43,8713566;15,000
BA;BR-030;267,000;266,000;1,000;28/03/2023;-14,2259233;-43,8713566;15,000
BA;BR-030;266,000;265,000;1,000;28/03/2023;-14,2259233;-43,8713566;40,000
BA;BR-030;265,000;264,000;1,000;28/03/2023;-14,2106733;-43,9057266;41,250
BA;BR-030;264,000;263,000;1,000;28/03/2023;-14,2086116;-43,909955;45,000
BA;BR-030;263,000;262,000;1,000;28/03/2023;-14,2086116;-43,909955;76,250
BA;BR-030;262,000;261,000;1,000;28/03/2023;-14,2086116;-43,909955;68,750
BA;BR-030;261,000;260,000;1,000;28/03/2023;-14,2086116;-43,909955;75,000
BA;BR-030;260,000;259,000;1,000;28/03/2023;-14,20919;-43,9459033;75,000
BA;BR-030;259,000;258,000;1,000;28/03/2023;-14,20919;-43,9459033;75,000
BA;BR-030;258,000;257,000;1,000;28/03/2023;-14,20919;-43,9459033;68,750
BA;BR-030;257,000;256,000;1,000;28/03/2023;-14,20919;-43,9459033;75,000
BA;BR-030;256,000;255,000;1,000;28/03/2023;-14,20919;-43,9459033;72,500
BA;BR-030;255,000;254,000;1,000;28/03/2023;-14,2088233;-43,999865;67,500
BA;BR-030;254,000;253,000;1,000;28/03/2023;-14,207975;-44,0127766;60,000
BA;BR-030;253,000;252,000;1,000;28/03/2023;-14,207975;-44,0127766;67,500
BA;BR-030;252,000;251,000;1,000;28/03/2023;-14,2076133;-44,0328733;67,500
BA;BR-030;251,000;250,000;1,000;28/03/2023;-14,2076133;-44,0328733;75,000
BA;BR-030;250,000;249,000;1,000;28/03/2023;-14,2076133;-44,0328733;67,500
BA;BR-030;249,000;248,000;1,000;28/03/2023;-14,2076133;-44,0328733;80,000
BA;BR-030;248,000;247,000;1,000;28/03/2023;-14,2076133;-44,0328733;67,500
BA;BR-030;247,000;246,000;1,000;28/03/2023;-14,2076133;-44,0328733;76,250
BA;BR-030;246,000;245,000;1,000;28/03/2023;-14,2130733;-44,0822483;62,500
BA;BR-030;245,000;244,000;1,000;28/03/2023;-14,2130733;-44,0822483;62,500
BA;BR-030;244,000;243,000;1,000;28/03/2023;-14,2130733;-44,0822483;58,750
BA;BR-030;243,000;242,000;1,000;28/03/2023;-14,2130733;-44,0822483;55,000
BA;BR-030;242,000;241,000;1,000;28/03/2023;-14,2130733;-44,0822483;55,000
BA;BR-030;241,000;240,000;1,000;28/03/2023;-14,2164966;-44,127355;35,000
BA;BR-030;240,000;239,000;1,000;28/03/2023;-14,2164966;-44,127355;47,500
BA;BR-030;239,000;238,000;1,000;28/03/2023;-14,2164966;-44,127355;40,000
BA;BR-030;238,400;237,000;1,400;28/03/2023;-14,2164966;-44,127355;5,000
BA;BR-030;237,000;236,000;1,000;28/03/2023;-14,2164966;-44,127355;15,000
BA;BR-030;236,000;235,000;1,000;28/03/2023;-14,2164966;-44,127355;30,000
BA;BR-030;235,000;234,000;1,000;28/03/2023;-14,2164966;-44,127355;10,000
BA;BR-030;234,000;233,000;1,000;28/03/2023;-14,2164966;-44,127355;20,000
BA;BR-030;233,000;232,000;1,000;28/03/2023;-14,2164966;-44,127355;20,000
BA;BR-030;232,000;231,000;1,000;28/03/2023;-14,2234566;-44,19968;20,000
BA;BR-030;231,000;230,000;1,000;28/03/2023;-14,2234566;-44,19968;5,000
BA;BR-030;230,000;229,000;1,000;28/03/2023;-14,2234566;-44,19968;5,000
BA;BR-030;229,000;228,000;1,000;28/03/2023;-14,2068716;-44,2248066;5,000
BA;BR-030;228,000;227,000;1,000;28/03/2023;-14,204275;-44,2448083;5,000
BA;BR-030;227,000;226,000;1,000;28/03/2023;-14,2039733;-44,2471516;20,000
BA;BR-030;226,000;225,000;1,000;28/03/2023;-14,2064383;-44,259325;22,500
BA;BR-030;225,000;224,000;1,000;28/03/2023;-14,2064383;-44,259325;27,500
BA;BR-030;224,000;223,000;1,000;28/03/2023;-14,2105933;-44,27514;0,000
BA;BR-030;223,000;222,000;1,000;28/03/2023;-14,2105933;-44,27514;36,250
BA;BR-030;222,000;221,000;1,000;28/03/2023;-14,2164416;-44,286095;52,500
BA;BR-030;221,000;220,000;1,000;28/03/2023;-14,2235383;-44,29851;31,250
BA;BR-030;220,000;219,000;1,000;28/03/2023;-14,2235383;-44,29851;67,500
BA;BR-030;219,000;218,000;1,000;28/03/2023;-14,2235383;-44,29851;55,000
BA;BR-030;218,000;217,000;1,000;28/03/2023;-14,2235383;-44,29851;53,750
BA;BR-030;217,000;216,000;1,000;28/03/2023;-14,2256733;-44,3236783;52,500
BA;BR-030;216,000;215,000;1,000;28/03/2023;-14,2256733;-44,3236783;46,250
BA;BR-030;215,000;214,000;1,000;28/03/2023;-14,2195216;-44,3487333;28,750
BA;BR-030;214,000;213,000;1,000;28/03/2023;-14,2196;-44,3527416;60,000
BA;BR-030;213,000;212,000;1,000;28/03/2023;-14,2196;-44,3527416;52,500
BA;BR-030;212,000;211,000;1,000;28/03/2023;-14,2072916;-44,3628716;53,750
BA;BR-030;211,000;210,000;1,000;28/03/2023;-14,200505;-44,38052;61,250
BA;BR-030;210,000;209,000;1,000;28/03/2023;-14,200505;-44,38052;40,000
BA;BR-030;209,000;208,000;1,000;28/03/2023;-14,200505;-44,38052;52,500
BA;BR-030;208,000;207,000;1,000;28/03/2023;-14,1911383;-44,394225;35,000
BA;BR-030;207,000;206,000;1,000;28/03/2023;-14,1890066;-44,4012816;43,750
BA;BR-030;206,000;205,000;1,000;28/03/2023;-14,1890066;-44,4012816;38,750
BA;BR-030;205,000;204,000;1,000;28/03/2023;-14,1890066;-44,4012816;40,000
BA;BR-030;204,000;203,000;1,000;28/03/2023;-14,1890066;-44,4012816;32,500
BA;BR-030;203,000;202,000;1,000;28/03/2023;-14,1890066;-44,4012816;52,500
BA;BR-030;202,000;201,000;1,000;28/03/2023;-14,1907533;-44,445665;46,250
BA;BR-030;201,000;200,000;1,000;28/03/2023;-14,1907533;-44,445665;27,500
BA;BR-030;200,000;199,000;1,000;28/03/2023;-14,1907533;-44,445665;32,500
BA;BR-030;199,000;198,000;1,000;28/03/2023;-14,1816066;-44,4710566;5,000
BA;BR-030;198,000;197,000;1,000;28/03/2023;-14,1842416;-44,4831816;16,250
BA;BR-030;197,000;196,000;1,000;28/03/2023;-14,1853533;-44,4848116;23,750
BA;BR-030;196,000;195,000;1,000;28/03/2023;-14,18712;-44,4938833;30,000
BA;BR-030;195,000;194,000;1,000;28/03/2023;-14,18712;-44,4938833;40,000
BA;BR-030;194,000;193,000;1,000;28/03/2023;-14,18712;-44,4938833;23,750
BA;BR-030;193,000;192,000;1,000;28/03/2023;-14,18712;-44,4938833;32,500
BA;BR-030;192,000;191,000;1,000;28/03/2023;-14,1787783;-44,5290933;32,500
GO;BR-080;277,500;278,000;0,500;28/03/2023;0;0;83,750
GO;BR-080;278,000;279,000;1,000;28/03/2023;0;0;86,250
GO;BR-080;279,000;280,000;1,000;28/03/2023;0;0;86,250
GO;BR-080;280,000;281,000;1,000;28/03/2023;0;0;86,250
GO;BR-080;281,000;282,000;1,000;28/03/2023;0;0;86,250
GO;BR-080;282,000;282,300;0,300;28/03/2023;0;0;86,250
PA;BR-230;1161,600;1162,000;0,400;27/03/2023;-4,2790291;-55,9917331;76,250
PA;BR-230;1162,000;1163,000;1,000;27/03/2023;-4,2790291;-55,9917331;78,750
PA;BR-230;1163,000;1164,000;1,000;27/03/2023;-4,2790291;-55,9917331;90,000
PA;BR-230;1164,000;1165,000;1,000;27/03/2023;-4,2790291;-55,9917331;86,250
PA;BR-230;1165,000;1166,000;1,000;27/03/2023;-4,2790291;-55,9917331;90,000
PA;BR-230;1166,000;1167,000;1,000;27/03/2023;-4,2790291;-55,9917331;90,000
PA;BR-230;1167,000;1168,000;1,000;27/03/2023;-4,2790291;-55,9917331;90,000
PA;BR-230;1168,000;1169,000;1,000;27/03/2023;-4,2790291;-55,9917331;93,750
PA;BR-230;1169,000;1170,000;1,000;27/03/2023;-4,2790291;-55,9917331;90,000
PA;BR-230;1170,000;1171,000;1,000;27/03/2023;-4,2790291;-55,9917331;93,750
PA;BR-230;1171,000;1172,000;1,000;27/03/2023;-4,2790291;-55,9917331;87,500
PA;BR-230;1172,000;1173,000;1,000;27/03/2023;-4,2790291;-55,9917331;93,750
PA;BR-230;1173,000;1174,000;1,000;27/03/2023;-4,2790291;-55,9917331;90,000
PA;BR-230;1174,000;1175,000;1,000;27/03/2023;-4,2790291;-55,9917331;90,000
PA;BR-230;1175,000;1176,000;1,000;27/03/2023;-4,2790291;-55,9917331;93,750
PA;BR-230;1176,000;1177,000;1,000;27/03/2023;-4,2790291;-55,9917331;91,250
PA;BR-230;1177,000;1178,000;1,000;27/03/2023;-4,2790291;-55,9917331;87,500
PA;BR-230;1178,000;1179,000;1,000;27/03/2023;-4,2790291;-55,9917331;83,750
PA;BR-230;1179,000;1180,000;1,000;27/03/2023;-4,2790291;-55,9917331;83,750
PA;BR-230;1180,000;1181,000;1,000;27/03/2023;-4,2790291;-55,9917331;91,250
PA;BR-230;1181,000;1182,000;1,000;27/03/2023;-4,2790291;-55,9917331;83,750
PA;BR-230;1182,000;1183,000;1,000;27/03/2023;-4,2790291;-55,9917331;86,250
PA;BR-230;1183,000;1184,000;1,000;27/03/2023;-4,2790291;-55,9917331;83,750
PA;BR-230;1184,000;1185,000;1,000;27/03/2023;-4,2790291;-55,9917331;83,750
PA;BR-230;1185,000;1186,000;1,000;27/03/2023;-4,2790291;-55,9917331;83,750
PA;BR-230;1186,000;1187,000;1,000;27/03/2023;-4,2790291;-55,9917331;83,750
PA;BR-230;1187,000;1188,000;1,000;27/03/2023;-4,2790291;-55,9917331;86,250
PA;BR-230;1188,000;1189,000;1,000;27/03/2023;-4,2790291;-55,9917331;86,250
PA;BR-230;1189,000;1190,000;1,000;27/03/2023;-4,2790291;-55,9917331;82,500
PA;BR-230;1190,000;1191,000;1,000;27/03/2023;-4,2790291;-55,9917331;82,500
PA;BR-230;1191,000;1192,000;1,000;27/03/2023;-4,2790291;-55,9917331;82,500
PA;BR-230;1192,000;1193,000;1,000;27/03/2023;-4,2790291;-55,9917331;80,000
PA;BR-230;1193,000;1194,000;1,000;27/03/2023;-4,2790291;-55,9917331;82,500
PA;BR-230;1194,000;1195,000;1,000;27/03/2023;-4,2790291;-55,9917331;72,500
PA;BR-230;1195,000;1196,000;1,000;27/03/2023;-4,2790291;-55,9917331;80,000
PA;BR-230;1196,000;1197,000;1,000;27/03/2023;-4,2790291;-55,9917331;82,500
PA;BR-230;1197,000;1198,000;1,000;27/03/2023;-4,2790291;-55,9917331;82,500
PA;BR-230;1198,000;1199,000;1,000;27/03/2023;-4,2790291;-55,9917331;82,500
PA;BR-230;1199,000;1200,000;1,000;27/03/2023;-4,2790291;-55,9917331;80,000
PA;BR-230;1200,000;1201,000;1,000;27/03/2023;-4,2790291;-55,9917331;80,000
PA;BR-230;1201,000;1202,000;1,000;27/03/2023;-4,2790291;-55,9917331;63,750
PA;BR-230;1202,000;1203,000;1,000;27/03/2023;-4,2790291;-55,9917331;66,250
PA;BR-230;1203,000;1204,000;1,000;27/03/2023;-4,2790291;-55,9917331;56,250
PA;BR-230;1204,000;1205,000;1,000;27/03/2023;-4,2790291;-55,9917331;56,250
PA;BR-230;1205,000;1206,000;1,000;27/03/2023;-4,2790291;-55,9917331;58,750
PA;BR-230;1206,000;1207,000;1,000;27/03/2023;-4,2790291;-55,9917331;56,250
PA;BR-230;1207,000;1208,000;1,000;27/03/2023;-4,2790291;-55,9917331;61,250
PA;BR-230;1208,000;1209,000;1,000;27/03/2023;-4,2790291;-55,9917331;37,500
PA;BR-230;1209,000;1210,000;1,000;27/03/2023;-4,2790291;-55,9917331;37,500
PA;BR-230;1210,000;1211,000;1,000;27/03/2023;-4,2790291;-55,9917331;35,000
PA;BR-230;1211,000;1212,000;1,000;27/03/2023;-4,2790291;-55,9917331;35,000
PA;BR-230;1212,000;1213,000;1,000;27/03/2023;-4,2790291;-55,9917331;56,250
PA;BR-230;1213,000;1214,000;1,000;27/03/2023;-4,2790291;-55,9917331;35,000
PA;BR-230;1214,000;1215,000;1,000;27/03/2023;-4,2790291;-55,9917331;32,500
PA;BR-230;1215,000;1216,000;1,000;27/03/2023;-4,2790291;-55,9917331;32,500
PA;BR-230;1216,000;1217,000;1,000;27/03/2023;-4,2790291;-55,9917331;32,500
PA;BR-230;1217,000;1218,000;1,000;27/03/2023;-4,2790291;-55,9917331;40,000
PA;BR-230;1218,000;1219,000;1,000;27/03/2023;-4,2790291;-55,9917331;32,500
PA;BR-230;1219,000;1220,000;1,000;27/03/2023;-4,2790291;-55,9917331;32,500
PA;BR-230;1220,000;1221,000;1,000;27/03/2023;-4,2790291;-55,9917331;35,000
PA;BR-230;1221,000;1222,000;1,000;27/03/2023;-4,2790291;-55,9917331;32,500
PA;BR-230;1222,000;1223,000;1,000;27/03/2023;-4,2790291;-55,9917331;32,500
PA;BR-230;1223,000;1224,000;1,000;27/03/2023;-4,2790291;-55,9917331;42,500
PA;BR-230;1224,000;1225,000;1,000;27/03/2023;-4,2790291;-55,9917331;37,500
PA;BR-230;1225,000;1226,000;1,000;27/03/2023;-4,2790291;-55,9917331;42,500
PA;BR-230;1226,000;1227,000;1,000;27/03/2023;-4,2790291;-55,9917331;35,000
PA;BR-230;1227,000;1228,000;1,000;27/03/2023;-4,2790291;-55,9917331;32,500
PA;BR-230;1228,000;1229,000;1,000;27/03/2023;-4,2790291;-55,9917331;35,000
PA;BR-230;1229,000;1230,000;1,000;27/03/2023;-4,2790291;-55,9917331;70,000
PA;BR-230;1230,000;1231,000;1,000;27/03/2023;-4,2790291;-55,9917331;77,500
PA;BR-230;1231,000;1232,000;1,000;27/03/2023;-4,2790291;-55,9917331;77,500
PA;BR-230;1232,000;1233,000;1,000;27/03/2023;-4,2790291;-55,9917331;75,000
PA;BR-230;1233,000;1234,000;1,000;27/03/2023;-4,2790291;-55,9917331;70,000
PA;BR-230;1234,000;1235,000;1,000;27/03/2023;-4,2790291;-55,9917331;56,250
PA;BR-230;1235,000;1236,000;1,000;27/03/2023;-4,2790291;-55,9917331;72,500
PA;BR-230;1236,000;1237,000;1,000;27/03/2023;-4,2790291;-55,9917331;70,000
PA;BR-230;1237,000;1238,000;1,000;27/03/2023;-4,2790291;-55,9917331;65,000
PA;BR-230;1238,000;1239,000;1,000;27/03/2023;-4,2790291;-55,9917331;67,500
PA;BR-230;1239,000;1240,000;1,000;27/03/2023;-4,2790291;-55,9917331;70,000
PA;BR-230;1240,000;1241,000;1,000;27/03/2023;-4,2790291;-55,9917331;76,250
PA;BR-230;1241,000;1242,000;1,000;27/03/2023;-4,2790291;-55,9917331;70,000
PA;BR-230;1242,000;1243,000;1,000;27/03/2023;-4,2790291;-55,9917331;70,000
PA;BR-230;1243,000;1244,000;1,000;27/03/2023;-4,2790291;-55,9917331;62,500
PA;BR-230;1244,000;1245,000;1,000;27/03/2023;-4,2790291;-55,9917331;60,000
PA;BR-230;1245,000;1246,000;1,000;27/03/2023;-4,2790291;-55,9917331;67,500
PA;BR-230;1246,000;1247,000;1,000;27/03/2023;-4,2790291;-55,9917331;55,000
PA;BR-230;1247,000;1248,000;1,000;27/03/2023;-4,2790291;-55,9917331;67,500
PA;BR-230;1248,000;1249,000;1,000;27/03/2023;-4,2790291;-55,9917331;52,500
PA;BR-230;1249,000;1250,000;1,000;27/03/2023;-4,2790291;-55,9917331;62,500
PA;BR-230;1250,000;1251,000;1,000;27/03/2023;-4,2790291;-55,9917331;70,000
PA;BR-230;1251,000;1252,000;1,000;27/03/2023;-4,2790291;-55,9917331;70,000
PA;BR-230;1252,000;1253,000;1,000;27/03/2023;-4,2790291;-55,9917331;77,500
PA;BR-230;1253,000;1254,000;1,000;27/03/2023;-4,2790291;-55,9917331;77,500
PA;BR-230;1254,000;1255,000;1,000;27/03/2023;-4,2790291;-55,9917331;76,250
PA;BR-230;1255,000;1256,000;1,000;27/03/2023;-4,2790291;-55,9917331;70,000
PA;BR-230;1256,000;1257,000;1,000;27/03/2023;-4,2790291;-55,9917331;81,250
PA;BR-230;1257,000;1258,000;1,000;27/03/2023;-4,2790291;-55,9917331;81,250
PA;BR-230;1258,000;1259,000;1,000;27/03/2023;-4,2790291;-55,9917331;72,500
PA;BR-230;1259,000;1260,000;1,000;27/03/2023;-4,2790291;-55,9917331;83,750
PA;BR-230;1260,000;1261,000;1,000;27/03/2023;-4,2790291;-55,9917331;81,250
PA;BR-230;1261,000;1262,000;1,000;27/03/2023;-4,2790291;-55,9917331;83,750
PA;BR-230;1262,000;1263,000;1,000;27/03/2023;-4,2790291;-55,9917331;81,250
PA;BR-230;1263,000;1264,000;1,000;27/03/2023;-4,2790291;-55,9917331;77,500
PA;BR-230;1264,000;1265,000;1,000;27/03/2023;-4,2790291;-55,9917331;77,500
PA;BR-230;1265,000;1266,000;1,000;27/03/2023;-4,2790291;-55,9917331;83,750
PA;BR-230;1266,000;1267,000;1,000;27/03/2023;-4,2790291;-55,9917331;81,250
PA;BR-230;1267,000;1268,000;1,000;27/03/2023;-4,2790291;-55,9917331;87,500
PA;BR-230;1268,000;1269,000;1,000;27/03/2023;-4,2790291;-55,9917331;83,750
PA;BR-230;1269,000;1270,000;1,000;27/03/2023;-4,2790291;-55,9917331;81,250
PA;BR-230;1270,000;1271,000;1,000;27/03/2023;-4,2790291;-55,9917331;81,250
PA;BR-230;1271,000;1272,000;1,000;27/03/2023;-4,2790291;-55,9917331;83,750
PA;BR-230;1272,000;1273,000;1,000;27/03/2023;-4,2790291;-55,9917331;83,750
PA;BR-230;1273,000;1274,000;1,000;27/03/2023;-4,2790291;-55,9917331;81,250
PA;BR-230;1274,000;1275,000;1,000;27/03/2023;-4,2790291;-55,9917331;83,750
PA;BR-230;1275,000;1276,000;1,000;27/03/2023;-4,2790291;-55,9917331;83,750
PA;BR-230;1276,000;1277,000;1,000;27/03/2023;-4,2790291;-55,9917331;81,250
PA;BR-230;1277,000;1278,000;1,000;27/03/2023;-4,2790291;-55,9917331;73,750
PA;BR-230;1278,000;1279,000;1,000;27/03/2023;-4,2790291;-55,9917331;87,500
PA;BR-230;1279,000;1280,000;1,000;27/03/2023;-4,2790291;-55,9917331;87,500
PA;BR-230;1280,000;1281,000;1,000;27/03/2023;-4,2790291;-55,9917331;77,500
PA;BR-230;1281,000;1282,000;1,000;27/03/2023;-4,2790291;-55,9917331;83,750
PA;BR-230;1282,000;1283,000;1,000;27/03/2023;-4,2790291;-55,9917331;81,250
PA;BR-230;1283,000;1284,000;1,000;27/03/2023;-4,2790291;-55,9917331;81,250
PA;BR-230;1284,000;1285,000;1,000;27/03/2023;-4,2790291;-55,9917331;81,250
PA;BR-230;1285,000;1286,000;1,000;27/03/2023;-4,2790291;-55,9917331;83,750
PA;BR-230;1286,000;1287,000;1,000;27/03/2023;-4,2790291;-55,9917331;81,250
PA;BR-230;1287,000;1288,000;1,000;27/03/2023;-4,2790291;-55,9917331;77,500
PA;BR-230;1288,000;1289,000;1,000;27/03/2023;-4,2790291;-55,9917331;77,500
PA;BR-230;1289,000;1290,000;1,000;27/03/2023;-4,2790291;-55,9917331;77,500
PA;BR-230;1290,000;1291,000;1,000;27/03/2023;-4,2790291;-55,9917331;61,250
PA;BR-230;1291,000;1292,000;1,000;27/03/2023;-4,2790291;-55,9917331;81,250
PA;BR-230;1292,000;1293,000;1,000;27/03/2023;-4,2790291;-55,9917331;77,500
PA;BR-230;1293,000;1294,000;1,000;27/03/2023;-4,2790291;-55,9917331;77,500
PA;BR-230;1294,500;1295,000;0,500;27/03/2023;-4,2790291;-55,9917331;80,000
PA;BR-230;1295,000;1296,000;1,000;27/03/2023;-4,2790291;-55,9917331;83,750
PA;BR-230;1296,000;1297,000;1,000;27/03/2023;-4,2790291;-55,9917331;77,500
PA;BR-230;1297,000;1298,000;1,000;27/03/2023;-4,2790291;-55,9917331;77,500
PA;BR-230;1298,000;1299,000;1,000;27/03/2023;-4,2790291;-55,9917331;63,750
PA;BR-230;1299,000;1300,000;1,000;27/03/2023;-4,2790291;-55,9917331;63,750
PA;BR-230;1300,000;1301,000;1,000;27/03/2023;-4,2790291;-55,9917331;70,000
PA;BR-230;1301,000;1302,000;1,000;27/03/2023;-4,2790291;-55,9917331;45,000
PA;BR-230;1302,000;1303,000;1,000;27/03/2023;-4,2790291;-55,9917331;77,500
PA;BR-230;1303,000;1304,000;1,000;27/03/2023;-4,2790291;-55,9917331;77,500
PA;BR-230;1304,000;1305,000;1,000;27/03/2023;-4,2790291;-55,9917331;77,500
PA;BR-230;1305,000;1306,000;1,000;27/03/2023;-4,2790291;-55,9917331;70,000
PA;BR-230;1306,000;1307,000;1,000;27/03/2023;-4,2790291;-55,9917331;77,500
PA;BR-230;1307,000;1308,000;1,000;27/03/2023;-4,2790291;-55,9917331;75,000
PA;BR-230;1308,000;1309,000;1,000;27/03/2023;-4,2790291;-55,9917331;77,500
PA;BR-230;1309,000;1310,000;1,000;27/03/2023;-4,2790291;-55,9917331;77,500
PA;BR-230;1310,000;1311,000;1,000;27/03/2023;-4,2790291;-55,9917331;77,500
PA;BR-230;1311,000;1312,000;1,000;27/03/2023;-4,2790291;-55,9917331;72,500
PA;BR-230;1312,000;1313,000;1,000;27/03/2023;-4,2790291;-55,9917331;57,500
PA;BR-230;1313,000;1314,000;1,000;27/03/2023;-4,2790291;-55,9917331;62,500
PA;BR-230;1314,000;1315,000;1,000;27/03/2023;-4,2790291;-55,9917331;55,000
PA;BR-230;1315,000;1316,000;1,000;27/03/2023;-4,2790291;-55,9917331;70,000
PA;BR-230;1316,000;1317,000;1,000;27/03/2023;-4,2790291;-55,9917331;70,000
PA;BR-230;1317,000;1318,000;1,000;27/03/2023;-4,2790291;-55,9917331;70,000
PA;BR-230;1318,000;1319,000;1,000;27/03/2023;-4,2790291;-55,9917331;55,000
PA;BR-230;1319,000;1320,000;1,000;27/03/2023;-4,2790291;-55,9917331;55,000
PA;BR-230;1320,000;1321,000;1,000;27/03/2023;-4,2790291;-55,9917331;55,000
PA;BR-230;1321,000;1322,000;1,000;27/03/2023;-4,2790291;-55,9917331;48,750
PA;BR-230;1322,000;1323,000;1,000;27/03/2023;-4,2790291;-55,9917331;62,500
PA;BR-230;1323,000;1324,000;1,000;27/03/2023;-4,2790291;-55,9917331;75,000
PA;BR-230;1324,000;1325,000;1,000;27/03/2023;-4,2790291;-55,9917331;77,500
PA;BR-230;1325,000;1326,000;1,000;27/03/2023;-4,2790291;-55,9917331;77,500
PA;BR-230;1326,000;1327,000;1,000;27/03/2023;-4,2790291;-55,9917331;77,500
PA;BR-230;1327,000;1328,000;1,000;27/03/2023;-4,2790291;-55,9917331;77,500
PA;BR-230;1328,000;1329,000;1,000;27/03/2023;-4,2790291;-55,9917331;77,500
PA;BR-230;1329,000;1330,000;1,000;27/03/2023;-4,2790291;-55,9917331;67,500
PA;BR-230;1330,000;1331,000;1,000;27/03/2023;-4,2790291;-55,9917331;67,500
PA;BR-230;1331,000;1332,000;1,000;27/03/2023;-4,2790291;-55,9917331;77,500
PA;BR-230;1332,000;1333,000;1,000;27/03/2023;-4,2790291;-55,9917331;55,000
PA;BR-230;1333,000;1334,000;1,000;27/03/2023;-4,2790291;-55,9917331;62,500
PA;BR-230;1334,000;1335,000;1,000;27/03/2023;-4,2790291;-55,9917331;62,500
PA;BR-230;1335,000;1336,000;1,000;27/03/2023;-4,2790291;-55,9917331;55,000
PA;BR-230;1336,000;1337,000;1,000;27/03/2023;-4,2790291;-55,9917331;48,750
PA;BR-230;1337,000;1338,000;1,000;27/03/2023;-4,2790291;-55,9917331;62,500
PA;BR-230;1338,000;1339,000;1,000;27/03/2023;-4,2790291;-55,9917331;62,500
PA;BR-230;1339,000;1340,000;1,000;27/03/2023;-4,2790291;-55,9917331;77,500
PA;BR-230;1340,000;1341,000;1,000;27/03/2023;-4,2790291;-55,9917331;77,500
PA;BR-230;1341,000;1342,000;1,000;27/03/2023;-4,2790291;-55,9917331;62,500
PA;BR-230;1342,000;1343,000;1,000;27/03/2023;-4,2790291;-55,9917331;56,250
PA;BR-230;1343,000;1344,000;1,000;27/03/2023;-4,2790291;-55,9917331;77,500
PA;BR-230;1344,000;1345,000;1,000;27/03/2023;-4,2790291;-55,9917331;77,500
PA;BR-230;1345,000;1346,000;1,000;27/03/2023;-4,2790291;-55,9917331;77,500
PA;BR-230;1346,000;1347,000;1,000;27/03/2023;-4,2790291;-55,9917331;56,250
PA;BR-230;1347,000;1348,000;1,000;27/03/2023;-4,2790291;-55,9917331;56,250
PA;BR-230;1348,000;1349,000;1,000;27/03/2023;-4,2790291;-55,9917331;77,500
PA;BR-230;1349,000;1350,000;1,000;27/03/2023;-4,2790291;-55,9917331;77,500
PA;BR-230;1350,000;1351,000;1,000;27/03/2023;-4,2790291;-55,9917331;77,500
PA;BR-230;1351,000;1352,000;1,000;27/03/2023;-4,2790291;-55,9917331;77,500
PA;BR-230;1352,000;1353,000;1,000;27/03/2023;-4,2790291;-55,9917331;83,750
PA;BR-230;1353,000;1354,000;1,000;27/03/2023;-4,2790291;-55,9917331;83,750
PA;BR-230;1354,000;1355,000;1,000;27/03/2023;-4,2790291;-55,9917331;77,500
PA;BR-230;1355,000;1356,000;1,000;27/03/2023;-4,2790291;-55,9917331;80,000
PA;BR-230;1356,000;1357,000;1,000;27/03/2023;-4,2790291;-55,9917331;80,000
PA;BR-230;1357,000;1358,000;1,000;27/03/2023;-4,2790291;-55,9917331;83,750
PA;BR-230;1358,000;1359,000;1,000;27/03/2023;-4,2790291;-55,9917331;83,750
PA;BR-230;1359,000;1360,000;1,000;27/03/2023;-4,2790291;-55,9917331;80,000
PA;BR-230;1360,000;1361,000;1,000;27/03/2023;-4,2790291;-55,9917331;80,000
PA;BR-230;1361,000;1362,000;1,000;27/03/2023;-4,2790291;-55,9917331;80,000
PA;BR-230;1362,000;1363,000;1,000;27/03/2023;-4,2790291;-55,9917331;80,000
PA;BR-230;1363,000;1364,000;1,000;27/03/2023;-4,2790291;-55,9917331;80,000
PA;BR-230;1364,000;1365,000;1,000;27/03/2023;-4,2790291;-55,9917331;80,000
PA;BR-230;1365,000;1366,000;1,000;27/03/2023;-4,2790291;-55,9917331;83,750
PA;BR-230;1366,000;1367,000;1,000;27/03/2023;-4,2790291;-55,9917331;87,500
PA;BR-230;1367,000;1368,000;1,000;27/03/2023;-4,2790291;-55,9917331;85,000
PA;BR-230;1368,000;1369,000;1,000;27/03/2023;-4,2790291;-55,9917331;77,500
PA;BR-230;1369,000;1370,000;1,000;27/03/2023;-4,2790291;-55,9917331;81,250
PA;BR-230;1370,000;1371,000;1,000;27/03/2023;-4,2790291;-55,9917331;85,000
PA;BR-230;1371,000;1372,000;1,000;27/03/2023;-4,2790291;-55,9917331;87,500
PA;BR-230;1372,000;1373,000;1,000;27/03/2023;-4,2790291;-55,9917331;85,000
PA;BR-230;1373,000;1374,000;1,000;27/03/2023;-4,2790291;-55,9917331;81,250
PA;BR-230;1374,000;1375,000;1,000;27/03/2023;-4,2790291;-55,9917331;83,750
PA;BR-230;1375,000;1376,000;1,000;27/03/2023;-4,2790291;-55,9917331;85,000
PA;BR-230;1376,000;1377,000;1,000;27/03/2023;-4,2790291;-55,9917331;85,000
PA;BR-230;1377,000;1378,000;1,000;27/03/2023;-4,2790291;-55,9917331;81,250
PA;BR-230;1378,000;1379,000;1,000;27/03/2023;-4,2790291;-55,9917331;83,750
PA;BR-230;1379,000;1380,000;1,000;27/03/2023;-4,2790291;-55,9917331;87,500
PA;BR-230;1380,000;1381,000;1,000;27/03/2023;-4,2790291;-55,9917331;85,000
PA;BR-230;1381,000;1382,000;1,000;27/03/2023;-4,2790291;-55,9917331;83,750
PA;BR-230;1382,000;1383,000;1,000;27/03/2023;-4,2790291;-55,9917331;87,500
PA;BR-230;1383,000;1384,000;1,000;27/03/2023;-4,2790291;-55,9917331;85,000
PA;BR-230;1384,000;1385,000;1,000;27/03/2023;-4,2790291;-55,9917331;87,500
PA;BR-230;1385,000;1386,000;1,000;27/03/2023;-4,2790291;-55,9917331;87,500
PA;BR-230;1386,000;1387,000;1,000;27/03/2023;-4,2790291;-55,9917331;81,250
PA;BR-230;1387,000;1388,000;1,000;27/03/2023;-4,2790291;-55,9917331;83,750
PA;BR-230;1388,000;1389,000;1,000;27/03/2023;-4,2790291;-55,9917331;83,750
PA;BR-230;1389,000;1390,000;1,000;27/03/2023;-4,2790291;-55,9917331;83,750
PA;BR-230;1390,000;1391,000;1,000;27/03/2023;-4,2790291;-55,9917331;81,250
PA;BR-230;1391,000;1392,000;1,000;27/03/2023;-4,2790291;-55,9917331;85,000
PA;BR-230;1392,000;1393,000;1,000;27/03/2023;-4,2790291;-55,9917331;73,750
PA;BR-230;1393,000;1394,000;1,000;27/03/2023;-4,2790291;-55,9917331;85,000
PA;BR-230;1394,000;1395,000;1,000;27/03/2023;-4,2790291;-55,9917331;81,250
PA;BR-230;1395,000;1396,000;1,000;27/03/2023;-4,2790291;-55,9917331;81,250
PA;BR-230;1396,000;1397,000;1,000;27/03/2023;-4,2790291;-55,9917331;83,750
PA;BR-230;1397,000;1398,000;1,000;27/03/2023;-4,2790291;-55,9917331;81,250
PA;BR-230;1398,000;1399,000;1,000;27/03/2023;-4,2790291;-55,9917331;81,250
PA;BR-230;1399,000;1400,000;1,000;27/03/2023;-4,2790291;-55,9917331;81,250
PA;BR-230;1400,000;1401,000;1,000;27/03/2023;-4,2790291;-55,9917331;91,250
PA;BR-230;1401,000;1402,000;1,000;27/03/2023;-4,2790291;-55,9917331;85,000
PA;BR-230;1402,000;1403,000;1,000;27/03/2023;-4,2790291;-55,9917331;85,000
PA;BR-230;1403,000;1404,000;1,000;27/03/2023;-4,2790291;-55,9917331;81,250
PA;BR-230;1404,000;1405,000;1,000;27/03/2023;-4,2790291;-55,9917331;81,250
PA;BR-230;1405,000;1406,000;1,000;27/03/2023;-4,2790291;-55,9917331;88,750
PA;BR-230;1406,000;1407,000;1,000;27/03/2023;-4,2790291;-55,9917331;85,000
PA;BR-230;1407,000;1408,000;1,000;27/03/2023;-4,2790291;-55,9917331;81,250
PA;BR-230;1408,000;1409,000;1,000;27/03/2023;-4,2790291;-55,9917331;88,750
PA;BR-230;1409,000;1410,000;1,000;27/03/2023;-4,2790291;-55,9917331;83,750
PA;BR-230;1410,000;1411,000;1,000;27/03/2023;-4,2790291;-55,9917331;83,750
PA;BR-230;1411,000;1412,000;1,000;27/03/2023;-4,2790291;-55,9917331;83,750
PA;BR-230;1412,000;1413,000;1,000;27/03/2023;-4,2790291;-55,9917331;81,250
PA;BR-230;1413,000;1414,000;1,000;27/03/2023;-4,2790291;-55,9917331;77,500
PA;BR-230;1414,000;1415,000;1,000;27/03/2023;-4,2790291;-55,9917331;62,500
PA;BR-230;1415,000;1416,000;1,000;27/03/2023;-4,2790291;-55,9917331;73,750
PA;BR-230;1416,000;1417,000;1,000;27/03/2023;-4,2790291;-55,9917331;81,250
PA;BR-230;1417,000;1418,000;1,000;27/03/2023;-4,2790291;-55,9917331;81,250
PA;BR-230;1418,000;1419,000;1,000;27/03/2023;-4,2790291;-55,9917331;83,750
PA;BR-230;1419,000;1420,000;1,000;27/03/2023;-4,2790291;-55,9917331;85,000
PA;BR-230;1420,000;1421,000;1,000;27/03/2023;-4,2790291;-55,9917331;81,250
PA;BR-230;1421,000;1422,000;1,000;27/03/2023;-4,2790291;-55,9917331;81,250
PA;BR-230;1422,000;1423,000;1,000;27/03/2023;-4,2790291;-55,9917331;81,250
PA;BR-230;1423,000;1424,000;1,000;27/03/2023;-4,2790291;-55,9917331;81,250
PA;BR-230;1424,000;1425,000;1,000;27/03/2023;-4,2790291;-55,9917331;81,250
PA;BR-230;1425,000;1426,000;1,000;27/03/2023;-4,2790291;-55,9917331;81,250
PA;BR-230;1426,000;1427,000;1,000;27/03/2023;-4,2790291;-55,9917331;81,250
PA;BR-230;1427,000;1428,000;1,000;27/03/2023;-4,2790291;-55,9917331;87,500
PA;BR-230;1428,000;1429,000;1,000;27/03/2023;-4,2790291;-55,9917331;83,750
PA;BR-230;1429,000;1430,000;1,000;27/03/2023;-4,2790291;-55,9917331;85,000
PA;BR-230;1430,000;1431,000;1,000;27/03/2023;-4,2790291;-55,9917331;85,000
PA;BR-230;1431,000;1432,000;1,000;27/03/2023;-4,2790291;-55,9917331;83,750
PA;BR-230;1432,000;1433,000;1,000;27/03/2023;-4,2790291;-55,9917331;85,000
PA;BR-230;1433,000;1434,000;1,000;27/03/2023;-4,2790291;-55,9917331;85,000
PA;BR-230;1434,200;1435,000;0,800;27/03/2023;-4,2790291;-55,9917331;87,500
PA;BR-230;1435,000;1436,000;1,000;27/03/2023;-4,2790291;-55,9917331;87,500
PA;BR-230;1436,000;1437,000;1,000;27/03/2023;-4,2790291;-55,9917331;87,500
PA;BR-230;1437,000;1438,000;1,000;27/03/2023;-4,2790291;-55,9917331;87,500
PA;BR-230;1438,000;1439,000;1,000;27/03/2023;-4,2790291;-55,9917331;87,500
PA;BR-230;1439,000;1440,000;1,000;27/03/2023;-4,2790291;-55,9917331;87,500
PA;BR-230;1440,000;1441,000;1,000;27/03/2023;-4,2790291;-55,9917331;87,500
PA;BR-230;1441,000;1442,000;1,000;27/03/2023;-4,2790291;-55,9917331;85,000
PA;BR-230;1442,000;1443,000;1,000;27/03/2023;-4,2790291;-55,9917331;85,000
PA;BR-230;1443,000;1444,000;1,000;27/03/2023;-4,2790291;-55,9917331;87,500
PA;BR-230;1444,000;1445,000;1,000;27/03/2023;-4,2790291;-55,9917331;87,500
PA;BR-230;1445,000;1446,000;1,000;27/03/2023;-4,2790291;-55,9917331;85,000
PA;BR-230;1446,000;1447,000;1,000;27/03/2023;-4,2790291;-55,9917331;85,000
PA;BR-230;1447,000;1448,000;1,000;27/03/2023;-4,2790291;-55,9917331;85,000
PA;BR-230;1448,000;1449,000;1,000;27/03/2023;-4,2790291;-55,9917331;85,000
PA;BR-230;1449,000;1450,000;1,000;27/03/2023;-4,2790291;-55,9917331;81,250
PA;BR-230;1450,000;1451,000;1,000;27/03/2023;-4,2790291;-55,9917331;81,250
PA;BR-230;1451,000;1452,000;1,000;27/03/2023;-4,2790291;-55,9917331;85,000
PA;BR-230;1452,000;1453,000;1,000;27/03/2023;-4,2790291;-55,9917331;81,250
PA;BR-230;1453,000;1454,000;1,000;27/03/2023;-4,2790291;-55,9917331;81,250
PA;BR-230;1454,000;1455,000;1,000;27/03/2023;-4,2790291;-55,9917331;81,250
PA;BR-230;1455,000;1456,000;1,000;27/03/2023;-4,2790291;-55,9917331;81,250
PA;BR-230;1456,000;1457,000;1,000;27/03/2023;-4,2790291;-55,9917331;81,250
PA;BR-230;1457,000;1458,000;1,000;27/03/2023;-4,2790291;-55,9917331;81,250
PA;BR-230;1458,000;1459,000;1,000;27/03/2023;-4,2790291;-55,9917331;78,750
PA;BR-230;1459,000;1460,000;1,000;27/03/2023;-4,2790291;-55,9917331;81,250
PA;BR-230;1460,000;1461,000;1,000;27/03/2023;-4,2790291;-55,9917331;81,250
PA;BR-230;1461,000;1462,000;1,000;27/03/2023;-4,2790291;-55,9917331;81,250
PA;BR-230;1462,000;1463,000;1,000;27/03/2023;-4,2790291;-55,9917331;73,750
PA;BR-230;1463,000;1464,000;1,000;27/03/2023;-4,2790291;-55,9917331;73,750
PA;BR-230;1464,000;1465,000;1,000;27/03/2023;-4,2790291;-55,9917331;73,750
PA;BR-230;1465,000;1466,000;1,000;27/03/2023;-4,2790291;-55,9917331;73,750
PA;BR-230;1466,000;1467,000;1,000;27/03/2023;-4,2790291;-55,9917331;85,000
PA;BR-230;1467,000;1468,000;1,000;27/03/2023;-4,2790291;-55,9917331;85,000
PA;BR-230;1468,000;1469,000;1,000;27/03/2023;-4,2790291;-55,9917331;73,750
PA;BR-230;1469,000;1470,000;1,000;27/03/2023;-4,2790291;-55,9917331;73,750
PA;BR-230;1470,000;1471,000;1,000;27/03/2023;-4,2790291;-55,9917331;73,750
PA;BR-230;1471,000;1472,000;1,000;27/03/2023;-4,2790291;-55,9917331;73,750
PA;BR-230;1472,000;1473,000;1,000;27/03/2023;-4,2790291;-55,9917331;85,000
PA;BR-230;1473,000;1474,000;1,000;27/03/2023;-4,2790291;-55,9917331;85,000
PA;BR-230;1474,000;1475,000;1,000;27/03/2023;-4,2790291;-55,9917331;73,750
PA;BR-230;1475,000;1476,000;1,000;27/03/2023;-4,2790291;-55,9917331;81,250
PA;BR-230;1476,000;1477,000;1,000;27/03/2023;-4,2790291;-55,9917331;83,750
PA;BR-230;1477,000;1478,000;1,000;27/03/2023;-4,2790291;-55,9917331;80,000
PA;BR-230;1478,000;1479,000;1,000;27/03/2023;-4,2790291;-55,9917331;83,750
PA;BR-230;1479,000;1480,000;1,000;27/03/2023;-4,2790291;-55,9917331;73,750
PA;BR-230;1480,000;1481,000;1,000;27/03/2023;-4,2790291;-55,9917331;73,750
PA;BR-230;1481,000;1482,000;1,000;27/03/2023;-4,2790291;-55,9917331;81,250
PA;BR-230;1482,000;1483,000;1,000;27/03/2023;-4,2790291;-55,9917331;77,500
PA;BR-230;1483,000;1484,000;1,000;27/03/2023;-4,2790291;-55,9917331;81,250
PA;BR-230;1484,000;1485,000;1,000;27/03/2023;-4,2790291;-55,9917331;83,750
PA;BR-230;1485,000;1486,000;1,000;27/03/2023;-4,2790291;-55,9917331;83,750
PA;BR-230;1486,000;1487,000;1,000;27/03/2023;-4,2790291;-55,9917331;87,500
PA;BR-230;1487,000;1488,000;1,000;27/03/2023;-4,2790291;-55,9917331;83,750
PA;BR-230;1488,000;1489,000;1,000;27/03/2023;-4,2790291;-55,9917331;87,500
PA;BR-230;1489,000;1490,000;1,000;27/03/2023;-4,2790291;-55,9917331;83,750
PA;BR-230;1490,000;1491,000;1,000;27/03/2023;-4,2790291;-55,9917331;83,750
PA;BR-230;1491,000;1492,000;1,000;27/03/2023;-4,2790291;-55,9917331;83,750
PA;BR-230;1492,000;1493,000;1,000;27/03/2023;-4,2790291;-55,9917331;87,500
PA;BR-230;1493,000;1494,000;1,000;27/03/2023;-4,2790291;-55,9917331;83,750
PA;BR-230;1494,000;1495,000;1,000;27/03/2023;-4,2790291;-55,9917331;83,750
PA;BR-230;1495,000;1496,000;1,000;27/03/2023;-4,2790291;-55,9917331;81,250
PA;BR-230;1496,000;1497,000;1,000;27/03/2023;-4,2790291;-55,9917331;70,000
PA;BR-230;1497,000;1498,000;1,000;27/03/2023;-4,2790291;-55,9917331;70,000
PA;BR-230;1498,000;1499,000;1,000;27/03/2023;-4,2790291;-55,9917331;70,000
PA;BR-230;1499,000;1500,000;1,000;27/03/2023;-4,2790291;-55,9917331;70,000
PA;BR-230;1500,000;1501,000;1,000;27/03/2023;-4,2790291;-55,9917331;70,000
PA;BR-230;1501,000;1502,000;1,000;27/03/2023;-4,2790291;-55,9917331;70,000
PA;BR-230;1502,000;1503,000;1,000;27/03/2023;-4,2790291;-55,9917331;70,000
PA;BR-230;1503,000;1504,000;1,000;27/03/2023;-4,2790291;-55,9917331;70,000
PA;BR-230;1504,000;1505,000;1,000;27/03/2023;-4,2790291;-55,9917331;70,000
PA;BR-230;1505,000;1506,000;1,000;27/03/2023;-4,2790291;-55,9917331;70,000
PA;BR-230;1506,000;1507,000;1,000;27/03/2023;-4,2790291;-55,9917331;77,500
PA;BR-230;1507,000;1508,000;1,000;27/03/2023;-4,2790291;-55,9917331;77,500
PA;BR-230;1508,000;1509,000;1,000;27/03/2023;-4,2790291;-55,9917331;77,500
PA;BR-230;1509,000;1510,000;1,000;27/03/2023;-4,2790291;-55,9917331;77,500
PA;BR-230;1510,000;1511,000;1,000;27/03/2023;-4,2790291;-55,9917331;77,500
PA;BR-230;1511,000;1512,000;1,000;27/03/2023;-4,2790291;-55,9917331;77,500
PA;BR-230;1512,000;1513,000;1,000;27/03/2023;-4,2790291;-55,9917331;77,500
PA;BR-230;1513,000;1514,000;1,000;27/03/2023;-4,2790291;-55,9917331;77,500
PA;BR-230;1514,000;1515,000;1,000;27/03/2023;-4,2790291;-55,9917331;77,500
PA;BR-230;1515,000;1516,000;1,000;27/03/2023;-4,2790291;-55,9917331;81,250
PA;BR-230;1516,000;1517,000;1,000;27/03/2023;-4,2790291;-55,9917331;77,500
PA;BR-230;1517,000;1518,000;1,000;27/03/2023;-4,2790291;-55,9917331;85,000
PA;BR-230;1518,000;1519,000;1,000;27/03/2023;-4,2790291;-55,9917331;85,000
PA;BR-230;1519,000;1520,000;1,000;27/03/2023;-4,2790291;-55,9917331;85,000
PA;BR-230;1520,000;1521,000;1,000;27/03/2023;-4,2790291;-55,9917331;81,250
PA;BR-230;1521,000;1522,000;1,000;27/03/2023;-4,2790291;-55,9917331;77,500
PA;BR-230;1522,000;1523,000;1,000;27/03/2023;-4,2790291;-55,9917331;70,000
PA;BR-230;1523,000;1524,000;1,000;27/03/2023;-4,2790291;-55,9917331;77,500
PA;BR-230;1524,000;1525,000;1,000;27/03/2023;-4,2790291;-55,9917331;85,000
PA;BR-230;1525,000;1526,000;1,000;27/03/2023;-4,2790291;-55,9917331;81,250
PA;BR-230;1526,000;1527,000;1,000;27/03/2023;-4,2790291;-55,9917331;85,000
PA;BR-230;1527,000;1528,000;1,000;27/03/2023;-4,2790291;-55,9917331;87,500
PA;BR-230;1528,000;1529,000;1,000;27/03/2023;-4,2790291;-55,9917331;85,000
PA;BR-230;1529,000;1530,000;1,000;27/03/2023;-4,2790291;-55,9917331;85,000
PA;BR-230;1530,000;1531,000;1,000;27/03/2023;-4,2790291;-55,9917331;85,000
PA;BR-230;1531,000;1532,000;1,000;27/03/2023;-4,2790291;-55,9917331;81,250
PA;BR-230;1532,000;1533,000;1,000;27/03/2023;-4,2790291;-55,9917331;81,250
PA;BR-230;1533,000;1534,000;1,000;27/03/2023;-4,2790291;-55,9917331;81,250
PA;BR-230;1534,000;1535,000;1,000;27/03/2023;-4,2790291;-55,9917331;81,250
PA;BR-230;1535,000;1536,000;1,000;27/03/2023;-4,2790291;-55,9917331;85,000
PA;BR-230;1536,000;1537,000;1,000;27/03/2023;-4,2790291;-55,9917331;85,000
PA;BR-230;1537,000;1538,000;1,000;27/03/2023;-4,2790291;-55,9917331;73,750
PA;BR-230;1538,000;1539,000;1,000;27/03/2023;-4,2790291;-55,9917331;87,500
PA;BR-230;1539,000;1540,000;1,000;27/03/2023;-4,2790291;-55,9917331;90,000
PA;BR-230;1540,000;1541,000;1,000;27/03/2023;-4,2790291;-55,9917331;90,000
PA;BR-230;1541,000;1542,000;1,000;27/03/2023;-4,2790291;-55,9917331;87,500
PA;BR-230;1542,000;1543,000;1,000;27/03/2023;-4,2790291;-55,9917331;87,500
PA;BR-230;1543,000;1544,000;1,000;27/03/2023;-4,2790291;-55,9917331;87,500
PA;BR-230;1544,000;1545,000;1,000;27/03/2023;-4,2790291;-55,9917331;80,000
PA;BR-230;1545,000;1546,000;1,000;27/03/2023;-4,2790291;-55,9917331;83,750
PA;BR-230;1546,000;1547,000;1,000;27/03/2023;-4,2790291;-55,9917331;83,750
PA;BR-230;1547,000;1548,000;1,000;27/03/2023;-4,2790291;-55,9917331;80,000
PA;BR-230;1548,000;1549,000;1,000;27/03/2023;-4,2790291;-55,9917331;80,000
PA;BR-230;1549,000;1550,000;1,000;27/03/2023;-4,2790291;-55,9917331;80,000
PA;BR-230;1550,000;1551,000;1,000;27/03/2023;-4,2790291;-55,9917331;72,500
PA;BR-230;1551,000;1552,000;1,000;27/03/2023;-4,2790291;-55,9917331;80,000
PA;BR-230;1552,000;1553,000;1,000;27/03/2023;-4,2790291;-55,9917331;80,000
PA;BR-230;1553,000;1554,000;1,000;27/03/2023;-4,2790291;-55,9917331;80,000
PA;BR-230;1554,000;1555,000;1,000;27/03/2023;-4,2790291;-55,9917331;80,000
PA;BR-230;1555,000;1556,000;1,000;27/03/2023;-4,2790291;-55,9917331;80,000
PA;BR-230;1556,000;1557,000;1,000;27/03/2023;-4,2790291;-55,9917331;72,500
PA;BR-230;1557,000;1558,000;1,000;27/03/2023;-4,2790291;-55,9917331;72,500
PA;BR-230;1558,000;1559,000;1,000;27/03/2023;-4,2790291;-55,9917331;85,000
PA;BR-230;1559,000;1560,000;1,000;27/03/2023;-4,2790291;-55,9917331;81,250
PA;BR-230;1560,000;1561,000;1,000;27/03/2023;-4,2790291;-55,9917331;85,000
PA;BR-230;1561,000;1562,000;1,000;27/03/2023;-4,2790291;-55,9917331;85,000
PA;BR-230;1562,000;1563,000;1,000;27/03/2023;-4,2790291;-55,9917331;85,000
PA;BR-230;1563,000;1564,000;1,000;27/03/2023;-4,2790291;-55,9917331;81,250
PA;BR-230;1564,000;1565,000;1,000;27/03/2023;-4,2790291;-55,9917331;85,000
PA;BR-230;1565,000;1566,000;1,000;27/03/2023;-4,2790291;-55,9917331;85,000
PA;BR-230;1566,000;1567,000;1,000;27/03/2023;-4,2790291;-55,9917331;85,000
PA;BR-230;1567,000;1568,000;1,000;27/03/2023;-4,2790291;-55,9917331;66,250
PA;BR-230;1568,000;1569,000;1,000;27/03/2023;-4,2790291;-55,9917331;87,500
PA;BR-230;1569,000;1570,000;1,000;27/03/2023;-4,2790291;-55,9917331;91,250
PA;BR-230;1570,000;1571,000;1,000;27/03/2023;-4,2790291;-55,9917331;81,250
PA;BR-230;1571,000;1572,000;1,000;27/03/2023;-4,2790291;-55,9917331;92,500
PA;BR-230;1572,000;1573,000;1,000;27/03/2023;-4,2790291;-55,9917331;90,000
PA;BR-230;1573,000;1574,000;1,000;27/03/2023;-4,2790291;-55,9917331;90,000
PA;BR-230;1574,000;1575,000;1,000;27/03/2023;-4,2790291;-55,9917331;86,250
PA;BR-230;1575,000;1576,000;1,000;27/03/2023;-4,2790291;-55,9917331;88,750
PA;BR-230;1576,000;1577,000;1,000;27/03/2023;-4,2790291;-55,9917331;78,750
PA;BR-230;1577,000;1578,000;1,000;27/03/2023;-4,2790291;-55,9917331;86,250
PA;BR-230;1578,000;1579,000;1,000;27/03/2023;-4,2790291;-55,9917331;93,750
PA;BR-230;1579,000;1580,000;1,000;27/03/2023;-4,2790291;-55,9917331;93,750
PA;BR-230;1580,000;1581,000;1,000;27/03/2023;-4,2790291;-55,9917331;86,250
PA;BR-230;1581,000;1582,000;1,000;27/03/2023;-4,2790291;-55,9917331;86,250
PA;BR-230;1582,000;1583,000;1,000;27/03/2023;-4,2790291;-55,9917331;86,250
PA;BR-230;1583,000;1584,000;1,000;27/03/2023;-4,2790291;-55,9917331;86,250
PA;BR-230;1584,000;1585,000;1,000;27/03/2023;-4,2790291;-55,9917331;86,250
PA;BR-230;1585,000;1586,000;1,000;27/03/2023;-4,2790291;-55,9917331;92,500
PA;BR-230;1586,000;1587,000;1,000;27/03/2023;-4,2790291;-55,9917331;86,250
PA;BR-230;1587,000;1588,000;1,000;27/03/2023;-4,2790291;-55,9917331;90,000
PA;BR-230;1588,000;1589,000;1,000;27/03/2023;-4,2790291;-55,9917331;90,000
PA;BR-230;1589,000;1590,000;1,000;27/03/2023;-4,2790291;-55,9917331;90,000
PA;BR-230;1590,000;1591,000;1,000;27/03/2023;-4,2790291;-55,9917331;96,250
PA;BR-230;1591,000;1592,000;1,000;27/03/2023;-4,2790291;-55,9917331;93,750
PA;BR-230;1592,000;1593,000;1,000;27/03/2023;-4,2790291;-55,9917331;96,250
PA;BR-230;1593,000;1594,000;1,000;27/03/2023;-4,2790291;-55,9917331;86,250
PA;BR-230;1594,000;1595,000;1,000;27/03/2023;-4,2790291;-55,9917331;92,500
PA;BR-230;1595,000;1596,000;1,000;27/03/2023;-4,2790291;-55,9917331;92,500
PR;BR-158;229,500;230,000;0,500;30/03/2023;-24,0529683;-52,3830147;30,000
PR;BR-158;230,000;231,000;1,000;30/03/2023;-24,0529683;-52,3830147;42,500
PR;BR-158;231,000;232,000;1,000;30/03/2023;-24,0529683;-52,3830147;55,000
PR;BR-158;232,000;233,000;1,000;30/03/2023;-24,0529683;-52,3830147;42,500
PR;BR-158;233,000;234,000;1,000;30/03/2023;-24,0529683;-52,3830147;27,500
PR;BR-158;234,000;235,000;1,000;30/03/2023;-24,0529683;-52,3830147;42,500
PR;BR-158;235,000;236,000;1,000;30/03/2023;-24,0529683;-52,3830147;42,500
PR;BR-158;236,000;237,000;1,000;30/03/2023;-24,0529683;-52,3830147;50,000
PR;BR-158;237,000;238,000;1,000;30/03/2023;-24,0529683;-52,3830147;52,500
PR;BR-158;238,000;239,000;1,000;30/03/2023;-24,0529683;-52,3830147;35,000
PR;BR-158;239,000;240,000;1,000;30/03/2023;-24,0529683;-52,3830147;42,500
PR;BR-158;240,000;241,000;1,000;30/03/2023;-24,0529683;-52,3830147;35,000
PR;BR-158;241,000;242,000;1,000;30/03/2023;-24,0529683;-52,3830147;42,500
PR;BR-158;242,000;243,000;1,000;30/03/2023;-24,0529683;-52,3830147;57,500
PR;BR-158;243,000;244,000;1,000;30/03/2023;-24,0529683;-52,3830147;55,000
PR;BR-158;244,000;245,000;1,000;30/03/2023;-24,0529683;-52,3830147;72,500
PR;BR-158;245,000;246,000;1,000;30/03/2023;-24,0529683;-52,3830147;22,500
PR;BR-158;246,000;247,000;1,000;30/03/2023;-24,0529683;-52,3830147;45,000
PR;BR-158;247,000;248,000;1,000;30/03/2023;-24,0529683;-52,3830147;37,500
PR;BR-158;248,000;249,000;1,000;30/03/2023;-24,0529683;-52,3830147;42,500
PR;BR-158;249,000;250,000;1,000;30/03/2023;-24,0529683;-52,3830147;47,500
PR;BR-158;250,000;251,000;1,000;30/03/2023;-24,0529683;-52,3830147;35,000
PR;BR-158;251,000;252,000;1,000;30/03/2023;-24,0529683;-52,3830147;32,500
PR;BR-158;252,000;253,000;1,000;30/03/2023;-24,0529683;-52,3830147;30,000
PR;BR-158;253,000;254,000;1,000;30/03/2023;-24,0529683;-52,3830147;50,000
PR;BR-158;254,000;255,000;1,000;30/03/2023;-24,0529683;-52,3830147;70,000
PR;BR-158;255,000;256,000;1,000;30/03/2023;-24,0529683;-52,3830147;57,500
PR;BR-158;256,000;257,000;1,000;30/03/2023;-24,0529683;-52,3830147;53,750
PR;BR-158;257,000;258,000;1,000;30/03/2023;-24,0529683;-52,3830147;50,000
PR;BR-158;258,000;259,000;1,000;30/03/2023;-24,0529683;-52,3830147;62,500
PR;BR-158;259,000;260,000;1,000;30/03/2023;-24,0529683;-52,3830147;70,000
PR;BR-158;260,000;261,000;1,000;30/03/2023;-24,0529683;-52,3830147;62,500
PR;BR-158;261,000;262,000;1,000;30/03/2023;-24,0529683;-52,3830147;45,000
PR;BR-158;262,000;263,000;1,000;30/03/2023;-24,0529683;-52,3830147;35,000
PR;BR-158;263,000;264,000;1,000;30/03/2023;-24,0529683;-52,3830147;47,500
PR;BR-158;264,000;265,000;1,000;30/03/2023;-24,0529683;-52,3830147;42,500
PR;BR-158;265,000;266,000;1,000;30/03/2023;-24,0529683;-52,3830147;55,000
PR;BR-158;266,000;267,000;1,000;30/03/2023;-24,0529683;-52,3830147;70,000
PR;BR-158;267,000;268,000;1,000;30/03/2023;-24,0529683;-52,3830147;55,000
PR;BR-158;268,000;269,000;1,000;30/03/2023;-24,0529683;-52,3830147;62,500
PR;BR-158;269,000;270,000;1,000;30/03/2023;-24,0529683;-52,3830147;55,000
PR;BR-158;270,000;271,000;1,000;30/03/2023;-24,0529683;-52,3830147;55,000
PR;BR-158;271,000;272,000;1,000;30/03/2023;-24,0529683;-52,3830147;42,500
PR;BR-158;272,000;273,000;1,000;30/03/2023;-24,0529683;-52,3830147;55,000
PR;BR-158;273,000;274,000;1,000;30/03/2023;-24,0529683;-52,3830147;35,000
PR;BR-158;274,000;275,000;1,000;30/03/2023;-24,0529683;-52,3830147;55,000
PR;BR-158;275,000;276,000;1,000;30/03/2023;-24,0529683;-52,3830147;55,000
PR;BR-158;276,000;277,000;1,000;30/03/2023;-24,0529683;-52,3830147;50,000
PR;BR-158;277,000;278,000;1,000;30/03/2023;-24,0529683;-52,3830147;47,500
PR;BR-158;278,000;279,000;1,000;30/03/2023;-24,0529683;-52,3830147;47,500
PR;BR-158;279,000;280,000;1,000;30/03/2023;-24,0529683;-52,3830147;47,500
PR;BR-158;280,000;281,000;1,000;30/03/2023;-24,0529683;-52,3830147;47,500
PR;BR-158;281,000;282,000;1,000;30/03/2023;-24,0529683;-52,3830147;40,000
PR;BR-158;282,000;283,000;1,000;30/03/2023;-24,0529683;-52,3830147;40,000
PR;BR-158;283,000;284,000;1,000;30/03/2023;-24,0529683;-52,3830147;47,500
PR;BR-158;284,000;285,000;1,000;30/03/2023;-24,0529683;-52,3830147;47,500
PR;BR-158;285,000;286,000;1,000;30/03/2023;-24,0529683;-52,3830147;50,000
PR;BR-158;286,000;287,000;1,000;30/03/2023;-24,0529683;-52,3830147;35,000
PR;BR-158;287,000;288,000;1,000;30/03/2023;-24,0529683;-52,3830147;37,500
PR;BR-158;288,000;289,000;1,000;30/03/2023;-24,0529683;-52,3830147;37,500
PR;BR-158;289,000;290,000;1,000;30/03/2023;-24,0529683;-52,3830147;47,500
PR;BR-158;290,000;291,000;1,000;30/03/2023;-24,0529683;-52,3830147;57,500
PR;BR-158;291,000;292,000;1,000;30/03/2023;-24,0529683;-52,3830147;62,500
PR;BR-158;292,000;293,000;1,000;30/03/2023;-24,0529683;-52,3830147;50,000
PR;BR-158;293,000;294,000;1,000;30/03/2023;-24,0529683;-52,3830147;55,000
PR;BR-158;294,000;295,000;1,000;30/03/2023;-24,0529683;-52,3830147;55,000
RR;BR-401;120,000;121,000;1,000;27/03/2023;3,31226392;-59,946919;5,000
RR;BR-401;121,000;122,000;1,000;27/03/2023;3,31226392;-59,946919;5,000
RR;BR-401;122,000;123,000;1,000;27/03/2023;3,31226392;-59,946919;5,000
RR;BR-401;123,000;124,000;1,000;27/03/2023;3,3547752;-59,8430543;5,000
RR;BR-401;124,000;125,000;1,000;27/03/2023;3,3547752;-59,8430543;5,000
RR;BR-401;125,000;126,000;1,000;27/03/2023;3,3651706;-59,8408892;5,000
RR;BR-401;126,000;127,000;1,000;27/03/2023;3,3547752;-59,8430543;5,000
RR;BR-401;127,000;128,000;1,000;27/03/2023;3,3547752;-59,8430543;5,000
RR;BR-401;128,000;129,000;1,000;27/03/2023;3,3547752;-59,8430543;5,000
RR;BR-401;129,000;130,000;1,000;27/03/2023;3,3646319;-59,8412501;5,000
RR;BR-401;130,000;131,000;1,000;27/03/2023;3,364846;-59,8394459;5,000
RR;BR-401;131,000;132,000;1,000;27/03/2023;3,3646319;-59,8412501;5,000
RR;BR-401;132,000;133,000;1,000;27/03/2023;3,3646319;-59,8412501;5,000
RR;BR-401;133,000;134,000;1,000;27/03/2023;3,3622435;-59,8358376;5,000
RR;BR-401;134,000;135,000;1,000;27/03/2023;3,3646319;-59,8412501;5,000
RR;BR-401;135,000;136,000;1,000;27/03/2023;3,3646319;-59,8412501;5,000
RR;BR-401;136,000;137,000;1,000;27/03/2023;3,364846;-59,8394459;5,000
RR;BR-401;137,000;138,000;1,000;27/03/2023;3,44919861;-59,9359227;5,000
RR;BR-401;138,000;139,000;1,000;27/03/2023;3,44919861;-59,9359227;5,000
RR;BR-401;139,000;140,000;1,000;27/03/2023;3,44919861;-59,9359227;5,000
RR;BR-401;140,000;141,000;1,000;27/03/2023;3,44919861;-59,9359227;5,000
RR;BR-401;141,000;142,000;1,000;27/03/2023;3,44919861;-59,9359227;5,000
RR;BR-401;142,000;143,000;1,000;27/03/2023;3,44919861;-59,9359227;5,000
RR;BR-401;143,000;144,000;1,000;27/03/2023;3,44919861;-59,9359227;5,000
RR;BR-401;144,000;145,000;1,000;27/03/2023;3,52791268;-59,928776;5,000
RR;BR-401;145,000;146,000;1,000;27/03/2023;3,52791268;-59,928776;5,000
RR;BR-401;146,000;147,000;1,000;27/03/2023;3,52791268;-59,928776;5,000
RR;BR-401;147,000;148,000;1,000;27/03/2023;3,52791268;-59,928776;5,000
RR;BR-401;148,000;149,000;1,000;27/03/2023;3,52791268;-59,928776;5,000
RR;BR-401;149,000;150,000;1,000;27/03/2023;3,52791268;-59,928776;5,000
RR;BR-401;150,000;151,000;1,000;27/03/2023;3,52791268;-59,928776;5,000
RR;BR-401;151,000;152,000;1,000;27/03/2023;3,52791268;-59,928776;5,000
RR;BR-401;152,000;153,000;1,000;27/03/2023;3,52791268;-59,928776;5,000
RR;BR-401;153,000;154,000;1,000;27/03/2023;3,52791268;-59,928776;5,000
RR;BR-401;154,000;155,000;1,000;27/03/2023;3,5957953;-59,8619174;5,000
RR;BR-401;155,000;156,000;1,000;27/03/2023;3,5957953;-59,8619174;5,000
RR;BR-401;156,000;157,000;1,000;27/03/2023;3,5957953;-59,8619174;53,750
RR;BR-401;157,000;158,000;1,000;27/03/2023;3,5957953;-59,8619174;60,000
RR;BR-401;158,000;159,000;1,000;27/03/2023;3,5957953;-59,8619174;75,000
RR;BR-401;159,000;160,000;1,000;27/03/2023;3,5957953;-59,8619174;45,000
RR;BR-401;160,000;161,000;1,000;27/03/2023;3,5957953;-59,8619174;70,000
RR;BR-401;161,000;162,000;1,000;27/03/2023;3,5957953;-59,8619174;5,000
RR;BR-401;162,000;163,000;1,000;27/03/2023;3,64614149;-59,8508894;5,000
RR;BR-401;163,000;164,000;1,000;27/03/2023;3,64614149;-59,8508894;45,000
RR;BR-401;164,000;165,000;1,000;27/03/2023;3,64614149;-59,8508894;60,000
RR;BR-401;165,000;166,000;1,000;27/03/2023;3,64614149;-59,8508894;60,000
RR;BR-401;166,000;167,000;1,000;27/03/2023;3,64614149;-59,8508894;75,000
RR;BR-401;167,000;168,000;1,000;27/03/2023;3,69550807;-59,8271751;75,000
RR;BR-401;168,000;169,000;1,000;27/03/2023;3,69550807;-59,8271751;75,000
RR;BR-401;169,000;170,000;1,000;27/03/2023;3,69550807;-59,8271751;20,000
RR;BR-401;170,000;171,000;1,000;27/03/2023;3,69550807;-59,8271751;5,000
RR;BR-401;171,000;172,000;1,000;27/03/2023;3,69550807;-59,8271751;5,000
RR;BR-401;172,000;173,000;1,000;27/03/2023;3,69550807;-59,8271751;5,000
RR;BR-401;173,000;174,000;1,000;27/03/2023;3,69550807;-59,8271751;75,000
RR;BR-401;174,000;175,000;1,000;27/03/2023;3,69550807;-59,8271751;5,000
RR;BR-401;175,000;176,000;1,000;27/03/2023;3,75042129;-59,7995423;5,000
RR;BR-401;176,000;177,000;1,000;27/03/2023;3,75042129;-59,7995423;20,000
RR;BR-401;177,000;178,000;1,000;27/03/2023;3,75042129;-59,7995423;20,000
RR;BR-401;178,000;179,000;1,000;27/03/2023;3,75042129;-59,7995423;30,000
RR;BR-401;179,000;180,000;1,000;27/03/2023;3,75042129;-59,7995423;35,000
RR;BR-401;180,000;181,000;1,000;27/03/2023;3,75042129;-59,7995423;75,000
RR;BR-401;181,000;182,000;1,000;27/03/2023;3,77305886;-59,7729043;5,000
RR;BR-401;182,000;183,000;1,000;27/03/2023;3,77305886;-59,7729043;15,000
RR;BR-401;183,000;184,000;1,000;27/03/2023;3,77305886;-59,7729043;5,000
RR;BR-401;184,000;185,000;1,000;27/03/2023;3,77305886;-59,7729043;5,000
RR;BR-401;185,000;186,000;1,000;27/03/2023;3,77305886;-59,7729043;5,000
RR;BR-401;186,000;187,000;1,000;27/03/2023;3,77305886;-59,7729043;20,000
RR;BR-401;187,000;188,000;1,000;27/03/2023;3,77305886;-59,7729043;20,000
RR;BR-401;188,000;189,000;1,000;27/03/2023;3,77305886;-59,7729043;20,000
AM;BR-307;1333,800;1334,000;0,200;29/03/2023;-0,13139559;-67,0403347;50,000
AM;BR-307;1334,000;1335,000;1,000;29/03/2023;-0,12548274;-67,0322572;52,500
AM;BR-307;1335,000;1336,000;1,000;29/03/2023;-0,11858062;-67,027524;61,250
AM;BR-307;1336,000;1337,000;1,000;29/03/2023;-0,10978943;-67,0248699;61,250
AM;BR-307;1337,000;1338,000;1,000;29/03/2023;-0,10148368;-67,0214998;61,250
AM;BR-307;1338,000;1339,000;1,000;29/03/2023;-0,09511796;-67,0148551;52,500
AM;BR-307;1339,000;1340,000;1,000;29/03/2023;-0,08714191;-67,0112058;61,250
AM;BR-307;1340,000;1341,000;1,000;29/03/2023;-0,08058914;-67,0057776;52,500
AM;BR-307;1341,000;1342,000;1,000;29/03/2023;-0,06521317;-66,9976353;70,000
AM;BR-307;1342,000;1343,000;1,000;29/03/2023;-0,06280492;-66,9939487;58,750
AM;BR-307;1343,000;1344,000;1,000;29/03/2023;-0,06203819;-66,9897347;61,250
AM;BR-307;1344,000;1345,000;1,000;29/03/2023;-0,06060472;-66,9812042;61,250
AM;BR-307;1345,000;1346,000;1,000;29/03/2023;-0,05788777;-66,9722664;61,250
AM;BR-307;1346,000;1347,000;1,000;29/03/2023;-0,0525389;-66,9663453;61,250
AM;BR-307;1347,000;1348,000;1,000;29/03/2023;-0,04764927;-66,9595551;61,250
AM;BR-307;1348,000;1349,000;1,000;29/03/2023;-0,0445255;-66,9494248;61,250
AM;BR-307;1349,000;1350,000;1,000;29/03/2023;-0,04114357;-66,9420813;61,250
AM;BR-307;1350,000;1351,000;1,000;29/03/2023;-0,03239525;-66,9378336;61,250
AM;BR-307;1351,000;1352,000;1,000;29/03/2023;-0,02588629;-66,9333619;61,250
AM;BR-307;1352,000;1353,000;1,000;29/03/2023;-0,01722879;-66,9303438;61,250
AM;BR-307;1353,000;1354,000;1,000;29/03/2023;-0,01075829;-66,9249286;78,750
AM;BR-307;1354,000;1355,000;1,000;29/03/2023;-0,00358929;-66,9194678;61,250
AM;BR-307;1355,000;1356,000;1,000;29/03/2023;0,004316051;-66,9156446;55,000
AM;BR-307;1356,000;1357,000;1,000;29/03/2023;0,012996811;-66,9109489;61,250
AM;BR-307;1357,000;1358,000;1,000;29/03/2023;0,016254857;-66,9035703;61,250
AM;BR-307;1358,000;1359,000;1,000;29/03/2023;0,017762049;-66,8952684;61,250
AM;BR-307;1359,000;1360,000;1,000;29/03/2023;0,016646208;-66,8863986;67,500
AM;BR-307;1360,000;1361,000;1,000;29/03/2023;0,019789128;-66,8773189;61,250
AM;BR-307;1361,000;1362,000;1,000;29/03/2023;0,025826822;-66,8732816;61,250
AM;BR-307;1362,000;1363,000;1,000;29/03/2023;0,033829403;-66,8686464;61,250
AM;BR-307;1363,000;1364,000;1,000;29/03/2023;0,04159775;-66,8632078;61,250
AM;BR-307;1364,000;1365,000;1,000;29/03/2023;0,04777383;-66,8566467;52,500
AM;BR-307;1365,000;1366,000;1,000;29/03/2023;0,054243695;-66,851699;52,500
AM;BR-307;1366,000;1367,000;1,000;29/03/2023;0,061642192;-66,8460978;52,500
AM;BR-307;1367,000;1368,000;1,000;29/03/2023;0,066714123;-66,8391009;52,500
AM;BR-307;1368,000;1369,000;1,000;29/03/2023;0,069869784;-66,8307736;52,500
AM;BR-307;1369,000;1370,000;1,000;29/03/2023;0,077180103;-66,8260472;52,500
AM;BR-307;1370,000;1371,000;1,000;29/03/2023;0,085143875;-66,8211791;61,250
AM;BR-307;1371,000;1372,000;1,000;29/03/2023;0,093408096;-66,8171317;52,500
AM;BR-307;1372,000;1373,000;1,000;29/03/2023;0,101778558;-66,8152575;52,500
AM;BR-307;1373,000;1374,000;1,000;29/03/2023;0,110513591;-66,8132664;52,500
AM;BR-307;1374,000;1375,000;1,000;29/03/2023;0,118199209;-66,8091875;52,500
AM;BR-307;1375,000;1376,000;1,000;29/03/2023;0,124994083;-66,8046318;52,500
AM;BR-307;1376,000;1377,000;1,000;29/03/2023;0,134172015;-66,8015341;61,250
AM;BR-307;1377,000;1378,000;1,000;29/03/2023;0,144039192;-66,80078;52,500
AM;BR-307;1378,000;1379,000;1,000;29/03/2023;0,150011675;-66,8009012;52,500
AM;BR-307;1379,000;1380,000;1,000;29/03/2023;0,158965014;-66,8010037;52,500
AM;BR-307;1380,000;1381,000;1,000;29/03/2023;0,168779636;-66,7995112;52,500
AM;BR-307;1381,000;1382,000;1,000;29/03/2023;0,17693351;-66,7968635;52,500
AM;BR-307;1382,000;1383,000;1,000;29/03/2023;0,184945771;-66,7922457;52,500
AM;BR-307;1383,000;1384,000;1,000;29/03/2023;0,191772496;-66,7865571;52,500
AM;BR-307;1384,000;1385,000;1,000;29/03/2023;0,199735304;-66,7831626;52,500
AM;BR-307;1385,000;1386,000;1,000;29/03/2023;0,208990685;-66,7833419;61,250
AM;BR-307;1386,000;1387,000;1,000;29/03/2023;0,217603007;-66,7835474;52,500
AM;BR-307;1387,000;1388,000;1,000;29/03/2023;0,226668622;-66,7809083;52,500
AM;BR-307;1388,000;1389,000;1,000;29/03/2023;0,234546815;-66,7793758;61,250
AM;BR-307;1389,000;1390,000;1,000;29/03/2023;0,238003176;-66,7717182;61,250
AM;BR-307;1390,000;1391,000;1,000;29/03/2023;0,239340257;-66,7639873;61,250
AM;BR-307;1391,000;1392,000;1,000;29/03/2023;0,235944078;-66,7556414;61,250
AM;BR-307;1392,000;1393,000;1,000;29/03/2023;0,23438211;-66,7493776;61,250
AM;BR-307;1393,000;1394,000;1,000;29/03/2023;0,23071926;-66,7407135;61,250
AM;BR-307;1394,000;1395,000;1,000;29/03/2023;0,233897133;-66,731794;61,250
AM;BR-307;1395,000;1396,000;1,000;29/03/2023;0,231462274;-66,72418;61,250
AM;BR-307;1396,000;1397,000;1,000;29/03/2023;0,228693312;-66,7160571;52,500
AM;BR-307;1397,000;1398,000;1,000;29/03/2023;0,230542193;-66,7071929;61,250
AM;BR-307;1398,000;1399,000;1,000;29/03/2023;0,230426732;-66,6996787;61,250
AM;BR-307;1399,000;1400,000;1,000;29/03/2023;0,224738647;-66,6917046;52,500
AM;BR-307;1400,000;1401,000;1,000;29/03/2023;0,227375468;-66,6851728;61,250
AM;BR-307;1401,000;1402,000;1,000;29/03/2023;0,227773231;-66,6767308;61,250
AM;BR-307;1402,000;1403,000;1,000;29/03/2023;0,230629323;-66,6688202;83,750
AM;BR-307;1403,000;1404,000;1,000;29/03/2023;0,237256726;-66,6623482;52,500
AM;BR-307;1404,000;1405,000;1,000;29/03/2023;0,240140478;-66,656568;52,500
AM;BR-307;1405,000;1406,000;1,000;29/03/2023;0,248526069;-66,6540907;52,500
AM;BR-307;1406,000;1407,000;1,000;29/03/2023;0,252093784;-66,6456408;52,500
AM;BR-307;1407,000;1408,000;1,000;29/03/2023;0,257769254;-66,6389731;52,500
AM;BR-307;1408,000;1409,000;1,000;29/03/2023;0,265975096;-66,6400329;61,250
AM;BR-307;1409,000;1410,000;1,000;29/03/2023;0,274298326;-66,6392984;52,500
AM;BR-307;1410,000;1411,000;1,000;29/03/2023;0,284142661;-66,6393201;52,500
AM;BR-307;1411,000;1412,000;1,000;29/03/2023;0,291875679;-66,6442338;52,500
AM;BR-307;1412,000;1413,000;1,000;29/03/2023;0,299858604;-66,6450632;52,500
AM;BR-307;1413,000;1414,000;1,000;29/03/2023;0,307901375;-66,6487334;52,500
AM;BR-307;1414,000;1415,000;1,000;29/03/2023;0,315616498;-66,6510587;55,000
AM;BR-307;1415,000;1416,000;1,000;29/03/2023;0,323050953;-66,646701;52,500
AM;BR-307;1416,000;1417,000;1,000;29/03/2023;0,329835978;-66,6393569;55,000
AM;BR-307;1417,000;1418,000;1,000;29/03/2023;0,33602199;-66,6352185;55,000
AM;BR-307;1418,000;1419,000;1,000;29/03/2023;0,344025492;-66,6362955;55,000
AM;BR-307;1419,000;1420,000;1,000;29/03/2023;0,352477845;-66,6344839;55,000
AM;BR-307;1420,000;1421,000;1,000;29/03/2023;0,356812337;-66,6411205;52,500
AM;BR-307;1421,000;1422,000;1,000;29/03/2023;0,361900236;-66,6481009;52,500
AM;BR-307;1422,000;1423,000;1,000;29/03/2023;0,36920716;-66,6528273;52,500
AM;BR-307;1423,000;1424,000;1,000;29/03/2023;0,376764871;-66,6487975;52,500
AM;BR-307;1424,000;1425,000;1,000;29/03/2023;0,386062245;-66,6497234;52,500
RS;BR-153;53,100;54,000;0,900;31/03/2023;-28,2534952;-52,3920751;47,500
RS;BR-153;54,000;55,000;1,000;31/03/2023;-28,2534952;-52,3920751;42,500
RS;BR-153;55,000;56,000;1,000;31/03/2023;-28,2534952;-52,3920751;52,500
RS;BR-153;56,000;57,000;1,000;31/03/2023;-28,2534952;-52,3920751;42,500
RS;BR-153;57,000;58,000;1,000;31/03/2023;-28,2534952;-52,3920751;12,500
RS;BR-153;58,000;59,000;1,000;31/03/2023;-28,2534952;-52,3920751;12,500
RS;BR-153;59,000;60,000;1,000;31/03/2023;-28,2534952;-52,3920751;46,250
RS;BR-153;60,000;61,000;1,000;31/03/2023;-28,2534952;-52,3920751;18,750
RS;BR-153;61,000;62,000;1,000;31/03/2023;-28,2534952;-52,3920751;3,750
RS;BR-153;62,000;63,000;1,000;31/03/2023;-28,2534952;-52,3920751;22,500
RS;BR-153;63,000;64,000;1,000;31/03/2023;-28,2534952;-52,3920751;36,250
RS;BR-153;64,000;65,000;1,000;31/03/2023;-28,2534952;-52,3920751;0,000
RS;BR-153;65,000;66,000;1,000;31/03/2023;-28,2534952;-52,3920751;16,250
RS;BR-153;66,000;67,000;1,000;31/03/2023;-28,2534952;-52,3920751;36,250
RS;BR-153;67,000;68,000;1,000;31/03/2023;-28,2534952;-52,3920751;28,750
RS;BR-153;68,000;69,000;1,000;31/03/2023;-28,2534952;-52,3920751;30,000
RS;BR-153;69,000;70,000;1,000;31/03/2023;-28,2534952;-52,3920751;32,500
RS;BR-153;70,000;71,000;1,000;31/03/2023;-28,2534952;-52,3920751;23,750
RS;BR-153;71,000;72,000;1,000;31/03/2023;-28,2534952;-52,3920751;20,000
RS;BR-153;72,000;73,000;1,000;31/03/2023;-28,2534952;-52,3920751;27,500
RS;BR-153;73,000;74,000;1,000;31/03/2023;-28,2534952;-52,3920751;20,000
RS;BR-153;74,000;75,000;1,000;31/03/2023;-28,2534952;-52,3920751;17,500
RS;BR-153;75,000;76,000;1,000;31/03/2023;-28,2534952;-52,3920751;17,500
RS;BR-153;76,000;77,000;1,000;31/03/2023;-28,2534952;-52,3920751;17,500
RS;BR-153;77,000;78,000;1,000;31/03/2023;-28,2534952;-52,3920751;17,500
RS;BR-153;78,000;79,000;1,000;31/03/2023;-28,2534952;-52,3920751;21,250
RS;BR-153;79,000;80,000;1,000;31/03/2023;-28,2534952;-52,3920751;68,750
RS;BR-153;80,000;81,000;1,000;31/03/2023;-28,2534952;-52,3920751;75,000
RS;BR-153;81,000;82,000;1,000;31/03/2023;-28,2534952;-52,3920751;78,750
RS;BR-153;82,000;83,000;1,000;31/03/2023;-28,2534952;-52,3920751;57,500
RS;BR-153;83,000;84,000;1,000;31/03/2023;-28,2534952;-52,3920751;31,250
RS;BR-153;84,000;85,000;1,000;31/03/2023;-28,2534952;-52,3920751;41,250
RS;BR-153;85,000;86,000;1,000;31/03/2023;-28,2534952;-52,3920751;51,250
RS;BR-153;86,000;87,000;1,000;31/03/2023;-28,2534952;-52,3920751;58,750
RS;BR-153;87,000;88,000;1,000;31/03/2023;-28,2534952;-52,3920751;55,000
RS;BR-153;88,000;89,000;1,000;31/03/2023;-28,2534952;-52,3920751;58,750
RS;BR-153;89,000;90,000;1,000;31/03/2023;-28,2534952;-52,3920751;52,500
RS;BR-153;90,000;91,000;1,000;31/03/2023;-28,2534952;-52,3920751;48,750
RS;BR-153;91,000;92,000;1,000;31/03/2023;-28,2534952;-52,3920751;45,000
RS;BR-153;92,000;93,000;1,000;31/03/2023;-28,2534952;-52,3920751;57,500
RS;BR-153;93,000;94,000;1,000;31/03/2023;-28,2534952;-52,3920751;46,250
RS;BR-153;94,000;95,000;1,000;31/03/2023;-28,2534952;-52,3920751;57,500
RS;BR-153;95,000;96,000;1,000;31/03/2023;-28,2534952;-52,3920751;60,000
RS;BR-153;96,000;97,000;1,000;31/03/2023;-28,2534952;-52,3920751;67,500
RS;BR-153;97,000;98,000;1,000;31/03/2023;-28,2534952;-52,3920751;36,250
RS;BR-153;98,000;99,000;1,000;31/03/2023;-28,2534952;-52,3920751;40,000
RS;BR-153;99,000;100,000;1,000;31/03/2023;-28,2534952;-52,3920751;41,250
RS;BR-153;100,000;101,000;1,000;31/03/2023;-28,2534952;-52,3920751;61,250
RS;BR-153;101,000;102,000;1,000;31/03/2023;-28,2534952;-52,3920751;60,000
RS;BR-153;102,000;103,000;1,000;31/03/2023;-28,2534952;-52,3920751;48,750
RS;BR-153;103,000;104,000;1,000;31/03/2023;-28,2534952;-52,3920751;33,750
RS;BR-153;104,000;105,000;1,000;31/03/2023;-28,2534952;-52,3920751;63,750
RS;BR-153;105,000;106,000;1,000;31/03/2023;-28,2534952;-52,3920751;31,250
RS;BR-153;106,000;107,000;1,000;31/03/2023;-28,2534952;-52,3920751;33,750
RS;BR-153;107,000;108,000;1,000;31/03/2023;-28,2534952;-52,3920751;57,500
RS;BR-153;108,000;109,000;1,000;31/03/2023;-28,2534952;-52,3920751;31,250
RS;BR-153;109,000;110,000;1,000;31/03/2023;-28,2534952;-52,3920751;33,750
RS;BR-153;110,000;111,000;1,000;31/03/2023;-28,2534952;-52,3920751;42,500
RS;BR-153;111,000;112,000;1,000;31/03/2023;-28,2534952;-52,3920751;38,750
RS;BR-153;112,000;113,000;1,000;31/03/2023;-28,2534952;-52,3920751;36,250
RS;BR-153;113,000;114,000;1,000;31/03/2023;-28,2534952;-52,3920751;52,500
RS;BR-153;114,000;115,000;1,000;31/03/2023;-28,2534952;-52,3920751;61,250
RS;BR-153;115,000;116,000;1,000;31/03/2023;-28,2534952;-52,3920751;25,000
RS;BR-153;116,000;117,000;1,000;31/03/2023;-28,2534952;-52,3920751;17,500
RS;BR-153;117,000;118,000;1,000;31/03/2023;-28,2534952;-52,3920751;25,000
RS;BR-153;118,000;119,000;1,000;31/03/2023;-28,2534952;-52,3920751;25,000
RS;BR-153;119,000;120,000;1,000;31/03/2023;-28,2534952;-52,3920751;25,000
RS;BR-153;120,000;121,000;1,000;31/03/2023;-28,2534952;-52,3920751;31,250
RS;BR-153;121,000;122,000;1,000;31/03/2023;-28,2534952;-52,3920751;12,500
PA;BR-230;274,000;275,000;1,000;31/03/2023;-5,3591227;-49,1238096;66,250
PA;BR-230;275,000;276,000;1,000;31/03/2023;-5,3591227;-49,1238096;66,250
PA;BR-230;276,000;277,000;1,000;31/03/2023;-5,3591036;-49,1238228;66,250
PA;BR-230;277,000;278,000;1,000;31/03/2023;-5,3591036;-49,1238228;66,250
PA;BR-230;278,000;279,000;1,000;31/03/2023;-5,3591036;-49,1238228;66,250
PA;BR-230;279,000;280,000;1,000;31/03/2023;-5,3591036;-49,1238228;66,250
PA;BR-230;280,000;281,000;1,000;31/03/2023;-5,3591036;-49,1238228;66,250
PA;BR-230;281,000;282,000;1,000;31/03/2023;-5,3591036;-49,1238228;66,250
PA;BR-230;282,000;283,000;1,000;31/03/2023;-5,3591036;-49,1238228;66,250
PA;BR-230;283,000;284,000;1,000;31/03/2023;-5,3591036;-49,1238228;66,250
PA;BR-230;284,000;285,000;1,000;31/03/2023;-5,3591036;-49,1238228;66,250
PA;BR-230;285,000;286,000;1,000;31/03/2023;-5,3591036;-49,1238228;66,250
PA;BR-230;286,000;287,000;1,000;31/03/2023;-5,3591036;-49,1238228;66,250
PA;BR-230;287,000;288,000;1,000;31/03/2023;-5,3591036;-49,1238228;66,250
PA;BR-230;288,000;289,000;1,000;31/03/2023;-5,3591036;-49,1238228;66,250
PA;BR-230;289,000;290,000;1,000;31/03/2023;-5,3591036;-49,1238228;66,250
PA;BR-230;290,000;291,000;1,000;31/03/2023;-5,3591036;-49,1238228;66,250
PA;BR-230;291,000;292,000;1,000;31/03/2023;-5,3591036;-49,1238228;66,250
PA;BR-230;292,000;293,000;1,000;31/03/2023;-5,3591036;-49,1238228;66,250
PA;BR-230;293,000;294,000;1,000;31/03/2023;-5,3591036;-49,1238228;66,250
PA;BR-230;294,000;295,000;1,000;31/03/2023;-5,3591036;-49,1238228;66,250
PA;BR-230;295,000;296,000;1,000;31/03/2023;-5,3591036;-49,1238228;66,250
PA;BR-230;296,000;297,000;1,000;31/03/2023;-5,3591036;-49,1238228;66,250
PA;BR-230;297,000;298,000;1,000;31/03/2023;-5,3591036;-49,1238228;66,250
PA;BR-230;298,000;299,000;1,000;31/03/2023;-5,3591036;-49,1238228;66,250
PA;BR-230;299,000;300,000;1,000;31/03/2023;-5,3591036;-49,1238228;66,250
PA;BR-230;300,000;301,000;1,000;31/03/2023;-5,3591036;-49,1238228;66,250
PA;BR-230;301,000;302,000;1,000;31/03/2023;-5,3591036;-49,1238228;66,250
PA;BR-230;302,000;303,000;1,000;31/03/2023;-5,3591036;-49,1238228;66,250
PA;BR-230;303,000;304,000;1,000;31/03/2023;-5,3591036;-49,1238228;66,250
PA;BR-230;304,000;305,000;1,000;31/03/2023;-5,3591036;-49,1238228;66,250
PA;BR-230;305,000;306,000;1,000;31/03/2023;-5,3591036;-49,1238228;66,250
PA;BR-230;306,000;307,000;1,000;31/03/2023;-5,3591036;-49,1238228;66,250
PA;BR-230;307,000;308,000;1,000;31/03/2023;-5,3591036;-49,1238228;66,250
PA;BR-422;0,000;1,000;1,000;31/03/2023;-5,3591036;-49,1238228;30,000
PA;BR-422;1,000;2,000;1,000;31/03/2023;-5,3591036;-49,1238228;30,000
PA;BR-422;2,000;3,000;1,000;31/03/2023;-5,3591036;-49,1238228;30,000
PA;BR-422;3,000;4,000;1,000;31/03/2023;-5,3591036;-49,1238228;30,000
PA;BR-422;4,000;5,000;1,000;31/03/2023;-5,3591036;-49,1238228;30,000
PA;BR-422;5,000;6,000;1,000;31/03/2023;-5,3591036;-49,1238228;30,000
PA;BR-422;6,000;7,000;1,000;31/03/2023;-5,3591036;-49,1238228;30,000
PA;BR-422;7,000;8,000;1,000;31/03/2023;-5,3591036;-49,1238228;30,000
PA;BR-422;8,000;9,000;1,000;31/03/2023;-5,3591036;-49,1238228;30,000
PA;BR-422;9,000;10,000;1,000;31/03/2023;-5,3591036;-49,1238228;30,000
PA;BR-422;10,000;11,000;1,000;31/03/2023;-5,3591036;-49,1238228;30,000
PA;BR-422;11,000;12,000;1,000;31/03/2023;-5,3591036;-49,1238228;30,000
PA;BR-422;12,000;13,000;1,000;31/03/2023;-5,3591036;-49,1238228;66,250
PA;BR-422;13,000;14,000;1,000;31/03/2023;-5,3591036;-49,1238228;66,250
PA;BR-422;14,000;15,000;1,000;31/03/2023;-5,3591036;-49,1238228;66,250
PA;BR-422;15,000;16,000;1,000;31/03/2023;-5,3591036;-49,1238228;66,250
PA;BR-422;16,000;17,000;1,000;31/03/2023;-5,3591036;-49,1238228;66,250
PA;BR-422;17,000;18,000;1,000;31/03/2023;-5,3591036;-49,1238228;66,250
PA;BR-422;18,000;19,000;1,000;31/03/2023;-5,3591036;-49,1238228;66,250
PA;BR-422;19,000;20,000;1,000;31/03/2023;-5,3591036;-49,1238228;66,250
PA;BR-422;20,000;21,000;1,000;31/03/2023;-5,3591036;-49,1238228;60,000
PA;BR-422;21,000;22,000;1,000;31/03/2023;-5,3591036;-49,1238228;60,000
PA;BR-422;22,000;23,000;1,000;31/03/2023;-5,3591036;-49,1238228;60,000
PA;BR-422;23,000;24,000;1,000;31/03/2023;-5,3591036;-49,1238228;60,000
PA;BR-422;24,000;25,000;1,000;31/03/2023;-5,3591036;-49,1238228;60,000
PA;BR-422;25,000;26,000;1,000;31/03/2023;-5,3591036;-49,1238228;60,000
PA;BR-422;26,000;27,000;1,000;31/03/2023;-5,3591036;-49,1238228;60,000
PA;BR-422;27,000;28,000;1,000;31/03/2023;-5,3591036;-49,1238228;60,000
PA;BR-422;28,000;29,000;1,000;31/03/2023;-5,3591036;-49,1238228;60,000
PA;BR-422;29,000;30,000;1,000;31/03/2023;-5,3591036;-49,1238228;60,000
PA;BR-422;30,000;31,000;1,000;31/03/2023;-5,3591036;-49,1238228;60,000
PA;BR-422;31,000;32,000;1,000;31/03/2023;-5,3591036;-49,1238228;60,000
PA;BR-422;32,000;33,000;1,000;31/03/2023;-5,3591036;-49,1238228;60,000
PA;BR-422;33,000;34,000;1,000;31/03/2023;-5,3591036;-49,1238228;60,000
PA;BR-422;34,000;35,000;1,000;31/03/2023;-5,3591036;-49,1238228;60,000
PA;BR-422;35,000;36,000;1,000;31/03/2023;-5,3591036;-49,1238228;60,000
PA;BR-422;36,000;37,000;1,000;31/03/2023;-5,3591036;-49,1238228;60,000
PA;BR-422;37,000;38,000;1,000;31/03/2023;-5,3591036;-49,1238228;60,000
PA;BR-422;38,000;39,000;1,000;31/03/2023;-5,3591036;-49,1238228;60,000
PA;BR-422;39,000;40,000;1,000;31/03/2023;-5,3591036;-49,1238228;60,000
PA;BR-422;40,000;41,000;1,000;31/03/2023;-5,3591036;-49,1238228;60,000
PA;BR-422;41,000;42,000;1,000;31/03/2023;-5,3591036;-49,1238228;60,000
PA;BR-422;42,000;43,000;1,000;31/03/2023;-5,3591036;-49,1238228;60,000
PA;BR-422;43,000;44,000;1,000;31/03/2023;-5,3591036;-49,1238228;60,000
PA;BR-422;44,000;45,000;1,000;31/03/2023;-5,3591036;-49,1238228;60,000
PA;BR-422;45,000;46,000;1,000;31/03/2023;-5,3591036;-49,1238228;60,000
PA;BR-422;46,000;47,000;1,000;31/03/2023;-5,3591036;-49,1238228;60,000
PA;BR-422;47,000;48,000;1,000;31/03/2023;-5,3591036;-49,1238228;60,000
PA;BR-422;48,000;49,000;1,000;31/03/2023;-5,3591036;-49,1238228;60,000
PA;BR-422;49,000;50,000;1,000;31/03/2023;-5,3591036;-49,1238228;60,000
PA;BR-422;50,000;51,000;1,000;31/03/2023;-5,3591036;-49,1238228;60,000
PA;BR-422;51,000;52,000;1,000;31/03/2023;-5,3591036;-49,1238228;60,000
PA;BR-422;52,000;53,000;1,000;31/03/2023;-5,3591036;-49,1238228;60,000
PA;BR-422;53,000;54,000;1,000;31/03/2023;-5,3591036;-49,1238228;60,000
PA;BR-422;54,000;55,000;1,000;31/03/2023;-5,3591036;-49,1238228;60,000
PA;BR-422;55,000;56,000;1,000;31/03/2023;-5,3591036;-49,1238228;60,000
PA;BR-422;56,000;57,000;1,000;31/03/2023;-5,3591036;-49,1238228;60,000
PA;BR-422;57,000;58,000;1,000;31/03/2023;-5,3591036;-49,1238228;60,000
PA;BR-422;58,000;59,000;1,000;31/03/2023;-5,3591036;-49,1238228;60,000
PA;BR-422;59,000;60,000;1,000;31/03/2023;-5,3591036;-49,1238228;60,000
PA;BR-422;60,000;61,000;1,000;31/03/2023;-5,3591036;-49,1238228;60,000
PA;BR-422;61,000;62,000;1,000;31/03/2023;-5,3591036;-49,1238228;60,000
PA;BR-422;62,000;63,000;1,000;31/03/2023;-5,3591036;-49,1238228;18,750
PA;BR-422;63,000;64,000;1,000;31/03/2023;-5,3591036;-49,1238228;18,750
PA;BR-422;64,000;65,000;1,000;31/03/2023;-5,3591036;-49,1238228;12,500
PA;BR-422;65,000;66,000;1,000;31/03/2023;-5,3591036;-49,1238228;12,500
PA;BR-422;66,000;67,000;1,000;31/03/2023;-5,3591036;-49,1238228;12,500
PA;BR-422;67,000;68,000;1,000;31/03/2023;-5,3591036;-49,1238228;12,500
PA;BR-422;68,000;69,000;1,000;31/03/2023;-5,3591036;-49,1238228;12,500
PA;BR-422;69,000;70,000;1,000;31/03/2023;-5,3591036;-49,1238228;12,500
PA;BR-422;70,000;71,000;1,000;31/03/2023;-5,3591036;-49,1238228;12,500
PA;BR-422;71,000;72,000;1,000;31/03/2023;-5,3591036;-49,1238228;12,500
PA;BR-422;72,000;73,000;1,000;31/03/2023;-5,3591036;-49,1238228;12,500
PA;BR-422;73,000;74,000;1,000;31/03/2023;-5,3591036;-49,1238228;12,500
PA;BR-422;74,000;75,000;1,000;31/03/2023;-5,3591036;-49,1238228;12,500
PA;BR-422;75,000;76,000;1,000;31/03/2023;-5,3591036;-49,1238228;12,500
PA;BR-422;76,000;77,000;1,000;31/03/2023;-5,3591036;-49,1238228;12,500
PA;BR-422;77,000;78,000;1,000;31/03/2023;-5,3591036;-49,1238228;12,500
PA;BR-422;78,000;79,000;1,000;31/03/2023;-5,3591036;-49,1238228;12,500
PA;BR-422;79,000;80,000;1,000;31/03/2023;-5,3591036;-49,1238228;30,000
PA;BR-422;80,000;81,000;1,000;31/03/2023;-5,3591036;-49,1238228;30,000
PA;BR-422;81,000;82,000;1,000;31/03/2023;-5,3591036;-49,1238228;30,000
PA;BR-422;82,000;83,000;1,000;31/03/2023;-5,3591036;-49,1238228;30,000
PA;BR-422;83,000;84,000;1,000;31/03/2023;-5,3591036;-49,1238228;30,000
PA;BR-422;84,000;85,000;1,000;31/03/2023;-5,3591036;-49,1238228;30,000
PA;BR-422;85,000;86,000;1,000;31/03/2023;-5,3591036;-49,1238228;30,000
PA;BR-422;86,000;87,000;1,000;31/03/2023;-5,3591036;-49,1238228;30,000
PA;BR-422;87,000;88,000;1,000;31/03/2023;-5,3591036;-49,1238228;30,000
PA;BR-422;88,000;89,000;1,000;31/03/2023;-5,3591036;-49,1238228;30,000
PA;BR-422;89,000;90,000;1,000;31/03/2023;-5,3591036;-49,1238228;30,000
PA;BR-422;90,000;91,000;1,000;31/03/2023;-5,3591036;-49,1238228;30,000
PA;BR-422;91,000;92,000;1,000;31/03/2023;-5,3591036;-49,1238228;30,000
PA;BR-422;92,000;93,000;1,000;31/03/2023;-5,3591036;-49,1238228;30,000
PA;BR-422;93,000;94,000;1,000;31/03/2023;-5,3591036;-49,1238228;30,000
PA;BR-422;94,000;95,000;1,000;31/03/2023;-5,3591036;-49,1238228;30,000
PA;BR-422;95,000;96,000;1,000;31/03/2023;-5,3591036;-49,1238228;30,000
PA;BR-422;96,000;97,000;1,000;31/03/2023;-5,3591036;-49,1238228;30,000
PA;BR-422;97,000;98,000;1,000;31/03/2023;-5,3591036;-49,1238228;30,000
PA;BR-422;98,000;99,000;1,000;31/03/2023;-5,3591036;-49,1238228;30,000
PA;BR-422;99,000;100,000;1,000;31/03/2023;-5,3591036;-49,1238228;30,000
PA;BR-422;100,000;101,000;1,000;31/03/2023;-5,3591036;-49,1238228;30,000
PA;BR-422;101,000;102,000;1,000;31/03/2023;-5,3591036;-49,1238228;30,000
PA;BR-422;102,000;103,000;1,000;31/03/2023;-5,3591036;-49,1238228;30,000
PA;BR-422;103,000;104,000;1,000;31/03/2023;-5,3591036;-49,1238228;30,000
PA;BR-422;104,000;105,000;1,000;31/03/2023;-5,3591036;-49,1238228;30,000
PA;BR-422;105,000;106,000;1,000;31/03/2023;-5,3591036;-49,1238228;30,000
PA;BR-422;106,000;107,000;1,000;31/03/2023;-5,3591036;-49,1238228;30,000
PA;BR-422;107,000;108,000;1,000;31/03/2023;-5,3591036;-49,1238228;30,000
PA;BR-422;108,000;109,000;1,000;31/03/2023;-5,3591036;-49,1238228;30,000
PA;BR-422;109,000;110,000;1,000;31/03/2023;-5,3591036;-49,1238228;30,000
PA;BR-422;110,000;111,000;1,000;31/03/2023;-5,3591036;-49,1238228;30,000
PA;BR-422;111,000;112,000;1,000;31/03/2023;-5,3591036;-49,1238228;30,000
PA;BR-422;112,000;113,000;1,000;31/03/2023;-5,3591036;-49,1238228;30,000
PA;BR-422;113,000;114,000;1,000;31/03/2023;-5,3591036;-49,1238228;30,000
PA;BR-422;114,000;115,000;1,000;31/03/2023;-5,3591036;-49,1238228;30,000
PA;BR-422;115,000;116,000;1,000;31/03/2023;-5,3591036;-49,1238228;30,000
PA;BR-422;116,000;117,000;1,000;31/03/2023;-5,3591036;-49,1238228;30,000
PA;BR-422;117,000;118,000;1,000;31/03/2023;-5,3591036;-49,1238228;30,000
PA;BR-422;118,000;119,000;1,000;31/03/2023;-5,3591036;-49,1238228;30,000
PA;BR-422;119,000;120,000;1,000;31/03/2023;-5,3591036;-49,1238228;30,000
PA;BR-422;120,000;121,000;1,000;31/03/2023;-5,3591036;-49,1238228;30,000
PA;BR-422;121,000;122,000;1,000;31/03/2023;-5,3591036;-49,1238228;30,000
PA;BR-422;122,000;123,000;1,000;31/03/2023;-5,3591036;-49,1238228;30,000
PA;BR-422;123,000;124,000;1,000;31/03/2023;-5,3591036;-49,1238228;30,000
PA;BR-422;124,000;125,000;1,000;31/03/2023;-5,3591036;-49,1238228;30,000
PA;BR-422;125,000;126,000;1,000;31/03/2023;-5,3591036;-49,1238228;30,000
PA;BR-422;126,000;127,000;1,000;31/03/2023;-5,3591036;-49,1238228;30,000
PA;BR-422;127,000;128,000;1,000;31/03/2023;-5,3591036;-49,1238228;30,000
PA;BR-422;128,000;129,000;1,000;31/03/2023;-5,3591036;-49,1238228;30,000
PA;BR-422;129,000;130,000;1,000;31/03/2023;-5,3591036;-49,1238228;30,000
PA;BR-422;130,000;131,000;1,000;31/03/2023;-5,3591036;-49,1238228;30,000
PA;BR-422;131,000;132,000;1,000;31/03/2023;-5,3591036;-49,1238228;30,000
PA;BR-422;132,000;133,000;1,000;31/03/2023;-5,3591036;-49,1238228;30,000
PA;BR-422;133,000;134,000;1,000;31/03/2023;-5,3591036;-49,1238228;30,000
PA;BR-422;134,000;135,000;1,000;31/03/2023;-5,3591036;-49,1238228;30,000
PA;BR-422;135,000;136,000;1,000;31/03/2023;-5,3591036;-49,1238228;30,000
PA;BR-422;136,000;137,000;1,000;31/03/2023;-5,3591036;-49,1238228;30,000
PA;BR-422;137,000;138,000;1,000;31/03/2023;-5,3591036;-49,1238228;30,000
PA;BR-422;138,000;139,000;1,000;31/03/2023;-5,3591036;-49,1238228;30,000
PA;BR-422;139,000;140,000;1,000;31/03/2023;-5,3591036;-49,1238228;30,000
PA;BR-422;140,000;141,000;1,000;31/03/2023;-5,3591036;-49,1238228;30,000
PA;BR-422;141,000;142,000;1,000;31/03/2023;-5,3591036;-49,1238228;30,000
PA;BR-422;142,000;143,000;1,000;31/03/2023;-5,3591036;-49,1238228;30,000
PA;BR-422;143,000;144,000;1,000;31/03/2023;-5,3591036;-49,1238228;30,000
PA;BR-422;144,000;145,000;1,000;31/03/2023;-5,3591036;-49,1238228;30,000
PA;BR-422;145,000;146,000;1,000;31/03/2023;-5,3591036;-49,1238228;30,000
PA;BR-422;146,000;147,000;1,000;31/03/2023;-5,3591036;-49,1238228;30,000
PA;BR-422;147,000;148,000;1,000;31/03/2023;-5,3591036;-49,1238228;30,000
PA;BR-422;148,000;149,000;1,000;31/03/2023;-5,3591036;-49,1238228;30,000
PA;BR-422;149,000;150,000;1,000;31/03/2023;-5,3591036;-49,1238228;30,000
PA;BR-422;150,000;151,000;1,000;31/03/2023;-5,3591036;-49,1238228;30,000
PA;BR-422;151,000;152,000;1,000;31/03/2023;-5,3591036;-49,1238228;30,000
PA;BR-422;152,000;153,000;1,000;31/03/2023;-5,3591036;-49,1238228;30,000
PA;BR-422;153,000;154,000;1,000;31/03/2023;-5,3591036;-49,1238228;30,000
PA;BR-422;154,000;155,000;1,000;31/03/2023;-5,3591036;-49,1238228;30,000
PA;BR-422;155,000;156,000;1,000;31/03/2023;-5,3591036;-49,1238228;30,000
PA;BR-422;156,000;157,000;1,000;31/03/2023;-5,3591036;-49,1238228;30,000
PA;BR-422;157,000;158,000;1,000;31/03/2023;-5,3591036;-49,1238228;30,000
PA;BR-422;158,000;159,000;1,000;31/03/2023;-5,3591036;-49,1238228;30,000
PA;BR-422;159,000;160,000;1,000;31/03/2023;-5,3591036;-49,1238228;30,000
PA;BR-422;160,000;161,000;1,000;31/03/2023;-5,3591036;-49,1238228;30,000
PA;BR-422;161,000;162,000;1,000;31/03/2023;-5,3591036;-49,1238228;30,000
PA;BR-422;162,000;163,000;1,000;31/03/2023;-5,3591036;-49,1238228;30,000
PA;BR-422;163,000;164,000;1,000;31/03/2023;-5,3591036;-49,1238228;30,000
PA;BR-422;164,000;165,000;1,000;31/03/2023;-5,3591036;-49,1238228;30,000
PA;BR-422;165,000;166,000;1,000;31/03/2023;-5,3591036;-49,1238228;30,000
PA;BR-422;166,000;167,000;1,000;31/03/2023;-5,3591036;-49,1238228;30,000
PA;BR-422;167,000;168,000;1,000;31/03/2023;-5,3591036;-49,1238228;30,000
PA;BR-422;168,000;169,000;1,000;31/03/2023;-5,3590844;-49,1238426;32,500
PA;BR-422;169,000;170,000;1,000;31/03/2023;-5,3590844;-49,1238426;32,500
PA;BR-422;170,000;171,000;1,000;31/03/2023;-5,3590844;-49,1238426;32,500
PA;BR-422;171,000;172,000;1,000;31/03/2023;-5,3590844;-49,1238426;32,500
PA;BR-422;172,000;173,000;1,000;31/03/2023;-5,3590844;-49,1238426;32,500
PA;BR-422;173,000;174,000;1,000;31/03/2023;-5,3590844;-49,1238426;32,500
PA;BR-422;174,000;175,000;1,000;31/03/2023;-5,3590844;-49,1238426;32,500
PA;BR-422;175,000;176,000;1,000;31/03/2023;-5,3590844;-49,1238426;32,500
PA;BR-422;176,000;177,000;1,000;31/03/2023;-5,3590844;-49,1238426;32,500
PA;BR-422;177,000;178,000;1,000;31/03/2023;-5,3590844;-49,1238426;32,500
PA;BR-422;178,000;179,000;1,000;31/03/2023;-5,3590844;-49,1238426;32,500
PA;BR-422;179,000;180,000;1,000;31/03/2023;-5,3590844;-49,1238426;32,500
PA;BR-422;180,000;181,000;1,000;31/03/2023;-5,3590844;-49,1238426;32,500
PA;BR-422;181,000;182,000;1,000;31/03/2023;-5,3590844;-49,1238426;32,500
PA;BR-422;182,000;183,000;1,000;31/03/2023;-5,3590844;-49,1238426;32,500
PA;BR-422;183,000;184,000;1,000;31/03/2023;-5,3590844;-49,1238426;32,500
PA;BR-422;184,000;185,000;1,000;31/03/2023;-5,3590844;-49,1238426;32,500
PA;BR-422;185,000;186,000;1,000;31/03/2023;-5,3590844;-49,1238426;32,500
PA;BR-422;186,000;187,000;1,000;31/03/2023;-5,3590844;-49,1238426;32,500
PA;BR-422;187,000;188,000;1,000;31/03/2023;-5,3590844;-49,1238426;32,500
PA;BR-422;188,000;189,000;1,000;31/03/2023;-5,3590844;-49,1238426;32,500
PA;BR-422;189,000;190,000;1,000;31/03/2023;-5,3590844;-49,1238426;32,500
PA;BR-422;190,000;191,000;1,000;31/03/2023;-5,3590844;-49,1238426;32,500
PA;BR-422;191,000;192,000;1,000;31/03/2023;-5,3590844;-49,1238426;32,500
PA;BR-422;192,000;193,000;1,000;31/03/2023;-5,3590844;-49,1238426;32,500
PA;BR-422;193,000;194,000;1,000;31/03/2023;-5,3590844;-49,1238426;32,500
PA;BR-422;194,000;195,000;1,000;31/03/2023;-5,3590844;-49,1238426;32,500
PA;BR-422;195,000;196,000;1,000;31/03/2023;-5,3590844;-49,1238426;32,500
PA;BR-422;196,000;197,000;1,000;31/03/2023;-5,3590844;-49,1238426;32,500
PA;BR-422;197,000;198,000;1,000;31/03/2023;-5,3590844;-49,1238426;32,500
PA;BR-422;198,000;199,000;1,000;31/03/2023;-5,3590844;-49,1238426;32,500
PA;BR-422;199,000;200,000;1,000;31/03/2023;-5,3590844;-49,1238426;32,500
PA;BR-422;200,000;201,000;1,000;31/03/2023;-5,3590844;-49,1238426;32,500
PA;BR-422;201,000;202,000;1,000;31/03/2023;-5,3590844;-49,1238426;32,500
PA;BR-422;202,000;203,000;1,000;31/03/2023;-5,3590844;-49,1238426;32,500
PA;BR-422;203,000;204,000;1,000;31/03/2023;-5,3590844;-49,1238426;32,500
PA;BR-422;204,000;205,000;1,000;31/03/2023;-5,3590844;-49,1238426;32,500
PA;BR-422;205,000;206,000;1,000;31/03/2023;-5,3590844;-49,1238426;32,500
PA;BR-422;206,000;207,000;1,000;31/03/2023;-5,3590844;-49,1238426;32,500
PA;BR-422;207,000;208,000;1,000;31/03/2023;-5,3590844;-49,1238426;32,500
PA;BR-422;208,000;209,000;1,000;31/03/2023;-5,3590844;-49,1238426;32,500
PA;BR-422;209,000;210,000;1,000;31/03/2023;-5,3590844;-49,1238426;32,500
PA;BR-422;210,000;211,000;1,000;31/03/2023;-5,3590844;-49,1238426;32,500
PA;BR-422;211,000;212,000;1,000;31/03/2023;-5,3590844;-49,1238426;32,500
PA;BR-422;212,000;213,000;1,000;31/03/2023;-5,3590844;-49,1238426;32,500
PA;BR-422;213,000;214,000;1,000;31/03/2023;-5,3590844;-49,1238426;32,500
PA;BR-422;214,000;215,000;1,000;31/03/2023;-5,3590844;-49,1238426;32,500
PA;BR-422;215,000;216,000;1,000;31/03/2023;-5,3590844;-49,1238426;32,500
PA;BR-422;216,000;217,000;1,000;31/03/2023;-5,3590844;-49,1238426;32,500
PA;BR-422;217,000;218,000;1,000;31/03/2023;-5,3590844;-49,1238426;32,500
PA;BR-422;218,000;219,000;1,000;31/03/2023;-5,3590844;-49,1238426;32,500
PA;BR-422;219,000;220,000;1,000;31/03/2023;-5,3590844;-49,1238426;32,500
PA;BR-422;220,000;221,000;1,000;31/03/2023;-5,3590844;-49,1238426;32,500
PA;BR-422;221,000;222,000;1,000;31/03/2023;-5,3590844;-49,1238426;32,500
PA;BR-422;222,000;223,000;1,000;31/03/2023;-5,3590844;-49,1238426;32,500
PA;BR-422;223,000;224,000;1,000;31/03/2023;-5,3590844;-49,1238426;32,500
PA;BR-422;224,000;225,000;1,000;31/03/2023;-5,3590844;-49,1238426;32,500
PA;BR-422;225,000;226,000;1,000;31/03/2023;-5,3590844;-49,1238426;32,500
PA;BR-422;226,000;227,000;1,000;31/03/2023;-5,3590844;-49,1238426;32,500
PA;BR-422;227,000;228,000;1,000;31/03/2023;-5,3590844;-49,1238426;32,500
PA;BR-422;228,000;229,000;1,000;31/03/2023;-5,3590844;-49,1238426;32,500
PA;BR-422;229,000;230,000;1,000;31/03/2023;-5,3590844;-49,1238426;32,500
PA;BR-422;230,000;231,000;1,000;31/03/2023;-5,3590844;-49,1238426;32,500
PA;BR-422;231,000;232,000;1,000;31/03/2023;-5,3590844;-49,1238426;45,000
PA;BR-422;232,000;233,000;1,000;31/03/2023;-5,3590844;-49,1238426;45,000
PA;BR-422;233,000;234,000;1,000;31/03/2023;-5,3590844;-49,1238426;45,000
PA;BR-422;234,000;235,000;1,000;31/03/2023;-5,3590844;-49,1238426;45,000
PA;BR-422;235,000;236,000;1,000;31/03/2023;-5,3590844;-49,1238426;45,000
PA;BR-422;236,000;237,000;1,000;31/03/2023;-5,3590844;-49,1238426;45,000
PA;BR-422;237,000;238,000;1,000;31/03/2023;-5,3590844;-49,1238426;45,000
PA;BR-422;238,000;239,000;1,000;31/03/2023;-5,3590844;-49,1238426;45,000
PA;BR-422;239,000;240,000;1,000;31/03/2023;-5,3590844;-49,1238426;45,000
PA;BR-422;240,000;241,000;1,000;31/03/2023;-5,3590844;-49,1238426;45,000
PA;BR-422;241,000;242,000;1,000;31/03/2023;-5,3590844;-49,1238426;45,000
PA;BR-422;242,000;243,000;1,000;31/03/2023;-5,3590844;-49,1238426;45,000
PA;BR-422;243,000;244,000;1,000;31/03/2023;-5,3590844;-49,1238426;45,000
PA;BR-422;244,000;245,000;1,000;31/03/2023;-5,3590844;-49,1238426;45,000
PA;BR-422;245,000;246,000;1,000;31/03/2023;-5,3590844;-49,1238426;45,000
PA;BR-422;246,000;247,000;1,000;31/03/2023;-5,3590844;-49,1238426;45,000
PA;BR-422;247,000;248,000;1,000;31/03/2023;-5,3590844;-49,1238426;45,000
PA;BR-422;248,000;249,000;1,000;31/03/2023;-5,3590844;-49,1238426;45,000
PA;BR-422;249,000;250,000;1,000;31/03/2023;-5,3590844;-49,1238426;45,000
PA;BR-422;250,000;251,000;1,000;31/03/2023;-5,3590844;-49,1238426;45,000
PA;BR-422;251,000;252,000;1,000;31/03/2023;-5,3590844;-49,1238426;51,250
PA;BR-422;252,000;253,000;1,000;31/03/2023;-5,3590844;-49,1238426;51,250
PA;BR-422;253,000;254,000;1,000;31/03/2023;-5,3590844;-49,1238426;51,250
PA;BR-422;254,000;255,000;1,000;31/03/2023;-5,3590844;-49,1238426;51,250
PA;BR-422;255,000;256,000;1,000;31/03/2023;-5,3590844;-49,1238426;51,250
PA;BR-422;256,000;257,000;1,000;31/03/2023;-5,3590844;-49,1238426;51,250
PA;BR-422;257,000;258,000;1,000;31/03/2023;-5,3590844;-49,1238426;51,250
PA;BR-422;258,000;259,000;1,000;31/03/2023;-5,3590844;-49,1238426;51,250
PA;BR-422;259,000;260,000;1,000;31/03/2023;-5,3590844;-49,1238426;51,250
PA;BR-422;260,000;261,000;1,000;31/03/2023;-5,3590844;-49,1238426;51,250
PA;BR-422;261,000;262,000;1,000;31/03/2023;-5,3590844;-49,1238426;51,250
PA;BR-422;262,000;263,000;1,000;31/03/2023;-5,3590844;-49,1238426;51,250
PA;BR-422;263,000;264,000;1,000;31/03/2023;-5,3590844;-49,1238426;51,250
PA;BR-422;264,000;265,000;1,000;31/03/2023;-5,3590844;-49,1238426;51,250
PA;BR-422;265,000;266,000;1,000;31/03/2023;-5,3590844;-49,1238426;51,250
PA;BR-422;266,000;267,000;1,000;31/03/2023;-5,3590844;-49,1238426;51,250
PA;BR-422;267,000;268,000;1,000;31/03/2023;-5,3590844;-49,1238426;51,250
PA;BR-422;268,000;269,000;1,000;31/03/2023;-5,3590844;-49,1238426;51,250
PA;BR-422;269,000;270,000;1,000;31/03/2023;-5,3590844;-49,1238426;51,250
PA;BR-422;270,000;271,000;1,000;31/03/2023;-5,3590844;-49,1238426;51,250
PA;BR-422;271,000;272,000;1,000;31/03/2023;-5,3590844;-49,1238426;51,250
PA;BR-422;272,000;273,000;1,000;31/03/2023;-5,3590844;-49,1238426;68,750
PA;BR-422;273,000;274,000;1,000;31/03/2023;-5,3590844;-49,1238426;68,750
PA;BR-422;274,000;275,000;1,000;31/03/2023;-5,3590844;-49,1238426;68,750
PA;BR-422;275,000;276,000;1,000;31/03/2023;-5,3590844;-49,1238426;68,750
PA;BR-422;276,000;277,000;1,000;31/03/2023;-5,3590844;-49,1238426;68,750
PA;BR-422;277,000;278,000;1,000;31/03/2023;-5,3590844;-49,1238426;68,750
PA;BR-422;278,000;279,000;1,000;31/03/2023;-5,3590844;-49,1238426;23,750
PA;BR-422;279,000;280,000;1,000;31/03/2023;-5,3590844;-49,1238426;23,750
PA;BR-422;280,000;281,000;1,000;31/03/2023;-5,3590844;-49,1238426;23,750
PA;BR-422;281,000;282,000;1,000;31/03/2023;-5,3590844;-49,1238426;23,750
PA;BR-422;282,000;283,000;1,000;31/03/2023;-5,3590844;-49,1238426;23,750
PA;BR-422;283,000;284,000;1,000;31/03/2023;-5,3590844;-49,1238426;23,750
PA;BR-422;284,000;285,000;1,000;31/03/2023;-5,3590844;-49,1238426;23,750
PA;BR-422;285,000;286,000;1,000;31/03/2023;-5,3590844;-49,1238426;23,750
PA;BR-422;286,000;287,000;1,000;31/03/2023;-5,3590844;-49,1238426;23,750
PA;BR-422;287,000;288,000;1,000;31/03/2023;-5,3590844;-49,1238426;23,750
PA;BR-422;288,000;289,000;1,000;31/03/2023;-5,3590844;-49,1238426;23,750
PA;BR-422;289,000;290,000;1,000;31/03/2023;-5,3590844;-49,1238426;23,750
PA;BR-422;290,000;291,000;1,000;31/03/2023;-5,3590844;-49,1238426;22,500
PA;BR-422;291,000;292,000;1,000;31/03/2023;-5,3590844;-49,1238426;22,500
PA;BR-422;292,000;293,000;1,000;31/03/2023;-5,3590844;-49,1238426;22,500
PA;BR-422;293,000;294,000;1,000;31/03/2023;-5,3590844;-49,1238426;22,500
PA;BR-422;294,000;295,000;1,000;31/03/2023;-5,3590844;-49,1238426;22,500
PA;BR-422;295,000;296,000;1,000;31/03/2023;-5,3590844;-49,1238426;22,500
PA;BR-422;296,000;297,000;1,000;31/03/2023;-5,3590844;-49,1238426;22,500
PA;BR-422;297,000;298,000;1,000;31/03/2023;-5,3590844;-49,1238426;22,500
PA;BR-422;298,000;299,000;1,000;31/03/2023;-5,3590844;-49,1238426;22,500
PA;BR-422;299,000;300,000;1,000;31/03/2023;-5,3590844;-49,1238426;22,500
PA;BR-422;300,000;301,000;1,000;31/03/2023;-5,3590844;-49,1238426;18,750
PA;BR-422;301,000;302,000;1,000;31/03/2023;-5,3590844;-49,1238426;18,750
PA;BR-422;302,000;303,000;1,000;31/03/2023;-5,3590844;-49,1238426;18,750
PA;BR-422;303,000;304,000;1,000;31/03/2023;-5,3590844;-49,1238426;18,750
PA;BR-422;304,000;305,000;1,000;31/03/2023;-5,3590844;-49,1238426;18,750
PA;BR-422;305,000;306,000;1,000;31/03/2023;-5,3590844;-49,1238426;18,750
PA;BR-422;306,000;307,000;1,000;31/03/2023;-5,3590844;-49,1238426;18,750
PA;BR-422;307,000;308,000;1,000;31/03/2023;-5,3590844;-49,1238426;18,750
PA;BR-422;308,000;309,000;1,000;31/03/2023;-5,3590844;-49,1238426;18,750
PA;BR-422;309,000;310,000;1,000;31/03/2023;-5,3590844;-49,1238426;18,750
PA;BR-422;310,000;311,000;1,000;31/03/2023;-5,3590844;-49,1238426;18,750
PA;BR-422;311,000;312,000;1,000;31/03/2023;-5,3590844;-49,1238426;18,750
PA;BR-422;312,000;313,000;1,000;31/03/2023;-5,3590844;-49,1238426;18,750
PA;BR-422;313,000;314,000;1,000;31/03/2023;-5,3590844;-49,1238426;18,750
PA;BR-422;314,000;315,000;1,000;31/03/2023;-5,3590844;-49,1238426;18,750
PA;BR-422;315,000;316,000;1,000;31/03/2023;-5,3590844;-49,1238426;18,750
PA;BR-422;316,000;317,000;1,000;31/03/2023;-5,3590844;-49,1238426;18,750
PA;BR-422;317,000;318,000;1,000;31/03/2023;-5,3590844;-49,1238426;18,750
PA;BR-422;318,000;319,000;1,000;31/03/2023;-5,3590844;-49,1238426;18,750
PA;BR-422;319,000;320,000;1,000;31/03/2023;-5,3590844;-49,1238426;18,750
PA;BR-422;320,000;321,000;1,000;31/03/2023;-5,3590844;-49,1238426;18,750
PA;BR-422;321,000;322,000;1,000;31/03/2023;-5,3590844;-49,1238426;18,750
PA;BR-422;322,000;323,000;1,000;31/03/2023;-5,3590844;-49,1238426;18,750
PA;BR-422;323,000;324,000;1,000;31/03/2023;-5,3590844;-49,1238426;18,750
PA;BR-422;324,000;325,000;1,000;31/03/2023;-5,3590844;-49,1238426;18,750
PA;BR-422;325,000;326,000;1,000;31/03/2023;-5,3590844;-49,1238426;18,750
PA;BR-422;326,000;327,000;1,000;31/03/2023;-5,3590844;-49,1238426;18,750
PA;BR-422;327,000;328,000;1,000;31/03/2023;-5,3590844;-49,1238426;18,750
PA;BR-422;328,000;329,000;1,000;31/03/2023;-5,3590844;-49,1238426;18,750
PA;BR-422;329,000;330,000;1,000;31/03/2023;-5,3590844;-49,1238426;18,750
PA;BR-422;330,000;331,000;1,000;31/03/2023;-5,3590844;-49,1238426;18,750
PA;BR-422;331,000;332,000;1,000;31/03/2023;-5,3590844;-49,1238426;18,750
PA;BR-422;332,000;333,000;1,000;31/03/2023;-5,3590844;-49,1238426;18,750
PA;BR-422;333,000;334,000;1,000;31/03/2023;-5,3590844;-49,1238426;18,750
PA;BR-422;334,000;335,000;1,000;31/03/2023;-5,3590844;-49,1238426;18,750
PA;BR-422;335,000;336,000;1,000;31/03/2023;-5,3590844;-49,1238426;18,750
AM;BR-230;609,200;608,000;1,200;01/04/2023;-7,5007034;-63,0267154;31,250
AM;BR-230;608,000;607,000;1,000;01/04/2023;-7,4986694;-63,023772;27,500
AM;BR-230;607,000;606,000;1,000;01/04/2023;-7,4986694;-63,023772;43,750
AM;BR-230;606,000;605,000;1,000;01/04/2023;-7,4986694;-63,023772;53,750
AM;BR-230;605,000;604,000;1,000;01/04/2023;-7,498823;-63,0307628;50,000
AM;BR-230;604,000;603,000;1,000;01/04/2023;-7,498823;-63,0307628;41,250
AM;BR-230;603,000;602,000;1,000;01/04/2023;-7,498823;-63,0307628;50,000
AM;BR-230;602,000;601,000;1,000;01/04/2023;-7,498823;-63,0307628;40,000
AM;BR-230;601,000;600,000;1,000;01/04/2023;-7,498823;-63,0307628;56,250
AM;BR-230;600,000;599,000;1,000;01/04/2023;-7,498823;-63,0307628;71,250
AM;BR-230;599,000;598,000;1,000;01/04/2023;-7,498823;-63,0307628;75,000
AM;BR-230;598,000;597,000;1,000;01/04/2023;-7,498823;-63,0307628;75,000
AM;BR-230;597,000;596,000;1,000;01/04/2023;-7,498823;-63,0307628;82,500
AM;BR-230;596,000;595,000;1,000;01/04/2023;-7,498823;-63,0307628;86,250
AM;BR-230;595,000;594,000;1,000;01/04/2023;-7,498823;-63,0307628;82,500
AM;BR-230;594,000;593,000;1,000;01/04/2023;-7,498823;-63,0307628;86,250
AM;BR-230;593,000;592,000;1,000;01/04/2023;-7,498823;-63,0307628;78,750
AM;BR-230;592,000;591,000;1,000;01/04/2023;-7,498823;-63,0307628;78,750
AM;BR-230;591,000;590,000;1,000;01/04/2023;-7,498823;-63,0307628;78,750
AM;BR-230;590,000;589,000;1,000;01/04/2023;-7,498823;-63,0307628;78,750
AM;BR-230;589,000;588,000;1,000;01/04/2023;-7,498823;-63,0307628;86,250
AM;BR-230;588,000;587,000;1,000;01/04/2023;-7,498823;-63,0307628;82,500
AM;BR-230;587,000;586,000;1,000;01/04/2023;-7,498823;-63,0307628;86,250
AM;BR-230;586,000;585,000;1,000;01/04/2023;-7,498823;-63,0307628;76,250
AM;BR-230;585,000;584,000;1,000;01/04/2023;-7,498823;-63,0307628;83,750
AM;BR-230;584,000;583,000;1,000;01/04/2023;-7,498823;-63,0307628;86,250
AM;BR-230;583,000;582,000;1,000;01/04/2023;-7,498823;-63,0307628;78,750
AM;BR-230;582,000;581,000;1,000;01/04/2023;-7,498823;-63,0307628;78,750
AM;BR-230;581,000;580,000;1,000;01/04/2023;-7,498823;-63,0307628;86,250
AM;BR-230;580,000;579,000;1,000;01/04/2023;-7,498823;-63,0307628;75,000
AM;BR-230;579,000;578,000;1,000;01/04/2023;-7,498823;-63,0307628;78,750
AM;BR-230;578,000;577,000;1,000;01/04/2023;-7,498823;-63,0307628;82,500
AM;BR-230;577,000;576,000;1,000;01/04/2023;-7,498823;-63,0307628;78,750
AM;BR-230;576,000;575,000;1,000;01/04/2023;-7,498823;-63,0307628;86,250
AM;BR-230;575,000;574,000;1,000;01/04/2023;-7,498823;-63,0307628;78,750
AM;BR-230;574,000;573,000;1,000;01/04/2023;-7,498823;-63,0307628;93,750
AM;BR-230;573,000;572,000;1,000;01/04/2023;-7,498823;-63,0307628;86,250
AM;BR-230;572,000;571,000;1,000;01/04/2023;-7,498823;-63,0307628;76,250
AM;BR-230;571,000;570,000;1,000;01/04/2023;-7,498823;-63,0307628;93,750
AM;BR-230;570,000;569,000;1,000;01/04/2023;-7,498823;-63,0307628;78,750
AM;BR-230;569,000;568,000;1,000;01/04/2023;-7,498823;-63,0307628;76,250
AM;BR-230;568,000;567,000;1,000;01/04/2023;-7,498823;-63,0307628;82,500
AM;BR-230;567,000;566,000;1,000;01/04/2023;-7,498823;-63,0307628;90,000
AM;BR-230;566,000;565,000;1,000;01/04/2023;-7,498823;-63,0307628;83,750
AM;BR-230;565,000;564,000;1,000;01/04/2023;-7,498823;-63,0307628;76,250
AM;BR-230;564,000;563,000;1,000;01/04/2023;-7,498823;-63,0307628;78,750
AM;BR-230;563,000;562,000;1,000;01/04/2023;-7,498823;-63,0307628;72,500
AM;BR-230;562,000;561,000;1,000;01/04/2023;-7,498823;-63,0307628;83,750
AM;BR-230;561,000;560,000;1,000;01/04/2023;-7,498823;-63,0307628;80,000
AM;BR-230;560,000;559,000;1,000;01/04/2023;-7,498823;-63,0307628;80,000
AM;BR-230;559,000;558,000;1,000;01/04/2023;-7,498823;-63,0307628;83,750
AM;BR-230;558,000;557,000;1,000;01/04/2023;-7,498823;-63,0307628;83,750
AM;BR-230;557,000;556,000;1,000;01/04/2023;-7,498823;-63,0307628;83,750
AM;BR-230;556,000;555,000;1,000;01/04/2023;-7,498823;-63,0307628;83,750
AM;BR-230;555,000;554,000;1,000;01/04/2023;-7,498823;-63,0307628;80,000
AM;BR-230;554,000;553,000;1,000;01/04/2023;-7,498823;-63,0307628;83,750
AM;BR-230;553,000;552,000;1,000;01/04/2023;-7,498823;-63,0307628;78,750
AM;BR-230;552,000;551,000;1,000;01/04/2023;-7,498823;-63,0307628;72,500
AM;BR-230;551,000;550,000;1,000;01/04/2023;-7,498823;-63,0307628;83,750
AM;BR-230;550,000;549,000;1,000;01/04/2023;-7,498823;-63,0307628;83,750
AM;BR-230;549,000;548,000;1,000;01/04/2023;-7,498823;-63,0307628;80,000
AM;BR-230;548,000;547,000;1,000;01/04/2023;-7,6948504;-62,5595782;80,000
AM;BR-230;547,000;546,000;1,000;01/04/2023;-7,6948504;-62,5595782;82,500
AM;BR-230;546,000;545,000;1,000;01/04/2023;-7,6948504;-62,5595782;83,750
AM;BR-230;545,000;544,000;1,000;01/04/2023;-7,6948504;-62,5595782;72,500
AM;BR-230;544,000;543,000;1,000;01/04/2023;-7,6948504;-62,5595782;72,500
AM;BR-230;543,000;542,000;1,000;01/04/2023;-7,6948504;-62,5595782;77,500
AM;BR-230;542,000;541,000;1,000;01/04/2023;-7,6948504;-62,5595782;77,500
AM;BR-230;541,000;540,000;1,000;01/04/2023;-7,6948504;-62,5595782;85,000
AM;BR-230;540,000;539,000;1,000;01/04/2023;-7,6948504;-62,5595782;81,250
AM;BR-230;539,000;538,000;1,000;01/04/2023;-7,6948504;-62,5595782;77,500
AM;BR-230;538,000;537,000;1,000;01/04/2023;-7,6948504;-62,5595782;77,500
AM;BR-230;537,000;536,000;1,000;01/04/2023;-7,6948504;-62,5595782;88,750
AM;BR-230;536,000;535,000;1,000;01/04/2023;-7,6948504;-62,5595782;81,250
AM;BR-230;535,000;534,000;1,000;01/04/2023;-7,6948504;-62,5595782;81,250
AM;BR-230;534,000;533,000;1,000;01/04/2023;-7,6948504;-62,5595782;88,750
AM;BR-230;533,000;532,000;1,000;01/04/2023;-7,6948504;-62,5595782;88,750
AM;BR-230;532,000;531,000;1,000;01/04/2023;-7,6948504;-62,5595782;88,750
AM;BR-230;531,000;530,000;1,000;01/04/2023;-7,6948504;-62,5595782;92,500
AM;BR-230;530,000;529,000;1,000;01/04/2023;-7,6948504;-62,5595782;88,750
AM;BR-230;529,000;528,000;1,000;01/04/2023;-7,6948504;-62,5595782;88,750
AM;BR-230;528,000;527,000;1,000;01/04/2023;-7,6948504;-62,5595782;78,750
AM;BR-230;527,000;526,000;1,000;01/04/2023;-7,6948504;-62,5595782;88,750
AM;BR-230;526,000;525,000;1,000;01/04/2023;-7,6948504;-62,5595782;86,250
AM;BR-230;525,000;524,000;1,000;01/04/2023;-7,6948504;-62,5595782;77,500
AM;BR-230;524,000;523,000;1,000;01/04/2023;-7,6948504;-62,5595782;81,250
AM;BR-230;523,000;522,000;1,000;01/04/2023;-7,6948504;-62,5595782;83,750
AM;BR-230;522,000;521,000;1,000;01/04/2023;-7,6948504;-62,5595782;55,000
AM;BR-230;521,000;520,000;1,000;01/04/2023;-7,6948504;-62,5595782;72,500
AM;BR-230;520,000;519,000;1,000;01/04/2023;-7,6948504;-62,5595782;76,250
AM;BR-230;519,000;518,000;1,000;01/04/2023;-7,6948504;-62,5595782;75,000
AM;BR-230;518,000;517,000;1,000;01/04/2023;-7,6948504;-62,5595782;77,500
AM;BR-230;517,000;516,300;0,700;01/04/2023;-7,6948504;-62,5595782;71,250
AM;BR-230;516,300;515,000;1,300;01/04/2023;-7,6948504;-62,5595782;73,750
AM;BR-230;515,000;514,000;1,000;01/04/2023;-7,6948504;-62,5595782;66,250
AM;BR-230;514,000;513,000;1,000;01/04/2023;-7,6948504;-62,5595782;66,250
AM;BR-230;513,000;512,000;1,000;01/04/2023;-7,6948504;-62,5595782;53,750
AM;BR-230;512,000;511,000;1,000;01/04/2023;-7,6948504;-62,5595782;53,750
AM;BR-230;511,000;510,000;1,000;01/04/2023;-7,6948504;-62,5595782;66,250
AM;BR-230;510,000;509,000;1,000;01/04/2023;-7,6948504;-62,5595782;51,250
AM;BR-230;509,000;508,000;1,000;01/04/2023;-7,6948504;-62,5595782;66,250
AM;BR-230;508,000;507,000;1,000;01/04/2023;-7,6948504;-62,5595782;57,500
AM;BR-230;507,000;506,000;1,000;01/04/2023;-7,6948504;-62,5595782;72,500
AM;BR-230;506,000;505,000;1,000;01/04/2023;-7,6948504;-62,5595782;72,500
AM;BR-230;505,000;504,000;1,000;01/04/2023;-7,6948504;-62,5595782;51,250
AM;BR-230;504,000;503,000;1,000;01/04/2023;-7,6948504;-62,5595782;56,250
AM;BR-230;503,000;502,000;1,000;01/04/2023;-7,6948504;-62,5595782;60,000
AM;BR-230;502,000;501,000;1,000;01/04/2023;-7,6948504;-62,5595782;56,250
AM;BR-230;501,000;500,000;1,000;01/04/2023;-7,6948504;-62,5595782;68,750
AM;BR-230;500,000;499,000;1,000;01/04/2023;-7,6948504;-62,5595782;68,750
AM;BR-230;499,000;498,000;1,000;01/04/2023;-7,6948504;-62,5595782;57,500
AM;BR-230;498,000;497,000;1,000;01/04/2023;-7,6948504;-62,5595782;72,500
AM;BR-230;497,000;496,000;1,000;01/04/2023;-7,6948504;-62,5595782;60,000
AM;BR-230;496,000;495,000;1,000;01/04/2023;-7,6948504;-62,5595782;68,750
AM;BR-230;495,000;494,000;1,000;01/04/2023;-7,6948504;-62,5595782;35,000
AM;BR-230;494,000;493,000;1,000;01/04/2023;-7,6948504;-62,5595782;45,000
AM;BR-230;493,000;492,000;1,000;01/04/2023;-7,6948504;-62,5595782;78,750
AM;BR-230;492,000;491,000;1,000;01/04/2023;-7,6948504;-62,5595782;78,750
AM;BR-230;491,000;490,000;1,000;01/04/2023;-7,6948504;-62,5595782;86,250
AM;BR-230;490,000;489,000;1,000;01/04/2023;-7,6948504;-62,5595782;82,500
AM;BR-230;489,000;488,000;1,000;01/04/2023;-7,6948504;-62,5595782;86,250
AM;BR-230;488,000;487,000;1,000;01/04/2023;-7,6948504;-62,5595782;82,500
AM;BR-230;487,000;486,000;1,000;01/04/2023;-7,6948504;-62,5595782;75,000
AM;BR-230;486,000;485,000;1,000;01/04/2023;-7,6948504;-62,5595782;80,000
AM;BR-230;485,000;484,000;1,000;01/04/2023;-7,6948504;-62,5595782;75,000
AM;BR-230;484,000;483,000;1,000;01/04/2023;-7,6948504;-62,5595782;72,500
AM;BR-230;483,000;482,000;1,000;01/04/2023;-7,6948504;-62,5595782;72,500
AM;BR-230;482,000;481,000;1,000;01/04/2023;-7,6948504;-62,5595782;82,500
AM;BR-230;481,000;480,000;1,000;01/04/2023;-7,6948504;-62,5595782;83,750
AM;BR-230;480,000;479,000;1,000;01/04/2023;-7,6948504;-62,5595782;86,250
AM;BR-230;479,000;478,000;1,000;01/04/2023;-7,6948504;-62,5595782;80,000
AM;BR-230;478,000;477,000;1,000;01/04/2023;-7,6948504;-62,5595782;82,500
AM;BR-230;477,000;476,000;1,000;01/04/2023;-7,6948504;-62,5595782;80,000
AM;BR-230;476,000;475,000;1,000;01/04/2023;-7,6948504;-62,5595782;80,000
AM;BR-230;475,000;474,000;1,000;01/04/2023;-7,6948504;-62,5595782;28,750
AM;BR-230;474,000;473,000;1,000;01/04/2023;-7,6948504;-62,5595782;26,250
AM;BR-230;473,000;472,000;1,000;01/04/2023;-7,6948504;-62,5595782;28,750
AM;BR-230;472,000;471,000;1,000;01/04/2023;-7,6948504;-62,5595782;28,750
AM;BR-230;471,000;470,000;1,000;01/04/2023;-7,6948504;-62,5595782;28,750
AM;BR-230;470,000;469,000;1,000;01/04/2023;-7,6948504;-62,5595782;41,250
AM;BR-230;469,000;468,000;1,000;01/04/2023;-7,6948504;-62,5595782;28,750
AM;BR-230;468,000;467,000;1,000;01/04/2023;-7,6948504;-62,5595782;46,250
AM;BR-230;467,000;466,000;1,000;01/04/2023;-7,6948504;-62,5595782;43,750
AM;BR-230;466,000;465,000;1,000;01/04/2023;-7,6948504;-62,5595782;58,750
AM;BR-230;465,000;464,000;1,000;01/04/2023;-7,6948504;-62,5595782;28,750
AM;BR-230;464,000;463,000;1,000;01/04/2023;-7,6948504;-62,5595782;43,750
AM;BR-230;463,000;462,000;1,000;01/04/2023;-7,6948504;-62,5595782;46,250
AM;BR-230;462,000;461,000;1,000;01/04/2023;-7,6948504;-62,5595782;43,750
AM;BR-230;461,000;460,000;1,000;01/04/2023;-7,6948504;-62,5595782;80,000
AM;BR-230;460,000;459,000;1,000;01/04/2023;-7,6948504;-62,5595782;85,000
AM;BR-230;459,000;458,000;1,000;01/04/2023;-7,6948504;-62,5595782;88,750
AM;BR-230;458,000;457,000;1,000;01/04/2023;-7,6948504;-62,5595782;88,750
AM;BR-230;457,000;456,000;1,000;01/04/2023;-7,6948504;-62,5595782;86,250
AM;BR-230;456,000;455,000;1,000;01/04/2023;-7,6948504;-62,5595782;86,250
AM;BR-230;455,000;454,000;1,000;01/04/2023;-7,6948504;-62,5595782;75,000
AM;BR-230;454,000;453,000;1,000;01/04/2023;-7,6948504;-62,5595782;75,000
AM;BR-230;453,000;452,000;1,000;01/04/2023;-7,6948504;-62,5595782;75,000
AM;BR-230;452,000;451,000;1,000;01/04/2023;-7,6948504;-62,5595782;75,000
AM;BR-230;451,000;450,000;1,000;01/04/2023;-7,6948504;-62,5595782;75,000
AM;BR-230;450,000;449,000;1,000;01/04/2023;-7,6948504;-62,5595782;90,000
AM;BR-230;449,000;448,000;1,000;01/04/2023;-7,6948504;-62,5595782;90,000
AM;BR-230;448,000;447,000;1,000;01/04/2023;-7,6948504;-62,5595782;82,500
AM;BR-230;447,000;446,000;1,000;01/04/2023;-7,6948504;-62,5595782;90,000
AM;BR-230;446,000;445,000;1,000;01/04/2023;-7,6948504;-62,5595782;82,500
AM;BR-230;445,000;444,000;1,000;01/04/2023;-7,6948504;-62,5595782;85,000
AM;BR-230;444,000;443,000;1,000;01/04/2023;-7,6948504;-62,5595782;93,750
AM;BR-230;443,000;442,000;1,000;01/04/2023;-7,6948504;-62,5595782;82,500
AM;BR-230;442,000;441,000;1,000;01/04/2023;-7,6948504;-62,5595782;82,500
AM;BR-230;441,000;440,000;1,000;01/04/2023;-7,6948504;-62,5595782;82,500
AM;BR-230;440,000;439,000;1,000;01/04/2023;-7,6948504;-62,5595782;82,500
AM;BR-230;439,000;438,000;1,000;01/04/2023;-7,6948504;-62,5595782;82,500
AM;BR-230;438,000;437,000;1,000;01/04/2023;-7,6948504;-62,5595782;82,500
AM;BR-230;437,000;436,000;1,000;01/04/2023;-7,6948504;-62,5595782;85,000
AM;BR-230;436,000;435,000;1,000;01/04/2023;-7,6948504;-62,5595782;90,000
AM;BR-230;435,000;434,000;1,000;01/04/2023;-7,6948504;-62,5595782;82,500
AM;BR-230;434,000;433,000;1,000;01/04/2023;-7,6948504;-62,5595782;86,250
AM;BR-230;433,000;432,000;1,000;01/04/2023;-7,6948504;-62,5595782;86,250
AM;BR-230;432,000;431,000;1,000;01/04/2023;-7,6948504;-62,5595782;86,250
AM;BR-230;431,000;430,000;1,000;01/04/2023;-7,6948504;-62,5595782;86,250
AM;BR-230;430,000;429,000;1,000;01/04/2023;-7,6948504;-62,5595782;86,250
AM;BR-230;429,000;428,000;1,000;01/04/2023;-7,6948504;-62,5595782;86,250
AM;BR-230;428,000;427,000;1,000;01/04/2023;-7,6948504;-62,5595782;86,250
AM;BR-230;427,000;426,000;1,000;01/04/2023;-7,6948504;-62,5595782;86,250
AM;BR-230;426,000;425,000;1,000;01/04/2023;-7,6948504;-62,5595782;86,250
AM;BR-230;425,000;424,000;1,000;01/04/2023;-7,6948504;-62,5595782;88,750
AM;BR-230;424,000;423,000;1,000;01/04/2023;-7,6948504;-62,5595782;88,750
AM;BR-230;423,000;422,000;1,000;01/04/2023;-7,9230742;-61,5609927;88,750
AM;BR-230;422,000;421,000;1,000;01/04/2023;-7,9230742;-61,5609927;96,250
AM;BR-230;421,000;420,000;1,000;01/04/2023;-7,9228822;-61,5609385;85,000
AM;BR-230;420,000;419,000;1,000;01/04/2023;-7,9228822;-61,5609385;88,750
AM;BR-230;419,000;418,000;1,000;01/04/2023;-7,9228822;-61,5609385;86,250
AM;BR-230;418,000;417,000;1,000;01/04/2023;-7,9228822;-61,5609385;82,500
AM;BR-230;417,000;416,000;1,000;01/04/2023;-7,9228822;-61,5609385;82,500
AM;BR-230;416,000;415,000;1,000;01/04/2023;-7,9228822;-61,5609385;82,500
AM;BR-230;415,000;414,000;1,000;01/04/2023;-7,9228822;-61,5609385;86,250
AM;BR-230;414,000;413,000;1,000;01/04/2023;-7,9228822;-61,5609385;80,000
AM;BR-230;413,000;412,000;1,000;01/04/2023;-7,9228822;-61,5609385;82,500
AM;BR-230;412,000;411,000;1,000;01/04/2023;-7,9228822;-61,5609385;82,500
AM;BR-230;411,000;410,000;1,000;01/04/2023;-7,9228822;-61,5609385;81,250
AM;BR-230;410,000;409,000;1,000;01/04/2023;-7,9228822;-61,5609385;82,500
AM;BR-230;409,000;408,000;1,000;01/04/2023;-7,9228822;-61,5609385;80,000
AM;BR-230;408,000;407,000;1,000;01/04/2023;-7,9228822;-61,5609385;82,500
AM;BR-230;407,000;406,000;1,000;01/04/2023;-7,9228822;-61,5609385;82,500
AM;BR-230;406,000;405,000;1,000;01/04/2023;-7,9228822;-61,5609385;90,000
AM;BR-230;405,000;404,000;1,000;01/04/2023;-7,9228822;-61,5609385;85,000
AM;BR-230;404,000;403,000;1,000;01/04/2023;-7,9228822;-61,5609385;75,000
AM;BR-230;403,000;402,000;1,000;01/04/2023;-7,9228822;-61,5609385;77,500
AM;BR-230;402,000;401,000;1,000;01/04/2023;-7,9228822;-61,5609385;73,750
AM;BR-230;401,000;400,600;0,400;01/04/2023;-7,9228822;-61,5609385;80,000
MT;BR-158;201,200;202,000;0,800;31/03/2023;-10,6600609;-51,5861894;37,500
MT;BR-158;202,000;203,000;1,000;31/03/2023;-10,6600609;-51,5861894;51,250
MT;BR-158;203,000;204,000;1,000;31/03/2023;-10,6600609;-51,5861894;30,000
MT;BR-158;204,000;205,000;1,000;31/03/2023;-10,6600609;-51,5861894;51,250
MT;BR-158;205,000;206,000;1,000;31/03/2023;-10,6600609;-51,5861894;51,250
MT;BR-158;206,000;207,000;1,000;31/03/2023;-10,6600609;-51,5861894;51,250
MT;BR-158;207,000;208,000;1,000;31/03/2023;-10,6600609;-51,5861894;51,250
MT;BR-158;208,000;209,000;1,000;31/03/2023;-10,6600609;-51,5861894;45,000
MT;BR-158;209,000;210,000;1,000;31/03/2023;-10,6600609;-51,5861894;51,250
MT;BR-158;210,000;211,000;1,000;31/03/2023;-10,6600609;-51,5861894;58,750
MT;BR-158;211,000;212,000;1,000;31/03/2023;-10,6600609;-51,5861894;71,250
MT;BR-158;212,000;213,000;1,000;31/03/2023;-10,6600609;-51,5861894;51,250
MT;BR-158;213,000;214,000;1,000;31/03/2023;-10,6600609;-51,5861894;60,000
MT;BR-158;214,000;215,000;1,000;31/03/2023;-10,6600609;-51,5861894;58,750
MT;BR-158;215,000;216,000;1,000;31/03/2023;-10,6600609;-51,5861894;58,750
MT;BR-158;216,000;217,000;1,000;31/03/2023;-10,6600609;-51,5861894;82,500
MT;BR-158;217,000;218,000;1,000;31/03/2023;-10,6600609;-51,5861894;80,000
MT;BR-158;218,000;219,000;1,000;31/03/2023;-10,6600609;-51,5861894;65,000
MT;BR-158;219,000;220,000;1,000;31/03/2023;-10,6600609;-51,5861894;68,750
MT;BR-158;220,000;221,000;1,000;31/03/2023;-10,6600609;-51,5861894;66,250
MT;BR-158;221,000;222,000;1,000;31/03/2023;-10,6600609;-51,5861894;71,250
MT;BR-158;222,000;223,000;1,000;31/03/2023;-10,6600609;-51,5861894;65,000
MT;BR-158;223,000;224,000;1,000;31/03/2023;-10,6600609;-51,5861894;66,250
MT;BR-158;224,000;225,000;1,000;31/03/2023;-10,6600609;-51,5861894;62,500
MT;BR-158;225,000;226,000;1,000;31/03/2023;-10,6600609;-51,5861894;70,000
MT;BR-158;226,000;227,000;1,000;31/03/2023;-10,6600609;-51,5861894;81,250
MT;BR-158;227,000;228,000;1,000;31/03/2023;-10,6600609;-51,5861894;62,500
MT;BR-158;228,000;229,000;1,000;31/03/2023;-10,6600609;-51,5861894;70,000
MT;BR-158;229,000;230,000;1,000;31/03/2023;-10,6600609;-51,5861894;65,000
MT;BR-158;230,000;231,000;1,000;31/03/2023;-10,6600609;-51,5861894;66,250
MT;BR-158;231,000;232,000;1,000;31/03/2023;-10,6600609;-51,5861894;58,750
MT;BR-158;232,000;233,000;1,000;31/03/2023;-10,6600609;-51,5861894;63,750
MT;BR-158;233,000;234,000;1,000;31/03/2023;-10,6600609;-51,5861894;71,250
MT;BR-158;234,000;235,000;1,000;31/03/2023;-10,6600609;-51,5861894;71,250
MT;BR-158;235,000;236,000;1,000;31/03/2023;-10,6600609;-51,5861894;63,750
MT;BR-158;236,000;237,000;1,000;31/03/2023;-10,6600609;-51,5861894;67,500
MT;BR-158;237,000;238,000;1,000;31/03/2023;-10,6600609;-51,5861894;63,750
MT;BR-158;238,000;239,000;1,000;31/03/2023;-10,6600609;-51,5861894;78,750
MT;BR-158;239,000;240,000;1,000;31/03/2023;-10,6600609;-51,5861894;67,500
MT;BR-158;240,000;241,000;1,000;31/03/2023;-10,6600609;-51,5861894;78,750
MT;BR-158;241,000;242,000;1,000;31/03/2023;-10,6600609;-51,5861894;68,750
MT;BR-158;242,000;243,000;1,000;31/03/2023;-10,6600609;-51,5861894;71,250
MT;BR-158;243,000;244,000;1,000;31/03/2023;-10,6600609;-51,5861894;66,250
MT;BR-158;244,000;245,000;1,000;31/03/2023;-10,6600609;-51,5861894;81,250
MT;BR-158;245,000;246,000;1,000;31/03/2023;-10,6600609;-51,5861894;68,750
MT;BR-158;246,000;247,000;1,000;31/03/2023;-10,6600609;-51,5861894;71,250
MT;BR-158;247,000;248,000;1,000;31/03/2023;-10,6600609;-51,5861894;71,250
MT;BR-158;248,000;249,000;1,000;31/03/2023;-10,6600609;-51,5861894;71,250
MT;BR-158;249,000;250,000;1,000;31/03/2023;-10,6600609;-51,5861894;67,500
MT;BR-158;250,000;251,000;1,000;31/03/2023;-10,6600609;-51,5861894;65,000
MT;BR-158;251,000;252,000;1,000;31/03/2023;-10,6600609;-51,5861894;66,250
MT;BR-158;252,000;253,000;1,000;31/03/2023;-10,6600609;-51,5861894;52,500
MT;BR-158;253,000;254,000;1,000;31/03/2023;-10,6600609;-51,5861894;66,250
MT;BR-158;254,000;255,000;1,000;31/03/2023;-10,6600609;-51,5861894;58,750
MT;BR-158;255,000;256,000;1,000;31/03/2023;-10,6600609;-51,5861894;57,500
MT;BR-158;256,000;257,000;1,000;31/03/2023;-10,6600609;-51,5861894;63,750
MT;BR-158;257,000;258,000;1,000;31/03/2023;-10,6600609;-51,5861894;62,500
MT;BR-158;258,000;259,000;1,000;31/03/2023;-10,6600609;-51,5861894;51,250
MT;BR-158;259,000;260,000;1,000;31/03/2023;-10,6600609;-51,5861894;65,000
MT;BR-158;260,000;261,000;1,000;31/03/2023;-10,6600609;-51,5861894;57,500
MT;BR-158;261,000;262,000;1,000;31/03/2023;-10,6600609;-51,5861894;56,250
MT;BR-158;262,000;263,000;1,000;31/03/2023;-10,6600609;-51,5861894;51,250
MT;BR-158;263,000;264,000;1,000;31/03/2023;-10,6600609;-51,5861894;58,750
MT;BR-158;264,000;265,000;1,000;31/03/2023;-10,6600609;-51,5861894;63,750
MT;BR-158;265,000;266,000;1,000;31/03/2023;-10,6600609;-51,5861894;56,250
MT;BR-158;266,000;267,000;1,000;31/03/2023;-10,6600609;-51,5861894;55,000
MT;BR-158;267,000;268,000;1,000;31/03/2023;-10,6600609;-51,5861894;57,500
MT;BR-158;268,000;269,000;1,000;31/03/2023;-10,6600609;-51,5861894;57,500
MT;BR-158;269,000;270,000;1,000;31/03/2023;-10,6600609;-51,5861894;63,750
MT;BR-158;270,000;271,000;1,000;31/03/2023;-10,6600609;-51,5861894;63,750
MT;BR-158;271,000;272,000;1,000;31/03/2023;-10,6600609;-51,5861894;62,500
MT;BR-158;272,000;273,000;1,000;31/03/2023;-10,6600609;-51,5861894;51,250
MT;BR-158;273,000;274,000;1,000;31/03/2023;-10,6600609;-51,5861894;52,500
MT;BR-158;274,000;275,000;1,000;31/03/2023;-10,6600609;-51,5861894;43,750
MT;BR-158;275,000;276,000;1,000;31/03/2023;-10,6600609;-51,5861894;51,250
MT;BR-158;276,000;277,000;1,000;31/03/2023;-10,6600609;-51,5861894;51,250
MT;BR-158;277,000;278,000;1,000;31/03/2023;-10,6600609;-51,5861894;57,500
MT;BR-158;278,000;279,000;1,000;31/03/2023;-10,6600609;-51,5861894;52,500
MT;BR-158;279,000;280,000;1,000;31/03/2023;-10,6600609;-51,5861894;51,250
MT;BR-158;280,000;281,000;1,000;31/03/2023;-10,6600609;-51,5861894;51,250
MT;BR-158;281,000;282,000;1,000;31/03/2023;-10,6600609;-51,5861894;51,250
MT;BR-158;282,000;283,000;1,000;31/03/2023;-10,6600609;-51,5861894;53,750
MT;BR-158;283,000;284,000;1,000;31/03/2023;-10,6600609;-51,5861894;51,250
MT;BR-158;284,000;285,000;1,000;31/03/2023;-10,6600609;-51,5861894;51,250
MT;BR-158;285,000;286,000;1,000;31/03/2023;-10,6600609;-51,5861894;60,000
MT;BR-158;286,000;287,000;1,000;31/03/2023;-10,6600609;-51,5861894;57,500
MT;BR-158;287,000;288,000;1,000;31/03/2023;-10,6600609;-51,5861894;57,500
MT;BR-158;288,000;289,000;1,000;31/03/2023;-10,6600609;-51,5861894;57,500
MT;BR-158;289,000;290,000;1,000;31/03/2023;-10,6600609;-51,5861894;57,500
MT;BR-158;290,000;291,000;1,000;31/03/2023;-10,6600609;-51,5861894;66,250
MT;BR-158;291,000;292,000;1,000;31/03/2023;-10,6600609;-51,5861894;57,500
MT;BR-158;292,000;293,000;1,000;31/03/2023;-10,6600609;-51,5861894;60,000
MT;BR-158;293,000;294,000;1,000;31/03/2023;-10,6600609;-51,5861894;63,750
MT;BR-158;294,000;295,000;1,000;31/03/2023;-10,6600609;-51,5861894;66,250
MT;BR-158;295,000;296,000;1,000;31/03/2023;-10,6600609;-51,5861894;50,000
MT;BR-158;296,000;297,000;1,000;31/03/2023;-10,6600609;-51,5861894;63,750
MT;BR-158;297,000;298,000;1,000;31/03/2023;-10,6600609;-51,5861894;55,000
MT;BR-158;298,000;299,000;1,000;31/03/2023;-10,6600609;-51,5861894;50,000
MT;BR-158;299,000;300,000;1,000;31/03/2023;-10,6600609;-51,5861894;65,000
MT;BR-158;300,000;301,000;1,000;31/03/2023;-10,6600609;-51,5861894;57,500
MT;BR-158;301,000;302,000;1,000;31/03/2023;-10,6600609;-51,5861894;57,500
MT;BR-158;302,000;303,000;1,000;31/03/2023;-10,6600609;-51,5861894;51,250
MT;BR-158;303,000;304,000;1,000;31/03/2023;-10,6600609;-51,5861894;57,500
MT;BR-158;304,000;305,000;1,000;31/03/2023;-10,6600609;-51,5861894;51,250
MT;BR-158;305,000;306,000;1,000;31/03/2023;-10,6600609;-51,5861894;37,500
MT;BR-158;306,000;307,000;1,000;31/03/2023;-10,6600609;-51,5861894;55,000
MT;BR-158;307,000;308,000;1,000;31/03/2023;-10,6600609;-51,5861894;58,750
MT;BR-158;308,000;309,000;1,000;31/03/2023;-10,6600609;-51,5861894;51,250
MT;BR-158;309,000;310,000;1,000;31/03/2023;-10,6600609;-51,5861894;45,000
MT;BR-158;310,000;311,000;1,000;31/03/2023;-10,6600609;-51,5861894;45,000
MT;BR-158;311,000;312,000;1,000;31/03/2023;-10,6600609;-51,5861894;65,000
MT;BR-158;312,000;313,000;1,000;31/03/2023;-10,6600609;-51,5861894;48,750
MT;BR-158;313,000;314,000;1,000;31/03/2023;-10,6600609;-51,5861894;62,500
MT;BR-158;314,000;315,000;1,000;31/03/2023;-10,6600609;-51,5861894;58,750
MT;BR-158;315,000;316,000;1,000;31/03/2023;-10,6600609;-51,5861894;58,750
MT;BR-158;316,000;317,000;1,000;31/03/2023;-10,6600609;-51,5861894;65,000
MT;BR-158;317,000;318,000;1,000;31/03/2023;-10,6600609;-51,5861894;58,750
MT;BR-158;318,000;319,000;1,000;31/03/2023;-10,6600609;-51,5861894;53,750
MT;BR-158;319,000;320,000;1,000;31/03/2023;-10,6600609;-51,5861894;65,000
MT;BR-158;320,000;321,000;1,000;31/03/2023;-10,6600609;-51,5861894;51,250
MT;BR-158;321,000;322,000;1,000;31/03/2023;-10,6600609;-51,5861894;71,250
MT;BR-158;322,000;323,000;1,000;31/03/2023;-10,6600609;-51,5861894;72,500
MT;BR-158;323,000;324,000;1,000;31/03/2023;-10,6600609;-51,5861894;68,750
MT;BR-158;324,000;325,000;1,000;31/03/2023;-10,6600609;-51,5861894;63,750
MT;BR-158;325,000;326,000;1,000;31/03/2023;-10,6600609;-51,5861894;67,500
MT;BR-158;326,000;327,000;1,000;31/03/2023;-10,6600609;-51,5861894;71,250
MT;BR-158;327,000;328,000;1,000;31/03/2023;-10,6600609;-51,5861894;68,750
MT;BR-158;328,000;329,000;1,000;31/03/2023;-10,6600609;-51,5861894;65,000
MT;BR-158;329,000;330,000;1,000;31/03/2023;-10,6600609;-51,5861894;63,750
MT;BR-158;330,000;331,000;1,000;31/03/2023;-10,6600609;-51,5861894;67,500
AM;BR-319;589,400;588,000;1,400;04/04/2023;-6,9858336;-63,0986744;41,250
AM;BR-319;588,000;587,000;1,000;04/04/2023;-6,9858336;-63,0986744;65,000
AM;BR-319;587,000;586,000;1,000;04/04/2023;-6,974463;-63,0945313;48,750
AM;BR-319;586,000;585,000;1,000;04/04/2023;-6,9642338;-63,092453;72,500
AM;BR-319;585,000;584,000;1,000;04/04/2023;-6,9682557;-63,0929548;43,750
AM;BR-319;584,000;583,000;1,000;04/04/2023;-6,9757813;-63,0966354;58,750
AM;BR-319;583,000;582,000;1,000;04/04/2023;-6,9682557;-63,0929548;97,500
AM;BR-319;582,000;581,000;1,000;04/04/2023;-6,9757813;-63,0966354;66,250
AM;BR-319;581,000;580,000;1,000;04/04/2023;-6,9757813;-63,0966354;48,750
AM;BR-319;580,000;579,000;1,000;04/04/2023;-6,973866;-63,0951632;41,250
AM;BR-319;579,000;578,000;1,000;04/04/2023;-6,8799199;-63,0646166;62,500
AM;BR-319;578,000;577,000;1,000;04/04/2023;-6,8799199;-63,0646166;56,250
AM;BR-319;577,000;576,000;1,000;04/04/2023;-6,8799199;-63,0646166;48,750
AM;BR-319;576,000;575,000;1,000;04/04/2023;-6,8799199;-63,0646166;62,500
AM;BR-319;575,000;574,000;1,000;04/04/2023;-6,8799199;-63,0646166;41,250
AM;BR-319;574,000;573,000;1,000;04/04/2023;-6,8799199;-63,0646166;41,250
AM;BR-319;573,000;572,000;1,000;04/04/2023;-6,8799199;-63,0646166;41,250
AM;BR-319;572,000;571,000;1,000;04/04/2023;-6,8799199;-63,0646166;41,250
AM;BR-319;571,000;570,000;1,000;04/04/2023;-6,8799199;-63,0646166;62,500
AM;BR-319;570,000;569,000;1,000;04/04/2023;-6,8799199;-63,0646166;62,500
AM;BR-319;569,000;568,000;1,000;04/04/2023;-6,8799199;-63,0646166;70,000
AM;BR-319;568,000;567,000;1,000;04/04/2023;-6,8799199;-63,0646166;70,000
AM;BR-319;567,000;566,000;1,000;04/04/2023;-6,8799199;-63,0646166;70,000
AM;BR-319;566,000;565,000;1,000;04/04/2023;-6,8799199;-63,0646166;70,000
AM;BR-319;565,000;564,000;1,000;04/04/2023;-6,8799199;-63,0646166;62,500
AM;BR-319;564,000;563,000;1,000;04/04/2023;-6,8799199;-63,0646166;41,250
AM;BR-319;563,000;562,000;1,000;04/04/2023;-6,8799199;-63,0646166;61,250
AM;BR-319;562,000;561,000;1,000;04/04/2023;-6,8799199;-63,0646166;48,750
AM;BR-319;561,000;560,000;1,000;04/04/2023;-6,8799199;-63,0646166;62,500
AM;BR-319;560,000;559,000;1,000;04/04/2023;-6,8799199;-63,0646166;76,250
AM;BR-319;559,000;558,000;1,000;04/04/2023;-6,8799199;-63,0646166;91,250
AM;BR-319;558,000;557,000;1,000;04/04/2023;-6,8799199;-63,0646166;70,000
AM;BR-319;557,000;556,000;1,000;04/04/2023;-6,8799199;-63,0646166;70,000
AM;BR-319;556,000;555,000;1,000;04/04/2023;-6,8799199;-63,0646166;72,500
AM;BR-319;555,000;554,000;1,000;04/04/2023;-6,8799199;-63,0646166;75,000
AM;BR-319;554,000;553,000;1,000;04/04/2023;-6,8799199;-63,0646166;62,500
AM;BR-319;553,000;552,000;1,000;04/04/2023;-6,8799199;-63,0646166;62,500
AM;BR-319;552,000;551,000;1,000;04/04/2023;-6,8799199;-63,0646166;41,250
AM;BR-319;551,000;550,000;1,000;04/04/2023;-6,8799199;-63,0646166;48,750
AM;BR-319;550,000;549,000;1,000;04/04/2023;-6,8799199;-63,0646166;41,250
AM;BR-319;549,000;548,000;1,000;04/04/2023;-6,8799199;-63,0646166;55,000
AM;BR-319;548,000;547,000;1,000;04/04/2023;-6,8799199;-63,0646166;66,250
AM;BR-319;547,000;546,000;1,000;04/04/2023;-6,8799199;-63,0646166;68,750
AM;BR-319;546,000;545,000;1,000;04/04/2023;-6,8799199;-63,0646166;71,250
AM;BR-319;545,000;544,000;1,000;04/04/2023;-6,8799199;-63,0646166;57,500
AM;BR-319;544,000;543,000;1,000;04/04/2023;-6,8799199;-63,0646166;70,000
AM;BR-319;543,000;542,000;1,000;04/04/2023;-6,8799199;-63,0646166;41,250
AM;BR-319;542,000;541,000;1,000;04/04/2023;-6,8799199;-63,0646166;41,250
AM;BR-319;541,000;540,000;1,000;04/04/2023;-6,8799199;-63,0646166;56,250
AM;BR-319;540,000;539,000;1,000;04/04/2023;-6,8799199;-63,0646166;80,000
AM;BR-319;539,000;538,000;1,000;04/04/2023;-6,8799199;-63,0646166;76,250
AM;BR-319;538,000;537,000;1,000;04/04/2023;-6,8799199;-63,0646166;87,500
AM;BR-319;537,000;536,000;1,000;04/04/2023;-6,8799199;-63,0646166;72,500
AM;BR-319;536,000;535,000;1,000;04/04/2023;-6,8799199;-63,0646166;76,250
AM;BR-319;535,000;534,000;1,000;04/04/2023;-6,8799199;-63,0646166;70,000
AM;BR-319;534,000;533,000;1,000;04/04/2023;-6,8799199;-63,0646166;70,000
AM;BR-319;533,000;532,000;1,000;04/04/2023;-6,8799199;-63,0646166;91,250
AM;BR-319;532,000;531,000;1,000;04/04/2023;-6,8799199;-63,0646166;93,750
AM;BR-319;531,000;530,000;1,000;04/04/2023;-6,8799199;-63,0646166;70,000
AM;BR-319;530,000;529,000;1,000;04/04/2023;-6,8799199;-63,0646166;47,500
AM;BR-319;529,000;528,000;1,000;04/04/2023;-6,8799199;-63,0646166;70,000
AM;BR-319;528,000;527,000;1,000;04/04/2023;-6,8799199;-63,0646166;62,500
AM;BR-319;527,000;526,000;1,000;04/04/2023;-6,8799199;-63,0646166;62,500
AM;BR-319;526,000;525,000;1,000;04/04/2023;-6,8799199;-63,0646166;48,750
AM;BR-319;525,000;524,000;1,000;04/04/2023;-6,8799199;-63,0646166;62,500
AM;BR-319;524,000;523,000;1,000;04/04/2023;-6,8799199;-63,0646166;58,750
AM;BR-319;523,000;522,000;1,000;04/04/2023;-6,8799199;-63,0646166;48,750
AM;BR-319;522,000;521,000;1,000;04/04/2023;-6,8799199;-63,0646166;76,250
AM;BR-319;521,000;520,000;1,000;04/04/2023;-6,8799199;-63,0646166;70,000
AM;BR-319;520,000;519,000;1,000;04/04/2023;-6,8799199;-63,0646166;70,000
AM;BR-319;519,000;518,000;1,000;04/04/2023;-6,8799199;-63,0646166;73,750
AM;BR-319;518,000;517,000;1,000;04/04/2023;-6,8799199;-63,0646166;70,000
AM;BR-319;517,000;516,000;1,000;04/04/2023;-6,8799199;-63,0646166;55,000
AM;BR-319;516,000;515,000;1,000;04/04/2023;-6,8799199;-63,0646166;55,000
AM;BR-319;515,000;514,000;1,000;04/04/2023;-6,8799199;-63,0646166;62,500
AM;BR-319;514,000;513,000;1,000;04/04/2023;-6,8799199;-63,0646166;70,000