;;;;;;;;
;;;;;;;;
;;;;;;;;
;;;;;;;;
UF;Rodovia;km inicial;km final;Extensão (km);Data;Latitude;Longitude;ICMNP
;;;;;;;;
;;;;;;;;
AM;BR-317;526,000;525,000;1,000;01/06/2023;0;0;98,750
AM;BR-317;525,000;524,000;1,000;01/06/2023;0;0;98,750
AM;BR-317;524,000;523,000;1,000;01/06/2023;0;0;98,750
AM;BR-317;523,000;522,000;1,000;01/06/2023;0;0;98,750
AM;BR-317;522,000;521,000;1,000;01/06/2023;0;0;98,750
AM;BR-317;521,000;520,000;1,000;01/06/2023;0;0;98,750
AM;BR-317;520,000;519,000;1,000;01/06/2023;0;0;98,750
AM;BR-317;519,000;518,000;1,000;01/06/2023;0;0;98,750
AM;BR-317;518,000;517,000;1,000;01/06/2023;0;0;98,750
AM;BR-317;517,000;516,000;1,000;01/06/2023;0;0;98,750
AM;BR-230;609,200;608,000;1,200;06/06/2023;-7,51522468;-63,0344069;68,750
AM;BR-230;608,000;607,000;1,000;06/06/2023;-7,51522468;-63,0344069;57,500
AM;BR-230;607,000;606,000;1,000;06/06/2023;-7,51522468;-63,0344069;68,750
AM;BR-230;606,000;605,000;1,000;06/06/2023;-7,51522468;-63,0344069;65,000
AM;BR-230;605,000;604,000;1,000;06/06/2023;-7,51522468;-63,0344069;62,500
AM;BR-230;604,000;603,000;1,000;06/06/2023;-7,51522468;-63,0344069;40,000
AM;BR-230;603,000;602,000;1,000;06/06/2023;-7,51522468;-63,0344069;68,750
AM;BR-230;602,000;601,000;1,000;06/06/2023;-7,51522468;-63,0344069;68,750
AM;BR-230;601,000;600,000;1,000;06/06/2023;-7,51522468;-63,0344069;68,750
AM;BR-230;600,000;599,000;1,000;06/06/2023;-7,51522468;-63,0344069;67,500
AM;BR-230;599,000;598,000;1,000;06/06/2023;-7,51522468;-63,0344069;68,750
AM;BR-230;598,000;597,000;1,000;06/06/2023;-7,51522468;-63,0344069;82,500
AM;BR-230;597,000;596,000;1,000;06/06/2023;-7,51522468;-63,0344069;93,750
AM;BR-230;596,000;595,000;1,000;06/06/2023;-7,51522468;-63,0344069;93,750
AM;BR-230;595,000;594,000;1,000;06/06/2023;-7,51522468;-63,0344069;86,250
AM;BR-230;594,000;593,000;1,000;06/06/2023;-7,51522468;-63,0344069;86,250
AM;BR-230;593,000;592,000;1,000;06/06/2023;-7,51522468;-63,0344069;86,250
AM;BR-230;592,000;591,000;1,000;06/06/2023;-7,51522468;-63,0344069;86,250
AM;BR-230;591,000;590,000;1,000;06/06/2023;-7,51522468;-63,0344069;93,750
AM;BR-230;590,000;589,000;1,000;06/06/2023;-7,51522468;-63,0344069;86,250
AM;BR-230;589,000;588,000;1,000;06/06/2023;-7,51522468;-63,0344069;70,000
AM;BR-230;588,000;587,000;1,000;06/06/2023;-7,51522468;-63,0344069;72,500
AM;BR-230;587,000;586,000;1,000;06/06/2023;-7,51522468;-63,0344069;83,750
AM;BR-230;586,000;585,000;1,000;06/06/2023;-7,51522468;-63,0344069;83,750
AM;BR-230;585,000;584,000;1,000;06/06/2023;-7,51522468;-63,0344069;83,750
AM;BR-230;584,000;583,000;1,000;06/06/2023;-7,51522468;-63,0344069;76,250
AM;BR-230;583,000;582,000;1,000;06/06/2023;-7,51522468;-63,0344069;83,750
AM;BR-230;582,000;581,000;1,000;06/06/2023;-7,51522468;-63,0344069;86,250
AM;BR-230;581,000;580,000;1,000;06/06/2023;-7,51522468;-63,0344069;86,250
AM;BR-230;580,000;579,000;1,000;06/06/2023;-7,51522468;-63,0344069;76,250
AM;BR-230;579,000;578,000;1,000;06/06/2023;-7,51522468;-63,0344069;83,750
AM;BR-230;578,000;577,000;1,000;06/06/2023;-7,51522468;-63,0344069;78,750
AM;BR-230;577,000;576,000;1,000;06/06/2023;-7,51522468;-63,0344069;86,250
AM;BR-230;576,000;575,000;1,000;06/06/2023;-7,51522468;-63,0344069;86,250
AM;BR-230;575,000;574,000;1,000;06/06/2023;-7,51522468;-63,0344069;93,750
AM;BR-230;574,000;573,000;1,000;06/06/2023;-7,51522468;-63,0344069;93,750
AM;BR-230;573,000;572,000;1,000;06/06/2023;-7,51522468;-63,0344069;95,000
AM;BR-230;572,000;571,000;1,000;06/06/2023;-7,51522468;-63,0344069;83,750
AM;BR-230;571,000;570,000;1,000;06/06/2023;-7,51522468;-63,0344069;90,000
AM;BR-230;570,000;569,000;1,000;06/06/2023;-7,51522468;-63,0344069;80,000
AM;BR-230;569,000;568,000;1,000;06/06/2023;-7,51522468;-63,0344069;86,250
AM;BR-230;568,000;567,000;1,000;06/06/2023;-7,51522468;-63,0344069;83,750
AM;BR-230;567,000;566,000;1,000;06/06/2023;-7,51522468;-63,0344069;83,750
AM;BR-230;566,000;565,000;1,000;06/06/2023;-7,51522468;-63,0344069;83,750
AM;BR-230;565,000;564,000;1,000;06/06/2023;-7,51522468;-63,0344069;83,750
AM;BR-230;564,000;563,000;1,000;06/06/2023;-7,51522468;-63,0344069;91,250
AM;BR-230;563,000;562,000;1,000;06/06/2023;-7,51522468;-63,0344069;83,750
AM;BR-230;562,000;561,000;1,000;06/06/2023;-7,51522468;-63,0344069;83,750
AM;BR-230;561,000;560,000;1,000;06/06/2023;-7,51522468;-63,0344069;83,750
AM;BR-230;560,000;559,000;1,000;06/06/2023;-7,51522468;-63,0344069;86,250
AM;BR-230;559,000;558,000;1,000;06/06/2023;-7,51522468;-63,0344069;86,250
AM;BR-230;558,000;557,000;1,000;06/06/2023;-7,51522468;-63,0344069;86,250
AM;BR-230;557,000;556,000;1,000;06/06/2023;-7,51522468;-63,0344069;83,750
AM;BR-230;556,000;555,000;1,000;06/06/2023;-7,51522468;-63,0344069;86,250
AM;BR-230;555,000;554,000;1,000;06/06/2023;-7,51522468;-63,0344069;72,500
AM;BR-230;554,000;553,000;1,000;06/06/2023;-7,51522468;-63,0344069;80,000
AM;BR-230;553,000;552,000;1,000;06/06/2023;-7,51522468;-63,0344069;72,500
AM;BR-230;552,000;551,000;1,000;06/06/2023;-7,51522468;-63,0344069;83,750
AM;BR-230;551,000;550,000;1,000;06/06/2023;-7,51522468;-63,0344069;38,750
AM;BR-230;550,000;549,000;1,000;06/06/2023;-7,51522468;-63,0344069;32,500
AM;BR-230;549,000;548,000;1,000;06/06/2023;-7,51522468;-63,0344069;32,500
AM;BR-230;548,000;547,000;1,000;06/06/2023;-7,51522468;-63,0344069;43,750
AM;BR-230;547,000;546,000;1,000;06/06/2023;-7,51522468;-63,0344069;43,750
AM;BR-230;546,000;545,000;1,000;06/06/2023;-7,51522468;-63,0344069;53,750
AM;BR-230;545,000;544,000;1,000;06/06/2023;-7,51522468;-63,0344069;60,000
AM;BR-230;544,000;543,000;1,000;06/06/2023;-7,51522468;-63,0344069;62,500
AM;BR-230;543,000;542,000;1,000;06/06/2023;-7,51522468;-63,0344069;60,000
AM;BR-230;542,000;541,000;1,000;06/06/2023;-7,51522468;-63,0344069;45,000
AM;BR-230;541,000;540,000;1,000;06/06/2023;-7,51522468;-63,0344069;47,500
AM;BR-230;540,000;539,000;1,000;06/06/2023;-7,51522468;-63,0344069;50,000
AM;BR-230;539,000;538,000;1,000;06/06/2023;-7,51522468;-63,0344069;46,250
AM;BR-230;538,000;537,000;1,000;06/06/2023;-7,51522468;-63,0344069;62,500
AM;BR-230;537,000;536,000;1,000;06/06/2023;-7,51522468;-63,0344069;62,500
AM;BR-230;536,000;535,000;1,000;06/06/2023;-7,51522468;-63,0344069;66,250
AM;BR-230;535,000;534,000;1,000;06/06/2023;-7,51522468;-63,0344069;72,500
AM;BR-230;534,000;533,000;1,000;06/06/2023;-7,51522468;-63,0344069;72,500
AM;BR-230;533,000;532,000;1,000;06/06/2023;-7,51522468;-63,0344069;75,000
AM;BR-230;532,000;531,000;1,000;06/06/2023;-7,51522468;-63,0344069;72,500
AM;BR-230;531,000;530,000;1,000;06/06/2023;-7,51522468;-63,0344069;75,000
AM;BR-230;530,000;529,000;1,000;06/06/2023;-7,51522468;-63,0344069;72,500
AM;BR-230;529,000;528,000;1,000;06/06/2023;-7,51522468;-63,0344069;72,500
AM;BR-230;528,000;527,000;1,000;06/06/2023;-7,51522468;-63,0344069;60,000
AM;BR-230;527,000;526,000;1,000;06/06/2023;-7,51522468;-63,0344069;60,000
AM;BR-230;526,000;525,000;1,000;06/06/2023;-7,51522468;-63,0344069;60,000
AM;BR-230;525,000;524,000;1,000;06/06/2023;-7,51522468;-63,0344069;60,000
AM;BR-230;524,000;523,000;1,000;06/06/2023;-7,51522468;-63,0344069;56,250
AM;BR-230;523,000;522,000;1,000;06/06/2023;-7,51522468;-63,0344069;60,000
AM;BR-230;522,000;521,000;1,000;06/06/2023;-7,51522468;-63,0344069;57,500
AM;BR-230;521,000;520,000;1,000;06/06/2023;-7,51522468;-63,0344069;60,000
AM;BR-230;520,000;519,000;1,000;06/06/2023;-7,51522468;-63,0344069;57,500
AM;BR-230;519,000;518,000;1,000;06/06/2023;-7,51522468;-63,0344069;66,250
AM;BR-230;518,000;517,000;1,000;06/06/2023;-7,51522468;-63,0344069;53,750
AM;BR-230;517,000;516,300;0,700;06/06/2023;-7,51522468;-63,0344069;53,750
AM;BR-230;642,600;643,000;0,400;07/06/2023;-7,5170812;-63,0366563;68,750
AM;BR-230;643,000;644,000;1,000;07/06/2023;-7,5170812;-63,0366563;72,500
AM;BR-230;644,000;645,000;1,000;07/06/2023;-7,5170812;-63,0366563;72,500
AM;BR-230;645,000;646,000;1,000;07/06/2023;-7,5170812;-63,0366563;72,500
AM;BR-230;646,000;647,000;1,000;07/06/2023;-7,5170812;-63,0366563;72,500
AM;BR-230;647,000;648,000;1,000;07/06/2023;-7,5170812;-63,0366563;72,500
AM;BR-230;648,000;649,000;1,000;07/06/2023;-7,5151858;-63,037018;72,500
AM;BR-230;649,000;650,000;1,000;07/06/2023;-7,5151858;-63,037018;72,500
AM;BR-230;650,000;651,000;1,000;07/06/2023;-7,5151858;-63,037018;72,500
AM;BR-230;651,000;652,000;1,000;07/06/2023;-7,5151858;-63,037018;72,500
AM;BR-230;652,000;653,000;1,000;07/06/2023;-7,5151858;-63,037018;80,000
AM;BR-230;653,000;654,000;1,000;07/06/2023;-7,5151858;-63,037018;75,000
AM;BR-230;654,000;655,000;1,000;07/06/2023;-7,5151858;-63,037018;80,000
AM;BR-230;655,000;656,000;1,000;07/06/2023;-7,5151858;-63,037018;72,500
AM;BR-230;656,000;657,000;1,000;07/06/2023;-7,5151858;-63,037018;73,750
AM;BR-230;657,000;658,000;1,000;07/06/2023;-7,5151858;-63,037018;73,750
AM;BR-230;658,000;659,000;1,000;07/06/2023;-7,5151858;-63,037018;72,500
AM;BR-230;659,000;660,000;1,000;07/06/2023;-7,5151858;-63,037018;72,500
AM;BR-230;660,000;661,000;1,000;07/06/2023;-7,5151858;-63,037018;70,000
AM;BR-230;661,000;662,000;1,000;07/06/2023;-7,5151858;-63,037018;72,500
AM;BR-230;662,000;663,000;1,000;07/06/2023;-7,5151858;-63,037018;72,500
AM;BR-230;663,000;664,000;1,000;07/06/2023;-7,5151858;-63,037018;76,250
AM;BR-230;664,000;665,000;1,000;07/06/2023;-7,5151858;-63,037018;46,250
AM;BR-230;665,000;666,000;1,000;07/06/2023;-7,5151858;-63,037018;46,250
AM;BR-230;666,000;667,000;1,000;07/06/2023;-7,5151858;-63,037018;65,000
AM;BR-230;667,000;668,000;1,000;07/06/2023;-7,5151858;-63,037018;58,750
AM;BR-230;668,000;669,000;1,000;07/06/2023;-7,5151858;-63,037018;58,750
AM;BR-230;669,000;670,000;1,000;07/06/2023;-7,5151858;-63,037018;43,750
AM;BR-230;670,000;671,000;1,000;07/06/2023;-7,5151858;-63,037018;46,250
AM;BR-230;671,000;672,000;1,000;07/06/2023;-7,5151858;-63,037018;43,750
AM;BR-230;672,000;673,000;1,000;07/06/2023;-7,5151858;-63,037018;56,250
AM;BR-230;673,000;674,000;1,000;07/06/2023;-7,5151858;-63,037018;58,750
AM;BR-230;674,000;675,000;1,000;07/06/2023;-7,5151858;-63,037018;46,250
AM;BR-230;675,000;676,000;1,000;07/06/2023;-7,5151858;-63,037018;62,500
AM;BR-230;676,000;677,000;1,000;07/06/2023;-7,5151858;-63,037018;62,500
AM;BR-230;677,000;678,000;1,000;07/06/2023;-7,5151858;-63,037018;65,000
AM;BR-230;678,000;679,000;1,000;07/06/2023;-7,5151858;-63,037018;43,750
AM;BR-230;679,000;680,000;1,000;07/06/2023;-7,5151858;-63,037018;56,250
AM;BR-230;680,000;681,000;1,000;07/06/2023;-7,5151858;-63,037018;43,750
AM;BR-230;681,000;682,000;1,000;07/06/2023;-7,5151858;-63,037018;62,500
AM;BR-230;682,000;683,000;1,000;07/06/2023;-7,5151858;-63,037018;68,750
AM;BR-230;683,000;684,000;1,000;07/06/2023;-7,5151858;-63,037018;62,500
AM;BR-230;684,000;685,000;1,000;07/06/2023;-7,5151858;-63,037018;62,500
AM;BR-230;685,000;686,000;1,000;07/06/2023;-7,5151858;-63,037018;43,750
AM;BR-230;686,000;687,000;1,000;07/06/2023;-7,5151858;-63,037018;43,750
AM;BR-230;687,000;688,000;1,000;07/06/2023;-7,5151858;-63,037018;43,750
AM;BR-230;688,000;689,000;1,000;07/06/2023;-7,5151858;-63,037018;26,250
AM;BR-230;689,000;690,000;1,000;07/06/2023;-7,5151858;-63,037018;26,250
AM;BR-230;690,000;691,000;1,000;07/06/2023;-7,5151858;-63,037018;43,750
AM;BR-230;691,000;692,000;1,000;07/06/2023;-7,5151858;-63,037018;43,750
AM;BR-230;692,000;693,000;1,000;07/06/2023;-7,5151858;-63,037018;43,750
AM;BR-230;693,000;694,000;1,000;07/06/2023;-7,5151858;-63,037018;46,250
AM;BR-230;694,000;695,000;1,000;07/06/2023;-7,5151858;-63,037018;46,250
AM;BR-230;695,000;696,000;1,000;07/06/2023;-7,5151858;-63,037018;46,250
AM;BR-230;696,000;697,000;1,000;07/06/2023;-7,5151858;-63,037018;43,750
AM;BR-230;697,000;698,000;1,000;07/06/2023;-7,5151858;-63,037018;28,750
AM;BR-230;698,000;699,000;1,000;07/06/2023;-7,5151858;-63,037018;22,500
AM;BR-230;699,000;700,000;1,000;07/06/2023;-7,5151858;-63,037018;72,500
AM;BR-230;700,000;701,000;1,000;07/06/2023;-7,5151858;-63,037018;68,750
AM;BR-230;701,000;702,000;1,000;07/06/2023;-7,5151858;-63,037018;68,750
AM;BR-230;702,000;703,000;1,000;07/06/2023;-7,5151858;-63,037018;65,000
AM;BR-230;703,000;704,000;1,000;07/06/2023;-7,5151858;-63,037018;62,500
AM;BR-230;704,000;705,000;1,000;07/06/2023;-7,5151858;-63,037018;72,500
AM;BR-230;705,000;706,000;1,000;07/06/2023;-7,5151858;-63,037018;68,750
AM;BR-230;706,000;707,000;1,000;07/06/2023;-7,5151858;-63,037018;68,750
AM;BR-230;707,000;708,000;1,000;07/06/2023;-7,5151858;-63,037018;72,500
AM;BR-230;708,000;709,000;1,000;07/06/2023;-7,5151858;-63,037018;66,250
AM;BR-230;709,000;710,000;1,000;07/06/2023;-7,5151858;-63,037018;72,500
AM;BR-230;710,000;711,000;1,000;07/06/2023;-7,5151858;-63,037018;72,500
AM;BR-230;711,000;712,000;1,000;07/06/2023;-7,5151858;-63,037018;72,500
AM;BR-230;712,000;713,000;1,000;07/06/2023;-7,5151858;-63,037018;75,000
AM;BR-230;713,000;714,000;1,000;07/06/2023;-7,5151858;-63,037018;81,250
AM;BR-230;714,000;715,000;1,000;07/06/2023;-7,5151858;-63,037018;72,500
AM;BR-230;715,000;716,000;1,000;07/06/2023;-7,5151858;-63,037018;83,750
AM;BR-230;716,000;717,000;1,000;07/06/2023;-7,5151858;-63,037018;80,000
AM;BR-230;717,000;718,000;1,000;07/06/2023;-7,5151858;-63,037018;75,000
AM;BR-230;718,000;719,000;1,000;07/06/2023;-7,5151858;-63,037018;73,750
AM;BR-230;719,000;720,000;1,000;07/06/2023;-7,5151858;-63,037018;95,000
AM;BR-230;720,000;721,000;1,000;07/06/2023;-7,5151858;-63,037018;83,750
AM;BR-230;721,000;722,000;1,000;07/06/2023;-7,5151858;-63,037018;83,750
AM;BR-230;722,000;723,000;1,000;07/06/2023;-7,5151858;-63,037018;72,500
AM;BR-230;723,000;724,000;1,000;07/06/2023;-7,5151858;-63,037018;78,750
AM;BR-230;724,000;725,000;1,000;07/06/2023;-7,5151858;-63,037018;72,500
AM;BR-230;725,000;726,000;1,000;07/06/2023;-7,5151858;-63,037018;60,000
AM;BR-230;726,000;727,000;1,000;07/06/2023;-7,5151858;-63,037018;73,750
AM;BR-230;727,000;728,000;1,000;07/06/2023;-7,5151858;-63,037018;60,000
AM;BR-230;728,000;729,000;1,000;07/06/2023;-7,5151858;-63,037018;73,750
AM;BR-230;729,000;730,000;1,000;07/06/2023;-7,5151858;-63,037018;73,750
AM;BR-230;730,000;731,000;1,000;07/06/2023;-7,5151858;-63,037018;73,750
AM;BR-230;731,000;732,000;1,000;07/06/2023;-7,5151858;-63,037018;73,750
AM;BR-230;732,000;733,200;1,200;07/06/2023;-7,5151858;-63,037018;73,750
AM;BR-319;589,400;588,000;1,400;08/06/2023;-7,5140632;-63,0212305;33,750
AM;BR-319;588,000;587,000;1,000;08/06/2023;-6,9795596;-63,0969148;91,250
AM;BR-319;587,000;586,000;1,000;08/06/2023;-6,9744502;-63,0945469;67,500
AM;BR-319;586,000;585,000;1,000;08/06/2023;-6,9683334;-63,0935863;83,750
AM;BR-319;585,000;584,000;1,000;08/06/2023;-6,9683334;-63,0935863;73,750
AM;BR-319;584,000;583,000;1,000;08/06/2023;-6,9683334;-63,0935863;91,250
AM;BR-319;583,000;582,000;1,000;08/06/2023;-6,9683334;-63,0935863;97,500
AM;BR-319;582,000;581,000;1,000;08/06/2023;-6,9683334;-63,0935863;80,000
AM;BR-319;581,000;580,000;1,000;08/06/2023;-6,9683334;-63,0935863;67,500
AM;BR-319;580,000;579,000;1,000;08/06/2023;-6,9683334;-63,0935863;80,000
AM;BR-319;579,000;578,000;1,000;08/06/2023;-6,9683334;-63,0935863;66,250
AM;BR-319;578,000;577,000;1,000;08/06/2023;-6,9683334;-63,0935863;91,250
AM;BR-319;577,000;576,000;1,000;08/06/2023;-6,9683334;-63,0935863;80,000
AM;BR-319;576,000;575,000;1,000;08/06/2023;-6,9683334;-63,0935863;80,000
AM;BR-319;575,000;574,000;1,000;08/06/2023;-6,9683334;-63,0935863;98,750
AM;BR-319;574,000;573,000;1,000;08/06/2023;-6,9683334;-63,0935863;77,500
AM;BR-319;573,000;572,000;1,000;08/06/2023;-6,9683334;-63,0935863;66,250
AM;BR-319;572,000;571,000;1,000;08/06/2023;-6,9683334;-63,0935863;58,750
AM;BR-319;571,000;570,000;1,000;08/06/2023;-6,9683334;-63,0935863;67,500
AM;BR-319;570,000;569,000;1,000;08/06/2023;-6,9683334;-63,0935863;77,500
AM;BR-319;569,000;568,000;1,000;08/06/2023;-6,9683334;-63,0935863;73,750
AM;BR-319;568,000;567,000;1,000;08/06/2023;-6,9683334;-63,0935863;95,000
AM;BR-319;567,000;566,000;1,000;08/06/2023;-6,9683334;-63,0935863;91,250
AM;BR-319;566,000;565,000;1,000;08/06/2023;-6,9683334;-63,0935863;91,250
AM;BR-319;565,000;564,000;1,000;08/06/2023;-6,9683334;-63,0935863;87,500
AM;BR-319;564,000;563,000;1,000;08/06/2023;-6,9683334;-63,0935863;82,500
AM;BR-319;563,000;562,000;1,000;08/06/2023;-6,9683334;-63,0935863;83,750
AM;BR-319;562,000;561,000;1,000;08/06/2023;-6,9683334;-63,0935863;80,000
AM;BR-319;561,000;560,000;1,000;08/06/2023;-6,9683334;-63,0935863;91,250
AM;BR-319;560,000;559,000;1,000;08/06/2023;-6,9683334;-63,0935863;90,000
AM;BR-319;559,000;558,000;1,000;08/06/2023;-6,9683334;-63,0935863;98,750
AM;BR-319;558,000;557,000;1,000;08/06/2023;-6,9683334;-63,0935863;91,250
AM;BR-319;557,000;556,000;1,000;08/06/2023;-6,9683334;-63,0935863;91,250
AM;BR-319;556,000;555,000;1,000;08/06/2023;-6,9683334;-63,0935863;91,250
AM;BR-319;555,000;554,000;1,000;08/06/2023;-6,9683334;-63,0935863;81,250
AM;BR-319;554,000;553,000;1,000;08/06/2023;-6,9683334;-63,0935863;83,750
AM;BR-319;553,000;552,000;1,000;08/06/2023;-6,9683334;-63,0935863;83,750
AM;BR-319;552,000;551,000;1,000;08/06/2023;-6,9683334;-63,0935863;83,750
AM;BR-319;551,000;550,000;1,000;08/06/2023;-6,9683334;-63,0935863;90,000
AM;BR-319;550,000;549,000;1,000;08/06/2023;-6,9683334;-63,0935863;90,000
AM;BR-319;549,000;548,000;1,000;08/06/2023;-6,9683334;-63,0935863;90,000
AM;BR-319;548,000;547,000;1,000;08/06/2023;-6,9683334;-63,0935863;97,500
AM;BR-319;547,000;546,000;1,000;08/06/2023;-6,9683334;-63,0935863;97,500
AM;BR-319;546,000;545,000;1,000;08/06/2023;-6,9683334;-63,0935863;90,000
AM;BR-319;545,000;544,000;1,000;08/06/2023;-6,9683334;-63,0935863;90,000
AM;BR-319;544,000;543,000;1,000;08/06/2023;-6,9683334;-63,0935863;70,000
AM;BR-319;543,000;542,000;1,000;08/06/2023;-6,9683334;-63,0935863;52,500
AM;BR-319;542,000;541,000;1,000;08/06/2023;-6,9683334;-63,0935863;45,000
AM;BR-319;541,000;540,000;1,000;08/06/2023;-6,9683334;-63,0935863;71,250
AM;BR-319;540,000;539,000;1,000;08/06/2023;-6,9683334;-63,0935863;77,500
AM;BR-319;539,000;538,000;1,000;08/06/2023;-6,9683334;-63,0935863;82,500
AM;BR-319;538,000;537,000;1,000;08/06/2023;-6,9683334;-63,0935863;93,750
AM;BR-319;537,000;536,000;1,000;08/06/2023;-6,9683334;-63,0935863;93,750
AM;BR-319;536,000;535,000;1,000;08/06/2023;-6,9683334;-63,0935863;82,500
AM;BR-319;535,000;534,000;1,000;08/06/2023;-6,9683334;-63,0935863;83,750
AM;BR-319;534,000;533,000;1,000;08/06/2023;-6,9683334;-63,0935863;77,500
AM;BR-319;533,000;532,000;1,000;08/06/2023;-6,9683334;-63,0935863;91,250
AM;BR-319;532,000;531,000;1,000;08/06/2023;-6,9683334;-63,0935863;87,500
AM;BR-319;531,000;530,000;1,000;08/06/2023;-6,9683334;-63,0935863;91,250
AM;BR-319;530,000;529,000;1,000;08/06/2023;-6,9683334;-63,0935863;91,250
AM;BR-319;529,000;528,000;1,000;08/06/2023;-6,9683334;-63,0935863;88,750
AM;BR-319;528,000;527,000;1,000;08/06/2023;-7,5126501;-63,0311308;88,750
AM;BR-319;527,000;526,000;1,000;08/06/2023;-7,5126501;-63,0311308;91,250
AM;BR-319;526,000;525,000;1,000;08/06/2023;-7,5126501;-63,0311308;85,000
AM;BR-319;525,000;524,000;1,000;08/06/2023;-7,5126501;-63,0311308;90,000
AM;BR-319;524,000;523,000;1,000;08/06/2023;-7,5126501;-63,0311308;91,250
AM;BR-319;523,000;522,000;1,000;08/06/2023;-7,5126501;-63,0311308;91,250
AM;BR-319;522,000;521,000;1,000;08/06/2023;-7,5126501;-63,0311308;90,000
AM;BR-319;521,000;520,000;1,000;08/06/2023;-7,5126501;-63,0311308;87,500
AM;BR-319;520,000;519,000;1,000;08/06/2023;-7,5126501;-63,0311308;91,250
AM;BR-319;519,000;518,000;1,000;08/06/2023;-7,5126501;-63,0311308;77,500
AM;BR-319;518,000;517,000;1,000;08/06/2023;-7,5126501;-63,0311308;91,250
AM;BR-319;517,000;516,000;1,000;08/06/2023;-7,5126501;-63,0311308;75,000
AM;BR-319;516,000;515,000;1,000;08/06/2023;-7,5126501;-63,0311308;61,250
AM;BR-319;515,000;514,000;1,000;08/06/2023;-7,5126501;-63,0311308;85,000
AM;BR-319;514,000;513,000;1,000;08/06/2023;-7,5126501;-63,0311308;78,750
AM;BR-319;631,000;630,000;1,000;08/06/2023;-7,5126501;-63,0311308;77,500
AM;BR-319;630,000;629,000;1,000;08/06/2023;-7,5126501;-63,0311308;83,750
AM;BR-319;629,000;628,000;1,000;08/06/2023;-7,5126501;-63,0311308;61,250
AM;BR-319;628,000;627,000;1,000;08/06/2023;-7,5126501;-63,0311308;83,750
AM;BR-319;627,000;626,000;1,000;08/06/2023;-7,5126501;-63,0311308;70,000
AM;BR-319;626,000;625,000;1,000;08/06/2023;-7,5126501;-63,0311308;70,000
AM;BR-319;625,000;624,000;1,000;08/06/2023;-7,5126501;-63,0311308;72,500
AM;BR-319;624,000;623,000;1,000;08/06/2023;-7,5126501;-63,0311308;72,500
AM;BR-319;623,000;622,000;1,000;08/06/2023;-7,5126501;-63,0311308;82,500
AM;BR-319;622,000;621,000;1,000;08/06/2023;-7,5126501;-63,0311308;76,250
AM;BR-319;621,000;620,000;1,000;08/06/2023;-7,5126501;-63,0311308;55,000
AM;BR-319;620,000;619,000;1,000;08/06/2023;-7,5126501;-63,0311308;55,000
AM;BR-319;619,000;618,000;1,000;08/06/2023;-7,5126501;-63,0311308;66,250
AM;BR-319;618,000;617,000;1,000;08/06/2023;-7,5126501;-63,0311308;68,750
AM;BR-319;617,000;616,000;1,000;08/06/2023;-7,5140632;-63,0212305;65,000
AM;BR-319;616,000;615,000;1,000;08/06/2023;-7,5140632;-63,0212305;63,750
AM;BR-319;615,000;614,000;1,000;08/06/2023;-7,5140632;-63,0212305;73,750
AM;BR-319;614,000;613,000;1,000;08/06/2023;-7,5140632;-63,0212305;61,250
AM;BR-319;613,000;612,000;1,000;08/06/2023;-7,5140632;-63,0212305;97,500
AM;BR-319;612,000;611,000;1,000;08/06/2023;-7,5140632;-63,0212305;86,250
AM;BR-319;611,000;610,000;1,000;08/06/2023;-7,5140632;-63,0212305;71,250
AM;BR-319;610,000;609,000;1,000;08/06/2023;-7,5140632;-63,0212305;78,750
AM;BR-319;609,000;608,000;1,000;08/06/2023;-7,5140632;-63,0212305;83,750
AM;BR-319;608,000;607,000;1,000;08/06/2023;-7,5140632;-63,0212305;77,500
AM;BR-319;607,000;606,000;1,000;08/06/2023;-7,5140632;-63,0212305;91,250
AM;BR-319;606,000;605,000;1,000;08/06/2023;-7,5140632;-63,0212305;70,000
AM;BR-319;605,000;604,000;1,000;08/06/2023;-7,5140632;-63,0212305;68,750
AM;BR-319;604,000;603,000;1,000;08/06/2023;-7,5140632;-63,0212305;72,500
AM;BR-319;603,000;602,000;1,000;08/06/2023;-7,5140632;-63,0212305;80,000
AM;BR-319;602,000;601,000;1,000;08/06/2023;-7,5140632;-63,0212305;62,500
AM;BR-319;601,000;600,000;1,000;08/06/2023;-7,5140632;-63,0212305;72,500
AM;BR-319;600,000;599,000;1,000;08/06/2023;-7,5140632;-63,0212305;75,000
AM;BR-319;599,000;598,000;1,000;08/06/2023;-7,5140632;-63,0212305;58,750
AM;BR-319;598,000;597,000;1,000;08/06/2023;-7,5140632;-63,0212305;56,250
AM;BR-319;597,000;596,000;1,000;08/06/2023;-7,5140632;-63,0212305;55,000
AM;BR-319;596,000;595,000;1,000;08/06/2023;-7,5140632;-63,0212305;66,250
AM;BR-319;595,000;594,000;1,000;08/06/2023;-7,5140632;-63,0212305;63,750
AM;BR-319;594,000;593,000;1,000;08/06/2023;-7,5140632;-63,0212305;58,750
AM;BR-319;593,000;592,000;1,000;08/06/2023;-7,5140632;-63,0212305;56,250
AM;BR-319;592,000;591,000;1,000;08/06/2023;-7,5140632;-63,0212305;60,000
AM;BR-319;591,000;590,000;1,000;08/06/2023;-7,5140632;-63,0212305;58,750
AM;BR-319;590,000;589,000;1,000;08/06/2023;-7,5140632;-63,0212305;72,500
AM;BR-319;513,800;512,000;1,800;09/06/2023;-6,32482841;-62,7722407;22,500
AM;BR-319;512,000;511,000;1,000;09/06/2023;-6,32482841;-62,7722407;15,000
AM;BR-319;511,000;510,000;1,000;09/06/2023;-6,32482841;-62,7722407;15,000
AM;BR-319;510,000;509,000;1,000;09/06/2023;-6,32482841;-62,7722407;15,000
AM;BR-319;509,000;508,000;1,000;09/06/2023;-6,32482841;-62,7722407;15,000
AM;BR-319;508,000;507,000;1,000;09/06/2023;-6,32482841;-62,7722407;32,500
AM;BR-319;507,000;506,000;1,000;09/06/2023;-6,32482841;-62,7722407;57,500
AM;BR-319;506,000;505,000;1,000;09/06/2023;-7,5126501;-63,0311308;53,750
AM;BR-319;505,000;504,000;1,000;09/06/2023;-7,5126501;-63,0311308;85,000
AM;BR-319;504,000;503,000;1,000;09/06/2023;-7,5126501;-63,0311308;51,250
AM;BR-319;503,000;502,000;1,000;09/06/2023;-6,303994;-62,758576;67,500
AM;BR-319;502,000;501,000;1,000;09/06/2023;-6,303994;-62,758576;97,500
AM;BR-319;501,000;500,000;1,000;09/06/2023;-6,303994;-62,758576;83,750
AM;BR-319;500,000;499,000;1,000;09/06/2023;-6,303994;-62,758576;82,500
AM;BR-319;499,000;498,000;1,000;09/06/2023;-6,303994;-62,758576;63,750
AM;BR-319;498,000;497,000;1,000;09/06/2023;-6,303994;-62,758576;91,250
AM;BR-319;497,000;496,000;1,000;09/06/2023;-6,303994;-62,758576;87,500
AM;BR-319;496,000;495,000;1,000;09/06/2023;-6,303994;-62,758576;91,250
AM;BR-319;495,000;494,000;1,000;09/06/2023;-6,303994;-62,758576;97,500
AM;BR-319;494,000;493,000;1,000;09/06/2023;-6,303994;-62,758576;97,500
AM;BR-319;493,000;492,000;1,000;09/06/2023;-6,303994;-62,758576;97,500
AM;BR-319;492,000;491,000;1,000;09/06/2023;-6,303994;-62,758576;91,250
AM;BR-319;491,000;490,000;1,000;09/06/2023;-6,303994;-62,758576;83,750
AM;BR-319;490,000;489,000;1,000;09/06/2023;-6,303994;-62,758576;91,250
AM;BR-319;489,000;488,000;1,000;09/06/2023;-6,303994;-62,758576;80,000
AM;BR-319;488,000;487,000;1,000;09/06/2023;-6,303994;-62,758576;81,250
AM;BR-319;487,000;486,000;1,000;09/06/2023;-6,303994;-62,758576;87,500
AM;BR-319;486,000;485,000;1,000;09/06/2023;-6,303994;-62,758576;91,250
AM;BR-319;485,000;484,000;1,000;09/06/2023;-6,303994;-62,758576;88,750
AM;BR-319;484,000;483,000;1,000;09/06/2023;-6,303994;-62,758576;90,000
AM;BR-319;483,000;482,000;1,000;09/06/2023;-6,303994;-62,758576;97,500
AM;BR-319;482,000;481,000;1,000;09/06/2023;-6,303994;-62,758576;82,500
AM;BR-319;481,000;480,000;1,000;09/06/2023;-6,303994;-62,758576;93,750
AM;BR-319;480,000;479,000;1,000;09/06/2023;-6,303994;-62,758576;82,500
AM;BR-319;479,000;478,000;1,000;09/06/2023;-6,303994;-62,758576;77,500
AM;BR-319;478,000;477,000;1,000;09/06/2023;-6,303994;-62,758576;95,000
AM;BR-319;477,000;476,000;1,000;09/06/2023;-6,303994;-62,758576;77,500
AM;BR-319;476,000;475,000;1,000;09/06/2023;-6,303994;-62,758576;81,250
AM;BR-319;475,000;474,000;1,000;09/06/2023;-6,303994;-62,758576;85,000
AM;BR-319;474,000;473,000;1,000;09/06/2023;-6,303994;-62,758576;73,750
AM;BR-319;473,000;472,000;1,000;09/06/2023;-6,303994;-62,758576;71,250
AM;BR-319;472,000;471,000;1,000;09/06/2023;-6,303994;-62,758576;91,250
AM;BR-319;471,000;470,000;1,000;09/06/2023;-6,303994;-62,758576;97,500
AM;BR-319;470,000;469,000;1,000;09/06/2023;-6,303994;-62,758576;97,500
AM;BR-319;469,000;468,000;1,000;09/06/2023;-6,303994;-62,758576;97,500
AM;BR-319;468,000;467,000;1,000;09/06/2023;-6,303994;-62,758576;98,750
AM;BR-319;467,000;466,000;1,000;09/06/2023;-6,303994;-62,758576;98,750
AM;BR-319;466,000;465,000;1,000;09/06/2023;-6,303994;-62,758576;97,500
AM;BR-319;465,000;464,000;1,000;09/06/2023;-6,303994;-62,758576;97,500
AM;BR-319;464,000;463,000;1,000;09/06/2023;-6,303994;-62,758576;93,750
AM;BR-319;463,000;462,000;1,000;09/06/2023;-6,303994;-62,758576;87,500
AM;BR-319;462,000;461,000;1,000;09/06/2023;-6,303994;-62,758576;86,250
AM;BR-319;461,000;460,000;1,000;09/06/2023;-6,303994;-62,758576;98,750
AM;BR-319;460,000;459,000;1,000;09/06/2023;-6,303994;-62,758576;90,000
AM;BR-319;459,000;458,000;1,000;09/06/2023;-6,303994;-62,758576;93,750
AM;BR-319;458,000;457,000;1,000;09/06/2023;-6,303994;-62,758576;88,750
AM;BR-319;457,000;456,000;1,000;09/06/2023;-6,303994;-62,758576;92,500
AM;BR-319;456,000;455,000;1,000;09/06/2023;-6,303994;-62,758576;88,750
AM;BR-319;455,000;454,000;1,000;09/06/2023;-6,303994;-62,758576;97,500
AM;BR-319;454,000;453,000;1,000;09/06/2023;-6,303994;-62,758576;91,250
AM;BR-319;453,000;452,000;1,000;09/06/2023;-6,303994;-62,758576;98,750
AM;BR-319;452,000;451,000;1,000;09/06/2023;-6,303994;-62,758576;98,750
AM;BR-319;451,000;450,000;1,000;09/06/2023;-6,303994;-62,758576;88,750
AM;BR-319;450,000;449,000;1,000;09/06/2023;-6,303994;-62,758576;83,750
AM;BR-319;449,000;448,000;1,000;09/06/2023;-6,303994;-62,758576;83,750
AM;BR-319;448,000;447,000;1,000;09/06/2023;-6,303994;-62,758576;95,000
AM;BR-319;447,000;446,000;1,000;09/06/2023;-6,303994;-62,758576;92,500
AM;BR-319;446,000;445,000;1,000;09/06/2023;-6,303994;-62,758576;95,000
AM;BR-319;445,000;444,000;1,000;09/06/2023;-6,303994;-62,758576;95,000
AM;BR-319;444,000;443,000;1,000;09/06/2023;-6,303994;-62,758576;85,000
AM;BR-319;443,000;442,000;1,000;09/06/2023;-6,303994;-62,758576;98,750
AM;BR-319;442,000;441,000;1,000;09/06/2023;-6,303994;-62,758576;98,750
AM;BR-319;441,000;440,000;1,000;09/06/2023;-6,303994;-62,758576;91,250
AM;BR-319;440,000;439,000;1,000;09/06/2023;-6,303994;-62,758576;86,250
AM;BR-319;439,000;438,000;1,000;09/06/2023;-6,303994;-62,758576;98,750
AM;BR-319;438,000;437,000;1,000;09/06/2023;-6,303994;-62,758576;98,750
AM;BR-319;437,000;436,000;1,000;09/06/2023;-6,303994;-62,758576;98,750
AM;BR-319;436,000;435,000;1,000;09/06/2023;-6,303994;-62,758576;98,750
AM;BR-319;435,000;434,000;1,000;09/06/2023;-6,303994;-62,758576;83,750
AM;BR-319;434,000;433,000;1,000;09/06/2023;-6,303994;-62,758576;98,750
CE;BR-404;0,000;1,000;1,000;09/06/2023;0;0;32,500
CE;BR-404;1,000;2,000;1,000;09/06/2023;0;0;43,750
CE;BR-404;2,000;3,000;1,000;09/06/2023;0;0;67,500
CE;BR-404;3,000;4,000;1,000;09/06/2023;0;0;25,000
CE;BR-404;4,000;5,000;1,000;09/06/2023;0;0;45,000
CE;BR-404;5,000;6,000;1,000;09/06/2023;0;0;60,000
CE;BR-404;6,000;7,000;1,000;09/06/2023;0;0;67,500
CE;BR-404;7,000;8,000;1,000;09/06/2023;0;0;55,000
CE;BR-404;8,000;9,000;1,000;09/06/2023;0;0;60,000
CE;BR-404;9,000;10,000;1,000;09/06/2023;0;0;60,000
CE;BR-404;10,000;11,000;1,000;09/06/2023;0;0;52,500
CE;BR-404;11,000;12,000;1,000;09/06/2023;0;0;67,500
CE;BR-404;12,000;13,000;1,000;09/06/2023;0;0;52,500
CE;BR-404;13,000;14,000;1,000;09/06/2023;0;0;52,500
CE;BR-404;14,000;15,000;1,000;09/06/2023;0;0;55,000
CE;BR-404;15,000;16,000;1,000;09/06/2023;-4,621255;-41,12834;65,000
CE;BR-404;16,000;17,000;1,000;09/06/2023;-4,621255;-41,12834;65,000
CE;BR-404;17,000;18,000;1,000;09/06/2023;-4,621255;-41,12834;65,000
CE;BR-404;18,000;19,000;1,000;09/06/2023;-4,621255;-41,12834;52,500
CE;BR-404;19,000;20,000;1,000;09/06/2023;-4,621255;-41,12834;52,500
CE;BR-404;20,000;21,000;1,000;09/06/2023;-4,65213166;-41,0811766;67,500
CE;BR-404;21,000;22,000;1,000;09/06/2023;-4,65213166;-41,0811766;95,000
CE;BR-404;22,000;23,000;1,000;09/06/2023;-4,65213166;-41,0811766;95,000
CE;BR-404;23,000;24,000;1,000;09/06/2023;-4,66101166;-41,0642283;67,500
CE;BR-404;24,000;25,000;1,000;09/06/2023;-4,66101166;-41,0642283;60,000
CE;BR-404;25,000;26,000;1,000;09/06/2023;-4,66101166;-41,0642283;67,500
CE;BR-404;26,000;27,000;1,000;09/06/2023;-4,66101166;-41,0642283;75,000
CE;BR-404;27,000;28,000;1,000;09/06/2023;-4,66101166;-41,0642283;52,500
CE;BR-404;28,000;29,000;1,000;09/06/2023;-4,66101166;-41,0642283;52,500
CE;BR-404;29,000;30,000;1,000;09/06/2023;-4,66101166;-41,0642283;67,500
CE;BR-404;30,000;31,000;1,000;09/06/2023;-4,66101166;-41,0642283;67,500
CE;BR-404;31,000;32,000;1,000;09/06/2023;-4,66101166;-41,0642283;52,500
CE;BR-404;32,000;33,000;1,000;09/06/2023;-4,704205;-40,9877533;52,500
CE;BR-404;33,000;34,000;1,000;09/06/2023;-4,704205;-40,9877533;52,500
CE;BR-404;34,000;35,000;1,000;09/06/2023;-4,704205;-40,9877533;52,500
CE;BR-404;35,000;36,000;1,000;09/06/2023;-4,704205;-40,9877533;60,000
CE;BR-404;36,000;37,000;1,000;09/06/2023;-4,704205;-40,9877533;52,500
CE;BR-404;37,000;38,000;1,000;09/06/2023;-4,704205;-40,9877533;52,500
CE;BR-404;38,000;39,000;1,000;09/06/2023;-4,704205;-40,9877533;63,750
CE;BR-404;39,000;40,000;1,000;09/06/2023;-4,704205;-40,9877533;72,500
CE;BR-404;40,000;41,000;1,000;09/06/2023;-4,704205;-40,9877533;40,000
CE;BR-226;344,400;345,000;0,600;09/06/2023;-5,14038;-40,6735966;51,250
CE;BR-226;345,000;346,000;1,000;09/06/2023;-5,171885;-40,7247416;45,000
CE;BR-226;346,000;347,000;1,000;09/06/2023;-5,171885;-40,7247416;45,000
CE;BR-226;347,000;348,000;1,000;09/06/2023;-5,171885;-40,7247416;52,500
CE;BR-226;348,000;349,000;1,000;09/06/2023;-5,171885;-40,7247416;52,500
CE;BR-226;349,000;350,000;1,000;09/06/2023;-5,171885;-40,7247416;45,000
CE;BR-226;350,000;351,000;1,000;09/06/2023;-5,171885;-40,7247416;52,500
CE;BR-226;351,000;352,000;1,000;09/06/2023;-5,171885;-40,7247416;45,000
CE;BR-226;352,000;353,000;1,000;09/06/2023;-5,171885;-40,7247416;45,000
CE;BR-226;353,000;354,000;1,000;09/06/2023;-5,12991;-40,78517;45,000
CE;BR-226;354,000;355,000;1,000;09/06/2023;-5,12991;-40,78517;42,500
CE;BR-226;355,000;356,000;1,000;09/06/2023;-5,12991;-40,78517;45,000
CE;BR-226;356,000;357,000;1,000;09/06/2023;-5,11441666;-40,8073683;45,000
CE;BR-226;357,000;358,000;1,000;09/06/2023;-5,11441666;-40,8073683;65,000
CE;BR-226;358,000;359,000;1,000;09/06/2023;-5,11441666;-40,8073683;45,000
CE;BR-226;359,000;360,000;1,000;09/06/2023;-5,11441666;-40,8073683;45,000
CE;BR-226;360,000;361,000;1,000;09/06/2023;-5,11441666;-40,8073683;45,000
CE;BR-226;361,000;362,000;1,000;09/06/2023;-5,11441666;-40,8073683;57,500
CE;BR-226;362,000;363,000;1,000;09/06/2023;-5,11441666;-40,8073683;45,000
CE;BR-226;363,000;364,000;1,000;09/06/2023;-5,11441666;-40,8073683;45,000
CE;BR-226;364,000;365,000;1,000;09/06/2023;-5,11441666;-40,8073683;52,500
CE;BR-226;365,000;366,000;1,000;09/06/2023;-5,11441666;-40,8073683;60,000
CE;BR-226;366,000;367,000;1,000;09/06/2023;-5,11441666;-40,8073683;68,750
CE;BR-226;367,000;368,000;1,000;09/06/2023;-5,11441666;-40,8073683;52,500
CE;BR-226;368,000;369,000;1,000;09/06/2023;-5,070625;-40,8966083;45,000
CE;BR-226;369,000;370,000;1,000;09/06/2023;-5,070625;-40,8966083;45,000
CE;BR-226;370,000;371,000;1,000;09/06/2023;-5,070625;-40,8966083;45,000
CE;BR-226;371,000;372,000;1,000;09/06/2023;-5,070625;-40,8966083;60,000
AM;BR-317;452,640;453,000;0,360;11/06/2023;-9,0045304;-67,2108263;97,500
AM;BR-317;453,000;454,000;1,000;11/06/2023;-9,0045304;-67,2108263;97,500
AM;BR-317;454,000;455,000;1,000;11/06/2023;-9,0045304;-67,2108263;93,750
AM;BR-317;455,000;456,000;1,000;11/06/2023;-9,0045304;-67,2108263;97,500
AM;BR-317;456,000;457,000;1,000;11/06/2023;-9,0045304;-67,2108263;97,500
AM;BR-317;457,000;458,000;1,000;11/06/2023;-9,0045304;-67,2108263;97,500
AM;BR-317;458,000;459,000;1,000;11/06/2023;-9,0921459;-67,2490924;97,500
AM;BR-317;459,000;460,000;1,000;11/06/2023;-9,1002625;-67,247075;97,500
AM;BR-317;460,000;461,000;1,000;11/06/2023;-9,1002625;-67,247075;97,500
AM;BR-317;461,000;462,000;1,000;11/06/2023;-9,1137545;-67,259515;97,500
AM;BR-317;462,000;463,000;1,000;11/06/2023;-9,1137545;-67,259515;97,500
AM;BR-317;463,000;464,000;1,000;11/06/2023;-9,1137545;-67,259515;97,500
AM;BR-317;464,000;465,000;1,000;11/06/2023;-9,1137545;-67,259515;97,500
AM;BR-317;478,860;479,000;0,140;11/06/2023;-9,184732;-67,2814897;97,500
AM;BR-317;479,000;480,000;1,000;11/06/2023;-9,184732;-67,2814897;98,750
AM;BR-317;480,000;481,000;1,000;11/06/2023;-9,2469547;-67,2849121;83,750
AM;BR-317;481,000;482,000;1,000;11/06/2023;-9,2529246;-67,2870686;97,500
AM;BR-317;482,000;483,000;1,000;11/06/2023;-9,2529246;-67,2870686;97,500
AM;BR-317;483,000;484,000;1,000;11/06/2023;-9,2529246;-67,2870686;97,500
AM;BR-317;484,000;485,000;1,000;11/06/2023;-9,2529246;-67,2870686;97,500
AM;BR-317;485,000;486,000;1,000;11/06/2023;-9,2529246;-67,2870686;97,500
AM;BR-317;486,000;487,000;1,000;11/06/2023;-9,2930892;-67,2990842;97,500
AM;BR-317;487,000;488,000;1,000;11/06/2023;-9,2997309;-67,305365;97,500
AM;BR-317;488,000;489,000;1,000;11/06/2023;-9,2997309;-67,305365;97,500
AM;BR-317;489,000;490,000;1,000;11/06/2023;-9,2997309;-67,305365;97,500
AM;BR-317;490,000;491,000;1,000;11/06/2023;-9,2997309;-67,305365;97,500
AM;BR-317;491,000;492,000;1,000;11/06/2023;-9,2997309;-67,305365;97,500
AM;BR-317;492,000;493,000;1,000;11/06/2023;-9,2997309;-67,305365;97,500
AM;BR-317;493,000;494,000;1,000;11/06/2023;-9,3298358;-67,2947095;97,500
AM;BR-317;494,000;495,000;1,000;11/06/2023;-9,3323714;-67,2861052;97,500
AM;BR-317;495,000;496,000;1,000;11/06/2023;-9,3323714;-67,2861052;97,500
AM;BR-317;496,000;497,000;1,000;11/06/2023;-9,3414768;-67,2779957;97,500
AM;BR-317;516,000;517,000;1,000;11/06/2023;-9,4653948;-67,2887307;91,250
AM;BR-317;517,000;518,000;1,000;11/06/2023;-9,4653948;-67,2887307;97,500
AM;BR-317;518,000;519,000;1,000;11/06/2023;-9,4653948;-67,2887307;97,500
AM;BR-317;519,000;520,000;1,000;11/06/2023;-9,4653948;-67,2887307;97,500
AM;BR-317;520,000;521,000;1,000;11/06/2023;-9,4653948;-67,2887307;97,500
AM;BR-317;521,000;522,000;1,000;11/06/2023;-9,4653948;-67,2887307;97,500
AM;BR-317;522,000;523,000;1,000;11/06/2023;-9,4653948;-67,2887307;97,500
AM;BR-317;523,000;524,000;1,000;11/06/2023;-9,4653948;-67,2887307;97,500
AM;BR-317;524,000;525,000;1,000;11/06/2023;-9,4653948;-67,2887307;97,500
AM;BR-317;525,000;526,000;1,000;11/06/2023;-9,4653948;-67,2887307;97,500
AM;BR-230;733,200;734,000;0,800;12/06/2023;-7,47626376;-64,029174;72,500
AM;BR-230;734,000;735,000;1,000;12/06/2023;-7,47626376;-64,029174;72,500
AM;BR-230;735,000;736,000;1,000;12/06/2023;-7,47626376;-64,029174;80,000
AM;BR-230;736,000;737,000;1,000;12/06/2023;-7,47626376;-64,029174;80,000
AM;BR-230;737,000;738,000;1,000;12/06/2023;-7,47626376;-64,029174;72,500
AM;BR-230;738,000;739,000;1,000;12/06/2023;-7,47626376;-64,029174;73,750
AM;BR-230;739,000;740,000;1,000;12/06/2023;-7,47626376;-64,029174;73,750
AM;BR-230;740,000;741,000;1,000;12/06/2023;-7,47626376;-64,029174;73,750
AM;BR-230;741,000;742,000;1,000;12/06/2023;-7,47626376;-64,029174;73,750
AM;BR-230;742,000;743,000;1,000;12/06/2023;-7,47626376;-64,029174;73,750
AM;BR-230;743,000;744,000;1,000;12/06/2023;-7,47626376;-64,029174;92,500
AM;BR-230;744,000;745,000;1,000;12/06/2023;-7,47626376;-64,029174;77,500
AM;BR-230;745,000;746,000;1,000;12/06/2023;-7,47626376;-64,029174;73,750
AM;BR-230;746,000;747,000;1,000;12/06/2023;-7,47626376;-64,029174;73,750
AM;BR-230;747,000;748,000;1,000;12/06/2023;-7,47626376;-64,029174;73,750
AM;BR-230;748,000;749,000;1,000;12/06/2023;-7,47626376;-64,029174;81,250
AM;BR-230;749,000;750,000;1,000;12/06/2023;-7,47626376;-64,029174;73,750
AM;BR-230;750,000;751,000;1,000;12/06/2023;-7,47626376;-64,029174;73,750
AM;BR-230;751,000;752,000;1,000;12/06/2023;-7,47626376;-64,029174;73,750
AM;BR-230;752,000;753,000;1,000;12/06/2023;-7,47626376;-64,029174;75,000
AM;BR-230;753,000;754,000;1,000;12/06/2023;-7,47626376;-64,029174;41,250
AM;BR-230;754,000;755,000;1,000;12/06/2023;-7,47626376;-64,029174;38,750
AM;BR-230;755,000;756,000;1,000;12/06/2023;-7,47626376;-64,029174;51,250
AM;BR-230;756,000;757,000;1,000;12/06/2023;-7,47626376;-64,029174;56,250
AM;BR-230;757,000;758,000;1,000;12/06/2023;-7,47626376;-64,029174;58,750
AM;BR-230;758,000;759,000;1,000;12/06/2023;-7,47626376;-64,029174;58,750
AM;BR-230;759,000;760,000;1,000;12/06/2023;-7,47626376;-64,029174;58,750
AM;BR-230;760,000;761,000;1,000;12/06/2023;-7,47626376;-64,029174;58,750
AM;BR-230;761,000;762,000;1,000;12/06/2023;-7,47626376;-64,029174;65,000
AM;BR-230;762,000;763,000;1,000;12/06/2023;-7,47626376;-64,029174;58,750
AM;BR-230;763,000;764,000;1,000;12/06/2023;-7,47626376;-64,029174;58,750
AM;BR-230;764,000;765,000;1,000;12/06/2023;-7,47626376;-64,029174;57,500
AM;BR-230;765,000;766,000;1,000;12/06/2023;-7,47626376;-64,029174;65,000
AM;BR-230;766,000;767,000;1,000;12/06/2023;-7,47626376;-64,029174;58,750
AM;BR-230;767,000;768,000;1,000;12/06/2023;-7,47626376;-64,029174;58,750
AM;BR-230;768,000;769,000;1,000;12/06/2023;-7,47626376;-64,029174;55,000
AM;BR-230;769,000;770,000;1,000;12/06/2023;-7,47626376;-64,029174;55,000
AM;BR-230;770,000;771,000;1,000;12/06/2023;-7,47626376;-64,029174;58,750
AM;BR-230;771,000;772,000;1,000;12/06/2023;-7,47626376;-64,029174;61,250
AM;BR-230;772,000;773,000;1,000;12/06/2023;-7,47626376;-64,029174;55,000
AM;BR-230;773,000;774,000;1,000;12/06/2023;-7,47626376;-64,029174;58,750
AM;BR-230;774,000;775,000;1,000;12/06/2023;-7,47626376;-64,029174;58,750
AM;BR-230;775,000;776,000;1,000;12/06/2023;-7,47626376;-64,029174;46,250
AM;BR-230;776,000;777,000;1,000;12/06/2023;-7,47626376;-64,029174;58,750
AM;BR-230;777,000;778,000;1,000;12/06/2023;-7,47626376;-64,029174;46,250
AM;BR-230;778,000;779,000;1,000;12/06/2023;-7,47626376;-64,029174;58,750
AM;BR-230;779,000;780,000;1,000;12/06/2023;-7,47626376;-64,029174;58,750
AM;BR-230;780,000;781,000;1,000;12/06/2023;-7,47626376;-64,029174;55,000
AM;BR-230;781,000;782,000;1,000;12/06/2023;-7,47626376;-64,029174;42,500
AM;BR-230;782,000;783,000;1,000;12/06/2023;-7,47626376;-64,029174;46,250
AM;BR-230;783,000;784,000;1,000;12/06/2023;-7,47626376;-64,029174;65,000
AM;BR-230;784,000;785,000;1,000;12/06/2023;-7,47626376;-64,029174;71,250
AM;BR-230;785,000;786,000;1,000;12/06/2023;-7,47626376;-64,029174;75,000
AM;BR-230;786,000;787,000;1,000;12/06/2023;-7,47626376;-64,029174;60,000
AM;BR-230;787,000;788,000;1,000;12/06/2023;-7,47626376;-64,029174;73,750
AM;BR-230;788,000;789,000;1,000;12/06/2023;-7,47626376;-64,029174;73,750
AM;BR-230;789,000;790,000;1,000;12/06/2023;-7,47626376;-64,029174;73,750
AM;BR-230;790,000;791,000;1,000;12/06/2023;-7,47626376;-64,029174;73,750
AM;BR-230;791,000;792,000;1,000;12/06/2023;-7,47626376;-64,029174;73,750
AM;BR-230;792,000;793,000;1,000;12/06/2023;-7,47626376;-64,029174;75,000
AM;BR-230;793,000;794,000;1,000;12/06/2023;-7,47626376;-64,029174;75,000
AM;BR-230;794,000;795,000;1,000;12/06/2023;-7,47626376;-64,029174;75,000
AM;BR-230;795,000;796,000;1,000;12/06/2023;-7,47626376;-64,029174;62,500
AM;BR-230;796,000;797,000;1,000;12/06/2023;-7,47626376;-64,029174;75,000
AM;BR-230;797,000;798,000;1,000;12/06/2023;-7,47626376;-64,029174;75,000
AM;BR-230;798,000;799,000;1,000;12/06/2023;-7,47626376;-64,029174;82,500
AM;BR-230;799,000;800,000;1,000;12/06/2023;-7,47626376;-64,029174;75,000
AM;BR-230;800,000;801,000;1,000;12/06/2023;-7,47626376;-64,029174;75,000
AM;BR-230;801,000;802,000;1,000;12/06/2023;-7,47626376;-64,029174;73,750
AM;BR-230;802,000;803,000;1,000;12/06/2023;-7,47626376;-64,029174;61,250
AM;BR-230;803,000;804,000;1,000;12/06/2023;-7,47626376;-64,029174;36,250
AM;BR-230;804,000;805,000;1,000;12/06/2023;-7,47626376;-64,029174;31,250
AM;BR-230;805,000;806,000;1,000;12/06/2023;-7,47626376;-64,029174;28,750
AM;BR-230;806,000;807,000;1,000;12/06/2023;-7,47626376;-64,029174;28,750
AM;BR-230;807,000;808,000;1,000;12/06/2023;-7,47626376;-64,029174;28,750
AM;BR-230;808,000;809,000;1,000;12/06/2023;-7,47626376;-64,029174;18,750
AM;BR-230;809,000;810,000;1,000;12/06/2023;-7,47626376;-64,029174;22,500
AM;BR-230;810,000;811,000;1,000;12/06/2023;-7,47626376;-64,029174;25,000
AM;BR-230;811,000;812,000;1,000;12/06/2023;-7,47626376;-64,029174;18,750
AM;BR-230;812,000;813,000;1,000;12/06/2023;-7,47626376;-64,029174;26,250
AM;BR-230;813,000;814,000;1,000;12/06/2023;-7,47626376;-64,029174;30,000
AM;BR-230;814,000;815,000;1,000;12/06/2023;-7,47626376;-64,029174;30,000
AM;BR-230;815,000;816,300;1,300;12/06/2023;-7,47626376;-64,029174;30,000
AP;BR-156;662,340;662,640;0,300;13/06/2023;2,62951274;-51,3398512;55,000
AP;BR-156;662,840;663,120;0,280;13/06/2023;2,63323954;-51,3424149;87,500
AP;BR-156;663,970;664,000;0,030;13/06/2023;2,64164167;-51,348217;12,500
AP;BR-156;664,000;665,000;1,000;13/06/2023;2,64177775;-51,348331;80,000
AP;BR-156;665,000;666,000;1,000;13/06/2023;2,64966907;-51,3519235;73,750
AP;BR-156;666,000;667,000;1,000;13/06/2023;2,65878861;-51,3537597;81,250
AP;BR-156;667,000;668,000;1,000;13/06/2023;2,66708336;-51,3536738;80,000
AP;BR-156;668,000;668,340;0,340;13/06/2023;2,67605431;-51,3530071;72,500
AP;BR-156;668,850;669,300;0,450;13/06/2023;2,68424355;-51,3546943;76,250
AP;BR-156;670,280;670,350;0,070;13/06/2023;2,69578107;-51,3602392;45,000
AP;BR-156;670,450;671,000;0,550;13/06/2023;2,69725481;-51,3607442;60,000
AP;BR-156;671,000;672,000;1,000;13/06/2023;2,70219307;-51,3621458;73,750
AP;BR-156;672,000;673,000;1,000;13/06/2023;2,71101452;-51,3648171;83,750
AP;BR-156;673,000;674,000;1,000;13/06/2023;2,71948027;-51,3674307;76,250
AP;BR-156;674,000;675,000;1,000;13/06/2023;2,72807982;-51,3698181;70,000
AP;BR-156;675,000;676,000;1,000;13/06/2023;2,73654325;-51,3723846;85,000
AP;BR-156;676,000;677,000;1,000;13/06/2023;2,7459503;-51,3727288;81,250
AP;BR-156;677,000;678,000;1,000;13/06/2023;2,75370326;-51,3752796;81,250
AP;BR-156;678,000;679,000;1,000;13/06/2023;2,75887617;-51,3823708;85,000
AP;BR-156;679,000;680,000;1,000;13/06/2023;2,76818478;-51,3816218;81,250
AP;BR-156;680,000;681,000;1,000;13/06/2023;2,77633938;-51,3830665;73,750
AP;BR-156;681,000;682,000;1,000;13/06/2023;2,78455693;-51,3868568;76,250
AP;BR-156;682,000;683,000;1,000;13/06/2023;2,79351225;-51,387067;73,750
AP;BR-156;683,000;684,000;1,000;13/06/2023;2,8012009;-51,3912596;73,750
AP;BR-156;684,000;685,000;1,000;13/06/2023;2,80999763;-51,393053;70,000
AP;BR-156;685,000;686,000;1,000;13/06/2023;2,82002615;-51,3963536;63,750
AP;BR-156;686,000;687,000;1,000;13/06/2023;2,82713076;-51,3986102;75,000
AP;BR-156;687,000;688,000;1,000;13/06/2023;2,83551928;-51,4012864;80,000
AP;BR-156;688,000;689,000;1,000;13/06/2023;2,84351056;-51,3975339;77,500
AP;BR-156;689,000;690,000;1,000;13/06/2023;2,85153208;-51,3945255;73,750
AP;BR-156;690,000;691,000;1,000;13/06/2023;2,86087024;-51,3946824;73,750
AP;BR-156;691,000;692,000;1,000;13/06/2023;2,87008241;-51,3946543;85,000
AP;BR-156;692,000;693,000;1,000;13/06/2023;2,88022825;-51,3964017;66,250
AP;BR-156;693,000;694,000;1,000;13/06/2023;2,8877796;-51,3964822;70,000
AP;BR-156;694,000;695,000;1,000;13/06/2023;2,89772178;-51,3980761;77,500
AP;BR-156;695,000;696,000;1,000;13/06/2023;2,90504675;-51,3993822;66,250
AP;BR-156;696,000;697,000;1,000;13/06/2023;2,91401408;-51,3987335;73,750
AP;BR-156;697,000;698,000;1,000;13/06/2023;2,92330693;-51,3979018;77,500
AP;BR-156;698,000;699,000;1,000;13/06/2023;2,93206882;-51,3980662;66,250
AP;BR-156;699,000;700,000;1,000;13/06/2023;2,93812802;-51,4046863;77,500
AP;BR-156;700,000;701,000;1,000;13/06/2023;2,94425173;-51,4114438;73,750
AP;BR-156;701,000;702,000;1,000;13/06/2023;2,95041761;-51,4173958;71,250
AP;BR-156;702,000;703,000;1,000;13/06/2023;2,9579646;-51,4222896;67,500
AP;BR-156;703,000;704,000;1,000;13/06/2023;2,96534897;-51,4270287;81,250
AP;BR-156;704,000;705,000;1,000;13/06/2023;2,97351286;-51,431304;67,500
AP;BR-156;705,000;706,000;1,000;13/06/2023;2,98168594;-51,4347451;77,500
AP;BR-156;706,000;707,000;1,000;13/06/2023;2,98987478;-51,438262;85,000
AP;BR-156;707,000;708,000;1,000;13/06/2023;2,99880158;-51,4420627;85,000
AP;BR-156;708,000;709,000;1,000;13/06/2023;3,0054151;-51,4470796;88,750
AP;BR-156;709,000;710,000;1,000;13/06/2023;3,01246742;-51,4525803;88,750
AP;BR-156;710,000;711,000;1,000;13/06/2023;3,02206108;-51,4552147;60,000
AP;BR-156;711,000;712,000;1,000;13/06/2023;3,03120391;-51,4572556;85,000
AP;BR-156;712,000;712,500;0,500;13/06/2023;3,04001644;-51,4597981;60,000
RS;BR-470;133,390;132,000;1,390;13/06/2023;-28,633341;-51,5735418;36,250
RS;BR-470;132,000;131,000;1,000;13/06/2023;-28,611124;-51,566771;43,750
RS;BR-470;131,000;130,000;1,000;13/06/2023;-28,611124;-51,566771;43,750
RS;BR-470;130,000;129,000;1,000;13/06/2023;-28,611124;-51,566771;36,250
RS;BR-470;129,000;128,000;1,000;13/06/2023;-28,611124;-51,566771;43,750
RS;BR-470;128,000;127,000;1,000;13/06/2023;-28,5907448;-51,5655462;37,500
RS;BR-470;127,000;126,000;1,000;13/06/2023;-28,5907448;-51,5655462;68,750
RS;BR-470;126,000;125,000;1,000;13/06/2023;-28,5740849;-51,5635087;36,250
RS;BR-470;125,000;124,000;1,000;13/06/2023;-28,5740849;-51,5635087;36,250
RS;BR-470;124,000;123,000;1,000;13/06/2023;-28,5740849;-51,5635087;37,500
RS;BR-470;123,000;122,000;1,000;13/06/2023;-28,5402592;-51,6905091;48,750
RS;BR-470;122,000;121,000;1,000;13/06/2023;-28,5423623;-51,550242;51,250
RS;BR-470;121,000;120,000;1,000;13/06/2023;-28,5423623;-51,550242;43,750
RS;BR-470;120,000;119,000;1,000;13/06/2023;-28,5259933;-51,5479967;61,250
RS;BR-470;119,000;118,000;1,000;13/06/2023;-28,5164341;-51,5456512;37,500
RS;BR-470;118,000;117,000;1,000;13/06/2023;-28,5164341;-51,5456512;53,750
RS;BR-470;117,000;116,000;1,000;13/06/2023;-28,5164341;-51,5456512;51,250
RS;BR-470;116,000;115,000;1,000;13/06/2023;-28,5164341;-51,5456512;53,750
RS;BR-470;115,000;114,000;1,000;13/06/2023;-28,5164341;-51,5456512;51,250
RS;BR-470;114,000;113,000;1,000;13/06/2023;-28,4840943;-51,5274179;87,500
RS;BR-470;113,000;112,000;1,000;13/06/2023;-28,4840943;-51,5274179;91,250
RS;BR-470;112,000;111,000;1,000;13/06/2023;-28,4840943;-51,5274179;58,750
RS;BR-470;111,000;110,000;1,000;13/06/2023;-28,4607078;-51,5147466;52,500
RS;BR-470;110,000;109,000;1,000;13/06/2023;-28,4607078;-51,5147466;60,000
RS;BR-470;109,000;108,000;1,000;13/06/2023;-28,4607078;-51,5147466;66,250
RS;BR-470;108,000;107,000;1,000;13/06/2023;-28,4607078;-51,5147466;68,750
RS;BR-470;107,000;106,000;1,000;13/06/2023;-28,4367641;-51,4955912;62,500
RS;BR-470;106,000;105,000;1,000;13/06/2023;-28,3005059;-51,3835634;50,000
RS;BR-470;105,000;104,000;1,000;13/06/2023;-28,3005059;-51,3835634;50,000
RS;BR-470;104,000;103,000;1,000;13/06/2023;-28,4116189;-51,4919959;43,750
RS;BR-470;103,000;102,000;1,000;13/06/2023;-28,4116189;-51,4919959;53,750
RS;BR-470;102,000;101,000;1,000;13/06/2023;-28,6000316;-51,5947236;50,000
RS;BR-470;101,000;100,000;1,000;13/06/2023;-28,3903679;-51,4833107;43,750
RS;BR-470;100,000;99,000;1,000;13/06/2023;-28,3903679;-51,4833107;43,750
RS;BR-470;99,000;98,000;1,000;13/06/2023;-28,3005059;-51,3835634;48,750
RS;BR-470;98,000;97,000;1,000;13/06/2023;-28,3005059;-51,3835634;51,250
RS;BR-470;97,000;96,000;1,000;13/06/2023;-28,3005059;-51,3835634;60,000
RS;BR-470;96,000;95,000;1,000;13/06/2023;-28,3005059;-51,3835634;57,500
RS;BR-470;95,000;94,000;1,000;13/06/2023;-28,3005059;-51,3835634;57,500
RS;BR-470;94,000;93,000;1,000;13/06/2023;-28,3005059;-51,3835634;57,500
RS;BR-470;93,000;92,000;1,000;13/06/2023;-28,3005059;-51,3835634;68,750
RS;BR-470;92,000;91,000;1,000;13/06/2023;-28,3005059;-51,3835634;57,500
RS;BR-470;91,000;90,000;1,000;13/06/2023;-28,3005059;-51,3835634;43,750
RS;BR-470;90,000;89,000;1,000;13/06/2023;-28,3095872;-51,4665676;55,000
RS;BR-470;89,000;88,400;0,600;13/06/2023;-28,3095872;-51,4665676;51,250
BA;BR-030;281,700;280,000;1,700;13/06/2023;0;0;26,250
BA;BR-030;280,000;279,000;1,000;13/06/2023;0;0;0,000
BA;BR-030;279,000;278,000;1,000;13/06/2023;0;0;0,000
BA;BR-030;278,000;277,000;1,000;13/06/2023;0;0;0,000
BA;BR-030;277,000;276,000;1,000;13/06/2023;0;0;0,000
BA;BR-030;276,000;275,000;1,000;13/06/2023;0;0;46,250
BA;BR-030;275,000;274,000;1,000;13/06/2023;0;0;46,250
BA;BR-030;274,000;273,000;1,000;13/06/2023;0;0;50,000
BA;BR-030;273,000;272,000;1,000;13/06/2023;0;0;46,250
BA;BR-030;272,000;271,000;1,000;13/06/2023;0;0;50,000
BA;BR-030;271,000;270,000;1,000;13/06/2023;0;0;50,000
BA;BR-030;270,000;269,000;1,000;13/06/2023;0;0;50,000
BA;BR-030;269,000;268,000;1,000;13/06/2023;0;0;50,000
BA;BR-030;268,000;267,000;1,000;13/06/2023;0;0;50,000
BA;BR-030;267,000;266,000;1,000;13/06/2023;0;0;50,000
BA;BR-030;266,000;265,000;1,000;13/06/2023;0;0;50,000
BA;BR-030;265,000;264,000;1,000;13/06/2023;0;0;50,000
BA;BR-030;264,000;263,000;1,000;13/06/2023;0;0;50,000
BA;BR-030;263,000;262,000;1,000;13/06/2023;0;0;30,000
BA;BR-030;262,000;261,000;1,000;13/06/2023;0;0;15,000
BA;BR-030;261,000;260,000;1,000;13/06/2023;0;0;50,000
BA;BR-030;260,000;259,000;1,000;13/06/2023;0;0;50,000
BA;BR-030;259,000;258,000;1,000;13/06/2023;0;0;50,000
BA;BR-030;258,000;257,000;1,000;13/06/2023;0;0;50,000
BA;BR-030;257,000;256,000;1,000;13/06/2023;0;0;50,000
BA;BR-030;256,000;255,000;1,000;13/06/2023;0;0;50,000
BA;BR-030;255,000;254,000;1,000;13/06/2023;0;0;50,000
BA;BR-030;254,000;253,000;1,000;13/06/2023;0;0;50,000
BA;BR-030;253,000;252,000;1,000;13/06/2023;0;0;50,000
BA;BR-030;252,000;251,000;1,000;13/06/2023;0;0;50,000
BA;BR-030;251,000;250,000;1,000;13/06/2023;0;0;50,000
BA;BR-030;250,000;249,000;1,000;13/06/2023;0;0;50,000
BA;BR-030;249,000;248,000;1,000;13/06/2023;0;0;50,000
BA;BR-030;248,000;247,000;1,000;13/06/2023;0;0;62,500
BA;BR-030;247,000;246,000;1,000;13/06/2023;0;0;50,000
BA;BR-030;246,000;245,000;1,000;13/06/2023;0;0;50,000
BA;BR-030;245,000;244,000;1,000;13/06/2023;0;0;50,000
BA;BR-030;244,000;243,000;1,000;13/06/2023;0;0;46,250
BA;BR-030;243,000;242,000;1,000;13/06/2023;0;0;50,000
BA;BR-030;242,000;241,000;1,000;13/06/2023;0;0;50,000
BA;BR-030;241,000;240,000;1,000;13/06/2023;0;0;46,250
BA;BR-030;240,000;239,000;1,000;13/06/2023;0;0;50,000
BA;BR-030;239,000;238,000;1,000;13/06/2023;0;0;46,250
AP;BR-156;712,500;713,000;0,500;13/06/2023;3,0438614;-51,4612338;60,000
AP;BR-156;713,000;714,000;1,000;13/06/2023;3,04775271;-51,463692;60,000
AP;BR-156;714,000;715,000;1,000;13/06/2023;3,05555843;-51,4689302;55,000
AP;BR-156;715,000;716,000;1,000;13/06/2023;3,06331478;-51,4728441;52,500
AP;BR-156;716,000;717,000;1,000;13/06/2023;3,07154444;-51,4767067;52,500
AP;BR-156;717,000;718,000;1,000;13/06/2023;3,07972229;-51,4805973;60,000
AP;BR-156;718,000;719,000;1,000;13/06/2023;3,08698183;-51,4856482;52,500
AP;BR-156;719,000;720,000;1,000;13/06/2023;3,09456075;-51,4902817;67,500
AP;BR-156;720,000;721,000;1,000;13/06/2023;3,10333625;-51,4926858;45,000
AP;BR-156;721,000;722,000;1,000;13/06/2023;3,11253073;-51,4937828;40,000
AP;BR-156;722,000;723,000;1,000;13/06/2023;3,12069426;-51,4967302;52,500
AP;BR-156;723,000;724,000;1,000;13/06/2023;3,12899623;-51,5016371;52,500
AP;BR-156;724,000;725,000;1,000;13/06/2023;3,13796507;-51,5069552;38,750
AP;BR-156;725,000;726,000;1,000;13/06/2023;3,14395613;-51,5103547;32,500
AP;BR-156;726,000;727,000;1,000;13/06/2023;3,15168804;-51,515072;67,500
AP;BR-156;727,000;728,000;1,000;13/06/2023;3,15997731;-51,520385;60,000
AP;BR-156;728,000;729,000;1,000;13/06/2023;3,16673822;-51,5247994;75,000
AP;BR-156;729,000;730,000;1,000;13/06/2023;3,17535267;-51,5285549;71,250
AP;BR-156;730,000;731,000;1,000;13/06/2023;3,18352542;-51,5319198;75,000
AP;BR-156;731,000;732,000;1,000;13/06/2023;3,1895203;-51,53823;81,250
AP;BR-156;732,000;733,000;1,000;13/06/2023;3,19303522;-51,5462483;71,250
AP;BR-156;733,000;734,000;1,000;13/06/2023;3,20027403;-51,550691;46,250
AP;BR-156;734,000;735,000;1,000;13/06/2023;3,20989305;-51,5525153;75,000
AP;BR-156;735,000;736,000;1,000;13/06/2023;3,21790501;-51,554025;52,500
AP;BR-156;736,000;737,000;1,000;13/06/2023;3,22612108;-51,5573439;67,500
AP;BR-156;737,000;738,000;1,000;13/06/2023;3,23404808;-51,5613372;67,500
AP;BR-156;738,000;739,000;1,000;13/06/2023;3,24090574;-51,5667739;82,500
AP;BR-156;739,000;740,000;1,000;13/06/2023;3,24858092;-51,5714313;78,750
AP;BR-156;740,000;741,000;1,000;13/06/2023;3,25362093;-51,5791308;92,500
AP;BR-156;741,000;742,000;1,000;13/06/2023;3,25760738;-51,5876909;81,250
AP;BR-156;742,000;743,000;1,000;13/06/2023;3,26502828;-51,5928968;85,000
AP;BR-156;743,000;744,000;1,000;13/06/2023;3,27203667;-51,5976371;85,000
AP;BR-156;744,000;745,000;1,000;13/06/2023;3,27727652;-51,6061624;75,000
AP;BR-156;745,000;746,000;1,000;13/06/2023;3,2830191;-51,6116003;75,000
AP;BR-156;746,000;747,000;1,000;13/06/2023;3,29090513;-51,6155721;67,500
AP;BR-156;747,000;748,000;1,000;13/06/2023;3,29910842;-51,6197079;67,500
AP;BR-156;748,000;749,000;1,000;13/06/2023;3,30675596;-51,6238183;78,750
AP;BR-156;749,000;750,000;1,000;13/06/2023;3,31312693;-51,6298356;77,500
AP;BR-156;750,000;751,000;1,000;13/06/2023;3,31999621;-51,6362063;87,500
AP;BR-156;751,000;752,000;1,000;13/06/2023;3,32645249;-51,6428647;88,750
AP;BR-156;752,000;753,000;1,000;13/06/2023;3,33172077;-51,6494819;85,000
AP;BR-156;753,000;754,000;1,000;13/06/2023;3,33939619;-51,6541584;82,500
AP;BR-156;754,000;755,000;1,000;13/06/2023;3,34650183;-51,6592291;70,000
AP;BR-156;755,000;756,000;1,000;13/06/2023;3,35214003;-51,666198;71,250
AP;BR-156;756,000;757,000;1,000;13/06/2023;3,35878769;-51,6719947;70,000
AP;BR-156;757,000;758,000;1,000;13/06/2023;3,36590305;-51,6779172;71,250
AP;BR-156;758,000;759,000;1,000;13/06/2023;3,37214241;-51,6839993;81,250
AP;BR-156;759,000;760,000;1,000;13/06/2023;3,3766188;-51,6912481;70,000
AP;BR-156;760,000;761,000;1,000;13/06/2023;3,3782332;-51,7003336;75,000
AP;BR-156;761,000;762,000;1,000;13/06/2023;3,38053219;-51,7106046;77,500
AP;BR-156;762,000;763,000;1,000;13/06/2023;3,38355338;-51,7157836;78,750
AP;BR-156;763,000;764,000;1,000;13/06/2023;3,38869471;-51,7215109;75,000
AP;BR-156;764,000;765,000;1,000;13/06/2023;3,39732154;-51,7249016;75,000
AP;BR-156;765,000;766,000;1,000;13/06/2023;3,4057996;-51,7279206;77,500
AP;BR-156;766,000;767,000;1,000;13/06/2023;3,41403529;-51,7308463;67,500
AP;BR-156;767,000;768,000;1,000;13/06/2023;3,42265937;-51,7322023;78,750
AP;BR-156;768,000;769,000;1,000;13/06/2023;3,43055395;-51,7287061;71,250
AP;BR-156;769,000;769,800;0,800;13/06/2023;3,43937103;-51,7257819;67,500
CE;BR-402;149,100;150,000;0,900;14/06/2023;0;0;78,750
CE;BR-402;150,000;151,000;1,000;14/06/2023;-3,12689666;-40,361275;83,750
CE;BR-402;151,000;152,000;1,000;14/06/2023;-3,12689666;-40,361275;58,750
CE;BR-402;152,000;153,000;1,000;14/06/2023;-3,12689666;-40,361275;76,250
CE;BR-402;153,000;154,000;1,000;14/06/2023;-3,12689666;-40,361275;75,000
CE;BR-402;154,000;155,000;1,000;14/06/2023;-3,12689666;-40,361275;75,000
CE;BR-402;155,000;156,000;1,000;14/06/2023;-3,12689666;-40,361275;90,000
CE;BR-402;156,000;157,000;1,000;14/06/2023;-3,13658;-40,3112483;90,000
CE;BR-402;157,000;158,000;1,000;14/06/2023;-3,13658;-40,3112483;10,000
CE;BR-402;158,000;159,000;1,000;14/06/2023;-3,13658;-40,3112483;10,000
CE;BR-402;159,000;160,000;1,000;14/06/2023;-3,13658;-40,3112483;10,000
CE;BR-402;160,000;161,000;1,000;14/06/2023;-3,13658;-40,3112483;10,000
CE;BR-402;161,000;162,000;1,000;14/06/2023;-3,13658;-40,3112483;25,000
CE;BR-402;162,000;163,000;1,000;14/06/2023;-3,13658;-40,3112483;30,000
CE;BR-402;163,000;164,000;1,000;14/06/2023;-3,13658;-40,3112483;10,000
CE;BR-402;164,000;165,000;1,000;14/06/2023;-3,13658;-40,3112483;10,000
CE;BR-402;165,000;166,000;1,000;14/06/2023;-3,13206833;-40,23192;17,500
CE;BR-402;166,000;167,000;1,000;14/06/2023;-3,13206833;-40,23192;17,500
CE;BR-402;167,000;168,000;1,000;14/06/2023;-3,13206833;-40,23192;10,000
CE;BR-402;168,000;169,000;1,000;14/06/2023;-3,13206833;-40,23192;17,500
CE;BR-402;169,000;170,000;1,000;14/06/2023;-3,13206833;-40,23192;32,500
CE;BR-402;170,000;171,000;1,000;14/06/2023;-3,13206833;-40,23192;32,500
CE;BR-402;171,000;172,000;1,000;14/06/2023;-3,13206833;-40,23192;32,500
CE;BR-402;172,000;173,000;1,000;14/06/2023;-3,13206833;-40,23192;36,250
CE;BR-402;173,000;174,000;1,000;14/06/2023;-3,13206833;-40,23192;32,500
CE;BR-402;174,000;175,000;1,000;14/06/2023;-3,12471166;-40,1590266;2,500
MG;BR-146;352,420;353,300;0,880;15/06/2023;-20,9990501;-46,5138523;81,250
MG;BR-265;577,800;578,000;0,200;15/06/2023;-21,0206181;-46,5352238;70,000
MG;BR-265;578,000;579,000;1,000;15/06/2023;-21,0190926;-46,5375882;83,750
MG;BR-265;579,000;580,000;1,000;15/06/2023;-21,0162009;-46,5441518;87,500
MG;BR-265;580,000;581,000;1,000;15/06/2023;-21,0103022;-46,5502137;76,250
MG;BR-265;581,000;582,000;1,000;15/06/2023;-21,0086111;-46,5592253;78,750
MG;BR-265;582,000;582,450;0,450;15/06/2023;-21,0049832;-46,5671309;85,000
MG;BR-265;585,500;586,000;0,500;15/06/2023;-21,0059934;-46,5714424;76,250
MG;BR-265;586,000;586,800;0,800;15/06/2023;-21,0201167;-46,5963177;76,250
MG;BR-265;564,240;564,650;0,410;15/06/2023;-20,9403586;-46,4631226;80,000
MG;BR-265;559,350;559,750;0,400;15/06/2023;-20,9019206;-46,4418278;85,000
MG;BR-265;550,600;551,450;0,850;15/06/2023;-20,8781402;-46,369345;73,750
AM;BR-307;1333,800;1334,000;0,200;15/06/2023;-0,12223;-67,0933392;65,000
AM;BR-307;1334,000;1335,000;1,000;15/06/2023;-0,12223;-67,0933392;77,500
AM;BR-307;1335,000;1336,000;1,000;15/06/2023;-0,12223;-67,0933392;83,750
AM;BR-307;1336,000;1337,000;1,000;15/06/2023;-0,1222552;-67,093341;70,000
AM;BR-307;1337,000;1338,000;1,000;15/06/2023;-0,1222552;-67,093341;66,250
AM;BR-307;1338,000;1339,000;1,000;15/06/2023;-0,1222552;-67,093341;60,000
AM;BR-307;1339,000;1340,000;1,000;15/06/2023;-0,1222552;-67,093341;66,250
AM;BR-307;1340,000;1341,000;1,000;15/06/2023;-0,122229;-67,0933348;66,250
AM;BR-307;1341,000;1342,000;1,000;15/06/2023;-0,122229;-67,0933348;66,250
AM;BR-307;1342,000;1343,000;1,000;15/06/2023;-0,122229;-67,0933348;60,000
AM;BR-307;1343,000;1344,000;1,000;15/06/2023;-0,122229;-67,0933348;66,250
AM;BR-307;1344,000;1345,000;1,000;15/06/2023;-0,1222304;-67,0933321;66,250
AM;BR-307;1345,000;1346,000;1,000;15/06/2023;-0,1222304;-67,0933321;66,250
AM;BR-307;1346,000;1347,000;1,000;15/06/2023;-0,1222304;-67,0933321;66,250
AM;BR-307;1347,000;1348,000;1,000;15/06/2023;-0,1222304;-67,0933321;60,000
AM;BR-307;1348,000;1349,000;1,000;15/06/2023;-0,1222304;-67,0933321;60,000
AM;BR-307;1349,000;1350,000;1,000;15/06/2023;-0,1222304;-67,0933321;60,000
AM;BR-307;1350,000;1351,000;1,000;15/06/2023;-0,1222304;-67,0933321;66,250
AM;BR-307;1351,000;1352,000;1,000;15/06/2023;-0,1222304;-67,0933321;66,250
AM;BR-307;1352,000;1353,000;1,000;15/06/2023;-0,1222304;-67,0933321;66,250
AM;BR-307;1353,000;1354,000;1,000;15/06/2023;-0,1222304;-67,0933321;66,250
AM;BR-307;1354,000;1355,000;1,000;15/06/2023;-0,1222304;-67,0933321;66,250
AM;BR-307;1355,000;1356,000;1,000;15/06/2023;-0,1222304;-67,0933321;66,250
AM;BR-307;1356,000;1357,000;1,000;15/06/2023;-0,1222304;-67,0933321;66,250
AM;BR-307;1357,000;1358,000;1,000;15/06/2023;-0,1222304;-67,0933321;66,250
AM;BR-307;1358,000;1359,000;1,000;15/06/2023;-0,1222304;-67,0933321;66,250
AM;BR-307;1359,000;1360,000;1,000;15/06/2023;-0,1222303;-67,0933325;66,250
AM;BR-307;1360,000;1361,000;1,000;15/06/2023;-0,1222303;-67,0933325;66,250
AM;BR-307;1361,000;1362,000;1,000;15/06/2023;-0,1222303;-67,0933325;66,250
AM;BR-307;1362,000;1363,000;1,000;15/06/2023;-0,1222303;-67,0933325;66,250
AM;BR-307;1363,000;1364,000;1,000;15/06/2023;-0,1222303;-67,0933325;66,250
AM;BR-307;1364,000;1365,000;1,000;15/06/2023;-0,1222303;-67,0933325;66,250
AM;BR-307;1365,000;1366,000;1,000;15/06/2023;-0,1222303;-67,0933325;53,750
AM;BR-307;1366,000;1367,000;1,000;15/06/2023;-0,1222303;-67,0933325;53,750
AM;BR-307;1367,000;1368,000;1,000;15/06/2023;-0,1222303;-67,0933325;53,750
AM;BR-307;1368,000;1369,000;1,000;15/06/2023;-0,1222303;-67,0933325;53,750
AM;BR-307;1369,000;1370,000;1,000;15/06/2023;-0,1222303;-67,0933325;53,750
AM;BR-307;1370,000;1371,000;1,000;15/06/2023;-0,1222303;-67,0933325;53,750
AM;BR-307;1371,000;1372,000;1,000;15/06/2023;-0,1222303;-67,0933325;53,750
AM;BR-307;1372,000;1373,000;1,000;15/06/2023;-0,1222303;-67,0933325;53,750
AM;BR-307;1373,000;1374,000;1,000;15/06/2023;-0,1222536;-67,0933412;53,750
AM;BR-307;1374,000;1375,000;1,000;15/06/2023;-0,1222536;-67,0933412;60,000
AM;BR-307;1375,000;1376,000;1,000;15/06/2023;-0,1222536;-67,0933412;60,000
AM;BR-307;1376,000;1377,000;1,000;15/06/2023;-0,1222536;-67,0933412;60,000
AM;BR-307;1377,000;1378,000;1,000;15/06/2023;-0,1222536;-67,0933412;60,000
AM;BR-307;1378,000;1379,000;1,000;15/06/2023;-0,1222536;-67,0933412;60,000
AM;BR-307;1379,000;1380,000;1,000;15/06/2023;-0,1222536;-67,0933412;60,000
AM;BR-307;1380,000;1381,000;1,000;15/06/2023;-0,1222536;-67,0933412;60,000
AM;BR-307;1381,000;1382,000;1,000;15/06/2023;-0,1222536;-67,0933412;60,000
AM;BR-307;1382,000;1383,000;1,000;15/06/2023;-0,1222707;-67,0933484;66,250
AM;BR-307;1383,000;1384,000;1,000;15/06/2023;-0,1222707;-67,0933484;66,250
AM;BR-307;1384,000;1385,000;1,000;15/06/2023;-0,1222707;-67,0933484;66,250
AM;BR-307;1385,000;1386,000;1,000;15/06/2023;-0,1222707;-67,0933484;66,250
AM;BR-307;1386,000;1387,000;1,000;15/06/2023;-0,1222707;-67,0933484;66,250
AM;BR-307;1387,000;1388,000;1,000;15/06/2023;-0,1222707;-67,0933484;66,250
AM;BR-307;1388,000;1389,000;1,000;15/06/2023;-0,1222707;-67,0933484;66,250
AM;BR-307;1389,000;1390,000;1,000;15/06/2023;-0,1222707;-67,0933484;66,250
AM;BR-307;1390,000;1391,000;1,000;15/06/2023;-0,1222707;-67,0933484;66,250
AM;BR-307;1391,000;1392,000;1,000;15/06/2023;-0,1222707;-67,0933484;66,250
AM;BR-307;1392,000;1393,000;1,000;15/06/2023;-0,1222707;-67,0933484;66,250
AM;BR-307;1393,000;1394,000;1,000;15/06/2023;-0,1222327;-67,09333;66,250
AM;BR-307;1394,000;1395,000;1,000;15/06/2023;-0,1222327;-67,09333;66,250
AM;BR-307;1395,000;1396,000;1,000;15/06/2023;-0,1222327;-67,09333;53,750
AM;BR-307;1396,000;1397,000;1,000;15/06/2023;-0,1222684;-67,093346;53,750
AM;BR-307;1397,000;1398,000;1,000;15/06/2023;-0,1222684;-67,093346;53,750
AM;BR-307;1398,000;1399,000;1,000;15/06/2023;-0,1222684;-67,093346;53,750
AM;BR-307;1399,000;1400,000;1,000;15/06/2023;-0,1222684;-67,093346;53,750
AM;BR-307;1400,000;1401,000;1,000;15/06/2023;-0,1222684;-67,093346;53,750
AM;BR-307;1401,000;1402,000;1,000;15/06/2023;-0,1222684;-67,093346;53,750
AM;BR-307;1402,000;1403,000;1,000;15/06/2023;-0,1222684;-67,093346;53,750
AM;BR-307;1403,000;1404,000;1,000;15/06/2023;-0,1222684;-67,093346;53,750
AM;BR-307;1404,000;1405,000;1,000;15/06/2023;-0,1222684;-67,093346;53,750
AM;BR-307;1405,000;1406,000;1,000;15/06/2023;-0,1222684;-67,093346;66,250
AM;BR-307;1406,000;1407,000;1,000;15/06/2023;-0,1222684;-67,093346;66,250
AM;BR-307;1407,000;1408,000;1,000;15/06/2023;-0,1222684;-67,093346;60,000
AM;BR-307;1408,000;1409,000;1,000;15/06/2023;-0,1222684;-67,093346;66,250
AM;BR-307;1409,000;1410,000;1,000;15/06/2023;-0,1222684;-67,093346;62,500
AM;BR-307;1410,000;1411,000;1,000;15/06/2023;-0,1222684;-67,093346;62,500
AM;BR-307;1411,000;1412,000;1,000;15/06/2023;-0,1222684;-67,093346;62,500
AM;BR-307;1412,000;1413,000;1,000;15/06/2023;-0,1222305;-67,0933311;63,750
AM;BR-307;1413,000;1414,000;1,000;15/06/2023;-0,1222305;-67,0933311;62,500
AM;BR-307;1414,000;1415,000;1,000;15/06/2023;-0,1222305;-67,0933311;66,250
AM;BR-307;1415,000;1416,000;1,000;15/06/2023;-0,1222305;-67,0933311;57,500
AM;BR-307;1416,000;1417,000;1,000;15/06/2023;-0,1222305;-67,0933311;53,750
AM;BR-307;1417,000;1418,000;1,000;15/06/2023;-0,1222305;-67,0933311;66,250
AM;BR-307;1418,000;1419,000;1,000;15/06/2023;-0,1222305;-67,0933311;66,250
AM;BR-307;1419,000;1420,000;1,000;15/06/2023;-0,1222305;-67,0933311;66,250
AM;BR-307;1420,000;1421,000;1,000;15/06/2023;-0,1222305;-67,0933311;60,000
AM;BR-307;1421,000;1422,000;1,000;15/06/2023;-0,1222305;-67,0933311;60,000
AM;BR-307;1422,000;1423,000;1,000;15/06/2023;-0,1222305;-67,0933311;50,000
AM;BR-307;1423,000;1424,000;1,000;15/06/2023;-0,1222305;-67,0933311;50,000
PB;BR-434;19,400;20,000;0,600;16/06/2023;0;0;2,500
PB;BR-434;20,000;21,000;1,000;16/06/2023;0;0;16,250
PB;BR-434;21,000;22,000;1,000;16/06/2023;0;0;30,000
PB;BR-434;22,000;23,000;1,000;16/06/2023;0;0;28,750
PB;BR-434;23,000;24,000;1,000;16/06/2023;0;0;40,000
PB;BR-434;24,000;25,000;1,000;16/06/2023;0;0;3,750
PB;BR-434;25,000;26,000;1,000;16/06/2023;0;0;43,750
PB;BR-434;26,000;27,000;1,000;16/06/2023;0;0;18,750
PB;BR-434;27,000;28,000;1,000;16/06/2023;0;0;55,000
PB;BR-434;28,000;29,000;1,000;16/06/2023;0;0;42,500
PB;BR-434;29,000;30,000;1,000;16/06/2023;0;0;48,750
PB;BR-434;30,000;31,000;1,000;16/06/2023;0;0;11,250
PB;BR-434;31,000;32,000;1,000;16/06/2023;0;0;22,500
PB;BR-434;32,000;33,000;1,000;16/06/2023;0;0;2,500
PB;BR-434;33,000;34,000;1,000;16/06/2023;0;0;2,500
PB;BR-434;34,000;34,400;0,400;16/06/2023;0;0;30,000
AM;BR-230;516,300;515,000;1,300;14/06/2023;-7,80787696;-62,3436767;48,750
AM;BR-230;515,000;514,000;1,000;14/06/2023;-7,80787696;-62,3436767;35,000
AM;BR-230;514,000;513,000;1,000;14/06/2023;-7,80787696;-62,3436767;35,000
AM;BR-230;513,000;512,000;1,000;14/06/2023;-7,80787696;-62,3436767;35,000
AM;BR-230;512,000;511,000;1,000;14/06/2023;-7,80787696;-62,3436767;26,250
AM;BR-230;511,000;510,000;1,000;14/06/2023;-7,80787696;-62,3436767;37,500
AM;BR-230;510,000;509,000;1,000;14/06/2023;-7,80787696;-62,3436767;37,500
AM;BR-230;509,000;508,000;1,000;14/06/2023;-7,80787696;-62,3436767;43,750
AM;BR-230;508,000;507,000;1,000;14/06/2023;-7,80787696;-62,3436767;22,500
AM;BR-230;507,000;506,000;1,000;14/06/2023;-7,80787696;-62,3436767;22,500
AM;BR-230;506,000;505,000;1,000;14/06/2023;-7,80787696;-62,3436767;22,500
AM;BR-230;505,000;504,000;1,000;14/06/2023;-7,80787696;-62,3436767;28,750
AM;BR-230;504,000;503,000;1,000;14/06/2023;-7,80787696;-62,3436767;8,750
AM;BR-230;503,000;502,000;1,000;14/06/2023;-7,80787696;-62,3436767;36,250
AM;BR-230;502,000;501,000;1,000;14/06/2023;-7,80787696;-62,3436767;7,500
AM;BR-230;501,000;500,000;1,000;14/06/2023;-7,80787696;-62,3436767;41,250
AM;BR-230;500,000;499,000;1,000;14/06/2023;-7,80787696;-62,3436767;41,250
AM;BR-230;499,000;498,000;1,000;14/06/2023;-7,80787696;-62,3436767;41,250
AM;BR-230;498,000;497,000;1,000;14/06/2023;-7,80787696;-62,3436767;7,500
AM;BR-230;497,000;496,000;1,000;14/06/2023;-7,80787696;-62,3436767;20,000
AM;BR-230;496,000;495,000;1,000;14/06/2023;-7,80787696;-62,3436767;32,500
AM;BR-230;495,000;494,000;1,000;14/06/2023;-7,80787696;-62,3436767;32,500
AM;BR-230;494,000;493,000;1,000;14/06/2023;-7,80787696;-62,3436767;5,000
AM;BR-230;493,000;492,000;1,000;14/06/2023;-7,80787696;-62,3436767;32,500
AM;BR-230;492,000;491,000;1,000;14/06/2023;-7,80787696;-62,3436767;20,000
AM;BR-230;491,000;490,000;1,000;14/06/2023;-7,80787696;-62,3436767;5,000
AM;BR-230;490,000;489,000;1,000;14/06/2023;-7,80787696;-62,3436767;5,000
AM;BR-230;489,000;488,000;1,000;14/06/2023;-7,80787696;-62,3436767;20,000
AM;BR-230;488,000;487,000;1,000;14/06/2023;-7,80787696;-62,3436767;5,000
AM;BR-230;487,000;486,000;1,000;14/06/2023;-7,80787696;-62,3436767;7,500
AM;BR-230;486,000;485,000;1,000;14/06/2023;-7,80787696;-62,3436767;7,500
AM;BR-230;485,000;484,000;1,000;14/06/2023;-7,80787696;-62,3436767;8,750
AM;BR-230;484,000;483,000;1,000;14/06/2023;-7,80787696;-62,3436767;8,750
AM;BR-230;483,000;482,000;1,000;14/06/2023;-7,80787696;-62,3436767;8,750
AM;BR-230;482,000;481,000;1,000;14/06/2023;-7,80787696;-62,3436767;8,750
AM;BR-230;481,000;480,000;1,000;14/06/2023;-7,80787696;-62,3436767;8,750
AM;BR-230;480,000;479,000;1,000;14/06/2023;-7,80787696;-62,3436767;8,750
AM;BR-230;479,000;478,000;1,000;14/06/2023;-7,80787696;-62,3436767;8,750
AM;BR-230;478,000;477,000;1,000;14/06/2023;-7,80787696;-62,3436767;8,750
AM;BR-230;477,000;476,000;1,000;14/06/2023;-7,80787696;-62,3436767;7,500
AM;BR-230;476,000;475,000;1,000;14/06/2023;-7,80787696;-62,3436767;8,750
AM;BR-230;475,000;474,000;1,000;14/06/2023;-7,80787696;-62,3436767;8,750
AM;BR-230;474,000;473,000;1,000;14/06/2023;-7,80787696;-62,3436767;8,750
AM;BR-230;473,000;472,000;1,000;14/06/2023;-7,80787696;-62,3436767;5,000
AM;BR-230;472,000;471,000;1,000;14/06/2023;-7,80787696;-62,3436767;5,000
AM;BR-230;471,000;470,000;1,000;14/06/2023;-7,80787696;-62,3436767;5,000
AM;BR-230;470,000;469,000;1,000;14/06/2023;-7,80787696;-62,3436767;5,000
AM;BR-230;469,000;468,000;1,000;14/06/2023;-7,80787696;-62,3436767;5,000
AM;BR-230;468,000;467,000;1,000;14/06/2023;-7,80787696;-62,3436767;7,500
AM;BR-230;467,000;466,000;1,000;14/06/2023;-7,80787696;-62,3436767;7,500
AM;BR-230;466,000;465,000;1,000;14/06/2023;-7,80787696;-62,3436767;7,500
AM;BR-230;465,000;464,000;1,000;14/06/2023;-7,80787696;-62,3436767;7,500
AM;BR-230;464,000;463,000;1,000;14/06/2023;-7,80787696;-62,3436767;11,250
AM;BR-230;463,000;462,000;1,000;14/06/2023;-7,80787696;-62,3436767;85,000
AM;BR-230;462,000;461,000;1,000;14/06/2023;-7,80787696;-62,3436767;81,250
AM;BR-230;461,000;460,000;1,000;14/06/2023;-7,80787696;-62,3436767;91,250
AM;BR-230;460,000;459,000;1,000;14/06/2023;-7,80787696;-62,3436767;87,500
AM;BR-230;459,000;458,000;1,000;14/06/2023;-7,80787696;-62,3436767;80,000
AM;BR-230;458,000;457,000;1,000;14/06/2023;-7,80787696;-62,3436767;95,000
AM;BR-230;457,000;456,000;1,000;14/06/2023;-7,80787696;-62,3436767;88,750
AM;BR-230;456,000;455,000;1,000;14/06/2023;-7,80787696;-62,3436767;90,000
AM;BR-230;455,000;454,000;1,000;14/06/2023;-7,80787696;-62,3436767;71,250
AM;BR-230;454,000;453,000;1,000;14/06/2023;-7,80787696;-62,3436767;88,750
AM;BR-230;453,000;452,000;1,000;14/06/2023;-7,80787696;-62,3436767;88,750
AM;BR-230;452,000;451,000;1,000;14/06/2023;-7,80787696;-62,3436767;82,500
AM;BR-230;451,000;450,000;1,000;14/06/2023;-7,80787696;-62,3436767;73,750
AM;BR-230;450,000;449,000;1,000;14/06/2023;-7,80787696;-62,3436767;81,250
AM;BR-230;449,000;448,000;1,000;14/06/2023;-7,80787696;-62,3436767;92,500
AM;BR-230;448,000;447,000;1,000;14/06/2023;-7,80787696;-62,3436767;85,000
AM;BR-230;447,000;446,000;1,000;14/06/2023;-7,80787696;-62,3436767;87,500
AM;BR-230;446,000;445,000;1,000;14/06/2023;-7,80787696;-62,3436767;95,000
AM;BR-230;445,000;444,000;1,000;14/06/2023;-7,80787696;-62,3436767;77,500
AM;BR-230;444,000;443,000;1,000;14/06/2023;-7,80787696;-62,3436767;90,000
AM;BR-230;443,000;442,000;1,000;14/06/2023;-7,80787696;-62,3436767;88,750
AM;BR-230;442,000;441,000;1,000;14/06/2023;-7,80787696;-62,3436767;63,750
AM;BR-230;441,000;440,000;1,000;14/06/2023;-7,80787696;-62,3436767;45,000
AM;BR-230;440,000;439,000;1,000;14/06/2023;-7,80787696;-62,3436767;87,500
AM;BR-230;439,000;438,000;1,000;14/06/2023;-7,80787696;-62,3436767;91,250
AM;BR-230;438,000;437,000;1,000;14/06/2023;-7,80787696;-62,3436767;87,500
AM;BR-230;437,000;436,000;1,000;14/06/2023;-7,80787696;-62,3436767;87,500
AM;BR-230;436,000;435,000;1,000;14/06/2023;-7,80787696;-62,3436767;86,250
AM;BR-230;435,000;434,000;1,000;14/06/2023;-7,80787696;-62,3436767;78,750
AM;BR-230;434,000;433,000;1,000;14/06/2023;-7,80787696;-62,3436767;91,250
AM;BR-230;433,000;432,000;1,000;14/06/2023;-7,80787696;-62,3436767;93,750
AM;BR-230;432,000;431,000;1,000;14/06/2023;-7,80787696;-62,3436767;90,000
AM;BR-230;431,000;430,000;1,000;14/06/2023;-7,80787696;-62,3436767;68,750
AM;BR-230;430,000;429,000;1,000;14/06/2023;-7,80787696;-62,3436767;62,500
AM;BR-230;429,000;428,000;1,000;14/06/2023;-7,80787696;-62,3436767;66,250
AM;BR-230;428,000;427,000;1,000;14/06/2023;-7,80787696;-62,3436767;43,750
AM;BR-230;427,000;426,000;1,000;14/06/2023;-7,80787696;-62,3436767;53,750
AM;BR-230;426,000;425,000;1,000;14/06/2023;-7,80787696;-62,3436767;17,500
AM;BR-230;425,000;424,000;1,000;14/06/2023;-7,80787696;-62,3436767;32,500
AM;BR-230;424,000;423,000;1,000;14/06/2023;-7,80787696;-62,3436767;40,000
AM;BR-230;423,000;422,000;1,000;14/06/2023;-7,80787696;-62,3436767;86,250
AM;BR-230;422,000;421,000;1,000;14/06/2023;-7,80787696;-62,3436767;70,000
AM;BR-230;421,000;420,000;1,000;14/06/2023;-7,80787696;-62,3436767;76,250
AM;BR-230;420,000;419,000;1,000;14/06/2023;-7,80787696;-62,3436767;87,500
AM;BR-230;419,000;418,000;1,000;14/06/2023;-7,80787696;-62,3436767;87,500
AM;BR-230;418,000;417,000;1,000;14/06/2023;-7,80787696;-62,3436767;76,250
AM;BR-230;417,000;416,000;1,000;14/06/2023;-7,80787696;-62,3436767;76,250
AM;BR-230;416,000;415,000;1,000;14/06/2023;-7,80787696;-62,3436767;80,000
AM;BR-230;415,000;414,000;1,000;14/06/2023;-7,80787696;-62,3436767;86,250
AM;BR-230;414,000;413,000;1,000;14/06/2023;-7,80787696;-62,3436767;71,250
AM;BR-230;413,000;412,000;1,000;14/06/2023;-7,80787696;-62,3436767;73,750
AM;BR-230;412,000;411,000;1,000;14/06/2023;-7,80787696;-62,3436767;87,500
AM;BR-230;411,000;410,000;1,000;14/06/2023;-7,80787696;-62,3436767;85,000
AM;BR-230;410,000;409,000;1,000;14/06/2023;-7,80787696;-62,3436767;85,000
AM;BR-230;409,000;408,000;1,000;14/06/2023;-7,80787696;-62,3436767;83,750
AM;BR-230;408,000;407,000;1,000;14/06/2023;-7,80787696;-62,3436767;73,750
AM;BR-230;407,000;406,000;1,000;14/06/2023;-7,80787696;-62,3436767;63,750
AM;BR-230;406,000;405,000;1,000;14/06/2023;-7,80787696;-62,3436767;71,250
AM;BR-230;405,000;404,000;1,000;14/06/2023;-7,80787696;-62,3436767;57,500
AM;BR-230;404,000;403,000;1,000;14/06/2023;-7,80787696;-62,3436767;57,500
AM;BR-230;403,000;402,000;1,000;14/06/2023;-7,80787696;-62,3436767;42,500
AM;BR-230;402,000;401,000;1,000;14/06/2023;-7,80787696;-62,3436767;80,000
AM;BR-230;401,000;400,600;0,400;14/06/2023;-7,80787696;-62,3436767;83,750
AM;BR-230;400,600;399,000;1,600;14/06/2023;-7,80787696;-62,3436767;95,000
AM;BR-230;399,000;398,000;1,000;14/06/2023;-7,80787696;-62,3436767;80,000
AM;BR-230;398,000;397,000;1,000;14/06/2023;-7,80787696;-62,3436767;80,000
AM;BR-230;397,000;396,000;1,000;14/06/2023;-7,80787696;-62,3436767;93,750
AM;BR-230;396,000;395,000;1,000;14/06/2023;-7,80787696;-62,3436767;87,500
AM;BR-230;395,000;394,000;1,000;14/06/2023;-7,80787696;-62,3436767;87,500
AM;BR-230;394,000;393,000;1,000;14/06/2023;-7,80787696;-62,3436767;80,000
AM;BR-230;393,000;392,000;1,000;14/06/2023;-7,80787696;-62,3436767;92,500
AM;BR-230;392,000;391,000;1,000;14/06/2023;-7,80787696;-62,3436767;90,000
AM;BR-230;391,000;390,000;1,000;14/06/2023;-7,80787696;-62,3436767;75,000
AM;BR-230;390,000;389,000;1,000;14/06/2023;-7,80787696;-62,3436767;90,000
AM;BR-230;389,000;388,000;1,000;14/06/2023;-7,80787696;-62,3436767;92,500
AM;BR-230;388,000;387,000;1,000;14/06/2023;-7,80787696;-62,3436767;86,250
AM;BR-230;387,000;386,000;1,000;14/06/2023;-7,80787696;-62,3436767;78,750
AM;BR-230;386,000;385,000;1,000;14/06/2023;-7,80787696;-62,3436767;71,250
AM;BR-230;385,000;384,000;1,000;14/06/2023;-7,80787696;-62,3436767;83,750
AM;BR-230;384,000;383,000;1,000;14/06/2023;-7,80787696;-62,3436767;72,500
AM;BR-230;383,000;382,000;1,000;14/06/2023;-7,80787696;-62,3436767;80,000
AM;BR-230;382,000;381,000;1,000;14/06/2023;-7,80787696;-62,3436767;75,000
AM;BR-230;381,000;380,000;1,000;14/06/2023;-7,80787696;-62,3436767;76,250
AM;BR-230;380,000;379,000;1,000;14/06/2023;-7,80787696;-62,3436767;71,250
AM;BR-230;379,000;378,000;1,000;14/06/2023;-7,80787696;-62,3436767;56,250
AM;BR-230;378,000;377,000;1,000;14/06/2023;-7,80787696;-62,3436767;48,750
AM;BR-230;377,000;376,000;1,000;14/06/2023;-7,80787696;-62,3436767;86,250
AM;BR-230;376,000;375,000;1,000;14/06/2023;-7,80787696;-62,3436767;87,500
AM;BR-230;375,000;374,000;1,000;14/06/2023;-7,80787696;-62,3436767;87,500
AM;BR-230;374,000;373,000;1,000;14/06/2023;-7,80787696;-62,3436767;81,250
AM;BR-230;373,000;372,000;1,000;14/06/2023;-7,80787696;-62,3436767;77,500
AM;BR-230;372,000;371,000;1,000;14/06/2023;-7,80787696;-62,3436767;70,000
AM;BR-230;371,000;370,000;1,000;14/06/2023;-7,80787696;-62,3436767;52,500
AM;BR-230;370,000;369,000;1,000;14/06/2023;-7,80787696;-62,3436767;48,750
AM;BR-230;369,000;368,000;1,000;14/06/2023;-7,80787696;-62,3436767;47,500
AM;BR-230;368,000;367,000;1,000;14/06/2023;-7,80787696;-62,3436767;67,500
AM;BR-230;367,000;366,000;1,000;14/06/2023;-7,80787696;-62,3436767;62,500
AM;BR-230;366,000;365,000;1,000;14/06/2023;-7,80787696;-62,3436767;78,750
AM;BR-230;365,000;364,000;1,000;14/06/2023;-7,80787696;-62,3436767;78,750
AM;BR-230;364,000;363,000;1,000;14/06/2023;-7,80787696;-62,3436767;73,750
AM;BR-230;363,000;362,000;1,000;14/06/2023;-7,80787696;-62,3436767;81,250
AM;BR-230;362,000;361,000;1,000;14/06/2023;-7,80787696;-62,3436767;75,000
AM;BR-230;361,000;360,000;1,000;14/06/2023;-7,80787696;-62,3436767;32,500
AM;BR-230;360,000;359,000;1,000;14/06/2023;-7,80787696;-62,3436767;63,750
AM;BR-230;359,000;358,000;1,000;14/06/2023;-7,80787696;-62,3436767;45,000
AM;BR-230;358,000;357,000;1,000;14/06/2023;-7,80787696;-62,3436767;68,750
AM;BR-230;357,000;356,000;1,000;14/06/2023;-7,80787696;-62,3436767;87,500
AM;BR-230;356,000;355,000;1,000;14/06/2023;-7,80787696;-62,3436767;91,250
AM;BR-230;355,000;354,000;1,000;14/06/2023;-7,80787696;-62,3436767;95,000
AM;BR-230;354,000;353,000;1,000;14/06/2023;-7,80787696;-62,3436767;80,000
AM;BR-230;353,000;352,000;1,000;14/06/2023;-7,80787696;-62,3436767;82,500
AM;BR-230;352,000;351,000;1,000;14/06/2023;-7,80787696;-62,3436767;48,750
AM;BR-230;351,000;350,000;1,000;14/06/2023;-7,80787696;-62,3436767;55,000
AM;BR-230;350,000;349,000;1,000;14/06/2023;-7,80787696;-62,3436767;55,000
AM;BR-230;349,000;348,000;1,000;14/06/2023;-7,80787696;-62,3436767;77,500
AM;BR-230;348,000;347,000;1,000;14/06/2023;-7,80787696;-62,3436767;68,750
AM;BR-230;347,000;346,000;1,000;14/06/2023;-7,80787696;-62,3436767;82,500
AM;BR-230;346,000;345,000;1,000;14/06/2023;-7,80787696;-62,3436767;78,750
AM;BR-230;345,000;344,000;1,000;14/06/2023;-7,80787696;-62,3436767;57,500
AM;BR-230;344,000;343,000;1,000;14/06/2023;-7,80787696;-62,3436767;41,250
AM;BR-230;343,000;342,000;1,000;14/06/2023;-7,80787696;-62,3436767;65,000
AM;BR-230;342,000;341,000;1,000;14/06/2023;-7,80787696;-62,3436767;38,750
AM;BR-230;341,000;340,000;1,000;14/06/2023;-7,80787696;-62,3436767;32,500
AM;BR-230;340,000;339,000;1,000;14/06/2023;-7,80787696;-62,3436767;38,750
AM;BR-230;339,000;338,000;1,000;14/06/2023;-7,80787696;-62,3436767;71,250
AM;BR-230;338,000;337,000;1,000;14/06/2023;-7,80787696;-62,3436767;86,250
AM;BR-230;337,000;336,000;1,000;14/06/2023;-7,80787696;-62,3436767;71,250
AM;BR-230;336,000;335,000;1,000;14/06/2023;-7,80787696;-62,3436767;61,250
AM;BR-230;335,000;334,000;1,000;14/06/2023;-7,80787696;-62,3436767;78,750
AM;BR-230;334,000;333,000;1,000;14/06/2023;-7,80787696;-62,3436767;5,000
AM;BR-230;333,000;332,000;1,000;14/06/2023;-7,80787696;-62,3436767;38,750
AM;BR-230;332,000;331,000;1,000;14/06/2023;-7,80787696;-62,3436767;23,750
AM;BR-230;331,000;330,000;1,000;14/06/2023;-7,80787696;-62,3436767;45,000
AM;BR-230;330,000;329,000;1,000;14/06/2023;-7,80787696;-62,3436767;30,000
AM;BR-230;329,000;328,000;1,000;14/06/2023;-7,80787696;-62,3436767;55,000
AM;BR-230;328,000;327,000;1,000;14/06/2023;-7,80787696;-62,3436767;53,750
AM;BR-230;327,000;326,000;1,000;14/06/2023;-7,80787696;-62,3436767;61,250
AM;BR-230;326,000;325,000;1,000;14/06/2023;-7,80787696;-62,3436767;52,500
AM;BR-230;325,000;324,000;1,000;14/06/2023;-7,80787696;-62,3436767;38,750
AM;BR-230;324,000;323,000;1,000;14/06/2023;-7,80787696;-62,3436767;23,750
AM;BR-230;323,000;322,000;1,000;14/06/2023;-7,80787696;-62,3436767;45,000
AM;BR-230;322,000;321,000;1,000;14/06/2023;-7,80787696;-62,3436767;52,500
AM;BR-230;321,000;320,000;1,000;14/06/2023;-7,80787696;-62,3436767;52,500
AM;BR-230;320,000;319,000;1,000;14/06/2023;-7,80787696;-62,3436767;52,500
AM;BR-230;319,000;318,000;1,000;14/06/2023;-7,80787696;-62,3436767;52,500
AM;BR-230;318,000;317,000;1,000;14/06/2023;-7,80787696;-62,3436767;46,250
AM;BR-230;317,000;316,000;1,000;14/06/2023;-7,80787696;-62,3436767;46,250
AM;BR-230;316,000;315,000;1,000;14/06/2023;-7,80787696;-62,3436767;46,250
AM;BR-230;315,000;314,800;0,200;14/06/2023;-7,80787696;-62,3436767;46,250
AM;BR-230;314,400;313,000;1,400;14/06/2023;-7,80787696;-62,3436767;17,500
AM;BR-230;313,000;312,000;1,000;14/06/2023;-7,5235565;-60,6696152;38,750
AM;BR-230;312,000;311,000;1,000;14/06/2023;-7,5235565;-60,6696152;5,000
AM;BR-230;311,000;310,000;1,000;14/06/2023;-7,5235565;-60,6696152;38,750
AM;BR-230;310,000;309,000;1,000;14/06/2023;-7,5235565;-60,6696152;53,750
AM;BR-230;309,000;308,000;1,000;14/06/2023;-7,5235565;-60,6696152;52,500
AM;BR-230;308,000;307,000;1,000;14/06/2023;-7,5235565;-60,6696152;67,500
AM;BR-230;307,000;306,000;1,000;14/06/2023;-7,5235565;-60,6696152;66,250
AM;BR-230;306,000;305,000;1,000;14/06/2023;-7,5235565;-60,6696152;55,000
AM;BR-230;305,000;304,000;1,000;14/06/2023;-7,5235565;-60,6696152;68,750
AM;BR-230;304,000;303,000;1,000;14/06/2023;-7,5235565;-60,6696152;90,000
AM;BR-230;303,000;302,000;1,000;14/06/2023;-7,5235565;-60,6696152;71,250
AM;BR-230;302,000;301,000;1,000;14/06/2023;-7,5235565;-60,6696152;62,500
AM;BR-230;301,000;300,000;1,000;14/06/2023;-7,5235565;-60,6696152;60,000
AM;BR-230;300,000;299,000;1,000;14/06/2023;-7,5235565;-60,6696152;73,750
AM;BR-230;299,000;298,000;1,000;14/06/2023;-7,5235565;-60,6696152;62,500
AM;BR-230;298,000;297,000;1,000;14/06/2023;-7,5235565;-60,6696152;81,250
AM;BR-230;297,000;296,000;1,000;14/06/2023;-7,5235565;-60,6696152;56,250
AM;BR-230;296,000;295,000;1,000;14/06/2023;-7,5235565;-60,6696152;81,250
AM;BR-230;295,000;294,000;1,000;14/06/2023;-7,5235565;-60,6696152;62,500
AM;BR-230;294,000;293,000;1,000;14/06/2023;-7,5235565;-60,6696152;88,750
AM;BR-230;293,000;292,000;1,000;14/06/2023;-7,5235565;-60,6696152;48,750
AM;BR-230;292,000;291,000;1,000;14/06/2023;-7,5235565;-60,6696152;47,500
AM;BR-230;291,000;290,000;1,000;14/06/2023;-7,5235565;-60,6696152;48,750
AM;BR-230;290,000;289,000;1,000;14/06/2023;-7,5235565;-60,6696152;81,250
AM;BR-230;289,000;288,000;1,000;14/06/2023;-7,5235565;-60,6696152;87,500
AM;BR-230;288,000;287,000;1,000;14/06/2023;-7,5235565;-60,6696152;71,250
AM;BR-230;287,000;286,000;1,000;14/06/2023;-7,5235565;-60,6696152;81,250
AM;BR-230;286,000;285,000;1,000;14/06/2023;-7,5235565;-60,6696152;77,500
AM;BR-230;285,000;284,000;1,000;14/06/2023;-7,5235565;-60,6696152;81,250
AM;BR-230;284,000;283,000;1,000;14/06/2023;-7,5235565;-60,6696152;81,250
AM;BR-230;283,000;282,000;1,000;14/06/2023;-7,5235565;-60,6696152;67,500
AM;BR-230;282,000;281,000;1,000;14/06/2023;-7,5235565;-60,6696152;22,500
AM;BR-230;281,000;280,000;1,000;14/06/2023;-7,5235565;-60,6696152;70,000
AM;BR-230;280,000;279,000;1,000;14/06/2023;-7,5235565;-60,6696152;55,000
AM;BR-230;279,000;278,000;1,000;14/06/2023;-7,5235565;-60,6696152;55,000
AM;BR-230;278,000;277,000;1,000;14/06/2023;-7,5235565;-60,6696152;7,500
AM;BR-230;277,000;276,000;1,000;14/06/2023;-7,5235565;-60,6696152;22,500
AM;BR-230;276,000;275,000;1,000;14/06/2023;-7,5235565;-60,6696152;47,500
AM;BR-230;275,000;274,000;1,000;14/06/2023;-7,5235565;-60,6696152;22,500
AM;BR-230;274,000;273,000;1,000;14/06/2023;-7,5235565;-60,6696152;26,250
AM;BR-230;273,000;272,000;1,000;14/06/2023;-7,5235565;-60,6696152;48,750
AM;BR-230;272,000;271,000;1,000;14/06/2023;-7,5235565;-60,6696152;62,500
AM;BR-230;271,000;270,000;1,000;14/06/2023;-7,5235565;-60,6696152;22,500
AM;BR-230;270,000;269,000;1,000;14/06/2023;-7,9210531;-61,5640118;35,000
AM;BR-230;269,000;268,000;1,000;14/06/2023;-7,9210531;-61,5640118;42,500
AM;BR-230;268,000;267,000;1,000;14/06/2023;-7,9210531;-61,5640118;62,500
AM;BR-230;267,000;266,000;1,000;14/06/2023;-7,9210531;-61,5640118;41,250
AM;BR-230;266,000;265,000;1,000;14/06/2023;-7,9210531;-61,5640118;41,250
AM;BR-230;265,000;264,000;1,000;14/06/2023;-7,9210531;-61,5640118;48,750
AM;BR-230;264,000;263,000;1,000;14/06/2023;-7,9210531;-61,5640118;35,000
AM;BR-230;263,000;262,000;1,000;14/06/2023;-7,9210531;-61,5640118;35,000
AM;BR-230;262,000;261,000;1,000;14/06/2023;-7,9210531;-61,5640118;41,250
AM;BR-230;261,000;260,000;1,000;14/06/2023;-7,9210531;-61,5640118;47,500
AM;BR-230;260,000;259,000;1,000;14/06/2023;-7,9210531;-61,5640118;41,250
AM;BR-230;259,000;258,000;1,000;14/06/2023;-7,9210531;-61,5640118;48,750
AM;BR-230;258,000;257,000;1,000;14/06/2023;-7,9210531;-61,5640118;41,250
AM;BR-230;257,000;256,000;1,000;14/06/2023;-7,9210531;-61,5640118;41,250
AM;BR-230;256,000;255,000;1,000;14/06/2023;-7,9210531;-61,5640118;41,250
AM;BR-230;255,000;254,000;1,000;14/06/2023;-7,9210531;-61,5640118;35,000
AM;BR-230;254,000;253,000;1,000;14/06/2023;-7,9210531;-61,5640118;41,250
AM;BR-230;253,000;252,000;1,000;14/06/2023;-7,9210531;-61,5640118;22,500
AM;BR-230;252,000;251,000;1,000;14/06/2023;-7,9210531;-61,5640118;22,500
AM;BR-230;251,000;250,000;1,000;14/06/2023;-7,9210531;-61,5640118;22,500
AM;BR-230;250,000;249,000;1,000;14/06/2023;-7,9210531;-61,5640118;37,500
AM;BR-230;249,000;248,000;1,000;14/06/2023;-7,9210531;-61,5640118;22,500
AM;BR-230;248,000;247,000;1,000;14/06/2023;-7,9210531;-61,5640118;41,250
AM;BR-230;247,000;246,000;1,000;14/06/2023;-7,9210531;-61,5640118;41,250
AM;BR-230;246,000;245,000;1,000;14/06/2023;-7,9210531;-61,5640118;22,500
AM;BR-230;245,000;244,000;1,000;14/06/2023;-7,9210531;-61,5640118;35,000
AM;BR-230;244,000;243,000;1,000;14/06/2023;-7,9210531;-61,5640118;22,500
AM;BR-230;243,000;242,000;1,000;14/06/2023;-7,9210531;-61,5640118;22,500
AM;BR-230;242,000;241,000;1,000;14/06/2023;-7,9210531;-61,5640118;20,000
AM;BR-230;241,000;240,000;1,000;14/06/2023;-7,9210531;-61,5640118;41,250
AM;BR-230;240,000;239,000;1,000;14/06/2023;-7,9210531;-61,5640118;22,500
AM;BR-230;239,000;238,000;1,000;14/06/2023;-7,9210531;-61,5640118;22,500
AM;BR-230;238,000;237,000;1,000;14/06/2023;-7,9210531;-61,5640118;35,000
AM;BR-230;237,000;236,000;1,000;14/06/2023;-7,9210531;-61,5640118;35,000
AM;BR-230;236,000;235,000;1,000;14/06/2023;-7,9210531;-61,5640118;36,250
AM;BR-230;235,000;234,000;1,000;14/06/2023;-7,9210531;-61,5640118;56,250
AM;BR-230;234,000;233,000;1,000;14/06/2023;-7,9210531;-61,5640118;56,250
AM;BR-230;233,000;232,000;1,000;14/06/2023;-7,9210531;-61,5640118;82,500
AM;BR-230;232,000;231,000;1,000;14/06/2023;-7,9210531;-61,5640118;56,250
AM;BR-230;231,000;230,000;1,000;14/06/2023;-7,9210531;-61,5640118;55,000
AM;BR-230;230,000;229,000;1,000;14/06/2023;-7,9210531;-61,5640118;67,500
AM;BR-230;229,000;228,000;1,000;14/06/2023;-7,9210531;-61,5640118;82,500
AM;BR-230;228,000;227,000;1,000;14/06/2023;-7,9210531;-61,5640118;71,250
AM;BR-230;227,000;226,000;1,000;14/06/2023;-7,9210531;-61,5640118;82,500
AM;BR-230;226,000;225,000;1,000;14/06/2023;-7,9210531;-61,5640118;75,000
AM;BR-230;225,000;224,000;1,000;14/06/2023;-7,9210531;-61,5640118;86,250
AM;BR-230;224,000;223,000;1,000;14/06/2023;-7,9210531;-61,5640118;48,750
AM;BR-230;223,000;222,000;1,000;14/06/2023;-7,2006508;-59,8921381;48,750
AM;BR-230;222,000;221,000;1,000;14/06/2023;-7,2006508;-59,8921381;50,000
AM;BR-230;221,000;220,000;1,000;14/06/2023;-7,2006508;-59,8921381;22,500
AM;BR-230;220,000;219,000;1,000;14/06/2023;-7,2006508;-59,8921381;22,500
AM;BR-230;219,000;218,000;1,000;14/06/2023;-7,2006508;-59,8921381;41,250
AM;BR-230;218,000;217,000;1,000;14/06/2023;-7,2006508;-59,8921381;35,000
AM;BR-230;217,000;216,000;1,000;14/06/2023;-7,2006508;-59,8921381;22,500
AM;BR-230;216,000;215,000;1,000;14/06/2023;-7,2006508;-59,8921381;30,000
AM;BR-230;215,000;214,000;1,000;14/06/2023;-7,2012199;-59,8917771;22,500
AM;BR-230;214,000;213,200;0,800;14/06/2023;-7,2011939;-59,8914161;22,500
AM;BR-174;195,000;196,000;1,000;17/06/2023;-7,50513233;-60,5993517;10,000
AM;BR-174;196,000;197,000;1,000;17/06/2023;-7,50513233;-60,5993517;10,000
AM;BR-174;197,000;198,000;1,000;17/06/2023;-7,50513233;-60,5993517;10,000
AM;BR-174;198,000;199,000;1,000;17/06/2023;-7,50513233;-60,5993517;10,000
AM;BR-174;199,000;200,000;1,000;17/06/2023;-7,50513233;-60,5993517;7,500
AM;BR-174;200,000;201,000;1,000;17/06/2023;-7,50513233;-60,5993517;30,000
AM;BR-174;201,000;202,000;1,000;17/06/2023;-7,50513233;-60,5993517;7,500
AM;BR-174;202,000;203,000;1,000;17/06/2023;-7,50513233;-60,5993517;8,750
AM;BR-174;203,000;204,000;1,000;17/06/2023;-7,50513233;-60,5993517;7,500
AM;BR-174;204,000;205,000;1,000;17/06/2023;-7,50513233;-60,5993517;15,000
AM;BR-174;205,000;206,000;1,000;17/06/2023;-7,50513233;-60,5993517;15,000
AM;BR-174;206,000;207,000;1,000;17/06/2023;-7,50513233;-60,5993517;31,250
AM;BR-174;207,000;208,000;1,000;17/06/2023;-7,50513233;-60,5993517;35,000
AM;BR-174;208,000;209,000;1,000;17/06/2023;-7,50513233;-60,5993517;35,000
AM;BR-174;209,000;210,000;1,000;17/06/2023;-7,50513233;-60,5993517;31,250
AM;BR-174;210,000;211,000;1,000;17/06/2023;-7,50513233;-60,5993517;30,000
AM;BR-174;211,000;212,000;1,000;17/06/2023;-7,50513233;-60,5993517;30,000
AM;BR-174;212,000;213,000;1,000;17/06/2023;-7,50513233;-60,5993517;31,250
AM;BR-174;213,000;214,000;1,000;17/06/2023;-7,50513233;-60,5993517;10,000
AM;BR-174;214,000;215,000;1,000;17/06/2023;-7,50513233;-60,5993517;7,500
AM;BR-174;215,000;216,000;1,000;17/06/2023;-7,50513233;-60,5993517;8,750
AM;BR-174;216,000;217,000;1,000;17/06/2023;-7,50513233;-60,5993517;8,750
AM;BR-174;217,000;218,000;1,000;17/06/2023;-7,50513233;-60,5993517;7,500
AM;BR-174;218,000;219,000;1,000;17/06/2023;-7,50513233;-60,5993517;41,250
AM;BR-174;219,000;220,000;1,000;17/06/2023;-7,50513233;-60,5993517;7,500
AM;BR-174;220,000;221,000;1,000;17/06/2023;-7,50513233;-60,5993517;33,750
AM;BR-174;221,000;222,000;1,000;17/06/2023;-7,50513233;-60,5993517;30,000
AM;BR-174;222,000;223,000;1,000;17/06/2023;-7,50513233;-60,5993517;15,000
AM;BR-174;223,000;224,000;1,000;17/06/2023;-7,50513233;-60,5993517;15,000
AM;BR-174;224,000;225,000;1,000;17/06/2023;-7,50513233;-60,5993517;15,000
AM;BR-174;225,000;226,000;1,000;17/06/2023;-7,50513233;-60,5993517;31,250
AM;BR-174;226,000;227,000;1,000;17/06/2023;-7,50513233;-60,5993517;36,250
AM;BR-230;206,000;205,000;1,000;15/06/2023;-7,1910481;-59,882753;7,500
AM;BR-230;205,000;204,000;1,000;15/06/2023;-7,1910481;-59,882753;7,500
AM;BR-230;204,000;203,000;1,000;15/06/2023;-7,1910481;-59,882753;7,500
AM;BR-230;203,000;202,000;1,000;15/06/2023;-7,1910481;-59,882753;7,500
AM;BR-230;202,000;201,000;1,000;15/06/2023;-7,1910481;-59,882753;7,500
AM;BR-230;201,000;200,000;1,000;15/06/2023;-7,1910481;-59,882753;7,500
AM;BR-230;200,000;199,000;1,000;15/06/2023;-7,1910481;-59,882753;7,500
AM;BR-230;199,000;198,000;1,000;15/06/2023;-7,1910481;-59,882753;15,000
AM;BR-230;198,000;197,000;1,000;15/06/2023;-7,1910481;-59,882753;15,000
AM;BR-230;197,000;196,000;1,000;15/06/2023;-7,1910481;-59,882753;7,500
AM;BR-230;196,000;195,000;1,000;15/06/2023;-7,1910481;-59,882753;7,500
AM;BR-230;195,000;194,000;1,000;15/06/2023;-7,1910481;-59,882753;7,500
AM;BR-230;194,000;193,000;1,000;15/06/2023;-7,1910481;-59,882753;7,500
AM;BR-230;193,000;192,000;1,000;15/06/2023;-7,1910481;-59,882753;7,500
AM;BR-230;192,000;191,000;1,000;15/06/2023;-7,1910481;-59,882753;7,500
AM;BR-230;191,000;190,000;1,000;15/06/2023;-7,1910481;-59,882753;7,500
AM;BR-230;190,000;189,000;1,000;15/06/2023;-7,1910481;-59,882753;7,500
AM;BR-230;189,000;188,000;1,000;15/06/2023;-7,1910481;-59,882753;7,500
AM;BR-230;188,000;187,000;1,000;15/06/2023;-7,1910481;-59,882753;7,500
AM;BR-230;187,000;186,000;1,000;15/06/2023;-7,1910481;-59,882753;7,500
AM;BR-230;186,000;185,000;1,000;15/06/2023;-7,1910481;-59,882753;7,500
AM;BR-230;185,000;184,000;1,000;15/06/2023;-7,1907209;-59,887148;7,500
AM;BR-230;184,000;183,000;1,000;15/06/2023;-7,1907209;-59,887148;7,500
AM;BR-230;183,000;182,000;1,000;15/06/2023;-7,1907209;-59,887148;7,500
AM;BR-230;182,000;181,000;1,000;15/06/2023;-7,1907209;-59,887148;7,500
AM;BR-230;181,000;180,000;1,000;15/06/2023;-7,1907209;-59,887148;7,500
AM;BR-230;180,000;179,000;1,000;15/06/2023;-7,1907209;-59,887148;7,500
AM;BR-230;179,000;178,000;1,000;15/06/2023;-7,1907209;-59,887148;7,500
AM;BR-230;178,000;177,000;1,000;15/06/2023;-7,1907209;-59,887148;7,500
AM;BR-230;177,000;176,000;1,000;15/06/2023;-7,1907209;-59,887148;7,500
AM;BR-230;176,000;175,000;1,000;15/06/2023;-7,1907209;-59,887148;7,500
AM;BR-230;175,000;174,000;1,000;15/06/2023;-7,1907209;-59,887148;7,500
AM;BR-230;174,000;173,000;1,000;15/06/2023;-7,1907209;-59,887148;7,500
AM;BR-230;173,000;172,000;1,000;15/06/2023;-7,1907209;-59,887148;7,500
AM;BR-230;172,000;171,000;1,000;15/06/2023;-7,1907209;-59,887148;7,500
AM;BR-230;171,000;170,000;1,000;15/06/2023;-7,1907209;-59,887148;7,500
AM;BR-230;170,000;169,000;1,000;15/06/2023;-7,1907209;-59,887148;7,500
AM;BR-230;169,000;168,000;1,000;15/06/2023;-7,1907209;-59,887148;7,500
AM;BR-230;168,000;167,000;1,000;15/06/2023;-7,1907209;-59,887148;7,500
AM;BR-230;167,000;166,000;1,000;15/06/2023;-7,1907209;-59,887148;7,500
AM;BR-230;166,000;165,000;1,000;15/06/2023;-7,1907209;-59,887148;7,500
AM;BR-230;165,000;164,000;1,000;15/06/2023;-7,1907209;-59,887148;7,500
AM;BR-230;164,000;163,000;1,000;15/06/2023;-7,1907209;-59,887148;7,500
AM;BR-230;163,000;162,000;1,000;15/06/2023;-7,1907209;-59,887148;7,500
AM;BR-230;162,000;161,000;1,000;15/06/2023;-7,1907209;-59,887148;7,500
AM;BR-230;161,000;160,000;1,000;15/06/2023;-7,1907209;-59,887148;23,750
AM;BR-230;160,000;159,000;1,000;15/06/2023;-7,1907209;-59,887148;23,750
AM;BR-230;159,000;158,000;1,000;15/06/2023;-7,1907209;-59,887148;23,750
AM;BR-230;158,000;157,000;1,000;15/06/2023;-7,1907209;-59,887148;7,500
AM;BR-230;157,000;156,000;1,000;15/06/2023;-7,1907209;-59,887148;7,500
AM;BR-230;156,000;155,000;1,000;15/06/2023;-7,1907209;-59,887148;7,500
AM;BR-230;155,000;154,000;1,000;15/06/2023;-7,1907209;-59,887148;7,500
AM;BR-230;154,000;153,000;1,000;15/06/2023;-7,1907209;-59,887148;7,500
AM;BR-230;153,000;152,000;1,000;15/06/2023;-7,1907209;-59,887148;7,500
AM;BR-230;152,000;151,000;1,000;15/06/2023;-7,1907209;-59,887148;7,500
AM;BR-230;151,000;150,000;1,000;15/06/2023;-7,1907209;-59,887148;7,500
AM;BR-230;150,000;149,000;1,000;15/06/2023;-7,1907209;-59,887148;7,500
AM;BR-230;149,000;148,000;1,000;15/06/2023;-7,1907209;-59,887148;10,000
AM;BR-230;148,000;147,000;1,000;15/06/2023;-7,1907209;-59,887148;7,500
AM;BR-230;147,000;146,000;1,000;15/06/2023;-7,1907209;-59,887148;10,000
AM;BR-230;146,000;145,000;1,000;15/06/2023;-7,1907209;-59,887148;7,500
AM;BR-230;145,000;144,000;1,000;15/06/2023;-7,1907209;-59,887148;7,500
AM;BR-230;144,000;143,000;1,000;15/06/2023;-7,1907209;-59,887148;7,500
AM;BR-230;143,000;142,000;1,000;15/06/2023;-7,1907209;-59,887148;8,750
AM;BR-230;142,000;141,000;1,000;15/06/2023;-7,1907209;-59,887148;8,750
AM;BR-230;141,000;140,000;1,000;15/06/2023;-7,1907209;-59,887148;7,500
AM;BR-230;140,000;139,000;1,000;15/06/2023;-7,1907209;-59,887148;7,500
AM;BR-230;139,000;138,000;1,000;15/06/2023;-7,1907209;-59,887148;7,500
AM;BR-230;138,000;137,000;1,000;15/06/2023;-7,1907209;-59,887148;7,500
AM;BR-230;137,000;136,000;1,000;15/06/2023;-7,1907209;-59,887148;10,000
AM;BR-230;136,000;135,000;1,000;15/06/2023;-7,1907209;-59,887148;10,000
AM;BR-230;135,000;134,000;1,000;15/06/2023;-7,1907209;-59,887148;8,750
AM;BR-230;134,000;133,000;1,000;15/06/2023;-7,1907209;-59,887148;8,750
AM;BR-230;133,000;132,000;1,000;15/06/2023;-7,1907209;-59,887148;10,000
AM;BR-230;132,000;131,000;1,000;15/06/2023;-7,1907209;-59,887148;10,000
AM;BR-230;131,000;130,000;1,000;15/06/2023;-7,1907209;-59,887148;10,000
AM;BR-230;130,000;129,000;1,000;15/06/2023;-7,1907209;-59,887148;10,000
AM;BR-230;129,000;128,000;1,000;15/06/2023;-7,1907209;-59,887148;8,750
AM;BR-230;128,000;127,000;1,000;15/06/2023;-7,1907209;-59,887148;8,750
AM;BR-230;127,000;126,000;1,000;15/06/2023;-7,1907209;-59,887148;8,750
AM;BR-230;126,000;125,000;1,000;15/06/2023;-7,1907209;-59,887148;8,750
AM;BR-230;125,000;124,000;1,000;15/06/2023;-7,1907209;-59,887148;8,750
AM;BR-230;124,000;123,000;1,000;15/06/2023;-7,1907209;-59,887148;8,750
AM;BR-230;123,000;122,000;1,000;15/06/2023;-7,1907209;-59,887148;8,750
AM;BR-230;122,000;121,000;1,000;15/06/2023;-7,1907209;-59,887148;8,750
AM;BR-230;121,000;120,000;1,000;15/06/2023;-7,1907209;-59,887148;7,500
AM;BR-230;120,000;119,000;1,000;15/06/2023;-7,1907209;-59,887148;7,500
AM;BR-230;119,000;118,000;1,000;15/06/2023;-7,1907209;-59,887148;7,500
AM;BR-230;118,000;117,000;1,000;15/06/2023;-7,1907209;-59,887148;7,500
AM;BR-230;117,000;116,000;1,000;15/06/2023;-7,1907209;-59,887148;7,500
AM;BR-230;116,000;115,000;1,000;15/06/2023;-7,1907209;-59,887148;7,500
AM;BR-230;115,000;114,000;1,000;15/06/2023;-7,1907209;-59,887148;7,500
AM;BR-230;114,000;113,000;1,000;15/06/2023;-7,1907209;-59,887148;8,750
AM;BR-230;113,000;112,000;1,000;15/06/2023;-7,1907209;-59,887148;7,500
AM;BR-230;112,000;111,000;1,000;15/06/2023;-7,1907209;-59,887148;8,750
AM;BR-230;111,000;110,000;1,000;15/06/2023;-7,1907209;-59,887148;8,750
AM;BR-230;110,000;109,000;1,000;15/06/2023;-7,1907209;-59,887148;7,500
AM;BR-230;109,000;108,000;1,000;15/06/2023;-7,1907209;-59,887148;7,500
AM;BR-230;108,000;107,000;1,000;15/06/2023;-7,1907209;-59,887148;10,000
AM;BR-230;107,000;106,000;1,000;15/06/2023;-7,1907209;-59,887148;8,750
AM;BR-230;106,000;105,000;1,000;15/06/2023;-7,1990422;-59,887112;10,000
AM;BR-230;105,000;104,000;1,000;15/06/2023;-7,1990422;-59,887112;10,000
AM;BR-230;104,000;103,000;1,000;15/06/2023;-7,1990422;-59,887112;10,000
AM;BR-230;103,000;102,000;1,000;15/06/2023;-7,1990422;-59,887112;8,750
AM;BR-230;102,000;101,000;1,000;15/06/2023;-7,1990422;-59,887112;7,500
AM;BR-230;101,000;100,000;1,000;15/06/2023;-7,1990422;-59,887112;7,500
AM;BR-230;100,000;99,000;1,000;15/06/2023;-7,1990422;-59,887112;5,000
AM;BR-230;99,000;98,000;1,000;15/06/2023;-7,1990422;-59,887112;5,000
AM;BR-230;98,000;97,000;1,000;15/06/2023;-7,1990422;-59,887112;7,500
AM;BR-230;97,000;96,000;1,000;15/06/2023;-7,1990422;-59,887112;5,000
AM;BR-230;96,000;95,000;1,000;15/06/2023;-7,1990422;-59,887112;7,500
AM;BR-230;95,000;94,000;1,000;15/06/2023;-7,1990422;-59,887112;5,000
AM;BR-230;94,000;93,000;1,000;15/06/2023;-7,1990422;-59,887112;5,000
AM;BR-230;93,000;92,000;1,000;15/06/2023;-7,1990422;-59,887112;5,000
AM;BR-230;92,000;91,000;1,000;15/06/2023;-7,1990422;-59,887112;7,500
AM;BR-230;91,000;90,000;1,000;15/06/2023;-7,1990422;-59,887112;5,000
AM;BR-230;90,000;89,000;1,000;15/06/2023;-7,1990422;-59,887112;5,000
AM;BR-230;89,000;88,000;1,000;15/06/2023;-7,1990422;-59,887112;5,000
AM;BR-230;88,000;87,000;1,000;15/06/2023;-7,1990422;-59,887112;20,000
AM;BR-230;87,000;86,000;1,000;15/06/2023;-7,1990422;-59,887112;20,000
AM;BR-230;86,000;85,000;1,000;15/06/2023;-7,1990422;-59,887112;5,000
AM;BR-230;85,000;84,000;1,000;15/06/2023;-7,1990422;-59,887112;42,500
AM;BR-230;84,000;83,000;1,000;15/06/2023;-7,1990422;-59,887112;8,750
AM;BR-230;83,000;82,000;1,000;15/06/2023;-7,1990422;-59,887112;56,250
AM;BR-230;82,000;81,000;1,000;15/06/2023;-7,1990422;-59,887112;50,000
AM;BR-230;81,000;80,000;1,000;15/06/2023;-7,1990422;-59,887112;62,500
AM;BR-230;80,000;79,000;1,000;15/06/2023;-7,1990422;-59,887112;40,000
AM;BR-230;79,000;78,000;1,000;15/06/2023;-7,1990422;-59,887112;57,500
AM;BR-230;78,000;77,000;1,000;15/06/2023;-7,1990422;-59,887112;72,500
AM;BR-230;77,000;76,000;1,000;15/06/2023;-7,1990422;-59,887112;51,250
AM;BR-230;76,000;75,000;1,000;15/06/2023;-7,1990422;-59,887112;36,250
AM;BR-230;75,000;74,000;1,000;15/06/2023;-7,1990422;-59,887112;40,000
AM;BR-230;74,000;73,000;1,000;15/06/2023;-7,1990422;-59,887112;51,250
AM;BR-230;73,000;72,000;1,000;15/06/2023;-7,1990422;-59,887112;55,000
AM;BR-230;72,000;71,000;1,000;15/06/2023;-7,1990422;-59,887112;65,000
AM;BR-230;71,000;70,000;1,000;15/06/2023;-7,1990422;-59,887112;68,750
AM;BR-230;70,000;69,000;1,000;15/06/2023;-7,1990422;-59,887112;31,250
AM;BR-230;69,000;68,000;1,000;15/06/2023;-7,1990422;-59,887112;31,250
AM;BR-230;68,000;67,000;1,000;15/06/2023;-7,1990422;-59,887112;67,500
AM;BR-230;67,000;66,000;1,000;15/06/2023;-7,1990422;-59,887112;31,250
AM;BR-230;66,000;65,000;1,000;15/06/2023;-7,1990422;-59,887112;43,750
AM;BR-230;65,000;64,000;1,000;15/06/2023;-7,1990422;-59,887112;43,750
AM;BR-230;64,000;63,000;1,000;15/06/2023;-7,1990422;-59,887112;50,000
AM;BR-230;63,000;62,000;1,000;15/06/2023;-7,1990422;-59,887112;32,500
AM;BR-230;62,000;61,000;1,000;15/06/2023;-7,1990422;-59,887112;68,750
AM;BR-230;61,000;60,000;1,000;15/06/2023;-7,1990422;-59,887112;52,500
AM;BR-230;60,000;59,000;1,000;15/06/2023;-7,1990422;-59,887112;50,000
AM;BR-230;59,000;58,000;1,000;15/06/2023;-7,1990422;-59,887112;50,000
AM;BR-230;58,000;57,000;1,000;15/06/2023;-7,1990422;-59,887112;76,250
AM;BR-230;57,000;56,000;1,000;15/06/2023;-7,1990422;-59,887112;70,000
AM;BR-230;56,000;55,000;1,000;15/06/2023;-7,1990422;-59,887112;51,250
AM;BR-230;55,000;54,000;1,000;15/06/2023;-7,1990422;-59,887112;51,250
AM;BR-230;54,000;53,000;1,000;15/06/2023;-7,1990422;-59,887112;80,000
AM;BR-230;53,000;52,000;1,000;15/06/2023;-7,1990422;-59,887112;38,750
AM;BR-230;52,000;51,000;1,000;15/06/2023;-7,1990422;-59,887112;70,000
AM;BR-230;51,000;50,000;1,000;15/06/2023;-7,1990422;-59,887112;32,500
AM;BR-230;50,000;49,000;1,000;15/06/2023;-7,1990422;-59,887112;45,000
AM;BR-230;49,000;48,000;1,000;15/06/2023;-7,1990422;-59,887112;37,500
AM;BR-230;48,000;47,000;1,000;15/06/2023;-7,1990422;-59,887112;32,500
AM;BR-230;47,000;46,000;1,000;15/06/2023;-7,1990422;-59,887112;65,000
AM;BR-230;46,000;45,000;1,000;15/06/2023;-7,1990422;-59,887112;43,750
AM;BR-230;45,000;44,000;1,000;15/06/2023;-7,1990422;-59,887112;25,000
AM;BR-230;44,000;43,000;1,000;15/06/2023;-7,1990422;-59,887112;32,500
AM;BR-230;43,000;42,000;1,000;15/06/2023;-7,1990422;-59,887112;25,000
AM;BR-230;42,000;41,000;1,000;15/06/2023;-7,1990422;-59,887112;45,000
AM;BR-230;41,000;40,000;1,000;15/06/2023;-7,1990422;-59,887112;32,500
AM;BR-230;40,000;39,000;1,000;15/06/2023;-7,1990422;-59,887112;36,250
AM;BR-230;39,000;38,000;1,000;15/06/2023;-7,1990422;-59,887112;50,000
AM;BR-230;38,000;37,000;1,000;15/06/2023;-7,1990422;-59,887112;31,250
AM;BR-230;37,000;36,000;1,000;15/06/2023;-7,1990422;-59,887112;43,750
AM;BR-230;36,000;35,000;1,000;15/06/2023;-7,1990422;-59,887112;52,500
AM;BR-230;35,000;34,000;1,000;15/06/2023;-7,1990422;-59,887112;32,500
AM;BR-230;34,000;33,000;1,000;15/06/2023;-7,1990422;-59,887112;32,500
AM;BR-230;33,000;32,000;1,000;15/06/2023;-7,1990422;-59,887112;58,750
AM;BR-230;32,000;31,000;1,000;15/06/2023;-7,1990422;-59,887112;32,500
AM;BR-230;31,000;30,000;1,000;15/06/2023;-7,1990422;-59,887112;25,000
AM;BR-230;30,000;29,000;1,000;15/06/2023;-7,1990422;-59,887112;37,500
AM;BR-230;29,000;28,000;1,000;15/06/2023;-7,1990422;-59,887112;32,500
AM;BR-230;28,000;27,000;1,000;15/06/2023;-7,1990422;-59,887112;32,500
AM;BR-230;27,000;26,000;1,000;15/06/2023;-7,1990422;-59,887112;25,000
AM;BR-230;26,000;25,000;1,000;15/06/2023;-7,1990422;-59,887112;32,500
AM;BR-230;25,000;24,000;1,000;15/06/2023;-7,1990422;-59,887112;32,500
AM;BR-230;24,000;23,000;1,000;15/06/2023;-7,1990422;-59,887112;10,000
AM;BR-230;23,000;22,000;1,000;15/06/2023;-7,1990422;-59,887112;25,000
AM;BR-230;22,000;21,000;1,000;15/06/2023;-7,1990422;-59,887112;40,000
AM;BR-230;21,000;20,000;1,000;15/06/2023;-7,1990422;-59,887112;32,500
AM;BR-230;20,000;19,000;1,000;15/06/2023;-7,1990422;-59,887112;32,500
AM;BR-230;19,000;18,000;1,000;15/06/2023;-7,1990422;-59,887112;25,000
AM;BR-230;18,000;17,000;1,000;15/06/2023;-7,1990422;-59,887112;32,500
AM;BR-230;17,000;16,000;1,000;15/06/2023;-7,1990422;-59,887112;51,250
AM;BR-230;16,000;15,000;1,000;15/06/2023;-7,1990422;-59,887112;45,000
AM;BR-230;15,000;14,000;1,000;15/06/2023;-7,1990422;-59,887112;32,500
AM;BR-230;14,000;13,000;1,000;15/06/2023;-7,1990422;-59,887112;32,500
AM;BR-230;13,000;12,000;1,000;15/06/2023;-7,1990422;-59,887112;25,000
AM;BR-230;12,000;11,000;1,000;15/06/2023;-7,1990422;-59,887112;25,000
AM;BR-230;11,000;10,000;1,000;15/06/2023;-7,1990422;-59,887112;32,500
AM;BR-230;10,000;9,000;1,000;15/06/2023;-7,1990422;-59,887112;25,000
AM;BR-230;9,000;8,000;1,000;15/06/2023;-7,1990422;-59,887112;32,500
AM;BR-230;8,000;7,000;1,000;15/06/2023;-7,1990422;-59,887112;25,000
AM;BR-230;7,000;6,000;1,000;15/06/2023;-7,1990422;-59,887112;32,500
AM;BR-230;6,000;5,000;1,000;15/06/2023;-7,1990422;-59,887112;51,250
AM;BR-230;5,000;4,000;1,000;15/06/2023;-7,1990422;-59,887112;32,500
AM;BR-230;4,000;3,000;1,000;15/06/2023;-7,1990422;-59,887112;25,000
AM;BR-230;3,000;2,000;1,000;15/06/2023;-7,1990422;-59,887112;32,500
AM;BR-230;2,000;1,000;1,000;15/06/2023;-7,1990422;-59,887112;32,500
AM;BR-230;1,000;0,000;1,000;15/06/2023;-7,1990422;-59,887112;32,500
RO;BR-421;36,900;37,000;0,100;19/06/2023;-9,89491306;-63,0424753;78,750
RO;BR-421;37,000;38,000;1,000;19/06/2023;-9,89491306;-63,0424753;100,000
RO;BR-421;38,000;39,000;1,000;19/06/2023;-9,89491306;-63,0424753;90,000
RO;BR-421;39,000;40,000;1,000;19/06/2023;-9,89491306;-63,0424753;86,250
RO;BR-421;40,000;41,000;1,000;19/06/2023;-9,89491306;-63,0424753;86,250
RO;BR-421;41,000;42,000;1,000;19/06/2023;-9,89491306;-63,0424753;82,500
RO;BR-421;42,000;43,000;1,000;19/06/2023;-9,89491306;-63,0424753;83,750
RO;BR-421;43,000;44,000;1,000;19/06/2023;-9,89491306;-63,0424753;90,000
RO;BR-421;44,000;45,000;1,000;19/06/2023;-9,89491306;-63,0424753;90,000
RO;BR-421;45,000;46,000;1,000;19/06/2023;-9,89491306;-63,0424753;90,000
RS;BR-153;53,700;54,000;0,300;20/06/2023;-27,6565583;-52,27715;27,500
RS;BR-153;54,000;55,000;1,000;20/06/2023;-27,6775132;-52,2912002;30,000
RS;BR-153;55,000;56,000;1,000;20/06/2023;-27,6941698;-52,2886923;30,000
RS;BR-153;56,000;57,000;1,000;20/06/2023;-27,6941698;-52,2886923;30,000
RS;BR-153;57,000;58,000;1,000;20/06/2023;-27,695896;-52,3075652;25,000
RS;BR-153;58,000;59,000;1,000;20/06/2023;-27,7144604;-52,3053093;25,000
RS;BR-153;59,000;60,000;1,000;20/06/2023;-27,7149429;-52,3196031;25,000
RS;BR-153;60,000;61,000;1,000;20/06/2023;-27,7149429;-52,3196031;45,000
RS;BR-153;61,000;62,000;1,000;20/06/2023;-27,742582;-52,2827111;47,500
RS;BR-153;62,000;63,000;1,000;20/06/2023;-27,742582;-52,2827111;25,000
RS;BR-153;63,000;64,000;1,000;20/06/2023;-27,742582;-52,2827111;32,500
RS;BR-153;64,000;65,000;1,000;20/06/2023;-27,742582;-52,2827111;25,000
RS;BR-153;65,000;66,000;1,000;20/06/2023;-27,7059778;-52,3189382;25,000
RS;BR-153;66,000;67,000;1,000;20/06/2023;-27,7059778;-52,3189382;52,500
RS;BR-153;67,000;68,000;1,000;20/06/2023;-27,7059778;-52,3189382;25,000
RS;BR-153;68,000;69,000;1,000;20/06/2023;-27,8483092;-52,3046445;47,500
RS;BR-153;69,000;70,000;1,000;20/06/2023;-27,8483092;-52,3046445;12,500
RS;BR-153;70,000;71,000;1,000;20/06/2023;-27,8483092;-52,3046445;37,500
RS;BR-153;71,000;72,000;1,000;20/06/2023;-27,8954368;-52,2820466;37,500
RS;BR-153;72,000;73,000;1,000;20/06/2023;-27,8954368;-52,2820466;25,000
RS;BR-153;73,000;74,000;1,000;20/06/2023;-28,15645;-52,3056417;32,500
RS;BR-153;74,000;75,000;1,000;20/06/2023;-28,15645;-52,3056417;32,500
RS;BR-153;75,000;76,000;1,000;20/06/2023;-27,8511223;-52,3605062;60,000
RS;BR-153;76,000;77,000;1,000;20/06/2023;-27,8511223;-52,3605062;40,000
RS;BR-153;77,000;78,000;1,000;20/06/2023;-27,8964603;-52,2793885;60,000
RS;BR-153;78,000;79,000;1,000;20/06/2023;-27,8964603;-52,2793885;47,500
RS;BR-153;79,000;80,000;1,000;20/06/2023;-27,8964603;-52,2793885;40,000
RS;BR-153;80,000;81,000;1,000;20/06/2023;-27,8964603;-52,2793885;71,250
RS;BR-153;81,000;82,000;1,000;20/06/2023;-27,8604162;-52,3092979;31,250
RS;BR-153;82,000;83,000;1,000;20/06/2023;-27,8604162;-52,3092979;25,000
RS;BR-153;83,000;84,000;1,000;20/06/2023;-27,8604162;-52,3092979;23,750
RS;BR-153;84,000;85,000;1,000;20/06/2023;-27,8604162;-52,3092979;32,500
RS;BR-153;85,000;86,000;1,000;20/06/2023;-27,8604162;-52,3092979;12,500
RS;BR-153;86,000;87,000;1,000;20/06/2023;-27,8604162;-52,3092979;77,500
RS;BR-153;87,000;88,000;1,000;20/06/2023;-27,950445;-52,3752933;25,000
RS;BR-153;88,000;89,000;1,000;20/06/2023;-27,937046;-52,3252549;45,000
RS;BR-153;89,000;90,000;1,000;20/06/2023;-27,937046;-52,3252549;30,000
RS;BR-153;90,000;91,000;1,000;20/06/2023;-27,937046;-52,3252549;23,750
RS;BR-153;91,000;92,000;1,000;20/06/2023;-27,937046;-52,3252549;37,500
RS;BR-153;92,000;93,000;1,000;20/06/2023;-27,937046;-52,3252549;40,000
RS;BR-153;93,000;94,000;1,000;20/06/2023;-27,9982992;-52,3718442;60,000
RS;BR-153;94,000;95,000;1,000;20/06/2023;-28,0106016;-52,3735;21,250
RS;BR-153;95,000;96,000;1,000;20/06/2023;-27,9443287;-52,2933446;47,500
RS;BR-153;96,000;97,000;1,000;20/06/2023;-27,9443287;-52,2933446;37,500
RS;BR-153;97,000;98,000;1,000;20/06/2023;-27,9443287;-52,2933446;52,500
RS;BR-153;98,000;99,000;1,000;20/06/2023;-27,9443287;-52,2933446;60,000
RS;BR-153;99,000;100,000;1,000;20/06/2023;-27,9443287;-52,2933446;25,000
RS;BR-153;100,000;101,000;1,000;20/06/2023;-27,9443287;-52,2933446;60,000
RS;BR-153;101,000;102,000;1,000;20/06/2023;-27,9443287;-52,2933446;45,000
RS;BR-153;102,000;103,000;1,000;20/06/2023;-28,0801816;-52,3819833;40,000
RS;BR-153;103,000;104,000;1,000;20/06/2023;-28,0801816;-52,3819833;50,000
RS;BR-153;104,000;105,000;1,000;20/06/2023;-28,0801816;-52,3819833;45,000
RS;BR-153;105,000;106,000;1,000;20/06/2023;-28,0801816;-52,3819833;25,000
RS;BR-153;106,000;107,000;1,000;20/06/2023;-28,0801816;-52,3819833;27,500
RS;BR-153;107,000;108,000;1,000;20/06/2023;-28,0801816;-52,3819833;12,500
RS;BR-153;108,000;109,000;1,000;20/06/2023;-28,0801816;-52,3819833;47,500
RS;BR-153;109,000;110,000;1,000;20/06/2023;-28,1242725;-52,3006561;12,500
RS;BR-153;110,000;111,000;1,000;20/06/2023;-28,1242725;-52,3006561;12,500
RS;BR-153;111,000;112,000;1,000;20/06/2023;-28,1242725;-52,3006561;12,500
RS;BR-153;112,000;113,000;1,000;20/06/2023;-28,0947198;-52,2737404;23,750
RS;BR-153;113,000;114,000;1,000;20/06/2023;-28,2219508;-52,4660336;12,500
RS;BR-153;114,000;115,000;1,000;20/06/2023;-28,2219508;-52,4660336;40,000
RS;BR-153;115,000;116,000;1,000;20/06/2023;-28,2154732;-52,3601735;27,500
RS;BR-153;116,000;117,000;1,000;20/06/2023;-28,2331642;-52,4357239;18,750
RS;BR-153;117,000;118,000;1,000;20/06/2023;-28,2331642;-52,4357239;32,500
RS;BR-153;118,000;119,000;1,000;20/06/2023;-28,2235501;-52,4573723;15,000
RS;BR-153;119,000;120,000;1,000;20/06/2023;-28,2180123;-52,4683656;12,500
RS;BR-153;120,000;121,000;1,000;20/06/2023;-28,2119666;-52,4524166;12,500
RS;BR-153;121,000;122,000;1,000;20/06/2023;-28,2171158;-52,4624531;12,500
BA;BR-030;238,400;237,000;1,400;20/06/2023;0;0;25,000
BA;BR-030;237,000;236,000;1,000;20/06/2023;0;0;62,500
BA;BR-030;236,000;235,000;1,000;20/06/2023;0;0;62,500
BA;BR-030;235,000;234,000;1,000;20/06/2023;0;0;50,000
BA;BR-030;234,000;233,000;1,000;20/06/2023;0;0;62,500
BA;BR-030;233,000;232,000;1,000;20/06/2023;0;0;50,000
BA;BR-030;232,000;231,000;1,000;20/06/2023;0;0;50,000
BA;BR-030;231,000;230,000;1,000;20/06/2023;0;0;62,500
BA;BR-030;230,000;229,000;1,000;20/06/2023;0;0;50,000
BA;BR-030;229,000;228,000;1,000;20/06/2023;0;0;62,500
BA;BR-030;228,000;227,000;1,000;20/06/2023;-14,20495;-44,2393766;62,500
BA;BR-030;227,000;226,000;1,000;20/06/2023;-14,20495;-44,2393766;62,500
BA;BR-030;226,000;225,000;1,000;20/06/2023;-14,20495;-44,2393766;50,000
BA;BR-030;225,000;224,000;1,000;20/06/2023;-14,20495;-44,2393766;0,000
BA;BR-030;224,000;223,000;1,000;20/06/2023;-14,20495;-44,2393766;35,000
BA;BR-030;223,000;222,000;1,000;20/06/2023;-14,20495;-44,2393766;47,500
BA;BR-030;222,000;221,000;1,000;20/06/2023;-14,20495;-44,2393766;35,000
BA;BR-030;221,000;220,000;1,000;20/06/2023;-14,20495;-44,2393766;62,500
BA;BR-030;220,000;219,000;1,000;20/06/2023;-14,20495;-44,2393766;62,500
BA;BR-030;219,000;218,000;1,000;20/06/2023;-14,20495;-44,2393766;58,750
BA;BR-030;218,000;217,000;1,000;20/06/2023;-14,20495;-44,2393766;46,250
BA;BR-030;217,000;216,000;1,000;20/06/2023;-14,20495;-44,2393766;72,500
BA;BR-030;216,000;215,000;1,000;20/06/2023;-14,20495;-44,2393766;62,500
BA;BR-030;215,000;214,000;1,000;20/06/2023;-14,20495;-44,2393766;62,500
BA;BR-030;214,000;213,000;1,000;20/06/2023;-14,20495;-44,2393766;62,500
BA;BR-030;213,000;212,000;1,000;20/06/2023;-14,20495;-44,2393766;62,500
BA;BR-030;212,000;211,000;1,000;20/06/2023;-14,20495;-44,2393766;72,500
BA;BR-030;211,000;210,000;1,000;20/06/2023;-14,20495;-44,2393766;62,500
BA;BR-030;210,000;209,000;1,000;20/06/2023;-14,20495;-44,2393766;58,750
BA;BR-030;209,000;208,000;1,000;20/06/2023;-14,20495;-44,2393766;0,000
BA;BR-030;208,000;207,000;1,000;20/06/2023;-14,20495;-44,2393766;0,000
BA;BR-030;207,000;206,000;1,000;20/06/2023;-14,20495;-44,2393766;0,000
BA;BR-030;206,000;205,000;1,000;20/06/2023;-14,20495;-44,2393766;0,000
BA;BR-030;205,000;204,000;1,000;20/06/2023;-14,20495;-44,2393766;0,000
BA;BR-030;204,000;203,000;1,000;20/06/2023;-14,20495;-44,2393766;0,000
BA;BR-030;203,000;202,000;1,000;20/06/2023;-14,20495;-44,2393766;0,000
BA;BR-030;202,000;201,000;1,000;20/06/2023;-14,20495;-44,2393766;0,000
BA;BR-030;201,000;200,000;1,000;20/06/2023;-14,20495;-44,2393766;0,000
BA;BR-030;200,000;199,000;1,000;20/06/2023;-14,20495;-44,2393766;0,000
BA;BR-030;199,000;198,000;1,000;20/06/2023;-14,20495;-44,2393766;0,000
BA;BR-030;198,000;197,000;1,000;20/06/2023;-14,20495;-44,2393766;0,000
BA;BR-030;197,000;196,000;1,000;20/06/2023;-14,20495;-44,2393766;0,000
BA;BR-030;196,000;195,000;1,000;20/06/2023;-14,20495;-44,2393766;0,000
BA;BR-030;195,000;194,000;1,000;20/06/2023;-14,20495;-44,2393766;0,000
BA;BR-030;194,000;193,000;1,000;20/06/2023;-14,20495;-44,2393766;0,000
BA;BR-030;193,000;192,000;1,000;20/06/2023;-14,20495;-44,2393766;0,000
BA;BR-030;192,000;191,000;1,000;20/06/2023;-14,20495;-44,2393766;0,000
AM;BR-319;198,200;199,000;0,800;20/06/2023;-3,8271708;-60,365115;97,500
AM;BR-319;199,000;200,000;1,000;20/06/2023;-3,8271708;-60,365115;97,500
AM;BR-319;200,000;201,000;1,000;20/06/2023;-3,8271708;-60,365115;97,500
AM;BR-319;201,000;202,000;1,000;20/06/2023;-3,8271708;-60,365115;97,500
AM;BR-319;202,000;203,000;1,000;20/06/2023;-3,8271708;-60,365115;97,500
AM;BR-319;203,000;204,000;1,000;20/06/2023;-3,8271708;-60,365115;97,500
AM;BR-319;204,000;205,000;1,000;20/06/2023;-3,8271708;-60,365115;97,500
AM;BR-319;205,000;206,000;1,000;20/06/2023;-3,8271708;-60,365115;97,500
AM;BR-319;206,000;207,000;1,000;20/06/2023;-3,8271708;-60,365115;85,000
AM;BR-319;207,000;208,000;1,000;20/06/2023;-3,8271708;-60,365115;85,000
AM;BR-319;208,000;209,000;1,000;20/06/2023;-3,8271708;-60,365115;85,000
AM;BR-319;209,000;210,000;1,000;20/06/2023;-3,8271708;-60,365115;67,500
AM;BR-319;210,000;211,000;1,000;20/06/2023;-3,8271708;-60,365115;71,250
AM;BR-319;211,000;212,000;1,000;20/06/2023;-3,8271708;-60,365115;71,250
AM;BR-319;212,000;213,000;1,000;20/06/2023;-3,8271708;-60,365115;71,250
AM;BR-319;213,000;214,000;1,000;20/06/2023;-3,8271708;-60,365115;71,250
AM;BR-319;214,000;215,000;1,000;20/06/2023;-3,8271708;-60,365115;58,750
AM;BR-319;215,000;216,000;1,000;20/06/2023;-3,8271708;-60,365115;58,750
AM;BR-319;216,000;217,000;1,000;20/06/2023;-3,8271708;-60,365115;58,750
AM;BR-319;217,000;218,000;1,000;20/06/2023;-3,8271708;-60,365115;58,750
AM;BR-319;218,000;219,000;1,000;20/06/2023;-3,8271708;-60,365115;58,750
AM;BR-319;219,000;220,000;1,000;20/06/2023;-3,8271708;-60,365115;51,250
AM;BR-319;220,000;221,000;1,000;20/06/2023;-3,8271708;-60,365115;55,000
AM;BR-319;221,000;222,000;1,000;20/06/2023;-3,8271708;-60,365115;51,250
AM;BR-319;222,000;223,000;1,000;20/06/2023;-3,8271708;-60,365115;51,250
AM;BR-319;223,000;224,000;1,000;20/06/2023;-3,8271708;-60,365115;58,750
AM;BR-319;224,000;225,000;1,000;20/06/2023;-3,8271708;-60,365115;71,250
AM;BR-319;225,000;226,000;1,000;20/06/2023;-3,8271708;-60,365115;71,250
AM;BR-319;226,000;227,000;1,000;20/06/2023;-3,8271708;-60,365115;71,250
AM;BR-319;227,000;228,000;1,000;20/06/2023;-3,8271708;-60,365115;71,250
AM;BR-319;228,000;229,000;1,000;20/06/2023;-3,8271708;-60,365115;71,250
AM;BR-319;229,000;230,000;1,000;20/06/2023;-3,8271708;-60,365115;71,250
AM;BR-319;230,000;231,000;1,000;20/06/2023;-3,8271708;-60,365115;71,250
AM;BR-319;231,000;232,000;1,000;20/06/2023;-3,8271708;-60,365115;71,250
AM;BR-319;232,000;233,000;1,000;20/06/2023;-3,8271708;-60,365115;71,250
AM;BR-319;233,000;234,000;1,000;20/06/2023;-3,8271708;-60,365115;71,250
AM;BR-319;234,000;235,000;1,000;20/06/2023;-3,8271708;-60,365115;88,750
AM;BR-319;235,000;236,000;1,000;20/06/2023;-3,8271708;-60,365115;71,250
AM;BR-319;236,000;237,000;1,000;20/06/2023;-3,8271708;-60,365115;71,250
AM;BR-319;237,000;238,000;1,000;20/06/2023;-3,8271708;-60,365115;71,250
AM;BR-319;238,000;239,000;1,000;20/06/2023;-3,8271708;-60,365115;71,250
AM;BR-319;239,000;240,000;1,000;20/06/2023;-3,8271708;-60,365115;71,250
AM;BR-319;240,000;241,000;1,000;20/06/2023;-3,8271708;-60,365115;71,250
AM;BR-319;241,000;242,000;1,000;20/06/2023;-3,8271708;-60,365115;71,250
AM;BR-319;242,000;243,000;1,000;20/06/2023;-3,8271708;-60,365115;71,250
AM;BR-319;243,000;244,000;1,000;20/06/2023;-3,8271708;-60,365115;71,250
AM;BR-319;244,000;245,000;1,000;20/06/2023;-3,8271708;-60,365115;50,000
AM;BR-319;245,000;246,000;1,000;20/06/2023;-3,8271708;-60,365115;50,000
AM;BR-319;246,000;247,000;1,000;20/06/2023;-3,8271708;-60,365115;50,000
AM;BR-319;247,000;248,000;1,000;20/06/2023;-3,8271708;-60,365115;50,000
AM;BR-319;248,000;249,000;1,000;20/06/2023;-3,8271708;-60,365115;50,000
AM;BR-319;249,000;250,000;1,000;20/06/2023;-3,8271708;-60,365115;63,750
AM;BR-319;250,000;251,000;1,000;20/06/2023;-3,8271708;-60,365115;70,000
AM;BR-319;251,000;252,000;1,000;20/06/2023;-3,8271708;-60,365115;70,000
AM;BR-319;252,000;253,000;1,000;20/06/2023;-3,8271708;-60,365115;71,250
AM;BR-319;253,000;254,000;1,000;20/06/2023;-3,8271708;-60,365115;71,250
AM;BR-319;254,000;255,000;1,000;20/06/2023;-3,8271708;-60,365115;71,250
AM;BR-319;255,000;256,000;1,000;20/06/2023;-3,8271708;-60,365115;71,250
AM;BR-319;256,000;257,000;1,000;20/06/2023;-3,8271708;-60,365115;71,250
AM;BR-319;257,000;258,000;1,000;20/06/2023;-3,8271708;-60,365115;67,500
AM;BR-319;258,000;259,000;1,000;20/06/2023;-3,8271708;-60,365115;71,250
AM;BR-319;259,000;260,000;1,000;20/06/2023;-3,8271708;-60,365115;71,250
AM;BR-319;261,100;262,000;0,900;20/06/2023;-4,71391143;-61,2932198;87,500
AM;BR-319;262,000;263,000;1,000;20/06/2023;-4,71390469;-61,2932229;87,500
AM;BR-319;263,000;264,000;1,000;20/06/2023;-4,71390469;-61,2932229;71,250
AM;BR-319;264,000;265,000;1,000;20/06/2023;-4,7138676;-61,2932297;50,000
AM;BR-319;265,000;266,000;1,000;20/06/2023;-4,7138676;-61,2932297;71,250
AM;BR-319;266,000;267,000;1,000;20/06/2023;-4,7138676;-61,2932297;71,250
AM;BR-319;267,000;268,000;1,000;20/06/2023;-4,7138676;-61,2932297;85,000
AM;BR-319;268,000;269,000;1,000;20/06/2023;-4,7138676;-61,2932297;71,250
AM;BR-319;269,000;270,000;1,000;20/06/2023;-3,8271708;-60,365115;87,500
AM;BR-319;270,000;271,000;1,000;20/06/2023;-3,8271708;-60,365115;77,500
AM;BR-319;271,000;272,000;1,000;20/06/2023;-3,8271708;-60,365115;92,500
AM;BR-319;272,000;273,000;1,000;20/06/2023;-3,8271708;-60,365115;92,500
AM;BR-319;273,000;274,000;1,000;20/06/2023;-3,8271708;-60,365115;92,500
AM;BR-319;274,000;275,000;1,000;20/06/2023;-3,8271708;-60,365115;71,250
AM;BR-319;275,000;276,000;1,000;20/06/2023;-3,8271708;-60,365115;71,250
AM;BR-319;276,000;277,000;1,000;20/06/2023;-3,8271708;-60,365115;92,500
AM;BR-319;277,000;278,000;1,000;20/06/2023;-3,8271708;-60,365115;92,500
AM;BR-319;278,000;279,000;1,000;20/06/2023;-3,8271708;-60,365115;92,500
AM;BR-319;279,000;280,000;1,000;20/06/2023;-3,8271708;-60,365115;92,500
AM;BR-319;280,000;281,000;1,000;20/06/2023;-3,8271708;-60,365115;63,750
AM;BR-319;281,000;282,000;1,000;20/06/2023;-3,8271708;-60,365115;63,750
AM;BR-319;282,000;283,000;1,000;20/06/2023;-3,8271708;-60,365115;63,750
AM;BR-319;283,000;284,000;1,000;20/06/2023;-3,8271708;-60,365115;50,000
AM;BR-319;284,000;285,000;1,000;20/06/2023;-3,8271708;-60,365115;51,250
AM;BR-319;285,000;286,000;1,000;20/06/2023;-3,8271708;-60,365115;71,250
AM;BR-319;286,000;287,000;1,000;20/06/2023;-3,8271708;-60,365115;71,250
AM;BR-319;287,000;288,000;1,000;20/06/2023;-3,8271708;-60,365115;71,250
AM;BR-319;288,000;289,000;1,000;20/06/2023;-4,88098036;-61,4364106;71,250
AM;BR-319;289,000;290,000;1,000;20/06/2023;-4,88098036;-61,4364106;71,250
AM;BR-319;290,000;291,000;1,000;20/06/2023;-4,88098036;-61,4364106;71,250
AM;BR-319;291,000;292,000;1,000;20/06/2023;-4,88098036;-61,4364106;71,250
AM;BR-319;292,000;293,000;1,000;20/06/2023;-4,88098036;-61,4364106;71,250
AM;BR-319;293,000;294,000;1,000;20/06/2023;-3,8271708;-60,365115;71,250
AM;BR-319;294,000;295,000;1,000;20/06/2023;-3,8271708;-60,365115;71,250
AM;BR-319;295,000;296,000;1,000;20/06/2023;-3,8271708;-60,365115;71,250
AM;BR-319;296,000;297,000;1,000;20/06/2023;-3,8271708;-60,365115;71,250
AM;BR-319;297,000;298,000;1,000;20/06/2023;-3,8271708;-60,365115;71,250
AM;BR-319;298,000;299,000;1,000;20/06/2023;-3,8271708;-60,365115;71,250
AM;BR-319;299,000;300,000;1,000;20/06/2023;-3,8271708;-60,365115;78,750
AM;BR-319;300,000;301,000;1,000;20/06/2023;-3,8271708;-60,365115;92,500
AM;BR-319;301,000;302,000;1,000;20/06/2023;-3,8271708;-60,365115;71,250
AM;BR-319;302,000;303,000;1,000;20/06/2023;-3,8271708;-60,365115;71,250
AM;BR-319;303,000;304,000;1,000;20/06/2023;-3,8271708;-60,365115;71,250
AM;BR-319;304,000;305,000;1,000;20/06/2023;-3,8271708;-60,365115;71,250
AM;BR-319;305,000;306,000;1,000;20/06/2023;-3,8271708;-60,365115;71,250
AM;BR-319;306,000;307,000;1,000;20/06/2023;-3,8271708;-60,365115;71,250
AM;BR-319;307,000;308,000;1,000;20/06/2023;-5,01495362;-61,6105023;95,000
AM;BR-319;308,000;309,000;1,000;20/06/2023;-5,01495362;-61,6105023;71,250
AM;BR-319;309,000;310,000;1,000;20/06/2023;-5,01495362;-61,6105023;71,250
AM;BR-319;310,000;311,000;1,000;20/06/2023;-5,01495362;-61,6105023;71,250
AM;BR-319;311,000;312,000;1,000;20/06/2023;-5,01495362;-61,6105023;71,250
AM;BR-319;312,000;313,000;1,000;20/06/2023;-5,01495362;-61,6105023;71,250
AM;BR-319;313,000;314,000;1,000;20/06/2023;-5,01495362;-61,6105023;71,250
AM;BR-319;314,000;315,000;1,000;20/06/2023;-5,01495362;-61,6105023;71,250
AM;BR-319;315,000;316,000;1,000;20/06/2023;-5,01495362;-61,6105023;71,250
AM;BR-319;316,000;317,000;1,000;20/06/2023;-5,01495362;-61,6105023;71,250
AM;BR-319;317,000;318,000;1,000;20/06/2023;-5,01495362;-61,6105023;71,250
AM;BR-319;318,000;319,000;1,000;20/06/2023;-5,01495362;-61,6105023;71,250
AM;BR-319;319,000;320,000;1,000;20/06/2023;-5,01495362;-61,6105023;71,250
AM;BR-319;320,000;321,000;1,000;20/06/2023;-5,01495362;-61,6105023;71,250
AM;BR-319;321,000;322,000;1,000;20/06/2023;-5,01495362;-61,6105023;71,250
AM;BR-319;322,000;323,000;1,000;20/06/2023;-5,01495362;-61,6105023;71,250
AM;BR-319;323,000;324,000;1,000;20/06/2023;-5,01495362;-61,6105023;71,250
AM;BR-319;324,000;325,000;1,000;20/06/2023;-5,01495362;-61,6105023;71,250
AM;BR-319;325,000;326,000;1,000;20/06/2023;-5,01495362;-61,6105023;71,250
AM;BR-319;326,000;327,000;1,000;20/06/2023;-5,01495362;-61,6105023;92,500
AM;BR-319;327,000;328,000;1,000;20/06/2023;-5,01495362;-61,6105023;92,500
AM;BR-319;328,000;329,000;1,000;20/06/2023;-5,01495362;-61,6105023;71,250
AM;BR-319;329,000;330,000;1,000;20/06/2023;-5,01495362;-61,6105023;71,250
AM;BR-319;330,000;331,000;1,000;20/06/2023;-5,01495362;-61,6105023;97,500
AM;BR-319;331,000;332,000;1,000;20/06/2023;-5,15986026;-61,7742125;71,250
AM;BR-319;332,000;333,000;1,000;20/06/2023;-3,8271708;-60,365115;71,250
AM;BR-319;333,000;334,000;1,000;20/06/2023;-3,8271708;-60,365115;71,250
AM;BR-319;334,000;335,000;1,000;20/06/2023;-3,8271708;-60,365115;71,250
AM;BR-319;335,000;336,000;1,000;20/06/2023;-3,8271708;-60,365115;71,250
AM;BR-319;336,000;337,000;1,000;20/06/2023;-3,8271708;-60,365115;71,250
AM;BR-319;337,000;338,000;1,000;20/06/2023;-3,8271708;-60,365115;71,250
AM;BR-319;338,000;339,000;1,000;20/06/2023;-3,8271708;-60,365115;71,250
AM;BR-319;339,000;340,000;1,000;20/06/2023;-3,8271708;-60,365115;71,250
AM;BR-319;340,000;341,000;1,000;20/06/2023;-3,8271708;-60,365115;71,250
AM;BR-319;341,000;342,000;1,000;20/06/2023;-3,8271708;-60,365115;71,250
AM;BR-319;342,000;343,000;1,000;20/06/2023;-3,8271708;-60,365115;71,250
AM;BR-319;343,000;344,000;1,000;20/06/2023;-3,8271708;-60,365115;71,250
AM;BR-319;344,000;345,000;1,000;20/06/2023;-3,8271708;-60,365115;71,250
AM;BR-319;345,000;346,000;1,000;20/06/2023;-3,8271708;-60,365115;71,250
AM;BR-319;346,000;347,000;1,000;20/06/2023;-3,8271708;-60,365115;71,250
AM;BR-319;346,200;347,000;0,800;20/06/2023;-3,8271708;-60,365115;50,000
AM;BR-319;347,000;348,000;1,000;20/06/2023;-3,8271708;-60,365115;51,250
AM;BR-319;348,000;349,000;1,000;20/06/2023;-3,8271708;-60,365115;51,250
AM;BR-319;349,000;350,000;1,000;20/06/2023;-3,8271708;-60,365115;51,250
AM;BR-319;350,000;351,000;1,000;20/06/2023;-3,8271708;-60,365115;51,250
AM;BR-319;351,000;352,000;1,000;20/06/2023;-3,8271708;-60,365115;71,250
AM;BR-319;352,000;353,000;1,000;20/06/2023;-5,21460208;-61,8593246;72,500
AM;BR-319;353,000;354,000;1,000;20/06/2023;-5,21460208;-61,8593246;71,250
AM;BR-319;354,000;355,000;1,000;20/06/2023;-5,21460208;-61,8593246;50,000
AM;BR-319;355,000;356,000;1,000;20/06/2023;-5,21460208;-61,8593246;50,000
AM;BR-319;356,000;357,000;1,000;20/06/2023;-5,21460208;-61,8593246;71,250
AM;BR-319;357,000;358,000;1,000;20/06/2023;-5,21460208;-61,8593246;71,250
AM;BR-319;358,000;359,000;1,000;20/06/2023;-5,21460208;-61,8593246;67,500
AM;BR-319;359,000;360,000;1,000;20/06/2023;-5,21460208;-61,8593246;71,250
AM;BR-319;360,000;361,000;1,000;20/06/2023;-5,21460208;-61,8593246;67,500
AM;BR-319;361,000;362,000;1,000;20/06/2023;-5,21460208;-61,8593246;50,000
AM;BR-319;362,000;363,000;1,000;20/06/2023;-5,21460208;-61,8593246;67,500
AM;BR-319;363,000;364,000;1,000;20/06/2023;-5,21460208;-61,8593246;68,750
AM;BR-319;364,000;365,000;1,000;20/06/2023;-5,21460208;-61,8593246;50,000
AM;BR-319;365,000;366,000;1,000;20/06/2023;-5,21460208;-61,8593246;53,750
AM;BR-319;366,000;367,000;1,000;20/06/2023;-5,21460208;-61,8593246;50,000
AM;BR-319;367,000;368,000;1,000;20/06/2023;-5,21460208;-61,8593246;61,250
AM;BR-319;368,000;369,000;1,000;20/06/2023;-5,21460208;-61,8593246;70,000
AM;BR-319;369,000;370,000;1,000;20/06/2023;-5,21460208;-61,8593246;67,500
AM;BR-319;370,000;371,000;1,000;20/06/2023;-5,21460208;-61,8593246;61,250
AM;BR-319;371,000;372,000;1,000;20/06/2023;-5,21460208;-61,8593246;71,250
AM;BR-319;372,000;373,000;1,000;20/06/2023;-5,21460208;-61,8593246;50,000
AM;BR-319;373,000;374,000;1,000;20/06/2023;-5,21460208;-61,8593246;50,000
AM;BR-319;374,000;375,000;1,000;20/06/2023;-5,21460208;-61,8593246;57,500
AM;BR-319;375,000;376,000;1,000;20/06/2023;-5,21460208;-61,8593246;57,500
AM;BR-319;376,000;377,000;1,000;20/06/2023;-5,21460208;-61,8593246;61,250
AM;BR-319;377,000;378,000;1,000;20/06/2023;-5,21460208;-61,8593246;58,750
AM;BR-319;378,000;379,000;1,000;20/06/2023;-5,21460208;-61,8593246;68,750
AM;BR-319;379,000;380,000;1,000;20/06/2023;-5,21460208;-61,8593246;67,500
AM;BR-319;380,000;381,000;1,000;20/06/2023;-5,21460208;-61,8593246;71,250
AM;BR-319;381,000;382,000;1,000;20/06/2023;-5,21460208;-61,8593246;50,000
AM;BR-319;382,000;383,000;1,000;20/06/2023;-5,21460208;-61,8593246;67,500
AM;BR-319;383,000;384,000;1,000;20/06/2023;-5,21460208;-61,8593246;68,750
AM;BR-319;384,000;385,000;1,000;20/06/2023;-5,21460208;-61,8593246;68,750
AM;BR-319;385,000;386,000;1,000;20/06/2023;-3,8271708;-60,365115;68,750
AM;BR-319;386,000;387,000;1,000;20/06/2023;-3,8271708;-60,365115;67,500
AM;BR-319;387,000;388,000;1,000;20/06/2023;-3,8271708;-60,365115;67,500
AM;BR-319;388,000;389,000;1,000;20/06/2023;-5,31936904;-62,0056247;68,750
AM;BR-319;389,000;390,000;1,000;20/06/2023;-5,31936904;-62,0056247;72,500
AM;BR-319;390,000;391,000;1,000;20/06/2023;-5,31936904;-62,0056247;66,250
AM;BR-319;391,000;392,000;1,000;20/06/2023;-5,31936904;-62,0056247;72,500
AM;BR-319;392,000;393,000;1,000;20/06/2023;-5,31936904;-62,0056247;72,500
AM;BR-319;393,000;394,000;1,000;20/06/2023;-5,31936904;-62,0056247;71,250
AM;BR-319;394,000;395,000;1,000;20/06/2023;-5,31936904;-62,0056247;71,250
AM;BR-319;395,000;396,000;1,000;20/06/2023;-5,31936904;-62,0056247;71,250
AM;BR-319;396,000;397,000;1,000;20/06/2023;-5,31936904;-62,0056247;71,250
AM;BR-319;397,000;398,000;1,000;20/06/2023;-5,31936904;-62,0056247;71,250
AM;BR-319;398,000;399,000;1,000;20/06/2023;-5,31936904;-62,0056247;71,250
AM;BR-319;399,000;400,000;1,000;20/06/2023;-5,31936904;-62,0056247;67,500
AM;BR-319;400,000;401,000;1,000;20/06/2023;-5,31936904;-62,0056247;67,500
AM;BR-319;401,000;402,000;1,000;20/06/2023;-5,31936904;-62,0056247;67,500
AM;BR-319;402,000;403,000;1,000;20/06/2023;-5,31936904;-62,0056247;67,500
AM;BR-319;403,000;404,000;1,000;20/06/2023;-5,31936904;-62,0056247;65,000
AM;BR-319;404,000;405,000;1,000;20/06/2023;-5,31936904;-62,0056247;50,000
AM;BR-319;405,000;406,000;1,000;20/06/2023;-5,31936904;-62,0056247;67,500
AM;BR-319;406,000;407,000;1,000;20/06/2023;-5,31936904;-62,0056247;67,500
AM;BR-319;407,000;408,000;1,000;20/06/2023;-5,31936904;-62,0056247;65,000
AM;BR-319;408,000;409,000;1,000;20/06/2023;-5,31936904;-62,0056247;50,000
AM;BR-319;409,000;410,000;1,000;20/06/2023;-5,31936904;-62,0056247;51,250
AM;BR-319;410,000;411,000;1,000;20/06/2023;-5,31936904;-62,0056247;51,250
AM;BR-319;411,000;412,000;1,000;20/06/2023;-5,31936904;-62,0056247;67,500
AM;BR-319;412,000;413,000;1,000;20/06/2023;-5,31936904;-62,0056247;70,000
AM;BR-319;413,000;414,000;1,000;20/06/2023;-5,31936904;-62,0056247;61,250
AM;BR-319;414,000;415,000;1,000;20/06/2023;-5,31936904;-62,0056247;62,500
AM;BR-319;415,000;416,000;1,000;20/06/2023;-5,31936904;-62,0056247;62,500
AM;BR-319;416,000;417,000;1,000;20/06/2023;-5,31936904;-62,0056247;68,750
AM;BR-319;417,000;418,000;1,000;20/06/2023;-5,31936904;-62,0056247;68,750
AM;BR-319;418,000;419,000;1,000;20/06/2023;-5,31936904;-62,0056247;61,250
AM;BR-319;419,000;420,000;1,000;20/06/2023;-5,31936904;-62,0056247;67,500
AM;BR-319;420,000;421,000;1,000;20/06/2023;-5,31936904;-62,0056247;67,500
AM;BR-319;421,000;422,000;1,000;20/06/2023;-5,31936904;-62,0056247;67,500
AM;BR-319;422,000;423,000;1,000;20/06/2023;-5,31936904;-62,0056247;67,500
AM;BR-319;423,000;424,000;1,000;20/06/2023;-5,31936904;-62,0056247;67,500
AM;BR-319;424,000;425,000;1,000;20/06/2023;-5,31936904;-62,0056247;67,500
AM;BR-319;425,000;426,000;1,000;20/06/2023;-5,31936904;-62,0056247;67,500
AM;BR-319;426,000;427,000;1,000;20/06/2023;-5,31936904;-62,0056247;51,250
AM;BR-319;427,000;428,000;1,000;20/06/2023;-5,31936904;-62,0056247;51,250
AM;BR-319;428,000;429,000;1,000;20/06/2023;-5,31936904;-62,0056247;51,250
AM;BR-319;429,000;430,000;1,000;20/06/2023;-5,31936904;-62,0056247;51,250
AM;BR-319;430,000;431,000;1,000;20/06/2023;-5,31936904;-62,0056247;51,250
AM;BR-319;431,000;432,000;1,000;20/06/2023;-3,8271708;-60,365115;51,250
AM;BR-319;432,000;433,000;1,000;20/06/2023;-3,8271708;-60,365115;51,250
MG;BR-259;168,700;169,000;0,300;23/06/2023;-18,8314222;-41,9488096;40,000
MG;BR-259;169,000;170,000;1,000;23/06/2023;-18,8310584;-41,9512579;52,500
MG;BR-259;170,000;171,000;1,000;23/06/2023;-18,8310584;-41,9512579;52,500
MG;BR-259;171,000;171,900;0,900;23/06/2023;-18,8333357;-41,9476999;43,750
TO;BR-010;698,900;699,000;0,100;22/06/2023;-10,1800928;-48,3232543;50,000
TO;BR-010;699,000;700,000;1,000;22/06/2023;-8,7720278;-47,7479652;51,250
TO;BR-010;700,000;701,000;1,000;22/06/2023;-8,7720278;-47,7479652;51,250
TO;BR-010;701,000;702,000;1,000;22/06/2023;-8,7720278;-47,7479652;58,750
TO;BR-010;702,000;703,000;1,000;22/06/2023;-8,7720278;-47,7479652;58,750
TO;BR-010;703,000;704,000;1,000;22/06/2023;-8,7720278;-47,7479652;51,250
TO;BR-010;704,000;705,000;1,000;22/06/2023;-8,7720278;-47,7479652;51,250
TO;BR-010;705,000;706,000;1,000;22/06/2023;-8,7720278;-47,7479652;51,250
TO;BR-010;706,000;707,000;1,000;22/06/2023;-8,7720278;-47,7479652;51,250
TO;BR-010;707,000;708,000;1,000;22/06/2023;-8,7720278;-47,7479652;51,250
TO;BR-010;708,000;709,000;1,000;22/06/2023;-8,7720278;-47,7479652;51,250
TO;BR-010;709,000;710,000;1,000;22/06/2023;-8,7720278;-47,7479652;51,250
TO;BR-010;710,000;711,000;1,000;22/06/2023;-8,7720278;-47,7479652;51,250
TO;BR-010;711,000;712,000;1,000;22/06/2023;-8,7720278;-47,7479652;51,250
TO;BR-010;712,000;713,000;1,000;22/06/2023;-8,7720278;-47,7479652;51,250
TO;BR-010;713,000;714,000;1,000;22/06/2023;-8,7720278;-47,7479652;51,250
TO;BR-010;714,000;715,000;1,000;22/06/2023;-8,7720278;-47,7479652;51,250
TO;BR-010;715,000;716,000;1,000;22/06/2023;-8,7720278;-47,7479652;51,250
TO;BR-010;716,000;717,000;1,000;22/06/2023;-8,7720278;-47,7479652;51,250
TO;BR-010;717,000;718,000;1,000;22/06/2023;-8,7720278;-47,7479652;51,250
TO;BR-010;718,000;719,000;1,000;22/06/2023;-8,7720278;-47,7479652;51,250
TO;BR-010;719,000;720,000;1,000;22/06/2023;-8,7720278;-47,7479652;51,250
TO;BR-010;720,000;721,000;1,000;22/06/2023;-8,7720278;-47,7479652;51,250
TO;BR-010;721,000;722,000;1,000;22/06/2023;-8,7720278;-47,7479652;51,250
TO;BR-010;722,000;723,000;1,000;22/06/2023;-8,7720278;-47,7479652;51,250
TO;BR-010;723,000;724,000;1,000;22/06/2023;-8,7720278;-47,7479652;51,250
TO;BR-010;724,000;725,000;1,000;22/06/2023;-8,7720278;-47,7479652;51,250
TO;BR-010;725,000;726,000;1,000;22/06/2023;-8,7720278;-47,7479652;51,250
TO;BR-010;726,000;727,000;1,000;22/06/2023;-8,7720278;-47,7479652;51,250
TO;BR-010;727,000;728,000;1,000;22/06/2023;-8,7720278;-47,7479652;52,500
TO;BR-010;728,000;729,000;1,000;22/06/2023;-8,7720278;-47,7479652;51,250
TO;BR-010;729,000;730,000;1,000;22/06/2023;-8,7720278;-47,7479652;51,250
TO;BR-010;730,000;731,000;1,000;22/06/2023;-8,7720278;-47,7479652;51,250
TO;BR-010;731,000;732,000;1,000;22/06/2023;-8,7720278;-47,7479652;52,500
TO;BR-010;732,000;733,000;1,000;22/06/2023;-8,7720278;-47,7479652;51,250
TO;BR-010;733,000;734,000;1,000;22/06/2023;-8,7720278;-47,7479652;51,250
TO;BR-010;734,000;735,000;1,000;22/06/2023;-8,4906485;-47,7704464;51,250
TO;BR-010;735,000;736,000;1,000;22/06/2023;-8,4906485;-47,7704464;52,500
TO;BR-010;736,000;737,000;1,000;22/06/2023;-8,4906485;-47,7704464;52,500
TO;BR-010;737,000;738,000;1,000;22/06/2023;-8,4906485;-47,7704464;51,250
TO;BR-010;738,000;739,000;1,000;22/06/2023;-8,4906485;-47,7704464;51,250
TO;BR-010;739,000;740,000;1,000;22/06/2023;-8,4906485;-47,7704464;51,250
TO;BR-010;740,000;741,000;1,000;22/06/2023;-8,4906485;-47,7704464;51,250
TO;BR-010;741,000;742,000;1,000;22/06/2023;-8,4906485;-47,7704464;51,250
TO;BR-010;742,000;743,000;1,000;22/06/2023;-8,4906485;-47,7704464;52,500
TO;BR-010;743,000;744,000;1,000;22/06/2023;-8,4906485;-47,7704464;52,500
TO;BR-010;744,000;745,000;1,000;22/06/2023;-8,4906485;-47,7704464;52,500
TO;BR-010;745,000;746,000;1,000;22/06/2023;-8,4906485;-47,7704464;52,500
TO;BR-010;746,000;747,000;1,000;22/06/2023;-8,4906485;-47,7704464;51,250
TO;BR-010;747,000;748,000;1,000;22/06/2023;-8,4906485;-47,7704464;50,000
TO;BR-010;748,000;749,000;1,000;22/06/2023;-8,4906485;-47,7704464;50,000
TO;BR-010;749,000;750,000;1,000;22/06/2023;-8,4906485;-47,7704464;50,000
TO;BR-010;750,000;751,000;1,000;22/06/2023;-8,38481576;-47,7662767;50,000
TO;BR-010;751,000;752,000;1,000;22/06/2023;-8,38481576;-47,7662767;57,500
TO;BR-010;752,000;753,000;1,000;22/06/2023;-8,38481576;-47,7662767;58,750
TO;BR-010;753,000;754,000;1,000;22/06/2023;-8,38481576;-47,7662767;58,750
TO;BR-010;754,000;755,000;1,000;22/06/2023;-8,38481576;-47,7662767;68,750
TO;BR-010;755,000;756,000;1,000;22/06/2023;-8,38481576;-47,7662767;58,750
TO;BR-010;756,000;757,000;1,000;22/06/2023;-8,38481576;-47,7662767;58,750
TO;BR-010;757,000;758,000;1,000;22/06/2023;-8,38481576;-47,7662767;58,750
TO;BR-010;758,000;759,000;1,000;22/06/2023;-8,38481576;-47,7662767;58,750
TO;BR-010;759,000;760,000;1,000;22/06/2023;-8,38481576;-47,7662767;51,250
TO;BR-010;760,000;761,000;1,000;22/06/2023;-8,38481576;-47,7662767;63,750
TO;BR-010;761,000;762,000;1,000;22/06/2023;-8,38481576;-47,7662767;58,750
TO;BR-010;762,000;763,000;1,000;22/06/2023;-8,38481576;-47,7662767;58,750
TO;BR-010;763,000;764,000;1,000;22/06/2023;-8,38481576;-47,7662767;63,750
TO;BR-010;764,000;765,000;1,000;22/06/2023;-8,38481576;-47,7662767;67,500
TO;BR-010;765,000;766,000;1,000;22/06/2023;-8,38481576;-47,7662767;58,750
TO;BR-010;766,000;767,000;1,000;22/06/2023;-8,38481576;-47,7662767;58,750
TO;BR-010;767,000;768,000;1,000;22/06/2023;-8,38481576;-47,7662767;63,750
TO;BR-010;768,000;769,000;1,000;22/06/2023;-8,38481576;-47,7662767;61,250
TO;BR-010;769,000;770,000;1,000;22/06/2023;-8,38481576;-47,7662767;72,500
TO;BR-010;770,000;771,000;1,000;22/06/2023;-8,38481576;-47,7662767;66,250
TO;BR-010;771,000;772,000;1,000;22/06/2023;-8,38481576;-47,7662767;58,750
TO;BR-010;772,000;773,000;1,000;22/06/2023;-8,38481576;-47,7662767;58,750
TO;BR-010;773,000;774,000;1,000;22/06/2023;-8,38481576;-47,7662767;62,500
TO;BR-010;774,000;775,000;1,000;22/06/2023;-8,38481576;-47,7662767;58,750
TO;BR-010;775,000;776,000;1,000;22/06/2023;-8,38481576;-47,7662767;58,750
TO;BR-010;776,000;777,000;1,000;22/06/2023;-8,17130734;-47,6986166;58,750
TO;BR-010;777,000;778,000;1,000;22/06/2023;-8,17130734;-47,6986166;62,500
TO;BR-010;778,000;779,000;1,000;22/06/2023;-8,17130734;-47,6986166;62,500
TO;BR-010;779,000;780,000;1,000;22/06/2023;-8,17130734;-47,6986166;65,000
TO;BR-010;780,000;781,000;1,000;22/06/2023;-8,17130734;-47,6986166;58,750
TO;BR-010;781,000;782,000;1,000;22/06/2023;-8,17130734;-47,6986166;62,500
TO;BR-010;782,000;783,000;1,000;22/06/2023;-8,17130734;-47,6986166;58,750
TO;BR-010;783,000;784,000;1,000;22/06/2023;-8,17130734;-47,6986166;67,500
TO;BR-010;784,000;785,000;1,000;22/06/2023;-8,17130734;-47,6986166;62,500
TO;BR-010;785,000;786,000;1,000;22/06/2023;-8,17130734;-47,6986166;65,000
TO;BR-010;786,000;787,000;1,000;22/06/2023;-8,17130734;-47,6986166;65,000
TO;BR-010;787,000;788,000;1,000;22/06/2023;-8,17130734;-47,6986166;58,750
TO;BR-010;788,000;789,000;1,000;22/06/2023;-8,17130734;-47,6986166;58,750
TO;BR-010;789,000;790,000;1,000;22/06/2023;-8,17130734;-47,6986166;58,750
TO;BR-010;790,000;791,000;1,000;22/06/2023;-8,17130734;-47,6986166;51,250
TO;BR-010;791,000;792,000;1,000;22/06/2023;-8,17130734;-47,6986166;58,750
TO;BR-010;792,000;793,000;1,000;22/06/2023;-8,17130734;-47,6986166;51,250
TO;BR-010;793,000;794,000;1,000;22/06/2023;-8,17130734;-47,6986166;51,250
TO;BR-010;794,000;795,000;1,000;22/06/2023;-8,17130734;-47,6986166;51,250
TO;BR-010;795,000;796,000;1,000;22/06/2023;-8,17130734;-47,6986166;51,250
TO;BR-010;796,000;797,000;1,000;22/06/2023;-8,17130734;-47,6986166;51,250
TO;BR-010;797,000;798,000;1,000;22/06/2023;-8,17130734;-47,6986166;51,250
TO;BR-010;798,000;799,000;1,000;22/06/2023;-8,17130734;-47,6986166;58,750
TO;BR-010;799,000;800,000;1,000;22/06/2023;-8,17130734;-47,6986166;51,250
TO;BR-010;800,000;801,000;1,000;22/06/2023;-8,17130734;-47,6986166;51,250
TO;BR-010;801,000;802,000;1,000;22/06/2023;-8,17130734;-47,6986166;51,250
TO;BR-010;802,000;803,000;1,000;22/06/2023;-8,17130734;-47,6986166;58,750
TO;BR-010;803,000;804,000;1,000;22/06/2023;-7,99450966;-47,5663316;63,750
TO;BR-010;804,000;805,000;1,000;22/06/2023;-7,99450966;-47,5663316;56,250
TO;BR-010;805,000;806,000;1,000;22/06/2023;-7,99450966;-47,5663316;58,750
TO;BR-010;806,000;807,000;1,000;22/06/2023;-7,99450966;-47,5663316;58,750
TO;BR-010;807,000;808,000;1,000;22/06/2023;-7,96718931;-47,5447023;58,750
TO;BR-010;808,000;809,000;1,000;22/06/2023;-7,96718931;-47,5447023;58,750
TO;BR-010;809,000;810,000;1,000;22/06/2023;-7,96718931;-47,5447023;66,250
TO;BR-010;810,000;811,000;1,000;22/06/2023;-7,96718931;-47,5447023;58,750
TO;BR-010;811,000;812,000;1,000;22/06/2023;-7,96718931;-47,5447023;58,750
TO;BR-010;812,000;813,000;1,000;22/06/2023;-7,96718931;-47,5447023;58,750
TO;BR-010;813,000;814,000;1,000;22/06/2023;-7,96718931;-47,5447023;58,750
TO;BR-010;814,000;815,000;1,000;22/06/2023;-7,96718931;-47,5447023;58,750
TO;BR-010;815,000;816,000;1,000;22/06/2023;-7,96718931;-47,5447023;58,750
TO;BR-235;158,670;157,000;1,670;23/06/2023;-7,71056333;-47,3174046;50,000
TO;BR-235;157,000;156,000;1,000;23/06/2023;-7,71056333;-47,3174046;51,250
TO;BR-235;156,000;155,000;1,000;23/06/2023;-7,71056333;-47,3174046;51,250
TO;BR-235;155,000;154,000;1,000;23/06/2023;-7,71056333;-47,3174046;56,250
TO;BR-235;154,000;153,000;1,000;23/06/2023;-7,71056333;-47,3174046;51,250
TO;BR-235;153,000;152,000;1,000;23/06/2023;-7,71056333;-47,3174046;55,000
TO;BR-235;152,000;151,000;1,000;23/06/2023;-7,71056333;-47,3174046;55,000
TO;BR-235;151,000;150,000;1,000;23/06/2023;-7,71056333;-47,3174046;51,250
TO;BR-235;150,000;149,000;1,000;23/06/2023;-7,71056333;-47,3174046;51,250
TO;BR-235;149,000;148,000;1,000;23/06/2023;-7,71056333;-47,3174046;51,250
TO;BR-235;148,000;147,000;1,000;23/06/2023;-7,71056333;-47,3174046;51,250
TO;BR-235;147,000;146,000;1,000;23/06/2023;-7,71056333;-47,3174046;51,250
TO;BR-235;146,000;145,000;1,000;23/06/2023;-7,71056333;-47,3174046;58,750
TO;BR-235;145,000;144,000;1,000;23/06/2023;-7,71056333;-47,3174046;51,250
TO;BR-235;144,000;143,000;1,000;23/06/2023;-7,71056333;-47,3174046;51,250
TO;BR-235;143,000;142,000;1,000;23/06/2023;-7,71056333;-47,3174046;51,250
TO;BR-235;142,000;141,000;1,000;23/06/2023;-7,71056333;-47,3174046;51,250
TO;BR-235;141,000;140,000;1,000;23/06/2023;-7,71056333;-47,3174046;51,250
TO;BR-235;140,000;139,000;1,000;23/06/2023;-7,71056333;-47,3174046;51,250
TO;BR-235;139,000;138,000;1,000;23/06/2023;-7,71056333;-47,3174046;51,250
TO;BR-235;138,000;137,000;1,000;23/06/2023;-7,71056333;-47,3174046;51,250
TO;BR-235;137,000;136,000;1,000;23/06/2023;-7,71056333;-47,3174046;51,250
TO;BR-235;136,000;135,000;1,000;23/06/2023;-7,71056333;-47,3174046;51,250
TO;BR-235;135,000;134,000;1,000;23/06/2023;-9,05224787;-47,9716626;51,250
TO;BR-235;134,000;133,000;1,000;23/06/2023;-9,05224787;-47,9716626;51,250
TO;BR-235;133,000;132,000;1,000;23/06/2023;-9,05224787;-47,9716626;51,250
TO;BR-235;132,000;131,000;1,000;23/06/2023;-9,05224787;-47,9716626;51,250
TO;BR-235;131,000;130,000;1,000;23/06/2023;-9,05224787;-47,9716626;51,250
TO;BR-235;130,000;129,000;1,000;23/06/2023;-9,05224787;-47,9716626;51,250
TO;BR-235;129,000;128,000;1,000;23/06/2023;-9,05224787;-47,9716626;55,000
TO;BR-235;128,000;127,000;1,000;23/06/2023;-9,05224787;-47,9716626;51,250
TO;BR-235;127,000;126,000;1,000;23/06/2023;-9,05224787;-47,9716626;51,250
TO;BR-235;126,000;125,000;1,000;23/06/2023;-9,05224787;-47,9716626;51,250
TO;BR-235;125,000;124,000;1,000;23/06/2023;-9,05224787;-47,9716626;51,250
TO;BR-235;124,000;123,000;1,000;23/06/2023;-9,05224787;-47,9716626;51,250
TO;BR-235;123,000;122,000;1,000;23/06/2023;-9,05224787;-47,9716626;51,250
TO;BR-235;122,000;121,000;1,000;23/06/2023;-9,05224787;-47,9716626;61,250
TO;BR-235;121,000;120,000;1,000;23/06/2023;-9,05224787;-47,9716626;51,250
TO;BR-235;120,000;119,000;1,000;23/06/2023;-9,05224787;-47,9716626;71,250
TO;BR-235;119,000;118,000;1,000;23/06/2023;-9,05224787;-47,9716626;57,500
TO;BR-235;118,000;117,000;1,000;23/06/2023;-9,05224787;-47,9716626;66,250
TO;BR-235;117,000;116,000;1,000;23/06/2023;-9,05224787;-47,9716626;62,500
TO;BR-235;116,000;115,000;1,000;23/06/2023;-9,05224787;-47,9716626;58,750
TO;BR-235;115,000;114,000;1,000;23/06/2023;-9,05224787;-47,9716626;51,250
TO;BR-235;114,000;113,000;1,000;23/06/2023;-9,05224787;-47,9716626;55,000
TO;BR-235;113,000;112,000;1,000;23/06/2023;-9,05224787;-47,9716626;51,250
TO;BR-235;112,000;111,000;1,000;23/06/2023;-9,05224787;-47,9716626;58,750
TO;BR-235;111,000;110,000;1,000;23/06/2023;-9,05224787;-47,9716626;51,250
TO;BR-235;110,000;109,000;1,000;23/06/2023;-9,05224787;-47,9716626;58,750
TO;BR-235;109,000;108,000;1,000;23/06/2023;-9,05224787;-47,9716626;58,750
TO;BR-235;108,000;107,000;1,000;23/06/2023;-9,05224787;-47,9716626;58,750
TO;BR-235;107,000;106,000;1,000;23/06/2023;-9,05224787;-47,9716626;55,000
TO;BR-235;106,000;105,000;1,000;23/06/2023;-9,05224787;-47,9716626;62,500
TO;BR-235;105,000;104,000;1,000;23/06/2023;-9,05224787;-47,9716626;58,750
TO;BR-235;104,000;103,000;1,000;23/06/2023;-9,05224787;-47,9716626;58,750
TO;BR-235;103,000;102,000;1,000;23/06/2023;-9,05224787;-47,9716626;51,250
TO;BR-235;102,000;101,000;1,000;23/06/2023;-9,05224787;-47,9716626;51,250
TO;BR-235;101,000;100,000;1,000;23/06/2023;-9,05224787;-47,9716626;0,000
TO;BR-235;100,000;99,000;1,000;23/06/2023;-9,05224787;-47,9716626;0,000
TO;BR-235;99,000;98,000;1,000;23/06/2023;-9,09511329;-47,6568032;0,000
TO;BR-235;98,000;97,000;1,000;23/06/2023;-9,09523642;-47,6562245;0,000
TO;BR-235;97,000;96,000;1,000;23/06/2023;-9,09546072;-47,6551265;0,000
TO;BR-235;96,000;95,000;1,000;23/06/2023;-9,09569559;-47,6540015;51,250
TO;BR-235;95,000;94,000;1,000;23/06/2023;-9,09609593;-47,6520017;51,250
TO;BR-235;94,000;93,000;1,000;23/06/2023;-9,09609593;-47,6520017;55,000
TO;BR-235;93,000;92,000;1,000;23/06/2023;-9,09609593;-47,6520017;51,250
TO;BR-235;92,000;91,000;1,000;23/06/2023;-9,09609593;-47,6520017;51,250
TO;BR-235;91,000;90,000;1,000;23/06/2023;-9,09609593;-47,6520017;51,250
TO;BR-235;90,000;89,000;1,000;23/06/2023;-9,09609593;-47,6520017;51,250
TO;BR-235;89,000;88,000;1,000;23/06/2023;-9,09609593;-47,6520017;51,250
TO;BR-235;88,000;87,000;1,000;23/06/2023;-9,09609593;-47,6520017;51,250
TO;BR-235;87,000;86,000;1,000;23/06/2023;-9,09609593;-47,6520017;51,250
TO;BR-235;86,000;85,000;1,000;23/06/2023;-9,09609593;-47,6520017;72,500
TO;BR-235;85,000;84,000;1,000;23/06/2023;-9,09609593;-47,6520017;58,750
TO;BR-235;84,000;83,000;1,000;23/06/2023;-9,09609593;-47,6520017;51,250
MG;BR-367;64,300;64,000;0,300;22/06/2023;-16,1326647;-40,4208919;55,000
MG;BR-367;64,000;63,000;1,000;22/06/2023;-16,1326647;-40,4208919;55,000
MG;BR-367;63,000;62,000;1,000;22/06/2023;-16,1326647;-40,4208919;82,500
MG;BR-367;62,000;61,000;1,000;22/06/2023;-16,1326647;-40,4208919;80,000
MG;BR-367;61,000;60,000;1,000;22/06/2023;-16,1326647;-40,4208919;82,500
MG;BR-367;60,000;59,000;1,000;22/06/2023;-16,1326647;-40,4208919;57,500
MG;BR-367;59,000;58,000;1,000;22/06/2023;-16,1326647;-40,4208919;37,500
MG;BR-367;58,000;57,000;1,000;22/06/2023;-16,1326647;-40,4208919;42,500
MG;BR-367;57,000;56,000;1,000;22/06/2023;-16,1326647;-40,4208919;42,500
MG;BR-367;56,000;55,000;1,000;22/06/2023;-16,1326647;-40,4208919;42,500
MG;BR-367;55,000;54,000;1,000;22/06/2023;-16,1326647;-40,4208919;90,000
MG;BR-367;54,000;53,000;1,000;22/06/2023;-16,1474573;-40,302435;22,500
MG;BR-367;53,000;52,000;1,000;22/06/2023;-16,1474573;-40,302435;22,500
MG;BR-367;52,000;51,600;0,400;22/06/2023;-16,1474573;-40,302435;22,500
MG;BR-367;51,600;51,000;0,600;22/06/2023;-16,1474573;-40,302435;87,500
MG;BR-367;51,000;50,000;1,000;22/06/2023;-16,1474573;-40,302435;83,750
MG;BR-367;50,000;49,000;1,000;22/06/2023;-16,1474573;-40,302435;85,000
MG;BR-367;49,000;48,000;1,000;22/06/2023;-16,1474573;-40,302435;85,000
MG;BR-367;48,000;47,000;1,000;22/06/2023;-16,1474573;-40,302435;85,000
MG;BR-367;47,000;46,000;1,000;22/06/2023;-16,1474573;-40,302435;42,500
MG;BR-367;46,000;45,000;1,000;22/06/2023;-16,1474573;-40,302435;65,000
MG;BR-367;45,000;44,000;1,000;22/06/2023;-16,1474573;-40,302435;82,500
MG;BR-367;44,000;43,000;1,000;22/06/2023;-16,1474573;-40,302435;57,500
MG;BR-367;43,000;42,000;1,000;22/06/2023;-16,1474573;-40,302435;70,000
MG;BR-367;42,000;41,000;1,000;22/06/2023;-16,1474573;-40,302435;82,500
MG;BR-367;41,000;40,000;1,000;22/06/2023;-16,1474573;-40,302435;83,750
MG;BR-367;40,000;39,000;1,000;22/06/2023;-16,1474573;-40,302435;83,750
MG;BR-367;39,000;38,000;1,000;22/06/2023;-16,1474573;-40,302435;75,000
MG;BR-367;38,000;37,000;1,000;22/06/2023;-16,1474573;-40,302435;67,500
MG;BR-367;37,000;36,000;1,000;22/06/2023;-16,145104;-40,1785396;86,250
MG;BR-367;36,000;35,000;1,000;22/06/2023;-16,145104;-40,1785396;82,500
MG;BR-367;35,000;34,000;1,000;22/06/2023;-16,145104;-40,1785396;83,750
MG;BR-367;34,000;33,000;1,000;22/06/2023;-16,145104;-40,1785396;40,000
MG;BR-367;33,000;32,000;1,000;22/06/2023;-16,145104;-40,1785396;67,500
MG;BR-367;32,000;31,000;1,000;22/06/2023;-16,145104;-40,1785396;82,500
MG;BR-367;31,000;30,000;1,000;22/06/2023;-16,145104;-40,1785396;82,500
MG;BR-367;30,000;29,000;1,000;22/06/2023;-16,145104;-40,1785396;57,500
MG;BR-367;29,000;28,000;1,000;22/06/2023;-16,145104;-40,1785396;61,250
MG;BR-367;28,000;27,000;1,000;22/06/2023;-16,145104;-40,1785396;50,000
MG;BR-367;27,000;26,000;1,000;22/06/2023;-16,145104;-40,1785396;47,500
MG;BR-367;26,000;25,000;1,000;22/06/2023;-16,145104;-40,1785396;90,000
MG;BR-367;25,000;24,000;1,000;22/06/2023;-16,145104;-40,1785396;82,500
MG;BR-367;24,000;23,000;1,000;22/06/2023;-16,145104;-40,1785396;65,000
MG;BR-367;23,000;22,000;1,000;22/06/2023;-16,145104;-40,1785396;86,250
MG;BR-367;22,000;21,000;1,000;22/06/2023;-16,145104;-40,1785396;82,500
MG;BR-367;21,000;20,000;1,000;22/06/2023;-16,145104;-40,1785396;86,250
MG;BR-367;20,000;19,000;1,000;22/06/2023;-16,145104;-40,1785396;83,750
MG;BR-367;19,000;18,000;1,000;22/06/2023;-16,145104;-40,1785396;86,250
MG;BR-367;18,000;17,000;1,000;22/06/2023;-16,145104;-40,1785396;90,000
MG;BR-367;17,000;16,000;1,000;22/06/2023;-16,0930745;-40,022036;82,500
MG;BR-367;16,000;15,000;1,000;22/06/2023;-16,0930745;-40,022036;82,500
MG;BR-367;15,000;14,000;1,000;22/06/2023;-16,0930745;-40,022036;82,500
MG;BR-367;14,000;13,000;1,000;22/06/2023;-16,0930745;-40,022036;86,250
MG;BR-367;13,000;12,000;1,000;22/06/2023;-16,0930745;-40,022036;82,500
MG;BR-367;12,000;11,000;1,000;22/06/2023;-16,0930745;-40,022036;82,500
MG;BR-367;11,000;10,000;1,000;22/06/2023;-16,0930745;-40,022036;82,500
MG;BR-367;10,000;9,000;1,000;22/06/2023;-16,0930745;-40,022036;86,250
MG;BR-367;9,000;8,000;1,000;22/06/2023;-16,0930745;-40,022036;71,250
MG;BR-367;8,000;7,000;1,000;22/06/2023;-16,0930745;-40,022036;73,750
MG;BR-367;7,000;6,000;1,000;22/06/2023;-16,0930745;-40,022036;73,750
MG;BR-367;6,000;5,000;1,000;22/06/2023;-16,0930745;-40,022036;70,000
MG;BR-367;5,000;4,000;1,000;22/06/2023;-16,0930745;-40,022036;82,500
MG;BR-367;4,000;3,000;1,000;22/06/2023;-16,0930745;-40,022036;90,000
MG;BR-367;3,000;2,000;1,000;22/06/2023;-16,0930745;-40,022036;85,000
MG;BR-367;2,000;1,000;1,000;22/06/2023;-16,0930745;-40,022036;0,000
MG;BR-367;1,000;0,000;1,000;22/06/2023;-16,0930745;-40,022036;0,000
MG;BR-135;137,800;137,000;0,800;21/06/2023;-15,9760016;-44,2839133;72,500
MG;BR-135;137,000;136,000;1,000;21/06/2023;-15,9760016;-44,2839133;78,750
MG;BR-135;136,000;135,400;0,600;21/06/2023;-15,9760016;-44,2839133;82,500
MG;BR-135;125,400;124,000;1,400;21/06/2023;-15,9760016;-44,2839133;85,000
MG;BR-135;124,000;123,000;1,000;21/06/2023;-15,9760016;-44,2839133;83,750
MG;BR-135;123,000;122,000;1,000;21/06/2023;-15,9760016;-44,2839133;82,500
MG;BR-135;122,000;121,000;1,000;21/06/2023;-15,9760016;-44,2839133;82,500
MG;BR-135;121,000;120,000;1,000;21/06/2023;-15,9760016;-44,2839133;78,750
MG;BR-135;120,000;119,000;1,000;21/06/2023;-15,9760016;-44,2839133;85,000
MG;BR-135;119,000;118,000;1,000;21/06/2023;-15,9760016;-44,2839133;76,250
MG;BR-135;118,000;117,000;1,000;21/06/2023;-15,9760016;-44,2839133;82,500
MG;BR-135;117,000;116,000;1,000;21/06/2023;-15,9760016;-44,2839133;82,500
MG;BR-135;116,000;115,000;1,000;21/06/2023;-15,9760016;-44,2839133;82,500
MG;BR-135;115,000;114,000;1,000;21/06/2023;-15,9760016;-44,2839133;82,500
MG;BR-135;114,000;113,000;1,000;21/06/2023;-15,9760016;-44,2839133;82,500
MG;BR-135;113,000;112,000;1,000;21/06/2023;-15,9760016;-44,2839133;82,500
MG;BR-135;112,000;111,000;1,000;21/06/2023;-15,9760016;-44,2839133;82,500
MG;BR-135;111,000;110,000;1,000;21/06/2023;-15,9760016;-44,2839133;82,500
MG;BR-135;110,000;109,000;1,000;21/06/2023;-15,9760016;-44,2839133;82,500
MG;BR-135;109,000;108,000;1,000;21/06/2023;-15,9760016;-44,2839133;82,500
MG;BR-135;108,000;107,000;1,000;21/06/2023;-15,9760016;-44,2839133;82,500
MG;BR-135;107,000;106,400;0,600;21/06/2023;-15,9760016;-44,2839133;82,500
MG;BR-135;106,400;106,000;0,400;21/06/2023;-15,9760016;-44,2839133;72,500
MG;BR-135;106,000;105,000;1,000;21/06/2023;-15,9760016;-44,2839133;78,750
MG;BR-135;105,000;104,000;1,000;21/06/2023;-15,9760016;-44,2839133;73,750
MG;BR-135;104,000;103,000;1,000;21/06/2023;-15,9760016;-44,2839133;73,750
MG;BR-135;103,000;102,000;1,000;21/06/2023;-15,9760016;-44,2839133;66,250
MG;BR-135;102,000;101,000;1,000;21/06/2023;-15,9760016;-44,2839133;72,500
MG;BR-135;101,000;100,000;1,000;21/06/2023;-15,9760016;-44,2839133;80,000
MG;BR-135;100,000;99,000;1,000;21/06/2023;-15,9760016;-44,2839133;72,500
MG;BR-135;99,000;98,000;1,000;21/06/2023;-15,9760016;-44,2839133;70,000
MG;BR-135;98,000;97,000;1,000;21/06/2023;-15,9760016;-44,2839133;67,500
MG;BR-135;97,000;96,000;1,000;21/06/2023;-15,9760016;-44,2839133;88,750
MG;BR-135;96,000;95,000;1,000;21/06/2023;-15,9760016;-44,2839133;88,750
MG;BR-135;95,000;94,000;1,000;21/06/2023;-15,9760016;-44,2839133;75,000
MG;BR-135;94,000;93,000;1,000;21/06/2023;-15,9760016;-44,2839133;76,250
MG;BR-135;93,000;92,000;1,000;21/06/2023;-15,9760016;-44,2839133;75,000
MG;BR-135;92,000;91,000;1,000;21/06/2023;-15,9760016;-44,2839133;68,750
MG;BR-135;91,000;90,000;1,000;21/06/2023;-15,9760016;-44,2839133;75,000
MG;BR-135;90,000;89,000;1,000;21/06/2023;-15,9760016;-44,2839133;78,750
MG;BR-135;89,000;88,000;1,000;21/06/2023;-15,9760016;-44,2839133;72,500
MG;BR-135;88,000;87,000;1,000;21/06/2023;-15,9760016;-44,2839133;78,750
MG;BR-135;87,000;86,000;1,000;21/06/2023;-15,9760016;-44,2839133;78,750
MG;BR-135;86,000;85,000;1,000;21/06/2023;-15,9760016;-44,2839133;78,750
MG;BR-135;85,000;84,000;1,000;21/06/2023;-15,9760016;-44,2839133;78,750
MG;BR-135;84,000;83,000;1,000;21/06/2023;-15,9760016;-44,2839133;78,750
MG;BR-135;83,000;82,000;1,000;21/06/2023;-15,9760016;-44,2839133;78,750
MG;BR-367;405,700;404,000;1,700;22/06/2023;-17,3781633;-43,0772783;40,000
MG;BR-367;404,000;403,000;1,000;22/06/2023;-17,3781633;-43,0772783;42,500
MG;BR-367;403,000;402,000;1,000;22/06/2023;-17,3781633;-43,0772783;42,500
MG;BR-367;402,000;401,000;1,000;22/06/2023;-17,3781633;-43,0772783;40,000
MG;BR-367;401,000;400,000;1,000;22/06/2023;-17,3781633;-43,0772783;40,000
MG;BR-367;400,000;399,000;1,000;22/06/2023;-17,3781633;-43,0772783;40,000
MG;BR-367;399,000;398,000;1,000;22/06/2023;-17,3781633;-43,0772783;43,750
MG;BR-367;398,000;397,000;1,000;22/06/2023;-17,3781633;-43,0772783;42,500
MG;BR-367;397,000;396,000;1,000;22/06/2023;-17,3781633;-43,0772783;40,000
MG;BR-367;396,000;395,000;1,000;22/06/2023;-17,3781633;-43,0772783;40,000
MG;BR-367;395,000;394,000;1,000;22/06/2023;-17,3781633;-43,0772783;33,750
MG;BR-367;394,000;393,000;1,000;22/06/2023;-17,3781633;-43,0772783;33,750
MG;BR-367;393,000;392,000;1,000;22/06/2023;-17,3781633;-43,0772783;40,000
MG;BR-367;392,000;391,000;1,000;22/06/2023;-17,3781633;-43,0772783;40,000
MG;BR-367;391,000;390,000;1,000;22/06/2023;-17,3781633;-43,0772783;42,500
MG;BR-367;390,000;389,000;1,000;22/06/2023;-17,3781633;-43,0772783;42,500
MG;BR-367;389,000;388,000;1,000;22/06/2023;-17,3781633;-43,0772783;42,500
MG;BR-367;388,000;387,000;1,000;22/06/2023;-17,3781633;-43,0772783;42,500
MG;BR-367;387,000;386,000;1,000;22/06/2023;-17,3781633;-43,0772783;42,500
MG;BR-367;384,400;384,000;0,400;22/06/2023;-17,3781633;-43,0772783;42,500
MG;BR-367;384,000;383,000;1,000;22/06/2023;-17,3781633;-43,0772783;42,500
MG;BR-367;383,000;382,000;1,000;22/06/2023;-17,3781633;-43,0772783;42,500
MG;BR-367;382,000;381,000;1,000;22/06/2023;-17,3781633;-43,0772783;42,500
MG;BR-367;381,000;380,000;1,000;22/06/2023;-17,3781633;-43,0772783;42,500
MG;BR-367;380,000;379,000;1,000;22/06/2023;-17,3781633;-43,0772783;42,500
MG;BR-367;379,000;378,000;1,000;22/06/2023;-17,3781633;-43,0772783;42,500
MG;BR-367;378,000;377,000;1,000;22/06/2023;-17,3781633;-43,0772783;42,500
MG;BR-367;377,000;376,000;1,000;22/06/2023;-17,3781633;-43,0772783;42,500
MG;BR-367;376,000;375,000;1,000;22/06/2023;-17,3781633;-43,0772783;42,500
MG;BR-367;375,000;374,000;1,000;22/06/2023;-17,3781633;-43,0772783;42,500
MG;BR-367;374,000;373,000;1,000;22/06/2023;-17,3781633;-43,0772783;42,500
MG;BR-367;373,000;372,000;1,000;22/06/2023;-17,3781633;-43,0772783;42,500
MG;BR-367;372,000;371,000;1,000;22/06/2023;-17,3781633;-43,0772783;47,500
MG;BR-367;371,000;370,000;1,000;22/06/2023;-17,3781633;-43,0772783;42,500
MG;BR-367;370,000;369,000;1,000;22/06/2023;-17,3781633;-43,0772783;42,500
MG;BR-367;369,000;368,000;1,000;22/06/2023;-17,3781633;-43,0772783;42,500
MG;BR-367;368,000;367,000;1,000;22/06/2023;-17,3781633;-43,0772783;42,500
MG;BR-367;367,000;366,000;1,000;22/06/2023;-17,3781633;-43,0772783;42,500
MG;BR-367;366,000;365,000;1,000;22/06/2023;-17,3781633;-43,0772783;42,500
MG;BR-367;365,000;364,000;1,000;22/06/2023;-17,3781633;-43,0772783;42,500
MG;BR-367;364,000;363,000;1,000;22/06/2023;-17,3781633;-43,0772783;42,500
MG;BR-367;363,000;362,700;0,300;22/06/2023;-17,3781633;-43,0772783;42,500
MG;BR-367;362,700;362,000;0,700;22/06/2023;-17,3781633;-43,0772783;78,750
MG;BR-367;362,000;361,000;1,000;22/06/2023;-17,3781633;-43,0772783;72,500
MG;BR-367;361,000;360,000;1,000;22/06/2023;-17,3781633;-43,0772783;81,250
MG;BR-367;360,000;359,000;1,000;22/06/2023;-17,3781633;-43,0772783;81,250
MG;BR-367;359,000;358,000;1,000;22/06/2023;-17,3781633;-43,0772783;80,000
MG;BR-367;358,000;357,000;1,000;22/06/2023;-17,3781633;-43,0772783;53,750
MG;BR-367;357,000;356,000;1,000;22/06/2023;-17,3781633;-43,0772783;72,500
MG;BR-367;356,000;355,000;1,000;22/06/2023;-17,3781633;-43,0772783;66,250
MG;BR-367;355,000;354,000;1,000;22/06/2023;-17,3781633;-43,0772783;66,250
MG;BR-367;354,000;353,000;1,000;22/06/2023;-17,3781633;-43,0772783;66,250
MG;BR-367;353,000;352,000;1,000;22/06/2023;-17,3781633;-43,0772783;66,250
MG;BR-367;352,000;351,000;1,000;22/06/2023;-17,3781633;-43,0772783;66,250
MG;BR-367;351,000;350,000;1,000;22/06/2023;-17,3781633;-43,0772783;66,250
MG;BR-367;350,000;349,000;1,000;22/06/2023;-17,3781633;-43,0772783;62,500
MG;BR-367;349,000;348,000;1,000;22/06/2023;-17,3781633;-43,0772783;85,000
MG;BR-367;348,000;347,000;1,000;22/06/2023;-17,3781633;-43,0772783;96,250
MG;BR-367;347,000;346,000;1,000;22/06/2023;-17,3781633;-43,0772783;100,000
MG;BR-367;346,000;345,000;1,000;22/06/2023;-17,3781633;-43,0772783;100,000
MG;BR-367;345,000;344,000;1,000;22/06/2023;-17,3781633;-43,0772783;58,750
MG;BR-367;344,000;343,000;1,000;22/06/2023;-17,3781633;-43,0772783;62,500
MG;BR-367;343,000;342,000;1,000;22/06/2023;-17,3781633;-43,0772783;57,500
MG;BR-367;342,000;341,000;1,000;22/06/2023;-17,3781633;-43,0772783;92,500
MG;BR-367;341,000;340,000;1,000;22/06/2023;-17,3781633;-43,0772783;100,000
MG;BR-367;340,000;339,000;1,000;22/06/2023;-17,3781633;-43,0772783;100,000
MG;BR-367;339,000;338,000;1,000;22/06/2023;-17,3781633;-43,0772783;96,250
MG;BR-367;338,000;337,000;1,000;22/06/2023;-17,3781633;-43,0772783;96,250
MG;BR-367;337,000;336,700;0,300;22/06/2023;-17,3781633;-43,0772783;92,500
TO;BR-010;553,200;554,000;0,800;26/06/2023;-9,96888745;-48,0049275;57,500
TO;BR-010;554,000;555,000;1,000;26/06/2023;-9,96888745;-48,0049275;57,500
TO;BR-010;555,000;556,000;1,000;26/06/2023;-9,96888745;-48,0049275;58,750
TO;BR-010;556,000;557,000;1,000;26/06/2023;-9,96888745;-48,0049275;57,500
TO;BR-010;557,000;558,000;1,000;26/06/2023;-9,96888745;-48,0049275;50,000
TO;BR-010;558,000;559,000;1,000;26/06/2023;-9,96888745;-48,0049275;50,000
TO;BR-010;559,000;560,000;1,000;26/06/2023;-9,96888745;-48,0049275;57,500
TO;BR-010;560,000;561,000;1,000;26/06/2023;-9,96888745;-48,0049275;50,000
TO;BR-010;561,000;562,000;1,000;26/06/2023;-9,96888745;-48,0049275;50,000
TO;BR-010;562,000;563,000;1,000;26/06/2023;-9,75950461;-47,8391723;50,000
TO;BR-010;563,000;564,000;1,000;26/06/2023;-9,75950461;-47,8391723;50,000
TO;BR-010;564,000;565,000;1,000;26/06/2023;-9,75843153;-47,8364148;52,500
TO;BR-010;565,000;566,000;1,000;26/06/2023;-9,75843153;-47,8364148;50,000
TO;BR-010;566,000;567,000;1,000;26/06/2023;-9,75843153;-47,8364148;67,500
TO;BR-010;567,000;568,000;1,000;26/06/2023;-9,75843153;-47,8364148;57,500
TO;BR-010;568,000;569,000;1,000;26/06/2023;-9,75843153;-47,8364148;61,250
TO;BR-010;569,000;570,000;1,000;26/06/2023;-9,75843153;-47,8364148;57,500
TO;BR-010;570,000;571,000;1,000;26/06/2023;-9,75843153;-47,8364148;50,000
TO;BR-010;571,000;572,000;1,000;26/06/2023;-9,75843153;-47,8364148;50,000
TO;BR-010;572,000;573,000;1,000;26/06/2023;-9,75843153;-47,8364148;50,000
TO;BR-010;573,000;574,000;1,000;26/06/2023;-9,75843153;-47,8364148;50,000
TO;BR-010;574,000;575,000;1,000;26/06/2023;-9,75843153;-47,8364148;50,000
TO;BR-010;575,000;576,000;1,000;26/06/2023;-9,75843153;-47,8364148;50,000
TO;BR-010;576,000;577,000;1,000;26/06/2023;-9,75843153;-47,8364148;51,250
TO;BR-010;577,000;578,000;1,000;26/06/2023;-9,75843153;-47,8364148;51,250
TO;BR-010;578,000;579,000;1,000;26/06/2023;-9,75843153;-47,8364148;50,000
TO;BR-010;579,000;580,000;1,000;26/06/2023;-9,75843153;-47,8364148;50,000
TO;BR-010;580,000;581,000;1,000;26/06/2023;-9,75843153;-47,8364148;50,000
TO;BR-010;581,000;582,000;1,000;26/06/2023;-9,75843153;-47,8364148;57,500
TO;BR-010;582,000;583,000;1,000;26/06/2023;-9,75843153;-47,8364148;50,000
TO;BR-010;583,000;584,000;1,000;26/06/2023;-9,75843153;-47,8364148;50,000
TO;BR-010;584,000;585,000;1,000;26/06/2023;-9,75843153;-47,8364148;50,000
TO;BR-010;585,000;586,000;1,000;26/06/2023;-9,75843153;-47,8364148;50,000
TO;BR-010;586,000;587,000;1,000;26/06/2023;-9,75843153;-47,8364148;50,000
TO;BR-010;587,000;588,000;1,000;26/06/2023;-9,75843153;-47,8364148;50,000
TO;BR-010;588,000;589,000;1,000;26/06/2023;-9,75843153;-47,8364148;50,000
TO;BR-010;589,000;590,000;1,000;26/06/2023;-9,75843153;-47,8364148;53,750
TO;BR-010;590,000;591,000;1,000;26/06/2023;-9,75843153;-47,8364148;50,000
TO;BR-010;591,000;592,000;1,000;26/06/2023;-9,75843153;-47,8364148;50,000
TO;BR-010;592,000;593,000;1,000;26/06/2023;-9,57376437;-47,8524726;50,000
TO;BR-010;593,000;594,000;1,000;26/06/2023;-9,57376437;-47,8524726;50,000
TO;BR-010;594,000;595,000;1,000;26/06/2023;-9,57376437;-47,8524726;50,000
TO;BR-010;595,000;596,000;1,000;26/06/2023;-9,57376437;-47,8524726;50,000
TO;BR-010;596,000;597,000;1,000;26/06/2023;-9,56091606;-47,821919;50,000
TO;BR-010;597,000;598,000;1,000;26/06/2023;-9,56091606;-47,821919;50,000
TO;BR-010;598,000;599,000;1,000;26/06/2023;-9,56091606;-47,821919;50,000
TO;BR-010;599,000;600,000;1,000;26/06/2023;-9,56091606;-47,821919;50,000
TO;BR-010;600,000;601,000;1,000;26/06/2023;-9,56091606;-47,821919;50,000
MG;BR-364;189,000;190,000;1,000;26/06/2023;0;0;100,000
MG;BR-364;190,000;191,000;1,000;26/06/2023;0;0;100,000
MG;BR-364;191,000;192,000;1,000;26/06/2023;0;0;100,000
MG;BR-364;192,000;193,000;1,000;26/06/2023;0;0;93,750
MG;BR-364;193,000;194,000;1,000;26/06/2023;0;0;100,000
MG;BR-364;194,000;195,000;1,000;26/06/2023;0;0;100,000
MG;BR-364;195,000;196,000;1,000;26/06/2023;0;0;100,000
MG;BR-364;196,000;197,000;1,000;26/06/2023;0;0;100,000
MG;BR-364;197,000;198,000;1,000;26/06/2023;0;0;100,000
MG;BR-364;198,000;199,000;1,000;26/06/2023;0;0;96,250
MG;BR-364;199,000;200,000;1,000;26/06/2023;0;0;100,000
MG;BR-364;200,000;201,000;1,000;26/06/2023;0;0;100,000
MG;BR-364;201,000;202,000;1,000;26/06/2023;0;0;100,000
MG;BR-364;202,000;203,000;1,000;26/06/2023;0;0;96,250
AP;BR-210;106,200;107,000;0,800;15/06/2023;0,6877073;-51,3682721;65,000
AP;BR-210;107,000;108,000;1,000;15/06/2023;0,70166;-51,4019269;72,500
AP;BR-210;108,000;109,000;1,000;15/06/2023;0,70166;-51,4019269;65,000
AP;BR-210;109,000;110,000;1,000;15/06/2023;0,70166;-51,4019269;80,000
AP;BR-210;110,000;111,000;1,000;15/06/2023;0,6986373;-51,4265288;72,500
AP;BR-210;111,000;112,000;1,000;15/06/2023;0,6986373;-51,4265288;72,500
AP;BR-210;112,000;113,000;1,000;15/06/2023;0,6986373;-51,4265288;68,750
AP;BR-210;113,000;114,000;1,000;15/06/2023;0,6990874;-51,400943;70,000
AP;BR-210;114,000;115,000;1,000;15/06/2023;0,6990874;-51,400943;70,000
AP;BR-210;115,000;116,000;1,000;15/06/2023;0,7000066;-51,3996312;70,000
AP;BR-210;116,000;117,000;1,000;15/06/2023;0,7000066;-51,3996312;70,000
AP;BR-210;117,000;118,000;1,000;15/06/2023;0,7000066;-51,3996312;65,000
AP;BR-210;118,000;119,000;1,000;15/06/2023;0,7000066;-51,3996312;70,000
AP;BR-210;119,000;120,000;1,000;15/06/2023;0,7000066;-51,3996312;65,000
AP;BR-210;120,000;121,000;1,000;15/06/2023;0,7000066;-51,3996312;72,500
AP;BR-210;121,000;122,000;1,000;15/06/2023;0,6766836;-51,5147975;70,000
AP;BR-210;122,000;123,000;1,000;15/06/2023;0,6766836;-51,5147975;70,000
AP;BR-210;123,000;124,000;1,000;15/06/2023;0,6766836;-51,5147975;62,500
AP;BR-210;124,000;125,000;1,000;15/06/2023;0,6766836;-51,5147975;62,500
AP;BR-210;125,000;126,000;1,000;15/06/2023;0,6766836;-51,5147975;72,500
AP;BR-210;126,000;127,000;1,000;15/06/2023;0,6766836;-51,5147975;62,500
AP;BR-210;127,000;128,000;1,000;15/06/2023;0,6766836;-51,5147975;72,500
AP;BR-210;128,000;129,000;1,000;15/06/2023;0,6766836;-51,5147975;76,250
AP;BR-210;129,000;130,000;1,000;15/06/2023;0,6766836;-51,5147975;72,500
AP;BR-210;130,000;131,000;1,000;15/06/2023;0,6766836;-51,5147975;62,500
AP;BR-210;131,000;132,000;1,000;15/06/2023;0,6766836;-51,5147975;62,500
AP;BR-210;132,000;133,000;1,000;15/06/2023;0,6766836;-51,5147975;63,750
AP;BR-210;133,000;134,000;1,000;15/06/2023;0,6766836;-51,5147975;72,500
AP;BR-210;134,000;135,000;1,000;15/06/2023;0,6766836;-51,5147975;63,750
AP;BR-210;135,000;136,000;1,000;15/06/2023;0,6766836;-51,5147975;75,000
AP;BR-210;136,000;137,000;1,000;15/06/2023;0,6766836;-51,5147975;67,500
AP;BR-210;137,000;138,000;1,000;15/06/2023;0,6766836;-51,5147975;65,000
AP;BR-210;138,000;139,000;1,000;15/06/2023;0,62944026;-51,665828;68,750
AP;BR-210;139,000;140,000;1,000;15/06/2023;0,62944026;-51,665828;76,250
AP;BR-210;140,000;141,000;1,000;15/06/2023;0,62944026;-51,665828;70,000
AP;BR-210;141,000;142,000;1,000;15/06/2023;0,62944026;-51,665828;71,250
AP;BR-210;142,000;143,000;1,000;15/06/2023;0,62944026;-51,665828;75,000
AP;BR-210;143,000;144,000;1,000;15/06/2023;0,62944026;-51,665828;65,000
AP;BR-210;144,000;145,000;1,000;15/06/2023;0,62944026;-51,665828;66,250
AP;BR-210;145,000;146,000;1,000;15/06/2023;0,62944026;-51,665828;65,000
AP;BR-210;146,000;147,000;1,000;15/06/2023;0,62944026;-51,665828;62,500
AP;BR-210;147,000;148,000;1,000;15/06/2023;0,62944026;-51,665828;63,750
AP;BR-210;148,000;149,000;1,000;15/06/2023;0,62944026;-51,665828;65,000
AP;BR-210;149,000;150,000;1,000;15/06/2023;0,62944026;-51,665828;68,750
AP;BR-210;150,000;151,000;1,000;15/06/2023;0,62944026;-51,665828;65,000
AP;BR-210;151,000;152,000;1,000;15/06/2023;0,62944026;-51,665828;58,750
AP;BR-210;152,000;153,000;1,000;15/06/2023;0,62944026;-51,665828;71,250
AP;BR-210;153,000;154,000;1,000;15/06/2023;0,62944026;-51,665828;67,500
AP;BR-210;154,000;155,000;1,000;15/06/2023;0,62944026;-51,665828;70,000
AP;BR-210;155,000;156,000;1,000;15/06/2023;0,62944026;-51,665828;63,750
AP;BR-210;156,000;157,000;1,000;15/06/2023;0,62944026;-51,665828;65,000
AP;BR-210;157,000;158,000;1,000;15/06/2023;0,62944026;-51,665828;66,250
AP;BR-210;158,000;159,000;1,000;15/06/2023;0,62944026;-51,665828;62,500
AP;BR-210;159,000;160,000;1,000;15/06/2023;0,62944026;-51,665828;67,500
AP;BR-210;160,000;161,000;1,000;15/06/2023;0,62944026;-51,665828;63,750
AP;BR-210;161,000;162,000;1,000;15/06/2023;0,62944026;-51,665828;65,000
AP;BR-210;162,000;163,000;1,000;15/06/2023;0,62944026;-51,665828;75,000
AP;BR-210;163,000;164,000;1,000;15/06/2023;0,62944026;-51,665828;72,500
AP;BR-210;164,000;165,000;1,000;15/06/2023;0,62944026;-51,665828;72,500
AP;BR-210;165,000;166,000;1,000;15/06/2023;0,62944026;-51,665828;72,500
AP;BR-210;166,000;167,000;1,000;15/06/2023;0,62944026;-51,665828;72,500
AP;BR-210;167,000;168,000;1,000;15/06/2023;0,62944026;-51,665828;77,500
AP;BR-210;168,000;169,000;1,000;15/06/2023;0,62944026;-51,665828;75,000
AP;BR-210;169,000;170,000;1,000;15/06/2023;0,62944026;-51,665828;67,500
AP;BR-210;170,000;171,000;1,000;15/06/2023;0,62944026;-51,665828;72,500
AP;BR-210;171,000;172,000;1,000;15/06/2023;0,62944026;-51,665828;72,500
AP;BR-210;172,000;173,000;1,000;15/06/2023;0,62944026;-51,665828;67,500
AP;BR-210;173,000;174,000;1,000;15/06/2023;0,62944026;-51,665828;67,500
AP;BR-210;174,000;175,000;1,000;15/06/2023;0,62944026;-51,665828;78,750
AP;BR-210;175,000;176,000;1,000;15/06/2023;0,62944026;-51,665828;73,750
AP;BR-210;176,000;177,000;1,000;15/06/2023;0,62944026;-51,665828;73,750
AP;BR-210;177,000;178,000;1,000;15/06/2023;0,62944026;-51,665828;65,000
AP;BR-210;178,000;179,000;1,000;15/06/2023;0,62944026;-51,665828;65,000
AP;BR-210;179,000;180,000;1,000;15/06/2023;0,0439439;-51,1220696;72,500
AP;BR-210;180,000;181,000;1,000;15/06/2023;0,0439439;-51,1220696;72,500
AP;BR-210;181,000;182,000;1,000;15/06/2023;0,0439439;-51,1220696;72,500
AP;BR-210;182,000;183,000;1,000;15/06/2023;0,0439439;-51,1220696;70,000
AP;BR-210;183,000;184,000;1,000;15/06/2023;0,0439439;-51,1220696;72,500
AP;BR-210;184,000;185,000;1,000;15/06/2023;0,0439439;-51,1220696;65,000
AP;BR-210;185,000;186,000;1,000;15/06/2023;0,0439439;-51,1220696;73,750
AP;BR-210;186,000;187,000;1,000;15/06/2023;0,0439439;-51,1220696;62,500
AP;BR-210;187,000;188,000;1,000;15/06/2023;0,0439439;-51,1220696;66,250
AP;BR-210;188,000;189,000;1,000;15/06/2023;0,0439439;-51,1220696;62,500
AP;BR-210;189,000;190,000;1,000;15/06/2023;0,0439439;-51,1220696;63,750
AP;BR-210;190,000;191,000;1,000;15/06/2023;0,0439439;-51,1220696;62,500
AP;BR-210;191,000;192,000;1,000;15/06/2023;0,0439439;-51,1220696;62,500
AP;BR-210;193,000;194,000;1,000;16/06/2023;0,85490505;-52,0244951;66,250
AP;BR-210;194,000;195,000;1,000;16/06/2023;0,85886225;-52,0337415;66,250
AP;BR-210;195,000;196,000;1,000;16/06/2023;0,85886225;-52,0337415;66,250
AP;BR-210;196,000;197,000;1,000;16/06/2023;0,85886225;-52,0337415;73,750
AP;BR-210;197,000;198,000;1,000;16/06/2023;0,85886225;-52,0337415;68,750
AP;BR-210;198,000;199,000;1,000;16/06/2023;0,85886225;-52,0337415;66,250
AP;BR-210;199,000;200,000;1,000;16/06/2023;0,85886225;-52,0337415;66,250
AP;BR-210;200,000;201,000;1,000;16/06/2023;0,85886225;-52,0337415;62,500
AP;BR-210;201,000;202,000;1,000;16/06/2023;0,85886225;-52,0337415;66,250
AP;BR-210;202,000;203,000;1,000;16/06/2023;0,85886225;-52,0337415;73,750
AP;BR-210;203,000;204,000;1,000;16/06/2023;0,85886225;-52,0337415;66,250
AP;BR-210;204,000;205,000;1,000;16/06/2023;0,85886225;-52,0337415;66,250
AP;BR-210;205,000;206,000;1,000;16/06/2023;0,85886225;-52,0337415;73,750
AP;BR-210;206,000;207,000;1,000;16/06/2023;0,85886225;-52,0337415;73,750
AP;BR-210;207,000;208,000;1,000;16/06/2023;0,85886225;-52,0337415;73,750
AP;BR-210;208,000;209,000;1,000;16/06/2023;0,85886225;-52,0337415;81,250
AP;BR-210;209,000;210,000;1,000;16/06/2023;0,85886225;-52,0337415;73,750
AP;BR-210;210,000;211,000;1,000;16/06/2023;0,85886225;-52,0337415;66,250
AP;BR-210;211,000;212,000;1,000;16/06/2023;0,85886225;-52,0337415;70,000
AP;BR-210;212,000;213,000;1,000;16/06/2023;0,85886225;-52,0337415;73,750
AP;BR-210;213,000;214,000;1,000;16/06/2023;0,85886225;-52,0337415;73,750
AP;BR-210;214,000;215,000;1,000;16/06/2023;0,85886225;-52,0337415;73,750
AP;BR-210;215,000;216,000;1,000;16/06/2023;0,85886225;-52,0337415;62,500
AP;BR-210;216,000;217,000;1,000;16/06/2023;0,85886225;-52,0337415;73,750
AP;BR-210;217,000;218,000;1,000;16/06/2023;0,85886225;-52,0337415;73,750
AP;BR-210;218,000;219,000;1,000;16/06/2023;0,85886225;-52,0337415;70,000
AP;BR-210;219,000;220,000;1,000;16/06/2023;0,85886225;-52,0337415;73,750
AP;BR-210;220,000;221,000;1,000;16/06/2023;0,85886225;-52,0337415;66,250
AP;BR-210;221,000;222,000;1,000;16/06/2023;0,85886225;-52,0337415;73,750
AP;BR-210;222,000;223,000;1,000;16/06/2023;0,85886225;-52,0337415;70,000
AP;BR-210;223,000;224,000;1,000;16/06/2023;0,85886225;-52,0337415;62,500
AP;BR-210;224,000;225,000;1,000;16/06/2023;0,85886225;-52,0337415;62,500
AP;BR-210;225,000;226,000;1,000;16/06/2023;0,85886225;-52,0337415;62,500
AP;BR-210;226,000;227,000;1,000;16/06/2023;0,85886225;-52,0337415;50,000
AP;BR-210;227,000;228,000;1,000;16/06/2023;0,85886225;-52,0337415;63,750
AP;BR-210;228,000;229,000;1,000;16/06/2023;0,85886225;-52,0337415;62,500
AP;BR-210;229,000;230,000;1,000;16/06/2023;0,85886225;-52,0337415;73,750
AP;BR-210;230,000;231,000;1,000;16/06/2023;0,85886225;-52,0337415;70,000
AP;BR-210;231,000;232,000;1,000;16/06/2023;0,85886225;-52,0337415;70,000
AP;BR-210;232,000;233,000;1,000;16/06/2023;0,85886225;-52,0337415;73,750
AP;BR-210;233,000;234,000;1,000;16/06/2023;0,85886225;-52,0337415;73,750
AP;BR-210;234,000;235,000;1,000;16/06/2023;0,85886225;-52,0337415;57,500
AP;BR-210;235,000;236,000;1,000;16/06/2023;0,85886225;-52,0337415;62,500
AP;BR-210;236,000;237,000;1,000;16/06/2023;0,85886225;-52,0337415;63,750
AP;BR-210;237,000;238,000;1,000;16/06/2023;0,85886225;-52,0337415;70,000
AP;BR-210;238,000;239,000;1,000;16/06/2023;0,85886225;-52,0337415;62,500
AP;BR-210;239,000;240,000;1,000;16/06/2023;0,8443315;-52,0132151;62,500
AP;BR-210;240,000;241,000;1,000;16/06/2023;0,8443315;-52,0132151;61,250
AP;BR-210;241,000;242,000;1,000;16/06/2023;0,8443315;-52,0132151;61,250
AP;BR-210;242,000;243,000;1,000;16/06/2023;0,8443315;-52,0132151;73,750
AP;BR-210;243,000;244,000;1,000;16/06/2023;0,8443315;-52,0132151;66,250
AP;BR-210;244,000;245,000;1,000;16/06/2023;0,8443315;-52,0132151;62,500
AP;BR-210;245,000;246,000;1,000;16/06/2023;0,8443315;-52,0132151;73,750
AP;BR-210;246,000;247,000;1,000;16/06/2023;0,8443315;-52,0132151;70,000
AP;BR-210;247,000;248,000;1,000;16/06/2023;0,8443315;-52,0132151;70,000
AP;BR-210;248,000;249,000;1,000;16/06/2023;0,8443315;-52,0132151;70,000
AP;BR-210;249,000;250,000;1,000;16/06/2023;0,8443315;-52,0132151;56,250
AP;BR-210;250,000;251,000;1,000;16/06/2023;0,8443315;-52,0132151;67,500
AP;BR-210;251,000;252,000;1,000;16/06/2023;0,8443315;-52,0132151;62,500
AP;BR-210;252,000;253,000;1,000;16/06/2023;0,8443315;-52,0132151;62,500
AP;BR-210;253,000;254,000;1,000;16/06/2023;0,8443315;-52,0132151;61,250
AP;BR-210;254,000;255,000;1,000;16/06/2023;0,8443315;-52,0132151;70,000
AP;BR-210;255,000;256,000;1,000;16/06/2023;0,8443315;-52,0132151;57,500
AP;BR-210;256,000;257,000;1,000;16/06/2023;0,8443315;-52,0132151;48,750
AP;BR-210;257,000;258,000;1,000;16/06/2023;0,8443315;-52,0132151;48,750
AP;BR-210;258,000;259,000;1,000;16/06/2023;0,8443315;-52,0132151;48,750
AP;BR-210;259,000;260,000;1,000;16/06/2023;0,8443315;-52,0132151;37,500
AP;BR-210;260,000;261,000;1,000;16/06/2023;0,8443315;-52,0132151;37,500
AP;BR-210;261,000;262,000;1,000;16/06/2023;0,8443315;-52,0132151;37,500
AP;BR-210;262,000;263,000;1,000;16/06/2023;0,8443315;-52,0132151;37,500
AP;BR-210;263,000;264,000;1,000;16/06/2023;0,8443315;-52,0132151;37,500
AP;BR-210;264,000;265,000;1,000;16/06/2023;0,8443315;-52,0132151;30,000
AP;BR-210;265,000;266,000;1,000;16/06/2023;0,8443315;-52,0132151;33,750
AP;BR-210;266,000;267,000;1,000;16/06/2023;0,8443315;-52,0132151;30,000
AP;BR-210;267,000;268,000;1,000;16/06/2023;0,8443315;-52,0132151;41,250
AP;BR-210;268,000;269,000;1,000;16/06/2023;0,8443315;-52,0132151;37,500
AP;BR-210;269,000;270,000;1,000;16/06/2023;0,8443315;-52,0132151;56,250
AP;BR-210;270,000;271,000;1,000;16/06/2023;0,8443315;-52,0132151;30,000
AP;BR-210;271,000;272,000;1,000;16/06/2023;0,8443315;-52,0132151;48,750
AP;BR-210;272,000;273,000;1,000;16/06/2023;0,8443315;-52,0132151;55,000
AP;BR-210;273,000;274,000;1,000;16/06/2023;0,8443315;-52,0132151;33,750
AP;BR-210;274,000;275,000;1,000;16/06/2023;0,8443315;-52,0132151;53,750
AP;BR-210;275,000;276,000;1,000;16/06/2023;0,8443315;-52,0132151;42,500
AP;BR-210;276,000;277,000;1,000;16/06/2023;0,8443315;-52,0132151;30,000
AP;BR-210;277,000;278,000;1,000;16/06/2023;0,8443315;-52,0132151;50,000
AP;BR-210;278,000;279,000;1,000;16/06/2023;0,8443315;-52,0132151;53,750
AP;BR-210;279,000;280,000;1,000;16/06/2023;0,8443315;-52,0132151;46,250
AP;BR-210;280,000;281,000;1,000;16/06/2023;0,8443315;-52,0132151;50,000
AP;BR-210;281,000;282,000;1,000;16/06/2023;0,8443315;-52,0132151;33,750
AP;BR-210;282,000;283,000;1,000;16/06/2023;0,8443315;-52,0132151;50,000
AP;BR-210;283,000;284,000;1,000;16/06/2023;0,8443315;-52,0132151;37,500
AP;BR-210;284,000;285,000;1,000;16/06/2023;0,8443315;-52,0132151;53,750
AP;BR-210;285,000;286,000;1,000;16/06/2023;0,8443315;-52,0132151;41,250
AP;BR-210;286,000;287,000;1,000;16/06/2023;0,8443315;-52,0132151;46,250
AP;BR-210;287,000;288,000;1,000;16/06/2023;0,8443315;-52,0132151;60,000
AP;BR-210;288,000;289,000;1,000;16/06/2023;0,8443315;-52,0132151;56,250
AP;BR-210;289,000;290,000;1,000;16/06/2023;0,8443315;-52,0132151;30,000
AP;BR-210;290,000;291,000;1,000;16/06/2023;0,8443315;-52,0132151;50,000
AP;BR-210;291,000;292,000;1,000;16/06/2023;0,8443315;-52,0132151;55,000
AP;BR-210;292,000;293,000;1,000;16/06/2023;0,8443315;-52,0132151;60,000
AP;BR-210;293,000;294,000;1,000;16/06/2023;0,8443315;-52,0132151;37,500
AP;BR-210;294,000;295,000;1,000;16/06/2023;0,8443315;-52,0132151;30,000
AP;BR-210;295,000;296,000;1,000;16/06/2023;0,8443315;-52,0132151;46,250
AP;BR-210;296,000;297,000;1,000;16/06/2023;0,8443315;-52,0132151;30,000
AP;BR-210;297,000;298,000;1,000;16/06/2023;0,8443315;-52,0132151;30,000
AP;BR-210;298,000;299,000;1,000;16/06/2023;0,8443315;-52,0132151;30,000
AP;BR-210;299,000;300,000;1,000;16/06/2023;0,8443315;-52,0132151;42,500
AP;BR-210;300,000;301,000;1,000;16/06/2023;0,8443315;-52,0132151;33,750
AP;BR-210;301,000;302,000;1,000;16/06/2023;0,8443315;-52,0132151;30,000
AP;BR-210;302,000;303,000;1,000;16/06/2023;0,8443315;-52,0132151;30,000
AP;BR-210;303,000;304,000;1,000;16/06/2023;0,8443315;-52,0132151;42,500
AP;BR-210;304,000;305,200;1,200;16/06/2023;0,8443315;-52,0132151;30,000
TO;BR-242;32,000;31,000;1,000;13/06/2023;0;0;57,500
TO;BR-242;31,000;30,000;1,000;13/06/2023;0;0;60,000
TO;BR-242;30,000;29,000;1,000;13/06/2023;0;0;50,000
TO;BR-242;29,000;28,000;1,000;13/06/2023;0;0;50,000
TO;BR-242;28,000;27,000;1,000;13/06/2023;0;0;56,250
TO;BR-242;27,000;26,000;1,000;13/06/2023;0;0;26,250
TO;BR-242;26,000;25,000;1,000;13/06/2023;0;0;52,500
TO;BR-242;501,400;502,000;0,600;12/06/2023;-11,7397496;-49,083171;52,500
TO;BR-242;502,000;503,000;1,000;12/06/2023;-11,7397496;-49,083171;52,500
TO;BR-242;503,000;504,000;1,000;12/06/2023;-11,7397496;-49,083171;46,250
TO;BR-242;504,000;505,000;1,000;12/06/2023;-11,7397496;-49,083171;50,000
TO;BR-242;505,000;506,000;1,000;12/06/2023;-11,7397496;-49,083171;56,250
TO;BR-242;506,000;507,000;1,000;12/06/2023;-11,7397496;-49,083171;63,750
TO;BR-010;135,800;136,000;0,200;14/06/2023;0;0;23,750
TO;BR-010;136,000;137,000;1,000;14/06/2023;0;0;23,750
TO;BR-010;137,000;138,000;1,000;14/06/2023;0;0;8,750
TO;BR-010;138,000;139,000;1,000;14/06/2023;0;0;23,750
TO;BR-010;139,000;140,000;1,000;14/06/2023;0;0;23,750
TO;BR-010;140,000;141,000;1,000;14/06/2023;0;0;8,750
TO;BR-010;141,000;142,000;1,000;14/06/2023;0;0;23,750
AP;BR-156;268,280;267,000;1,280;13/06/2023;0,1062563;-51,1266903;32,500
AP;BR-156;267,000;266,000;1,000;13/06/2023;0,1028397;-51,1257106;51,250
AP;BR-156;266,000;265,000;1,000;13/06/2023;0,1028397;-51,1257106;61,250
AP;BR-156;265,000;264,000;1,000;13/06/2023;0,1028397;-51,1257106;55,000
AP;BR-156;264,000;263,000;1,000;13/06/2023;0,1028397;-51,1257106;61,250
AP;BR-156;263,000;262,000;1,000;13/06/2023;0,1028397;-51,1257106;61,250
AP;BR-156;262,000;261,000;1,000;13/06/2023;0,1028397;-51,1257106;68,750
AP;BR-156;261,000;260,860;0,140;13/06/2023;0,1028397;-51,1257106;61,250
AP;BR-156;260,230;259,000;1,230;13/06/2023;0,1028397;-51,1257106;66,250
AP;BR-156;259,000;258,000;1,000;13/06/2023;0,1028397;-51,1257106;60,000
AP;BR-156;258,000;257,000;1,000;13/06/2023;0,1028397;-51,1257106;55,000
AP;BR-156;257,000;256,000;1,000;13/06/2023;0,1028397;-51,1257106;62,500
AP;BR-156;256,000;255,000;1,000;13/06/2023;0,1028397;-51,1257106;60,000
AP;BR-156;255,000;254,000;1,000;13/06/2023;0,1028397;-51,1257106;70,000
AP;BR-156;254,000;253,000;1,000;13/06/2023;0,1028397;-51,1257106;68,750
AP;BR-156;253,000;252,000;1,000;13/06/2023;0,1028397;-51,1257106;46,250
AP;BR-156;252,000;251,000;1,000;13/06/2023;0,1028397;-51,1257106;58,750
AP;BR-156;251,000;250,000;1,000;13/06/2023;0,1028397;-51,1257106;72,500
AP;BR-156;250,000;249,000;1,000;13/06/2023;0,1028397;-51,1257106;68,750
AP;BR-156;249,000;248,000;1,000;13/06/2023;0,1028397;-51,1257106;72,500
AP;BR-156;248,000;247,000;1,000;13/06/2023;0,1028397;-51,1257106;75,000
AP;BR-156;247,000;246,000;1,000;13/06/2023;0,1028397;-51,1257106;60,000
AP;BR-156;246,000;245,000;1,000;13/06/2023;0,1028397;-51,1257106;56,250
AP;BR-156;245,000;244,000;1,000;13/06/2023;0,1062563;-51,1266903;66,250
AP;BR-156;244,000;243,000;1,000;13/06/2023;0,1062563;-51,1266903;77,500
AP;BR-156;243,000;242,000;1,000;13/06/2023;0,229561175;-51,3403953;56,250
AP;BR-156;242,000;241,000;1,000;13/06/2023;0,229561175;-51,3403953;62,500
AP;BR-156;241,000;240,000;1,000;13/06/2023;0,229561175;-51,3403953;56,250
AP;BR-156;240,000;239,000;1,000;13/06/2023;0,229561175;-51,3403953;40,000
AP;BR-156;239,000;238,000;1,000;13/06/2023;0,229561175;-51,3403953;55,000
AP;BR-156;238,000;237,000;1,000;13/06/2023;0,229561175;-51,3403953;58,750
AP;BR-156;237,000;235,500;1,500;13/06/2023;0,229561175;-51,3403953;65,000
AP;BR-156;235,500;234,000;1,500;13/06/2023;0,229561175;-51,3403953;71,250
AP;BR-156;234,000;233,000;1,000;13/06/2023;0,229561175;-51,3403953;42,500
AP;BR-156;233,000;232,000;1,000;13/06/2023;0,229561175;-51,3403953;55,000
AP;BR-156;232,000;231,000;1,000;13/06/2023;0,229561175;-51,3403953;58,750
AP;BR-156;231,000;230,000;1,000;13/06/2023;0,229561175;-51,3403953;62,500
AP;BR-156;230,000;229,000;1,000;13/06/2023;0,229561175;-51,3403953;58,750
AP;BR-156;229,000;228,000;1,000;13/06/2023;0,229561175;-51,3403953;66,250
AP;BR-156;228,000;227,000;1,000;13/06/2023;0,229561175;-51,3403953;43,750
AP;BR-156;227,000;226,000;1,000;13/06/2023;0,229561175;-51,3403953;55,000
AP;BR-156;226,000;225,000;1,000;13/06/2023;0,229561175;-51,3403953;47,500
AP;BR-156;225,000;224,000;1,000;13/06/2023;0,229561175;-51,3403953;55,000
AP;BR-156;224,000;223,000;1,000;13/06/2023;0,229561175;-51,3403953;40,000
AP;BR-156;223,000;222,000;1,000;13/06/2023;0,229561175;-51,3403953;40,000
AP;BR-156;222,000;221,000;1,000;13/06/2023;0,229561175;-51,3403953;68,750
AP;BR-156;221,000;220,000;1,000;13/06/2023;0,229561175;-51,3403953;72,500
AP;BR-156;220,000;219,000;1,000;13/06/2023;0,229561175;-51,3403953;57,500
AP;BR-156;219,000;218,000;1,000;13/06/2023;0,229561175;-51,3403953;71,250
AP;BR-156;218,000;217,000;1,000;13/06/2023;0,229561175;-51,3403953;68,750
AP;BR-156;217,000;216,000;1,000;13/06/2023;0,229561175;-51,3403953;61,250
AP;BR-156;216,000;215,000;1,000;13/06/2023;0,229561175;-51,3403953;68,750
AP;BR-156;215,000;214,000;1,000;13/06/2023;0,229561175;-51,3403953;66,250
AP;BR-156;214,000;212,100;1,900;13/06/2023;0,229561175;-51,3403953;73,750
AP;BR-156;212,100;211,000;1,100;13/06/2023;0,1511703;-51,5748788;62,500
AP;BR-156;211,000;210,000;1,000;13/06/2023;0,1511703;-51,5748788;62,500
AP;BR-156;210,000;209,000;1,000;13/06/2023;0,1511703;-51,5748788;62,500
AP;BR-156;209,000;208,000;1,000;13/06/2023;0,1511703;-51,5748788;62,500
AP;BR-156;208,000;207,000;1,000;13/06/2023;0,1511703;-51,5748788;61,250
AP;BR-156;207,000;206,000;1,000;13/06/2023;0,1511703;-51,5748788;68,750
AP;BR-156;206,000;205,000;1,000;13/06/2023;0,1511703;-51,5748788;61,250
AP;BR-156;205,000;204,000;1,000;13/06/2023;0,1511703;-51,5748788;68,750
AP;BR-156;204,000;203,000;1,000;13/06/2023;0,1511703;-51,5748788;62,500
AP;BR-156;203,000;202,000;1,000;13/06/2023;0,1511703;-51,5748788;61,250
AP;BR-156;202,000;201,000;1,000;13/06/2023;0,1511703;-51,5748788;66,250
AP;BR-156;201,000;200,000;1,000;13/06/2023;0,1511703;-51,5748788;76,250
AP;BR-156;200,000;199,000;1,000;13/06/2023;0,1511703;-51,5748788;76,250
AP;BR-156;199,000;198,000;1,000;13/06/2023;0,1511703;-51,5748788;76,250
AP;BR-156;198,000;197,000;1,000;13/06/2023;0,1511703;-51,5748788;75,000
AP;BR-156;197,000;196,000;1,000;13/06/2023;0,1511703;-51,5748788;76,250
AP;BR-156;196,000;195,000;1,000;13/06/2023;0,1511703;-51,5748788;57,500
AP;BR-156;195,000;194,000;1,000;13/06/2023;0,1511703;-51,5748788;65,000
AP;BR-156;194,000;193,000;1,000;13/06/2023;0,1511703;-51,5748788;61,250
AP;BR-156;193,000;192,600;0,400;13/06/2023;0,1511703;-51,5748788;53,750
AP;BR-156;192,600;191,000;1,600;13/06/2023;0,1511703;-51,5748788;83,750
AP;BR-156;191,000;190,000;1,000;13/06/2023;0,1511703;-51,5748788;87,500
AP;BR-156;190,000;189,000;1,000;13/06/2023;0,1511703;-51,5748788;86,250
AP;BR-156;189,000;188,000;1,000;13/06/2023;0,1511703;-51,5748788;86,250
AP;BR-156;188,000;187,000;1,000;13/06/2023;0,1511703;-51,5748788;93,750
AP;BR-156;187,000;186,000;1,000;13/06/2023;0,1511703;-51,5748788;80,000
AP;BR-156;186,000;185,000;1,000;13/06/2023;0,1511703;-51,5748788;80,000
AP;BR-156;185,000;184,000;1,000;13/06/2023;0,1511703;-51,5748788;83,750
AP;BR-156;184,000;183,000;1,000;13/06/2023;0,1511703;-51,5748788;76,250
AP;BR-156;183,000;182,000;1,000;13/06/2023;0,1511703;-51,5748788;63,750
AP;BR-156;182,000;181,000;1,000;13/06/2023;0,1511703;-51,5748788;86,250
AP;BR-156;181,000;180,000;1,000;13/06/2023;0,1511703;-51,5748788;83,750
AP;BR-156;180,000;179,000;1,000;13/06/2023;0,1511703;-51,5748788;91,250
AP;BR-156;179,000;178,000;1,000;13/06/2023;0,1511703;-51,5748788;91,250
AP;BR-156;178,000;177,000;1,000;13/06/2023;0,1511703;-51,5748788;87,500
AP;BR-156;177,000;176,000;1,000;13/06/2023;0,1511703;-51,5748788;86,250
AP;BR-156;176,000;175,000;1,000;13/06/2023;0,1511703;-51,5748788;93,750
AP;BR-156;175,000;174,000;1,000;13/06/2023;0,1511703;-51,5748788;93,750
AP;BR-156;174,000;173,000;1,000;13/06/2023;0,1511703;-51,5748788;91,250
AP;BR-156;173,000;172,000;1,000;13/06/2023;0,1511703;-51,5748788;83,750
AP;BR-156;172,000;171,000;1,000;13/06/2023;0,1511703;-51,5748788;80,000
AP;BR-156;171,000;170,000;1,000;13/06/2023;0,1511703;-51,5748788;91,250
AP;BR-156;170,000;169,000;1,000;13/06/2023;0,1511703;-51,5748788;91,250
AP;BR-156;169,000;168,000;1,000;13/06/2023;0,1511703;-51,5748788;80,000
AP;BR-156;168,000;167,000;1,000;13/06/2023;0,1511703;-51,5748788;82,500
AP;BR-156;167,000;166,000;1,000;13/06/2023;0,1511703;-51,5748788;83,750
AP;BR-156;166,000;164,280;1,720;13/06/2023;0,1511703;-51,5748788;68,750
AP;BR-156;164,280;163,000;1,280;13/06/2023;0,1511703;-51,5748788;35,000
AP;BR-156;163,000;162,000;1,000;13/06/2023;0,1511703;-51,5748788;22,500
AP;BR-156;162,000;161,000;1,000;13/06/2023;0,1511703;-51,5748788;56,250
AP;BR-156;161,000;160,000;1,000;13/06/2023;0,1511703;-51,5748788;35,000
AP;BR-156;160,000;159,000;1,000;13/06/2023;0,1511703;-51,5748788;73,750
AP;BR-156;159,000;158,000;1,000;13/06/2023;0,1511703;-51,5748788;35,000
AP;BR-156;158,000;157,000;1,000;13/06/2023;0,1511703;-51,5748788;22,500
AP;BR-156;157,000;156,000;1,000;13/06/2023;0,1511703;-51,5748788;32,500
AP;BR-156;156,000;155,000;1,000;13/06/2023;0,1511703;-51,5748788;56,250
AP;BR-156;155,000;154,000;1,000;13/06/2023;0,1511703;-51,5748788;77,500
AP;BR-156;154,000;153,000;1,000;13/06/2023;0,1511703;-51,5748788;48,750
AP;BR-156;153,000;152,000;1,000;13/06/2023;0,1511703;-51,5748788;51,250
AP;BR-156;152,000;151,000;1,000;13/06/2023;0,1511703;-51,5748788;51,250
AP;BR-156;151,000;150,000;1,000;13/06/2023;0,1511703;-51,5748788;51,250
AP;BR-156;150,000;149,000;1,000;13/06/2023;0,1511703;-51,5748788;66,250
AP;BR-156;149,000;148,000;1,000;13/06/2023;0,1511703;-51,5748788;51,250
AP;BR-156;148,000;147,000;1,000;13/06/2023;0,1511703;-51,5748788;47,500
AP;BR-156;147,000;146,000;1,000;13/06/2023;0,1511703;-51,5748788;66,250
AP;BR-156;146,000;145,000;1,000;13/06/2023;0,1511703;-51,5748788;66,250
AP;BR-156;145,000;144,000;1,000;13/06/2023;0,1511703;-51,5748788;46,250
AP;BR-156;144,000;143,000;1,000;13/06/2023;0,1511703;-51,5748788;53,750
AP;BR-156;143,000;142,000;1,000;13/06/2023;0,1511703;-51,5748788;51,250
AP;BR-156;142,000;141,000;1,000;13/06/2023;0,1511703;-51,5748788;68,750
AP;BR-156;141,000;140,000;1,000;13/06/2023;0,1511703;-51,5748788;66,250
AP;BR-156;140,000;139,000;1,000;13/06/2023;0,1511703;-51,5748788;66,250
AP;BR-156;139,000;138,000;1,000;13/06/2023;0,1511703;-51,5748788;51,250
AP;BR-156;138,000;137,000;1,000;13/06/2023;0,1511703;-51,5748788;66,250
AP;BR-156;137,000;136,000;1,000;13/06/2023;0,1511703;-51,5748788;73,750
AP;BR-156;136,000;135,000;1,000;13/06/2023;0,1511703;-51,5748788;66,250
AP;BR-156;135,000;134,000;1,000;13/06/2023;0,1511703;-51,5748788;43,750
AP;BR-156;134,000;133,000;1,000;13/06/2023;0,1511703;-51,5748788;47,500
AP;BR-156;133,000;132,000;1,000;13/06/2023;0,1511703;-51,5748788;40,000
AP;BR-156;132,000;131,000;1,000;13/06/2023;0,1511703;-51,5748788;51,250
AP;BR-156;131,000;130,000;1,000;13/06/2023;0,1511703;-51,5748788;66,250
AP;BR-156;130,000;129,000;1,000;13/06/2023;0,1511703;-51,5748788;58,750
AP;BR-156;129,000;128,000;1,000;13/06/2023;0,1511703;-51,5748788;58,750
AP;BR-156;128,000;127,000;1,000;13/06/2023;0,1511703;-51,5748788;55,000
AP;BR-156;127,000;126,000;1,000;13/06/2023;0,1511703;-51,5748788;57,500
AP;BR-156;126,000;125,000;1,000;13/06/2023;0,1511703;-51,5748788;66,250
AP;BR-156;125,000;124,000;1,000;13/06/2023;0,1511703;-51,5748788;58,750
AP;BR-156;124,000;123,000;1,000;13/06/2023;0,1511703;-51,5748788;68,750
AP;BR-156;123,000;122,000;1,000;13/06/2023;0,1511703;-51,5748788;62,500
AP;BR-156;122,000;121,000;1,000;13/06/2023;0,1511703;-51,5748788;42,500
AP;BR-156;121,000;120,000;1,000;13/06/2023;0,1511703;-51,5748788;58,750
AP;BR-156;120,000;119,000;1,000;13/06/2023;0,1511703;-51,5748788;55,000
AP;BR-156;119,000;118,000;1,000;13/06/2023;0,1511703;-51,5748788;58,750
AP;BR-156;118,000;117,000;1,000;13/06/2023;0,1511703;-51,5748788;55,000
AP;BR-156;117,000;116,000;1,000;13/06/2023;0,1511703;-51,5748788;62,500
AP;BR-156;116,000;115,000;1,000;13/06/2023;0,1511703;-51,5748788;62,500
AP;BR-156;115,000;114,000;1,000;13/06/2023;0,1511703;-51,5748788;55,000
AP;BR-156;114,000;113,000;1,000;13/06/2023;0,1511703;-51,5748788;62,500
AP;BR-156;113,000;112,000;1,000;13/06/2023;0,1511703;-51,5748788;56,250
AP;BR-156;112,000;111,000;1,000;13/06/2023;0,1511703;-51,5748788;55,000
AP;BR-156;111,000;110,000;1,000;13/06/2023;0,1511703;-51,5748788;33,750
AP;BR-156;110,000;109,000;1,000;13/06/2023;0,1511703;-51,5748788;40,000
AP;BR-156;109,000;108,000;1,000;13/06/2023;0,1511703;-51,5748788;40,000
AP;BR-156;108,000;106,700;1,300;13/06/2023;0,1511703;-51,5748788;33,750
AP;BR-156;106,700;106,000;0,700;13/06/2023;0,1511703;-51,5748788;86,250
AP;BR-156;106,000;105,000;1,000;13/06/2023;0,1511703;-51,5748788;73,750
AP;BR-156;105,000;104,000;1,000;13/06/2023;0,1511703;-51,5748788;61,250
AP;BR-156;104,000;103,000;1,000;13/06/2023;0,1511703;-51,5748788;82,500
AP;BR-156;103,000;102,000;1,000;13/06/2023;0,1511703;-51,5748788;90,000
AP;BR-156;102,000;101,000;1,000;13/06/2023;0,1511703;-51,5748788;68,750
AP;BR-156;101,000;100,000;1,000;13/06/2023;0,1511703;-51,5748788;80,000
AP;BR-156;100,000;99,000;1,000;13/06/2023;0,1511703;-51,5748788;83,750
AP;BR-156;99,000;98,000;1,000;13/06/2023;0,1511703;-51,5748788;47,500
AP;BR-156;98,000;97,000;1,000;13/06/2023;0,1511703;-51,5748788;47,500
AP;BR-156;97,000;96,000;1,000;13/06/2023;0,1511703;-51,5748788;37,500
AP;BR-156;96,000;95,000;1,000;13/06/2023;0,1511703;-51,5748788;57,500
AP;BR-156;95,000;94,000;1,000;13/06/2023;0,1511703;-51,5748788;71,250
AP;BR-156;94,000;93,000;1,000;13/06/2023;0,1511703;-51,5748788;55,000
AP;BR-156;93,000;92,000;1,000;13/06/2023;0,1511703;-51,5748788;66,250
AP;BR-156;92,000;91,000;1,000;13/06/2023;0,1511703;-51,5748788;66,250
AP;BR-156;91,000;90,000;1,000;13/06/2023;0,1511703;-51,5748788;47,500
AP;BR-156;90,000;89,000;1,000;13/06/2023;0,1511703;-51,5748788;76,250
AP;BR-156;89,000;88,000;1,000;13/06/2023;0,1511703;-51,5748788;47,500
AP;BR-156;88,000;87,100;0,900;13/06/2023;0,1511703;-51,5748788;70,000
AP;BR-156;30,680;32,000;1,320;14/06/2023;-0,8434586;-52,5215392;58,750
AP;BR-156;32,000;33,000;1,000;14/06/2023;-0,81330507;-52,4966516;61,250
AP;BR-156;33,000;34,000;1,000;14/06/2023;-0,81330507;-52,4966516;63,750
AP;BR-156;34,000;35,000;1,000;14/06/2023;-0,81330507;-52,4966516;63,750
AP;BR-156;35,000;36,000;1,000;14/06/2023;-0,81330507;-52,4966516;67,500
AP;BR-156;36,000;37,000;1,000;14/06/2023;-0,81330507;-52,4966516;67,500
AP;BR-156;37,000;38,000;1,000;14/06/2023;-0,81330507;-52,4966516;58,750
AP;BR-156;38,000;39,000;1,000;14/06/2023;-0,81330507;-52,4966516;61,250
AP;BR-156;39,000;40,000;1,000;14/06/2023;-0,81330507;-52,4966516;75,000
AP;BR-156;40,000;41,000;1,000;14/06/2023;-0,81330507;-52,4966516;82,500
AP;BR-156;41,000;42,000;1,000;14/06/2023;-0,81330507;-52,4966516;80,000
AP;BR-156;42,000;43,000;1,000;14/06/2023;-0,81330507;-52,4966516;68,750
AP;BR-156;43,000;44,000;1,000;14/06/2023;-0,81330507;-52,4966516;75,000
AP;BR-156;44,000;45,000;1,000;14/06/2023;-0,81330507;-52,4966516;91,250
AP;BR-156;45,000;46,000;1,000;14/06/2023;-0,81330507;-52,4966516;61,250
AP;BR-156;46,000;47,000;1,000;14/06/2023;-0,81330507;-52,4966516;86,250
AP;BR-156;47,000;48,000;1,000;14/06/2023;-0,81330507;-52,4966516;80,000
AP;BR-156;48,000;49,000;1,000;14/06/2023;-0,81330507;-52,4966516;90,000
AP;BR-156;49,000;50,000;1,000;14/06/2023;-0,81330507;-52,4966516;75,000
AP;BR-156;50,000;51,000;1,000;14/06/2023;-0,81330507;-52,4966516;90,000
AP;BR-156;51,000;52,000;1,000;14/06/2023;-0,81330507;-52,4966516;90,000
AP;BR-156;52,000;53,000;1,000;14/06/2023;-0,81330507;-52,4966516;87,500
AP;BR-156;53,000;54,000;1,000;14/06/2023;-0,81330507;-52,4966516;82,500
AP;BR-156;54,000;55,000;1,000;14/06/2023;-0,81330507;-52,4966516;80,000
AP;BR-156;55,000;56,000;1,000;14/06/2023;-0,81330507;-52,4966516;83,750
AP;BR-156;56,000;57,000;1,000;14/06/2023;-0,81330507;-52,4966516;93,750
AP;BR-156;57,000;58,000;1,000;14/06/2023;-0,81330507;-52,4966516;90,000
AP;BR-156;58,000;59,000;1,000;14/06/2023;-0,81330507;-52,4966516;82,500
AP;BR-156;59,000;60,000;1,000;14/06/2023;-0,81330507;-52,4966516;80,000
AP;BR-156;60,000;61,000;1,000;14/06/2023;-0,81330507;-52,4966516;61,250
AP;BR-156;61,000;62,000;1,000;14/06/2023;-0,81330507;-52,4966516;82,500
AP;BR-156;62,000;63,000;1,000;14/06/2023;-0,81330507;-52,4966516;71,250
AP;BR-156;63,000;64,000;1,000;14/06/2023;-0,81330507;-52,4966516;90,000
AP;BR-156;64,000;65,000;1,000;14/06/2023;-0,81330507;-52,4966516;76,250
AP;BR-156;65,000;66,000;1,000;14/06/2023;-0,81330507;-52,4966516;90,000
AP;BR-156;66,000;67,000;1,000;14/06/2023;-0,81330507;-52,4966516;80,000
AP;BR-156;67,000;68,000;1,000;14/06/2023;-0,81330507;-52,4966516;68,750
AP;BR-156;68,000;69,000;1,000;14/06/2023;-0,81330507;-52,4966516;63,750
AP;BR-156;69,000;70,000;1,000;14/06/2023;-0,81330507;-52,4966516;72,500
AP;BR-156;70,000;71,000;1,000;14/06/2023;-0,81330507;-52,4966516;86,250
AP;BR-156;71,000;72,000;1,000;14/06/2023;-0,81330507;-52,4966516;86,250
AP;BR-156;72,000;73,000;1,000;14/06/2023;-0,81330507;-52,4966516;58,750
AP;BR-156;73,000;74,000;1,000;14/06/2023;-0,5787654;-52,2970188;86,250
AP;BR-156;74,000;75,000;1,000;14/06/2023;-0,5787654;-52,2970188;87,500
AP;BR-156;75,000;76,000;1,000;14/06/2023;-0,5787654;-52,2970188;75,000
AP;BR-156;76,000;77,000;1,000;14/06/2023;-0,5787654;-52,2970188;72,500
AP;BR-156;77,000;78,000;1,000;14/06/2023;-0,5787654;-52,2970188;91,250
AP;BR-156;78,000;79,000;1,000;14/06/2023;-0,5787654;-52,2970188;70,000
AP;BR-156;79,000;80,000;1,000;14/06/2023;-0,5787654;-52,2970188;83,750
AP;BR-156;80,000;81,000;1,000;14/06/2023;-0,5787654;-52,2970188;85,000
AP;BR-156;81,000;82,000;1,000;14/06/2023;-0,5787654;-52,2970188;76,250
AP;BR-156;82,000;83,000;1,000;14/06/2023;-0,5787654;-52,2970188;66,250
AP;BR-156;83,000;84,000;1,000;14/06/2023;-0,5787654;-52,2970188;65,000
AP;BR-156;84,000;85,000;1,000;14/06/2023;-0,5787654;-52,2970188;77,500
AP;BR-156;85,000;86,000;1,000;14/06/2023;-0,5787654;-52,2970188;68,750
AP;BR-156;86,000;87,100;1,100;14/06/2023;-0,5787654;-52,2970188;78,750
PA;BR-163;801,550;802,000;0,450;21/06/2023;-4,09104691;-54,9135971;45,000
PA;BR-163;802,000;803,000;1,000;21/06/2023;-4,09104691;-54,9135971;40,000
PA;BR-163;803,000;804,000;1,000;21/06/2023;-4,09104691;-54,9135971;52,500
PA;BR-163;831,450;832,880;1,430;21/06/2023;-4,09104691;-54,9135971;15,000
PA;BR-163;675,870;676,000;0,130;25/06/2023;-4,33091368;-55,7612993;61,250
PA;BR-163;676,000;677,000;1,000;25/06/2023;-4,33091368;-55,7612993;53,750
PA;BR-163;677,000;678,000;1,000;25/06/2023;-4,33091368;-55,7612993;23,750
PA;BR-163;678,000;679,000;1,000;25/06/2023;-4,33091368;-55,7612993;38,750
PA;BR-163;679,000;680,000;1,000;25/06/2023;-4,33091368;-55,7612993;38,750
PA;BR-163;680,000;681,000;1,000;25/06/2023;-4,33091368;-55,7612993;38,750
PA;BR-163;681,000;682,000;1,000;25/06/2023;-4,33091368;-55,7612993;38,750
PA;BR-163;682,000;683,000;1,000;25/06/2023;-4,33091368;-55,7612993;36,250
PA;BR-163;683,000;684,000;1,000;25/06/2023;-4,33091368;-55,7612993;23,750
PA;BR-163;684,000;685,000;1,000;25/06/2023;-4,33091368;-55,7612993;11,250
PA;BR-163;685,000;686,000;1,000;25/06/2023;-4,33091368;-55,7612993;38,750
PA;BR-163;686,000;687,000;1,000;25/06/2023;-4,33091368;-55,7612993;11,250
PA;BR-163;687,000;688,000;1,000;25/06/2023;-4,33091368;-55,7612993;11,250
PA;BR-163;688,000;689,000;1,000;25/06/2023;-4,33091368;-55,7612993;38,750
PA;BR-163;689,000;690,000;1,000;25/06/2023;-4,33091368;-55,7612993;23,750
PA;BR-163;690,000;691,000;1,000;25/06/2023;-4,33091368;-55,7612993;21,250
PA;BR-163;691,000;692,000;1,000;25/06/2023;-4,33091368;-55,7612993;12,500
PA;BR-163;692,000;693,000;1,000;25/06/2023;-4,33091368;-55,7612993;25,000
PA;BR-163;693,000;694,000;1,000;25/06/2023;-4,33091368;-55,7612993;38,750
PA;BR-163;694,000;695,000;1,000;25/06/2023;-4,33091368;-55,7612993;46,250
PA;BR-163;695,000;696,000;1,000;25/06/2023;-4,33091368;-55,7612993;38,750
PA;BR-163;696,000;697,000;1,000;25/06/2023;-4,33091368;-55,7612993;21,250
PA;BR-163;697,000;698,000;1,000;25/06/2023;-4,33091368;-55,7612993;36,250
PA;BR-163;698,000;699,000;1,000;25/06/2023;-4,33091368;-55,7612993;23,750
PA;BR-163;699,000;700,000;1,000;25/06/2023;-4,33091368;-55,7612993;21,250
PA;BR-163;700,000;701,000;1,000;25/06/2023;-4,33091368;-55,7612993;21,250
PA;BR-163;701,000;702,000;1,000;25/06/2023;-4,33091368;-55,7612993;23,750
PA;BR-163;719,310;720,000;0,690;25/06/2023;-4,33091368;-55,7612993;8,750
PA;BR-163;720,000;721,000;1,000;25/06/2023;-4,33091368;-55,7612993;8,750
PA;BR-163;721,000;722,000;1,000;25/06/2023;-4,33091368;-55,7612993;11,250
PA;BR-163;729,840;730,000;0,160;25/06/2023;-4,33091368;-55,7612993;38,750
PA;BR-163;730,000;731,000;1,000;25/06/2023;-4,33091368;-55,7612993;37,500
PA;BR-163;731,000;732,000;1,000;25/06/2023;-4,33091368;-55,7612993;11,250
PA;BR-163;732,000;733,000;1,000;25/06/2023;-4,33091368;-55,7612993;38,750
PA;BR-163;733,000;734,000;1,000;25/06/2023;-4,33091368;-55,7612993;11,250
PA;BR-163;734,000;735,000;1,000;25/06/2023;-4,33091368;-55,7612993;22,500
PA;BR-163;7444,000;744,350;6699,650;25/06/2023;-4,33091368;-55,7612993;63,750
PA;BR-163;744,190;745,000;0,810;25/06/2023;-4,33091368;-55,7612993;38,750
PA;BR-163;745,000;746,000;1,000;25/06/2023;-4,33091368;-55,7612993;46,250
PA;BR-163;782,280;783,000;0,720;25/06/2023;-4,33091368;-55,7612993;45,000
GO;BR-080;277,500;278,000;0,500;15/06/2023;-14,2156804;-49,4353799;15,000
GO;BR-080;278,000;279,000;1,000;15/06/2023;-14,2156804;-49,4353799;15,000
GO;BR-080;279,000;280,000;1,000;15/06/2023;-14,2156804;-49,4353799;15,000
GO;BR-080;280,000;281,000;1,000;15/06/2023;-14,2156804;-49,4353799;15,000
GO;BR-080;281,000;282,000;1,000;15/06/2023;-14,2156804;-49,4353799;15,000
GO;BR-080;282,000;283,000;1,000;15/06/2023;-14,2156804;-49,4353799;15,000
GO;BR-070;67,300;68,000;0,700;20/06/2023;-15,7848612;-48,7783097;0,000
GO;BR-070;68,000;69,000;1,000;20/06/2023;-15,7871819;-48,7858474;0,000
GO;BR-070;69,000;70,000;1,000;20/06/2023;-15,7823237;-48,7871957;0,000
GO;BR-070;70,000;71,000;1,000;20/06/2023;-15,7818231;-48,7975082;0,000
GO;BR-070;71,000;72,000;1,000;20/06/2023;-15,7818231;-48,7975082;0,000
GO;BR-070;72,000;73,000;1,000;20/06/2023;-15,7861814;-48,7918155;0,000
GO;BR-070;73,000;74,000;1,000;20/06/2023;-15,7739081;-48,766691;0,000
GO;BR-070;74,000;75,000;1,000;20/06/2023;-15,7739081;-48,766691;0,000
GO;BR-070;75,000;76,000;1,000;20/06/2023;-15,7739081;-48,766691;0,000
GO;BR-070;76,000;77,000;1,000;20/06/2023;-15,7739081;-48,766691;0,000
GO;BR-070;77,000;78,000;1,000;20/06/2023;-15,7739081;-48,766691;0,000
GO;BR-070;78,000;79,000;1,000;20/06/2023;-15,7739081;-48,766691;0,000
GO;BR-070;79,000;80,000;1,000;20/06/2023;-15,7739081;-48,766691;0,000
GO;BR-070;80,000;81,000;1,000;20/06/2023;-15,7739081;-48,766691;0,000
GO;BR-070;81,000;82,000;1,000;20/06/2023;-15,7739081;-48,766691;0,000
GO;BR-070;82,000;83,000;1,000;20/06/2023;-15,7739081;-48,766691;0,000
GO;BR-070;83,000;84,000;1,000;20/06/2023;-15,7739081;-48,766691;0,000
GO;BR-070;84,000;85,000;1,000;20/06/2023;-15,7739081;-48,766691;0,000
GO;BR-070;85,000;86,000;1,000;20/06/2023;-15,7739081;-48,766691;0,000
GO;BR-070;86,000;87,000;1,000;20/06/2023;-15,7739081;-48,766691;0,000
GO;BR-070;87,000;88,000;1,000;20/06/2023;-15,7739081;-48,766691;0,000
GO;BR-070;88,000;89,000;1,000;20/06/2023;-15,7739081;-48,766691;0,000
GO;BR-070;89,000;90,000;1,000;20/06/2023;-15,7739081;-48,766691;0,000
GO;BR-070;90,000;91,000;1,000;20/06/2023;-15,7739081;-48,766691;0,000
GO;BR-070;91,000;92,000;1,000;20/06/2023;-15,7739081;-48,766691;0,000
GO;BR-070;92,000;93,000;1,000;20/06/2023;-15,7739081;-48,766691;0,000
GO;BR-070;93,000;94,000;1,000;20/06/2023;-15,7739081;-48,766691;0,000
GO;BR-070;94,000;95,000;1,000;20/06/2023;-15,7739081;-48,766691;0,000
GO;BR-070;95,000;96,000;1,000;20/06/2023;-15,7739081;-48,766691;0,000
GO;BR-070;96,000;97,000;1,000;20/06/2023;-15,7739081;-48,766691;0,000
GO;BR-070;97,000;98,000;1,000;20/06/2023;-15,7739081;-48,766691;0,000
GO;BR-070;98,000;99,000;1,000;20/06/2023;-15,7739081;-48,766691;47,500
GO;BR-070;99,000;100,000;1,000;20/06/2023;-15,7739081;-48,766691;40,000
GO;BR-070;100,000;101,000;1,000;20/06/2023;-15,7739081;-48,766691;32,500
GO;BR-070;101,000;102,000;1,000;20/06/2023;-15,7739081;-48,766691;20,000
GO;BR-070;102,000;103,000;1,000;20/06/2023;-15,7739081;-48,766691;20,000
GO;BR-070;103,000;104,000;1,000;20/06/2023;-15,7739081;-48,766691;25,000
GO;BR-070;104,000;105,000;1,000;20/06/2023;-15,7739081;-48,766691;0,000
GO;BR-070;105,000;106,000;1,000;20/06/2023;-15,7739081;-48,766691;0,000
GO;BR-070;106,000;107,000;1,000;20/06/2023;-15,8085295;-49,109858;0,000
GO;BR-070;107,000;108,000;1,000;20/06/2023;-15,8112441;-49,1125892;0,000
GO;BR-070;108,000;109,000;1,000;20/06/2023;-15,8112441;-49,1125892;0,000
GO;BR-070;109,000;110,000;1,000;20/06/2023;-15,8112441;-49,1125892;0,000
GO;BR-070;110,000;111,000;1,000;20/06/2023;-15,8112441;-49,1125892;0,000
GO;BR-070;111,000;112,000;1,000;20/06/2023;-15,8112441;-49,1125892;5,000
GO;BR-070;112,000;113,000;1,000;20/06/2023;-15,8112441;-49,1125892;0,000
GO;BR-070;113,000;114,000;1,000;20/06/2023;-15,8112441;-49,1125892;0,000
GO;BR-070;114,000;115,000;1,000;20/06/2023;-15,8112441;-49,1125892;15,000
GO;BR-070;115,000;116,000;1,000;20/06/2023;-15,8112441;-49,1125892;0,000
GO;BR-070;116,000;117,000;1,000;20/06/2023;-15,8112441;-49,1125892;0,000
GO;BR-070;117,000;118,000;1,000;20/06/2023;-15,8112441;-49,1125892;0,000
GO;BR-070;118,000;119,000;1,000;20/06/2023;-15,8112441;-49,1125892;0,000
GO;BR-070;119,000;120,000;1,000;20/06/2023;-15,8112441;-49,1125892;0,000
GO;BR-070;120,000;121,000;1,000;20/06/2023;-15,8112441;-49,1125892;15,000
GO;BR-070;121,000;122,000;1,000;20/06/2023;-15,8112441;-49,1125892;0,000
GO;BR-070;122,000;123,000;1,000;20/06/2023;-15,8112441;-49,1125892;0,000
GO;BR-070;123,000;124,000;1,000;20/06/2023;-15,8112441;-49,1125892;12,500
GO;BR-070;124,000;125,000;1,000;20/06/2023;-15,7871743;-49,3033159;0,000
GO;BR-070;125,000;126,000;1,000;20/06/2023;-15,7871743;-49,3033159;0,000
GO;BR-070;126,000;127,000;1,000;20/06/2023;-15,7642864;-49,3140935;0,000
GO;BR-070;127,000;128,000;1,000;20/06/2023;-15,9733681;-49,1684486;0,000
PR;BR-158;229,500;230,000;0,500;28/06/2023;-24,0489275;-52,3774222;7,500
PR;BR-158;230,000;231,000;1,000;28/06/2023;-24,0830429;-52,3844606;26,250
PR;BR-158;231,000;232,000;1,000;28/06/2023;-24,0830429;-52,3844606;25,000
PR;BR-158;232,000;233,000;1,000;28/06/2023;-24,0830429;-52,3844606;25,000
PR;BR-158;233,000;234,000;1,000;28/06/2023;-24,0830429;-52,3844606;25,000
PR;BR-158;234,000;235,000;1,000;28/06/2023;-24,0864967;-52,4174113;10,000
PR;BR-158;235,000;236,000;1,000;28/06/2023;-24,0830429;-52,3844606;13,750
PR;BR-158;236,000;237,000;1,000;28/06/2023;-24,0968601;-52,4194088;7,500
PR;BR-158;237,000;238,000;1,000;28/06/2023;-24,1161664;-52,3744786;11,250
PR;BR-158;238,000;239,000;1,000;28/06/2023;-24,2239926;-52,2757338;15,000
PR;BR-158;239,000;240,000;1,000;28/06/2023;-24,2321604;-52,2690893;17,500
PR;BR-158;240,000;241,000;1,000;28/06/2023;-24,2321604;-52,2690893;37,500
PR;BR-158;241,000;242,000;1,000;28/06/2023;-24,2321604;-52,2690893;35,000
PR;BR-158;242,000;243,000;1,000;28/06/2023;-24,2275263;-52,2694215;26,250
PR;BR-158;243,000;244,000;1,000;28/06/2023;-24,2321604;-52,2690893;26,250
PR;BR-158;244,000;245,000;1,000;28/06/2023;-24,2239926;-52,2757338;15,000
PR;BR-158;245,000;246,000;1,000;28/06/2023;-24,2239926;-52,2757338;7,500
PR;BR-158;246,000;247,000;1,000;28/06/2023;-24,2239926;-52,2757338;22,500
PR;BR-158;247,000;248,000;1,000;28/06/2023;-24,2239926;-52,2757338;36,250
PR;BR-158;248,000;249,000;1,000;28/06/2023;-24,2239926;-52,2757338;12,500
PR;BR-158;249,000;250,000;1,000;28/06/2023;-24,2195927;-52,2790562;7,500
PR;BR-158;250,000;251,000;1,000;28/06/2023;-24,2195927;-52,2790562;11,250
PR;BR-158;251,000;252,000;1,000;28/06/2023;-24,2195927;-52,2790562;22,500
PR;BR-158;252,000;253,000;1,000;28/06/2023;-24,2239926;-52,2757338;12,500
PR;BR-158;253,000;254,000;1,000;28/06/2023;-24,2239926;-52,2757338;27,500
PR;BR-158;254,000;255,000;1,000;28/06/2023;-24,2239926;-52,2757338;12,500
PR;BR-158;255,000;256,000;1,000;28/06/2023;-24,1470138;-52,4577054;27,500
PR;BR-158;256,000;257,000;1,000;28/06/2023;-24,1470138;-52,4577054;27,500
PR;BR-158;257,000;258,000;1,000;28/06/2023;-24,1470138;-52,4577054;25,000
PR;BR-158;258,000;259,000;1,000;28/06/2023;-24,2239926;-52,2757338;11,250
PR;BR-158;259,000;260,000;1,000;28/06/2023;-24,2239926;-52,2757338;10,000
PR;BR-158;260,000;261,000;1,000;28/06/2023;-24,2239926;-52,2757338;26,250
PR;BR-158;261,000;262,000;1,000;28/06/2023;-24,2239926;-52,2757338;25,000
PR;BR-158;262,000;263,000;1,000;28/06/2023;-24,2239926;-52,2757338;25,000
PR;BR-158;263,000;264,000;1,000;28/06/2023;-24,2239926;-52,2757338;25,000
PR;BR-158;264,000;265,000;1,000;28/06/2023;-24,2239926;-52,2757338;26,250
PR;BR-158;265,000;266,000;1,000;28/06/2023;-24,2239926;-52,2757338;25,000
PR;BR-158;266,000;267,000;1,000;28/06/2023;-24,2239926;-52,2757338;22,500
PR;BR-158;267,000;268,000;1,000;28/06/2023;-24,2239926;-52,2757338;25,000
PR;BR-158;268,000;269,000;1,000;28/06/2023;-24,2239926;-52,2757338;26,250
PR;BR-158;269,000;270,000;1,000;28/06/2023;-24,2239926;-52,2757338;32,500
PR;BR-158;270,000;271,000;1,000;28/06/2023;-24,2239926;-52,2757338;25,000
PR;BR-158;271,000;272,000;1,000;28/06/2023;-24,2239926;-52,2757338;26,250
PR;BR-158;272,000;273,000;1,000;28/06/2023;-24,2239926;-52,2757338;22,500
PR;BR-158;273,000;274,000;1,000;28/06/2023;-24,2239926;-52,2757338;22,500
PR;BR-158;274,000;275,000;1,000;28/06/2023;-24,2239926;-52,2757338;28,750
PR;BR-158;275,000;276,000;1,000;28/06/2023;-24,2239926;-52,2757338;25,000
PR;BR-158;276,000;277,000;1,000;28/06/2023;-24,2239926;-52,2757338;22,500
PR;BR-158;277,000;278,000;1,000;28/06/2023;-24,2239926;-52,2757338;22,500
PR;BR-158;278,000;279,000;1,000;28/06/2023;-24,2239926;-52,2757338;28,750
PR;BR-158;279,000;280,000;1,000;28/06/2023;-24,2239926;-52,2757338;28,750
PR;BR-158;280,000;281,000;1,000;28/06/2023;-24,2239926;-52,2757338;28,750
PR;BR-158;281,000;282,000;1,000;28/06/2023;-24,2239926;-52,2757338;22,500
PR;BR-158;282,000;283,000;1,000;28/06/2023;-24,2239926;-52,2757338;28,750
PR;BR-158;283,000;284,000;1,000;28/06/2023;-24,2239926;-52,2757338;22,500
PR;BR-158;284,000;285,000;1,000;28/06/2023;-24,2239926;-52,2757338;28,750
PR;BR-158;285,000;286,000;1,000;28/06/2023;-24,2239926;-52,2757338;25,000
PR;BR-158;286,000;287,000;1,000;28/06/2023;-24,2239926;-52,2757338;25,000
PR;BR-158;287,000;288,000;1,000;28/06/2023;-24,2239926;-52,2757338;28,750
PR;BR-158;288,000;289,000;1,000;28/06/2023;-24,2239926;-52,2757338;30,000
PR;BR-158;289,000;290,000;1,000;28/06/2023;-24,2239926;-52,2757338;25,000
PR;BR-158;290,000;291,000;1,000;28/06/2023;-24,2239926;-52,2757338;28,750
PR;BR-158;291,000;292,000;1,000;28/06/2023;-24,2239926;-52,2757338;25,000
PR;BR-158;292,000;293,000;1,000;28/06/2023;-24,2239926;-52,2757338;26,250
PR;BR-158;293,000;294,000;1,000;28/06/2023;-24,2239926;-52,2757338;27,500
PR;BR-158;294,000;295,000;1,000;28/06/2023;-24,2239926;-52,2757338;26,250
PE;BR-110;147,600;148,000;0,400;28/06/2023;-8,5359595;-37,6936747;65,000
PE;BR-110;148,000;149,000;1,000;28/06/2023;-8,5359595;-37,6936747;65,000
PE;BR-110;149,000;150,000;1,000;28/06/2023;-8,5372157;-37,6982179;65,000
PE;BR-110;150,000;151,000;1,000;28/06/2023;-8,5378819;-37,6988881;32,500
PE;BR-110;151,000;152,000;1,000;28/06/2023;-8,5511659;-37,7136337;32,500
PE;BR-110;152,000;153,000;1,000;28/06/2023;-8,5498093;-37,7156274;72,500
PE;BR-110;153,000;154,000;1,000;28/06/2023;-8,5498093;-37,7156274;72,500
PE;BR-110;154,000;155,000;1,000;28/06/2023;-8,5498093;-37,7156274;72,500
PE;BR-110;155,000;156,000;1,000;28/06/2023;-8,5338617;-37,698598;72,500
PE;BR-110;156,000;157,000;1,000;28/06/2023;-8,5338635;-37,6985969;57,500
PE;BR-110;157,000;158,000;1,000;28/06/2023;-8,5338635;-37,6985969;32,500
PE;BR-110;158,000;159,000;1,000;28/06/2023;-8,5338635;-37,6985969;72,500
PE;BR-110;159,000;160,000;1,000;28/06/2023;-8,5338635;-37,6985969;72,500
PE;BR-110;160,000;161,000;1,000;28/06/2023;-8,5338635;-37,6985969;72,500
PE;BR-110;161,000;162,000;1,000;28/06/2023;-8,5338635;-37,6985969;72,500
PE;BR-110;162,000;163,000;1,000;28/06/2023;-8,5338635;-37,6985969;72,500
PE;BR-110;163,000;164,000;1,000;28/06/2023;-8,5338635;-37,6985969;72,500
PE;BR-110;164,000;165,000;1,000;28/06/2023;-8,5338635;-37,6985969;72,500
PE;BR-110;165,000;166,000;1,000;28/06/2023;-8,5338635;-37,6985969;72,500
PE;BR-110;166,000;167,000;1,000;28/06/2023;-8,5338635;-37,6985969;72,500
PE;BR-110;167,000;168,000;1,000;28/06/2023;-8,5338635;-37,6985969;47,500
PE;BR-110;168,000;169,000;1,000;28/06/2023;-8,5338635;-37,6985969;72,500
PE;BR-110;169,000;170,000;1,000;28/06/2023;-8,5338635;-37,6985969;57,500
PE;BR-110;170,000;171,000;1,000;28/06/2023;-8,5338635;-37,6985969;43,750
PE;BR-110;171,000;172,000;1,000;28/06/2023;-8,5029102;-37,5621036;57,500
PE;BR-110;172,000;173,000;1,000;28/06/2023;-8,5029102;-37,5621036;72,500
PE;BR-110;173,000;174,000;1,000;28/06/2023;-8,5029102;-37,5621036;72,500
PE;BR-110;174,000;175,000;1,000;28/06/2023;-8,5029102;-37,5621036;72,500
PE;BR-110;175,000;176,000;1,000;28/06/2023;-8,5029102;-37,5621036;72,500
PE;BR-110;176,000;177,000;1,000;28/06/2023;-8,5029102;-37,5621036;72,500
PE;BR-110;177,000;178,000;1,000;28/06/2023;-8,5029102;-37,5621036;72,500
PE;BR-110;178,000;179,000;1,000;28/06/2023;-8,5029102;-37,5621036;57,500
PE;BR-110;179,000;180,000;1,000;28/06/2023;-8,5029102;-37,5621036;32,500
PE;BR-110;180,000;181,000;1,000;28/06/2023;-8,5029102;-37,5621036;72,500
PE;BR-110;181,000;182,000;1,000;28/06/2023;-8,5029102;-37,5621036;72,500
PE;BR-110;182,000;183,000;1,000;28/06/2023;-8,5029102;-37,5621036;32,500
PE;BR-110;183,000;184,000;1,000;28/06/2023;-8,5029102;-37,5621036;32,500
PE;BR-110;184,000;185,000;1,000;28/06/2023;-8,5029102;-37,5621036;32,500
PE;BR-110;185,000;186,000;1,000;28/06/2023;-8,5029102;-37,5621036;32,500
PE;BR-110;186,000;187,000;1,000;28/06/2023;-8,5029102;-37,5621036;32,500
PE;BR-110;187,000;188,000;1,000;28/06/2023;-8,5029102;-37,5621036;32,500
PE;BR-110;188,000;189,000;1,000;28/06/2023;-8,5029102;-37,5621036;32,500
PE;BR-110;189,000;190,000;1,000;28/06/2023;-8,5029102;-37,5621036;32,500
PE;BR-110;190,000;191,000;1,000;28/06/2023;-8,5029102;-37,5621036;57,500
PE;BR-110;191,000;192,000;1,000;28/06/2023;-8,5029102;-37,5621036;32,500
PE;BR-110;192,000;193,000;1,000;28/06/2023;-8,5029102;-37,5621036;57,500
PE;BR-110;193,000;194,000;1,000;28/06/2023;-8,5029102;-37,5621036;32,500
PE;BR-110;194,000;195,000;1,000;28/06/2023;-8,5029102;-37,5621036;32,500
PE;BR-110;195,000;196,000;1,000;28/06/2023;-8,5029102;-37,5621036;32,500
PE;BR-110;196,000;197,000;1,000;28/06/2023;-8,5029102;-37,5621036;32,500
PE;BR-110;197,000;198,000;1,000;28/06/2023;-8,5029102;-37,5621036;57,500
PE;BR-110;198,000;199,000;1,000;28/06/2023;-8,5029102;-37,5621036;32,500
PE;BR-110;199,000;200,000;1,000;28/06/2023;-8,5029102;-37,5621036;32,500
PE;BR-110;200,000;201,000;1,000;28/06/2023;-8,5029102;-37,5621036;32,500
PE;BR-110;201,000;202,000;1,000;28/06/2023;-8,5029102;-37,5621036;32,500
PE;BR-110;202,000;203,000;1,000;28/06/2023;-8,5029102;-37,5621036;32,500
PE;BR-110;203,000;204,000;1,000;28/06/2023;-8,5029102;-37,5621036;32,500
PE;BR-110;204,000;205,000;1,000;28/06/2023;-8,5029102;-37,5621036;32,500
PE;BR-110;205,000;206,000;1,000;28/06/2023;-8,5029102;-37,5621036;32,500
PE;BR-110;206,000;207,000;1,000;28/06/2023;-8,5029102;-37,5621036;32,500
PE;BR-110;207,000;208,000;1,000;28/06/2023;-8,5029102;-37,5621036;32,500
PE;BR-110;208,000;209,000;1,000;28/06/2023;-8,5029102;-37,5621036;32,500
PE;BR-110;209,000;210,000;1,000;28/06/2023;-8,5029102;-37,5621036;32,500
PE;BR-110;210,000;211,000;1,000;28/06/2023;-8,5029102;-37,5621036;32,500
PE;BR-110;211,000;212,000;1,000;28/06/2023;-8,5029102;-37,5621036;32,500
PE;BR-110;212,000;213,000;1,000;28/06/2023;-8,5029102;-37,5621036;32,500
PE;BR-110;213,000;214,000;1,000;28/06/2023;-8,9350237;-38,1347659;32,500
PE;BR-110;214,000;215,000;1,000;28/06/2023;-8,9350237;-38,1347659;32,500
PE;BR-110;215,000;216,000;1,000;28/06/2023;-8,9742747;-38,2145574;32,500
PE;BR-110;216,000;217,000;1,000;28/06/2023;-8,975286;-38,215547;32,500
PE;BR-110;217,000;218,000;1,000;28/06/2023;-8,975286;-38,215547;32,500
PE;BR-110;218,000;219,000;1,000;28/06/2023;-8,9749231;-38,2162067;72,500
PE;BR-316;410,900;411,000;0,100;28/06/2023;-8,9824628;-38,2161788;72,500
PE;BR-316;411,000;412,000;1,000;28/06/2023;-8,7384511;-37,9167228;72,500
PE;BR-316;412,000;413,000;1,000;28/06/2023;-8,7384477;-37,9167241;72,500
PE;BR-316;413,000;414,000;1,000;28/06/2023;-8,7384477;-37,9167241;47,500
PE;BR-316;414,000;415,000;1,000;28/06/2023;-8,7384477;-37,9167241;72,500
PE;BR-316;415,000;416,000;1,000;28/06/2023;-8,7384477;-37,9167241;43,750
PE;BR-316;416,000;417,000;1,000;28/06/2023;-8,7384477;-37,9167241;66,250
PE;BR-316;417,000;418,000;1,000;28/06/2023;-8,7384477;-37,9167241;72,500
PE;BR-316;418,000;419,000;1,000;28/06/2023;-8,7384477;-37,9167241;72,500
PE;BR-316;419,000;420,000;1,000;28/06/2023;-8,7384477;-37,9167241;72,500
PE;BR-316;420,000;421,000;1,000;28/06/2023;-8,8841507;-37,8275153;32,500
PE;BR-316;421,000;422,000;1,000;28/06/2023;-8,8841507;-37,8275153;32,500
PE;BR-316;422,000;423,000;1,000;28/06/2023;-8,89936;-37,8308326;72,500
PE;BR-316;423,000;424,000;1,000;28/06/2023;-8,8841507;-37,8275153;72,500
PE;BR-316;424,000;425,000;1,000;28/06/2023;-8,8841507;-37,8275153;72,500
PE;BR-316;425,000;426,000;1,000;28/06/2023;-8,8841507;-37,8275153;72,500
PE;BR-316;426,000;427,000;1,000;28/06/2023;-8,8951749;-37,827847;72,500
PE;BR-316;427,000;428,000;1,000;28/06/2023;-8,8841507;-37,8275153;72,500
PE;BR-316;428,000;429,000;1,000;28/06/2023;-8,8841507;-37,8275153;72,500
PE;BR-316;429,000;430,000;1,000;28/06/2023;-8,8841507;-37,8275153;57,500
PE;BR-316;430,000;431,000;1,000;28/06/2023;-8,8841507;-37,8275153;57,500
PE;BR-316;431,000;432,000;1,000;28/06/2023;-8,8841507;-37,8275153;72,500
PE;BR-316;432,000;433,000;1,000;28/06/2023;-8,8906674;-37,8383088;72,500
MT;BR-174;598,000;599,000;1,000;28/06/2023;-11,6790524;-59,1893202;17,500
MT;BR-174;599,000;600,000;1,000;28/06/2023;-11,6790524;-59,1893202;75,000
MT;BR-174;600,000;601,000;1,000;28/06/2023;-11,6790524;-59,1893202;75,000
MT;BR-174;601,000;602,000;1,000;28/06/2023;-11,6790524;-59,1893202;65,000
MT;BR-174;602,000;603,000;1,000;28/06/2023;-11,6790524;-59,1893202;78,750
MT;BR-174;603,000;604,000;1,000;28/06/2023;-11,6790524;-59,1893202;76,250
MT;BR-174;604,000;605,000;1,000;28/06/2023;-11,6790524;-59,1893202;76,250
MT;BR-174;605,000;606,000;1,000;28/06/2023;-11,6790524;-59,1893202;76,250
MT;BR-174;606,000;607,000;1,000;28/06/2023;-11,6790524;-59,1893202;73,750
MT;BR-174;607,000;608,000;1,000;28/06/2023;-11,6790524;-59,1893202;80,000
MT;BR-174;608,000;609,000;1,000;28/06/2023;-11,6790524;-59,1893202;77,500
MT;BR-174;609,000;610,000;1,000;28/06/2023;-11,6790524;-59,1893202;77,500
MT;BR-174;610,000;611,000;1,000;28/06/2023;-11,6790524;-59,1893202;77,500
MT;BR-174;611,000;612,000;1,000;28/06/2023;-11,6790524;-59,1893202;77,500
MT;BR-174;612,000;613,000;1,000;28/06/2023;-11,6790524;-59,1893202;80,000
MT;BR-174;613,000;614,000;1,000;28/06/2023;-11,6790524;-59,1893202;77,500
MT;BR-174;614,000;615,000;1,000;28/06/2023;-11,6790524;-59,1893202;71,250
MT;BR-174;615,000;616,000;1,000;28/06/2023;-11,6790524;-59,1893202;67,500
MT;BR-174;616,000;617,000;1,000;28/06/2023;-11,6790524;-59,1893202;70,000
MT;BR-174;617,000;618,000;1,000;28/06/2023;-11,6790524;-59,1893202;70,000
MT;BR-174;618,000;619,000;1,000;28/06/2023;-11,6790524;-59,1893202;71,250
MT;BR-174;619,000;620,000;1,000;28/06/2023;-11,6790524;-59,1893202;70,000
MT;BR-174;620,000;621,000;1,000;28/06/2023;-11,6790524;-59,1893202;70,000
MT;BR-174;621,000;622,000;1,000;28/06/2023;-11,6790524;-59,1893202;73,750
MT;BR-174;622,000;623,000;1,000;28/06/2023;-11,6790524;-59,1893202;73,750
MT;BR-174;623,000;624,000;1,000;28/06/2023;-11,6790524;-59,1893202;70,000
MT;BR-174;624,000;625,000;1,000;28/06/2023;-11,6790524;-59,1893202;60,000
MT;BR-174;625,000;626,000;1,000;28/06/2023;-11,6790524;-59,1893202;80,000
MT;BR-174;626,000;627,000;1,000;28/06/2023;-11,6790524;-59,1893202;77,500
MT;BR-174;627,000;628,000;1,000;28/06/2023;-11,6790524;-59,1893202;76,250
MT;BR-174;628,000;629,000;1,000;28/06/2023;-11,6790524;-59,1893202;73,750
MT;BR-174;629,000;630,000;1,000;28/06/2023;-11,6790524;-59,1893202;73,750
MT;BR-174;630,000;631,000;1,000;28/06/2023;-11,6790524;-59,1893202;71,250
MT;BR-174;631,000;632,000;1,000;28/06/2023;-11,6790524;-59,1893202;78,750
MT;BR-174;632,000;633,000;1,000;28/06/2023;-11,6790524;-59,1893202;58,750
MT;BR-174;633,000;634,000;1,000;28/06/2023;-11,6790524;-59,1893202;76,250
MT;BR-174;634,000;635,000;1,000;28/06/2023;-11,6790524;-59,1893202;76,250
MT;BR-174;635,000;636,000;1,000;28/06/2023;-11,6790524;-59,1893202;60,000
MT;BR-174;636,000;637,000;1,000;28/06/2023;-11,6790524;-59,1893202;70,000
MT;BR-174;637,000;638,000;1,000;28/06/2023;-11,6790524;-59,1893202;77,500
MT;BR-174;638,000;639,000;1,000;28/06/2023;-11,6790524;-59,1893202;65,000
MT;BR-174;639,000;640,000;1,000;28/06/2023;-11,6790524;-59,1893202;73,750
MT;BR-174;640,000;641,000;1,000;28/06/2023;-11,6790524;-59,1893202;73,750
MT;BR-174;641,000;642,000;1,000;28/06/2023;-11,6790524;-59,1893202;56,250
MT;BR-174;642,000;643,000;1,000;28/06/2023;-11,6790524;-59,1893202;70,000
MT;BR-174;643,000;644,000;1,000;28/06/2023;-11,6790524;-59,1893202;71,250
MT;BR-174;644,000;645,000;1,000;28/06/2023;-11,6790524;-59,1893202;66,250
MT;BR-174;645,000;646,000;1,000;28/06/2023;-11,6790524;-59,1893202;67,500
MT;BR-174;646,000;647,000;1,000;28/06/2023;-11,6790524;-59,1893202;71,250
MT;BR-174;647,000;648,000;1,000;28/06/2023;-11,6790524;-59,1893202;73,750
MT;BR-174;648,000;649,000;1,000;28/06/2023;-11,6790524;-59,1893202;67,500
MT;BR-174;649,000;650,000;1,000;28/06/2023;-11,6790524;-59,1893202;68,750
MT;BR-174;650,000;651,000;1,000;28/06/2023;-11,6790524;-59,1893202;70,000
MT;BR-174;651,000;652,000;1,000;28/06/2023;-11,6790524;-59,1893202;71,250
MT;BR-174;652,000;653,000;1,000;28/06/2023;-11,6790524;-59,1893202;47,500
MT;BR-174;653,000;654,000;1,000;28/06/2023;-11,6790524;-59,1893202;40,000
MT;BR-174;654,000;655,000;1,000;28/06/2023;-11,6790524;-59,1893202;42,500
MT;BR-174;655,000;656,000;1,000;28/06/2023;-11,6790524;-59,1893202;22,500
MT;BR-174;656,000;657,000;1,000;28/06/2023;-11,6790524;-59,1893202;42,500
MT;BR-174;657,000;658,000;1,000;28/06/2023;-11,6790524;-59,1893202;42,500
MT;BR-174;658,000;659,000;1,000;28/06/2023;-11,6790524;-59,1893202;43,750
MT;BR-174;659,000;660,000;1,000;28/06/2023;-11,6790524;-59,1893202;32,500
MT;BR-174;660,000;661,000;1,000;28/06/2023;-11,6790524;-59,1893202;42,500
MT;BR-174;661,000;662,000;1,000;28/06/2023;-11,6790524;-59,1893202;55,000
MT;BR-174;662,000;663,000;1,000;28/06/2023;-11,6790524;-59,1893202;51,250
MT;BR-174;663,000;664,000;1,000;28/06/2023;-11,6790524;-59,1893202;46,250
MT;BR-174;664,000;665,000;1,000;28/06/2023;-11,6790524;-59,1893202;12,500
MT;BR-174;665,000;666,000;1,000;28/06/2023;-11,6790524;-59,1893202;13,750
MT;BR-174;666,000;667,000;1,000;28/06/2023;-11,6790524;-59,1893202;42,500
MT;BR-174;667,000;668,000;1,000;28/06/2023;-11,6790524;-59,1893202;55,000
MT;BR-174;668,000;669,000;1,000;28/06/2023;-11,6790524;-59,1893202;12,500
MT;BR-174;669,000;670,000;1,000;28/06/2023;-11,6790524;-59,1893202;70,000
MT;BR-174;670,000;671,000;1,000;28/06/2023;-11,6790524;-59,1893202;67,500
MT;BR-174;671,000;672,000;1,000;28/06/2023;-11,6790524;-59,1893202;45,000
MT;BR-174;672,000;673,000;1,000;28/06/2023;-11,6790524;-59,1893202;55,000
MT;BR-174;673,000;674,000;1,000;28/06/2023;-11,6790524;-59,1893202;60,000
MT;BR-174;674,000;675,000;1,000;28/06/2023;-11,6790524;-59,1893202;56,250
MT;BR-174;675,000;676,000;1,000;28/06/2023;-11,6790524;-59,1893202;71,250
MT;BR-174;676,000;677,000;1,000;28/06/2023;-11,6790524;-59,1893202;51,250
MT;BR-174;677,000;678,000;1,000;28/06/2023;-11,6790524;-59,1893202;32,500
MT;BR-174;678,000;679,000;1,000;28/06/2023;-11,6790524;-59,1893202;2,500
MT;BR-174;679,000;680,000;1,000;28/06/2023;-11,6790524;-59,1893202;25,000
MT;BR-174;680,000;681,000;1,000;28/06/2023;-11,6790524;-59,1893202;27,500
MT;BR-174;681,000;682,000;1,000;28/06/2023;-11,6790524;-59,1893202;36,250
MT;BR-174;682,000;683,000;1,000;28/06/2023;-11,6790524;-59,1893202;17,500
MT;BR-174;683,000;684,000;1,000;28/06/2023;-11,6790524;-59,1893202;28,750
MT;BR-174;684,000;685,000;1,000;28/06/2023;-11,6790524;-59,1893202;17,500
MT;BR-174;685,000;686,000;1,000;28/06/2023;-11,6790524;-59,1893202;32,500
MT;BR-174;686,000;687,000;1,000;28/06/2023;-11,6790524;-59,1893202;17,500
MT;BR-174;687,000;688,000;1,000;28/06/2023;-11,6790524;-59,1893202;27,500
MT;BR-174;688,000;689,000;1,000;28/06/2023;-11,6790524;-59,1893202;27,500
MT;BR-174;689,000;690,000;1,000;28/06/2023;-11,6790524;-59,1893202;25,000
MT;BR-174;690,000;691,000;1,000;28/06/2023;-11,6790524;-59,1893202;37,500
MT;BR-174;691,000;692,000;1,000;28/06/2023;-11,6790524;-59,1893202;37,500
MT;BR-174;692,000;693,000;1,000;28/06/2023;-11,6790524;-59,1893202;37,500
MT;BR-174;693,000;694,000;1,000;28/06/2023;-11,6790524;-59,1893202;27,500
MT;BR-174;694,000;695,000;1,000;28/06/2023;-11,6790524;-59,1893202;47,500
MT;BR-174;695,000;696,000;1,000;28/06/2023;-11,6790524;-59,1893202;32,500
MT;BR-174;696,000;697,000;1,000;28/06/2023;-11,6790524;-59,1893202;17,500
MT;BR-174;697,000;698,000;1,000;28/06/2023;-11,6790524;-59,1893202;27,500
MT;BR-174;698,000;699,000;1,000;28/06/2023;-11,6790524;-59,1893202;27,500
MT;BR-174;699,000;700,000;1,000;28/06/2023;-11,6790524;-59,1893202;27,500
MT;BR-174;700,000;701,000;1,000;28/06/2023;-11,6790524;-59,1893202;17,500
MT;BR-174;701,000;702,000;1,000;28/06/2023;-11,6790524;-59,1893202;25,000
MT;BR-174;702,000;703,000;1,000;28/06/2023;-11,6790524;-59,1893202;25,000
MT;BR-174;703,000;704,000;1,000;28/06/2023;-11,6790524;-59,1893202;25,000
MT;BR-174;704,000;705,000;1,000;28/06/2023;-11,6790524;-59,1893202;25,000
MT;BR-174;705,000;706,000;1,000;28/06/2023;-11,6790524;-59,1893202;35,000
MT;BR-174;706,000;707,000;1,000;28/06/2023;-11,6790524;-59,1893202;55,000
MT;BR-174;707,000;708,000;1,000;28/06/2023;-11,6790524;-59,1893202;42,500
MT;BR-174;708,000;709,000;1,000;28/06/2023;-11,6790524;-59,1893202;42,500
MT;BR-174;709,000;710,000;1,000;28/06/2023;-11,6790524;-59,1893202;42,500
MT;BR-174;710,000;711,000;1,000;28/06/2023;-11,6790524;-59,1893202;35,000
MT;BR-174;711,000;712,000;1,000;28/06/2023;-11,6790524;-59,1893202;2,500
MT;BR-174;712,000;713,000;1,000;28/06/2023;-11,6790542;-59,1893195;2,500
MT;BR-174;713,000;714,000;1,000;28/06/2023;-11,6790526;-59,1893198;2,500
MT;BR-174;714,000;715,000;1,000;28/06/2023;-11,679052;-59,1893208;2,500
MT;BR-174;715,000;716,000;1,000;28/06/2023;-11,6790515;-59,1893205;17,500
MT;BR-174;716,000;717,000;1,000;28/06/2023;-11,6790524;-59,1893202;17,500
MT;BR-174;717,000;718,000;1,000;28/06/2023;-11,6790524;-59,1893202;17,500
MT;BR-174;718,000;719,000;1,000;28/06/2023;-11,6790522;-59,1893208;17,500
MT;BR-174;719,000;720,000;1,000;28/06/2023;-11,6790515;-59,1893205;17,500
MT;BR-174;720,000;721,000;1,000;28/06/2023;-11,679052;-59,1893208;17,500
MT;BR-174;721,000;722,000;1,000;28/06/2023;-11,6790522;-59,1893208;25,000
MT;BR-174;722,000;723,000;1,000;28/06/2023;-11,6790522;-59,1893208;17,500
MT;BR-174;723,000;724,000;1,000;28/06/2023;-11,679052;-59,1893208;2,500
MT;BR-174;724,000;725,000;1,000;28/06/2023;-11,6790516;-59,1893205;17,500
MT;BR-174;725,000;726,000;1,000;28/06/2023;-11,6790517;-59,1893206;17,500
MT;BR-174;726,000;727,000;1,000;28/06/2023;-11,6790517;-59,1893206;2,500
MT;BR-174;727,000;728,000;1,000;28/06/2023;-11,679052;-59,1893208;0,000
MT;BR-174;728,000;729,000;1,000;28/06/2023;-11,679052;-59,1893208;0,000
MT;BR-174;729,000;730,000;1,000;28/06/2023;-11,6790514;-59,1893205;17,500
MT;BR-174;730,000;731,000;1,000;28/06/2023;-11,6790514;-59,1893205;25,000
MT;BR-174;731,000;732,000;1,000;28/06/2023;-11,6790515;-59,1893205;47,500
MT;BR-174;732,000;733,000;1,000;28/06/2023;-11,6790514;-59,1893205;37,500
MT;BR-174;733,000;734,000;1,000;28/06/2023;-11,6790514;-59,1893205;66,250
MT;BR-174;734,000;735,000;1,000;28/06/2023;-11,6790514;-59,1893205;55,000
MT;BR-174;735,000;736,000;1,000;28/06/2023;-11,6790514;-59,1893205;42,500
MT;BR-174;736,000;737,000;1,000;28/06/2023;-11,6790514;-59,1893205;55,000
MT;BR-174;737,000;738,000;1,000;28/06/2023;-11,6790514;-59,1893205;55,000
MT;BR-174;738,000;739,000;1,000;28/06/2023;-11,6790514;-59,1893205;55,000
MT;BR-174;739,000;740,000;1,000;28/06/2023;-11,6790514;-59,1893205;0,000
MT;BR-174;740,000;741,000;1,000;28/06/2023;-11,6790514;-59,1893205;0,000
MT;BR-174;741,000;742,000;1,000;28/06/2023;-11,6790514;-59,1893205;0,000
MT;BR-174;742,000;743,000;1,000;28/06/2023;-11,6790514;-59,1893205;0,000
MT;BR-174;743,000;744,000;1,000;28/06/2023;-11,6790514;-59,1893205;0,000
MT;BR-174;744,000;745,000;1,000;28/06/2023;-11,6790514;-59,1893205;0,000
MT;BR-174;745,000;746,000;1,000;28/06/2023;-11,6790514;-59,1893205;30,000
MT;BR-174;746,000;747,000;1,000;28/06/2023;-11,6790514;-59,1893205;25,000
MT;BR-174;747,000;748,000;1,000;28/06/2023;-11,6790514;-59,1893205;25,000
MT;BR-174;748,000;749,000;1,000;28/06/2023;-11,6790514;-59,1893205;25,000
MT;BR-174;749,000;750,000;1,000;28/06/2023;-11,6790514;-59,1893205;33,750
MT;BR-174;750,000;751,000;1,000;28/06/2023;-11,6790514;-59,1893205;25,000
MT;BR-174;751,000;752,000;1,000;28/06/2023;-11,6790514;-59,1893205;30,000
MT;BR-174;752,000;753,000;1,000;28/06/2023;-11,6790514;-59,1893205;30,000
MT;BR-174;753,000;754,000;1,000;28/06/2023;-11,6790514;-59,1893205;33,750
MT;BR-174;754,000;755,000;1,000;28/06/2023;-11,5266174;-58,8473298;2,500
MT;BR-174;755,000;756,000;1,000;28/06/2023;-11,5266174;-58,8473298;2,500
MT;BR-174;756,000;757,000;1,000;28/06/2023;-11,5266174;-58,8473298;2,500
MT;BR-174;757,000;758,000;1,000;28/06/2023;-11,5266174;-58,8473298;2,500
MT;BR-174;758,000;759,000;1,000;28/06/2023;-11,5266174;-58,8473298;7,500
MT;BR-174;759,000;760,000;1,000;28/06/2023;-11,5266174;-58,8473298;7,500
MT;BR-174;760,000;761,000;1,000;28/06/2023;-11,5266174;-58,8473298;2,500
MT;BR-174;761,000;762,000;1,000;28/06/2023;-11,5266174;-58,8473298;2,500
MT;BR-174;762,000;763,000;1,000;28/06/2023;-11,5266174;-58,8473298;2,500
MT;BR-174;763,000;764,000;1,000;28/06/2023;-11,5266174;-58,8473298;2,500
MG;BR-474;95,100;96,000;0,900;26/06/2023;-19,8066687;-41,7262705;82,500
MG;BR-474;96,000;97,000;1,000;26/06/2023;-19,8066687;-41,7262705;80,000
MG;BR-474;97,000;98,000;1,000;26/06/2023;-19,8066687;-41,7262705;78,750
MG;BR-474;98,000;98,600;0,600;26/06/2023;-19,8066687;-41,7262705;81,250
MG;BR-474;110,500;111,000;0,500;26/06/2023;-19,8134179;-41,7216024;81,250
MG;BR-474;111,000;112,000;1,000;26/06/2023;-19,8134179;-41,7216024;91,250
MG;BR-474;112,000;113,000;1,000;26/06/2023;-19,8134179;-41,7216024;77,500
MG;BR-474;113,000;114,000;1,000;26/06/2023;-19,8134179;-41,7216024;91,250
MG;BR-474;114,000;115,000;1,000;26/06/2023;-19,8134179;-41,7216024;81,250
MG;BR-474;115,000;116,000;1,000;26/06/2023;-19,8134179;-41,7216024;67,500
MG;BR-474;116,000;117,000;1,000;26/06/2023;-19,7061662;-41,8416028;77,500
MG;BR-474;117,000;118,000;1,000;26/06/2023;-19,7021816;-41,83446;70,000
MT;BR-174;70,000;69,000;1,000;29/06/2023;-16,0902477;-57,6893692;51,250
MT;BR-174;69,000;68,000;1,000;29/06/2023;-16,0902477;-57,6893692;27,500
MT;BR-174;68,000;67,000;1,000;29/06/2023;-16,0902477;-57,6893692;27,500
MT;BR-174;67,000;66,000;1,000;29/06/2023;-16,0902477;-57,6893692;25,000
MT;BR-174;66,000;65,000;1,000;29/06/2023;-16,0902477;-57,6893692;25,000
MT;BR-174;65,000;64,000;1,000;29/06/2023;-16,0902477;-57,6893692;27,500
MT;BR-174;64,000;63,000;1,000;29/06/2023;-16,0902477;-57,6893692;25,000
MT;BR-174;63,000;62,000;1,000;29/06/2023;-16,0902477;-57,6893692;41,250
MT;BR-174;62,000;61,000;1,000;29/06/2023;-16,0902477;-57,6893692;56,250
MT;BR-174;61,000;60,000;1,000;29/06/2023;-16,0902477;-57,6893692;32,500
MT;BR-174;60,000;59,000;1,000;29/06/2023;-16,0902477;-57,6893692;38,750
MT;BR-174;59,000;58,000;1,000;29/06/2023;-16,0902477;-57,6893692;38,750
MT;BR-174;58,000;57,000;1,000;29/06/2023;-16,0902477;-57,6893692;61,250
MT;BR-174;57,000;56,000;1,000;29/06/2023;-16,0902477;-57,6893692;61,250
MT;BR-174;56,000;55,000;1,000;29/06/2023;-16,0902477;-57,6893692;48,750
MT;BR-174;55,000;54,000;1,000;29/06/2023;-16,0902477;-57,6893692;60,000
MT;BR-174;54,000;53,000;1,000;29/06/2023;-16,0902477;-57,6893692;48,750
MT;BR-174;53,000;52,000;1,000;29/06/2023;-16,0902477;-57,6893692;67,500
MT;BR-174;52,000;51,000;1,000;29/06/2023;-16,0902477;-57,6893692;53,750
MT;BR-174;51,000;50,000;1,000;29/06/2023;-16,0902477;-57,6893692;86,250
MT;BR-174;50,000;49,000;1,000;29/06/2023;-16,0902477;-57,6893692;90,000
MT;BR-174;49,000;48,000;1,000;29/06/2023;-16,0902477;-57,6893692;67,500
MT;BR-174;48,000;47,000;1,000;29/06/2023;-16,0902477;-57,6893692;68,750
MT;BR-174;47,000;46,000;1,000;29/06/2023;-16,0902477;-57,6893692;48,750
MT;BR-174;46,000;45,000;1,000;29/06/2023;-16,0902477;-57,6893692;82,500
MT;BR-174;45,000;44,000;1,000;29/06/2023;-16,0902477;-57,6893692;82,500
MT;BR-174;44,000;43,000;1,000;29/06/2023;-16,0902477;-57,6893692;82,500
MT;BR-174;43,000;42,000;1,000;29/06/2023;-16,0902477;-57,6893692;76,250
MT;BR-174;42,000;41,000;1,000;29/06/2023;-16,0902477;-57,6893692;56,250
MT;BR-174;41,000;40,000;1,000;29/06/2023;-16,0902477;-57,6893692;48,750
MT;BR-174;40,000;39,000;1,000;29/06/2023;-16,0902477;-57,6893692;82,500
MT;BR-174;39,000;38,000;1,000;29/06/2023;-16,0902477;-57,6893692;68,750
MT;BR-174;38,000;37,000;1,000;29/06/2023;-16,0902477;-57,6893692;68,750
MT;BR-174;37,000;36,000;1,000;29/06/2023;-16,0902477;-57,6893692;92,500
MT;BR-174;36,000;35,000;1,000;29/06/2023;-16,0902477;-57,6893692;66,250
MT;BR-174;35,000;34,000;1,000;29/06/2023;-16,0902477;-57,6893692;82,500
MT;BR-174;34,000;33,000;1,000;29/06/2023;-16,0902477;-57,6893692;78,750
MT;BR-174;33,000;32,000;1,000;29/06/2023;-16,0902477;-57,6893692;76,250
MT;BR-174;32,000;31,000;1,000;29/06/2023;-16,0902477;-57,6893692;82,500
MT;BR-174;31,000;30,000;1,000;29/06/2023;-16,0902477;-57,6893692;75,000
MT;BR-174;30,000;29,000;1,000;29/06/2023;-16,0902477;-57,6893692;63,750
MT;BR-174;29,000;28,000;1,000;29/06/2023;-16,0902477;-57,6893692;80,000
MT;BR-174;28,000;27,000;1,000;29/06/2023;-16,0902477;-57,6893692;86,250
MT;BR-174;27,000;26,000;1,000;29/06/2023;-16,0902477;-57,6893692;41,250
MT;BR-174;26,000;25,000;1,000;29/06/2023;-16,0902477;-57,6893692;52,500
MT;BR-174;25,000;24,000;1,000;29/06/2023;-16,0902477;-57,6893692;61,250
MT;BR-174;24,000;23,000;1,000;29/06/2023;-16,0902477;-57,6893692;57,500
MT;BR-174;23,000;22,000;1,000;29/06/2023;-16,0902477;-57,6893692;50,000
MT;BR-174;22,000;21,000;1,000;29/06/2023;-16,0902477;-57,6893692;61,250
MT;BR-174;21,000;20,000;1,000;29/06/2023;-16,0902477;-57,6893692;53,750
MT;BR-174;20,000;19,000;1,000;29/06/2023;-16,0902477;-57,6893692;51,250
MT;BR-174;19,000;18,000;1,000;29/06/2023;-16,0902477;-57,6893692;23,750
MT;BR-174;18,000;17,000;1,000;29/06/2023;-16,0902477;-57,6893692;50,000
MT;BR-174;17,000;16,000;1,000;29/06/2023;-16,0902477;-57,6893692;50,000
MT;BR-174;16,000;15,000;1,000;29/06/2023;-16,0902477;-57,6893692;41,250
MT;BR-174;15,000;14,000;1,000;29/06/2023;-16,0902477;-57,6893692;37,500
MT;BR-174;14,000;13,000;1,000;29/06/2023;-16,0902477;-57,6893692;56,250
MT;BR-174;13,000;12,000;1,000;29/06/2023;-16,0902477;-57,6893692;71,250
MT;BR-174;12,000;11,000;1,000;29/06/2023;-16,0902477;-57,6893692;73,750
MT;BR-174;11,000;10,000;1,000;29/06/2023;-16,0902477;-57,6893692;66,250
MT;BR-174;10,000;9,000;1,000;29/06/2023;-16,0902477;-57,6893692;68,750
MT;BR-174;9,000;8,000;1,000;29/06/2023;-16,1046158;-57,299229;65,000
MT;BR-174;8,000;7,000;1,000;29/06/2023;-16,1046158;-57,299229;66,250
MT;BR-174;7,000;6,000;1,000;29/06/2023;-16,1046158;-57,299229;50,000
MT;BR-174;6,000;5,000;1,000;29/06/2023;-16,1046158;-57,299229;62,500
MT;BR-174;5,000;4,000;1,000;29/06/2023;-16,1046158;-57,299229;62,500
MT;BR-174;4,000;3,000;1,000;29/06/2023;-16,1046158;-57,299229;82,500
MT;BR-174;3,000;2,000;1,000;29/06/2023;-16,1046158;-57,299229;62,500
MT;BR-174;2,000;1,000;1,000;29/06/2023;-16,1046158;-57,299229;62,500
MT;BR-174;1,000;0,000;1,000;29/06/2023;-16,1046158;-57,299229;75,000
PA;BR-230;1154,600;1155,000;0,400;28/06/2023;0;0;46,250
PA;BR-230;1155,000;1156,000;1,000;28/06/2023;0;0;36,250
PA;BR-230;1156,000;1157,000;1,000;28/06/2023;0;0;23,750
PA;BR-230;1157,000;1158,000;1,000;28/06/2023;0;0;36,250
PA;BR-230;1158,000;1159,000;1,000;28/06/2023;0;0;37,500
PA;BR-230;1159,000;1160,000;1,000;28/06/2023;0;0;36,250
PA;BR-230;1160,000;1161,000;1,000;28/06/2023;0;0;36,250
PA;BR-230;1161,000;1162,000;1,000;28/06/2023;0;0;37,500
PA;BR-230;1162,000;1163,000;1,000;28/06/2023;0;0;36,250
PA;BR-230;1163,000;1164,000;1,000;28/06/2023;0;0;36,250
PA;BR-230;1164,000;1165,000;1,000;28/06/2023;0;0;43,750
PA;BR-230;1165,000;1166,000;1,000;28/06/2023;0;0;31,250
PA;BR-230;1166,000;1167,000;1,000;28/06/2023;0;0;37,500
PA;BR-230;1167,000;1168,000;1,000;28/06/2023;0;0;46,250
PA;BR-230;1168,000;1169,000;1,000;28/06/2023;0;0;37,500
PA;BR-230;1169,000;1170,000;1,000;28/06/2023;0;0;31,250
PA;BR-230;1170,000;1171,000;1,000;28/06/2023;0;0;32,500
PA;BR-230;1171,000;1172,000;1,000;28/06/2023;0;0;38,750
PA;BR-230;1172,000;1173,000;1,000;28/06/2023;0;0;36,250
PA;BR-230;1173,000;1174,000;1,000;28/06/2023;0;0;36,250
PA;BR-230;1174,000;1175,000;1,000;28/06/2023;0;0;38,750
PA;BR-230;1175,000;1176,000;1,000;28/06/2023;0;0;31,250
PA;BR-230;1176,000;1177,000;1,000;28/06/2023;0;0;45,000
PA;BR-230;1177,000;1178,000;1,000;28/06/2023;0;0;31,250
PA;BR-230;1178,000;1179,000;1,000;28/06/2023;0;0;2,500
PA;BR-230;1179,000;1180,000;1,000;28/06/2023;0;0;36,250
PA;BR-230;1180,000;1181,000;1,000;28/06/2023;0;0;23,750
PA;BR-230;1181,000;1182,000;1,000;28/06/2023;0;0;36,250
PA;BR-230;1182,000;1183,000;1,000;28/06/2023;0;0;36,250
PA;BR-230;1183,000;1184,000;1,000;28/06/2023;0;0;36,250
PA;BR-230;1184,000;1185,000;1,000;28/06/2023;0;0;36,250
PA;BR-230;1185,000;1186,000;1,000;28/06/2023;0;0;43,750
PA;BR-230;1186,000;1187,000;1,000;28/06/2023;0;0;36,250
PA;BR-230;1187,000;1188,000;1,000;28/06/2023;0;0;38,750
PA;BR-230;1188,000;1189,000;1,000;28/06/2023;0;0;38,750
PA;BR-230;1189,000;1190,000;1,000;28/06/2023;0;0;25,000
PA;BR-230;1190,000;1191,000;1,000;28/06/2023;0;0;23,750
PA;BR-230;1191,000;1192,000;1,000;28/06/2023;0;0;23,750
PA;BR-230;1192,000;1193,000;1,000;28/06/2023;0;0;30,000
PA;BR-230;1193,000;1194,000;1,000;28/06/2023;0;0;43,750
PA;BR-230;1194,000;1195,000;1,000;28/06/2023;0;0;31,250
PA;BR-230;1195,000;1196,000;1,000;28/06/2023;0;0;31,250
PA;BR-230;1196,000;1197,000;1,000;28/06/2023;0;0;36,250
PA;BR-230;1197,000;1198,000;1,000;28/06/2023;0;0;23,750
PA;BR-230;1198,000;1199,000;1,000;28/06/2023;0;0;18,750
PA;BR-230;1199,000;1200,000;1,000;28/06/2023;0;0;36,250
PA;BR-230;1200,000;1201,000;1,000;28/06/2023;0;0;38,750
PA;BR-230;1201,000;1202,000;1,000;28/06/2023;0;0;36,250
PA;BR-230;1202,000;1203,000;1,000;28/06/2023;0;0;38,750
PA;BR-230;1203,000;1204,000;1,000;28/06/2023;0;0;36,250
PA;BR-230;1204,000;1205,000;1,000;28/06/2023;0;0;36,250
PA;BR-230;1205,000;1206,000;1,000;28/06/2023;0;0;38,750
PA;BR-230;1206,000;1207,000;1,000;28/06/2023;0;0;46,250
PA;BR-230;1207,000;1208,000;1,000;28/06/2023;0;0;43,750
PA;BR-230;1208,000;1209,000;1,000;28/06/2023;0;0;36,250
PA;BR-230;1209,000;1210,000;1,000;28/06/2023;0;0;38,750
PA;BR-230;1210,000;1211,000;1,000;28/06/2023;0;0;36,250
PA;BR-230;1211,000;1212,000;1,000;28/06/2023;0;0;38,750
PA;BR-230;1212,000;1213,000;1,000;28/06/2023;0;0;36,250
PA;BR-230;1213,000;1214,000;1,000;28/06/2023;0;0;31,250
PA;BR-230;1214,000;1215,000;1,000;28/06/2023;0;0;38,750
PA;BR-230;1215,000;1216,000;1,000;28/06/2023;0;0;43,750
PA;BR-230;1216,000;1217,000;1,000;28/06/2023;0;0;46,250
PA;BR-230;1217,000;1218,000;1,000;28/06/2023;0;0;38,750
PA;BR-230;1218,000;1219,000;1,000;28/06/2023;0;0;8,750
PA;BR-230;1219,000;1220,000;1,000;28/06/2023;0;0;7,500
PA;BR-230;1220,000;1221,000;1,000;28/06/2023;0;0;53,750
PA;BR-230;1221,000;1222,000;1,000;28/06/2023;0;0;53,750
PA;BR-230;1222,000;1223,000;1,000;28/06/2023;0;0;38,750
PA;BR-230;1223,000;1224,000;1,000;28/06/2023;0;0;36,250
PA;BR-230;1224,000;1225,000;1,000;28/06/2023;0;0;36,250
PA;BR-230;1225,000;1226,000;1,000;28/06/2023;0;0;45,000
PA;BR-230;1226,000;1227,000;1,000;28/06/2023;0;0;42,500
PA;BR-230;1227,000;1228,000;1,000;28/06/2023;0;0;46,250
PA;BR-230;1228,000;1229,000;1,000;28/06/2023;0;0;53,750
PA;BR-230;1229,000;1230,000;1,000;28/06/2023;0;0;53,750
PA;BR-230;1230,000;1231,000;1,000;28/06/2023;0;0;36,250
PA;BR-230;1231,000;1232,000;1,000;28/06/2023;0;0;36,250
PA;BR-230;1232,000;1233,000;1,000;28/06/2023;0;0;53,750
PA;BR-230;1233,000;1234,000;1,000;28/06/2023;0;0;36,250
PA;BR-230;1234,000;1235,000;1,000;28/06/2023;0;0;43,750
PA;BR-230;1235,000;1236,000;1,000;28/06/2023;0;0;30,000
PA;BR-230;1236,000;1237,000;1,000;28/06/2023;0;0;20,000
PA;BR-230;1237,000;1238,000;1,000;28/06/2023;0;0;42,500
PA;BR-230;1238,000;1239,000;1,000;28/06/2023;0;0;50,000
PA;BR-230;1239,000;1240,000;1,000;28/06/2023;0;0;42,500
PA;BR-230;1240,000;1241,000;1,000;28/06/2023;0;0;37,500
PA;BR-230;1241,000;1242,000;1,000;28/06/2023;0;0;20,000
PA;BR-230;1242,000;1243,000;1,000;28/06/2023;0;0;35,000
PA;BR-230;1243,000;1244,000;1,000;28/06/2023;0;0;37,500
PA;BR-230;1244,000;1245,000;1,000;28/06/2023;0;0;35,000
PA;BR-230;1245,000;1246,000;1,000;28/06/2023;0;0;35,000
PA;BR-230;1246,000;1247,000;1,000;28/06/2023;0;0;17,500
PA;BR-230;1247,000;1248,000;1,000;28/06/2023;0;0;42,500
PA;BR-230;1248,000;1249,000;1,000;28/06/2023;0;0;35,000
PA;BR-230;1249,000;1250,000;1,000;28/06/2023;0;0;43,750
PA;BR-230;1250,000;1251,000;1,000;28/06/2023;0;0;50,000
PA;BR-230;1251,000;1252,000;1,000;28/06/2023;0;0;52,500
PA;BR-230;1252,000;1253,000;1,000;28/06/2023;0;0;42,500
PA;BR-230;1253,000;1254,000;1,000;28/06/2023;0;0;43,750
PA;BR-230;1254,000;1255,000;1,000;28/06/2023;0;0;45,000
PA;BR-230;1255,000;1256,000;1,000;28/06/2023;0;0;52,500
PA;BR-230;1256,000;1257,000;1,000;28/06/2023;0;0;52,500
PA;BR-230;1257,000;1258,000;1,000;28/06/2023;0;0;36,250
PA;BR-230;1258,000;1259,000;1,000;28/06/2023;0;0;30,000
PA;BR-230;1259,000;1260,000;1,000;28/06/2023;0;0;45,000
PA;BR-230;1260,000;1261,000;1,000;28/06/2023;0;0;22,500
PA;BR-230;1261,000;1262,000;1,000;28/06/2023;0;0;25,000
PA;BR-230;1262,000;1263,000;1,000;28/06/2023;0;0;37,500
PA;BR-230;1263,000;1264,000;1,000;28/06/2023;0;0;35,000
PA;BR-230;1264,000;1265,000;1,000;28/06/2023;0;0;50,000
PA;BR-230;1265,000;1266,000;1,000;28/06/2023;0;0;35,000
PA;BR-230;1266,000;1267,000;1,000;28/06/2023;0;0;36,250
PA;BR-230;1267,000;1268,000;1,000;28/06/2023;0;0;35,000
PA;BR-230;1268,000;1269,000;1,000;28/06/2023;0;0;17,500
PA;BR-230;1269,000;1270,000;1,000;28/06/2023;0;0;22,500
PA;BR-230;1270,000;1271,000;1,000;28/06/2023;0;0;2,500
PA;BR-230;1271,000;1272,000;1,000;28/06/2023;0;0;42,500
PA;BR-230;1272,000;1273,000;1,000;28/06/2023;0;0;52,500
PA;BR-230;1273,000;1274,000;1,000;28/06/2023;0;0;42,500
PA;BR-230;1274,000;1275,000;1,000;28/06/2023;0;0;35,000
PA;BR-230;1275,000;1276,000;1,000;28/06/2023;0;0;35,000
PA;BR-230;1276,000;1277,000;1,000;28/06/2023;0;0;22,500
PA;BR-230;1277,000;1278,000;1,000;28/06/2023;0;0;50,000
PA;BR-230;1278,000;1279,000;1,000;28/06/2023;0;0;50,000
PA;BR-230;1279,000;1280,000;1,000;28/06/2023;0;0;45,000
PA;BR-230;1280,000;1281,000;1,000;28/06/2023;0;0;42,500
PA;BR-230;1281,000;1282,000;1,000;28/06/2023;0;0;42,500
PA;BR-230;1282,000;1283,000;1,000;28/06/2023;0;0;30,000
PA;BR-230;1283,000;1284,000;1,000;28/06/2023;0;0;17,500
PA;BR-230;1284,000;1285,000;1,000;28/06/2023;0;0;22,500
PA;BR-230;1285,000;1286,000;1,000;28/06/2023;0;0;35,000
PA;BR-230;1286,000;1287,000;1,000;28/06/2023;0;0;30,000
PA;BR-230;1287,000;1288,000;1,000;28/06/2023;0;0;22,500
PA;BR-230;1288,000;1289,000;1,000;28/06/2023;0;0;50,000
PA;BR-230;1289,000;1290,000;1,000;28/06/2023;0;0;52,500
PA;BR-230;1290,000;1291,000;1,000;28/06/2023;0;0;42,500
PA;BR-230;1291,000;1292,000;1,000;28/06/2023;0;0;42,500
PA;BR-230;1292,000;1293,000;1,000;28/06/2023;0;0;30,000
PA;BR-230;1293,000;1294,000;1,000;28/06/2023;0;0;30,000
PA;BR-230;1294,000;1295,000;1,000;28/06/2023;0;0;35,000
PA;BR-230;1294,500;1295,000;0,500;28/06/2023;0;0;50,000
PA;BR-230;1295,000;1296,000;1,000;28/06/2023;0;0;51,250
PA;BR-230;1296,000;1297,000;1,000;28/06/2023;0;0;60,000
PA;BR-230;1297,000;1298,000;1,000;28/06/2023;0;0;60,000
PA;BR-230;1298,000;1299,000;1,000;28/06/2023;0;0;67,500
PA;BR-230;1299,000;1300,000;1,000;28/06/2023;0;0;70,000
PA;BR-230;1300,000;1301,000;1,000;28/06/2023;0;0;62,500
PA;BR-230;1301,000;1302,000;1,000;28/06/2023;0;0;70,000
PA;BR-230;1302,000;1303,000;1,000;28/06/2023;0;0;63,750
PA;BR-230;1303,000;1304,000;1,000;28/06/2023;0;0;56,250
PA;BR-230;1304,000;1305,000;1,000;28/06/2023;0;0;50,000
PA;BR-230;1305,000;1306,000;1,000;28/06/2023;0;0;56,250
PA;BR-230;1306,000;1307,000;1,000;28/06/2023;0;0;45,000
PA;BR-230;1307,000;1308,000;1,000;28/06/2023;0;0;58,750
PA;BR-230;1308,000;1309,000;1,000;28/06/2023;0;0;70,000
PA;BR-230;1309,000;1310,000;1,000;28/06/2023;0;0;56,250
PA;BR-230;1310,000;1311,000;1,000;28/06/2023;0;0;66,250
PA;BR-230;1311,000;1312,000;1,000;28/06/2023;0;0;50,000
PA;BR-230;1312,000;1313,000;1,000;28/06/2023;0;0;35,000
PA;BR-230;1313,000;1314,000;1,000;28/06/2023;0;0;52,500
PA;BR-230;1314,000;1315,000;1,000;28/06/2023;0;0;45,000
PA;BR-230;1315,000;1316,000;1,000;28/06/2023;0;0;37,500
PA;BR-230;1316,000;1317,000;1,000;28/06/2023;0;0;22,500
PA;BR-230;1317,000;1318,000;1,000;28/06/2023;0;0;37,500
PA;BR-230;1318,000;1319,000;1,000;28/06/2023;0;0;42,500
PA;BR-230;1319,000;1320,000;1,000;28/06/2023;0;0;43,750
PA;BR-230;1320,000;1321,000;1,000;28/06/2023;0;0;58,750
PA;BR-230;1321,000;1322,000;1,000;28/06/2023;0;0;63,750
PA;BR-230;1322,000;1323,000;1,000;28/06/2023;0;0;56,250
PA;BR-230;1323,000;1324,000;1,000;28/06/2023;0;0;43,750
PA;BR-230;1324,000;1325,000;1,000;28/06/2023;0;0;51,250
PA;BR-230;1325,000;1326,000;1,000;28/06/2023;0;0;35,000
PA;BR-230;1326,000;1327,000;1,000;28/06/2023;0;0;35,000
PA;BR-230;1327,000;1328,000;1,000;28/06/2023;0;0;30,000
PA;BR-230;1328,000;1329,000;1,000;28/06/2023;0;0;51,250
PA;BR-230;1329,000;1330,000;1,000;28/06/2023;0;0;30,000
PA;BR-230;1330,000;1331,000;1,000;28/06/2023;0;0;35,000
PA;BR-230;1331,000;1332,000;1,000;28/06/2023;0;0;35,000
PA;BR-230;1332,000;1333,000;1,000;28/06/2023;0;0;37,500
PA;BR-230;1333,000;1334,000;1,000;28/06/2023;0;0;42,500
PA;BR-230;1334,000;1335,000;1,000;28/06/2023;0;0;42,500
PA;BR-230;1335,000;1336,000;1,000;28/06/2023;0;0;56,250
PA;BR-230;1336,000;1337,000;1,000;28/06/2023;0;0;42,500
PA;BR-230;1337,000;1338,000;1,000;28/06/2023;0;0;48,750
PA;BR-230;1338,000;1339,000;1,000;28/06/2023;0;0;30,000
PA;BR-230;1339,000;1340,000;1,000;28/06/2023;0;0;35,000
PA;BR-230;1340,000;1341,000;1,000;28/06/2023;0;0;50,000
PA;BR-230;1341,000;1342,000;1,000;28/06/2023;0;0;60,000
PA;BR-230;1342,000;1343,000;1,000;28/06/2023;0;0;45,000
PA;BR-230;1343,000;1344,000;1,000;28/06/2023;0;0;37,500
PA;BR-230;1344,000;1345,000;1,000;28/06/2023;0;0;56,250
PA;BR-230;1345,000;1346,000;1,000;28/06/2023;0;0;67,500
PA;BR-230;1346,000;1347,000;1,000;28/06/2023;0;0;63,750
PA;BR-230;1347,000;1348,000;1,000;28/06/2023;0;0;15,000
PA;BR-230;1348,000;1349,000;1,000;28/06/2023;0;0;27,500
PA;BR-230;1349,000;1350,000;1,000;28/06/2023;0;0;35,000
PA;BR-230;1350,000;1351,000;1,000;28/06/2023;0;0;22,500
PA;BR-230;1351,000;1352,000;1,000;28/06/2023;0;0;42,500
PA;BR-230;1352,000;1353,000;1,000;28/06/2023;0;0;45,000
PA;BR-230;1353,000;1354,000;1,000;28/06/2023;0;0;36,250
PA;BR-230;1354,000;1355,000;1,000;28/06/2023;0;0;37,500
PA;BR-230;1355,000;1356,000;1,000;28/06/2023;0;0;7,500
PA;BR-230;1356,000;1357,000;1,000;28/06/2023;0;0;37,500
PA;BR-230;1357,000;1358,000;1,000;28/06/2023;0;0;30,000
PA;BR-230;1358,000;1359,000;1,000;28/06/2023;0;0;35,000
PA;BR-230;1359,000;1360,000;1,000;28/06/2023;0;0;35,000
PA;BR-230;1360,000;1361,000;1,000;28/06/2023;0;0;7,500
PA;BR-230;1361,000;1362,000;1,000;28/06/2023;0;0;7,500
PA;BR-230;1362,000;1363,000;1,000;28/06/2023;0;0;10,000
PA;BR-230;1363,000;1364,000;1,000;28/06/2023;0;0;7,500
PA;BR-230;1364,000;1365,000;1,000;28/06/2023;0;0;10,000
PA;BR-230;1365,000;1366,000;1,000;28/06/2023;0;0;50,000
PA;BR-230;1366,000;1367,000;1,000;28/06/2023;0;0;35,000
PA;BR-230;1367,000;1368,000;1,000;28/06/2023;0;0;37,500
PA;BR-230;1368,000;1369,000;1,000;28/06/2023;0;0;37,500
PA;BR-230;1369,000;1370,000;1,000;28/06/2023;0;0;7,500
PA;BR-230;1370,000;1371,000;1,000;28/06/2023;0;0;2,500
PA;BR-230;1371,000;1372,000;1,000;28/06/2023;0;0;35,000
PA;BR-230;1372,000;1373,000;1,000;28/06/2023;0;0;20,000
PA;BR-230;1373,000;1374,000;1,000;28/06/2023;0;0;7,500
PA;BR-230;1374,000;1375,000;1,000;28/06/2023;0;0;35,000
PA;BR-230;1375,000;1376,000;1,000;28/06/2023;0;0;37,500
PA;BR-230;1376,000;1377,000;1,000;28/06/2023;0;0;22,500
PA;BR-230;1377,000;1378,000;1,000;28/06/2023;0;0;17,500
PA;BR-230;1378,000;1379,000;1,000;28/06/2023;0;0;30,000
PA;BR-230;1379,000;1380,000;1,000;28/06/2023;0;0;7,500
PA;BR-230;1380,000;1381,000;1,000;28/06/2023;0;0;37,500
PA;BR-230;1381,000;1382,000;1,000;28/06/2023;0;0;17,500
PA;BR-230;1382,000;1383,000;1,000;28/06/2023;0;0;25,000
PA;BR-230;1383,000;1384,000;1,000;28/06/2023;0;0;2,500
PA;BR-230;1384,000;1385,000;1,000;28/06/2023;0;0;7,500
PA;BR-230;1385,000;1386,000;1,000;28/06/2023;0;0;25,000
PA;BR-230;1386,000;1387,000;1,000;28/06/2023;0;0;32,500
PA;BR-230;1387,000;1388,000;1,000;28/06/2023;0;0;45,000
PA;BR-230;1388,000;1389,000;1,000;28/06/2023;0;0;35,000
PA;BR-230;1389,000;1390,000;1,000;28/06/2023;0;0;17,500
PA;BR-230;1390,000;1391,000;1,000;28/06/2023;0;0;36,250
PA;BR-230;1391,000;1392,000;1,000;28/06/2023;0;0;35,000
PA;BR-230;1392,000;1393,000;1,000;28/06/2023;0;0;7,500
PA;BR-230;1393,000;1394,000;1,000;28/06/2023;0;0;7,500
PA;BR-230;1394,000;1395,000;1,000;28/06/2023;0;0;30,000
PA;BR-230;1395,000;1396,000;1,000;28/06/2023;0;0;10,000
PA;BR-230;1396,000;1397,000;1,000;28/06/2023;0;0;17,500
PA;BR-230;1397,000;1398,000;1,000;28/06/2023;0;0;17,500
PA;BR-230;1398,000;1399,000;1,000;28/06/2023;0;0;35,000
PA;BR-230;1399,000;1400,000;1,000;28/06/2023;0;0;25,000
PA;BR-230;1400,000;1401,000;1,000;28/06/2023;0;0;42,500
PA;BR-230;1401,000;1402,000;1,000;28/06/2023;0;0;35,000
PA;BR-230;1402,000;1403,000;1,000;28/06/2023;0;0;8,750
PA;BR-230;1403,000;1404,000;1,000;28/06/2023;0;0;11,250
PA;BR-230;1404,000;1405,000;1,000;28/06/2023;0;0;36,250
PA;BR-230;1405,000;1406,000;1,000;28/06/2023;0;0;37,500
PA;BR-230;1406,000;1407,000;1,000;28/06/2023;0;0;35,000
PA;BR-230;1407,000;1408,000;1,000;28/06/2023;0;0;35,000
PA;BR-230;1408,000;1409,000;1,000;28/06/2023;0;0;8,750
PA;BR-230;1409,000;1410,000;1,000;28/06/2023;0;0;8,750
PA;BR-230;1410,000;1411,000;1,000;28/06/2023;0;0;30,000
PA;BR-230;1411,000;1412,000;1,000;28/06/2023;0;0;8,750
PA;BR-230;1412,000;1413,000;1,000;28/06/2023;0;0;30,000
PA;BR-230;1413,000;1414,000;1,000;28/06/2023;0;0;30,000
PA;BR-230;1414,000;1415,000;1,000;28/06/2023;0;0;17,500
PA;BR-230;1415,000;1416,000;1,000;28/06/2023;0;0;8,750
PA;BR-230;1416,000;1417,000;1,000;28/06/2023;0;0;20,000
PA;BR-230;1417,000;1418,000;1,000;28/06/2023;0;0;37,500
PA;BR-230;1418,000;1419,000;1,000;28/06/2023;0;0;7,500
PA;BR-230;1419,000;1420,000;1,000;28/06/2023;0;0;10,000
PA;BR-230;1420,000;1421,000;1,000;28/06/2023;0;0;35,000
PA;BR-230;1421,000;1422,000;1,000;28/06/2023;0;0;7,500
PA;BR-230;1422,000;1423,000;1,000;28/06/2023;0;0;15,000
PA;BR-230;1423,000;1424,000;1,000;28/06/2023;0;0;7,500
PA;BR-230;1424,000;1425,000;1,000;28/06/2023;0;0;2,500
PA;BR-230;1425,000;1426,000;1,000;28/06/2023;0;0;10,000
PA;BR-230;1426,000;1427,000;1,000;28/06/2023;0;0;8,750
PA;BR-230;1427,000;1428,000;1,000;28/06/2023;0;0;10,000
PA;BR-230;1428,000;1429,000;1,000;28/06/2023;0;0;25,000
PA;BR-230;1429,000;1430,000;1,000;28/06/2023;0;0;11,250
PA;BR-230;1430,000;1431,000;1,000;28/06/2023;0;0;7,500
PA;BR-230;1431,000;1432,000;1,000;28/06/2023;0;0;25,000
PA;BR-230;1432,000;1433,000;1,000;28/06/2023;0;0;10,000
PA;BR-230;1433,000;1434,000;1,000;28/06/2023;0;0;2,500
PA;BR-230;1434,000;1435,000;1,000;28/06/2023;0;0;2,500
PA;BR-230;1434,300;1435,000;0,700;28/06/2023;0;0;30,000
PA;BR-230;1435,000;1436,000;1,000;28/06/2023;0;0;35,000
PA;BR-230;1436,000;1437,000;1,000;28/06/2023;0;0;50,000
PA;BR-230;1437,000;1438,000;1,000;28/06/2023;0;0;42,500
PA;BR-230;1438,000;1439,000;1,000;28/06/2023;0;0;45,000
PA;BR-230;1439,000;1440,000;1,000;28/06/2023;0;0;52,500
PA;BR-230;1440,000;1441,000;1,000;28/06/2023;0;0;63,750
PA;BR-230;1441,000;1442,000;1,000;28/06/2023;0;0;67,500
PA;BR-230;1442,000;1443,000;1,000;28/06/2023;0;0;58,750
PA;BR-230;1443,000;1444,000;1,000;28/06/2023;0;0;53,750
PA;BR-230;1444,000;1445,000;1,000;28/06/2023;0;0;56,250
PA;BR-230;1445,000;1446,000;1,000;28/06/2023;0;0;42,500
PA;BR-230;1446,000;1447,000;1,000;28/06/2023;0;0;42,500
PA;BR-230;1447,000;1448,000;1,000;28/06/2023;0;0;45,000
PA;BR-230;1448,000;1449,000;1,000;28/06/2023;0;0;58,750
PA;BR-230;1449,000;1450,000;1,000;28/06/2023;0;0;37,500
PA;BR-230;1450,000;1451,000;1,000;28/06/2023;0;0;42,500
PA;BR-230;1451,000;1452,000;1,000;28/06/2023;0;0;37,500
PA;BR-230;1452,000;1453,000;1,000;28/06/2023;0;0;35,000
PA;BR-230;1453,000;1454,000;1,000;28/06/2023;0;0;11,250
PA;BR-230;1454,000;1455,000;1,000;28/06/2023;0;0;37,500
PA;BR-230;1455,000;1456,000;1,000;28/06/2023;0;0;2,500
PA;BR-230;1456,000;1457,000;1,000;28/06/2023;0;0;50,000
PA;BR-230;1457,000;1458,000;1,000;28/06/2023;0;0;37,500
PA;BR-230;1458,000;1459,000;1,000;28/06/2023;0;0;42,500
PA;BR-230;1459,000;1460,000;1,000;28/06/2023;0;0;55,000
PA;BR-230;1460,000;1461,000;1,000;28/06/2023;0;0;30,000
PA;BR-230;1461,000;1462,000;1,000;28/06/2023;0;0;31,250
PA;BR-230;1462,000;1463,000;1,000;28/06/2023;0;0;36,250
PA;BR-230;1463,000;1464,000;1,000;28/06/2023;0;0;35,000
PA;BR-230;1464,000;1465,000;1,000;28/06/2023;0;0;30,000
PA;BR-230;1465,000;1466,000;1,000;28/06/2023;0;0;7,500
PA;BR-230;1466,000;1467,000;1,000;28/06/2023;0;0;7,500
PA;BR-230;1467,000;1468,000;1,000;28/06/2023;0;0;35,000
PA;BR-230;1468,000;1469,000;1,000;28/06/2023;0;0;7,500
PA;BR-230;1469,000;1470,000;1,000;28/06/2023;0;0;37,500
PA;BR-230;1470,000;1471,000;1,000;28/06/2023;0;0;8,750
PA;BR-230;1471,000;1472,000;1,000;28/06/2023;0;0;8,750
PA;BR-230;1472,000;1473,000;1,000;28/06/2023;0;0;17,500
PA;BR-230;1473,000;1474,000;1,000;28/06/2023;0;0;26,250
PA;BR-230;1474,000;1475,000;1,000;28/06/2023;0;0;36,250
PA;BR-230;1475,000;1476,000;1,000;28/06/2023;0;0;42,500
PA;BR-230;1476,000;1477,000;1,000;28/06/2023;0;0;30,000
PA;BR-230;1477,000;1478,000;1,000;28/06/2023;0;0;35,000
PA;BR-230;1478,000;1479,000;1,000;28/06/2023;0;0;42,500
PA;BR-230;1479,000;1480,000;1,000;28/06/2023;0;0;42,500
PA;BR-230;1480,000;1481,000;1,000;28/06/2023;0;0;45,000
PA;BR-230;1481,000;1482,000;1,000;28/06/2023;0;0;46,250
PA;BR-230;1482,000;1483,000;1,000;28/06/2023;0;0;43,750
PA;BR-230;1483,000;1484,000;1,000;28/06/2023;0;0;63,750
PA;BR-230;1484,000;1485,000;1,000;28/06/2023;0;0;52,500
PA;BR-230;1485,000;1486,000;1,000;28/06/2023;0;0;46,250
PA;BR-230;1486,000;1487,000;1,000;28/06/2023;0;0;37,500
PA;BR-230;1487,000;1488,000;1,000;28/06/2023;0;0;37,500
PA;BR-230;1488,000;1489,000;1,000;28/06/2023;0;0;38,750
PA;BR-230;1489,000;1490,000;1,000;28/06/2023;0;0;37,500
PA;BR-230;1490,000;1491,000;1,000;28/06/2023;0;0;38,750
PA;BR-230;1491,000;1492,000;1,000;28/06/2023;0;0;31,250
PA;BR-230;1492,000;1493,000;1,000;28/06/2023;0;0;38,750
PA;BR-230;1493,000;1494,000;1,000;28/06/2023;0;0;16,250
PA;BR-230;1494,000;1495,000;1,000;28/06/2023;0;0;31,250
PA;BR-230;1495,000;1496,000;1,000;28/06/2023;0;0;38,750
PA;BR-230;1496,000;1497,000;1,000;28/06/2023;0;0;8,750
PA;BR-230;1497,000;1498,000;1,000;28/06/2023;0;0;43,750
PA;BR-230;1498,000;1499,000;1,000;28/06/2023;0;0;30,000
PA;BR-230;1499,000;1500,000;1,000;28/06/2023;0;0;36,250
PA;BR-230;1500,000;1501,000;1,000;28/06/2023;0;0;35,000
PA;BR-230;1501,000;1502,000;1,000;28/06/2023;0;0;30,000
PA;BR-230;1502,000;1503,000;1,000;28/06/2023;0;0;37,500
PA;BR-230;1503,000;1504,000;1,000;28/06/2023;0;0;25,000
PA;BR-230;1504,000;1505,000;1,000;28/06/2023;0;0;60,000
PA;BR-230;1505,000;1506,000;1,000;28/06/2023;0;0;50,000
PA;BR-230;1506,000;1507,000;1,000;28/06/2023;0;0;38,750
PA;BR-230;1507,000;1508,000;1,000;28/06/2023;0;0;36,250
PA;BR-230;1508,000;1509,000;1,000;28/06/2023;0;0;2,500
PA;BR-230;1509,000;1510,000;1,000;28/06/2023;0;0;43,750
PA;BR-230;1510,000;1511,000;1,000;28/06/2023;0;0;60,000
PA;BR-230;1511,000;1512,000;1,000;28/06/2023;0;0;43,750
PA;BR-230;1512,000;1513,000;1,000;28/06/2023;0;0;8,750
PA;BR-230;1513,000;1514,000;1,000;28/06/2023;0;0;38,750
PA;BR-230;1514,000;1515,000;1,000;28/06/2023;0;0;31,250
PA;BR-230;1515,000;1516,000;1,000;28/06/2023;0;0;51,250
PA;BR-230;1516,000;1517,000;1,000;28/06/2023;0;0;10,000
PA;BR-230;1517,000;1518,000;1,000;28/06/2023;0;0;40,000
PA;BR-230;1518,000;1519,000;1,000;28/06/2023;0;0;40,000
PA;BR-230;1519,000;1520,000;1,000;28/06/2023;0;0;37,500
PA;BR-230;1520,000;1521,000;1,000;28/06/2023;0;0;25,000
PA;BR-230;1521,000;1522,000;1,000;28/06/2023;0;0;47,500
PA;BR-230;1522,000;1523,000;1,000;28/06/2023;0;0;36,250
PA;BR-230;1523,000;1524,000;1,000;28/06/2023;0;0;43,750
PA;BR-230;1524,000;1525,000;1,000;28/06/2023;0;0;8,750
PA;BR-230;1525,000;1526,000;1,000;28/06/2023;0;0;45,000
PA;BR-230;1526,000;1527,000;1,000;28/06/2023;0;0;35,000
PA;BR-230;1527,000;1528,000;1,000;28/06/2023;0;0;47,500
PA;BR-230;1528,000;1529,000;1,000;28/06/2023;0;0;62,500
PA;BR-230;1529,000;1530,000;1,000;28/06/2023;0;0;43,750
PA;BR-230;1530,000;1531,000;1,000;28/06/2023;0;0;50,000
PA;BR-230;1531,000;1532,000;1,000;28/06/2023;0;0;43,750
PA;BR-230;1532,000;1533,000;1,000;28/06/2023;0;0;28,750
PA;BR-230;1533,000;1534,000;1,000;28/06/2023;0;0;38,750
PA;BR-230;1534,000;1535,000;1,000;28/06/2023;0;0;38,750
PA;BR-230;1535,000;1536,000;1,000;28/06/2023;0;0;43,750
PA;BR-230;1536,000;1537,000;1,000;28/06/2023;0;0;47,500
PA;BR-230;1537,000;1538,000;1,000;28/06/2023;0;0;3,750
PA;BR-230;1538,000;1539,000;1,000;28/06/2023;0;0;38,750
PA;BR-230;1539,000;1540,000;1,000;28/06/2023;0;0;3,750
PA;BR-230;1540,000;1541,000;1,000;28/06/2023;0;0;8,750
PA;BR-230;1541,000;1542,000;1,000;28/06/2023;0;0;3,750
PA;BR-230;1542,000;1543,000;1,000;28/06/2023;0;0;12,500
PA;BR-230;1543,000;1544,000;1,000;28/06/2023;0;0;16,250
PA;BR-230;1544,000;1545,000;1,000;28/06/2023;0;0;16,250
PA;BR-230;1545,000;1546,000;1,000;28/06/2023;0;0;23,750
PA;BR-230;1546,000;1547,000;1,000;28/06/2023;0;0;11,250
PA;BR-230;1547,000;1548,000;1,000;28/06/2023;0;0;12,500
PA;BR-230;1548,000;1549,000;1,000;28/06/2023;0;0;38,750
PA;BR-230;1549,000;1550,000;1,000;28/06/2023;0;0;16,250
PA;BR-230;1550,000;1551,000;1,000;28/06/2023;0;0;10,000
PA;BR-230;1551,000;1552,000;1,000;28/06/2023;0;0;16,250
PA;BR-230;1552,000;1553,000;1,000;28/06/2023;0;0;8,750
PA;BR-230;1553,000;1554,000;1,000;28/06/2023;0;0;11,250
PA;BR-230;1554,000;1555,000;1,000;28/06/2023;0;0;18,750
PA;BR-230;1555,000;1556,000;1,000;28/06/2023;0;0;26,250
PA;BR-230;1556,000;1557,000;1,000;28/06/2023;0;0;7,500
PA;BR-230;1557,000;1558,000;1,000;28/06/2023;0;0;43,750
PA;BR-230;1558,000;1559,000;1,000;28/06/2023;0;0;43,750
PA;BR-230;1559,000;1560,000;1,000;28/06/2023;0;0;12,500
PA;BR-230;1560,000;1561,000;1,000;28/06/2023;0;0;43,750
PA;BR-230;1561,000;1562,000;1,000;28/06/2023;0;0;40,000
PA;BR-230;1562,000;1563,000;1,000;28/06/2023;0;0;43,750
PA;BR-230;1563,000;1564,000;1,000;28/06/2023;0;0;40,000
PA;BR-230;1564,000;1565,000;1,000;28/06/2023;0;0;16,250
PA;BR-230;1565,000;1566,000;1,000;28/06/2023;0;0;32,500
PA;BR-230;1566,000;1567,000;1,000;28/06/2023;0;0;31,250
PA;BR-230;1567,000;1568,000;1,000;28/06/2023;0;0;38,750
PA;BR-230;1568,000;1569,000;1,000;28/06/2023;0;0;3,750
PA;BR-230;1569,000;1570,000;1,000;28/06/2023;0;0;8,750
PA;BR-230;1570,000;1571,000;1,000;28/06/2023;0;0;17,500
PA;BR-230;1571,000;1572,000;1,000;28/06/2023;0;0;40,000
PA;BR-230;1572,000;1573,000;1,000;28/06/2023;0;0;37,500
PA;BR-230;1573,000;1574,000;1,000;28/06/2023;0;0;43,750
PA;BR-230;1574,000;1575,000;1,000;28/06/2023;0;0;43,750
PA;BR-230;1575,000;1576,000;1,000;28/06/2023;0;0;43,750
PA;BR-230;1576,000;1577,000;1,000;28/06/2023;0;0;43,750
PA;BR-230;1577,000;1578,000;1,000;28/06/2023;0;0;40,000
PA;BR-230;1578,000;1579,000;1,000;28/06/2023;0;0;40,000
PA;BR-230;1579,000;1580,000;1,000;28/06/2023;0;0;26,250
PA;BR-230;1580,000;1581,000;1,000;28/06/2023;0;0;53,750
PA;BR-230;1581,000;1582,000;1,000;28/06/2023;0;0;46,250
PA;BR-230;1582,000;1583,000;1,000;28/06/2023;0;0;43,750
PA;BR-230;1583,000;1584,000;1,000;28/06/2023;0;0;37,500
PA;BR-230;1584,000;1585,000;1,000;28/06/2023;0;0;36,250
PA;BR-230;1585,000;1586,000;1,000;28/06/2023;0;0;37,500
PA;BR-230;1586,000;1587,000;1,000;28/06/2023;0;0;53,750
PA;BR-230;1587,000;1588,000;1,000;28/06/2023;0;0;53,750
PA;BR-230;1588,000;1589,000;1,000;28/06/2023;0;0;43,750
PA;BR-230;1589,000;1590,000;1,000;28/06/2023;0;0;43,750
PA;BR-230;1590,000;1591,000;1,000;28/06/2023;0;0;36,250
PA;BR-230;1591,000;1592,000;1,000;28/06/2023;0;0;36,250
MS;BR-419;64,000;65,000;1,000;28/06/2023;-19,353477;-54,994971;36,250
MS;BR-419;65,000;66,000;1,000;28/06/2023;-19,353477;-54,994971;36,250
MS;BR-419;66,000;67,000;1,000;28/06/2023;-19,353477;-54,994971;36,250
MS;BR-419;67,000;68,000;1,000;28/06/2023;-19,353477;-54,994971;36,250
MS;BR-419;68,000;69,000;1,000;28/06/2023;-19,353477;-54,994971;22,500
MS;BR-419;69,000;70,000;1,000;28/06/2023;-19,353477;-54,994971;36,250
MS;BR-419;70,000;71,000;1,000;28/06/2023;-19,353477;-54,994971;23,750
MS;BR-419;71,000;72,000;1,000;28/06/2023;-19,353477;-54,994971;36,250
MS;BR-419;72,000;73,000;1,000;28/06/2023;-19,353477;-54,994971;35,000
MS;BR-419;73,000;74,000;1,000;28/06/2023;-19,353477;-54,994971;31,250
MS;BR-419;74,000;75,000;1,000;28/06/2023;-19,353477;-54,994971;43,750
MS;BR-419;75,000;76,000;1,000;28/06/2023;-19,353477;-54,994971;31,250
MS;BR-419;76,000;77,000;1,000;28/06/2023;-19,353477;-54,994971;38,750
MS;BR-419;77,000;78,000;1,000;28/06/2023;-19,353477;-54,994971;37,500
MS;BR-419;78,000;79,000;1,000;28/06/2023;-19,353477;-54,994971;52,500
MS;BR-419;79,000;80,000;1,000;28/06/2023;-19,353477;-54,994971;37,500
MS;BR-419;80,000;81,000;1,000;28/06/2023;-19,353477;-54,994971;37,500
MS;BR-419;81,000;82,000;1,000;28/06/2023;-19,353477;-54,994971;37,500
MS;BR-419;82,000;83,000;1,000;28/06/2023;-19,353477;-54,994971;45,000
MS;BR-419;83,000;84,000;1,000;28/06/2023;-19,353477;-54,994971;45,000
MS;BR-419;84,000;85,000;1,000;28/06/2023;-19,353477;-54,994971;48,750
MS;BR-419;85,000;86,000;1,000;28/06/2023;-19,353477;-54,994971;45,000
MS;BR-419;86,000;87,000;1,000;28/06/2023;-19,353477;-54,994971;45,000
MS;BR-419;87,000;88,000;1,000;28/06/2023;-19,353477;-54,994971;45,000
MS;BR-419;88,000;89,000;1,000;28/06/2023;-19,353477;-54,994971;45,000
MS;BR-419;89,000;90,000;1,000;28/06/2023;-19,353477;-54,994971;37,500
MS;BR-419;90,000;91,000;1,000;28/06/2023;-19,353477;-54,994971;37,500
MS;BR-419;91,000;92,000;1,000;28/06/2023;-19,353477;-54,994971;37,500
MS;BR-419;92,000;93,000;1,000;28/06/2023;-19,353477;-54,994971;37,500
MS;BR-419;93,000;94,000;1,000;28/06/2023;-19,353477;-54,994971;27,500
MS;BR-419;94,000;95,000;1,000;28/06/2023;-19,353477;-54,994971;36,250
MS;BR-419;95,000;96,000;1,000;28/06/2023;-19,353477;-54,994971;55,000
MS;BR-419;96,000;97,000;1,000;28/06/2023;-19,353477;-54,994971;52,500
MS;BR-419;97,000;98,000;1,000;28/06/2023;-19,353477;-54,994971;25,000
MS;BR-419;98,000;99,000;1,000;28/06/2023;-19,353477;-54,994971;37,500
MS;BR-419;99,000;100,000;1,000;28/06/2023;-19,353477;-54,994971;37,500
MS;BR-419;100,000;101,000;1,000;28/06/2023;-19,353477;-54,994971;56,250
MS;BR-419;101,000;102,000;1,000;28/06/2023;-19,353477;-54,994971;37,500
MS;BR-419;102,000;103,000;1,000;28/06/2023;-19,353477;-54,994971;37,500
MS;BR-419;103,000;104,000;1,000;28/06/2023;-19,353477;-54,994971;56,250
MS;BR-419;104,000;105,000;1,000;28/06/2023;-19,353477;-54,994971;56,250
MS;BR-419;105,000;106,000;1,000;28/06/2023;-19,353477;-54,994971;60,000
MS;BR-419;106,000;107,000;1,000;28/06/2023;-19,353477;-54,994971;63,750
MS;BR-419;107,000;108,000;1,000;28/06/2023;-19,353477;-54,994971;52,500
MS;BR-419;108,000;109,000;1,000;28/06/2023;-19,353477;-54,994971;37,500
MS;BR-419;109,000;110,000;1,000;28/06/2023;-19,353477;-54,994971;37,500
MS;BR-419;110,000;111,000;1,000;28/06/2023;-19,353477;-54,994971;48,750
MS;BR-419;111,000;112,000;1,000;28/06/2023;-19,353477;-54,994971;48,750
MS;BR-419;112,000;113,000;1,000;28/06/2023;-19,353477;-54,994971;47,500
MS;BR-419;113,000;114,000;1,000;28/06/2023;-19,353477;-54,994971;37,500
MS;BR-419;114,000;115,000;1,000;28/06/2023;-19,353477;-54,994971;37,500
MS;BR-419;115,000;116,000;1,000;28/06/2023;-19,353477;-54,994971;56,250
MS;BR-419;116,000;117,000;1,000;28/06/2023;-19,353477;-54,994971;37,500
MS;BR-419;117,000;118,000;1,000;28/06/2023;-19,353477;-54,994971;37,500
MS;BR-419;118,000;119,000;1,000;28/06/2023;-19,353477;-54,994971;37,500
MS;BR-419;119,000;120,000;1,000;28/06/2023;-19,353477;-54,994971;37,500
MS;BR-419;120,000;121,000;1,000;28/06/2023;-19,353477;-54,994971;37,500
MS;BR-419;121,000;122,000;1,000;28/06/2023;-19,353477;-54,994971;37,500
MS;BR-419;122,000;123,000;1,000;28/06/2023;-19,353477;-54,994971;52,500
MS;BR-419;123,000;124,000;1,000;28/06/2023;-19,353477;-54,994971;37,500
MS;BR-419;124,000;125,000;1,000;28/06/2023;-19,353477;-54,994971;37,500
MS;BR-419;125,000;126,000;1,000;28/06/2023;-19,353477;-54,994971;37,500
MS;BR-419;126,000;127,000;1,000;28/06/2023;-19,353477;-54,994971;37,500
MS;BR-419;127,000;128,000;1,000;28/06/2023;-19,353477;-54,994971;37,500
MS;BR-419;128,000;129,000;1,000;28/06/2023;-19,353477;-54,994971;37,500
MS;BR-419;129,000;130,000;1,000;28/06/2023;-19,353477;-54,994971;37,500
MS;BR-419;130,000;131,000;1,000;28/06/2023;-19,353477;-54,994971;52,500
MS;BR-419;131,000;132,000;1,000;28/06/2023;-19,353477;-54,994971;37,500
MS;BR-419;132,000;133,000;1,000;28/06/2023;-19,353477;-54,994971;37,500
MS;BR-419;133,000;134,000;1,000;28/06/2023;-19,353477;-54,994971;37,500
MS;BR-419;134,000;135,000;1,000;28/06/2023;-19,353477;-54,994971;37,500
MS;BR-419;135,000;136,000;1,000;28/06/2023;-19,353477;-54,994971;37,500
MS;BR-419;136,000;137,000;1,000;28/06/2023;-19,353477;-54,994971;37,500
MS;BR-419;137,000;138,000;1,000;28/06/2023;-19,353477;-54,994971;37,500
MS;BR-419;137,300;138,000;0,700;28/06/2023;-19,353477;-54,994971;37,500
MS;BR-419;138,000;139,000;1,000;28/06/2023;-19,353477;-54,994971;37,500
MS;BR-419;139,000;140,000;1,000;28/06/2023;-19,353477;-54,994971;37,500
MS;BR-419;140,000;141,000;1,000;28/06/2023;-19,353477;-54,994971;37,500
MS;BR-419;141,000;142,000;1,000;28/06/2023;-19,353477;-54,994971;37,500
MS;BR-419;142,000;143,000;1,000;28/06/2023;-19,353477;-54,994971;37,500
MS;BR-419;143,000;144,000;1,000;28/06/2023;-19,353477;-54,994971;37,500
MS;BR-419;144,000;145,000;1,000;28/06/2023;-19,353477;-54,994971;25,000
MS;BR-419;145,000;146,000;1,000;28/06/2023;-19,353477;-54,994971;25,000
MS;BR-419;146,000;147,000;1,000;28/06/2023;-19,353477;-54,994971;25,000
MS;BR-419;147,000;148,000;1,000;28/06/2023;-19,353477;-54,994971;25,000
MS;BR-419;148,000;149,000;1,000;28/06/2023;-19,353477;-54,994971;25,000
MS;BR-419;149,000;150,000;1,000;28/06/2023;-19,353477;-54,994971;25,000
MS;BR-419;150,000;151,000;1,000;28/06/2023;-19,353477;-54,994971;37,500
MS;BR-419;151,000;152,000;1,000;28/06/2023;-19,353477;-54,994971;25,000
MS;BR-419;152,000;153,000;1,000;28/06/2023;-19,353477;-54,994971;25,000
MS;BR-419;153,000;154,000;1,000;28/06/2023;-19,353477;-54,994971;25,000
MS;BR-419;154,000;155,000;1,000;28/06/2023;-19,353477;-54,994971;25,000
MS;BR-419;155,000;156,000;1,000;28/06/2023;-19,353477;-54,994971;25,000
MS;BR-419;156,000;157,000;1,000;28/06/2023;-19,353477;-54,994971;25,000
MS;BR-419;157,000;158,000;1,000;28/06/2023;-19,353477;-54,994971;32,500
MS;BR-419;158,000;159,000;1,000;28/06/2023;-19,353477;-54,994971;25,000
MS;BR-419;159,000;160,000;1,000;28/06/2023;-19,353477;-54,994971;25,000
MS;BR-419;160,000;161,000;1,000;28/06/2023;-19,353477;-54,994971;25,000
MS;BR-419;161,000;162,000;1,000;28/06/2023;-19,353477;-54,994971;25,000
MS;BR-419;162,000;163,000;1,000;28/06/2023;-19,353477;-54,994971;25,000
MS;BR-419;163,000;164,000;1,000;28/06/2023;-19,353477;-54,994971;25,000
MS;BR-419;164,000;165,000;1,000;28/06/2023;-19,353477;-54,994971;25,000
MS;BR-419;165,000;166,000;1,000;28/06/2023;-19,353477;-54,994971;25,000
MS;BR-419;166,000;167,000;1,000;28/06/2023;-19,353477;-54,994971;25,000
MS;BR-419;167,000;168,000;1,000;28/06/2023;-19,353477;-54,994971;27,500
MS;BR-419;168,000;169,000;1,000;28/06/2023;-19,353477;-54,994971;25,000
MS;BR-419;169,000;170,000;1,000;28/06/2023;-19,353477;-54,994971;25,000
MS;BR-419;170,000;171,000;1,000;28/06/2023;-19,353477;-54,994971;25,000
MS;BR-419;171,000;172,000;1,000;28/06/2023;-19,353477;-54,994971;25,000
MS;BR-419;172,000;173,000;1,000;28/06/2023;-19,353477;-54,994971;25,000
MS;BR-419;173,000;174,000;1,000;28/06/2023;-19,353477;-54,994971;27,500
MS;BR-419;174,000;175,000;1,000;28/06/2023;-19,353477;-54,994971;25,000
MS;BR-419;175,000;176,000;1,000;28/06/2023;-19,353477;-54,994971;25,000
MS;BR-419;176,000;177,000;1,000;28/06/2023;-19,353477;-54,994971;25,000
MS;BR-419;177,000;178,000;1,000;28/06/2023;-19,353477;-54,994971;25,000
MS;BR-419;178,000;179,000;1,000;28/06/2023;-19,353477;-54,994971;25,000
MS;BR-419;179,000;180,000;1,000;28/06/2023;-19,353477;-54,994971;25,000
MS;BR-419;180,000;181,000;1,000;28/06/2023;-19,353477;-54,994971;25,000
MS;BR-419;181,000;182,000;1,000;28/06/2023;-19,353477;-54,994971;25,000
MS;BR-419;182,000;183,000;1,000;28/06/2023;-19,353477;-54,994971;25,000
MS;BR-419;183,000;184,000;1,000;28/06/2023;-19,353477;-54,994971;25,000
MS;BR-419;184,000;185,000;1,000;28/06/2023;-19,353477;-54,994971;25,000
MS;BR-419;185,000;186,000;1,000;28/06/2023;-19,353477;-54,994971;25,000
MS;BR-419;186,000;187,000;1,000;28/06/2023;-19,353477;-54,994971;27,500
MS;BR-419;187,000;188,000;1,000;28/06/2023;-19,353477;-54,994971;25,000
MS;BR-419;188,000;189,000;1,000;28/06/2023;-19,353477;-54,994971;25,000
MS;BR-419;189,000;190,000;1,000;28/06/2023;-19,353477;-54,994971;27,500
MS;BR-419;190,000;191,000;1,000;28/06/2023;-19,353477;-54,994971;25,000
MS;BR-419;191,000;192,000;1,000;28/06/2023;-19,353477;-54,994971;25,000
MS;BR-419;192,000;193,000;1,000;28/06/2023;-19,353477;-54,994971;25,000
MS;BR-419;193,000;194,000;1,000;28/06/2023;-19,353477;-54,994971;25,000
MS;BR-419;194,000;195,000;1,000;28/06/2023;-19,353477;-54,994971;25,000
MS;BR-419;195,000;196,000;1,000;28/06/2023;-19,353477;-54,994971;25,000
MS;BR-419;196,000;197,000;1,000;28/06/2023;-19,353477;-54,994971;25,000
MS;BR-419;197,000;198,000;1,000;28/06/2023;-19,353477;-54,994971;25,000
MS;BR-419;198,000;199,000;1,000;28/06/2023;-19,353477;-54,994971;25,000
MS;BR-419;199,000;200,000;1,000;28/06/2023;-19,353477;-54,994971;25,000
MS;BR-419;200,000;201,000;1,000;28/06/2023;-19,353477;-54,994971;25,000
MS;BR-419;201,000;202,000;1,000;28/06/2023;-19,353477;-54,994971;25,000
MG;BR-352;167,000;166,000;1,000;30/06/2023;0;0;63,750
MG;BR-352;166,000;165,000;1,000;30/06/2023;0;0;36,250
MG;BR-352;165,000;164,000;1,000;30/06/2023;0;0;36,250
MG;BR-352;164,000;163,000;1,000;30/06/2023;0;0;36,250
MG;BR-352;163,000;162,000;1,000;30/06/2023;0;0;58,750
MG;BR-352;162,000;161,000;1,000;30/06/2023;0;0;46,250
MG;BR-352;161,000;160,000;1,000;30/06/2023;0;0;58,750
MG;BR-352;160,000;159,000;1,000;30/06/2023;0;0;36,250
MG;BR-352;159,000;158,000;1,000;30/06/2023;0;0;62,500
MG;BR-352;158,000;157,000;1,000;30/06/2023;0;0;28,750
MG;BR-352;157,000;156,000;1,000;30/06/2023;0;0;28,750
MG;BR-352;156,000;155,000;1,000;30/06/2023;0;0;43,750
MG;BR-352;155,000;154,000;1,000;30/06/2023;0;0;62,500
MG;BR-352;154,000;153,000;1,000;30/06/2023;0;0;28,750
MG;BR-352;153,000;152,000;1,000;30/06/2023;0;0;40,000
MG;BR-352;152,000;151,000;1,000;30/06/2023;0;0;17,500
MG;BR-352;151,000;150,000;1,000;30/06/2023;0;0;47,500
MG;BR-352;150,000;149,000;1,000;30/06/2023;0;0;30,000
MG;BR-352;149,000;148,000;1,000;30/06/2023;0;0;43,750
MG;BR-352;148,000;147,000;1,000;30/06/2023;0;0;66,250
MG;BR-352;147,000;146,000;1,000;30/06/2023;0;0;28,750
MG;BR-352;146,000;145,000;1,000;30/06/2023;0;0;28,750
MG;BR-352;145,000;144,000;1,000;30/06/2023;0;0;28,750
MG;BR-352;144,000;143,000;1,000;30/06/2023;0;0;58,750
MG;BR-352;143,000;142,000;1,000;30/06/2023;0;0;60,000
MG;BR-352;142,000;141,000;1,000;30/06/2023;0;0;22,500
MG;BR-352;141,000;140,000;1,000;30/06/2023;0;0;28,750
MG;BR-352;140,000;139,000;1,000;30/06/2023;0;0;43,750
MG;BR-352;139,000;138,000;1,000;30/06/2023;0;0;28,750
MG;BR-352;138,000;137,000;1,000;30/06/2023;0;0;16,250
MG;BR-352;137,000;136,000;1,000;30/06/2023;0;0;37,500
MG;BR-352;136,000;135,000;1,000;30/06/2023;0;0;28,750
MG;BR-352;135,000;134,000;1,000;30/06/2023;0;0;58,750
MG;BR-352;134,000;133,000;1,000;30/06/2023;0;0;28,750
MG;BR-352;133,000;132,000;1,000;30/06/2023;0;0;45,000
MG;BR-352;132,000;131,000;1,000;30/06/2023;0;0;33,750
MG;BR-352;131,000;130,000;1,000;30/06/2023;0;0;23,750
MG;BR-352;130,000;129,000;1,000;30/06/2023;0;0;32,500
MG;BR-352;129,000;128,000;1,000;30/06/2023;0;0;32,500
MG;BR-352;128,000;127,000;1,000;30/06/2023;0;0;17,500
MG;BR-352;127,000;126,000;1,000;30/06/2023;0;0;28,750
MG;BR-352;126,000;125,000;1,000;30/06/2023;0;0;28,750
MG;BR-352;125,000;124,000;1,000;30/06/2023;0;0;28,750
MG;BR-352;124,000;123,000;1,000;30/06/2023;0;0;32,500
MG;BR-352;123,000;122,000;1,000;30/06/2023;0;0;28,750
MG;BR-352;122,000;121,000;1,000;30/06/2023;0;0;17,500
MG;BR-352;121,000;120,000;1,000;30/06/2023;0;0;28,750
MG;BR-352;120,000;119,000;1,000;30/06/2023;0;0;17,500
MG;BR-352;119,000;118,000;1,000;30/06/2023;0;0;17,500
MG;BR-352;118,000;117,000;1,000;30/06/2023;0;0;46,250
MG;BR-352;117,000;116,000;1,000;30/06/2023;0;0;23,750
MG;BR-352;116,000;115,000;1,000;30/06/2023;0;0;31,250
MG;BR-352;115,000;114,000;1,000;30/06/2023;0;0;38,750
MG;BR-352;114,000;113,000;1,000;30/06/2023;0;0;28,750
MG;BR-352;113,000;112,000;1,000;30/06/2023;0;0;28,750
MG;BR-352;112,000;111,000;1,000;30/06/2023;0;0;32,500
MG;BR-352;111,000;110,000;1,000;30/06/2023;0;0;17,500
MG;BR-352;110,000;109,000;1,000;30/06/2023;0;0;23,750
MG;BR-352;109,000;108,000;1,000;30/06/2023;0;0;17,500
MG;BR-352;108,000;107,000;1,000;30/06/2023;0;0;17,500
MG;BR-352;107,000;106,000;1,000;30/06/2023;0;0;17,500
MG;BR-352;106,000;105,000;1,000;30/06/2023;0;0;28,750
MG;BR-352;105,000;104,000;1,000;30/06/2023;0;0;52,500
MG;BR-352;104,000;103,000;1,000;30/06/2023;0;0;60,000
MG;BR-352;103,000;102,000;1,000;30/06/2023;0;0;37,500
MG;BR-352;102,000;101,000;1,000;30/06/2023;0;0;37,500
MG;BR-352;101,000;100,000;1,000;30/06/2023;0;0;46,250
MG;BR-352;100,000;99,000;1,000;30/06/2023;0;0;32,500
MG;BR-352;99,000;98,000;1,000;30/06/2023;0;0;28,750
MG;BR-352;98,000;97,000;1,000;30/06/2023;0;0;28,750
MG;BR-352;97,000;96,000;1,000;30/06/2023;0;0;23,750
MG;BR-352;96,000;95,000;1,000;30/06/2023;0;0;16,250
MG;BR-352;95,000;94,000;1,000;30/06/2023;0;0;16,250
MG;BR-352;94,000;93,000;1,000;30/06/2023;0;0;16,250
MG;BR-352;93,000;92,000;1,000;30/06/2023;0;0;16,250
MG;BR-352;92,000;91,000;1,000;30/06/2023;0;0;16,250
MG;BR-352;91,000;90,000;1,000;30/06/2023;0;0;16,250
MG;BR-352;90,000;89,000;1,000;30/06/2023;0;0;16,250
MG;BR-352;89,000;88,000;1,000;30/06/2023;0;0;22,500
MG;BR-352;88,000;87,000;1,000;30/06/2023;0;0;16,250
MG;BR-352;87,000;86,000;1,000;30/06/2023;0;0;22,500
MG;BR-352;86,000;85,000;1,000;30/06/2023;0;0;45,000
MG;BR-352;85,000;84,000;1,000;30/06/2023;0;0;28,750
MG;BR-352;84,000;83,000;1,000;30/06/2023;0;0;22,500
MG;BR-352;83,000;82,000;1,000;30/06/2023;0;0;28,750
MG;BR-352;82,000;81,000;1,000;30/06/2023;0;0;23,750
MG;BR-352;81,000;80,000;1,000;30/06/2023;0;0;32,500
MG;BR-352;80,000;79,000;1,000;30/06/2023;0;0;32,500
MG;BR-352;79,000;78,000;1,000;30/06/2023;0;0;3,750
MG;BR-352;78,000;77,000;1,000;30/06/2023;0;0;37,500
MG;BR-352;77,000;76,000;1,000;30/06/2023;0;0;23,750
MG;BR-352;76,000;75,000;1,000;30/06/2023;0;0;16,250
MG;BR-352;75,000;74,000;1,000;30/06/2023;0;0;22,500
MG;BR-352;74,000;73,000;1,000;30/06/2023;0;0;22,500
MG;BR-352;73,000;72,000;1,000;30/06/2023;0;0;22,500
MG;BR-352;72,000;71,000;1,000;30/06/2023;0;0;17,500
MG;BR-352;71,000;70,000;1,000;30/06/2023;0;0;23,750
MG;BR-352;70,000;69,000;1,000;30/06/2023;0;0;17,500
MG;BR-352;69,000;68,000;1,000;30/06/2023;0;0;17,500
MG;BR-352;68,000;67,000;1,000;30/06/2023;0;0;17,500
BA;BR-030;724,700;725,000;0,300;30/06/2023;-13,8789725;-40,0653639;35,000
BA;BR-030;725,000;726,000;1,000;30/06/2023;-13,8789794;-40,0653615;35,000
BA;BR-030;726,000;727,000;1,000;30/06/2023;-13,8789812;-40,0653586;35,000
BA;BR-030;727,000;728,000;1,000;30/06/2023;-13,8789829;-40,0653562;36,250
BA;BR-030;728,000;729,000;1,000;30/06/2023;-13,8789823;-40,0653568;36,250
BA;BR-030;729,000;730,000;1,000;30/06/2023;-13,8789817;-40,0653593;35,000
BA;BR-030;730,000;731,000;1,000;30/06/2023;-13,8789781;-40,0653647;35,000
BA;BR-030;731,000;732,000;1,000;30/06/2023;-13,8789821;-40,0653535;35,000
BA;BR-030;732,000;733,000;1,000;30/06/2023;-13,8789744;-40,0653592;35,000
BA;BR-030;733,000;734,000;1,000;30/06/2023;-13,8789779;-40,0653571;35,000
BA;BR-030;734,000;735,000;1,000;30/06/2023;-13,8789768;-40,0653615;35,000
BA;BR-030;735,000;736,000;1,000;30/06/2023;-13,8789714;-40,0653554;35,000
BA;BR-030;736,000;737,000;1,000;30/06/2023;-13,8789737;-40,0653669;35,000
BA;BR-030;737,000;738,000;1,000;30/06/2023;-13,8789787;-40,0653606;35,000
BA;BR-030;738,000;739,000;1,000;30/06/2023;-13,8789795;-40,0653608;35,000
BA;BR-030;739,000;740,000;1,000;30/06/2023;-13,8789795;-40,0653561;35,000
BA;BR-030;740,000;741,000;1,000;30/06/2023;-13,8789784;-40,0653624;35,000
BA;BR-030;741,000;742,000;1,000;30/06/2023;-13,8789713;-40,0653553;35,000
BA;BR-030;742,000;743,000;1,000;30/06/2023;-13,8789747;-40,0653577;35,000
BA;BR-030;743,000;744,000;1,000;30/06/2023;-13,8789811;-40,0653544;35,000
BA;BR-030;744,000;745,000;1,000;30/06/2023;-13,8789826;-40,0653541;35,000
BA;BR-030;745,000;746,000;1,000;30/06/2023;-13,8789758;-40,0653619;43,750
BA;BR-030;746,000;747,000;1,000;30/06/2023;-13,8789685;-40,0653621;43,750
BA;BR-030;747,000;748,000;1,000;30/06/2023;-13,8789704;-40,0653598;57,500
BA;BR-030;748,000;749,000;1,000;30/06/2023;-13,878974;-40,0653611;57,500
BA;BR-030;749,000;750,000;1,000;30/06/2023;-13,8789881;-40,0653463;57,500
BA;BR-030;750,000;751,000;1,000;30/06/2023;-13,8789787;-40,0653596;57,500
BA;BR-030;751,000;752,000;1,000;30/06/2023;-13,8789785;-40,0653597;57,500
BA;BR-030;752,000;753,000;1,000;30/06/2023;-13,8789793;-40,0653603;57,500
BA;BR-030;753,000;754,000;1,000;30/06/2023;-13,8789768;-40,0653655;57,500
BA;BR-030;754,000;755,000;1,000;30/06/2023;-13,8789748;-40,0653687;57,500
BA;BR-030;755,000;756,000;1,000;30/06/2023;-13,8789793;-40,0653591;57,500
BA;BR-030;756,000;757,000;1,000;30/06/2023;-13,8789773;-40,0653648;57,500
BA;BR-030;757,000;758,000;1,000;30/06/2023;-13,8789796;-40,065359;57,500
BA;BR-030;758,000;759,000;1,000;30/06/2023;-13,8789852;-40,0653527;57,500
BA;BR-030;759,000;760,000;1,000;30/06/2023;-13,8789833;-40,0653542;57,500
BA;BR-030;760,000;761,000;1,000;30/06/2023;-13,8789862;-40,0653483;42,500
BA;BR-030;770,240;771,000;0,760;30/06/2023;-13,8789858;-40,0653529;7,500
BA;BR-030;771,000;772,000;1,000;30/06/2023;-13,8789812;-40,0653546;7,500
BA;BR-030;772,000;773,000;1,000;30/06/2023;-13,878981;-40,065355;5,000
BA;BR-030;773,000;774,000;1,000;30/06/2023;-13,8789828;-40,0653531;7,500
BA;BR-030;774,000;775,000;1,000;30/06/2023;-13,8789803;-40,0653547;7,500
BA;BR-030;775,000;776,000;1,000;30/06/2023;-13,8789761;-40,0653648;7,500
BA;BR-030;776,000;777,000;1,000;30/06/2023;-13,8789783;-40,0653586;7,500
BA;BR-030;777,000;778,000;1,000;30/06/2023;-13,8789782;-40,0653499;7,500
BA;BR-030;778,000;779,000;1,000;30/06/2023;-13,8789772;-40,0653642;7,500
BA;BR-030;779,000;780,000;1,000;30/06/2023;-13,8789807;-40,0653618;7,500
BA;BR-030;780,000;781,000;1,000;30/06/2023;-13,8789738;-40,0653687;7,500
BA;BR-030;781,000;782,000;1,000;30/06/2023;-13,8789799;-40,0653564;52,500
BA;BR-030;782,000;783,000;1,000;30/06/2023;-13,8789872;-40,0653492;62,500
BA;BR-030;783,000;784,000;1,000;30/06/2023;-13,8789878;-40,0653504;52,500
BA;BR-030;784,000;785,000;1,000;30/06/2023;-13,8789815;-40,0653504;45,000
BA;BR-030;785,000;786,000;1,000;30/06/2023;-13,878988;-40,0653455;62,500
BA;BR-030;786,000;787,000;1,000;30/06/2023;-13,87899;-40,0653484;52,500
BA;BR-030;787,000;788,000;1,000;30/06/2023;-13,8789811;-40,0653485;68,750
BA;BR-030;788,000;789,000;1,000;30/06/2023;-13,878983;-40,0653535;62,500
BA;BR-030;789,000;790,000;1,000;30/06/2023;-13,8789751;-40,0653664;45,000
BA;BR-030;703,700;702,000;1,700;30/06/2023;-14,37572;-40,347655;78,750
BA;BR-030;790,000;791,000;1,000;30/06/2023;-13,8789845;-40,0653531;45,000
BA;BR-030;702,000;701,000;1,000;30/06/2023;-14,37572;-40,347655;75,000
BA;BR-030;791,000;792,000;1,000;30/06/2023;-13,8789872;-40,0653486;56,250
BA;BR-030;701,000;700,000;1,000;30/06/2023;-14,37572;-40,347655;75,000
BA;BR-030;792,000;793,000;1,000;30/06/2023;-13,8789769;-40,0653613;62,500
BA;BR-030;700,000;699,000;1,000;30/06/2023;-14,3829533;-40,3706666;85,000
BA;BR-030;699,000;698,000;1,000;30/06/2023;-14,3829533;-40,3706666;85,000
BA;BR-030;793,000;794,000;1,000;30/06/2023;-13,8789741;-40,0653687;45,000
BA;BR-030;794,000;795,000;1,000;30/06/2023;-13,8789862;-40,0653501;45,000
BA;BR-030;698,000;697,000;1,000;30/06/2023;-14,3797666;-40,3911633;78,750
BA;BR-030;795,000;796,000;1,000;30/06/2023;-13,8789762;-40,0653646;42,500
BA;BR-030;697,000;696,000;1,000;30/06/2023;-14,3797666;-40,3911633;78,750
BA;BR-030;696,000;695,000;1,000;30/06/2023;-14,3797666;-40,3911633;75,000
BA;BR-030;796,000;797,000;1,000;30/06/2023;-13,8789826;-40,0653548;56,250
BA;BR-030;695,000;694,000;1,000;30/06/2023;-14,3797666;-40,3911633;85,000
BA;BR-030;797,000;798,000;1,000;30/06/2023;-13,8789815;-40,0653515;65,000
BA;BR-030;694,000;693,000;1,000;30/06/2023;-14,3797666;-40,3911633;80,000
BA;BR-030;798,000;799,000;1,000;30/06/2023;-13,8789822;-40,0653511;65,000
BA;BR-030;693,000;692,000;1,000;30/06/2023;-14,3797666;-40,3911633;75,000
BA;BR-030;799,000;800,000;1,000;30/06/2023;-13,8789747;-40,0653628;58,750
BA;BR-030;692,000;691,000;1,000;30/06/2023;-14,3797666;-40,3911633;75,000
BA;BR-030;800,000;801,000;1,000;30/06/2023;-13,8789879;-40,0653462;52,500
BA;BR-030;691,000;690,000;1,000;30/06/2023;-14,3797666;-40,3911633;80,000
BA;BR-030;801,000;802,000;1,000;30/06/2023;-13,8789762;-40,0653691;52,500
BA;BR-030;690,000;689,000;1,000;30/06/2023;-14,3797666;-40,3911633;76,250
BA;BR-030;689,000;688,000;1,000;30/06/2023;-14,3797666;-40,3911633;78,750
BA;BR-030;802,000;803,000;1,000;30/06/2023;-13,8789851;-40,0653505;52,500
BA;BR-030;803,000;804,000;1,000;30/06/2023;-13,8789821;-40,0653493;58,750
BA;BR-030;688,000;687,000;1,000;30/06/2023;-14,3797666;-40,3911633;85,000
BA;BR-030;804,000;805,000;1,000;30/06/2023;-13,8789705;-40,0653627;62,500
BA;BR-030;687,000;686,000;1,000;30/06/2023;-14,3797666;-40,3911633;87,500
BA;BR-030;686,000;686,600;0,600;30/06/2023;-14,3797666;-40,3911633;76,250
BA;BR-030;805,000;806,000;1,000;30/06/2023;-13,878982;-40,0653609;52,500
BA;BR-030;686,600;685,000;1,600;30/06/2023;-14,3797666;-40,3911633;0,000
BA;BR-030;806,000;807,000;1,000;30/06/2023;-13,8789723;-40,0653641;52,500
BA;BR-030;685,000;684,000;1,000;30/06/2023;-14,8620325;-40,8144352;0,000
BA;BR-030;807,000;808,000;1,000;30/06/2023;-13,878968;-40,0653689;52,500
BA;BR-030;684,000;683,000;1,000;30/06/2023;-14,375075;-40,4985666;0,000
BA;BR-030;808,000;809,000;1,000;30/06/2023;-13,8789873;-40,0653497;68,750
BA;BR-030;683,000;682,000;1,000;30/06/2023;-14,375075;-40,4985666;0,000
BA;BR-030;682,000;681,000;1,000;30/06/2023;-14,375075;-40,4985666;0,000
BA;BR-030;809,000;810,000;1,000;30/06/2023;-13,8789861;-40,0653495;62,500
BA;BR-030;681,000;680,000;1,000;30/06/2023;-14,375075;-40,4985666;0,000
BA;BR-030;810,000;811,000;1,000;30/06/2023;-13,878974;-40,0653627;45,000
BA;BR-030;680,000;679,000;1,000;30/06/2023;-14,375075;-40,4985666;0,000
BA;BR-030;679,000;678,000;1,000;30/06/2023;-14,375075;-40,4985666;0,000
BA;BR-030;811,000;812,000;1,000;30/06/2023;-13,8789883;-40,0653511;42,500
BA;BR-030;812,000;813,000;1,000;30/06/2023;-13,8789841;-40,0653551;45,000
BA;BR-030;678,000;677,000;1,000;30/06/2023;-14,375075;-40,4985666;0,000
BA;BR-030;813,000;814,000;1,000;30/06/2023;-13,8789731;-40,0653586;52,500
BA;BR-030;677,000;676,000;1,000;30/06/2023;-14,375075;-40,4985666;0,000
BA;BR-030;676,000;675,000;1,000;30/06/2023;-14,375075;-40,4985666;0,000
BA;BR-030;814,000;815,000;1,000;30/06/2023;-13,8789827;-40,0653482;58,750
BA;BR-030;675,000;674,000;1,000;30/06/2023;-14,375075;-40,4985666;0,000
BA;BR-030;815,000;816,000;1,000;30/06/2023;-13,8789746;-40,0653582;42,500
BA;BR-030;816,000;817,000;1,000;30/06/2023;-13,8789749;-40,0653577;50,000
BA;BR-030;674,000;673,000;1,000;30/06/2023;-14,375075;-40,4985666;0,000
BA;BR-030;817,000;818,000;1,000;30/06/2023;-13,8789749;-40,065357;42,500
BA;BR-030;673,000;672,000;1,000;30/06/2023;-14,375075;-40,4985666;0,000
BA;BR-030;818,000;819,000;1,000;30/06/2023;-13,8789714;-40,0653648;30,000
BA;BR-030;672,000;671,000;1,000;30/06/2023;-14,375075;-40,4985666;0,000
BA;BR-030;819,000;820,000;1,000;30/06/2023;-13,8789711;-40,0653629;31,250
BA;BR-030;671,000;670,000;1,000;30/06/2023;-14,375075;-40,4985666;0,000
BA;BR-030;670,000;669,000;1,000;30/06/2023;-14,375075;-40,4985666;0,000
BA;BR-030;820,000;821,000;1,000;30/06/2023;-13,8789853;-40,0653464;36,250
BA;BR-030;669,000;668,000;1,000;30/06/2023;-14,375075;-40,4985666;0,000
BA;BR-030;821,000;822,000;1,000;30/06/2023;-13,8789782;-40,0653611;33,750
BA;BR-030;668,000;667,000;1,000;30/06/2023;-14,375075;-40,4985666;0,000
BA;BR-030;667,000;666,000;1,000;30/06/2023;-14,375075;-40,4985666;0,000
BA;BR-030;822,000;823,000;1,000;30/06/2023;-13,8789813;-40,0653547;36,250
BA;BR-030;823,000;824,000;1,000;30/06/2023;-13,8789779;-40,0653603;33,750
BA;BR-030;666,000;665,000;1,000;30/06/2023;-14,375075;-40,4985666;0,000
BA;BR-030;824,000;825,000;1,000;30/06/2023;-13,8789826;-40,0653491;30,000
BA;BR-030;665,000;664,000;1,000;30/06/2023;-14,375075;-40,4985666;0,000
BA;BR-030;664,000;663,000;1,000;30/06/2023;-14,375075;-40,4985666;0,000
BA;BR-030;825,000;826,000;1,000;30/06/2023;-13,8789852;-40,065349;31,250
BA;BR-030;663,000;662,000;1,000;30/06/2023;-14,375075;-40,4985666;0,000
BA;BR-030;826,000;827,000;1,000;30/06/2023;-13,8789896;-40,0653482;40,000
BA;BR-030;662,000;661,000;1,000;30/06/2023;-14,375075;-40,4985666;0,000
BA;BR-030;827,000;828,000;1,000;30/06/2023;-13,8789706;-40,0653532;36,250
BA;BR-030;661,000;660,000;1,000;30/06/2023;-14,375075;-40,4985666;0,000
BA;BR-030;828,000;829,000;1,000;30/06/2023;-13,8789852;-40,0653443;41,250
BA;BR-030;829,000;830,000;1,000;30/06/2023;-13,878987;-40,0653515;33,750
BA;BR-030;660,000;659,000;1,000;30/06/2023;-14,375075;-40,4985666;0,000
BA;BR-030;659,000;658,000;1,000;30/06/2023;-14,375075;-40,4985666;0,000
BA;BR-030;830,000;831,000;1,000;30/06/2023;-13,8789834;-40,0653497;36,250
BA;BR-030;831,000;832,000;1,000;30/06/2023;-13,8789778;-40,0653512;36,250
BA;BR-030;658,000;657,000;1,000;30/06/2023;-14,375075;-40,4985666;0,000
BA;BR-030;657,000;656,000;1,000;30/06/2023;-14,375075;-40,4985666;0,000
BA;BR-030;832,000;833,000;1,000;30/06/2023;-13,8789825;-40,0653531;33,750
BA;BR-030;656,000;655,000;1,000;30/06/2023;-14,375075;-40,4985666;0,000
BA;BR-030;833,000;834,000;1,000;30/06/2023;-13,8789895;-40,0653453;30,000
BA;BR-030;655,000;654,000;1,000;30/06/2023;-14,375075;-40,4985666;0,000
BA;BR-030;834,000;835,000;1,000;30/06/2023;-13,8789794;-40,0653584;40,000
BA;BR-030;654,000;653,000;1,000;30/06/2023;-14,375075;-40,4985666;0,000
BA;BR-030;835,000;836,000;1,000;30/06/2023;-13,8789786;-40,0653616;30,000
BA;BR-030;836,000;837,000;1,000;30/06/2023;-13,8789797;-40,0653604;30,000
BA;BR-030;653,000;652,000;1,000;30/06/2023;-14,375075;-40,4985666;0,000
BA;BR-030;837,000;838,000;1,000;30/06/2023;-13,8789779;-40,0653625;30,000
BA;BR-030;652,000;651,000;1,000;30/06/2023;-14,375075;-40,4985666;0,000
BA;BR-030;838,000;839,000;1,000;30/06/2023;-13,8789759;-40,0653576;0,000
BA;BR-030;651,000;650,000;1,000;30/06/2023;-14,375075;-40,4985666;0,000
BA;BR-030;839,000;840,000;1,000;30/06/2023;-13,8789692;-40,0653571;0,000
BA;BR-030;840,000;841,000;1,000;30/06/2023;-13,8789806;-40,0653699;0,000
BA;BR-030;650,000;649,000;1,000;30/06/2023;-14,375075;-40,4985666;0,000
BA;BR-030;841,000;842,000;1,000;30/06/2023;-13,8789775;-40,0653539;0,000
BA;BR-030;649,000;648,000;1,000;30/06/2023;-14,375075;-40,4985666;0,000
BA;BR-030;842,000;843,000;1,000;30/06/2023;-13,8789735;-40,065359;0,000
BA;BR-030;648,000;647,000;1,000;30/06/2023;-14,375075;-40,4985666;0,000
BA;BR-030;843,000;844,000;1,000;30/06/2023;-13,8789763;-40,0653577;0,000
BA;BR-030;647,000;646,000;1,000;30/06/2023;-14,375075;-40,4985666;0,000
BA;BR-030;646,000;645,000;1,000;30/06/2023;-14,375075;-40,4985666;0,000
BA;BR-030;645,000;645,500;0,500;30/06/2023;-14,375075;-40,4985666;0,000
BA;BR-330;642,300;643,000;0,700;30/06/2023;-13,8789726;-40,065361;7,500
BA;BR-030;645,500;644,000;1,500;30/06/2023;-14,375075;-40,4985666;76,250
BA;BR-330;643,000;644,000;1,000;30/06/2023;-13,8789753;-40,0653637;7,500
BA;BR-030;644,000;643,000;1,000;30/06/2023;-14,24083;-40,7765366;83,750
BA;BR-030;643,000;642,000;1,000;30/06/2023;-14,24083;-40,7765366;75,000
BA;BR-330;644,000;645,000;1,000;30/06/2023;-13,8789759;-40,0653638;7,500
BA;BR-030;642,000;641,000;1,000;30/06/2023;-14,24083;-40,7765366;77,500
BA;BR-330;645,000;646,000;1,000;30/06/2023;-13,8789856;-40,0653524;7,500
BA;BR-030;641,000;640,000;1,000;30/06/2023;-14,2226683;-40,78887;81,250
BA;BR-030;640,000;639,000;1,000;30/06/2023;-14,2226683;-40,78887;78,750
BA;BR-330;646,000;647,000;1,000;30/06/2023;-13,8789749;-40,0653641;7,500
BA;BR-030;639,000;638,000;1,000;30/06/2023;-14,2226683;-40,78887;85,000
BA;BR-030;638,000;637,000;1,000;30/06/2023;-14,2226683;-40,78887;85,000
BA;BR-330;647,000;648,000;1,000;30/06/2023;-13,8789788;-40,0653591;20,000
BA;BR-030;637,000;636,000;1,000;30/06/2023;-14,2226683;-40,78887;92,500
BA;BR-330;648,000;649,000;1,000;30/06/2023;-13,8789744;-40,0653691;7,500
BA;BR-030;636,000;635,000;1,000;30/06/2023;-14,2226683;-40,78887;75,000
BA;BR-330;649,000;650,000;1,000;30/06/2023;-13,8789788;-40,0653626;7,500
BA;BR-030;635,000;634,000;1,000;30/06/2023;-14,194395;-40,81685;80,000
BA;BR-330;650,000;651,000;1,000;30/06/2023;-13,8789769;-40,065367;7,500
BA;BR-030;634,000;633,000;1,000;30/06/2023;-14,194395;-40,81685;76,250
BA;BR-330;651,000;652,000;1,000;30/06/2023;-13,8789785;-40,0653624;7,500
BA;BR-030;633,000;632,000;1,000;30/06/2023;-14,194395;-40,81685;76,250
BA;BR-330;652,000;653,000;1,000;30/06/2023;-13,8789786;-40,0653626;7,500
BA;BR-030;632,000;631,000;1,000;30/06/2023;-14,194395;-40,81685;76,250
BA;BR-030;631,000;630,000;1,000;30/06/2023;-14,194395;-40,81685;76,250
BA;BR-330;653,000;654,000;1,000;30/06/2023;-13,8789786;-40,0653626;7,500
BA;BR-030;630,000;629,000;1,000;30/06/2023;-14,194395;-40,81685;85,000
BA;BR-330;654,000;655,000;1,000;30/06/2023;-13,8789788;-40,0653623;7,500
BA;BR-030;629,000;628,000;1,000;30/06/2023;-14,18576;-40,8687016;86,250
BA;BR-330;655,000;656,000;1,000;30/06/2023;-13,878978;-40,0653631;7,500
BA;BR-030;628,000;627,000;1,000;30/06/2023;-14,1853066;-40,8696083;96,250
BA;BR-330;656,000;657,000;1,000;30/06/2023;-13,8789788;-40,0653622;7,500
BA;BR-030;627,000;626,000;1,000;30/06/2023;-14,1853066;-40,8696083;86,250
BA;BR-330;657,000;658,000;1,000;30/06/2023;-13,8789788;-40,0653622;7,500
BA;BR-030;626,000;625,000;1,000;30/06/2023;-14,1853066;-40,8696083;92,500
BA;BR-030;625,000;624,000;1,000;30/06/2023;-14,1853066;-40,8696083;82,500
BA;BR-330;658,000;659,000;1,000;30/06/2023;-13,8789792;-40,0653619;7,500
BA;BR-030;624,000;623,000;1,000;30/06/2023;-14,1853066;-40,8696083;85,000
BA;BR-330;659,000;660,000;1,000;30/06/2023;-13,8789792;-40,0653619;7,500
BA;BR-330;660,000;661,000;1,000;30/06/2023;-13,8789791;-40,0653626;7,500
BA;BR-030;623,000;622,000;1,000;30/06/2023;-14,1853066;-40,8696083;81,250
BA;BR-330;661,000;662,000;1,000;30/06/2023;-13,8789788;-40,065362;7,500
BA;BR-030;622,000;621,000;1,000;30/06/2023;-14,1823333;-40,9270366;82,500
BA;BR-030;621,000;620,000;1,000;30/06/2023;-14,1823333;-40,9270366;75,000
BA;BR-330;662,000;663,000;1,000;30/06/2023;-13,8789796;-40,0653614;7,500
BA;BR-330;663,000;664,000;1,000;30/06/2023;-13,8789788;-40,0653624;7,500
BA;BR-030;620,000;619,000;1,000;30/06/2023;-14,1823333;-40,9270366;78,750
BA;BR-330;664,000;665,000;1,000;30/06/2023;-13,8789782;-40,0653628;7,500
BA;BR-030;619,000;618,000;1,000;30/06/2023;-14,1823333;-40,9270366;82,500
BA;BR-330;665,000;666,000;1,000;30/06/2023;-13,8789782;-40,0653628;7,500
BA;BR-030;618,000;617,000;1,000;30/06/2023;-14,1823333;-40,9270366;80,000
BA;BR-330;666,000;667,000;1,000;30/06/2023;-13,8789786;-40,065363;7,500
BA;BR-030;617,000;616,000;1,000;30/06/2023;-14,1823333;-40,9270366;76,250
BA;BR-330;667,000;668,000;1,000;30/06/2023;-13,8789784;-40,0653626;7,500
BA;BR-030;616,000;615,000;1,000;30/06/2023;-14,1823333;-40,9270366;76,250
BA;BR-330;668,000;669,000;1,000;30/06/2023;-13,8789784;-40,0653626;7,500
BA;BR-330;669,000;670,000;1,000;30/06/2023;-13,8789768;-40,0653675;7,500
BA;BR-030;615,000;614,000;1,000;30/06/2023;-14,1823333;-40,9270366;82,500
BA;BR-030;614,000;613,000;1,000;30/06/2023;-14,1814933;-41,00356;76,250
BA;BR-330;670,000;671,000;1,000;30/06/2023;-13,8789786;-40,0653634;7,500
BA;BR-030;613,000;612,000;1,000;30/06/2023;-14,1814933;-41,00356;85,000
BA;BR-330;671,000;672,000;1,000;30/06/2023;-13,8789783;-40,0653629;0,000
BA;BR-030;612,000;611,000;1,000;30/06/2023;-14,18285;-41,015315;86,250
BA;BR-330;672,000;673,000;1,000;30/06/2023;-13,878984;-40,0653505;23,750
BA;BR-030;611,000;610,000;1,000;30/06/2023;-14,18285;-41,015315;85,000
BA;BR-330;673,000;674,000;1,000;30/06/2023;-13,8789772;-40,0653535;23,750
BA;BR-030;610,000;609,000;1,000;30/06/2023;-14,18285;-41,015315;76,250
BA;BR-330;674,000;675,000;1,000;30/06/2023;-13,8789753;-40,0653686;23,750
BA;BR-030;609,000;608,000;1,000;30/06/2023;-14,18285;-41,015315;80,000
BA;BR-030;608,000;607,000;1,000;30/06/2023;-14,18285;-41,015315;85,000
BA;BR-330;675,000;676,000;1,000;30/06/2023;-13,8789736;-40,0653571;23,750
BA;BR-330;676,000;677,000;1,000;30/06/2023;-13,8789717;-40,0653557;23,750
BA;BR-030;607,000;606,000;1,000;30/06/2023;-14,18285;-41,015315;80,000
BA;BR-330;677,000;678,000;1,000;30/06/2023;-13,8789821;-40,0653542;23,750
BA;BR-030;606,000;605,000;1,000;30/06/2023;-14,18285;-41,015315;80,000
BA;BR-330;678,000;679,000;1,000;30/06/2023;-13,8789822;-40,0653545;23,750
BA;BR-030;605,000;604,000;1,000;30/06/2023;-14,18285;-41,015315;82,500
BA;BR-330;679,000;680,000;1,000;30/06/2023;-13,878975;-40,0653561;23,750
BA;BR-030;604,000;603,000;1,000;30/06/2023;-14,18285;-41,015315;85,000
BA;BR-330;680,000;681,000;1,000;30/06/2023;-13,8789707;-40,0653575;23,750
BA;BR-030;603,000;602,000;1,000;30/06/2023;-14,1831333;-41,09266;85,000
BA;BR-330;681,000;682,000;1,000;30/06/2023;-13,8789747;-40,0653546;23,750
BA;BR-030;602,000;601,000;1,000;30/06/2023;-14,17854;-41,1000966;80,000
BA;BR-330;682,000;683,000;1,000;30/06/2023;-13,878972;-40,0653531;23,750
BA;BR-030;601,000;600,000;1,000;30/06/2023;-14,17854;-41,1000966;80,000
BA;BR-330;683,000;684,000;1,000;30/06/2023;-13,8789781;-40,065363;23,750
BA;BR-030;600,000;599,000;1,000;30/06/2023;-14,17854;-41,1000966;80,000
BA;BR-030;599,000;598,000;1,000;30/06/2023;-14,17854;-41,1000966;85,000
BA;BR-330;684,000;685,000;1,000;30/06/2023;-13,8789705;-40,0653572;23,750
BA;BR-030;598,000;597,000;1,000;30/06/2023;-14,17854;-41,1000966;86,250
BA;BR-330;685,000;686,000;1,000;30/06/2023;-13,8789731;-40,0653609;22,500
BA;BR-030;597,000;596,000;1,000;30/06/2023;-14,1679833;-41,141975;82,500
BA;BR-030;596,000;595,000;1,000;30/06/2023;-14,1645866;-41,1519633;83,750
BA;BR-330;686,000;687,000;1,000;30/06/2023;-13,8789838;-40,0653602;23,750
BA;BR-030;595,000;594,000;1,000;30/06/2023;-14,1645866;-41,1519633;81,250
BA;BR-330;687,000;688,000;1,000;30/06/2023;-13,8789707;-40,0653593;23,750
BA;BR-030;594,000;593,000;1,000;30/06/2023;-14,16531;-41,163555;86,250
BA;BR-330;688,000;689,000;1,000;30/06/2023;-13,8789752;-40,0653564;22,500
BA;BR-030;593,000;592,000;1,000;30/06/2023;-14,1613466;-41,1734233;82,500
BA;BR-330;689,000;690,000;1,000;30/06/2023;-13,8789733;-40,0653614;22,500
BA;BR-030;592,000;591,000;1,000;30/06/2023;-14,1596066;-41,179595;85,000
BA;BR-330;690,000;691,000;1,000;30/06/2023;-13,8789732;-40,0653575;22,500
BA;BR-030;591,000;590,000;1,000;30/06/2023;-14,1571233;-41,18663;82,500
BA;BR-330;691,000;692,000;1,000;30/06/2023;-13,8789736;-40,0653602;22,500
BA;BR-330;692,000;693,000;1,000;30/06/2023;-13,8789729;-40,0653602;22,500
BA;BR-030;590,000;589,000;1,000;30/06/2023;-14,1546033;-41,2004616;100,000
BA;BR-030;589,000;588,000;1,000;30/06/2023;-14,1546033;-41,2004616;100,000
BA;BR-330;693,000;694,000;1,000;30/06/2023;-13,8789852;-40,065355;22,500
RR;BR-210;89,500;88,000;1,500;30/06/2023;1,284593333;-60,2786383;90,000
RR;BR-210;88,000;87,000;1,000;30/06/2023;1,284593333;-60,2786383;90,000
RR;BR-210;87,000;86,000;1,000;30/06/2023;1,284593333;-60,2786383;86,250
RR;BR-210;86,000;85,000;1,000;30/06/2023;1,284593333;-60,2786383;86,250
RR;BR-210;85,000;84,000;1,000;30/06/2023;1,284593333;-60,2786383;86,250
RR;BR-210;84,000;83,000;1,000;30/06/2023;1,284593333;-60,2786383;86,250
RR;BR-210;83,000;82,000;1,000;30/06/2023;1,284593333;-60,2786383;86,250
RR;BR-210;82,000;81,000;1,000;30/06/2023;1,284593333;-60,2786383;86,250
RR;BR-210;81,000;80,000;1,000;30/06/2023;1,284593333;-60,2786383;86,250
RR;BR-210;80,000;79,000;1,000;30/06/2023;1,284593333;-60,2786383;86,250
RR;BR-210;79,000;78,000;1,000;30/06/2023;1,284593333;-60,2786383;86,250
RR;BR-210;78,000;77,000;1,000;30/06/2023;1,284593333;-60,2786383;90,000
RR;BR-210;77,000;76,000;1,000;30/06/2023;1,284593333;-60,2786383;86,250
RR;BR-210;76,000;75,000;1,000;30/06/2023;1,284593333;-60,2786383;82,500
RR;BR-210;75,000;74,000;1,000;30/06/2023;1,284593333;-60,2786383;82,500
RR;BR-210;74,000;73,000;1,000;30/06/2023;1,284593333;-60,2786383;82,500
RR;BR-210;73,000;72,000;1,000;30/06/2023;1,284593333;-60,2786383;82,500
RR;BR-210;72,000;71,000;1,000;30/06/2023;1,284593333;-60,2786383;86,250
RR;BR-210;71,000;70,000;1,000;30/06/2023;1,284593333;-60,2786383;82,500
RR;BR-210;70,000;69,000;1,000;30/06/2023;1,284593333;-60,2786383;90,000
RR;BR-210;69,000;68,000;1,000;30/06/2023;1,284593333;-60,2786383;86,250
RR;BR-210;68,000;67,000;1,000;30/06/2023;1,284593333;-60,2786383;82,500
RR;BR-210;67,000;66,000;1,000;30/06/2023;1,284593333;-60,2786383;82,500
RR;BR-210;66,000;65,000;1,000;30/06/2023;1,284593333;-60,2786383;86,250
RR;BR-210;65,000;64,000;1,000;30/06/2023;1,284593333;-60,2786383;82,500
RR;BR-210;64,000;63,000;1,000;30/06/2023;1,284593333;-60,2786383;86,250
RR;BR-210;63,000;62,000;1,000;30/06/2023;1,284593333;-60,2786383;82,500
RR;BR-210;62,000;61,000;1,000;30/06/2023;1,284593333;-60,2786383;82,500
RR;BR-210;61,000;60,000;1,000;30/06/2023;1,284593333;-60,2786383;82,500
RR;BR-210;60,000;59,000;1,000;30/06/2023;1,284593333;-60,2786383;86,250
RR;BR-210;59,000;58,000;1,000;30/06/2023;1,284593333;-60,2786383;86,250
RR;BR-210;58,000;57,000;1,000;30/06/2023;1,284593333;-60,2786383;86,250
RR;BR-210;57,000;56,000;1,000;30/06/2023;1,284593333;-60,2786383;75,000
RR;BR-210;56,000;55,000;1,000;30/06/2023;1,284593333;-60,2786383;86,250
RR;BR-210;55,000;54,000;1,000;30/06/2023;1,284593333;-60,2786383;86,250
RR;BR-210;54,000;53,000;1,000;30/06/2023;1,284593333;-60,2786383;86,250
RR;BR-210;53,000;52,000;1,000;30/06/2023;1,284593333;-60,2786383;82,500
RR;BR-210;52,000;51,000;1,000;30/06/2023;1,284593333;-60,2786383;82,500
RR;BR-210;51,000;50,000;1,000;30/06/2023;1,284593333;-60,2786383;82,500
RR;BR-210;50,000;49,000;1,000;30/06/2023;1,284593333;-60,2786383;86,250
RR;BR-210;49,000;48,000;1,000;30/06/2023;1,284593333;-60,2786383;86,250
RR;BR-210;48,000;47,000;1,000;30/06/2023;1,284593333;-60,2786383;86,250
RR;BR-210;47,000;46,000;1,000;30/06/2023;1,284593333;-60,2786383;86,250
RR;BR-210;46,000;45,000;1,000;30/06/2023;1,284593333;-60,2786383;71,250
RR;BR-210;45,000;44,000;1,000;30/06/2023;1,284593333;-60,2786383;90,000
RR;BR-401;120,000;121,000;1,000;30/06/2023;2,8202582;-60,6831329;53,750
RR;BR-401;121,000;122,000;1,000;30/06/2023;2,8202582;-60,6831329;57,500
RR;BR-401;122,000;123,000;1,000;30/06/2023;2,8202582;-60,6831329;68,750
RR;BR-401;123,000;124,000;1,000;30/06/2023;2,8202582;-60,6831329;71,250
RR;BR-401;124,000;125,000;1,000;30/06/2023;2,8202582;-60,6831329;46,250
RR;BR-401;125,000;126,000;1,000;30/06/2023;2,8202582;-60,6831329;32,500
RR;BR-401;126,000;127,000;1,000;30/06/2023;2,8202582;-60,6831329;47,500
RR;BR-401;127,000;128,000;1,000;30/06/2023;2,8202582;-60,6831329;65,000
RR;BR-401;128,000;129,000;1,000;30/06/2023;2,8202582;-60,6831329;47,500
RR;BR-401;129,000;130,000;1,000;30/06/2023;2,8202582;-60,6831329;47,500
RR;BR-401;130,000;131,000;1,000;30/06/2023;2,8202582;-60,6831329;82,500
RR;BR-401;131,000;132,000;1,000;30/06/2023;2,8202582;-60,6831329;65,000
RR;BR-401;132,000;133,000;1,000;30/06/2023;2,8202582;-60,6831329;65,000
RR;BR-401;133,000;134,000;1,000;30/06/2023;2,8202582;-60,6831329;40,000
RR;BR-401;134,000;135,000;1,000;30/06/2023;2,8202582;-60,6831329;51,250
RR;BR-401;135,000;136,000;1,000;30/06/2023;2,8202582;-60,6831329;53,750
RR;BR-401;136,000;137,000;1,000;30/06/2023;2,8202582;-60,6831329;67,500
RR;BR-401;137,000;138,000;1,000;30/06/2023;2,8202582;-60,6831329;47,500
RR;BR-401;138,000;139,000;1,000;30/06/2023;2,8202582;-60,6831329;47,500
RR;BR-401;139,000;140,000;1,000;30/06/2023;2,8202582;-60,6831329;47,500
RR;BR-401;140,000;141,000;1,000;30/06/2023;2,8202582;-60,6831329;47,500
RR;BR-401;141,000;142,000;1,000;30/06/2023;2,8202582;-60,6831329;65,000
RR;BR-401;142,000;143,000;1,000;30/06/2023;2,8202582;-60,6831329;47,500
RR;BR-401;143,000;144,000;1,000;30/06/2023;2,8202582;-60,6831329;45,000
RR;BR-401;144,000;145,000;1,000;30/06/2023;2,8202582;-60,6831329;47,500
RR;BR-401;145,000;146,000;1,000;30/06/2023;2,8202582;-60,6831329;47,500
RR;BR-401;146,000;147,000;1,000;30/06/2023;2,8202582;-60,6831329;80,000
RR;BR-401;147,000;148,000;1,000;30/06/2023;2,8202582;-60,6831329;82,500
RR;BR-401;148,000;149,000;1,000;30/06/2023;2,8202582;-60,6831329;68,750
RR;BR-401;149,000;150,000;1,000;30/06/2023;2,8202582;-60,6831329;72,500
RR;BR-401;150,000;151,000;1,000;30/06/2023;2,8202582;-60,6831329;65,000
RR;BR-401;151,000;152,000;1,000;30/06/2023;2,8202582;-60,6831329;68,750
RR;BR-401;152,000;153,000;1,000;30/06/2023;2,8202582;-60,6831329;65,000
RR;BR-401;153,000;154,000;1,000;30/06/2023;2,8202582;-60,6831329;72,500
RR;BR-401;154,000;155,000;1,000;30/06/2023;2,8202582;-60,6831329;78,750
RR;BR-401;155,000;156,000;1,000;30/06/2023;2,8202582;-60,6831329;76,250
RR;BR-401;156,000;157,000;1,000;30/06/2023;2,8202582;-60,6831329;82,500
RR;BR-401;157,000;158,000;1,000;30/06/2023;2,8202582;-60,6831329;76,250
RR;BR-401;158,000;159,000;1,000;30/06/2023;2,8202582;-60,6831329;86,250
RR;BR-401;159,000;160,000;1,000;30/06/2023;2,8202582;-60,6831329;76,250
RR;BR-401;160,000;161,000;1,000;30/06/2023;2,8202582;-60,6831329;82,500
RR;BR-401;161,000;162,000;1,000;30/06/2023;2,8202582;-60,6831329;76,250
RR;BR-401;162,000;163,000;1,000;30/06/2023;2,8202582;-60,6831329;78,750
RR;BR-401;163,000;164,000;1,000;30/06/2023;2,8202582;-60,6831329;90,000
RR;BR-401;164,000;165,000;1,000;30/06/2023;2,8202582;-60,6831329;90,000
RR;BR-401;165,000;166,000;1,000;30/06/2023;2,8202582;-60,6831329;90,000
RR;BR-401;166,000;167,000;1,000;30/06/2023;2,8202582;-60,6831329;90,000
RR;BR-401;167,000;168,000;1,000;30/06/2023;2,8202582;-60,6831329;90,000
RR;BR-401;168,000;169,000;1,000;30/06/2023;2,8202582;-60,6831329;90,000
RR;BR-401;169,000;170,000;1,000;30/06/2023;2,8202582;-60,6831329;90,000
RR;BR-401;170,000;171,000;1,000;30/06/2023;2,8202582;-60,6831329;90,000
RR;BR-401;171,000;172,000;1,000;30/06/2023;2,8202582;-60,6831329;90,000
RR;BR-401;172,000;173,000;1,000;30/06/2023;2,8202582;-60,6831329;90,000
RR;BR-401;173,000;174,000;1,000;30/06/2023;2,8202582;-60,6831329;90,000
RR;BR-401;174,000;175,000;1,000;30/06/2023;2,8202582;-60,6831329;90,000
RR;BR-401;175,000;176,000;1,000;30/06/2023;2,8202582;-60,6831329;90,000
RR;BR-401;176,000;177,000;1,000;30/06/2023;2,8202582;-60,6831329;90,000
RR;BR-401;177,000;178,000;1,000;30/06/2023;2,8202582;-60,6831329;90,000
RR;BR-401;178,000;179,000;1,000;30/06/2023;2,8202582;-60,6831329;90,000
RR;BR-401;179,000;180,000;1,000;30/06/2023;2,8202582;-60,6831329;90,000
RR;BR-401;180,000;181,000;1,000;30/06/2023;2,8202582;-60,6831329;90,000
RR;BR-401;181,000;182,000;1,000;30/06/2023;2,8202582;-60,6831329;90,000
RR;BR-401;182,000;183,000;1,000;30/06/2023;2,8202582;-60,6831329;90,000
RR;BR-401;183,000;184,000;1,000;30/06/2023;2,8202582;-60,6831329;90,000
RR;BR-401;184,000;185,000;1,000;30/06/2023;2,8202582;-60,6831329;86,250
RR;BR-401;185,000;186,000;1,000;30/06/2023;2,8202582;-60,6831329;76,250
RR;BR-401;186,000;187,000;1,000;30/06/2023;2,8202582;-60,6831329;86,250
RR;BR-401;187,000;188,000;1,000;30/06/2023;2,8202582;-60,6831329;90,000
RR;BR-401;188,000;189,000;1,000;30/06/2023;2,8202582;-60,6831329;90,000
RR;BR-401;189,000;190,000;1,000;30/06/2023;2,8202582;-60,6831329;90,000
RR;BR-210;315,400;316,000;0,600;30/06/2023;1,93989521;-61,0762377;62,500
RR;BR-210;316,000;317,000;1,000;30/06/2023;1,93989521;-61,0762377;70,000
RR;BR-210;317,000;318,000;1,000;30/06/2023;1,93989521;-61,0762377;62,500
RR;BR-210;318,000;319,000;1,000;30/06/2023;1,93989521;-61,0762377;58,750
RR;BR-210;319,000;320,000;1,000;30/06/2023;1,93989521;-61,0762377;58,750
RR;BR-210;320,000;321,000;1,000;30/06/2023;1,93989521;-61,0762377;66,250
RR;BR-210;321,000;322,000;1,000;30/06/2023;1,93989521;-61,0762377;62,500
RR;BR-210;322,000;323,000;1,000;30/06/2023;1,93989521;-61,0762377;58,750
RR;BR-210;323,000;324,000;1,000;30/06/2023;1,93989521;-61,0762377;73,750
RR;BR-210;324,000;325,000;1,000;30/06/2023;1,93989521;-61,0762377;60,000
RR;BR-210;325,000;326,000;1,000;30/06/2023;1,93989521;-61,0762377;56,250
RR;BR-210;326,000;327,000;1,000;30/06/2023;1,93989521;-61,0762377;50,000
RR;BR-210;327,000;328,000;1,000;30/06/2023;1,93989521;-61,0762377;58,750
RR;BR-210;328,000;329,000;1,000;30/06/2023;1,93989521;-61,0762377;58,750
RR;BR-210;329,000;330,000;1,000;30/06/2023;1,93989521;-61,0762377;58,750
RR;BR-210;330,000;331,000;1,000;30/06/2023;1,93989521;-61,0762377;52,500
RR;BR-210;331,000;332,000;1,000;30/06/2023;1,93989521;-61,0762377;58,750
RR;BR-210;332,000;333,000;1,000;30/06/2023;1,93989521;-61,0762377;46,250
RR;BR-210;333,000;334,000;1,000;30/06/2023;1,93989521;-61,0762377;50,000
RR;BR-210;334,000;335,000;1,000;30/06/2023;1,93989521;-61,0762377;50,000
RR;BR-210;335,000;336,000;1,000;30/06/2023;1,93989521;-61,0762377;52,500
RR;BR-210;336,000;337,000;1,000;30/06/2023;1,93989521;-61,0762377;46,250
RR;BR-210;337,000;338,000;1,000;30/06/2023;1,93989521;-61,0762377;42,500
RR;BR-210;338,000;339,000;1,000;30/06/2023;1,93989521;-61,0762377;52,500
RR;BR-210;339,000;340,000;1,000;30/06/2023;1,93989521;-61,0762377;52,500
RR;BR-210;340,000;341,000;1,000;30/06/2023;1,93989521;-61,0762377;42,500
RR;BR-210;341,000;342,000;1,000;30/06/2023;1,93989521;-61,0762377;48,750
RR;BR-210;342,000;343,000;1,000;30/06/2023;1,93989521;-61,0762377;42,500
RR;BR-210;343,000;344,000;1,000;30/06/2023;1,93989521;-61,0762377;42,500
RR;BR-210;344,000;345,000;1,000;30/06/2023;1,93989521;-61,0762377;42,500
MT;BR-158;201,200;202,000;0,800;30/06/2023;-11,0237583;-51,645765;86,250
MT;BR-158;202,000;203,000;1,000;30/06/2023;-11,0237583;-51,645765;92,500
MT;BR-158;203,000;204,000;1,000;30/06/2023;-11,0237583;-51,645765;92,500
MT;BR-158;204,000;205,000;1,000;30/06/2023;-11,0237583;-51,645765;88,750
MT;BR-158;205,000;206,000;1,000;30/06/2023;-11,0237583;-51,645765;85,000
MT;BR-158;206,000;207,000;1,000;30/06/2023;-11,0237583;-51,645765;92,500
MT;BR-158;207,000;208,000;1,000;30/06/2023;-11,0237583;-51,645765;82,500
MT;BR-158;208,000;209,000;1,000;30/06/2023;-11,0237583;-51,645765;85,000
MT;BR-158;209,000;210,000;1,000;30/06/2023;-11,0237583;-51,645765;85,000
MT;BR-158;210,000;211,000;1,000;30/06/2023;-11,0237583;-51,645765;92,500
MT;BR-158;211,000;212,000;1,000;30/06/2023;-11,2375981;-51,6865475;96,250
MT;BR-158;212,000;213,000;1,000;30/06/2023;-11,2376266;-51,686555;85,000
MT;BR-158;213,000;214,000;1,000;30/06/2023;-11,2376266;-51,686555;82,500
MT;BR-158;214,000;215,000;1,000;30/06/2023;-11,2376266;-51,686555;78,750
MT;BR-158;215,000;216,000;1,000;30/06/2023;-11,2376266;-51,686555;85,000
MT;BR-158;216,000;217,000;1,000;30/06/2023;-11,2376266;-51,686555;85,000
MT;BR-158;217,000;218,000;1,000;30/06/2023;-11,2376266;-51,686555;92,500
MT;BR-158;218,000;219,000;1,000;30/06/2023;-11,2376266;-51,686555;78,750
MT;BR-158;219,000;220,000;1,000;30/06/2023;-11,2376266;-51,686555;92,500
MT;BR-158;220,000;221,000;1,000;30/06/2023;-11,2376266;-51,686555;85,000
MT;BR-158;221,000;222,000;1,000;30/06/2023;-11,2376266;-51,686555;85,000
MT;BR-158;222,000;223,000;1,000;30/06/2023;-11,2376266;-51,686555;86,250
MT;BR-158;223,000;224,000;1,000;30/06/2023;-11,2376266;-51,686555;85,000
MT;BR-158;224,000;225,000;1,000;30/06/2023;-11,2376266;-51,686555;92,500
MT;BR-158;225,000;226,000;1,000;30/06/2023;-11,2376266;-51,686555;92,500
MT;BR-158;226,000;227,000;1,000;30/06/2023;-11,2376266;-51,686555;90,000
MT;BR-158;227,000;228,000;1,000;30/06/2023;-11,2376266;-51,686555;92,500
MT;BR-158;228,000;229,000;1,000;30/06/2023;-11,2376266;-51,686555;85,000
MT;BR-158;229,000;230,000;1,000;30/06/2023;-11,2376266;-51,686555;92,500
MT;BR-158;230,000;231,000;1,000;30/06/2023;-11,2376266;-51,686555;85,000
MT;BR-158;231,000;232,000;1,000;30/06/2023;-11,2376266;-51,686555;85,000
MT;BR-158;232,000;233,000;1,000;30/06/2023;-11,2376266;-51,686555;85,000
MT;BR-158;233,000;234,000;1,000;30/06/2023;-11,2376266;-51,686555;85,000
MT;BR-158;234,000;235,000;1,000;30/06/2023;-11,2376266;-51,686555;92,500
MT;BR-158;235,000;236,000;1,000;30/06/2023;-11,2376266;-51,686555;82,500
MT;BR-158;236,000;237,000;1,000;30/06/2023;-11,2376266;-51,686555;92,500
MT;BR-158;237,000;238,000;1,000;30/06/2023;-11,2376266;-51,686555;88,750
MT;BR-158;238,000;239,000;1,000;30/06/2023;-11,2376266;-51,686555;92,500
MT;BR-158;239,000;240,000;1,000;30/06/2023;-11,2376266;-51,686555;96,250
MT;BR-158;240,000;241,000;1,000;30/06/2023;-11,2376266;-51,686555;96,250
MT;BR-158;241,000;242,000;1,000;30/06/2023;-11,4744883;-51,6826648;92,500
MT;BR-158;242,000;243,000;1,000;30/06/2023;-11,2376266;-51,686555;92,500
MT;BR-158;243,000;244,000;1,000;30/06/2023;-11,2376266;-51,686555;92,500
MT;BR-158;244,000;245,000;1,000;30/06/2023;-11,2376266;-51,686555;92,500
MT;BR-158;245,000;246,000;1,000;30/06/2023;-11,2376266;-51,686555;97,500
MT;BR-158;246,000;247,000;1,000;30/06/2023;-11,2376266;-51,686555;85,000
MT;BR-158;247,000;248,000;1,000;30/06/2023;-11,2376266;-51,686555;85,000
MT;BR-158;248,000;249,000;1,000;30/06/2023;-11,2376266;-51,686555;85,000
MT;BR-158;249,000;250,000;1,000;30/06/2023;-11,2376266;-51,686555;96,250
MT;BR-158;250,000;251,000;1,000;30/06/2023;-11,2376266;-51,686555;92,500
MT;BR-158;251,000;252,000;1,000;30/06/2023;-11,2376266;-51,686555;92,500
MT;BR-158;252,000;253,000;1,000;30/06/2023;-11,2376266;-51,686555;88,750
MT;BR-158;253,000;254,000;1,000;30/06/2023;-11,2376266;-51,686555;92,500
MT;BR-158;254,000;255,000;1,000;30/06/2023;-11,2376266;-51,686555;92,500
MT;BR-158;255,000;256,000;1,000;30/06/2023;-11,2376266;-51,686555;92,500
MT;BR-158;256,000;257,000;1,000;30/06/2023;-11,2376266;-51,686555;92,500
MT;BR-158;257,000;258,000;1,000;30/06/2023;-11,2376266;-51,686555;92,500
MT;BR-158;258,000;259,000;1,000;30/06/2023;-11,2376266;-51,686555;92,500
MT;BR-158;259,000;260,000;1,000;30/06/2023;-11,2376266;-51,686555;88,750
MT;BR-158;260,000;261,000;1,000;30/06/2023;-11,2376266;-51,686555;92,500
MT;BR-158;261,000;262,000;1,000;30/06/2023;-11,2376266;-51,686555;92,500
MT;BR-158;262,000;263,000;1,000;30/06/2023;-11,2376266;-51,686555;92,500
MT;BR-158;263,000;264,000;1,000;30/06/2023;-11,2376266;-51,686555;85,000
MT;BR-158;264,000;265,000;1,000;30/06/2023;-11,2376266;-51,686555;92,500
MT;BR-158;265,000;266,000;1,000;30/06/2023;-11,2376266;-51,686555;92,500
MT;BR-158;266,000;267,000;1,000;30/06/2023;-11,2376266;-51,686555;78,750
MT;BR-158;267,000;268,000;1,000;30/06/2023;-11,2376266;-51,686555;92,500
MT;BR-158;268,000;269,000;1,000;30/06/2023;-11,2376266;-51,686555;90,000
MT;BR-158;269,000;270,000;1,000;30/06/2023;-11,2376266;-51,686555;76,250
MT;BR-158;270,000;271,000;1,000;30/06/2023;-11,2376266;-51,686555;85,000
MT;BR-158;271,000;272,000;1,000;30/06/2023;-11,2376266;-51,686555;85,000
MT;BR-158;272,000;273,000;1,000;30/06/2023;-11,2376266;-51,686555;85,000
MT;BR-158;273,000;274,000;1,000;30/06/2023;-11,2376266;-51,686555;90,000
MT;BR-158;274,000;275,000;1,000;30/06/2023;-11,2376266;-51,686555;92,500
MT;BR-158;275,000;276,000;1,000;30/06/2023;-11,2376266;-51,686555;85,000
MT;BR-158;276,000;277,000;1,000;30/06/2023;-11,2376266;-51,686555;92,500
MT;BR-158;277,000;278,000;1,000;30/06/2023;-11,2376266;-51,686555;85,000
MT;BR-158;278,000;279,000;1,000;30/06/2023;-11,2376266;-51,686555;82,500
MT;BR-158;279,000;280,000;1,000;30/06/2023;-11,2376266;-51,686555;85,000
MT;BR-158;280,000;281,000;1,000;30/06/2023;-11,2376266;-51,686555;85,000
MT;BR-158;281,000;282,000;1,000;30/06/2023;-11,2376266;-51,686555;85,000
MT;BR-158;282,000;283,000;1,000;30/06/2023;-11,2376266;-51,686555;90,000
MT;BR-158;283,000;284,000;1,000;30/06/2023;-11,2376266;-51,686555;85,000
MT;BR-158;284,000;285,000;1,000;30/06/2023;-11,2376266;-51,686555;85,000
MT;BR-158;285,000;286,000;1,000;30/06/2023;-11,2376266;-51,686555;82,500
MT;BR-158;286,000;287,000;1,000;30/06/2023;-11,2376266;-51,686555;85,000
MT;BR-158;287,000;288,000;1,000;30/06/2023;-11,2376266;-51,686555;82,500
MT;BR-158;288,000;289,000;1,000;30/06/2023;-11,2376266;-51,686555;82,500
MT;BR-158;289,000;290,000;1,000;30/06/2023;-11,2376266;-51,686555;82,500
MT;BR-158;290,000;291,000;1,000;30/06/2023;-11,2376266;-51,686555;85,000
MT;BR-158;291,000;292,000;1,000;30/06/2023;-11,2376266;-51,686555;88,750
MT;BR-158;292,000;293,000;1,000;30/06/2023;-11,2376266;-51,686555;92,500
MT;BR-158;293,000;294,000;1,000;30/06/2023;-11,2376266;-51,686555;90,000
MT;BR-158;294,000;295,000;1,000;30/06/2023;-11,2376266;-51,686555;92,500
MT;BR-158;295,000;296,000;1,000;30/06/2023;-11,2376266;-51,686555;92,500
MT;BR-158;296,000;297,000;1,000;30/06/2023;-11,2376266;-51,686555;92,500
MT;BR-158;297,000;298,000;1,000;30/06/2023;-11,2376266;-51,686555;92,500
MT;BR-158;298,000;299,000;1,000;30/06/2023;-11,2376266;-51,686555;92,500
MT;BR-158;299,000;300,000;1,000;30/06/2023;-11,2376266;-51,686555;85,000
MT;BR-158;300,000;301,000;1,000;30/06/2023;-11,2376266;-51,686555;85,000
MT;BR-158;301,000;302,000;1,000;30/06/2023;-11,2376266;-51,686555;85,000
MT;BR-158;302,000;303,000;1,000;30/06/2023;-11,2376266;-51,686555;85,000
MT;BR-158;303,000;304,000;1,000;30/06/2023;-11,2376266;-51,686555;88,750
MT;BR-158;304,000;305,000;1,000;30/06/2023;-11,2376266;-51,686555;92,500
MT;BR-158;305,000;306,000;1,000;30/06/2023;-11,2376266;-51,686555;82,500
MT;BR-158;306,000;307,000;1,000;30/06/2023;-11,2376266;-51,686555;85,000
MT;BR-158;307,000;308,000;1,000;30/06/2023;-11,2376266;-51,686555;85,000
MT;BR-158;308,000;309,000;1,000;30/06/2023;-11,2376266;-51,686555;90,000
MT;BR-158;309,000;310,000;1,000;30/06/2023;-11,2376266;-51,686555;92,500
MT;BR-158;310,000;311,000;1,000;30/06/2023;-11,2376266;-51,686555;78,750
MT;BR-158;311,000;312,000;1,000;30/06/2023;-11,2376266;-51,686555;82,500
MT;BR-158;312,000;313,000;1,000;30/06/2023;-11,2376266;-51,686555;76,250
MT;BR-158;313,000;314,000;1,000;30/06/2023;-11,2376266;-51,686555;57,500
MT;BR-158;314,000;315,000;1,000;30/06/2023;-11,2376266;-51,686555;65,000
MT;BR-158;315,000;316,000;1,000;30/06/2023;-11,2376266;-51,686555;58,750
MT;BR-158;316,000;317,000;1,000;30/06/2023;-11,2376266;-51,686555;58,750
MT;BR-158;317,000;318,000;1,000;30/06/2023;-11,2376266;-51,686555;55,000
MT;BR-158;318,000;319,000;1,000;30/06/2023;-11,2376266;-51,686555;65,000
MT;BR-158;319,000;320,000;1,000;30/06/2023;-11,2376266;-51,686555;65,000
MT;BR-158;320,000;321,000;1,000;30/06/2023;-11,2376266;-51,686555;83,750
MT;BR-158;321,000;322,000;1,000;30/06/2023;-11,2376266;-51,686555;83,750
MT;BR-158;322,000;323,000;1,000;30/06/2023;-11,2376266;-51,686555;83,750
MT;BR-158;323,000;324,000;1,000;30/06/2023;-11,2376266;-51,686555;90,000
MT;BR-158;324,000;325,000;1,000;30/06/2023;-11,2376266;-51,686555;92,500
MT;BR-158;325,000;326,000;1,000;30/06/2023;-11,2376266;-51,686555;90,000
MT;BR-158;326,000;327,000;1,000;30/06/2023;-11,2376266;-51,686555;85,000
MT;BR-158;327,000;328,000;1,000;30/06/2023;-11,2376266;-51,686555;85,000
MT;BR-158;328,000;329,000;1,000;30/06/2023;-11,2376266;-51,686555;85,000
MT;BR-158;329,000;330,000;1,000;30/06/2023;-11,2376266;-51,686555;85,000
MT;BR-158;330,000;331,000;1,000;30/06/2023;-11,2376266;-51,686555;82,500
MT;BR-242;119,000;118,000;1,000;30/06/2023;-11,2376266;-51,686555;80,000
MT;BR-242;118,000;117,000;1,000;30/06/2023;-11,2376266;-51,686555;70,000
MT;BR-242;117,000;116,000;1,000;30/06/2023;-11,2376266;-51,686555;62,500
MT;BR-242;116,000;115,000;1,000;30/06/2023;-11,2376266;-51,686555;62,500
MT;BR-242;115,000;114,000;1,000;30/06/2023;-11,2376266;-51,686555;62,500
MT;BR-242;114,000;113,000;1,000;30/06/2023;-11,2376266;-51,686555;66,250
MT;BR-242;113,000;112,000;1,000;30/06/2023;-11,2376266;-51,686555;62,500
MT;BR-242;112,000;111,000;1,000;30/06/2023;-11,2376266;-51,686555;62,500
MT;BR-242;111,000;110,000;1,000;30/06/2023;-11,2376266;-51,686555;62,500
MT;BR-242;110,000;109,000;1,000;30/06/2023;-11,2376266;-51,686555;62,500
MT;BR-242;109,000;108,000;1,000;30/06/2023;-11,2376266;-51,686555;62,500
MT;BR-242;108,000;107,000;1,000;30/06/2023;-11,2376266;-51,686555;62,500
MT;BR-242;107,000;106,000;1,000;30/06/2023;-11,2376266;-51,686555;62,500
MT;BR-242;106,000;105,000;1,000;30/06/2023;-11,2376266;-51,686555;62,500
MT;BR-242;105,000;104,000;1,000;30/06/2023;-11,2376266;-51,686555;62,500
MT;BR-242;104,000;103,000;1,000;30/06/2023;-11,2376266;-51,686555;62,500
MT;BR-242;103,000;102,000;1,000;30/06/2023;-11,2376266;-51,686555;62,500
MT;BR-242;102,000;101,000;1,000;30/06/2023;-11,2376266;-51,686555;62,500
MT;BR-242;101,000;100,000;1,000;30/06/2023;-11,2376266;-51,686555;62,500
MT;BR-242;100,000;99,000;1,000;30/06/2023;-11,2376266;-51,686555;66,250
MT;BR-242;99,000;98,000;1,000;30/06/2023;-11,2376266;-51,686555;62,500
MT;BR-242;98,000;97,000;1,000;30/06/2023;-11,2376266;-51,686555;62,500
MT;BR-242;97,000;96,000;1,000;30/06/2023;-11,2376266;-51,686555;62,500
MT;BR-242;96,000;95,000;1,000;30/06/2023;-11,2376266;-51,686555;62,500
MT;BR-242;95,000;94,000;1,000;30/06/2023;-11,2376266;-51,686555;62,500
MT;BR-242;94,000;93,000;1,000;30/06/2023;-11,2376266;-51,686555;62,500
MT;BR-242;93,000;92,000;1,000;30/06/2023;-11,2376266;-51,686555;72,500
MT;BR-242;92,000;91,000;1,000;30/06/2023;-11,2376266;-51,686555;62,500
MT;BR-242;91,000;90,000;1,000;30/06/2023;-11,2376266;-51,686555;62,500
MT;BR-242;90,000;89,000;1,000;30/06/2023;-11,2376266;-51,686555;68,750
MT;BR-242;89,000;88,000;1,000;30/06/2023;-11,2376266;-51,686555;62,500
MT;BR-242;88,000;87,000;1,000;30/06/2023;-11,2376266;-51,686555;62,500
MT;BR-242;87,000;86,000;1,000;30/06/2023;-11,2376266;-51,686555;66,250
MT;BR-242;86,000;85,000;1,000;30/06/2023;-11,2376266;-51,686555;70,000
MT;BR-242;85,000;84,000;1,000;30/06/2023;-11,2376266;-51,686555;55,000
MT;BR-242;84,000;83,000;1,000;30/06/2023;-11,2376266;-51,686555;66,250
MT;BR-242;83,000;82,000;1,000;30/06/2023;-11,2376266;-51,686555;62,500
MT;BR-242;82,000;81,000;1,000;30/06/2023;-11,2376266;-51,686555;58,750
MT;BR-242;81,000;80,000;1,000;30/06/2023;-11,2376266;-51,686555;62,500
MT;BR-242;80,000;79,000;1,000;30/06/2023;-11,2376266;-51,686555;68,750
MT;BR-242;79,000;78,000;1,000;30/06/2023;-11,2376266;-51,686555;55,000
MT;BR-242;78,000;77,000;1,000;30/06/2023;-11,2376266;-51,686555;70,000
MT;BR-242;77,000;76,000;1,000;30/06/2023;-11,2376266;-51,686555;70,000
MT;BR-242;76,000;75,000;1,000;30/06/2023;-11,2376266;-51,686555;62,500
MT;BR-242;75,000;74,000;1,000;30/06/2023;-11,2376266;-51,686555;70,000
MT;BR-242;74,000;73,000;1,000;30/06/2023;-11,2376266;-51,686555;62,500
MT;BR-242;73,000;72,000;1,000;30/06/2023;-11,2376266;-51,686555;76,250
MT;BR-242;72,000;71,000;1,000;30/06/2023;-11,2376266;-51,686555;62,500
MT;BR-242;71,000;70,000;1,000;30/06/2023;-11,2376266;-51,686555;70,000
MT;BR-242;70,000;69,000;1,000;30/06/2023;-11,2376266;-51,686555;70,000
MT;BR-242;69,000;68,000;1,000;30/06/2023;-11,2376266;-51,686555;62,500
MT;BR-242;68,000;67,000;1,000;30/06/2023;-11,2376266;-51,686555;62,500
MT;BR-242;67,000;66,000;1,000;30/06/2023;-11,2376266;-51,686555;62,500
MT;BR-242;66,000;65,000;1,000;30/06/2023;-11,2376266;-51,686555;57,500
MT;BR-242;65,000;64,000;1,000;30/06/2023;-11,2376266;-51,686555;62,500
MT;BR-242;64,000;63,000;1,000;30/06/2023;-11,2376266;-51,686555;70,000
MT;BR-242;63,000;62,000;1,000;30/06/2023;-11,2376266;-51,686555;70,000
MT;BR-242;62,000;61,000;1,000;30/06/2023;-11,2376266;-51,686555;70,000
MT;BR-242;61,000;60,000;1,000;30/06/2023;-11,2376266;-51,686555;70,000
MT;BR-242;60,000;59,000;1,000;30/06/2023;-11,2376266;-51,686555;62,500
MT;BR-242;59,000;58,000;1,000;30/06/2023;-11,2376266;-51,686555;70,000
MT;BR-242;58,000;57,000;1,000;30/06/2023;-11,2376266;-51,686555;70,000
MT;BR-242;57,000;56,000;1,000;30/06/2023;-11,2376266;-51,686555;62,500
MT;BR-242;56,000;55,000;1,000;30/06/2023;-11,2376266;-51,686555;62,500
MT;BR-242;55,000;54,000;1,000;30/06/2023;-11,2376266;-51,686555;62,500
MT;BR-242;54,000;53,000;1,000;30/06/2023;-11,2376266;-51,686555;62,500
MT;BR-242;53,000;52,000;1,000;30/06/2023;-11,2376266;-51,686555;62,500
MT;BR-242;52,000;51,000;1,000;30/06/2023;-11,2376266;-51,686555;62,500
MT;BR-242;51,000;50,000;1,000;30/06/2023;-11,2376266;-51,686555;62,500
MT;BR-242;50,000;49,000;1,000;30/06/2023;-11,2376266;-51,686555;73,750
MT;BR-242;49,000;48,000;1,000;30/06/2023;-11,2376266;-51,686555;62,500
MT;BR-242;48,000;47,000;1,000;30/06/2023;-11,2376266;-51,686555;62,500
MT;BR-242;47,000;46,000;1,000;30/06/2023;-11,2376266;-51,686555;62,500
MT;BR-242;46,000;45,000;1,000;30/06/2023;-11,2376266;-51,686555;62,500
MT;BR-242;45,000;44,000;1,000;30/06/2023;-11,2376266;-51,686555;62,500
MT;BR-242;44,000;43,000;1,000;30/06/2023;-11,2376266;-51,686555;75,000
MT;BR-242;43,000;42,000;1,000;30/06/2023;-11,2376266;-51,686555;71,250
MT;BR-242;42,000;41,000;1,000;30/06/2023;-11,2376266;-51,686555;62,500
MT;BR-242;41,000;40,000;1,000;30/06/2023;-11,2376266;-51,686555;70,000
MT;BR-242;40,000;39,000;1,000;30/06/2023;-11,2376266;-51,686555;62,500
MT;BR-242;39,000;38,000;1,000;30/06/2023;-11,2376266;-51,686555;70,000
MT;BR-242;38,000;37,000;1,000;30/06/2023;-11,2376266;-51,686555;62,500
MT;BR-242;37,000;36,000;1,000;30/06/2023;-11,2376266;-51,686555;62,500
MT;BR-242;36,000;35,000;1,000;30/06/2023;-11,2376266;-51,686555;62,500
MT;BR-242;35,000;34,000;1,000;30/06/2023;-11,2376266;-51,686555;62,500
MT;BR-242;34,000;33,000;1,000;30/06/2023;-11,2376266;-51,686555;62,500
MT;BR-242;33,000;32,000;1,000;30/06/2023;-11,2376266;-51,686555;62,500
MT;BR-242;32,000;31,000;1,000;30/06/2023;-11,2376266;-51,686555;70,000
MT;BR-242;31,000;30,000;1,000;30/06/2023;-11,2376266;-51,686555;62,500
MT;BR-242;30,000;29,000;1,000;30/06/2023;-11,2376266;-51,686555;62,500
MT;BR-242;29,000;28,000;1,000;30/06/2023;-11,2376266;-51,686555;62,500
MT;BR-242;28,000;27,000;1,000;30/06/2023;-11,2376266;-51,686555;70,000
MT;BR-242;27,000;26,000;1,000;30/06/2023;-11,2376266;-51,686555;70,000
MT;BR-242;26,000;25,000;1,000;30/06/2023;-11,2376266;-51,686555;70,000
MT;BR-242;25,000;24,000;1,000;30/06/2023;-11,2376266;-51,686555;62,500
MT;BR-242;24,000;23,000;1,000;30/06/2023;-11,2376266;-51,686555;62,500
MT;BR-242;23,000;22,000;1,000;30/06/2023;-11,2376266;-51,686555;62,500
MT;BR-242;22,000;21,000;1,000;30/06/2023;-11,2376266;-51,686555;62,500
MT;BR-242;21,000;20,000;1,000;30/06/2023;-11,2376266;-51,686555;62,500
MT;BR-242;20,000;19,000;1,000;30/06/2023;-11,2376266;-51,686555;62,500
MT;BR-242;19,000;18,000;1,000;30/06/2023;-11,2376266;-51,686555;62,500
MT;BR-242;18,000;17,000;1,000;30/06/2023;-11,2376266;-51,686555;62,500
MT;BR-242;17,000;16,000;1,000;30/06/2023;-11,2376266;-51,686555;62,500
MT;BR-242;16,000;15,000;1,000;30/06/2023;-11,2376266;-51,686555;62,500
MT;BR-242;15,000;14,000;1,000;30/06/2023;-11,2376266;-51,686555;62,500
MT;BR-242;14,000;13,000;1,000;30/06/2023;-11,2376266;-51,686555;62,500
MT;BR-242;13,000;12,000;1,000;30/06/2023;-11,2376266;-51,686555;62,500
MT;BR-242;12,000;11,000;1,000;30/06/2023;-11,2376266;-51,686555;62,500
MT;BR-242;11,000;10,000;1,000;30/06/2023;-11,2376266;-51,686555;62,500
MT;BR-242;10,000;9,000;1,000;30/06/2023;-11,2376266;-51,686555;62,500
MT;BR-242;9,000;8,000;1,000;30/06/2023;-11,2376266;-51,686555;62,500
MT;BR-242;8,000;7,000;1,000;30/06/2023;-11,2376266;-51,686555;62,500
MT;BR-242;7,000;6,000;1,000;30/06/2023;-11,2376266;-51,686555;62,500
MT;BR-242;6,000;5,000;1,000;30/06/2023;-11,2376266;-51,686555;62,500
PA;BR-422;0,000;1,000;1,000;28/06/2023;-5,3591314;-49,1238215;20,000
PA;BR-422;1,000;2,000;1,000;28/06/2023;-5,3591314;-49,1238215;26,250
PA;BR-422;2,000;3,000;1,000;28/06/2023;-5,3591314;-49,1238215;51,250
PA;BR-422;3,000;4,000;1,000;28/06/2023;-5,3591314;-49,1238215;50,000
PA;BR-422;4,000;5,000;1,000;28/06/2023;-5,3591314;-49,1238215;51,250
PA;BR-422;5,000;6,000;1,000;28/06/2023;-5,3591314;-49,1238215;51,250
PA;BR-422;6,000;7,000;1,000;28/06/2023;-5,3591314;-49,1238215;51,250
PA;BR-422;7,000;8,000;1,000;28/06/2023;-5,3591314;-49,1238215;51,250
PA;BR-422;8,000;9,000;1,000;28/06/2023;-5,3591314;-49,1238215;51,250
PA;BR-422;9,000;10,000;1,000;28/06/2023;-5,3591314;-49,1238215;51,250
PA;BR-422;10,000;11,000;1,000;28/06/2023;-5,3591314;-49,1238215;51,250
PA;BR-422;11,000;12,000;1,000;28/06/2023;-5,3591314;-49,1238215;51,250
PA;BR-422;12,000;13,000;1,000;28/06/2023;-5,3591314;-49,1238215;51,250
PA;BR-422;13,000;14,000;1,000;28/06/2023;-5,3591314;-49,1238215;51,250
PA;BR-422;14,000;15,000;1,000;28/06/2023;-5,3591314;-49,1238215;51,250
PA;BR-422;15,000;16,000;1,000;28/06/2023;-5,3591314;-49,1238215;51,250
PA;BR-422;16,000;17,000;1,000;28/06/2023;-5,3591314;-49,1238215;51,250
PA;BR-422;17,000;18,000;1,000;28/06/2023;-5,3591314;-49,1238215;51,250
PA;BR-422;18,000;19,000;1,000;28/06/2023;-5,3591314;-49,1238215;51,250
PA;BR-422;19,000;20,000;1,000;28/06/2023;-5,3591314;-49,1238215;51,250
PA;BR-422;20,000;21,000;1,000;28/06/2023;-5,3591314;-49,1238215;51,250
PA;BR-422;21,000;22,000;1,000;28/06/2023;-5,3591314;-49,1238215;51,250
PA;BR-422;22,000;23,000;1,000;28/06/2023;-5,3591314;-49,1238215;51,250
PA;BR-422;23,000;24,000;1,000;28/06/2023;-5,3591314;-49,1238215;51,250
PA;BR-422;24,000;25,000;1,000;28/06/2023;-5,3591314;-49,1238215;51,250
PA;BR-422;25,000;26,000;1,000;28/06/2023;-5,3591314;-49,1238215;51,250
PA;BR-422;26,000;27,000;1,000;28/06/2023;-5,3591314;-49,1238215;51,250
PA;BR-422;27,000;28,000;1,000;28/06/2023;-5,3591314;-49,1238215;51,250
PA;BR-422;28,000;29,000;1,000;28/06/2023;-5,3591314;-49,1238215;51,250
PA;BR-422;29,000;30,000;1,000;28/06/2023;-5,3591314;-49,1238215;51,250
PA;BR-422;30,000;31,000;1,000;28/06/2023;-5,3591314;-49,1238215;51,250
PA;BR-422;31,000;32,000;1,000;28/06/2023;-5,3591314;-49,1238215;51,250
PA;BR-422;32,000;33,000;1,000;28/06/2023;-5,3591314;-49,1238215;51,250
PA;BR-422;33,000;34,000;1,000;28/06/2023;-5,3591314;-49,1238215;51,250
PA;BR-422;34,000;35,000;1,000;28/06/2023;-5,3591314;-49,1238215;51,250
PA;BR-422;35,000;36,000;1,000;28/06/2023;-5,3591314;-49,1238215;51,250
PA;BR-422;36,000;37,000;1,000;28/06/2023;-5,3591314;-49,1238215;51,250
PA;BR-422;37,000;38,000;1,000;28/06/2023;-5,3591314;-49,1238215;51,250
PA;BR-422;38,000;39,000;1,000;28/06/2023;-5,3591314;-49,1238215;51,250
PA;BR-422;39,000;40,000;1,000;28/06/2023;-5,3591314;-49,1238215;51,250
PA;BR-422;40,000;41,000;1,000;28/06/2023;-5,3591314;-49,1238215;51,250
PA;BR-422;41,000;42,000;1,000;28/06/2023;-5,3591314;-49,1238215;51,250
PA;BR-422;42,000;43,000;1,000;28/06/2023;-5,3591314;-49,1238215;51,250
PA;BR-422;43,000;44,000;1,000;28/06/2023;-5,3591314;-49,1238215;51,250
PA;BR-422;44,000;45,000;1,000;28/06/2023;-5,3591314;-49,1238215;51,250
PA;BR-422;45,000;46,000;1,000;28/06/2023;-5,3591314;-49,1238215;51,250
PA;BR-422;46,000;47,000;1,000;28/06/2023;-5,3591314;-49,1238215;51,250
PA;BR-422;47,000;48,000;1,000;28/06/2023;-5,3591314;-49,1238215;51,250
PA;BR-422;48,000;49,000;1,000;28/06/2023;-5,3591314;-49,1238215;51,250
PA;BR-422;49,000;50,000;1,000;28/06/2023;-5,3591314;-49,1238215;51,250
PA;BR-422;50,000;51,000;1,000;28/06/2023;-5,3591314;-49,1238215;51,250
PA;BR-422;51,000;52,000;1,000;28/06/2023;-5,3591314;-49,1238215;51,250
PA;BR-422;52,000;53,000;1,000;28/06/2023;-5,3591314;-49,1238215;51,250
PA;BR-422;53,000;54,000;1,000;28/06/2023;-5,3591314;-49,1238215;51,250
PA;BR-422;54,000;55,000;1,000;28/06/2023;-5,3591314;-49,1238215;51,250
PA;BR-422;55,000;56,000;1,000;28/06/2023;-5,3591314;-49,1238215;51,250
PA;BR-422;56,000;57,000;1,000;28/06/2023;-5,3591314;-49,1238215;51,250
PA;BR-422;57,000;58,000;1,000;28/06/2023;-5,3591314;-49,1238215;51,250
PA;BR-422;58,000;59,000;1,000;28/06/2023;-5,3591314;-49,1238215;51,250
PA;BR-422;59,000;60,000;1,000;28/06/2023;-5,3591314;-49,1238215;51,250
PA;BR-422;60,000;61,000;1,000;28/06/2023;-5,3591314;-49,1238215;51,250
PA;BR-422;61,000;62,000;1,000;28/06/2023;-5,3591314;-49,1238215;51,250
PA;BR-422;62,000;63,000;1,000;28/06/2023;-5,3591314;-49,1238215;51,250
PA;BR-422;63,000;64,000;1,000;28/06/2023;-5,3591314;-49,1238215;51,250
PA;BR-422;64,000;65,000;1,000;28/06/2023;-5,3591314;-49,1238215;51,250
PA;BR-422;65,000;66,000;1,000;28/06/2023;-5,3591314;-49,1238215;17,500
PA;BR-422;66,000;67,000;1,000;28/06/2023;-5,3591314;-49,1238215;17,500
PA;BR-422;67,000;68,000;1,000;28/06/2023;-5,3591314;-49,1238215;17,500
PA;BR-422;68,000;69,000;1,000;28/06/2023;-5,3591314;-49,1238215;17,500
PA;BR-422;69,000;70,000;1,000;28/06/2023;-5,3591314;-49,1238215;17,500
PA;BR-422;70,000;71,000;1,000;28/06/2023;-5,3591314;-49,1238215;17,500
PA;BR-422;71,000;72,000;1,000;28/06/2023;-5,3591314;-49,1238215;17,500
PA;BR-422;72,000;73,000;1,000;28/06/2023;-5,3591314;-49,1238215;17,500
PA;BR-422;73,000;74,000;1,000;28/06/2023;-5,3591314;-49,1238215;17,500
PA;BR-422;74,000;75,000;1,000;28/06/2023;-5,3591314;-49,1238215;17,500
PA;BR-422;75,000;76,000;1,000;28/06/2023;-5,3591314;-49,1238215;17,500
PA;BR-422;76,000;77,000;1,000;28/06/2023;-5,3591314;-49,1238215;17,500
PA;BR-422;77,000;78,000;1,000;28/06/2023;-5,3591314;-49,1238215;26,250
PA;BR-422;78,000;79,000;1,000;28/06/2023;-5,3591314;-49,1238215;26,250
PA;BR-422;79,000;80,000;1,000;28/06/2023;-5,3591314;-49,1238215;26,250
PA;BR-422;80,000;81,000;1,000;28/06/2023;-5,3591314;-49,1238215;51,250
PA;BR-422;81,000;82,000;1,000;28/06/2023;-5,3591314;-49,1238215;51,250
PA;BR-422;82,000;83,000;1,000;28/06/2023;-5,3591314;-49,1238215;51,250
PA;BR-422;83,000;84,000;1,000;28/06/2023;-5,3591314;-49,1238215;51,250
PA;BR-422;84,000;85,000;1,000;28/06/2023;-5,3591314;-49,1238215;51,250
PA;BR-422;85,000;86,000;1,000;28/06/2023;-5,3591314;-49,1238215;51,250
PA;BR-422;86,000;87,000;1,000;28/06/2023;-5,3591314;-49,1238215;51,250
PA;BR-422;87,000;88,000;1,000;28/06/2023;-5,3591314;-49,1238215;51,250
PA;BR-422;88,000;89,000;1,000;28/06/2023;-5,3591314;-49,1238215;51,250
PA;BR-422;89,000;90,000;1,000;28/06/2023;-5,3591314;-49,1238215;51,250
PA;BR-422;90,000;91,000;1,000;28/06/2023;-5,3591314;-49,1238215;51,250
PA;BR-422;91,000;92,000;1,000;28/06/2023;-5,3591314;-49,1238215;51,250
PA;BR-422;92,000;93,000;1,000;28/06/2023;-5,3591314;-49,1238215;51,250
PA;BR-422;93,000;94,000;1,000;28/06/2023;-5,3591314;-49,1238215;51,250
PA;BR-422;94,000;95,000;1,000;28/06/2023;-5,3591314;-49,1238215;51,250
PA;BR-422;95,000;96,000;1,000;28/06/2023;-5,3591314;-49,1238215;51,250
PA;BR-422;96,000;97,000;1,000;28/06/2023;-5,3591314;-49,1238215;51,250
PA;BR-422;97,000;98,000;1,000;28/06/2023;-5,3591314;-49,1238215;51,250
PA;BR-422;98,000;99,000;1,000;28/06/2023;-5,3591314;-49,1238215;51,250
PA;BR-422;99,000;100,000;1,000;28/06/2023;-5,35912828;-49,1237348;51,250
PA;BR-422;100,000;101,000;1,000;28/06/2023;-5,35912828;-49,1237348;51,250
PA;BR-422;101,000;102,000;1,000;28/06/2023;-5,35912828;-49,1237348;51,250
PA;BR-422;102,000;103,000;1,000;28/06/2023;-5,35912828;-49,1237348;51,250
PA;BR-422;103,000;104,000;1,000;28/06/2023;-5,35912828;-49,1237348;51,250
PA;BR-422;104,000;105,000;1,000;28/06/2023;-5,35912828;-49,1237348;51,250
PA;BR-422;105,000;106,000;1,000;28/06/2023;-5,35912828;-49,1237348;51,250
PA;BR-422;106,000;107,000;1,000;28/06/2023;-5,35912828;-49,1237348;51,250
PA;BR-422;107,000;108,000;1,000;28/06/2023;-5,35912828;-49,1237348;51,250
PA;BR-422;108,000;109,000;1,000;28/06/2023;-5,35912828;-49,1237348;51,250
PA;BR-422;109,000;110,000;1,000;28/06/2023;-5,35912828;-49,1237348;51,250
PA;BR-422;110,000;111,000;1,000;28/06/2023;-5,35912828;-49,1237348;51,250
PA;BR-422;111,000;112,000;1,000;28/06/2023;-5,35912828;-49,1237348;51,250
PA;BR-422;112,000;113,000;1,000;28/06/2023;-5,35912828;-49,1237348;51,250
PA;BR-422;113,000;114,000;1,000;28/06/2023;-5,35912828;-49,1237348;51,250
PA;BR-422;114,000;115,000;1,000;28/06/2023;-5,35912828;-49,1237348;51,250
PA;BR-422;115,000;116,000;1,000;28/06/2023;-5,35912828;-49,1237348;51,250
PA;BR-422;116,000;117,000;1,000;28/06/2023;-5,35912828;-49,1237348;51,250
PA;BR-422;117,000;118,000;1,000;28/06/2023;-5,35912828;-49,1237348;51,250
PA;BR-422;118,000;119,000;1,000;28/06/2023;-5,35912828;-49,1237348;51,250
PA;BR-422;119,000;120,000;1,000;28/06/2023;-5,35912828;-49,1237348;51,250
PA;BR-422;120,000;121,000;1,000;28/06/2023;-5,35912828;-49,1237348;51,250
PA;BR-422;121,000;122,000;1,000;28/06/2023;-5,35912828;-49,1237348;51,250
PA;BR-422;122,000;123,000;1,000;28/06/2023;-5,35912828;-49,1237348;51,250
PA;BR-422;123,000;124,000;1,000;28/06/2023;-5,35912828;-49,1237348;51,250
PA;BR-422;124,000;125,000;1,000;28/06/2023;-5,35912828;-49,1237348;51,250
PA;BR-422;125,000;126,000;1,000;28/06/2023;-5,35912828;-49,1237348;51,250
PA;BR-422;126,000;127,000;1,000;28/06/2023;-5,35912828;-49,1237348;51,250
PA;BR-422;127,000;128,000;1,000;28/06/2023;-5,35912828;-49,1237348;51,250
PA;BR-422;128,000;129,000;1,000;28/06/2023;-5,35912828;-49,1237348;51,250
PA;BR-422;129,000;130,000;1,000;28/06/2023;-5,35912828;-49,1237348;51,250
PA;BR-422;130,000;131,000;1,000;28/06/2023;-5,35912828;-49,1237348;51,250
PA;BR-422;131,000;132,000;1,000;28/06/2023;-5,35912828;-49,1237348;50,000
PA;BR-422;132,000;133,000;1,000;28/06/2023;-5,35912828;-49,1237348;50,000
PA;BR-422;133,000;134,000;1,000;28/06/2023;-5,35912828;-49,1237348;50,000
PA;BR-422;134,000;135,000;1,000;28/06/2023;-5,35912828;-49,1237348;50,000
PA;BR-422;135,000;136,000;1,000;28/06/2023;-5,35912828;-49,1237348;50,000
PA;BR-422;136,000;137,000;1,000;28/06/2023;-5,35912828;-49,1237348;50,000
PA;BR-422;137,000;138,000;1,000;28/06/2023;-5,35912828;-49,1237348;50,000
PA;BR-422;138,000;139,000;1,000;28/06/2023;-5,35912828;-49,1237348;50,000
PA;BR-422;139,000;140,000;1,000;28/06/2023;-5,35912828;-49,1237348;50,000
PA;BR-422;140,000;141,000;1,000;28/06/2023;-5,35912828;-49,1237348;50,000
PA;BR-422;141,000;142,000;1,000;28/06/2023;-5,35912828;-49,1237348;50,000
PA;BR-422;142,000;143,000;1,000;28/06/2023;-5,35912828;-49,1237348;50,000
PA;BR-422;143,000;144,000;1,000;28/06/2023;-5,35912828;-49,1237348;50,000
PA;BR-422;144,000;145,000;1,000;28/06/2023;-5,35912828;-49,1237348;50,000
PA;BR-422;145,000;146,000;1,000;28/06/2023;-5,35912828;-49,1237348;50,000
PA;BR-422;146,000;147,000;1,000;28/06/2023;-5,35912828;-49,1237348;50,000
PA;BR-422;147,000;148,000;1,000;28/06/2023;-5,35912828;-49,1237348;50,000
PA;BR-422;148,000;149,000;1,000;28/06/2023;-5,35912828;-49,1237348;50,000
PA;BR-422;149,000;150,000;1,000;28/06/2023;-5,35912828;-49,1237348;50,000
PA;BR-422;150,000;151,000;1,000;28/06/2023;-5,35912828;-49,1237348;50,000
PA;BR-422;151,000;152,000;1,000;28/06/2023;-5,35912828;-49,1237348;50,000
PA;BR-422;152,000;153,000;1,000;28/06/2023;-5,35912828;-49,1237348;50,000
PA;BR-422;153,000;154,000;1,000;28/06/2023;-5,35912828;-49,1237348;50,000
PA;BR-422;154,000;155,000;1,000;28/06/2023;-5,35912828;-49,1237348;50,000
PA;BR-422;155,000;156,000;1,000;28/06/2023;-5,35912828;-49,1237348;50,000
PA;BR-422;156,000;157,000;1,000;28/06/2023;-5,35912828;-49,1237348;50,000
PA;BR-422;157,000;158,000;1,000;28/06/2023;-5,35912828;-49,1237348;50,000
PA;BR-422;158,000;159,000;1,000;28/06/2023;-5,35912828;-49,1237348;50,000
PA;BR-422;159,000;160,000;1,000;28/06/2023;-5,35912828;-49,1237348;51,250
PA;BR-422;160,000;161,000;1,000;28/06/2023;-5,35912828;-49,1237348;51,250
PA;BR-422;161,000;162,000;1,000;28/06/2023;-5,35912828;-49,1237348;51,250
PA;BR-422;162,000;163,000;1,000;28/06/2023;-5,35912828;-49,1237348;51,250
PA;BR-422;163,000;164,000;1,000;28/06/2023;-5,35912828;-49,1237348;51,250
PA;BR-422;164,000;165,000;1,000;28/06/2023;-5,35912828;-49,1237348;51,250
PA;BR-422;165,000;166,000;1,000;28/06/2023;-5,35912828;-49,1237348;51,250
PA;BR-422;166,000;167,000;1,000;28/06/2023;-5,35912828;-49,1237348;51,250
PA;BR-422;167,000;168,000;1,000;28/06/2023;-5,35912828;-49,1237348;51,250
PA;BR-422;168,000;169,000;1,000;28/06/2023;-5,35912828;-49,1237348;0,000
PA;BR-422;169,000;170,000;1,000;28/06/2023;-5,35912828;-49,1237348;0,000
PA;BR-422;170,000;171,000;1,000;28/06/2023;-5,35912828;-49,1237348;0,000
PA;BR-422;171,000;172,000;1,000;28/06/2023;-5,35912828;-49,1237348;0,000
PA;BR-422;172,000;173,000;1,000;28/06/2023;-5,35912828;-49,1237348;0,000
PA;BR-422;173,000;174,000;1,000;28/06/2023;-5,35912828;-49,1237348;0,000
PA;BR-422;174,000;175,000;1,000;28/06/2023;-5,35912828;-49,1237348;0,000
PA;BR-422;175,000;176,000;1,000;28/06/2023;-5,35912828;-49,1237348;0,000
PA;BR-422;176,000;177,000;1,000;28/06/2023;-5,35912828;-49,1237348;0,000
PA;BR-422;177,000;178,000;1,000;28/06/2023;-5,35912828;-49,1237348;0,000
PA;BR-422;178,000;179,000;1,000;28/06/2023;-5,35912828;-49,1237348;0,000
PA;BR-422;179,000;180,000;1,000;28/06/2023;-5,35912828;-49,1237348;0,000
PA;BR-422;180,000;181,000;1,000;28/06/2023;-5,35912828;-49,1237348;0,000
PA;BR-422;181,000;182,000;1,000;28/06/2023;-5,35912828;-49,1237348;0,000
PA;BR-422;182,000;183,000;1,000;28/06/2023;-5,35912828;-49,1237348;0,000
PA;BR-422;183,000;184,000;1,000;28/06/2023;-5,35912828;-49,1237348;0,000
PA;BR-422;184,000;185,000;1,000;28/06/2023;-5,35912828;-49,1237348;0,000
PA;BR-422;185,000;186,000;1,000;28/06/2023;-5,35912828;-49,1237348;0,000
PA;BR-422;186,000;187,000;1,000;28/06/2023;-5,35912828;-49,1237348;0,000
PA;BR-422;187,000;188,000;1,000;28/06/2023;-5,35912828;-49,1237348;0,000
PA;BR-422;188,000;189,000;1,000;28/06/2023;-5,35912828;-49,1237348;0,000
PA;BR-422;189,000;190,000;1,000;28/06/2023;-5,35912828;-49,1237348;0,000
PA;BR-422;190,000;191,000;1,000;28/06/2023;-5,35912828;-49,1237348;0,000
PA;BR-422;191,000;192,000;1,000;28/06/2023;-5,35912828;-49,1237348;0,000
PA;BR-422;192,000;193,000;1,000;28/06/2023;-5,35912828;-49,1237348;0,000
PA;BR-422;193,000;194,000;1,000;28/06/2023;-5,35912828;-49,1237348;0,000
PA;BR-422;194,000;195,000;1,000;28/06/2023;-5,35912828;-49,1237348;0,000
PA;BR-422;195,000;196,000;1,000;28/06/2023;-5,35912828;-49,1237348;0,000
PA;BR-422;196,000;197,000;1,000;28/06/2023;-5,35912828;-49,1237348;0,000
PA;BR-422;197,000;198,000;1,000;28/06/2023;-5,35912828;-49,1237348;0,000
PA;BR-422;198,000;199,000;1,000;28/06/2023;-5,35912828;-49,1237348;0,000
PA;BR-422;199,000;200,000;1,000;28/06/2023;-5,35912828;-49,1237348;0,000
PA;BR-422;200,000;201,000;1,000;28/06/2023;-5,35912828;-49,1237348;0,000
PA;BR-422;201,000;202,000;1,000;28/06/2023;-5,35912828;-49,1237348;0,000
PA;BR-422;202,000;203,000;1,000;28/06/2023;-5,35912828;-49,1237348;0,000
PA;BR-422;203,000;204,000;1,000;28/06/2023;-5,35912828;-49,1237348;0,000
PA;BR-422;204,000;205,000;1,000;28/06/2023;-5,35912828;-49,1237348;0,000
PA;BR-422;205,000;206,000;1,000;28/06/2023;-5,35912828;-49,1237348;0,000
PA;BR-422;206,000;207,000;1,000;28/06/2023;-5,35912828;-49,1237348;0,000
PA;BR-422;207,000;208,000;1,000;28/06/2023;-5,35912828;-49,1237348;0,000
PA;BR-422;208,000;209,000;1,000;28/06/2023;-5,35912828;-49,1237348;0,000
PA;BR-422;209,000;210,000;1,000;28/06/2023;-5,359132;-49,1238203;0,000
PA;BR-422;210,000;211,000;1,000;28/06/2023;-5,35912828;-49,1237348;0,000
PA;BR-422;211,000;212,000;1,000;28/06/2023;-5,35912828;-49,1237348;0,000
PA;BR-422;212,000;213,000;1,000;28/06/2023;-5,35912828;-49,1237348;0,000
PA;BR-422;213,000;214,000;1,000;28/06/2023;-5,35912828;-49,1237348;0,000
PA;BR-422;214,000;215,000;1,000;28/06/2023;-5,35912828;-49,1237348;0,000
PA;BR-422;215,000;216,000;1,000;28/06/2023;-5,35912828;-49,1237348;0,000
PA;BR-422;216,000;217,000;1,000;28/06/2023;-5,35912828;-49,1237348;0,000
PA;BR-422;217,000;218,000;1,000;28/06/2023;-5,35912828;-49,1237348;0,000
PA;BR-422;218,000;219,000;1,000;28/06/2023;-5,35912828;-49,1237348;0,000
PA;BR-422;219,000;220,000;1,000;28/06/2023;-5,35912828;-49,1237348;0,000
PA;BR-422;220,000;221,000;1,000;28/06/2023;-5,35912828;-49,1237348;7,500
PA;BR-422;221,000;222,000;1,000;28/06/2023;-5,35912828;-49,1237348;12,500
PA;BR-422;222,000;223,000;1,000;28/06/2023;-5,35912828;-49,1237348;7,500
PA;BR-422;223,000;224,000;1,000;28/06/2023;-5,35912828;-49,1237348;12,500
PA;BR-422;224,000;225,000;1,000;28/06/2023;-5,35912828;-49,1237348;12,500
PA;BR-422;225,000;226,000;1,000;28/06/2023;-5,35912828;-49,1237348;12,500
PA;BR-422;226,000;227,000;1,000;28/06/2023;-5,35912828;-49,1237348;12,500
PA;BR-422;227,000;228,000;1,000;28/06/2023;-5,35912828;-49,1237348;12,500
PA;BR-422;228,000;229,000;1,000;28/06/2023;-5,35912828;-49,1237348;12,500
PA;BR-422;229,000;230,000;1,000;28/06/2023;-5,35912828;-49,1237348;12,500
PA;BR-422;230,000;231,000;1,000;28/06/2023;-5,35912828;-49,1237348;12,500
PA;BR-422;231,000;232,000;1,000;28/06/2023;-5,35912828;-49,1237348;12,500
PA;BR-422;232,000;233,000;1,000;28/06/2023;-5,35912828;-49,1237348;12,500
PA;BR-422;233,000;234,000;1,000;28/06/2023;-5,35912828;-49,1237348;12,500
PA;BR-422;234,000;235,000;1,000;28/06/2023;-5,35912828;-49,1237348;12,500
PA;BR-422;235,000;236,000;1,000;28/06/2023;-5,35912828;-49,1237348;12,500
PA;BR-422;236,000;237,000;1,000;28/06/2023;-5,35912828;-49,1237348;12,500
PA;BR-422;237,000;238,000;1,000;28/06/2023;-5,35912828;-49,1237348;12,500
PA;BR-422;238,000;239,000;1,000;28/06/2023;-5,35912828;-49,1237348;12,500
PA;BR-422;239,000;240,000;1,000;28/06/2023;-5,35912828;-49,1237348;12,500
PA;BR-422;240,000;241,000;1,000;28/06/2023;-5,35912828;-49,1237348;12,500
PA;BR-422;241,000;242,000;1,000;28/06/2023;-5,35912828;-49,1237348;12,500
PA;BR-422;242,000;243,000;1,000;28/06/2023;-5,35912828;-49,1237348;12,500
PA;BR-422;243,000;244,000;1,000;28/06/2023;-5,35912828;-49,1237348;12,500
PA;BR-422;244,000;245,000;1,000;28/06/2023;-5,35912828;-49,1237348;12,500
PA;BR-422;245,000;246,000;1,000;28/06/2023;-5,35912828;-49,1237348;12,500
PA;BR-422;246,000;247,000;1,000;28/06/2023;-5,35912828;-49,1237348;20,000
PA;BR-422;247,000;248,000;1,000;28/06/2023;-5,35912828;-49,1237348;20,000
PA;BR-422;248,000;249,000;1,000;28/06/2023;-5,35912828;-49,1237348;20,000
PA;BR-422;249,000;250,000;1,000;28/06/2023;-5,35912828;-49,1237348;20,000
PA;BR-422;250,000;251,000;1,000;28/06/2023;-5,35912828;-49,1237348;20,000
PA;BR-422;251,000;252,000;1,000;28/06/2023;-5,35912828;-49,1237348;20,000
PA;BR-422;252,000;253,000;1,000;28/06/2023;-5,35912828;-49,1237348;20,000
PA;BR-422;253,000;254,000;1,000;28/06/2023;-5,35912828;-49,1237348;20,000
PA;BR-422;254,000;255,000;1,000;28/06/2023;-5,35912828;-49,1237348;20,000
PA;BR-422;255,000;256,000;1,000;28/06/2023;-5,35912828;-49,1237348;20,000
PA;BR-422;256,000;257,000;1,000;28/06/2023;-5,35912828;-49,1237348;20,000
PA;BR-422;257,000;258,000;1,000;28/06/2023;-5,35912828;-49,1237348;20,000
PA;BR-422;258,000;259,000;1,000;28/06/2023;-5,35912828;-49,1237348;20,000
PA;BR-422;259,000;260,000;1,000;28/06/2023;-5,35912828;-49,1237348;20,000
PA;BR-422;260,000;261,000;1,000;28/06/2023;-5,35912828;-49,1237348;20,000
PA;BR-422;261,000;262,000;1,000;28/06/2023;-5,35912828;-49,1237348;20,000
PA;BR-422;262,000;263,000;1,000;28/06/2023;-5,35912828;-49,1237348;20,000
PA;BR-422;263,000;264,000;1,000;28/06/2023;-5,35912828;-49,1237348;20,000
PA;BR-422;264,000;265,000;1,000;28/06/2023;-5,35912828;-49,1237348;20,000
PA;BR-422;265,000;266,000;1,000;28/06/2023;-5,35912828;-49,1237348;20,000
PA;BR-422;266,000;267,000;1,000;28/06/2023;-5,35912828;-49,1237348;23,750
PA;BR-422;267,000;268,000;1,000;28/06/2023;-5,35912828;-49,1237348;20,000
PA;BR-422;268,000;269,000;1,000;28/06/2023;-5,35912828;-49,1237348;0,000
PA;BR-422;269,000;270,000;1,000;28/06/2023;-5,35912828;-49,1237348;0,000
PA;BR-422;270,000;271,000;1,000;28/06/2023;-5,35912828;-49,1237348;0,000
PA;BR-422;271,000;272,000;1,000;28/06/2023;-5,35912828;-49,1237348;20,000
PA;BR-422;272,000;273,000;1,000;28/06/2023;-5,35912828;-49,1237348;0,000
PA;BR-422;273,000;274,000;1,000;28/06/2023;-5,35912828;-49,1237348;0,000
PA;BR-422;274,000;275,000;1,000;28/06/2023;-5,35912828;-49,1237348;0,000
PA;BR-422;275,000;276,000;1,000;28/06/2023;-5,35912828;-49,1237348;0,000
PA;BR-422;276,000;277,000;1,000;28/06/2023;-5,35912828;-49,1237348;12,500
PA;BR-422;277,000;278,000;1,000;28/06/2023;-5,35912828;-49,1237348;0,000
PA;BR-422;278,000;279,000;1,000;28/06/2023;-5,35912828;-49,1237348;0,000
PA;BR-422;279,000;280,000;1,000;28/06/2023;-5,35912828;-49,1237348;0,000
PA;BR-422;280,000;281,000;1,000;28/06/2023;-5,35912828;-49,1237348;0,000
PA;BR-422;281,000;282,000;1,000;28/06/2023;-5,35912828;-49,1237348;0,000
PA;BR-422;282,000;283,000;1,000;28/06/2023;-5,35912828;-49,1237348;15,000
PA;BR-422;283,000;284,000;1,000;28/06/2023;-5,35912828;-49,1237348;12,500
PA;BR-422;284,000;285,000;1,000;28/06/2023;-5,35912828;-49,1237348;61,250
PA;BR-422;285,000;286,000;1,000;28/06/2023;-5,35912828;-49,1237348;57,500
PA;BR-422;286,000;287,000;1,000;28/06/2023;-5,35912828;-49,1237348;57,500
PA;BR-422;287,000;288,000;1,000;28/06/2023;-5,35912828;-49,1237348;57,500
PA;BR-422;288,000;289,000;1,000;28/06/2023;-5,35912828;-49,1237348;57,500
PA;BR-422;289,000;290,000;1,000;28/06/2023;-5,35912828;-49,1237348;57,500
PA;BR-422;290,000;291,000;1,000;28/06/2023;-5,35912828;-49,1237348;50,000
PA;BR-422;291,000;292,000;1,000;28/06/2023;-5,35912828;-49,1237348;50,000
PA;BR-422;292,000;293,000;1,000;28/06/2023;-5,35912828;-49,1237348;50,000
PA;BR-422;293,000;294,000;1,000;28/06/2023;-5,35912828;-49,1237348;0,000
PA;BR-422;294,000;295,000;1,000;28/06/2023;-5,35912828;-49,1237348;0,000
PA;BR-422;295,000;296,000;1,000;28/06/2023;-5,35912828;-49,1237348;0,000
PA;BR-422;296,000;297,000;1,000;28/06/2023;-5,35912828;-49,1237348;0,000
PA;BR-422;297,000;298,000;1,000;28/06/2023;-5,35912828;-49,1237348;0,000
PA;BR-422;298,000;299,000;1,000;28/06/2023;-5,35912828;-49,1237348;50,000
PA;BR-422;299,000;300,000;1,000;28/06/2023;-5,35912828;-49,1237348;50,000
PA;BR-422;300,000;301,000;1,000;28/06/2023;-5,35912828;-49,1237348;50,000
PA;BR-422;301,000;302,000;1,000;28/06/2023;-5,35912828;-49,1237348;50,000
PA;BR-422;302,000;303,000;1,000;28/06/2023;-5,35912828;-49,1237348;50,000
PA;BR-422;303,000;304,000;1,000;28/06/2023;-5,35912828;-49,1237348;65,000
PA;BR-422;304,000;305,000;1,000;28/06/2023;-5,35912828;-49,1237348;65,000
PA;BR-422;305,000;306,000;1,000;28/06/2023;-5,35912828;-49,1237348;67,500
PA;BR-422;306,000;307,000;1,000;28/06/2023;-5,35912828;-49,1237348;57,500
PA;BR-422;307,000;308,000;1,000;28/06/2023;-5,35912828;-49,1237348;0,000
PA;BR-422;308,000;309,000;1,000;28/06/2023;-5,35912828;-49,1237348;50,000
PA;BR-422;309,000;310,000;1,000;28/06/2023;-5,35912828;-49,1237348;50,000
PA;BR-422;310,000;311,000;1,000;28/06/2023;-5,35912828;-49,1237348;75,000
PA;BR-422;311,000;312,000;1,000;28/06/2023;-5,35912828;-49,1237348;61,250
PA;BR-422;312,000;313,000;1,000;28/06/2023;-5,35912828;-49,1237348;57,500
PA;BR-422;313,000;314,000;1,000;28/06/2023;-5,35912828;-49,1237348;35,000
PA;BR-422;314,000;315,000;1,000;28/06/2023;-5,35912828;-49,1237348;52,500
PA;BR-422;315,000;316,000;1,000;28/06/2023;-5,35912828;-49,1237348;50,000
PA;BR-422;316,000;317,000;1,000;28/06/2023;-5,35912828;-49,1237348;50,000
PA;BR-422;317,000;318,000;1,000;28/06/2023;-5,35912828;-49,1237348;75,000
PA;BR-422;318,000;319,000;1,000;28/06/2023;-5,35912828;-49,1237348;61,250
PA;BR-422;319,000;320,000;1,000;28/06/2023;-5,35912828;-49,1237348;55,000
PA;BR-422;320,000;321,000;1,000;28/06/2023;-5,35912828;-49,1237348;55,000
PA;BR-422;321,000;322,000;1,000;28/06/2023;-5,35912828;-49,1237348;55,000
PA;BR-422;322,000;323,000;1,000;28/06/2023;-5,35912828;-49,1237348;55,000
PA;BR-422;323,000;324,000;1,000;28/06/2023;-5,35912828;-49,1237348;55,000
PA;BR-422;324,000;325,000;1,000;28/06/2023;-5,35912828;-49,1237348;55,000
PA;BR-422;325,000;326,000;1,000;28/06/2023;-5,35912828;-49,1237348;55,000
PA;BR-422;326,000;327,000;1,000;28/06/2023;-5,35912828;-49,1237348;55,000
PA;BR-422;327,000;328,000;1,000;28/06/2023;-5,35912828;-49,1237348;55,000
PA;BR-422;328,000;329,000;1,000;28/06/2023;-5,35912828;-49,1237348;57,500
PA;BR-422;329,000;330,000;1,000;28/06/2023;-5,35912828;-49,1237348;57,500
PA;BR-422;330,000;331,000;1,000;28/06/2023;-5,35912828;-49,1237348;57,500
PA;BR-422;331,000;332,000;1,000;28/06/2023;-5,35912828;-49,1237348;57,500
PA;BR-422;332,000;333,000;1,000;28/06/2023;-5,35912828;-49,1237348;57,500
PA;BR-422;333,000;334,000;1,000;28/06/2023;-5,35912828;-49,1237348;57,500
PA;BR-422;334,000;335,000;1,000;28/06/2023;-5,35912828;-49,1237348;57,500
PA;BR-422;335,000;336,000;1,000;28/06/2023;-5,35912828;-49,1237348;57,500
PA;BR-230;266,000;267,000;1,000;28/06/2023;-5,35924588;-49,1234287;18,750
PA;BR-230;267,000;268,000;1,000;28/06/2023;-5,35924588;-49,1234287;18,750
PA;BR-230;268,000;269,000;1,000;28/06/2023;-5,35924588;-49,1234287;15,000
PA;BR-230;269,000;270,000;1,000;28/06/2023;-5,35924588;-49,1234287;3,750
PA;BR-230;270,000;271,000;1,000;28/06/2023;-5,35924588;-49,1234287;26,250
PA;BR-230;271,000;272,000;1,000;28/06/2023;-5,35924588;-49,1234287;26,250
PA;BR-230;272,000;273,000;1,000;28/06/2023;-5,35924588;-49,1234287;45,000
PA;BR-230;273,000;274,000;1,000;28/06/2023;-5,35924588;-49,1234287;45,000
PA;BR-230;274,000;275,000;1,000;28/06/2023;-5,3591272;-49,1238246;18,750
PA;BR-230;275,000;276,000;1,000;28/06/2023;-5,35924588;-49,1234287;30,000
PA;BR-230;276,000;277,000;1,000;28/06/2023;-5,35924588;-49,1234287;18,750
PA;BR-230;277,000;278,000;1,000;28/06/2023;-5,35924588;-49,1234287;37,500
PA;BR-230;278,000;279,000;1,000;28/06/2023;-5,35924588;-49,1234287;26,250
PA;BR-230;279,000;280,000;1,000;28/06/2023;-5,3591146;-49,1238186;18,750
PA;BR-230;280,000;281,000;1,000;28/06/2023;-5,35924588;-49,1234287;33,750
PA;BR-230;281,000;282,000;1,000;28/06/2023;-5,35924588;-49,1234287;48,750
PA;BR-230;282,000;283,000;1,000;28/06/2023;-5,35924588;-49,1234287;22,500
PA;BR-230;283,000;284,000;1,000;28/06/2023;-5,35924588;-49,1234287;62,500
PA;BR-230;284,000;285,000;1,000;28/06/2023;-5,35924588;-49,1234287;15,000
PA;BR-230;285,000;286,000;1,000;28/06/2023;-5,35924588;-49,1234287;33,750
PA;BR-230;286,000;287,000;1,000;28/06/2023;-5,35924588;-49,1234287;15,000
PA;BR-230;287,000;288,000;1,000;28/06/2023;-5,35924588;-49,1234287;3,750
PA;BR-230;288,000;289,000;1,000;28/06/2023;-5,35924588;-49,1234287;3,750
PA;BR-230;289,000;290,000;1,000;28/06/2023;-5,35924588;-49,1234287;3,750
PA;BR-230;290,000;291,000;1,000;28/06/2023;-5,35924588;-49,1234287;0,000
PA;BR-230;291,000;292,000;1,000;28/06/2023;-5,35924588;-49,1234287;0,000
PA;BR-230;292,000;293,000;1,000;28/06/2023;-5,35924588;-49,1234287;0,000
PA;BR-230;293,000;294,000;1,000;28/06/2023;-5,35924588;-49,1234287;0,000
PA;BR-230;294,000;295,000;1,000;28/06/2023;-5,35924588;-49,1234287;0,000
PA;BR-230;295,000;296,000;1,000;28/06/2023;-5,35924588;-49,1234287;0,000
PA;BR-230;296,000;297,000;1,000;28/06/2023;-5,35924588;-49,1234287;0,000
PA;BR-230;297,000;298,000;1,000;28/06/2023;-5,35924588;-49,1234287;0,000
PA;BR-230;298,000;299,000;1,000;28/06/2023;-5,35924588;-49,1234287;0,000
PA;BR-230;299,000;300,000;1,000;28/06/2023;-5,35924588;-49,1234287;25,000
BA;BR-135;205,800;206,000;0,200;29/06/2023;-12,1525061;-44,9955795;23,750
BA;BR-135;206,000;207,000;1,000;29/06/2023;-12,36947;-44,9746066;41,250
BA;BR-135;207,000;208,000;1,000;29/06/2023;-12,36947;-44,9746066;25,000
BA;BR-135;208,000;209,000;1,000;29/06/2023;-12,36947;-44,9746066;5,000
BA;BR-135;209,000;210,000;1,000;29/06/2023;-12,36947;-44,9746066;5,000
BA;BR-135;210,000;211,000;1,000;29/06/2023;-12,36947;-44,9746066;17,500
BA;BR-135;211,000;212,000;1,000;29/06/2023;-12,36947;-44,9746066;53,750
BA;BR-135;212,000;213,000;1,000;29/06/2023;-12,36947;-44,9746066;48,750
BA;BR-135;213,000;214,000;1,000;29/06/2023;-12,36947;-44,9746066;48,750
BA;BR-135;214,000;215,000;1,000;29/06/2023;-12,36947;-44,9746066;40,000
BA;BR-135;215,000;216,000;1,000;29/06/2023;-12,36947;-44,9746066;73,750
BA;BR-135;216,000;217,000;1,000;29/06/2023;-12,36947;-44,9746066;42,500
BA;BR-135;217,000;218,000;1,000;29/06/2023;-12,36947;-44,9746066;20,000
BA;BR-135;218,000;219,000;1,000;29/06/2023;-12,36947;-44,9746066;20,000
BA;BR-135;219,000;220,000;1,000;29/06/2023;-12,36947;-44,9746066;42,500
BA;BR-135;220,000;221,000;1,000;29/06/2023;-12,36947;-44,9746066;55,000
BA;BR-135;221,000;222,000;1,000;29/06/2023;-12,36947;-44,9746066;47,500
BA;BR-135;222,000;223,000;1,000;29/06/2023;-12,36947;-44,9746066;20,000
BA;BR-135;223,000;224,000;1,000;29/06/2023;-12,36947;-44,9746066;35,000
BA;BR-135;224,000;225,000;1,000;29/06/2023;-12,36947;-44,9746066;42,500
BA;BR-135;225,000;226,000;1,000;29/06/2023;-12,36947;-44,9746066;50,000
BA;BR-135;226,000;227,000;1,000;29/06/2023;-12,36947;-44,9746066;35,000
BA;BR-135;227,000;228,000;1,000;29/06/2023;-12,36947;-44,9746066;27,500
BA;BR-135;306,500;307,000;0,500;29/06/2023;-12,9998733;-44,627725;0,000
BA;BR-135;307,000;307,100;0,100;29/06/2023;-13,0470244;-44,6239694;0,000
BA;BR-135;319,800;320,000;0,200;29/06/2023;-13,1242516;-44,6314016;20,000
BA;BR-135;320,000;321,000;1,000;29/06/2023;-13,15455;-44,616625;5,000
BA;BR-135;321,000;321,200;0,200;29/06/2023;-13,15455;-44,616625;5,000
BA;BR-135;323,400;324,000;0,600;29/06/2023;-13,1657133;-44,612465;58,750
BA;BR-135;324,000;325,000;1,000;29/06/2023;-13,1826866;-44,6172066;46,250
BA;BR-135;325,000;325,300;0,300;29/06/2023;-13,1826866;-44,6172066;35,000