;;;;;;;;;
;;;;;;;;;
;;;;;;;;;
;;;;;;;;;
UF;Rodovia;km inicial;km final;Extensão (km);Data;Latitude;Longitude;Observação;ICMNP
;;;;;;;;;
;;;;;;;;;
AM;BR-230;609,200;608,000;1,200;17/01/2023;-7,4860564;-63,0112429;;81,250
AM;BR-230;608,000;607,000;1,000;17/01/2023;-7,4860564;-63,0112429;trecho crítico ;88,750
AM;BR-230;607,000;606,000;1,000;17/01/2023;-7,502592;-63,0274513;;76,250
AM;BR-230;606,000;605,000;1,000;17/01/2023;-7,502592;-63,0274513;;82,500
AM;BR-230;605,000;604,000;1,000;17/01/2023;-7,502592;-63,0274513;Acúmulo de água no bordo da pista;81,250
AM;BR-230;604,000;603,000;1,000;17/01/2023;-7,502592;-63,0274513;trecho crítico ;85,000
AM;BR-230;603,000;602,000;1,000;17/01/2023;-7,502592;-63,0274513;trecho escorregadio c/ muitas panelas;82,500
AM;BR-230;602,000;601,000;1,000;17/01/2023;-7,502592;-63,0274513;;77,500
AM;BR-230;601,000;600,000;1,000;17/01/2023;-7,502592;-63,0274513;Acúmulo de água no bordo da pista;85,000
AM;BR-230;600,000;599,000;1,000;17/01/2023;-7,502592;-63,0274513;trecho crítico ;96,250
AM;BR-230;599,000;598,000;1,000;17/01/2023;-7,502592;-63,0274513;Acúmulo de água no bordo da pista, trecho crítico ;88,750
AM;BR-230;598,000;597,000;1,000;17/01/2023;-7,502592;-63,0274513;;85,000
AM;BR-230;597,000;596,000;1,000;17/01/2023;-7,502592;-63,0274513;;85,000
AM;BR-230;596,000;595,000;1,000;17/01/2023;-7,5013515;-62,8917542;Acúmulo de água no bordo da pista ;85,000
AM;BR-230;595,000;594,000;1,000;17/01/2023;-7,5013515;-62,8917542;;85,000
AM;BR-230;594,000;593,000;1,000;17/01/2023;-7,5013515;-62,8917542;;77,500
AM;BR-230;593,000;592,000;1,000;17/01/2023;-7,5193275;-62,8821939;;77,500
AM;BR-230;592,000;591,000;1,000;17/01/2023;-7,5193275;-62,8821939;;77,500
AM;BR-230;591,000;590,000;1,000;17/01/2023;-7,5193275;-62,8821939;;77,500
AM;BR-230;590,000;589,000;1,000;17/01/2023;-7,5193275;-62,8821939;Acúmulo de água no bordo da ;77,500
AM;BR-230;589,000;588,000;1,000;17/01/2023;-7,5403731;-62,8823799;;75,000
AM;BR-230;588,000;587,000;1,000;17/01/2023;-7,5403731;-62,8823799;;72,500
AM;BR-230;587,000;586,000;1,000;17/01/2023;-7,5403731;-62,8823799;;75,000
AM;BR-230;586,000;585,000;1,000;17/01/2023;-7,5403731;-62,8823799;;75,000
AM;BR-230;585,000;584,000;1,000;17/01/2023;-7,5403731;-62,8823799;;75,000
AM;BR-230;584,000;583,000;1,000;17/01/2023;-7,5617414;-62,8342856;;75,000
AM;BR-230;583,000;582,000;1,000;17/01/2023;-7,561636;-62,8342948;trecho crítico ;75,000
AM;BR-230;582,000;581,000;1,000;17/01/2023;-7,561636;-62,8342948;trecho crítico ;75,000
AM;BR-230;581,000;580,000;1,000;17/01/2023;-7,561636;-62,8342948;;75,000
AM;BR-230;580,000;579,000;1,000;17/01/2023;-7,561636;-62,8342948;;77,500
AM;BR-230;579,000;578,000;1,000;17/01/2023;-7,561636;-62,8342948;;85,000
AM;BR-230;578,000;577,000;1,000;17/01/2023;-7,561636;-62,8342948;;77,500
AM;BR-230;577,000;576,000;1,000;17/01/2023;-7,561636;-62,8342948;;77,500
AM;BR-230;576,000;575,000;1,000;17/01/2023;-7,561636;-62,8342948;;77,500
AM;BR-230;575,000;574,000;1,000;17/01/2023;-7,561636;-62,8342948;;85,000
AM;BR-230;574,000;573,000;1,000;17/01/2023;-7,58891422;-62,7548383;;77,500
AM;BR-230;573,000;572,000;1,000;17/01/2023;-7,58891422;-62,7548383;Ponte sobre o Ig. Traíra, Erosão na pista;77,500
AM;BR-230;572,000;571,000;1,000;17/01/2023;-7,59218078;-62,7471259;;75,000
AM;BR-230;571,000;570,000;1,000;17/01/2023;-7,59218078;-62,7471259;;82,500
AM;BR-230;570,000;569,000;1,000;17/01/2023;-7,59218078;-62,7471259;;75,000
AM;BR-230;569,000;568,000;1,000;17/01/2023;-7,59218078;-62,7471259;;75,000
AM;BR-230;568,000;567,000;1,000;17/01/2023;-7,59218078;-62,7471259;Erosão LE pista;75,000
AM;BR-230;567,000;566,000;1,000;17/01/2023;-7,59218078;-62,7471259;ponto de atoleiro;82,500
AM;BR-230;566,000;565,000;1,000;17/01/2023;-7,61623194;-62,6881659;Erosão no eixo da pista;75,000
AM;BR-230;565,000;564,000;1,000;17/01/2023;-7,61623194;-62,6881659;;75,000
AM;BR-230;564,000;563,000;1,000;17/01/2023;-7,61623194;-62,6881659;;77,500
AM;BR-230;563,000;562,000;1,000;17/01/2023;-7,61623194;-62,6881659;Ponte sobre o Rio Maici Mirim, Erosão no eixo da pista ;90,000
AM;BR-230;562,000;561,000;1,000;17/01/2023;-7,61623194;-62,6881659;Erosão no eixo da pista ;75,000
AM;BR-230;561,000;560,000;1,000;17/01/2023;-7,61623194;-62,6881659;;71,250
AM;BR-230;560,000;559,000;1,000;17/01/2023;-7,61623194;-62,6881659;;82,500
AM;BR-230;559,000;558,000;1,000;17/01/2023;-7,61623194;-62,6881659;;77,500
AM;BR-230;558,000;557,000;1,000;17/01/2023;-7,6465581;-62,6298715;;77,500
AM;BR-230;557,000;556,000;1,000;17/01/2023;-7,6465581;-62,6298715;;85,000
AM;BR-230;556,000;555,000;1,000;17/01/2023;-7,6465581;-62,6298715;;77,500
AM;BR-230;555,000;554,000;1,000;17/01/2023;-7,6465581;-62,6298715;;75,000
AM;BR-230;554,000;553,000;1,000;17/01/2023;-7,6465581;-62,6298715;;77,500
AM;BR-230;553,000;552,000;1,000;17/01/2023;-7,6465581;-62,6298715;;75,000
AM;BR-230;552,000;551,000;1,000;17/01/2023;-7,6465581;-62,6298715;;75,000
AM;BR-230;551,000;550,000;1,000;17/01/2023;-7,6465581;-62,6298715;;82,500
AM;BR-230;550,000;549,000;1,000;17/01/2023;-7,6465581;-62,6298715;;78,750
AM;BR-230;549,000;548,000;1,000;17/01/2023;-7,6465581;-62,6298715;;75,000
AM;BR-230;548,000;547,000;1,000;17/01/2023;-7,6465581;-62,6298715;;82,500
AM;BR-230;547,000;546,000;1,000;17/01/2023;-7,6465581;-62,6298715;;85,000
AM;BR-230;546,000;545,000;1,000;17/01/2023;-7,6465581;-62,6298715;;82,500
AM;BR-230;545,000;544,000;1,000;17/01/2023;-7,6465581;-62,6298715;;75,000
AM;BR-230;544,000;543,000;1,000;17/01/2023;-7,6465581;-62,6298715;;75,000
AM;BR-230;543,000;542,000;1,000;17/01/2023;-7,6465581;-62,6298715;;77,500
AM;BR-230;542,000;541,000;1,000;17/01/2023;-7,6465581;-62,6298715;;75,000
AM;BR-230;541,000;540,000;1,000;17/01/2023;-7,6465581;-62,6298715;Ponte sobre o Rio 9 de Janeiro;77,500
AM;BR-230;540,000;539,000;1,000;17/01/2023;-7,6465581;-62,6298715;;75,000
AM;BR-230;539,000;538,000;1,000;17/01/2023;-7,6465581;-62,6298715;;75,000
AM;BR-230;538,000;537,000;1,000;17/01/2023;-7,6465581;-62,6298715;;75,000
AM;BR-230;537,000;536,000;1,000;17/01/2023;-7,6465581;-62,6298715;;77,500
AM;BR-230;536,000;535,000;1,000;17/01/2023;-7,6465581;-62,6298715;;75,000
AM;BR-230;535,000;534,000;1,000;17/01/2023;-7,6465581;-62,6298715;trecho crítico ;75,000
AM;BR-230;534,000;533,000;1,000;17/01/2023;-7,6465581;-62,6298715;trecho crítico ;88,750
AM;BR-230;533,000;532,000;1,000;17/01/2023;-7,6465581;-62,6298715;trecho crítico ;88,750
AM;BR-230;532,000;531,000;1,000;17/01/2023;-7,6465581;-62,6298715;;86,250
AM;BR-230;531,000;530,000;1,000;17/01/2023;-7,6465581;-62,6298715;;96,250
AM;BR-230;530,000;529,000;1,000;17/01/2023;-7,6465581;-62,6298715;;96,250
AM;BR-230;529,000;528,000;1,000;17/01/2023;-7,6465581;-62,6298715;;88,750
AM;BR-230;528,000;527,000;1,000;17/01/2023;-7,6465581;-62,6298715;;86,250
AM;BR-230;527,000;526,000;1,000;17/01/2023;-7,6465581;-62,6298715;;88,750
AM;BR-230;526,000;525,000;1,000;17/01/2023;-7,6465581;-62,6298715;;86,250
AM;BR-230;525,000;524,000;1,000;17/01/2023;-7,6465581;-62,6298715;;75,000
AM;BR-230;524,000;523,000;1,000;17/01/2023;-7,6465581;-62,6298715;;73,750
AM;BR-230;523,000;522,000;1,000;17/01/2023;-7,80001812;-62,3623689;;86,250
AM;BR-230;522,000;521,000;1,000;17/01/2023;-7,80001812;-62,3623689;Ponte sobre o Rio Maici ;77,500
AM;BR-230;521,000;520,000;1,000;17/01/2023;-7,807787;-62,3437145;;72,500
AM;BR-230;520,000;519,000;1,000;17/01/2023;-7,807787;-62,3437145;;72,500
AM;BR-230;519,000;518,000;1,000;17/01/2023;-7,807787;-62,3437145;;72,500
AM;BR-230;518,000;517,000;1,000;17/01/2023;-7,8261072;-62,3188405;;72,500
AM;BR-230;517,000;516,300;0,700;17/01/2023;-7,8261072;-62,3188405;;68,750
AM;BR-230;516,300;515,000;1,300;17/01/2023;-7,8261072;-62,3188405;;75,000
AM;BR-230;515,000;514,000;1,000;17/01/2023;-7,8261072;-62,3188405;;86,250
AM;BR-230;514,000;513,000;1,000;17/01/2023;-7,8261072;-62,3188405;trecho crítico ;88,750
AM;BR-230;513,000;512,000;1,000;17/01/2023;-7,8261072;-62,3188405;;86,250
AM;BR-230;512,000;511,000;1,000;17/01/2023;-7,8261072;-62,3188405;;82,500
AM;BR-230;511,000;510,000;1,000;17/01/2023;-7,8261072;-62,3188405;;86,250
AM;BR-230;510,000;509,000;1,000;17/01/2023;-7,8261072;-62,3188405;trecho crítico ;75,000
AM;BR-230;509,000;508,000;1,000;17/01/2023;-7,8261072;-62,3188405;trecho crítico ;86,250
AM;BR-230;508,000;507,000;1,000;17/01/2023;-7,8261072;-62,3188405;;86,250
AM;BR-230;507,000;506,000;1,000;17/01/2023;-7,8261072;-62,3188405;;75,000
AM;BR-230;506,000;505,000;1,000;17/01/2023;-7,8261072;-62,3188405;;80,000
AM;BR-230;505,000;504,000;1,000;17/01/2023;-7,8261072;-62,3188405;;72,500
AM;BR-230;504,000;503,000;1,000;17/01/2023;-7,8261072;-62,3188405;erosão no eixo da pista ;75,000
AM;BR-230;503,000;502,000;1,000;17/01/2023;-7,8261072;-62,3188405;;77,500
AM;BR-230;502,000;501,000;1,000;17/01/2023;-7,8261072;-62,3188405;;82,500
AM;BR-230;501,000;500,000;1,000;17/01/2023;-7,8957133;-62,1790245;;75,000
AM;BR-230;500,000;499,000;1,000;17/01/2023;-7,8957135;-62,1790256;;72,500
AM;BR-230;499,000;498,000;1,000;17/01/2023;-7,8957135;-62,1790256;;77,500
AM;BR-230;498,000;497,000;1,000;17/01/2023;-7,8957135;-62,1790256;trecho crítico ;85,000
AM;BR-230;497,000;496,000;1,000;17/01/2023;-7,8957135;-62,1790256;trecho crítico ;81,250
AM;BR-230;496,000;495,000;1,000;17/01/2023;-7,8957135;-62,1790256;trecho crítico ;77,500
AM;BR-230;495,000;494,000;1,000;17/01/2023;-7,8957135;-62,1790256;trecho crítico ;96,250
AM;BR-230;494,000;493,000;1,000;17/01/2023;-7,8957135;-62,1790256;trecho crítico ;86,250
AM;BR-230;493,000;492,000;1,000;17/01/2023;-7,8957135;-62,1790256;;81,250
AM;BR-230;492,000;491,000;1,000;17/01/2023;-7,8957135;-62,1790256;plataforma sem declividade , trecho crítico ;77,500
AM;BR-230;491,000;490,000;1,000;17/01/2023;-7,8957135;-62,1790256;trecho escorregadio ;81,250
AM;BR-230;490,000;489,000;1,000;17/01/2023;-7,8957135;-62,1790256;trecho crítico ;78,750
AM;BR-230;489,000;488,000;1,000;17/01/2023;-7,8957135;-62,1790256;trecho crítico ;86,250
AM;BR-230;488,000;487,000;1,000;17/01/2023;-7,8957135;-62,1790256;trecho crítico ;88,750
AM;BR-230;487,000;486,000;1,000;17/01/2023;-7,8957135;-62,1790256;;72,500
AM;BR-230;486,000;485,000;1,000;17/01/2023;-7,8957135;-62,1790256;Erosão no eixo da pista;87,500
AM;BR-230;485,000;484,000;1,000;17/01/2023;-7,8957135;-62,1790256;Ponte sobre o Rio dos Marmelos, Erosão no eixo da pista ;81,250
AM;BR-230;484,000;483,000;1,000;17/01/2023;-7,8957135;-62,1790256;Erosão no eixo da pista;75,000
AM;BR-230;483,000;482,000;1,000;17/01/2023;-7,8957135;-62,1790256;;72,500
AM;BR-230;482,000;481,000;1,000;17/01/2023;-7,8957135;-62,1790256;;80,000
AM;BR-230;481,000;480,000;1,000;17/01/2023;-7,8957135;-62,1790256;trecho crítico ;86,250
AM;BR-230;480,000;479,000;1,000;17/01/2023;-7,8957135;-62,1790256;;82,500
AM;BR-230;479,000;478,000;1,000;17/01/2023;-7,8957135;-62,1790256;trecho crítico ;75,000
AM;BR-230;478,000;477,000;1,000;17/01/2023;-7,8957135;-62,1790256;;86,250
AM;BR-230;477,000;476,000;1,000;17/01/2023;-7,8957135;-62,1790256;;82,500
AM;BR-230;476,000;475,000;1,000;17/01/2023;-7,8957135;-62,1790256;trecho crítico ;75,000
AM;BR-230;475,000;474,000;1,000;17/01/2023;-8,1981085;-63,869884;;82,500
AM;BR-230;474,000;473,000;1,000;17/01/2023;-8,1981085;-63,869884;trecho crítico ;86,250
AM;BR-230;473,000;472,000;1,000;17/01/2023;-8,1981085;-63,869884;Erosão no eixo da pista ;75,000
AM;BR-230;472,000;471,000;1,000;17/01/2023;-8,1981085;-63,869884;;90,000
AM;BR-230;471,000;470,000;1,000;17/01/2023;-8,1981085;-63,869884;;96,250
AM;BR-230;470,000;469,000;1,000;17/01/2023;-8,1981085;-63,869884;trecho crítico ;77,500
AM;BR-230;469,000;468,000;1,000;17/01/2023;-8,1981085;-63,869884;trecho crítico ;88,750
AM;BR-230;468,000;467,000;1,000;17/01/2023;-8,1981085;-63,869884;;85,000
AM;BR-230;467,000;466,000;1,000;17/01/2023;-8,1981085;-63,869884;;82,500
AM;BR-230;466,000;465,000;1,000;17/01/2023;-8,1981085;-63,869884;trecho crítico ;85,000
AM;BR-230;465,000;464,000;1,000;17/01/2023;-8,1981085;-63,869884;Erosão no eixo da pista ;90,000
AM;BR-230;464,000;463,000;1,000;17/01/2023;-8,1981085;-63,869884;erosão no eixo da pista ;67,500
AM;BR-230;463,000;462,000;1,000;17/01/2023;-8,1981085;-63,869884;;75,000
AM;BR-230;462,000;461,000;1,000;17/01/2023;-8,1981085;-63,869884;trecho crítico ;77,500
AM;BR-230;461,000;460,000;1,000;17/01/2023;-8,1981085;-63,869884;;87,500
AM;BR-230;460,000;459,000;1,000;17/01/2023;-8,1981085;-63,869884;Ponte sobre o Ig. Mafuí;77,500
AM;BR-230;459,000;458,000;1,000;17/01/2023;-8,1981085;-63,869884;erosão no eixo da pista ;72,500
AM;BR-230;458,000;457,000;1,000;17/01/2023;-8,1981085;-63,869884;erosão no eixo da pista ;85,000
AM;BR-230;457,000;456,000;1,000;17/01/2023;-8,1981085;-63,869884;;72,500
AM;BR-230;456,000;455,000;1,000;17/01/2023;-8,1981085;-63,869884;;90,000
AM;BR-230;455,000;454,000;1,000;17/01/2023;-8,1981085;-63,869884;;72,500
AM;BR-230;454,000;453,000;1,000;17/01/2023;-8,1981085;-63,869884;erosão LE ;68,750
AM;BR-230;453,000;452,000;1,000;17/01/2023;-8,1981085;-63,869884;erosão no eixo da pista ;72,500
AM;BR-230;452,000;451,000;1,000;17/01/2023;-8,1981085;-63,869884;erosão no eixo da pista ;72,500
AM;BR-230;451,000;450,000;1,000;17/01/2023;-7,5472197;-63,0675903;;77,500
AM;BR-230;450,000;449,000;1,000;17/01/2023;-7,5472197;-63,0675903;;72,500
AM;BR-230;449,000;448,000;1,000;17/01/2023;-7,5472197;-63,0675903;;72,500
AM;BR-230;448,000;447,000;1,000;17/01/2023;-7,5472197;-63,0675903;erosão no eixo da pista ;72,500
AM;BR-230;447,000;446,000;1,000;17/01/2023;-7,5472197;-63,0675903;erosão no eixo da pista ;82,500
AM;BR-230;446,000;445,000;1,000;17/01/2023;-7,5472197;-63,0675903;;85,000
AM;BR-230;445,000;444,000;1,000;17/01/2023;-7,5472197;-63,0675903;;80,000
AM;BR-230;444,000;443,000;1,000;17/01/2023;-7,5472197;-63,0675903;;80,000
AM;BR-230;443,000;442,000;1,000;17/01/2023;-7,5472197;-63,0675903;erosão LE ;80,000
AM;BR-230;442,000;441,000;1,000;17/01/2023;-7,5472197;-63,0675903;;87,500
AM;BR-230;441,000;440,000;1,000;17/01/2023;-7,5472197;-63,0675903;Erosão no eixo da pista, Ponte sobre o Ig. Paraíso ;80,000
AM;BR-230;440,000;439,000;1,000;17/01/2023;-7,5472197;-63,0675903;;72,500
AM;BR-230;439,000;438,000;1,000;17/01/2023;-7,5472197;-63,0675903;erosão no eixo da pista ;72,500
AM;BR-230;438,000;437,000;1,000;17/01/2023;-7,5472197;-63,0675903;Ponte sobre o Rio Branco;77,500
AM;BR-230;437,000;436,000;1,000;17/01/2023;-7,5472197;-63,0675903;;87,500
AM;BR-230;436,000;435,000;1,000;17/01/2023;-7,5472197;-63,0675903;;82,500
AM;BR-230;435,000;434,000;1,000;17/01/2023;-7,5472197;-63,0675903;erosão no eixo da pista ;72,500
AM;BR-230;434,000;433,000;1,000;17/01/2023;-7,5472197;-63,0675903;erosão no eixo da pista ;72,500
AM;BR-230;433,000;432,000;1,000;17/01/2023;-7,5472197;-63,0675903;erosão no eixo da pista ;72,500
AM;BR-230;432,000;431,000;1,000;17/01/2023;-7,5472197;-63,0675903;erosão no eixo da pista ;72,500
AM;BR-230;431,000;430,000;1,000;17/01/2023;-7,5472197;-63,0675903;;80,000
AM;BR-230;430,000;429,000;1,000;17/01/2023;-7,5472197;-63,0675903;;87,500
AM;BR-230;429,000;428,000;1,000;17/01/2023;-7,5472197;-63,0675903;erosão no eixo da pista ;80,000
AM;BR-230;428,000;427,000;1,000;17/01/2023;-7,5472197;-63,0675903;erosão no eixo da pista ;87,500
AM;BR-230;427,000;426,000;1,000;17/01/2023;-7,5472197;-63,0675903;;72,500
AM;BR-230;426,000;425,000;1,000;17/01/2023;-7,5472197;-63,0675903;;77,500
AM;BR-230;425,000;424,000;1,000;17/01/2023;-7,5472197;-63,0675903;;77,500
AM;BR-230;424,000;423,000;1,000;17/01/2023;-7,5472197;-63,0675903;;77,500
AM;BR-230;423,000;422,000;1,000;17/01/2023;-7,5472197;-63,0675903;;77,500
AM;BR-230;422,000;421,000;1,000;17/01/2023;-7,5472197;-63,0675903;;77,500
AM;BR-230;421,000;420,000;1,000;17/01/2023;-7,5472197;-63,0675903;;75,000
AM;BR-230;420,000;419,000;1,000;17/01/2023;-7,5472197;-63,0675903;;75,000
AM;BR-230;419,000;418,000;1,000;17/01/2023;-7,5472197;-63,0675903;;71,250
AM;BR-230;418,000;417,000;1,000;17/01/2023;-7,5472197;-63,0675903;;68,750
AM;BR-230;417,000;416,000;1,000;17/01/2023;-7,5472197;-63,0675903;;68,750
AM;BR-230;416,000;415,000;1,000;17/01/2023;-7,5472197;-63,0675903;;68,750
AM;BR-230;415,000;414,000;1,000;17/01/2023;-7,5472197;-63,0675903;;67,500
AM;BR-230;414,000;413,000;1,000;17/01/2023;-7,5472197;-63,0675903;;67,500
AM;BR-230;413,000;412,000;1,000;17/01/2023;-7,5472197;-63,0675903;;67,500
AM;BR-230;412,000;411,000;1,000;17/01/2023;-7,5472197;-63,0675903;;67,500
AM;BR-230;411,000;410,000;1,000;17/01/2023;-7,5472197;-63,0675903;;71,250
AM;BR-230;410,000;409,000;1,000;17/01/2023;-7,5472197;-63,0675903;;67,500
AM;BR-230;409,000;408,000;1,000;17/01/2023;-7,5472197;-63,0675903;;67,500
AM;BR-230;408,000;407,000;1,000;17/01/2023;-7,5472197;-63,0675903;;71,250
AM;BR-230;407,000;406,000;1,000;17/01/2023;-7,5472197;-63,0675903;;67,500
AM;BR-230;406,000;405,000;1,000;17/01/2023;-7,5472197;-63,0675903;;67,500
AM;BR-230;405,000;404,000;1,000;17/01/2023;-7,5472197;-63,0675903;;67,500
AM;BR-230;404,000;403,000;1,000;17/01/2023;-7,5472197;-63,0675903;Ponte sobre o Ig. Paludo;72,500
AM;BR-230;403,000;402,000;1,000;17/01/2023;-7,5472197;-63,0675903;;67,500
AM;BR-230;402,000;401,000;1,000;17/01/2023;-7,5472197;-63,0675903;;67,500
AM;BR-230;401,000;400,600;0,400;17/01/2023;-7,5472197;-63,0675903;;67,500
AM;BR-174;195,000;196,000;1,000;18/01/2023;-7,203857;-59,8955644;;50,000
AM;BR-174;196,000;197,000;1,000;18/01/2023;-7,203857;-59,8955644;;50,000
AM;BR-174;197,000;198,000;1,000;18/01/2023;-7,203857;-59,8955644;;35,000
AM;BR-174;198,000;199,000;1,000;18/01/2023;-7,203857;-59,8955644;;35,000
AM;BR-174;199,000;200,000;1,000;18/01/2023;-7,203857;-59,8955644;;35,000
AM;BR-174;200,000;201,000;1,000;18/01/2023;-7,203857;-59,8955644;;35,000
AM;BR-174;201,000;202,000;1,000;18/01/2023;-7,203857;-59,8955644;;41,250
AM;BR-174;202,000;203,000;1,000;18/01/2023;-7,203857;-59,8955644;;35,000
AM;BR-174;203,000;204,000;1,000;18/01/2023;-7,203857;-59,8955644;;35,000
AM;BR-174;204,000;205,000;1,000;18/01/2023;-7,203857;-59,8955644;;35,000
AM;BR-174;205,000;206,000;1,000;18/01/2023;-7,203857;-59,8955644;;35,000
AM;BR-174;206,000;207,000;1,000;18/01/2023;-7,203857;-59,8955644;;35,000
AM;BR-174;207,000;208,000;1,000;18/01/2023;-7,203857;-59,8955644;;35,000
AM;BR-174;208,000;209,000;1,000;18/01/2023;-7,203857;-59,8955644;;35,000
AM;BR-174;209,000;210,000;1,000;18/01/2023;-7,203857;-59,8955644;;22,500
AM;BR-174;210,000;211,000;1,000;18/01/2023;-7,203857;-59,8955644;;35,000
AM;BR-174;211,000;212,000;1,000;18/01/2023;-7,203857;-59,8955644;;35,000
AM;BR-174;212,000;213,000;1,000;18/01/2023;-7,203857;-59,8955644;;22,500
AM;BR-174;213,000;214,000;1,000;18/01/2023;-7,203857;-59,8955644;;22,500
AM;BR-174;214,000;215,000;1,000;18/01/2023;-7,203857;-59,8955644;;41,250
AM;BR-174;215,000;216,000;1,000;18/01/2023;-7,203857;-59,8955644;;47,500
AM;BR-174;216,000;217,000;1,000;18/01/2023;-7,203857;-59,8955644;;35,000
AM;BR-174;217,000;218,000;1,000;18/01/2023;-7,203857;-59,8955644;;45,000
AM;BR-174;218,000;219,000;1,000;18/01/2023;-7,203857;-59,8955644;;45,000
AM;BR-174;219,000;220,000;1,000;18/01/2023;-7,203857;-59,8955644;;22,500
AM;BR-174;220,000;221,000;1,000;18/01/2023;-7,203857;-59,8955644;;25,000
AM;BR-174;221,000;222,000;1,000;18/01/2023;-7,203857;-59,8955644;;22,500
AM;BR-174;222,000;223,000;1,000;18/01/2023;-7,203857;-59,8955644;;22,500
AM;BR-174;223,000;224,000;1,000;18/01/2023;-7,203857;-59,8955644;;22,500
AM;BR-174;224,000;225,000;1,000;18/01/2023;-7,203857;-59,8955644;;22,500
AM;BR-174;225,000;226,000;1,000;18/01/2023;-7,203857;-59,8955644;;22,500
AM;BR-174;226,000;227,000;1,000;18/01/2023;-7,203857;-59,8955644;;22,500
AM;BR-230;214,400;215,000;0,600;18/01/2023;-7,2038638;-59,8956292;;80,000
AM;BR-230;215,000;216,000;1,000;18/01/2023;-7,203857;-59,8955644;;68,750
AM;BR-230;216,000;217,000;1,000;18/01/2023;-7,203857;-59,8955644;;56,250
AM;BR-230;217,000;218,000;1,000;18/01/2023;-7,203857;-59,8955644;;68,750
AM;BR-230;218,000;219,000;1,000;18/01/2023;-7,203857;-59,8955644;;77,500
AM;BR-230;219,000;220,000;1,000;18/01/2023;-7,203857;-59,8955644;;77,500
AM;BR-230;220,000;221,000;1,000;18/01/2023;-7,203857;-59,8955644;;67,500
AM;BR-230;221,000;222,000;1,000;18/01/2023;-7,203857;-59,8955644;;53,750
AM;BR-230;222,000;223,000;1,000;18/01/2023;-7,203857;-59,8955644;;60,000
AM;BR-230;223,000;224,000;1,000;18/01/2023;-7,203857;-59,8955644;;66,250
AM;BR-230;224,000;225,000;1,000;18/01/2023;-7,203857;-59,8955644;;67,500
AM;BR-230;225,000;226,000;1,000;18/01/2023;-7,203857;-59,8955644;;60,000
AM;BR-230;226,000;227,000;1,000;18/01/2023;-7,203857;-59,8955644;;56,250
AM;BR-230;227,000;228,000;1,000;18/01/2023;-7,203857;-59,8955644;;63,750
AM;BR-230;228,000;229,000;1,000;18/01/2023;-7,203857;-59,8955644;;56,250
AM;BR-230;229,000;230,000;1,000;18/01/2023;-7,203857;-59,8955644;;56,250
AM;BR-230;230,000;231,000;1,000;18/01/2023;-7,203857;-59,8955644;;63,750
AM;BR-230;231,000;232,000;1,000;18/01/2023;-7,203857;-59,8955644;;63,750
AM;BR-230;232,000;233,000;1,000;18/01/2023;-7,203857;-59,8955644;;65,000
AM;BR-230;233,000;234,000;1,000;18/01/2023;-7,203857;-59,8955644;;63,750
AM;BR-230;234,000;235,000;1,000;18/01/2023;-7,203857;-59,8955644;;66,250
AM;BR-230;235,000;236,000;1,000;18/01/2023;-7,203857;-59,8955644;;56,250
AM;BR-230;236,000;237,000;1,000;18/01/2023;-7,203857;-59,8955644;;63,750
AM;BR-230;237,000;238,000;1,000;18/01/2023;-7,203857;-59,8955644;;63,750
AM;BR-230;238,000;239,000;1,000;18/01/2023;-7,203857;-59,8955644;;56,250
AM;BR-230;239,000;240,000;1,000;18/01/2023;-7,203857;-59,8955644;;56,250
AM;BR-230;240,000;241,000;1,000;18/01/2023;-7,203857;-59,8955644;;56,250
AM;BR-230;241,000;242,000;1,000;18/01/2023;-7,203857;-59,8955644;;56,250
AM;BR-230;242,000;243,000;1,000;18/01/2023;-7,203857;-59,8955644;;56,250
AM;BR-230;243,000;244,000;1,000;18/01/2023;-7,203857;-59,8955644;;56,250
AM;BR-230;244,000;245,000;1,000;18/01/2023;-7,203857;-59,8955644;;63,750
AM;BR-230;245,000;246,000;1,000;18/01/2023;-7,203857;-59,8955644;;62,500
AM;BR-230;246,000;247,000;1,000;18/01/2023;-7,203857;-59,8955644;;62,500
AM;BR-230;247,000;248,000;1,000;18/01/2023;-7,203857;-59,8955644;;62,500
AM;BR-230;248,000;249,000;1,000;18/01/2023;-7,203857;-59,8955644;;56,250
AM;BR-230;249,000;250,000;1,000;18/01/2023;-7,203857;-59,8955644;;50,000
AM;BR-230;250,000;251,000;1,000;18/01/2023;-7,203857;-59,8955644;;56,250
AM;BR-230;251,000;252,000;1,000;18/01/2023;-7,203857;-59,8955644;;63,750
AM;BR-230;252,000;253,000;1,000;18/01/2023;-7,203857;-59,8955644;;56,250
AM;BR-230;253,000;254,000;1,000;18/01/2023;-7,203857;-59,8955644;;63,750
AM;BR-230;254,000;255,000;1,000;18/01/2023;-7,203857;-59,8955644;;50,000
AM;BR-230;255,000;256,000;1,000;18/01/2023;-7,203857;-59,8955644;;66,250
AM;BR-230;256,000;257,000;1,000;18/01/2023;-7,203857;-59,8955644;;50,000
AM;BR-230;257,000;258,000;1,000;18/01/2023;-7,203857;-59,8955644;;50,000
AM;BR-230;258,000;259,000;1,000;18/01/2023;-7,203857;-59,8955644;;50,000
AM;BR-230;259,000;260,000;1,000;18/01/2023;-7,203857;-59,8955644;;50,000
AM;BR-230;260,000;261,000;1,000;18/01/2023;-7,203857;-59,8955644;;50,000
AM;BR-230;261,000;262,000;1,000;18/01/2023;-7,203857;-59,8955644;;56,250
AM;BR-230;262,000;263,000;1,000;18/01/2023;-7,203857;-59,8955644;;56,250
AM;BR-230;263,000;264,000;1,000;18/01/2023;-7,203857;-59,8955644;;50,000
AM;BR-230;264,000;265,000;1,000;18/01/2023;-7,203857;-59,8955644;;50,000
AM;BR-230;265,000;266,000;1,000;18/01/2023;-7,203857;-59,8955644;;56,250
AM;BR-230;266,000;267,000;1,000;18/01/2023;-7,203857;-59,8955644;;50,000
AM;BR-230;267,000;268,000;1,000;18/01/2023;-7,203857;-59,8955644;;50,000
AM;BR-230;268,000;269,000;1,000;18/01/2023;-7,203857;-59,8955644;;50,000
AM;BR-230;269,000;270,000;1,000;18/01/2023;-7,203857;-59,8955644;;50,000
AM;BR-230;270,000;271,000;1,000;18/01/2023;-7,203857;-59,8955644;;50,000
AM;BR-230;271,000;272,000;1,000;18/01/2023;-7,203857;-59,8955644;;50,000
AM;BR-230;272,000;273,000;1,000;18/01/2023;-7,203857;-59,8955644;;50,000
AM;BR-230;273,000;274,000;1,000;18/01/2023;-7,203857;-59,8955644;;50,000
AM;BR-230;274,000;275,000;1,000;18/01/2023;-7,203857;-59,8955644;;50,000
AM;BR-230;275,000;276,000;1,000;18/01/2023;-7,203857;-59,8955644;;50,000
AM;BR-230;276,000;277,000;1,000;18/01/2023;-7,203857;-59,8955644;;50,000
AM;BR-230;277,000;278,000;1,000;18/01/2023;-7,203857;-59,8955644;;50,000
AM;BR-230;278,000;279,000;1,000;18/01/2023;-7,203857;-59,8955644;;50,000
AM;BR-230;279,000;280,000;1,000;18/01/2023;-7,203857;-59,8955644;;56,250
AM;BR-230;280,000;281,000;1,000;18/01/2023;-7,203857;-59,8955644;;50,000
AM;BR-230;281,000;282,000;1,000;18/01/2023;-7,203857;-59,8955644;;62,500
AM;BR-230;282,000;283,000;1,000;18/01/2023;-7,203857;-59,8955644;;66,250
AM;BR-230;283,000;284,000;1,000;18/01/2023;-7,203857;-59,8955644;;68,750
AM;BR-230;284,000;285,000;1,000;18/01/2023;-7,203857;-59,8955644;;80,000
AM;BR-230;285,000;286,000;1,000;18/01/2023;-7,203857;-59,8955644;;73,750
AM;BR-230;286,000;287,000;1,000;18/01/2023;-7,203857;-59,8955644;;86,250
AM;BR-230;287,000;288,000;1,000;18/01/2023;-7,203857;-59,8955644;;82,500
AM;BR-230;288,000;289,000;1,000;18/01/2023;-7,203857;-59,8955644;;70,000
AM;BR-230;289,000;290,000;1,000;18/01/2023;-7,203857;-59,8955644;;56,250
AM;BR-230;290,000;291,000;1,000;18/01/2023;-7,203857;-59,8955644;;50,000
AM;BR-230;291,000;292,000;1,000;18/01/2023;-7,203857;-59,8955644;;56,250
AM;BR-230;292,000;293,000;1,000;18/01/2023;-7,203857;-59,8955644;;70,000
AM;BR-230;293,000;294,000;1,000;18/01/2023;-7,203857;-59,8955644;;57,500
AM;BR-230;294,000;295,000;1,000;18/01/2023;-7,203857;-59,8955644;;62,500
AM;BR-230;295,000;296,000;1,000;18/01/2023;-7,203857;-59,8955644;;63,750
AM;BR-230;296,000;297,000;1,000;18/01/2023;-7,203857;-59,8955644;;56,250
AM;BR-230;297,000;298,000;1,000;18/01/2023;-7,203857;-59,8955644;;60,000
AM;BR-230;298,000;299,000;1,000;18/01/2023;-7,203857;-59,8955644;;57,500
AM;BR-230;299,000;300,000;1,000;18/01/2023;-7,203857;-59,8955644;;50,000
AM;BR-230;300,000;301,000;1,000;18/01/2023;-7,203857;-59,8955644;;50,000
AM;BR-230;301,000;302,000;1,000;18/01/2023;-7,203857;-59,8955644;;66,250
AM;BR-230;302,000;303,000;1,000;18/01/2023;-7,203857;-59,8955644;;66,250
AM;BR-230;303,000;304,000;1,000;18/01/2023;-7,203857;-59,8955644;;62,500
AM;BR-230;304,000;305,000;1,000;18/01/2023;-7,203857;-59,8955644;;73,750
AM;BR-230;305,000;306,000;1,000;18/01/2023;-7,203857;-59,8955644;;62,500
AM;BR-230;306,000;307,000;1,000;18/01/2023;-7,203857;-59,8955644;;63,750
AM;BR-230;307,000;308,000;1,000;18/01/2023;-7,203857;-59,8955644;;73,750
AM;BR-230;308,000;309,000;1,000;18/01/2023;-7,203857;-59,8955644;;63,750
AM;BR-230;309,000;310,000;1,000;18/01/2023;-7,203857;-59,8955644;;70,000
AM;BR-230;310,000;311,000;1,000;18/01/2023;-7,203857;-59,8955644;;50,000
AM;BR-230;311,000;312,000;1,000;18/01/2023;-7,203857;-59,8955644;;56,250
AM;BR-230;312,000;313,000;1,000;18/01/2023;-7,203857;-59,8955644;;63,750
AM;BR-230;313,000;314,000;1,000;18/01/2023;-7,203857;-59,8955644;;63,750
AM;BR-230;314,000;314,400;0,400;18/01/2023;-7,203857;-59,8955644;;63,750
AM;BR-230;400,600;399,000;1,600;16/01/2023;-7,86866758;-61,3917243;;90,000
AM;BR-230;399,000;398,000;1,000;16/01/2023;-7,86866758;-61,3917243;;93,750
AM;BR-230;398,000;397,000;1,000;16/01/2023;-7,86866758;-61,3917243;;97,500
AM;BR-230;397,000;396,000;1,000;16/01/2023;-7,86866758;-61,3917243;;97,500
AM;BR-230;396,000;395,000;1,000;16/01/2023;-7,86866758;-61,3917243;;97,500
AM;BR-230;395,000;394,000;1,000;16/01/2023;-7,86866758;-61,3917243;;97,500
AM;BR-230;394,000;393,000;1,000;16/01/2023;-7,86866758;-61,3917243;;97,500
AM;BR-230;393,000;392,000;1,000;16/01/2023;-7,86866758;-61,3917243;;97,500
AM;BR-230;392,000;391,000;1,000;16/01/2023;-7,86866758;-61,3917243;;97,500
AM;BR-230;391,000;390,000;1,000;16/01/2023;-7,86866758;-61,3917243;;97,500
AM;BR-230;390,000;389,000;1,000;16/01/2023;-7,86866758;-61,3917243;;93,750
AM;BR-230;389,000;388,000;1,000;16/01/2023;-7,86866758;-61,3917243;;97,500
AM;BR-230;388,000;387,000;1,000;16/01/2023;-7,86866758;-61,3917243;;97,500
AM;BR-230;387,000;386,000;1,000;16/01/2023;-7,86866758;-61,3917243;;90,000
AM;BR-230;386,000;385,000;1,000;16/01/2023;-7,86866758;-61,3917243;;87,500
AM;BR-230;385,000;384,000;1,000;16/01/2023;-7,86866758;-61,3917243;;87,500
AM;BR-230;384,000;383,000;1,000;16/01/2023;-7,86866758;-61,3917243;;87,500
AM;BR-230;383,000;382,000;1,000;16/01/2023;-7,86866758;-61,3917243;;87,500
AM;BR-230;382,000;381,000;1,000;16/01/2023;-7,86866758;-61,3917243;;80,000
AM;BR-230;381,000;380,000;1,000;16/01/2023;-7,86866758;-61,3917243;;80,000
AM;BR-230;380,000;379,000;1,000;16/01/2023;-7,86866758;-61,3917243;;70,000
AM;BR-230;379,000;378,000;1,000;16/01/2023;-7,86866758;-61,3917243;;70,000
AM;BR-230;378,000;377,000;1,000;16/01/2023;-7,86866758;-61,3917243;;63,750
AM;BR-230;377,000;376,000;1,000;16/01/2023;-7,86866758;-61,3917243;;77,500
AM;BR-230;376,000;375,000;1,000;16/01/2023;-7,86866758;-61,3917243;;63,750
AM;BR-230;375,000;374,000;1,000;16/01/2023;-7,86866758;-61,3917243;;81,250
AM;BR-230;374,000;373,000;1,000;16/01/2023;-7,86866758;-61,3917243;;83,750
AM;BR-230;373,000;372,000;1,000;16/01/2023;-7,86866758;-61,3917243;;81,250
AM;BR-230;372,000;371,000;1,000;16/01/2023;-7,86866758;-61,3917243;;85,000
AM;BR-230;371,000;370,000;1,000;16/01/2023;-7,86866758;-61,3917243;;77,500
AM;BR-230;370,000;369,000;1,000;16/01/2023;-7,86866758;-61,3917243;;91,250
AM;BR-230;369,000;368,000;1,000;16/01/2023;-7,86866758;-61,3917243;;87,500
AM;BR-230;368,000;367,000;1,000;16/01/2023;-7,86866758;-61,3917243;;85,000
AM;BR-230;367,000;366,000;1,000;16/01/2023;-7,86866758;-61,3917243;;85,000
AM;BR-230;366,000;365,000;1,000;16/01/2023;-7,86866758;-61,3917243;;83,750
AM;BR-230;365,000;364,000;1,000;16/01/2023;-7,86866758;-61,3917243;;77,500
AM;BR-230;364,000;363,000;1,000;16/01/2023;-7,86866758;-61,3917243;;77,500
AM;BR-230;363,000;362,000;1,000;16/01/2023;-7,86866758;-61,3917243;;87,500
AM;BR-230;362,000;361,000;1,000;16/01/2023;-7,86866758;-61,3917243;;77,500
AM;BR-230;361,000;360,000;1,000;16/01/2023;-7,86866758;-61,3917243;;81,250
AM;BR-230;360,000;359,000;1,000;16/01/2023;-7,86866758;-61,3917243;;81,250
AM;BR-230;359,000;358,000;1,000;16/01/2023;-7,86866758;-61,3917243;;85,000
AM;BR-230;358,000;357,000;1,000;16/01/2023;-7,86866758;-61,3917243;;91,250
AM;BR-230;357,000;356,000;1,000;16/01/2023;-7,86866758;-61,3917243;;87,500
AM;BR-230;356,000;355,000;1,000;16/01/2023;-7,86866758;-61,3917243;;81,250
AM;BR-230;355,000;354,000;1,000;16/01/2023;-7,86866758;-61,3917243;;77,500
AM;BR-230;354,000;353,000;1,000;16/01/2023;-7,86866758;-61,3917243;;77,500
AM;BR-230;353,000;352,000;1,000;16/01/2023;-7,86866758;-61,3917243;;77,500
AM;BR-230;352,000;351,000;1,000;16/01/2023;-7,86866758;-61,3917243;;81,250
AM;BR-230;351,000;350,000;1,000;16/01/2023;-7,86866758;-61,3917243;;77,500
AM;BR-230;350,000;349,000;1,000;16/01/2023;-7,86866758;-61,3917243;;77,500
AM;BR-230;349,000;348,000;1,000;16/01/2023;-7,86866758;-61,3917243;;83,750
AM;BR-230;348,000;347,000;1,000;16/01/2023;-7,86866758;-61,3917243;;87,500
AM;BR-230;347,000;346,000;1,000;16/01/2023;-7,86866758;-61,3917243;;63,750
AM;BR-230;346,000;345,000;1,000;16/01/2023;-7,86866758;-61,3917243;;63,750
AM;BR-230;345,000;344,000;1,000;16/01/2023;-7,86866758;-61,3917243;;63,750
AM;BR-230;344,000;343,000;1,000;16/01/2023;-7,86866758;-61,3917243;;63,750
AM;BR-230;343,000;342,000;1,000;16/01/2023;-7,86866758;-61,3917243;;63,750
AM;BR-230;342,000;341,000;1,000;16/01/2023;-7,86866758;-61,3917243;;50,000
AM;BR-230;341,000;340,000;1,000;16/01/2023;-7,86866758;-61,3917243;;56,250
AM;BR-230;340,000;339,000;1,000;16/01/2023;-7,86866758;-61,3917243;;56,250
AM;BR-230;339,000;338,000;1,000;16/01/2023;-7,86866758;-61,3917243;;70,000
AM;BR-230;338,000;337,000;1,000;16/01/2023;-7,86866758;-61,3917243;;50,000
AM;BR-230;337,000;336,000;1,000;16/01/2023;-7,86866758;-61,3917243;;63,750
AM;BR-230;336,000;335,000;1,000;16/01/2023;-7,86866758;-61,3917243;;63,750
AM;BR-230;335,000;334,000;1,000;16/01/2023;-7,86866758;-61,3917243;;65,000
AM;BR-230;334,000;333,000;1,000;16/01/2023;-7,86866758;-61,3917243;;50,000
AM;BR-230;333,000;332,000;1,000;16/01/2023;-7,86866758;-61,3917243;;50,000
AM;BR-230;332,000;331,000;1,000;16/01/2023;-7,86866758;-61,3917243;;50,000
AM;BR-230;331,000;330,000;1,000;16/01/2023;-7,86866758;-61,3917243;;63,750
AM;BR-230;330,000;329,000;1,000;16/01/2023;-7,86866758;-61,3917243;;63,750
AM;BR-230;329,000;328,000;1,000;16/01/2023;-7,86866758;-61,3917243;;70,000
AM;BR-230;328,000;327,000;1,000;16/01/2023;-7,86866758;-61,3917243;;63,750
AM;BR-230;327,000;326,000;1,000;16/01/2023;-7,86866758;-61,3917243;;63,750
AM;BR-230;326,000;325,000;1,000;16/01/2023;-7,86866758;-61,3917243;;63,750
AM;BR-230;325,000;324,000;1,000;16/01/2023;-7,86866758;-61,3917243;;50,000
AM;BR-230;324,000;323,000;1,000;16/01/2023;-7,86866758;-61,3917243;;63,750
AM;BR-230;323,000;322,000;1,000;16/01/2023;-7,86866758;-61,3917243;;63,750
AM;BR-230;322,000;321,000;1,000;16/01/2023;-7,86866758;-61,3917243;;70,000
AM;BR-230;321,000;320,000;1,000;16/01/2023;-7,86866758;-61,3917243;;70,000
AM;BR-230;320,000;319,000;1,000;16/01/2023;-7,86866758;-61,3917243;;63,750
AM;BR-230;319,000;318,000;1,000;16/01/2023;-7,86866758;-61,3917243;;63,750
AM;BR-230;318,000;317,000;1,000;16/01/2023;-7,86866758;-61,3917243;;63,750
AM;BR-230;317,000;316,000;1,000;16/01/2023;-7,86866758;-61,3917243;;63,750
AM;BR-230;316,000;315,000;1,000;16/01/2023;-7,86866758;-61,3917243;;57,500
AM;BR-230;315,000;314,800;0,200;16/01/2023;-7,86866758;-61,3917243;;63,750
AM;BR-230;206,000;205,000;1,000;17/01/2023;-7,1905571;-59,8841968;;93,750
AM;BR-230;205,000;204,000;1,000;17/01/2023;-7,1905571;-59,8841968;;91,250
AM;BR-230;204,000;203,000;1,000;17/01/2023;-7,1905571;-59,8841968;;83,750
AM;BR-230;203,000;202,000;1,000;17/01/2023;-7,1905571;-59,8841968;;91,250
AM;BR-230;202,000;201,000;1,000;17/01/2023;-7,1905571;-59,8841968;;83,750
AM;BR-230;201,000;200,000;1,000;17/01/2023;-7,1905571;-59,8841968;;72,500
AM;BR-230;200,000;199,000;1,000;17/01/2023;-7,1905571;-59,8841968;;73,750
AM;BR-230;199,000;198,000;1,000;17/01/2023;-7,1905571;-59,8841968;;62,500
AM;BR-230;198,000;197,000;1,000;17/01/2023;-7,1905571;-59,8841968;;70,000
AM;BR-230;197,000;196,000;1,000;17/01/2023;-7,1905571;-59,8841968;;91,250
AM;BR-230;196,000;195,000;1,000;17/01/2023;-7,1905571;-59,8841968;;87,500
AM;BR-230;195,000;194,000;1,000;17/01/2023;-7,1905571;-59,8841968;;68,750
AM;BR-230;194,000;193,000;1,000;17/01/2023;-7,1905571;-59,8841968;;78,750
AM;BR-230;193,000;192,000;1,000;17/01/2023;-7,1905571;-59,8841968;;80,000
AM;BR-230;192,000;191,000;1,000;17/01/2023;-7,1905571;-59,8841968;;63,750
AM;BR-230;191,000;190,000;1,000;17/01/2023;-7,1905571;-59,8841968;;77,500
AM;BR-230;190,000;189,000;1,000;17/01/2023;-7,1905571;-59,8841968;;65,000
AM;BR-230;189,000;188,000;1,000;17/01/2023;-7,1905571;-59,8841968;;80,000
AM;BR-230;188,000;187,000;1,000;17/01/2023;-7,1905571;-59,8841968;;60,000
AM;BR-230;187,000;186,000;1,000;17/01/2023;-7,1905571;-59,8841968;;67,500
AM;BR-230;186,000;185,000;1,000;17/01/2023;-7,1905571;-59,8841968;;77,500
AM;BR-230;185,000;184,000;1,000;17/01/2023;-7,1905571;-59,8841968;;70,000
AM;BR-230;184,000;183,000;1,000;17/01/2023;-7,1905571;-59,8841968;;77,500
AM;BR-230;183,000;182,000;1,000;17/01/2023;-7,1905571;-59,8841968;;76,250
AM;BR-230;182,000;181,000;1,000;17/01/2023;-7,1905571;-59,8841968;;70,000
AM;BR-230;181,000;180,000;1,000;17/01/2023;-7,1905571;-59,8841968;;56,250
AM;BR-230;180,000;179,000;1,000;17/01/2023;-7,1905571;-59,8841968;;60,000
AM;BR-230;179,000;178,000;1,000;17/01/2023;-7,1905571;-59,8841968;;50,000
AM;BR-230;178,000;177,000;1,000;17/01/2023;-7,2085501;-59,8889654;;50,000
AM;BR-230;177,000;176,000;1,000;17/01/2023;-7,2085501;-59,8889654;;56,250
AM;BR-230;176,000;175,000;1,000;17/01/2023;-7,2085501;-59,8889654;;53,750
AM;BR-230;175,000;174,000;1,000;17/01/2023;-7,2085501;-59,8889654;;61,250
AM;BR-230;174,000;173,000;1,000;17/01/2023;-7,2085501;-59,8889654;;50,000
AM;BR-230;173,000;172,000;1,000;17/01/2023;-7,2085501;-59,8889654;;12,500
AM;BR-230;172,000;171,000;1,000;17/01/2023;-7,2085501;-59,8889654;;20,000
AM;BR-230;171,000;170,000;1,000;17/01/2023;-7,2085501;-59,8889654;;7,500
AM;BR-230;170,000;169,000;1,000;17/01/2023;-7,2085501;-59,8889654;;37,500
AM;BR-230;169,000;168,000;1,000;17/01/2023;-7,2085501;-59,8889654;;45,000
AM;BR-230;168,000;167,000;1,000;17/01/2023;-7,2085501;-59,8889654;;30,000
AM;BR-230;167,000;166,000;1,000;17/01/2023;-7,2085501;-59,8889654;;20,000
AM;BR-230;166,000;165,000;1,000;17/01/2023;-7,2085501;-59,8889654;;15,000
AM;BR-230;165,000;164,000;1,000;17/01/2023;-7,2085501;-59,8889654;;23,750
AM;BR-230;164,000;163,000;1,000;17/01/2023;-7,2085501;-59,8889654;;45,000
AM;BR-230;163,000;162,000;1,000;17/01/2023;-7,2085501;-59,8889654;;60,000
AM;BR-230;162,000;161,000;1,000;17/01/2023;-7,2085501;-59,8889654;;58,750
AM;BR-230;161,000;160,000;1,000;17/01/2023;-7,2085501;-59,8889654;;46,250
AM;BR-230;160,000;159,000;1,000;17/01/2023;-7,2085501;-59,8889654;;60,000
AM;BR-230;159,000;158,000;1,000;17/01/2023;-7,2085501;-59,8889654;;60,000
AM;BR-230;158,000;157,000;1,000;17/01/2023;-7,2085501;-59,8889654;;60,000
AM;BR-230;157,000;156,000;1,000;17/01/2023;-7,2085501;-59,8889654;;37,500
AM;BR-230;156,000;155,000;1,000;17/01/2023;-7,2085501;-59,8889654;;30,000
AM;BR-230;155,000;154,000;1,000;17/01/2023;-7,2085501;-59,8889654;;20,000
AM;BR-230;154,000;153,000;1,000;17/01/2023;-7,2085501;-59,8889654;;52,500
AM;BR-230;153,000;152,000;1,000;17/01/2023;-7,2085501;-59,8889654;;45,000
AM;BR-230;152,000;151,000;1,000;17/01/2023;-7,2085501;-59,8889654;;7,500
AM;BR-230;151,000;150,000;1,000;17/01/2023;-7,2085501;-59,8889654;;45,000
AM;BR-230;150,000;149,000;1,000;17/01/2023;-7,2085501;-59,8889654;;55,000
AM;BR-230;149,000;148,000;1,000;17/01/2023;-7,2085501;-59,8889654;;33,750
AM;BR-230;148,000;147,000;1,000;17/01/2023;-7,2085501;-59,8889654;;53,750
AM;BR-230;147,000;146,000;1,000;17/01/2023;-7,2085501;-59,8889654;;46,250
AM;BR-230;146,000;145,000;1,000;17/01/2023;-7,2085501;-59,8889654;;63,750
AM;BR-230;145,000;144,000;1,000;17/01/2023;-7,2085501;-59,8889654;;12,500
AM;BR-230;144,000;143,000;1,000;17/01/2023;-7,2085501;-59,8889654;;15,000
AM;BR-230;143,000;142,000;1,000;17/01/2023;-7,2085501;-59,8889654;;55,000
AM;BR-230;142,000;141,000;1,000;17/01/2023;-7,2085501;-59,8889654;;47,500
AM;BR-230;141,000;140,000;1,000;17/01/2023;-7,2085501;-59,8889654;;27,500
AM;BR-230;140,000;139,000;1,000;17/01/2023;-7,2085501;-59,8889654;;17,500
AM;BR-230;139,000;138,000;1,000;17/01/2023;-7,2085501;-59,8889654;;15,000
AM;BR-230;138,000;137,000;1,000;17/01/2023;-7,2085501;-59,8889654;;27,500
AM;BR-230;137,000;136,000;1,000;17/01/2023;-7,2085501;-59,8889654;;16,250
AM;BR-230;136,000;135,000;1,000;17/01/2023;-7,2085501;-59,8889654;;40,000
AM;BR-230;135,000;134,000;1,000;17/01/2023;-7,2085501;-59,8889654;;37,500
AM;BR-230;134,000;133,000;1,000;17/01/2023;-7,2085501;-59,8889654;;30,000
AM;BR-230;133,000;132,000;1,000;17/01/2023;-7,2085501;-59,8889654;;52,500
AM;BR-230;132,000;131,000;1,000;17/01/2023;-7,2085501;-59,8889654;;20,000
AM;BR-230;131,000;130,000;1,000;17/01/2023;-7,2085501;-59,8889654;;15,000
AM;BR-230;130,000;129,000;1,000;17/01/2023;-7,2085501;-59,8889654;;15,000
AM;BR-230;129,000;128,000;1,000;17/01/2023;-7,2085501;-59,8889654;;20,000
AM;BR-230;128,000;127,000;1,000;17/01/2023;-7,2085501;-59,8889654;;20,000
AM;BR-230;127,000;126,000;1,000;17/01/2023;-7,2085501;-59,8889654;;40,000
AM;BR-230;126,000;125,000;1,000;17/01/2023;-7,2085501;-59,8889654;;15,000
AM;BR-230;125,000;124,000;1,000;17/01/2023;-7,2085501;-59,8889654;;58,750
AM;BR-230;124,000;123,000;1,000;17/01/2023;-7,2085501;-59,8889654;;52,500
AM;BR-230;123,000;122,000;1,000;17/01/2023;-7,2085501;-59,8889654;;72,500
AM;BR-230;122,000;121,000;1,000;17/01/2023;-7,2085501;-59,8889654;;63,750
AM;BR-230;121,000;120,000;1,000;17/01/2023;-7,2085501;-59,8889654;;70,000
AM;BR-230;120,000;119,000;1,000;17/01/2023;-7,2085501;-59,8889654;;53,750
AM;BR-230;119,000;118,000;1,000;17/01/2023;-7,2085501;-59,8889654;;63,750
AM;BR-230;118,000;117,000;1,000;17/01/2023;-7,2085501;-59,8889654;;63,750
AM;BR-230;117,000;116,000;1,000;17/01/2023;-7,2085501;-59,8889654;;48,750
AM;BR-230;116,000;115,000;1,000;17/01/2023;-7,2085501;-59,8889654;;33,750
AM;BR-230;115,000;114,000;1,000;17/01/2023;-7,2085501;-59,8889654;;48,750
AM;BR-230;114,000;113,000;1,000;17/01/2023;-7,2085501;-59,8889654;;53,750
AM;BR-230;113,000;112,000;1,000;17/01/2023;-7,2085501;-59,8889654;;47,500
AM;BR-230;112,000;111,000;1,000;17/01/2023;-7,2085501;-59,8889654;;45,000
AM;BR-230;111,000;110,000;1,000;17/01/2023;-7,2085501;-59,8889654;;36,250
AM;BR-230;110,000;109,000;1,000;17/01/2023;-7,2085501;-59,8889654;;45,000
AM;BR-230;109,000;108,000;1,000;17/01/2023;-7,1942605;-59,8829199;;43,750
AM;BR-230;108,000;107,000;1,000;17/01/2023;-7,1942605;-59,8829199;;31,250
AM;BR-230;107,000;106,000;1,000;17/01/2023;-7,1942605;-59,8829199;;30,000
AM;BR-230;106,000;105,000;1,000;17/01/2023;-7,1942605;-59,8829199;;17,500
AM;BR-230;105,000;104,000;1,000;17/01/2023;-6,7970196;-59,0459397;;27,500
AM;BR-230;104,000;103,000;1,000;17/01/2023;-6,7946732;-59,0432949;;7,500
AM;BR-230;103,000;102,000;1,000;17/01/2023;-6,7946733;-59,0432959;;27,500
AM;BR-230;102,000;101,000;1,000;17/01/2023;-6,7946733;-59,0432959;;27,500
AM;BR-230;101,000;100,000;1,000;17/01/2023;-6,7946733;-59,0432959;;47,500
AM;BR-230;100,000;99,000;1,000;17/01/2023;-6,7946733;-59,0432959;;20,000
AM;BR-230;99,000;98,000;1,000;17/01/2023;-6,7946733;-59,0432959;;35,000
AM;BR-230;98,000;97,000;1,000;17/01/2023;-6,7946733;-59,0432959;;60,000
AM;BR-230;97,000;96,000;1,000;17/01/2023;-6,7946733;-59,0432959;;52,500
AM;BR-230;96,000;95,000;1,000;17/01/2023;-6,7946733;-59,0432959;;42,500
AM;BR-230;95,000;94,000;1,000;17/01/2023;-6,7946733;-59,0432959;;30,000
AM;BR-230;94,000;93,000;1,000;17/01/2023;-6,7946733;-59,0432959;;22,500
AM;BR-230;93,000;92,000;1,000;17/01/2023;-6,7946733;-59,0432959;;31,250
AM;BR-230;92,000;91,000;1,000;17/01/2023;-6,7946733;-59,0432959;;43,750
AM;BR-230;91,000;90,000;1,000;17/01/2023;-6,7946733;-59,0432959;;20,000
AM;BR-230;90,000;89,000;1,000;17/01/2023;-6,7946733;-59,0432959;;40,000
AM;BR-230;89,000;88,000;1,000;17/01/2023;-6,7946733;-59,0432959;;47,500
AM;BR-230;88,000;87,000;1,000;17/01/2023;-6,7946733;-59,0432959;;27,500
AM;BR-230;87,000;86,000;1,000;17/01/2023;-6,7946733;-59,0432959;;35,000
AM;BR-230;86,000;85,000;1,000;17/01/2023;-6,7946733;-59,0432959;;28,750
AM;BR-230;85,000;84,000;1,000;17/01/2023;-6,7946733;-59,0432959;;33,750
AM;BR-230;84,000;83,000;1,000;17/01/2023;-6,7946733;-59,0432959;;15,000
AM;BR-230;83,000;82,000;1,000;17/01/2023;-6,7946733;-59,0432959;;17,500
AM;BR-230;82,000;81,000;1,000;17/01/2023;-6,69810116;-58,861755;;26,250
AM;BR-230;81,000;80,000;1,000;17/01/2023;-6,69810116;-58,861755;;46,250
AM;BR-230;80,000;79,000;1,000;17/01/2023;-6,69810116;-58,861755;;17,500
AM;BR-230;79,000;78,000;1,000;17/01/2023;-6,69810116;-58,861755;;32,500
AM;BR-230;78,000;77,000;1,000;17/01/2023;-6,69810116;-58,861755;;20,000
AM;BR-230;77,000;76,000;1,000;17/01/2023;-6,69810116;-58,861755;;20,000
AM;BR-230;76,000;75,000;1,000;17/01/2023;-6,69810116;-58,861755;;15,000
AM;BR-230;75,000;74,000;1,000;17/01/2023;-6,69810116;-58,861755;;20,000
AM;BR-230;74,000;73,000;1,000;17/01/2023;-6,69810116;-58,861755;;16,250
AM;BR-230;73,000;72,000;1,000;17/01/2023;-6,69810116;-58,861755;;45,000
AM;BR-230;72,000;71,000;1,000;17/01/2023;-6,69810116;-58,861755;;32,500
AM;BR-230;71,000;70,000;1,000;17/01/2023;-6,69810116;-58,861755;;12,500
AM;BR-230;70,000;69,000;1,000;17/01/2023;-6,69810116;-58,861755;;7,500
AM;BR-230;69,000;68,000;1,000;17/01/2023;-6,69810116;-58,861755;;12,500
AM;BR-230;68,000;67,000;1,000;17/01/2023;-6,69810116;-58,861755;;36,250
AM;BR-230;67,000;66,000;1,000;17/01/2023;-6,69810116;-58,861755;;5,000
AM;BR-230;66,000;65,000;1,000;17/01/2023;-6,69810116;-58,861755;;27,500
AM;BR-230;65,000;64,000;1,000;17/01/2023;-6,69810116;-58,861755;;12,500
AM;BR-230;64,000;63,000;1,000;17/01/2023;-6,69810116;-58,861755;;20,000
AM;BR-230;63,000;62,000;1,000;17/01/2023;-6,69810116;-58,861755;;22,500
AM;BR-230;62,000;61,000;1,000;17/01/2023;-6,69810116;-58,861755;;20,000
AM;BR-230;61,000;60,000;1,000;17/01/2023;-6,69810116;-58,861755;;15,000
AM;BR-230;60,000;59,000;1,000;17/01/2023;-6,69810116;-58,861755;;26,250
AM;BR-230;59,000;58,000;1,000;17/01/2023;-6,69810116;-58,861755;;5,000
AM;BR-230;58,000;57,000;1,000;17/01/2023;-6,69810116;-58,861755;;15,000
AM;BR-230;57,000;56,000;1,000;17/01/2023;-6,69810116;-58,861755;;12,500
AM;BR-230;56,000;55,000;1,000;17/01/2023;-6,66584881;-58,7631404;;27,500
AM;BR-230;55,000;54,000;1,000;17/01/2023;-6,66584881;-58,7631404;;36,250
AM;BR-230;54,000;53,000;1,000;17/01/2023;-6,66584881;-58,7631404;;32,500
AM;BR-230;53,000;52,000;1,000;17/01/2023;-6,66584881;-58,7631404;;56,250
AM;BR-230;52,000;51,000;1,000;17/01/2023;-6,66584881;-58,7631404;;38,750
AM;BR-230;51,000;50,000;1,000;17/01/2023;-6,66584881;-58,7631404;;38,750
AM;BR-230;50,000;49,000;1,000;17/01/2023;-6,66584881;-58,7631404;;15,000
AM;BR-230;49,000;48,000;1,000;17/01/2023;-6,66584881;-58,7631404;;18,750
AM;BR-230;48,000;47,000;1,000;17/01/2023;-6,66584881;-58,7631404;;18,750
AM;BR-230;47,000;46,000;1,000;17/01/2023;-6,66584881;-58,7631404;;22,500
AM;BR-230;46,000;45,000;1,000;17/01/2023;-6,66584881;-58,7631404;;16,250
AM;BR-230;45,000;44,000;1,000;17/01/2023;-6,66584881;-58,7631404;;15,000
AM;BR-230;44,000;43,000;1,000;17/01/2023;-6,66584881;-58,7631404;;27,500
AM;BR-230;43,000;42,000;1,000;17/01/2023;-6,66584881;-58,7631404;;7,500
AM;BR-230;42,000;41,000;1,000;17/01/2023;-6,66584881;-58,7631404;;48,750
AM;BR-230;41,000;40,000;1,000;17/01/2023;-6,66584881;-58,7631404;;7,500
AM;BR-230;40,000;39,000;1,000;17/01/2023;-6,66584881;-58,7631404;;22,500
AM;BR-230;39,000;38,000;1,000;17/01/2023;-6,66584881;-58,7631404;;12,500
AM;BR-230;38,000;37,000;1,000;17/01/2023;-6,66584881;-58,7631404;;25,000
AM;BR-230;37,000;36,000;1,000;17/01/2023;-6,66584881;-58,7631404;;12,500
AM;BR-230;36,000;35,000;1,000;17/01/2023;-6,66584881;-58,7631404;;15,000
AM;BR-230;35,000;34,000;1,000;17/01/2023;-6,66584881;-58,7631404;;12,500
AM;BR-230;34,000;33,000;1,000;17/01/2023;-6,66584881;-58,7631404;;37,500
AM;BR-230;33,000;32,000;1,000;17/01/2023;-6,66584881;-58,7631404;;16,250
AM;BR-230;32,000;31,000;1,000;17/01/2023;-6,66584881;-58,7631404;;40,000
AM;BR-230;31,000;30,000;1,000;17/01/2023;-6,66584881;-58,7631404;;16,250
AM;BR-230;30,000;29,000;1,000;17/01/2023;-6,66584881;-58,7631404;;33,750
AM;BR-230;29,000;28,000;1,000;17/01/2023;-6,66584881;-58,7631404;;20,000
AM;BR-230;28,000;27,000;1,000;17/01/2023;-6,66584881;-58,7631404;;12,500
AM;BR-230;27,000;26,000;1,000;17/01/2023;-6,66584881;-58,7631404;;25,000
AM;BR-230;26,000;25,000;1,000;17/01/2023;-6,66584881;-58,7631404;;27,500
AM;BR-230;25,000;24,000;1,000;17/01/2023;-6,66584881;-58,7631404;;12,500
AM;BR-230;24,000;23,000;1,000;17/01/2023;-6,66584881;-58,7631404;;5,000
AM;BR-230;23,000;22,000;1,000;17/01/2023;-6,66584881;-58,7631404;;12,500
AM;BR-230;22,000;21,000;1,000;17/01/2023;-6,66584881;-58,7631404;;7,500
AM;BR-230;21,000;20,000;1,000;17/01/2023;-6,66584881;-58,7631404;;12,500
AM;BR-230;20,000;19,000;1,000;17/01/2023;-6,66584881;-58,7631404;;30,000
AM;BR-230;19,000;18,000;1,000;17/01/2023;-6,66584881;-58,7631404;;12,500
AM;BR-230;18,000;17,000;1,000;17/01/2023;-6,66584881;-58,7631404;;5,000
AM;BR-230;17,000;16,000;1,000;17/01/2023;-6,66584881;-58,7631404;;5,000
AM;BR-230;16,000;15,000;1,000;17/01/2023;-6,66584881;-58,7631404;;12,500
AM;BR-230;15,000;14,000;1,000;17/01/2023;-6,66584881;-58,7631404;;12,500
AM;BR-230;14,000;13,000;1,000;17/01/2023;-6,66584881;-58,7631404;;12,500
AM;BR-230;13,000;12,000;1,000;17/01/2023;-6,66584881;-58,7631404;;12,500
AM;BR-230;12,000;11,000;1,000;17/01/2023;-6,66584881;-58,7631404;;7,500
AM;BR-230;11,000;10,000;1,000;17/01/2023;-6,66584881;-58,7631404;;7,500
AM;BR-230;10,000;9,000;1,000;17/01/2023;-6,66584881;-58,7631404;;15,000
AM;BR-230;9,000;8,000;1,000;17/01/2023;-6,66584881;-58,7631404;;12,500
AM;BR-230;8,000;7,000;1,000;17/01/2023;-6,66584881;-58,7631404;;12,500
AM;BR-230;7,000;6,000;1,000;17/01/2023;-6,66584881;-58,7631404;;12,500
AM;BR-230;6,000;5,000;1,000;17/01/2023;-6,66584881;-58,7631404;;12,500
AM;BR-230;5,000;4,000;1,000;17/01/2023;-6,66584881;-58,7631404;;12,500
AM;BR-230;4,000;3,000;1,000;17/01/2023;-6,66584881;-58,7631404;;5,000
AM;BR-230;3,000;2,000;1,000;17/01/2023;-6,66584881;-58,7631404;;12,500
AM;BR-230;2,000;1,000;1,000;17/01/2023;-6,66584881;-58,7631404;;7,500
AM;BR-230;1,000;0,000;1,000;17/01/2023;-6,66584881;-58,7631404;;12,500
AM;BR-319;631,000;630,000;1,000;05/01/2023;-7,36074473;-63,1943814;;50,000
AM;BR-319;630,000;629,000;1,000;05/01/2023;-7,36074473;-63,1943814;;50,000
AM;BR-319;629,000;628,000;1,000;05/01/2023;-7,36074473;-63,1943814;;43,750
AM;BR-319;628,000;627,000;1,000;05/01/2023;-7,36074473;-63,1943814;;43,750
AM;BR-319;627,000;626,000;1,000;05/01/2023;-7,33756871;-63,1856147;;50,000
AM;BR-319;626,000;625,000;1,000;05/01/2023;-7,33756871;-63,1856147;;43,750
AM;BR-319;625,000;624,000;1,000;05/01/2023;-7,33756871;-63,1856147;;37,500
AM;BR-319;624,000;623,000;1,000;05/01/2023;-7,33756871;-63,1856147;;43,750
AM;BR-319;623,000;622,000;1,000;05/01/2023;-7,30340918;-63,1727587;;37,500
AM;BR-319;622,000;621,000;1,000;05/01/2023;-7,30340918;-63,1727587;;50,000
AM;BR-319;621,000;620,000;1,000;05/01/2023;-7,30340918;-63,1727587;;50,000
AM;BR-319;620,000;619,000;1,000;05/01/2023;-7,5339156;-63,0557846;;43,750
AM;BR-319;619,000;618,000;1,000;05/01/2023;-7,5339156;-63,0557846;;50,000
AM;BR-319;618,000;617,000;1,000;05/01/2023;-7,5339156;-63,0557846;;47,500
AM;BR-319;617,000;616,000;1,000;05/01/2023;-7,25204785;-63,1533529;;41,250
AM;BR-319;616,000;615,000;1,000;05/01/2023;-7,25204785;-63,1533529;;43,750
AM;BR-319;615,000;614,000;1,000;05/01/2023;-7,25204785;-63,1533529;;43,750
AM;BR-319;614,000;613,000;1,000;05/01/2023;-7,25204785;-63,1533529;;50,000
AM;BR-319;613,000;612,000;1,000;05/01/2023;-7,25204785;-63,1533529;;50,000
AM;BR-319;612,000;611,000;1,000;05/01/2023;-7,25204785;-63,1533529;;50,000
AM;BR-319;611,000;610,000;1,000;05/01/2023;-7,25204785;-63,1533529;;47,500
AM;BR-319;610,000;609,000;1,000;05/01/2023;-7,25204785;-63,1533529;;50,000
AM;BR-319;609,000;608,000;1,000;05/01/2023;-7,25204785;-63,1533529;;50,000
AM;BR-319;608,000;607,000;1,000;05/01/2023;-7,1743163;-63,1241334;;50,000
AM;BR-319;607,000;606,000;1,000;05/01/2023;-7,1743163;-63,1241334;;47,500
AM;BR-319;606,000;605,000;1,000;05/01/2023;-7,1743163;-63,1241334;;41,250
AM;BR-319;605,000;604,000;1,000;05/01/2023;-7,1743163;-63,1241334;;43,750
AM;BR-319;604,000;603,000;1,000;05/01/2023;-7,1743163;-63,1241334;;43,750
AM;BR-319;603,000;602,000;1,000;05/01/2023;-7,1743163;-63,1241334;;50,000
AM;BR-319;602,000;601,000;1,000;05/01/2023;-7,1743163;-63,1241334;;43,750
AM;BR-319;601,000;600,000;1,000;05/01/2023;-7,1743163;-63,1241334;;43,750
AM;BR-319;600,000;599,000;1,000;05/01/2023;-7,10279678;-63,1121589;;43,750
AM;BR-319;599,000;598,000;1,000;05/01/2023;-7,10279678;-63,1121589;;50,000
AM;BR-319;598,000;597,000;1,000;05/01/2023;-7,10279678;-63,1121589;;50,000
AM;BR-319;597,000;596,000;1,000;05/01/2023;-7,10279678;-63,1121589;;43,750
AM;BR-319;596,000;595,000;1,000;05/01/2023;-7,10279678;-63,1121589;;50,000
AM;BR-319;595,000;594,000;1,000;05/01/2023;-7,10279678;-63,1121589;;50,000
AM;BR-319;594,000;593,000;1,000;05/01/2023;-7,03885371;-63,1048732;;43,750
AM;BR-319;593,000;592,000;1,000;05/01/2023;-7,03885371;-63,1048732;;43,750
AM;BR-319;592,000;591,000;1,000;05/01/2023;-7,03885371;-63,1048732;;43,750
AM;BR-319;591,000;590,000;1,000;05/01/2023;-7,03885371;-63,1048732;;43,750
AM;BR-319;590,000;589,000;1,000;05/01/2023;-7,03885371;-63,1048732;;43,750
AM;BR-319;589,400;588,000;1,400;05/01/2023;-6,98574838;-63,0987181;;37,500
AM;BR-319;588,000;587,000;1,000;05/01/2023;-6,9790314;-63,0968569;;37,500
AM;BR-319;587,000;586,000;1,000;05/01/2023;-6,97663266;-63,0955883;;37,500
AM;BR-319;586,000;585,000;1,000;05/01/2023;-6,97663266;-63,0955883;;57,500
AM;BR-319;585,000;584,000;1,000;05/01/2023;-6,97663266;-63,0955883;;43,750
AM;BR-319;584,000;583,000;1,000;05/01/2023;-6,97663266;-63,0955883;;43,750
AM;BR-319;583,000;582,000;1,000;05/01/2023;-6,97663266;-63,0955883;;76,250
AM;BR-319;582,000;581,000;1,000;05/01/2023;-6,93139021;-63,0812658;;50,000
AM;BR-319;581,000;580,000;1,000;05/01/2023;-6,93139021;-63,0812658;;50,000
AM;BR-319;580,000;579,000;1,000;05/01/2023;-6,93139021;-63,0812658;;51,250
AM;BR-319;579,000;578,000;1,000;05/01/2023;-6,90774486;-63,0737475;;50,000
AM;BR-319;578,000;577,000;1,000;05/01/2023;-6,90774486;-63,0737475;;65,000
AM;BR-319;577,000;576,000;1,000;05/01/2023;-6,90774486;-63,0737475;;50,000
AM;BR-319;576,000;575,000;1,000;05/01/2023;-6,90774486;-63,0737475;;43,750
AM;BR-319;575,000;574,000;1,000;05/01/2023;-6,90774486;-63,0737475;;37,500
AM;BR-319;574,000;573,000;1,000;05/01/2023;-6,90774486;-63,0737475;;45,000
AM;BR-319;573,000;572,000;1,000;05/01/2023;-6,90774486;-63,0737475;;37,500
AM;BR-319;572,000;571,000;1,000;05/01/2023;-6,90774486;-63,0737475;;37,500
AM;BR-319;571,000;570,000;1,000;05/01/2023;-6,90774486;-63,0737475;;37,500
AM;BR-319;570,000;569,000;1,000;05/01/2023;-6,83319401;-63,043189;;37,500
AM;BR-319;569,000;568,000;1,000;05/01/2023;-6,83319401;-63,043189;;57,500
AM;BR-319;568,000;567,000;1,000;05/01/2023;-6,83319401;-63,043189;;57,500
AM;BR-319;567,000;566,000;1,000;05/01/2023;-6,83319401;-63,043189;;57,500
AM;BR-319;566,000;565,000;1,000;05/01/2023;-6,83319401;-63,043189;;57,500
AM;BR-319;565,000;564,000;1,000;05/01/2023;-6,83319401;-63,043189;;50,000
AM;BR-319;564,000;563,000;1,000;05/01/2023;-6,83319401;-63,043189;;51,250
AM;BR-319;563,000;562,000;1,000;05/01/2023;-6,77851751;-63,0080507;;43,750
AM;BR-319;562,000;561,000;1,000;05/01/2023;-6,77851751;-63,0080507;;57,500
AM;BR-319;561,000;560,000;1,000;05/01/2023;-6,77851751;-63,0080507;;68,750
AM;BR-319;560,000;559,000;1,000;05/01/2023;-6,77851751;-63,0080507;;68,750
AM;BR-319;559,000;558,000;1,000;05/01/2023;-6,77851751;-63,0080507;;68,750
AM;BR-319;558,000;557,000;1,000;05/01/2023;-6,77851751;-63,0080507;;65,000
AM;BR-319;557,000;556,000;1,000;05/01/2023;-6,77851751;-63,0080507;;65,000
AM;BR-319;556,000;555,000;1,000;05/01/2023;-6,77851751;-63,0080507;;50,000
AM;BR-319;555,000;554,000;1,000;05/01/2023;-6,77851751;-63,0080507;;68,750
AM;BR-319;554,000;553,000;1,000;05/01/2023;-6,69633486;-62,9736565;;52,500
AM;BR-319;553,000;552,000;1,000;05/01/2023;-6,69633486;-62,9736565;;65,000
AM;BR-319;552,000;551,000;1,000;05/01/2023;-6,69633486;-62,9736565;;65,000
AM;BR-319;551,000;550,000;1,000;05/01/2023;-6,69633486;-62,9736565;;68,750
AM;BR-319;550,000;549,000;1,000;05/01/2023;-6,69633486;-62,9736565;;72,500
AM;BR-319;549,000;548,000;1,000;05/01/2023;-6,69633486;-62,9736565;;57,500
AM;BR-319;548,000;547,000;1,000;05/01/2023;-6,63447431;-62,9595259;;43,750
AM;BR-319;547,000;546,000;1,000;05/01/2023;-6,63447431;-62,9595259;;43,750
AM;BR-319;546,000;545,000;1,000;05/01/2023;-6,63447431;-62,9595259;;51,250
AM;BR-319;545,000;544,000;1,000;05/01/2023;-6,6131919;-62,9554598;;47,500
AM;BR-319;544,000;543,000;1,000;05/01/2023;-6,6131919;-62,9554598;;41,250
AM;BR-319;543,000;542,000;1,000;05/01/2023;-6,6131919;-62,9554598;;50,000
AM;BR-319;542,000;541,000;1,000;05/01/2023;-6,6131919;-62,9554598;;57,500
AM;BR-319;541,000;540,000;1,000;05/01/2023;-6,6131919;-62,9554598;;50,000
AM;BR-319;540,000;539,000;1,000;05/01/2023;-6,6131919;-62,9554598;;50,000
AM;BR-319;539,000;538,000;1,000;05/01/2023;-6,6131919;-62,9554598;;50,000
AM;BR-319;538,000;537,000;1,000;05/01/2023;-6,54234425;-62,9400092;;50,000
AM;BR-319;537,000;536,000;1,000;05/01/2023;-6,54234425;-62,9400092;;50,000
AM;BR-319;536,000;535,000;1,000;05/01/2023;-6,54234425;-62,9400092;;50,000
AM;BR-319;535,000;534,000;1,000;05/01/2023;-6,54234425;-62,9400092;;68,750
AM;BR-319;534,000;533,000;1,000;05/01/2023;-6,54234425;-62,9400092;;50,000
AM;BR-319;533,000;532,000;1,000;05/01/2023;-6,54234425;-62,9400092;;65,000
AM;BR-319;532,000;531,000;1,000;05/01/2023;-6,54234425;-62,9400092;;51,250
AM;BR-319;531,000;530,000;1,000;05/01/2023;-6,54234425;-62,9400092;;37,500
AM;BR-319;530,000;529,000;1,000;05/01/2023;-6,54234425;-62,9400092;;43,750
AM;BR-319;529,000;528,000;1,000;05/01/2023;-6,54234425;-62,9400092;;47,500
AM;BR-319;528,000;527,000;1,000;05/01/2023;-6,54234425;-62,9400092;;41,250
AM;BR-319;527,000;526,000;1,000;05/01/2023;-6,46886575;-62,88714;;55,000
AM;BR-319;526,000;525,000;1,000;05/01/2023;-6,46886575;-62,88714;;50,000
AM;BR-319;525,000;524,000;1,000;05/01/2023;-6,46886575;-62,88714;;43,750
AM;BR-319;524,000;523,000;1,000;05/01/2023;-6,46886575;-62,88714;;51,250
AM;BR-319;523,000;522,000;1,000;05/01/2023;-6,46886575;-62,88714;;43,750
AM;BR-319;522,000;521,000;1,000;05/01/2023;-6,46886575;-62,88714;;48,750
AM;BR-319;521,000;520,000;1,000;05/01/2023;-6,41821083;-62,8550616;;43,750
AM;BR-319;520,000;519,000;1,000;05/01/2023;-6,41821083;-62,8550616;;47,500
AM;BR-319;519,000;518,000;1,000;05/01/2023;-6,41821083;-62,8550616;;43,750
AM;BR-319;518,000;517,000;1,000;05/01/2023;-6,41821083;-62,8550616;;50,000
AM;BR-319;517,000;516,000;1,000;05/01/2023;-6,41821083;-62,8550616;;47,500
AM;BR-319;516,000;515,000;1,000;05/01/2023;-6,38866801;-62,8273234;;43,750
AM;BR-319;515,000;514,000;1,000;05/01/2023;-6,38866801;-62,8273234;;37,500
AM;BR-319;513,800;512,000;1,800;05/01/2023;-6,38866801;-62,8273234;;7,500
AM;BR-319;512,000;511,000;1,000;05/01/2023;-6,37087463;-62,8081826;;45,000
AM;BR-319;511,000;510,000;1,000;05/01/2023;-6,37087463;-62,8081826;;57,500
AM;BR-319;510,000;509,000;1,000;05/01/2023;-6,37087463;-62,8081826;;68,750
AM;BR-319;509,000;508,000;1,000;05/01/2023;-6,37087463;-62,8081826;;42,500
AM;BR-319;508,000;507,000;1,000;05/01/2023;-6,37087463;-62,8081826;;58,750
AM;BR-319;507,000;506,000;1,000;05/01/2023;-6,37087463;-62,8081826;;47,500
AM;BR-319;506,000;505,000;1,000;05/01/2023;-6,37087463;-62,8081826;;66,250
AM;BR-319;505,000;504,000;1,000;05/01/2023;-6,37087463;-62,8081826;;42,500
AM;BR-319;504,000;503,000;1,000;05/01/2023;-6,3040039;-62,7587472;;93,750
AM;BR-319;503,000;502,000;1,000;05/01/2023;-6,3040039;-62,7587472;;42,500
AM;BR-319;502,000;501,000;1,000;05/01/2023;-6,3040039;-62,7587472;;42,500
AM;BR-319;501,000;500,000;1,000;05/01/2023;-6,3040039;-62,7587472;;55,000
AM;BR-319;500,000;499,000;1,000;05/01/2023;-6,3040039;-62,7587472;;41,250
AM;BR-319;499,000;498,000;1,000;05/01/2023;-6,3040039;-62,7587472;;55,000
AM;BR-319;498,000;497,000;1,000;05/01/2023;-6,2632308;-62,7274139;;76,250
AM;BR-319;497,000;496,000;1,000;05/01/2023;-6,2632308;-62,7274139;;82,500
AM;BR-319;496,000;495,000;1,000;05/01/2023;-6,2632308;-62,7274139;;97,500
AM;BR-319;495,000;494,000;1,000;05/01/2023;-6,2632308;-62,7274139;;76,250
AM;BR-319;494,000;493,000;1,000;05/01/2023;-6,2632308;-62,7274139;;68,750
AM;BR-319;493,000;492,000;1,000;05/01/2023;-6,23024685;-62,6896127;;76,250
AM;BR-319;492,000;491,000;1,000;05/01/2023;-6,23024685;-62,6896127;;57,500
AM;BR-319;491,000;490,000;1,000;05/01/2023;-6,23024685;-62,6896127;;72,500
AM;BR-319;490,000;489,000;1,000;05/01/2023;-6,23024685;-62,6896127;;57,500
AM;BR-319;489,000;488,000;1,000;05/01/2023;-6,23024685;-62,6896127;;90,000
AM;BR-319;488,000;487,000;1,000;05/01/2023;-6,23024685;-62,6896127;;76,250
AM;BR-319;487,000;486,000;1,000;05/01/2023;-6,23024685;-62,6896127;;57,500
AM;BR-319;486,000;485,000;1,000;05/01/2023;-6,23024685;-62,6896127;;72,500
AM;BR-319;485,000;484,000;1,000;05/01/2023;-6,23024685;-62,6896127;;90,000
AM;BR-319;484,000;483,000;1,000;05/01/2023;-6,23024685;-62,6896127;;50,000
AM;BR-319;483,000;482,000;1,000;05/01/2023;-6,1691851;-62,6296457;;57,500
AM;BR-319;482,000;481,000;1,000;05/01/2023;-6,1691851;-62,6296457;;57,500
AM;BR-319;481,000;480,000;1,000;05/01/2023;-7,5339156;-63,0557846;;55,000
AM;BR-319;480,000;479,000;1,000;05/01/2023;-7,5339156;-63,0557846;;57,500
AM;BR-319;479,000;478,000;1,000;05/01/2023;-7,5339156;-63,0557846;;65,000
AM;BR-319;478,000;477,000;1,000;05/01/2023;-6,13269016;-62,5989811;;43,750
AM;BR-319;477,000;476,000;1,000;05/01/2023;-6,12606743;-62,5933948;;58,750
AM;BR-319;476,000;475,000;1,000;05/01/2023;-6,12606743;-62,5933948;;65,000
AM;BR-319;475,000;474,000;1,000;05/01/2023;-6,12606743;-62,5933948;;35,000
AM;BR-319;474,000;473,000;1,000;05/01/2023;-6,12606743;-62,5933948;;68,750
AM;BR-319;473,000;472,000;1,000;05/01/2023;-6,0962182;-62,5666617;;57,500
AM;BR-319;472,000;471,000;1,000;05/01/2023;-6,0962182;-62,5666617;;91,250
AM;BR-319;471,000;470,000;1,000;05/01/2023;-6,0962182;-62,5666617;;93,750
AM;BR-319;470,000;469,000;1,000;05/01/2023;-6,07837343;-62,5571565;;93,750
AM;BR-319;469,000;468,000;1,000;05/01/2023;-6,06726076;-62,5502246;;68,750
AM;BR-319;468,000;467,000;1,000;05/01/2023;-6,06726076;-62,5502246;;65,000
AM;BR-319;467,000;466,000;1,000;05/01/2023;-6,06726076;-62,5502246;;97,500
AM;BR-319;466,000;465,000;1,000;05/01/2023;-6,06726076;-62,5502246;;97,500
AM;BR-319;465,000;464,000;1,000;05/01/2023;-6,06726076;-62,5502246;;93,750
AM;BR-319;464,000;463,000;1,000;05/01/2023;-6,06726076;-62,5502246;;76,250
AM;BR-319;463,000;462,000;1,000;05/01/2023;-6,06726076;-62,5502246;;91,250
AM;BR-319;462,000;461,000;1,000;05/01/2023;-6,01656213;-62,5190486;;93,750
AM;BR-319;461,000;460,000;1,000;05/01/2023;-6,00352866;-62,5111192;;76,250
AM;BR-319;460,000;459,000;1,000;05/01/2023;-6,00352866;-62,5111192;;65,000
AM;BR-319;459,000;458,000;1,000;05/01/2023;-6,00352866;-62,5111192;;76,250
AM;BR-319;458,000;457,000;1,000;05/01/2023;-6,00352866;-62,5111192;;93,750
AM;BR-319;457,000;456,000;1,000;05/01/2023;-6,00352866;-62,5111192;;65,000
AM;BR-319;456,000;455,000;1,000;05/01/2023;-6,00352866;-62,5111192;;76,250
AM;BR-319;455,000;454,000;1,000;05/01/2023;-5,96351705;-62,481701;;76,250
AM;BR-319;454,000;453,000;1,000;05/01/2023;-5,96351705;-62,481701;;93,750
AM;BR-319;453,000;452,000;1,000;05/01/2023;-5,96351705;-62,481701;;93,750
AM;BR-319;452,000;451,000;1,000;05/01/2023;-5,96351705;-62,481701;;80,000
AM;BR-319;451,000;450,000;1,000;05/01/2023;-5,96351705;-62,481701;;58,750
AM;BR-319;450,000;449,000;1,000;05/01/2023;-5,96351705;-62,481701;;97,500
AM;BR-319;449,000;448,000;1,000;05/01/2023;-5,92871165;-62,4363967;;76,250
AM;BR-319;448,000;447,000;1,000;05/01/2023;-5,92871165;-62,4363967;;58,750
AM;BR-319;447,000;446,000;1,000;05/01/2023;-5,92871165;-62,4363967;;72,500
AM;BR-319;446,000;445,000;1,000;05/01/2023;-5,92871165;-62,4363967;;65,000
AM;BR-319;445,000;444,000;1,000;05/01/2023;-5,92871165;-62,4363967;;87,500
AM;BR-319;444,000;443,000;1,000;05/01/2023;-5,92871165;-62,4363967;;80,000
AM;BR-319;443,000;442,000;1,000;05/01/2023;-5,92871165;-62,4363967;;76,250
AM;BR-319;442,000;441,000;1,000;05/01/2023;-5,92871165;-62,4363967;;76,250
AM;BR-319;441,000;440,000;1,000;05/01/2023;-5,86733601;-62,3791831;;76,250
AM;BR-319;440,000;439,000;1,000;05/01/2023;-5,86733601;-62,3791831;;93,750
AM;BR-319;439,000;438,000;1,000;05/01/2023;-5,86733601;-62,3791831;;87,500
AM;BR-319;438,000;437,000;1,000;05/01/2023;-5,86733601;-62,3791831;;97,500
AM;BR-319;437,000;436,000;1,000;05/01/2023;-5,86733601;-62,3791831;;87,500
AM;BR-319;436,000;435,000;1,000;05/01/2023;-5,86733601;-62,3791831;;97,500
AM;BR-319;435,000;434,000;1,000;05/01/2023;-5,86733601;-62,3791831;;93,750
AM;BR-319;434,000;433,000;1,000;05/01/2023;-5,86733601;-62,3791831;;56,250
AM;BR-230;642,600;643,000;0,400;17/01/2023;-7,5647074;-63,2681425;;56,250
AM;BR-230;643,000;644,000;1,000;17/01/2023;-7,562754;-63,2712737;;48,750
AM;BR-230;644,000;645,000;1,000;17/01/2023;-7,562754;-63,2712737;;56,250
AM;BR-230;645,000;646,000;1,000;17/01/2023;-7,562754;-63,2712737;;58,750
AM;BR-230;646,000;647,000;1,000;17/01/2023;-7,562754;-63,2712737;;46,250
AM;BR-230;647,000;648,000;1,000;17/01/2023;-7,562754;-63,2712737;;66,250
AM;BR-230;648,000;649,000;1,000;17/01/2023;-7,562754;-63,2712737;;61,250
AM;BR-230;649,000;650,000;1,000;17/01/2023;-7,562754;-63,2712737;;61,250
AM;BR-230;650,000;651,000;1,000;17/01/2023;-7,562754;-63,2712737;;61,250
AM;BR-230;651,000;652,000;1,000;17/01/2023;-7,562754;-63,2712737;;58,750
AM;BR-230;652,000;653,000;1,000;17/01/2023;-7,562754;-63,2712737;;77,500
AM;BR-230;653,000;654,000;1,000;17/01/2023;-7,562754;-63,2712737;;61,250
AM;BR-230;654,000;655,000;1,000;17/01/2023;-7,562754;-63,2712737;;73,750
AM;BR-230;655,000;656,000;1,000;17/01/2023;-7,562754;-63,2712737;;73,750
AM;BR-230;656,000;657,000;1,000;17/01/2023;-7,562754;-63,2712737;;58,750
AM;BR-230;657,000;658,000;1,000;17/01/2023;-7,562754;-63,2712737;;56,250
AM;BR-230;658,000;659,000;1,000;17/01/2023;-7,562754;-63,2712737;;63,750
AM;BR-230;659,000;660,000;1,000;17/01/2023;-7,562754;-63,2712737;;76,250
AM;BR-230;660,000;661,000;1,000;17/01/2023;-7,562754;-63,2712737;;62,500
AM;BR-230;661,000;662,000;1,000;17/01/2023;-7,562754;-63,2712737;;55,000
AM;BR-230;662,000;663,000;1,000;17/01/2023;-7,562754;-63,2712737;;73,750
AM;BR-230;663,000;664,000;1,000;17/01/2023;-7,562754;-63,2712737;;58,750
AM;BR-230;664,000;665,000;1,000;17/01/2023;-7,562754;-63,2712737;;83,750
AM;BR-230;665,000;666,000;1,000;17/01/2023;-7,562754;-63,2712737;;77,500
AM;BR-230;666,000;667,000;1,000;17/01/2023;-7,562754;-63,2712737;;81,250
AM;BR-230;667,000;668,000;1,000;17/01/2023;-7,562754;-63,2712737;;88,750
AM;BR-230;668,000;669,000;1,000;17/01/2023;-7,562754;-63,2712737;;77,500
AM;BR-230;669,000;670,000;1,000;17/01/2023;-7,562754;-63,2712737;;80,000
AM;BR-230;670,000;671,000;1,000;17/01/2023;-7,562754;-63,2712737;;85,000
AM;BR-230;671,000;672,000;1,000;17/01/2023;-7,562754;-63,2712737;;88,750
AM;BR-230;672,000;673,000;1,000;17/01/2023;-7,562754;-63,2712737;;71,250
AM;BR-230;673,000;674,000;1,000;17/01/2023;-7,562754;-63,2712737;;71,250
AM;BR-230;674,000;675,000;1,000;17/01/2023;-7,562754;-63,2712737;;61,250
AM;BR-230;675,000;676,000;1,000;17/01/2023;-7,562754;-63,2712737;;80,000
AM;BR-230;676,000;677,000;1,000;17/01/2023;-7,562754;-63,2712737;;91,250
AM;BR-230;677,000;678,000;1,000;17/01/2023;-7,562754;-63,2712737;;91,250
AM;BR-230;678,000;679,000;1,000;17/01/2023;-7,562754;-63,2712737;;76,250
AM;BR-230;679,000;680,000;1,000;17/01/2023;-7,562754;-63,2712737;;83,750
AM;BR-230;680,000;681,000;1,000;17/01/2023;-7,562754;-63,2712737;;81,250
AM;BR-230;681,000;682,000;1,000;17/01/2023;-7,562754;-63,2712737;;75,000
AM;BR-230;682,000;683,000;1,000;17/01/2023;-7,562754;-63,2712737;;66,250
AM;BR-230;683,000;684,000;1,000;17/01/2023;-7,562754;-63,2712737;;73,750
AM;BR-230;684,000;685,000;1,000;17/01/2023;-7,562754;-63,2712737;;86,250
AM;BR-230;685,000;686,000;1,000;17/01/2023;-7,562754;-63,2712737;;56,250
AM;BR-230;686,000;687,000;1,000;17/01/2023;-7,562754;-63,2712737;;36,250
AM;BR-230;687,000;688,000;1,000;17/01/2023;-7,562754;-63,2712737;;46,250
AM;BR-230;688,000;689,000;1,000;17/01/2023;-7,562754;-63,2712737;;56,250
AM;BR-230;689,000;690,000;1,000;17/01/2023;-7,562754;-63,2712737;;55,000
AM;BR-230;690,000;691,000;1,000;17/01/2023;-7,562754;-63,2712737;;37,500
AM;BR-230;691,000;692,000;1,000;17/01/2023;-7,562754;-63,2712737;;18,750
AM;BR-230;692,000;693,000;1,000;17/01/2023;-7,562754;-63,2712737;;66,250
AM;BR-230;693,000;694,000;1,000;17/01/2023;-7,562754;-63,2712737;;50,000
AM;BR-230;694,000;695,000;1,000;17/01/2023;-7,562754;-63,2712737;;48,750
AM;BR-230;695,000;696,000;1,000;17/01/2023;-7,562754;-63,2712737;;21,250
AM;BR-230;696,000;697,000;1,000;17/01/2023;-7,562754;-63,2712737;;72,500
AM;BR-230;697,000;698,000;1,000;17/01/2023;-7,562754;-63,2712737;;51,250
AM;BR-230;698,000;699,000;1,000;17/01/2023;-7,562754;-63,2712737;;82,500
AM;BR-230;699,000;700,000;1,000;17/01/2023;-7,562754;-63,2712737;;66,250
AM;BR-230;700,000;701,000;1,000;17/01/2023;-7,562754;-63,2712737;;75,000
AM;BR-230;701,000;702,000;1,000;17/01/2023;-7,562754;-63,2712737;;78,750
AM;BR-230;702,000;703,000;1,000;17/01/2023;-7,562754;-63,2712737;;70,000
AM;BR-230;703,000;704,000;1,000;17/01/2023;-7,562754;-63,2712737;;66,250
AM;BR-230;704,000;705,000;1,000;17/01/2023;-7,562754;-63,2712737;;72,500
AM;BR-230;705,000;706,000;1,000;17/01/2023;-7,562754;-63,2712737;;70,000
AM;BR-230;706,000;707,000;1,000;17/01/2023;-7,562754;-63,2712737;;22,500
AM;BR-230;707,000;708,000;1,000;17/01/2023;-7,562754;-63,2712737;;62,500
AM;BR-230;708,000;709,000;1,000;17/01/2023;-7,562754;-63,2712737;;56,250
AM;BR-230;709,000;710,000;1,000;17/01/2023;-7,562754;-63,2712737;;73,750
AM;BR-230;710,000;711,000;1,000;17/01/2023;-7,562754;-63,2712737;;73,750
AM;BR-230;711,000;712,000;1,000;17/01/2023;-7,562754;-63,2712737;;58,750
AM;BR-230;712,000;713,000;1,000;17/01/2023;-7,562754;-63,2712737;;70,000
AM;BR-230;713,000;714,000;1,000;17/01/2023;-7,562754;-63,2712737;;58,750
AM;BR-230;714,000;715,000;1,000;17/01/2023;-7,562754;-63,2712737;;80,000
AM;BR-230;715,000;716,000;1,000;17/01/2023;-7,562754;-63,2712737;;30,000
AM;BR-230;716,000;717,000;1,000;17/01/2023;-7,562754;-63,2712737;;63,750
AM;BR-230;717,000;718,000;1,000;17/01/2023;-7,562754;-63,2712737;;37,500
AM;BR-230;718,000;719,000;1,000;17/01/2023;-7,562754;-63,2712737;;37,500
AM;BR-230;719,000;720,000;1,000;17/01/2023;-7,562754;-63,2712737;;58,750
AM;BR-230;720,000;721,000;1,000;17/01/2023;-7,562754;-63,2712737;;78,750
AM;BR-230;721,000;722,000;1,000;17/01/2023;-7,562754;-63,2712737;;51,250
AM;BR-230;722,000;723,000;1,000;17/01/2023;-7,562754;-63,2712737;;68,750
AM;BR-230;723,000;724,000;1,000;17/01/2023;-7,562754;-63,2712737;;51,250
AM;BR-230;724,000;725,000;1,000;17/01/2023;-7,562754;-63,2712737;;36,250
AM;BR-230;725,000;726,000;1,000;17/01/2023;-7,562754;-63,2712737;;30,000
AM;BR-230;726,000;727,000;1,000;17/01/2023;-7,562754;-63,2712737;;51,250
AM;BR-230;727,000;728,000;1,000;17/01/2023;-7,562754;-63,2712737;;11,250
AM;BR-230;728,000;729,000;1,000;17/01/2023;-7,562754;-63,2712737;;35,000
AM;BR-230;729,000;730,000;1,000;17/01/2023;-7,562754;-63,2712737;;65,000
AM;BR-230;730,000;731,000;1,000;17/01/2023;-7,562754;-63,2712737;;68,750
AM;BR-230;731,000;732,000;1,000;17/01/2023;-7,562754;-63,2712737;;58,750
AM;BR-230;732,000;733,200;1,200;17/01/2023;-7,562754;-63,2712737;;28,750
AM;BR-230;733,200;734,000;0,800;17/01/2023;-7,4757488;-64,0678899;;56,250
AM;BR-230;734,000;735,000;1,000;17/01/2023;-7,4756851;-64,0678988;;63,750
AM;BR-230;735,000;736,000;1,000;17/01/2023;-7,4756851;-64,0678988;;70,000
AM;BR-230;736,000;737,000;1,000;17/01/2023;-7,5470947;-63,0694007;;70,000
AM;BR-230;737,000;738,000;1,000;17/01/2023;-7,5470947;-63,0694007;;70,000
AM;BR-230;738,000;739,000;1,000;17/01/2023;-7,5470947;-63,0694007;;41,250
AM;BR-230;739,000;740,000;1,000;17/01/2023;-7,5470947;-63,0694007;;58,750
AM;BR-230;740,000;741,000;1,000;17/01/2023;-7,5470947;-63,0694007;;63,750
AM;BR-230;741,000;742,000;1,000;17/01/2023;-7,5470947;-63,0694007;;46,250
AM;BR-230;742,000;743,000;1,000;17/01/2023;-7,5470947;-63,0694007;;58,750
AM;BR-230;743,000;744,000;1,000;17/01/2023;-7,5470947;-63,0694007;;71,250
AM;BR-230;744,000;745,000;1,000;17/01/2023;-7,5470947;-63,0694007;;56,250
AM;BR-230;745,000;746,000;1,000;17/01/2023;-7,5470947;-63,0694007;;48,750
AM;BR-230;746,000;747,000;1,000;17/01/2023;-7,5470947;-63,0694007;;51,250
AM;BR-230;747,000;748,000;1,000;17/01/2023;-7,5470947;-63,0694007;;63,750
AM;BR-230;748,000;749,000;1,000;17/01/2023;-7,5470947;-63,0694007;;71,250
AM;BR-230;749,000;750,000;1,000;17/01/2023;-7,5470947;-63,0694007;;33,750
AM;BR-230;750,000;751,000;1,000;17/01/2023;-7,5470947;-63,0694007;;16,250
AM;BR-230;751,000;752,000;1,000;17/01/2023;-7,5470947;-63,0694007;;63,750
AM;BR-230;752,000;753,000;1,000;17/01/2023;-7,5470947;-63,0694007;;27,500
AM;BR-230;753,000;754,000;1,000;17/01/2023;-7,4650263;-64,2436842;;56,250
AM;BR-230;754,000;755,000;1,000;17/01/2023;-7,4653646;-64,2443885;;86,250
AM;BR-230;755,000;756,000;1,000;17/01/2023;-7,4706793;-64,2575509;;86,250
AM;BR-230;756,000;757,000;1,000;17/01/2023;-7,4706793;-64,2575509;;63,750
AM;BR-230;757,000;758,000;1,000;17/01/2023;-7,4706793;-64,2575509;;63,750
AM;BR-230;758,000;759,000;1,000;17/01/2023;-7,4706793;-64,2575509;;75,000
AM;BR-230;759,000;760,000;1,000;17/01/2023;-7,4706793;-64,2575509;;75,000
AM;BR-230;760,000;761,000;1,000;17/01/2023;-7,4706793;-64,2575509;;75,000
AM;BR-230;761,000;762,000;1,000;17/01/2023;-7,4706793;-64,2575509;;78,750
AM;BR-230;762,000;763,000;1,000;17/01/2023;-7,5470947;-63,0694007;;67,500
AM;BR-230;763,000;764,000;1,000;17/01/2023;-7,5470947;-63,0694007;;71,250
AM;BR-230;764,000;765,000;1,000;17/01/2023;-7,5470947;-63,0694007;;82,500
AM;BR-230;765,000;766,000;1,000;17/01/2023;-7,5470947;-63,0694007;;78,750
AM;BR-230;766,000;767,000;1,000;17/01/2023;-7,5470947;-63,0694007;;86,250
AM;BR-230;767,000;768,000;1,000;17/01/2023;-7,5470947;-63,0694007;;87,500
AM;BR-230;768,000;769,000;1,000;17/01/2023;-7,5470947;-63,0694007;;82,500
AM;BR-230;769,000;770,000;1,000;17/01/2023;-7,5470947;-63,0694007;;86,250
AM;BR-230;770,000;771,000;1,000;17/01/2023;-7,5470947;-63,0694007;;83,750
AM;BR-230;771,000;772,000;1,000;17/01/2023;-7,5470947;-63,0694007;;80,000
AM;BR-230;772,000;773,000;1,000;17/01/2023;-7,5470947;-63,0694007;;83,750
AM;BR-230;773,000;774,000;1,000;17/01/2023;-7,5470947;-63,0694007;;87,500
AM;BR-230;774,000;775,000;1,000;17/01/2023;-7,5470947;-63,0694007;;90,000
AM;BR-230;775,000;776,000;1,000;17/01/2023;-7,5470947;-63,0694007;;90,000
AM;BR-230;776,000;777,000;1,000;17/01/2023;-7,5470947;-63,0694007;;87,500
AM;BR-230;777,000;778,000;1,000;17/01/2023;-7,5470947;-63,0694007;;86,250
AM;BR-230;778,000;779,000;1,000;17/01/2023;-7,5470947;-63,0694007;;85,000
AM;BR-230;779,000;780,000;1,000;17/01/2023;-7,5470947;-63,0694007;;53,750
AM;BR-230;780,000;781,000;1,000;17/01/2023;-7,5470947;-63,0694007;;57,500
AM;BR-230;781,000;782,000;1,000;17/01/2023;-7,5470947;-63,0694007;;48,750
AM;BR-230;782,000;783,000;1,000;17/01/2023;-7,5470947;-63,0694007;;71,250
AM;BR-230;783,000;784,000;1,000;17/01/2023;-7,5470947;-63,0694007;;43,750
AM;BR-230;784,000;785,000;1,000;17/01/2023;-7,5470947;-63,0694007;;71,250
AM;BR-230;785,000;786,000;1,000;17/01/2023;-7,5470947;-63,0694007;;45,000
AM;BR-230;786,000;787,000;1,000;17/01/2023;-7,5470947;-63,0694007;;8,750
AM;BR-230;787,000;788,000;1,000;17/01/2023;-7,5470947;-63,0694007;;16,250
AM;BR-230;788,000;789,000;1,000;17/01/2023;-7,5470947;-63,0694007;;16,250
AM;BR-230;789,000;790,000;1,000;17/01/2023;-7,5470947;-63,0694007;;16,250
AM;BR-230;790,000;791,000;1,000;17/01/2023;-7,5470947;-63,0694007;;8,750
AM;BR-230;791,000;792,000;1,000;17/01/2023;-7,5470947;-63,0694007;;17,500
AM;BR-230;792,000;793,000;1,000;17/01/2023;-7,5470947;-63,0694007;;30,000
AM;BR-230;793,000;794,000;1,000;17/01/2023;-7,5470947;-63,0694007;;28,750
AM;BR-230;794,000;795,000;1,000;17/01/2023;-7,5470947;-63,0694007;;11,250
AM;BR-230;795,000;796,000;1,000;17/01/2023;-7,5470947;-63,0694007;;15,000
AM;BR-230;796,000;797,000;1,000;17/01/2023;-7,5470947;-63,0694007;;56,250
AM;BR-230;797,000;798,000;1,000;17/01/2023;-7,5470947;-63,0694007;;65,000
AM;BR-230;798,000;799,000;1,000;17/01/2023;-7,5470947;-63,0694007;;60,000
AM;BR-230;799,000;800,000;1,000;17/01/2023;-7,5470947;-63,0694007;;17,500
AM;BR-230;800,000;801,000;1,000;17/01/2023;-7,5470947;-63,0694007;;17,500
AM;BR-230;801,000;802,000;1,000;17/01/2023;-7,5470947;-63,0694007;;33,750
AM;BR-230;802,000;803,000;1,000;17/01/2023;-7,5470947;-63,0694007;;80,000
AM;BR-230;803,000;804,000;1,000;17/01/2023;-7,5470947;-63,0694007;;56,250
AM;BR-230;804,000;805,000;1,000;17/01/2023;-7,5470947;-63,0694007;;60,000
AM;BR-230;805,000;806,000;1,000;17/01/2023;-7,5470947;-63,0694007;;62,500
AM;BR-230;806,000;807,000;1,000;17/01/2023;-7,5470947;-63,0694007;;63,750
AM;BR-230;807,000;808,000;1,000;17/01/2023;-7,5470947;-63,0694007;;56,250
AM;BR-230;808,000;809,000;1,000;17/01/2023;-7,5470947;-63,0694007;;62,500
AM;BR-230;809,000;810,000;1,000;17/01/2023;-7,5470947;-63,0694007;;83,750
AM;BR-230;810,000;811,000;1,000;17/01/2023;-7,5470947;-63,0694007;;66,250
AM;BR-230;811,000;812,000;1,000;17/01/2023;-7,5470947;-63,0694007;;63,750
AM;BR-230;812,000;813,000;1,000;17/01/2023;-7,5470947;-63,0694007;;58,750
AM;BR-230;813,000;814,000;1,000;17/01/2023;-7,5470947;-63,0694007;;51,250
AM;BR-230;814,000;815,000;1,000;17/01/2023;-7,5470947;-63,0694007;;51,250
AM;BR-230;815,000;816,300;1,300;17/01/2023;-7,5470947;-63,0694007;;65,000
AM;BR-307;1333,800;1334,000;0,200;12/01/2023;-0,13126613;-67,0399662;;50,000
AM;BR-307;1334,000;1335,000;1,000;12/01/2023;-0,1262711;-67,0331134;;50,000
AM;BR-307;1335,000;1336,000;1,000;12/01/2023;-0,11889436;-67,0276065;;50,000
AM;BR-307;1336,000;1337,000;1,000;12/01/2023;-0,11044188;-67,0250919;;50,000
AM;BR-307;1337,000;1338,000;1,000;12/01/2023;-0,10211002;-67,0221853;;58,750
AM;BR-307;1338,000;1339,000;1,000;12/01/2023;-0,09611004;-67,015844;;58,750
AM;BR-307;1339,000;1340,000;1,000;12/01/2023;-0,08765308;-67,0114673;;70,000
AM;BR-307;1340,000;1341,000;1,000;12/01/2023;-0,08101243;-67,0062155;;53,750
AM;BR-307;1341,000;1342,000;1,000;12/01/2023;-0,07363162;-67,0014054;;66,250
AM;BR-307;1342,000;1343,000;1,000;12/01/2023;-0,06596365;-66,998705;;66,250
AM;BR-307;1343,000;1344,000;1,000;12/01/2023;-0,06219657;-66,9906237;;66,250
AM;BR-307;1344,000;1345,000;1,000;12/01/2023;-0,06070685;-66,9818465;;76,250
AM;BR-307;1345,000;1346,000;1,000;12/01/2023;-0,0583025;-66,9732395;;78,750
AM;BR-307;1346,000;1347,000;1,000;12/01/2023;-0,05230957;-66,9661627;;72,500
AM;BR-307;1347,000;1348,000;1,000;12/01/2023;-0,04759169;-66,9593065;;58,750
AM;BR-307;1348,000;1349,000;1,000;12/01/2023;-0,04489996;-66,9507552;;52,500
AM;BR-307;1349,000;1350,000;1,000;12/01/2023;-0,04139981;-66,9422231;;58,750
AM;BR-307;1350,000;1351,000;1,000;12/01/2023;-0,03357086;-66,93843;;66,250
AM;BR-307;1351,000;1352,000;1,000;12/01/2023;-0,02612714;-66,9335643;;60,000
AM;BR-307;1352,000;1353,000;1,000;12/01/2023;-0,01774461;-66,9304634;;68,750
AM;BR-307;1353,000;1354,000;1,000;12/01/2023;-0,01106029;-66,9255234;;68,750
AM;BR-307;1354,000;1355,000;1,000;12/01/2023;-0,00455719;-66,9199428;;58,750
AM;BR-307;1355,000;1356,000;1,000;12/01/2023;0,003500659;-66,916073;;58,750
AM;BR-307;1356,000;1357,000;1,000;12/01/2023;0,011626873;-66,9121524;;65,000
AM;BR-307;1357,000;1358,000;1,000;12/01/2023;0,016023558;-66,9046205;;65,000
AM;BR-307;1358,000;1359,000;1,000;12/01/2023;0,017633051;-66,8957806;;61,250
AM;BR-307;1359,000;1360,000;1,000;12/01/2023;0,016674958;-66,8867213;;72,500
AM;BR-307;1360,000;1361,000;1,000;12/01/2023;0,019235461;-66,8783959;;65,000
AM;BR-307;1361,000;1362,000;1,000;12/01/2023;0,025978074;-66,8733152;;72,500
AM;BR-307;1362,000;1363,000;1,000;12/01/2023;0,033620484;-66,8687936;;58,750
AM;BR-307;1363,000;1364,000;1,000;12/01/2023;0,040943962;-66,8636484;;52,500
AM;BR-307;1364,000;1365,000;1,000;12/01/2023;0,046323845;-66,8577315;;58,750
AM;BR-307;1365,000;1366,000;1,000;12/01/2023;0,053629679;-66,8521767;;50,000
AM;BR-307;1366,000;1367,000;1,000;12/01/2023;0,060674962;-66,8468037;;50,000
AM;BR-307;1367,000;1368,000;1,000;12/01/2023;0,066355336;-66,8399519;;50,000
AM;BR-307;1368,000;1369,000;1,000;12/01/2023;0,069578136;-66,8316101;;50,000
AM;BR-307;1369,000;1370,000;1,000;12/01/2023;0,076316432;-66,8264873;;50,000
AM;BR-307;1370,000;1371,000;1,000;12/01/2023;0,084934285;-66,8213456;;52,500
AM;BR-307;1371,000;1372,000;1,000;12/01/2023;0,092217405;-66,8174663;;52,500
AM;BR-307;1372,000;1373,000;1,000;12/01/2023;0,100560751;-66,815543;;50,000
AM;BR-307;1373,000;1374,000;1,000;12/01/2023;0,108700459;-66,8136693;;52,500
AM;BR-307;1374,000;1375,000;1,000;12/01/2023;0,117226489;-66,8098129;;52,500
AM;BR-307;1375,000;1376,000;1,000;12/01/2023;0,12446003;-66,8049746;;58,750
AM;BR-307;1376,000;1377,000;1,000;12/01/2023;0,131737659;-66,8019651;;58,750
AM;BR-307;1377,000;1378,000;1,000;12/01/2023;0,141078368;-66,8007338;;52,500
AM;BR-307;1378,000;1379,000;1,000;12/01/2023;0,150018213;-66,8009203;;50,000
AM;BR-307;1379,000;1380,000;1,000;12/01/2023;0,158890457;-66,8010394;;50,000
AM;BR-307;1380,000;1381,000;1,000;12/01/2023;0,158890457;-66,8010394;;58,750
AM;BR-307;1381,000;1382,000;1,000;12/01/2023;0,16781622;-66,7998726;;50,000
AM;BR-307;1382,000;1383,000;1,000;12/01/2023;0,176803087;-66,7969691;;52,500
AM;BR-307;1383,000;1384,000;1,000;12/01/2023;0,183965172;-66,79287;;50,000
AM;BR-307;1384,000;1385,000;1,000;12/01/2023;0,191247873;-66,7869986;;50,000
AM;BR-307;1385,000;1386,000;1,000;12/01/2023;0,198672981;-66,7832145;;50,000
AM;BR-307;1386,000;1387,000;1,000;12/01/2023;0,207310281;-66,7834024;;52,500
AM;BR-307;1387,000;1388,000;1,000;12/01/2023;0,216638459;-66,7836128;;50,000
AM;BR-307;1388,000;1389,000;1,000;12/01/2023;0,225517074;-66,7810736;;50,000
AM;BR-307;1389,000;1390,000;1,000;12/01/2023;0,233728615;-66,7800554;;66,250
AM;BR-307;1390,000;1391,000;1,000;12/01/2023;0,238432623;-66,7738477;;52,500
AM;BR-307;1391,000;1392,000;1,000;12/01/2023;0,238666017;-66,7652149;;50,000
AM;BR-307;1392,000;1393,000;1,000;12/01/2023;0,235843998;-66,7572282;;52,500
AM;BR-307;1393,000;1394,000;1,000;12/01/2023;0,234561399;-66,7495057;;55,000
AM;BR-307;1394,000;1395,000;1,000;12/01/2023;0,230685775;-66,7416318;;52,500
AM;BR-307;1395,000;1396,000;1,000;12/01/2023;0,233279513;-66,7332441;;52,500
AM;BR-307;1396,000;1397,000;1,000;12/01/2023;0,231888075;-66,7253202;;62,500
AM;BR-307;1397,000;1398,000;1,000;12/01/2023;0,229522828;-66,7174658;;62,500
AM;BR-307;1398,000;1399,000;1,000;12/01/2023;0,229982868;-66,7088094;;52,500
AM;BR-307;1399,000;1400,000;1,000;12/01/2023;0,230926922;-66,7005119;;66,250
AM;BR-307;1400,000;1401,000;1,000;12/01/2023;0,225937971;-66,6934548;;52,500
AM;BR-307;1401,000;1402,000;1,000;12/01/2023;0,226301872;-66,6862809;;58,750
AM;BR-307;1402,000;1403,000;1,000;12/01/2023;0,227824654;-66,6772778;;61,250
AM;BR-307;1403,000;1404,000;1,000;12/01/2023;0,229813596;-66,6695026;;58,750
AM;BR-307;1404,000;1405,000;1,000;12/01/2023;0,236600339;-66,6635817;;52,500
AM;BR-307;1405,000;1406,000;1,000;12/01/2023;0,239114952;-66,6563732;;50,000
AM;BR-307;1406,000;1407,000;1,000;12/01/2023;0,247302269;-66,6548498;;50,000
AM;BR-307;1407,000;1408,000;1,000;12/01/2023;0,251622763;-66,6471021;;50,000
AM;BR-307;1408,000;1409,000;1,000;12/01/2023;0,256401705;-66,6399687;;50,000
AM;BR-307;1409,000;1410,000;1,000;12/01/2023;0,264739017;-66,6403707;;52,500
AM;BR-307;1410,000;1411,000;1,000;12/01/2023;0,27300416;-66,6392331;;50,000
AM;BR-307;1411,000;1412,000;1,000;12/01/2023;0,282576293;-66,6392772;;52,500
AM;BR-307;1412,000;1413,000;1,000;12/01/2023;0,290186307;-66,6427723;;52,500
AM;BR-307;1413,000;1414,000;1,000;12/01/2023;0,298497048;-66,6452461;;50,000
AM;BR-307;1414,000;1415,000;1,000;12/01/2023;0,306262252;-66,6471334;;52,500
AM;BR-307;1415,000;1416,000;1,000;12/01/2023;0,313962623;-66,6515149;;50,000
AM;BR-307;1416,000;1417,000;1,000;12/01/2023;0,322086531;-66,6476855;;50,000
AM;BR-307;1417,000;1418,000;1,000;12/01/2023;0,328793562;-66,6409814;;50,000
AM;BR-307;1418,000;1419,000;1,000;12/01/2023;0,333793871;-66,6352432;;55,000
AM;BR-307;1419,000;1420,000;1,000;12/01/2023;0,342427315;-66,6362858;;52,500
AM;BR-307;1420,000;1421,000;1,000;12/01/2023;0,350738978;-66,6342709;;52,500
AM;BR-307;1421,000;1422,000;1,000;12/01/2023;0,356705384;-66,6399476;;50,000
AM;BR-307;1422,000;1423,000;1,000;12/01/2023;0,360502973;-66,6470332;;50,000
AM;BR-307;1423,000;1424,000;1,000;12/01/2023;0,368618248;-66,6528117;;50,000
AM;BR-307;1424,000;1425,000;1,000;12/01/2023;0,374979064;-66,6489153;;50,000
AM;BR-307;1425,000;1426,000;1,000;12/01/2023;0,383759695;-66,6495185;;50,000
AM;BR-317;526,000;525,000;1,000;25/01/2023;-9,74828781;-67,3493574;;95,000
AM;BR-317;525,000;524,000;1,000;25/01/2023;-9,74828781;-67,3493574;;95,000
AM;BR-317;524,000;523,000;1,000;25/01/2023;-9,74828781;-67,3493574;;92,500
AM;BR-317;523,000;522,000;1,000;25/01/2023;-9,74828781;-67,3493574;;92,500
AM;BR-317;522,000;521,000;1,000;25/01/2023;-9,74828781;-67,3493574;;96,250
AM;BR-317;521,000;520,000;1,000;25/01/2023;-9,74828781;-67,3493574;;96,250
AM;BR-317;520,000;519,000;1,000;25/01/2023;-9,74828781;-67,3493574;;96,250
AM;BR-317;519,000;518,000;1,000;25/01/2023;-9,74828781;-67,3493574;;98,750
AM;BR-317;518,000;517,000;1,000;25/01/2023;-9,74828781;-67,3493574;;96,250
AM;BR-317;517,000;516,000;1,000;25/01/2023;-9,74828781;-67,3493574;;96,250
AM;BR-317;497,160;496,000;1,160;25/01/2023;-9,74828781;-67,3493574;;80,000
AM;BR-317;496,000;495,000;1,000;25/01/2023;-9,74828781;-67,3493574;;92,500
AM;BR-317;495,000;494,000;1,000;25/01/2023;-9,74828781;-67,3493574;;92,500
AM;BR-317;494,000;493,000;1,000;25/01/2023;-9,74828781;-67,3493574;;80,000
AM;BR-317;493,000;492,000;1,000;25/01/2023;-9,74828781;-67,3493574;;70,000
AM;BR-317;492,000;491,000;1,000;25/01/2023;-9,74828781;-67,3493574;;92,500
AM;BR-317;491,000;490,000;1,000;25/01/2023;-9,74828781;-67,3493574;;91,250
AM;BR-317;490,000;489,000;1,000;25/01/2023;-9,74828781;-67,3493574;;95,000
AM;BR-317;489,000;488,000;1,000;25/01/2023;-9,74828781;-67,3493574;;92,500
AM;BR-317;488,000;487,000;1,000;25/01/2023;-9,74828781;-67,3493574;;98,750
AM;BR-317;487,000;486,000;1,000;25/01/2023;-9,74828781;-67,3493574;;92,500
AM;BR-317;486,000;485,000;1,000;25/01/2023;-9,74828781;-67,3493574;;95,000
AM;BR-317;485,000;484,000;1,000;25/01/2023;-9,74828781;-67,3493574;;92,500
AM;BR-317;484,000;483,000;1,000;25/01/2023;-9,74828781;-67,3493574;;92,500
AM;BR-317;483,000;482,000;1,000;25/01/2023;-9,74828781;-67,3493574;;95,000
AM;BR-317;482,000;481,000;1,000;25/01/2023;-9,74828781;-67,3493574;;92,500
AM;BR-317;481,000;480,000;1,000;25/01/2023;-9,74828781;-67,3493574;;71,250
AM;BR-317;480,000;479,000;1,000;25/01/2023;-9,74828781;-67,3493574;;87,500
AM;BR-317;479,000;478,860;0,140;25/01/2023;-9,74828781;-67,3493574;;80,000
AM;BR-317;466,240;465,000;1,240;25/01/2023;-9,74828781;-67,3493574;;98,750
AM;BR-317;465,000;464,000;1,000;25/01/2023;-9,74828781;-67,3493574;;96,250
AM;BR-317;464,000;463,000;1,000;25/01/2023;-9,74828781;-67,3493574;;86,250
AM;BR-317;463,000;462,000;1,000;25/01/2023;-9,74828781;-67,3493574;;92,500
AM;BR-317;462,000;461,000;1,000;25/01/2023;-9,74828781;-67,3493574;;92,500
AM;BR-317;461,000;460,000;1,000;25/01/2023;-9,74828781;-67,3493574;;87,500
AM;BR-317;460,000;459,000;1,000;25/01/2023;-9,74828781;-67,3493574;;86,250
AM;BR-317;459,000;458,000;1,000;25/01/2023;-9,74828781;-67,3493574;;97,500
AM;BR-317;458,000;457,000;1,000;25/01/2023;-9,74828781;-67,3493574;;97,500
AM;BR-317;457,000;456,000;1,000;25/01/2023;-9,74828781;-67,3493574;;95,000
AM;BR-317;456,000;455,000;1,000;25/01/2023;-9,74828781;-67,3493574;;95,000
AM;BR-317;455,000;454,000;1,000;25/01/2023;-9,74828781;-67,3493574;;95,000
AM;BR-317;454,000;453,000;1,000;25/01/2023;-9,74828781;-67,3493574;;91,250
AM;BR-317;453,000;452,640;0,360;25/01/2023;-9,74828781;-67,3493574;;95,000
AM;BR-319;198,200;199,000;0,800;27/01/2023;-3,0861724;-60,0274538;;56,250
AM;BR-319;199,000;200,000;1,000;27/01/2023;-3,0861683;-60,0274711;;56,250
AM;BR-319;200,000;201,000;1,000;27/01/2023;-3,0861603;-60,0274777;;63,750
AM;BR-319;201,000;202,000;1,000;27/01/2023;-3,0861603;-60,0274777;;62,500
AM;BR-319;202,000;203,000;1,000;27/01/2023;-3,0861603;-60,0274777;;70,000
AM;BR-319;203,000;204,000;1,000;27/01/2023;-3,0861725;-60,0274578;;56,250
AM;BR-319;204,000;205,000;1,000;27/01/2023;-3,0861725;-60,0274578;;62,500
AM;BR-319;205,000;206,000;1,000;27/01/2023;-3,0861713;-60,027469;;62,500
AM;BR-319;206,000;207,000;1,000;27/01/2023;-3,0861713;-60,027469;;90,000
AM;BR-319;207,000;208,000;1,000;27/01/2023;-3,0861646;-60,0274811;;70,000
AM;BR-319;208,000;209,000;1,000;27/01/2023;-3,0861538;-60,0274739;;90,000
AM;BR-319;209,000;210,000;1,000;27/01/2023;-3,0861538;-60,0274739;;56,250
AM;BR-319;210,000;211,000;1,000;27/01/2023;-3,0861538;-60,0274739;;63,750
AM;BR-319;211,000;212,000;1,000;27/01/2023;-3,0861531;-60,0274705;;90,000
AM;BR-319;212,000;213,000;1,000;27/01/2023;-3,0861531;-60,0274705;;70,000
AM;BR-319;213,000;214,000;1,000;27/01/2023;-3,0861531;-60,0274705;;56,250
AM;BR-319;214,000;215,000;1,000;27/01/2023;-3,0862376;-60,0274258;;56,250
AM;BR-319;215,000;216,000;1,000;27/01/2023;-3,0862376;-60,0274258;;50,000
AM;BR-319;216,000;217,000;1,000;27/01/2023;-3,0862376;-60,0274258;;50,000
AM;BR-319;217,000;218,000;1,000;27/01/2023;-3,086182;-60,0274774;;50,000
AM;BR-319;218,000;219,000;1,000;27/01/2023;-3,086182;-60,0274774;;50,000
AM;BR-319;219,000;220,000;1,000;27/01/2023;-3,086182;-60,0274774;;50,000
AM;BR-319;220,000;221,000;1,000;27/01/2023;-3,086182;-60,0274774;;50,000
AM;BR-319;221,000;222,000;1,000;27/01/2023;-3,086182;-60,0274774;;50,000
AM;BR-319;222,000;223,000;1,000;27/01/2023;-3,086182;-60,0274774;;50,000
AM;BR-319;223,000;224,000;1,000;27/01/2023;-3,086182;-60,0274774;;56,250
AM;BR-319;224,000;225,000;1,000;27/01/2023;-3,086182;-60,0274774;;56,250
AM;BR-319;225,000;226,000;1,000;27/01/2023;-3,0861685;-60,0274681;;56,250
AM;BR-319;226,000;227,000;1,000;27/01/2023;-3,0861685;-60,0274681;;63,750
AM;BR-319;227,000;228,000;1,000;27/01/2023;-3,0861685;-60,0274681;;63,750
AM;BR-319;228,000;229,000;1,000;27/01/2023;-3,086171;-60,0274792;;70,000
AM;BR-319;229,000;230,000;1,000;27/01/2023;-3,086171;-60,0274792;;62,500
AM;BR-319;230,000;231,000;1,000;27/01/2023;-3,0861707;-60,027485;;62,500
AM;BR-319;231,000;232,000;1,000;27/01/2023;-3,0861707;-60,027485;;62,500
AM;BR-319;232,000;233,000;1,000;27/01/2023;-3,0861707;-60,027485;;56,250
AM;BR-319;233,000;234,000;1,000;27/01/2023;-3,0861707;-60,027485;;90,000
AM;BR-319;234,000;235,000;1,000;27/01/2023;-3,0861707;-60,027485;;70,000
AM;BR-319;235,000;236,000;1,000;27/01/2023;-3,0861579;-60,0274775;;56,250
AM;BR-319;236,000;237,000;1,000;27/01/2023;-3,0861579;-60,0274775;;56,250
AM;BR-319;237,000;238,000;1,000;27/01/2023;-3,0861593;-60,0274792;;62,500
AM;BR-319;238,000;239,000;1,000;27/01/2023;-3,0861593;-60,0274792;;62,500
AM;BR-319;239,000;240,000;1,000;27/01/2023;-3,0861593;-60,0274792;;90,000
AM;BR-319;240,000;241,000;1,000;27/01/2023;-3,0861593;-60,0274792;;90,000
AM;BR-319;241,000;242,000;1,000;27/01/2023;-3,0861593;-60,0274792;;56,250
AM;BR-319;242,000;243,000;1,000;27/01/2023;-3,0861593;-60,0274792;;56,250
AM;BR-319;243,000;244,000;1,000;27/01/2023;-3,0861553;-60,0274831;;90,000
AM;BR-319;244,000;245,000;1,000;27/01/2023;-3,0861553;-60,0274831;;90,000
AM;BR-319;245,000;246,000;1,000;27/01/2023;-3,0861553;-60,0274831;;90,000
AM;BR-319;246,000;247,000;1,000;27/01/2023;-3,0861553;-60,0274831;;62,500
AM;BR-319;247,000;248,000;1,000;27/01/2023;-3,0861478;-60,0274722;;90,000
AM;BR-319;248,000;249,000;1,000;27/01/2023;-3,0861478;-60,0274722;;62,500
AM;BR-319;249,000;250,000;1,000;27/01/2023;-3,0861478;-60,0274722;;56,250
AM;BR-319;250,000;251,000;1,000;27/01/2023;-3,086159;-60,0274771;;90,000
AM;BR-319;251,000;252,000;1,000;27/01/2023;-3,086159;-60,0274771;;62,500
AM;BR-319;252,000;253,000;1,000;27/01/2023;-3,086159;-60,0274771;;56,250
AM;BR-319;253,000;254,000;1,000;27/01/2023;-3,086159;-60,0274771;;56,250
AM;BR-319;254,000;255,000;1,000;27/01/2023;-3,086159;-60,0274771;;90,000
AM;BR-319;255,000;256,000;1,000;27/01/2023;-3,0861808;-60,0274629;;56,250
AM;BR-319;256,000;257,000;1,000;27/01/2023;-3,0861808;-60,0274629;;56,250
AM;BR-319;257,000;258,000;1,000;27/01/2023;-3,0861721;-60,0274723;;62,500
AM;BR-319;258,000;259,000;1,000;27/01/2023;-3,0861721;-60,0274723;;62,500
AM;BR-319;259,000;260,000;1,000;27/01/2023;-3,086159;-60,0274708;;62,500
AM;BR-319;260,000;261,000;1,000;27/01/2023;-3,086159;-60,0274708;;62,500
AM;BR-319;261,000;262,000;1,000;27/01/2023;-3,0861493;-60,0274739;;62,500
AM;BR-319;262,000;263,000;1,000;27/01/2023;-3,0861493;-60,0274739;;63,750
AM;BR-319;263,000;264,000;1,000;27/01/2023;-3,0861528;-60,0274745;;63,750
AM;BR-319;264,000;265,000;1,000;27/01/2023;-3,0861528;-60,0274745;;63,750
AM;BR-319;265,000;266,000;1,000;27/01/2023;-3,0861542;-60,0274705;;56,250
AM;BR-319;266,000;267,000;1,000;27/01/2023;-3,0861542;-60,0274705;;62,500
AM;BR-319;267,000;268,000;1,000;27/01/2023;-3,0861542;-60,0274705;;58,750
AM;BR-319;268,000;269,000;1,000;27/01/2023;-3,0861589;-60,0274793;;58,750
AM;BR-319;269,000;270,000;1,000;27/01/2023;-3,0861589;-60,0274793;;62,500
AM;BR-319;270,000;271,000;1,000;27/01/2023;-3,0861641;-60,0274787;;62,500
AM;BR-319;271,000;272,000;1,000;27/01/2023;-3,0861641;-60,0274787;;62,500
AM;BR-319;272,000;273,000;1,000;27/01/2023;-3,0861641;-60,0274787;;62,500
AM;BR-319;273,000;274,000;1,000;27/01/2023;-3,0861661;-60,0274657;;62,500
AM;BR-319;274,000;275,000;1,000;27/01/2023;-3,0861732;-60,0274587;;56,250
AM;BR-319;275,000;276,000;1,000;27/01/2023;-3,0861732;-60,0274587;;56,250
AM;BR-319;276,000;277,000;1,000;27/01/2023;-3,0861681;-60,0274652;;62,500
AM;BR-319;277,000;278,000;1,000;27/01/2023;-3,0861754;-60,0274466;;62,500
AM;BR-319;278,000;279,000;1,000;27/01/2023;-3,0861853;-60,0274344;;62,500
AM;BR-319;279,000;280,000;1,000;27/01/2023;-3,086191;-60,0274199;;56,250
AM;BR-319;280,000;281,000;1,000;27/01/2023;-3,086191;-60,0274199;;90,000
AM;BR-319;281,000;282,000;1,000;27/01/2023;-3,0861688;-60,0274725;;62,500
AM;BR-319;282,000;283,000;1,000;27/01/2023;-3,0861688;-60,0274725;;62,500
AM;BR-319;283,000;284,000;1,000;27/01/2023;-3,0861688;-60,0274725;;62,500
AM;BR-319;284,000;285,000;1,000;27/01/2023;-3,0861678;-60,0274783;;58,750
AM;BR-319;285,000;286,000;1,000;27/01/2023;-3,0861678;-60,0274783;;58,750
AM;BR-319;286,000;287,000;1,000;27/01/2023;-3,0861678;-60,0274783;;62,500
AM;BR-319;287,000;288,000;1,000;27/01/2023;-3,0861725;-60,0274668;;62,500
AM;BR-319;288,000;289,000;1,000;27/01/2023;-3,0861725;-60,0274668;;62,500
AM;BR-319;289,000;290,000;1,000;27/01/2023;-3,0861869;-60,0274639;;90,000
AM;BR-319;290,000;291,000;1,000;27/01/2023;-3,0861869;-60,0274639;;62,500
AM;BR-319;291,000;292,000;1,000;27/01/2023;-3,0861869;-60,0274639;;90,000
AM;BR-319;292,000;293,000;1,000;27/01/2023;-3,0861797;-60,0274763;;58,750
AM;BR-319;293,000;294,000;1,000;27/01/2023;-3,0861797;-60,0274763;;62,500
AM;BR-319;294,000;295,000;1,000;27/01/2023;-3,0861797;-60,0274763;;56,250
AM;BR-319;295,000;296,000;1,000;27/01/2023;-3,0861754;-60,0274823;;60,000
AM;BR-319;296,000;297,000;1,000;27/01/2023;-3,0861754;-60,0274823;;62,500
AM;BR-319;297,000;298,000;1,000;27/01/2023;-3,086174;-60,0274853;;63,750
AM;BR-319;298,000;299,000;1,000;27/01/2023;-3,086174;-60,0274853;;62,500
AM;BR-319;299,000;300,000;1,000;27/01/2023;-3,0861783;-60,0274684;;58,750
AM;BR-319;300,000;301,000;1,000;27/01/2023;-3,0861646;-60,0274706;;58,750
AM;BR-319;301,000;302,000;1,000;27/01/2023;-3,0861646;-60,0274706;;62,500
AM;BR-319;302,000;303,000;1,000;27/01/2023;-3,086148;-60,0274659;;90,000
AM;BR-319;303,000;304,000;1,000;27/01/2023;-3,086148;-60,0274659;;90,000
AM;BR-319;304,000;305,000;1,000;27/01/2023;-3,0861456;-60,0274662;;70,000
AM;BR-319;305,000;306,000;1,000;27/01/2023;-3,0861501;-60,0274626;;62,500
AM;BR-319;306,000;307,000;1,000;27/01/2023;-3,0861501;-60,0274626;;56,250
AM;BR-319;307,000;308,000;1,000;27/01/2023;-3,0861501;-60,0274626;;58,750
AM;BR-319;308,000;309,000;1,000;27/01/2023;-3,0861501;-60,0274626;;90,000
AM;BR-319;309,000;310,000;1,000;27/01/2023;-3,0861476;-60,0274633;;62,500
AM;BR-319;310,000;311,000;1,000;27/01/2023;-3,0861469;-60,0274577;;90,000
AM;BR-319;311,000;312,000;1,000;27/01/2023;-3,0861469;-60,0274577;;90,000
AM;BR-319;312,000;313,000;1,000;27/01/2023;-3,0861469;-60,0274577;;70,000
AM;BR-319;313,000;314,000;1,000;27/01/2023;-3,0862214;-60,0274064;;62,500
AM;BR-319;314,000;315,000;1,000;27/01/2023;-3,0862214;-60,0274064;;62,500
AM;BR-319;315,000;316,000;1,000;27/01/2023;-3,0861603;-60,0274611;;62,500
AM;BR-319;316,000;317,000;1,000;27/01/2023;-3,0860384;-60,027457;;58,750
AM;BR-319;317,000;318,000;1,000;27/01/2023;-3,0860384;-60,027457;;58,750
AM;BR-319;318,000;319,000;1,000;27/01/2023;-3,0859885;-60,0274312;;90,000
AM;BR-319;319,000;320,000;1,000;27/01/2023;-3,0859885;-60,0274312;;90,000
AM;BR-319;320,000;321,000;1,000;27/01/2023;-3,0859885;-60,0274312;;90,000
AM;BR-319;321,000;322,000;1,000;27/01/2023;-3,0860606;-60,0273463;;70,000
AM;BR-319;322,000;323,000;1,000;27/01/2023;-3,0860606;-60,0273463;;58,750
AM;BR-319;323,000;324,000;1,000;27/01/2023;-3,0859088;-60,0274213;;58,750
AM;BR-319;324,000;325,000;1,000;27/01/2023;-3,0859088;-60,0274213;;62,500
AM;BR-319;325,000;326,000;1,000;27/01/2023;-3,0860962;-60,0275199;;62,500
AM;BR-319;326,000;327,000;1,000;27/01/2023;-3,0860962;-60,0275199;;70,000
AM;BR-319;327,000;328,000;1,000;27/01/2023;-3,0860972;-60,0274973;;90,000
AM;BR-319;328,000;329,000;1,000;27/01/2023;-3,0860972;-60,0274973;;70,000
AM;BR-319;329,000;330,000;1,000;27/01/2023;-3,0860742;-60,0274937;;62,500
AM;BR-319;330,000;331,000;1,000;27/01/2023;-3,0860742;-60,0274937;;56,250
AM;BR-319;331,000;332,000;1,000;27/01/2023;-3,0861293;-60,0274843;;62,500
AM;BR-319;332,000;333,000;1,000;27/01/2023;-3,0861293;-60,0274843;;90,000
AM;BR-319;333,000;334,000;1,000;27/01/2023;-3,0861219;-60,0274758;;90,000
AM;BR-319;334,000;335,000;1,000;27/01/2023;-3,0861219;-60,0274758;;90,000
AM;BR-319;335,000;336,000;1,000;27/01/2023;-3,0861219;-60,0274758;;70,000
AM;BR-319;336,000;337,000;1,000;27/01/2023;-3,0861203;-60,0274891;;62,500
AM;BR-319;337,000;338,000;1,000;27/01/2023;-3,0861282;-60,0274594;;62,500
AM;BR-319;338,000;339,000;1,000;27/01/2023;-3,0860333;-60,02742;;62,500
AM;BR-319;339,000;340,000;1,000;27/01/2023;-3,0860333;-60,02742;;56,250
AM;BR-319;340,000;341,000;1,000;27/01/2023;-3,0860333;-60,02742;;56,250
AM;BR-319;341,000;342,000;1,000;27/01/2023;-3,0859589;-60,0274131;;62,500
AM;BR-319;342,000;343,000;1,000;27/01/2023;-3,0859589;-60,0274131;;56,250
AM;BR-319;343,000;344,000;1,000;27/01/2023;-3,0859589;-60,0274131;;62,500
AM;BR-319;344,000;345,000;1,000;27/01/2023;-3,0859589;-60,0274131;;56,250
AM;BR-319;345,000;346,000;1,000;27/01/2023;-3,0859589;-60,0274131;;56,250
AM;BR-319;346,000;347,000;1,000;27/01/2023;-3,0858915;-60,027363;;70,000
AM;BR-319;347,000;348,000;1,000;27/01/2023;-3,0858915;-60,027363;;90,000
AM;BR-319;348,000;349,000;1,000;27/01/2023;-3,0858915;-60,027363;;70,000
AM;BR-319;349,000;350,000;1,000;27/01/2023;-3,0859671;-60,02735;;62,500
AM;BR-319;350,000;351,000;1,000;27/01/2023;-3,0859671;-60,02735;;56,250
AM;BR-319;351,000;352,000;1,000;27/01/2023;-3,0859671;-60,02735;;63,750
AM;BR-319;352,000;353,000;1,000;27/01/2023;-3,0859671;-60,02735;;60,000
AM;BR-319;353,000;354,000;1,000;27/01/2023;-3,0861614;-60,0273501;;90,000
AM;BR-319;354,000;355,000;1,000;27/01/2023;-3,0861917;-60,0273507;;90,000
AM;BR-319;355,000;356,000;1,000;27/01/2023;-3,0861917;-60,0273507;;62,500
AM;BR-319;356,000;357,000;1,000;27/01/2023;-3,0861917;-60,0273507;;70,000
AM;BR-319;357,000;358,000;1,000;27/01/2023;-3,0862329;-60,0273252;;56,250
AM;BR-319;358,000;359,000;1,000;27/01/2023;-3,0862329;-60,0273252;;62,500
AM;BR-319;359,000;360,000;1,000;27/01/2023;-3,086351;-60,0272405;;63,750
AM;BR-319;360,000;361,000;1,000;27/01/2023;-3,086351;-60,0272405;;62,500
AM;BR-319;361,000;362,000;1,000;27/01/2023;-3,086351;-60,0272405;;62,500
AM;BR-319;362,000;363,000;1,000;27/01/2023;-3,0862974;-60,0271247;;56,250
AM;BR-319;363,000;364,000;1,000;27/01/2023;-3,0862974;-60,0271247;;56,250
AM;BR-319;364,000;365,000;1,000;27/01/2023;-3,0862974;-60,0271247;;58,750
AM;BR-319;365,000;366,000;1,000;27/01/2023;-3,0863612;-60,0271207;;62,500
AM;BR-319;366,000;367,000;1,000;27/01/2023;-3,0863612;-60,0271207;;90,000
AM;BR-319;367,000;368,000;1,000;27/01/2023;-3,0863612;-60,0271207;;62,500
AM;BR-319;368,000;369,000;1,000;27/01/2023;-3,0864286;-60,0270097;;90,000
AM;BR-319;369,000;370,000;1,000;27/01/2023;-3,0864286;-60,0270097;;70,000
AM;BR-319;370,000;371,000;1,000;27/01/2023;-3,0864286;-60,0270097;;90,000
AM;BR-319;371,000;372,000;1,000;27/01/2023;-3,0864303;-60,0270096;;90,000
AM;BR-319;372,000;373,000;1,000;27/01/2023;-3,0864303;-60,0270096;;90,000
AM;BR-319;373,000;374,000;1,000;27/01/2023;-3,0864303;-60,0270096;;70,000
AM;BR-319;374,000;375,000;1,000;27/01/2023;-3,0865427;-60,0269122;;62,500
AM;BR-319;375,000;376,000;1,000;27/01/2023;-3,0865427;-60,0269122;;62,500
AM;BR-319;376,000;377,000;1,000;27/01/2023;-3,0865427;-60,0269122;;56,250
AM;BR-319;377,000;378,000;1,000;27/01/2023;-3,08659;-60,0269556;;90,000
AM;BR-319;378,000;379,000;1,000;27/01/2023;-3,08659;-60,0269556;;90,000
AM;BR-319;379,000;380,000;1,000;27/01/2023;-3,0872174;-60,0266054;;90,000
AM;BR-319;380,000;381,000;1,000;27/01/2023;-3,0872174;-60,0266054;;90,000
AM;BR-319;381,000;382,000;1,000;27/01/2023;-3,0872174;-60,0266054;;90,000
AM;BR-319;382,000;383,000;1,000;27/01/2023;-3,0872587;-60,0265814;;70,000
AM;BR-319;383,000;384,000;1,000;27/01/2023;-3,0872587;-60,0265814;;70,000
AM;BR-319;384,000;385,000;1,000;27/01/2023;-3,0873525;-60,0265778;;70,000
AM;BR-319;385,000;386,000;1,000;27/01/2023;-3,0873525;-60,0265778;;70,000
AM;BR-319;386,000;387,000;1,000;27/01/2023;-3,0873525;-60,0265778;;62,500
AM;BR-319;387,000;388,000;1,000;27/01/2023;-3,0873525;-60,0265778;;62,500
AM;BR-319;388,000;389,000;1,000;27/01/2023;-3,0873161;-60,0265285;;62,500
AM;BR-319;389,000;390,000;1,000;27/01/2023;-3,0873161;-60,0265285;;70,000
AM;BR-319;390,000;391,000;1,000;27/01/2023;-3,0873161;-60,0265285;;70,000
AM;BR-319;391,000;392,000;1,000;27/01/2023;-3,0873161;-60,0265285;;58,750
AM;BR-319;392,000;393,000;1,000;27/01/2023;-3,0873161;-60,0265285;;70,000
AM;BR-319;393,000;394,000;1,000;27/01/2023;-3,0874638;-60,0265432;;63,750
AM;BR-319;394,000;395,000;1,000;27/01/2023;-3,0874638;-60,0265432;;70,000
AM;BR-319;395,000;396,000;1,000;27/01/2023;-3,0874638;-60,0265432;;62,500
AM;BR-319;396,000;397,000;1,000;27/01/2023;-3,0874638;-60,0265432;;62,500
AM;BR-319;397,000;398,000;1,000;27/01/2023;-3,0874362;-60,0264198;;62,500
AM;BR-319;398,000;399,000;1,000;27/01/2023;-3,0874362;-60,0264198;;90,000
AM;BR-319;399,000;400,000;1,000;27/01/2023;-3,0874362;-60,0264198;;90,000
AM;BR-319;400,000;401,000;1,000;27/01/2023;-3,0874367;-60,0264013;;90,000
AM;BR-319;401,000;402,000;1,000;27/01/2023;-3,0874367;-60,0264013;;70,000
AM;BR-319;402,000;403,000;1,000;27/01/2023;-3,0874367;-60,0264013;;90,000
AM;BR-319;403,000;404,000;1,000;27/01/2023;-3,0874459;-60,0264211;;70,000
AM;BR-319;404,000;405,000;1,000;27/01/2023;-3,0874459;-60,0264211;;70,000
AM;BR-319;405,000;406,000;1,000;27/01/2023;-3,0874381;-60,0264146;;70,000
AM;BR-319;406,000;407,000;1,000;27/01/2023;-3,0874381;-60,0264146;;63,750
AM;BR-319;407,000;408,000;1,000;27/01/2023;-3,0874381;-60,0264146;;63,750
AM;BR-319;408,000;409,000;1,000;27/01/2023;-3,0873824;-60,0263447;;70,000
AM;BR-319;409,000;410,000;1,000;27/01/2023;-3,0873824;-60,0263447;;70,000
AM;BR-319;410,000;411,000;1,000;27/01/2023;-3,0873824;-60,0263447;;70,000
AM;BR-319;411,000;412,000;1,000;27/01/2023;-3,0877518;-60,0261678;;62,500
AM;BR-319;412,000;413,000;1,000;27/01/2023;-3,0877518;-60,0261678;;90,000
AM;BR-319;413,000;414,000;1,000;27/01/2023;-3,0874008;-60,0262036;;70,000
AM;BR-319;414,000;415,000;1,000;27/01/2023;-3,0874008;-60,0262036;;70,000
AM;BR-319;415,000;416,000;1,000;27/01/2023;-3,0875242;-60,0263754;;63,750
AM;BR-319;416,000;417,000;1,000;27/01/2023;-3,0875242;-60,0263754;;63,750
AM;BR-319;417,000;418,000;1,000;27/01/2023;-3,0875242;-60,0263754;;62,500
AM;BR-319;418,000;419,000;1,000;27/01/2023;-3,0872498;-60,0266516;;62,500
AM;BR-319;419,000;420,000;1,000;27/01/2023;-3,0872498;-60,0266516;;70,000
AM;BR-319;420,000;421,000;1,000;27/01/2023;-3,0872498;-60,0266516;;70,000
AM;BR-319;421,000;422,000;1,000;27/01/2023;-3,0872498;-60,0266516;;70,000
AM;BR-319;422,000;423,000;1,000;27/01/2023;-3,0872475;-60,0266483;;70,000
AM;BR-319;423,000;424,000;1,000;27/01/2023;-3,0872475;-60,0266483;;70,000
AM;BR-319;424,000;425,000;1,000;27/01/2023;-3,0872475;-60,0266483;;63,750
AM;BR-319;425,000;426,000;1,000;27/01/2023;-3,0872475;-60,0266483;;63,750
AM;BR-319;426,000;427,000;1,000;27/01/2023;-3,0869705;-60,026811;;63,750
AM;BR-319;427,000;428,000;1,000;27/01/2023;-3,0869705;-60,026811;;63,750
AM;BR-319;428,000;429,000;1,000;27/01/2023;-3,0869705;-60,026811;;63,750
AM;BR-319;429,000;430,000;1,000;27/01/2023;-3,0865357;-60,0268885;;70,000
AM;BR-319;430,000;431,000;1,000;27/01/2023;-3,0865357;-60,0268885;;60,000
AM;BR-319;431,000;432,000;1,000;27/01/2023;-3,0865357;-60,0268885;;60,000
AM;BR-319;432,000;433,000;1,000;27/01/2023;-3,0863408;-60,0270817;;60,000
AM;BR-319;433,000;434,000;1,000;27/01/2023;-3,0863408;-60,0270817;;60,000
BA;BR-135;205,800;206,000;0,200;24/01/2023;-12,3564116;-44,9800283;;30,000
BA;BR-135;206,000;207,000;1,000;24/01/2023;-12,3693466;-44,97331;;35,000
BA;BR-135;207,000;208,000;1,000;24/01/2023;-12,3693466;-44,97331;;53,750
BA;BR-135;208,000;209,000;1,000;24/01/2023;-12,3693466;-44,97331;;47,500
BA;BR-135;209,000;210,000;1,000;24/01/2023;-12,3693466;-44,97331;;50,000
BA;BR-135;210,000;211,000;1,000;24/01/2023;-12,3693466;-44,97331;;53,750
BA;BR-135;211,000;212,000;1,000;24/01/2023;-12,3693466;-44,97331;;65,000
BA;BR-135;212,000;213,000;1,000;24/01/2023;-12,3693466;-44,97331;;76,250
BA;BR-135;213,000;214,000;1,000;24/01/2023;-12,3693466;-44,97331;;61,250
BA;BR-135;214,000;215,000;1,000;24/01/2023;-12,3693466;-44,97331;;76,250
BA;BR-135;215,000;216,000;1,000;24/01/2023;-12,3693466;-44,97331;;68,750
BA;BR-135;216,000;217,000;1,000;24/01/2023;-12,3693466;-44,97331;;71,250
BA;BR-135;217,000;218,000;1,000;24/01/2023;-12,3693466;-44,97331;;76,250
BA;BR-135;218,000;219,000;1,000;24/01/2023;-12,3693466;-44,97331;;68,750
BA;BR-135;219,000;220,000;1,000;24/01/2023;-12,3693466;-44,97331;;83,750
BA;BR-135;220,000;221,000;1,000;24/01/2023;-12,3693466;-44,97331;;72,500
BA;BR-135;221,000;222,000;1,000;24/01/2023;-12,3693466;-44,97331;;76,250
BA;BR-135;222,000;223,000;1,000;24/01/2023;-12,3693466;-44,97331;;73,750
BA;BR-135;223,000;224,000;1,000;24/01/2023;-12,3693466;-44,97331;;83,750
BA;BR-135;224,000;225,000;1,000;24/01/2023;-12,3693466;-44,97331;;72,500
BA;BR-135;225,000;226,000;1,000;24/01/2023;-12,3693466;-44,97331;;76,250
BA;BR-135;226,000;227,000;1,000;24/01/2023;-12,3693466;-44,97331;;66,250
BA;BR-135;227,000;228,000;1,000;24/01/2023;-12,3693466;-44,97331;;76,250
BA;BR-135;306,500;307,000;0,500;24/01/2023;-13,0440416;-44,621948;;0,000
BA;BR-135;307,000;307,100;0,100;24/01/2023;-13,0459504;-44,6228495;;0,000
BA;BR-135;319,800;320,000;0,200;24/01/2023;-13,1542816;-44,6166333;;3,750
BA;BR-135;320,000;321,000;1,000;24/01/2023;-13,1573666;-44,6161683;;3,750
BA;BR-135;321,000;321,200;0,200;24/01/2023;-13,1573666;-44,6161683;;3,750
BA;BR-135;323,400;324,000;0,600;24/01/2023;-13,165705;-44,6122983;;52,500
BA;BR-135;324,000;325,000;1,000;24/01/2023;-13,1830766;-44,617495;;20,000
BA;BR-135;325,000;325,300;0,300;24/01/2023;-13,1830766;-44,617495;;17,500
GO;BR-070;67,300;68,000;0,700;19/01/2023;-15,7816583;-48,7998221;;25,000
GO;BR-070;68,000;69,000;1,000;19/01/2023;-15,7816583;-48,7998221;;18,750
GO;BR-070;69,000;70,000;1,000;19/01/2023;-15,7816583;-48,7998221;;18,750
GO;BR-070;70,000;71,000;1,000;19/01/2023;-15,7816583;-48,7998221;;23,750
GO;BR-070;71,000;72,000;1,000;19/01/2023;-15,7816583;-48,7998221;;45,000
GO;BR-070;72,000;73,000;1,000;19/01/2023;-15,7576599;-48,7732851;;23,750
GO;BR-070;73,000;74,000;1,000;19/01/2023;-15,7739081;-48,766691;;12,500
GO;BR-070;74,000;75,000;1,000;19/01/2023;-15,7701961;-48,7685749;;0,000
GO;BR-070;75,000;76,000;1,000;19/01/2023;-15,7631538;-48,7817643;;5,000
GO;BR-070;76,000;77,000;1,000;19/01/2023;-15,7885356;-48,8714307;;0,000
GO;BR-070;77,000;78,000;1,000;19/01/2023;-15,7885356;-48,8714307;;5,000
GO;BR-070;78,000;79,000;1,000;19/01/2023;-15,7885356;-48,8714307;;17,500
GO;BR-070;79,000;80,000;1,000;19/01/2023;-15,7885356;-48,8714307;;5,000
GO;BR-070;80,000;81,000;1,000;19/01/2023;-15,7885356;-48,8714307;;0,000
GO;BR-070;81,000;82,000;1,000;19/01/2023;-15,7885356;-48,8714307;;5,000
GO;BR-070;82,000;83,000;1,000;19/01/2023;-15,7885356;-48,8714307;;0,000
GO;BR-070;83,000;84,000;1,000;19/01/2023;-15,7885356;-48,8714307;;5,000
GO;BR-070;84,000;85,000;1,000;19/01/2023;-15,7885356;-48,8714307;;12,500
GO;BR-070;85,000;86,000;1,000;19/01/2023;-15,7885356;-48,8714307;;12,500
GO;BR-070;86,000;87,000;1,000;19/01/2023;-15,7885356;-48,8714307;;5,000
GO;BR-070;87,000;88,000;1,000;19/01/2023;-15,7885356;-48,8714307;;0,000
GO;BR-070;88,000;89,000;1,000;19/01/2023;-15,7782732;-48,9738888;;27,500
GO;BR-070;89,000;90,000;1,000;19/01/2023;-15,7771055;-48,9861564;;0,000
GO;BR-070;90,000;91,000;1,000;19/01/2023;-15,7771055;-48,9861564;;0,000
GO;BR-070;91,000;92,000;1,000;19/01/2023;-15,7771055;-48,9861564;;0,000
GO;BR-070;92,000;93,000;1,000;19/01/2023;-15,7771055;-48,9861564;;0,000
GO;BR-070;93,000;94,000;1,000;19/01/2023;-15,7771055;-48,9861564;;0,000
GO;BR-070;94,000;95,000;1,000;19/01/2023;-15,7771055;-48,9861564;;0,000
GO;BR-070;95,000;96,000;1,000;19/01/2023;-15,7771055;-48,9861564;;0,000
GO;BR-070;96,000;97,000;1,000;19/01/2023;-15,7771055;-48,9861564;;27,500
GO;BR-070;97,000;98,000;1,000;19/01/2023;-15,7771055;-48,9861564;;45,000
GO;BR-070;98,000;99,000;1,000;19/01/2023;-15,7771055;-48,9861564;;38,750
GO;BR-070;99,000;100,000;1,000;19/01/2023;-15,7771055;-48,9861564;;27,500
GO;BR-070;100,000;101,000;1,000;19/01/2023;-15,7771055;-48,9861564;;7,500
GO;BR-070;101,000;102,000;1,000;19/01/2023;-15,7771055;-48,9861564;;12,500
GO;BR-070;102,000;103,000;1,000;19/01/2023;-15,7771055;-48,9861564;;5,000
GO;BR-070;103,000;104,000;1,000;19/01/2023;-15,7771055;-48,9861564;;0,000
GO;BR-070;104,000;105,000;1,000;19/01/2023;-15,7771055;-48,9861564;;5,000
GO;BR-070;105,000;106,000;1,000;19/01/2023;-15,7771055;-48,9861564;;12,500
GO;BR-070;106,000;107,000;1,000;19/01/2023;-15,7771055;-48,9861564;;5,000
GO;BR-070;107,000;108,000;1,000;19/01/2023;-15,7771055;-48,9861564;;12,500
GO;BR-070;108,000;109,000;1,000;19/01/2023;-15,7771055;-48,9861564;;5,000
GO;BR-070;109,000;110,000;1,000;19/01/2023;-15,7771055;-48,9861564;;5,000
GO;BR-070;110,000;111,000;1,000;19/01/2023;-15,7771055;-48,9861564;;15,000
GO;BR-070;111,000;112,000;1,000;19/01/2023;-15,7771055;-48,9861564;;5,000
GO;BR-070;112,000;113,000;1,000;19/01/2023;-15,7771055;-48,9861564;;5,000
GO;BR-070;113,000;114,000;1,000;19/01/2023;-15,7771055;-48,9861564;;7,500
GO;BR-070;114,000;115,000;1,000;19/01/2023;-15,7771055;-48,9861564;;20,000
GO;BR-070;115,000;116,000;1,000;19/01/2023;-15,7771055;-48,9861564;;17,500
GO;BR-070;116,000;117,000;1,000;19/01/2023;-15,7771055;-48,9861564;;0,000
GO;BR-070;117,000;118,000;1,000;19/01/2023;-15,7771055;-48,9861564;;0,000
GO;BR-070;118,000;119,000;1,000;19/01/2023;-15,7771055;-48,9861564;;0,000
GO;BR-070;119,000;120,000;1,000;19/01/2023;-15,7771055;-48,9861564;;5,000
GO;BR-070;120,000;121,000;1,000;19/01/2023;-15,9071894;-49,2466078;;0,000
GO;BR-070;121,000;122,000;1,000;19/01/2023;-15,8935694;-49,2456579;;0,000
GO;BR-070;122,000;123,000;1,000;19/01/2023;-15,8935694;-49,2456579;;0,000
GO;BR-070;123,000;124,000;1,000;19/01/2023;-15,8935694;-49,2456579;;0,000
GO;BR-080;277,500;278,000;0,500;23/01/2023;-13,9819653;-49,7088588;;72,500
GO;BR-080;278,000;279,000;1,000;23/01/2023;-13,9819653;-49,7088588;;72,500
GO;BR-080;279,000;280,000;1,000;23/01/2023;-13,9819653;-49,7088588;;62,500
GO;BR-080;280,000;281,000;1,000;23/01/2023;-13,9819653;-49,7088588;;62,500
GO;BR-080;281,000;282,000;1,000;23/01/2023;-13,9819653;-49,7088588;;62,500
GO;BR-080;282,000;283,000;1,000;23/01/2023;-13,9819653;-49,7088588;;62,500
MT;BR-242;119,000;118,000;1,000;24/01/2023;-11,13891;-51,7023516;;51,250
MT;BR-242;118,000;117,000;1,000;24/01/2023;-11,13891;-51,7023516;;52,500
MT;BR-242;117,000;116,000;1,000;24/01/2023;-11,13891;-51,7023516;;52,500
MT;BR-242;116,000;115,000;1,000;24/01/2023;-11,13891;-51,7023516;;52,500
MT;BR-242;115,000;114,000;1,000;24/01/2023;-11,13891;-51,7023516;;51,250
MT;BR-242;114,000;113,000;1,000;24/01/2023;-11,13891;-51,7023516;;52,500
MT;BR-242;113,000;112,000;1,000;24/01/2023;-11,13891;-51,7023516;;52,500
MT;BR-242;112,000;111,000;1,000;24/01/2023;-11,13891;-51,7023516;;58,750
MT;BR-242;111,000;110,000;1,000;24/01/2023;-11,13891;-51,7023516;;62,500
MT;BR-242;110,000;109,000;1,000;24/01/2023;-11,13891;-51,7023516;;55,000
MT;BR-242;109,000;108,000;1,000;24/01/2023;-11,13891;-51,7023516;;82,500
MT;BR-242;108,000;107,000;1,000;24/01/2023;-11,13891;-51,7023516;;100,000
MT;BR-242;107,000;106,000;1,000;24/01/2023;-11,13891;-51,7023516;;100,000
MT;BR-242;106,000;105,000;1,000;24/01/2023;-11,13891;-51,7023516;;100,000
MT;BR-242;105,000;104,000;1,000;24/01/2023;-11,13891;-51,7023516;;100,000
MT;BR-242;104,000;103,000;1,000;24/01/2023;-11,13891;-51,7023516;;100,000
MT;BR-242;103,000;102,000;1,000;24/01/2023;-11,13891;-51,7023516;;100,000
MT;BR-242;102,000;101,000;1,000;24/01/2023;-11,13891;-51,7023516;;91,250
MT;BR-242;101,000;100,000;1,000;24/01/2023;-11,13891;-51,7023516;;100,000
MT;BR-242;100,000;99,000;1,000;24/01/2023;-11,13891;-51,7023516;;100,000
MT;BR-242;99,000;98,000;1,000;24/01/2023;-11,13891;-51,7023516;;100,000
MT;BR-242;98,000;97,000;1,000;24/01/2023;-11,13891;-51,7023516;;100,000
MT;BR-242;97,000;96,000;1,000;24/01/2023;-11,13891;-51,7023516;;100,000
MT;BR-242;96,000;95,000;1,000;24/01/2023;-11,13891;-51,7023516;;100,000
MT;BR-242;95,000;94,000;1,000;24/01/2023;-11,13891;-51,7023516;;100,000
MT;BR-242;94,000;93,000;1,000;24/01/2023;-11,13891;-51,7023516;;100,000
MT;BR-242;93,000;92,000;1,000;24/01/2023;-11,13891;-51,7023516;;76,250
MT;BR-242;92,000;91,000;1,000;24/01/2023;-11,13891;-51,7023516;;100,000
MT;BR-242;91,000;90,000;1,000;24/01/2023;-11,13891;-51,7023516;;100,000
MT;BR-242;90,000;89,000;1,000;24/01/2023;-11,13891;-51,7023516;;100,000
MT;BR-242;89,000;88,000;1,000;24/01/2023;-11,13891;-51,7023516;;75,000
MT;BR-242;88,000;87,000;1,000;24/01/2023;-11,13891;-51,7023516;;100,000
MT;BR-242;87,000;86,000;1,000;24/01/2023;-11,13891;-51,7023516;;92,500
MT;BR-242;86,000;85,000;1,000;24/01/2023;-11,13891;-51,7023516;;100,000
MT;BR-242;85,000;84,000;1,000;24/01/2023;-11,13891;-51,7023516;;100,000
MT;BR-242;84,000;83,000;1,000;24/01/2023;-11,13891;-51,7023516;;100,000
MT;BR-242;83,000;82,000;1,000;24/01/2023;-11,13891;-51,7023516;;100,000
MT;BR-242;82,000;81,000;1,000;24/01/2023;-11,13891;-51,7023516;;100,000
MT;BR-242;81,000;80,000;1,000;24/01/2023;-11,13891;-51,7023516;;100,000
MT;BR-242;80,000;79,000;1,000;24/01/2023;-11,13891;-51,7023516;;100,000
MT;BR-242;79,000;78,000;1,000;24/01/2023;-11,13891;-51,7023516;;100,000
MT;BR-242;78,000;77,000;1,000;24/01/2023;-11,13891;-51,7023516;;100,000
MT;BR-242;77,000;76,000;1,000;24/01/2023;-11,13891;-51,7023516;;100,000
MT;BR-242;76,000;75,000;1,000;24/01/2023;-11,13891;-51,7023516;;93,750
MT;BR-242;75,000;74,000;1,000;24/01/2023;-11,13891;-51,7023516;;100,000
MT;BR-242;74,000;73,000;1,000;24/01/2023;-11,13891;-51,7023516;;100,000
MT;BR-242;73,000;72,000;1,000;24/01/2023;-11,13891;-51,7023516;;100,000
MT;BR-242;72,000;71,000;1,000;24/01/2023;-11,13891;-51,7023516;;100,000
MT;BR-242;71,000;70,000;1,000;24/01/2023;-11,13891;-51,7023516;;100,000
MT;BR-242;70,000;69,000;1,000;24/01/2023;-11,13891;-51,7023516;;100,000
MT;BR-242;69,000;68,000;1,000;24/01/2023;-11,13891;-51,7023516;;100,000
MT;BR-242;68,000;67,000;1,000;24/01/2023;-11,13891;-51,7023516;;100,000
MT;BR-242;67,000;66,000;1,000;24/01/2023;-11,13891;-51,7023516;;76,250
MT;BR-242;66,000;65,000;1,000;24/01/2023;-11,13891;-51,7023516;;76,250
MT;BR-242;65,000;64,000;1,000;24/01/2023;-11,13891;-51,7023516;;88,750
MT;BR-242;64,000;63,000;1,000;24/01/2023;-11,13891;-51,7023516;;100,000
MT;BR-242;63,000;62,000;1,000;24/01/2023;-11,13891;-51,7023516;;100,000
MT;BR-242;62,000;61,000;1,000;24/01/2023;-11,13891;-51,7023516;;100,000
MT;BR-242;61,000;60,000;1,000;24/01/2023;-11,13891;-51,7023516;;90,000
MT;BR-242;60,000;59,000;1,000;24/01/2023;-11,13891;-51,7023516;;100,000
MT;BR-242;59,000;58,000;1,000;24/01/2023;-11,13891;-51,7023516;;76,250
MT;BR-242;58,000;57,000;1,000;24/01/2023;-11,13891;-51,7023516;;100,000
MT;BR-242;57,000;56,000;1,000;24/01/2023;-11,13891;-51,7023516;;100,000
MT;BR-242;56,000;55,000;1,000;24/01/2023;-11,13891;-51,7023516;;100,000
MT;BR-242;55,000;54,000;1,000;24/01/2023;-11,13891;-51,7023516;;100,000
MT;BR-242;54,000;53,000;1,000;24/01/2023;-11,13891;-51,7023516;;100,000
MT;BR-242;53,000;52,000;1,000;24/01/2023;-11,13891;-51,7023516;;100,000
MT;BR-242;52,000;51,000;1,000;24/01/2023;-11,13891;-51,7023516;;100,000
MT;BR-242;51,000;50,000;1,000;24/01/2023;-11,13891;-51,7023516;;100,000
MT;BR-242;50,000;49,000;1,000;24/01/2023;-11,13891;-51,7023516;;100,000
MT;BR-242;49,000;48,000;1,000;24/01/2023;-11,13891;-51,7023516;;100,000
MT;BR-242;48,000;47,000;1,000;24/01/2023;-11,13891;-51,7023516;;100,000
MT;BR-242;47,000;46,000;1,000;24/01/2023;-11,13891;-51,7023516;;76,250
MT;BR-242;46,000;45,000;1,000;24/01/2023;-11,13891;-51,7023516;;76,250
MT;BR-242;45,000;44,000;1,000;24/01/2023;-11,13891;-51,7023516;;76,250
MT;BR-242;44,000;43,000;1,000;24/01/2023;-11,13891;-51,7023516;;76,250
MT;BR-242;43,000;42,000;1,000;24/01/2023;-11,13891;-51,7023516;;76,250
MT;BR-242;42,000;41,000;1,000;24/01/2023;-11,13891;-51,7023516;;76,250
MT;BR-242;41,000;40,000;1,000;24/01/2023;-11,13891;-51,7023516;;76,250
MT;BR-242;40,000;39,000;1,000;24/01/2023;-11,13891;-51,7023516;;100,000
MT;BR-242;39,000;38,000;1,000;24/01/2023;-11,13891;-51,7023516;;100,000
MT;BR-242;38,000;37,000;1,000;24/01/2023;-11,13891;-51,7023516;;100,000
MT;BR-242;37,000;36,000;1,000;24/01/2023;-11,13891;-51,7023516;;100,000
MT;BR-242;36,000;35,000;1,000;24/01/2023;-11,13891;-51,7023516;;100,000
MT;BR-242;35,000;34,000;1,000;24/01/2023;-11,13891;-51,7023516;;100,000
MT;BR-242;34,000;33,000;1,000;24/01/2023;-11,13891;-51,7023516;;100,000
MT;BR-242;33,000;32,000;1,000;24/01/2023;-11,13891;-51,7023516;;100,000
MT;BR-242;32,000;31,000;1,000;24/01/2023;-11,13891;-51,7023516;;100,000
MT;BR-242;31,000;30,000;1,000;24/01/2023;-11,13891;-51,7023516;;100,000
MT;BR-242;30,000;29,000;1,000;24/01/2023;-11,13891;-51,7023516;;100,000
MT;BR-242;29,000;28,000;1,000;24/01/2023;-11,13891;-51,7023516;;100,000
MT;BR-242;28,000;27,000;1,000;24/01/2023;-11,13891;-51,7023516;;100,000
MT;BR-242;27,000;26,000;1,000;24/01/2023;-11,13891;-51,7023516;;100,000
MT;BR-242;26,000;25,000;1,000;24/01/2023;-11,13891;-51,7023516;;100,000
MT;BR-242;25,000;24,000;1,000;24/01/2023;-11,13891;-51,7023516;;100,000
MT;BR-242;24,000;23,000;1,000;24/01/2023;-11,13891;-51,7023516;;100,000
MT;BR-242;23,000;22,000;1,000;24/01/2023;-11,13891;-51,7023516;;100,000
MT;BR-242;22,000;21,000;1,000;24/01/2023;-11,13891;-51,7023516;;100,000
MT;BR-242;21,000;20,000;1,000;24/01/2023;-11,13891;-51,7023516;;100,000
MT;BR-242;20,000;19,000;1,000;24/01/2023;-11,13891;-51,7023516;;100,000
MT;BR-242;19,000;18,000;1,000;24/01/2023;-11,13891;-51,7023516;;100,000
MT;BR-242;18,000;17,000;1,000;24/01/2023;-11,13891;-51,7023516;;100,000
MT;BR-242;17,000;16,000;1,000;24/01/2023;-11,13891;-51,7023516;;100,000
MT;BR-242;16,000;15,000;1,000;24/01/2023;-11,13891;-51,7023516;;100,000
MT;BR-242;15,000;14,000;1,000;24/01/2023;-11,13891;-51,7023516;;100,000
MT;BR-242;14,000;13,000;1,000;24/01/2023;-11,13891;-51,7023516;;82,500
MT;BR-242;13,000;12,000;1,000;24/01/2023;-11,13891;-51,7023516;;82,500
MT;BR-242;12,000;11,000;1,000;24/01/2023;-11,13891;-51,7023516;;82,500
MT;BR-242;11,000;10,000;1,000;24/01/2023;-11,13891;-51,7023516;;100,000
MT;BR-242;10,000;9,000;1,000;24/01/2023;-11,13891;-51,7023516;;75,000
MT;BR-242;9,000;8,000;1,000;24/01/2023;-11,13891;-51,7023516;;100,000
MT;BR-242;8,000;7,000;1,000;24/01/2023;-11,13891;-51,7023516;;100,000
MT;BR-242;7,000;6,000;1,000;24/01/2023;-11,13891;-51,7023516;;75,000
MT;BR-242;6,000;5,000;1,000;24/01/2023;-11,13891;-51,7023516;;75,000
MT;BR-242;5,000;4,000;1,000;24/01/2023;-11,13891;-51,7023516;;75,000
MT;BR-242;4,000;3,000;1,000;24/01/2023;-11,13891;-51,7023516;;0,000
MT;BR-242;3,000;2,000;1,000;24/01/2023;-11,13891;-51,7023516;;0,000
MT;BR-242;2,000;1,000;1,000;24/01/2023;-11,13891;-51,7023516;;0,000
MT;BR-242;1,000;0,000;1,000;24/01/2023;-11,13891;-51,7023516;;0,000
MT;BR-158;201,200;202,000;0,800;26/01/2023;-10,8821291;-51,6339189;;52,500
MT;BR-158;202,000;203,000;1,000;26/01/2023;-10,8821291;-51,6339189;;52,500
MT;BR-158;203,000;204,000;1,000;26/01/2023;-10,8821291;-51,6339189;;52,500
MT;BR-158;204,000;205,000;1,000;26/01/2023;-10,8821291;-51,6339189;;52,500
MT;BR-158;205,000;206,000;1,000;26/01/2023;-10,8821291;-51,6339189;;52,500
MT;BR-158;206,000;207,000;1,000;26/01/2023;-10,8821291;-51,6339189;;52,500
MT;BR-158;207,000;208,000;1,000;26/01/2023;-10,8821291;-51,6339189;;52,500
MT;BR-158;208,000;209,000;1,000;26/01/2023;-10,8821291;-51,6339189;;52,500
MT;BR-158;209,000;210,000;1,000;26/01/2023;-10,8821291;-51,6339189;;52,500
MT;BR-158;210,000;211,000;1,000;26/01/2023;-10,8821291;-51,6339189;;52,500
MT;BR-158;211,000;212,000;1,000;26/01/2023;-10,8821291;-51,6339189;;52,500
MT;BR-158;212,000;213,000;1,000;26/01/2023;-10,8821291;-51,6339189;;52,500
MT;BR-158;213,000;214,000;1,000;26/01/2023;-10,8821291;-51,6339189;;52,500
MT;BR-158;214,000;215,000;1,000;26/01/2023;-10,8821291;-51,6339189;;52,500
MT;BR-158;215,000;216,000;1,000;26/01/2023;-10,8821291;-51,6339189;;52,500
MT;BR-158;216,000;217,000;1,000;26/01/2023;-10,8821291;-51,6339189;;52,500
MT;BR-158;217,000;218,000;1,000;26/01/2023;-10,8821291;-51,6339189;;52,500
MT;BR-158;218,000;219,000;1,000;26/01/2023;-10,8821291;-51,6339189;;52,500
MT;BR-158;219,000;220,000;1,000;26/01/2023;-10,8821291;-51,6339189;;52,500
MT;BR-158;220,000;221,000;1,000;26/01/2023;-10,8821291;-51,6339189;;52,500
MT;BR-158;221,000;222,000;1,000;26/01/2023;-10,8821291;-51,6339189;;52,500
MT;BR-158;222,000;223,000;1,000;26/01/2023;-10,8821291;-51,6339189;;52,500
MT;BR-158;223,000;224,000;1,000;26/01/2023;-10,8821291;-51,6339189;;52,500
MT;BR-158;224,000;225,000;1,000;26/01/2023;-10,8821291;-51,6339189;;52,500
MT;BR-158;225,000;226,000;1,000;26/01/2023;-10,8821291;-51,6339189;;51,250
MT;BR-158;226,000;227,000;1,000;26/01/2023;-10,8821291;-51,6339189;;51,250
MT;BR-158;227,000;228,000;1,000;26/01/2023;-10,8821291;-51,6339189;;51,250
MT;BR-158;228,000;229,000;1,000;26/01/2023;-10,8821291;-51,6339189;;51,250
MT;BR-158;229,000;230,000;1,000;26/01/2023;-10,8821291;-51,6339189;;52,500
MT;BR-158;230,000;231,000;1,000;26/01/2023;-10,8821291;-51,6339189;;52,500
MT;BR-158;231,000;232,000;1,000;26/01/2023;-10,8821291;-51,6339189;;52,500
MT;BR-158;232,000;233,000;1,000;26/01/2023;-10,8821291;-51,6339189;;52,500
MT;BR-158;233,000;234,000;1,000;26/01/2023;-10,8821291;-51,6339189;;52,500
MT;BR-158;234,000;235,000;1,000;26/01/2023;-11,4747981;-51,682818;;52,500
MT;BR-158;235,000;236,000;1,000;26/01/2023;-11,4747981;-51,682818;;52,500
MT;BR-158;236,000;237,000;1,000;26/01/2023;-11,4747981;-51,682818;;52,500
MT;BR-158;237,000;238,000;1,000;26/01/2023;-11,4747981;-51,682818;;52,500
MT;BR-158;238,000;239,000;1,000;26/01/2023;-11,4747981;-51,682818;;52,500
MT;BR-158;239,000;240,000;1,000;26/01/2023;-11,4747981;-51,682818;;52,500
MT;BR-158;240,000;241,000;1,000;26/01/2023;-11,4747981;-51,682818;;52,500
MT;BR-158;241,000;242,000;1,000;26/01/2023;-11,4747981;-51,682818;;52,500
MT;BR-158;242,000;243,000;1,000;26/01/2023;-11,4747981;-51,682818;;52,500
MT;BR-158;243,000;244,000;1,000;26/01/2023;-11,4747981;-51,682818;;52,500
MT;BR-158;244,000;245,000;1,000;26/01/2023;-11,4747981;-51,682818;;52,500
MT;BR-158;245,000;246,000;1,000;26/01/2023;-11,4747981;-51,682818;;52,500
MT;BR-158;246,000;247,000;1,000;26/01/2023;-11,4747981;-51,682818;;52,500
MT;BR-158;247,000;248,000;1,000;26/01/2023;-11,4747981;-51,682818;;52,500
MT;BR-158;248,000;249,000;1,000;26/01/2023;-11,4747981;-51,682818;;63,750
MT;BR-158;249,000;250,000;1,000;26/01/2023;-11,4747981;-51,682818;;60,000
MT;BR-158;250,000;251,000;1,000;26/01/2023;-11,4747981;-51,682818;;76,250
MT;BR-158;251,000;252,000;1,000;26/01/2023;-11,4747981;-51,682818;;76,250
MT;BR-158;252,000;253,000;1,000;26/01/2023;-11,4747981;-51,682818;;66,250
MT;BR-158;253,000;254,000;1,000;26/01/2023;-11,4747981;-51,682818;;56,250
MT;BR-158;254,000;255,000;1,000;26/01/2023;-11,4747981;-51,682818;;56,250
MT;BR-158;255,000;256,000;1,000;26/01/2023;-11,4747981;-51,682818;;52,500
MT;BR-158;256,000;257,000;1,000;26/01/2023;-11,4747981;-51,682818;;52,500
MT;BR-158;257,000;258,000;1,000;26/01/2023;-11,4747981;-51,682818;;52,500
MT;BR-158;258,000;259,000;1,000;26/01/2023;-11,4747981;-51,682818;;56,250
MT;BR-158;259,000;260,000;1,000;26/01/2023;-11,4747981;-51,682818;;60,000
MT;BR-158;260,000;261,000;1,000;26/01/2023;-11,4747981;-51,682818;;63,750
MT;BR-158;261,000;262,000;1,000;26/01/2023;-11,4747981;-51,682818;;67,500
MT;BR-158;262,000;263,000;1,000;26/01/2023;-11,4747981;-51,682818;;72,500
MT;BR-158;263,000;264,000;1,000;26/01/2023;-11,4747981;-51,682818;;73,750
MT;BR-158;264,000;265,000;1,000;26/01/2023;-11,4747981;-51,682818;;76,250
MT;BR-158;265,000;266,000;1,000;26/01/2023;-11,4747981;-51,682818;;76,250
MT;BR-158;266,000;267,000;1,000;26/01/2023;-11,4747981;-51,682818;;95,000
MT;BR-158;267,000;268,000;1,000;26/01/2023;-11,4747981;-51,682818;;95,000
MT;BR-158;268,000;269,000;1,000;26/01/2023;-11,4747981;-51,682818;;95,000
MT;BR-158;269,000;270,000;1,000;26/01/2023;-11,4747981;-51,682818;;97,500
MT;BR-158;270,000;271,000;1,000;26/01/2023;-11,4747981;-51,682818;;70,000
MT;BR-158;271,000;272,000;1,000;26/01/2023;-11,4747981;-51,682818;;52,500
MT;BR-158;272,000;273,000;1,000;26/01/2023;-11,4747981;-51,682818;;52,500
MT;BR-158;273,000;274,000;1,000;26/01/2023;-11,4747981;-51,682818;;76,250
MT;BR-158;274,000;275,000;1,000;26/01/2023;-11,4747981;-51,682818;;60,000
MT;BR-158;275,000;276,000;1,000;26/01/2023;-11,4747981;-51,682818;;72,500
MT;BR-158;276,000;277,000;1,000;26/01/2023;-11,4747981;-51,682818;;52,500
MT;BR-158;277,000;278,000;1,000;26/01/2023;-11,4747981;-51,682818;;52,500
MT;BR-158;278,000;279,000;1,000;26/01/2023;-11,4747981;-51,682818;;52,500
MT;BR-158;279,000;280,000;1,000;26/01/2023;-11,4747981;-51,682818;;78,750
MT;BR-158;280,000;281,000;1,000;26/01/2023;-11,4747981;-51,682818;;78,750
MT;BR-158;281,000;282,000;1,000;26/01/2023;-11,4747981;-51,682818;;78,750
MT;BR-158;282,000;283,000;1,000;26/01/2023;-11,4747981;-51,682818;;81,250
MT;BR-158;283,000;284,000;1,000;26/01/2023;-11,4747981;-51,682818;;81,250
MT;BR-158;284,000;285,000;1,000;26/01/2023;-11,4747981;-51,682818;;93,750
MT;BR-158;285,000;286,000;1,000;26/01/2023;-11,4747981;-51,682818;;87,500
MT;BR-158;286,000;287,000;1,000;26/01/2023;-11,4747981;-51,682818;;83,750
MT;BR-158;287,000;288,000;1,000;26/01/2023;-11,4747981;-51,682818;;87,500
MT;BR-158;288,000;289,000;1,000;26/01/2023;-11,4747981;-51,682818;;97,500
MT;BR-158;289,000;290,000;1,000;26/01/2023;-11,4747981;-51,682818;;80,000
MT;BR-158;290,000;291,000;1,000;26/01/2023;-11,4747981;-51,682818;;71,250
MT;BR-158;291,000;292,000;1,000;26/01/2023;-11,4747981;-51,682818;;60,000
MT;BR-158;292,000;293,000;1,000;26/01/2023;-11,4747981;-51,682818;;71,250
MT;BR-158;293,000;294,000;1,000;26/01/2023;-11,4747981;-51,682818;;73,750
MT;BR-158;294,000;295,000;1,000;26/01/2023;-11,4747981;-51,682818;;75,000
MT;BR-158;295,000;296,000;1,000;26/01/2023;-11,4747981;-51,682818;;77,500
MT;BR-158;296,000;297,000;1,000;26/01/2023;-11,4747981;-51,682818;;75,000
MT;BR-158;297,000;298,000;1,000;26/01/2023;-11,4747981;-51,682818;;85,000
MT;BR-158;298,000;299,000;1,000;26/01/2023;-11,4747981;-51,682818;;88,750
MT;BR-158;299,000;300,000;1,000;26/01/2023;-11,4747981;-51,682818;;85,000
MT;BR-158;300,000;301,000;1,000;26/01/2023;-11,4747981;-51,682818;;75,000
MT;BR-158;301,000;302,000;1,000;26/01/2023;-11,4747981;-51,682818;;87,500
MT;BR-158;302,000;303,000;1,000;26/01/2023;-11,4747981;-51,682818;;71,250
MT;BR-158;303,000;304,000;1,000;26/01/2023;-11,4747981;-51,682818;;66,250
MT;BR-158;304,000;305,000;1,000;26/01/2023;-11,4747981;-51,682818;;73,750
MT;BR-158;305,000;306,000;1,000;26/01/2023;-11,4747981;-51,682818;;62,500
MT;BR-158;306,000;307,000;1,000;26/01/2023;-11,4747981;-51,682818;;55,000
MT;BR-158;307,000;308,000;1,000;26/01/2023;-11,4747981;-51,682818;;77,500
MT;BR-158;308,000;309,000;1,000;26/01/2023;-11,4747981;-51,682818;;97,500
MT;BR-158;309,000;310,000;1,000;26/01/2023;-11,4747981;-51,682818;;100,000
MT;BR-158;310,000;311,000;1,000;26/01/2023;-11,4747981;-51,682818;;100,000
MT;BR-158;311,000;312,000;1,000;26/01/2023;-11,4747981;-51,682818;;100,000
MT;BR-158;312,000;313,000;1,000;26/01/2023;-11,4747981;-51,682818;;100,000
MT;BR-158;313,000;314,000;1,000;26/01/2023;-11,4747981;-51,682818;;100,000
MT;BR-158;314,000;315,000;1,000;26/01/2023;-11,4747981;-51,682818;;75,000
MT;BR-158;315,000;316,000;1,000;26/01/2023;-11,4747981;-51,682818;;83,750
MT;BR-158;316,000;317,000;1,000;26/01/2023;-11,4747981;-51,682818;;83,750
MT;BR-158;317,000;318,000;1,000;26/01/2023;-11,4747981;-51,682818;;66,250
MT;BR-158;318,000;319,000;1,000;26/01/2023;-11,4747981;-51,682818;;93,750
MT;BR-158;319,000;320,000;1,000;26/01/2023;-11,4747981;-51,682818;;93,750
MT;BR-158;320,000;321,000;1,000;26/01/2023;-11,4747981;-51,682818;;87,500
MT;BR-158;321,000;322,000;1,000;26/01/2023;-11,4747981;-51,682818;;91,250
MT;BR-158;322,000;323,000;1,000;26/01/2023;-11,4747981;-51,682818;;93,750
MT;BR-158;323,000;324,000;1,000;26/01/2023;-11,4747981;-51,682818;;100,000
MT;BR-158;324,000;325,000;1,000;26/01/2023;-11,4747981;-51,682818;;76,250
MT;BR-158;325,000;326,000;1,000;26/01/2023;-11,4747981;-51,682818;;83,750
MT;BR-158;326,000;327,000;1,000;26/01/2023;-11,4747981;-51,682818;;93,750
MT;BR-158;327,000;328,000;1,000;26/01/2023;-11,4747981;-51,682818;;93,750
MT;BR-158;328,000;329,000;1,000;26/01/2023;-11,4747981;-51,682818;;92,500
MT;BR-158;329,000;330,000;1,000;26/01/2023;-11,4747981;-51,682818;;82,500
MT;BR-158;330,000;331,000;1,000;26/01/2023;-11,4747981;-51,682818;;90,000
MS;BR-419;64,000;65,000;1,000;26/01/2023;-20,2566609;-54,7979704;;53,750
MS;BR-419;65,000;66,000;1,000;26/01/2023;-20,2566609;-54,7979704;;42,500
MS;BR-419;66,000;67,000;1,000;26/01/2023;-20,2566609;-54,7979704;;48,750
MS;BR-419;67,000;68,000;1,000;26/01/2023;-20,2566609;-54,7979704;;45,000
MS;BR-419;68,000;69,000;1,000;26/01/2023;-20,2566609;-54,7979704;;42,500
MS;BR-419;69,000;70,000;1,000;26/01/2023;-20,2566609;-54,7979704;;53,750
MS;BR-419;70,000;71,000;1,000;26/01/2023;-20,2566609;-54,7979704;;42,500
MS;BR-419;71,000;72,000;1,000;26/01/2023;-20,2566609;-54,7979704;;50,000
MS;BR-419;72,000;73,000;1,000;26/01/2023;-20,2566609;-54,7979704;;46,250
MS;BR-419;73,000;74,000;1,000;26/01/2023;-20,2566609;-54,7979704;;42,500
MS;BR-419;74,000;75,000;1,000;26/01/2023;-20,2566609;-54,7979704;;53,750
MS;BR-419;75,000;76,000;1,000;26/01/2023;-20,2566609;-54,7979704;;50,000
MS;BR-419;76,000;77,000;1,000;26/01/2023;-20,2566609;-54,7979704;;35,000
MS;BR-419;77,000;78,000;1,000;26/01/2023;-20,2566609;-54,7979704;;42,500
MS;BR-419;78,000;79,000;1,000;26/01/2023;-20,2566609;-54,7979704;;48,750
MS;BR-419;79,000;80,000;1,000;26/01/2023;-20,2566609;-54,7979704;;35,000
MS;BR-419;80,000;81,000;1,000;26/01/2023;-20,2566609;-54,7979704;;35,000
MS;BR-419;81,000;82,000;1,000;26/01/2023;-20,2566609;-54,7979704;;42,500
MS;BR-419;82,000;83,000;1,000;26/01/2023;-20,2566609;-54,7979704;;35,000
MS;BR-419;83,000;84,000;1,000;26/01/2023;-20,2566609;-54,7979704;;42,500
MS;BR-419;84,000;85,000;1,000;26/01/2023;-20,2566609;-54,7979704;;42,500
MS;BR-419;85,000;86,000;1,000;26/01/2023;-20,2566609;-54,7979704;;46,250
MS;BR-419;86,000;87,000;1,000;26/01/2023;-20,2566609;-54,7979704;;35,000
MS;BR-419;87,000;88,000;1,000;26/01/2023;-20,2566609;-54,7979704;;35,000
MS;BR-419;88,000;89,000;1,000;26/01/2023;-20,2566609;-54,7979704;;35,000
MS;BR-419;89,000;90,000;1,000;26/01/2023;-20,2566609;-54,7979704;;35,000
MS;BR-419;90,000;91,000;1,000;26/01/2023;-20,2566609;-54,7979704;;42,500
MS;BR-419;91,000;92,000;1,000;26/01/2023;-20,2566609;-54,7979704;;35,000
MS;BR-419;92,000;93,000;1,000;26/01/2023;-20,2566609;-54,7979704;;35,000
MS;BR-419;93,000;94,000;1,000;26/01/2023;-20,2566609;-54,7979704;;35,000
MS;BR-419;94,000;95,000;1,000;26/01/2023;-20,2566609;-54,7979704;;35,000
MS;BR-419;95,000;96,000;1,000;26/01/2023;-20,2566609;-54,7979704;;42,500
MS;BR-419;96,000;97,000;1,000;26/01/2023;-20,2566609;-54,7979704;;57,500
MS;BR-419;97,000;98,000;1,000;26/01/2023;-20,2566609;-54,7979704;;35,000
MS;BR-419;98,000;99,000;1,000;26/01/2023;-20,2566609;-54,7979704;;35,000
MS;BR-419;99,000;100,000;1,000;26/01/2023;-20,2566609;-54,7979704;;53,750
MS;BR-419;100,000;101,000;1,000;26/01/2023;-20,2566609;-54,7979704;;48,750
MS;BR-419;101,000;102,000;1,000;26/01/2023;-20,2566609;-54,7979704;;42,500
MS;BR-419;102,000;103,000;1,000;26/01/2023;-20,2566609;-54,7979704;;35,000
MS;BR-419;103,000;104,000;1,000;26/01/2023;-20,2566609;-54,7979704;;57,500
MS;BR-419;104,000;105,000;1,000;26/01/2023;-20,2566609;-54,7979704;;57,500
MS;BR-419;105,000;106,000;1,000;26/01/2023;-20,2566609;-54,7979704;;57,500
MS;BR-419;106,000;107,000;1,000;26/01/2023;-20,2566609;-54,7979704;;61,250
MS;BR-419;107,000;108,000;1,000;26/01/2023;-20,2566609;-54,7979704;;57,500
MS;BR-419;108,000;109,000;1,000;26/01/2023;-20,2566609;-54,7979704;;35,000
MS;BR-419;109,000;110,000;1,000;26/01/2023;-20,2566609;-54,7979704;;57,500
MS;BR-419;110,000;111,000;1,000;26/01/2023;-20,2566609;-54,7979704;;57,500
MS;BR-419;111,000;112,000;1,000;26/01/2023;-20,2566609;-54,7979704;;61,250
MS;BR-419;112,000;113,000;1,000;26/01/2023;-20,2566609;-54,7979704;;57,500
MS;BR-419;113,000;114,000;1,000;26/01/2023;-20,2566609;-54,7979704;;50,000
MS;BR-419;114,000;115,000;1,000;26/01/2023;-20,2566609;-54,7979704;;57,500
MS;BR-419;115,000;116,000;1,000;26/01/2023;-20,2566609;-54,7979704;;65,000
MS;BR-419;116,000;117,000;1,000;26/01/2023;-20,2566609;-54,7979704;;65,000
MS;BR-419;117,000;118,000;1,000;26/01/2023;-20,2566609;-54,7979704;;65,000
MS;BR-419;118,000;119,000;1,000;26/01/2023;-20,2566609;-54,7979704;;61,250
MS;BR-419;119,000;120,000;1,000;26/01/2023;-20,2566609;-54,7979704;;57,500
MS;BR-419;120,000;121,000;1,000;26/01/2023;-20,2566609;-54,7979704;;42,500
MS;BR-419;121,000;122,000;1,000;26/01/2023;-20,2566609;-54,7979704;;42,500
MS;BR-419;122,000;123,000;1,000;26/01/2023;-20,2566609;-54,7979704;;57,500
MS;BR-419;123,000;124,000;1,000;26/01/2023;-20,2566609;-54,7979704;;57,500
MS;BR-419;124,000;125,000;1,000;26/01/2023;-20,2566609;-54,7979704;;57,500
MS;BR-419;125,000;126,000;1,000;26/01/2023;-20,2566609;-54,7979704;;35,000
MS;BR-419;126,000;127,000;1,000;26/01/2023;-20,2566609;-54,7979704;;57,500
MS;BR-419;127,000;128,000;1,000;26/01/2023;-20,2566609;-54,7979704;;53,750
MS;BR-419;128,000;129,000;1,000;26/01/2023;-20,2566609;-54,7979704;;65,000
MS;BR-419;129,000;130,000;1,000;26/01/2023;-20,2566609;-54,7979704;;35,000
MS;BR-419;130,000;131,000;1,000;26/01/2023;-20,2566609;-54,7979704;;35,000
MS;BR-419;131,000;132,000;1,000;26/01/2023;-20,2566609;-54,7979704;;50,000
MS;BR-419;132,000;133,000;1,000;26/01/2023;-20,2566609;-54,7979704;;57,500
MS;BR-419;133,000;134,000;1,000;26/01/2023;-20,2566609;-54,7979704;;35,000
MS;BR-419;134,000;135,000;1,000;26/01/2023;-20,2566609;-54,7979704;;35,000
MS;BR-419;135,000;136,000;1,000;26/01/2023;-20,2566609;-54,7979704;;35,000
MS;BR-419;136,000;137,000;1,000;26/01/2023;-20,2566609;-54,7979704;;35,000
MS;BR-419;137,000;138,000;1,000;26/01/2023;-20,2566609;-54,7979704;;35,000
MS;BR-419;138,000;139,000;1,000;26/01/2023;-20,2566609;-54,7979704;;35,000
MS;BR-419;139,000;140,000;1,000;26/01/2023;-20,2566609;-54,7979704;;35,000
MS;BR-419;140,000;141,000;1,000;26/01/2023;-20,2566609;-54,7979704;;35,000
MS;BR-419;141,000;142,000;1,000;26/01/2023;-20,2566609;-54,7979704;;35,000
MS;BR-419;142,000;143,000;1,000;26/01/2023;-20,2566609;-54,7979704;;57,500
MS;BR-419;143,000;144,000;1,000;26/01/2023;-20,2566609;-54,7979704;;35,000
MS;BR-419;144,000;145,000;1,000;26/01/2023;-20,2566609;-54,7979704;;35,000
MS;BR-419;145,000;146,000;1,000;26/01/2023;-20,2566609;-54,7979704;;35,000
MS;BR-419;146,000;147,000;1,000;26/01/2023;-20,2566609;-54,7979704;;53,750
MS;BR-419;147,000;148,000;1,000;26/01/2023;-20,2566609;-54,7979704;;35,000
MS;BR-419;148,000;149,000;1,000;26/01/2023;-20,2566609;-54,7979704;;35,000
MS;BR-419;149,000;150,000;1,000;26/01/2023;-20,2566609;-54,7979704;;35,000
MS;BR-419;150,000;151,000;1,000;26/01/2023;-20,2566609;-54,7979704;;35,000
MS;BR-419;151,000;152,000;1,000;26/01/2023;-20,2566609;-54,7979704;;35,000
MS;BR-419;152,000;153,000;1,000;26/01/2023;-20,2566609;-54,7979704;;35,000
MS;BR-419;153,000;154,000;1,000;26/01/2023;-20,2566609;-54,7979704;;35,000
MS;BR-419;154,000;155,000;1,000;26/01/2023;-20,2566609;-54,7979704;;35,000
MS;BR-419;155,000;156,000;1,000;26/01/2023;-20,2566609;-54,7979704;;35,000
MS;BR-419;156,000;157,000;1,000;26/01/2023;-20,2566609;-54,7979704;;35,000
MS;BR-419;157,000;158,000;1,000;26/01/2023;-20,2566609;-54,7979704;;35,000
MS;BR-419;158,000;159,000;1,000;26/01/2023;-20,2566609;-54,7979704;;35,000
MS;BR-419;159,000;160,000;1,000;26/01/2023;-20,2566609;-54,7979704;;35,000
MS;BR-419;160,000;161,000;1,000;26/01/2023;-20,2566609;-54,7979704;;35,000
MS;BR-419;161,000;162,000;1,000;26/01/2023;-20,2566609;-54,7979704;;35,000
MS;BR-419;162,000;163,000;1,000;26/01/2023;-20,2566609;-54,7979704;;35,000
MS;BR-419;163,000;164,000;1,000;26/01/2023;-20,2566609;-54,7979704;;42,500
MS;BR-419;164,000;165,000;1,000;26/01/2023;-20,2566609;-54,7979704;;35,000
MS;BR-419;165,000;166,000;1,000;26/01/2023;-20,2566609;-54,7979704;;35,000
MS;BR-419;166,000;167,000;1,000;26/01/2023;-20,2566609;-54,7979704;;35,000
MS;BR-419;167,000;168,000;1,000;26/01/2023;-20,2566609;-54,7979704;;35,000
MS;BR-419;168,000;169,000;1,000;26/01/2023;-20,2566609;-54,7979704;;42,500
MS;BR-419;169,000;170,000;1,000;26/01/2023;-20,2566609;-54,7979704;;35,000
MS;BR-419;170,000;171,000;1,000;26/01/2023;-20,2566609;-54,7979704;;35,000
MS;BR-419;171,000;172,000;1,000;26/01/2023;-20,2566609;-54,7979704;;35,000
MS;BR-419;172,000;173,000;1,000;26/01/2023;-20,2566609;-54,7979704;;35,000
MS;BR-419;173,000;174,000;1,000;26/01/2023;-20,2566609;-54,7979704;;35,000
MS;BR-419;174,000;175,000;1,000;26/01/2023;-20,2566609;-54,7979704;;43,750
MS;BR-419;175,000;176,000;1,000;26/01/2023;-20,2566609;-54,7979704;;35,000
MS;BR-419;176,000;177,000;1,000;26/01/2023;-20,2566609;-54,7979704;;35,000
MS;BR-419;177,000;178,000;1,000;26/01/2023;-20,2566609;-54,7979704;;35,000
MS;BR-419;178,000;179,000;1,000;26/01/2023;-20,2566609;-54,7979704;;42,500
MS;BR-419;179,000;180,000;1,000;26/01/2023;-20,2566609;-54,7979704;;35,000
MS;BR-419;180,000;181,000;1,000;26/01/2023;-20,2566609;-54,7979704;;35,000
MS;BR-419;181,000;182,000;1,000;26/01/2023;-20,2566609;-54,7979704;;35,000
MS;BR-419;182,000;183,000;1,000;26/01/2023;-20,2566609;-54,7979704;;35,000
MS;BR-419;183,000;184,000;1,000;26/01/2023;-20,2566609;-54,7979704;;35,000
MS;BR-419;184,000;185,000;1,000;26/01/2023;-20,2566609;-54,7979704;;35,000
MS;BR-419;185,000;186,000;1,000;26/01/2023;-20,2566609;-54,7979704;;50,000
MS;BR-419;186,000;187,000;1,000;26/01/2023;-20,2566609;-54,7979704;;35,000
MS;BR-419;187,000;188,000;1,000;26/01/2023;-20,2566609;-54,7979704;;35,000
MS;BR-419;188,000;189,000;1,000;26/01/2023;-20,2566609;-54,7979704;;37,500
MS;BR-419;189,000;190,000;1,000;26/01/2023;-20,2566609;-54,7979704;;35,000
MS;BR-419;190,000;191,000;1,000;26/01/2023;-20,2566609;-54,7979704;;35,000
MS;BR-419;191,000;192,000;1,000;26/01/2023;-20,2566609;-54,7979704;;35,000
MS;BR-419;192,000;193,000;1,000;26/01/2023;-20,2566609;-54,7979704;;35,000
MS;BR-419;193,000;194,000;1,000;26/01/2023;-20,2566609;-54,7979704;;35,000
MS;BR-419;194,000;195,000;1,000;26/01/2023;-20,2566609;-54,7979704;;35,000
MS;BR-419;195,000;196,000;1,000;26/01/2023;-20,2566609;-54,7979704;;35,000
MS;BR-419;196,000;197,000;1,000;26/01/2023;-20,2566609;-54,7979704;;35,000
MS;BR-419;197,000;198,000;1,000;26/01/2023;-20,2566609;-54,7979704;;35,000
MS;BR-419;198,000;199,000;1,000;26/01/2023;-20,2566609;-54,7979704;;35,000
MS;BR-419;199,000;200,000;1,000;26/01/2023;-20,2566609;-54,7979704;;35,000
MS;BR-419;200,000;201,000;1,000;26/01/2023;-20,2566609;-54,7979704;;45,000
MS;BR-419;201,000;202,000;1,000;26/01/2023;-20,2566609;-54,7979704;;35,000
MS;BR-419;202,000;203,000;1,000;26/01/2023;-20,2566609;-54,7979704;;50,000
MS;BR-419;203,000;204,000;1,000;26/01/2023;-20,2566609;-54,7979704;;57,500
MS;BR-419;204,000;205,000;1,000;26/01/2023;-20,2566609;-54,7979704;;35,000
MS;BR-419;205,000;206,000;1,000;26/01/2023;-20,2566609;-54,7979704;;42,500
MS;BR-419;206,000;207,000;1,000;26/01/2023;-20,2566609;-54,7979704;;35,000
MS;BR-419;207,000;208,000;1,000;26/01/2023;-20,2566609;-54,7979704;;45,000
MS;BR-419;208,000;209,000;1,000;26/01/2023;-20,2566609;-54,7979704;;35,000
MS;BR-419;209,000;210,000;1,000;26/01/2023;-20,2566609;-54,7979704;;37,500
MS;BR-419;210,000;211,000;1,000;26/01/2023;-20,2566609;-54,7979704;;37,500
MS;BR-419;211,000;212,000;1,000;26/01/2023;-20,2566609;-54,7979704;;45,000
MS;BR-419;212,000;213,000;1,000;26/01/2023;-20,2566609;-54,7979704;;35,000
MS;BR-419;213,000;214,000;1,000;26/01/2023;-20,2566609;-54,7979704;;35,000
MS;BR-419;214,000;215,000;1,000;26/01/2023;-20,2566609;-54,7979704;;37,500
MS;BR-419;215,000;216,000;1,000;26/01/2023;-20,2566609;-54,7979704;;37,500
MS;BR-419;216,000;217,000;1,000;26/01/2023;-20,2566609;-54,7979704;;45,000
PA;BR-230;1161,600;1162,000;0,400;25/01/2023;-4,10228367;-54,9076996;;52,500
PA;BR-230;1162,000;1163,000;1,000;25/01/2023;-4,10228367;-54,9076996;;60,000
PA;BR-230;1163,000;1164,000;1,000;25/01/2023;-4,10228367;-54,9076996;;52,500
PA;BR-230;1164,000;1165,000;1,000;25/01/2023;-4,10228367;-54,9076996;;52,500
PA;BR-230;1165,000;1166,000;1,000;25/01/2023;-4,10228367;-54,9076996;;52,500
PA;BR-230;1166,000;1167,000;1,000;25/01/2023;-4,10228367;-54,9076996;;37,500
PA;BR-230;1167,000;1168,000;1,000;25/01/2023;-4,10228367;-54,9076996;;37,500
PA;BR-230;1168,000;1169,000;1,000;25/01/2023;-4,10228367;-54,9076996;;37,500
PA;BR-230;1169,000;1170,000;1,000;25/01/2023;-4,10228367;-54,9076996;;37,500
PA;BR-230;1170,000;1171,000;1,000;25/01/2023;-4,10228367;-54,9076996;;52,500
PA;BR-230;1171,000;1172,000;1,000;25/01/2023;-4,10228367;-54,9076996;;37,500
PA;BR-230;1172,000;1173,000;1,000;25/01/2023;-4,10228367;-54,9076996;;37,500
PA;BR-230;1173,000;1174,000;1,000;25/01/2023;-4,10228367;-54,9076996;;32,500
PA;BR-230;1174,000;1175,000;1,000;25/01/2023;-4,10228367;-54,9076996;;32,500
PA;BR-230;1175,000;1176,000;1,000;25/01/2023;-4,10228367;-54,9076996;;37,500
PA;BR-230;1176,000;1177,000;1,000;25/01/2023;-4,10228367;-54,9076996;;25,000
PA;BR-230;1177,000;1178,000;1,000;25/01/2023;-4,10228367;-54,9076996;;18,750
PA;BR-230;1178,000;1179,000;1,000;25/01/2023;-4,10228367;-54,9076996;;25,000
PA;BR-230;1179,000;1180,000;1,000;25/01/2023;-4,10228367;-54,9076996;;37,500
PA;BR-230;1180,000;1181,000;1,000;25/01/2023;-4,10228367;-54,9076996;;25,000
PA;BR-230;1181,000;1182,000;1,000;25/01/2023;-4,10228367;-54,9076996;;32,500
PA;BR-230;1182,000;1183,000;1,000;25/01/2023;-4,10228367;-54,9076996;;37,500
PA;BR-230;1183,000;1184,000;1,000;25/01/2023;-4,10228367;-54,9076996;;32,500
PA;BR-230;1184,000;1185,000;1,000;25/01/2023;-4,10228367;-54,9076996;;37,500
PA;BR-230;1185,000;1186,000;1,000;25/01/2023;-4,10228367;-54,9076996;;37,500
PA;BR-230;1186,000;1187,000;1,000;25/01/2023;-4,10228367;-54,9076996;;37,500
PA;BR-230;1187,000;1188,000;1,000;25/01/2023;-4,10228367;-54,9076996;;37,500
PA;BR-230;1188,000;1189,000;1,000;25/01/2023;-4,10228367;-54,9076996;;37,500
PA;BR-230;1189,000;1190,000;1,000;25/01/2023;-4,10228367;-54,9076996;;52,500
PA;BR-230;1190,000;1191,000;1,000;25/01/2023;-4,10228367;-54,9076996;;37,500
PA;BR-230;1191,000;1192,000;1,000;25/01/2023;-4,10228367;-54,9076996;;37,500
PA;BR-230;1192,000;1193,000;1,000;25/01/2023;-4,10228367;-54,9076996;;60,000
PA;BR-230;1193,000;1194,000;1,000;25/01/2023;-4,10228367;-54,9076996;;37,500
PA;BR-230;1194,000;1195,000;1,000;25/01/2023;-4,10228367;-54,9076996;;37,500
PA;BR-230;1195,000;1196,000;1,000;25/01/2023;-4,10228367;-54,9076996;;37,500
PA;BR-230;1196,000;1197,000;1,000;25/01/2023;-4,10228367;-54,9076996;;52,500
PA;BR-230;1197,000;1198,000;1,000;25/01/2023;-4,10228367;-54,9076996;;37,500
PA;BR-230;1198,000;1199,000;1,000;25/01/2023;-4,10228367;-54,9076996;;37,500
PA;BR-230;1199,000;1200,000;1,000;25/01/2023;-4,10228367;-54,9076996;;37,500
PA;BR-230;1200,000;1201,000;1,000;25/01/2023;-4,10228367;-54,9076996;;37,500
PA;BR-230;1201,000;1202,000;1,000;25/01/2023;-4,10228367;-54,9076996;;37,500
PA;BR-230;1202,000;1203,000;1,000;25/01/2023;-4,10228367;-54,9076996;;12,500
PA;BR-230;1203,000;1204,000;1,000;25/01/2023;-4,10228367;-54,9076996;;37,500
PA;BR-230;1204,000;1205,000;1,000;25/01/2023;-4,10228367;-54,9076996;;18,750
PA;BR-230;1205,000;1206,000;1,000;25/01/2023;-4,10228367;-54,9076996;;37,500
PA;BR-230;1206,000;1207,000;1,000;25/01/2023;-4,10228367;-54,9076996;;32,500
PA;BR-230;1207,000;1208,000;1,000;25/01/2023;-4,46479554;-56,2692515;;0,000
PA;BR-230;1208,000;1209,000;1,000;25/01/2023;-4,46479554;-56,2692515;;45,000
PA;BR-230;1209,000;1210,000;1,000;25/01/2023;-4,46479554;-56,2692515;;52,500
PA;BR-230;1210,000;1211,000;1,000;25/01/2023;-4,46479554;-56,2692515;;47,500
PA;BR-230;1211,000;1212,000;1,000;25/01/2023;-4,46479554;-56,2692515;;37,500
PA;BR-230;1212,000;1213,000;1,000;25/01/2023;-4,46479554;-56,2692515;;52,500
PA;BR-230;1213,000;1214,000;1,000;25/01/2023;-4,46479554;-56,2692515;;32,500
PA;BR-230;1214,000;1215,000;1,000;25/01/2023;-4,46479554;-56,2692515;;47,500
PA;BR-230;1215,000;1216,000;1,000;25/01/2023;-4,46479554;-56,2692515;;52,500
PA;BR-230;1216,000;1217,000;1,000;25/01/2023;-4,46479554;-56,2692515;;32,500
PA;BR-230;1217,000;1218,000;1,000;25/01/2023;-4,46479554;-56,2692515;;31,250
PA;BR-230;1218,000;1219,000;1,000;25/01/2023;-4,46479554;-56,2692515;;32,500
PA;BR-230;1219,000;1220,000;1,000;25/01/2023;-4,46479554;-56,2692515;;32,500
PA;BR-230;1220,000;1221,000;1,000;25/01/2023;-4,46479554;-56,2692515;;32,500
PA;BR-230;1221,000;1222,000;1,000;25/01/2023;-4,46479554;-56,2692515;;18,750
PA;BR-230;1222,000;1223,000;1,000;25/01/2023;-4,46479554;-56,2692515;;32,500
PA;BR-230;1223,000;1224,000;1,000;25/01/2023;-4,46479554;-56,2692515;;47,500
PA;BR-230;1224,000;1225,000;1,000;25/01/2023;-4,46479554;-56,2692515;;32,500
PA;BR-230;1225,000;1226,000;1,000;25/01/2023;-4,46479554;-56,2692515;;32,500
PA;BR-230;1226,000;1227,000;1,000;25/01/2023;-4,46479554;-56,2692515;;18,750
PA;BR-230;1227,000;1228,000;1,000;25/01/2023;-4,46479554;-56,2692515;;32,500
PA;BR-230;1228,000;1229,000;1,000;25/01/2023;-4,46479554;-56,2692515;;32,500
PA;BR-230;1229,000;1230,000;1,000;25/01/2023;-4,46479554;-56,2692515;;32,500
PA;BR-230;1230,000;1231,000;1,000;25/01/2023;-4,46479554;-56,2692515;;32,500
PA;BR-230;1231,000;1232,000;1,000;25/01/2023;-4,46479554;-56,2692515;;20,000
PA;BR-230;1232,000;1233,000;1,000;25/01/2023;-4,46479554;-56,2692515;;12,500
PA;BR-230;1233,000;1234,000;1,000;25/01/2023;-4,46479554;-56,2692515;;32,500
PA;BR-230;1234,000;1235,000;1,000;25/01/2023;-4,46479554;-56,2692515;;12,500
PA;BR-230;1235,000;1236,000;1,000;25/01/2023;-4,46479554;-56,2692515;;37,500
PA;BR-230;1236,000;1237,000;1,000;25/01/2023;-4,46479554;-56,2692515;;52,500
PA;BR-230;1237,000;1238,000;1,000;25/01/2023;-4,46479554;-56,2692515;;52,500
PA;BR-230;1238,000;1239,000;1,000;25/01/2023;-4,46479554;-56,2692515;;18,750
PA;BR-230;1239,000;1240,000;1,000;25/01/2023;-4,46479554;-56,2692515;;32,500
PA;BR-230;1240,000;1241,000;1,000;25/01/2023;-4,46479554;-56,2692515;;26,250
PA;BR-230;1241,000;1242,000;1,000;25/01/2023;-4,46479554;-56,2692515;;26,250
PA;BR-230;1242,000;1243,000;1,000;25/01/2023;-4,46479554;-56,2692515;;33,750
PA;BR-230;1243,000;1244,000;1,000;25/01/2023;-4,46479554;-56,2692515;;32,500
PA;BR-230;1244,000;1245,000;1,000;25/01/2023;-4,46479554;-56,2692515;;32,500
PA;BR-230;1245,000;1246,000;1,000;25/01/2023;-4,46479554;-56,2692515;;55,000
PA;BR-230;1246,000;1247,000;1,000;25/01/2023;-4,46479554;-56,2692515;;32,500
PA;BR-230;1247,000;1248,000;1,000;25/01/2023;-4,46479554;-56,2692515;;32,500
PA;BR-230;1248,000;1249,000;1,000;25/01/2023;-4,46479554;-56,2692515;;18,750
PA;BR-230;1249,000;1250,000;1,000;25/01/2023;-4,46479554;-56,2692515;;31,250
PA;BR-230;1250,000;1251,000;1,000;25/01/2023;-4,46479554;-56,2692515;;18,750
PA;BR-230;1251,000;1252,000;1,000;25/01/2023;-4,46479554;-56,2692515;;32,500
PA;BR-230;1252,000;1253,000;1,000;25/01/2023;-4,46479554;-56,2692515;;37,500
PA;BR-230;1253,000;1254,000;1,000;25/01/2023;-4,46479554;-56,2692515;;46,250
PA;BR-230;1254,000;1255,000;1,000;25/01/2023;-4,46479554;-56,2692515;;31,250
PA;BR-230;1255,000;1256,000;1,000;25/01/2023;-4,46479554;-56,2692515;;20,000
PA;BR-230;1256,000;1257,000;1,000;25/01/2023;-4,46479554;-56,2692515;;32,500
PA;BR-230;1257,000;1258,000;1,000;25/01/2023;-4,46479554;-56,2692515;;47,500
PA;BR-230;1258,000;1259,000;1,000;25/01/2023;-4,46479554;-56,2692515;;26,250
PA;BR-230;1259,000;1260,000;1,000;25/01/2023;-4,46479554;-56,2692515;;41,250
PA;BR-230;1260,000;1261,000;1,000;25/01/2023;-4,46479554;-56,2692515;;47,500
PA;BR-230;1261,000;1262,000;1,000;25/01/2023;-4,46479554;-56,2692515;;20,000
PA;BR-230;1262,000;1263,000;1,000;25/01/2023;-4,46479554;-56,2692515;;32,500
PA;BR-230;1263,000;1264,000;1,000;25/01/2023;-4,46479554;-56,2692515;;32,500
PA;BR-230;1264,000;1265,000;1,000;25/01/2023;-4,46479554;-56,2692515;;20,000
PA;BR-230;1265,000;1266,000;1,000;25/01/2023;-4,46479554;-56,2692515;;47,500
PA;BR-230;1266,000;1267,000;1,000;25/01/2023;-4,46479554;-56,2692515;;32,500
PA;BR-230;1267,000;1268,000;1,000;25/01/2023;-4,46479554;-56,2692515;;32,500
PA;BR-230;1268,000;1269,000;1,000;25/01/2023;-4,46479554;-56,2692515;;32,500
PA;BR-230;1269,000;1270,000;1,000;25/01/2023;-4,46479554;-56,2692515;;37,500
PA;BR-230;1270,000;1271,000;1,000;25/01/2023;-4,46479554;-56,2692515;;32,500
PA;BR-230;1271,000;1272,000;1,000;25/01/2023;-4,46479554;-56,2692515;;32,500
PA;BR-230;1272,000;1273,000;1,000;25/01/2023;-4,46479554;-56,2692515;;32,500
PA;BR-230;1273,000;1274,000;1,000;25/01/2023;-4,46479554;-56,2692515;;32,500
PA;BR-230;1274,000;1275,000;1,000;25/01/2023;-4,46479554;-56,2692515;;32,500
PA;BR-230;1275,000;1276,000;1,000;25/01/2023;-4,46479554;-56,2692515;;32,500
PA;BR-230;1276,000;1277,000;1,000;25/01/2023;-4,46479554;-56,2692515;;37,500
PA;BR-230;1277,000;1278,000;1,000;25/01/2023;-4,46479554;-56,2692515;;32,500
PA;BR-230;1278,000;1279,000;1,000;25/01/2023;-4,46479554;-56,2692515;;37,500
PA;BR-230;1279,000;1280,000;1,000;25/01/2023;-4,46479554;-56,2692515;;37,500
PA;BR-230;1280,000;1281,000;1,000;25/01/2023;-4,46479554;-56,2692515;;20,000
PA;BR-230;1281,000;1282,000;1,000;25/01/2023;-4,46479554;-56,2692515;;32,500
PA;BR-230;1282,000;1283,000;1,000;25/01/2023;-4,46479554;-56,2692515;;37,500
PA;BR-230;1283,000;1284,000;1,000;25/01/2023;-4,46479554;-56,2692515;;26,250
PA;BR-230;1284,000;1285,000;1,000;25/01/2023;-4,46479554;-56,2692515;;32,500
PA;BR-230;1285,000;1286,000;1,000;25/01/2023;-4,46479554;-56,2692515;;20,000
PA;BR-230;1286,000;1287,000;1,000;25/01/2023;-4,46479554;-56,2692515;;26,250
PA;BR-230;1287,000;1288,000;1,000;25/01/2023;-4,46479554;-56,2692515;;26,250
PA;BR-230;1288,000;1289,000;1,000;25/01/2023;-4,46479554;-56,2692515;;32,500
PA;BR-230;1289,000;1290,000;1,000;25/01/2023;-4,46479554;-56,2692515;;47,500
PA;BR-230;1290,000;1291,000;1,000;25/01/2023;-4,46479554;-56,2692515;;12,500
PA;BR-230;1291,000;1292,000;1,000;25/01/2023;-4,46479554;-56,2692515;;26,250
PA;BR-230;1292,000;1293,000;1,000;25/01/2023;-4,46479554;-56,2692515;;32,500
PA;BR-230;1293,000;1294,000;1,000;25/01/2023;-4,46479554;-56,2692515;;37,500
PA;BR-230;1294,000;1295,000;1,000;25/01/2023;-4,46479554;-56,2692515;;18,750
PA;BR-230;1295,000;1296,000;1,000;25/01/2023;-4,46479554;-56,2692515;;37,500
PA;BR-230;1294,500;1295,000;0,500;25/01/2023;-4,46479554;-56,2692515;;37,500
PA;BR-230;1295,000;1296,000;1,000;25/01/2023;-4,46479554;-56,2692515;;26,250
PA;BR-230;1296,000;1297,000;1,000;25/01/2023;-4,46479554;-56,2692515;;32,500
PA;BR-230;1297,000;1298,000;1,000;25/01/2023;-4,46479554;-56,2692515;;37,500
PA;BR-230;1298,000;1299,000;1,000;25/01/2023;-4,46479554;-56,2692515;;37,500
PA;BR-230;1299,000;1300,000;1,000;25/01/2023;-4,46479554;-56,2692515;;37,500
PA;BR-230;1300,000;1301,000;1,000;25/01/2023;-4,46479554;-56,2692515;;31,250
PA;BR-230;1301,000;1302,000;1,000;25/01/2023;-4,46479554;-56,2692515;;37,500
PA;BR-230;1302,000;1303,000;1,000;25/01/2023;-4,46479554;-56,2692515;;31,250
PA;BR-230;1303,000;1304,000;1,000;25/01/2023;-4,46479554;-56,2692515;;32,500
PA;BR-230;1304,000;1305,000;1,000;25/01/2023;-4,46479554;-56,2692515;;32,500
PA;BR-230;1305,000;1306,000;1,000;25/01/2023;-4,46479554;-56,2692515;;32,500
PA;BR-230;1306,000;1307,000;1,000;25/01/2023;-4,46479554;-56,2692515;;32,500
PA;BR-230;1307,000;1308,000;1,000;25/01/2023;-4,46479554;-56,2692515;;0,000
PA;BR-230;1308,000;1309,000;1,000;25/01/2023;-4,46479554;-56,2692515;;32,500
PA;BR-230;1309,000;1310,000;1,000;25/01/2023;-4,46479554;-56,2692515;;37,500
PA;BR-230;1310,000;1311,000;1,000;25/01/2023;-4,46479554;-56,2692515;;20,000
PA;BR-230;1311,000;1312,000;1,000;25/01/2023;-4,46479554;-56,2692515;;32,500
PA;BR-230;1312,000;1313,000;1,000;25/01/2023;-4,46479554;-56,2692515;;47,500
PA;BR-230;1313,000;1314,000;1,000;25/01/2023;-4,46479554;-56,2692515;;20,000
PA;BR-230;1314,000;1315,000;1,000;25/01/2023;-4,46479554;-56,2692515;;31,250
PA;BR-230;1315,000;1316,000;1,000;25/01/2023;-4,46479554;-56,2692515;;37,500
PA;BR-230;1316,000;1317,000;1,000;25/01/2023;-4,46479554;-56,2692515;;37,500
PA;BR-230;1317,000;1318,000;1,000;25/01/2023;-4,46479554;-56,2692515;;37,500
PA;BR-230;1318,000;1319,000;1,000;25/01/2023;-4,46479554;-56,2692515;;26,250
PA;BR-230;1319,000;1320,000;1,000;25/01/2023;-4,46479554;-56,2692515;;31,250
PA;BR-230;1320,000;1321,000;1,000;25/01/2023;-4,46479554;-56,2692515;;32,500
PA;BR-230;1321,000;1322,000;1,000;25/01/2023;-4,46479554;-56,2692515;;26,250
PA;BR-230;1322,000;1323,000;1,000;25/01/2023;-4,46479554;-56,2692515;;37,500
PA;BR-230;1323,000;1324,000;1,000;25/01/2023;-4,46479554;-56,2692515;;37,500
PA;BR-230;1324,000;1325,000;1,000;25/01/2023;-4,46479554;-56,2692515;;32,500
PA;BR-230;1325,000;1326,000;1,000;25/01/2023;-4,46479554;-56,2692515;;0,000
PA;BR-230;1326,000;1327,000;1,000;25/01/2023;-4,46479554;-56,2692515;;0,000
PA;BR-230;1327,000;1328,000;1,000;25/01/2023;-4,46479554;-56,2692515;;0,000
PA;BR-230;1328,000;1329,000;1,000;25/01/2023;-4,46479554;-56,2692515;;32,500
PA;BR-230;1329,000;1330,000;1,000;25/01/2023;-4,46479554;-56,2692515;;18,750
PA;BR-230;1330,000;1331,000;1,000;25/01/2023;-4,46479554;-56,2692515;;0,000
PA;BR-230;1331,000;1332,000;1,000;25/01/2023;-4,46479554;-56,2692515;;20,000
PA;BR-230;1332,000;1333,000;1,000;25/01/2023;-4,46479554;-56,2692515;;0,000
PA;BR-230;1333,000;1334,000;1,000;25/01/2023;-4,46479554;-56,2692515;;46,250
PA;BR-230;1334,000;1335,000;1,000;25/01/2023;-4,46479554;-56,2692515;;0,000
PA;BR-230;1335,000;1336,000;1,000;25/01/2023;-4,46479554;-56,2692515;;32,500
PA;BR-230;1336,000;1337,000;1,000;25/01/2023;-4,46479554;-56,2692515;;32,500
PA;BR-230;1337,000;1338,000;1,000;25/01/2023;-4,46479554;-56,2692515;;52,500
PA;BR-230;1338,000;1339,000;1,000;25/01/2023;-4,46479554;-56,2692515;;37,500
PA;BR-230;1339,000;1340,000;1,000;25/01/2023;-4,46479554;-56,2692515;;20,000
PA;BR-230;1340,000;1341,000;1,000;25/01/2023;-4,46479554;-56,2692515;;40,000
PA;BR-230;1341,000;1342,000;1,000;25/01/2023;-4,46479554;-56,2692515;;26,250
PA;BR-230;1342,000;1343,000;1,000;25/01/2023;-4,46479554;-56,2692515;;47,500
PA;BR-230;1343,000;1344,000;1,000;25/01/2023;-4,46479554;-56,2692515;;32,500
PA;BR-230;1344,000;1345,000;1,000;25/01/2023;-4,46479554;-56,2692515;;47,500
PA;BR-230;1345,000;1346,000;1,000;25/01/2023;-4,46479554;-56,2692515;;26,250
PA;BR-230;1346,000;1347,000;1,000;25/01/2023;-4,46479554;-56,2692515;;26,250
PA;BR-230;1347,000;1348,000;1,000;25/01/2023;-4,46479554;-56,2692515;;32,500
PA;BR-230;1348,000;1349,000;1,000;25/01/2023;-4,46479554;-56,2692515;;20,000
PA;BR-230;1349,000;1350,000;1,000;25/01/2023;-4,46479554;-56,2692515;;22,500
PA;BR-230;1350,000;1351,000;1,000;25/01/2023;-4,46479554;-56,2692515;;37,500
PA;BR-230;1351,000;1352,000;1,000;25/01/2023;-4,46479554;-56,2692515;;0,000
PA;BR-230;1352,000;1353,000;1,000;25/01/2023;-4,46479554;-56,2692515;;35,000
PA;BR-230;1353,000;1354,000;1,000;25/01/2023;-4,46479554;-56,2692515;;26,250
PA;BR-230;1354,000;1355,000;1,000;25/01/2023;-4,46479554;-56,2692515;;41,250
PA;BR-230;1355,000;1356,000;1,000;25/01/2023;-4,46479554;-56,2692515;;47,500
PA;BR-230;1356,000;1357,000;1,000;25/01/2023;-4,46479554;-56,2692515;;37,500
PA;BR-230;1357,000;1358,000;1,000;25/01/2023;-4,46479554;-56,2692515;;26,250
PA;BR-230;1358,000;1359,000;1,000;25/01/2023;-4,46479554;-56,2692515;;37,500
PA;BR-230;1359,000;1360,000;1,000;25/01/2023;-4,46479554;-56,2692515;;37,500
PA;BR-230;1360,000;1361,000;1,000;25/01/2023;-4,46479554;-56,2692515;;40,000
PA;BR-230;1361,000;1362,000;1,000;25/01/2023;-4,46479554;-56,2692515;;32,500
PA;BR-230;1362,000;1363,000;1,000;25/01/2023;-4,46479554;-56,2692515;;32,500
PA;BR-230;1363,000;1364,000;1,000;25/01/2023;-4,46479554;-56,2692515;;37,500
PA;BR-230;1364,000;1365,000;1,000;25/01/2023;-4,46479554;-56,2692515;;20,000
PA;BR-230;1365,000;1366,000;1,000;25/01/2023;-4,46479554;-56,2692515;;20,000
PA;BR-230;1366,000;1367,000;1,000;25/01/2023;-4,46479554;-56,2692515;;35,000
PA;BR-230;1367,000;1368,000;1,000;25/01/2023;-4,46479554;-56,2692515;;40,000
PA;BR-230;1368,000;1369,000;1,000;25/01/2023;-4,46479554;-56,2692515;;32,500
PA;BR-230;1369,000;1370,000;1,000;25/01/2023;-4,46479554;-56,2692515;;52,500
PA;BR-230;1370,000;1371,000;1,000;25/01/2023;-4,46479554;-56,2692515;;26,250
PA;BR-230;1371,000;1372,000;1,000;25/01/2023;-4,46479554;-56,2692515;;37,500
PA;BR-230;1372,000;1373,000;1,000;25/01/2023;-4,46479554;-56,2692515;;32,500
PA;BR-230;1373,000;1374,000;1,000;25/01/2023;-4,46479554;-56,2692515;;36,250
PA;BR-230;1374,000;1375,000;1,000;25/01/2023;-4,46479554;-56,2692515;;0,000
PA;BR-230;1375,000;1376,000;1,000;25/01/2023;-4,46479554;-56,2692515;;37,500
PA;BR-230;1376,000;1377,000;1,000;25/01/2023;-4,46479554;-56,2692515;;31,250
PA;BR-230;1377,000;1378,000;1,000;25/01/2023;-4,46479554;-56,2692515;;26,250
PA;BR-230;1378,000;1379,000;1,000;25/01/2023;-4,46479554;-56,2692515;;33,750
PA;BR-230;1379,000;1380,000;1,000;25/01/2023;-4,46479554;-56,2692515;;37,500
PA;BR-230;1380,000;1381,000;1,000;25/01/2023;-4,46479554;-56,2692515;;32,500
PA;BR-230;1381,000;1382,000;1,000;25/01/2023;-4,46479554;-56,2692515;;52,500
PA;BR-230;1382,000;1383,000;1,000;25/01/2023;-4,46479554;-56,2692515;;37,500
PA;BR-230;1383,000;1384,000;1,000;25/01/2023;-4,46479554;-56,2692515;;37,500
PA;BR-230;1384,000;1385,000;1,000;25/01/2023;-4,46479554;-56,2692515;;26,250
PA;BR-230;1385,000;1386,000;1,000;25/01/2023;-4,46479554;-56,2692515;;37,500
PA;BR-230;1386,000;1387,000;1,000;25/01/2023;-4,46479554;-56,2692515;;37,500
PA;BR-230;1387,000;1388,000;1,000;25/01/2023;-4,46479554;-56,2692515;;26,250
PA;BR-230;1388,000;1389,000;1,000;25/01/2023;-4,46479554;-56,2692515;;40,000
PA;BR-230;1389,000;1390,000;1,000;25/01/2023;-4,46479554;-56,2692515;;26,250
PA;BR-230;1390,000;1391,000;1,000;25/01/2023;-4,46479554;-56,2692515;;41,250
PA;BR-230;1391,000;1392,000;1,000;25/01/2023;-4,46479554;-56,2692515;;33,750
PA;BR-230;1392,000;1393,000;1,000;25/01/2023;-4,46479554;-56,2692515;;31,250
PA;BR-230;1393,000;1394,000;1,000;25/01/2023;-4,46479554;-56,2692515;;31,250
PA;BR-230;1394,000;1395,000;1,000;25/01/2023;-4,46479554;-56,2692515;;7,500
PA;BR-230;1395,000;1396,000;1,000;25/01/2023;-4,46479554;-56,2692515;;0,000
PA;BR-230;1396,000;1397,000;1,000;25/01/2023;-4,46479554;-56,2692515;;26,250
PA;BR-230;1397,000;1398,000;1,000;25/01/2023;-4,46479554;-56,2692515;;46,250
PA;BR-230;1398,000;1399,000;1,000;25/01/2023;-4,46479554;-56,2692515;;25,000
PA;BR-230;1399,000;1400,000;1,000;25/01/2023;-4,46479554;-56,2692515;;25,000
PA;BR-230;1400,000;1401,000;1,000;25/01/2023;-4,46479554;-56,2692515;;26,250
PA;BR-230;1401,000;1402,000;1,000;25/01/2023;-4,46479554;-56,2692515;;40,000
PA;BR-230;1402,000;1403,000;1,000;25/01/2023;-4,46479554;-56,2692515;;31,250
PA;BR-230;1403,000;1404,000;1,000;25/01/2023;-4,46479554;-56,2692515;;20,000
PA;BR-230;1404,000;1405,000;1,000;25/01/2023;-4,46479554;-56,2692515;;7,500
PA;BR-230;1405,000;1406,000;1,000;25/01/2023;-4,46479554;-56,2692515;;37,500
PA;BR-230;1406,000;1407,000;1,000;25/01/2023;-4,46479554;-56,2692515;;7,500
PA;BR-230;1407,000;1408,000;1,000;25/01/2023;-4,46479554;-56,2692515;;7,500
PA;BR-230;1408,000;1409,000;1,000;25/01/2023;-4,46479554;-56,2692515;;31,250
PA;BR-230;1409,000;1410,000;1,000;25/01/2023;-4,46479554;-56,2692515;;32,500
PA;BR-230;1410,000;1411,000;1,000;25/01/2023;-4,46479554;-56,2692515;;7,500
PA;BR-230;1411,000;1412,000;1,000;25/01/2023;-4,46479554;-56,2692515;;37,500
PA;BR-230;1412,000;1413,000;1,000;25/01/2023;-4,46479554;-56,2692515;;7,500
PA;BR-230;1413,000;1414,000;1,000;25/01/2023;-4,46479554;-56,2692515;;32,500
PA;BR-230;1414,000;1415,000;1,000;25/01/2023;-4,46479554;-56,2692515;;32,500
PA;BR-230;1415,000;1416,000;1,000;25/01/2023;-4,46479554;-56,2692515;;26,250
PA;BR-230;1416,000;1417,000;1,000;25/01/2023;-4,46479554;-56,2692515;;37,500
PA;BR-230;1417,000;1418,000;1,000;25/01/2023;-4,46479554;-56,2692515;;35,000
PA;BR-230;1418,000;1419,000;1,000;25/01/2023;-4,46479554;-56,2692515;;7,500
PA;BR-230;1419,000;1420,000;1,000;25/01/2023;-4,46479554;-56,2692515;;31,250
PA;BR-230;1420,000;1421,000;1,000;25/01/2023;-4,46479554;-56,2692515;;20,000
PA;BR-230;1421,000;1422,000;1,000;25/01/2023;-4,46479554;-56,2692515;;20,000
PA;BR-230;1422,000;1423,000;1,000;25/01/2023;-4,46479554;-56,2692515;;32,500
PA;BR-230;1423,000;1424,000;1,000;25/01/2023;-4,46479554;-56,2692515;;7,500
PA;BR-230;1424,000;1425,000;1,000;25/01/2023;-4,46479554;-56,2692515;;37,500
PA;BR-230;1425,000;1426,000;1,000;25/01/2023;-4,46479554;-56,2692515;;37,500
PA;BR-230;1426,000;1427,000;1,000;25/01/2023;-4,46479554;-56,2692515;;31,250
PA;BR-230;1427,000;1428,000;1,000;25/01/2023;-4,46479554;-56,2692515;;37,500
PA;BR-230;1428,000;1429,000;1,000;25/01/2023;-4,46479554;-56,2692515;;37,500
PA;BR-230;1429,000;1430,000;1,000;25/01/2023;-4,46479554;-56,2692515;;40,000
PA;BR-230;1430,000;1431,000;1,000;25/01/2023;-4,46479554;-56,2692515;;37,500
PA;BR-230;1431,000;1432,000;1,000;25/01/2023;-4,46479554;-56,2692515;;7,500
PA;BR-230;1432,000;1433,000;1,000;25/01/2023;-4,46479554;-56,2692515;;37,500
PA;BR-230;1433,000;1434,000;1,000;25/01/2023;-4,46479554;-56,2692515;;37,500
PA;BR-230;1434,000;1435,000;1,000;25/01/2023;-4,46479554;-56,2692515;;7,500
PA;BR-230;1435,000;1436,000;1,000;25/01/2023;-4,46479554;-56,2692515;;31,250
PA;BR-230;1434,200;1435,000;0,800;25/01/2023;-4,46479554;-56,2692515;;32,500
PA;BR-230;1435,000;1436,000;1,000;25/01/2023;-4,46479554;-56,2692515;;40,000
PA;BR-230;1436,000;1437,000;1,000;25/01/2023;-4,46479554;-56,2692515;;52,500
PA;BR-230;1437,000;1438,000;1,000;25/01/2023;-4,46479554;-56,2692515;;32,500
PA;BR-230;1438,000;1439,000;1,000;25/01/2023;-4,46479554;-56,2692515;;32,500
PA;BR-230;1439,000;1440,000;1,000;25/01/2023;-4,46479554;-56,2692515;;37,500
PA;BR-230;1440,000;1441,000;1,000;25/01/2023;-4,46479554;-56,2692515;;37,500
PA;BR-230;1441,000;1442,000;1,000;25/01/2023;-4,46479554;-56,2692515;;32,500
PA;BR-230;1442,000;1443,000;1,000;25/01/2023;-4,46479554;-56,2692515;;32,500
PA;BR-230;1443,000;1444,000;1,000;25/01/2023;-4,46479554;-56,2692515;;18,750
PA;BR-230;1444,000;1445,000;1,000;25/01/2023;-4,46479554;-56,2692515;;20,000
PA;BR-230;1445,000;1446,000;1,000;25/01/2023;-4,46479554;-56,2692515;;31,250
PA;BR-230;1446,000;1447,000;1,000;25/01/2023;-4,46479554;-56,2692515;;31,250
PA;BR-230;1447,000;1448,000;1,000;25/01/2023;-4,46479554;-56,2692515;;37,500
PA;BR-230;1448,000;1449,000;1,000;25/01/2023;-4,46479554;-56,2692515;;37,500
PA;BR-230;1449,000;1450,000;1,000;25/01/2023;-4,46479554;-56,2692515;;32,500
PA;BR-230;1450,000;1451,000;1,000;25/01/2023;-4,46479554;-56,2692515;;32,500
PA;BR-230;1451,000;1452,000;1,000;25/01/2023;-4,46479554;-56,2692515;;0,000
PA;BR-230;1452,000;1453,000;1,000;25/01/2023;-4,46479554;-56,2692515;;31,250
PA;BR-230;1453,000;1454,000;1,000;25/01/2023;-4,46479554;-56,2692515;;31,250
PA;BR-230;1454,000;1455,000;1,000;25/01/2023;-4,46479554;-56,2692515;;25,000
PA;BR-230;1455,000;1456,000;1,000;25/01/2023;-4,46479554;-56,2692515;;31,250
PA;BR-230;1456,000;1457,000;1,000;25/01/2023;-4,46479554;-56,2692515;;37,500
PA;BR-230;1457,000;1458,000;1,000;25/01/2023;-4,46479554;-56,2692515;;0,000
PA;BR-230;1458,000;1459,000;1,000;25/01/2023;-4,46479554;-56,2692515;;0,000
PA;BR-230;1459,000;1460,000;1,000;25/01/2023;-4,46479554;-56,2692515;;0,000
PA;BR-230;1460,000;1461,000;1,000;25/01/2023;-4,46479554;-56,2692515;;25,000
PA;BR-230;1461,000;1462,000;1,000;25/01/2023;-4,46479554;-56,2692515;;0,000
PA;BR-230;1462,000;1463,000;1,000;25/01/2023;-4,46479554;-56,2692515;;0,000
PA;BR-230;1463,000;1464,000;1,000;25/01/2023;-4,46479554;-56,2692515;;32,500
PA;BR-230;1464,000;1465,000;1,000;25/01/2023;-4,46479554;-56,2692515;;25,000
PA;BR-230;1465,000;1466,000;1,000;25/01/2023;-4,46479554;-56,2692515;;18,750
PA;BR-230;1466,000;1467,000;1,000;25/01/2023;-4,46479554;-56,2692515;;7,500
PA;BR-230;1467,000;1468,000;1,000;25/01/2023;-4,46479554;-56,2692515;;37,500
PA;BR-230;1468,000;1469,000;1,000;25/01/2023;-4,46479554;-56,2692515;;25,000
PA;BR-230;1469,000;1470,000;1,000;25/01/2023;-4,46479554;-56,2692515;;32,500
PA;BR-230;1470,000;1471,000;1,000;25/01/2023;-4,46479554;-56,2692515;;32,500
PA;BR-230;1471,000;1472,000;1,000;25/01/2023;-4,46479554;-56,2692515;;26,250
PA;BR-230;1472,000;1473,000;1,000;25/01/2023;-4,46479554;-56,2692515;;37,500
PA;BR-230;1473,000;1474,000;1,000;25/01/2023;-4,46479554;-56,2692515;;32,500
PA;BR-230;1474,000;1475,000;1,000;25/01/2023;-4,46479554;-56,2692515;;7,500
PA;BR-230;1475,000;1476,000;1,000;25/01/2023;-4,46479554;-56,2692515;;20,000
PA;BR-230;1476,000;1477,000;1,000;25/01/2023;-4,46479554;-56,2692515;;25,000
PA;BR-230;1477,000;1478,000;1,000;25/01/2023;-4,46479554;-56,2692515;;0,000
PA;BR-230;1478,000;1479,000;1,000;25/01/2023;-4,46479554;-56,2692515;;7,500
PA;BR-230;1479,000;1480,000;1,000;25/01/2023;-4,46479554;-56,2692515;;37,500
PA;BR-230;1480,000;1481,000;1,000;25/01/2023;-4,46479554;-56,2692515;;0,000
PA;BR-230;1481,000;1482,000;1,000;25/01/2023;-4,46479554;-56,2692515;;42,500
PA;BR-230;1482,000;1483,000;1,000;25/01/2023;-4,46479554;-56,2692515;;25,000
PA;BR-230;1483,000;1484,000;1,000;25/01/2023;-4,46479554;-56,2692515;;20,000
PA;BR-230;1484,000;1485,000;1,000;25/01/2023;-4,46479554;-56,2692515;;0,000
PA;BR-230;1485,000;1486,000;1,000;25/01/2023;-4,46479554;-56,2692515;;31,250
PA;BR-230;1486,000;1487,000;1,000;25/01/2023;-4,46479554;-56,2692515;;26,250
PA;BR-230;1487,000;1488,000;1,000;25/01/2023;-4,46479554;-56,2692515;;20,000
PA;BR-230;1488,000;1489,000;1,000;25/01/2023;-4,46479554;-56,2692515;;30,000
PA;BR-230;1489,000;1490,000;1,000;25/01/2023;-4,46479554;-56,2692515;;26,250
PA;BR-230;1490,000;1491,000;1,000;25/01/2023;-4,46479554;-56,2692515;;0,000
PA;BR-230;1491,000;1492,000;1,000;25/01/2023;-4,46479554;-56,2692515;;0,000
PA;BR-230;1492,000;1493,000;1,000;25/01/2023;-4,46479554;-56,2692515;;5,000
PA;BR-230;1493,000;1494,000;1,000;25/01/2023;-4,46479554;-56,2692515;;0,000
PA;BR-230;1494,000;1495,000;1,000;25/01/2023;-4,46479554;-56,2692515;;12,500
PA;BR-230;1495,000;1496,000;1,000;25/01/2023;-4,46479554;-56,2692515;;18,750
PA;BR-230;1496,000;1497,000;1,000;25/01/2023;-4,46479554;-56,2692515;;32,500
PA;BR-230;1497,000;1498,000;1,000;25/01/2023;-4,46479554;-56,2692515;;0,000
PA;BR-230;1498,000;1499,000;1,000;25/01/2023;-4,46479554;-56,2692515;;32,500
PA;BR-230;1499,000;1500,000;1,000;25/01/2023;-4,46479554;-56,2692515;;31,250
PA;BR-230;1500,000;1501,000;1,000;25/01/2023;-4,46479554;-56,2692515;;37,500
PA;BR-230;1501,000;1502,000;1,000;25/01/2023;-4,46479554;-56,2692515;;37,500
PA;BR-230;1502,000;1503,000;1,000;25/01/2023;-4,46479554;-56,2692515;;0,000
PA;BR-230;1503,000;1504,000;1,000;25/01/2023;-4,46479554;-56,2692515;;0,000
PA;BR-230;1504,000;1505,000;1,000;25/01/2023;-4,46479554;-56,2692515;;0,000
PA;BR-230;1505,000;1506,000;1,000;25/01/2023;-4,46479554;-56,2692515;;0,000
PA;BR-230;1506,000;1507,000;1,000;25/01/2023;-4,46479554;-56,2692515;;0,000
PA;BR-230;1507,000;1508,000;1,000;25/01/2023;-4,46479554;-56,2692515;;0,000
PA;BR-230;1508,000;1509,000;1,000;25/01/2023;-4,46479554;-56,2692515;;12,500
PA;BR-230;1509,000;1510,000;1,000;25/01/2023;-4,46479554;-56,2692515;;31,250
PA;BR-230;1510,000;1511,000;1,000;25/01/2023;-4,46479554;-56,2692515;;32,500
PA;BR-230;1511,000;1512,000;1,000;25/01/2023;-4,46479554;-56,2692515;;32,500
PA;BR-230;1512,000;1513,000;1,000;25/01/2023;-4,46479554;-56,2692515;;37,500
PA;BR-230;1513,000;1514,000;1,000;25/01/2023;-4,46479554;-56,2692515;;0,000
PA;BR-230;1514,000;1515,000;1,000;25/01/2023;-4,46479554;-56,2692515;;0,000
PA;BR-230;1515,000;1516,000;1,000;25/01/2023;-4,46479554;-56,2692515;;12,500
PA;BR-230;1516,000;1517,000;1,000;25/01/2023;-4,46479554;-56,2692515;;12,500
PA;BR-230;1517,000;1518,000;1,000;25/01/2023;-4,46479554;-56,2692515;;37,500
PA;BR-230;1518,000;1519,000;1,000;25/01/2023;-4,46479554;-56,2692515;;31,250
PA;BR-230;1519,000;1520,000;1,000;25/01/2023;-4,46479554;-56,2692515;;32,500
PA;BR-230;1520,000;1521,000;1,000;25/01/2023;-4,46479554;-56,2692515;;26,250
PA;BR-230;1521,000;1522,000;1,000;25/01/2023;-4,46479554;-56,2692515;;31,250
PA;BR-230;1522,000;1523,000;1,000;25/01/2023;-4,46479554;-56,2692515;;32,500
PA;BR-230;1523,000;1524,000;1,000;25/01/2023;-4,46479554;-56,2692515;;26,250
PA;BR-230;1524,000;1525,000;1,000;25/01/2023;-4,46479554;-56,2692515;;26,250
PA;BR-230;1525,000;1526,000;1,000;25/01/2023;-4,46479554;-56,2692515;;7,500
PA;BR-230;1526,000;1527,000;1,000;25/01/2023;-4,46479554;-56,2692515;;12,500
PA;BR-230;1527,000;1528,000;1,000;25/01/2023;-4,46479554;-56,2692515;;0,000
PA;BR-230;1528,000;1529,000;1,000;25/01/2023;-4,46479554;-56,2692515;;20,000
PA;BR-230;1529,000;1530,000;1,000;25/01/2023;-4,46479554;-56,2692515;;31,250
PA;BR-230;1530,000;1531,000;1,000;25/01/2023;-4,46479554;-56,2692515;;12,500
PA;BR-230;1531,000;1532,000;1,000;25/01/2023;-4,46479554;-56,2692515;;25,000
PA;BR-230;1532,000;1533,000;1,000;25/01/2023;-4,46479554;-56,2692515;;37,500
PA;BR-230;1533,000;1534,000;1,000;25/01/2023;-4,46479554;-56,2692515;;12,500
PA;BR-230;1534,000;1535,000;1,000;25/01/2023;-4,46479554;-56,2692515;;0,000
PA;BR-230;1535,000;1536,000;1,000;25/01/2023;-4,46479554;-56,2692515;;0,000
PA;BR-230;1536,000;1537,000;1,000;25/01/2023;-4,46479554;-56,2692515;;18,750
PA;BR-230;1537,000;1538,000;1,000;25/01/2023;-4,46479554;-56,2692515;;12,500
PA;BR-230;1538,000;1539,000;1,000;25/01/2023;-4,46479554;-56,2692515;;25,000
PA;BR-230;1539,000;1540,000;1,000;25/01/2023;-4,46479554;-56,2692515;;18,750
PA;BR-230;1540,000;1541,000;1,000;25/01/2023;-4,46479554;-56,2692515;;0,000
PA;BR-230;1541,000;1542,000;1,000;25/01/2023;-4,46479554;-56,2692515;;7,500
PA;BR-230;1542,000;1543,000;1,000;25/01/2023;-4,46479554;-56,2692515;;0,000
PA;BR-230;1543,000;1544,000;1,000;25/01/2023;-4,46479554;-56,2692515;;18,750
PA;BR-230;1544,000;1545,000;1,000;25/01/2023;-4,46479554;-56,2692515;;0,000
PA;BR-230;1545,000;1546,000;1,000;25/01/2023;-4,46479554;-56,2692515;;37,500
PA;BR-230;1546,000;1547,000;1,000;25/01/2023;-4,46479554;-56,2692515;;25,000
PA;BR-230;1547,000;1548,000;1,000;25/01/2023;-4,46479554;-56,2692515;;32,500
PA;BR-230;1548,000;1549,000;1,000;25/01/2023;-4,46479554;-56,2692515;;25,000
PA;BR-230;1549,000;1550,000;1,000;25/01/2023;-4,46479554;-56,2692515;;0,000
PA;BR-230;1550,000;1551,000;1,000;25/01/2023;-4,46479554;-56,2692515;;31,250
PA;BR-230;1551,000;1552,000;1,000;25/01/2023;-4,46479554;-56,2692515;;0,000
PA;BR-230;1552,000;1553,000;1,000;25/01/2023;-4,46479554;-56,2692515;;26,250
PA;BR-230;1553,000;1554,000;1,000;25/01/2023;-4,46479554;-56,2692515;;31,250
PA;BR-230;1554,000;1555,000;1,000;25/01/2023;-4,46479554;-56,2692515;;37,500
PA;BR-230;1555,000;1556,000;1,000;25/01/2023;-4,46479554;-56,2692515;;37,500
PA;BR-230;1556,000;1557,000;1,000;25/01/2023;-4,46479554;-56,2692515;;18,750
PA;BR-230;1557,000;1558,000;1,000;25/01/2023;-4,46479554;-56,2692515;;0,000
PA;BR-230;1558,000;1559,000;1,000;25/01/2023;-4,46479554;-56,2692515;;0,000
PA;BR-230;1559,000;1560,000;1,000;25/01/2023;-4,46479554;-56,2692515;;0,000
PA;BR-230;1560,000;1561,000;1,000;25/01/2023;-4,46479554;-56,2692515;;0,000
PA;BR-230;1561,000;1562,000;1,000;25/01/2023;-4,46479554;-56,2692515;;18,750
PA;BR-230;1562,000;1563,000;1,000;25/01/2023;-4,46479554;-56,2692515;;37,500
PA;BR-230;1563,000;1564,000;1,000;25/01/2023;-4,46479554;-56,2692515;;26,250
PA;BR-230;1564,000;1565,000;1,000;25/01/2023;-4,46479554;-56,2692515;;0,000
PA;BR-230;1565,000;1566,000;1,000;25/01/2023;-4,46479554;-56,2692515;;0,000
PA;BR-230;1566,000;1567,000;1,000;25/01/2023;-4,46479554;-56,2692515;;37,500
PA;BR-230;1567,000;1568,000;1,000;25/01/2023;-4,46479554;-56,2692515;;31,250
PA;BR-230;1568,000;1569,000;1,000;25/01/2023;-4,46479554;-56,2692515;;7,500
PA;BR-230;1569,000;1570,000;1,000;25/01/2023;-4,46479554;-56,2692515;;0,000
PA;BR-230;1570,000;1571,000;1,000;25/01/2023;-4,46479554;-56,2692515;;25,000
PA;BR-230;1571,000;1572,000;1,000;25/01/2023;-4,46479554;-56,2692515;;37,500
PA;BR-230;1572,000;1573,000;1,000;25/01/2023;-4,46479554;-56,2692515;;0,000
PA;BR-230;1573,000;1574,000;1,000;25/01/2023;-4,46479554;-56,2692515;;32,500
PA;BR-230;1574,000;1575,000;1,000;25/01/2023;-4,46479554;-56,2692515;;0,000
PA;BR-230;1575,000;1576,000;1,000;25/01/2023;-4,46479554;-56,2692515;;0,000
PA;BR-230;1576,000;1577,000;1,000;25/01/2023;-4,46479554;-56,2692515;;0,000
PA;BR-230;1577,000;1578,000;1,000;25/01/2023;-4,46479554;-56,2692515;;18,750
PA;BR-230;1578,000;1579,000;1,000;25/01/2023;-4,46479554;-56,2692515;;0,000
PA;BR-230;1579,000;1580,000;1,000;25/01/2023;-4,46479554;-56,2692515;;0,000
PA;BR-230;1580,000;1581,000;1,000;25/01/2023;-4,46479554;-56,2692515;;0,000
PA;BR-230;1581,000;1582,000;1,000;25/01/2023;-4,46479554;-56,2692515;;0,000
PA;BR-230;1582,000;1583,000;1,000;25/01/2023;-4,46479554;-56,2692515;;0,000
PA;BR-230;1583,000;1584,000;1,000;25/01/2023;-4,46479554;-56,2692515;;0,000
PA;BR-230;1584,000;1585,000;1,000;25/01/2023;-4,46479554;-56,2692515;;0,000
PA;BR-230;1585,000;1586,000;1,000;25/01/2023;-4,46479554;-56,2692515;;0,000
PA;BR-230;1586,000;1587,000;1,000;25/01/2023;-4,46479554;-56,2692515;;0,000
PA;BR-230;1587,000;1588,000;1,000;25/01/2023;-4,46479554;-56,2692515;;18,750
PA;BR-230;1588,000;1589,000;1,000;25/01/2023;-4,46479554;-56,2692515;;37,500
PA;BR-230;1589,000;1590,000;1,000;25/01/2023;-4,46479554;-56,2692515;;37,500
PA;BR-230;1590,000;1591,000;1,000;25/01/2023;-4,46479554;-56,2692515;;52,500
PA;BR-230;1591,000;1592,000;1,000;25/01/2023;-4,46479554;-56,2692515;;18,750
PA;BR-230;1592,000;1593,000;1,000;25/01/2023;-4,46479554;-56,2692515;;37,500
PA;BR-230;1593,000;1594,000;1,000;25/01/2023;-4,46479554;-56,2692515;;37,500
PA;BR-230;1594,000;1595,000;1,000;25/01/2023;-4,46479554;-56,2692515;;52,500
PA;BR-230;1595,000;1596,000;1,000;25/01/2023;-4,46479554;-56,2692515;;31,250
PA;BR-230;1596,000;1597,000;1,000;25/01/2023;-4,46479554;-56,2692515;;45,000
PA;BR-163;801,550;802,000;0,450;23/01/2023;-4,0933527;-54,9066501;;55,000
PA;BR-163;802,000;803,000;1,000;23/01/2023;-4,0933527;-54,9066501;;40,000
PA;BR-163;831,400;832,000;0,600;23/01/2023;-4,0933527;-54,9066501;;40,000
PA;BR-163;675,870;676,000;0,130;23/01/2023;-4,32156764;-55,7425798;;40,000
PA;BR-163;676,000;677,000;1,000;23/01/2023;-4,32156764;-55,7425798;;40,000
PA;BR-163;677,000;678,000;1,000;23/01/2023;-4,32156764;-55,7425798;;55,000
PA;BR-163;678,000;679,000;1,000;23/01/2023;-4,32156764;-55,7425798;;40,000
PA;BR-163;679,000;680,000;1,000;23/01/2023;-4,32156764;-55,7425798;;55,000
PA;BR-163;680,000;681,000;1,000;23/01/2023;-4,32156764;-55,7425798;;55,000
PA;BR-163;681,000;682,000;1,000;23/01/2023;-4,32156764;-55,7425798;;55,000
PA;BR-163;682,000;683,000;1,000;23/01/2023;-4,32156764;-55,7425798;;55,000
PA;BR-163;683,000;684,000;1,000;23/01/2023;-4,32156764;-55,7425798;;55,000
PA;BR-163;684,000;685,000;1,000;23/01/2023;-4,32156764;-55,7425798;;55,000
PA;BR-163;685,000;686,000;1,000;23/01/2023;-4,32156764;-55,7425798;;55,000
PA;BR-163;686,000;687,000;1,000;23/01/2023;-4,32156764;-55,7425798;;40,000
PA;BR-163;687,000;688,000;1,000;23/01/2023;-4,32156764;-55,7425798;;55,000
PA;BR-163;688,000;689,000;1,000;23/01/2023;-4,32156764;-55,7425798;;40,000
PA;BR-163;689,000;690,000;1,000;23/01/2023;-4,32156764;-55,7425798;;55,000
PA;BR-163;690,000;691,000;1,000;23/01/2023;-4,32156764;-55,7425798;;55,000
PA;BR-163;691,000;692,000;1,000;23/01/2023;-4,32156764;-55,7425798;;15,000
PA;BR-163;692,000;693,000;1,000;23/01/2023;-4,32156764;-55,7425798;;55,000
PA;BR-163;693,000;694,000;1,000;23/01/2023;-4,32156764;-55,7425798;;2,500
PA;BR-163;694,000;695,000;1,000;23/01/2023;-4,32156764;-55,7425798;;0,000
PA;BR-163;695,000;696,000;1,000;23/01/2023;-4,32156764;-55,7425798;;40,000
PA;BR-163;696,000;697,000;1,000;23/01/2023;-4,32156764;-55,7425798;;55,000
PA;BR-163;697,000;698,000;1,000;23/01/2023;-4,32156764;-55,7425798;;55,000
PA;BR-163;698,000;699,000;1,000;23/01/2023;-4,32156764;-55,7425798;;55,000
PA;BR-163;699,000;700,000;1,000;23/01/2023;-4,32156764;-55,7425798;;40,000
PA;BR-163;700,000;701,000;1,000;23/01/2023;-4,32156764;-55,7425798;;62,500
PA;BR-163;701,000;702,000;1,000;23/01/2023;-4,32156764;-55,7425798;;47,500
PA;BR-163;719,310;720,000;0,690;23/01/2023;-4,32156764;-55,7425798;;62,500
PA;BR-163;720,000;721,000;1,000;23/01/2023;-4,32156764;-55,7425798;;68,750
PA;BR-163;721,000;722,000;1,000;23/01/2023;-4,32156764;-55,7425798;;68,750
PA;BR-163;729,840;730,000;0,160;23/01/2023;-4,32156764;-55,7425798;;62,500
PA;BR-163;730,000;731,000;1,000;23/01/2023;-4,32156764;-55,7425798;;68,750
PA;BR-163;731,000;732,000;1,000;23/01/2023;-4,32156764;-55,7425798;;40,000
PA;BR-163;732,000;733,000;1,000;23/01/2023;-4,32156764;-55,7425798;;47,500
PA;BR-163;733,000;734,000;1,000;23/01/2023;-4,32156764;-55,7425798;;62,500
PA;BR-163;734,000;735,000;1,000;23/01/2023;-4,32156764;-55,7425798;;40,000
PA;BR-163;7444,000;7445,000;1,000;23/01/2023;-4,32156764;-55,7425798;;55,000
PA;BR-163;7445,000;744,190;6700,810;23/01/2023;-4,32156764;-55,7425798;;40,000
PA;BR-163;744,190;745,000;0,810;23/01/2023;-4,1007315;-54,9155932;;51,250
PA;BR-163;745,000;746,000;1,000;23/01/2023;-4,1007315;-54,9155932;;51,250
PA;BR-163;746,000;747,000;1,000;23/01/2023;-4,1007315;-54,9155932;;43,750
PA;BR-163;747,000;748,000;1,000;23/01/2023;-4,1007315;-54,9155932;;40,000
PA;BR-163;748,000;749,000;1,000;23/01/2023;-4,1007315;-54,9155932;;40,000
PA;BR-163;782,200;783,000;0,800;23/01/2023;-4,1007315;-54,9155932;;40,000
PB;BR-434;19,400;20,000;0,600;16/01/2023;-6,5208914;-38,4134679;;17,500
PB;BR-434;20,000;21,000;1,000;16/01/2023;-6,5208914;-38,4134679;;15,000
PB;BR-434;21,000;22,000;1,000;16/01/2023;-6,5208914;-38,4134679;;55,000
PB;BR-434;22,000;23,000;1,000;16/01/2023;-6,5208914;-38,4134679;;53,750
PB;BR-434;23,000;24,000;1,000;16/01/2023;-6,5208914;-38,4134679;;35,000
PB;BR-434;24,000;25,000;1,000;16/01/2023;-6,5208914;-38,4134679;;45,000
PB;BR-434;25,000;26,000;1,000;16/01/2023;-6,5208914;-38,4134679;;35,000
PB;BR-434;26,000;27,000;1,000;16/01/2023;-6,5208914;-38,4134679;;35,000
PB;BR-434;27,000;28,000;1,000;16/01/2023;-6,5208914;-38,4134679;;35,000
PB;BR-434;28,000;29,000;1,000;16/01/2023;-6,5208914;-38,4134679;;35,000
PB;BR-434;29,000;30,000;1,000;16/01/2023;-6,5208914;-38,4134679;;27,500
PB;BR-434;30,000;31,000;1,000;16/01/2023;-6,5208914;-38,4134679;;22,500
PB;BR-434;31,000;32,000;1,000;16/01/2023;-6,5208914;-38,4134679;;22,500
PB;BR-434;32,000;33,000;1,000;16/01/2023;-6,5208914;-38,4134679;;15,000
PB;BR-434;33,000;34,000;1,000;16/01/2023;-6,5208914;-38,4134679;;0,000
PB;BR-434;34,000;34,400;0,400;16/01/2023;-6,5208914;-38,4134679;;7,500
PR;BR-158;229,500;230,000;0,500;17/01/2023;-23,9989953;-52,4957088;;37,500
PR;BR-158;230,000;231,000;1,000;17/01/2023;-23,9989953;-52,4957088;;22,500
PR;BR-158;231,000;232,000;1,000;17/01/2023;-23,9989953;-52,4957088;;27,500
PR;BR-158;232,000;233,000;1,000;17/01/2023;-23,9989953;-52,4957088;;27,500
PR;BR-158;233,000;234,000;1,000;17/01/2023;-23,9989953;-52,4957088;;27,500
PR;BR-158;234,000;235,000;1,000;17/01/2023;-23,9989953;-52,4957088;;27,500
PR;BR-158;235,000;236,000;1,000;17/01/2023;-23,9989953;-52,4957088;;22,500
PR;BR-158;236,000;237,000;1,000;17/01/2023;-23,9989953;-52,4957088;;27,500
PR;BR-158;237,000;238,000;1,000;17/01/2023;-23,9989953;-52,4957088;;27,500
PR;BR-158;238,000;239,000;1,000;17/01/2023;-23,9989953;-52,4957088;;35,000
PR;BR-158;239,000;240,000;1,000;17/01/2023;-23,9989953;-52,4957088;;22,500
PR;BR-158;240,000;241,000;1,000;17/01/2023;-23,9989953;-52,4957088;;27,500
PR;BR-158;241,000;242,000;1,000;17/01/2023;-23,9989953;-52,4957088;;30,000
PR;BR-158;242,000;243,000;1,000;17/01/2023;-23,9989953;-52,4957088;;22,500
PR;BR-158;243,000;244,000;1,000;17/01/2023;-23,9989953;-52,4957088;;27,500
PR;BR-158;244,000;245,000;1,000;17/01/2023;-23,9989953;-52,4957088;;30,000
PR;BR-158;245,000;246,000;1,000;17/01/2023;-23,9989953;-52,4957088;;25,000
PR;BR-158;246,000;247,000;1,000;17/01/2023;-23,9989953;-52,4957088;;22,500
PR;BR-158;247,000;248,000;1,000;17/01/2023;-23,9989953;-52,4957088;;22,500
PR;BR-158;248,000;249,000;1,000;17/01/2023;-23,9989953;-52,4957088;;30,000
PR;BR-158;249,000;250,000;1,000;17/01/2023;-23,9989953;-52,4957088;;42,500
PR;BR-158;250,000;251,000;1,000;17/01/2023;-23,9989953;-52,4957088;;47,500
PR;BR-158;251,000;252,000;1,000;17/01/2023;-23,9989953;-52,4957088;;35,000
PR;BR-158;252,000;253,000;1,000;17/01/2023;-23,9989953;-52,4957088;;35,000
PR;BR-158;253,000;254,000;1,000;17/01/2023;-23,9989953;-52,4957088;;30,000
PR;BR-158;254,000;255,000;1,000;17/01/2023;-23,9989953;-52,4957088;;65,000
PR;BR-158;255,000;256,000;1,000;17/01/2023;-23,9989953;-52,4957088;;50,000
PR;BR-158;256,000;257,000;1,000;17/01/2023;-23,9989953;-52,4957088;;42,500
PR;BR-158;257,000;258,000;1,000;17/01/2023;-23,9989953;-52,4957088;;22,500
PR;BR-158;258,000;259,000;1,000;17/01/2023;-23,9989953;-52,4957088;;22,500
PR;BR-158;259,000;260,000;1,000;17/01/2023;-23,9989953;-52,4957088;;22,500
PR;BR-158;260,000;261,000;1,000;17/01/2023;-23,9989953;-52,4957088;;35,000
PR;BR-158;261,000;262,000;1,000;17/01/2023;-23,9989953;-52,4957088;;35,000
PR;BR-158;262,000;263,000;1,000;17/01/2023;-23,9989953;-52,4957088;;22,500
PR;BR-158;263,000;264,000;1,000;17/01/2023;-23,9989953;-52,4957088;;22,500
PR;BR-158;264,000;265,000;1,000;17/01/2023;-23,9989953;-52,4957088;;30,000
PR;BR-158;265,000;266,000;1,000;17/01/2023;-23,9989953;-52,4957088;;22,500
PR;BR-158;266,000;267,000;1,000;17/01/2023;-23,9989953;-52,4957088;;50,000
PR;BR-158;267,000;268,000;1,000;17/01/2023;-23,9989953;-52,4957088;;55,000
PR;BR-158;268,000;269,000;1,000;17/01/2023;-23,9989953;-52,4957088;;35,000
PR;BR-158;269,000;270,000;1,000;17/01/2023;-23,9989953;-52,4957088;;55,000
PR;BR-158;270,000;271,000;1,000;17/01/2023;-23,9989953;-52,4957088;;47,500
PR;BR-158;271,000;272,000;1,000;17/01/2023;-23,9989953;-52,4957088;;45,000
PR;BR-158;272,000;273,000;1,000;17/01/2023;-23,9989953;-52,4957088;;67,500
PR;BR-158;273,000;274,000;1,000;17/01/2023;-23,9989953;-52,4957088;;27,500
PR;BR-158;274,000;275,000;1,000;17/01/2023;-23,9989953;-52,4957088;;42,500
PR;BR-158;275,000;276,000;1,000;17/01/2023;-23,9989953;-52,4957088;;50,000
PR;BR-158;276,000;277,000;1,000;17/01/2023;-23,9989953;-52,4957088;;50,000
PR;BR-158;277,000;278,000;1,000;17/01/2023;-23,9989953;-52,4957088;;50,000
PR;BR-158;278,000;279,000;1,000;17/01/2023;-23,9989953;-52,4957088;;55,000
PR;BR-158;279,000;280,000;1,000;17/01/2023;-23,9989953;-52,4957088;;47,500
PR;BR-158;280,000;281,000;1,000;17/01/2023;-23,9989953;-52,4957088;;65,000
PR;BR-158;281,000;282,000;1,000;17/01/2023;-23,9989953;-52,4957088;;65,000
PR;BR-158;282,000;283,000;1,000;17/01/2023;-23,9989953;-52,4957088;;47,500
PR;BR-158;283,000;284,000;1,000;17/01/2023;-23,9989953;-52,4957088;;40,000
PR;BR-158;284,000;285,000;1,000;17/01/2023;-23,9989953;-52,4957088;;70,000
PR;BR-158;285,000;286,000;1,000;17/01/2023;-23,9989953;-52,4957088;;40,000
PR;BR-158;286,000;287,000;1,000;17/01/2023;-23,9989953;-52,4957088;;40,000
PR;BR-158;287,000;288,000;1,000;17/01/2023;-23,9989953;-52,4957088;;42,500
PR;BR-158;288,000;289,000;1,000;17/01/2023;-23,9989953;-52,4957088;;32,500
PR;BR-158;289,000;290,000;1,000;17/01/2023;-23,9989953;-52,4957088;;30,000
PR;BR-158;290,000;291,000;1,000;17/01/2023;-23,9989953;-52,4957088;;35,000
PR;BR-158;291,000;292,000;1,000;17/01/2023;-23,9989953;-52,4957088;;47,500
PR;BR-158;292,000;293,000;1,000;17/01/2023;-23,9989953;-52,4957088;;55,000
PR;BR-158;293,000;294,000;1,000;17/01/2023;-23,9989953;-52,4957088;;62,500
PR;BR-158;294,000;295,000;1,000;17/01/2023;-23,9989953;-52,4957088;;55,000
PE;BR-110;148,000;149,000;1,000;26/01/2023;-8,5250503;-37,6873779;;65,000
PE;BR-110;149,000;150,000;1,000;26/01/2023;-8,5250503;-37,6873779;;65,000
PE;BR-110;150,000;151,000;1,000;26/01/2023;-8,5424589;-37,7041224;;43,750
PE;BR-110;151,000;152,000;1,000;26/01/2023;-8,5472794;-37,7095138;;37,500
PE;BR-110;152,000;153,000;1,000;26/01/2023;-8,5472794;-37,7095138;;43,750
PE;BR-110;153,000;154,000;1,000;26/01/2023;-8,5445043;-37,6926963;;45,000
PE;BR-110;154,000;155,000;1,000;26/01/2023;-8,54115;-37,7023349;;45,000
PE;BR-110;155,000;156,000;1,000;26/01/2023;-8,5407727;-37,7056583;CORRUGAÇAO ALTA.;43,750
PE;BR-110;156,000;157,000;1,000;26/01/2023;-8,5407727;-37,7056583;;43,750
PE;BR-110;157,000;158,000;1,000;26/01/2023;-8,5407727;-37,7056583;;43,750
PE;BR-110;158,000;159,000;1,000;26/01/2023;-8,5407727;-37,7056583;;41,250
PE;BR-110;159,000;160,000;1,000;26/01/2023;-8,5407727;-37,7056583;;40,000
PE;BR-110;160,000;161,000;1,000;26/01/2023;-8,5407727;-37,7056583;;45,000
PE;BR-110;161,000;162,000;1,000;26/01/2023;-8,5407727;-37,7056583;;43,750
PE;BR-110;162,000;163,000;1,000;26/01/2023;-8,61377519;-37,7825115;;37,500
PE;BR-110;163,000;164,000;1,000;26/01/2023;-8,61377519;-37,7825115;;43,750
PE;BR-110;164,000;165,000;1,000;26/01/2023;-8,61377519;-37,7825115;CORRUGAÇAO ALTA E EROSÃO.;43,750
PE;BR-110;165,000;166,000;1,000;26/01/2023;-8,61377519;-37,7825115;;36,250
PE;BR-110;166,000;167,000;1,000;26/01/2023;-8,5209466;-37,5201305;;43,750
PE;BR-110;167,000;168,000;1,000;26/01/2023;-8,5209466;-37,5201305;;68,750
PE;BR-110;168,000;169,000;1,000;26/01/2023;-8,5209466;-37,5201305;;43,750
PE;BR-110;169,000;170,000;1,000;26/01/2023;-8,5209466;-37,5201305;;43,750
PE;BR-110;170,000;171,000;1,000;26/01/2023;-8,5209466;-37,5201305;;47,500
PE;BR-110;171,000;172,000;1,000;26/01/2023;-8,5209466;-37,5201305;;40,000
PE;BR-110;172,000;173,000;1,000;26/01/2023;-8,5209466;-37,5201305;;41,250
PE;BR-110;173,000;174,000;1,000;26/01/2023;-8,5209466;-37,5201305;;26,250
PE;BR-110;174,000;175,000;1,000;26/01/2023;-8,5209466;-37,5201305;;26,250
PE;BR-110;175,000;176,000;1,000;26/01/2023;-8,5209466;-37,5201305;;27,500
PE;BR-110;176,000;177,000;1,000;26/01/2023;-8,5209466;-37,5201305;;27,500
PE;BR-110;177,000;178,000;1,000;26/01/2023;-8,5209466;-37,5201305;;27,500
PE;BR-110;178,000;179,000;1,000;26/01/2023;-8,5209466;-37,5201305;;27,500
PE;BR-110;179,000;180,000;1,000;26/01/2023;-8,5209466;-37,5201305;;27,500
PE;BR-110;180,000;181,000;1,000;26/01/2023;-8,5209466;-37,5201305;;27,500
PE;BR-110;181,000;182,000;1,000;26/01/2023;-8,5209466;-37,5201305;;27,500
PE;BR-110;182,000;183,000;1,000;26/01/2023;-8,5209466;-37,5201305;;27,500
PE;BR-110;183,000;184,000;1,000;26/01/2023;-8,5209466;-37,5201305;;26,250
PE;BR-110;184,000;185,000;1,000;26/01/2023;-8,5209466;-37,5201305;;27,500
PE;BR-110;185,000;186,000;1,000;26/01/2023;-8,5209466;-37,5201305;;27,500
PE;BR-110;186,000;187,000;1,000;26/01/2023;-8,5209466;-37,5201305;;35,000
PE;BR-110;187,000;188,000;1,000;26/01/2023;-8,5209466;-37,5201305;;35,000
PE;BR-110;188,000;189,000;1,000;26/01/2023;-8,5209466;-37,5201305;;27,500
PE;BR-110;189,000;190,000;1,000;26/01/2023;-8,5209466;-37,5201305;;26,250
PE;BR-110;190,000;191,000;1,000;26/01/2023;-8,5209466;-37,5201305;;27,500
PE;BR-110;191,000;192,000;1,000;26/01/2023;-8,5209466;-37,5201305;;27,500
PE;BR-110;192,000;193,000;1,000;26/01/2023;-8,5209466;-37,5201305;;27,500
PE;BR-110;193,000;194,000;1,000;26/01/2023;-8,5209466;-37,5201305;;27,500
PE;BR-110;194,000;195,000;1,000;26/01/2023;-8,5209466;-37,5201305;;27,500
PE;BR-110;195,000;196,000;1,000;26/01/2023;-8,5209466;-37,5201305;;27,500
PE;BR-110;196,000;197,000;1,000;26/01/2023;-8,5209466;-37,5201305;;27,500
PE;BR-110;197,000;198,000;1,000;26/01/2023;-8,5209466;-37,5201305;;35,000
PE;BR-110;198,000;199,000;1,000;26/01/2023;-8,5209466;-37,5201305;;35,000
PE;BR-110;199,000;200,000;1,000;26/01/2023;-8,5209466;-37,5201305;;27,500
PE;BR-110;200,000;201,000;1,000;26/01/2023;-8,5209466;-37,5201305;;37,500
PE;BR-110;201,000;202,000;1,000;26/01/2023;-8,5209466;-37,5201305;;53,750
PE;BR-110;202,000;203,000;1,000;26/01/2023;-8,5209466;-37,5201305;;27,500
PE;BR-110;203,000;204,000;1,000;26/01/2023;-8,5209466;-37,5201305;;42,500
PE;BR-110;204,000;205,000;1,000;26/01/2023;-8,5209466;-37,5201305;;27,500
PE;BR-110;205,000;206,000;1,000;26/01/2023;-8,5209466;-37,5201305;;33,750
PE;BR-110;206,000;207,000;1,000;26/01/2023;-8,5209466;-37,5201305;;27,500
PE;BR-110;207,000;208,000;1,000;26/01/2023;-8,5209466;-37,5201305;;27,500
PE;BR-110;208,000;209,000;1,000;26/01/2023;-8,5209466;-37,5201305;;27,500
PE;BR-110;209,000;210,000;1,000;26/01/2023;-8,5209466;-37,5201305;;27,500
PE;BR-110;210,000;211,000;1,000;26/01/2023;-8,5209466;-37,5201305;;27,500
PE;BR-110;211,000;212,000;1,000;26/01/2023;-8,5209466;-37,5201305;;27,500
PE;BR-110;212,000;213,000;1,000;26/01/2023;-8,5209466;-37,5201305;;20,000
PE;BR-110;213,000;214,000;1,000;26/01/2023;-8,5209466;-37,5201305;;20,000
PE;BR-110;214,000;215,000;1,000;26/01/2023;-8,5209466;-37,5201305;;20,000
PE;BR-110;215,000;216,000;1,000;26/01/2023;-8,5209466;-37,5201305;;20,000
PE;BR-110;216,000;217,000;1,000;26/01/2023;-8,5209466;-37,5201305;;20,000
PE;BR-110;217,000;218,000;1,000;26/01/2023;-8,5209466;-37,5201305;;20,000
PE;BR-110;218,000;219,000;1,000;26/01/2023;-8,5209466;-37,5201305;POEIRA ALTA.;20,000
PE;BR-110;219,000;219,600;0,600;26/01/2023;-8,958911;-38,1662573;;26,250
PE;BR-316;410,900;411,000;0,100;26/01/2023;-8,80599073;-37,9951614;;15,000
PE;BR-316;411,000;412,000;1,000;26/01/2023;-8,80599073;-37,9951614;;18,750
PE;BR-316;412,000;413,000;1,000;26/01/2023;-8,80599073;-37,9951614;;18,750
PE;BR-316;413,000;414,000;1,000;26/01/2023;-8,80599073;-37,9951614;;18,750
PE;BR-316;414,000;415,000;1,000;26/01/2023;-8,80599073;-37,9951614;;20,000
PE;BR-316;415,000;416,000;1,000;26/01/2023;-8,80599073;-37,9951614;;20,000
PE;BR-316;416,000;417,000;1,000;26/01/2023;-8,80599073;-37,9951614;;20,000
PE;BR-316;417,000;418,000;1,000;26/01/2023;-8,80599073;-37,9951614;;20,000
PE;BR-316;418,000;419,000;1,000;26/01/2023;-8,80599073;-37,9951614;;20,000
PE;BR-316;419,000;420,000;1,000;26/01/2023;-8,80599073;-37,9951614;;27,500
PE;BR-316;420,000;421,000;1,000;26/01/2023;-8,8201024;-37,9029309;;26,250
PE;BR-316;421,000;422,000;1,000;26/01/2023;-8,8201024;-37,9029309;CORRUGAÇÃO MÉDIA.;26,250
PE;BR-316;422,000;423,000;1,000;26/01/2023;-8,8201024;-37,9029309;;33,750
PE;BR-316;423,000;424,000;1,000;26/01/2023;-8,8201024;-37,9029309;;33,750
PE;BR-316;424,000;425,000;1,000;26/01/2023;-8,8201024;-37,9029309;;26,250
PE;BR-316;425,000;426,000;1,000;26/01/2023;-8,8201024;-37,9029309;;26,250
PE;BR-316;426,000;427,000;1,000;26/01/2023;-8,8201024;-37,9029309;;26,250
PE;BR-316;427,000;428,000;1,000;26/01/2023;-8,8201024;-37,9029309;;18,750
PE;BR-316;428,000;429,000;1,000;26/01/2023;-8,8201024;-37,9029309;;18,750
PE;BR-316;429,000;430,000;1,000;26/01/2023;-8,8201024;-37,9029309;;20,000
PE;BR-316;430,000;431,000;1,000;26/01/2023;-8,8201024;-37,9029309;;20,000
PE;BR-316;431,000;432,000;1,000;26/01/2023;-8,8201024;-37,9029309;;20,000
PE;BR-316;432,000;433,000;1,000;26/01/2023;-8,8201024;-37,9029309;;35,000
PE;BR-316;433,000;434,000;1,000;26/01/2023;-8,8201024;-37,9029309;;35,000
PE;BR-316;434,000;434,700;0,700;26/01/2023;-8,8201024;-37,9029309;;35,000
RS;BR-153;53,700;54,000;0,300;26/01/2023;-27,6773561;-52,2913175;;72,500
RS;BR-153;54,000;55,000;1,000;26/01/2023;-27,6796106;-52,2940147;;55,000
RS;BR-153;55,000;56,000;1,000;26/01/2023;-27,6796106;-52,2940147;;48,750
RS;BR-153;56,000;57,000;1,000;26/01/2023;-27,6850041;-52,2893569;;32,500
RS;BR-153;57,000;58,000;1,000;26/01/2023;-27,7324764;-52,2823789;;68,750
RS;BR-153;58,000;59,000;1,000;26/01/2023;-27,7061803;-52,3176084;;30,000
RS;BR-153;59,000;60,000;1,000;26/01/2023;-27,7061803;-52,3176084;;40,000
RS;BR-153;60,000;61,000;1,000;26/01/2023;-27,71938;-52,32054;;58,750
RS;BR-153;61,000;62,000;1,000;26/01/2023;-27,7442349;-52,280053;;66,250
RS;BR-153;62,000;63,000;1,000;26/01/2023;-27,7843678;-52,2677605;;81,250
RS;BR-153;63,000;64,000;1,000;26/01/2023;-27,7843678;-52,2677605;;77,500
RS;BR-153;64,000;65,000;1,000;26/01/2023;-27,7843678;-52,2677605;;53,750
RS;BR-153;65,000;66,000;1,000;26/01/2023;-27,5603699;-52,5216907;;55,000
RS;BR-153;66,000;67,000;1,000;26/01/2023;-27,5603699;-52,5216907;;56,250
RS;BR-153;67,000;68,000;1,000;26/01/2023;-27,5603699;-52,5216907;;15,000
RS;BR-153;68,000;69,000;1,000;26/01/2023;-27,8464289;-52,3036474;;47,500
RS;BR-153;69,000;70,000;1,000;26/01/2023;-27,8464289;-52,3036474;;48,750
RS;BR-153;70,000;71,000;1,000;26/01/2023;-27,8464289;-52,3036474;;56,250
RS;BR-153;71,000;72,000;1,000;26/01/2023;-27,8464289;-52,3036474;;48,750
RS;BR-153;72,000;73,000;1,000;26/01/2023;-27,8447374;-52,2993267;;35,000
RS;BR-153;73,000;74,000;1,000;26/01/2023;-27,8447374;-52,2993267;;35,000
RS;BR-153;74,000;75,000;1,000;26/01/2023;-27,8447374;-52,2993267;;41,250
RS;BR-153;75,000;76,000;1,000;26/01/2023;-27,897961;-52,2860339;;55,000
RS;BR-153;76,000;77,000;1,000;26/01/2023;-27,897961;-52,2860339;;51,250
RS;BR-153;77,000;78,000;1,000;26/01/2023;-27,8646566;-52,36145;;25,000
RS;BR-153;78,000;79,000;1,000;26/01/2023;-27,9090762;-52,2670961;;66,250
RS;BR-153;79,000;80,000;1,000;26/01/2023;-27,8581174;-52,3079684;;17,500
RS;BR-153;80,000;81,000;1,000;26/01/2023;-27,8581174;-52,3079684;;77,500
RS;BR-153;81,000;82,000;1,000;26/01/2023;-27,8581174;-52,3079684;;50,000
RS;BR-153;82,000;83,000;1,000;26/01/2023;-27,8581174;-52,3079684;;62,500
RS;BR-153;83,000;84,000;1,000;26/01/2023;-27,8581174;-52,3079684;;40,000
RS;BR-153;84,000;85,000;1,000;26/01/2023;-27,8581174;-52,3079684;;62,500
RS;BR-153;85,000;86,000;1,000;26/01/2023;-27,8581174;-52,3079684;;12,500
RS;BR-153;86,000;87,000;1,000;26/01/2023;-27,8581174;-52,3079684;;2,500
RS;BR-153;87,000;88,000;1,000;26/01/2023;-27,8581174;-52,3079684;;2,500
RS;BR-153;88,000;89,000;1,000;26/01/2023;-28,117137;-52,5577079;;50,000
RS;BR-153;89,000;90,000;1,000;26/01/2023;-28,117137;-52,5577079;;47,500
RS;BR-153;90,000;91,000;1,000;26/01/2023;-28,117137;-52,5577079;;25,000
RS;BR-153;91,000;92,000;1,000;26/01/2023;-27,9806116;-52,380365;;52,500
RS;BR-153;92,000;93,000;1,000;26/01/2023;-27,9894116;-52,3790283;;32,500
RS;BR-153;93,000;94,000;1,000;26/01/2023;-27,99705;-52,3754166;;12,500
RS;BR-153;94,000;95,000;1,000;26/01/2023;-28,0044333;-52,3715266;;42,500
RS;BR-153;95,000;96,000;1,000;26/01/2023;-28,01311;-52,3750233;;12,500
RS;BR-153;96,000;97,000;1,000;26/01/2023;-28,0203583;-52,3784416;;25,000
RS;BR-153;97,000;98,000;1,000;26/01/2023;-28,0299233;-52,3783133;;38,750
RS;BR-153;98,000;99,000;1,000;26/01/2023;-28,0399166;-52,37837;;45,000
RS;BR-153;99,000;100,000;1,000;26/01/2023;-28,0492633;-52,37645;;66,250
RS;BR-153;100,000;101,000;1,000;26/01/2023;-28,05551;-52,378625;;65,000
RS;BR-153;101,000;102,000;1,000;26/01/2023;-28,064605;-52,3807483;;70,000
RS;BR-153;102,000;103,000;1,000;26/01/2023;-28,072975;-52,3827366;;30,000
RS;BR-153;103,000;104,000;1,000;26/01/2023;-28,1238537;-52,3003238;;27,500
RS;BR-153;104,000;105,000;1,000;26/01/2023;-28,08867;-52,38844;;21,250
RS;BR-153;105,000;106,000;1,000;26/01/2023;-28,097055;-52,3926383;;61,250
RS;BR-153;106,000;107,000;1,000;26/01/2023;-28,1057616;-52,3933216;;28,750
RS;BR-153;107,000;108,000;1,000;26/01/2023;-28,1152183;-52,3957316;;10,000
RS;BR-153;108,000;109,000;1,000;26/01/2023;-28,1839149;-52,3309072;;50,000
RS;BR-153;109,000;110,000;1,000;26/01/2023;-28,1238537;-52,3003238;;52,500
RS;BR-153;110,000;111,000;1,000;26/01/2023;-28,1238537;-52,3003238;;30,000
RS;BR-153;111,000;112,000;1,000;26/01/2023;-28,1238537;-52,3003238;;38,750
RS;BR-153;112,000;113,000;1,000;26/01/2023;-28,1238537;-52,3003238;;42,500
RS;BR-153;113,000;114,000;1,000;26/01/2023;-28,1238537;-52,3003238;;57,500
RS;BR-153;114,000;115,000;1,000;26/01/2023;-28,2182556;-52,4730299;;7,500
RS;BR-153;115,000;116,000;1,000;26/01/2023;-28,2182556;-52,4730299;;41,250
RS;BR-153;116,000;117,000;1,000;26/01/2023;-28,2182556;-52,4730299;;40,000
RS;BR-153;117,000;118,000;1,000;26/01/2023;-28,1884328;-52,3362275;;52,500
RS;BR-153;118,000;119,000;1,000;26/01/2023;-28,2308878;-52,437389;;36,250
RS;BR-153;119,000;120,000;1,000;26/01/2023;-28,2226593;-52,4633684;;42,500
RS;BR-153;120,000;121,000;1,000;26/01/2023;-28,2121166;-52,4540833;;63,750
RS;BR-153;121,000;122,000;1,000;26/01/2023;-28,2226593;-52,4633684;;25,000
RS;BR-470;89,000;90,000;1,000;30/01/2023;-28,2087938;-51,5444174;;20,000
RS;BR-470;90,000;91,000;1,000;30/01/2023;-28,2962261;-51,4621308;;15,000
RS;BR-470;91,000;92,000;1,000;30/01/2023;-28,3072032;-51,465911;;15,000
RS;BR-470;92,000;93,000;1,000;30/01/2023;-28,3008498;-51,4737903;;15,000
RS;BR-470;93,000;94,000;1,000;30/01/2023;-28,3072032;-51,465911;;15,000
RS;BR-470;94,000;95,000;1,000;30/01/2023;-28,3164605;-51,4700808;;16,250
RS;BR-470;95,000;96,000;1,000;30/01/2023;-28,3008498;-51,4737903;;30,000
RS;BR-470;96,000;97,000;1,000;30/01/2023;-28,3008498;-51,4737903;;15,000
RS;BR-470;97,000;98,000;1,000;30/01/2023;-28,3421052;-51,4596839;;20,000
RS;BR-470;98,000;99,000;1,000;30/01/2023;-28,3421052;-51,4596839;;30,000
RS;BR-470;99,000;100,000;1,000;30/01/2023;-28,3421052;-51,4596839;;35,000
RS;BR-470;100,000;101,000;1,000;30/01/2023;-28,3421052;-51,4596839;;16,250
RS;BR-470;101,000;102,000;1,000;30/01/2023;-28,3421052;-51,4596839;;36,250
RS;BR-470;102,000;103,000;1,000;30/01/2023;-28,3421052;-51,4596839;;55,000
RS;BR-470;103,000;104,000;1,000;30/01/2023;-28,3421052;-51,4596839;;43,750
RS;BR-470;104,000;105,000;1,000;30/01/2023;-28,3421052;-51,4596839;;50,000
RS;BR-470;105,000;106,000;1,000;30/01/2023;-28,3421052;-51,4596839;;50,000
RS;BR-470;106,000;107,000;1,000;30/01/2023;-28,3421052;-51,4596839;;42,500
RS;BR-470;107,000;108,000;1,000;30/01/2023;-28,3421052;-51,4596839;;50,000
RS;BR-470;108,000;109,000;1,000;30/01/2023;-28,3421052;-51,4596839;;50,000
RS;BR-470;109,000;110,000;1,000;30/01/2023;-28,3421052;-51,4596839;;80,000
RS;BR-470;110,000;111,000;1,000;30/01/2023;-28,3421052;-51,4596839;;51,250
RS;BR-470;111,000;112,000;1,000;30/01/2023;-28,3421052;-51,4596839;;15,000
RS;BR-470;112,000;113,000;1,000;30/01/2023;-28,449752;-51,5068611;;26,250
RS;BR-470;113,000;114,000;1,000;30/01/2023;-28,3008498;-51,4737903;;27,500
RS;BR-470;114,000;115,000;1,000;30/01/2023;-28,3008498;-51,4737903;;55,000
RS;BR-470;115,000;116,000;1,000;30/01/2023;-28,3008498;-51,4737903;;55,000
RS;BR-470;116,000;117,000;1,000;30/01/2023;-28,3008498;-51,4737903;;27,500
RS;BR-470;117,000;118,000;1,000;30/01/2023;-28,3008498;-51,4737903;;2,500
RS;BR-470;118,000;119,000;1,000;30/01/2023;-28,3008498;-51,4737903;;30,000
RS;BR-470;119,000;120,000;1,000;30/01/2023;-28,3008498;-51,4737903;;35,000
RS;BR-470;120,000;121,000;1,000;30/01/2023;-28,3008498;-51,4737903;;30,000
RS;BR-470;121,000;122,000;1,000;30/01/2023;-28,3008498;-51,4737903;;15,000
RS;BR-470;122,000;123,000;1,000;30/01/2023;-28,3008498;-51,4737903;;36,250
RS;BR-470;123,000;124,000;1,000;30/01/2023;-28,3008498;-51,4737903;;42,500
RS;BR-470;124,000;125,000;1,000;30/01/2023;-28,5338911;-51,5532718;;15,000
RS;BR-470;125,000;126,000;1,000;30/01/2023;-28,5338911;-51,5532718;;15,000
RS;BR-470;126,000;127,000;1,000;30/01/2023;-28,5338911;-51,5532718;;21,250
RS;BR-470;127,000;128,000;1,000;30/01/2023;-28,5338911;-51,5532718;;42,500
RS;BR-470;128,000;129,000;1,000;30/01/2023;-28,5338911;-51,5532718;;27,500
RS;BR-470;129,000;130,000;1,000;30/01/2023;-28,5384011;-51,6905091;;15,000
RS;BR-470;130,000;131,000;1,000;30/01/2023;-28,5384011;-51,6905091;;21,250
RS;BR-470;131,000;132,000;1,000;30/01/2023;-28,5384011;-51,6905091;;42,500
RS;BR-470;132,000;133,000;1,000;30/01/2023;-28,5384011;-51,6905091;;21,250
RS;BR-470;133,000;133,390;0,390;30/01/2023;-28,6048438;-51,5878166;;2,500
RR;BR-210;89,500;88,000;1,500;31/01/2023;0,8776404;-59,6890635;;53,750
RR;BR-210;88,000;87,000;1,000;31/01/2023;0,8545637;-59,6173591;;47,500
RR;BR-210;87,000;86,000;1,000;31/01/2023;0,8516969;-59,6137569;;53,750
RR;BR-210;86,000;85,000;1,000;31/01/2023;0,8516969;-59,6137569;;53,750
RR;BR-210;85,000;84,000;1,000;31/01/2023;0,8768789;-59,6905052;;53,750
RR;BR-210;84,000;83,000;1,000;31/01/2023;0,8776404;-59,6890635;;53,750
RR;BR-210;83,000;82,000;1,000;31/01/2023;0,8776404;-59,6890635;;47,500
RR;BR-210;82,000;81,000;1,000;31/01/2023;0,8776404;-59,6890635;;53,750
RR;BR-210;81,000;80,000;1,000;31/01/2023;0,8768628;-59,6887031;;53,750
RR;BR-210;80,000;79,000;1,000;31/01/2023;0,8768628;-59,6887031;;53,750
RR;BR-210;79,000;78,000;1,000;31/01/2023;0,8768628;-59,6887031;;53,750
RR;BR-210;78,000;77,000;1,000;31/01/2023;0,8768628;-59,6887031;;53,750
RR;BR-210;77,000;76,000;1,000;31/01/2023;0,8768628;-59,6887031;;47,500
RR;BR-210;76,000;75,000;1,000;31/01/2023;0,8768628;-59,6887031;;47,500
RR;BR-210;75,000;74,000;1,000;31/01/2023;0,8768628;-59,6887031;;47,500
RR;BR-210;74,000;73,000;1,000;31/01/2023;0,8768628;-59,6887031;;47,500
RR;BR-210;73,000;72,000;1,000;31/01/2023;0,8768628;-59,6887031;;47,500
RR;BR-210;72,000;71,000;1,000;31/01/2023;0,8768628;-59,6887031;;47,500
RR;BR-210;71,000;70,000;1,000;31/01/2023;0,8768628;-59,6887031;;47,500
RR;BR-210;70,000;69,000;1,000;31/01/2023;0,8063728;-59,4287397;;47,500
RR;BR-210;69,000;68,000;1,000;31/01/2023;0,8063728;-59,4287397;;47,500
RR;BR-210;68,000;67,000;1,000;31/01/2023;0,8063728;-59,4287397;;47,500
RR;BR-210;67,000;66,000;1,000;31/01/2023;0,8063728;-59,4287397;;47,500
RR;BR-210;66,000;65,000;1,000;31/01/2023;0,8063728;-59,4287397;;47,500
RR;BR-210;65,000;64,000;1,000;31/01/2023;0,8063728;-59,4287397;;47,500
RR;BR-210;64,000;63,000;1,000;31/01/2023;0,8063997;-59,431977;;47,500
RR;BR-210;63,000;62,000;1,000;31/01/2023;0,7991385;-59,4292576;;47,500
RR;BR-210;62,000;61,000;1,000;31/01/2023;0,7991413;-59,4292454;;40,000
RR;BR-210;61,000;60,000;1,000;31/01/2023;0,7991483;-59,4292449;;77,500
RR;BR-210;60,000;59,000;1,000;31/01/2023;0,7978472;-59,4307921;;60,000
RR;BR-210;59,000;58,000;1,000;31/01/2023;0,7949159;-59,410037;;47,500
RR;BR-210;58,000;57,000;1,000;31/01/2023;0,8022718;-59,3988886;;38,750
RR;BR-210;57,000;56,000;1,000;31/01/2023;0,8022718;-59,3988886;;46,250
RR;BR-210;56,000;55,000;1,000;31/01/2023;0,801185;-59,3916966;;50,000
RR;BR-210;55,000;54,000;1,000;31/01/2023;0,801185;-59,3916966;;46,250
RR;BR-210;54,000;53,000;1,000;31/01/2023;0,801185;-59,3916966;;47,500
RR;BR-210;53,000;52,000;1,000;31/01/2023;0,801185;-59,3916966;;47,500
RR;BR-210;52,000;51,000;1,000;31/01/2023;0,801185;-59,3916966;;40,000
RR;BR-210;51,000;50,000;1,000;31/01/2023;0,801185;-59,3916966;;53,750
RR;BR-210;50,000;49,000;1,000;31/01/2023;0,801185;-59,3916966;;46,250
RR;BR-210;49,000;48,000;1,000;31/01/2023;0,801185;-59,3916966;;52,500
RR;BR-210;48,000;47,000;1,000;31/01/2023;0,8022718;-59,3988886;;40,000
RR;BR-210;47,000;46,000;1,000;31/01/2023;0,8022718;-59,3988886;;65,000
RR;BR-210;46,000;45,000;1,000;31/01/2023;0,8022718;-59,3988886;;40,000
RR;BR-210;45,000;44,000;1,000;31/01/2023;0,8022718;-59,3988886;;40,000
RR;BR-401;107,000;108,000;1,000;25/01/2023;2,8025136;-60,6856741;;60,000
RR;BR-401;108,000;109,000;1,000;25/01/2023;2,8025136;-60,6856741;;71,250
RR;BR-401;109,000;110,000;1,000;25/01/2023;2,8025136;-60,6856741;;85,000
RR;BR-401;110,000;111,000;1,000;25/01/2023;3,33868748;-59,9447745;;75,000
RR;BR-401;111,000;112,000;1,000;25/01/2023;3,34640034;-59,944123;;86,250
RR;BR-401;112,000;113,000;1,000;25/01/2023;3,35414648;-59,9434937;;86,250
RR;BR-401;113,000;114,000;1,000;25/01/2023;3,36273739;-59,942818;;90,000
RR;BR-401;114,000;115,000;1,000;25/01/2023;3,3709904;-59,9421697;;90,000
RR;BR-401;115,000;116,000;1,000;25/01/2023;3,38281187;-59,9411855;;75,000
RR;BR-401;116,000;117,000;1,000;25/01/2023;3,39419484;-59,9402319;;88,750
RR;BR-401;117,000;118,000;1,000;25/01/2023;3,3996055;-59,9398482;;100,000
RR;BR-401;118,000;119,000;1,000;25/01/2023;3,41044788;-59,9389898;;90,000
RR;BR-401;119,000;120,000;1,000;25/01/2023;3,42264036;-59,9380602;;85,000
RR;BR-401;120,000;121,000;1,000;25/01/2023;3,42795184;-59,937607;;85,000
RR;BR-401;121,000;122,000;1,000;25/01/2023;3,43597048;-59,9369265;;85,000
RR;BR-401;122,000;123,000;1,000;25/01/2023;3,4443056;-59,9362585;;85,000
RR;BR-401;123,000;124,000;1,000;25/01/2023;3,44649634;-59,9360955;;85,000
RR;BR-401;124,000;125,000;1,000;25/01/2023;3,44834336;-59,9359553;;85,000
RR;BR-401;125,000;126,000;1,000;25/01/2023;3,45250347;-59,9356411;;85,000
RR;BR-401;126,000;127,000;1,000;25/01/2023;3,46072837;-59,9349812;;83,750
RR;BR-401;127,000;128,000;1,000;25/01/2023;3,47221937;-59,9339891;;85,000
RR;BR-401;128,000;129,000;1,000;25/01/2023;3,48114285;-59,9332397;;85,000
RR;BR-401;129,000;130,000;1,000;25/01/2023;3,48274414;-59,9331794;;85,000
RR;BR-401;130,000;131,000;1,000;25/01/2023;3,48390043;-59,9330817;;75,000
RR;BR-401;131,000;132,000;1,000;25/01/2023;3,48600097;-59,9329521;;85,000
RR;BR-401;132,000;133,000;1,000;25/01/2023;3,49158195;-59,932452;;85,000
RR;BR-401;133,000;134,000;1,000;25/01/2023;3,54135685;-59,9180604;;85,000
RR;BR-401;134,000;135,000;1,000;25/01/2023;3,55025751;-59,9102034;;85,000
RR;BR-401;135,000;136,000;1,000;25/01/2023;3,5589049;-59,9025866;;85,000
RR;BR-401;136,000;137,000;1,000;25/01/2023;3,56036139;-59,9013354;;85,000
RR;BR-401;137,000;138,000;1,000;25/01/2023;3,57027988;-59,8851888;;75,000
RR;BR-401;138,000;139,000;1,000;25/01/2023;3,57178373;-59,8820984;;75,000
RR;BR-401;139,000;140,000;1,000;25/01/2023;3,57184936;-59,8819781;;75,000
RR;BR-401;140,000;141,000;1,000;25/01/2023;3,5724308;-59,8807994;;75,000
RR;BR-401;141,000;142,000;1,000;25/01/2023;3,57392611;-59,8784757;;75,000
RR;BR-401;142,000;143,000;1,000;25/01/2023;3,57540481;-59,8772267;;75,000
RR;BR-401;143,000;144,000;1,000;25/01/2023;3,57668039;-59,8762672;;75,000
RR;BR-401;144,000;145,000;1,000;25/01/2023;3,57760434;-59,8755902;;75,000
RR;BR-401;145,000;146,000;1,000;25/01/2023;3,57790364;-59,8753608;;75,000
RR;BR-401;146,000;147,000;1,000;25/01/2023;3,57911899;-59,8744425;;75,000
RR;BR-401;147,000;148,000;1,000;25/01/2023;3,57927454;-59,8743307;;75,000
RR;BR-401;148,000;149,000;1,000;25/01/2023;3,58079706;-59,8731693;;75,000
RR;BR-401;149,000;150,000;1,000;25/01/2023;3,58163098;-59,8725452;;75,000
RR;BR-401;150,000;151,000;1,000;25/01/2023;3,58230922;-59,8720411;;75,000
RR;BR-401;151,000;152,000;1,000;25/01/2023;3,58323272;-59,8713318;;75,000
RR;BR-401;152,000;153,000;1,000;25/01/2023;3,58774261;-59,8679319;;75,000
RR;BR-401;153,000;154,000;1,000;25/01/2023;3,59022212;-59,866078;;75,000
RR;BR-401;154,000;155,000;1,000;25/01/2023;3,59296939;-59,8639186;;75,000
RR;BR-401;155,000;156,000;1,000;25/01/2023;3,59551722;-59,8621083;;75,000
RR;BR-401;156,000;157,000;1,000;25/01/2023;3,59692717;-59,8609941;;75,000
RR;BR-401;157,000;158,000;1,000;25/01/2023;3,60098589;-59,8583537;;75,000
RR;BR-401;158,000;159,000;1,000;25/01/2023;3,60594191;-59,8573409;;75,000
RR;BR-401;159,000;160,000;1,000;25/01/2023;3,60607322;-59,8573398;;75,000
RR;BR-401;160,000;161,000;1,000;25/01/2023;3,61120439;-59,8565622;;75,000
RR;BR-401;161,000;162,000;1,000;25/01/2023;3,61262802;-59,856354;;75,000
RR;BR-401;162,000;163,000;1,000;25/01/2023;3,61337343;-59,856243;;75,000
RR;BR-401;163,000;164,000;1,000;25/01/2023;3,61355946;-59,856215;;75,000
RR;BR-401;164,000;165,000;1,000;25/01/2023;3,61584454;-59,8558677;;75,000
RR;BR-401;165,000;166,000;1,000;25/01/2023;3,61857605;-59,8554994;;75,000
RR;BR-401;166,000;167,000;1,000;25/01/2023;3,62054709;-59,8551962;;38,750
RR;BR-401;167,000;168,000;1,000;25/01/2023;3,6228228;-59,8548627;;75,000
RR;BR-401;168,000;169,000;1,000;25/01/2023;3,63070026;-59,8537073;;75,000
RR;BR-401;169,000;170,000;1,000;25/01/2023;3,63181456;-59,8535141;;75,000
RR;BR-401;170,000;171,000;1,000;25/01/2023;3,63220719;-59,8534372;;75,000
RR;BR-401;171,000;172,000;1,000;25/01/2023;3,63245262;-59,8534047;;75,000
RR;BR-401;172,000;173,000;1,000;25/01/2023;3,63260239;-59,8533889;;75,000
RR;BR-401;173,000;174,000;1,000;25/01/2023;3,63328165;-59,8532893;;75,000
RR;BR-401;174,000;175,000;1,000;25/01/2023;3,63399085;-59,8531772;;75,000
RR;BR-401;175,000;176,000;1,000;25/01/2023;3,63452887;-59,8530982;;75,000
RR;BR-401;176,000;177,000;1,000;25/01/2023;3,63481345;-59,8530574;;75,000
RR;BR-210;315,100;316,000;0,900;24/01/2023;1,91305388;-61,1110927;;78,750
RR;BR-210;316,000;317,000;1,000;24/01/2023;1,9135237;-61,1131606;;82,500
RR;BR-210;317,000;318,000;1,000;24/01/2023;1,9135237;-61,1131606;;67,500
RR;BR-210;318,000;319,000;1,000;24/01/2023;1,9135237;-61,1131606;;68,750
RR;BR-210;319,000;320,000;1,000;24/01/2023;1,9135237;-61,1131606;;77,500
RR;BR-210;320,000;321,000;1,000;24/01/2023;1,91883077;-61,1372373;;61,250
RR;BR-210;321,000;322,000;1,000;24/01/2023;1,91883077;-61,1372373;;71,250
RR;BR-210;322,000;323,000;1,000;24/01/2023;1,91883077;-61,1372373;;78,750
RR;BR-210;323,000;324,000;1,000;24/01/2023;1,92603451;-61,165658;;71,250
RR;BR-210;324,000;325,000;1,000;24/01/2023;1,92603451;-61,165658;;82,500
RR;BR-210;325,000;326,000;1,000;24/01/2023;1,92904418;-61,1844791;;35,000
RR;BR-210;326,000;327,000;1,000;24/01/2023;1,9367513;-61,2117765;;82,500
RR;BR-210;327,000;328,000;1,000;24/01/2023;1,9367513;-61,2117765;;63,750
RR;BR-210;328,000;329,000;1,000;24/01/2023;1,9367513;-61,2117765;;82,500
RR;BR-210;329,000;330,000;1,000;24/01/2023;1,94092166;-61,2300663;;75,000
RR;BR-210;330,000;331,000;1,000;24/01/2023;1,94092166;-61,2300663;;75,000
RR;BR-210;331,000;332,000;1,000;24/01/2023;1,94777367;-61,2433021;;100,000
RR;BR-210;332,000;333,000;1,000;24/01/2023;1,95837178;-61,2567367;;95,000
RR;BR-210;333,000;334,000;1,000;24/01/2023;1,95837178;-61,2567367;;68,750
RR;BR-210;334,000;335,000;1,000;24/01/2023;1,95837178;-61,2567367;;88,750
RR;BR-210;335,000;336,000;1,000;24/01/2023;1,95837178;-61,2567367;;100,000
RR;BR-210;336,000;337,000;1,000;24/01/2023;1,95837178;-61,2567367;;96,250
RR;BR-210;337,000;338,000;1,000;24/01/2023;1,95837178;-61,2567367;;100,000
RR;BR-210;338,000;339,000;1,000;24/01/2023;1,95837178;-61,2567367;;81,250
RR;BR-210;339,000;340,000;1,000;24/01/2023;1,95837178;-61,2567367;;63,750
RR;BR-210;340,000;341,000;1,000;24/01/2023;1,96520955;-61,2858116;;100,000
RR;BR-210;341,000;342,000;1,000;24/01/2023;1,96520955;-61,2858116;;88,750
RR;BR-210;342,000;343,000;1,000;24/01/2023;1,96520955;-61,2858116;;72,500
RR;BR-210;343,000;344,000;1,000;24/01/2023;1,96520955;-61,2858116;;53,750
RR;BR-210;344,000;345,000;1,000;24/01/2023;1,96520955;-61,2858116;;62,500
RR;BR-210;345,000;346,000;1,000;24/01/2023;1,96520955;-61,2858116;;91,250
RR;BR-210;346,000;347,000;1,000;24/01/2023;1,96520955;-61,2858116;;48,750
RR;BR-210;347,000;348,000;1,000;24/01/2023;1,96816828;-61,2987584;;56,250
RR;BR-210;348,000;349,000;1,000;24/01/2023;1,96816828;-61,2987584;;100,000
RR;BR-210;349,000;350,000;1,000;24/01/2023;1,96816828;-61,2987584;;60,000
TO;BR-010;529,400;530,000;0,600;03/02/2023;-11,739775;-49,0831924;;53,750
TO;BR-010;530,000;531,000;1,000;03/02/2023;-11,739775;-49,0831924;;53,750
TO;BR-010;531,000;532,000;1,000;03/02/2023;-11,739775;-49,0831924;;53,750
TO;BR-010;532,000;533,000;1,000;03/02/2023;-11,739775;-49,0831924;;53,750
TO;BR-010;533,000;534,000;1,000;03/02/2023;-11,739775;-49,0831924;;53,750
TO;BR-010;534,000;535,000;1,000;03/02/2023;-11,739775;-49,0831924;;61,250
TO;BR-010;535,000;536,000;1,000;03/02/2023;-11,739766;-49,0831575;;67,500
TO;BR-010;536,000;537,000;1,000;03/02/2023;-11,739766;-49,0831575;;53,750
TO;BR-010;537,000;538,000;1,000;03/02/2023;-11,739766;-49,0831575;;53,750
TO;BR-010;538,000;539,000;1,000;03/02/2023;-11,7397622;-49,0831617;;53,750
TO;BR-010;539,000;540,000;1,000;03/02/2023;-11,7397222;-49,083089;;53,750
TO;BR-010;540,000;541,000;1,000;03/02/2023;-11,739759;-49,0831699;;53,750
TO;BR-010;541,000;542,000;1,000;03/02/2023;-11,7397628;-49,0831922;;67,500
TO;BR-010;542,000;543,000;1,000;03/02/2023;-11,7397622;-49,0831617;;75,000
TO;BR-010;543,000;544,000;1,000;03/02/2023;-11,7397866;-49,0829815;;65,000
TO;BR-010;544,000;545,000;1,000;03/02/2023;-11,739734;-49,0829705;;67,500
TO;BR-010;545,000;546,000;1,000;03/02/2023;-11,739734;-49,0829705;;67,500
TO;BR-010;546,000;547,000;1,000;03/02/2023;-11,7397268;-49,0830715;;65,000
TO;BR-010;547,000;548,000;1,000;03/02/2023;-11,7396943;-49,0831601;;51,250
TO;BR-010;548,000;549,000;1,000;03/02/2023;-11,7396943;-49,0831601;;67,500
TO;BR-010;549,000;550,000;1,000;03/02/2023;-11,7396943;-49,0831601;;61,250
TO;BR-010;550,000;551,000;1,000;03/02/2023;-11,7396943;-49,0831601;;61,250
TO;BR-010;551,000;552,000;1,000;03/02/2023;-11,7396943;-49,0831601;;61,250
TO;BR-010;552,000;553,000;1,000;03/02/2023;-11,7396943;-49,0831601;;58,750
TO;BR-010;553,000;554,000;1,000;03/02/2023;-11,739765;-49,0831607;;58,750
TO;BR-010;554,000;555,000;1,000;03/02/2023;-11,739765;-49,0831607;;58,750
TO;BR-010;555,000;556,000;1,000;03/02/2023;-11,739765;-49,0831607;;51,250
TO;BR-010;556,000;557,000;1,000;03/02/2023;-11,739765;-49,0831607;;53,750
TO;BR-010;557,000;558,000;1,000;03/02/2023;-11,739765;-49,0831607;;53,750
TO;BR-010;558,000;559,000;1,000;03/02/2023;-11,739765;-49,0831607;;51,250
TO;BR-010;559,000;560,000;1,000;03/02/2023;-11,739765;-49,0831607;;51,250
TO;BR-010;560,000;561,000;1,000;03/02/2023;-11,739765;-49,0831607;;51,250
TO;BR-010;561,000;562,000;1,000;03/02/2023;-11,739765;-49,0831607;;67,500
TO;BR-010;562,000;563,000;1,000;03/02/2023;-11,739765;-49,0831607;;67,500
TO;BR-010;563,000;564,000;1,000;03/02/2023;-11,739765;-49,0831607;;61,250
TO;BR-010;564,000;565,000;1,000;03/02/2023;-11,7397531;-49,0831441;;61,250
TO;BR-010;565,000;566,000;1,000;03/02/2023;-11,7397653;-49,0831636;;58,750
TO;BR-010;566,000;567,000;1,000;03/02/2023;-11,7398865;-49,0830927;;53,750
TO;BR-010;567,000;568,000;1,000;03/02/2023;-11,7398754;-49,0830308;;53,750
TO;BR-010;568,000;569,000;1,000;03/02/2023;-11,7397629;-49,083161;;51,250
TO;BR-010;569,000;570,000;1,000;03/02/2023;-11,7398069;-49,0830275;;51,250
TO;BR-010;570,000;571,000;1,000;03/02/2023;-11,7398069;-49,0830275;;58,750
TO;BR-010;571,000;572,000;1,000;03/02/2023;-11,7397496;-49,0830595;;61,250
TO;BR-010;572,000;573,000;1,000;03/02/2023;-11,7397461;-49,0830774;;53,750
TO;BR-010;573,000;574,000;1,000;03/02/2023;-11,7397505;-49,0830711;;53,750
TO;BR-010;574,000;575,000;1,000;03/02/2023;-11,7397505;-49,0830711;;53,750
TO;BR-010;575,000;576,000;1,000;03/02/2023;-11,7397294;-49,0830871;;58,750
TO;BR-010;576,000;577,000;1,000;03/02/2023;-11,7397294;-49,0830871;;58,750
TO;BR-010;577,000;578,000;1,000;03/02/2023;-11,7397294;-49,0830871;;53,750
TO;BR-010;578,000;579,000;1,000;03/02/2023;-11,7397294;-49,0830871;;53,750
TO;BR-010;579,000;580,000;1,000;03/02/2023;-11,7397294;-49,0830871;;61,250
TO;BR-010;580,000;581,000;1,000;03/02/2023;-11,7397294;-49,0830871;;61,250
TO;BR-010;581,000;582,000;1,000;03/02/2023;-11,7397294;-49,0830871;;53,750
TO;BR-010;582,000;583,000;1,000;03/02/2023;-11,7397294;-49,0830871;;53,750
TO;BR-010;583,000;584,000;1,000;03/02/2023;-11,7397157;-49,083148;;53,750
TO;BR-010;584,000;585,000;1,000;03/02/2023;-11,7397104;-49,0831438;;53,750
TO;BR-010;585,000;586,000;1,000;03/02/2023;-11,7397104;-49,0831438;;51,250
TO;BR-010;586,000;587,000;1,000;03/02/2023;-11,7397398;-49,0831294;;51,250
TO;BR-010;587,000;588,000;1,000;03/02/2023;-11,7397262;-49,0831257;;51,250
TO;BR-010;588,000;589,000;1,000;03/02/2023;-11,7397262;-49,0831257;;58,750
TO;BR-010;589,000;590,000;1,000;03/02/2023;-11,7397262;-49,0831257;;61,250
TO;BR-010;590,000;591,000;1,000;03/02/2023;-11,7397262;-49,0831257;;61,250
TO;BR-010;591,000;592,000;1,000;03/02/2023;-11,7397262;-49,0831257;;53,750
TO;BR-010;592,000;593,000;1,000;03/02/2023;-11,7397262;-49,0831257;;58,750
TO;BR-010;675,100;676,000;0,900;17/01/2023;-9,03080843;-47,8150092;;57,500
TO;BR-010;676,000;677,000;1,000;17/01/2023;-9,03080843;-47,8150092;;57,500
TO;BR-010;677,000;678,000;1,000;17/01/2023;-7,9171097;-47,5404714;;57,500
TO;BR-010;678,000;679,000;1,000;17/01/2023;-7,91714564;-47,5404521;;57,500
TO;BR-010;679,000;680,000;1,000;17/01/2023;-7,91714564;-47,5404521;;57,500
TO;BR-010;680,000;681,000;1,000;17/01/2023;-7,91714115;-47,5404596;;50,000
TO;BR-010;681,000;682,000;1,000;17/01/2023;-7,91713922;-47,5404629;;53,750
TO;BR-010;682,000;683,000;1,000;17/01/2023;-7,9171365;-47,5404631;;53,750
TO;BR-010;683,000;684,000;1,000;17/01/2023;-7,9171365;-47,5404631;;53,750
TO;BR-010;684,000;685,000;1,000;17/01/2023;-7,9171365;-47,5404631;;60,000
TO;BR-010;685,000;686,000;1,000;17/01/2023;-7,9171365;-47,5404631;;60,000
TO;BR-010;686,000;687,000;1,000;17/01/2023;-7,9171365;-47,5404631;;60,000
TO;BR-010;687,000;688,000;1,000;17/01/2023;-7,9171365;-47,5404631;;60,000
TO;BR-010;688,000;689,000;1,000;02/02/2023;-11,7397621;-49,0831594;;67,500
TO;BR-010;689,000;690,000;1,000;02/02/2023;-11,7397621;-49,0831594;;61,250
TO;BR-010;690,000;691,000;1,000;02/02/2023;-11,7397621;-49,0831594;;61,250
TO;BR-010;691,000;692,000;1,000;02/02/2023;-11,7397621;-49,0831594;;61,250
TO;BR-010;692,000;693,000;1,000;02/02/2023;-11,7397621;-49,0831594;;53,750
TO;BR-010;693,000;694,000;1,000;02/02/2023;-11,7397621;-49,0831594;;55,000
TO;BR-010;694,000;695,000;1,000;02/02/2023;-11,7397621;-49,0831594;;55,000
TO;BR-010;695,000;696,000;1,000;02/02/2023;-11,7397621;-49,0831594;;53,750
TO;BR-010;696,000;697,000;1,000;02/02/2023;-11,7397621;-49,0831594;;61,250
TO;BR-010;697,000;698,000;1,000;02/02/2023;-11,7397621;-49,0831594;;61,250
TO;BR-010;698,000;699,000;1,000;02/02/2023;-11,7397621;-49,0831594;;61,250
TO;BR-010;699,000;700,000;1,000;02/02/2023;-11,7397396;-49,0832448;;60,000
TO;BR-010;700,000;701,000;1,000;02/02/2023;-11,7397396;-49,0832448;;61,250
TO;BR-010;701,000;702,000;1,000;02/02/2023;-11,7397396;-49,0832448;;62,500
TO;BR-010;702,000;703,000;1,000;02/02/2023;-11,7397396;-49,0832448;;57,500
TO;BR-010;703,000;704,000;1,000;02/02/2023;-11,7397396;-49,0832448;;57,500
TO;BR-010;704,000;705,000;1,000;02/02/2023;-11,7397396;-49,0832448;;61,250
TO;BR-010;705,000;706,000;1,000;02/02/2023;-11,7397396;-49,0832448;;61,250
TO;BR-010;706,000;707,000;1,000;02/02/2023;-11,7397396;-49,0832448;;61,250
TO;BR-010;707,000;708,000;1,000;02/02/2023;-11,7397396;-49,0832448;;61,250
TO;BR-010;708,000;709,000;1,000;02/02/2023;-11,7397396;-49,0832448;;58,750
TO;BR-010;709,000;710,000;1,000;02/02/2023;-11,7397396;-49,0832448;;61,250
TO;BR-010;710,000;711,000;1,000;02/02/2023;-11,739765;-49,0831611;;61,250
TO;BR-010;711,000;712,000;1,000;02/02/2023;-11,7397396;-49,0832448;;51,250
TO;BR-010;712,000;713,000;1,000;02/02/2023;-11,7397396;-49,0832448;;67,500
TO;BR-010;713,000;714,000;1,000;02/02/2023;-11,7397396;-49,0832448;;65,000
TO;BR-010;714,000;715,000;1,000;02/02/2023;-11,7397396;-49,0832448;;58,750
TO;BR-010;715,000;716,000;1,000;02/02/2023;-11,7397647;-49,0831618;;51,250
TO;BR-010;716,000;717,000;1,000;03/02/2023;-11,7397396;-49,0832448;;53,750
TO;BR-010;717,000;718,000;1,000;03/02/2023;-11,739763;-49,0831584;;53,750
TO;BR-010;718,000;719,000;1,000;03/02/2023;-11,739763;-49,0831584;;53,750
TO;BR-010;719,000;720,000;1,000;03/02/2023;-11,739763;-49,0831584;;61,250
TO;BR-010;720,000;721,000;1,000;03/02/2023;-11,739763;-49,0831603;;61,250
TO;BR-010;721,000;722,000;1,000;03/02/2023;-11,739908;-49,0831694;;61,250
TO;BR-010;722,000;723,000;1,000;03/02/2023;-11,739763;-49,0831603;;61,250
TO;BR-010;723,000;724,000;1,000;03/02/2023;-11,739763;-49,0831603;;60,000
TO;BR-010;724,000;725,000;1,000;03/02/2023;-11,739763;-49,0831603;;67,500
TO;BR-010;725,000;726,000;1,000;03/02/2023;-11,7397477;-49,0831714;;65,000
TO;BR-010;726,000;727,000;1,000;03/02/2023;-11,7397326;-49,0831641;;67,500
TO;BR-010;727,000;728,000;1,000;03/02/2023;-11,739763;-49,0831603;;52,500
TO;BR-010;728,000;729,000;1,000;03/02/2023;-11,739763;-49,0831603;;61,250
TO;BR-010;729,000;730,000;1,000;03/02/2023;-11,739763;-49,0831603;;58,750
TO;BR-010;730,000;731,000;1,000;03/02/2023;-11,739763;-49,0831603;;61,250
TO;BR-010;731,000;732,000;1,000;03/02/2023;-11,739763;-49,0831603;;61,250
TO;BR-010;732,000;733,000;1,000;03/02/2023;-11,739763;-49,0831603;;61,250
TO;BR-010;733,000;734,000;1,000;03/02/2023;-11,739763;-49,0831603;;53,750
TO;BR-010;734,000;735,000;1,000;03/02/2023;-11,7398082;-49,0831604;;61,250
TO;BR-010;735,000;736,000;1,000;03/02/2023;-11,7398206;-49,0831801;;53,750
TO;BR-010;736,000;737,000;1,000;03/02/2023;-11,7398206;-49,0831801;;67,500
TO;BR-010;737,000;738,000;1,000;03/02/2023;-11,7398206;-49,0831801;;67,500
TO;BR-010;738,000;739,000;1,000;03/02/2023;-11,7398206;-49,0831801;;67,500
TO;BR-010;739,000;740,000;1,000;03/02/2023;-11,7398206;-49,0831801;;61,250
TO;BR-010;740,000;741,000;1,000;03/02/2023;-11,7398206;-49,0831801;;53,750
TO;BR-010;741,000;742,000;1,000;03/02/2023;-11,7397642;-49,0831619;;53,750
TO;BR-010;742,000;743,000;1,000;03/02/2023;-11,7399027;-49,0829492;;53,750
TO;BR-010;743,000;744,000;1,000;03/02/2023;-11,7397642;-49,0831619;;51,250
TO;BR-010;744,000;745,000;1,000;03/02/2023;-11,7397642;-49,0831619;;61,250
TO;BR-010;745,000;746,000;1,000;03/02/2023;-11,7397642;-49,0831619;;50,000
TO;BR-010;746,000;747,000;1,000;03/02/2023;-11,7397642;-49,0831619;;53,750
TO;BR-010;747,000;748,000;1,000;03/02/2023;-11,7397642;-49,0831619;;53,750
TO;BR-010;748,000;749,000;1,000;03/02/2023;-11,7397642;-49,0831575;;67,500
TO;BR-010;749,000;750,000;1,000;03/02/2023;-11,7397638;-49,0831586;;53,750
TO;BR-010;750,000;751,000;1,000;03/02/2023;-11,7397638;-49,0831586;;53,750
TO;BR-010;751,000;752,000;1,000;03/02/2023;-11,7397638;-49,0831586;;53,750
TO;BR-010;752,000;753,000;1,000;03/02/2023;-11,7397638;-49,0831586;;53,750
TO;BR-010;753,000;754,000;1,000;03/02/2023;-11,7397631;-49,0831627;;53,750
TO;BR-010;754,000;755,000;1,000;03/02/2023;-11,7397635;-49,0831626;;53,750
TO;BR-010;755,000;756,000;1,000;03/02/2023;-11,7397635;-49,0831626;;53,750
TO;BR-010;756,000;757,000;1,000;03/02/2023;-11,7397635;-49,0831626;;61,250
TO;BR-010;757,000;758,000;1,000;03/02/2023;-11,7397635;-49,0831626;;61,250
TO;BR-010;758,000;759,000;1,000;03/02/2023;-11,7397635;-49,0831626;;58,750
TO;BR-010;759,000;760,000;1,000;03/02/2023;-11,7397635;-49,0831626;;61,250
TO;BR-010;760,000;761,000;1,000;03/02/2023;-11,7397635;-49,0831626;;61,250
TO;BR-010;761,000;762,000;1,000;03/02/2023;-11,7397635;-49,0831626;;53,750
TO;BR-010;762,000;763,000;1,000;03/02/2023;-11,739767;-49,0831637;;51,250
TO;BR-010;763,000;764,000;1,000;03/02/2023;-11,7397292;-49,0831777;;57,500
TO;BR-010;764,000;765,000;1,000;03/02/2023;-11,739724;-49,0831887;;65,000
TO;BR-010;765,000;766,000;1,000;03/02/2023;-11,7397331;-49,0832181;;53,750
TO;BR-010;766,000;767,000;1,000;03/02/2023;-11,7397331;-49,0832181;;61,250
TO;BR-010;767,000;768,000;1,000;03/02/2023;-11,7397331;-49,0832181;;53,750
TO;BR-010;768,000;769,000;1,000;03/02/2023;-11,7397626;-49,0831602;;53,750
TO;BR-010;769,000;770,000;1,000;03/02/2023;-11,7397331;-49,0832181;;53,750
TO;BR-010;770,000;771,000;1,000;03/02/2023;-11,7397331;-49,0832181;;53,750
TO;BR-010;771,000;772,000;1,000;03/02/2023;-11,7397175;-49,0831908;;53,750
TO;BR-010;772,000;773,000;1,000;03/02/2023;-11,7397175;-49,0831908;;53,750
TO;BR-010;773,000;774,000;1,000;03/02/2023;-11,7397175;-49,0831908;;61,250
TO;BR-010;774,000;775,000;1,000;03/02/2023;-11,7397175;-49,0831908;;51,250
TO;BR-010;775,000;776,000;1,000;03/02/2023;-11,7398234;-49,08313;;51,250
TO;BR-010;776,000;777,000;1,000;03/02/2023;-11,7398234;-49,08313;;53,750
TO;BR-010;777,000;778,000;1,000;03/02/2023;-11,7398234;-49,08313;;53,750
TO;BR-010;778,000;779,000;1,000;03/02/2023;-11,7397741;-49,0831717;;61,250
TO;BR-010;779,000;780,000;1,000;03/02/2023;-11,7397576;-49,0831778;;61,250
TO;BR-010;780,000;781,000;1,000;03/02/2023;-11,7397576;-49,0831778;;53,750
TO;BR-010;781,000;782,000;1,000;03/02/2023;-11,7397576;-49,0831778;;58,750
TO;BR-010;782,000;783,000;1,000;03/02/2023;-11,7397555;-49,0830943;;61,250
TO;BR-010;783,000;784,000;1,000;03/02/2023;-11,7397555;-49,0830943;;61,250
TO;BR-010;784,000;785,000;1,000;03/02/2023;-11,7397555;-49,0830943;;58,750
TO;BR-010;785,000;786,000;1,000;03/02/2023;-11,7398168;-49,0830772;;58,750
TO;BR-010;786,000;787,000;1,000;03/02/2023;-11,7399047;-49,0830703;;58,750
TO;BR-010;787,000;788,000;1,000;03/02/2023;-11,7399047;-49,0830703;;58,750
TO;BR-010;788,000;789,000;1,000;03/02/2023;-11,7399047;-49,0830703;;53,750
TO;BR-010;789,000;790,000;1,000;03/02/2023;-11,7399047;-49,0830703;;53,750
TO;BR-010;790,000;791,000;1,000;03/02/2023;-11,7399047;-49,0830703;;53,750
TO;BR-010;791,000;792,000;1,000;03/02/2023;-11,739775;-49,0831924;;61,250
TO;BR-235;78,200;79,000;0,800;17/01/2023;-8,84408;-48,5113471;;53,750
TO;BR-235;79,000;80,000;1,000;17/01/2023;-8,84408;-48,5113471;;58,750
TO;BR-235;80,000;81,000;1,000;17/01/2023;-9,03083422;-47,8150124;;57,500
TO;BR-235;81,000;82,000;1,000;17/01/2023;-9,03083422;-47,8150124;;56,250
TO;BR-235;82,000;83,000;1,000;17/01/2023;-9,0308284;-47,8150142;;50,000
TO;BR-235;83,000;84,000;1,000;17/01/2023;-9,0308284;-47,8150142;;57,500
TO;BR-235;84,000;85,000;1,000;17/01/2023;-9,0308284;-47,8150142;;63,750
TO;BR-235;85,000;86,000;1,000;17/01/2023;-9,0308284;-47,8150142;;66,250
TO;BR-235;86,000;87,000;1,000;17/01/2023;-9,0308284;-47,8150142;;66,250
TO;BR-235;87,000;88,000;1,000;17/01/2023;-9,0308284;-47,8150142;;56,250
TO;BR-235;88,000;89,000;1,000;17/01/2023;-9,0308284;-47,8150142;;58,750
TO;BR-235;89,000;90,000;1,000;17/01/2023;-9,0308284;-47,8150142;;50,000
TO;BR-235;90,000;91,000;1,000;17/01/2023;-9,0308284;-47,8150142;;50,000
TO;BR-235;91,000;92,000;1,000;17/01/2023;-9,0308284;-47,8150142;;60,000
TO;BR-235;92,000;93,000;1,000;17/01/2023;-9,0308284;-47,8150142;;60,000
TO;BR-235;93,000;94,000;1,000;17/01/2023;-9,0308284;-47,8150142;;58,750
TO;BR-235;94,000;95,000;1,000;17/01/2023;-9,0308284;-47,8150142;;50,000
TO;BR-235;95,000;96,000;1,000;17/01/2023;-9,03083133;-47,8150315;;50,000
TO;BR-235;96,000;97,000;1,000;17/01/2023;-9,03082889;-47,8150183;;58,750
TO;BR-235;97,000;98,000;1,000;17/01/2023;-9,03082787;-47,8150146;;57,500
TO;BR-235;98,000;99,000;1,000;17/01/2023;-9,03082787;-47,8150146;;61,250
TO;BR-235;99,000;100,000;1,000;17/01/2023;-9,03082787;-47,8150146;;60,000
TO;BR-235;100,000;101,000;1,000;17/01/2023;-9,03082787;-47,8150146;;67,500
TO;BR-235;101,000;102,000;1,000;17/01/2023;-9,03082787;-47,8150146;;66,250
TO;BR-235;102,000;103,000;1,000;17/01/2023;-9,03082787;-47,8150146;;63,750
TO;BR-235;103,000;104,000;1,000;17/01/2023;-9,03082787;-47,8150146;;65,000
TO;BR-235;104,000;105,000;1,000;17/01/2023;-9,03082787;-47,8150146;;65,000
TO;BR-235;105,000;106,000;1,000;17/01/2023;-9,03082787;-47,8150146;;65,000
TO;BR-235;106,000;107,000;1,000;17/01/2023;-9,03082787;-47,8150146;;65,000
TO;BR-235;107,000;108,000;1,000;17/01/2023;-9,03082787;-47,8150146;;58,750
TO;BR-235;108,000;109,000;1,000;17/01/2023;-9,03082787;-47,8150146;;60,000
TO;BR-235;109,000;110,000;1,000;17/01/2023;-9,03082787;-47,8150146;;57,500
TO;BR-235;110,000;111,000;1,000;17/01/2023;-9,03082787;-47,8150146;;57,500
TO;BR-235;111,000;112,000;1,000;17/01/2023;-9,03082787;-47,8150146;;57,500
TO;BR-235;112,000;113,000;1,000;17/01/2023;-9,03082787;-47,8150146;;57,500
TO;BR-235;113,000;114,000;1,000;17/01/2023;-9,03082787;-47,8150146;;57,500
TO;BR-235;114,000;115,000;1,000;17/01/2023;-9,03082787;-47,8150146;;57,500
TO;BR-235;115,000;116,000;1,000;17/01/2023;-9,03082787;-47,8150146;;67,500
TO;BR-235;116,000;117,000;1,000;17/01/2023;-9,03082787;-47,8150146;;67,500
TO;BR-235;117,000;118,000;1,000;17/01/2023;-9,03082787;-47,8150146;;67,500
TO;BR-235;118,000;119,000;1,000;17/01/2023;-9,03082787;-47,8150146;;67,500
TO;BR-235;119,000;120,000;1,000;17/01/2023;-9,03082787;-47,8150146;;60,000
TO;BR-235;120,000;121,000;1,000;17/01/2023;-9,03082787;-47,8150146;;56,250
TO;BR-235;121,000;122,000;1,000;17/01/2023;-9,03082787;-47,8150146;;60,000
TO;BR-235;122,000;123,000;1,000;17/01/2023;-9,03082787;-47,8150146;;60,000
TO;BR-235;123,000;124,000;1,000;17/01/2023;-9,03082787;-47,8150146;;60,000
TO;BR-235;124,000;125,000;1,000;17/01/2023;-9,03082787;-47,8150146;;57,500
TO;BR-235;125,000;126,000;1,000;17/01/2023;-9,03082787;-47,8150146;;56,250
TO;BR-235;126,000;127,000;1,000;17/01/2023;-9,03082787;-47,8150146;;56,250
TO;BR-235;127,000;128,000;1,000;17/01/2023;-9,03082787;-47,8150146;;50,000
TO;BR-235;128,000;129,000;1,000;17/01/2023;-9,03082787;-47,8150146;;53,750
TO;BR-235;129,000;130,000;1,000;17/01/2023;-9,03082787;-47,8150146;;53,750
TO;BR-235;130,000;131,000;1,000;17/01/2023;-9,03082787;-47,8150146;;53,750
TO;BR-235;131,000;132,000;1,000;17/01/2023;-9,03082787;-47,8150146;;53,750
TO;BR-235;132,000;133,000;1,000;17/01/2023;-9,03082787;-47,8150146;;56,250
TO;BR-235;133,000;134,000;1,000;17/01/2023;-9,03082787;-47,8150146;;56,250
TO;BR-235;134,000;135,000;1,000;17/01/2023;-9,03082787;-47,8150146;;56,250
TO;BR-235;135,000;136,000;1,000;17/01/2023;-9,03082787;-47,8150146;;56,250
TO;BR-235;136,000;137,000;1,000;17/01/2023;-9,03082787;-47,8150146;;56,250
TO;BR-235;137,000;138,000;1,000;17/01/2023;-9,03082787;-47,8150146;;56,250
TO;BR-235;138,000;139,000;1,000;17/01/2023;-9,03082787;-47,8150146;;62,500
TO;BR-235;139,000;140,000;1,000;17/01/2023;-9,03082787;-47,8150146;;62,500
TO;BR-235;140,000;141,000;1,000;17/01/2023;-9,03082787;-47,8150146;;62,500
TO;BR-235;141,000;142,000;1,000;17/01/2023;-9,03082787;-47,8150146;;62,500
TO;BR-235;142,000;143,000;1,000;17/01/2023;-9,03082787;-47,8150146;;62,500
TO;BR-235;143,000;144,000;1,000;17/01/2023;-9,03082787;-47,8150146;;62,500
TO;BR-235;144,000;145,000;1,000;17/01/2023;-9,03082787;-47,8150146;;77,500
TO;BR-235;145,000;146,000;1,000;17/01/2023;-9,03082787;-47,8150146;;70,000
TO;BR-235;146,000;147,000;1,000;17/01/2023;-9,03081718;-47,8150017;;70,000
TO;BR-235;147,000;148,000;1,000;17/01/2023;-9,03081272;-47,8150018;;70,000
TO;BR-235;148,000;149,000;1,000;17/01/2023;-9,03081075;-47,8150027;;62,500
TO;BR-235;149,000;150,000;1,000;17/01/2023;-9,03080767;-47,8150047;;56,250
TO;BR-235;150,000;151,000;1,000;17/01/2023;-9,0308059;-47,8150044;;56,250
TO;BR-235;151,000;152,000;1,000;17/01/2023;-9,0308063;-47,8150058;;56,250
TO;BR-235;152,000;153,000;1,000;17/01/2023;-9,0308063;-47,8150058;;56,250
TO;BR-235;153,000;154,000;1,000;17/01/2023;-9,03080544;-47,8150089;;56,250
TO;BR-235;154,000;155,000;1,000;17/01/2023;-9,03080527;-47,8150111;;50,000
TO;BR-235;155,000;156,000;1,000;17/01/2023;-9,03080628;-47,815012;;50,000
TO;BR-235;156,000;157,000;1,000;17/01/2023;-9,03080793;-47,815012;;57,500
TO;BR-235;157,000;158,000;1,000;17/01/2023;-9,03080759;-47,8150108;;63,750
TO;BR-235;158,000;159,000;1,000;17/01/2023;-9,03080838;-47,8150093;;57,500
TO;BR-010;135,800;136,000;0,200;16/01/2023;-8,84410685;-48,5110889;;58,750
TO;BR-010;136,000;137,000;1,000;16/01/2023;-8,84410685;-48,5110889;;58,750
TO;BR-010;137,000;138,000;1,000;16/01/2023;-8,84410685;-48,5110889;;50,000
TO;BR-010;138,000;139,000;1,000;16/01/2023;-8,84419078;-48,5111211;;66,250
TO;BR-010;139,000;140,000;1,000;16/01/2023;-8,84420373;-48,5110821;;58,750
TO;BR-010;140,000;141,000;1,000;16/01/2023;-8,84419942;-48,5110624;;58,750
TO;BR-010;141,000;142,000;1,000;16/01/2023;-8,84418841;-48,5110575;;58,750
TO;BR-010;142,000;143,000;1,000;16/01/2023;-8,84418841;-48,5110575;;58,750
TO;BR-010;143,000;144,000;1,000;16/01/2023;-8,84418841;-48,5110575;;58,750
TO;BR-010;144,000;145,000;1,000;16/01/2023;-8,84418841;-48,5110575;;58,750
TO;BR-242;23,700;24,000;0,300;16/01/2023;-8,84417035;-48,5110786;;70,000
TO;BR-242;24,000;25,000;1,000;16/01/2023;-8,84417035;-48,5110786;;76,250
TO;BR-242;25,000;26,000;1,000;16/01/2023;-8,84417035;-48,5110786;;83,750
TO;BR-242;26,000;27,000;1,000;16/01/2023;-8,84417035;-48,5110786;;66,250
TO;BR-242;27,000;28,000;1,000;16/01/2023;-8,84414602;-48,5110971;;66,250
TO;BR-242;28,000;29,000;1,000;16/01/2023;-8,84412673;-48,5110923;;72,500
TO;BR-242;29,000;30,000;1,000;16/01/2023;-8,84414093;-48,5111599;;72,500
TO;BR-242;30,000;31,000;1,000;16/01/2023;-8,84414093;-48,5111599;;66,250
TO;BR-242;31,000;32,000;1,000;16/01/2023;-8,84412416;-48,5110952;;66,250
TO;BR-242;32,000;33,000;1,000;16/01/2023;-8,84410685;-48,5110889;;66,250
TO;BR-242;500,200;501,000;0,800;16/01/2023;-8,8440664;-48,5113975;;58,750
TO;BR-242;501,000;502,000;1,000;16/01/2023;-8,8440664;-48,5113975;;58,750
TO;BR-242;502,000;503,000;1,000;16/01/2023;-8,8440664;-48,5113975;;58,750
TO;BR-242;503,000;504,000;1,000;16/01/2023;-8,8440664;-48,5113975;;50,000
TO;BR-242;504,000;505,000;1,000;16/01/2023;-8,84417244;-48,511091;;52,500
TO;BR-242;505,000;506,000;1,000;16/01/2023;-8,84417035;-48,5110786;;52,500