;;;;;;;;;
;;;;;;;;;
;;;;;;;;;
;;;;;;;;;
UF;Rodovia;km inicial;km final;Extensão (km);Data;Latitude;Longitude;ICMNP;
;;;;;;;;;
;;;;;;;;;
AM;BR-230;642,600;643,000;0,400;03/07/2023;-7,52477;-63,0381219;75,000;
AM;BR-230;643,000;644,000;1,000;03/07/2023;-7,52477;-63,0381219;75,000;
AM;BR-230;644,000;645,000;1,000;03/07/2023;-7,52477;-63,0381219;75,000;
AM;BR-230;645,000;646,000;1,000;03/07/2023;-7,52477;-63,0381219;78,750;
AM;BR-230;646,000;647,000;1,000;03/07/2023;-7,52477;-63,0381219;75,000;
AM;BR-230;647,000;648,000;1,000;03/07/2023;-7,52477;-63,0381219;75,000;
AM;BR-230;648,000;649,000;1,000;03/07/2023;-7,52477;-63,0381219;75,000;
AM;BR-230;649,000;650,000;1,000;03/07/2023;-7,52477;-63,0381219;75,000;
AM;BR-230;650,000;651,000;1,000;03/07/2023;-7,52477;-63,0381219;75,000;
AM;BR-230;651,000;652,000;1,000;03/07/2023;-7,5217864;-63,0244299;75,000;
AM;BR-230;652,000;653,000;1,000;03/07/2023;-7,5217864;-63,0244299;75,000;
AM;BR-230;653,000;654,000;1,000;03/07/2023;-7,5217864;-63,0244299;78,750;
AM;BR-230;654,000;655,000;1,000;03/07/2023;-7,5217864;-63,0244299;78,750;
AM;BR-230;655,000;656,000;1,000;03/07/2023;-7,5058364;-63,0209514;78,750;
AM;BR-230;656,000;657,000;1,000;03/07/2023;-7,5058364;-63,0209514;75,000;
AM;BR-230;657,000;658,000;1,000;03/07/2023;-7,5058364;-63,0209514;75,000;
AM;BR-230;658,000;659,000;1,000;03/07/2023;-7,5058364;-63,0209514;75,000;
AM;BR-230;659,000;660,000;1,000;03/07/2023;-7,5058364;-63,0209514;75,000;
AM;BR-230;660,000;661,000;1,000;03/07/2023;-7,5058364;-63,0209514;75,000;
AM;BR-230;661,000;662,000;1,000;03/07/2023;-7,5058364;-63,0209514;86,250;
AM;BR-230;662,000;663,000;1,000;03/07/2023;-7,5058364;-63,0209514;78,750;
AM;BR-230;663,000;664,000;1,000;03/07/2023;-7,5058364;-63,0209514;28,750;
AM;BR-230;664,000;665,000;1,000;03/07/2023;-7,5058364;-63,0209514;31,250;
AM;BR-230;665,000;666,000;1,000;03/07/2023;-7,5058364;-63,0209514;31,250;
AM;BR-230;666,000;667,000;1,000;03/07/2023;-7,5058364;-63,0209514;28,750;
AM;BR-230;667,000;668,000;1,000;03/07/2023;-7,5058364;-63,0209514;28,750;
AM;BR-230;668,000;669,000;1,000;03/07/2023;-7,5058364;-63,0209514;28,750;
AM;BR-230;669,000;670,000;1,000;03/07/2023;-7,5058364;-63,0209514;28,750;
AM;BR-230;670,000;671,000;1,000;03/07/2023;-7,5058364;-63,0209514;28,750;
AM;BR-230;671,000;672,000;1,000;03/07/2023;-7,5058364;-63,0209514;28,750;
AM;BR-230;672,000;673,000;1,000;03/07/2023;-7,5058364;-63,0209514;28,750;
AM;BR-230;673,000;674,000;1,000;03/07/2023;-7,5058364;-63,0209514;28,750;
AM;BR-230;674,000;675,000;1,000;03/07/2023;-7,5058364;-63,0209514;31,250;
AM;BR-230;675,000;676,000;1,000;03/07/2023;-7,5058364;-63,0209514;28,750;
AM;BR-230;676,000;677,000;1,000;03/07/2023;-7,5058364;-63,0209514;28,750;
AM;BR-230;677,000;678,000;1,000;03/07/2023;-7,5058364;-63,0209514;28,750;
AM;BR-230;678,000;679,000;1,000;03/07/2023;-7,5058364;-63,0209514;31,250;
AM;BR-230;679,000;680,000;1,000;03/07/2023;-7,5058364;-63,0209514;43,750;
AM;BR-230;680,000;681,000;1,000;03/07/2023;-7,5058364;-63,0209514;43,750;
AM;BR-230;681,000;682,000;1,000;03/07/2023;-7,5058364;-63,0209514;58,750;
AM;BR-230;682,000;683,000;1,000;03/07/2023;-7,5058364;-63,0209514;28,750;
AM;BR-230;683,000;684,000;1,000;03/07/2023;-7,5058364;-63,0209514;31,250;
AM;BR-230;684,000;685,000;1,000;03/07/2023;-7,5058364;-63,0209514;31,250;
AM;BR-230;685,000;686,000;1,000;03/07/2023;-7,5058364;-63,0209514;28,750;
AM;BR-230;686,000;687,000;1,000;03/07/2023;-7,5058364;-63,0209514;28,750;
AM;BR-230;687,000;688,000;1,000;03/07/2023;-7,5058364;-63,0209514;31,250;
AM;BR-230;688,000;689,000;1,000;03/07/2023;-7,5058364;-63,0209514;28,750;
AM;BR-230;689,000;690,000;1,000;03/07/2023;-7,5058364;-63,0209514;46,250;
AM;BR-230;690,000;691,000;1,000;03/07/2023;-7,5058364;-63,0209514;31,250;
AM;BR-230;691,000;692,000;1,000;03/07/2023;-7,5058364;-63,0209514;28,750;
AM;BR-230;692,000;693,000;1,000;03/07/2023;-7,5058364;-63,0209514;28,750;
AM;BR-230;693,000;694,000;1,000;03/07/2023;-7,5058364;-63,0209514;28,750;
AM;BR-230;694,000;695,000;1,000;03/07/2023;-7,5058364;-63,0209514;28,750;
AM;BR-230;695,000;696,000;1,000;03/07/2023;-7,5058364;-63,0209514;31,250;
AM;BR-230;696,000;697,000;1,000;03/07/2023;-7,5058364;-63,0209514;28,750;
AM;BR-230;697,000;698,000;1,000;03/07/2023;-7,5058364;-63,0209514;31,250;
AM;BR-230;698,000;699,000;1,000;03/07/2023;-7,5058364;-63,0209514;31,250;
AM;BR-230;699,000;700,000;1,000;03/07/2023;-7,5058364;-63,0209514;28,750;
AM;BR-230;700,000;701,000;1,000;03/07/2023;-7,5058364;-63,0209514;46,250;
AM;BR-230;701,000;702,000;1,000;03/07/2023;-7,5058364;-63,0209514;46,250;
AM;BR-230;702,000;703,000;1,000;03/07/2023;-7,5058364;-63,0209514;46,250;
AM;BR-230;703,000;704,000;1,000;03/07/2023;-7,5058364;-63,0209514;46,250;
AM;BR-230;704,000;705,000;1,000;03/07/2023;-7,5058364;-63,0209514;46,250;
AM;BR-230;705,000;706,000;1,000;03/07/2023;-7,5058364;-63,0209514;46,250;
AM;BR-230;706,000;707,000;1,000;03/07/2023;-7,5058364;-63,0209514;46,250;
AM;BR-230;707,000;708,000;1,000;03/07/2023;-7,5058364;-63,0209514;46,250;
AM;BR-230;708,000;709,000;1,000;03/07/2023;-7,5058364;-63,0209514;46,250;
AM;BR-230;709,000;710,000;1,000;03/07/2023;-7,5058364;-63,0209514;46,250;
AM;BR-230;710,000;711,000;1,000;03/07/2023;-7,5058364;-63,0209514;46,250;
AM;BR-230;711,000;712,000;1,000;03/07/2023;-7,5058364;-63,0209514;45,000;
AM;BR-230;712,000;713,000;1,000;03/07/2023;-7,5058364;-63,0209514;46,250;
AM;BR-230;713,000;714,000;1,000;03/07/2023;-7,5058364;-63,0209514;26,250;
AM;BR-230;714,000;715,000;1,000;03/07/2023;-7,5058364;-63,0209514;26,250;
AM;BR-230;715,000;716,000;1,000;03/07/2023;-7,5058364;-63,0209514;26,250;
AM;BR-230;716,000;717,000;1,000;03/07/2023;-7,5058364;-63,0209514;18,750;
AM;BR-230;717,000;718,000;1,000;03/07/2023;-7,5058364;-63,0209514;18,750;
AM;BR-230;718,000;719,000;1,000;03/07/2023;-7,5058364;-63,0209514;46,250;
AM;BR-230;719,000;720,000;1,000;03/07/2023;-7,5058364;-63,0209514;28,750;
AM;BR-230;720,000;721,000;1,000;03/07/2023;-7,5058364;-63,0209514;58,750;
AM;BR-230;721,000;722,000;1,000;03/07/2023;-7,5058364;-63,0209514;71,250;
AM;BR-230;722,000;723,000;1,000;03/07/2023;-7,5058364;-63,0209514;65,000;
AM;BR-230;723,000;724,000;1,000;03/07/2023;-7,5058364;-63,0209514;71,250;
AM;BR-230;724,000;725,000;1,000;03/07/2023;-7,5058364;-63,0209514;68,750;
AM;BR-230;725,000;726,000;1,000;03/07/2023;-7,5058364;-63,0209514;71,250;
AM;BR-230;726,000;727,000;1,000;03/07/2023;-7,5058364;-63,0209514;68,750;
AM;BR-230;727,000;728,000;1,000;03/07/2023;-7,5058364;-63,0209514;68,750;
AM;BR-230;728,000;729,000;1,000;03/07/2023;-7,5058364;-63,0209514;77,500;
AM;BR-230;729,000;730,000;1,000;03/07/2023;-7,5058364;-63,0209514;75,000;
AM;BR-230;730,000;731,000;1,000;03/07/2023;-7,5058364;-63,0209514;75,000;
AM;BR-230;731,000;732,000;1,000;03/07/2023;-7,5058364;-63,0209514;58,750;
AM;BR-230;732,000;733,200;1,200;03/07/2023;-7,5058364;-63,0209514;62,500;
AM;BR-230;733,200;734,000;0,800;03/07/2023;-7,5058364;-63,0209514;45,000;
AM;BR-230;734,000;735,000;1,000;03/07/2023;-7,5058364;-63,0209514;70,000;
AM;BR-230;735,000;736,000;1,000;03/07/2023;-7,5058364;-63,0209514;76,250;
AM;BR-230;736,000;737,000;1,000;03/07/2023;-7,5058364;-63,0209514;70,000;
AM;BR-230;737,000;738,000;1,000;03/07/2023;-7,5058364;-63,0209514;73,750;
AM;BR-230;738,000;739,000;1,000;03/07/2023;-7,5058364;-63,0209514;73,750;
AM;BR-230;739,000;740,000;1,000;03/07/2023;-7,5058364;-63,0209514;67,500;
AM;BR-230;740,000;741,000;1,000;03/07/2023;-7,5058364;-63,0209514;61,250;
AM;BR-230;741,000;742,000;1,000;03/07/2023;-7,5058364;-63,0209514;45,000;
AM;BR-230;742,000;743,000;1,000;03/07/2023;-7,5058364;-63,0209514;45,000;
AM;BR-230;743,000;744,000;1,000;03/07/2023;-7,5058364;-63,0209514;75,000;
AM;BR-230;744,000;745,000;1,000;03/07/2023;-7,5058364;-63,0209514;62,500;
AM;BR-230;745,000;746,000;1,000;03/07/2023;-7,5058364;-63,0209514;62,500;
AM;BR-230;746,000;747,000;1,000;03/07/2023;-7,5058364;-63,0209514;18,750;
AM;BR-230;747,000;748,000;1,000;03/07/2023;-7,5058364;-63,0209514;18,750;
AM;BR-230;748,000;749,000;1,000;03/07/2023;-7,5058364;-63,0209514;58,750;
AM;BR-230;749,000;750,000;1,000;03/07/2023;-7,5058364;-63,0209514;46,250;
AM;BR-230;750,000;751,000;1,000;03/07/2023;-7,5058364;-63,0209514;50,000;
AM;BR-230;751,000;752,000;1,000;03/07/2023;-7,5058364;-63,0209514;62,500;
AM;BR-230;752,000;753,000;1,000;03/07/2023;-7,5058364;-63,0209514;50,000;
AM;BR-230;753,000;754,000;1,000;03/07/2023;-7,46321686;-64,2386475;56,250;
AM;BR-230;754,000;755,000;1,000;03/07/2023;-7,46490871;-64,2423603;46,250;
AM;BR-230;755,000;756,000;1,000;03/07/2023;-7,46490871;-64,2423603;46,250;
AM;BR-230;756,000;757,000;1,000;03/07/2023;-7,46490871;-64,2423603;38,750;
AM;BR-230;757,000;758,000;1,000;03/07/2023;-7,46490871;-64,2423603;58,750;
AM;BR-230;758,000;759,000;1,000;03/07/2023;-7,46490871;-64,2423603;38,750;
AM;BR-230;759,000;760,000;1,000;03/07/2023;-7,46490871;-64,2423603;46,250;
AM;BR-230;760,000;761,000;1,000;03/07/2023;-7,46490871;-64,2423603;46,250;
AM;BR-230;761,000;762,000;1,000;03/07/2023;-7,46490871;-64,2423603;46,250;
AM;BR-230;762,000;763,000;1,000;03/07/2023;-7,46490871;-64,2423603;58,750;
AM;BR-230;763,000;764,000;1,000;03/07/2023;-7,46490871;-64,2423603;46,250;
AM;BR-230;764,000;765,000;1,000;03/07/2023;-7,46490871;-64,2423603;46,250;
AM;BR-230;765,000;766,000;1,000;03/07/2023;-7,46490871;-64,2423603;46,250;
AM;BR-230;766,000;767,000;1,000;03/07/2023;-7,46490871;-64,2423603;46,250;
AM;BR-230;767,000;768,000;1,000;03/07/2023;-7,46490871;-64,2423603;58,750;
AM;BR-230;768,000;769,000;1,000;03/07/2023;-7,46490871;-64,2423603;58,750;
AM;BR-230;769,000;770,000;1,000;03/07/2023;-7,46490871;-64,2423603;58,750;
AM;BR-230;770,000;771,000;1,000;03/07/2023;-7,46490871;-64,2423603;58,750;
AM;BR-230;771,000;772,000;1,000;03/07/2023;-7,46490871;-64,2423603;46,250;
AM;BR-230;772,000;773,000;1,000;03/07/2023;-7,46490871;-64,2423603;58,750;
AM;BR-230;773,000;774,000;1,000;03/07/2023;-7,46490871;-64,2423603;58,750;
AM;BR-230;774,000;775,000;1,000;03/07/2023;-7,46490871;-64,2423603;58,750;
AM;BR-230;775,000;776,000;1,000;03/07/2023;-7,46490871;-64,2423603;56,250;
AM;BR-230;776,000;777,000;1,000;03/07/2023;-7,46490871;-64,2423603;58,750;
AM;BR-230;777,000;778,000;1,000;03/07/2023;-7,46490871;-64,2423603;46,250;
AM;BR-230;778,000;779,000;1,000;03/07/2023;-7,46490871;-64,2423603;62,500;
AM;BR-230;779,000;780,000;1,000;03/07/2023;-7,46490871;-64,2423603;62,500;
AM;BR-230;780,000;781,000;1,000;03/07/2023;-7,46490871;-64,2423603;50,000;
AM;BR-230;781,000;782,000;1,000;03/07/2023;-7,46490871;-64,2423603;62,500;
AM;BR-230;782,000;783,000;1,000;03/07/2023;-7,46490871;-64,2423603;62,500;
AM;BR-230;783,000;784,000;1,000;03/07/2023;-7,46490871;-64,2423603;62,500;
AM;BR-230;784,000;785,000;1,000;03/07/2023;-7,46490871;-64,2423603;62,500;
AM;BR-230;785,000;786,000;1,000;03/07/2023;-7,46490871;-64,2423603;62,500;
AM;BR-230;786,000;787,000;1,000;03/07/2023;-7,46490871;-64,2423603;62,500;
AM;BR-230;787,000;788,000;1,000;03/07/2023;-7,46490871;-64,2423603;62,500;
AM;BR-230;788,000;789,000;1,000;03/07/2023;-7,46490871;-64,2423603;62,500;
AM;BR-230;789,000;790,000;1,000;03/07/2023;-7,46490871;-64,2423603;62,500;
AM;BR-230;790,000;791,000;1,000;03/07/2023;-7,46490871;-64,2423603;62,500;
AM;BR-230;791,000;792,000;1,000;03/07/2023;-7,46490871;-64,2423603;62,500;
AM;BR-230;792,000;793,000;1,000;03/07/2023;-7,46490871;-64,2423603;62,500;
AM;BR-230;793,000;794,000;1,000;03/07/2023;-7,46490871;-64,2423603;50,000;
AM;BR-230;794,000;795,000;1,000;03/07/2023;-7,46490871;-64,2423603;62,500;
AM;BR-230;795,000;796,000;1,000;03/07/2023;-7,46490871;-64,2423603;62,500;
AM;BR-230;796,000;797,000;1,000;03/07/2023;-7,46490871;-64,2423603;62,500;
AM;BR-230;797,000;798,000;1,000;03/07/2023;-7,46490871;-64,2423603;40,000;
AM;BR-230;798,000;799,000;1,000;03/07/2023;-7,46490871;-64,2423603;50,000;
AM;BR-230;799,000;800,000;1,000;03/07/2023;-7,46490871;-64,2423603;58,750;
AM;BR-230;800,000;801,000;1,000;03/07/2023;-7,46490871;-64,2423603;56,250;
AM;BR-230;801,000;802,000;1,000;03/07/2023;-7,46490871;-64,2423603;46,250;
AM;BR-230;802,000;803,000;1,000;03/07/2023;-7,46490871;-64,2423603;42,500;
AM;BR-230;803,000;804,000;1,000;03/07/2023;-7,46490871;-64,2423603;38,750;
AM;BR-230;804,000;805,000;1,000;03/07/2023;-7,46490871;-64,2423603;50,000;
AM;BR-230;805,000;806,000;1,000;03/07/2023;-7,46490871;-64,2423603;42,500;
AM;BR-230;806,000;807,000;1,000;03/07/2023;-7,46490871;-64,2423603;62,500;
AM;BR-230;807,000;808,000;1,000;03/07/2023;-7,46490871;-64,2423603;62,500;
AM;BR-230;808,000;809,000;1,000;03/07/2023;-7,46490871;-64,2423603;60,000;
AM;BR-230;809,000;810,000;1,000;03/07/2023;-7,46490871;-64,2423603;62,500;
AM;BR-230;810,000;811,000;1,000;03/07/2023;-7,46490871;-64,2423603;47,500;
AM;BR-230;811,000;812,000;1,000;03/07/2023;-7,46490871;-64,2423603;23,750;
AM;BR-230;812,000;813,000;1,000;03/07/2023;-7,46490871;-64,2423603;38,750;
AM;BR-230;813,000;814,000;1,000;03/07/2023;-7,46490871;-64,2423603;38,750;
AM;BR-230;814,000;815,000;1,000;03/07/2023;-7,46490871;-64,2423603;38,750;
AM;BR-230;815,000;816,300;1,300;03/07/2023;-7,46490871;-64,2423603;36,250;
AM;BR-230;609,200;608,000;1,200;05/07/2023;0;0;66,250;
AM;BR-230;608,000;607,000;1,000;05/07/2023;0;0;50,000;
AM;BR-230;607,000;606,000;1,000;05/07/2023;0;0;62,500;
AM;BR-230;606,000;605,000;1,000;05/07/2023;0;0;75,000;
AM;BR-230;605,000;604,000;1,000;05/07/2023;0;0;62,500;
AM;BR-230;604,000;603,000;1,000;05/07/2023;0;0;50,000;
AM;BR-230;603,000;602,000;1,000;05/07/2023;0;0;68,750;
AM;BR-230;602,000;601,000;1,000;05/07/2023;0;0;62,500;
AM;BR-230;601,000;600,000;1,000;05/07/2023;0;0;71,250;
AM;BR-230;600,000;599,000;1,000;05/07/2023;0;0;75,000;
AM;BR-230;599,000;598,000;1,000;05/07/2023;0;0;75,000;
AM;BR-230;598,000;597,000;1,000;05/07/2023;0;0;85,000;
AM;BR-230;597,000;596,000;1,000;05/07/2023;0;0;82,500;
AM;BR-230;596,000;595,000;1,000;05/07/2023;0;0;75,000;
AM;BR-230;595,000;594,000;1,000;05/07/2023;0;0;82,500;
AM;BR-230;594,000;593,000;1,000;05/07/2023;0;0;75,000;
AM;BR-230;593,000;592,000;1,000;05/07/2023;0;0;85,000;
AM;BR-230;592,000;591,000;1,000;05/07/2023;0;0;75,000;
AM;BR-230;591,000;590,000;1,000;05/07/2023;0;0;85,000;
AM;BR-230;590,000;589,000;1,000;05/07/2023;0;0;85,000;
AM;BR-230;589,000;588,000;1,000;05/07/2023;0;0;85,000;
AM;BR-230;588,000;587,000;1,000;05/07/2023;0;0;86,250;
AM;BR-230;587,000;586,000;1,000;05/07/2023;0;0;77,500;
AM;BR-230;586,000;585,000;1,000;05/07/2023;0;0;82,500;
AM;BR-230;585,000;584,000;1,000;05/07/2023;0;0;85,000;
AM;BR-230;584,000;583,000;1,000;05/07/2023;0;0;93,750;
AM;BR-230;583,000;582,000;1,000;05/07/2023;0;0;88,750;
AM;BR-230;582,000;581,000;1,000;05/07/2023;0;0;96,250;
AM;BR-230;581,000;580,000;1,000;05/07/2023;0;0;85,000;
AM;BR-230;580,000;579,000;1,000;05/07/2023;0;0;75,000;
AM;BR-230;579,000;578,000;1,000;05/07/2023;0;0;5,000;
AM;BR-230;578,000;577,000;1,000;05/07/2023;0;0;5,000;
AM;BR-230;577,000;576,000;1,000;05/07/2023;0;0;7,500;
AM;BR-230;576,000;575,000;1,000;05/07/2023;0;0;7,500;
AM;BR-230;575,000;574,000;1,000;05/07/2023;0;0;5,000;
AM;BR-230;574,000;573,000;1,000;05/07/2023;0;0;5,000;
AM;BR-230;573,000;572,000;1,000;05/07/2023;0;0;5,000;
AM;BR-230;572,000;571,000;1,000;05/07/2023;0;0;7,500;
AM;BR-230;571,000;570,000;1,000;05/07/2023;0;0;7,500;
AM;BR-230;570,000;569,000;1,000;05/07/2023;0;0;7,500;
AM;BR-230;569,000;568,000;1,000;05/07/2023;0;0;10,000;
AM;BR-230;568,000;567,000;1,000;05/07/2023;0;0;8,750;
AM;BR-230;567,000;566,000;1,000;05/07/2023;0;0;8,750;
AM;BR-230;566,000;565,000;1,000;05/07/2023;0;0;10,000;
AM;BR-230;565,000;564,000;1,000;05/07/2023;0;0;32,500;
AM;BR-230;564,000;563,000;1,000;05/07/2023;0;0;32,500;
AM;BR-230;563,000;562,000;1,000;05/07/2023;0;0;40,000;
AM;BR-230;562,000;561,000;1,000;05/07/2023;0;0;40,000;
AM;BR-230;561,000;560,000;1,000;05/07/2023;0;0;32,500;
AM;BR-230;560,000;559,000;1,000;05/07/2023;0;0;32,500;
AM;BR-230;559,000;558,000;1,000;05/07/2023;0;0;32,500;
AM;BR-230;558,000;557,000;1,000;05/07/2023;0;0;32,500;
AM;BR-230;557,000;556,000;1,000;05/07/2023;0;0;32,500;
AM;BR-230;556,000;555,000;1,000;05/07/2023;0;0;32,500;
AM;BR-230;555,000;554,000;1,000;05/07/2023;0;0;40,000;
AM;BR-230;554,000;553,000;1,000;05/07/2023;0;0;40,000;
AM;BR-230;553,000;552,000;1,000;05/07/2023;0;0;40,000;
AM;BR-230;552,000;551,000;1,000;05/07/2023;0;0;40,000;
AM;BR-230;551,000;550,000;1,000;05/07/2023;0;0;40,000;
AM;BR-230;550,000;549,000;1,000;05/07/2023;0;0;40,000;
AM;BR-230;549,000;548,000;1,000;05/07/2023;0;0;40,000;
AM;BR-230;548,000;547,000;1,000;05/07/2023;0;0;32,500;
AM;BR-230;547,000;546,000;1,000;05/07/2023;0;0;40,000;
AM;BR-230;546,000;545,000;1,000;05/07/2023;0;0;40,000;
AM;BR-230;545,000;544,000;1,000;05/07/2023;0;0;32,500;
AM;BR-230;544,000;543,000;1,000;05/07/2023;0;0;52,500;
AM;BR-230;543,000;542,000;1,000;05/07/2023;0;0;52,500;
AM;BR-230;542,000;541,000;1,000;05/07/2023;0;0;40,000;
AM;BR-230;541,000;540,000;1,000;05/07/2023;0;0;52,500;
AM;BR-230;540,000;539,000;1,000;05/07/2023;0;0;40,000;
AM;BR-230;539,000;538,000;1,000;05/07/2023;0;0;40,000;
AM;BR-230;538,000;537,000;1,000;05/07/2023;0;0;40,000;
AM;BR-230;537,000;536,000;1,000;05/07/2023;0;0;40,000;
AM;BR-230;536,000;535,000;1,000;05/07/2023;0;0;40,000;
AM;BR-230;535,000;534,000;1,000;05/07/2023;0;0;40,000;
AM;BR-230;534,000;533,000;1,000;05/07/2023;0;0;32,500;
AM;BR-230;533,000;532,000;1,000;05/07/2023;0;0;52,500;
AM;BR-230;532,000;531,000;1,000;05/07/2023;0;0;40,000;
AM;BR-230;531,000;530,000;1,000;05/07/2023;0;0;40,000;
AM;BR-230;530,000;529,000;1,000;05/07/2023;0;0;52,500;
AM;BR-230;529,000;528,000;1,000;05/07/2023;0;0;40,000;
AM;BR-230;528,000;527,000;1,000;05/07/2023;0;0;40,000;
AM;BR-230;527,000;526,000;1,000;05/07/2023;0;0;52,500;
AM;BR-230;526,000;525,000;1,000;05/07/2023;0;0;40,000;
AM;BR-230;525,000;524,000;1,000;05/07/2023;0;0;52,500;
AM;BR-230;524,000;523,000;1,000;05/07/2023;0;0;40,000;
AM;BR-230;523,000;522,000;1,000;05/07/2023;0;0;40,000;
AM;BR-230;522,000;521,000;1,000;05/07/2023;0;0;40,000;
AM;BR-230;521,000;520,000;1,000;05/07/2023;0;0;40,000;
AM;BR-230;520,000;519,000;1,000;05/07/2023;0;0;52,500;
AM;BR-230;519,000;518,000;1,000;05/07/2023;0;0;40,000;
AM;BR-230;518,000;517,000;1,000;05/07/2023;0;0;40,000;
AM;BR-230;517,000;516,300;0,700;05/07/2023;0;0;40,000;
MG;BR-265;577,800;578,000;0,200;05/07/2023;-21,0195926;-46,5363459;72,500;
MG;BR-265;578,000;579,000;1,000;05/07/2023;-21,0191531;-46,5373614;83,750;
MG;BR-265;579,000;580,000;1,000;05/07/2023;-21,0153424;-46,545279;88,750;
MG;BR-265;580,000;581,000;1,000;05/07/2023;-21,0112326;-46,5479272;88,750;
MG;BR-265;581,000;582,000;1,000;05/07/2023;-21,008732;-46,5583242;78,750;
MG;BR-265;582,000;582,450;0,450;05/07/2023;-21,0049672;-46,5671529;65,000;
MG;BR-265;585,500;586,000;0,500;05/07/2023;-21,0188409;-46,5939696;65,000;
MG;BR-265;586,000;586,800;0,800;05/07/2023;-21,0188409;-46,5939696;88,750;
MG;BR-146;352,420;353,300;0,880;05/07/2023;-21,0206131;-46,5352959;76,250;
MG;BR-265;564,240;564,650;0,410;05/07/2023;-20,9401443;-46,4630046;73,750;
MG;BR-265;559,350;559,750;0,400;05/07/2023;-20,9018902;-46,4418256;81,250;
MG;BR-265;550,600;551,450;0,850;05/07/2023;-20,8785617;-46,3697985;81,250;
RS;BR-470;88,400;89,000;0,600;07/07/2023;-28,2969017;-51,4617576;45,000;
RS;BR-470;89,000;90,000;1,000;07/07/2023;-28,2969017;-51,4617576;55,000;
RS;BR-470;90,000;91,000;1,000;07/07/2023;-28,3029066;-51,473462;68,750;
RS;BR-470;91,000;92,000;1,000;07/07/2023;-28,3029066;-51,473462;51,250;
RS;BR-470;92,000;93,000;1,000;07/07/2023;-28,3029066;-51,473462;48,750;
RS;BR-470;93,000;94,000;1,000;07/07/2023;-28,3029066;-51,473462;55,000;
RS;BR-470;94,000;95,000;1,000;07/07/2023;-28,3029066;-51,473462;56,250;
RS;BR-470;95,000;96,000;1,000;07/07/2023;-28,3029066;-51,473462;52,500;
RS;BR-470;96,000;97,000;1,000;07/07/2023;-28,3029066;-51,473462;48,750;
RS;BR-470;97,000;98,000;1,000;07/07/2023;-28,2978734;-51,3914329;51,250;
RS;BR-470;98,000;99,000;1,000;07/07/2023;-28,2978734;-51,3914329;43,750;
RS;BR-470;99,000;100,000;1,000;07/07/2023;-28,5971311;-51,6203846;43,750;
RS;BR-470;100,000;101,000;1,000;07/07/2023;-28,2978734;-51,3914329;43,750;
RS;BR-470;101,000;102,000;1,000;07/07/2023;-28,7209633;-51,0862072;43,750;
RS;BR-470;102,000;103,000;1,000;07/07/2023;-28,5971311;-51,6203846;45,000;
RS;BR-470;103,000;104,000;1,000;07/07/2023;-28,324083;-51,2388043;51,250;
RS;BR-470;104,000;105,000;1,000;07/07/2023;-28,324083;-51,2388043;58,750;
RS;BR-470;105,000;106,000;1,000;07/07/2023;-28,324083;-51,2388043;51,250;
RS;BR-470;106,000;107,000;1,000;07/07/2023;-28,324083;-51,2388043;73,750;
RS;BR-470;107,000;108,000;1,000;07/07/2023;-28,2978734;-51,3914329;68,750;
RS;BR-470;108,000;109,000;1,000;07/07/2023;-28,2978734;-51,3914329;51,250;
RS;BR-470;109,000;110,000;1,000;07/07/2023;-28,2978734;-51,3914329;37,500;
RS;BR-470;110,000;111,000;1,000;07/07/2023;-28,2978734;-51,3914329;51,250;
RS;BR-470;111,000;112,000;1,000;07/07/2023;-28,324083;-51,2388043;45,000;
RS;BR-470;112,000;113,000;1,000;07/07/2023;-28,324083;-51,2388043;37,500;
RS;BR-470;113,000;114,000;1,000;07/07/2023;-28,324083;-51,2388043;20,000;
RS;BR-470;114,000;115,000;1,000;07/07/2023;-28,5971311;-51,6203846;15,000;
RS;BR-470;115,000;116,000;1,000;07/07/2023;-28,5290953;-50,9626303;15,000;
RS;BR-470;116,000;117,000;1,000;07/07/2023;-28,324083;-51,2388043;20,000;
RS;BR-470;117,000;118,000;1,000;07/07/2023;-28,324083;-51,2388043;30,000;
RS;BR-470;118,000;119,000;1,000;07/07/2023;-28,324083;-51,2388043;22,500;
RS;BR-470;119,000;120,000;1,000;07/07/2023;-28,5971311;-51,6203846;22,500;
RS;BR-470;120,000;121,000;1,000;07/07/2023;-28,5971311;-51,6203846;22,500;
RS;BR-470;121,000;122,000;1,000;07/07/2023;-28,324083;-51,2388043;37,500;
RS;BR-470;122,000;123,000;1,000;07/07/2023;-28,5507669;-51,5521779;37,500;
RS;BR-470;123,000;124,000;1,000;07/07/2023;-28,5507669;-51,5521779;37,500;
RS;BR-470;124,000;125,000;1,000;07/07/2023;-28,5553926;-51,5515131;37,500;
RS;BR-470;125,000;126,000;1,000;07/07/2023;-28,5553926;-51,5515131;22,500;
RS;BR-470;126,000;127,000;1,000;07/07/2023;-28,5651715;-51,554567;43,750;
RS;BR-470;127,000;128,000;1,000;07/07/2023;-28,5725196;-51,5622696;37,500;
RS;BR-470;128,000;129,000;1,000;07/07/2023;-28,5819905;-51,5659714;37,500;
RS;BR-470;129,000;130,000;1,000;07/07/2023;-28,5819905;-51,5659714;55,000;
RS;BR-470;130,000;131,000;1,000;07/07/2023;-28,5819905;-51,5659714;43,750;
RS;BR-470;131,000;132,000;1,000;07/07/2023;-28,5819905;-51,5659714;37,500;
RS;BR-470;132,000;133,000;1,000;07/07/2023;-28,6064918;-51,5825546;37,500;
RS;BR-470;133,000;133,390;0,390;07/07/2023;-28,6176502;-51,5656986;42,500;
AM;BR-319;631,000;630,000;1,000;10/07/2023;-7,5166381;-63,0311308;92,500;
AM;BR-319;630,000;629,000;1,000;10/07/2023;-7,5166381;-63,0311308;92,500;
AM;BR-319;629,000;628,000;1,000;10/07/2023;-7,5166381;-63,0311308;78,750;
AM;BR-319;628,000;627,000;1,000;10/07/2023;-7,5207432;-63,0278554;92,500;
AM;BR-319;627,000;626,000;1,000;10/07/2023;-7,5207432;-63,0278554;86,250;
AM;BR-319;626,000;625,000;1,000;10/07/2023;-7,5207432;-63,0278554;86,250;
AM;BR-319;625,000;624,000;1,000;10/07/2023;-7,5207432;-63,0278554;86,250;
AM;BR-319;624,000;623,000;1,000;10/07/2023;-7,5207432;-63,0278554;92,500;
AM;BR-319;623,000;622,000;1,000;10/07/2023;-7,5207432;-63,0278554;92,500;
AM;BR-319;622,000;621,000;1,000;10/07/2023;-7,5207432;-63,0278554;92,500;
AM;BR-319;621,000;620,000;1,000;10/07/2023;-7,5207432;-63,0278554;78,750;
AM;BR-319;620,000;619,000;1,000;10/07/2023;-7,5207432;-63,0278554;92,500;
AM;BR-319;619,000;618,000;1,000;10/07/2023;-7,5207432;-63,0278554;86,250;
AM;BR-319;618,000;617,000;1,000;10/07/2023;-7,5207432;-63,0278554;92,500;
AM;BR-319;617,000;616,000;1,000;10/07/2023;-7,5207432;-63,0278554;85,000;
AM;BR-319;616,000;615,000;1,000;10/07/2023;-7,5207432;-63,0278554;92,500;
AM;BR-319;615,000;614,000;1,000;10/07/2023;-7,5207432;-63,0278554;85,000;
AM;BR-319;614,000;613,000;1,000;10/07/2023;-7,5166381;-63,0311308;100,000;
AM;BR-319;613,000;612,000;1,000;10/07/2023;-7,5166381;-63,0311308;96,250;
AM;BR-319;612,000;611,000;1,000;10/07/2023;-7,5166381;-63,0311308;96,250;
AM;BR-319;611,000;610,000;1,000;10/07/2023;-7,5166381;-63,0311308;92,500;
AM;BR-319;610,000;609,000;1,000;10/07/2023;-7,5166381;-63,0311308;71,250;
AM;BR-319;609,000;608,000;1,000;10/07/2023;-7,5166381;-63,0311308;85,000;
AM;BR-319;608,000;607,000;1,000;10/07/2023;-7,5166381;-63,0311308;61,250;
AM;BR-319;607,000;606,000;1,000;10/07/2023;-7,5166381;-63,0311308;61,250;
AM;BR-319;606,000;605,000;1,000;10/07/2023;-7,5166381;-63,0311308;71,250;
AM;BR-319;605,000;604,000;1,000;10/07/2023;-7,5166381;-63,0311308;71,250;
AM;BR-319;604,000;603,000;1,000;10/07/2023;-7,5166381;-63,0311308;65,000;
AM;BR-319;603,000;602,000;1,000;10/07/2023;-7,5166381;-63,0311308;85,000;
AM;BR-319;602,000;601,000;1,000;10/07/2023;-7,5166381;-63,0311308;72,500;
AM;BR-319;601,000;600,000;1,000;10/07/2023;-7,5166381;-63,0311308;75,000;
AM;BR-319;600,000;599,000;1,000;10/07/2023;-7,5166381;-63,0311308;67,500;
AM;BR-319;599,000;598,000;1,000;10/07/2023;-7,5166381;-63,0311308;67,500;
AM;BR-319;598,000;597,000;1,000;10/07/2023;-7,5166381;-63,0311308;68,750;
AM;BR-319;597,000;596,000;1,000;10/07/2023;-7,5166381;-63,0311308;75,000;
AM;BR-319;596,000;595,000;1,000;10/07/2023;-7,5166381;-63,0311308;58,750;
AM;BR-319;595,000;594,000;1,000;10/07/2023;-7,5166381;-63,0311308;62,500;
AM;BR-319;594,000;593,000;1,000;10/07/2023;-7,5166381;-63,0311308;67,500;
AM;BR-319;593,000;592,000;1,000;10/07/2023;-7,5166381;-63,0311308;62,500;
AM;BR-319;592,000;591,000;1,000;10/07/2023;-7,5166381;-63,0311308;68,750;
AM;BR-319;591,000;590,000;1,000;10/07/2023;-7,5166381;-63,0311308;78,750;
AM;BR-319;590,000;589,000;1,000;10/07/2023;-7,5166381;-63,0311308;56,250;
AM;BR-319;589,400;588,000;1,400;10/07/2023;-7,5166381;-63,0311308;47,500;
AM;BR-319;588,000;587,000;1,000;10/07/2023;-7,5166381;-63,0311308;67,500;
AM;BR-319;587,000;586,000;1,000;10/07/2023;-6,97563313;-63,0961985;92,500;
AM;BR-319;586,000;585,000;1,000;10/07/2023;-6,97563313;-63,0961985;96,250;
AM;BR-319;585,000;584,000;1,000;10/07/2023;-6,97563313;-63,0961985;96,250;
AM;BR-319;584,000;583,000;1,000;10/07/2023;-6,97563313;-63,0961985;96,250;
AM;BR-319;583,000;582,000;1,000;10/07/2023;-6,97563313;-63,0961985;100,000;
AM;BR-319;582,000;581,000;1,000;10/07/2023;-6,9770207;-63,0970035;96,250;
AM;BR-319;581,000;580,000;1,000;10/07/2023;-6,9763672;-63,0962673;88,750;
AM;BR-319;580,000;579,000;1,000;10/07/2023;-6,9770207;-63,0970035;85,000;
AM;BR-319;579,000;578,000;1,000;10/07/2023;-6,9012545;-63,0708727;85,000;
AM;BR-319;578,000;577,000;1,000;10/07/2023;-6,9012545;-63,0708727;92,500;
AM;BR-319;577,000;576,000;1,000;10/07/2023;-6,8904675;-63,0682967;92,500;
AM;BR-319;576,000;575,000;1,000;10/07/2023;-6,8904675;-63,0682967;92,500;
AM;BR-319;575,000;574,000;1,000;10/07/2023;-6,8904675;-63,0682967;100,000;
AM;BR-319;574,000;573,000;1,000;10/07/2023;-6,8904675;-63,0682967;92,500;
AM;BR-319;573,000;572,000;1,000;10/07/2023;-6,8904675;-63,0682967;92,500;
AM;BR-319;572,000;571,000;1,000;10/07/2023;-6,8904675;-63,0682967;81,250;
AM;BR-319;571,000;570,000;1,000;10/07/2023;-6,8904675;-63,0682967;81,250;
AM;BR-319;570,000;569,000;1,000;10/07/2023;-6,8904675;-63,0682967;96,250;
AM;BR-319;569,000;568,000;1,000;10/07/2023;-6,8904675;-63,0682967;96,250;
AM;BR-319;568,000;567,000;1,000;10/07/2023;-6,8904675;-63,0682967;92,500;
AM;BR-319;567,000;566,000;1,000;10/07/2023;-6,8904675;-63,0682967;96,250;
AM;BR-319;566,000;565,000;1,000;10/07/2023;-6,8904675;-63,0682967;92,500;
AM;BR-319;565,000;564,000;1,000;10/07/2023;-6,8904675;-63,0682967;92,500;
AM;BR-319;564,000;563,000;1,000;10/07/2023;-6,8904675;-63,0682967;92,500;
AM;BR-319;563,000;562,000;1,000;10/07/2023;-6,8904675;-63,0682967;92,500;
AM;BR-319;562,000;561,000;1,000;10/07/2023;-6,8904675;-63,0682967;85,000;
AM;BR-319;561,000;560,000;1,000;10/07/2023;-6,8904675;-63,0682967;76,250;
AM;BR-319;560,000;559,000;1,000;10/07/2023;-6,8904675;-63,0682967;92,500;
AM;BR-319;559,000;558,000;1,000;10/07/2023;-6,8904675;-63,0682967;100,000;
AM;BR-319;558,000;557,000;1,000;10/07/2023;-6,8904675;-63,0682967;96,250;
AM;BR-319;557,000;556,000;1,000;10/07/2023;-6,8904675;-63,0682967;92,500;
AM;BR-319;556,000;555,000;1,000;10/07/2023;-6,8904675;-63,0682967;96,250;
AM;BR-319;555,000;554,000;1,000;10/07/2023;-6,8904675;-63,0682967;96,250;
AM;BR-319;554,000;553,000;1,000;10/07/2023;-6,8904675;-63,0682967;96,250;
AM;BR-319;553,000;552,000;1,000;10/07/2023;-6,8904675;-63,0682967;96,250;
AM;BR-319;552,000;551,000;1,000;10/07/2023;-6,8904675;-63,0682967;96,250;
AM;BR-319;551,000;550,000;1,000;10/07/2023;-6,8904675;-63,0682967;85,000;
AM;BR-319;550,000;549,000;1,000;10/07/2023;-6,8904675;-63,0682967;85,000;
AM;BR-319;549,000;548,000;1,000;10/07/2023;-6,8904675;-63,0682967;85,000;
AM;BR-319;548,000;547,000;1,000;10/07/2023;-6,8904675;-63,0682967;92,500;
AM;BR-319;547,000;546,000;1,000;10/07/2023;-6,8904675;-63,0682967;96,250;
AM;BR-319;546,000;545,000;1,000;10/07/2023;-6,8904675;-63,0682967;88,750;
AM;BR-319;545,000;544,000;1,000;10/07/2023;-6,8904675;-63,0682967;85,000;
AM;BR-319;544,000;543,000;1,000;10/07/2023;-6,8904675;-63,0682967;96,250;
AM;BR-319;543,000;542,000;1,000;10/07/2023;-6,8904675;-63,0682967;85,000;
AM;BR-319;542,000;541,000;1,000;10/07/2023;-6,8904675;-63,0682967;73,750;
AM;BR-319;541,000;540,000;1,000;10/07/2023;-6,8904675;-63,0682967;77,500;
AM;BR-319;540,000;539,000;1,000;10/07/2023;-6,8904675;-63,0682967;80,000;
AM;BR-319;539,000;538,000;1,000;10/07/2023;-6,8904675;-63,0682967;96,250;
AM;BR-319;538,000;537,000;1,000;10/07/2023;-6,8904675;-63,0682967;82,500;
AM;BR-319;537,000;536,000;1,000;10/07/2023;-6,8904675;-63,0682967;90,000;
AM;BR-319;536,000;535,000;1,000;10/07/2023;-6,8904675;-63,0682967;96,250;
AM;BR-319;535,000;534,000;1,000;10/07/2023;-6,8904675;-63,0682967;92,500;
AM;BR-319;534,000;533,000;1,000;10/07/2023;-6,8904675;-63,0682967;90,000;
AM;BR-319;533,000;532,000;1,000;10/07/2023;-6,8904675;-63,0682967;68,750;
AM;BR-319;532,000;531,000;1,000;10/07/2023;-6,8904675;-63,0682967;86,250;
AM;BR-319;531,000;530,000;1,000;10/07/2023;-6,8904675;-63,0682967;82,500;
AM;BR-319;530,000;529,000;1,000;10/07/2023;-6,8904675;-63,0682967;71,250;
AM;BR-319;529,000;528,000;1,000;10/07/2023;-6,8904675;-63,0682967;82,500;
AM;BR-319;528,000;527,000;1,000;10/07/2023;-6,8904675;-63,0682967;86,250;
AM;BR-319;527,000;526,000;1,000;10/07/2023;-6,8904675;-63,0682967;82,500;
AM;BR-319;526,000;525,000;1,000;10/07/2023;-6,8904675;-63,0682967;90,000;
AM;BR-319;525,000;524,000;1,000;10/07/2023;-6,8904675;-63,0682967;82,500;
AM;BR-319;524,000;523,000;1,000;10/07/2023;-6,8904675;-63,0682967;87,500;
AM;BR-319;523,000;522,000;1,000;10/07/2023;-6,8904675;-63,0682967;90,000;
AM;BR-319;522,000;521,000;1,000;10/07/2023;-6,8904675;-63,0682967;80,000;
AM;BR-319;521,000;520,000;1,000;10/07/2023;-6,8904675;-63,0682967;82,500;
AM;BR-319;520,000;519,000;1,000;10/07/2023;-6,8904675;-63,0682967;85,000;
AM;BR-319;519,000;518,000;1,000;10/07/2023;-6,8904675;-63,0682967;80,000;
AM;BR-319;518,000;517,000;1,000;10/07/2023;-6,8904675;-63,0682967;85,000;
AM;BR-319;517,000;516,000;1,000;10/07/2023;-6,8904675;-63,0682967;82,500;
AM;BR-319;516,000;515,000;1,000;10/07/2023;-6,8904675;-63,0682967;82,500;
AM;BR-319;515,000;514,000;1,000;10/07/2023;-6,8904675;-63,0682967;77,500;
AM;BR-319;514,000;513,000;1,000;10/07/2023;-6,8904675;-63,0682967;82,500;
AM;BR-319;513,800;512,000;1,800;10/07/2023;-6,8904675;-63,0682967;10,000;
AM;BR-319;512,000;511,000;1,000;10/07/2023;-6,8904675;-63,0682967;10,000;
AM;BR-319;511,000;510,000;1,000;10/07/2023;-6,8904675;-63,0682967;10,000;
AM;BR-319;510,000;509,000;1,000;10/07/2023;-6,8904675;-63,0682967;10,000;
AM;BR-319;509,000;508,000;1,000;10/07/2023;-6,8904675;-63,0682967;10,000;
AM;BR-319;508,000;507,000;1,000;10/07/2023;-6,8904675;-63,0682967;10,000;
AM;BR-319;507,000;506,000;1,000;10/07/2023;-6,8904675;-63,0682967;5,000;
AM;BR-319;506,000;505,000;1,000;10/07/2023;-6,8904675;-63,0682967;10,000;
AM;BR-319;505,000;504,000;1,000;10/07/2023;-6,8904675;-63,0682967;43,750;
AM;BR-319;504,000;503,000;1,000;10/07/2023;-6,8904675;-63,0682967;10,000;
AM;BR-319;503,000;502,000;1,000;10/07/2023;-6,3042989;-62,7586002;10,000;
AM;BR-319;502,000;501,000;1,000;10/07/2023;-6,3042989;-62,7586002;35,000;
AM;BR-319;501,000;500,000;1,000;10/07/2023;-6,3042989;-62,7586002;10,000;
AM;BR-319;500,000;499,000;1,000;10/07/2023;-6,3042989;-62,7586002;10,000;
AM;BR-319;499,000;498,000;1,000;10/07/2023;-6,3042989;-62,7586002;10,000;
AM;BR-319;498,000;497,000;1,000;10/07/2023;-6,3042989;-62,7586002;10,000;
AM;BR-319;497,000;496,000;1,000;10/07/2023;-6,3042989;-62,7586002;7,500;
AM;BR-319;496,000;495,000;1,000;10/07/2023;-6,3042989;-62,7586002;8,750;
AM;BR-319;495,000;494,000;1,000;10/07/2023;-6,3042989;-62,7586002;8,750;
AM;BR-319;494,000;493,000;1,000;10/07/2023;-6,3042989;-62,7586002;8,750;
AM;BR-319;493,000;492,000;1,000;10/07/2023;-6,3042989;-62,7586002;8,750;
AM;BR-319;492,000;491,000;1,000;10/07/2023;-6,3042989;-62,7586002;8,750;
AM;BR-319;491,000;490,000;1,000;10/07/2023;-6,3042989;-62,7586002;8,750;
AM;BR-319;490,000;489,000;1,000;10/07/2023;-6,3042989;-62,7586002;21,250;
AM;BR-319;489,000;488,000;1,000;10/07/2023;-6,3042989;-62,7586002;78,750;
AM;BR-319;488,000;487,000;1,000;10/07/2023;-6,3042989;-62,7586002;71,250;
AM;BR-319;487,000;486,000;1,000;10/07/2023;-6,3042989;-62,7586002;71,250;
AM;BR-319;486,000;485,000;1,000;10/07/2023;-6,3042989;-62,7586002;65,000;
AM;BR-319;485,000;484,000;1,000;10/07/2023;-6,3042989;-62,7586002;71,250;
AM;BR-319;484,000;483,000;1,000;10/07/2023;-6,3042989;-62,7586002;75,000;
AM;BR-319;483,000;482,000;1,000;10/07/2023;-6,3042989;-62,7586002;90,000;
AM;BR-319;482,000;481,000;1,000;10/07/2023;-6,3042989;-62,7586002;75,000;
AM;BR-319;481,000;480,000;1,000;10/07/2023;-6,3042989;-62,7586002;78,750;
AM;BR-319;480,000;479,000;1,000;10/07/2023;-6,3042989;-62,7586002;78,750;
AM;BR-319;479,000;478,000;1,000;10/07/2023;-6,3042989;-62,7586002;65,000;
AM;BR-319;478,000;477,000;1,000;10/07/2023;-6,3042989;-62,7586002;76,250;
AM;BR-319;477,000;476,000;1,000;10/07/2023;-6,3042989;-62,7586002;71,250;
AM;BR-319;476,000;475,000;1,000;10/07/2023;-6,3042989;-62,7586002;92,500;
AM;BR-319;475,000;474,000;1,000;10/07/2023;-6,3042989;-62,7586002;80,000;
AM;BR-319;474,000;473,000;1,000;10/07/2023;-6,3042989;-62,7586002;78,750;
AM;BR-319;473,000;472,000;1,000;10/07/2023;-6,3042989;-62,7586002;71,250;
AM;BR-319;472,000;471,000;1,000;10/07/2023;-6,3042989;-62,7586002;71,250;
AM;BR-319;471,000;470,000;1,000;10/07/2023;-6,3042989;-62,7586002;67,500;
AM;BR-319;470,000;469,000;1,000;10/07/2023;-6,3042989;-62,7586002;75,000;
AM;BR-319;469,000;468,000;1,000;10/07/2023;-6,3042989;-62,7586002;85,000;
AM;BR-319;468,000;467,000;1,000;10/07/2023;-6,3042989;-62,7586002;85,000;
AM;BR-319;467,000;466,000;1,000;10/07/2023;-6,3042989;-62,7586002;92,500;
AM;BR-319;466,000;465,000;1,000;10/07/2023;-6,3042989;-62,7586002;96,250;
AM;BR-319;465,000;464,000;1,000;10/07/2023;-6,3042989;-62,7586002;100,000;
AM;BR-319;464,000;463,000;1,000;10/07/2023;-6,3042989;-62,7586002;55,000;
AM;BR-319;463,000;462,000;1,000;10/07/2023;-6,3042989;-62,7586002;82,500;
AM;BR-319;462,000;461,000;1,000;10/07/2023;-6,3042989;-62,7586002;88,750;
AM;BR-319;461,000;460,000;1,000;10/07/2023;-6,3042989;-62,7586002;92,500;
AM;BR-319;460,000;459,000;1,000;10/07/2023;-6,3042989;-62,7586002;88,750;
AM;BR-319;459,000;458,000;1,000;10/07/2023;-6,3042989;-62,7586002;92,500;
AM;BR-319;458,000;457,000;1,000;10/07/2023;-6,3042989;-62,7586002;88,750;
AM;BR-319;457,000;456,000;1,000;10/07/2023;-6,3042989;-62,7586002;92,500;
AM;BR-319;456,000;455,000;1,000;10/07/2023;-6,3042989;-62,7586002;85,000;
AM;BR-319;455,000;454,000;1,000;10/07/2023;-6,3042989;-62,7586002;96,250;
AM;BR-319;454,000;453,000;1,000;10/07/2023;-6,3042989;-62,7586002;85,000;
AM;BR-319;453,000;452,000;1,000;10/07/2023;-6,3042989;-62,7586002;92,500;
AM;BR-319;452,000;451,000;1,000;10/07/2023;-6,3042989;-62,7586002;96,250;
AM;BR-319;451,000;450,000;1,000;10/07/2023;-6,3042989;-62,7586002;85,000;
AM;BR-319;450,000;449,000;1,000;10/07/2023;-6,3042989;-62,7586002;85,000;
AM;BR-319;449,000;448,000;1,000;10/07/2023;-6,3042989;-62,7586002;81,250;
AM;BR-319;448,000;447,000;1,000;10/07/2023;-6,3042989;-62,7586002;81,250;
AM;BR-319;447,000;446,000;1,000;10/07/2023;-6,3042989;-62,7586002;82,500;
AM;BR-319;446,000;445,000;1,000;10/07/2023;-6,3042989;-62,7586002;81,250;
AM;BR-319;445,000;444,000;1,000;10/07/2023;-6,3042989;-62,7586002;85,000;
AM;BR-319;444,000;443,000;1,000;10/07/2023;-6,3042989;-62,7586002;68,750;
AM;BR-319;443,000;442,000;1,000;10/07/2023;-6,3042989;-62,7586002;80,000;
AM;BR-319;442,000;441,000;1,000;10/07/2023;-6,3042989;-62,7586002;88,750;
AM;BR-319;441,000;440,000;1,000;10/07/2023;-6,3042989;-62,7586002;92,500;
AM;BR-319;440,000;439,000;1,000;10/07/2023;-6,3042989;-62,7586002;76,250;
AM;BR-319;439,000;438,000;1,000;10/07/2023;-6,3042989;-62,7586002;78,750;
AM;BR-319;438,000;437,000;1,000;10/07/2023;-6,3042989;-62,7586002;81,250;
AM;BR-319;437,000;436,000;1,000;10/07/2023;-6,3042989;-62,7586002;86,250;
AM;BR-319;436,000;435,000;1,000;10/07/2023;-6,3042989;-62,7586002;88,750;
AM;BR-319;435,000;434,000;1,000;10/07/2023;-6,3042989;-62,7586002;80,000;
AM;BR-319;434,000;433,000;1,000;10/07/2023;-6,3042989;-62,7586002;85,000;
AM;BR-319;261,100;262,000;0,900;11/07/2023;-4,73055836;-61,3009404;62,500;
AM;BR-319;262,000;263,000;1,000;11/07/2023;-4,73055836;-61,3009404;55,000;
AM;BR-319;263,000;264,000;1,000;11/07/2023;-4,73055836;-61,3009404;55,000;
AM;BR-319;264,000;265,000;1,000;11/07/2023;-4,73055836;-61,3009404;51,250;
AM;BR-319;265,000;266,000;1,000;11/07/2023;-4,73055836;-61,3009404;55,000;
AM;BR-319;266,000;267,000;1,000;11/07/2023;-4,73055836;-61,3009404;51,250;
AM;BR-319;267,000;268,000;1,000;11/07/2023;-4,73055836;-61,3009404;51,250;
AM;BR-319;268,000;269,000;1,000;11/07/2023;-4,73055836;-61,3009404;57,500;
AM;BR-319;269,000;270,000;1,000;11/07/2023;-4,73055836;-61,3009404;51,250;
AM;BR-319;270,000;271,000;1,000;11/07/2023;-4,73055836;-61,3009404;51,250;
AM;BR-319;271,000;272,000;1,000;11/07/2023;-4,73055836;-61,3009404;51,250;
AM;BR-319;272,000;273,000;1,000;11/07/2023;-4,73055836;-61,3009404;51,250;
AM;BR-319;273,000;274,000;1,000;11/07/2023;-4,73055836;-61,3009404;50,000;
AM;BR-319;274,000;275,000;1,000;11/07/2023;-4,73055836;-61,3009404;55,000;
AM;BR-319;275,000;276,000;1,000;11/07/2023;-4,73055836;-61,3009404;51,250;
AM;BR-319;276,000;277,000;1,000;11/07/2023;-4,73055836;-61,3009404;55,000;
AM;BR-319;277,000;278,000;1,000;11/07/2023;-4,73055836;-61,3009404;82,500;
AM;BR-319;278,000;279,000;1,000;11/07/2023;-4,81620575;-61,3774845;82,500;
AM;BR-319;279,000;280,000;1,000;11/07/2023;-4,81620575;-61,3774845;82,500;
AM;BR-319;280,000;281,000;1,000;11/07/2023;-4,81620575;-61,3774845;82,500;
AM;BR-319;281,000;282,000;1,000;11/07/2023;-4,81620575;-61,3774845;86,250;
AM;BR-319;282,000;283,000;1,000;11/07/2023;-4,81620575;-61,3774845;76,250;
AM;BR-319;283,000;284,000;1,000;11/07/2023;-4,81620575;-61,3774845;72,500;
AM;BR-319;284,000;285,000;1,000;11/07/2023;-4,81620575;-61,3774845;76,250;
AM;BR-319;285,000;286,000;1,000;11/07/2023;-4,81620575;-61,3774845;86,250;
AM;BR-319;286,000;287,000;1,000;11/07/2023;-4,81620575;-61,3774845;82,500;
AM;BR-319;287,000;288,000;1,000;11/07/2023;-4,81620575;-61,3774845;82,500;
AM;BR-319;288,000;289,000;1,000;11/07/2023;-4,81620575;-61,3774845;82,500;
AM;BR-319;289,000;290,000;1,000;11/07/2023;-4,81620575;-61,3774845;68,750;
AM;BR-319;290,000;291,000;1,000;11/07/2023;-3,8263178;-60,3647528;66,250;
AM;BR-319;291,000;292,000;1,000;11/07/2023;-3,8263178;-60,3647528;70,000;
AM;BR-319;292,000;293,000;1,000;11/07/2023;-3,8263178;-60,3647528;83,750;
AM;BR-319;293,000;294,000;1,000;11/07/2023;-3,8263178;-60,3647528;83,750;
AM;BR-319;294,000;295,000;1,000;11/07/2023;-3,8263178;-60,3647528;77,500;
AM;BR-319;295,000;296,000;1,000;11/07/2023;-3,8263178;-60,3647528;68,750;
AM;BR-319;296,000;297,000;1,000;11/07/2023;-3,8263178;-60,3647528;76,250;
AM;BR-319;297,000;298,000;1,000;11/07/2023;-3,8263178;-60,3647528;75,000;
AM;BR-319;298,000;299,000;1,000;11/07/2023;-3,8263178;-60,3647528;61,250;
AM;BR-319;299,000;300,000;1,000;11/07/2023;-3,8263178;-60,3647528;67,500;
AM;BR-319;300,000;301,000;1,000;11/07/2023;-3,8263178;-60,3647528;61,250;
AM;BR-319;301,000;302,000;1,000;11/07/2023;-3,8263178;-60,3647528;68,750;
AM;BR-319;302,000;303,000;1,000;11/07/2023;-3,8263178;-60,3647528;68,750;
AM;BR-319;303,000;304,000;1,000;11/07/2023;-3,8263178;-60,3647528;61,250;
AM;BR-319;304,000;305,000;1,000;11/07/2023;-3,8263178;-60,3647528;68,750;
AM;BR-319;305,000;306,000;1,000;11/07/2023;-3,8263178;-60,3647528;68,750;
AM;BR-319;306,000;307,000;1,000;11/07/2023;-3,8263178;-60,3647528;68,750;
AM;BR-319;307,000;308,000;1,000;11/07/2023;-3,8263178;-60,3647528;72,500;
AM;BR-319;308,000;309,000;1,000;11/07/2023;-3,8263178;-60,3647528;72,500;
AM;BR-319;309,000;310,000;1,000;11/07/2023;-3,8263178;-60,3647528;71,250;
AM;BR-319;310,000;311,000;1,000;11/07/2023;-3,8263178;-60,3647528;83,750;
AM;BR-319;311,000;312,000;1,000;11/07/2023;-3,8263178;-60,3647528;70,000;
AM;BR-319;312,000;313,000;1,000;11/07/2023;-3,8263178;-60,3647528;66,250;
AM;BR-319;313,000;314,000;1,000;11/07/2023;-3,8263178;-60,3647528;80,000;
AM;BR-319;314,000;315,000;1,000;11/07/2023;-3,8263178;-60,3647528;72,500;
AM;BR-319;315,000;316,000;1,000;11/07/2023;-3,8263178;-60,3647528;80,000;
AM;BR-319;316,000;317,000;1,000;11/07/2023;-3,8263178;-60,3647528;68,750;
AM;BR-319;317,000;318,000;1,000;11/07/2023;-3,8263178;-60,3647528;68,750;
AM;BR-319;318,000;319,000;1,000;11/07/2023;-3,8263178;-60,3647528;72,500;
AM;BR-319;319,000;320,000;1,000;11/07/2023;-3,8263178;-60,3647528;80,000;
AM;BR-319;320,000;321,000;1,000;11/07/2023;-3,8263178;-60,3647528;80,000;
AM;BR-319;321,000;322,000;1,000;11/07/2023;-3,8263178;-60,3647528;70,000;
AM;BR-319;322,000;323,000;1,000;11/07/2023;-3,8263178;-60,3647528;68,750;
AM;BR-319;323,000;324,000;1,000;11/07/2023;-3,8263178;-60,3647528;67,500;
AM;BR-319;324,000;325,000;1,000;11/07/2023;-3,8263178;-60,3647528;77,500;
AM;BR-319;325,000;326,000;1,000;11/07/2023;-3,8263178;-60,3647528;77,500;
AM;BR-319;326,000;327,000;1,000;11/07/2023;-3,8263178;-60,3647528;61,250;
AM;BR-319;327,000;328,000;1,000;11/07/2023;-3,8263178;-60,3647528;80,000;
AM;BR-319;328,000;329,000;1,000;11/07/2023;-3,8263178;-60,3647528;80,000;
AM;BR-319;329,000;330,000;1,000;11/07/2023;-3,8263178;-60,3647528;67,500;
AM;BR-319;330,000;331,000;1,000;11/07/2023;-3,8263178;-60,3647528;82,500;
AM;BR-319;331,000;332,000;1,000;11/07/2023;-3,8263178;-60,3647528;82,500;
AM;BR-319;332,000;333,000;1,000;11/07/2023;-3,8263178;-60,3647528;78,750;
AM;BR-319;333,000;334,000;1,000;11/07/2023;-3,8263178;-60,3647528;76,250;
AM;BR-319;334,000;335,000;1,000;11/07/2023;-3,8263178;-60,3647528;76,250;
AM;BR-319;335,000;336,000;1,000;11/07/2023;-3,8263178;-60,3647528;68,750;
AM;BR-319;336,000;337,000;1,000;11/07/2023;-3,8263178;-60,3647528;62,500;
AM;BR-319;337,000;338,000;1,000;11/07/2023;-3,8263178;-60,3647528;62,500;
AM;BR-319;338,000;339,000;1,000;11/07/2023;-3,8263178;-60,3647528;61,250;
AM;BR-319;339,000;340,000;1,000;11/07/2023;-3,8263178;-60,3647528;75,000;
AM;BR-319;340,000;341,000;1,000;11/07/2023;-3,8263178;-60,3647528;75,000;
AM;BR-319;341,000;342,000;1,000;11/07/2023;-3,8263178;-60,3647528;61,250;
AM;BR-319;342,000;343,000;1,000;11/07/2023;-3,8263178;-60,3647528;75,000;
AM;BR-319;343,000;344,000;1,000;11/07/2023;-3,8263178;-60,3647528;68,750;
AM;BR-319;346,200;347,000;0,800;11/07/2023;-3,8263178;-60,3647528;52,500;
AM;BR-319;347,000;348,000;1,000;11/07/2023;-3,8263178;-60,3647528;52,500;
AM;BR-319;348,000;349,000;1,000;11/07/2023;-3,8263178;-60,3647528;52,500;
AM;BR-319;349,000;350,000;1,000;11/07/2023;-3,8263178;-60,3647528;52,500;
AM;BR-319;350,000;351,000;1,000;11/07/2023;-3,8263178;-60,3647528;52,500;
AM;BR-319;351,000;352,000;1,000;11/07/2023;-3,8263178;-60,3647528;52,500;
AM;BR-319;352,000;353,000;1,000;11/07/2023;-3,8263178;-60,3647528;52,500;
AM;BR-319;353,000;354,000;1,000;11/07/2023;-3,8263178;-60,3647528;52,500;
AM;BR-319;354,000;355,000;1,000;11/07/2023;-3,8263178;-60,3647528;52,500;
AM;BR-319;355,000;356,000;1,000;11/07/2023;-3,8263178;-60,3647528;52,500;
AM;BR-319;356,000;357,000;1,000;11/07/2023;-3,8263178;-60,3647528;52,500;
AM;BR-319;357,000;358,000;1,000;11/07/2023;-3,8263178;-60,3647528;52,500;
AM;BR-319;358,000;359,000;1,000;11/07/2023;-3,8263178;-60,3647528;52,500;
AM;BR-319;359,000;360,000;1,000;11/07/2023;-5,256326;-61,9029409;52,500;
AM;BR-319;360,000;361,000;1,000;11/07/2023;-5,256326;-61,9029409;52,500;
AM;BR-319;361,000;362,000;1,000;11/07/2023;-5,256326;-61,9029409;52,500;
AM;BR-319;362,000;363,000;1,000;11/07/2023;-5,256326;-61,9029409;52,500;
AM;BR-319;363,000;364,000;1,000;11/07/2023;-5,256326;-61,9029409;62,500;
AM;BR-319;364,000;365,000;1,000;11/07/2023;-5,256326;-61,9029409;62,500;
AM;BR-319;365,000;366,000;1,000;11/07/2023;-5,256326;-61,9029409;73,750;
AM;BR-319;366,000;367,000;1,000;11/07/2023;-5,256326;-61,9029409;73,750;
AM;BR-319;367,000;368,000;1,000;11/07/2023;-5,256326;-61,9029409;73,750;
AM;BR-319;368,000;369,000;1,000;11/07/2023;-5,256326;-61,9029409;73,750;
AM;BR-319;369,000;370,000;1,000;11/07/2023;-5,256326;-61,9029409;70,000;
AM;BR-319;370,000;371,000;1,000;11/07/2023;-5,256326;-61,9029409;73,750;
AM;BR-319;371,000;372,000;1,000;11/07/2023;-5,256326;-61,9029409;70,000;
AM;BR-319;372,000;373,000;1,000;11/07/2023;-5,256326;-61,9029409;77,500;
AM;BR-319;373,000;374,000;1,000;11/07/2023;-5,256326;-61,9029409;76,250;
AM;BR-319;374,000;375,000;1,000;11/07/2023;-5,256326;-61,9029409;73,750;
AM;BR-319;375,000;376,000;1,000;11/07/2023;-5,256326;-61,9029409;73,750;
AM;BR-319;376,000;377,000;1,000;11/07/2023;-5,256326;-61,9029409;73,750;
AM;BR-319;377,000;378,000;1,000;11/07/2023;-5,256326;-61,9029409;73,750;
AM;BR-319;378,000;379,000;1,000;11/07/2023;-5,256326;-61,9029409;73,750;
AM;BR-319;379,000;380,000;1,000;11/07/2023;-5,256326;-61,9029409;70,000;
AM;BR-319;380,000;381,000;1,000;11/07/2023;-5,256326;-61,9029409;72,500;
AM;BR-319;381,000;382,000;1,000;11/07/2023;-5,256326;-61,9029409;50,000;
AM;BR-319;382,000;383,000;1,000;11/07/2023;-5,256326;-61,9029409;50,000;
AM;BR-319;383,000;384,000;1,000;11/07/2023;-5,256326;-61,9029409;50,000;
AM;BR-319;384,000;385,000;1,000;11/07/2023;-5,256326;-61,9029409;55,000;
AM;BR-319;385,000;386,000;1,000;11/07/2023;-5,256326;-61,9029409;72,500;
AM;BR-319;386,000;387,000;1,000;11/07/2023;-5,256326;-61,9029409;72,500;
AM;BR-319;387,000;388,000;1,000;11/07/2023;-5,256326;-61,9029409;52,500;
AM;BR-319;388,000;389,000;1,000;11/07/2023;-5,256326;-61,9029409;56,250;
AM;BR-319;389,000;390,000;1,000;11/07/2023;-5,256326;-61,9029409;52,500;
AM;BR-319;390,000;391,000;1,000;11/07/2023;-5,256326;-61,9029409;52,500;
AM;BR-319;391,000;392,000;1,000;11/07/2023;-5,256326;-61,9029409;52,500;
AM;BR-319;392,000;393,000;1,000;11/07/2023;-5,256326;-61,9029409;52,500;
AM;BR-319;393,000;394,000;1,000;11/07/2023;-5,256326;-61,9029409;52,500;
AM;BR-319;394,000;395,000;1,000;11/07/2023;-5,256326;-61,9029409;52,500;
AM;BR-319;395,000;396,000;1,000;11/07/2023;-5,256326;-61,9029409;52,500;
AM;BR-319;396,000;397,000;1,000;11/07/2023;-5,256326;-61,9029409;52,500;
AM;BR-319;397,000;398,000;1,000;11/07/2023;-5,256326;-61,9029409;52,500;
AM;BR-319;398,000;399,000;1,000;11/07/2023;-3,8263178;-60,3647528;52,500;
AM;BR-319;399,000;400,000;1,000;11/07/2023;-3,8263178;-60,3647528;52,500;
AM;BR-319;400,000;401,000;1,000;11/07/2023;-3,8263178;-60,3647528;52,500;
AM;BR-319;401,000;402,000;1,000;11/07/2023;-3,8263178;-60,3647528;52,500;
AM;BR-319;402,000;403,000;1,000;11/07/2023;-3,8263178;-60,3647528;73,750;
AM;BR-319;403,000;404,000;1,000;11/07/2023;-5,6121307;-62,199357;52,500;
AM;BR-319;404,000;405,000;1,000;11/07/2023;-3,8263178;-60,3647528;73,750;
AM;BR-319;405,000;406,000;1,000;11/07/2023;-3,8263178;-60,3647528;52,500;
AM;BR-319;406,000;407,000;1,000;11/07/2023;-3,8263178;-60,3647528;56,250;
AM;BR-319;407,000;408,000;1,000;11/07/2023;-3,8263178;-60,3647528;56,250;
AM;BR-319;408,000;409,000;1,000;11/07/2023;-3,8263178;-60,3647528;58,750;
AM;BR-319;409,000;410,000;1,000;11/07/2023;-3,8263178;-60,3647528;52,500;
AM;BR-319;410,000;411,000;1,000;11/07/2023;-3,8263178;-60,3647528;66,250;
AM;BR-319;411,000;412,000;1,000;11/07/2023;-3,8263178;-60,3647528;73,750;
AM;BR-319;412,000;413,000;1,000;11/07/2023;-3,8263178;-60,3647528;73,750;
AM;BR-319;413,000;414,000;1,000;11/07/2023;-3,8263178;-60,3647528;70,000;
AM;BR-319;414,000;415,000;1,000;11/07/2023;-3,8263178;-60,3647528;73,750;
AM;BR-319;415,000;416,000;1,000;11/07/2023;-3,8263178;-60,3647528;78,750;
AM;BR-319;416,000;417,000;1,000;11/07/2023;-3,8263178;-60,3647528;73,750;
AM;BR-319;417,000;418,000;1,000;11/07/2023;-3,8263178;-60,3647528;80,000;
AM;BR-319;418,000;419,000;1,000;11/07/2023;-3,8263178;-60,3647528;80,000;
AM;BR-319;419,000;420,000;1,000;11/07/2023;-3,8263178;-60,3647528;80,000;
AM;BR-319;420,000;421,000;1,000;11/07/2023;-3,8263178;-60,3647528;73,750;
AM;BR-319;421,000;422,000;1,000;11/07/2023;-3,8263178;-60,3647528;72,500;
AM;BR-319;422,000;423,000;1,000;11/07/2023;-3,8263178;-60,3647528;62,500;
AM;BR-319;423,000;424,000;1,000;11/07/2023;-3,8263178;-60,3647528;73,750;
AM;BR-319;424,000;425,000;1,000;11/07/2023;-3,8263178;-60,3647528;78,750;
AM;BR-319;425,000;426,000;1,000;11/07/2023;-3,8263178;-60,3647528;73,750;
AM;BR-319;426,000;427,000;1,000;11/07/2023;-3,8263178;-60,3647528;72,500;
AM;BR-319;427,000;428,000;1,000;11/07/2023;-3,8263178;-60,3647528;72,500;
AM;BR-319;428,000;429,000;1,000;11/07/2023;-3,8263178;-60,3647528;73,750;
AM;BR-319;429,000;430,000;1,000;11/07/2023;-3,8263178;-60,3647528;63,750;
AM;BR-319;430,000;431,000;1,000;11/07/2023;-3,8263178;-60,3647528;70,000;
AM;BR-319;431,000;432,000;1,000;11/07/2023;-3,8263178;-60,3647528;73,750;
AM;BR-319;432,000;433,000;1,000;11/07/2023;-3,8263178;-60,3647528;52,500;
AM;BR-319;198,200;199,000;0,800;11/07/2023;-5,6121312;-62,1993559;72,500;
AM;BR-319;199,000;200,000;1,000;11/07/2023;-5,6121308;-62,1993559;71,250;
AM;BR-319;200,000;201,000;1,000;11/07/2023;-5,6121315;-62,1993561;72,500;
AM;BR-319;201,000;202,000;1,000;11/07/2023;-5,6121304;-62,1993511;93,750;
AM;BR-319;202,000;203,000;1,000;11/07/2023;-5,6121296;-62,1993503;81,250;
AM;BR-319;203,000;204,000;1,000;11/07/2023;-5,6121331;-62,1993535;72,500;
AM;BR-319;204,000;205,000;1,000;11/07/2023;-5,6121333;-62,1993547;72,500;
AM;BR-319;205,000;206,000;1,000;11/07/2023;-5,6121267;-62,1993538;87,500;
AM;BR-319;206,000;207,000;1,000;11/07/2023;-5,6121307;-62,199353;73,750;
AM;BR-319;207,000;208,000;1,000;11/07/2023;-5,612132;-62,1993554;75,000;
AM;BR-319;208,000;209,000;1,000;11/07/2023;-5,6121311;-62,1993509;90,000;
AM;BR-319;209,000;210,000;1,000;11/07/2023;-5,6121301;-62,1993509;86,250;
AM;BR-319;210,000;211,000;1,000;11/07/2023;-5,6121307;-62,1993505;88,750;
AM;BR-319;211,000;212,000;1,000;11/07/2023;-5,6121309;-62,1993532;88,750;
AM;BR-319;212,000;213,000;1,000;11/07/2023;-5,6121307;-62,1993506;88,750;
AM;BR-319;213,000;214,000;1,000;11/07/2023;-5,6121306;-62,1993509;88,750;
AM;BR-319;214,000;215,000;1,000;11/07/2023;-5,6121302;-62,1993506;52,500;
AM;BR-319;215,000;216,000;1,000;11/07/2023;-5,61213;-62,1993512;52,500;
AM;BR-319;216,000;217,000;1,000;11/07/2023;-5,6121313;-62,1993513;52,500;
AM;BR-319;217,000;218,000;1,000;11/07/2023;-5,6121313;-62,1993513;60,000;
AM;BR-319;218,000;219,000;1,000;11/07/2023;-5,6121301;-62,1993517;60,000;
AM;BR-319;219,000;220,000;1,000;11/07/2023;-5,6121298;-62,1993509;57,500;
AM;BR-319;220,000;221,000;1,000;11/07/2023;-5,6121296;-62,1993504;60,000;
AM;BR-319;221,000;222,000;1,000;11/07/2023;-5,6121297;-62,1993508;60,000;
AM;BR-319;222,000;223,000;1,000;11/07/2023;-5,6121302;-62,1993508;60,000;
AM;BR-319;223,000;224,000;1,000;11/07/2023;-5,6121301;-62,1993504;60,000;
AM;BR-319;224,000;225,000;1,000;11/07/2023;-5,6121303;-62,199351;60,000;
AM;BR-319;225,000;226,000;1,000;11/07/2023;-5,6121338;-62,1993533;60,000;
AM;BR-319;226,000;227,000;1,000;11/07/2023;-5,6121309;-62,1993557;60,000;
AM;BR-319;227,000;228,000;1,000;11/07/2023;-5,6121309;-62,199353;63,750;
AM;BR-319;228,000;229,000;1,000;11/07/2023;-5,612128;-62,1993528;73,750;
AM;BR-319;229,000;230,000;1,000;11/07/2023;-5,6121299;-62,1993505;73,750;
AM;BR-319;230,000;231,000;1,000;11/07/2023;-5,6121309;-62,1993532;73,750;
AM;BR-319;231,000;232,000;1,000;11/07/2023;-5,6121304;-62,1993506;73,750;
AM;BR-319;232,000;233,000;1,000;11/07/2023;-5,6121304;-62,199354;73,750;
AM;BR-319;233,000;234,000;1,000;11/07/2023;-5,612131;-62,1993537;70,000;
AM;BR-319;234,000;235,000;1,000;11/07/2023;-5,6121282;-62,1993524;73,750;
AM;BR-319;235,000;236,000;1,000;11/07/2023;-5,6121299;-62,1993509;73,750;
AM;BR-319;236,000;237,000;1,000;11/07/2023;-5,6121267;-62,1993541;51,250;
AM;BR-319;237,000;238,000;1,000;11/07/2023;-5,6121348;-62,1993538;51,250;
AM;BR-319;238,000;239,000;1,000;11/07/2023;-5,6121306;-62,1993521;51,250;
AM;BR-319;239,000;240,000;1,000;11/07/2023;-5,6121317;-62,1993514;51,250;
AM;BR-319;240,000;241,000;1,000;11/07/2023;-5,6121304;-62,199353;51,250;
AM;BR-319;241,000;242,000;1,000;11/07/2023;-5,6121291;-62,1993526;51,250;
AM;BR-319;242,000;243,000;1,000;11/07/2023;-5,6121325;-62,1993517;51,250;
AM;BR-319;243,000;244,000;1,000;11/07/2023;-5,6121317;-62,1993556;51,250;
AM;BR-319;244,000;245,000;1,000;11/07/2023;-5,6121293;-62,1993535;51,250;
AM;BR-319;245,000;246,000;1,000;11/07/2023;-5,6121301;-62,1993537;51,250;
AM;BR-319;246,000;247,000;1,000;11/07/2023;-5,6121319;-62,1993513;51,250;
AM;BR-319;247,000;248,000;1,000;11/07/2023;-5,6121308;-62,1993524;51,250;
AM;BR-319;248,000;249,000;1,000;11/07/2023;-5,6121315;-62,1993548;51,250;
AM;BR-319;249,000;250,000;1,000;11/07/2023;-5,6121289;-62,1993532;51,250;
AM;BR-319;250,000;251,000;1,000;11/07/2023;-5,6121311;-62,1993534;73,750;
AM;BR-319;251,000;252,000;1,000;11/07/2023;-5,6121319;-62,1993526;73,750;
AM;BR-319;252,000;253,000;1,000;11/07/2023;-5,6121308;-62,1993517;73,750;
AM;BR-319;253,000;254,000;1,000;11/07/2023;-5,6121323;-62,1993521;73,750;
AM;BR-319;254,000;255,000;1,000;11/07/2023;-5,6121308;-62,1993539;73,750;
AM;BR-319;255,000;256,000;1,000;11/07/2023;-5,6121306;-62,1993515;73,750;
AM;BR-319;256,000;257,000;1,000;11/07/2023;-5,6121307;-62,1993542;73,750;
AM;BR-319;257,000;258,000;1,000;11/07/2023;-5,6121308;-62,1993527;73,750;
AM;BR-319;258,000;259,000;1,000;11/07/2023;-5,6121312;-62,1993512;73,750;
AM;BR-319;259,000;260,000;1,000;11/07/2023;-5,6121316;-62,1993518;73,750;
RR;BR-210;89,500;88,000;1,500;12/07/2023;0,8776436;-59,6894239;100,000;
RR;BR-210;88,000;87,000;1,000;12/07/2023;0,8776436;-59,6894239;100,000;
RR;BR-210;87,000;86,000;1,000;12/07/2023;0,8742109;-59,6807741;100,000;
RR;BR-210;86,000;85,000;1,000;12/07/2023;0,8742109;-59,6807741;100,000;
RR;BR-210;85,000;84,000;1,000;12/07/2023;0,8742109;-59,6807741;100,000;
RR;BR-210;84,000;83,000;1,000;12/07/2023;0,8742109;-59,6807741;100,000;
RR;BR-210;83,000;82,000;1,000;12/07/2023;0,8742109;-59,6807741;100,000;
RR;BR-210;82,000;81,000;1,000;12/07/2023;0,8742109;-59,6807741;100,000;
RR;BR-210;81,000;80,000;1,000;12/07/2023;0,8742109;-59,6807741;100,000;
RR;BR-210;80,000;79,000;1,000;12/07/2023;0,8742109;-59,6807741;100,000;
RR;BR-210;79,000;78,000;1,000;12/07/2023;0,8742109;-59,6807741;100,000;
RR;BR-210;78,000;77,000;1,000;12/07/2023;0,8742109;-59,6807741;100,000;
RR;BR-210;77,000;76,000;1,000;12/07/2023;0,8742109;-59,6807741;100,000;
RR;BR-210;76,000;75,000;1,000;12/07/2023;0,8742109;-59,6807741;100,000;
RR;BR-210;75,000;74,000;1,000;12/07/2023;0,8742109;-59,6807741;100,000;
RR;BR-210;74,000;73,000;1,000;12/07/2023;0,8742109;-59,6807741;100,000;
RR;BR-210;73,000;72,000;1,000;12/07/2023;0,8742109;-59,6807741;100,000;
RR;BR-210;72,000;71,000;1,000;12/07/2023;0,8742109;-59,6807741;100,000;
RR;BR-210;71,000;70,000;1,000;12/07/2023;0,8742109;-59,6807741;100,000;
RR;BR-210;70,000;69,000;1,000;12/07/2023;0,8742109;-59,6807741;100,000;
RR;BR-210;69,000;68,000;1,000;12/07/2023;0,8742109;-59,6807741;100,000;
RR;BR-210;68,000;67,000;1,000;12/07/2023;0,8742109;-59,6807741;100,000;
RR;BR-210;67,000;66,000;1,000;12/07/2023;0,8742109;-59,6807741;100,000;
RR;BR-210;66,000;65,000;1,000;12/07/2023;0,8742109;-59,6807741;100,000;
RR;BR-210;65,000;64,000;1,000;12/07/2023;0,8742109;-59,6807741;100,000;
RR;BR-210;64,000;63,000;1,000;12/07/2023;0,8742109;-59,6807741;100,000;
RR;BR-210;63,000;62,000;1,000;12/07/2023;0,8742109;-59,6807741;100,000;
RR;BR-210;62,000;61,000;1,000;12/07/2023;0,8742109;-59,6807741;100,000;
RR;BR-210;61,000;60,000;1,000;12/07/2023;0,8742109;-59,6807741;100,000;
RR;BR-210;60,000;59,000;1,000;12/07/2023;0,9483554;-59,9133604;100,000;
RR;BR-210;59,000;58,000;1,000;12/07/2023;0,9483554;-59,9133604;100,000;
RR;BR-210;58,000;57,000;1,000;12/07/2023;0,9483554;-59,9133604;100,000;
RR;BR-210;57,000;56,000;1,000;12/07/2023;0,9483554;-59,9133604;100,000;
RR;BR-210;56,000;55,000;1,000;12/07/2023;0,9483554;-59,9133604;100,000;
RR;BR-210;55,000;54,000;1,000;12/07/2023;0,9483554;-59,9133604;100,000;
RR;BR-210;54,000;53,000;1,000;12/07/2023;0,9483554;-59,9133604;100,000;
RR;BR-210;53,000;52,000;1,000;12/07/2023;0,9483554;-59,9133604;100,000;
RR;BR-210;52,000;51,000;1,000;12/07/2023;0,9483554;-59,9133604;100,000;
RR;BR-210;51,000;50,000;1,000;12/07/2023;0,9483554;-59,9133604;100,000;
RR;BR-210;50,000;49,000;1,000;12/07/2023;0,9483554;-59,9133604;100,000;
RR;BR-210;49,000;48,000;1,000;12/07/2023;0,9483554;-59,9133604;100,000;
RR;BR-210;48,000;47,000;1,000;12/07/2023;0,9483554;-59,9133604;100,000;
RR;BR-210;47,000;46,000;1,000;12/07/2023;0,9483554;-59,9133604;100,000;
RR;BR-210;46,000;45,000;1,000;12/07/2023;0,9483554;-59,9133604;100,000;
RR;BR-210;45,000;44,000;1,000;12/07/2023;0,9483554;-59,9133604;100,000;
AP;BR-156;662,340;662,640;0,300;12/07/2023;2,62946929;-51,3398415;72,500;
AP;BR-156;662,840;663,120;0,280;12/07/2023;2,63326756;-51,3424166;80,000;
AP;BR-156;663,970;664,000;0,030;12/07/2023;2,64166062;-51,3482483;27,500;
AP;BR-156;664,000;665,000;1,000;12/07/2023;2,64163742;-51,3482553;80,000;
AP;BR-156;665,000;666,000;1,000;12/07/2023;2,64952865;-51,351885;80,000;
AP;BR-156;666,000;667,000;1,000;12/07/2023;2,65815899;-51,353741;83,750;
AP;BR-156;667,000;668,000;1,000;12/07/2023;2,66689898;-51,3536877;86,250;
AP;BR-156;668,000;668,340;0,340;12/07/2023;2,67649071;-51,3530333;76,250;
AP;BR-156;668,850;669,300;0,450;12/07/2023;2,6842861;-51,3547166;76,250;
AP;BR-156;670,280;670,350;0,070;12/07/2023;2,69580474;-51,3602808;47,500;
AP;BR-156;670,450;671,000;0,550;12/07/2023;2,69650313;-51,3603792;76,250;
AP;BR-156;671,000;672,000;1,000;12/07/2023;2,70373043;-51,3626279;65,000;
AP;BR-156;672,000;673,000;1,000;12/07/2023;2,7128008;-51,3653842;76,250;
AP;BR-156;673,000;674,000;1,000;12/07/2023;2,7195777;-51,3674706;80,000;
AP;BR-156;674,000;675,000;1,000;12/07/2023;2,7283608;-51,3699477;73,750;
AP;BR-156;675,000;676,000;1,000;12/07/2023;2,73699296;-51,3724401;73,750;
AP;BR-156;676,000;677,000;1,000;12/07/2023;2,74661526;-51,372798;77,500;
AP;BR-156;677,000;678,000;1,000;12/07/2023;2,75393627;-51,3755766;53,750;
AP;BR-156;678,000;679,000;1,000;12/07/2023;2,75933158;-51,3827313;51,250;
AP;BR-156;679,000;680,000;1,000;12/07/2023;2,76799495;-51,3817006;66,250;
AP;BR-156;680,000;681,000;1,000;12/07/2023;2,7772609;-51,3836978;52,500;
AP;BR-156;681,000;682,000;1,000;12/07/2023;2,78513761;-51,3869818;40,000;
AP;BR-156;682,000;683,000;1,000;12/07/2023;2,79352914;-51,3870478;30,000;
AP;BR-156;683,000;684,000;1,000;12/07/2023;2,80147257;-51,3914133;30,000;
AP;BR-156;684,000;685,000;1,000;12/07/2023;2,81089646;-51,3934101;66,250;
AP;BR-156;685,000;686,000;1,000;12/07/2023;2,82005422;-51,396399;72,500;
AP;BR-156;686,000;687,000;1,000;12/07/2023;2,82724084;-51,3986801;63,750;
AP;BR-156;687,000;688,000;1,000;12/07/2023;2,83580806;-51,4013524;62,500;
AP;BR-156;688,000;689,000;1,000;12/07/2023;2,84407991;-51,3972088;81,250;
AP;BR-156;689,000;690,000;1,000;12/07/2023;2,85203475;-51,3946389;66,250;
AP;BR-156;690,000;691,000;1,000;12/07/2023;2,86110078;-51,3947671;83,750;
AP;BR-156;691,000;692,000;1,000;12/07/2023;2,87010695;-51,3946611;82,500;
AP;BR-156;692,000;693,000;1,000;12/07/2023;2,87891823;-51,3966693;81,250;
AP;BR-156;693,000;694,000;1,000;12/07/2023;2,8879753;-51,3965356;78,750;
AP;BR-156;694,000;695,000;1,000;12/07/2023;2,90017993;-51,3985921;82,500;
AP;BR-156;695,000;696,000;1,000;12/07/2023;2,90926341;-51,3991592;75,000;
AP;BR-156;696,000;697,000;1,000;12/07/2023;2,91427466;-51,3987658;77,500;
AP;BR-156;697,000;698,000;1,000;12/07/2023;2,92319687;-51,3979262;75,000;
AP;BR-156;698,000;699,000;1,000;12/07/2023;2,93343065;-51,399452;71,250;
AP;BR-156;699,000;700,000;1,000;12/07/2023;2,94466771;-51,4119395;85,000;
AP;BR-156;700,000;701,000;1,000;12/07/2023;2,94469494;-51,411959;63,750;
AP;BR-156;701,000;702,000;1,000;12/07/2023;2,95141532;-51,4180373;75,000;
AP;BR-156;702,000;703,000;1,000;12/07/2023;2,95856257;-51,4226713;66,250;
AP;BR-156;703,000;704,000;1,000;12/07/2023;2,96606394;-51,4274794;71,250;
AP;BR-156;704,000;705,000;1,000;12/07/2023;2,97408725;-51,431563;76,250;
AP;BR-156;705,000;706,000;1,000;12/07/2023;2,98226828;-51,4350269;63,750;
AP;BR-156;706,000;707,000;1,000;12/07/2023;2,99365135;-51,4398377;77,500;
AP;BR-156;707,000;708,000;1,000;12/07/2023;2,99959644;-51,4425379;75,000;
AP;BR-156;708,000;709,000;1,000;12/07/2023;3,00620055;-51,4476889;73,750;
AP;BR-156;709,000;710,000;1,000;12/07/2023;3,01376352;-51,4531393;71,250;
AP;BR-156;710,000;711,000;1,000;12/07/2023;3,02268813;-51,4553781;63,750;
AP;BR-156;711,000;712,000;1,000;12/07/2023;3,03154918;-51,4573626;86,250;
AP;BR-156;712,000;712,500;0,500;12/07/2023;3,04010141;-51,4598517;75,000;
AP;BR-156;712,500;713,000;0,500;12/07/2023;3,04397211;-51,4614556;50,000;
AP;BR-156;713,000;714,000;1,000;12/07/2023;3,04794605;-51,4638284;63,750;
AP;BR-156;714,000;715,000;1,000;12/07/2023;3,0555407;-51,4689316;63,750;
AP;BR-156;715,000;716,000;1,000;12/07/2023;3,06337524;-51,4728883;43,750;
AP;BR-156;716,000;717,000;1,000;12/07/2023;3,0724871;-51,4771284;66,250;
AP;BR-156;717,000;718,000;1,000;12/07/2023;3,08086528;-51,4814262;56,250;
AP;BR-156;718,000;719,000;1,000;12/07/2023;3,08730784;-51,4858843;70,000;
AP;BR-156;719,000;720,000;1,000;12/07/2023;3,09492989;-51,4904028;63,750;
AP;BR-156;720,000;721,000;1,000;12/07/2023;3,10449341;-51,4929784;58,750;
AP;BR-156;721,000;722,000;1,000;12/07/2023;3,11229208;-51,4937954;56,250;
AP;BR-156;722,000;723,000;1,000;12/07/2023;3,12093657;-51,4968623;67,500;
AP;BR-156;723,000;724,000;1,000;12/07/2023;3,1289351;-51,5016166;63,750;
AP;BR-156;724,000;725,000;1,000;12/07/2023;3,13766129;-51,506763;56,250;
AP;BR-156;725,000;726,000;1,000;12/07/2023;3,14405514;-51,5103892;56,250;
AP;BR-156;726,000;727,000;1,000;12/07/2023;3,15340169;-51,5161234;63,750;
AP;BR-156;727,000;728,000;1,000;12/07/2023;3,15940394;-51,5200211;56,250;
AP;BR-156;728,000;729,000;1,000;12/07/2023;3,16978267;-51,5262091;75,000;
AP;BR-156;729,000;730,000;1,000;12/07/2023;3,174705;-51,5282756;78,750;
AP;BR-156;730,000;731,000;1,000;12/07/2023;3,18360506;-51,5319557;80,000;
AP;BR-156;731,000;732,000;1,000;12/07/2023;3,18961893;-51,538854;80,000;
AP;BR-156;732,000;733,000;1,000;12/07/2023;3,19474694;-51,5474439;72,500;
AP;BR-156;733,000;734,000;1,000;12/07/2023;3,20151286;-51,5508904;67,500;
AP;BR-156;734,000;735,000;1,000;12/07/2023;3,21129228;-51,5527943;65,000;
AP;BR-156;735,000;736,000;1,000;12/07/2023;3,2182916;-51,5540952;65,000;
AP;BR-156;736,000;737,000;1,000;12/07/2023;3,22742449;-51,558077;82,500;
AP;BR-156;737,000;738,000;1,000;12/07/2023;3,23443776;-51,5615886;78,750;
AP;BR-156;738,000;739,000;1,000;12/07/2023;3,24218396;-51,5675348;90,000;
AP;BR-156;739,000;740,000;1,000;12/07/2023;3,2489043;-51,571612;91,250;
AP;BR-156;740,000;741,000;1,000;12/07/2023;3,25363325;-51,5791225;87,500;
AP;BR-156;741,000;742,000;1,000;12/07/2023;3,25806697;-51,5880767;97,500;
AP;BR-156;742,000;743,000;1,000;12/07/2023;3,27016285;-51,5959047;93,750;
AP;BR-156;743,000;744,000;1,000;12/07/2023;3,27219177;-51,5978163;90,000;
AP;BR-156;744,000;745,000;1,000;12/07/2023;3,27815817;-51,6076498;67,500;
AP;BR-156;745,000;746,000;1,000;12/07/2023;3,28314684;-51,6116456;67,500;
AP;BR-156;746,000;747,000;1,000;12/07/2023;3,29630896;-51,6181518;68,750;
AP;BR-156;747,000;748,000;1,000;12/07/2023;3,2989355;-51,6196062;70,000;
AP;BR-156;748,000;749,000;1,000;12/07/2023;3,30701288;-51,6239561;86,250;
AP;BR-156;749,000;750,000;1,000;12/07/2023;3,31363399;-51,6301783;88,750;
AP;BR-156;750,000;751,000;1,000;12/07/2023;3,32044286;-51,6366549;93,750;
AP;BR-156;751,000;752,000;1,000;12/07/2023;3,32653999;-51,6430735;92,500;
AP;BR-156;752,000;753,000;1,000;12/07/2023;3,33200376;-51,6498907;97,500;
AP;BR-156;753,000;754,000;1,000;12/07/2023;3,33936639;-51,6541392;90,000;
AP;BR-156;754,000;755,000;1,000;12/07/2023;3,34693218;-51,6596309;93,750;
AP;BR-156;755,000;756,000;1,000;12/07/2023;3,35222092;-51,666284;92,500;
AP;BR-156;756,000;757,000;1,000;12/07/2023;3,35898177;-51,6721411;88,750;
AP;BR-156;757,000;758,000;1,000;12/07/2023;3,36586128;-51,6779041;88,750;
AP;BR-156;758,000;759,000;1,000;12/07/2023;3,37253629;-51,684452;88,750;
AP;BR-156;759,000;760,000;1,000;12/07/2023;3,3766984;-51,6918882;88,750;
AP;BR-156;760,000;761,000;1,000;12/07/2023;3,37838066;-51,700362;86,250;
AP;BR-156;761,000;762,000;1,000;12/07/2023;3,38054474;-51,7084264;86,250;
AP;BR-156;762,000;763,000;1,000;12/07/2023;3,38355836;-51,7159226;75,000;
AP;BR-156;763,000;764,000;1,000;12/07/2023;3,391334;-51,7225746;78,750;
AP;BR-156;764,000;765,000;1,000;12/07/2023;3,39770016;-51,725055;82,500;
AP;BR-156;765,000;766,000;1,000;12/07/2023;3,40602812;-51,7280177;78,750;
AP;BR-156;766,000;767,000;1,000;12/07/2023;3,4142094;-51,7308942;86,250;
AP;BR-156;767,000;768,000;1,000;12/07/2023;3,42266118;-51,7321799;86,250;
AP;BR-156;768,000;769,000;1,000;12/07/2023;3,43138854;-51,7286033;82,500;
AP;BR-156;769,000;769,800;0,800;12/07/2023;3,4391319;-51,7259139;92,500;
TO;BR-242;500,200;501,000;0,800;11/07/2023;-11,8066195;-49,5318002;17,500;
TO;BR-242;501,000;502,000;1,000;11/07/2023;-11,8066195;-49,5318002;15,000;
TO;BR-242;502,000;503,000;1,000;11/07/2023;-11,8066195;-49,5318002;15,000;
TO;BR-242;503,000;504,000;1,000;11/07/2023;-11,8066195;-49,5318002;15,000;
TO;BR-242;504,000;505,000;1,000;11/07/2023;-11,8066195;-49,5318002;15,000;
TO;BR-242;505,000;506,000;1,000;11/07/2023;-11,8066195;-49,5318002;15,000;
TO;BR-242;32,000;31,000;1,000;12/07/2023;-12,202833;-48,4612419;68,750;
TO;BR-242;31,000;30,000;1,000;12/07/2023;-12,202833;-48,4612419;62,500;
TO;BR-242;30,000;29,000;1,000;12/07/2023;-12,202833;-48,4612419;78,750;
TO;BR-242;29,000;28,000;1,000;12/07/2023;-12,202833;-48,4612419;68,750;
TO;BR-242;28,000;27,000;1,000;12/07/2023;-12,202833;-48,4612419;72,500;
TO;BR-242;27,000;26,000;1,000;12/07/2023;-12,202833;-48,4612419;68,750;
TO;BR-242;26,000;25,000;1,000;12/07/2023;-12,202833;-48,4612419;57,500;
TO;BR-242;25,000;24,000;1,000;12/07/2023;-12,202833;-48,4612419;62,500;
TO;BR-010;136,000;137,000;1,000;14/07/2023;-12,655554;-47,7984396;30,000;
TO;BR-010;137,000;138,000;1,000;14/07/2023;-12,655554;-47,7984396;30,000;
TO;BR-010;138,000;139,000;1,000;14/07/2023;-12,655554;-47,7984396;15,000;
TO;BR-010;139,000;140,000;1,000;14/07/2023;-12,655554;-47,7984396;30,000;
TO;BR-010;140,000;141,000;1,000;14/07/2023;-12,655554;-47,7984396;15,000;
TO;BR-010;141,000;142,000;1,000;14/07/2023;-12,655554;-47,7984396;30,000;
TO;BR-010;142,000;143,000;1,000;14/07/2023;-12,655554;-47,7984396;30,000;
PR;BR-158;229,500;230,000;0,500;15/07/2023;-24,0651667;-52,3875188;22,500;
PR;BR-158;230,000;231,000;1,000;15/07/2023;-24,0651667;-52,3875188;22,500;
PR;BR-158;231,000;232,000;1,000;15/07/2023;-24,0651667;-52,3875188;22,500;
PR;BR-158;232,000;233,000;1,000;15/07/2023;-24,0651667;-52,3875188;22,500;
PR;BR-158;233,000;234,000;1,000;15/07/2023;-24,0651667;-52,3875188;22,500;
PR;BR-158;234,000;235,000;1,000;15/07/2023;-24,0651667;-52,3875188;7,500;
PR;BR-158;235,000;236,000;1,000;15/07/2023;-24,0651667;-52,3875188;7,500;
PR;BR-158;236,000;237,000;1,000;15/07/2023;-24,0651667;-52,3875188;7,500;
PR;BR-158;237,000;238,000;1,000;15/07/2023;-24,0651667;-52,3875188;7,500;
PR;BR-158;238,000;239,000;1,000;15/07/2023;-24,0651667;-52,3875188;7,500;
PR;BR-158;239,000;240,000;1,000;15/07/2023;-24,0651667;-52,3875188;5,000;
PR;BR-158;240,000;241,000;1,000;15/07/2023;-24,0651667;-52,3875188;5,000;
PR;BR-158;241,000;242,000;1,000;15/07/2023;-24,0651667;-52,3875188;5,000;
PR;BR-158;242,000;243,000;1,000;15/07/2023;-24,0651667;-52,3875188;5,000;
PR;BR-158;243,000;244,000;1,000;15/07/2023;-24,0651667;-52,3875188;5,000;
PR;BR-158;244,000;245,000;1,000;15/07/2023;-24,0651667;-52,3875188;5,000;
PR;BR-158;245,000;246,000;1,000;15/07/2023;-24,0651667;-52,3875188;5,000;
PR;BR-158;246,000;247,000;1,000;15/07/2023;-24,0651667;-52,3875188;5,000;
PR;BR-158;247,000;248,000;1,000;15/07/2023;-24,0651667;-52,3875188;5,000;
PR;BR-158;248,000;249,000;1,000;15/07/2023;-24,0651667;-52,3875188;5,000;
PR;BR-158;249,000;250,000;1,000;15/07/2023;-24,0651667;-52,3875188;5,000;
PR;BR-158;250,000;251,000;1,000;15/07/2023;-24,0651667;-52,3875188;5,000;
PR;BR-158;251,000;252,000;1,000;15/07/2023;-24,0651667;-52,3875188;5,000;
PR;BR-158;252,000;253,000;1,000;15/07/2023;-24,0651667;-52,3875188;5,000;
PR;BR-158;253,000;254,000;1,000;15/07/2023;-24,0651667;-52,3875188;20,000;
PR;BR-158;254,000;255,000;1,000;15/07/2023;-24,0651667;-52,3875188;20,000;
PR;BR-158;255,000;256,000;1,000;15/07/2023;-24,0651667;-52,3875188;5,000;
PR;BR-158;256,000;257,000;1,000;15/07/2023;-24,0651667;-52,3875188;22,500;
PR;BR-158;257,000;258,000;1,000;15/07/2023;-24,0651667;-52,3875188;7,500;
PR;BR-158;258,000;259,000;1,000;15/07/2023;-24,0651667;-52,3875188;22,500;
PR;BR-158;259,000;260,000;1,000;15/07/2023;-24,0651667;-52,3875188;5,000;
PR;BR-158;260,000;261,000;1,000;15/07/2023;-24,0651667;-52,3875188;7,500;
PR;BR-158;261,000;262,000;1,000;15/07/2023;-24,0651667;-52,3875188;7,500;
PR;BR-158;262,000;263,000;1,000;15/07/2023;-24,0651667;-52,3875188;22,500;
PR;BR-158;263,000;264,000;1,000;15/07/2023;-24,0651667;-52,3875188;20,000;
PR;BR-158;264,000;265,000;1,000;15/07/2023;-24,0651667;-52,3875188;5,000;
PR;BR-158;265,000;266,000;1,000;15/07/2023;-24,0651667;-52,3875188;5,000;
PR;BR-158;266,000;267,000;1,000;15/07/2023;-24,0651667;-52,3875188;0,000;
PR;BR-158;267,000;268,000;1,000;15/07/2023;-24,0651667;-52,3875188;15,000;
PR;BR-158;268,000;269,000;1,000;15/07/2023;-24,0651667;-52,3875188;17,500;
PR;BR-158;269,000;270,000;1,000;15/07/2023;-24,0651667;-52,3875188;0,000;
PR;BR-158;270,000;271,000;1,000;15/07/2023;-24,0651667;-52,3875188;0,000;
PR;BR-158;271,000;272,000;1,000;15/07/2023;-24,0651667;-52,3875188;0,000;
PR;BR-158;272,000;273,000;1,000;15/07/2023;-24,0651667;-52,3875188;2,500;
PR;BR-158;273,000;274,000;1,000;15/07/2023;-24,0651667;-52,3875188;0,000;
PR;BR-158;274,000;275,000;1,000;15/07/2023;-24,0651667;-52,3875188;2,500;
PR;BR-158;275,000;276,000;1,000;15/07/2023;-24,0651667;-52,3875188;2,500;
PR;BR-158;276,000;277,000;1,000;15/07/2023;-24,0651667;-52,3875188;15,000;
PR;BR-158;277,000;278,000;1,000;15/07/2023;-24,0651667;-52,3875188;22,500;
PR;BR-158;278,000;279,000;1,000;15/07/2023;-24,0651667;-52,3875188;0,000;
PR;BR-158;279,000;280,000;1,000;15/07/2023;-24,0651667;-52,3875188;0,000;
PR;BR-158;280,000;281,000;1,000;15/07/2023;-24,0651667;-52,3875188;0,000;
PR;BR-158;281,000;282,000;1,000;15/07/2023;-24,0651667;-52,3875188;0,000;
PR;BR-158;282,000;283,000;1,000;15/07/2023;-24,0651667;-52,3875188;2,500;
PR;BR-158;283,000;284,000;1,000;15/07/2023;-24,0651667;-52,3875188;2,500;
PR;BR-158;284,000;285,000;1,000;15/07/2023;-24,0651667;-52,3875188;0,000;
PR;BR-158;285,000;286,000;1,000;15/07/2023;-24,0651667;-52,3875188;0,000;
PR;BR-158;286,000;287,000;1,000;15/07/2023;-24,0651667;-52,3875188;0,000;
PR;BR-158;287,000;288,000;1,000;15/07/2023;-24,0651667;-52,3875188;2,500;
PR;BR-158;288,000;289,000;1,000;15/07/2023;-24,0651667;-52,3875188;2,500;
PR;BR-158;289,000;290,000;1,000;15/07/2023;-24,0651667;-52,3875188;2,500;
PR;BR-158;290,000;291,000;1,000;15/07/2023;-24,0651667;-52,3875188;2,500;
PR;BR-158;291,000;292,000;1,000;15/07/2023;-24,0651667;-52,3875188;17,500;
PR;BR-158;292,000;293,000;1,000;15/07/2023;-24,0651667;-52,3875188;17,500;
PR;BR-158;293,000;294,000;1,000;15/07/2023;-24,0651667;-52,3875188;15,000;
PR;BR-158;294,000;295,000;1,000;15/07/2023;-24,0651667;-52,3875188;30,000;
BA;BR-030;281,700;280,000;1,700;17/07/2023;-14,3043616;-43,7302316;0,000;
BA;BR-030;280,000;279,000;1,000;17/07/2023;-14,3043616;-43,7302316;0,000;
BA;BR-030;279,000;278,000;1,000;17/07/2023;-14,3043616;-43,7302316;0,000;
BA;BR-030;278,000;277,000;1,000;17/07/2023;-14,3043616;-43,7302316;0,000;
BA;BR-030;277,000;276,000;1,000;17/07/2023;-14,3043616;-43,7302316;0,000;
BA;BR-030;276,000;275,000;1,000;17/07/2023;-14,3043616;-43,7302316;0,000;
BA;BR-030;275,000;274,000;1,000;17/07/2023;-14,3043616;-43,7302316;55,000;
BA;BR-030;274,000;273,000;1,000;17/07/2023;-14,3043616;-43,7302316;58,750;
BA;BR-030;273,000;272,000;1,000;17/07/2023;-14,3043616;-43,7302316;55,000;
BA;BR-030;272,000;271,000;1,000;17/07/2023;-14,3043616;-43,7302316;42,500;
BA;BR-030;271,000;270,000;1,000;17/07/2023;-14,3043616;-43,7302316;50,000;
BA;BR-030;270,000;269,000;1,000;17/07/2023;-14,3043616;-43,7302316;50,000;
BA;BR-030;269,000;268,000;1,000;17/07/2023;-14,3043616;-43,7302316;50,000;
BA;BR-030;268,000;267,000;1,000;17/07/2023;-14,3043616;-43,7302316;50,000;
BA;BR-030;267,000;266,000;1,000;17/07/2023;-14,3043616;-43,7302316;42,500;
BA;BR-030;266,000;265,000;1,000;17/07/2023;-14,3043616;-43,7302316;42,500;
BA;BR-030;265,000;264,000;1,000;17/07/2023;-14,3043616;-43,7302316;27,500;
BA;BR-030;264,000;263,000;1,000;17/07/2023;-14,3043616;-43,7302316;27,500;
BA;BR-030;263,000;262,000;1,000;17/07/2023;-14,3043616;-43,7302316;27,500;
BA;BR-030;262,000;261,000;1,000;17/07/2023;-14,3043616;-43,7302316;35,000;
BA;BR-030;261,000;260,000;1,000;17/07/2023;-14,3043616;-43,7302316;0,000;
BA;BR-030;260,000;259,000;1,000;17/07/2023;-14,3043616;-43,7302316;35,000;
BA;BR-030;259,000;258,000;1,000;17/07/2023;-14,3043616;-43,7302316;50,000;
BA;BR-030;258,000;257,000;1,000;17/07/2023;-14,3043616;-43,7302316;35,000;
BA;BR-030;257,000;256,000;1,000;17/07/2023;-14,3043616;-43,7302316;50,000;
BA;BR-030;256,000;255,000;1,000;17/07/2023;-14,3043616;-43,7302316;42,500;
BA;BR-030;255,000;254,000;1,000;17/07/2023;-14,3043616;-43,7302316;50,000;
BA;BR-030;254,000;253,000;1,000;17/07/2023;-14,3043616;-43,7302316;46,250;
BA;BR-030;253,000;252,000;1,000;17/07/2023;-14,3043616;-43,7302316;42,500;
BA;BR-030;252,000;251,000;1,000;17/07/2023;-14,3043616;-43,7302316;42,500;
BA;BR-030;251,000;250,000;1,000;17/07/2023;-14,3043616;-43,7302316;42,500;
BA;BR-030;250,000;249,000;1,000;17/07/2023;-14,3043616;-43,7302316;42,500;
BA;BR-030;249,000;248,000;1,000;17/07/2023;-14,3043616;-43,7302316;35,000;
BA;BR-030;248,000;247,000;1,000;17/07/2023;-14,3043616;-43,7302316;42,500;
BA;BR-030;247,000;246,000;1,000;17/07/2023;-14,3043616;-43,7302316;42,500;
BA;BR-030;246,000;245,000;1,000;17/07/2023;-14,3043616;-43,7302316;42,500;
BA;BR-030;245,000;244,000;1,000;17/07/2023;-14,3043616;-43,7302316;42,500;
BA;BR-030;244,000;243,000;1,000;17/07/2023;-14,3043616;-43,7302316;38,750;
BA;BR-030;243,000;242,000;1,000;17/07/2023;-14,3043616;-43,7302316;35,000;
BA;BR-030;242,000;241,000;1,000;17/07/2023;-14,3043616;-43,7302316;35,000;
BA;BR-030;241,000;240,000;1,000;17/07/2023;-14,3043616;-43,7302316;46,250;
BA;BR-030;240,000;239,000;1,000;17/07/2023;-14,3043616;-43,7302316;35,000;
BA;BR-030;239,000;238,000;1,000;17/07/2023;-14,3043616;-43,7302316;27,500;
BA;BR-030;238,400;237,000;1,400;17/07/2023;-14,3043616;-43,7302316;31,250;
BA;BR-030;237,000;236,000;1,000;17/07/2023;-14,3043616;-43,7302316;31,250;
BA;BR-030;236,000;235,000;1,000;17/07/2023;-14,3043616;-43,7302316;42,500;
BA;BR-030;235,000;234,000;1,000;17/07/2023;-14,3043616;-43,7302316;42,500;
BA;BR-030;234,000;233,000;1,000;17/07/2023;-14,3043616;-43,7302316;35,000;
BA;BR-030;233,000;232,000;1,000;17/07/2023;-14,3043616;-43,7302316;42,500;
BA;BR-030;232,000;231,000;1,000;17/07/2023;-14,3043616;-43,7302316;38,750;
BA;BR-030;231,000;230,000;1,000;17/07/2023;-14,3043616;-43,7302316;35,000;
BA;BR-030;230,000;229,000;1,000;17/07/2023;-14,3043616;-43,7302316;70,000;
BA;BR-030;229,000;228,000;1,000;17/07/2023;-14,3043616;-43,7302316;42,500;
BA;BR-030;228,000;227,000;1,000;17/07/2023;-14,3043616;-43,7302316;42,500;
BA;BR-030;227,000;226,000;1,000;17/07/2023;-14,3043616;-43,7302316;42,500;
BA;BR-030;226,000;225,000;1,000;17/07/2023;-14,3043616;-43,7302316;27,500;
BA;BR-030;225,000;224,000;1,000;17/07/2023;-14,3043616;-43,7302316;27,500;
BA;BR-030;224,000;223,000;1,000;17/07/2023;-14,3043616;-43,7302316;0,000;
BA;BR-030;223,000;222,000;1,000;17/07/2023;-14,3043616;-43,7302316;27,500;
BA;BR-030;222,000;221,000;1,000;17/07/2023;-14,3043616;-43,7302316;42,500;
BA;BR-030;221,000;220,000;1,000;17/07/2023;-14,3043616;-43,7302316;35,000;
BA;BR-030;220,000;219,000;1,000;17/07/2023;-14,3043616;-43,7302316;58,750;
BA;BR-030;219,000;218,000;1,000;17/07/2023;-14,3043616;-43,7302316;35,000;
BA;BR-030;218,000;217,000;1,000;17/07/2023;-14,3043616;-43,7302316;42,500;
BA;BR-030;217,000;216,000;1,000;17/07/2023;-14,3043616;-43,7302316;0,000;
BA;BR-030;216,000;215,000;1,000;17/07/2023;-14,3043616;-43,7302316;0,000;
BA;BR-030;215,000;214,000;1,000;17/07/2023;-14,3043616;-43,7302316;27,500;
BA;BR-030;214,000;213,000;1,000;17/07/2023;-14,3043616;-43,7302316;0,000;
BA;BR-030;213,000;212,000;1,000;17/07/2023;-14,3043616;-43,7302316;0,000;
BA;BR-030;212,000;211,000;1,000;17/07/2023;-14,3043616;-43,7302316;27,500;
BA;BR-030;211,000;210,000;1,000;17/07/2023;-14,3043616;-43,7302316;40,000;
BA;BR-030;210,000;209,000;1,000;17/07/2023;-14,3043616;-43,7302316;53,750;
BA;BR-030;209,000;208,000;1,000;17/07/2023;-14,3043616;-43,7302316;0,000;
BA;BR-030;208,000;207,000;1,000;17/07/2023;-14,3043616;-43,7302316;35,000;
BA;BR-030;207,000;206,000;1,000;17/07/2023;-14,3043616;-43,7302316;0,000;
BA;BR-030;206,000;205,000;1,000;17/07/2023;-14,3043616;-43,7302316;0,000;
BA;BR-030;205,000;204,000;1,000;17/07/2023;-14,3043616;-43,7302316;0,000;
BA;BR-030;204,000;203,000;1,000;17/07/2023;-14,3043616;-43,7302316;0,000;
BA;BR-030;203,000;202,000;1,000;17/07/2023;-14,3043616;-43,7302316;0,000;
BA;BR-030;202,000;201,000;1,000;17/07/2023;-14,3043616;-43,7302316;0,000;
BA;BR-030;201,000;200,000;1,000;17/07/2023;-14,3043616;-43,7302316;0,000;
BA;BR-030;200,000;199,000;1,000;17/07/2023;-14,3043616;-43,7302316;0,000;
BA;BR-030;199,000;198,000;1,000;17/07/2023;-14,3043616;-43,7302316;0,000;
BA;BR-030;198,000;197,000;1,000;17/07/2023;-14,3043616;-43,7302316;0,000;
BA;BR-030;197,000;196,000;1,000;17/07/2023;-14,3043616;-43,7302316;33,750;
BA;BR-030;196,000;195,000;1,000;17/07/2023;-14,3043616;-43,7302316;35,000;
BA;BR-030;195,000;194,000;1,000;17/07/2023;-14,3043616;-43,7302316;35,000;
BA;BR-030;194,000;193,000;1,000;17/07/2023;-14,3043616;-43,7302316;32,500;
BA;BR-030;193,000;192,000;1,000;17/07/2023;-14,3043616;-43,7302316;27,500;
BA;BR-030;192,000;191,000;1,000;17/07/2023;-14,3043616;-43,7302316;17,500;
AM;BR-317;526,000;525,000;1,000;17/07/2023;-10,1112988;-67,4647364;88,750;
AM;BR-317;525,000;524,000;1,000;17/07/2023;-10,1112988;-67,4647364;88,750;
AM;BR-317;524,000;523,000;1,000;17/07/2023;-10,1112988;-67,4647364;88,750;
AM;BR-317;523,000;522,000;1,000;17/07/2023;-10,1112988;-67,4647364;88,750;
AM;BR-317;522,000;521,000;1,000;17/07/2023;-10,1112988;-67,4647364;88,750;
AM;BR-317;521,000;520,000;1,000;17/07/2023;-10,1112988;-67,4647364;85,000;
AM;BR-317;520,000;519,000;1,000;17/07/2023;-10,1112988;-67,4647364;85,000;
AM;BR-317;519,000;518,000;1,000;17/07/2023;-10,1112988;-67,4647364;88,750;
AM;BR-317;518,000;517,000;1,000;17/07/2023;-10,1112988;-67,4647364;96,250;
AM;BR-317;517,000;516,000;1,000;17/07/2023;-10,1112988;-67,4647364;96,250;
AM;BR-317;466,240;465,000;1,240;17/07/2023;-10,1112988;-67,4647364;85,000;
AM;BR-317;465,000;464,000;1,000;17/07/2023;-10,1112988;-67,4647364;77,500;
AM;BR-317;464,000;463,000;1,000;17/07/2023;-10,1112988;-67,4647364;96,250;
AM;BR-317;463,000;462,000;1,000;17/07/2023;-10,1112988;-67,4647364;96,250;
AM;BR-317;462,000;461,000;1,000;17/07/2023;-10,1112988;-67,4647364;88,750;
AM;BR-317;461,000;460,000;1,000;17/07/2023;-10,1112988;-67,4647364;88,750;
AM;BR-317;460,000;459,000;1,000;17/07/2023;-10,1112988;-67,4647364;88,750;
AM;BR-317;459,000;458,000;1,000;17/07/2023;-10,1112988;-67,4647364;88,750;
AM;BR-317;458,000;457,000;1,000;17/07/2023;-10,1112988;-67,4647364;88,750;
AM;BR-317;457,000;456,000;1,000;17/07/2023;-10,1112988;-67,4647364;88,750;
AM;BR-317;456,000;455,000;1,000;17/07/2023;-10,1112988;-67,4647364;88,750;
AM;BR-317;455,000;454,000;1,000;17/07/2023;-10,1112988;-67,4647364;85,000;
AM;BR-317;454,000;453,000;1,000;17/07/2023;-10,1112988;-67,4647364;88,750;
AM;BR-317;453,000;452,640;0,360;17/07/2023;-10,1112988;-67,4647364;88,750;
AM;BR-317;497,160;496,000;1,160;17/07/2023;-10,1112988;-67,4647364;88,750;
AM;BR-317;496,000;495,000;1,000;17/07/2023;-10,1112988;-67,4647364;88,750;
AM;BR-317;495,000;494,000;1,000;17/07/2023;-10,1112988;-67,4647364;88,750;
AM;BR-317;494,000;493,000;1,000;17/07/2023;-10,1112988;-67,4647364;88,750;
AM;BR-317;493,000;492,000;1,000;17/07/2023;-10,1112988;-67,4647364;88,750;
AM;BR-317;492,000;491,000;1,000;17/07/2023;-10,1112988;-67,4647364;88,750;
AM;BR-317;491,000;490,000;1,000;17/07/2023;-10,1112988;-67,4647364;96,250;
AM;BR-317;490,000;489,000;1,000;17/07/2023;-10,1112988;-67,4647364;96,250;
AM;BR-317;489,000;488,000;1,000;17/07/2023;-10,1112988;-67,4647364;96,250;
AM;BR-317;488,000;487,000;1,000;17/07/2023;-10,1112988;-67,4647364;88,750;
AM;BR-317;487,000;486,000;1,000;17/07/2023;-10,1112988;-67,4647364;88,750;
AM;BR-317;486,000;485,000;1,000;17/07/2023;-10,1112988;-67,4647364;88,750;
AM;BR-317;485,000;484,000;1,000;17/07/2023;-10,1112988;-67,4647364;88,750;
AM;BR-317;484,000;483,000;1,000;17/07/2023;-10,1112988;-67,4647364;88,750;
AM;BR-317;483,000;482,000;1,000;17/07/2023;-10,1112988;-67,4647364;96,250;
AM;BR-317;482,000;481,000;1,000;17/07/2023;-10,1112988;-67,4647364;96,250;
AM;BR-317;481,000;480,000;1,000;17/07/2023;-10,1112988;-67,4647364;96,250;
AM;BR-317;480,000;479,860;0,140;17/07/2023;-10,1112988;-67,4647364;92,500;
AP;BR-156;268,280;267,000;1,280;11/07/2023;0,22571589;-51,1292509;75,000;
AP;BR-156;267,000;266,000;1,000;11/07/2023;0,23536423;-51,1363492;51,250;
AP;BR-156;266,000;265,000;1,000;11/07/2023;0,23722734;-51,1457239;31,250;
AP;BR-156;265,000;264,000;1,000;11/07/2023;0,23394512;-51,1527512;31,250;
AP;BR-156;264,000;263,000;1,000;11/07/2023;0,22767109;-51,1584814;56,250;
AP;BR-156;263,000;262,000;1,000;11/07/2023;0,22850814;-51,1673126;31,250;
AP;BR-156;262,000;260,860;1,140;11/07/2023;0,23211907;-51,1758659;31,250;
AP;BR-156;260,230;259,000;1,230;11/07/2023;0,23074945;-51,1887252;66,250;
AP;BR-156;259,000;258,000;1,000;11/07/2023;0,22280723;-51,1975978;68,750;
AP;BR-156;258,000;257,000;1,000;11/07/2023;0,22315632;-51,2067832;62,500;
AP;BR-156;257,000;256,000;1,000;11/07/2023;0,21956359;-51,2138713;75,000;
AP;BR-156;256,000;255,000;1,000;11/07/2023;0,21844433;-51,2218694;72,500;
AP;BR-156;255,000;254,000;1,000;11/07/2023;0,22408051;-51,2291793;50,000;
AP;BR-156;254,000;253,000;1,000;11/07/2023;0,23008839;-51,2369556;65,000;
AP;BR-156;253,000;252,000;1,000;11/07/2023;0,23521194;-51,2436419;75,000;
AP;BR-156;252,000;251,000;1,000;11/07/2023;0,23599;-51,2531759;80,000;
AP;BR-156;251,000;250,000;1,000;11/07/2023;0,2361402;-51,2617937;65,000;
AP;BR-156;250,000;249,000;1,000;11/07/2023;0,23613568;-51,270402;55,000;
AP;BR-156;249,000;248,000;1,000;11/07/2023;0,23625815;-51,2800074;70,000;
AP;BR-156;248,000;247,000;1,000;11/07/2023;0,23631596;-51,2896013;60,000;
AP;BR-156;247,000;246,000;1,000;11/07/2023;0,23634218;-51,2983331;61,250;
AP;BR-156;246,000;245,000;1,000;11/07/2023;0,23626421;-51,323408;76,250;
AP;BR-156;245,000;244,000;1,000;11/07/2023;0,23577878;-51,3245855;66,250;
AP;BR-156;244,000;243,000;1,000;11/07/2023;0,23239179;-51,3332464;62,500;
AP;BR-156;243,000;242,000;1,000;11/07/2023;0,22910434;-51,3415272;57,500;
AP;BR-156;242,000;241,000;1,000;11/07/2023;0,22556239;-51,3503343;77,500;
AP;BR-156;241,000;240,000;1,000;11/07/2023;0,2224723;-51,3583307;52,500;
AP;BR-156;240,000;239,000;1,000;11/07/2023;0,21582656;-51,3752311;52,500;
AP;BR-156;239,000;238,000;1,000;11/07/2023;0,21869889;-51,3836453;58,750;
AP;BR-156;238,000;237,000;1,000;11/07/2023;0,22307078;-51,3919177;72,500;
AP;BR-156;237,000;235,500;1,500;11/07/2023;0,22378884;-51,3931852;70,000;
AP;BR-156;235,500;235,000;0,500;11/07/2023;0,22378914;-51,3931854;57,500;
AP;BR-156;235,000;234,000;1,000;11/07/2023;0,22709627;-51,3994382;70,000;
AP;BR-156;234,000;233,000;1,000;11/07/2023;0,23036573;-51,405698;50,000;
AP;BR-156;233,000;232,000;1,000;11/07/2023;0,23023707;-51,4150415;72,500;
AP;BR-156;232,000;231,000;1,000;11/07/2023;0,22782904;-51,4234917;81,250;
AP;BR-156;231,000;230,000;1,000;11/07/2023;0,22518546;-51,433068;77,500;
AP;BR-156;230,000;229,000;1,000;11/07/2023;0,22232996;-51,4433465;70,000;
AP;BR-156;229,000;228,000;1,000;11/07/2023;0,22029981;-51,4507775;55,000;
AP;BR-156;228,000;227,000;1,000;11/07/2023;0,21816816;-51,458335;55,000;
AP;BR-156;227,000;226,000;1,000;11/07/2023;0,21563381;-51,4666215;50,000;
AP;BR-156;226,000;225,000;1,000;11/07/2023;0,20936083;-51,4733307;55,000;
AP;BR-156;225,000;224,000;1,000;11/07/2023;0,20293351;-51,4799641;41,250;
AP;BR-156;224,000;223,000;1,000;11/07/2023;0,19648154;-51,4867124;52,500;
AP;BR-156;223,000;222,000;1,000;11/07/2023;0,1904702;-51,4929886;48,750;
AP;BR-156;222,000;221,000;1,000;11/07/2023;0,18404313;-51,4997285;57,500;
AP;BR-156;221,000;220,000;1,000;11/07/2023;0,17806045;-51,5059594;57,500;
AP;BR-156;220,000;219,000;1,000;11/07/2023;0,17159382;-51,5126788;47,500;
AP;BR-156;219,000;218,000;1,000;11/07/2023;0,16467398;-51,5198611;57,500;
AP;BR-156;218,000;217,000;1,000;11/07/2023;0,15938452;-51,5263839;58,750;
AP;BR-156;217,000;216,000;1,000;11/07/2023;0,15580655;-51,5353017;51,250;
AP;BR-156;216,000;215,000;1,000;11/07/2023;0,15337765;-51,5438225;48,750;
AP;BR-156;215,000;214,000;1,000;11/07/2023;0,15275219;-51,5535188;55,000;
AP;BR-156;214,000;213,000;1,000;11/07/2023;0,15213762;-51,561561;67,500;
AP;BR-156;213,000;212,100;0,900;11/07/2023;0,15152037;-51,5702539;41,250;
AP;BR-156;212,100;211,000;1,100;11/07/2023;0,1512214;-51,5750607;50,000;
AP;BR-156;211,000;210,000;1,000;11/07/2023;0,1512214;-51,5750607;60,000;
AP;BR-156;210,000;209,000;1,000;11/07/2023;0,14459487;-51,5920019;41,250;
AP;BR-156;209,000;208,000;1,000;11/07/2023;0,14734024;-51,6003161;67,500;
AP;BR-156;208,000;207,000;1,000;11/07/2023;0,13970113;-51,6070135;43,750;
AP;BR-156;207,000;206,000;1,000;11/07/2023;0,13439121;-51,6119927;41,250;
AP;BR-156;206,000;205,000;1,000;11/07/2023;0,126586;-51,617706;62,500;
AP;BR-156;205,000;204,000;1,000;11/07/2023;0,10727702;-51,6219431;62,500;
AP;BR-156;204,000;203,000;1,000;11/07/2023;0,10130628;-51,6247489;47,500;
AP;BR-156;203,000;202,000;1,000;11/07/2023;0,09496359;-51,630815;66,250;
AP;BR-156;202,000;201,000;1,000;11/07/2023;0,08682207;-51,6325932;60,000;
AP;BR-156;201,000;200,000;1,000;11/07/2023;0,07368348;-51,6337398;62,500;
AP;BR-156;200,000;199,000;1,000;11/07/2023;0,0681085;-51,6351083;51,250;
AP;BR-156;199,000;198,000;1,000;11/07/2023;0,0612025;-51,6370154;62,500;
AP;BR-156;198,000;197,000;1,000;11/07/2023;0,0582529;-51,6368674;80,000;
AP;BR-156;197,000;196,000;1,000;11/07/2023;0,05065967;-51,636449;46,250;
AP;BR-156;196,000;195,000;1,000;11/07/2023;0,04131938;-51,6358953;51,250;
AP;BR-156;195,000;194,000;1,000;11/07/2023;0,0321715;-51,6355678;45,000;
AP;BR-156;194,000;193,000;1,000;11/07/2023;0,02353266;-51,6351519;62,500;
AP;BR-156;193,000;192,600;0,400;11/07/2023;0,01430386;-51,6357055;58,750;
AP;BR-156;192,600;192,000;0,600;11/07/2023;0,01028126;-51,6367007;68,750;
AP;BR-156;192,000;191,000;1,000;11/07/2023;0,0080576;-51,6412613;51,250;
AP;BR-156;191,000;190,000;1,000;11/07/2023;0,00320656;-51,6491158;51,250;
AP;BR-156;190,000;189,000;1,000;11/07/2023;-0,00120411;-51,6562086;66,250;
AP;BR-156;189,000;188,000;1,000;11/07/2023;-0,0056102;-51,6638771;58,750;
AP;BR-156;188,000;187,000;1,000;11/07/2023;-0,0100942;-51,6722948;83,750;
AP;BR-156;187,000;186,000;1,000;11/07/2023;-0,0126544;-51,6805297;51,250;
AP;BR-156;186,000;185,000;1,000;11/07/2023;-0,01637019;-51,6882833;81,250;
AP;BR-156;185,000;184,000;1,000;11/07/2023;-0,02108225;-51,6959625;73,750;
AP;BR-156;184,000;183,000;1,000;11/07/2023;-0,0292595;-51,7002109;91,250;
AP;BR-156;183,000;182,000;1,000;11/07/2023;-0,03766355;-51,7027931;17,500;
AP;BR-156;182,000;181,000;1,000;11/07/2023;-0,04677364;-51,7049167;25,000;
AP;BR-156;181,000;180,000;1,000;11/07/2023;-0,05698878;-51,7088413;26,250;
AP;BR-156;180,000;179,000;1,000;11/07/2023;-0,064824;-51,7119397;53,750;
AP;BR-156;179,000;178,000;1,000;11/07/2023;-0,07231947;-51,7155251;73,750;
AP;BR-156;178,000;177,000;1,000;11/07/2023;-0,0780651;-51,7224691;38,750;
AP;BR-156;177,000;176,000;1,000;11/07/2023;-0,08647893;-51,7289711;22,500;
AP;BR-156;176,000;175,000;1,000;11/07/2023;-0,09376122;-51,7342196;0,000;
AP;BR-156;175,000;174,000;1,000;11/07/2023;-0,10105588;-51,7394788;20,000;
AP;BR-156;174,000;173,000;1,000;11/07/2023;-0,10704157;-51,7430059;35,000;
AP;BR-156;173,000;172,000;1,000;11/07/2023;-0,11514691;-51,7461191;11,250;
AP;BR-156;172,000;171,000;1,000;11/07/2023;-0,12468796;-51,7497753;22,500;
AP;BR-156;171,000;170,000;1,000;11/07/2023;-0,14089987;-51,7510967;0,000;
AP;BR-156;170,000;169,000;1,000;11/07/2023;-0,14977564;-51,7458;22,500;
AP;BR-156;169,000;168,000;1,000;11/07/2023;-0,15854098;-51,7411695;18,750;
AP;BR-156;168,000;167,000;1,000;11/07/2023;-0,16525769;-51,7373011;0,000;
AP;BR-156;167,000;166,000;1,000;11/07/2023;-0,17455552;-51,7359981;45,000;
AP;BR-156;166,000;164,280;1,720;11/07/2023;-0,18281475;-51,7355049;42,500;
AP;BR-156;164,280;163,000;1,280;11/07/2023;-0,18281408;-51,7355079;0,000;
AP;BR-156;163,000;162,000;1,000;11/07/2023;-0,19527442;-51,7371077;2,500;
AP;BR-156;162,000;161,000;1,000;11/07/2023;-0,20435343;-51,7396127;2,500;
AP;BR-156;161,000;160,000;1,000;11/07/2023;-0,21441083;-51,7458704;21,250;
AP;BR-156;160,000;159,000;1,000;11/07/2023;-0,21912615;-51,7493158;21,250;
AP;BR-156;159,000;158,000;1,000;11/07/2023;-0,22580566;-51,7542079;21,250;
AP;BR-156;158,000;157,000;1,000;11/07/2023;-0,23460548;-51,7606313;28,750;
AP;BR-156;157,000;156,000;1,000;11/07/2023;-0,24263387;-51,7636771;2,500;
AP;BR-156;156,000;155,000;1,000;11/07/2023;-0,25056781;-51,761315;21,250;
AP;BR-156;155,000;154,000;1,000;11/07/2023;-0,2590765;-51,7611752;22,500;
AP;BR-156;154,000;153,000;1,000;11/07/2023;-0,26933262;-51,7635751;36,250;
AP;BR-156;153,000;152,000;1,000;11/07/2023;-0,27562215;-51,7694865;27,500;
AP;BR-156;152,000;151,000;1,000;11/07/2023;-0,28279782;-51,7760696;45,000;
AP;BR-156;151,000;150,000;1,000;11/07/2023;-0,28437345;-51,7891078;47,500;
AP;BR-156;150,000;149,000;1,000;11/07/2023;-0,28429415;-51,7916048;45,000;
AP;BR-156;149,000;148,000;1,000;11/07/2023;-0,28246399;-51,8022755;45,000;
AP;BR-156;148,000;147,000;1,000;11/07/2023;-0,2857759;-51,8102159;41,250;
AP;BR-156;147,000;146,000;1,000;11/07/2023;-0,29039894;-51,8165739;41,250;
AP;BR-156;146,000;145,000;1,000;11/07/2023;-0,29873475;-51,8191042;40,000;
AP;BR-156;145,000;144,000;1,000;11/07/2023;-0,30955327;-51,8206316;45,000;
AP;BR-156;144,000;143,000;1,000;11/07/2023;-0,31670643;-51,8232473;51,250;
AP;BR-156;143,000;142,000;1,000;11/07/2023;-0,32516458;-51,8263592;48,750;
AP;BR-156;142,000;141,000;1,000;11/07/2023;-0,33512986;-51,8300019;51,250;
AP;BR-156;141,000;140,000;1,000;11/07/2023;-0,33933393;-51,8358848;45,000;
AP;BR-156;140,000;139,000;1,000;11/07/2023;-0,3433977;-51,8443188;48,750;
AP;BR-156;139,000;138,000;1,000;11/07/2023;-0,34351295;-51,853726;48,750;
AP;BR-156;138,000;137,000;1,000;11/07/2023;-0,34347459;-51,8624133;48,750;
AP;BR-156;137,000;136,000;1,000;11/07/2023;-0,34330414;-51,8706811;45,000;
AP;BR-156;136,000;135,000;1,000;11/07/2023;-0,34210647;-51,8794376;47,500;
AP;BR-156;135,000;134,000;1,000;11/07/2023;-0,33927882;-51,8880137;45,000;
AP;BR-156;134,000;133,000;1,000;11/07/2023;-0,33788136;-51,8969122;46,250;
AP;BR-156;133,000;132,000;1,000;11/07/2023;-0,33637236;-51,906598;46,250;
AP;BR-156;132,000;131,000;1,000;11/07/2023;-0,33484275;-51,9167086;45,000;
AP;BR-156;131,000;130,000;1,000;11/07/2023;-0,33306377;-51,9246524;47,500;
AP;BR-156;130,000;129,000;1,000;11/07/2023;-0,33166339;-51,9337103;41,250;
AP;BR-156;129,000;128,000;1,000;11/07/2023;-0,33121118;-51,945087;45,000;
AP;BR-156;128,000;127,000;1,000;11/07/2023;-0,33098751;-51,9504589;41,250;
AP;BR-156;127,000;126,000;1,000;11/07/2023;-0,3330902;-51,9601654;41,250;
AP;BR-156;126,000;125,000;1,000;11/07/2023;-0,33415343;-51,9680573;35,000;
AP;BR-156;125,000;124,000;1,000;11/07/2023;-0,33755129;-51,9765103;28,750;
AP;BR-156;124,000;123,000;1,000;11/07/2023;-0,34256357;-51,9843403;45,000;
AP;BR-156;123,000;122,000;1,000;11/07/2023;-0,34302186;-51,9917218;45,000;
AP;BR-156;122,000;121,000;1,000;11/07/2023;-0,3499182;-52,0001135;46,250;
AP;BR-156;121,000;120,000;1,000;11/07/2023;-0,35019628;-52,0079581;41,250;
AP;BR-156;120,000;119,000;1,000;11/07/2023;-0,3583724;-52,0161026;41,250;
AP;BR-156;119,000;118,000;1,000;11/07/2023;-0,36367353;-52,0201185;35,000;
AP;BR-156;118,000;117,000;1,000;11/07/2023;-0,367574;-52,0273829;50,000;
AP;BR-156;117,000;116,000;1,000;11/07/2023;-0,37530285;-52,0310087;35,000;
AP;BR-156;116,000;115,000;1,000;11/07/2023;-0,37929954;-52,0387602;41,250;
AP;BR-156;115,000;114,000;1,000;11/07/2023;-0,38525708;-52,0479715;72,500;
AP;BR-156;114,000;113,000;1,000;11/07/2023;-0,39069339;-52,0547169;45,000;
AP;BR-156;113,000;112,000;1,000;11/07/2023;-0,40721002;-52,0569034;47,500;
AP;BR-156;112,000;111,000;1,000;11/07/2023;-0,41421356;-52,0637085;45,000;
AP;BR-156;111,000;110,000;1,000;11/07/2023;-0,42670225;-52,0649381;41,250;
AP;BR-156;110,000;109,000;1,000;11/07/2023;-0,43342531;-52,0669527;35,000;
AP;BR-156;109,000;108,000;1,000;11/07/2023;-0,4405682;-52,0680879;45,000;
AP;BR-156;108,000;106,700;1,300;11/07/2023;-0,44848188;-52,0728116;45,000;
AP;BR-156;106,700;105,000;1,700;11/07/2023;-0,45617944;-52,0776835;51,250;
AP;BR-156;105,000;104,000;1,000;11/07/2023;-0,45314296;-52,0905527;45,000;
AP;BR-156;104,000;103,000;1,000;11/07/2023;-0,45527412;-52,1007315;80,000;
AP;BR-156;103,000;102,000;1,000;11/07/2023;-0,45600591;-52,108037;58,750;
AP;BR-156;102,000;101,000;1,000;11/07/2023;-0,45667207;-52,1189667;58,750;
AP;BR-156;101,000;100,000;1,000;11/07/2023;-0,4578855;-52,1269446;45,000;
AP;BR-156;100,000;99,000;1,000;11/07/2023;-0,46280078;-52,136975;48,750;
AP;BR-156;99,000;98,000;1,000;11/07/2023;-0,46747559;-52,1438793;51,250;
AP;BR-156;98,000;97,000;1,000;11/07/2023;-0,47392809;-52,1463583;47,500;
AP;BR-156;97,000;96,000;1,000;11/07/2023;-0,48301608;-52,1493209;38,750;
AP;BR-156;96,000;95,000;1,000;11/07/2023;-0,48890778;-52,1555338;66,250;
AP;BR-156;95,000;94,000;1,000;11/07/2023;-0,49902198;-52,1633253;62,500;
AP;BR-156;94,000;93,000;1,000;11/07/2023;-0,50143197;-52,166862;43,750;
AP;BR-156;93,000;92,000;1,000;11/07/2023;-0,51070195;-52,1734627;45,000;
AP;BR-156;92,000;91,000;1,000;11/07/2023;-0,51586018;-52,1777698;45,000;
AP;BR-156;91,000;90,000;1,000;11/07/2023;-0,5236096;-52,1823951;45,000;
AP;BR-156;90,000;89,000;1,000;11/07/2023;-0,53243235;-52,1823178;62,500;
AP;BR-156;89,000;87,800;1,200;11/07/2023;-0,5385854;-52,1796687;73,750;
AP;BR-156;30,680;31,000;0,320;12/07/2023;-0,813411;-52,4966474;30,000;
AP;BR-156;31,000;32,000;1,000;12/07/2023;-0,80118665;-52,4903724;35,000;
AP;BR-156;32,000;33,000;1,000;12/07/2023;-0,79291816;-52,4872051;23,750;
AP;BR-156;33,000;34,000;1,000;12/07/2023;-0,78407768;-52,4853652;8,750;
AP;BR-156;34,000;35,000;1,000;12/07/2023;-0,77508837;-52,4839824;23,750;
AP;BR-156;35,000;36,000;1,000;12/07/2023;-0,76818549;-52,4827959;3,750;
AP;BR-156;36,000;37,000;1,000;12/07/2023;-0,76121283;-52,4790771;8,750;
AP;BR-156;37,000;38,000;1,000;12/07/2023;-0,76601733;-52,4704231;20,000;
AP;BR-156;38,000;39,000;1,000;12/07/2023;-0,76672531;-52,4695836;23,750;
AP;BR-156;39,000;40,000;1,000;12/07/2023;-0,76983579;-52,4658806;7,500;
AP;BR-156;40,000;41,000;1,000;12/07/2023;-0,76854525;-52,4574597;56,250;
AP;BR-156;41,000;42,000;1,000;12/07/2023;-0,76374451;-52,450187;65,000;
AP;BR-156;42,000;43,000;1,000;12/07/2023;-0,75934412;-52,4434415;55,000;
AP;BR-156;43,000;44,000;1,000;12/07/2023;-0,75307502;-52,4372328;42,500;
AP;BR-156;44,000;45,000;1,000;12/07/2023;-0,7410591;-52,4339732;50,000;
AP;BR-156;45,000;46,000;1,000;12/07/2023;-0,73567951;-52,4310113;48,750;
AP;BR-156;46,000;47,000;1,000;12/07/2023;-0,7290929;-52,4242837;52,500;
AP;BR-156;47,000;48,000;1,000;12/07/2023;-0,72292175;-52,4184211;80,000;
AP;BR-156;48,000;49,000;1,000;12/07/2023;-0,71775009;-52,4112072;37,500;
AP;BR-156;49,000;50,000;1,000;12/07/2023;-0,71252493;-52,4034895;57,500;
AP;BR-156;50,000;51,000;1,000;12/07/2023;-0,70813025;-52,3967051;60,000;
AP;BR-156;51,000;52,000;1,000;12/07/2023;-0,70839823;-52,3860066;55,000;
AP;BR-156;52,000;53,000;1,000;12/07/2023;-0,69848199;-52,3737186;67,500;
AP;BR-156;53,000;54,000;1,000;12/07/2023;-0,69011013;-52,3725826;81,250;
AP;BR-156;54,000;55,000;1,000;12/07/2023;-0,68034546;-52,3705533;80,000;
AP;BR-156;55,000;56,000;1,000;12/07/2023;-0,67245333;-52,3673328;81,250;
AP;BR-156;56,000;57,000;1,000;12/07/2023;-0,66792687;-52,366034;93,750;
AP;BR-156;57,000;58,000;1,000;12/07/2023;-0,66449976;-52,3659879;80,000;
AP;BR-156;58,000;59,000;1,000;12/07/2023;-0,65419601;-52,3676958;75,000;
AP;BR-156;59,000;60,000;1,000;12/07/2023;-0,6465573;-52,3689465;72,500;
AP;BR-156;60,000;61,000;1,000;12/07/2023;-0,63628423;-52,3706883;86,250;
AP;BR-156;61,000;62,000;1,000;12/07/2023;-0,61947584;-52,3692187;67,500;
AP;BR-156;62,000;63,000;1,000;12/07/2023;-0,61060323;-52,3666628;76,250;
AP;BR-156;63,000;64,000;1,000;12/07/2023;-0,60444303;-52,3615365;82,500;
AP;BR-156;64,000;65,000;1,000;12/07/2023;-0,60037604;-52,3528884;73,750;
AP;BR-156;65,000;66,000;1,000;12/07/2023;-0,60036308;-52,3447631;70,000;
AP;BR-156;66,000;67,000;1,000;12/07/2023;-0,59871253;-52,3405582;77,500;
AP;BR-156;67,000;68,000;1,000;12/07/2023;-0,59727547;-52,3364371;87,500;
AP;BR-156;68,000;69,000;1,000;12/07/2023;-0,59519117;-52,3281462;63,750;
AP;BR-156;69,000;70,000;1,000;12/07/2023;-0,59534812;-52,3192312;73,750;
AP;BR-156;70,000;71,000;1,000;12/07/2023;-0,5914533;-52,3115669;78,750;
AP;BR-156;71,000;72,000;1,000;12/07/2023;-0,58609299;-52,3050492;80,000;
AP;BR-156;72,000;73,000;1,000;12/07/2023;-0,57971109;-52,2987125;72,500;
AP;BR-156;73,000;74,000;1,000;12/07/2023;-0,57888371;-52,2902644;63,750;
AP;BR-156;74,000;75,000;1,000;12/07/2023;-0,58428067;-52,2842533;76,250;
AP;BR-156;75,000;76,000;1,000;12/07/2023;-0,5839185;-52,2753321;83,750;
AP;BR-156;76,000;77,000;1,000;12/07/2023;-0,58062266;-52,2661226;62,500;
AP;BR-156;77,000;78,000;1,000;12/07/2023;-0,57295909;-52,2620554;81,250;
AP;BR-156;78,000;79,000;1,000;12/07/2023;-0,56732018;-52,2563607;81,250;
AP;BR-156;79,000;80,000;1,000;12/07/2023;-0,56195435;-52,248542;70,000;
AP;BR-156;80,000;81,000;1,000;12/07/2023;-0,56179303;-52,2353558;70,000;
AP;BR-156;81,000;82,000;1,000;12/07/2023;-0,56374332;-52,2299164;60,000;
AP;BR-156;82,000;83,000;1,000;12/07/2023;-0,56299452;-52,2242765;73,750;
AP;BR-156;83,000;84,000;1,000;12/07/2023;-0,56120979;-52,215332;66,250;
AP;BR-156;84,000;85,000;1,000;12/07/2023;-0,55566524;-52,2082359;71,250;
AP;BR-156;85,000;86,000;1,000;12/07/2023;-0,55004281;-52,20195;66,250;
AP;BR-156;86,000;87,000;1,000;12/07/2023;-0,54943659;-52,1926444;60,000;
AP;BR-156;87,000;87,800;0,800;12/07/2023;-0,54931141;-52,1852482;68,750;
RS;BR-153;121,500;120,000;1,500;19/07/2023;-28,2171013;-52,4623728;0,000;
RS;BR-153;120,000;119,000;1,000;19/07/2023;-28,2171027;-52,4623763;0,000;
RS;BR-153;119,000;118,000;1,000;19/07/2023;-28,233263;-52,435058;15,000;
RS;BR-153;118,000;117,000;1,000;19/07/2023;-28,2220878;-52,4703646;0,000;
RS;BR-153;117,000;116,000;1,000;19/07/2023;-28,2643229;-52,3917816;15,000;
RS;BR-153;116,000;115,000;1,000;19/07/2023;-28,233263;-52,435058;0,000;
RS;BR-153;115,000;114,000;1,000;19/07/2023;-28,233263;-52,435058;2,500;
RS;BR-153;114,000;113,000;1,000;19/07/2023;-28,2447606;-52,3911161;2,500;
RS;BR-153;113,000;112,000;1,000;19/07/2023;-28,2447606;-52,3911161;0,000;
RS;BR-153;112,000;111,000;1,000;19/07/2023;-28,1843423;-52,3322372;0,000;
RS;BR-153;111,000;110,000;1,000;19/07/2023;-28,1843423;-52,3322372;0,000;
RS;BR-153;110,000;109,000;1,000;19/07/2023;-28,1843423;-52,3322372;25,000;
RS;BR-153;109,000;108,000;1,000;19/07/2023;-28,1837354;-52,3342323;50,000;
RS;BR-153;108,000;107,000;1,000;19/07/2023;-28,1215795;-52,3019856;5,000;
RS;BR-153;107,000;106,000;1,000;19/07/2023;-28,1215795;-52,3019856;40,000;
RS;BR-153;106,000;105,000;1,000;19/07/2023;-28,1215795;-52,3019856;0,000;
RS;BR-153;105,000;104,000;1,000;19/07/2023;-28,11079;-52,393885;46,250;
RS;BR-153;104,000;103,000;1,000;19/07/2023;-28,11079;-52,393885;12,500;
RS;BR-153;103,000;102,000;1,000;19/07/2023;-28,11079;-52,393885;40,000;
RS;BR-153;102,000;101,000;1,000;19/07/2023;-28,11079;-52,393885;55,000;
RS;BR-153;101,000;100,000;1,000;19/07/2023;-28,1244777;-52,3003238;40,000;
RS;BR-153;100,000;99,000;1,000;19/07/2023;-28,1244777;-52,3003238;25,000;
RS;BR-153;99,000;98,000;1,000;19/07/2023;-28,1244777;-52,3003238;52,500;
RS;BR-153;98,000;97,000;1,000;19/07/2023;-28,1244777;-52,3003238;58,750;
RS;BR-153;97,000;96,000;1,000;19/07/2023;-28,1244777;-52,3003238;58,750;
RS;BR-153;96,000;95,000;1,000;19/07/2023;-27,9550338;-52,3063064;32,500;
RS;BR-153;95,000;94,000;1,000;19/07/2023;-27,9550338;-52,3063064;66,250;
RS;BR-153;94,000;93,000;1,000;19/07/2023;-27,9550338;-52,3063064;30,000;
RS;BR-153;93,000;92,000;1,000;19/07/2023;-27,9550338;-52,3063064;31,250;
RS;BR-153;92,000;91,000;1,000;19/07/2023;-27,9388267;-52,3269173;77,500;
RS;BR-153;91,000;90,000;1,000;19/07/2023;-27,9388267;-52,3269173;30,000;
RS;BR-153;90,000;89,000;1,000;19/07/2023;-27,9388267;-52,3269173;37,500;
RS;BR-153;89,000;88,000;1,000;19/07/2023;-27,9388267;-52,3269173;45,000;
RS;BR-153;88,000;87,000;1,000;19/07/2023;-27,9388267;-52,3269173;25,000;
RS;BR-153;87,000;86,000;1,000;19/07/2023;-27,9388267;-52,3269173;62,500;
RS;BR-153;86,000;85,000;1,000;19/07/2023;-27,9474166;-52,374265;27,500;
RS;BR-153;85,000;84,000;1,000;19/07/2023;-27,9474166;-52,374265;62,500;
RS;BR-153;84,000;83,000;1,000;19/07/2023;-27,9882938;-52,3448737;30,000;
RS;BR-153;83,000;82,000;1,000;19/07/2023;-27,9882938;-52,3448737;37,500;
RS;BR-153;82,000;81,000;1,000;19/07/2023;-27,8603101;-52,3089656;27,500;
RS;BR-153;81,000;80,000;1,000;19/07/2023;-27,8603101;-52,3089656;48,750;
RS;BR-153;80,000;79,000;1,000;19/07/2023;-27,9016566;-52,3640766;30,000;
RS;BR-153;79,000;78,000;1,000;19/07/2023;-27,896406;-52,2870308;38,750;
RS;BR-153;78,000;77,000;1,000;19/07/2023;-27,8603101;-52,3089656;52,500;
RS;BR-153;77,000;76,000;1,000;19/07/2023;-27,8777033;-52,3588583;38,750;
RS;BR-153;76,000;75,000;1,000;19/07/2023;-27,8603101;-52,3089656;7,500;
RS;BR-153;75,000;74,000;1,000;19/07/2023;-27,8603101;-52,3089656;18,750;
RS;BR-153;74,000;73,000;1,000;19/07/2023;-27,8603101;-52,3089656;0,000;
RS;BR-153;73,000;72,000;1,000;19/07/2023;-27,9736461;-52,2328882;25,000;
RS;BR-153;72,000;71,000;1,000;19/07/2023;-27,845368;-52,3003238;18,750;
RS;BR-153;71,000;70,000;1,000;19/07/2023;-27,845368;-52,3003238;2,500;
RS;BR-153;70,000;69,000;1,000;19/07/2023;-27,8521641;-52,3049769;33,750;
RS;BR-153;69,000;68,000;1,000;19/07/2023;-27,7535932;-52,2770627;38,750;
RS;BR-153;68,000;67,000;1,000;19/07/2023;-27,8488279;-52,3043121;0,000;
RS;BR-153;67,000;66,000;1,000;19/07/2023;-27,8488279;-52,3043121;32,500;
RS;BR-153;66,000;65,000;1,000;19/07/2023;-27,7063604;-52,3348974;25,000;
RS;BR-153;65,000;64,000;1,000;19/07/2023;-27,7063604;-52,3348974;27,500;
RS;BR-153;64,000;63,000;1,000;19/07/2023;-27,761835;-52,3381166;67,500;
RS;BR-153;63,000;62,000;1,000;19/07/2023;-27,7579728;-52,2780595;18,750;
RS;BR-153;62,000;61,000;1,000;19/07/2023;-27,7579728;-52,2780595;25,000;
RS;BR-153;61,000;60,000;1,000;19/07/2023;-27,7579728;-52,2780595;60,000;
RS;BR-153;60,000;59,000;1,000;19/07/2023;-27,7579728;-52,2780595;22,500;
RS;BR-153;59,000;58,000;1,000;19/07/2023;-27,723035;-52,3217116;25,000;
RS;BR-153;58,000;57,000;1,000;19/07/2023;-27,7579728;-52,2780595;40,000;
RS;BR-153;57,000;56,000;1,000;19/07/2023;-27,7579728;-52,2780595;55,000;
RS;BR-153;56,000;55,000;1,000;19/07/2023;-27,7061848;-52,3186057;40,000;
RS;BR-153;55,000;54,000;1,000;19/07/2023;-27,6844846;-52,2896892;27,500;
RS;BR-153;54,000;53,000;1,000;19/07/2023;-27,6823145;-52,2924708;67,500;
RR;BR-210;315,400;316,000;0,600;19/07/2023;2,817698333;-60,70467;90,000;
RR;BR-210;316,000;317,000;1,000;19/07/2023;2,654753333;-60,8737433;90,000;
RR;BR-210;317,000;318,000;1,000;19/07/2023;2,654753333;-60,8737433;82,500;
RR;BR-210;318,000;319,000;1,000;19/07/2023;2,654753333;-60,8737433;90,000;
RR;BR-210;319,000;320,000;1,000;19/07/2023;2,654753333;-60,8737433;82,500;
RR;BR-210;320,000;321,000;1,000;19/07/2023;2,654753333;-60,8737433;78,750;
RR;BR-210;321,000;322,000;1,000;19/07/2023;2,654753333;-60,8737433;78,750;
RR;BR-210;322,000;323,000;1,000;19/07/2023;2,654753333;-60,8737433;78,750;
RR;BR-210;323,000;324,000;1,000;19/07/2023;2,654753333;-60,8737433;72,500;
RR;BR-210;324,000;325,000;1,000;19/07/2023;2,654753333;-60,8737433;61,250;
RR;BR-210;325,000;326,000;1,000;19/07/2023;2,654753333;-60,8737433;61,250;
RR;BR-210;326,000;327,000;1,000;19/07/2023;2,654753333;-60,8737433;68,750;
RR;BR-210;327,000;328,000;1,000;19/07/2023;2,654753333;-60,8737433;78,750;
RR;BR-210;328,000;329,000;1,000;19/07/2023;2,654753333;-60,8737433;78,750;
RR;BR-210;329,000;330,000;1,000;19/07/2023;2,654753333;-60,8737433;78,750;
RR;BR-210;330,000;331,000;1,000;19/07/2023;2,654753333;-60,8737433;63,750;
RR;BR-210;331,000;332,000;1,000;19/07/2023;2,654753333;-60,8737433;65,000;
RR;BR-210;332,000;333,000;1,000;19/07/2023;2,654753333;-60,8737433;75,000;
RR;BR-210;333,000;334,000;1,000;19/07/2023;2,654753333;-60,8737433;53,750;
RR;BR-210;334,000;335,000;1,000;19/07/2023;2,654753333;-60,8737433;55,000;
RR;BR-210;335,000;336,000;1,000;19/07/2023;2,654753333;-60,8737433;61,250;
RR;BR-210;336,000;337,000;1,000;19/07/2023;2,654753333;-60,8737433;65,000;
RR;BR-210;337,000;338,000;1,000;19/07/2023;2,654753333;-60,8737433;57,500;
RR;BR-210;338,000;339,000;1,000;19/07/2023;2,654753333;-60,8737433;53,750;
RR;BR-210;339,000;340,000;1,000;19/07/2023;2,654753333;-60,8737433;71,250;
RR;BR-210;340,000;341,000;1,000;19/07/2023;2,654753333;-60,8737433;61,250;
RR;BR-210;341,000;342,000;1,000;19/07/2023;2,654753333;-60,8737433;57,500;
RR;BR-210;342,000;343,000;1,000;19/07/2023;2,654753333;-60,8737433;53,750;
RR;BR-210;343,000;344,000;1,000;19/07/2023;2,654753333;-60,8737433;47,500;
RR;BR-210;344,000;345,000;1,000;19/07/2023;2,654753333;-60,8737433;53,750;
RR;BR-210;345,000;346,000;1,000;19/07/2023;2,654753333;-60,8737433;47,500;
MG;BR-259;168,700;169,000;0,300;20/07/2023;-18,8313955;-41,9488224;40,000;
MG;BR-259;169,000;170,000;1,000;20/07/2023;-18,8314065;-41,9488347;52,500;
MG;BR-259;170,000;171,000;1,000;20/07/2023;-18,8314081;-41,9488327;52,500;
MG;BR-259;171,000;171,900;0,900;20/07/2023;-18,8318077;-41,9514552;43,750;
MG;BR-135;137,800;137,000;0,800;19/07/2023;-16,6958515;-43,8188289;72,500;
MG;BR-135;137,000;136,000;1,000;19/07/2023;-16,6958515;-43,8188289;77,500;
MG;BR-135;136,000;135,400;0,600;19/07/2023;-16,6958515;-43,8188289;83,750;
MG;BR-135;125,400;125,000;0,400;19/07/2023;-16,6958515;-43,8188289;85,000;
MG;BR-135;125,000;124,000;1,000;19/07/2023;-16,6958515;-43,8188289;92,500;
MG;BR-135;124,000;123,000;1,000;19/07/2023;-16,6958515;-43,8188289;92,500;
MG;BR-135;123,000;122,000;1,000;19/07/2023;-16,6958515;-43,8188289;82,500;
MG;BR-135;122,000;121,000;1,000;19/07/2023;-16,6958515;-43,8188289;82,500;
MG;BR-135;121,000;120,000;1,000;19/07/2023;-16,6958515;-43,8188289;72,500;
MG;BR-135;120,000;119,000;1,000;19/07/2023;-16,6958515;-43,8188289;85,000;
MG;BR-135;119,000;118,000;1,000;19/07/2023;-16,6958515;-43,8188289;82,500;
MG;BR-135;118,000;117,000;1,000;19/07/2023;-16,6958515;-43,8188289;82,500;
MG;BR-135;117,000;116,000;1,000;19/07/2023;-16,6958515;-43,8188289;82,500;
MG;BR-135;116,000;115,000;1,000;19/07/2023;-16,6958515;-43,8188289;82,500;
MG;BR-135;115,000;114,000;1,000;19/07/2023;-16,6958515;-43,8188289;82,500;
MG;BR-135;114,000;113,000;1,000;19/07/2023;-16,6958515;-43,8188289;82,500;
MG;BR-135;113,000;112,000;1,000;19/07/2023;-16,6958515;-43,8188289;82,500;
MG;BR-135;112,000;111,000;1,000;19/07/2023;-16,6958515;-43,8188289;82,500;
MG;BR-135;111,000;110,000;1,000;19/07/2023;-17,3377578;-44,9060912;82,500;
MG;BR-135;110,000;109,000;1,000;19/07/2023;-17,3377578;-44,9060912;82,500;
MG;BR-135;109,000;108,000;1,000;19/07/2023;-17,3377578;-44,9060912;82,500;
MG;BR-135;108,000;107,000;1,000;19/07/2023;-17,3377578;-44,9060912;82,500;
MG;BR-135;107,000;106,400;0,600;19/07/2023;-17,3377578;-44,9060912;82,500;
MG;BR-135;106,400;106,000;0,400;19/07/2023;-17,3377578;-44,9060912;66,250;
MG;BR-135;106,000;105,000;1,000;19/07/2023;-17,3377578;-44,9060912;78,750;
MG;BR-135;105,000;104,000;1,000;19/07/2023;-17,3377578;-44,9060912;73,750;
MG;BR-135;104,000;103,000;1,000;19/07/2023;-17,3377578;-44,9060912;73,750;
MG;BR-135;103,000;102,000;1,000;19/07/2023;-17,3377578;-44,9060912;66,250;
MG;BR-135;102,000;101,000;1,000;19/07/2023;-17,3377578;-44,9060912;72,500;
MG;BR-135;101,000;100,000;1,000;19/07/2023;-17,3377578;-44,9060912;78,750;
MG;BR-135;100,000;99,000;1,000;19/07/2023;-17,3377578;-44,9060912;72,500;
MG;BR-135;99,000;98,000;1,000;19/07/2023;-17,3377578;-44,9060912;70,000;
MG;BR-135;98,000;97,000;1,000;19/07/2023;-17,3377578;-44,9060912;68,750;
MG;BR-135;97,000;96,000;1,000;19/07/2023;-17,3377578;-44,9060912;88,750;
MG;BR-135;96,000;95,000;1,000;19/07/2023;-17,3377578;-44,9060912;88,750;
MG;BR-135;95,000;94,000;1,000;19/07/2023;-17,3377578;-44,9060912;75,000;
MG;BR-135;94,000;93,000;1,000;19/07/2023;-17,3377578;-44,9060912;76,250;
MG;BR-135;93,000;92,000;1,000;19/07/2023;-17,3377578;-44,9060912;82,500;
MG;BR-135;92,000;91,000;1,000;19/07/2023;-17,3377578;-44,9060912;68,750;
MG;BR-135;91,000;90,000;1,000;19/07/2023;-17,3377578;-44,9060912;72,500;
MG;BR-135;90,000;89,000;1,000;19/07/2023;-17,3377578;-44,9060912;78,750;
MG;BR-135;89,000;88,000;1,000;19/07/2023;-17,3377578;-44,9060912;72,500;
MG;BR-135;88,000;87,000;1,000;19/07/2023;-17,3377578;-44,9060912;78,750;
MG;BR-135;87,000;86,000;1,000;19/07/2023;-17,3377578;-44,9060912;78,750;
MG;BR-135;86,000;85,000;1,000;19/07/2023;-17,3377578;-44,9060912;78,750;
MG;BR-135;85,000;84,000;1,000;19/07/2023;-17,3377578;-44,9060912;78,750;
MG;BR-135;84,000;83,000;1,000;19/07/2023;-17,3377578;-44,9060912;78,750;
MG;BR-135;83,000;82,000;1,000;19/07/2023;-17,3377578;-44,9060912;78,750;
MG;BR-352;165,600;164,000;1,600;21/07/2023;-18,605249;-46,5155022;28,750;
MG;BR-352;164,000;163,000;1,000;21/07/2023;-18,6052229;-46,5155209;43,750;
MG;BR-352;163,000;162,000;1,000;21/07/2023;-18,6052187;-46,515527;70,000;
MG;BR-352;162,000;161,000;1,000;21/07/2023;-18,6052246;-46,5155278;28,750;
MG;BR-352;161,000;160,000;1,000;21/07/2023;-18,6052259;-46,5155228;28,750;
MG;BR-352;160,000;159,000;1,000;21/07/2023;-18,605218;-46,5155249;28,750;
MG;BR-352;159,000;158,000;1,000;21/07/2023;-18,6052282;-46,5155226;28,750;
MG;BR-352;158,000;157,000;1,000;21/07/2023;-18,6052213;-46,5155266;28,750;
MG;BR-352;157,000;156,000;1,000;21/07/2023;-18,6052201;-46,5155258;37,500;
MG;BR-352;156,000;155,000;1,000;21/07/2023;-18,6052225;-46,5155243;48,750;
MG;BR-352;155,000;154,000;1,000;21/07/2023;-18,6052287;-46,5155409;48,750;
MG;BR-352;154,000;153,000;1,000;21/07/2023;-18,6052201;-46,5155271;58,750;
MG;BR-352;153,000;152,000;1,000;21/07/2023;-18,6052209;-46,5155329;33,750;
MG;BR-352;152,000;151,000;1,000;21/07/2023;-18,6052264;-46,5155278;26,250;
MG;BR-352;151,000;150,000;1,000;21/07/2023;-18,6052224;-46,5155252;40,000;
MG;BR-352;150,000;149,000;1,000;21/07/2023;-18,6052233;-46,5155328;28,750;
MG;BR-352;149,000;148,000;1,000;21/07/2023;-18,6052231;-46,5155325;43,750;
MG;BR-352;148,000;147,000;1,000;21/07/2023;-18,6052305;-46,5155255;30,000;
MG;BR-352;147,000;146,000;1,000;21/07/2023;-18,6052274;-46,5155282;51,250;
MG;BR-352;146,000;145,000;1,000;21/07/2023;-18,6052197;-46,5155245;43,750;
MG;BR-352;145,000;144,000;1,000;21/07/2023;-18,6052188;-46,5155199;43,750;
MG;BR-352;144,000;143,000;1,000;21/07/2023;-18,6052234;-46,5155243;30,000;
MG;BR-352;143,000;142,000;1,000;21/07/2023;-18,6052259;-46,5155255;45,000;
MG;BR-352;142,000;141,000;1,000;21/07/2023;-18,6052216;-46,5155323;22,500;
MG;BR-352;141,000;140,000;1,000;21/07/2023;-18,6052198;-46,5155268;43,750;
MG;BR-352;140,000;139,000;1,000;21/07/2023;-18,605219;-46,5155328;30,000;
MG;BR-352;139,000;138,000;1,000;21/07/2023;-18,6052264;-46,5155303;33,750;
MG;BR-352;138,000;137,000;1,000;21/07/2023;-18,6052184;-46,5155311;45,000;
MG;BR-352;137,000;136,000;1,000;21/07/2023;-18,6052217;-46,5155288;22,500;
MG;BR-352;136,000;135,000;1,000;21/07/2023;-18,6052272;-46,5155356;43,750;
MG;BR-352;135,000;134,000;1,000;21/07/2023;-18,6052203;-46,5155268;37,500;
MG;BR-352;134,000;133,000;1,000;21/07/2023;-18,6052246;-46,5155314;28,750;
MG;BR-352;133,000;132,000;1,000;21/07/2023;-18,6052308;-46,5155212;58,750;
MG;BR-352;132,000;131,000;1,000;21/07/2023;-18,6052216;-46,5155391;51,250;
MG;BR-352;131,000;130,000;1,000;21/07/2023;-18,6052219;-46,5155291;31,250;
MG;BR-352;130,000;129,000;1,000;21/07/2023;-18,6052174;-46,5155311;26,250;
MG;BR-352;129,000;128,000;1,000;21/07/2023;-18,6052229;-46,5155219;38,750;
MG;BR-352;128,000;127,000;1,000;21/07/2023;-18,6052181;-46,5155356;37,500;
MG;BR-352;127,000;126,000;1,000;21/07/2023;-18,605226;-46,5155245;32,500;
MG;BR-352;126,000;125,000;1,000;21/07/2023;-18,6052266;-46,5155263;32,500;
MG;BR-352;125,000;124,000;1,000;21/07/2023;-18,6052243;-46,5155314;38,750;
MG;BR-352;124,000;123,000;1,000;21/07/2023;-18,6052315;-46,5155178;17,500;
MG;BR-352;123,000;122,000;1,000;21/07/2023;-18,6052315;-46,5155178;17,500;
MG;BR-352;122,000;121,000;1,000;21/07/2023;-18,6052205;-46,5155266;17,500;
MG;BR-352;121,000;120,000;1,000;21/07/2023;-18,6052273;-46,5155249;17,500;
MG;BR-352;120,000;119,000;1,000;21/07/2023;-18,6052296;-46,5155258;5,000;
MG;BR-352;119,000;118,000;1,000;21/07/2023;-18,605221;-46,515528;32,500;
MG;BR-352;118,000;117,000;1,000;21/07/2023;-18,6052287;-46,5155269;32,500;
MG;BR-352;117,000;116,000;1,000;21/07/2023;-18,605228;-46,5155261;32,500;
MG;BR-352;116,000;115,000;1,000;21/07/2023;-18,6052204;-46,5155344;32,500;
MG;BR-352;115,000;114,000;1,000;21/07/2023;-18,605222;-46,5155311;30,000;
MG;BR-352;114,000;113,000;1,000;21/07/2023;-18,6052238;-46,515532;38,750;
MG;BR-352;113,000;112,000;1,000;21/07/2023;-18,6052262;-46,5155288;16,250;
MG;BR-352;112,000;111,000;1,000;21/07/2023;-18,6052204;-46,5155259;46,250;
MG;BR-352;111,000;110,000;1,000;21/07/2023;-18,605223;-46,5155257;32,500;
MG;BR-352;110,000;109,000;1,000;21/07/2023;-18,6052248;-46,5155313;32,500;
MG;BR-352;109,000;108,000;1,000;21/07/2023;-18,6052219;-46,5155319;17,500;
MG;BR-352;108,000;107,000;1,000;21/07/2023;-18,6052162;-46,5155324;45,000;
MG;BR-352;107,000;106,000;1,000;21/07/2023;-18,605223;-46,5155327;31,250;
MG;BR-352;106,000;105,000;1,000;21/07/2023;-18,6052226;-46,5155248;22,500;
MG;BR-352;105,000;104,000;1,000;21/07/2023;-18,6052272;-46,5155274;3,750;
MG;BR-352;104,000;103,000;1,000;21/07/2023;-18,6052217;-46,5155263;38,750;
MG;BR-352;103,000;102,000;1,000;21/07/2023;-18,6052201;-46,5155333;58,750;
MG;BR-352;102,000;101,000;1,000;21/07/2023;-18,6052233;-46,5155329;37,500;
MG;BR-352;101,000;100,000;1,000;21/07/2023;-18,6052191;-46,5155299;27,500;
MG;BR-352;100,000;99,000;1,000;21/07/2023;-18,6052226;-46,5155291;16,250;
MG;BR-352;99,000;98,000;1,000;21/07/2023;-18,605221;-46,5155309;15,000;
MG;BR-352;98,000;97,000;1,000;21/07/2023;-18,6052236;-46,515531;15,000;
MG;BR-352;97,000;96,000;1,000;21/07/2023;-18,6052184;-46,5155233;2,500;
MG;BR-352;96,000;95,000;1,000;21/07/2023;-18,6052279;-46,5155297;2,500;
MG;BR-352;95,000;94,000;1,000;21/07/2023;-18,6052287;-46,5155262;2,500;
MG;BR-352;94,000;93,000;1,000;21/07/2023;-18,605223;-46,515533;2,500;
MG;BR-352;93,000;92,000;1,000;21/07/2023;-18,605225;-46,51553;30,000;
MG;BR-352;92,000;91,000;1,000;21/07/2023;-18,6052229;-46,5155252;15,000;
MG;BR-352;91,000;90,000;1,000;21/07/2023;-18,6052305;-46,5155256;16,250;
MG;BR-352;90,000;89,000;1,000;21/07/2023;-18,6052238;-46,5155284;28,750;
MG;BR-352;89,000;88,000;1,000;21/07/2023;-18,6052227;-46,5155328;28,750;
MG;BR-352;88,000;87,000;1,000;21/07/2023;-18,6052227;-46,5155328;22,500;
MG;BR-352;87,000;86,000;1,000;21/07/2023;-18,6052176;-46,5155277;37,500;
MG;BR-352;86,000;85,000;1,000;21/07/2023;-18,605222;-46,5155322;40,000;
MG;BR-352;85,000;84,000;1,000;21/07/2023;-18,6052313;-46,5155191;45,000;
MG;BR-352;84,000;83,000;1,000;21/07/2023;-18,6052315;-46,5155195;30,000;
MG;BR-352;83,000;82,000;1,000;21/07/2023;-18,6052175;-46,5155257;45,000;
MG;BR-352;82,000;81,000;1,000;21/07/2023;-18,6052242;-46,515529;25,000;
MG;BR-352;81,000;80,000;1,000;21/07/2023;-18,6052203;-46,5155292;50,000;
MG;BR-352;80,000;79,000;1,000;21/07/2023;-18,6052181;-46,5155303;45,000;
MG;BR-352;79,000;78,000;1,000;21/07/2023;-18,605222;-46,515534;22,500;
MG;BR-352;78,000;77,000;1,000;21/07/2023;-18,6052191;-46,5155329;28,750;
MG;BR-352;77,000;76,000;1,000;21/07/2023;-18,6052248;-46,5155296;28,750;
MG;BR-352;76,000;75,000;1,000;21/07/2023;-18,6052208;-46,5155256;28,750;
MG;BR-352;75,000;74,000;1,000;21/07/2023;-18,6052192;-46,5155261;16,250;
MG;BR-352;74,000;73,000;1,000;21/07/2023;-18,6052202;-46,5155255;16,250;
MG;BR-352;73,000;72,000;1,000;21/07/2023;-18,6052225;-46,5155313;16,250;
MG;BR-352;72,000;71,000;1,000;21/07/2023;-18,6052133;-46,5155172;16,250;
MG;BR-352;71,000;70,000;1,000;21/07/2023;-18,6052212;-46,5155244;22,500;
MG;BR-352;70,000;69,000;1,000;21/07/2023;-18,6052236;-46,5155242;28,750;
MG;BR-352;69,000;68,000;1,000;21/07/2023;-18,6052287;-46,5155245;22,500;
MG;BR-352;68,000;67,000;1,000;21/07/2023;-18,6052396;-46,5155374;16,250;
MG;BR-352;67,000;66,000;1,000;21/07/2023;-18,6052095;-46,5155559;16,250;
MG;BR-364;203,000;202,000;1,000;21/07/2023;-18,6052242;-46,5155297;100,000;
MG;BR-364;202,000;201,000;1,000;21/07/2023;-18,6052188;-46,51553;96,250;
MG;BR-364;201,000;200,000;1,000;21/07/2023;-18,6052265;-46,5155284;100,000;
MG;BR-364;200,000;199,000;1,000;21/07/2023;-18,605225;-46,5155215;100,000;
MG;BR-364;199,000;198,000;1,000;21/07/2023;-18,6052241;-46,5155205;96,250;
MG;BR-364;198,000;197,000;1,000;21/07/2023;-18,6052247;-46,515533;100,000;
MG;BR-364;197,000;196,000;1,000;21/07/2023;-18,6052332;-46,51552;100,000;
MG;BR-364;196,000;195,000;1,000;21/07/2023;-18,6052219;-46,5155315;100,000;
MG;BR-364;195,000;194,000;1,000;21/07/2023;-18,6052228;-46,5155286;100,000;
MG;BR-364;194,000;193,000;1,000;21/07/2023;-18,6052214;-46,515527;100,000;
MG;BR-364;193,000;192,000;1,000;21/07/2023;-18,605217;-46,5155249;100,000;
MG;BR-364;192,000;191,000;1,000;21/07/2023;-18,6052222;-46,5155262;100,000;
MG;BR-364;191,000;190,000;1,000;21/07/2023;-18,6052258;-46,5155226;100,000;
MG;BR-364;190,000;189,000;1,000;21/07/2023;-18,6052258;-46,5155226;100,000;
TO;BR-010;601,120;600,000;1,120;18/07/2023;0;0;50,000;
TO;BR-010;600,000;599,000;1,000;18/07/2023;0;0;58,750;
TO;BR-010;599,000;598,000;1,000;18/07/2023;0;0;58,750;
TO;BR-010;598,000;597,000;1,000;18/07/2023;0;0;58,750;
TO;BR-010;597,000;596,000;1,000;18/07/2023;0;0;58,750;
TO;BR-010;596,000;595,000;1,000;18/07/2023;0;0;58,750;
TO;BR-010;595,000;594,000;1,000;18/07/2023;0;0;51,250;
TO;BR-010;594,000;593,000;1,000;18/07/2023;0;0;58,750;
TO;BR-010;593,000;592,000;1,000;18/07/2023;0;0;51,250;
TO;BR-010;592,000;591,000;1,000;18/07/2023;0;0;51,250;
TO;BR-010;591,000;590,000;1,000;18/07/2023;0;0;51,250;
TO;BR-010;590,000;589,000;1,000;18/07/2023;0;0;57,500;
TO;BR-010;589,000;588,000;1,000;18/07/2023;0;0;58,750;
TO;BR-010;588,000;587,000;1,000;18/07/2023;0;0;71,250;
TO;BR-010;587,000;586,000;1,000;18/07/2023;0;0;58,750;
TO;BR-010;586,000;585,000;1,000;18/07/2023;0;0;58,750;
TO;BR-010;585,000;584,000;1,000;18/07/2023;0;0;58,750;
TO;BR-010;584,000;583,000;1,000;18/07/2023;0;0;58,750;
TO;BR-010;583,000;582,000;1,000;18/07/2023;0;0;58,750;
TO;BR-010;582,000;581,000;1,000;18/07/2023;0;0;58,750;
TO;BR-010;581,000;580,000;1,000;18/07/2023;0;0;58,750;
TO;BR-010;580,000;579,000;1,000;18/07/2023;0;0;51,250;
TO;BR-010;579,000;578,000;1,000;18/07/2023;0;0;55,000;
TO;BR-010;578,000;577,000;1,000;18/07/2023;0;0;58,750;
TO;BR-010;577,000;576,000;1,000;18/07/2023;0;0;53,750;
TO;BR-010;576,000;575,000;1,000;18/07/2023;0;0;51,250;
TO;BR-010;575,000;574,000;1,000;18/07/2023;0;0;51,250;
TO;BR-010;574,000;573,000;1,000;18/07/2023;0;0;58,750;
TO;BR-010;573,000;572,000;1,000;18/07/2023;0;0;58,750;
TO;BR-010;572,000;571,000;1,000;18/07/2023;0;0;51,250;
TO;BR-010;571,000;570,000;1,000;18/07/2023;0;0;58,750;
TO;BR-010;570,000;569,000;1,000;18/07/2023;0;0;51,250;
TO;BR-010;569,000;568,000;1,000;18/07/2023;0;0;52,500;
TO;BR-010;568,000;567,000;1,000;18/07/2023;0;0;51,250;
TO;BR-010;567,000;566,000;1,000;18/07/2023;0;0;58,750;
TO;BR-010;566,000;565,000;1,000;18/07/2023;0;0;51,250;
TO;BR-010;565,000;564,000;1,000;18/07/2023;0;0;51,250;
TO;BR-010;564,000;563,000;1,000;18/07/2023;0;0;51,250;
TO;BR-010;563,000;562,000;1,000;18/07/2023;0;0;51,250;
TO;BR-010;562,000;561,000;1,000;18/07/2023;0;0;51,250;
TO;BR-010;561,000;560,000;1,000;18/07/2023;0;0;51,250;
TO;BR-010;560,000;559,000;1,000;18/07/2023;0;0;51,250;
TO;BR-010;559,000;558,000;1,000;18/07/2023;0;0;51,250;
TO;BR-010;558,000;557,000;1,000;18/07/2023;0;0;51,250;
TO;BR-010;557,000;556,000;1,000;18/07/2023;0;0;51,250;
TO;BR-010;556,000;555,000;1,000;18/07/2023;0;0;51,250;
TO;BR-010;555,000;554,000;1,000;18/07/2023;0;0;51,250;
TO;BR-010;554,000;553,000;1,000;18/07/2023;0;0;51,250;
TO;BR-010;553,000;552,000;1,000;18/07/2023;0;0;51,250;
TO;BR-010;815,500;814,000;1,500;20/07/2023;-7,7106797;-47,3174889;58,750;
TO;BR-010;814,000;813,000;1,000;20/07/2023;-7,7106797;-47,3174889;58,750;
TO;BR-010;813,000;812,000;1,000;20/07/2023;-7,7106797;-47,3174889;51,250;
TO;BR-010;812,000;811,000;1,000;20/07/2023;-7,7106797;-47,3174889;58,750;
TO;BR-010;811,000;810,000;1,000;20/07/2023;-7,7106797;-47,3174889;58,750;
TO;BR-010;810,000;809,000;1,000;20/07/2023;-7,7106797;-47,3174889;66,250;
TO;BR-010;809,000;808,000;1,000;20/07/2023;-7,7106797;-47,3174889;60,000;
TO;BR-010;808,000;807,000;1,000;20/07/2023;-7,7106797;-47,3174889;60,000;
TO;BR-010;807,000;806,000;1,000;20/07/2023;-7,7106797;-47,3174889;67,500;
TO;BR-010;806,000;805,000;1,000;20/07/2023;-7,7106797;-47,3174889;58,750;
TO;BR-010;805,000;804,000;1,000;20/07/2023;-7,7106797;-47,3174889;56,250;
TO;BR-010;804,000;803,000;1,000;20/07/2023;-7,7106797;-47,3174889;58,750;
TO;BR-010;803,000;802,000;1,000;20/07/2023;-7,7106797;-47,3174889;61,250;
TO;BR-010;802,000;801,000;1,000;20/07/2023;-7,7106797;-47,3174889;51,250;
TO;BR-010;801,000;800,000;1,000;20/07/2023;-7,7106797;-47,3174889;58,750;
TO;BR-010;800,000;799,000;1,000;20/07/2023;-7,7106797;-47,3174889;51,250;
TO;BR-010;799,000;798,000;1,000;20/07/2023;-7,7106797;-47,3174889;60,000;
TO;BR-010;798,000;797,000;1,000;20/07/2023;-7,7106797;-47,3174889;51,250;
TO;BR-010;797,000;796,000;1,000;20/07/2023;-7,7106797;-47,3174889;51,250;
TO;BR-010;796,000;795,000;1,000;20/07/2023;-7,7106797;-47,3174889;58,750;
TO;BR-010;795,000;794,000;1,000;20/07/2023;-7,7106797;-47,3174889;51,250;
TO;BR-010;794,000;793,000;1,000;20/07/2023;-7,7106797;-47,3174889;51,250;
TO;BR-010;793,000;792,000;1,000;20/07/2023;-7,7106797;-47,3174889;58,750;
TO;BR-010;792,000;791,000;1,000;20/07/2023;-7,7106797;-47,3174889;58,750;
TO;BR-010;791,000;790,000;1,000;20/07/2023;-7,7106797;-47,3174889;58,750;
TO;BR-010;790,000;789,000;1,000;20/07/2023;-7,7106797;-47,3174889;52,500;
TO;BR-010;789,000;788,000;1,000;20/07/2023;-7,7106797;-47,3174889;51,250;
TO;BR-010;788,000;787,000;1,000;20/07/2023;-7,7106797;-47,3174889;57,500;
TO;BR-010;787,000;786,000;1,000;20/07/2023;-7,7106797;-47,3174889;58,750;
TO;BR-010;786,000;785,000;1,000;20/07/2023;-7,7106797;-47,3174889;58,750;
TO;BR-010;785,000;784,000;1,000;20/07/2023;-7,7106797;-47,3174889;53,750;
TO;BR-010;784,000;783,000;1,000;20/07/2023;-7,7106797;-47,3174889;50,000;
TO;BR-010;783,000;782,000;1,000;20/07/2023;-7,7106797;-47,3174889;50,000;
TO;BR-010;782,000;781,000;1,000;20/07/2023;-7,7106797;-47,3174889;50,000;
TO;BR-010;781,000;780,000;1,000;20/07/2023;-7,7106797;-47,3174889;50,000;
TO;BR-010;780,000;779,000;1,000;20/07/2023;-7,7106797;-47,3174889;50,000;
TO;BR-010;779,000;778,000;1,000;20/07/2023;-7,7106797;-47,3174889;50,000;
TO;BR-010;778,000;777,000;1,000;20/07/2023;-7,7106797;-47,3174889;50,000;
TO;BR-010;777,000;776,000;1,000;20/07/2023;-7,7106797;-47,3174889;50,000;
TO;BR-010;776,000;775,000;1,000;20/07/2023;-7,7106797;-47,3174889;50,000;
TO;BR-010;775,000;774,000;1,000;20/07/2023;-7,7106797;-47,3174889;50,000;
TO;BR-010;774,000;773,000;1,000;20/07/2023;-7,7106797;-47,3174889;50,000;
TO;BR-010;773,000;772,000;1,000;20/07/2023;-7,7106797;-47,3174889;50,000;
TO;BR-010;772,000;771,000;1,000;20/07/2023;-7,7106797;-47,3174889;50,000;
TO;BR-010;771,000;770,000;1,000;20/07/2023;-7,7106797;-47,3174889;50,000;
TO;BR-010;770,000;769,000;1,000;20/07/2023;-7,7106797;-47,3174889;50,000;
TO;BR-010;769,000;768,000;1,000;20/07/2023;-7,7106797;-47,3174889;50,000;
TO;BR-010;768,000;767,000;1,000;20/07/2023;-7,7106797;-47,3174889;52,500;
TO;BR-010;767,000;766,000;1,000;20/07/2023;-7,7106797;-47,3174889;52,500;
TO;BR-010;766,000;765,000;1,000;20/07/2023;-7,7106797;-47,3174889;52,500;
TO;BR-010;765,000;764,000;1,000;20/07/2023;-7,7106797;-47,3174889;56,250;
TO;BR-010;764,000;763,000;1,000;20/07/2023;-7,7106797;-47,3174889;57,500;
TO;BR-010;763,000;762,000;1,000;20/07/2023;-7,7106797;-47,3174889;52,500;
TO;BR-010;762,000;761,000;1,000;20/07/2023;-7,7106797;-47,3174889;52,500;
TO;BR-010;761,000;760,000;1,000;20/07/2023;-7,7106797;-47,3174889;57,500;
TO;BR-010;760,000;759,000;1,000;20/07/2023;-7,7106797;-47,3174889;52,500;
TO;BR-010;759,000;758,000;1,000;20/07/2023;-7,7106797;-47,3174889;52,500;
TO;BR-010;758,000;757,000;1,000;20/07/2023;-7,7106797;-47,3174889;52,500;
TO;BR-010;757,000;756,000;1,000;20/07/2023;-7,7106797;-47,3174889;52,500;
TO;BR-010;756,000;755,000;1,000;20/07/2023;-7,7106797;-47,3174889;52,500;
TO;BR-010;755,000;754,000;1,000;20/07/2023;-7,7106797;-47,3174889;52,500;
TO;BR-010;754,000;753,000;1,000;20/07/2023;-7,7106797;-47,3174889;52,500;
TO;BR-010;753,000;752,000;1,000;20/07/2023;-7,7106797;-47,3174889;52,500;
TO;BR-010;752,000;751,000;1,000;20/07/2023;-7,7106797;-47,3174889;52,500;
TO;BR-010;751,000;750,000;1,000;20/07/2023;-7,7106797;-47,3174889;50,000;
TO;BR-010;750,000;749,000;1,000;20/07/2023;-7,7106797;-47,3174889;50,000;
TO;BR-010;749,000;748,000;1,000;20/07/2023;-8,40893586;-47,7766118;50,000;
TO;BR-010;748,000;747,000;1,000;20/07/2023;-8,40935068;-47,7761819;50,000;
TO;BR-010;747,000;746,000;1,000;20/07/2023;-8,40958994;-47,7751725;52,500;
TO;BR-010;746,000;745,000;1,000;20/07/2023;-8,40958994;-47,7751725;52,500;
TO;BR-010;745,000;744,000;1,000;20/07/2023;-8,40958994;-47,7751725;52,500;
TO;BR-010;744,000;743,000;1,000;20/07/2023;-8,40958994;-47,7751725;52,500;
TO;BR-010;743,000;742,000;1,000;20/07/2023;-8,40958994;-47,7751725;52,500;
TO;BR-010;742,000;741,000;1,000;20/07/2023;-8,40958994;-47,7751725;52,500;
TO;BR-010;741,000;740,000;1,000;20/07/2023;-8,40958994;-47,7751725;52,500;
TO;BR-010;740,000;739,000;1,000;20/07/2023;-8,40958994;-47,7751725;52,500;
TO;BR-010;739,000;738,000;1,000;20/07/2023;-8,40958994;-47,7751725;52,500;
TO;BR-010;738,000;737,000;1,000;20/07/2023;-8,40958994;-47,7751725;51,250;
TO;BR-010;737,000;736,000;1,000;20/07/2023;-8,40958994;-47,7751725;52,500;
TO;BR-010;736,000;735,000;1,000;20/07/2023;-8,40958994;-47,7751725;52,500;
TO;BR-010;735,000;734,000;1,000;20/07/2023;-8,40958994;-47,7751725;52,500;
TO;BR-010;734,000;733,000;1,000;20/07/2023;-8,40958994;-47,7751725;52,500;
TO;BR-010;733,000;732,000;1,000;20/07/2023;-8,40958994;-47,7751725;52,500;
TO;BR-010;732,000;731,000;1,000;20/07/2023;-8,5136853;-47,774125;52,500;
TO;BR-010;731,000;730,000;1,000;20/07/2023;-8,5136853;-47,774125;52,500;
TO;BR-010;730,000;729,000;1,000;20/07/2023;-8,5136853;-47,774125;52,500;
TO;BR-010;729,000;728,000;1,000;20/07/2023;-8,5136853;-47,774125;52,500;
TO;BR-010;728,000;727,000;1,000;20/07/2023;-8,5136853;-47,774125;52,500;
TO;BR-010;727,000;726,000;1,000;20/07/2023;-8,5136853;-47,774125;52,500;
TO;BR-010;726,000;725,000;1,000;20/07/2023;-8,5136853;-47,774125;52,500;
TO;BR-010;725,000;724,000;1,000;20/07/2023;-8,5136853;-47,774125;52,500;
TO;BR-010;724,000;723,000;1,000;20/07/2023;-8,5136853;-47,774125;52,500;
TO;BR-010;723,000;722,000;1,000;20/07/2023;-8,58507123;-47,7602479;52,500;
TO;BR-010;722,000;721,000;1,000;20/07/2023;-8,58507123;-47,7602479;60,000;
TO;BR-010;721,000;720,000;1,000;20/07/2023;-8,58507123;-47,7602479;52,500;
TO;BR-010;720,000;719,000;1,000;20/07/2023;-8,58507123;-47,7602479;52,500;
TO;BR-010;719,000;718,000;1,000;20/07/2023;-8,58507123;-47,7602479;52,500;
TO;BR-010;718,000;717,000;1,000;20/07/2023;-8,58507123;-47,7602479;52,500;
TO;BR-010;717,000;716,000;1,000;20/07/2023;-8,63126819;-47,7460691;52,500;
TO;BR-010;716,000;715,000;1,000;20/07/2023;-8,63126819;-47,7460691;52,500;
TO;BR-010;715,000;714,000;1,000;20/07/2023;-8,63126819;-47,7460691;52,500;
TO;BR-010;714,000;713,000;1,000;20/07/2023;-8,63126819;-47,7460691;52,500;
TO;BR-010;713,000;712,000;1,000;20/07/2023;-8,63126819;-47,7460691;52,500;
TO;BR-010;712,000;711,000;1,000;20/07/2023;-8,63126819;-47,7460691;52,500;
TO;BR-010;711,000;710,000;1,000;20/07/2023;-8,63126819;-47,7460691;52,500;
TO;BR-010;710,000;709,000;1,000;20/07/2023;-8,63126819;-47,7460691;52,500;
TO;BR-010;709,000;708,000;1,000;20/07/2023;-8,63126819;-47,7460691;60,000;
TO;BR-010;708,000;707,000;1,000;20/07/2023;-8,63126819;-47,7460691;52,500;
TO;BR-010;707,000;706,000;1,000;20/07/2023;-8,63126819;-47,7460691;67,500;
TO;BR-010;706,000;705,000;1,000;20/07/2023;-8,63126819;-47,7460691;67,500;
TO;BR-010;705,000;704,000;1,000;20/07/2023;-8,63126819;-47,7460691;67,500;
TO;BR-010;704,000;703,000;1,000;20/07/2023;-8,63126819;-47,7460691;67,500;
TO;BR-010;703,000;702,000;1,000;20/07/2023;-8,63126819;-47,7460691;67,500;
TO;BR-010;702,000;701,000;1,000;20/07/2023;-8,75475515;-47,7485472;67,500;
TO;BR-010;701,000;700,000;1,000;20/07/2023;-8,75475515;-47,7485472;67,500;
TO;BR-010;700,000;699,000;1,000;20/07/2023;-8,75475515;-47,7485472;67,500;
TO;BR-010;699,000;698,000;1,000;20/07/2023;-8,75475515;-47,7485472;50,000;
TO;BR-235;158,800;157,000;1,800;20/07/2023;-8,9736247;-48,1452054;60,000;
TO;BR-235;157,000;156,000;1,000;20/07/2023;-8,9736247;-48,1452054;52,500;
TO;BR-235;156,000;155,000;1,000;20/07/2023;-8,9736247;-48,1452054;60,000;
TO;BR-235;155,000;154,000;1,000;20/07/2023;-8,9736247;-48,1452054;60,000;
TO;BR-235;154,000;153,000;1,000;20/07/2023;-8,9736247;-48,1452054;60,000;
TO;BR-235;153,000;152,000;1,000;20/07/2023;-8,99314638;-48,0922901;52,500;
TO;BR-235;152,000;151,000;1,000;20/07/2023;-8,99314638;-48,0922901;60,000;
TO;BR-235;151,000;150,000;1,000;20/07/2023;-8,99314638;-48,0922901;60,000;
TO;BR-235;150,000;149,000;1,000;20/07/2023;-8,99314638;-48,0922901;60,000;
TO;BR-235;149,000;148,000;1,000;20/07/2023;-9,01800204;-48,0696513;67,500;
TO;BR-235;148,000;147,000;1,000;20/07/2023;-9,01800204;-48,0696513;67,500;
TO;BR-235;147,000;146,000;1,000;20/07/2023;-9,01800204;-48,0696513;67,500;
TO;BR-235;146,000;145,000;1,000;20/07/2023;-9,01800204;-48,0696513;67,500;
TO;BR-235;145,000;144,000;1,000;20/07/2023;-9,01800204;-48,0696513;67,500;
TO;BR-235;144,000;143,000;1,000;20/07/2023;-9,01800204;-48,0696513;67,500;
TO;BR-235;143,000;142,000;1,000;20/07/2023;-9,01800204;-48,0696513;60,000;
TO;BR-235;142,000;141,000;1,000;20/07/2023;-9,01800204;-48,0696513;52,500;
TO;BR-235;141,000;140,000;1,000;20/07/2023;-9,01800204;-48,0696513;60,000;
TO;BR-235;140,000;139,000;1,000;20/07/2023;-9,01800204;-48,0696513;60,000;
TO;BR-235;139,000;138,000;1,000;20/07/2023;-9,04981263;-47,9841435;60,000;
TO;BR-235;138,000;137,000;1,000;20/07/2023;-9,05032068;-47,9823059;52,500;
TO;BR-235;137,000;136,000;1,000;20/07/2023;-9,05032068;-47,9823059;52,500;
TO;BR-235;136,000;135,000;1,000;20/07/2023;-9,04711792;-47,9575496;52,500;
TO;BR-235;135,000;134,000;1,000;20/07/2023;-9,04686209;-47,956287;52,500;
TO;BR-235;134,000;133,000;1,000;20/07/2023;-9,04649874;-47,9546217;52,500;
TO;BR-235;133,000;132,000;1,000;20/07/2023;-9,04649874;-47,9546217;52,500;
TO;BR-235;132,000;131,000;1,000;20/07/2023;-9,04649874;-47,9546217;52,500;
TO;BR-235;131,000;130,000;1,000;20/07/2023;-9,03222091;-47,932765;52,500;
TO;BR-235;130,000;129,000;1,000;20/07/2023;-9,03222091;-47,932765;56,250;
TO;BR-235;129,000;128,000;1,000;20/07/2023;-9,03222091;-47,932765;52,500;
TO;BR-235;128,000;127,000;1,000;20/07/2023;-9,03222091;-47,932765;52,500;
TO;BR-235;127,000;126,000;1,000;20/07/2023;-9,03222091;-47,932765;52,500;
TO;BR-235;126,000;125,000;1,000;20/07/2023;-9,03222091;-47,932765;52,500;
TO;BR-235;125,000;124,000;1,000;20/07/2023;-9,03222091;-47,932765;52,500;
TO;BR-235;124,000;123,000;1,000;20/07/2023;-9,03222091;-47,932765;52,500;
TO;BR-235;123,000;122,000;1,000;20/07/2023;-9,03222091;-47,932765;52,500;
TO;BR-235;122,000;121,000;1,000;20/07/2023;-9,03222091;-47,932765;52,500;
TO;BR-235;121,000;120,000;1,000;20/07/2023;-9,03222091;-47,932765;52,500;
TO;BR-235;120,000;119,000;1,000;20/07/2023;-9,03222091;-47,932765;52,500;
TO;BR-235;119,000;118,000;1,000;20/07/2023;-9,03222091;-47,932765;60,000;
TO;BR-235;118,000;117,000;1,000;20/07/2023;-9,03222091;-47,932765;60,000;
TO;BR-235;117,000;116,000;1,000;20/07/2023;-9,03222091;-47,932765;60,000;
TO;BR-235;116,000;115,000;1,000;20/07/2023;-9,03222091;-47,932765;60,000;
TO;BR-235;115,000;114,000;1,000;20/07/2023;-9,03222091;-47,932765;63,750;
TO;BR-235;114,000;113,000;1,000;20/07/2023;-9,03222091;-47,932765;67,500;
TO;BR-235;113,000;112,000;1,000;20/07/2023;-9,03222091;-47,932765;67,500;
TO;BR-235;112,000;111,000;1,000;20/07/2023;-9,03222091;-47,932765;60,000;
TO;BR-235;111,000;110,000;1,000;20/07/2023;-9,03222091;-47,932765;60,000;
TO;BR-235;110,000;109,000;1,000;20/07/2023;-9,03222091;-47,932765;57,500;
TO;BR-235;109,000;108,000;1,000;20/07/2023;-9,03222091;-47,932765;63,750;
TO;BR-235;108,000;107,000;1,000;20/07/2023;-9,03222091;-47,932765;60,000;
TO;BR-235;107,000;106,000;1,000;20/07/2023;-9,03222091;-47,932765;60,000;
TO;BR-235;106,000;105,000;1,000;20/07/2023;-9,03222091;-47,932765;60,000;
TO;BR-235;105,000;104,000;1,000;20/07/2023;-9,03222091;-47,932765;60,000;
TO;BR-235;104,000;103,000;1,000;20/07/2023;-9,03222091;-47,932765;52,500;
TO;BR-235;103,000;102,000;1,000;20/07/2023;-9,03222091;-47,932765;52,500;
TO;BR-235;102,000;101,000;1,000;20/07/2023;-9,03222091;-47,932765;52,500;
TO;BR-235;101,000;100,000;1,000;20/07/2023;-9,03222091;-47,932765;0,000;
TO;BR-235;100,000;99,000;1,000;20/07/2023;-9,03222091;-47,932765;0,000;
TO;BR-235;99,000;98,000;1,000;20/07/2023;-9,09762245;-47,6444363;0,000;
TO;BR-235;98,000;97,000;1,000;20/07/2023;-9,09795746;-47,6427795;0,000;
TO;BR-235;97,000;96,000;1,000;20/07/2023;-9,09831284;-47,6410801;0,000;
TO;BR-235;96,000;95,000;1,000;20/07/2023;-9,09863661;-47,6395733;52,500;
TO;BR-235;95,000;94,000;1,000;20/07/2023;-9,09885818;-47,6384913;52,500;
TO;BR-235;94,000;93,000;1,000;20/07/2023;-9,09885818;-47,6384913;52,500;
TO;BR-235;93,000;92,000;1,000;20/07/2023;-9,09885818;-47,6384913;52,500;
TO;BR-235;92,000;91,000;1,000;20/07/2023;-9,09885818;-47,6384913;52,500;
TO;BR-235;91,000;90,000;1,000;20/07/2023;-9,09885818;-47,6384913;52,500;
TO;BR-235;90,000;89,000;1,000;20/07/2023;-9,09885818;-47,6384913;52,500;
TO;BR-235;89,000;88,000;1,000;20/07/2023;-9,09885818;-47,6384913;52,500;
TO;BR-235;88,000;87,000;1,000;20/07/2023;-9,09885818;-47,6384913;52,500;
TO;BR-235;87,000;86,000;1,000;20/07/2023;-9,09885818;-47,6384913;67,500;
TO;BR-235;86,000;85,000;1,000;20/07/2023;-9,09885818;-47,6384913;56,250;
TO;BR-235;85,000;84,000;1,000;20/07/2023;-9,09885818;-47,6384913;52,500;
MG;BR-367;336,700;337,000;0,300;21/07/2023;-16,8027159;-42,3405767;43,750;
MG;BR-367;337,000;338,000;1,000;21/07/2023;-16,8036375;-42,340371;50,000;
MG;BR-367;338,000;339,000;1,000;21/07/2023;-16,8036375;-42,340371;56,250;
MG;BR-367;339,000;340,000;1,000;21/07/2023;-16,8036375;-42,340371;43,750;
MG;BR-367;340,000;341,000;1,000;21/07/2023;-16,8036375;-42,340371;50,000;
MG;BR-367;341,000;342,000;1,000;21/07/2023;-16,8036375;-42,340371;37,500;
MG;BR-367;342,000;343,000;1,000;21/07/2023;-16,8036375;-42,340371;50,000;
MG;BR-367;343,000;344,000;1,000;21/07/2023;-16,8036375;-42,340371;52,500;
MG;BR-367;344,000;345,000;1,000;21/07/2023;-16,8036375;-42,340371;56,250;
MG;BR-367;345,000;346,000;1,000;21/07/2023;-16,8036375;-42,340371;43,750;
MG;BR-367;346,000;347,000;1,000;21/07/2023;-16,8036375;-42,340371;43,750;
MG;BR-367;347,000;348,000;1,000;21/07/2023;-16,8036375;-42,340371;43,750;
MG;BR-367;348,000;349,000;1,000;21/07/2023;-16,8036375;-42,340371;43,750;
MG;BR-367;349,000;350,000;1,000;21/07/2023;-16,8036375;-42,340371;66,250;
MG;BR-367;350,000;351,000;1,000;21/07/2023;-16,8036375;-42,340371;53,750;
MG;BR-367;351,000;352,000;1,000;21/07/2023;-16,8036375;-42,340371;50,000;
MG;BR-367;352,000;353,000;1,000;21/07/2023;-16,8036375;-42,340371;56,250;
MG;BR-367;353,000;354,000;1,000;21/07/2023;-16,8036375;-42,340371;50,000;
MG;BR-367;354,000;355,000;1,000;21/07/2023;-16,8036375;-42,340371;51,250;
MG;BR-367;355,000;356,000;1,000;21/07/2023;-16,8036375;-42,340371;70,000;
MG;BR-367;356,000;357,000;1,000;21/07/2023;-16,8036375;-42,340371;76,250;
MG;BR-367;357,000;358,000;1,000;21/07/2023;-16,8036375;-42,340371;70,000;
MG;BR-367;358,000;359,000;1,000;21/07/2023;-16,8036375;-42,340371;83,750;
MG;BR-367;359,000;360,000;1,000;21/07/2023;-16,8036375;-42,340371;76,250;
MG;BR-367;360,000;361,000;1,000;21/07/2023;-16,8036375;-42,340371;70,000;
MG;BR-367;361,000;362,000;1,000;21/07/2023;-16,8036375;-42,340371;63,750;
MG;BR-367;362,000;362,700;0,700;21/07/2023;-16,8036375;-42,340371;63,750;
MG;BR-367;362,700;363,000;0,300;21/07/2023;-16,8036375;-42,340371;30,000;
MG;BR-367;363,000;364,000;1,000;21/07/2023;-16,8036375;-42,340371;42,500;
MG;BR-367;364,000;365,000;1,000;21/07/2023;-16,8036375;-42,340371;42,500;
MG;BR-367;365,000;366,000;1,000;21/07/2023;-16,8036375;-42,340371;27,500;
MG;BR-367;366,000;367,000;1,000;21/07/2023;-16,8036375;-42,340371;33,750;
MG;BR-367;367,000;368,000;1,000;21/07/2023;-16,8036375;-42,340371;30,000;
MG;BR-367;368,000;369,000;1,000;21/07/2023;-16,8036375;-42,340371;40,000;
MG;BR-367;369,000;370,000;1,000;21/07/2023;-16,8036375;-42,340371;40,000;
MG;BR-367;370,000;371,000;1,000;21/07/2023;-16,8036375;-42,340371;40,000;
MG;BR-367;371,000;372,000;1,000;21/07/2023;-16,8036375;-42,340371;17,500;
MG;BR-367;372,000;373,000;1,000;21/07/2023;-16,8036375;-42,340371;15,000;
MG;BR-367;373,000;374,000;1,000;21/07/2023;-16,8036375;-42,340371;17,500;
MG;BR-367;374,000;375,000;1,000;21/07/2023;-16,8036375;-42,340371;42,500;
MG;BR-367;375,000;376,000;1,000;21/07/2023;-16,8036375;-42,340371;42,500;
MG;BR-367;376,000;377,000;1,000;21/07/2023;-16,8036375;-42,340371;42,500;
MG;BR-367;377,000;378,000;1,000;21/07/2023;-16,8036375;-42,340371;42,500;
MG;BR-367;378,000;379,000;1,000;21/07/2023;-16,8036375;-42,340371;42,500;
MG;BR-367;379,000;380,000;1,000;21/07/2023;-16,8036375;-42,340371;36,250;
MG;BR-367;380,000;381,000;1,000;21/07/2023;-16,8036375;-42,340371;42,500;
MG;BR-367;381,000;382,000;1,000;21/07/2023;-16,8036375;-42,340371;17,500;
MG;BR-367;382,000;383,000;1,000;21/07/2023;-16,8036375;-42,340371;42,500;
MG;BR-367;383,000;384,000;1,000;21/07/2023;-16,8036375;-42,340371;42,500;
MG;BR-367;384,000;384,400;0,400;21/07/2023;-16,8036375;-42,340371;42,500;
MG;BR-367;386,000;387,000;1,000;21/07/2023;-16,8036375;-42,340371;30,000;
MG;BR-367;387,000;388,000;1,000;21/07/2023;-16,8036375;-42,340371;17,500;
MG;BR-367;388,000;389,000;1,000;21/07/2023;-16,8036375;-42,340371;42,500;
MG;BR-367;389,000;390,000;1,000;21/07/2023;-16,8036375;-42,340371;17,500;
MG;BR-367;390,000;391,000;1,000;21/07/2023;-16,8036375;-42,340371;17,500;
MG;BR-367;391,000;392,000;1,000;21/07/2023;-16,8036375;-42,340371;40,000;
MG;BR-367;392,000;393,000;1,000;21/07/2023;-16,8036375;-42,340371;40,000;
MG;BR-367;393,000;394,000;1,000;21/07/2023;-16,8036375;-42,340371;27,500;
MG;BR-367;394,000;395,000;1,000;21/07/2023;-16,8036375;-42,340371;33,750;
MG;BR-367;395,000;396,000;1,000;21/07/2023;-16,8036375;-42,340371;27,500;
MG;BR-367;396,000;397,000;1,000;21/07/2023;-16,8036375;-42,340371;40,000;
MG;BR-367;397,000;398,000;1,000;21/07/2023;-16,8036375;-42,340371;40,000;
MG;BR-367;398,000;399,000;1,000;21/07/2023;-16,8036375;-42,340371;40,000;
MG;BR-367;399,000;400,000;1,000;21/07/2023;-16,8036375;-42,340371;40,000;
MG;BR-367;400,000;401,000;1,000;21/07/2023;-16,8036375;-42,340371;40,000;
MG;BR-367;401,000;402,000;1,000;21/07/2023;-16,8036375;-42,340371;27,500;
MG;BR-367;402,000;403,000;1,000;21/07/2023;-16,8036375;-42,340371;42,500;
MG;BR-367;403,000;404,000;1,000;21/07/2023;-16,8036375;-42,340371;17,500;
MG;BR-367;404,000;405,000;1,000;21/07/2023;-16,8036375;-42,340371;40,000;
MG;BR-367;405,000;405,700;0,700;21/07/2023;-16,8036375;-42,340371;40,000;
CE;BR-402;149,100;150,000;0,900;22/07/2023;-3,46927666;-39,5706183;32,500;
CE;BR-402;150,000;151,000;1,000;22/07/2023;-3,46927666;-39,5706183;40,000;
CE;BR-402;151,000;152,000;1,000;22/07/2023;-3,46927666;-39,5706183;73,750;
CE;BR-402;152,000;153,000;1,000;22/07/2023;-3,133385;-40,3146133;73,750;
CE;BR-402;153,000;154,000;1,000;22/07/2023;-3,133385;-40,3146133;73,750;
CE;BR-402;154,000;155,000;1,000;22/07/2023;-3,133385;-40,3146133;80,000;
CE;BR-402;155,000;156,000;1,000;22/07/2023;-3,133385;-40,3146133;80,000;
CE;BR-402;156,000;157,000;1,000;22/07/2023;-3,133385;-40,3146133;58,750;
CE;BR-402;157,000;158,000;1,000;22/07/2023;-3,133385;-40,3146133;87,500;
CE;BR-402;158,000;159,000;1,000;22/07/2023;-3,133385;-40,3146133;73,750;
CE;BR-402;159,000;160,000;1,000;22/07/2023;-3,133385;-40,3146133;82,500;
CE;BR-402;160,000;161,000;1,000;22/07/2023;-3,133385;-40,3146133;73,750;
CE;BR-402;161,000;162,000;1,000;22/07/2023;-3,133385;-40,3146133;60,000;
CE;BR-402;162,000;163,000;1,000;22/07/2023;-3,133385;-40,3146133;60,000;
CE;BR-402;163,000;164,000;1,000;22/07/2023;-3,133385;-40,3146133;60,000;
CE;BR-402;164,000;165,000;1,000;22/07/2023;-3,133385;-40,3146133;60,000;
CE;BR-402;165,000;166,000;1,000;22/07/2023;-3,13062833;-40,2530483;60,000;
CE;BR-402;166,000;167,000;1,000;22/07/2023;-3,13062833;-40,2530483;65,000;
CE;BR-402;167,000;168,000;1,000;22/07/2023;-3,13062833;-40,2530483;60,000;
CE;BR-402;168,000;169,000;1,000;22/07/2023;-3,13062833;-40,2530483;67,500;
CE;BR-402;169,000;170,000;1,000;22/07/2023;-3,13062833;-40,2530483;67,500;
CE;BR-402;170,000;171,000;1,000;22/07/2023;-3,13062833;-40,2530483;67,500;
CE;BR-402;171,000;172,000;1,000;22/07/2023;-3,140935;-40,197525;67,500;
CE;BR-402;172,000;173,000;1,000;22/07/2023;-3,140935;-40,197525;67,500;
CE;BR-402;173,000;174,000;1,000;22/07/2023;-3,140935;-40,197525;73,750;
CE;BR-402;174,000;175,000;1,000;22/07/2023;-3,140935;-40,197525;67,500;
PA;BR-163;801,550;802,000;0,450;19/07/2023;-4,1023703;-54,9112425;45,000;
PA;BR-163;802,000;803,000;1,000;19/07/2023;-4,1023703;-54,9112425;61,250;
PA;BR-163;803,000;804,000;1,000;19/07/2023;-4,1023703;-54,9112425;40,000;
PA;BR-163;831,450;832,000;0,550;19/07/2023;-4,1023703;-54,9112425;32,500;
AP;BR-210;106,200;107,000;0,800;24/07/2023;0,7057335;-51,4127645;68,750;
AP;BR-210;107,000;108,000;1,000;24/07/2023;0,7057439;-51,4127777;62,500;
AP;BR-210;108,000;109,000;1,000;24/07/2023;0,7057439;-51,4127777;71,250;
AP;BR-210;109,000;110,000;1,000;24/07/2023;0,6972908;-51,427292;63,750;
AP;BR-210;110,000;111,000;1,000;24/07/2023;0,6972908;-51,427292;66,250;
AP;BR-210;111,000;112,000;1,000;24/07/2023;0,6972908;-51,427292;78,750;
AP;BR-210;112,000;113,000;1,000;24/07/2023;0,6972908;-51,427292;90,000;
AP;BR-210;113,000;114,000;1,000;24/07/2023;0,6972908;-51,427292;76,250;
AP;BR-210;114,000;115,000;1,000;24/07/2023;0,6972908;-51,427292;90,000;
AP;BR-210;115,000;116,000;1,000;24/07/2023;0,6972908;-51,427292;90,000;
AP;BR-210;116,000;117,000;1,000;24/07/2023;0,6972908;-51,427292;82,500;
AP;BR-210;117,000;118,000;1,000;24/07/2023;0,6972908;-51,427292;73,750;
AP;BR-210;118,000;119,000;1,000;24/07/2023;0,6972908;-51,427292;72,500;
AP;BR-210;119,000;120,000;1,000;24/07/2023;0,6972908;-51,427292;75,000;
AP;BR-210;120,000;121,000;1,000;24/07/2023;0,6972908;-51,427292;90,000;
AP;BR-210;121,000;122,000;1,000;24/07/2023;0,6972908;-51,427292;87,500;
AP;BR-210;122,000;123,000;1,000;24/07/2023;0,6972908;-51,427292;81,250;
AP;BR-210;123,000;124,000;1,000;24/07/2023;0,6972908;-51,427292;81,250;
AP;BR-210;124,000;125,000;1,000;24/07/2023;0,6972908;-51,427292;81,250;
AP;BR-210;125,000;126,000;1,000;24/07/2023;0,6972908;-51,427292;90,000;
AP;BR-210;126,000;127,000;1,000;24/07/2023;0,6972908;-51,427292;82,500;
AP;BR-210;127,000;128,000;1,000;24/07/2023;0,6972908;-51,427292;75,000;
AP;BR-210;128,000;129,000;1,000;24/07/2023;0,6972908;-51,427292;76,250;
AP;BR-210;129,000;130,000;1,000;24/07/2023;0,6972908;-51,427292;82,500;
AP;BR-210;130,000;131,000;1,000;24/07/2023;0,6972908;-51,427292;75,000;
AP;BR-210;131,000;132,000;1,000;24/07/2023;0,6972908;-51,427292;75,000;
AP;BR-210;132,000;133,000;1,000;24/07/2023;0,6972908;-51,427292;82,500;
AP;BR-210;133,000;134,000;1,000;24/07/2023;0,6972908;-51,427292;82,500;
AP;BR-210;134,000;135,000;1,000;24/07/2023;0,6972908;-51,427292;76,250;
AP;BR-210;135,000;136,000;1,000;24/07/2023;0,6972908;-51,427292;52,500;
AP;BR-210;136,000;137,000;1,000;24/07/2023;0,6972908;-51,427292;71,250;
AP;BR-210;137,000;138,000;1,000;24/07/2023;0,6972908;-51,427292;73,750;
AP;BR-210;138,000;139,000;1,000;24/07/2023;0,6972908;-51,427292;72,500;
AP;BR-210;139,000;140,000;1,000;24/07/2023;0,6972908;-51,427292;86,250;
AP;BR-210;140,000;141,000;1,000;24/07/2023;0,6972908;-51,427292;93,750;
AP;BR-210;141,000;142,000;1,000;24/07/2023;0,6972908;-51,427292;82,500;
AP;BR-210;142,000;143,000;1,000;24/07/2023;0,6972908;-51,427292;75,000;
AP;BR-210;143,000;144,000;1,000;24/07/2023;0,6972908;-51,427292;75,000;
AP;BR-210;144,000;145,000;1,000;24/07/2023;0,6972908;-51,427292;80,000;
AP;BR-210;145,000;146,000;1,000;24/07/2023;0,6972908;-51,427292;97,500;
AP;BR-210;146,000;147,000;1,000;24/07/2023;0,6972908;-51,427292;97,500;
AP;BR-210;147,000;148,000;1,000;24/07/2023;0,6972908;-51,427292;71,250;
AP;BR-210;148,000;149,000;1,000;24/07/2023;0,6972908;-51,427292;82,500;
AP;BR-210;149,000;150,000;1,000;24/07/2023;0,6972908;-51,427292;75,000;
AP;BR-210;150,000;151,000;1,000;24/07/2023;0,6972908;-51,427292;75,000;
AP;BR-210;151,000;152,000;1,000;24/07/2023;0,6972908;-51,427292;68,750;
AP;BR-210;152,000;153,000;1,000;24/07/2023;0,6972908;-51,427292;75,000;
AP;BR-210;153,000;154,000;1,000;24/07/2023;0,6972908;-51,427292;82,500;
AP;BR-210;154,000;155,000;1,000;24/07/2023;0,6972908;-51,427292;75,000;
AP;BR-210;155,000;156,000;1,000;24/07/2023;0,6972908;-51,427292;82,500;
AP;BR-210;156,000;157,000;1,000;24/07/2023;0,6972908;-51,427292;80,000;
AP;BR-210;157,000;158,000;1,000;24/07/2023;0,6972908;-51,427292;72,500;
AP;BR-210;158,000;159,000;1,000;24/07/2023;0,6972908;-51,427292;68,750;
AP;BR-210;159,000;160,000;1,000;24/07/2023;0,6972908;-51,427292;72,500;
AP;BR-210;160,000;161,000;1,000;24/07/2023;0,6972908;-51,427292;68,750;
AP;BR-210;161,000;162,000;1,000;24/07/2023;0,6972908;-51,427292;77,500;
AP;BR-210;162,000;163,000;1,000;24/07/2023;0,6972908;-51,427292;68,750;
AP;BR-210;163,000;164,000;1,000;24/07/2023;0,6972908;-51,427292;66,250;
AP;BR-210;164,000;165,000;1,000;24/07/2023;0,6972908;-51,427292;80,000;
AP;BR-210;165,000;166,000;1,000;24/07/2023;0,6972908;-51,427292;68,750;
AP;BR-210;166,000;167,000;1,000;24/07/2023;0,6972908;-51,427292;65,000;
AP;BR-210;167,000;168,000;1,000;24/07/2023;0,6972908;-51,427292;72,500;
AP;BR-210;168,000;169,000;1,000;24/07/2023;0,6972908;-51,427292;73,750;
AP;BR-210;169,000;170,000;1,000;24/07/2023;0,6972908;-51,427292;71,250;
AP;BR-210;170,000;171,000;1,000;24/07/2023;0,6972908;-51,427292;77,500;
AP;BR-210;171,000;172,000;1,000;24/07/2023;0,6972908;-51,427292;73,750;
AP;BR-210;172,000;173,000;1,000;24/07/2023;0,6972908;-51,427292;75,000;
AP;BR-210;173,000;174,000;1,000;24/07/2023;0,6972908;-51,427292;70,000;
AP;BR-210;174,000;175,000;1,000;24/07/2023;0,6972908;-51,427292;71,250;
AP;BR-210;175,000;176,000;1,000;24/07/2023;0,6972908;-51,427292;72,500;
AP;BR-210;176,000;177,000;1,000;24/07/2023;0,6972908;-51,427292;72,500;
AP;BR-210;177,000;178,000;1,000;24/07/2023;0,6972908;-51,427292;75,000;
AP;BR-210;178,000;179,000;1,000;24/07/2023;0,6972908;-51,427292;72,500;
AP;BR-210;179,000;180,000;1,000;24/07/2023;0,6972908;-51,427292;68,750;
AP;BR-210;180,000;181,000;1,000;24/07/2023;0,6972908;-51,427292;68,750;
AP;BR-210;181,000;182,000;1,000;24/07/2023;0,6972908;-51,427292;68,750;
AP;BR-210;182,000;183,000;1,000;24/07/2023;0,6972908;-51,427292;80,000;
AP;BR-210;183,000;184,000;1,000;24/07/2023;0,6972908;-51,427292;75,000;
AP;BR-210;184,000;185,000;1,000;24/07/2023;0,6972908;-51,427292;85,000;
AP;BR-210;185,000;186,000;1,000;24/07/2023;0,6972908;-51,427292;68,750;
AP;BR-210;186,000;187,000;1,000;24/07/2023;0,6972908;-51,427292;68,750;
AP;BR-210;187,000;188,000;1,000;24/07/2023;0,6972908;-51,427292;72,500;
AP;BR-210;188,000;189,000;1,000;24/07/2023;0,6972908;-51,427292;71,250;
AP;BR-210;189,000;190,000;1,000;24/07/2023;0,6972908;-51,427292;68,750;
AP;BR-210;190,000;191,000;1,000;24/07/2023;0,6972908;-51,427292;68,750;
AP;BR-210;191,000;192,000;1,000;24/07/2023;0,6972908;-51,427292;75,000;
AP;BR-210;192,000;193,000;1,000;24/07/2023;0,6972908;-51,427292;75,000;
PE;BR-110;147,600;148,000;0,400;24/07/2023;-8,5377513;-37,68969;50,000;
PE;BR-110;148,000;149,000;1,000;24/07/2023;-8,53655666;-37,6904683;68,750;
PE;BR-110;149,000;150,000;1,000;24/07/2023;-8,537513;-37,6988699;68,750;
PE;BR-110;150,000;151,000;1,000;24/07/2023;-8,5436123;-37,7052146;57,500;
PE;BR-110;151,000;152,000;1,000;24/07/2023;-8,5380058;-37,697682;43,750;
PE;BR-110;152,000;153,000;1,000;24/07/2023;-8,5514175;-37,7132549;68,750;
PE;BR-110;153,000;154,000;1,000;24/07/2023;-8,5380058;-37,697682;32,500;
PE;BR-110;154,000;155,000;1,000;24/07/2023;-8,5406991;-37,6963525;68,750;
PE;BR-110;155,000;156,000;1,000;24/07/2023;-8,5510328;-37,7172888;72,500;
PE;BR-110;156,000;157,000;1,000;24/07/2023;-8,5510328;-37,7172888;72,500;
PE;BR-110;157,000;158,000;1,000;24/07/2023;-8,5510328;-37,7172888;68,750;
PE;BR-110;158,000;159,000;1,000;24/07/2023;-8,5510328;-37,7172888;68,750;
PE;BR-110;159,000;160,000;1,000;24/07/2023;-8,5510328;-37,7172888;57,500;
PE;BR-110;160,000;161,000;1,000;24/07/2023;-8,5510328;-37,7172888;68,750;
PE;BR-110;161,000;162,000;1,000;24/07/2023;-8,5510328;-37,7172888;68,750;
PE;BR-110;162,000;163,000;1,000;24/07/2023;-8,5510328;-37,7172888;68,750;
PE;BR-110;163,000;164,000;1,000;24/07/2023;-8,5510328;-37,7172888;68,750;
PE;BR-110;164,000;165,000;1,000;24/07/2023;-8,5510328;-37,7172888;72,500;
PE;BR-110;165,000;166,000;1,000;24/07/2023;-8,5414479;-37,6870256;72,500;
PE;BR-110;166,000;167,000;1,000;24/07/2023;-8,63854833;-37,80978;72,500;
PE;BR-110;167,000;168,000;1,000;24/07/2023;-8,63854833;-37,80978;72,500;
PE;BR-110;168,000;169,000;1,000;24/07/2023;-8,63854833;-37,80978;72,500;
PE;BR-110;169,000;170,000;1,000;24/07/2023;-8,63854833;-37,80978;68,750;
PE;BR-110;170,000;171,000;1,000;24/07/2023;-8,63854833;-37,80978;57,500;
PE;BR-110;171,000;172,000;1,000;24/07/2023;-8,63854833;-37,80978;68,750;
PE;BR-110;172,000;173,000;1,000;24/07/2023;-8,63854833;-37,80978;57,500;
PE;BR-110;173,000;174,000;1,000;24/07/2023;-8,5224538;-37,6857663;68,750;
PE;BR-110;174,000;175,000;1,000;24/07/2023;-8,5707286;-37,5248247;17,500;
PE;BR-110;175,000;176,000;1,000;24/07/2023;-8,5707286;-37,5248247;42,500;
PE;BR-110;176,000;177,000;1,000;24/07/2023;-8,5707286;-37,5248247;61,250;
PE;BR-110;177,000;178,000;1,000;24/07/2023;-8,5707286;-37,5248247;72,500;
PE;BR-110;178,000;179,000;1,000;24/07/2023;-8,5707286;-37,5248247;72,500;
PE;BR-110;179,000;180,000;1,000;24/07/2023;-8,5707286;-37,5248247;57,500;
PE;BR-110;180,000;181,000;1,000;24/07/2023;-8,5707286;-37,5248247;50,000;
PE;BR-110;181,000;182,000;1,000;24/07/2023;-8,5707286;-37,5248247;50,000;
PE;BR-110;182,000;183,000;1,000;24/07/2023;-8,5707286;-37,5248247;17,500;
PE;BR-110;183,000;184,000;1,000;24/07/2023;-8,5707286;-37,5248247;28,750;
PE;BR-110;184,000;185,000;1,000;24/07/2023;-8,5707286;-37,5248247;28,750;
PE;BR-110;185,000;186,000;1,000;24/07/2023;-8,5707286;-37,5248247;17,500;
PE;BR-110;186,000;187,000;1,000;24/07/2023;-8,5707286;-37,5248247;17,500;
PE;BR-110;187,000;188,000;1,000;24/07/2023;-8,5707286;-37,5248247;17,500;
PE;BR-110;188,000;189,000;1,000;24/07/2023;-8,5707286;-37,5248247;17,500;
PE;BR-110;189,000;190,000;1,000;24/07/2023;-8,5707286;-37,5248247;28,750;
PE;BR-110;190,000;191,000;1,000;24/07/2023;-8,5707286;-37,5248247;18,750;
PE;BR-110;191,000;192,000;1,000;24/07/2023;-8,5707286;-37,5248247;31,250;
PE;BR-110;192,000;193,000;1,000;24/07/2023;-8,5707286;-37,5248247;31,250;
PE;BR-110;193,000;194,000;1,000;24/07/2023;-8,5707286;-37,5248247;18,750;
PE;BR-110;194,000;195,000;1,000;24/07/2023;-8,5707286;-37,5248247;18,750;
PE;BR-110;195,000;196,000;1,000;24/07/2023;-8,5707286;-37,5248247;56,250;
PE;BR-110;196,000;197,000;1,000;24/07/2023;-8,5707286;-37,5248247;50,000;
PE;BR-110;197,000;198,000;1,000;24/07/2023;-8,5707286;-37,5248247;38,750;
PE;BR-110;198,000;199,000;1,000;24/07/2023;-8,5707286;-37,5248247;26,250;
PE;BR-110;199,000;200,000;1,000;24/07/2023;-8,5707286;-37,5248247;38,750;
PE;BR-110;200,000;201,000;1,000;24/07/2023;-8,5707286;-37,5248247;31,250;
PE;BR-110;201,000;202,000;1,000;24/07/2023;-8,5707286;-37,5248247;18,750;
PE;BR-110;202,000;203,000;1,000;24/07/2023;-8,5707286;-37,5248247;18,750;
PE;BR-110;203,000;204,000;1,000;24/07/2023;-8,86128666;-38,05705;18,750;
PE;BR-110;204,000;205,000;1,000;24/07/2023;-8,86128666;-38,05705;18,750;
PE;BR-110;205,000;206,000;1,000;24/07/2023;-8,86128666;-38,05705;18,750;
PE;BR-110;206,000;207,000;1,000;24/07/2023;-8,86128666;-38,05705;18,750;
PE;BR-110;207,000;208,000;1,000;24/07/2023;-8,86128666;-38,05705;18,750;
PE;BR-110;208,000;209,000;1,000;24/07/2023;-8,861245;-38,0570333;18,750;
PE;BR-110;209,000;210,000;1,000;24/07/2023;-8,861245;-38,0570333;18,750;
PE;BR-110;210,000;211,000;1,000;24/07/2023;-8,861245;-38,0570333;18,750;
PE;BR-110;211,000;212,000;1,000;24/07/2023;-8,861245;-38,0570333;18,750;
PE;BR-110;212,000;213,000;1,000;24/07/2023;-8,861245;-38,0570333;18,750;
PE;BR-110;213,000;214,000;1,000;24/07/2023;-8,861245;-38,0570333;18,750;
PE;BR-110;214,000;215,000;1,000;24/07/2023;-8,861245;-38,0570333;18,750;
PE;BR-110;215,000;216,000;1,000;24/07/2023;-8,8478736;-38,0427705;18,750;
PE;BR-110;216,000;217,000;1,000;24/07/2023;-8,861245;-38,0570333;18,750;
PE;BR-110;217,000;218,000;1,000;24/07/2023;-8,861245;-38,0570333;18,750;
PE;BR-316;410,900;411,000;0,100;24/07/2023;-8,8324545;-38,0255772;30,000;
PE;BR-316;411,000;412,000;1,000;24/07/2023;-8,8324545;-38,0255772;57,500;
PE;BR-316;412,000;413,000;1,000;24/07/2023;-8,7409764;-37,9174768;72,500;
PE;BR-316;413,000;414,000;1,000;24/07/2023;-8,7409764;-37,9174768;68,750;
PE;BR-316;414,000;415,000;1,000;24/07/2023;-8,7409764;-37,9174768;28,750;
PE;BR-316;415,000;416,000;1,000;24/07/2023;-8,7409764;-37,9174768;32,500;
PE;BR-316;416,000;417,000;1,000;24/07/2023;-8,7409764;-37,9174768;32,500;
PE;BR-316;417,000;418,000;1,000;24/07/2023;-8,7409764;-37,9174768;58,750;
PE;BR-316;418,000;419,000;1,000;24/07/2023;-8,7409764;-37,9174768;58,750;
PE;BR-316;419,000;420,000;1,000;24/07/2023;-8,7409764;-37,9174768;50,000;
PE;BR-316;420,000;421,000;1,000;24/07/2023;-8,7409764;-37,9174768;72,500;
PE;BR-316;421,000;422,000;1,000;24/07/2023;-8,7409764;-37,9174768;17,500;
PE;BR-316;422,000;423,000;1,000;24/07/2023;-8,8974528;-37,8301692;17,500;
PE;BR-316;423,000;424,000;1,000;24/07/2023;-8,8974528;-37,8301692;37,500;
PE;BR-316;424,000;425,000;1,000;24/07/2023;-8,8974528;-37,8301692;30,000;
PE;BR-316;425,000;426,000;1,000;24/07/2023;-8,8993994;-37,8305009;72,500;
PE;BR-316;426,000;427,000;1,000;24/07/2023;-8,8993994;-37,8305009;37,500;
PE;BR-316;427,000;428,000;1,000;24/07/2023;-8,8993994;-37,8305009;61,250;
PE;BR-316;428,000;429,000;1,000;24/07/2023;-8,8993994;-37,8305009;51,250;
PE;BR-316;429,000;430,000;1,000;24/07/2023;-8,8993994;-37,8305009;17,500;
PE;BR-316;430,000;431,000;1,000;24/07/2023;-8,8993994;-37,8305009;17,500;
PE;BR-316;431,000;432,000;1,000;24/07/2023;-8,8993994;-37,8305009;57,500;
PE;BR-316;432,000;433,000;1,000;24/07/2023;-8,8993994;-37,8305009;37,500;
PE;BR-316;433,000;434,000;1,000;24/07/2023;-8,8993994;-37,8305009;37,500;
CE;BR-404;0,000;1,000;1,000;24/07/2023;0;0;70,000;
CE;BR-404;1,000;2,000;1,000;24/07/2023;-4,59709;-41,1496483;77,500;
CE;BR-404;2,000;3,000;1,000;24/07/2023;-4,59709;-41,1496483;83,750;
CE;BR-404;3,000;4,000;1,000;24/07/2023;-4,59709;-41,1496483;80,000;
CE;BR-404;4,000;5,000;1,000;24/07/2023;-4,59709;-41,1496483;72,500;
CE;BR-404;5,000;6,000;1,000;24/07/2023;-4,59709;-41,1496483;80,000;
CE;BR-404;6,000;7,000;1,000;24/07/2023;-4,59709;-41,1496483;67,500;
CE;BR-404;7,000;8,000;1,000;24/07/2023;-4,59709;-41,1496483;80,000;
CE;BR-404;8,000;9,000;1,000;24/07/2023;-4,59709;-41,1496483;73,750;
CE;BR-404;9,000;10,000;1,000;24/07/2023;-4,59709;-41,1496483;77,500;
CE;BR-404;10,000;11,000;1,000;24/07/2023;-4,59709;-41,1496483;77,500;
CE;BR-404;11,000;12,000;1,000;24/07/2023;-4,59709;-41,1496483;87,500;
CE;BR-404;12,000;13,000;1,000;24/07/2023;-4,59709;-41,1496483;87,500;
CE;BR-404;13,000;14,000;1,000;24/07/2023;-4,59709;-41,1496483;87,500;
CE;BR-404;14,000;15,000;1,000;24/07/2023;-4,620925;-41,128755;75,000;
CE;BR-404;15,000;16,000;1,000;24/07/2023;-4,620925;-41,128755;73,750;
CE;BR-404;16,000;17,000;1,000;24/07/2023;-4,620925;-41,128755;80,000;
CE;BR-404;17,000;18,000;1,000;24/07/2023;-4,620925;-41,128755;67,500;
CE;BR-404;18,000;19,000;1,000;24/07/2023;-4,620925;-41,128755;75,000;
CE;BR-404;19,000;20,000;1,000;24/07/2023;-4,620925;-41,128755;67,500;
CE;BR-404;20,000;21,000;1,000;24/07/2023;-4,620925;-41,128755;77,500;
CE;BR-404;21,000;22,000;1,000;24/07/2023;-4,654885;-41,0752416;95,000;
CE;BR-404;22,000;23,000;1,000;24/07/2023;-4,65706166;-41,0715683;95,000;
CE;BR-404;23,000;24,000;1,000;24/07/2023;-4,65706166;-41,0715683;82,500;
CE;BR-404;24,000;25,000;1,000;24/07/2023;-4,65706166;-41,0715683;67,500;
CE;BR-404;25,000;26,000;1,000;24/07/2023;-4,65706166;-41,0715683;75,000;
CE;BR-404;26,000;27,000;1,000;24/07/2023;-4,65706166;-41,0715683;95,000;
CE;BR-404;27,000;28,000;1,000;24/07/2023;-4,65706166;-41,0715683;95,000;
CE;BR-404;28,000;29,000;1,000;24/07/2023;-4,65706166;-41,0715683;75,000;
CE;BR-404;29,000;30,000;1,000;24/07/2023;-4,68692666;-41,019545;67,500;
CE;BR-404;30,000;31,000;1,000;24/07/2023;-4,68692666;-41,019545;67,500;
CE;BR-404;31,000;32,000;1,000;24/07/2023;-4,68692666;-41,019545;67,500;
CE;BR-404;32,000;33,000;1,000;24/07/2023;-4,68692666;-41,019545;71,250;
CE;BR-404;33,000;34,000;1,000;24/07/2023;-4,68692666;-41,019545;67,500;
CE;BR-404;34,000;35,000;1,000;24/07/2023;-4,68692666;-41,019545;67,500;
CE;BR-404;35,000;36,000;1,000;24/07/2023;-4,71117166;-40,9718583;67,500;
CE;BR-404;36,000;37,000;1,000;24/07/2023;-4,71117166;-40,9718583;67,500;
CE;BR-404;37,000;38,000;1,000;24/07/2023;-4,71117166;-40,9718583;67,500;
CE;BR-404;38,000;39,000;1,000;24/07/2023;-4,71117166;-40,9718583;67,500;
CE;BR-404;39,000;40,000;1,000;24/07/2023;-4,71117166;-40,9718583;67,500;
CE;BR-404;40,000;41,000;1,000;24/07/2023;-4,71117166;-40,9718583;67,500;
CE;BR-226;344,400;345,000;0,600;25/07/2023;0;0;66,250;
CE;BR-226;345,000;346,000;1,000;25/07/2023;0;0;58,750;
CE;BR-226;346,000;347,000;1,000;25/07/2023;0;0;38,750;
CE;BR-226;347,000;348,000;1,000;25/07/2023;0;0;51,250;
CE;BR-226;348,000;349,000;1,000;25/07/2023;0;0;52,500;
CE;BR-226;349,000;350,000;1,000;25/07/2023;0;0;52,500;
CE;BR-226;350,000;351,000;1,000;25/07/2023;0;0;62,500;
CE;BR-226;351,000;352,000;1,000;25/07/2023;0;0;52,500;
CE;BR-226;352,000;353,000;1,000;25/07/2023;0;0;52,500;
CE;BR-226;353,000;354,000;1,000;25/07/2023;0;0;52,500;
CE;BR-226;354,000;355,000;1,000;25/07/2023;0;0;45,000;
CE;BR-226;355,000;356,000;1,000;25/07/2023;0;0;38,750;
CE;BR-226;356,000;357,000;1,000;25/07/2023;0;0;32,500;
CE;BR-226;357,000;358,000;1,000;25/07/2023;0;0;52,500;
CE;BR-226;358,000;359,000;1,000;25/07/2023;0;0;52,500;
CE;BR-226;359,000;360,000;1,000;25/07/2023;0;0;32,500;
CE;BR-226;360,000;361,000;1,000;25/07/2023;0;0;40,000;
CE;BR-226;361,000;362,000;1,000;25/07/2023;0;0;43,750;
CE;BR-226;362,000;363,000;1,000;25/07/2023;0;0;32,500;
CE;BR-226;363,000;364,000;1,000;25/07/2023;0;0;31,250;
CE;BR-226;364,000;365,000;1,000;25/07/2023;0;0;51,250;
CE;BR-226;365,000;366,000;1,000;25/07/2023;0;0;51,250;
CE;BR-226;366,000;367,000;1,000;25/07/2023;0;0;31,250;
CE;BR-226;367,000;368,000;1,000;25/07/2023;0;0;38,750;
CE;BR-226;368,000;369,000;1,000;25/07/2023;0;0;38,750;
CE;BR-226;369,000;370,000;1,000;25/07/2023;0;0;23,750;
CE;BR-226;370,000;371,000;1,000;25/07/2023;0;0;23,750;
CE;BR-226;371,000;372,000;1,000;25/07/2023;0;0;23,750;
GO;BR-070;67,300;68,000;0,700;19/07/2023;-15,7723797;-48,7742271;0,000;
GO;BR-070;68,000;69,000;1,000;19/07/2023;-15,7803804;-48,772971;0,000;
GO;BR-070;69,000;70,000;1,000;19/07/2023;-15,7821478;-48,7866798;0,000;
GO;BR-070;70,000;71,000;1,000;19/07/2023;-15,7823243;-48,7971464;0,000;
GO;BR-070;71,000;72,000;1,000;19/07/2023;-15,7740601;-48,766063;0,000;
GO;BR-070;72,000;73,000;1,000;19/07/2023;-15,7740601;-48,766063;0,000;
GO;BR-070;73,000;74,000;1,000;19/07/2023;-15,7740601;-48,766063;0,000;
GO;BR-070;74,000;75,000;1,000;19/07/2023;-15,7740601;-48,766063;0,000;
GO;BR-070;75,000;76,000;1,000;19/07/2023;-15,7740601;-48,766063;0,000;
GO;BR-070;76,000;77,000;1,000;19/07/2023;-15,7740601;-48,766063;0,000;
GO;BR-070;77,000;78,000;1,000;19/07/2023;-15,7740601;-48,766063;0,000;
GO;BR-070;78,000;79,000;1,000;19/07/2023;-15,7740601;-48,766063;0,000;
GO;BR-070;79,000;80,000;1,000;19/07/2023;-15,7740601;-48,766063;0,000;
GO;BR-070;80,000;81,000;1,000;19/07/2023;-15,7740601;-48,766063;0,000;
GO;BR-070;81,000;82,000;1,000;19/07/2023;-15,7740601;-48,766063;0,000;
GO;BR-070;82,000;83,000;1,000;19/07/2023;-15,7740601;-48,766063;0,000;
GO;BR-070;83,000;84,000;1,000;19/07/2023;-15,7740601;-48,766063;0,000;
GO;BR-070;84,000;85,000;1,000;19/07/2023;-15,7740601;-48,766063;0,000;
GO;BR-070;85,000;86,000;1,000;19/07/2023;-15,7740601;-48,766063;0,000;
GO;BR-070;86,000;87,000;1,000;19/07/2023;-15,7740601;-48,766063;0,000;
GO;BR-070;87,000;88,000;1,000;19/07/2023;-15,7740601;-48,766063;0,000;
GO;BR-070;88,000;89,000;1,000;19/07/2023;-15,7740601;-48,766063;0,000;
GO;BR-070;89,000;90,000;1,000;19/07/2023;-15,7740601;-48,766063;16,250;
GO;BR-070;90,000;91,000;1,000;19/07/2023;-15,7740601;-48,766063;12,500;
GO;BR-070;91,000;92,000;1,000;19/07/2023;-15,7740601;-48,766063;0,000;
GO;BR-070;92,000;93,000;1,000;19/07/2023;-15,7740601;-48,766063;0,000;
GO;BR-070;93,000;94,000;1,000;19/07/2023;-15,7740601;-48,766063;0,000;
GO;BR-070;94,000;95,000;1,000;19/07/2023;-15,7740601;-48,766063;0,000;
GO;BR-070;95,000;96,000;1,000;19/07/2023;-15,7740601;-48,766063;0,000;
GO;BR-070;96,000;97,000;1,000;19/07/2023;-15,7740601;-48,766063;0,000;
GO;BR-070;97,000;98,000;1,000;19/07/2023;-15,7740601;-48,766063;0,000;
GO;BR-070;98,000;99,000;1,000;19/07/2023;-15,7740601;-48,766063;0,000;
GO;BR-070;99,000;100,000;1,000;19/07/2023;-15,7740601;-48,766063;0,000;
GO;BR-070;100,000;101,000;1,000;19/07/2023;-15,784914;-49,0578603;0,000;
GO;BR-070;101,000;102,000;1,000;19/07/2023;-15,784914;-49,0578603;0,000;
GO;BR-070;102,000;103,000;1,000;19/07/2023;-15,784914;-49,0578603;0,000;
GO;BR-070;103,000;104,000;1,000;19/07/2023;-15,784914;-49,0578603;0,000;
GO;BR-070;104,000;105,000;1,000;19/07/2023;-15,784914;-49,0578603;0,000;
GO;BR-070;105,000;106,000;1,000;19/07/2023;-15,784914;-49,0578603;0,000;
GO;BR-070;106,000;107,000;1,000;19/07/2023;-15,784914;-49,0578603;0,000;
GO;BR-070;107,000;108,000;1,000;19/07/2023;-15,784914;-49,0578603;0,000;
GO;BR-070;108,000;109,000;1,000;19/07/2023;-15,784914;-49,0578603;0,000;
GO;BR-070;109,000;110,000;1,000;19/07/2023;-15,784914;-49,0578603;0,000;
GO;BR-070;110,000;111,000;1,000;19/07/2023;-15,784914;-49,0578603;0,000;
GO;BR-070;111,000;112,000;1,000;19/07/2023;-15,784914;-49,0578603;27,500;
GO;BR-070;112,000;113,000;1,000;19/07/2023;-15,784914;-49,0578603;15,000;
GO;BR-070;113,000;114,000;1,000;19/07/2023;-15,784914;-49,0578603;0,000;
GO;BR-070;114,000;115,000;1,000;19/07/2023;-15,784914;-49,0578603;27,500;
GO;BR-070;115,000;116,000;1,000;19/07/2023;-15,784914;-49,0578603;0,000;
GO;BR-070;116,000;117,000;1,000;19/07/2023;-15,784914;-49,0578603;0,000;
GO;BR-070;117,000;118,000;1,000;19/07/2023;-15,784914;-49,0578603;0,000;
GO;BR-070;118,000;119,000;1,000;19/07/2023;-15,784914;-49,0578603;0,000;
GO;BR-070;119,000;120,000;1,000;19/07/2023;-15,7945012;-49,3001464;15,000;
GO;BR-070;120,000;121,000;1,000;19/07/2023;-15,7945012;-49,3001464;0,000;
GO;BR-070;121,000;122,000;1,000;19/07/2023;-15,7750112;-49,3061686;0,000;
GO;BR-070;122,000;123,000;1,000;19/07/2023;-15,7945012;-49,3001464;15,000;
GO;BR-070;123,000;124,000;1,000;19/07/2023;-15,8321561;-49,2782814;0,000;
GO;BR-070;124,000;125,000;1,000;19/07/2023;-15,753029;-49,3302638;0,000;
GO;BR-070;125,000;126,000;1,000;19/07/2023;-15,9504531;-49,0670323;0,000;
BA;BR-330;642,300;643,000;0,700;25/07/2023;-13,34988;-40,88801;0,000;
BA;BR-330;643,000;644,000;1,000;25/07/2023;-13,34988;-40,88801;2,500;
BA;BR-330;644,000;645,000;1,000;25/07/2023;-13,34988;-40,88801;22,500;
BA;BR-330;645,000;646,000;1,000;25/07/2023;-13,34988;-40,88801;7,500;
BA;BR-330;646,000;647,000;1,000;25/07/2023;-13,34988;-40,88801;2,500;
BA;BR-330;647,000;648,000;1,000;25/07/2023;-13,34988;-40,88801;2,500;
BA;BR-330;648,000;649,000;1,000;25/07/2023;-13,34988;-40,88801;2,500;
BA;BR-330;649,000;650,000;1,000;25/07/2023;-13,34988;-40,88801;7,500;
BA;BR-330;650,000;651,000;1,000;25/07/2023;-13,34988;-40,88801;7,500;
BA;BR-330;651,000;652,000;1,000;25/07/2023;-13,34988;-40,88801;27,500;
BA;BR-330;652,000;653,000;1,000;25/07/2023;-13,34988;-40,88801;22,500;
BA;BR-330;653,000;654,000;1,000;25/07/2023;-13,34988;-40,88801;7,500;
BA;BR-330;654,000;655,000;1,000;25/07/2023;-13,34988;-40,88801;7,500;
BA;BR-330;655,000;656,000;1,000;25/07/2023;-13,34988;-40,88801;7,500;
BA;BR-330;656,000;657,000;1,000;25/07/2023;-13,34988;-40,88801;22,500;
BA;BR-330;657,000;658,000;1,000;25/07/2023;-13,34988;-40,88801;22,500;
BA;BR-330;658,000;659,000;1,000;25/07/2023;-13,34988;-40,88801;22,500;
BA;BR-330;659,000;660,000;1,000;25/07/2023;-13,34988;-40,88801;22,500;
BA;BR-330;660,000;661,000;1,000;25/07/2023;-13,34988;-40,88801;22,500;
BA;BR-330;661,000;662,000;1,000;25/07/2023;-13,34988;-40,88801;15,000;
BA;BR-330;662,000;663,000;1,000;25/07/2023;-13,34988;-40,88801;22,500;
BA;BR-330;663,000;664,000;1,000;25/07/2023;-13,34988;-40,88801;30,000;
BA;BR-330;664,000;665,000;1,000;25/07/2023;-13,34988;-40,88801;30,000;
BA;BR-330;665,000;666,000;1,000;25/07/2023;-13,34988;-40,88801;31,250;
BA;BR-330;666,000;667,000;1,000;25/07/2023;-13,34988;-40,88801;2,500;
BA;BR-330;667,000;668,000;1,000;25/07/2023;-13,34988;-40,88801;22,500;
BA;BR-330;668,000;669,000;1,000;25/07/2023;-13,34988;-40,88801;7,500;
BA;BR-330;669,000;670,000;1,000;25/07/2023;-13,34988;-40,88801;22,500;
BA;BR-330;670,000;671,000;1,000;25/07/2023;-13,34988;-40,88801;7,500;
BA;BR-330;671,000;672,000;1,000;25/07/2023;-13,34988;-40,88801;0,000;
BA;BR-330;672,000;673,000;1,000;25/07/2023;-13,34988;-40,88801;7,500;
BA;BR-330;673,000;674,000;1,000;25/07/2023;-13,34988;-40,88801;7,500;
BA;BR-330;674,000;675,000;1,000;25/07/2023;-13,34988;-40,88801;30,000;
BA;BR-330;675,000;676,000;1,000;25/07/2023;-13,34988;-40,88801;30,000;
BA;BR-330;676,000;677,000;1,000;25/07/2023;-13,34988;-40,88801;7,500;
BA;BR-330;677,000;678,000;1,000;25/07/2023;-13,34988;-40,88801;7,500;
BA;BR-330;678,000;679,000;1,000;25/07/2023;-13,34988;-40,88801;7,500;
BA;BR-330;679,000;680,000;1,000;25/07/2023;-13,34988;-40,88801;7,500;
BA;BR-330;680,000;681,000;1,000;25/07/2023;-13,34988;-40,88801;30,000;
BA;BR-330;681,000;682,000;1,000;25/07/2023;-13,34988;-40,88801;22,500;
BA;BR-330;682,000;683,000;1,000;25/07/2023;-13,34988;-40,88801;22,500;
BA;BR-330;683,000;684,000;1,000;25/07/2023;-13,34988;-40,88801;7,500;
BA;BR-330;684,000;685,000;1,000;25/07/2023;-13,34988;-40,88801;22,500;
BA;BR-330;685,000;686,000;1,000;25/07/2023;-13,34988;-40,88801;7,500;
BA;BR-330;686,000;687,000;1,000;25/07/2023;-13,34988;-40,88801;22,500;
BA;BR-330;687,000;688,000;1,000;25/07/2023;-13,34988;-40,88801;37,500;
BA;BR-330;688,000;689,000;1,000;25/07/2023;-13,34988;-40,88801;37,500;
BA;BR-330;689,000;690,000;1,000;25/07/2023;-13,34988;-40,88801;12,500;
BA;BR-330;690,000;691,000;1,000;25/07/2023;-13,34988;-40,88801;22,500;
BA;BR-330;691,000;692,000;1,000;25/07/2023;-13,34988;-40,88801;7,500;
BA;BR-330;692,000;693,000;1,000;25/07/2023;-13,34988;-40,88801;7,500;
BA;BR-330;693,000;694,000;1,000;25/07/2023;-13,34988;-40,88801;7,500;
PB;BR-434;19,400;20,000;0,600;24/07/2023;0;0;5,000;
PB;BR-434;20,000;21,000;1,000;24/07/2023;0;0;23,750;
PB;BR-434;21,000;22,000;1,000;24/07/2023;0;0;30,000;
PB;BR-434;22,000;23,000;1,000;24/07/2023;0;0;25,000;
PB;BR-434;23,000;24,000;1,000;24/07/2023;0;0;25,000;
PB;BR-434;24,000;25,000;1,000;24/07/2023;0;0;40,000;
PB;BR-434;25,000;26,000;1,000;24/07/2023;0;0;28,750;
PB;BR-434;26,000;27,000;1,000;24/07/2023;0;0;31,250;
PB;BR-434;27,000;28,000;1,000;24/07/2023;0;0;25,000;
PB;BR-434;28,000;29,000;1,000;24/07/2023;0;0;46,250;
PB;BR-434;29,000;30,000;1,000;24/07/2023;0;0;31,250;
PB;BR-434;30,000;31,000;1,000;24/07/2023;0;0;40,000;
PB;BR-434;31,000;32,000;1,000;24/07/2023;0;0;43,750;
PB;BR-434;32,000;33,000;1,000;24/07/2023;0;0;25,000;
PB;BR-434;33,000;34,000;1,000;24/07/2023;0;0;12,500;
PB;BR-434;34,000;34,400;0,400;24/07/2023;0;0;26,250;
PA;BR-163;675,570;676,000;0,430;24/07/2023;-4,3490192;-55,7848492;60,000;
PA;BR-163;676,000;677,000;1,000;24/07/2023;-4,3490192;-55,7848492;58,750;
PA;BR-163;677,000;678,000;1,000;24/07/2023;-4,3490192;-55,7848492;43,750;
PA;BR-163;678,000;679,000;1,000;24/07/2023;-4,3490192;-55,7848492;42,500;
PA;BR-163;679,000;680,000;1,000;24/07/2023;-4,3490192;-55,7848492;43,750;
PA;BR-163;680,000;681,000;1,000;24/07/2023;-4,3490192;-55,7848492;51,250;
PA;BR-163;681,000;682,000;1,000;24/07/2023;-4,3490192;-55,7848492;36,250;
PA;BR-163;682,000;683,000;1,000;24/07/2023;-4,3490192;-55,7848492;36,250;
PA;BR-163;683,000;684,000;1,000;24/07/2023;-4,3490192;-55,7848492;31,250;
PA;BR-163;684,000;685,000;1,000;24/07/2023;-4,3490192;-55,7848492;36,250;
PA;BR-163;685,000;686,000;1,000;24/07/2023;-4,3490192;-55,7848492;36,250;
PA;BR-163;686,000;687,000;1,000;24/07/2023;-4,3490192;-55,7848492;38,750;
PA;BR-163;687,000;688,000;1,000;24/07/2023;-4,3490192;-55,7848492;36,250;
PA;BR-163;688,000;689,000;1,000;24/07/2023;-4,3490192;-55,7848492;43,750;
PA;BR-163;689,000;690,000;1,000;24/07/2023;-4,3490192;-55,7848492;36,250;
PA;BR-163;690,000;691,000;1,000;24/07/2023;-4,3490192;-55,7848492;31,250;
PA;BR-163;691,000;692,000;1,000;24/07/2023;-4,3490192;-55,7848492;38,750;
PA;BR-163;692,000;693,000;1,000;24/07/2023;-4,3490192;-55,7848492;36,250;
PA;BR-163;693,000;694,000;1,000;24/07/2023;-4,3490192;-55,7848492;43,750;
PA;BR-163;694,000;695,000;1,000;24/07/2023;-4,3490192;-55,7848492;46,250;
PA;BR-163;695,000;696,000;1,000;24/07/2023;-4,3490192;-55,7848492;43,750;
PA;BR-163;696,000;697,000;1,000;24/07/2023;-4,3490192;-55,7848492;38,750;
PA;BR-163;697,000;698,000;1,000;24/07/2023;-4,3490192;-55,7848492;36,250;
PA;BR-163;698,000;699,000;1,000;24/07/2023;-4,3490192;-55,7848492;31,250;
PA;BR-163;699,000;700,000;1,000;24/07/2023;-4,3490192;-55,7848492;31,250;
PA;BR-163;700,000;701,000;1,000;24/07/2023;-4,3490192;-55,7848492;38,750;
PA;BR-163;701,000;702,000;1,000;24/07/2023;-4,3490192;-55,7848492;46,250;
PA;BR-163;719,310;720,000;0,690;24/07/2023;-4,3490192;-55,7848492;36,250;
PA;BR-163;720,000;721,000;1,000;24/07/2023;-4,3490192;-55,7848492;36,250;
PA;BR-163;721,000;722,000;1,000;24/07/2023;-4,3490192;-55,7848492;38,750;
PA;BR-163;729,840;730,000;0,160;24/07/2023;-4,3500004;-55,7816085;31,250;
PA;BR-163;730,000;731,000;1,000;24/07/2023;-4,3500004;-55,7816085;36,250;
PA;BR-163;731,000;732,000;1,000;24/07/2023;-4,3500004;-55,7816085;36,250;
PA;BR-163;732,000;733,000;1,000;24/07/2023;-4,3500004;-55,7816085;31,250;
PA;BR-163;733,000;734,000;1,000;24/07/2023;-4,3500004;-55,7816085;36,250;
PA;BR-163;734,000;735,000;1,000;24/07/2023;-4,3500004;-55,7816085;43,750;
PA;BR-163;774,190;775,000;0,810;24/07/2023;-4,3500004;-55,7816085;36,250;
PA;BR-163;775,000;776,000;1,000;24/07/2023;-4,3500004;-55,7816085;36,250;
PA;BR-163;782,280;783,000;0,720;24/07/2023;-4,3500004;-55,7816085;8,750;
PA;BR-163;7444,000;7445,000;1,000;24/07/2023;-4,102283;-54,9077739;31,250;
RR;BR-401;120,000;121,000;1,000;25/07/2023;2,999335;-60,42362;53,750;
RR;BR-401;121,000;122,000;1,000;25/07/2023;2,999335;-60,42362;53,750;
RR;BR-401;122,000;123,000;1,000;25/07/2023;2,999335;-60,42362;53,750;
RR;BR-401;123,000;124,000;1,000;25/07/2023;2,999335;-60,42362;57,500;
RR;BR-401;124,000;125,000;1,000;25/07/2023;2,999335;-60,42362;57,500;
RR;BR-401;125,000;126,000;1,000;25/07/2023;2,999335;-60,42362;53,750;
RR;BR-401;126,000;127,000;1,000;25/07/2023;2,999335;-60,42362;61,250;
RR;BR-401;127,000;128,000;1,000;25/07/2023;2,999335;-60,42362;65,000;
RR;BR-401;128,000;129,000;1,000;25/07/2023;2,999335;-60,42362;65,000;
RR;BR-401;129,000;130,000;1,000;25/07/2023;2,999335;-60,42362;71,250;
RR;BR-401;130,000;131,000;1,000;25/07/2023;2,999335;-60,42362;71,250;
RR;BR-401;131,000;132,000;1,000;25/07/2023;2,999335;-60,42362;65,000;
RR;BR-401;132,000;133,000;1,000;25/07/2023;2,999335;-60,42362;53,750;
RR;BR-401;133,000;134,000;1,000;25/07/2023;2,999335;-60,42362;53,750;
RR;BR-401;134,000;135,000;1,000;25/07/2023;2,999335;-60,42362;53,750;
RR;BR-401;135,000;136,000;1,000;25/07/2023;2,999335;-60,42362;53,750;
RR;BR-401;136,000;137,000;1,000;25/07/2023;2,999335;-60,42362;57,500;
RR;BR-401;137,000;138,000;1,000;25/07/2023;2,999335;-60,42362;65,000;
RR;BR-401;138,000;139,000;1,000;25/07/2023;2,999335;-60,42362;57,500;
RR;BR-401;139,000;140,000;1,000;25/07/2023;2,999335;-60,42362;53,750;
RR;BR-401;140,000;141,000;1,000;25/07/2023;2,999335;-60,42362;57,500;
RR;BR-401;141,000;142,000;1,000;25/07/2023;2,999335;-60,42362;47,500;
RR;BR-401;142,000;143,000;1,000;25/07/2023;2,999335;-60,42362;53,750;
RR;BR-401;143,000;144,000;1,000;25/07/2023;2,999335;-60,42362;53,750;
RR;BR-401;144,000;145,000;1,000;25/07/2023;2,999335;-60,42362;53,750;
RR;BR-401;145,000;146,000;1,000;25/07/2023;2,999335;-60,42362;71,250;
RR;BR-401;146,000;147,000;1,000;25/07/2023;2,999335;-60,42362;65,000;
RR;BR-401;147,000;148,000;1,000;25/07/2023;2,999335;-60,42362;65,000;
RR;BR-401;148,000;149,000;1,000;25/07/2023;2,999335;-60,42362;47,500;
RR;BR-401;149,000;150,000;1,000;25/07/2023;2,999335;-60,42362;47,500;
RR;BR-401;150,000;151,000;1,000;25/07/2023;2,999335;-60,42362;47,500;
RR;BR-401;151,000;152,000;1,000;25/07/2023;2,999335;-60,42362;47,500;
RR;BR-401;152,000;153,000;1,000;25/07/2023;2,999335;-60,42362;65,000;
RR;BR-401;153,000;154,000;1,000;25/07/2023;2,999335;-60,42362;72,500;
RR;BR-401;154,000;155,000;1,000;25/07/2023;2,999335;-60,42362;68,750;
RR;BR-401;155,000;156,000;1,000;25/07/2023;2,999335;-60,42362;75,000;
RR;BR-401;156,000;157,000;1,000;25/07/2023;2,999335;-60,42362;78,750;
RR;BR-401;157,000;158,000;1,000;25/07/2023;2,999335;-60,42362;71,250;
RR;BR-401;158,000;159,000;1,000;25/07/2023;2,999335;-60,42362;75,000;
RR;BR-401;159,000;160,000;1,000;25/07/2023;2,999335;-60,42362;68,750;
RR;BR-401;160,000;161,000;1,000;25/07/2023;2,999335;-60,42362;47,500;
RR;BR-401;161,000;162,000;1,000;25/07/2023;2,999335;-60,42362;47,500;
RR;BR-401;162,000;163,000;1,000;25/07/2023;2,999335;-60,42362;35,000;
RR;BR-401;163,000;164,000;1,000;25/07/2023;2,999335;-60,42362;47,500;
RR;BR-401;164,000;165,000;1,000;25/07/2023;2,999335;-60,42362;47,500;
RR;BR-401;165,000;166,000;1,000;25/07/2023;2,999335;-60,42362;47,500;
RR;BR-401;166,000;167,000;1,000;25/07/2023;2,999335;-60,42362;47,500;
RR;BR-401;167,000;168,000;1,000;25/07/2023;2,999335;-60,42362;47,500;
RR;BR-401;168,000;169,000;1,000;25/07/2023;2,999335;-60,42362;47,500;
RR;BR-401;169,000;170,000;1,000;25/07/2023;2,999335;-60,42362;47,500;
RR;BR-401;170,000;171,000;1,000;25/07/2023;2,999335;-60,42362;47,500;
RR;BR-401;171,000;172,000;1,000;25/07/2023;2,999335;-60,42362;47,500;
RR;BR-401;172,000;173,000;1,000;25/07/2023;2,999335;-60,42362;47,500;
RR;BR-401;173,000;174,000;1,000;25/07/2023;2,999335;-60,42362;47,500;
RR;BR-401;174,000;175,000;1,000;25/07/2023;2,999335;-60,42362;47,500;
RR;BR-401;175,000;176,000;1,000;25/07/2023;2,999335;-60,42362;47,500;
RR;BR-401;176,000;177,000;1,000;25/07/2023;2,999335;-60,42362;47,500;
RR;BR-401;177,000;178,000;1,000;25/07/2023;2,999335;-60,42362;47,500;
RR;BR-401;178,000;179,000;1,000;25/07/2023;2,999335;-60,42362;47,500;
RR;BR-401;179,000;180,000;1,000;25/07/2023;2,999335;-60,42362;47,500;
RR;BR-401;180,000;181,000;1,000;25/07/2023;2,999335;-60,42362;47,500;
RR;BR-401;181,000;182,000;1,000;25/07/2023;2,999335;-60,42362;47,500;
RR;BR-401;182,000;183,000;1,000;25/07/2023;2,999335;-60,42362;47,500;
RR;BR-401;183,000;184,000;1,000;25/07/2023;2,999335;-60,42362;47,500;
RR;BR-401;184,000;185,000;1,000;25/07/2023;2,999335;-60,42362;47,500;
RR;BR-401;185,000;186,000;1,000;25/07/2023;2,999335;-60,42362;47,500;
RR;BR-401;186,000;187,000;1,000;25/07/2023;2,999335;-60,42362;47,500;
RR;BR-401;187,000;188,000;1,000;25/07/2023;2,999335;-60,42362;47,500;
RR;BR-401;188,000;189,000;1,000;25/07/2023;2,999335;-60,42362;47,500;
RR;BR-401;189,000;190,000;1,000;25/07/2023;2,999335;-60,42362;47,500;
RR;BR-401;190,000;191,000;1,000;25/07/2023;2,999335;-60,42362;47,500;
AM;BR-307;1333,800;1334,000;0,200;25/07/2023;-0,122265;-67,0933422;77,500;
AM;BR-307;1334,000;1335,000;1,000;25/07/2023;-0,122265;-67,0933422;71,250;
AM;BR-307;1335,000;1336,000;1,000;25/07/2023;-0,122265;-67,0933422;73,750;
AM;BR-307;1336,000;1337,000;1,000;25/07/2023;-0,122265;-67,0933422;67,500;
AM;BR-307;1337,000;1338,000;1,000;25/07/2023;-0,122265;-67,0933422;67,500;
AM;BR-307;1338,000;1339,000;1,000;25/07/2023;-0,1222575;-67,093353;67,500;
AM;BR-307;1339,000;1340,000;1,000;25/07/2023;-0,1222605;-67,0933448;67,500;
AM;BR-307;1340,000;1341,000;1,000;25/07/2023;-0,1222605;-67,0933448;67,500;
AM;BR-307;1341,000;1342,000;1,000;25/07/2023;-0,1222627;-67,0933405;67,500;
AM;BR-307;1342,000;1343,000;1,000;25/07/2023;-0,1222627;-67,0933405;67,500;
AM;BR-307;1343,000;1344,000;1,000;25/07/2023;-0,1222703;-67,0933419;67,500;
AM;BR-307;1344,000;1345,000;1,000;25/07/2023;-0,122262;-67,0933406;67,500;
AM;BR-307;1345,000;1346,000;1,000;25/07/2023;-0,122262;-67,0933406;67,500;
AM;BR-307;1346,000;1347,000;1,000;25/07/2023;-0,122262;-67,0933406;67,500;
AM;BR-307;1347,000;1348,000;1,000;25/07/2023;-0,1222665;-67,0933463;67,500;
AM;BR-307;1348,000;1349,000;1,000;25/07/2023;-0,1222574;-67,093354;67,500;
AM;BR-307;1349,000;1350,000;1,000;25/07/2023;-0,1222574;-67,093354;67,500;
AM;BR-307;1350,000;1351,000;1,000;25/07/2023;-0,1222548;-67,0933444;67,500;
AM;BR-307;1351,000;1352,000;1,000;25/07/2023;-0,1222548;-67,0933444;67,500;
AM;BR-307;1352,000;1353,000;1,000;25/07/2023;-0,1222648;-67,093344;67,500;
AM;BR-307;1353,000;1354,000;1,000;25/07/2023;-0,1222648;-67,093344;67,500;
AM;BR-307;1354,000;1355,000;1,000;25/07/2023;-0,122253;-67,0933448;67,500;
AM;BR-307;1355,000;1356,000;1,000;25/07/2023;-0,122253;-67,0933448;67,500;
AM;BR-307;1356,000;1357,000;1,000;25/07/2023;-0,122253;-67,0933448;67,500;
AM;BR-307;1357,000;1358,000;1,000;25/07/2023;-0,122265;-67,0933454;67,500;
AM;BR-307;1358,000;1359,000;1,000;25/07/2023;-0,122265;-67,0933454;67,500;
AM;BR-307;1359,000;1360,000;1,000;25/07/2023;-0,1222545;-67,0933539;67,500;
AM;BR-307;1360,000;1361,000;1,000;25/07/2023;-0,1222545;-67,0933539;67,500;
AM;BR-307;1361,000;1362,000;1,000;25/07/2023;-0,1222598;-67,0933467;67,500;
AM;BR-307;1362,000;1363,000;1,000;25/07/2023;-0,1222598;-67,0933467;67,500;
AM;BR-307;1363,000;1364,000;1,000;25/07/2023;-0,1222559;-67,0933478;67,500;
AM;BR-307;1364,000;1365,000;1,000;25/07/2023;-0,1222559;-67,0933478;67,500;
AM;BR-307;1365,000;1366,000;1,000;25/07/2023;-0,1222667;-67,0933461;67,500;
AM;BR-307;1366,000;1367,000;1,000;25/07/2023;-0,1222667;-67,0933461;67,500;
AM;BR-307;1367,000;1368,000;1,000;25/07/2023;-0,1222722;-67,0933417;67,500;
AM;BR-307;1368,000;1369,000;1,000;25/07/2023;-0,1222722;-67,0933417;67,500;
AM;BR-307;1369,000;1370,000;1,000;25/07/2023;-0,1222662;-67,0933412;67,500;
AM;BR-307;1370,000;1371,000;1,000;25/07/2023;-0,1222662;-67,0933412;67,500;
AM;BR-307;1371,000;1372,000;1,000;25/07/2023;-0,1222563;-67,0933256;67,500;
AM;BR-307;1372,000;1373,000;1,000;25/07/2023;-0,1222563;-67,0933256;67,500;
AM;BR-307;1373,000;1374,000;1,000;25/07/2023;-0,1222647;-67,0933429;67,500;
AM;BR-307;1374,000;1375,000;1,000;25/07/2023;-0,1222647;-67,0933429;67,500;
AM;BR-307;1375,000;1376,000;1,000;25/07/2023;-0,1222635;-67,0933418;67,500;
AM;BR-307;1376,000;1377,000;1,000;25/07/2023;-0,1222635;-67,0933418;67,500;
AM;BR-307;1377,000;1378,000;1,000;25/07/2023;-0,1222664;-67,0933433;67,500;
AM;BR-307;1378,000;1379,000;1,000;25/07/2023;-0,1222664;-67,0933433;67,500;
AM;BR-307;1379,000;1380,000;1,000;25/07/2023;-0,1222598;-67,0933501;67,500;
AM;BR-307;1380,000;1381,000;1,000;25/07/2023;-0,1222598;-67,0933501;67,500;
AM;BR-307;1381,000;1382,000;1,000;25/07/2023;-0,1222641;-67,0933404;67,500;
AM;BR-307;1382,000;1383,000;1,000;25/07/2023;-0,1222641;-67,0933404;67,500;
AM;BR-307;1383,000;1384,000;1,000;25/07/2023;-0,1222665;-67,0933472;67,500;
AM;BR-307;1384,000;1385,000;1,000;25/07/2023;-0,1222665;-67,0933472;67,500;
AM;BR-307;1385,000;1386,000;1,000;25/07/2023;-0,1222666;-67,0933468;67,500;
AM;BR-307;1386,000;1387,000;1,000;25/07/2023;-0,1222666;-67,0933468;67,500;
AM;BR-307;1387,000;1388,000;1,000;25/07/2023;-0,1222584;-67,0933302;67,500;
AM;BR-307;1388,000;1389,000;1,000;25/07/2023;-0,1222584;-67,0933302;67,500;
AM;BR-307;1389,000;1390,000;1,000;25/07/2023;-0,1222638;-67,0933416;83,750;
AM;BR-307;1390,000;1391,000;1,000;25/07/2023;-0,1222649;-67,0933477;77,500;
AM;BR-307;1391,000;1392,000;1,000;25/07/2023;-0,1222649;-67,0933477;77,500;
AM;BR-307;1392,000;1393,000;1,000;25/07/2023;-0,1222644;-67,0933479;67,500;
AM;BR-307;1393,000;1394,000;1,000;25/07/2023;-0,12227021;-67,0933568;73,750;
AM;BR-307;1394,000;1395,000;1,000;25/07/2023;-0,1222661;-67,0933449;73,750;
AM;BR-307;1395,000;1396,000;1,000;25/07/2023;-0,12227021;-67,0933568;73,750;
AM;BR-307;1396,000;1397,000;1,000;25/07/2023;-0,12227021;-67,0933568;73,750;
AM;BR-307;1397,000;1398,000;1,000;25/07/2023;-0,12227021;-67,0933568;70,000;
AM;BR-307;1398,000;1399,000;1,000;25/07/2023;-0,1222652;-67,0933451;70,000;
AM;BR-307;1399,000;1400,000;1,000;25/07/2023;-0,12227021;-67,0933568;70,000;
AM;BR-307;1400,000;1401,000;1,000;25/07/2023;-0,1222626;-67,0933336;70,000;
AM;BR-307;1401,000;1402,000;1,000;25/07/2023;-0,1222931;-67,0933571;70,000;
AM;BR-307;1402,000;1403,000;1,000;25/07/2023;-0,1222931;-67,0933571;70,000;
AM;BR-307;1403,000;1404,000;1,000;25/07/2023;-0,1222931;-67,0933571;70,000;
AM;BR-307;1404,000;1405,000;1,000;25/07/2023;-0,12238115;-67,0933159;70,000;
AM;BR-307;1405,000;1406,000;1,000;25/07/2023;-0,12238115;-67,0933159;70,000;
AM;BR-307;1406,000;1407,000;1,000;25/07/2023;-0,1222769;-67,0933419;70,000;
AM;BR-307;1407,000;1408,000;1,000;25/07/2023;-0,12238115;-67,0933159;70,000;
AM;BR-307;1408,000;1409,000;1,000;25/07/2023;-0,1222648;-67,0933394;70,000;
AM;BR-307;1409,000;1410,000;1,000;25/07/2023;-0,1258643;-67,0889985;70,000;
AM;BR-307;1410,000;1411,000;1,000;25/07/2023;-0,12238115;-67,0933159;70,000;
AM;BR-307;1411,000;1412,000;1,000;25/07/2023;-0,1216791;-67,0939335;70,000;
AM;BR-307;1412,000;1413,000;1,000;25/07/2023;-0,1216791;-67,0939335;70,000;
AM;BR-307;1413,000;1414,000;1,000;25/07/2023;-0,1258641;-67,0889983;70,000;
AM;BR-307;1414,000;1415,000;1,000;25/07/2023;-0,1258641;-67,0889983;70,000;
AM;BR-307;1415,000;1416,000;1,000;25/07/2023;-0,1216791;-67,0939335;70,000;
AM;BR-307;1416,000;1417,000;1,000;25/07/2023;-0,1216791;-67,0939335;70,000;
AM;BR-307;1417,000;1418,000;1,000;25/07/2023;-0,1216791;-67,0939335;68,750;
AM;BR-307;1418,000;1419,000;1,000;25/07/2023;-0,125864;-67,0889982;70,000;
AM;BR-307;1419,000;1420,000;1,000;25/07/2023;-0,1216791;-67,0939335;70,000;
AM;BR-307;1420,000;1421,000;1,000;25/07/2023;-0,1216791;-67,0939335;70,000;
AM;BR-307;1421,000;1422,000;1,000;25/07/2023;-0,1216791;-67,0939335;70,000;
AM;BR-307;1422,000;1423,000;1,000;25/07/2023;-0,1216791;-67,0939335;70,000;
AM;BR-307;1423,000;1424,000;1,000;25/07/2023;-0,1216791;-67,0939335;70,000;
AM;BR-307;1424,000;1425,000;1,000;25/07/2023;-0,1216791;-67,0939335;70,000;
AM;BR-307;1425,000;1426,000;1,000;25/07/2023;-0,1222522;-67,0933394;70,000;
MG;BR-474;95,100;96,000;0,900;18/07/2023;-19,808746;-41,741206;83,750;
MG;BR-474;96,000;97,000;1,000;18/07/2023;-19,808746;-41,741206;76,250;
MG;BR-474;97,000;98,000;1,000;18/07/2023;-19,808746;-41,741206;82,500;
MG;BR-474;98,000;99,000;1,000;18/07/2023;-19,808746;-41,741206;81,250;
MG;BR-474;110,500;111,000;0,500;18/07/2023;-19,808746;-41,741206;88,750;
MG;BR-474;111,000;112,000;1,000;18/07/2023;-19,808746;-41,741206;90,000;
MG;BR-474;112,000;113,000;1,000;18/07/2023;-19,808746;-41,741206;90,000;
MG;BR-474;113,000;114,000;1,000;18/07/2023;-19,808746;-41,741206;91,250;
MG;BR-474;114,000;115,000;1,000;18/07/2023;-19,7078527;-41,8229673;87,500;
MG;BR-474;115,000;116,000;1,000;18/07/2023;-19,7078527;-41,8229673;80,000;
MG;BR-474;116,000;117,000;1,000;18/07/2023;-19,7078527;-41,8229673;83,750;
MG;BR-474;117,000;118,000;1,000;18/07/2023;-19,7078527;-41,8229673;81,250;
MT;BR-174;70,000;69,000;1,000;25/07/2023;-16,0905295;-57,6886856;40,000;
MT;BR-174;69,000;68,000;1,000;25/07/2023;-16,1592138;-57,6189065;11,250;
MT;BR-174;68,000;67,000;1,000;25/07/2023;-16,1592138;-57,6189065;12,500;
MT;BR-174;67,000;66,000;1,000;25/07/2023;-16,1103738;-57,6936774;20,000;
MT;BR-174;66,000;65,000;1,000;25/07/2023;-16,1103738;-57,6936774;20,000;
MT;BR-174;65,000;64,000;1,000;25/07/2023;-16,1039581;-57,6805678;12,500;
MT;BR-174;64,000;63,000;1,000;25/07/2023;-16,1039581;-57,6805678;10,000;
MT;BR-174;63,000;62,000;1,000;25/07/2023;-16,1977257;-57,634018;11,250;
MT;BR-174;62,000;61,000;1,000;25/07/2023;-16,1977257;-57,634018;12,500;
MT;BR-174;61,000;60,000;1,000;25/07/2023;-16,209093;-57,6487236;27,500;
MT;BR-174;60,000;59,000;1,000;25/07/2023;-16,209093;-57,6487236;42,500;
MT;BR-174;59,000;58,000;1,000;25/07/2023;-16,209093;-57,6487236;42,500;
MT;BR-174;58,000;57,000;1,000;25/07/2023;-16,209093;-57,6487236;46,250;
MT;BR-174;57,000;56,000;1,000;25/07/2023;-16,209093;-57,6487236;52,500;
MT;BR-174;56,000;55,000;1,000;25/07/2023;-16,2585075;-57,6736223;42,500;
MT;BR-174;55,000;54,000;1,000;25/07/2023;-16,2585075;-57,6736223;26,250;
MT;BR-174;54,000;53,000;1,000;25/07/2023;-16,2585075;-57,6736223;11,250;
MT;BR-174;53,000;52,000;1,000;25/07/2023;-16,2585075;-57,6736223;12,500;
MT;BR-174;52,000;51,000;1,000;25/07/2023;-16,2966522;-57,6742087;10,000;
MT;BR-174;51,000;50,000;1,000;25/07/2023;-16,2987988;-57,6738214;35,000;
MT;BR-174;50,000;49,000;1,000;25/07/2023;-16,2987988;-57,6738214;42,500;
MT;BR-174;49,000;48,000;1,000;25/07/2023;-16,2987988;-57,6738214;20,000;
MT;BR-174;48,000;47,000;1,000;25/07/2023;-16,2987988;-57,6738214;68,750;
MT;BR-174;47,000;46,000;1,000;25/07/2023;-16,3194652;-57,7064461;68,750;
MT;BR-174;46,000;45,000;1,000;25/07/2023;-16,3194652;-57,7064461;65,000;
MT;BR-174;45,000;44,000;1,000;25/07/2023;-16,3194652;-57,7064461;53,750;
MT;BR-174;44,000;43,000;1,000;25/07/2023;-16,3194652;-57,7064461;50,000;
MT;BR-174;43,000;42,000;1,000;25/07/2023;-16,3194652;-57,7064461;35,000;
MT;BR-174;42,000;41,000;1,000;25/07/2023;-16,3194652;-57,7064461;50,000;
MT;BR-174;41,000;40,000;1,000;25/07/2023;-16,3619975;-57,7237868;68,750;
MT;BR-174;40,000;39,000;1,000;25/07/2023;-16,3619975;-57,7237868;70,000;
MT;BR-174;39,000;38,000;1,000;25/07/2023;-16,3619975;-57,7237868;50,000;
MT;BR-174;38,000;37,000;1,000;25/07/2023;-16,3619975;-57,7237868;65,000;
MT;BR-174;37,000;36,000;1,000;25/07/2023;-16,3619975;-57,7237868;50,000;
MT;BR-174;36,000;35,000;1,000;25/07/2023;-16,3619975;-57,7237868;53,750;
MT;BR-174;35,000;34,000;1,000;25/07/2023;-16,3619975;-57,7237868;61,250;
MT;BR-174;34,000;33,000;1,000;25/07/2023;-16,3619975;-57,7237868;50,000;
MT;BR-174;33,000;32,000;1,000;25/07/2023;-16,3619975;-57,7237868;43,750;
MT;BR-174;32,000;31,000;1,000;25/07/2023;-16,4379068;-57,7452877;72,500;
MT;BR-174;31,000;30,000;1,000;25/07/2023;-16,4379068;-57,7452877;62,500;
MT;BR-174;30,000;29,000;1,000;25/07/2023;-16,4379068;-57,7452877;68,750;
MT;BR-174;29,000;28,000;1,000;25/07/2023;-16,4379068;-57,7452877;46,250;
MT;BR-174;28,000;27,000;1,000;25/07/2023;-16,4379068;-57,7452877;27,500;
MT;BR-174;27,000;26,000;1,000;25/07/2023;-16,4379068;-57,7452877;57,500;
MT;BR-174;26,000;25,000;1,000;25/07/2023;-16,4885241;-57,7537543;48,750;
MT;BR-174;25,000;24,000;1,000;25/07/2023;-16,4885241;-57,7537543;53,750;
MT;BR-174;24,000;23,000;1,000;25/07/2023;-16,4885241;-57,7537543;50,000;
MT;BR-174;23,000;22,000;1,000;25/07/2023;-16,4885241;-57,7537543;46,250;
MT;BR-174;22,000;21,000;1,000;25/07/2023;-16,5199295;-57,7689336;56,250;
MT;BR-174;21,000;20,000;1,000;25/07/2023;-16,5199295;-57,7689336;61,250;
MT;BR-174;20,000;19,000;1,000;25/07/2023;-16,5269556;-57,76423;65,000;
MT;BR-174;19,000;18,000;1,000;25/07/2023;-16,5269556;-57,76423;48,750;
MT;BR-174;18,000;17,000;1,000;25/07/2023;-16,5269556;-57,76423;35,000;
MT;BR-174;17,000;16,000;1,000;25/07/2023;-16,5269556;-57,76423;35,000;
MT;BR-174;16,000;15,000;1,000;25/07/2023;-16,5269556;-57,76423;35,000;
MT;BR-174;15,000;14,000;1,000;25/07/2023;-16,5269556;-57,76423;27,500;
MT;BR-174;14,000;13,000;1,000;25/07/2023;-16,5269556;-57,76423;38,750;
MT;BR-174;13,000;12,000;1,000;25/07/2023;-16,5269556;-57,76423;35,000;
MT;BR-174;12,000;11,000;1,000;25/07/2023;-16,5269556;-57,76423;42,500;
MT;BR-174;11,000;10,000;1,000;25/07/2023;-16,5269556;-57,76423;41,250;
MT;BR-174;10,000;9,000;1,000;25/07/2023;-16,5269556;-57,76423;42,500;
MT;BR-174;9,000;8,000;1,000;25/07/2023;-16,5269556;-57,76423;35,000;
MT;BR-174;8,000;7,000;1,000;25/07/2023;-16,5269556;-57,76423;47,500;
MT;BR-174;7,000;6,000;1,000;25/07/2023;-16,5269556;-57,76423;60,000;
MT;BR-174;6,000;5,000;1,000;25/07/2023;-16,5269556;-57,76423;57,500;
MT;BR-174;5,000;4,000;1,000;25/07/2023;-16,5269556;-57,76423;50,000;
MT;BR-174;4,000;3,000;1,000;25/07/2023;-16,5269556;-57,76423;42,500;
MT;BR-174;3,000;2,000;1,000;25/07/2023;-16,5269556;-57,76423;53,750;
MT;BR-174;2,000;1,000;1,000;25/07/2023;-16,5269556;-57,76423;31,250;
MT;BR-174;1,000;0,000;1,000;25/07/2023;-16,5269556;-57,76423;37,500;
AP;BR-210;193,000;194,000;1,000;25/07/2023;0,85511606;-52,0247836;47,500;
AP;BR-210;194,000;195,000;1,000;25/07/2023;0,85511606;-52,0247836;56,250;
AP;BR-210;195,000;196,000;1,000;25/07/2023;0,85511606;-52,0247836;57,500;
AP;BR-210;196,000;197,000;1,000;25/07/2023;0,85511606;-52,0247836;57,500;
AP;BR-210;197,000;198,000;1,000;25/07/2023;0,85511606;-52,0247836;55,000;
AP;BR-210;198,000;199,000;1,000;25/07/2023;0,85511606;-52,0247836;55,000;
AP;BR-210;199,000;200,000;1,000;25/07/2023;0,85511606;-52,0247836;55,000;
AP;BR-210;200,000;201,000;1,000;25/07/2023;0,85511606;-52,0247836;55,000;
AP;BR-210;201,000;202,000;1,000;25/07/2023;0,85511606;-52,0247836;55,000;
AP;BR-210;202,000;203,000;1,000;25/07/2023;0,85511606;-52,0247836;2,500;
AP;BR-210;203,000;204,000;1,000;25/07/2023;0,85511606;-52,0247836;2,500;
AP;BR-210;204,000;205,000;1,000;25/07/2023;0,85511606;-52,0247836;2,500;
AP;BR-210;205,000;206,000;1,000;25/07/2023;0,85511606;-52,0247836;2,500;
AP;BR-210;206,000;207,000;1,000;25/07/2023;0,85511606;-52,0247836;2,500;
AP;BR-210;207,000;208,000;1,000;25/07/2023;0,85511606;-52,0247836;2,500;
AP;BR-210;208,000;209,000;1,000;25/07/2023;0,85511606;-52,0247836;2,500;
AP;BR-210;209,000;210,000;1,000;25/07/2023;0,85511606;-52,0247836;2,500;
AP;BR-210;210,000;211,000;1,000;25/07/2023;0,85511606;-52,0247836;2,500;
AP;BR-210;211,000;212,000;1,000;25/07/2023;0,85511606;-52,0247836;2,500;
AP;BR-210;212,000;213,000;1,000;25/07/2023;0,85511606;-52,0247836;2,500;
AP;BR-210;213,000;214,000;1,000;25/07/2023;0,85511606;-52,0247836;2,500;
AP;BR-210;214,000;215,000;1,000;25/07/2023;0,85511606;-52,0247836;2,500;
AP;BR-210;215,000;216,000;1,000;25/07/2023;0,85511606;-52,0247836;2,500;
AP;BR-210;216,000;217,000;1,000;25/07/2023;0,85511606;-52,0247836;2,500;
AP;BR-210;217,000;218,000;1,000;25/07/2023;0,85511606;-52,0247836;2,500;
AP;BR-210;218,000;219,000;1,000;25/07/2023;0,85511606;-52,0247836;2,500;
AP;BR-210;219,000;220,000;1,000;25/07/2023;0,85511606;-52,0247836;2,500;
AP;BR-210;220,000;221,000;1,000;25/07/2023;0,85511606;-52,0247836;2,500;
AP;BR-210;221,000;222,000;1,000;25/07/2023;0,85511606;-52,0247836;43,750;
AP;BR-210;222,000;223,000;1,000;25/07/2023;0,85511606;-52,0247836;58,750;
AP;BR-210;223,000;224,000;1,000;25/07/2023;0,85511606;-52,0247836;55,000;
AP;BR-210;224,000;225,000;1,000;25/07/2023;0,85511606;-52,0247836;55,000;
AP;BR-210;225,000;226,000;1,000;25/07/2023;0,85511606;-52,0247836;55,000;
AP;BR-210;226,000;227,000;1,000;25/07/2023;0,85511606;-52,0247836;55,000;
AP;BR-210;227,000;228,000;1,000;25/07/2023;0,85511606;-52,0247836;55,000;
AP;BR-210;228,000;229,000;1,000;25/07/2023;0,85511606;-52,0247836;58,750;
AP;BR-210;229,000;230,000;1,000;25/07/2023;0,85511606;-52,0247836;57,500;
AP;BR-210;230,000;231,000;1,000;25/07/2023;0,85511606;-52,0247836;62,500;
AP;BR-210;231,000;232,000;1,000;25/07/2023;0,85511606;-52,0247836;66,250;
AP;BR-210;232,000;233,000;1,000;25/07/2023;0,85511606;-52,0247836;70,000;
AP;BR-210;233,000;234,000;1,000;25/07/2023;0,85511606;-52,0247836;62,500;
AP;BR-210;234,000;235,000;1,000;25/07/2023;0,85511606;-52,0247836;55,000;
AP;BR-210;235,000;236,000;1,000;25/07/2023;0,85511606;-52,0247836;62,500;
AP;BR-210;236,000;237,000;1,000;25/07/2023;0,85511606;-52,0247836;66,250;
AP;BR-210;237,000;238,000;1,000;25/07/2023;0,85511606;-52,0247836;55,000;
AP;BR-210;238,000;239,000;1,000;25/07/2023;0,85511606;-52,0247836;55,000;
AP;BR-210;239,000;240,000;1,000;25/07/2023;0,85511606;-52,0247836;66,250;
AP;BR-210;240,000;241,000;1,000;25/07/2023;0,85511606;-52,0247836;66,250;
AP;BR-210;241,000;242,000;1,000;25/07/2023;0,85511606;-52,0247836;58,750;
AP;BR-210;242,000;243,000;1,000;25/07/2023;0,85511606;-52,0247836;58,750;
AP;BR-210;243,000;244,000;1,000;25/07/2023;0,85511606;-52,0247836;55,000;
AP;BR-210;244,000;245,000;1,000;25/07/2023;0,85511606;-52,0247836;66,250;
AP;BR-210;245,000;246,000;1,000;25/07/2023;0,85511606;-52,0247836;62,500;
AP;BR-210;246,000;247,000;1,000;25/07/2023;0,85511606;-52,0247836;55,000;
AP;BR-210;247,000;248,000;1,000;25/07/2023;0,85511606;-52,0247836;55,000;
AP;BR-210;248,000;249,000;1,000;25/07/2023;0,85511606;-52,0247836;58,750;
AP;BR-210;249,000;250,000;1,000;25/07/2023;0,85511606;-52,0247836;52,500;
AP;BR-210;250,000;251,000;1,000;25/07/2023;0,85511606;-52,0247836;55,000;
AP;BR-210;251,000;252,000;1,000;25/07/2023;0,85511606;-52,0247836;48,750;
AP;BR-210;252,000;253,000;1,000;25/07/2023;0,85511606;-52,0247836;58,750;
AP;BR-210;253,000;254,000;1,000;25/07/2023;0,85511606;-52,0247836;55,000;
AP;BR-210;254,000;255,000;1,000;25/07/2023;0,85511606;-52,0247836;55,000;
AP;BR-210;255,000;256,000;1,000;25/07/2023;0,85511606;-52,0247836;56,250;
AP;BR-210;256,000;257,000;1,000;25/07/2023;0,85511606;-52,0247836;61,250;
AP;BR-210;257,000;258,000;1,000;25/07/2023;0,85511606;-52,0247836;61,250;
AP;BR-210;258,000;259,000;1,000;25/07/2023;0,85511606;-52,0247836;57,500;
AP;BR-210;259,000;260,000;1,000;25/07/2023;0,85511606;-52,0247836;57,500;
AP;BR-210;260,000;261,000;1,000;25/07/2023;0,85511606;-52,0247836;57,500;
AP;BR-210;261,000;262,000;1,000;25/07/2023;0,85511606;-52,0247836;50,000;
AP;BR-210;262,000;263,000;1,000;25/07/2023;0,85511606;-52,0247836;30,000;
AP;BR-210;263,000;264,000;1,000;25/07/2023;0,85511606;-52,0247836;56,250;
AP;BR-210;264,000;265,000;1,000;25/07/2023;0,85511606;-52,0247836;37,500;
AP;BR-210;265,000;266,000;1,000;25/07/2023;0,85511606;-52,0247836;33,750;
AP;BR-210;266,000;267,000;1,000;25/07/2023;0,85511606;-52,0247836;53,750;
AP;BR-210;267,000;268,000;1,000;25/07/2023;0,85511606;-52,0247836;30,000;
AP;BR-210;268,000;269,000;1,000;25/07/2023;0,85511606;-52,0247836;42,500;
AP;BR-210;269,000;270,000;1,000;25/07/2023;0,85511606;-52,0247836;30,000;
AP;BR-210;270,000;271,000;1,000;25/07/2023;0,85511606;-52,0247836;55,000;
AP;BR-210;271,000;272,000;1,000;25/07/2023;0,85511606;-52,0247836;48,750;
AP;BR-210;272,000;273,000;1,000;25/07/2023;0,85511606;-52,0247836;36,250;
AP;BR-210;273,000;274,000;1,000;25/07/2023;0,85511606;-52,0247836;53,750;
AP;BR-210;274,000;275,000;1,000;25/07/2023;0,85511606;-52,0247836;42,500;
AP;BR-210;275,000;276,000;1,000;25/07/2023;0,85511606;-52,0247836;46,250;
AP;BR-210;276,000;277,000;1,000;25/07/2023;0,85511606;-52,0247836;61,250;
AP;BR-210;277,000;278,000;1,000;25/07/2023;0,85511606;-52,0247836;42,500;
AP;BR-210;278,000;279,000;1,000;25/07/2023;0,85511606;-52,0247836;50,000;
AP;BR-210;279,000;280,000;1,000;25/07/2023;0,85511606;-52,0247836;41,250;
AP;BR-210;280,000;281,000;1,000;25/07/2023;0,85511606;-52,0247836;46,250;
AP;BR-210;281,000;282,000;1,000;25/07/2023;0,85511606;-52,0247836;50,000;
AP;BR-210;282,000;283,000;1,000;25/07/2023;0,85511606;-52,0247836;40,000;
AP;BR-210;283,000;284,000;1,000;25/07/2023;0,85511606;-52,0247836;65,000;
AP;BR-210;284,000;285,000;1,000;25/07/2023;0,85511606;-52,0247836;50,000;
AP;BR-210;285,000;286,000;1,000;25/07/2023;0,85511606;-52,0247836;58,750;
AP;BR-210;286,000;287,000;1,000;25/07/2023;0,85511606;-52,0247836;57,500;
AP;BR-210;287,000;288,000;1,000;25/07/2023;0,85511606;-52,0247836;53,750;
AP;BR-210;288,000;289,000;1,000;25/07/2023;0,85511606;-52,0247836;62,500;
AP;BR-210;289,000;290,000;1,000;25/07/2023;0,85511606;-52,0247836;65,000;
AP;BR-210;290,000;291,000;1,000;25/07/2023;0,85511606;-52,0247836;48,750;
AP;BR-210;291,000;292,000;1,000;25/07/2023;0,85511606;-52,0247836;42,500;
AP;BR-210;292,000;293,000;1,000;25/07/2023;0,85511606;-52,0247836;42,500;
AP;BR-210;293,000;294,000;1,000;25/07/2023;0,85511606;-52,0247836;41,250;
AP;BR-210;294,000;295,000;1,000;25/07/2023;0,85511606;-52,0247836;41,250;
AP;BR-210;295,000;296,000;1,000;25/07/2023;0,85511606;-52,0247836;36,250;
AP;BR-210;296,000;297,000;1,000;25/07/2023;0,85511606;-52,0247836;42,500;
AP;BR-210;297,000;298,000;1,000;25/07/2023;0,85511606;-52,0247836;30,000;
AP;BR-210;298,000;299,000;1,000;25/07/2023;0,85511606;-52,0247836;50,000;
AP;BR-210;299,000;300,000;1,000;25/07/2023;0,85511606;-52,0247836;50,000;
AP;BR-210;300,000;301,000;1,000;25/07/2023;0,85511606;-52,0247836;50,000;
AP;BR-210;301,000;302,000;1,000;25/07/2023;0,85511606;-52,0247836;50,000;
AP;BR-210;302,000;303,000;1,000;25/07/2023;0,85511606;-52,0247836;50,000;
AP;BR-210;303,000;304,000;1,000;25/07/2023;0,85511606;-52,0247836;50,000;
AP;BR-210;304,000;305,200;1,200;25/07/2023;0,85511606;-52,0247836;50,000;
PA;BR-230;1154,600;1155,000;0,400;26/07/2023;-4,25836731;-55,9976789;7,500;
PA;BR-230;1155,000;1156,000;1,000;26/07/2023;-4,25836731;-55,9976789;7,500;
PA;BR-230;1156,000;1157,000;1,000;26/07/2023;-4,25836731;-55,9976789;7,500;
PA;BR-230;1157,000;1158,000;1,000;26/07/2023;-4,25836731;-55,9976789;30,000;
PA;BR-230;1158,000;1159,000;1,000;26/07/2023;-4,25836731;-55,9976789;30,000;
PA;BR-230;1159,000;1160,000;1,000;26/07/2023;-4,25836731;-55,9976789;30,000;
PA;BR-230;1160,000;1161,000;1,000;26/07/2023;-4,25836731;-55,9976789;31,250;
PA;BR-230;1161,000;1162,000;1,000;26/07/2023;-4,25836731;-55,9976789;2,500;
PA;BR-230;1162,000;1163,000;1,000;26/07/2023;-4,25836731;-55,9976789;38,750;
PA;BR-230;1163,000;1164,000;1,000;26/07/2023;-4,25836731;-55,9976789;30,000;
PA;BR-230;1164,000;1165,000;1,000;26/07/2023;-4,25836731;-55,9976789;37,500;
PA;BR-230;1165,000;1166,000;1,000;26/07/2023;-4,25836731;-55,9976789;31,250;
PA;BR-230;1166,000;1167,000;1,000;26/07/2023;-4,25836731;-55,9976789;31,250;
PA;BR-230;1167,000;1168,000;1,000;26/07/2023;-4,25836731;-55,9976789;38,750;
PA;BR-230;1168,000;1169,000;1,000;26/07/2023;-4,25836731;-55,9976789;31,250;
PA;BR-230;1169,000;1170,000;1,000;26/07/2023;-4,25836731;-55,9976789;38,750;
PA;BR-230;1170,000;1171,000;1,000;26/07/2023;-4,25836731;-55,9976789;31,250;
PA;BR-230;1171,000;1172,000;1,000;26/07/2023;-4,25836731;-55,9976789;31,250;
PA;BR-230;1172,000;1173,000;1,000;26/07/2023;-4,25836731;-55,9976789;35,000;
PA;BR-230;1173,000;1174,000;1,000;26/07/2023;-4,25836731;-55,9976789;31,250;
PA;BR-230;1174,000;1175,000;1,000;26/07/2023;-4,25836731;-55,9976789;30,000;
PA;BR-230;1175,000;1176,000;1,000;26/07/2023;-4,25836731;-55,9976789;36,250;
PA;BR-230;1176,000;1177,000;1,000;26/07/2023;-4,25836731;-55,9976789;37,500;
PA;BR-230;1177,000;1178,000;1,000;26/07/2023;-4,25836731;-55,9976789;31,250;
PA;BR-230;1178,000;1179,000;1,000;26/07/2023;-4,25836731;-55,9976789;35,000;
PA;BR-230;1179,000;1180,000;1,000;26/07/2023;-4,25836731;-55,9976789;36,250;
PA;BR-230;1180,000;1181,000;1,000;26/07/2023;-4,25836731;-55,9976789;36,250;
PA;BR-230;1181,000;1182,000;1,000;26/07/2023;-4,25836731;-55,9976789;36,250;
PA;BR-230;1182,000;1183,000;1,000;26/07/2023;-4,25836731;-55,9976789;35,000;
PA;BR-230;1183,000;1184,000;1,000;26/07/2023;-4,25836731;-55,9976789;36,250;
PA;BR-230;1184,000;1185,000;1,000;26/07/2023;-4,25836731;-55,9976789;36,250;
PA;BR-230;1185,000;1186,000;1,000;26/07/2023;-4,25836731;-55,9976789;36,250;
PA;BR-230;1186,000;1187,000;1,000;26/07/2023;-4,25836731;-55,9976789;36,250;
PA;BR-230;1187,000;1188,000;1,000;26/07/2023;-4,25836731;-55,9976789;31,250;
PA;BR-230;1188,000;1189,000;1,000;26/07/2023;-4,25836731;-55,9976789;18,750;
PA;BR-230;1189,000;1190,000;1,000;26/07/2023;-4,25836731;-55,9976789;17,500;
PA;BR-230;1190,000;1191,000;1,000;26/07/2023;-4,25836731;-55,9976789;7,500;
PA;BR-230;1191,000;1192,000;1,000;26/07/2023;-4,25836731;-55,9976789;18,750;
PA;BR-230;1192,000;1193,000;1,000;26/07/2023;-4,2823909;-55,9489102;18,750;
PA;BR-230;1193,000;1194,000;1,000;26/07/2023;-4,2823909;-55,9489102;23,750;
PA;BR-230;1194,000;1195,000;1,000;26/07/2023;-4,2823909;-55,9489102;17,500;
PA;BR-230;1195,000;1196,000;1,000;26/07/2023;-4,2823909;-55,9489102;8,750;
PA;BR-230;1196,000;1197,000;1,000;26/07/2023;-4,2823909;-55,9489102;17,500;
PA;BR-230;1197,000;1198,000;1,000;26/07/2023;-4,2823909;-55,9489102;18,750;
PA;BR-230;1198,000;1199,000;1,000;26/07/2023;-4,2823909;-55,9489102;8,750;
PA;BR-230;1199,000;1200,000;1,000;26/07/2023;-4,2823909;-55,9489102;17,500;
PA;BR-230;1200,000;1201,000;1,000;26/07/2023;-4,2823909;-55,9489102;26,250;
PA;BR-230;1201,000;1202,000;1,000;26/07/2023;-4,2823909;-55,9489102;43,750;
PA;BR-230;1202,000;1203,000;1,000;26/07/2023;-4,2823909;-55,9489102;23,750;
PA;BR-230;1203,000;1204,000;1,000;26/07/2023;-4,2823909;-55,9489102;38,750;
PA;BR-230;1204,000;1205,000;1,000;26/07/2023;-4,2823909;-55,9489102;31,250;
PA;BR-230;1205,000;1206,000;1,000;26/07/2023;-4,2823909;-55,9489102;31,250;
PA;BR-230;1206,000;1207,000;1,000;26/07/2023;-4,2823909;-55,9489102;18,750;
PA;BR-230;1207,000;1208,000;1,000;26/07/2023;-4,2823909;-55,9489102;18,750;
PA;BR-230;1208,000;1209,000;1,000;26/07/2023;-4,2823909;-55,9489102;18,750;
PA;BR-230;1209,000;1210,000;1,000;26/07/2023;-4,2823909;-55,9489102;31,250;
PA;BR-230;1210,000;1211,000;1,000;26/07/2023;-4,2823909;-55,9489102;18,750;
PA;BR-230;1211,000;1212,000;1,000;26/07/2023;-4,2823909;-55,9489102;36,250;
PA;BR-230;1212,000;1213,000;1,000;26/07/2023;-4,2823909;-55,9489102;23,750;
PA;BR-230;1213,000;1214,000;1,000;26/07/2023;-4,2823909;-55,9489102;23,750;
PA;BR-230;1214,000;1215,000;1,000;26/07/2023;-4,2823909;-55,9489102;18,750;
PA;BR-230;1215,000;1216,000;1,000;26/07/2023;-4,2823909;-55,9489102;18,750;
PA;BR-230;1216,000;1217,000;1,000;26/07/2023;-4,2823909;-55,9489102;23,750;
PA;BR-230;1217,000;1218,000;1,000;26/07/2023;-4,2823909;-55,9489102;3,750;
PA;BR-230;1218,000;1219,000;1,000;26/07/2023;-4,2823909;-55,9489102;31,250;
PA;BR-230;1219,000;1220,000;1,000;26/07/2023;-4,2823909;-55,9489102;43,750;
PA;BR-230;1220,000;1221,000;1,000;26/07/2023;-4,2823909;-55,9489102;31,250;
PA;BR-230;1221,000;1222,000;1,000;26/07/2023;-4,2823909;-55,9489102;22,500;
PA;BR-230;1222,000;1223,000;1,000;26/07/2023;-4,2823909;-55,9489102;7,500;
PA;BR-230;1223,000;1224,000;1,000;26/07/2023;-4,2823909;-55,9489102;7,500;
PA;BR-230;1224,000;1225,000;1,000;26/07/2023;-4,2823909;-55,9489102;36,250;
PA;BR-230;1225,000;1226,000;1,000;26/07/2023;-4,2823909;-55,9489102;18,750;
PA;BR-230;1226,000;1227,000;1,000;26/07/2023;-4,2823909;-55,9489102;31,250;
PA;BR-230;1227,000;1228,000;1,000;26/07/2023;-4,2823909;-55,9489102;36,250;
PA;BR-230;1228,000;1229,000;1,000;26/07/2023;-4,2823909;-55,9489102;36,250;
PA;BR-230;1229,000;1230,000;1,000;26/07/2023;-4,2823909;-55,9489102;23,750;
PA;BR-230;1230,000;1231,000;1,000;26/07/2023;-4,2823909;-55,9489102;36,250;
PA;BR-230;1231,000;1232,000;1,000;26/07/2023;-4,2823909;-55,9489102;18,750;
PA;BR-230;1232,000;1233,000;1,000;26/07/2023;-4,2823909;-55,9489102;36,250;
PA;BR-230;1233,000;1234,000;1,000;26/07/2023;-4,2823909;-55,9489102;36,250;
PA;BR-230;1234,000;1235,000;1,000;26/07/2023;-4,2823909;-55,9489102;36,250;
PA;BR-230;1235,000;1236,000;1,000;26/07/2023;-4,2823909;-55,9489102;31,250;
PA;BR-230;1236,000;1237,000;1,000;26/07/2023;-4,2823909;-55,9489102;35,000;
PA;BR-230;1237,000;1238,000;1,000;26/07/2023;-4,2823909;-55,9489102;23,750;
PA;BR-230;1238,000;1239,000;1,000;26/07/2023;-4,2823909;-55,9489102;8,750;
PA;BR-230;1239,000;1240,000;1,000;26/07/2023;-4,2823909;-55,9489102;38,750;
PA;BR-230;1240,000;1241,000;1,000;26/07/2023;-4,2823909;-55,9489102;35,000;
PA;BR-230;1241,000;1242,000;1,000;26/07/2023;-4,2823909;-55,9489102;36,250;
PA;BR-230;1242,000;1243,000;1,000;26/07/2023;-4,2823909;-55,9489102;35,000;
PA;BR-230;1243,000;1244,000;1,000;26/07/2023;-4,2823909;-55,9489102;31,250;
PA;BR-230;1244,000;1245,000;1,000;26/07/2023;-4,2823909;-55,9489102;31,250;
PA;BR-230;1245,000;1246,000;1,000;26/07/2023;-4,2823909;-55,9489102;36,250;
PA;BR-230;1246,000;1247,000;1,000;26/07/2023;-4,2823909;-55,9489102;36,250;
PA;BR-230;1247,000;1248,000;1,000;26/07/2023;-4,2823909;-55,9489102;35,000;
PA;BR-230;1248,000;1249,000;1,000;26/07/2023;-4,2823909;-55,9489102;42,500;
PA;BR-230;1249,000;1250,000;1,000;26/07/2023;-4,2823909;-55,9489102;36,250;
PA;BR-230;1250,000;1251,000;1,000;26/07/2023;-4,2823909;-55,9489102;43,750;
PA;BR-230;1251,000;1252,000;1,000;26/07/2023;-4,2823909;-55,9489102;31,250;
PA;BR-230;1252,000;1253,000;1,000;26/07/2023;-4,2823909;-55,9489102;43,750;
PA;BR-230;1253,000;1254,000;1,000;26/07/2023;-4,2823909;-55,9489102;36,250;
PA;BR-230;1254,000;1255,000;1,000;26/07/2023;-4,2823909;-55,9489102;36,250;
PA;BR-230;1255,000;1256,000;1,000;26/07/2023;-4,2823909;-55,9489102;30,000;
PA;BR-230;1256,000;1257,000;1,000;26/07/2023;-4,2823909;-55,9489102;38,750;
PA;BR-230;1257,000;1258,000;1,000;26/07/2023;-4,2823909;-55,9489102;17,500;
PA;BR-230;1258,000;1259,000;1,000;26/07/2023;-4,2823909;-55,9489102;22,500;
PA;BR-230;1259,000;1260,000;1,000;26/07/2023;-4,2823909;-55,9489102;31,250;
PA;BR-230;1260,000;1261,000;1,000;26/07/2023;-4,2823909;-55,9489102;43,750;
PA;BR-230;1261,000;1262,000;1,000;26/07/2023;-4,2823909;-55,9489102;18,750;
PA;BR-230;1262,000;1263,000;1,000;26/07/2023;-4,2823909;-55,9489102;38,750;
PA;BR-230;1263,000;1264,000;1,000;26/07/2023;-4,2823909;-55,9489102;35,000;
PA;BR-230;1264,000;1265,000;1,000;26/07/2023;-4,2823909;-55,9489102;11,250;
PA;BR-230;1265,000;1266,000;1,000;26/07/2023;-4,2823909;-55,9489102;30,000;
PA;BR-230;1266,000;1267,000;1,000;26/07/2023;-4,2823909;-55,9489102;43,750;
PA;BR-230;1267,000;1268,000;1,000;26/07/2023;-4,2823909;-55,9489102;31,250;
PA;BR-230;1268,000;1269,000;1,000;26/07/2023;-4,2823909;-55,9489102;30,000;
PA;BR-230;1269,000;1270,000;1,000;26/07/2023;-4,2823909;-55,9489102;31,250;
PA;BR-230;1270,000;1271,000;1,000;26/07/2023;-4,2823909;-55,9489102;42,500;
PA;BR-230;1271,000;1272,000;1,000;26/07/2023;-4,2823909;-55,9489102;43,750;
PA;BR-230;1272,000;1273,000;1,000;26/07/2023;-4,2823909;-55,9489102;35,000;
PA;BR-230;1273,000;1274,000;1,000;26/07/2023;-4,2823909;-55,9489102;30,000;
PA;BR-230;1274,000;1275,000;1,000;26/07/2023;-4,2823909;-55,9489102;31,250;
PA;BR-230;1275,000;1276,000;1,000;26/07/2023;-4,2823909;-55,9489102;38,750;
PA;BR-230;1276,000;1277,000;1,000;26/07/2023;-4,2823909;-55,9489102;17,500;
PA;BR-230;1277,000;1278,000;1,000;26/07/2023;-4,2823909;-55,9489102;17,500;
PA;BR-230;1278,000;1279,000;1,000;26/07/2023;-4,2823909;-55,9489102;30,000;
PA;BR-230;1279,000;1280,000;1,000;26/07/2023;-4,2823909;-55,9489102;35,000;
PA;BR-230;1280,000;1281,000;1,000;26/07/2023;-4,2823909;-55,9489102;22,500;
PA;BR-230;1281,000;1282,000;1,000;26/07/2023;-4,2823909;-55,9489102;36,250;
PA;BR-230;1282,000;1283,000;1,000;26/07/2023;-4,2823909;-55,9489102;36,250;
PA;BR-230;1283,000;1284,000;1,000;26/07/2023;-4,2823909;-55,9489102;43,750;
PA;BR-230;1284,000;1285,000;1,000;26/07/2023;-4,2823909;-55,9489102;3,750;
PA;BR-230;1285,000;1286,000;1,000;26/07/2023;-4,2823909;-55,9489102;3,750;
PA;BR-230;1286,000;1287,000;1,000;26/07/2023;-4,2823909;-55,9489102;38,750;
PA;BR-230;1287,000;1288,000;1,000;26/07/2023;-4,2823909;-55,9489102;38,750;
PA;BR-230;1288,000;1289,000;1,000;26/07/2023;-4,2823909;-55,9489102;38,750;
PA;BR-230;1289,000;1290,000;1,000;26/07/2023;-4,2823909;-55,9489102;38,750;
PA;BR-230;1290,000;1291,000;1,000;26/07/2023;-4,2823909;-55,9489102;46,250;
PA;BR-230;1291,000;1292,000;1,000;26/07/2023;-4,2823909;-55,9489102;31,250;
PA;BR-230;1292,000;1293,000;1,000;26/07/2023;-4,2823909;-55,9489102;31,250;
PA;BR-230;1293,000;1294,000;1,000;26/07/2023;-4,2823909;-55,9489102;31,250;
PA;BR-230;1294,000;1295,000;1,000;26/07/2023;-4,2823909;-55,9489102;31,250;
PA;BR-230;1294,500;1295,000;0,500;26/07/2023;-4,2823909;-55,9489102;31,250;
PA;BR-230;1295,000;1296,000;1,000;26/07/2023;-4,2823909;-55,9489102;38,750;
PA;BR-230;1296,000;1297,000;1,000;26/07/2023;-4,2823909;-55,9489102;35,000;
PA;BR-230;1297,000;1298,000;1,000;26/07/2023;-4,2823909;-55,9489102;35,000;
PA;BR-230;1298,000;1299,000;1,000;26/07/2023;-4,2823909;-55,9489102;2,500;
PA;BR-230;1299,000;1300,000;1,000;26/07/2023;-4,2823909;-55,9489102;32,500;
PA;BR-230;1300,000;1301,000;1,000;26/07/2023;-4,2823909;-55,9489102;5,000;
PA;BR-230;1301,000;1302,000;1,000;26/07/2023;-4,2823909;-55,9489102;35,000;
PA;BR-230;1302,000;1303,000;1,000;26/07/2023;-4,2823909;-55,9489102;35,000;
PA;BR-230;1303,000;1304,000;1,000;26/07/2023;-4,2823909;-55,9489102;3,750;
PA;BR-230;1304,000;1305,000;1,000;26/07/2023;-4,2823909;-55,9489102;23,750;
PA;BR-230;1305,000;1306,000;1,000;26/07/2023;-4,2823909;-55,9489102;8,750;
PA;BR-230;1306,000;1307,000;1,000;26/07/2023;-4,2823909;-55,9489102;8,750;
PA;BR-230;1307,000;1308,000;1,000;26/07/2023;-4,2823909;-55,9489102;8,750;
PA;BR-230;1308,000;1309,000;1,000;26/07/2023;-4,2823909;-55,9489102;18,750;
PA;BR-230;1309,000;1310,000;1,000;26/07/2023;-4,2823909;-55,9489102;3,750;
PA;BR-230;1310,000;1311,000;1,000;26/07/2023;-4,2823909;-55,9489102;8,750;
PA;BR-230;1311,000;1312,000;1,000;26/07/2023;-4,2823909;-55,9489102;8,750;
PA;BR-230;1312,000;1313,000;1,000;26/07/2023;-4,2823909;-55,9489102;23,750;
PA;BR-230;1313,000;1314,000;1,000;26/07/2023;-4,2823909;-55,9489102;23,750;
PA;BR-230;1314,000;1315,000;1,000;26/07/2023;-4,2823909;-55,9489102;23,750;
PA;BR-230;1315,000;1316,000;1,000;26/07/2023;-4,2823909;-55,9489102;8,750;
PA;BR-230;1316,000;1317,000;1,000;26/07/2023;-4,2823909;-55,9489102;31,250;
PA;BR-230;1317,000;1318,000;1,000;26/07/2023;-4,2823909;-55,9489102;31,250;
PA;BR-230;1318,000;1319,000;1,000;26/07/2023;-4,2823909;-55,9489102;31,250;
PA;BR-230;1319,000;1320,000;1,000;26/07/2023;-4,2823909;-55,9489102;43,750;
PA;BR-230;1320,000;1321,000;1,000;26/07/2023;-4,2823909;-55,9489102;18,750;
PA;BR-230;1321,000;1322,000;1,000;26/07/2023;-4,2823909;-55,9489102;31,250;
PA;BR-230;1322,000;1323,000;1,000;26/07/2023;-4,2823909;-55,9489102;18,750;
PA;BR-230;1323,000;1324,000;1,000;26/07/2023;-4,2823909;-55,9489102;36,250;
PA;BR-230;1324,000;1325,000;1,000;26/07/2023;-4,2823909;-55,9489102;31,250;
PA;BR-230;1325,000;1326,000;1,000;26/07/2023;-4,2823909;-55,9489102;31,250;
PA;BR-230;1326,000;1327,000;1,000;26/07/2023;-4,2823909;-55,9489102;18,750;
PA;BR-230;1327,000;1328,000;1,000;26/07/2023;-4,2823909;-55,9489102;23,750;
PA;BR-230;1328,000;1329,000;1,000;26/07/2023;-4,2823909;-55,9489102;18,750;
PA;BR-230;1329,000;1330,000;1,000;26/07/2023;-4,2823909;-55,9489102;23,750;
PA;BR-230;1330,000;1331,000;1,000;26/07/2023;-4,2823909;-55,9489102;31,250;
PA;BR-230;1331,000;1332,000;1,000;26/07/2023;-4,2823909;-55,9489102;36,250;
PA;BR-230;1332,000;1333,000;1,000;26/07/2023;-4,2823909;-55,9489102;38,750;
PA;BR-230;1333,000;1334,000;1,000;26/07/2023;-4,2823909;-55,9489102;3,750;
PA;BR-230;1334,000;1335,000;1,000;26/07/2023;-4,2823909;-55,9489102;31,250;
PA;BR-230;1335,000;1336,000;1,000;26/07/2023;-4,2823909;-55,9489102;31,250;
PA;BR-230;1336,000;1337,000;1,000;26/07/2023;-4,2823909;-55,9489102;31,250;
PA;BR-230;1337,000;1338,000;1,000;26/07/2023;-4,2823909;-55,9489102;31,250;
PA;BR-230;1338,000;1339,000;1,000;26/07/2023;-4,2823909;-55,9489102;36,250;
PA;BR-230;1339,000;1340,000;1,000;26/07/2023;-4,2823909;-55,9489102;18,750;
PA;BR-230;1340,000;1341,000;1,000;26/07/2023;-4,2823909;-55,9489102;18,750;
PA;BR-230;1341,000;1342,000;1,000;26/07/2023;-4,2823909;-55,9489102;38,750;
PA;BR-230;1342,000;1343,000;1,000;26/07/2023;-4,2823909;-55,9489102;37,500;
PA;BR-230;1343,000;1344,000;1,000;26/07/2023;-4,2823909;-55,9489102;36,250;
PA;BR-230;1344,000;1345,000;1,000;26/07/2023;-4,2823909;-55,9489102;31,250;
PA;BR-230;1345,000;1346,000;1,000;26/07/2023;-4,2823909;-55,9489102;31,250;
PA;BR-230;1346,000;1347,000;1,000;26/07/2023;-4,2823909;-55,9489102;36,250;
PA;BR-230;1347,000;1348,000;1,000;26/07/2023;-5,09881124;-56,9967421;31,250;
PA;BR-230;1348,000;1349,000;1,000;26/07/2023;-5,09881124;-56,9967421;31,250;
PA;BR-230;1349,000;1350,000;1,000;26/07/2023;-5,09881124;-56,9967421;31,250;
PA;BR-230;1350,000;1351,000;1,000;26/07/2023;-5,09881124;-56,9967421;31,250;
PA;BR-230;1351,000;1352,000;1,000;26/07/2023;-5,09881124;-56,9967421;31,250;
PA;BR-230;1352,000;1353,000;1,000;26/07/2023;-5,09881124;-56,9967421;31,250;
PA;BR-230;1353,000;1354,000;1,000;26/07/2023;-5,09881124;-56,9967421;31,250;
PA;BR-230;1354,000;1355,000;1,000;26/07/2023;-5,09881124;-56,9967421;31,250;
PA;BR-230;1355,000;1356,000;1,000;26/07/2023;-5,09881124;-56,9967421;31,250;
PA;BR-230;1356,000;1357,000;1,000;26/07/2023;-5,09881124;-56,9967421;31,250;
PA;BR-230;1357,000;1358,000;1,000;26/07/2023;-5,09881124;-56,9967421;31,250;
PA;BR-230;1358,000;1359,000;1,000;26/07/2023;-5,09881124;-56,9967421;31,250;
PA;BR-230;1359,000;1360,000;1,000;26/07/2023;-5,09881124;-56,9967421;31,250;
PA;BR-230;1360,000;1361,000;1,000;26/07/2023;-5,09881124;-56,9967421;36,250;
PA;BR-230;1361,000;1362,000;1,000;26/07/2023;-5,09881124;-56,9967421;43,750;
PA;BR-230;1362,000;1363,000;1,000;26/07/2023;-5,09881124;-56,9967421;31,250;
PA;BR-230;1363,000;1364,000;1,000;26/07/2023;-5,09881124;-56,9967421;31,250;
PA;BR-230;1364,000;1365,000;1,000;26/07/2023;-5,09881124;-56,9967421;36,250;
PA;BR-230;1365,000;1366,000;1,000;26/07/2023;-5,09881124;-56,9967421;31,250;
PA;BR-230;1366,000;1367,000;1,000;26/07/2023;-5,09881124;-56,9967421;31,250;
PA;BR-230;1367,000;1368,000;1,000;26/07/2023;-5,09881124;-56,9967421;31,250;
PA;BR-230;1368,000;1369,000;1,000;26/07/2023;-5,09881124;-56,9967421;31,250;
PA;BR-230;1369,000;1370,000;1,000;26/07/2023;-5,09881124;-56,9967421;36,250;
PA;BR-230;1370,000;1371,000;1,000;26/07/2023;-5,09881124;-56,9967421;36,250;
PA;BR-230;1371,000;1372,000;1,000;26/07/2023;-5,09881124;-56,9967421;36,250;
PA;BR-230;1372,000;1373,000;1,000;26/07/2023;-5,09881124;-56,9967421;31,250;
PA;BR-230;1373,000;1374,000;1,000;26/07/2023;-5,09881124;-56,9967421;31,250;
PA;BR-230;1374,000;1375,000;1,000;26/07/2023;-5,09881124;-56,9967421;31,250;
PA;BR-230;1375,000;1376,000;1,000;26/07/2023;-5,09881124;-56,9967421;36,250;
PA;BR-230;1376,000;1377,000;1,000;26/07/2023;-5,09881124;-56,9967421;31,250;
PA;BR-230;1377,000;1378,000;1,000;26/07/2023;-5,09881124;-56,9967421;31,250;
PA;BR-230;1378,000;1379,000;1,000;26/07/2023;-5,09881124;-56,9967421;31,250;
PA;BR-230;1379,000;1380,000;1,000;26/07/2023;-5,09881124;-56,9967421;31,250;
PA;BR-230;1380,000;1381,000;1,000;26/07/2023;-5,09881124;-56,9967421;30,000;
PA;BR-230;1381,000;1382,000;1,000;26/07/2023;-5,09881124;-56,9967421;31,250;
PA;BR-230;1382,000;1383,000;1,000;26/07/2023;-5,09881124;-56,9967421;18,750;
PA;BR-230;1383,000;1384,000;1,000;26/07/2023;-5,09881124;-56,9967421;36,250;
PA;BR-230;1384,000;1385,000;1,000;26/07/2023;-5,09881124;-56,9967421;46,250;
PA;BR-230;1385,000;1386,000;1,000;26/07/2023;-5,09881124;-56,9967421;18,750;
PA;BR-230;1386,000;1387,000;1,000;26/07/2023;-5,09881124;-56,9967421;31,250;
PA;BR-230;1387,000;1388,000;1,000;26/07/2023;-5,09881124;-56,9967421;36,250;
PA;BR-230;1388,000;1389,000;1,000;26/07/2023;-5,09881124;-56,9967421;43,750;
PA;BR-230;1389,000;1390,000;1,000;26/07/2023;-5,09881124;-56,9967421;31,250;
PA;BR-230;1390,000;1391,000;1,000;26/07/2023;-5,09881124;-56,9967421;31,250;
PA;BR-230;1391,000;1392,000;1,000;26/07/2023;-5,09881124;-56,9967421;36,250;
PA;BR-230;1392,000;1393,000;1,000;26/07/2023;-5,09881124;-56,9967421;38,750;
PA;BR-230;1393,000;1394,000;1,000;26/07/2023;-5,09881124;-56,9967421;36,250;
PA;BR-230;1394,000;1395,000;1,000;26/07/2023;-5,09881124;-56,9967421;31,250;
PA;BR-230;1395,000;1396,000;1,000;26/07/2023;-5,09881124;-56,9967421;36,250;
PA;BR-230;1396,000;1397,000;1,000;26/07/2023;-5,09881124;-56,9967421;36,250;
PA;BR-230;1397,000;1398,000;1,000;26/07/2023;-5,09881124;-56,9967421;31,250;
PA;BR-230;1398,000;1399,000;1,000;26/07/2023;-5,09881124;-56,9967421;31,250;
PA;BR-230;1399,000;1400,000;1,000;26/07/2023;-5,09881124;-56,9967421;31,250;
PA;BR-230;1400,000;1401,000;1,000;26/07/2023;-5,09881124;-56,9967421;36,250;
PA;BR-230;1401,000;1402,000;1,000;26/07/2023;-5,09881124;-56,9967421;36,250;
PA;BR-230;1402,000;1403,000;1,000;26/07/2023;-5,09881124;-56,9967421;23,750;
PA;BR-230;1403,000;1404,000;1,000;26/07/2023;-5,09881124;-56,9967421;18,750;
PA;BR-230;1404,000;1405,000;1,000;26/07/2023;-5,09881124;-56,9967421;36,250;
PA;BR-230;1405,000;1406,000;1,000;26/07/2023;-5,09881124;-56,9967421;31,250;
PA;BR-230;1406,000;1407,000;1,000;26/07/2023;-5,09881124;-56,9967421;18,750;
PA;BR-230;1407,000;1408,000;1,000;26/07/2023;-5,09881124;-56,9967421;32,500;
PA;BR-230;1408,000;1409,000;1,000;26/07/2023;-5,09881124;-56,9967421;32,500;
PA;BR-230;1409,000;1410,000;1,000;26/07/2023;-5,09881124;-56,9967421;37,500;
PA;BR-230;1410,000;1411,000;1,000;26/07/2023;-5,09881124;-56,9967421;18,750;
PA;BR-230;1411,000;1412,000;1,000;26/07/2023;-5,09881124;-56,9967421;32,500;
PA;BR-230;1412,000;1413,000;1,000;26/07/2023;-5,09881124;-56,9967421;32,500;
PA;BR-230;1413,000;1414,000;1,000;26/07/2023;-5,09881124;-56,9967421;32,500;
PA;BR-230;1414,000;1415,000;1,000;26/07/2023;-5,09881124;-56,9967421;25,000;
PA;BR-230;1415,000;1416,000;1,000;26/07/2023;-5,09881124;-56,9967421;31,250;
PA;BR-230;1416,000;1417,000;1,000;26/07/2023;-5,09881124;-56,9967421;31,250;
PA;BR-230;1417,000;1418,000;1,000;26/07/2023;-5,09881124;-56,9967421;36,250;
PA;BR-230;1418,000;1419,000;1,000;26/07/2023;-5,09881124;-56,9967421;20,000;
PA;BR-230;1419,000;1420,000;1,000;26/07/2023;-5,09881124;-56,9967421;38,750;
PA;BR-230;1420,000;1421,000;1,000;26/07/2023;-5,09881124;-56,9967421;43,750;
PA;BR-230;1421,000;1422,000;1,000;26/07/2023;-5,09881124;-56,9967421;31,250;
PA;BR-230;1422,000;1423,000;1,000;26/07/2023;-5,09881124;-56,9967421;31,250;
PA;BR-230;1423,000;1424,000;1,000;26/07/2023;-5,09881124;-56,9967421;20,000;
PA;BR-230;1424,000;1425,000;1,000;26/07/2023;-5,09881124;-56,9967421;31,250;
PA;BR-230;1425,000;1426,000;1,000;26/07/2023;-5,09881124;-56,9967421;8,750;
PA;BR-230;1426,000;1427,000;1,000;26/07/2023;-5,09881124;-56,9967421;31,250;
PA;BR-230;1427,000;1428,000;1,000;26/07/2023;-5,09881124;-56,9967421;32,500;
PA;BR-230;1428,000;1429,000;1,000;26/07/2023;-5,09881124;-56,9967421;8,750;
PA;BR-230;1429,000;1430,000;1,000;26/07/2023;-5,09881124;-56,9967421;18,750;
PA;BR-230;1430,000;1431,000;1,000;26/07/2023;-5,09881124;-56,9967421;32,500;
PA;BR-230;1431,000;1432,000;1,000;26/07/2023;-5,09881124;-56,9967421;45,000;
PA;BR-230;1432,000;1433,000;1,000;26/07/2023;-5,09881124;-56,9967421;23,750;
PA;BR-230;1433,000;1434,000;1,000;26/07/2023;-5,09881124;-56,9967421;18,750;
PA;BR-230;1434,000;1435,000;1,000;26/07/2023;-5,09881124;-56,9967421;31,250;
PA;BR-230;1434,200;1435,000;0,800;26/07/2023;-5,09881124;-56,9967421;43,750;
PA;BR-230;1435,000;1436,000;1,000;26/07/2023;-5,09881124;-56,9967421;37,500;
PA;BR-230;1436,000;1437,000;1,000;26/07/2023;-5,09881124;-56,9967421;32,500;
PA;BR-230;1437,000;1438,000;1,000;26/07/2023;-5,09881124;-56,9967421;45,000;
PA;BR-230;1438,000;1439,000;1,000;26/07/2023;-5,09881124;-56,9967421;36,250;
PA;BR-230;1439,000;1440,000;1,000;26/07/2023;-5,09881124;-56,9967421;45,000;
PA;BR-230;1440,000;1441,000;1,000;26/07/2023;-5,09881124;-56,9967421;32,500;
PA;BR-230;1441,000;1442,000;1,000;26/07/2023;-5,09881124;-56,9967421;32,500;
PA;BR-230;1442,000;1443,000;1,000;26/07/2023;-5,09881124;-56,9967421;36,250;
PA;BR-230;1443,000;1444,000;1,000;26/07/2023;-5,09881124;-56,9967421;37,500;
PA;BR-230;1444,000;1445,000;1,000;26/07/2023;-5,09881124;-56,9967421;32,500;
PA;BR-230;1445,000;1446,000;1,000;26/07/2023;-5,09881124;-56,9967421;37,500;
PA;BR-230;1446,000;1447,000;1,000;26/07/2023;-5,09881124;-56,9967421;32,500;
PA;BR-230;1447,000;1448,000;1,000;26/07/2023;-5,09881124;-56,9967421;31,250;
PA;BR-230;1448,000;1449,000;1,000;26/07/2023;-5,09881124;-56,9967421;31,250;
PA;BR-230;1449,000;1450,000;1,000;26/07/2023;-5,09881124;-56,9967421;36,250;
PA;BR-230;1450,000;1451,000;1,000;26/07/2023;-5,09881124;-56,9967421;36,250;
PA;BR-230;1451,000;1452,000;1,000;26/07/2023;-5,09881124;-56,9967421;36,250;
PA;BR-230;1452,000;1453,000;1,000;26/07/2023;-5,09881124;-56,9967421;31,250;
PA;BR-230;1453,000;1454,000;1,000;26/07/2023;-5,09881124;-56,9967421;3,750;
PA;BR-230;1454,000;1455,000;1,000;26/07/2023;-5,09881124;-56,9967421;3,750;
PA;BR-230;1455,000;1456,000;1,000;26/07/2023;-5,09881124;-56,9967421;8,750;
PA;BR-230;1456,000;1457,000;1,000;26/07/2023;-5,09881124;-56,9967421;3,750;
PA;BR-230;1457,000;1458,000;1,000;26/07/2023;-5,09881124;-56,9967421;18,750;
PA;BR-230;1458,000;1459,000;1,000;26/07/2023;-5,09881124;-56,9967421;31,250;
PA;BR-230;1459,000;1460,000;1,000;26/07/2023;-5,09881124;-56,9967421;25,000;
PA;BR-230;1460,000;1461,000;1,000;26/07/2023;-5,09881124;-56,9967421;26,250;
PA;BR-230;1461,000;1462,000;1,000;26/07/2023;-5,09881124;-56,9967421;20,000;
PA;BR-230;1462,000;1463,000;1,000;26/07/2023;-5,09881124;-56,9967421;18,750;
PA;BR-230;1463,000;1464,000;1,000;26/07/2023;-5,09881124;-56,9967421;32,500;
PA;BR-230;1464,000;1465,000;1,000;26/07/2023;-5,09881124;-56,9967421;20,000;
PA;BR-230;1465,000;1466,000;1,000;26/07/2023;-5,09881124;-56,9967421;18,750;
PA;BR-230;1466,000;1467,000;1,000;26/07/2023;-5,09881124;-56,9967421;23,750;
PA;BR-230;1467,000;1468,000;1,000;26/07/2023;-5,09881124;-56,9967421;18,750;
PA;BR-230;1468,000;1469,000;1,000;26/07/2023;-5,09881124;-56,9967421;43,750;
PA;BR-230;1469,000;1470,000;1,000;26/07/2023;-5,09881124;-56,9967421;16,250;
PA;BR-230;1470,000;1471,000;1,000;26/07/2023;-5,09881124;-56,9967421;40,000;
PA;BR-230;1471,000;1472,000;1,000;26/07/2023;-5,09881124;-56,9967421;32,500;
PA;BR-230;1472,000;1473,000;1,000;26/07/2023;-5,09881124;-56,9967421;31,250;
PA;BR-230;1473,000;1474,000;1,000;26/07/2023;-5,09881124;-56,9967421;31,250;
PA;BR-230;1474,000;1475,000;1,000;26/07/2023;-5,09881124;-56,9967421;32,500;
PA;BR-230;1475,000;1476,000;1,000;26/07/2023;-5,09881124;-56,9967421;31,250;
PA;BR-230;1476,000;1477,000;1,000;26/07/2023;-5,09881124;-56,9967421;31,250;
PA;BR-230;1477,000;1478,000;1,000;26/07/2023;-5,09881124;-56,9967421;31,250;
PA;BR-230;1478,000;1479,000;1,000;26/07/2023;-5,09881124;-56,9967421;31,250;
PA;BR-230;1479,000;1480,000;1,000;26/07/2023;-5,09881124;-56,9967421;31,250;
PA;BR-230;1480,000;1481,000;1,000;26/07/2023;-5,09881124;-56,9967421;32,500;
PA;BR-230;1481,000;1482,000;1,000;26/07/2023;-5,09881124;-56,9967421;31,250;
PA;BR-230;1482,000;1483,000;1,000;26/07/2023;-5,09881124;-56,9967421;31,250;
PA;BR-230;1483,000;1484,000;1,000;26/07/2023;-5,09881124;-56,9967421;36,250;
PA;BR-230;1484,000;1485,000;1,000;26/07/2023;-5,09881124;-56,9967421;31,250;
PA;BR-230;1485,000;1486,000;1,000;26/07/2023;-5,09881124;-56,9967421;47,500;
PA;BR-230;1486,000;1487,000;1,000;26/07/2023;-5,09881124;-56,9967421;46,250;
PA;BR-230;1487,000;1488,000;1,000;26/07/2023;-5,09881124;-56,9967421;31,250;
PA;BR-230;1488,000;1489,000;1,000;26/07/2023;-5,09881124;-56,9967421;45,000;
PA;BR-230;1489,000;1490,000;1,000;26/07/2023;-5,09881124;-56,9967421;31,250;
PA;BR-230;1490,000;1491,000;1,000;26/07/2023;-5,09881124;-56,9967421;31,250;
PA;BR-230;1491,000;1492,000;1,000;26/07/2023;-5,09881124;-56,9967421;31,250;
PA;BR-230;1492,000;1493,000;1,000;26/07/2023;-5,09881124;-56,9967421;31,250;
PA;BR-230;1493,000;1494,000;1,000;26/07/2023;-5,09881124;-56,9967421;40,000;
PA;BR-230;1494,000;1495,000;1,000;26/07/2023;-5,09881124;-56,9967421;31,250;
PA;BR-230;1495,000;1496,000;1,000;26/07/2023;-5,09881124;-56,9967421;31,250;
PA;BR-230;1496,000;1497,000;1,000;26/07/2023;-5,09881124;-56,9967421;38,750;
PA;BR-230;1497,000;1498,000;1,000;26/07/2023;-5,09881124;-56,9967421;43,750;
PA;BR-230;1498,000;1499,000;1,000;26/07/2023;-5,09881124;-56,9967421;37,500;
PA;BR-230;1499,000;1500,000;1,000;26/07/2023;-5,09881124;-56,9967421;40,000;
PA;BR-230;1500,000;1501,000;1,000;26/07/2023;-5,09881124;-56,9967421;38,750;
PA;BR-230;1501,000;1502,000;1,000;26/07/2023;-5,09881124;-56,9967421;31,250;
PA;BR-230;1502,000;1503,000;1,000;26/07/2023;-5,09881124;-56,9967421;31,250;
PA;BR-230;1503,000;1504,000;1,000;26/07/2023;-5,09881124;-56,9967421;43,750;
PA;BR-230;1504,000;1505,000;1,000;26/07/2023;-5,09881124;-56,9967421;38,750;
PA;BR-230;1505,000;1506,000;1,000;26/07/2023;-5,09881124;-56,9967421;32,500;
PA;BR-230;1506,000;1507,000;1,000;26/07/2023;-5,09881124;-56,9967421;38,750;
PA;BR-230;1507,000;1508,000;1,000;26/07/2023;-5,09881124;-56,9967421;45,000;
PA;BR-230;1508,000;1509,000;1,000;26/07/2023;-5,09881124;-56,9967421;32,500;
PA;BR-230;1509,000;1510,000;1,000;26/07/2023;-5,09881124;-56,9967421;31,250;
PA;BR-230;1510,000;1511,000;1,000;26/07/2023;-5,09881124;-56,9967421;31,250;
PA;BR-230;1511,000;1512,000;1,000;26/07/2023;-5,09881124;-56,9967421;32,500;
PA;BR-230;1512,000;1513,000;1,000;26/07/2023;-5,09881124;-56,9967421;31,250;
PA;BR-230;1513,000;1514,000;1,000;26/07/2023;-5,09881124;-56,9967421;52,500;
PA;BR-230;1514,000;1515,000;1,000;26/07/2023;-5,09881124;-56,9967421;31,250;
PA;BR-230;1515,000;1516,000;1,000;26/07/2023;-5,09881124;-56,9967421;37,500;
PA;BR-230;1516,000;1517,000;1,000;26/07/2023;-5,09881124;-56,9967421;32,500;
PA;BR-230;1517,000;1518,000;1,000;26/07/2023;-5,09881124;-56,9967421;37,500;
PA;BR-230;1518,000;1519,000;1,000;26/07/2023;-5,09881124;-56,9967421;36,250;
PA;BR-230;1519,000;1520,000;1,000;26/07/2023;-5,09881124;-56,9967421;31,250;
PA;BR-230;1520,000;1521,000;1,000;26/07/2023;-5,09881124;-56,9967421;31,250;
PA;BR-230;1521,000;1522,000;1,000;26/07/2023;-5,09881124;-56,9967421;31,250;
PA;BR-230;1522,000;1523,000;1,000;26/07/2023;-5,09881124;-56,9967421;37,500;
PA;BR-230;1523,000;1524,000;1,000;26/07/2023;-5,09881124;-56,9967421;32,500;
PA;BR-230;1524,000;1525,000;1,000;26/07/2023;-5,09881124;-56,9967421;36,250;
PA;BR-230;1525,000;1526,000;1,000;26/07/2023;-5,09881124;-56,9967421;31,250;
PA;BR-230;1526,000;1527,000;1,000;26/07/2023;-5,09881124;-56,9967421;31,250;
PA;BR-230;1527,000;1528,000;1,000;26/07/2023;-5,09881124;-56,9967421;31,250;
PA;BR-230;1528,000;1529,000;1,000;26/07/2023;-5,09881124;-56,9967421;32,500;
PA;BR-230;1529,000;1530,000;1,000;26/07/2023;-5,09881124;-56,9967421;32,500;
PA;BR-230;1530,000;1531,000;1,000;26/07/2023;-5,09881124;-56,9967421;31,250;
PA;BR-230;1531,000;1532,000;1,000;26/07/2023;-5,09881124;-56,9967421;43,750;
PA;BR-230;1532,000;1533,000;1,000;26/07/2023;-5,09881124;-56,9967421;40,000;
PA;BR-230;1533,000;1534,000;1,000;26/07/2023;-5,09881124;-56,9967421;38,750;
PA;BR-230;1534,000;1535,000;1,000;26/07/2023;-5,09881124;-56,9967421;38,750;
PA;BR-230;1535,000;1536,000;1,000;26/07/2023;-5,09881124;-56,9967421;40,000;
PA;BR-230;1536,000;1537,000;1,000;26/07/2023;-5,09881124;-56,9967421;31,250;
PA;BR-230;1537,000;1538,000;1,000;26/07/2023;-5,09881124;-56,9967421;32,500;
PA;BR-230;1538,000;1539,000;1,000;26/07/2023;-5,09881124;-56,9967421;31,250;
PA;BR-230;1539,000;1540,000;1,000;26/07/2023;-5,09881124;-56,9967421;31,250;
PA;BR-230;1540,000;1541,000;1,000;26/07/2023;-5,09881124;-56,9967421;31,250;
PA;BR-230;1541,000;1542,000;1,000;26/07/2023;-5,09881124;-56,9967421;38,750;
PA;BR-230;1542,000;1543,000;1,000;26/07/2023;-5,09881124;-56,9967421;31,250;
PA;BR-230;1543,000;1544,000;1,000;26/07/2023;-5,09881124;-56,9967421;31,250;
PA;BR-230;1544,000;1545,000;1,000;26/07/2023;-5,09881124;-56,9967421;31,250;
PA;BR-230;1545,000;1546,000;1,000;26/07/2023;-5,09881124;-56,9967421;40,000;
PA;BR-230;1546,000;1547,000;1,000;26/07/2023;-5,09881124;-56,9967421;31,250;
PA;BR-230;1547,000;1548,000;1,000;26/07/2023;-5,09881124;-56,9967421;31,250;
PA;BR-230;1548,000;1549,000;1,000;26/07/2023;-5,09881124;-56,9967421;38,750;
PA;BR-230;1549,000;1550,000;1,000;26/07/2023;-5,09881124;-56,9967421;32,500;
PA;BR-230;1550,000;1551,000;1,000;26/07/2023;-5,09881124;-56,9967421;37,500;
PA;BR-230;1551,000;1552,000;1,000;26/07/2023;-5,09881124;-56,9967421;38,750;
PA;BR-230;1552,000;1553,000;1,000;26/07/2023;-5,09881124;-56,9967421;36,250;
PA;BR-230;1553,000;1554,000;1,000;26/07/2023;-5,09881124;-56,9967421;31,250;
PA;BR-230;1554,000;1555,000;1,000;26/07/2023;-5,09881124;-56,9967421;31,250;
PA;BR-230;1555,000;1556,000;1,000;26/07/2023;-5,09881124;-56,9967421;37,500;
PA;BR-230;1556,000;1557,000;1,000;26/07/2023;-5,09881124;-56,9967421;31,250;
PA;BR-230;1557,000;1558,000;1,000;26/07/2023;-5,09881124;-56,9967421;43,750;
PA;BR-230;1558,000;1559,000;1,000;26/07/2023;-5,09881124;-56,9967421;43,750;
PA;BR-230;1559,000;1560,000;1,000;26/07/2023;-5,09881124;-56,9967421;31,250;
PA;BR-230;1560,000;1561,000;1,000;26/07/2023;-5,09881124;-56,9967421;31,250;
PA;BR-230;1561,000;1562,000;1,000;26/07/2023;-5,09881124;-56,9967421;31,250;
PA;BR-230;1562,000;1563,000;1,000;26/07/2023;-5,09881124;-56,9967421;31,250;
PA;BR-230;1563,000;1564,000;1,000;26/07/2023;-5,09881124;-56,9967421;31,250;
PA;BR-230;1564,000;1565,000;1,000;26/07/2023;-5,09881124;-56,9967421;32,500;
PA;BR-230;1565,000;1566,000;1,000;26/07/2023;-5,09881124;-56,9967421;32,500;
PA;BR-230;1566,000;1567,000;1,000;26/07/2023;-5,09881124;-56,9967421;32,500;
PA;BR-230;1567,000;1568,000;1,000;26/07/2023;-5,09881124;-56,9967421;40,000;
PA;BR-230;1568,000;1569,000;1,000;26/07/2023;-5,09881124;-56,9967421;40,000;
PA;BR-230;1569,000;1570,000;1,000;26/07/2023;-2,4377865;-54,7338016;31,250;
PA;BR-230;1570,000;1571,000;1,000;26/07/2023;-2,4377865;-54,7338016;31,250;
PA;BR-230;1571,000;1572,000;1,000;26/07/2023;-2,4377865;-54,7338016;31,250;
PA;BR-230;1572,000;1573,000;1,000;26/07/2023;-2,4377865;-54,7338016;31,250;
PA;BR-230;1573,000;1574,000;1,000;26/07/2023;-2,4377865;-54,7338016;32,500;
PA;BR-230;1574,000;1575,000;1,000;26/07/2023;-2,4377865;-54,7338016;36,250;
PA;BR-230;1575,000;1576,000;1,000;26/07/2023;-2,4377865;-54,7338016;36,250;
PA;BR-230;1576,000;1577,000;1,000;26/07/2023;-2,4377865;-54,7338016;31,250;
PA;BR-230;1577,000;1578,000;1,000;26/07/2023;-2,4377865;-54,7338016;31,250;
PA;BR-230;1578,000;1579,000;1,000;26/07/2023;-2,4377865;-54,7338016;38,750;
PA;BR-230;1579,000;1580,000;1,000;26/07/2023;-2,4377865;-54,7338016;31,250;
PA;BR-230;1580,000;1581,000;1,000;26/07/2023;-2,4377865;-54,7338016;31,250;
PA;BR-230;1581,000;1582,000;1,000;26/07/2023;-2,4377865;-54,7338016;31,250;
PA;BR-230;1582,000;1583,000;1,000;26/07/2023;-2,4377865;-54,7338016;31,250;
PA;BR-230;1583,000;1584,000;1,000;26/07/2023;-2,4377865;-54,7338016;38,750;
PA;BR-230;1584,000;1585,000;1,000;26/07/2023;-2,4377865;-54,7338016;38,750;
PA;BR-230;1585,000;1586,000;1,000;26/07/2023;-2,4377865;-54,7338016;31,250;
PA;BR-230;1586,000;1587,000;1,000;26/07/2023;-2,4377865;-54,7338016;31,250;
PA;BR-230;1587,000;1588,000;1,000;26/07/2023;-2,4377865;-54,7338016;38,750;
PA;BR-230;1588,000;1589,000;1,000;26/07/2023;-2,4377865;-54,7338016;43,750;
PA;BR-230;1589,000;1590,000;1,000;26/07/2023;-2,4377865;-54,7338016;31,250;
PA;BR-230;1590,000;1591,000;1,000;26/07/2023;-2,4377865;-54,7338016;31,250;
PA;BR-230;1591,000;1592,000;1,000;26/07/2023;-2,4377865;-54,7338016;31,250;
PA;BR-230;1592,000;1593,000;1,000;26/07/2023;-2,4377865;-54,7338016;40,000;
PA;BR-230;1593,000;1594,000;1,000;26/07/2023;-2,4377865;-54,7338016;42,500;
PA;BR-230;1594,000;1595,000;1,000;26/07/2023;-2,4377865;-54,7338016;31,250;
MS;BR-419;64,000;65,000;1,000;26/07/2023;-19,3535073;-54,9949279;35,000;
MS;BR-419;65,000;66,000;1,000;26/07/2023;-19,3535073;-54,9949279;42,500;
MS;BR-419;66,000;67,000;1,000;26/07/2023;-19,3535073;-54,9949279;42,500;
MS;BR-419;67,000;68,000;1,000;26/07/2023;-19,3535073;-54,9949279;42,500;
MS;BR-419;68,000;69,000;1,000;26/07/2023;-19,3713269;-54,9861396;42,500;
MS;BR-419;69,000;70,000;1,000;26/07/2023;-19,3713269;-54,9861396;35,000;
MS;BR-419;70,000;71,000;1,000;26/07/2023;-19,3713269;-54,9861396;35,000;
MS;BR-419;71,000;72,000;1,000;26/07/2023;-19,3713269;-54,9861396;35,000;
MS;BR-419;72,000;73,000;1,000;26/07/2023;-19,3713269;-54,9861396;35,000;
MS;BR-419;73,000;74,000;1,000;26/07/2023;-19,3713269;-54,9861396;35,000;
MS;BR-419;74,000;75,000;1,000;26/07/2023;-19,3713269;-54,9861396;50,000;
MS;BR-419;75,000;76,000;1,000;26/07/2023;-19,3713269;-54,9861396;42,500;
MS;BR-419;76,000;77,000;1,000;26/07/2023;-19,3713269;-54,9861396;35,000;
MS;BR-419;77,000;78,000;1,000;26/07/2023;-19,3713269;-54,9861396;35,000;
MS;BR-419;78,000;79,000;1,000;26/07/2023;-19,3713269;-54,9861396;35,000;
MS;BR-419;79,000;80,000;1,000;26/07/2023;-19,3713269;-54,9861396;35,000;
MS;BR-419;80,000;81,000;1,000;26/07/2023;-19,3713269;-54,9861396;35,000;
MS;BR-419;81,000;82,000;1,000;26/07/2023;-19,3713269;-54,9861396;42,500;
MS;BR-419;82,000;83,000;1,000;26/07/2023;-19,3713269;-54,9861396;35,000;
MS;BR-419;83,000;84,000;1,000;26/07/2023;-19,3713269;-54,9861396;42,500;
MS;BR-419;84,000;85,000;1,000;26/07/2023;-19,3713269;-54,9861396;43,750;
MS;BR-419;85,000;86,000;1,000;26/07/2023;-19,3713269;-54,9861396;35,000;
MS;BR-419;86,000;87,000;1,000;26/07/2023;-19,3713269;-54,9861396;35,000;
MS;BR-419;87,000;88,000;1,000;26/07/2023;-19,3713269;-54,9861396;37,500;
MS;BR-419;88,000;89,000;1,000;26/07/2023;-19,3713269;-54,9861396;35,000;
MS;BR-419;89,000;90,000;1,000;26/07/2023;-19,3713269;-54,9861396;35,000;
MS;BR-419;90,000;91,000;1,000;26/07/2023;-19,3713269;-54,9861396;37,500;
MS;BR-419;91,000;92,000;1,000;26/07/2023;-19,3713269;-54,9861396;37,500;
MS;BR-419;92,000;93,000;1,000;26/07/2023;-19,3713269;-54,9861396;37,500;
MS;BR-419;93,000;94,000;1,000;26/07/2023;-19,3713269;-54,9861396;25,000;
MS;BR-419;94,000;95,000;1,000;26/07/2023;-19,3713269;-54,9861396;25,000;
MS;BR-419;95,000;96,000;1,000;26/07/2023;-19,3713269;-54,9861396;25,000;
MS;BR-419;96,000;97,000;1,000;26/07/2023;-19,3713269;-54,9861396;25,000;
MS;BR-419;97,000;98,000;1,000;26/07/2023;-19,3713269;-54,9861396;22,500;
MS;BR-419;98,000;99,000;1,000;26/07/2023;-19,3713269;-54,9861396;25,000;
MS;BR-419;99,000;100,000;1,000;26/07/2023;-19,3713269;-54,9861396;25,000;
MS;BR-419;100,000;101,000;1,000;26/07/2023;-19,3713269;-54,9861396;25,000;
MS;BR-419;101,000;102,000;1,000;26/07/2023;-19,3713269;-54,9861396;25,000;
MS;BR-419;102,000;103,000;1,000;26/07/2023;-19,3713269;-54,9861396;40,000;
MS;BR-419;103,000;104,000;1,000;26/07/2023;-19,3713269;-54,9861396;40,000;
MS;BR-419;104,000;105,000;1,000;26/07/2023;-19,3713269;-54,9861396;25,000;
MS;BR-419;105,000;106,000;1,000;26/07/2023;-19,3713269;-54,9861396;47,500;
MS;BR-419;106,000;107,000;1,000;26/07/2023;-19,3713269;-54,9861396;47,500;
MS;BR-419;107,000;108,000;1,000;26/07/2023;-19,3713269;-54,9861396;37,500;
MS;BR-419;108,000;109,000;1,000;26/07/2023;-19,3713269;-54,9861396;25,000;
MS;BR-419;109,000;110,000;1,000;26/07/2023;-19,3713269;-54,9861396;25,000;
MS;BR-419;110,000;111,000;1,000;26/07/2023;-19,3713269;-54,9861396;40,000;
MS;BR-419;111,000;112,000;1,000;26/07/2023;-19,3713269;-54,9861396;58,750;
MS;BR-419;112,000;113,000;1,000;26/07/2023;-19,3713269;-54,9861396;47,500;
MS;BR-419;113,000;114,000;1,000;26/07/2023;-19,3713269;-54,9861396;37,500;
MS;BR-419;114,000;115,000;1,000;26/07/2023;-19,3713269;-54,9861396;25,000;
MS;BR-419;115,000;116,000;1,000;26/07/2023;-19,3713269;-54,9861396;60,000;
MS;BR-419;116,000;117,000;1,000;26/07/2023;-19,3713269;-54,9861396;58,750;
MS;BR-419;117,000;118,000;1,000;26/07/2023;-19,3713269;-54,9861396;52,500;
MS;BR-419;118,000;119,000;1,000;26/07/2023;-19,3713269;-54,9861396;45,000;
MS;BR-419;119,000;120,000;1,000;26/07/2023;-19,3713269;-54,9861396;52,500;
MS;BR-419;120,000;121,000;1,000;26/07/2023;-19,3713269;-54,9861396;37,500;
MS;BR-419;121,000;122,000;1,000;26/07/2023;-19,3713269;-54,9861396;37,500;
MS;BR-419;122,000;123,000;1,000;26/07/2023;-19,3713269;-54,9861396;37,500;
MS;BR-419;123,000;124,000;1,000;26/07/2023;-19,3713269;-54,9861396;37,500;
MS;BR-419;124,000;125,000;1,000;26/07/2023;-19,3713269;-54,9861396;25,000;
MS;BR-419;125,000;126,000;1,000;26/07/2023;-19,3713269;-54,9861396;25,000;
MS;BR-419;126,000;127,000;1,000;26/07/2023;-19,3713269;-54,9861396;37,500;
MS;BR-419;127,000;128,000;1,000;26/07/2023;-19,3713269;-54,9861396;37,500;
MS;BR-419;128,000;129,000;1,000;26/07/2023;-19,3713269;-54,9861396;37,500;
MS;BR-419;129,000;130,000;1,000;26/07/2023;-19,3713269;-54,9861396;37,500;
MS;BR-419;130,000;131,000;1,000;26/07/2023;-19,3713269;-54,9861396;37,500;
MS;BR-419;131,000;132,000;1,000;26/07/2023;-19,3713269;-54,9861396;37,500;
MS;BR-419;132,000;133,000;1,000;26/07/2023;-19,3713269;-54,9861396;37,500;
MS;BR-419;133,000;134,000;1,000;26/07/2023;-19,3713269;-54,9861396;37,500;
MS;BR-419;134,000;135,000;1,000;26/07/2023;-19,3713269;-54,9861396;37,500;
MS;BR-419;135,000;136,000;1,000;26/07/2023;-19,3713269;-54,9861396;37,500;
MS;BR-419;136,000;137,000;1,000;26/07/2023;-19,3713269;-54,9861396;45,000;
MS;BR-419;137,000;138,000;1,000;26/07/2023;-19,3713269;-54,9861396;25,000;
MS;BR-419;137,300;138,000;0,700;26/07/2023;-19,3713269;-54,9861396;37,500;
MS;BR-419;138,000;139,000;1,000;26/07/2023;-19,3713269;-54,9861396;37,500;
MS;BR-419;139,000;140,000;1,000;26/07/2023;-19,3713269;-54,9861396;37,500;
MS;BR-419;140,000;141,000;1,000;26/07/2023;-19,3713269;-54,9861396;37,500;
MS;BR-419;141,000;142,000;1,000;26/07/2023;-19,3713269;-54,9861396;37,500;
MS;BR-419;142,000;143,000;1,000;26/07/2023;-19,3713269;-54,9861396;37,500;
MS;BR-419;143,000;144,000;1,000;26/07/2023;-19,3713269;-54,9861396;37,500;
MS;BR-419;144,000;145,000;1,000;26/07/2023;-19,3713269;-54,9861396;37,500;
MS;BR-419;145,000;146,000;1,000;26/07/2023;-19,3713269;-54,9861396;37,500;
MS;BR-419;146,000;147,000;1,000;26/07/2023;-19,3713269;-54,9861396;25,000;
MS;BR-419;147,000;148,000;1,000;26/07/2023;-19,3713269;-54,9861396;25,000;
MS;BR-419;148,000;149,000;1,000;26/07/2023;-19,3713269;-54,9861396;37,500;
MS;BR-419;149,000;150,000;1,000;26/07/2023;-19,3713269;-54,9861396;25,000;
MS;BR-419;150,000;151,000;1,000;26/07/2023;-19,3713269;-54,9861396;25,000;
MS;BR-419;151,000;152,000;1,000;26/07/2023;-19,3713269;-54,9861396;25,000;
MS;BR-419;152,000;153,000;1,000;26/07/2023;-19,3713269;-54,9861396;25,000;
MS;BR-419;153,000;154,000;1,000;26/07/2023;-19,3713269;-54,9861396;25,000;
MS;BR-419;154,000;155,000;1,000;26/07/2023;-19,3713269;-54,9861396;25,000;
MS;BR-419;155,000;156,000;1,000;26/07/2023;-19,3713269;-54,9861396;25,000;
MS;BR-419;156,000;157,000;1,000;26/07/2023;-19,3713269;-54,9861396;25,000;
MS;BR-419;157,000;158,000;1,000;26/07/2023;-19,3713269;-54,9861396;25,000;
MS;BR-419;158,000;159,000;1,000;26/07/2023;-19,3713269;-54,9861396;25,000;
MS;BR-419;159,000;160,000;1,000;26/07/2023;-19,3713269;-54,9861396;25,000;
MS;BR-419;160,000;161,000;1,000;26/07/2023;-19,3713269;-54,9861396;25,000;
MS;BR-419;161,000;162,000;1,000;26/07/2023;-19,3713269;-54,9861396;25,000;
MS;BR-419;162,000;163,000;1,000;26/07/2023;-19,3713269;-54,9861396;25,000;
MS;BR-419;163,000;164,000;1,000;26/07/2023;-19,3713269;-54,9861396;25,000;
MS;BR-419;164,000;165,000;1,000;26/07/2023;-19,3713269;-54,9861396;25,000;
MS;BR-419;165,000;166,000;1,000;26/07/2023;-19,3713269;-54,9861396;25,000;
MS;BR-419;166,000;167,000;1,000;26/07/2023;-19,3713269;-54,9861396;25,000;
MS;BR-419;167,000;168,000;1,000;26/07/2023;-19,3713269;-54,9861396;25,000;
MS;BR-419;168,000;169,000;1,000;26/07/2023;-19,3713269;-54,9861396;25,000;
MS;BR-419;169,000;170,000;1,000;26/07/2023;-19,3713269;-54,9861396;25,000;
MS;BR-419;170,000;171,000;1,000;26/07/2023;-19,3713269;-54,9861396;25,000;
MS;BR-419;171,000;172,000;1,000;26/07/2023;-19,3713269;-54,9861396;32,500;
MS;BR-419;172,000;173,000;1,000;26/07/2023;-19,3713269;-54,9861396;25,000;
MS;BR-419;173,000;174,000;1,000;26/07/2023;-19,3713269;-54,9861396;25,000;
MS;BR-419;174,000;175,000;1,000;26/07/2023;-19,3713269;-54,9861396;25,000;
MS;BR-419;175,000;176,000;1,000;26/07/2023;-19,3713269;-54,9861396;25,000;
MS;BR-419;176,000;177,000;1,000;26/07/2023;-19,3713269;-54,9861396;25,000;
MS;BR-419;177,000;178,000;1,000;26/07/2023;-19,3713269;-54,9861396;25,000;
MS;BR-419;178,000;179,000;1,000;26/07/2023;-19,3713269;-54,9861396;25,000;
MS;BR-419;179,000;180,000;1,000;26/07/2023;-19,3713269;-54,9861396;25,000;
MS;BR-419;180,000;181,000;1,000;26/07/2023;-19,3713269;-54,9861396;25,000;
MS;BR-419;181,000;182,000;1,000;26/07/2023;-19,3713269;-54,9861396;25,000;
MS;BR-419;182,000;183,000;1,000;26/07/2023;-19,3713269;-54,9861396;25,000;
MS;BR-419;183,000;184,000;1,000;26/07/2023;-19,3713269;-54,9861396;25,000;
MS;BR-419;184,000;185,000;1,000;26/07/2023;-19,3713269;-54,9861396;25,000;
MS;BR-419;185,000;186,000;1,000;26/07/2023;-19,3713269;-54,9861396;25,000;
MS;BR-419;186,000;187,000;1,000;26/07/2023;-19,3713269;-54,9861396;25,000;
MS;BR-419;187,000;188,000;1,000;26/07/2023;-19,3713269;-54,9861396;25,000;
MS;BR-419;188,000;189,000;1,000;26/07/2023;-19,3713269;-54,9861396;25,000;
MS;BR-419;189,000;190,000;1,000;26/07/2023;-19,3713269;-54,9861396;25,000;
MS;BR-419;190,000;191,000;1,000;26/07/2023;-19,3713269;-54,9861396;25,000;
MS;BR-419;191,000;192,000;1,000;26/07/2023;-19,3713269;-54,9861396;32,500;
MS;BR-419;192,000;193,000;1,000;26/07/2023;-19,3713269;-54,9861396;25,000;
MS;BR-419;193,000;194,000;1,000;26/07/2023;-19,3713269;-54,9861396;25,000;
MS;BR-419;194,000;195,000;1,000;26/07/2023;-19,3713269;-54,9861396;25,000;
MS;BR-419;195,000;196,000;1,000;26/07/2023;-19,3713269;-54,9861396;25,000;
MS;BR-419;196,000;197,000;1,000;26/07/2023;-19,3713269;-54,9861396;25,000;
MS;BR-419;197,000;198,000;1,000;26/07/2023;-19,3713269;-54,9861396;25,000;
MS;BR-419;198,000;199,000;1,000;26/07/2023;-19,3713269;-54,9861396;25,000;
MG;BR-367;64,300;64,000;0,300;26/07/2023;-16,1928782;-40,692039;55,000;
MG;BR-367;64,000;63,000;1,000;26/07/2023;-16,1928782;-40,692039;55,000;
MG;BR-367;63,000;62,000;1,000;26/07/2023;-16,1928782;-40,692039;55,000;
MG;BR-367;62,000;61,000;1,000;26/07/2023;-16,1928782;-40,692039;55,000;
MG;BR-367;61,000;60,000;1,000;26/07/2023;-16,1253381;-40,35899;55,000;
MG;BR-367;60,000;59,000;1,000;26/07/2023;-16,1253381;-40,35899;71,250;
MG;BR-367;59,000;58,000;1,000;26/07/2023;-16,1253381;-40,35899;71,250;
MG;BR-367;58,000;57,000;1,000;26/07/2023;-16,1253381;-40,35899;71,250;
MG;BR-367;57,000;56,000;1,000;26/07/2023;-16,1253381;-40,35899;77,500;
MG;BR-367;56,000;55,000;1,000;26/07/2023;-16,1253381;-40,35899;55,000;
MG;BR-367;55,000;54,000;1,000;26/07/2023;-16,1253381;-40,35899;90,000;
MG;BR-367;54,000;53,000;1,000;26/07/2023;-16,1253381;-40,35899;77,500;
MG;BR-367;53,000;52,000;1,000;26/07/2023;-16,1253381;-40,35899;22,500;
MG;BR-367;52,000;51,600;0,400;26/07/2023;-16,1253381;-40,35899;22,500;
MG;BR-367;51,600;51,000;0,600;26/07/2023;-16,1253381;-40,35899;87,500;
MG;BR-367;51,000;50,000;1,000;26/07/2023;-16,1253381;-40,35899;87,500;
MG;BR-367;50,000;49,000;1,000;26/07/2023;-16,1253381;-40,35899;90,000;
MG;BR-367;49,000;48,000;1,000;26/07/2023;-16,1253381;-40,35899;90,000;
MG;BR-367;48,000;47,000;1,000;26/07/2023;-16,1253381;-40,35899;93,750;
MG;BR-367;47,000;46,000;1,000;26/07/2023;-16,1253381;-40,35899;75,000;
MG;BR-367;46,000;45,000;1,000;26/07/2023;-16,1253381;-40,35899;73,750;
MG;BR-367;45,000;44,000;1,000;26/07/2023;-16,1253381;-40,35899;90,000;
MG;BR-367;44,000;43,000;1,000;26/07/2023;-16,1253381;-40,35899;91,250;
MG;BR-367;43,000;42,000;1,000;26/07/2023;-16,1253381;-40,35899;78,750;
MG;BR-367;42,000;41,000;1,000;26/07/2023;-16,1253381;-40,35899;91,250;
MG;BR-367;41,000;40,000;1,000;26/07/2023;-16,1512647;-40,2168664;83,750;
MG;BR-367;40,000;39,000;1,000;26/07/2023;-16,1512647;-40,2168664;83,750;
MG;BR-367;39,000;38,000;1,000;26/07/2023;-16,1512647;-40,2168664;76,250;
MG;BR-367;38,000;37,000;1,000;26/07/2023;-16,1512647;-40,2168664;75,000;
MG;BR-367;37,000;36,000;1,000;26/07/2023;-16,1512647;-40,2168664;76,250;
MG;BR-367;36,000;35,000;1,000;26/07/2023;-16,1512647;-40,2168664;78,750;
MG;BR-367;35,000;34,000;1,000;26/07/2023;-16,1512647;-40,2168664;87,500;
MG;BR-367;34,000;33,000;1,000;26/07/2023;-16,1512647;-40,2168664;83,750;
MG;BR-367;33,000;32,000;1,000;26/07/2023;-16,1512647;-40,2168664;80,000;
MG;BR-367;32,000;31,000;1,000;26/07/2023;-16,1512647;-40,2168664;83,750;
MG;BR-367;31,000;30,000;1,000;26/07/2023;-16,1512647;-40,2168664;83,750;
MG;BR-367;30,000;29,000;1,000;26/07/2023;-16,1512647;-40,2168664;78,750;
MG;BR-367;29,000;28,000;1,000;26/07/2023;-16,1512647;-40,2168664;93,750;
MG;BR-367;28,000;27,000;1,000;26/07/2023;-16,1512647;-40,2168664;72,500;
MG;BR-367;27,000;26,000;1,000;26/07/2023;-16,1512647;-40,2168664;72,500;
MG;BR-367;26,000;25,000;1,000;26/07/2023;-16,1512647;-40,2168664;72,500;
MG;BR-367;25,000;24,000;1,000;26/07/2023;-16,1512647;-40,2168664;72,500;
MG;BR-367;24,000;23,000;1,000;26/07/2023;-16,1512647;-40,2168664;66,250;
MG;BR-367;23,000;22,000;1,000;26/07/2023;-16,1512647;-40,2168664;63,750;
MG;BR-367;22,000;21,000;1,000;26/07/2023;-16,1512647;-40,2168664;63,750;
MG;BR-367;21,000;20,000;1,000;26/07/2023;-16,1512647;-40,2168664;63,750;
MG;BR-367;20,000;19,000;1,000;26/07/2023;-16,1006589;-40,0530243;76,250;
MG;BR-367;19,000;18,000;1,000;26/07/2023;-16,1006589;-40,0530243;63,750;
MG;BR-367;18,000;17,000;1,000;26/07/2023;-16,1006589;-40,0530243;76,250;
MG;BR-367;17,000;16,000;1,000;26/07/2023;-16,1006589;-40,0530243;76,250;
MG;BR-367;16,000;15,000;1,000;26/07/2023;-16,1006589;-40,0530243;83,750;
MG;BR-367;15,000;14,000;1,000;26/07/2023;-16,1006589;-40,0530243;83,750;
MG;BR-367;14,000;13,000;1,000;26/07/2023;-16,1006589;-40,0530243;68,750;
MG;BR-367;13,000;12,000;1,000;26/07/2023;-16,1006589;-40,0530243;68,750;
MG;BR-367;12,000;11,000;1,000;26/07/2023;-16,1006589;-40,0530243;68,750;
MG;BR-367;11,000;10,000;1,000;26/07/2023;-16,1006589;-40,0530243;72,500;
MG;BR-367;10,000;9,000;1,000;26/07/2023;-16,1006589;-40,0530243;76,250;
MG;BR-367;9,000;8,000;1,000;26/07/2023;-16,1006589;-40,0530243;76,250;
MG;BR-367;8,000;7,000;1,000;26/07/2023;-16,1006589;-40,0530243;78,750;
MG;BR-367;7,000;6,000;1,000;26/07/2023;-16,1006589;-40,0530243;56,250;
MG;BR-367;6,000;5,000;1,000;26/07/2023;-16,1006589;-40,0530243;65,000;
MG;BR-367;5,000;4,000;1,000;26/07/2023;-16,1006589;-40,0530243;70,000;
MG;BR-367;4,000;3,000;1,000;26/07/2023;-16,1006589;-40,0530243;72,500;
MG;BR-367;3,000;2,000;1,000;26/07/2023;-16,1006589;-40,0530243;83,750;
MG;BR-367;2,000;1,000;1,000;26/07/2023;-16,1006589;-40,0530243;0,000;
MG;BR-367;1,000;0,000;1,000;26/07/2023;-16,1006589;-40,0530243;0,000;
BA;BR-030;588,400;589,000;0,600;26/07/2023;-14,2129862;-41,6364046;75,000;
BA;BR-030;589,000;590,000;1,000;26/07/2023;-14,2129862;-41,6364046;91,250;
BA;BR-030;590,000;591,000;1,000;26/07/2023;-14,2129862;-41,6364046;88,750;
BA;BR-030;591,000;592,000;1,000;26/07/2023;-14,2129862;-41,6364046;91,250;
BA;BR-030;592,000;593,000;1,000;26/07/2023;-14,2129862;-41,6364046;88,750;
BA;BR-030;593,000;594,000;1,000;26/07/2023;-14,2129862;-41,6364046;91,250;
BA;BR-030;594,000;595,000;1,000;26/07/2023;-14,2129862;-41,6364046;91,250;
BA;BR-030;595,000;596,000;1,000;26/07/2023;-14,2129862;-41,6364046;88,750;
BA;BR-030;596,000;597,000;1,000;26/07/2023;-14,2129862;-41,6364046;91,250;
BA;BR-030;597,000;598,000;1,000;26/07/2023;-14,2129862;-41,6364046;83,750;
BA;BR-030;598,000;599,000;1,000;26/07/2023;-14,2129862;-41,6364046;82,500;
BA;BR-030;599,000;600,000;1,000;26/07/2023;-14,2129862;-41,6364046;77,500;
BA;BR-030;600,000;601,000;1,000;26/07/2023;-14,2129862;-41,6364046;91,250;
BA;BR-030;601,000;602,000;1,000;26/07/2023;-14,2129862;-41,6364046;91,250;
BA;BR-030;602,000;603,000;1,000;26/07/2023;-14,2129862;-41,6364046;83,750;
BA;BR-030;603,000;604,000;1,000;26/07/2023;-14,2129862;-41,6364046;75,000;
BA;BR-030;604,000;605,000;1,000;26/07/2023;-14,2129862;-41,6364046;75,000;
BA;BR-030;605,000;606,000;1,000;26/07/2023;-14,2129862;-41,6364046;88,750;
BA;BR-030;606,000;607,000;1,000;26/07/2023;-14,2129862;-41,6364046;76,250;
BA;BR-030;607,000;608,000;1,000;26/07/2023;-14,2129862;-41,6364046;75,000;
BA;BR-030;608,000;609,000;1,000;26/07/2023;-14,2129862;-41,6364046;85,000;
BA;BR-030;609,000;610,000;1,000;26/07/2023;-14,2129862;-41,6364046;91,250;
BA;BR-030;610,000;611,000;1,000;26/07/2023;-14,2129862;-41,6364046;88,750;
BA;BR-030;611,000;612,000;1,000;26/07/2023;-14,2129862;-41,6364046;91,250;
BA;BR-030;612,000;613,000;1,000;26/07/2023;-14,2129862;-41,6364046;91,250;
BA;BR-030;613,000;614,000;1,000;26/07/2023;-14,2129862;-41,6364046;73,750;
BA;BR-030;614,000;615,000;1,000;26/07/2023;-14,2129862;-41,6364046;73,750;
BA;BR-030;615,000;616,000;1,000;26/07/2023;-14,2129862;-41,6364046;73,750;
BA;BR-030;616,000;617,000;1,000;26/07/2023;-14,2129862;-41,6364046;73,750;
BA;BR-030;617,000;618,000;1,000;26/07/2023;-14,2129862;-41,6364046;73,750;
BA;BR-030;618,000;619,000;1,000;26/07/2023;-14,2129862;-41,6364046;73,750;
BA;BR-030;619,000;620,000;1,000;26/07/2023;-14,2129862;-41,6364046;73,750;
BA;BR-030;620,000;621,000;1,000;26/07/2023;-14,2129862;-41,6364046;73,750;
BA;BR-030;621,000;622,000;1,000;26/07/2023;-14,2129862;-41,6364046;76,250;
BA;BR-030;622,000;623,000;1,000;26/07/2023;-14,2129862;-41,6364046;81,250;
BA;BR-030;623,000;624,000;1,000;26/07/2023;-14,2129862;-41,6364046;81,250;
BA;BR-030;624,000;625,000;1,000;26/07/2023;-14,2129862;-41,6364046;73,750;
BA;BR-030;625,000;626,000;1,000;26/07/2023;-14,2129862;-41,6364046;87,500;
BA;BR-030;626,000;627,000;1,000;26/07/2023;-14,2129862;-41,6364046;81,250;
BA;BR-030;627,000;628,000;1,000;26/07/2023;-14,2129862;-41,6364046;80,000;
BA;BR-030;628,000;629,000;1,000;26/07/2023;-14,2129862;-41,6364046;81,250;
BA;BR-030;629,000;630,000;1,000;26/07/2023;-14,2129862;-41,6364046;76,250;
BA;BR-030;630,000;631,000;1,000;26/07/2023;-14,2129862;-41,6364046;73,750;
BA;BR-030;631,000;632,000;1,000;26/07/2023;-14,2129862;-41,6364046;73,750;
BA;BR-030;632,000;633,000;1,000;26/07/2023;-14,2129862;-41,6364046;73,750;
BA;BR-030;633,000;634,000;1,000;26/07/2023;-14,2129862;-41,6364046;73,750;
BA;BR-030;634,000;635,000;1,000;26/07/2023;-14,2129862;-41,6364046;73,750;
BA;BR-030;635,000;636,000;1,000;26/07/2023;-14,2129862;-41,6364046;87,500;
BA;BR-030;636,000;637,000;1,000;26/07/2023;-14,2129862;-41,6364046;80,000;
BA;BR-030;637,000;638,000;1,000;26/07/2023;-14,2129862;-41,6364046;81,250;
BA;BR-030;638,000;639,000;1,000;26/07/2023;-14,2129862;-41,6364046;81,250;
BA;BR-030;639,000;640,000;1,000;26/07/2023;-14,2129862;-41,6364046;87,500;
BA;BR-030;640,000;641,000;1,000;26/07/2023;-14,2129862;-41,6364046;81,250;
BA;BR-030;641,000;642,000;1,000;26/07/2023;-14,2129862;-41,6364046;90,000;
BA;BR-030;642,000;643,000;1,000;26/07/2023;-14,2129862;-41,6364046;81,250;
BA;BR-030;643,000;644,000;1,000;26/07/2023;-14,2129862;-41,6364046;0,000;
BA;BR-030;644,000;645,000;1,000;26/07/2023;-14,2129862;-41,6364046;0,000;
BA;BR-030;645,000;646,000;1,000;26/07/2023;-14,2129862;-41,6364046;0,000;
BA;BR-030;646,000;647,000;1,000;26/07/2023;-14,2129862;-41,6364046;0,000;
BA;BR-030;647,000;648,000;1,000;26/07/2023;-14,2129862;-41,6364046;0,000;
BA;BR-030;648,000;649,000;1,000;26/07/2023;-14,2129862;-41,6364046;0,000;
BA;BR-030;649,000;650,000;1,000;26/07/2023;-14,2129862;-41,6364046;0,000;
BA;BR-030;650,000;651,000;1,000;26/07/2023;-14,2129862;-41,6364046;0,000;
BA;BR-030;651,000;652,000;1,000;26/07/2023;-14,2129862;-41,6364046;0,000;
BA;BR-030;652,000;653,000;1,000;26/07/2023;-14,2129862;-41,6364046;0,000;
BA;BR-030;653,000;654,000;1,000;26/07/2023;-14,2129862;-41,6364046;0,000;
BA;BR-030;654,000;655,000;1,000;26/07/2023;-14,2129862;-41,6364046;0,000;
BA;BR-030;655,000;656,000;1,000;26/07/2023;-14,2129862;-41,6364046;0,000;
BA;BR-030;656,000;657,000;1,000;26/07/2023;-14,2129862;-41,6364046;0,000;
BA;BR-030;657,000;658,000;1,000;26/07/2023;-14,2129862;-41,6364046;0,000;
BA;BR-030;658,000;659,000;1,000;26/07/2023;-14,2129862;-41,6364046;0,000;
BA;BR-030;659,000;660,000;1,000;26/07/2023;-14,2129862;-41,6364046;0,000;
BA;BR-030;660,000;661,000;1,000;26/07/2023;-14,2129862;-41,6364046;0,000;
BA;BR-030;661,000;662,000;1,000;26/07/2023;-14,2129862;-41,6364046;0,000;
BA;BR-030;662,000;663,000;1,000;26/07/2023;-14,2129862;-41,6364046;0,000;
BA;BR-030;663,000;664,000;1,000;26/07/2023;-14,2129862;-41,6364046;0,000;
BA;BR-030;664,000;665,000;1,000;26/07/2023;-14,2129862;-41,6364046;0,000;
BA;BR-030;665,000;666,000;1,000;26/07/2023;-14,2129862;-41,6364046;0,000;
BA;BR-030;666,000;667,000;1,000;26/07/2023;-14,2129862;-41,6364046;0,000;
BA;BR-030;667,000;668,000;1,000;26/07/2023;-14,2129862;-41,6364046;0,000;
BA;BR-030;668,000;669,000;1,000;26/07/2023;-14,2129862;-41,6364046;0,000;
BA;BR-030;669,000;670,000;1,000;26/07/2023;-14,2129862;-41,6364046;0,000;
BA;BR-030;670,000;671,000;1,000;26/07/2023;-14,2129862;-41,6364046;0,000;
BA;BR-030;671,000;672,000;1,000;26/07/2023;-14,2129862;-41,6364046;0,000;
BA;BR-030;672,000;673,000;1,000;26/07/2023;-14,2129862;-41,6364046;0,000;
BA;BR-030;673,000;674,000;1,000;26/07/2023;-14,2129862;-41,6364046;0,000;
BA;BR-030;674,000;675,000;1,000;26/07/2023;-14,2129862;-41,6364046;0,000;
BA;BR-030;675,000;676,000;1,000;26/07/2023;-14,2129862;-41,6364046;0,000;
BA;BR-030;676,000;677,000;1,000;26/07/2023;-14,2129862;-41,6364046;0,000;
BA;BR-030;677,000;678,000;1,000;26/07/2023;-14,2129862;-41,6364046;0,000;
BA;BR-030;678,000;679,000;1,000;26/07/2023;-14,2129862;-41,6364046;0,000;
BA;BR-030;679,000;680,000;1,000;26/07/2023;-14,2129862;-41,6364046;0,000;
BA;BR-030;680,000;681,000;1,000;26/07/2023;-14,2129862;-41,6364046;0,000;
BA;BR-030;681,000;682,000;1,000;26/07/2023;-14,2129862;-41,6364046;0,000;
BA;BR-030;682,000;683,000;1,000;26/07/2023;-14,2129862;-41,6364046;0,000;
BA;BR-030;683,000;684,000;1,000;26/07/2023;-14,2129862;-41,6364046;0,000;
BA;BR-030;684,000;685,000;1,000;26/07/2023;-14,2129862;-41,6364046;82,500;
BA;BR-030;685,000;686,000;1,000;26/07/2023;-14,2129862;-41,6364046;88,750;
BA;BR-030;686,000;687,000;1,000;26/07/2023;-14,2129862;-41,6364046;88,750;
BA;BR-030;687,000;688,000;1,000;26/07/2023;-14,2129862;-41,6364046;82,500;
BA;BR-030;688,000;689,000;1,000;26/07/2023;-14,2129862;-41,6364046;75,000;
BA;BR-030;689,000;690,000;1,000;26/07/2023;-14,2129862;-41,6364046;82,500;
BA;BR-030;690,000;691,000;1,000;26/07/2023;-14,2129862;-41,6364046;75,000;
BA;BR-030;691,000;692,000;1,000;26/07/2023;-14,2129862;-41,6364046;75,000;
BA;BR-030;692,000;693,000;1,000;26/07/2023;-14,2129862;-41,6364046;75,000;
BA;BR-030;693,000;694,000;1,000;26/07/2023;-14,2129862;-41,6364046;81,250;
BA;BR-030;694,000;695,000;1,000;26/07/2023;-14,2129862;-41,6364046;75,000;
BA;BR-030;695,000;696,000;1,000;26/07/2023;-14,2129862;-41,6364046;82,500;
BA;BR-030;696,000;697,000;1,000;26/07/2023;-14,2129862;-41,6364046;77,500;
BA;BR-030;697,000;698,000;1,000;26/07/2023;-14,2129862;-41,6364046;85,000;
BA;BR-030;698,000;699,000;1,000;26/07/2023;-14,2129862;-41,6364046;85,000;
BA;BR-030;699,000;700,000;1,000;26/07/2023;-14,2129862;-41,6364046;85,000;
BA;BR-030;700,000;701,000;1,000;26/07/2023;-14,2129862;-41,6364046;85,000;
BA;BR-030;701,000;702,000;1,000;26/07/2023;-14,2129862;-41,6364046;75,000;
BA;BR-030;702,000;702,400;0,400;26/07/2023;-14,2129862;-41,6364046;75,000;
BA;BR-135;205,800;206,000;0,200;24/07/2023;-12,3564166;-44,9802016;18,750;
BA;BR-135;206,000;207,000;1,000;24/07/2023;-12,3690083;-44,9731983;37,500;
BA;BR-135;207,000;208,000;1,000;24/07/2023;-12,3690083;-44,9731983;37,500;
BA;BR-135;208,000;209,000;1,000;24/07/2023;-12,3690083;-44,9731983;35,000;
BA;BR-135;209,000;210,000;1,000;24/07/2023;-12,3690083;-44,9731983;32,500;
BA;BR-135;210,000;211,000;1,000;24/07/2023;-12,3690083;-44,9731983;55,000;
BA;BR-135;211,000;212,000;1,000;24/07/2023;-12,3690083;-44,9731983;52,500;
BA;BR-135;212,000;213,000;1,000;24/07/2023;-12,3690083;-44,9731983;52,500;
BA;BR-135;213,000;214,000;1,000;24/07/2023;-12,3690083;-44,9731983;63,750;
BA;BR-135;214,000;215,000;1,000;24/07/2023;-12,3690083;-44,9731983;63,750;
BA;BR-135;215,000;216,000;1,000;24/07/2023;-12,3690083;-44,9731983;58,750;
BA;BR-135;216,000;217,000;1,000;24/07/2023;-12,3690083;-44,9731983;45,000;
BA;BR-135;217,000;218,000;1,000;24/07/2023;-12,3690083;-44,9731983;70,000;
BA;BR-135;218,000;219,000;1,000;24/07/2023;-12,3690083;-44,9731983;60,000;
BA;BR-135;219,000;220,000;1,000;24/07/2023;-12,3690083;-44,9731983;36,250;
BA;BR-135;220,000;221,000;1,000;24/07/2023;-12,3690083;-44,9731983;40,000;
BA;BR-135;221,000;222,000;1,000;24/07/2023;-12,3690083;-44,9731983;20,000;
BA;BR-135;222,000;223,000;1,000;24/07/2023;-12,3690083;-44,9731983;25,000;
BA;BR-135;223,000;224,000;1,000;24/07/2023;-12,3690083;-44,9731983;25,000;
BA;BR-135;224,000;225,000;1,000;24/07/2023;-12,3690083;-44,9731983;25,000;
BA;BR-135;225,000;226,000;1,000;24/07/2023;-12,3690083;-44,9731983;32,500;
BA;BR-135;226,000;227,000;1,000;24/07/2023;-12,3690083;-44,9731983;32,500;
BA;BR-135;227,000;228,000;1,000;24/07/2023;-12,3690083;-44,9731983;32,500;
BA;BR-135;306,500;307,000;0,500;24/07/2023;-12,415345;-44,7942383;0,000;
BA;BR-135;307,000;307,100;0,100;24/07/2023;-13,044315;-44,6222666;0,000;
BA;BR-135;319,800;320,000;0,200;24/07/2023;-13,0479983;-44,6238833;62,500;
BA;BR-135;320,000;321,000;1,000;24/07/2023;-13,1542083;-44,6171233;52,500;
BA;BR-135;321,000;321,200;0,200;24/07/2023;-13,1542083;-44,6171233;45,000;
BA;BR-135;323,400;324,000;0,600;24/07/2023;-13,1831508;-44,6188863;63,750;
BA;BR-135;324,000;325,000;1,000;24/07/2023;-13,1853432;-44,6215556;70,000;
BA;BR-135;325,000;325,300;0,300;24/07/2023;-12,3930815;-44,7330139;47,500;
BA;BR-030;724,700;725,000;0,300;27/07/2023;-14,3301916;-40,3259383;22,500;
BA;BR-030;725,000;726,000;1,000;27/07/2023;-14,3301916;-40,3259383;30,000;
BA;BR-030;726,000;727,000;1,000;27/07/2023;-14,3301916;-40,3259383;17,500;
BA;BR-030;727,000;728,000;1,000;27/07/2023;-14,3301916;-40,3259383;37,500;
BA;BR-030;728,000;729,000;1,000;27/07/2023;-14,3301916;-40,3259383;41,250;
BA;BR-030;729,000;730,000;1,000;27/07/2023;-14,3301916;-40,3259383;35,000;
BA;BR-030;730,000;731,000;1,000;27/07/2023;-14,3301916;-40,3259383;7,500;
BA;BR-030;731,000;732,000;1,000;27/07/2023;-14,3301916;-40,3259383;48,750;
BA;BR-030;732,000;733,000;1,000;27/07/2023;-14,3301916;-40,3259383;55,000;
BA;BR-030;733,000;734,000;1,000;27/07/2023;-14,3301916;-40,3259383;52,500;
BA;BR-030;734,000;735,000;1,000;27/07/2023;-14,3301916;-40,3259383;60,000;
BA;BR-030;735,000;736,000;1,000;27/07/2023;-14,3301916;-40,3259383;52,500;
BA;BR-030;736,000;737,000;1,000;27/07/2023;-14,3301916;-40,3259383;53,750;
BA;BR-030;737,000;738,000;1,000;27/07/2023;-14,3301916;-40,3259383;40,000;
BA;BR-030;738,000;739,000;1,000;27/07/2023;-14,3301916;-40,3259383;52,500;
BA;BR-030;739,000;740,000;1,000;27/07/2023;-14,3301916;-40,3259383;5,000;
BA;BR-030;740,000;741,000;1,000;27/07/2023;-14,3301916;-40,3259383;46,250;
BA;BR-030;741,000;742,000;1,000;27/07/2023;-14,3301916;-40,3259383;31,250;
BA;BR-030;742,000;743,000;1,000;27/07/2023;-14,3301916;-40,3259383;25,000;
BA;BR-030;743,000;744,000;1,000;27/07/2023;-14,3301916;-40,3259383;60,000;
BA;BR-030;744,000;745,000;1,000;27/07/2023;-14,3301916;-40,3259383;47,500;
BA;BR-030;745,000;746,000;1,000;27/07/2023;-14,3301916;-40,3259383;27,500;
BA;BR-030;746,000;747,000;1,000;27/07/2023;-14,3301916;-40,3259383;20,000;
BA;BR-030;747,000;748,000;1,000;27/07/2023;-14,3301916;-40,3259383;40,000;
BA;BR-030;748,000;749,000;1,000;27/07/2023;-14,3301916;-40,3259383;52,500;
BA;BR-030;749,000;750,000;1,000;27/07/2023;-14,3301916;-40,3259383;53,750;
BA;BR-030;750,000;751,000;1,000;27/07/2023;-14,3301916;-40,3259383;55,000;
BA;BR-030;751,000;752,000;1,000;27/07/2023;-14,3301916;-40,3259383;40,000;
BA;BR-030;752,000;753,000;1,000;27/07/2023;-14,3301916;-40,3259383;53,750;
BA;BR-030;753,000;754,000;1,000;27/07/2023;-14,3301916;-40,3259383;53,750;
BA;BR-030;754,000;755,000;1,000;27/07/2023;-14,3301916;-40,3259383;46,250;
BA;BR-030;755,000;756,000;1,000;27/07/2023;-14,3301916;-40,3259383;47,500;
BA;BR-030;756,000;757,000;1,000;27/07/2023;-14,3301916;-40,3259383;40,000;
BA;BR-030;757,000;758,000;1,000;27/07/2023;-14,3301916;-40,3259383;60,000;
BA;BR-030;758,000;759,000;1,000;27/07/2023;-14,3301916;-40,3259383;53,750;
BA;BR-030;759,000;760,000;1,000;27/07/2023;-14,3301916;-40,3259383;53,750;
BA;BR-030;760,000;761,000;1,000;27/07/2023;-14,3301916;-40,3259383;53,750;
BA;BR-030;770,240;771,000;0,760;27/07/2023;-14,3301916;-40,3259383;5,000;
BA;BR-030;771,000;772,000;1,000;27/07/2023;-14,3301916;-40,3259383;5,000;
BA;BR-030;772,000;773,000;1,000;27/07/2023;-14,3301916;-40,3259383;5,000;
BA;BR-030;773,000;774,000;1,000;27/07/2023;-14,3301916;-40,3259383;5,000;
BA;BR-030;774,000;775,000;1,000;27/07/2023;-14,3301916;-40,3259383;5,000;
BA;BR-030;775,000;776,000;1,000;27/07/2023;-14,3301916;-40,3259383;5,000;
BA;BR-030;776,000;777,000;1,000;27/07/2023;-14,3301916;-40,3259383;5,000;
BA;BR-030;777,000;778,000;1,000;27/07/2023;-14,3301916;-40,3259383;5,000;
BA;BR-030;778,000;779,000;1,000;27/07/2023;-14,3301916;-40,3259383;5,000;
BA;BR-030;779,000;780,000;1,000;27/07/2023;-14,3301916;-40,3259383;17,500;
BA;BR-030;780,000;781,000;1,000;27/07/2023;-14,3301916;-40,3259383;5,000;
BA;BR-030;781,000;782,000;1,000;27/07/2023;-14,3301916;-40,3259383;5,000;
BA;BR-030;782,000;783,000;1,000;27/07/2023;-14,3301916;-40,3259383;5,000;
BA;BR-030;783,000;784,000;1,000;27/07/2023;-14,3301916;-40,3259383;5,000;
BA;BR-030;784,000;785,000;1,000;27/07/2023;-14,3301916;-40,3259383;5,000;
BA;BR-030;785,000;786,000;1,000;27/07/2023;-14,3301916;-40,3259383;5,000;
BA;BR-030;786,000;787,000;1,000;27/07/2023;-14,3301916;-40,3259383;5,000;
BA;BR-030;787,000;788,000;1,000;27/07/2023;-14,3301916;-40,3259383;15,000;
BA;BR-030;788,000;789,000;1,000;27/07/2023;-14,3301916;-40,3259383;5,000;
BA;BR-030;789,000;790,000;1,000;27/07/2023;-14,3301916;-40,3259383;20,000;
BA;BR-030;790,000;791,000;1,000;27/07/2023;-14,3301916;-40,3259383;5,000;
BA;BR-030;791,000;792,000;1,000;27/07/2023;-14,3301916;-40,3259383;5,000;
BA;BR-030;792,000;793,000;1,000;27/07/2023;-14,3301916;-40,3259383;5,000;
BA;BR-030;793,000;794,000;1,000;27/07/2023;-14,3301916;-40,3259383;5,000;
BA;BR-030;794,000;795,000;1,000;27/07/2023;-14,3301916;-40,3259383;5,000;
BA;BR-030;795,000;796,000;1,000;27/07/2023;-14,3301916;-40,3259383;5,000;
BA;BR-030;796,000;797,000;1,000;27/07/2023;-14,3301916;-40,3259383;5,000;
BA;BR-030;797,000;798,000;1,000;27/07/2023;-14,3301916;-40,3259383;5,000;
BA;BR-030;798,000;799,000;1,000;27/07/2023;-14,3301916;-40,3259383;5,000;
BA;BR-030;799,000;800,000;1,000;27/07/2023;-14,3301916;-40,3259383;5,000;
BA;BR-030;800,000;801,000;1,000;27/07/2023;-14,3301916;-40,3259383;5,000;
BA;BR-030;801,000;802,000;1,000;27/07/2023;-14,3301916;-40,3259383;5,000;
BA;BR-030;802,000;803,000;1,000;27/07/2023;-14,3301916;-40,3259383;5,000;
BA;BR-030;803,000;804,000;1,000;27/07/2023;-14,3301916;-40,3259383;5,000;
BA;BR-030;804,000;805,000;1,000;27/07/2023;-14,3301916;-40,3259383;5,000;
BA;BR-030;805,000;806,000;1,000;27/07/2023;-14,3301916;-40,3259383;5,000;
BA;BR-030;806,000;807,000;1,000;27/07/2023;-14,3301916;-40,3259383;5,000;
BA;BR-030;807,000;808,000;1,000;27/07/2023;-14,3301916;-40,3259383;5,000;
BA;BR-030;808,000;809,000;1,000;27/07/2023;-14,3301916;-40,3259383;40,000;
BA;BR-030;809,000;810,000;1,000;27/07/2023;-14,3301916;-40,3259383;46,250;
BA;BR-030;810,000;811,000;1,000;27/07/2023;-14,3301916;-40,3259383;56,250;
BA;BR-030;811,000;812,000;1,000;27/07/2023;-14,3301916;-40,3259383;46,250;
BA;BR-030;812,000;813,000;1,000;27/07/2023;-14,3301916;-40,3259383;60,000;
BA;BR-030;813,000;814,000;1,000;27/07/2023;-14,3301916;-40,3259383;46,250;
BA;BR-030;814,000;815,000;1,000;27/07/2023;-14,3301916;-40,3259383;60,000;
BA;BR-030;815,000;816,000;1,000;27/07/2023;-14,3301916;-40,3259383;60,000;
BA;BR-030;816,000;817,000;1,000;27/07/2023;-14,3301916;-40,3259383;57,500;
BA;BR-030;817,000;818,000;1,000;27/07/2023;-14,3301916;-40,3259383;57,500;
BA;BR-030;818,000;819,000;1,000;27/07/2023;-14,3301916;-40,3259383;57,500;
BA;BR-030;819,000;820,000;1,000;27/07/2023;-14,3301916;-40,3259383;56,250;
BA;BR-030;820,000;821,000;1,000;27/07/2023;-14,3301916;-40,3259383;47,500;
BA;BR-030;821,000;822,000;1,000;27/07/2023;-14,3301916;-40,3259383;40,000;
BA;BR-030;822,000;823,000;1,000;27/07/2023;-14,3301916;-40,3259383;51,250;
BA;BR-030;823,000;824,000;1,000;27/07/2023;-14,3301916;-40,3259383;61,250;
BA;BR-030;824,000;825,000;1,000;27/07/2023;-14,3301916;-40,3259383;47,500;
BA;BR-030;825,000;826,000;1,000;27/07/2023;-14,3301916;-40,3259383;27,500;
BA;BR-030;826,000;827,000;1,000;27/07/2023;-14,3301916;-40,3259383;32,500;
BA;BR-030;827,000;828,000;1,000;27/07/2023;-14,3301916;-40,3259383;27,500;
BA;BR-030;828,000;829,000;1,000;27/07/2023;-14,3301916;-40,3259383;40,000;
BA;BR-030;829,000;830,000;1,000;27/07/2023;-14,3301916;-40,3259383;32,500;
BA;BR-030;830,000;831,000;1,000;27/07/2023;-14,3301916;-40,3259383;35,000;
BA;BR-030;831,000;832,000;1,000;27/07/2023;-14,3301916;-40,3259383;42,500;
BA;BR-030;832,000;833,000;1,000;27/07/2023;-14,3301916;-40,3259383;47,500;
BA;BR-030;833,000;834,000;1,000;27/07/2023;-14,3301916;-40,3259383;46,250;
BA;BR-030;834,000;835,000;1,000;27/07/2023;-14,3301916;-40,3259383;28,750;
BA;BR-030;835,000;836,000;1,000;27/07/2023;-14,3301916;-40,3259383;40,000;
BA;BR-030;836,000;837,000;1,000;27/07/2023;-14,3301916;-40,3259383;40,000;
BA;BR-030;837,000;838,000;1,000;27/07/2023;-14,3301916;-40,3259383;46,250;
BA;BR-030;838,000;839,000;1,000;27/07/2023;-14,3301916;-40,3259383;0,000;
BA;BR-030;839,000;840,000;1,000;27/07/2023;-14,3141532;-39,322183;0,000;
BA;BR-030;840,000;841,000;1,000;27/07/2023;-14,3141532;-39,322183;0,000;
BA;BR-030;841,000;842,000;1,000;27/07/2023;-14,3170515;-39,3254817;0,000;
BA;BR-030;842,000;843,000;1,000;27/07/2023;-14,316777;-39,3250455;0,000;
BA;BR-030;843,000;844,000;1,000;27/07/2023;-14,3169061;-39,3241478;0,000;
AM;BR-230;516,300;515,000;1,300;24/07/2023;-7,4862927;-63,0118841;7,500;
AM;BR-230;515,000;514,000;1,000;24/07/2023;-7,4862927;-63,0118841;5,000;
AM;BR-230;514,000;513,000;1,000;24/07/2023;-7,4862927;-63,0118841;12,500;
AM;BR-230;513,000;512,000;1,000;24/07/2023;-7,4862927;-63,0118841;5,000;
AM;BR-230;512,000;511,000;1,000;24/07/2023;-7,4862927;-63,0118841;5,000;
AM;BR-230;511,000;510,000;1,000;24/07/2023;-7,4862927;-63,0118841;5,000;
AM;BR-230;510,000;509,000;1,000;24/07/2023;-7,4862927;-63,0118841;5,000;
AM;BR-230;509,000;508,000;1,000;24/07/2023;-7,4862927;-63,0118841;20,000;
AM;BR-230;508,000;507,000;1,000;24/07/2023;-7,4862927;-63,0118841;5,000;
AM;BR-230;507,000;506,000;1,000;24/07/2023;-7,4862927;-63,0118841;5,000;
AM;BR-230;506,000;505,000;1,000;24/07/2023;-7,4862927;-63,0118841;5,000;
AM;BR-230;505,000;504,000;1,000;24/07/2023;-7,4862927;-63,0118841;5,000;
AM;BR-230;504,000;503,000;1,000;24/07/2023;-7,4862927;-63,0118841;20,000;
AM;BR-230;503,000;502,000;1,000;24/07/2023;-7,4862927;-63,0118841;20,000;
AM;BR-230;502,000;501,000;1,000;24/07/2023;-7,4862927;-63,0118841;5,000;
AM;BR-230;501,000;500,000;1,000;24/07/2023;-7,4862927;-63,0118841;5,000;
AM;BR-230;500,000;499,000;1,000;24/07/2023;-7,4862927;-63,0118841;5,000;
AM;BR-230;499,000;498,000;1,000;24/07/2023;-7,4862927;-63,0118841;23,750;
AM;BR-230;498,000;497,000;1,000;24/07/2023;-7,4862927;-63,0118841;5,000;
AM;BR-230;497,000;496,000;1,000;24/07/2023;-7,4862927;-63,0118841;5,000;
AM;BR-230;496,000;495,000;1,000;24/07/2023;-7,4862927;-63,0118841;5,000;
AM;BR-230;495,000;494,000;1,000;24/07/2023;-7,4862927;-63,0118841;5,000;
AM;BR-230;494,000;493,000;1,000;24/07/2023;-7,4862927;-63,0118841;5,000;
AM;BR-230;493,000;492,000;1,000;24/07/2023;-7,4862927;-63,0118841;5,000;
AM;BR-230;492,000;491,000;1,000;24/07/2023;-7,4862927;-63,0118841;20,000;
AM;BR-230;491,000;490,000;1,000;24/07/2023;-7,4862927;-63,0118841;5,000;
AM;BR-230;490,000;489,000;1,000;24/07/2023;-7,4862927;-63,0118841;5,000;
AM;BR-230;489,000;488,000;1,000;24/07/2023;-7,4862927;-63,0118841;27,500;
AM;BR-230;488,000;487,000;1,000;24/07/2023;-7,4862927;-63,0118841;5,000;
AM;BR-230;487,000;486,000;1,000;24/07/2023;-7,4862927;-63,0118841;5,000;
AM;BR-230;486,000;485,000;1,000;24/07/2023;-7,4862927;-63,0118841;20,000;
AM;BR-230;485,000;484,000;1,000;24/07/2023;-7,4862927;-63,0118841;5,000;
AM;BR-230;484,000;483,000;1,000;24/07/2023;-7,4862927;-63,0118841;5,000;
AM;BR-230;483,000;482,000;1,000;24/07/2023;-7,4862927;-63,0118841;12,500;
AM;BR-230;482,000;481,000;1,000;24/07/2023;-7,4862927;-63,0118841;5,000;
AM;BR-230;481,000;480,000;1,000;24/07/2023;-7,4862927;-63,0118841;12,500;
AM;BR-230;480,000;479,000;1,000;24/07/2023;-7,4862927;-63,0118841;5,000;
AM;BR-230;479,000;478,000;1,000;24/07/2023;-7,4862927;-63,0118841;5,000;
AM;BR-230;478,000;477,000;1,000;24/07/2023;-7,4862927;-63,0118841;5,000;
AM;BR-230;477,000;476,000;1,000;24/07/2023;-7,4862927;-63,0118841;5,000;
AM;BR-230;476,000;475,000;1,000;24/07/2023;-7,4862927;-63,0118841;5,000;
AM;BR-230;475,000;474,000;1,000;24/07/2023;-7,4862927;-63,0118841;5,000;
AM;BR-230;474,000;473,000;1,000;24/07/2023;-7,4862927;-63,0118841;12,500;
AM;BR-230;473,000;472,000;1,000;24/07/2023;-7,4862927;-63,0118841;5,000;
AM;BR-230;472,000;471,000;1,000;24/07/2023;-7,4862927;-63,0118841;12,500;
AM;BR-230;471,000;470,000;1,000;24/07/2023;-7,4862927;-63,0118841;5,000;
AM;BR-230;470,000;469,000;1,000;24/07/2023;-7,4862927;-63,0118841;5,000;
AM;BR-230;469,000;468,000;1,000;24/07/2023;-7,4862927;-63,0118841;5,000;
AM;BR-230;468,000;467,000;1,000;24/07/2023;-7,4862927;-63,0118841;5,000;
AM;BR-230;467,000;466,000;1,000;24/07/2023;-7,4862927;-63,0118841;5,000;
AM;BR-230;466,000;465,000;1,000;24/07/2023;-7,4862927;-63,0118841;5,000;
AM;BR-230;465,000;464,000;1,000;24/07/2023;-7,4862927;-63,0118841;12,500;
AM;BR-230;464,000;463,000;1,000;24/07/2023;-7,4862927;-63,0118841;5,000;
AM;BR-230;463,000;462,000;1,000;24/07/2023;-7,4862927;-63,0118841;56,250;
AM;BR-230;462,000;461,000;1,000;24/07/2023;-7,4862927;-63,0118841;67,500;
AM;BR-230;461,000;460,000;1,000;24/07/2023;-7,4862927;-63,0118841;71,250;
AM;BR-230;460,000;459,000;1,000;24/07/2023;-7,4862927;-63,0118841;86,250;
AM;BR-230;459,000;458,000;1,000;24/07/2023;-7,4862927;-63,0118841;86,250;
AM;BR-230;458,000;457,000;1,000;24/07/2023;-7,4862927;-63,0118841;90,000;
AM;BR-230;457,000;456,000;1,000;24/07/2023;-7,4862927;-63,0118841;71,250;
AM;BR-230;456,000;455,000;1,000;24/07/2023;-7,4862927;-63,0118841;78,750;
AM;BR-230;455,000;454,000;1,000;24/07/2023;-7,4862927;-63,0118841;78,750;
AM;BR-230;454,000;453,000;1,000;24/07/2023;-7,4862927;-63,0118841;82,500;
AM;BR-230;453,000;452,000;1,000;24/07/2023;-7,4862927;-63,0118841;78,750;
AM;BR-230;452,000;451,000;1,000;24/07/2023;-7,4862927;-63,0118841;78,750;
AM;BR-230;451,000;450,000;1,000;24/07/2023;-7,4862927;-63,0118841;78,750;
AM;BR-230;450,000;449,000;1,000;24/07/2023;-7,4862927;-63,0118841;86,250;
AM;BR-230;449,000;448,000;1,000;24/07/2023;-7,4862927;-63,0118841;75,000;
AM;BR-230;448,000;447,000;1,000;24/07/2023;-7,4862927;-63,0118841;86,250;
AM;BR-230;447,000;446,000;1,000;24/07/2023;-7,4862927;-63,0118841;71,250;
AM;BR-230;446,000;445,000;1,000;24/07/2023;-7,4862927;-63,0118841;82,500;
AM;BR-230;445,000;444,000;1,000;24/07/2023;-7,4862927;-63,0118841;82,500;
AM;BR-230;444,000;443,000;1,000;24/07/2023;-7,4862927;-63,0118841;71,250;
AM;BR-230;443,000;442,000;1,000;24/07/2023;-7,4862927;-63,0118841;82,500;
AM;BR-230;442,000;441,000;1,000;24/07/2023;-7,4862927;-63,0118841;75,000;
AM;BR-230;441,000;440,000;1,000;24/07/2023;-7,4862927;-63,0118841;86,250;
AM;BR-230;440,000;439,000;1,000;24/07/2023;-7,97026413;-61,6699341;86,250;
AM;BR-230;439,000;438,000;1,000;24/07/2023;-7,97026413;-61,6699341;82,500;
AM;BR-230;438,000;437,000;1,000;24/07/2023;-7,97026413;-61,6699341;78,750;
AM;BR-230;437,000;436,000;1,000;24/07/2023;-7,97026413;-61,6699341;90,000;
AM;BR-230;436,000;435,000;1,000;24/07/2023;-7,97026413;-61,6699341;78,750;
AM;BR-230;435,000;434,000;1,000;24/07/2023;-7,97026413;-61,6699341;78,750;
AM;BR-230;434,000;433,000;1,000;24/07/2023;-7,97026413;-61,6699341;78,750;
AM;BR-230;433,000;432,000;1,000;24/07/2023;-7,97026413;-61,6699341;78,750;
AM;BR-230;432,000;431,000;1,000;24/07/2023;-7,97026413;-61,6699341;78,750;
AM;BR-230;431,000;430,000;1,000;24/07/2023;-7,97026413;-61,6699341;86,250;
AM;BR-230;430,000;429,000;1,000;24/07/2023;-7,97026413;-61,6699341;75,000;
AM;BR-230;429,000;428,000;1,000;24/07/2023;-7,97026413;-61,6699341;78,750;
AM;BR-230;428,000;427,000;1,000;24/07/2023;-7,97026413;-61,6699341;86,250;
AM;BR-230;427,000;426,000;1,000;24/07/2023;-7,92896651;-61,5677642;96,250;
AM;BR-230;426,000;425,000;1,000;24/07/2023;-7,92896651;-61,5677642;96,250;
AM;BR-230;425,000;424,000;1,000;24/07/2023;-7,92896651;-61,5677642;96,250;
AM;BR-230;424,000;423,000;1,000;24/07/2023;-7,92896651;-61,5677642;92,500;
AM;BR-230;423,000;422,000;1,000;24/07/2023;-7,92896651;-61,5677642;82,500;
AM;BR-230;422,000;421,000;1,000;24/07/2023;-7,92896651;-61,5677642;78,750;
AM;BR-230;421,000;420,000;1,000;24/07/2023;-7,92896651;-61,5677642;82,500;
AM;BR-230;420,000;419,000;1,000;24/07/2023;-7,92896651;-61,5677642;86,250;
AM;BR-230;419,000;418,000;1,000;24/07/2023;-7,92896651;-61,5677642;78,750;
AM;BR-230;418,000;417,000;1,000;24/07/2023;-7,92896651;-61,5677642;71,250;
AM;BR-230;417,000;416,000;1,000;24/07/2023;-7,92896651;-61,5677642;71,250;
AM;BR-230;416,000;415,000;1,000;24/07/2023;-7,92896651;-61,5677642;81,250;
AM;BR-230;415,000;414,000;1,000;24/07/2023;-7,92896651;-61,5677642;75,000;
AM;BR-230;414,000;413,000;1,000;24/07/2023;-7,92896651;-61,5677642;86,250;
AM;BR-230;413,000;412,000;1,000;24/07/2023;-7,92896651;-61,5677642;78,750;
AM;BR-230;412,000;411,000;1,000;24/07/2023;-7,92896651;-61,5677642;71,250;
AM;BR-230;411,000;410,000;1,000;24/07/2023;-7,92896651;-61,5677642;82,500;
AM;BR-230;410,000;409,000;1,000;24/07/2023;-7,92896651;-61,5677642;75,000;
AM;BR-230;409,000;408,000;1,000;24/07/2023;-7,92896651;-61,5677642;78,750;
AM;BR-230;408,000;407,000;1,000;24/07/2023;-7,92896651;-61,5677642;78,750;
AM;BR-230;407,000;406,000;1,000;24/07/2023;-7,92896651;-61,5677642;75,000;
AM;BR-230;406,000;405,000;1,000;24/07/2023;-7,92896651;-61,5677642;78,750;
AM;BR-230;405,000;404,000;1,000;24/07/2023;-7,92896651;-61,5677642;40,000;
AM;BR-230;404,000;403,000;1,000;24/07/2023;-7,92896651;-61,5677642;51,250;
AM;BR-230;403,000;402,000;1,000;24/07/2023;-7,92896651;-61,5677642;53,750;
AM;BR-230;402,000;401,000;1,000;24/07/2023;-7,92896651;-61,5677642;57,500;
AM;BR-230;401,000;400,600;0,400;24/07/2023;-7,92896651;-61,5677642;75,000;
AM;BR-230;400,600;399,000;1,600;24/07/2023;-7,92896651;-61,5677642;90,000;
AM;BR-230;399,000;398,000;1,000;24/07/2023;-7,92896651;-61,5677642;82,500;
AM;BR-230;398,000;397,000;1,000;24/07/2023;-7,92896651;-61,5677642;90,000;
AM;BR-230;397,000;396,000;1,000;24/07/2023;-7,92896651;-61,5677642;82,500;
AM;BR-230;396,000;395,000;1,000;24/07/2023;-7,92896651;-61,5677642;78,750;
AM;BR-230;395,000;394,000;1,000;24/07/2023;-7,92896651;-61,5677642;78,750;
AM;BR-230;394,000;393,000;1,000;24/07/2023;-7,92896651;-61,5677642;78,750;
AM;BR-230;393,000;392,000;1,000;24/07/2023;-7,92896651;-61,5677642;82,500;
AM;BR-230;392,000;391,000;1,000;24/07/2023;-7,92896651;-61,5677642;90,000;
AM;BR-230;391,000;390,000;1,000;24/07/2023;-7,92896651;-61,5677642;75,000;
AM;BR-230;390,000;389,000;1,000;24/07/2023;-7,92896651;-61,5677642;78,750;
AM;BR-230;389,000;388,000;1,000;24/07/2023;-7,92896651;-61,5677642;71,250;
AM;BR-230;388,000;387,000;1,000;24/07/2023;-7,92896651;-61,5677642;92,500;
AM;BR-230;387,000;386,000;1,000;24/07/2023;-7,92896651;-61,5677642;100,000;
AM;BR-230;386,000;385,000;1,000;24/07/2023;-7,92896651;-61,5677642;75,000;
AM;BR-230;385,000;384,000;1,000;24/07/2023;-7,92896651;-61,5677642;71,250;
AM;BR-230;384,000;383,000;1,000;24/07/2023;-7,92896651;-61,5677642;71,250;
AM;BR-230;383,000;382,000;1,000;24/07/2023;-7,92896651;-61,5677642;71,250;
AM;BR-230;382,000;381,000;1,000;24/07/2023;-7,92896651;-61,5677642;71,250;
AM;BR-230;381,000;380,000;1,000;24/07/2023;-7,92896651;-61,5677642;77,500;
AM;BR-230;380,000;379,000;1,000;24/07/2023;-7,92896651;-61,5677642;20,000;
AM;BR-230;379,000;378,000;1,000;24/07/2023;-7,92896651;-61,5677642;71,250;
AM;BR-230;378,000;377,000;1,000;24/07/2023;-7,92896651;-61,5677642;63,750;
AM;BR-230;377,000;376,000;1,000;24/07/2023;-7,92896651;-61,5677642;63,750;
AM;BR-230;376,000;375,000;1,000;24/07/2023;-7,92896651;-61,5677642;67,500;
AM;BR-230;375,000;374,000;1,000;24/07/2023;-7,92896651;-61,5677642;60,000;
AM;BR-230;374,000;373,000;1,000;24/07/2023;-7,92896651;-61,5677642;67,500;
AM;BR-230;373,000;372,000;1,000;24/07/2023;-7,92896651;-61,5677642;71,250;
AM;BR-230;372,000;371,000;1,000;24/07/2023;-7,92896651;-61,5677642;60,000;
AM;BR-230;371,000;370,000;1,000;24/07/2023;-7,92896651;-61,5677642;75,000;
AM;BR-230;370,000;369,000;1,000;24/07/2023;-7,92896651;-61,5677642;63,750;
AM;BR-230;369,000;368,000;1,000;24/07/2023;-7,92896651;-61,5677642;63,750;
AM;BR-230;368,000;367,000;1,000;24/07/2023;-7,92896651;-61,5677642;60,000;
AM;BR-230;367,000;366,000;1,000;24/07/2023;-7,92896651;-61,5677642;82,500;
AM;BR-230;366,000;365,000;1,000;24/07/2023;-7,92896651;-61,5677642;63,750;
AM;BR-230;365,000;364,000;1,000;24/07/2023;-7,92896651;-61,5677642;56,250;
AM;BR-230;364,000;363,000;1,000;24/07/2023;-7,92896651;-61,5677642;63,750;
AM;BR-230;363,000;362,000;1,000;24/07/2023;-7,92896651;-61,5677642;60,000;
AM;BR-230;362,000;361,000;1,000;24/07/2023;-7,92896651;-61,5677642;67,500;
AM;BR-230;361,000;360,000;1,000;24/07/2023;-7,92896651;-61,5677642;67,500;
AM;BR-230;360,000;359,000;1,000;24/07/2023;-7,92896651;-61,5677642;40,000;
AM;BR-230;359,000;358,000;1,000;24/07/2023;-7,92896651;-61,5677642;60,000;
AM;BR-230;358,000;357,000;1,000;24/07/2023;-7,92896651;-61,5677642;60,000;
AM;BR-230;357,000;356,000;1,000;24/07/2023;-7,92896651;-61,5677642;48,750;
AM;BR-230;356,000;355,000;1,000;24/07/2023;-7,92896651;-61,5677642;78,750;
AM;BR-230;355,000;354,000;1,000;24/07/2023;-7,92896651;-61,5677642;63,750;
AM;BR-230;354,000;353,000;1,000;24/07/2023;-7,92896651;-61,5677642;63,750;
AM;BR-230;353,000;352,000;1,000;24/07/2023;-7,92896651;-61,5677642;71,250;
AM;BR-230;352,000;351,000;1,000;24/07/2023;-7,92896651;-61,5677642;63,750;
AM;BR-230;351,000;350,000;1,000;24/07/2023;-7,92896651;-61,5677642;63,750;
AM;BR-230;350,000;349,000;1,000;24/07/2023;-7,92896651;-61,5677642;63,750;
AM;BR-230;349,000;348,000;1,000;24/07/2023;-7,92896651;-61,5677642;75,000;
AM;BR-230;348,000;347,000;1,000;24/07/2023;-7,92896651;-61,5677642;55,000;
AM;BR-230;347,000;346,000;1,000;24/07/2023;-7,92896651;-61,5677642;42,500;
AM;BR-230;346,000;345,000;1,000;24/07/2023;-7,92896651;-61,5677642;52,500;
AM;BR-230;345,000;344,000;1,000;24/07/2023;-7,92896651;-61,5677642;78,750;
AM;BR-230;344,000;343,000;1,000;24/07/2023;-7,92896651;-61,5677642;60,000;
AM;BR-230;343,000;342,000;1,000;24/07/2023;-7,92896651;-61,5677642;60,000;
AM;BR-230;342,000;341,000;1,000;24/07/2023;-7,92896651;-61,5677642;60,000;
AM;BR-230;341,000;340,000;1,000;24/07/2023;-7,92896651;-61,5677642;75,000;
AM;BR-230;340,000;339,000;1,000;24/07/2023;-7,92896651;-61,5677642;51,250;
AM;BR-230;339,000;338,000;1,000;24/07/2023;-7,92896651;-61,5677642;60,000;
AM;BR-230;338,000;337,000;1,000;24/07/2023;-7,92896651;-61,5677642;32,500;
AM;BR-230;337,000;336,000;1,000;24/07/2023;-7,92896651;-61,5677642;51,250;
AM;BR-230;336,000;335,000;1,000;24/07/2023;-7,92896651;-61,5677642;86,250;
AM;BR-230;335,000;334,000;1,000;24/07/2023;-7,92896651;-61,5677642;47,500;
AM;BR-230;334,000;333,000;1,000;24/07/2023;-7,92896651;-61,5677642;57,500;
AM;BR-230;333,000;332,000;1,000;24/07/2023;-7,92896651;-61,5677642;47,500;
AM;BR-230;332,000;331,000;1,000;24/07/2023;-7,92896651;-61,5677642;46,250;
AM;BR-230;331,000;330,000;1,000;24/07/2023;-7,92896651;-61,5677642;20,000;
AM;BR-230;330,000;329,000;1,000;24/07/2023;-7,92896651;-61,5677642;5,000;
AM;BR-230;329,000;328,000;1,000;24/07/2023;-7,92896651;-61,5677642;45,000;
AM;BR-230;328,000;327,000;1,000;24/07/2023;-7,92896651;-61,5677642;40,000;
AM;BR-230;327,000;326,000;1,000;24/07/2023;-7,92896651;-61,5677642;27,500;
AM;BR-230;326,000;325,000;1,000;24/07/2023;-7,92896651;-61,5677642;5,000;
AM;BR-230;325,000;324,000;1,000;24/07/2023;-7,92896651;-61,5677642;52,500;
AM;BR-230;324,000;323,000;1,000;24/07/2023;-7,92896651;-61,5677642;37,500;
AM;BR-230;323,000;322,000;1,000;24/07/2023;-7,92896651;-61,5677642;5,000;
AM;BR-230;322,000;321,000;1,000;24/07/2023;-7,92896651;-61,5677642;46,250;
AM;BR-230;321,000;320,000;1,000;24/07/2023;-7,92896651;-61,5677642;40,000;
AM;BR-230;320,000;319,000;1,000;24/07/2023;-7,92896651;-61,5677642;40,000;
AM;BR-230;319,000;318,000;1,000;24/07/2023;-7,92896651;-61,5677642;52,500;
AM;BR-230;318,000;317,000;1,000;24/07/2023;-7,92896651;-61,5677642;38,750;
AM;BR-230;317,000;316,000;1,000;24/07/2023;-7,92896651;-61,5677642;5,000;
AM;BR-230;316,000;315,000;1,000;24/07/2023;-7,92896651;-61,5677642;5,000;
AM;BR-230;315,000;314,800;0,200;24/07/2023;-7,92896651;-61,5677642;5,000;
AM;BR-230;314,400;313,000;1,400;24/07/2023;0;0;25,000;
AM;BR-230;313,000;312,000;1,000;24/07/2023;-7,5235668;-60,6696208;52,500;
AM;BR-230;312,000;311,000;1,000;24/07/2023;-7,5235668;-60,6696208;40,000;
AM;BR-230;311,000;310,000;1,000;24/07/2023;-7,5235668;-60,6696208;53,750;
AM;BR-230;310,000;309,000;1,000;24/07/2023;-7,5235668;-60,6696208;67,500;
AM;BR-230;309,000;308,000;1,000;24/07/2023;-7,5235668;-60,6696208;30,000;
AM;BR-230;308,000;307,000;1,000;24/07/2023;-7,5235668;-60,6696208;37,500;
AM;BR-230;307,000;306,000;1,000;24/07/2023;-7,5235668;-60,6696208;48,750;
AM;BR-230;306,000;305,000;1,000;24/07/2023;-7,5235668;-60,6696208;45,000;
AM;BR-230;305,000;304,000;1,000;24/07/2023;-7,5235668;-60,6696208;27,500;
AM;BR-230;304,000;303,000;1,000;24/07/2023;-7,5235668;-60,6696208;60,000;
AM;BR-230;303,000;302,000;1,000;24/07/2023;-7,5235668;-60,6696208;90,000;
AM;BR-230;302,000;301,000;1,000;24/07/2023;-7,5235668;-60,6696208;52,500;
AM;BR-230;301,000;300,000;1,000;24/07/2023;-7,5235668;-60,6696208;46,250;
AM;BR-230;300,000;299,000;1,000;24/07/2023;-7,5235668;-60,6696208;60,000;
AM;BR-230;299,000;298,000;1,000;24/07/2023;-7,5235668;-60,6696208;52,500;
AM;BR-230;298,000;297,000;1,000;24/07/2023;-7,5235668;-60,6696208;82,500;
AM;BR-230;297,000;296,000;1,000;24/07/2023;-7,5235668;-60,6696208;30,000;
AM;BR-230;296,000;295,000;1,000;24/07/2023;-7,5235668;-60,6696208;60,000;
AM;BR-230;295,000;294,000;1,000;24/07/2023;-7,5235668;-60,6696208;52,500;
AM;BR-230;294,000;293,000;1,000;24/07/2023;-7,5235668;-60,6696208;52,500;
AM;BR-230;293,000;292,000;1,000;24/07/2023;-7,5235668;-60,6696208;40,000;
AM;BR-230;292,000;291,000;1,000;24/07/2023;-7,5235668;-60,6696208;52,500;
AM;BR-230;291,000;290,000;1,000;24/07/2023;-7,5235668;-60,6696208;20,000;
AM;BR-230;290,000;289,000;1,000;24/07/2023;-7,5235668;-60,6696208;67,500;
AM;BR-230;289,000;288,000;1,000;24/07/2023;-7,5235668;-60,6696208;32,500;
AM;BR-230;288,000;287,000;1,000;24/07/2023;-7,5235668;-60,6696208;71,250;
AM;BR-230;287,000;286,000;1,000;24/07/2023;-7,5235668;-60,6696208;60,000;
AM;BR-230;286,000;285,000;1,000;24/07/2023;-7,5235668;-60,6696208;63,750;
AM;BR-230;285,000;284,000;1,000;24/07/2023;-7,5235668;-60,6696208;45,000;
AM;BR-230;284,000;283,000;1,000;24/07/2023;-7,5235668;-60,6696208;52,500;
AM;BR-230;283,000;282,000;1,000;24/07/2023;-7,5235668;-60,6696208;52,500;
AM;BR-230;282,000;281,000;1,000;24/07/2023;-7,5235668;-60,6696208;40,000;
AM;BR-230;281,000;280,000;1,000;24/07/2023;-7,5235668;-60,6696208;46,250;
AM;BR-230;280,000;279,000;1,000;24/07/2023;-7,5235668;-60,6696208;60,000;
AM;BR-230;279,000;278,000;1,000;24/07/2023;-7,5235668;-60,6696208;60,000;
AM;BR-230;278,000;277,000;1,000;24/07/2023;-7,5235668;-60,6696208;52,500;
AM;BR-230;277,000;276,000;1,000;24/07/2023;-7,5235668;-60,6696208;12,500;
AM;BR-230;276,000;275,000;1,000;24/07/2023;-7,5235668;-60,6696208;63,750;
AM;BR-230;275,000;274,000;1,000;24/07/2023;-7,5235668;-60,6696208;5,000;
AM;BR-230;274,000;273,000;1,000;24/07/2023;-7,5235668;-60,6696208;27,500;
AM;BR-230;273,000;272,000;1,000;24/07/2023;-7,5235668;-60,6696208;5,000;
AM;BR-230;272,000;271,000;1,000;24/07/2023;-7,5235668;-60,6696208;5,000;
AM;BR-230;271,000;270,000;1,000;24/07/2023;-7,5235668;-60,6696208;67,500;
AM;BR-230;270,000;269,000;1,000;24/07/2023;-7,5235668;-60,6696208;37,500;
AM;BR-230;269,000;268,000;1,000;24/07/2023;-7,5235668;-60,6696208;52,500;
AM;BR-230;268,000;267,000;1,000;24/07/2023;-7,5235668;-60,6696208;12,500;
AM;BR-230;267,000;266,000;1,000;24/07/2023;-7,5235668;-60,6696208;30,000;
AM;BR-230;266,000;265,000;1,000;24/07/2023;-7,5235668;-60,6696208;27,500;
AM;BR-230;265,000;264,000;1,000;24/07/2023;-7,5235668;-60,6696208;45,000;
AM;BR-230;264,000;263,000;1,000;24/07/2023;-7,5235668;-60,6696208;5,000;
AM;BR-230;263,000;262,000;1,000;24/07/2023;-7,5235668;-60,6696208;52,500;
AM;BR-230;262,000;261,000;1,000;24/07/2023;-7,5235668;-60,6696208;30,000;
AM;BR-230;261,000;260,000;1,000;24/07/2023;-7,5235668;-60,6696208;38,750;
AM;BR-230;260,000;259,000;1,000;24/07/2023;-7,5235668;-60,6696208;23,750;
AM;BR-230;259,000;258,000;1,000;24/07/2023;-7,5235668;-60,6696208;20,000;
AM;BR-230;258,000;257,000;1,000;24/07/2023;-7,5235668;-60,6696208;5,000;
AM;BR-230;257,000;256,000;1,000;24/07/2023;-7,5235668;-60,6696208;52,500;
AM;BR-230;256,000;255,000;1,000;24/07/2023;-7,5235668;-60,6696208;30,000;
AM;BR-230;255,000;254,000;1,000;24/07/2023;-7,5235668;-60,6696208;52,500;
AM;BR-230;254,000;253,000;1,000;24/07/2023;-7,5235668;-60,6696208;37,500;
AM;BR-230;253,000;252,000;1,000;24/07/2023;-7,5235668;-60,6696208;45,000;
AM;BR-230;252,000;251,000;1,000;24/07/2023;-7,5235668;-60,6696208;52,500;
AM;BR-230;251,000;250,000;1,000;24/07/2023;-7,5235668;-60,6696208;5,000;
AM;BR-230;250,000;249,000;1,000;24/07/2023;-7,5235668;-60,6696208;5,000;
AM;BR-230;249,000;248,000;1,000;24/07/2023;-7,5235668;-60,6696208;5,000;
AM;BR-230;248,000;247,000;1,000;24/07/2023;-7,5235668;-60,6696208;52,500;
AM;BR-230;247,000;246,000;1,000;24/07/2023;-7,5235668;-60,6696208;5,000;
AM;BR-230;246,000;245,000;1,000;24/07/2023;-7,5235668;-60,6696208;23,750;
AM;BR-230;245,000;244,000;1,000;24/07/2023;-7,5235668;-60,6696208;25,000;
AM;BR-230;244,000;243,000;1,000;24/07/2023;-7,5235668;-60,6696208;5,000;
AM;BR-230;243,000;242,000;1,000;24/07/2023;-7,5235668;-60,6696208;5,000;
AM;BR-230;242,000;241,000;1,000;24/07/2023;-7,5235668;-60,6696208;5,000;
AM;BR-230;241,000;240,000;1,000;24/07/2023;-7,5235668;-60,6696208;27,500;
AM;BR-230;240,000;239,000;1,000;24/07/2023;-7,5235668;-60,6696208;5,000;
AM;BR-230;239,000;238,000;1,000;24/07/2023;-7,5235668;-60,6696208;5,000;
AM;BR-230;238,000;237,000;1,000;24/07/2023;-7,5235668;-60,6696208;5,000;
AM;BR-230;237,000;236,000;1,000;24/07/2023;-7,5235668;-60,6696208;5,000;
AM;BR-230;236,000;235,000;1,000;24/07/2023;-7,5235668;-60,6696208;5,000;
AM;BR-230;235,000;234,000;1,000;24/07/2023;-7,5235668;-60,6696208;12,500;
AM;BR-230;234,000;233,000;1,000;24/07/2023;-7,5235668;-60,6696208;60,000;
AM;BR-230;233,000;232,000;1,000;24/07/2023;-7,5235668;-60,6696208;45,000;
AM;BR-230;232,000;231,000;1,000;24/07/2023;-7,5235668;-60,6696208;46,250;
AM;BR-230;231,000;230,000;1,000;24/07/2023;-7,5235668;-60,6696208;20,000;
AM;BR-230;230,000;229,000;1,000;24/07/2023;-7,5235668;-60,6696208;45,000;
AM;BR-230;229,000;228,000;1,000;24/07/2023;-7,5235668;-60,6696208;67,500;
AM;BR-230;228,000;227,000;1,000;24/07/2023;-7,5235668;-60,6696208;67,500;
AM;BR-230;227,000;226,000;1,000;24/07/2023;-7,5235668;-60,6696208;41,250;
AM;BR-230;226,000;225,000;1,000;24/07/2023;-7,5235668;-60,6696208;67,500;
AM;BR-230;225,000;224,000;1,000;24/07/2023;-7,5235668;-60,6696208;67,500;
AM;BR-230;224,000;223,000;1,000;24/07/2023;-7,2009483;-59,8921381;12,500;
AM;BR-230;223,000;222,000;1,000;24/07/2023;-7,2009483;-59,8921381;63,750;
AM;BR-230;222,000;221,000;1,000;24/07/2023;-7,2009483;-59,8921381;67,500;
AM;BR-230;221,000;220,000;1,000;24/07/2023;-7,2009483;-59,8921381;63,750;
AM;BR-230;220,000;219,000;1,000;24/07/2023;-7,2009483;-59,8921381;45,000;
AM;BR-230;219,000;218,000;1,000;24/07/2023;-7,2009483;-59,8921381;27,500;
AM;BR-230;218,000;217,000;1,000;24/07/2023;-7,2009483;-59,8921381;51,250;
AM;BR-230;217,000;216,000;1,000;24/07/2023;-7,2009483;-59,8921381;20,000;
AM;BR-230;216,000;215,000;1,000;24/07/2023;-7,2009483;-59,8921381;61,250;
AM;BR-230;215,000;214,000;1,000;24/07/2023;-7,2078878;-59,8936171;57,500;
AM;BR-230;214,000;213,200;0,800;24/07/2023;-7,2049446;-59,897761;53,750;
AM;BR-174;195,000;196,000;1,000;26/07/2023;-7,51894338;-60,6542223;3,750;
AM;BR-174;196,000;197,000;1,000;26/07/2023;-7,51894338;-60,6542223;18,750;
AM;BR-174;197,000;198,000;1,000;26/07/2023;-7,51894338;-60,6542223;3,750;
AM;BR-174;198,000;199,000;1,000;26/07/2023;-7,51894338;-60,6542223;3,750;
AM;BR-174;199,000;200,000;1,000;26/07/2023;-7,51894338;-60,6542223;5,000;
AM;BR-174;200,000;201,000;1,000;26/07/2023;-7,51894338;-60,6542223;5,000;
AM;BR-174;201,000;202,000;1,000;26/07/2023;-7,51894338;-60,6542223;5,000;
AM;BR-174;202,000;203,000;1,000;26/07/2023;-7,51894338;-60,6542223;5,000;
AM;BR-174;203,000;204,000;1,000;26/07/2023;-7,51894338;-60,6542223;5,000;
AM;BR-174;204,000;205,000;1,000;26/07/2023;-7,51894338;-60,6542223;37,500;
AM;BR-174;205,000;206,000;1,000;26/07/2023;-7,51894338;-60,6542223;12,500;
AM;BR-174;206,000;207,000;1,000;26/07/2023;-7,51894338;-60,6542223;17,500;
AM;BR-174;207,000;208,000;1,000;26/07/2023;-7,51894338;-60,6542223;5,000;
AM;BR-174;208,000;209,000;1,000;26/07/2023;-7,51894338;-60,6542223;37,500;
AM;BR-174;209,000;210,000;1,000;26/07/2023;-7,51894338;-60,6542223;5,000;
AM;BR-174;210,000;211,000;1,000;26/07/2023;-7,51894338;-60,6542223;52,500;
AM;BR-174;211,000;212,000;1,000;26/07/2023;-7,51894338;-60,6542223;5,000;
AM;BR-174;212,000;213,000;1,000;26/07/2023;-7,51894338;-60,6542223;5,000;
AM;BR-174;213,000;214,000;1,000;26/07/2023;-7,51894338;-60,6542223;12,500;
AM;BR-174;214,000;215,000;1,000;26/07/2023;-7,51894338;-60,6542223;5,000;
AM;BR-174;215,000;216,000;1,000;26/07/2023;-7,51894338;-60,6542223;5,000;
AM;BR-174;216,000;217,000;1,000;26/07/2023;-7,51894338;-60,6542223;5,000;
AM;BR-174;217,000;218,000;1,000;26/07/2023;-7,51894338;-60,6542223;27,500;
AM;BR-174;218,000;219,000;1,000;26/07/2023;-7,51894338;-60,6542223;35,000;
AM;BR-174;219,000;220,000;1,000;26/07/2023;-7,51894338;-60,6542223;3,750;
AM;BR-174;220,000;221,000;1,000;26/07/2023;-7,51894338;-60,6542223;12,500;
AM;BR-174;221,000;222,000;1,000;26/07/2023;-7,51894338;-60,6542223;20,000;
AM;BR-174;222,000;223,000;1,000;26/07/2023;-7,51894338;-60,6542223;5,000;
AM;BR-174;223,000;224,000;1,000;26/07/2023;-7,51894338;-60,6542223;5,000;
AM;BR-174;224,000;225,000;1,000;26/07/2023;-7,51894338;-60,6542223;12,500;
AM;BR-174;225,000;226,000;1,000;26/07/2023;-7,51894338;-60,6542223;5,000;
AM;BR-174;226,000;227,000;1,000;26/07/2023;-7,51894338;-60,6542223;67,500;
AM;BR-230;206,200;205,000;1,200;25/07/2023;-7,1864181;-59,8845578;20,000;
AM;BR-230;205,000;204,000;1,000;25/07/2023;-7,1883706;-59,882753;12,500;
AM;BR-230;204,000;203,000;1,000;25/07/2023;-7,1883706;-59,882753;12,500;
AM;BR-230;203,000;202,000;1,000;25/07/2023;-7,1883706;-59,882753;27,500;
AM;BR-230;202,000;201,000;1,000;25/07/2023;-7,1883706;-59,882753;12,500;
AM;BR-230;201,000;200,000;1,000;25/07/2023;-7,1883706;-59,882753;20,000;
AM;BR-230;200,000;199,000;1,000;25/07/2023;-7,1883706;-59,882753;20,000;
AM;BR-230;199,000;198,000;1,000;25/07/2023;-7,1883706;-59,882753;20,000;
AM;BR-230;198,000;197,000;1,000;25/07/2023;-7,1883706;-59,882753;12,500;
AM;BR-230;197,000;196,000;1,000;25/07/2023;-7,1883706;-59,882753;5,000;
AM;BR-230;196,000;195,000;1,000;25/07/2023;-7,1883706;-59,882753;27,500;
AM;BR-230;195,000;194,000;1,000;25/07/2023;-7,1883706;-59,882753;27,500;
AM;BR-230;194,000;193,000;1,000;25/07/2023;-7,1883706;-59,882753;5,000;
AM;BR-230;193,000;192,000;1,000;25/07/2023;-7,1883706;-59,882753;12,500;
AM;BR-230;192,000;191,000;1,000;25/07/2023;-7,1883706;-59,882753;27,500;
AM;BR-230;191,000;190,000;1,000;25/07/2023;-7,1883706;-59,882753;5,000;
AM;BR-230;190,000;189,000;1,000;25/07/2023;-7,1883706;-59,882753;20,000;
AM;BR-230;189,000;188,000;1,000;25/07/2023;-7,1883706;-59,882753;5,000;
AM;BR-230;188,000;187,000;1,000;25/07/2023;-7,1883706;-59,882753;5,000;
AM;BR-230;187,000;186,000;1,000;25/07/2023;-7,1883706;-59,882753;23,750;
AM;BR-230;186,000;185,000;1,000;25/07/2023;-7,1883706;-59,882753;38,750;
AM;BR-230;185,000;184,000;1,000;25/07/2023;-7,1883706;-59,882753;27,500;
AM;BR-230;184,000;183,000;1,000;25/07/2023;-7,1883706;-59,882753;27,500;
AM;BR-230;183,000;182,000;1,000;25/07/2023;-7,1883706;-59,882753;12,500;
AM;BR-230;182,000;181,000;1,000;25/07/2023;-7,1883706;-59,882753;5,000;
AM;BR-230;181,000;180,000;1,000;25/07/2023;-7,1883706;-59,882753;12,500;
AM;BR-230;180,000;179,000;1,000;25/07/2023;-7,1883706;-59,882753;5,000;
AM;BR-230;179,000;178,000;1,000;25/07/2023;-7,1883706;-59,882753;5,000;
AM;BR-230;178,000;177,000;1,000;25/07/2023;-7,1883706;-59,882753;27,500;
AM;BR-230;177,000;176,000;1,000;25/07/2023;-7,1883706;-59,882753;5,000;
AM;BR-230;176,000;175,000;1,000;25/07/2023;-7,1883706;-59,882753;20,000;
AM;BR-230;175,000;174,000;1,000;25/07/2023;-7,1883706;-59,882753;5,000;
AM;BR-230;174,000;173,000;1,000;25/07/2023;-7,1883706;-59,882753;27,500;
AM;BR-230;173,000;172,000;1,000;25/07/2023;-7,1883706;-59,882753;5,000;
AM;BR-230;172,000;171,000;1,000;25/07/2023;-7,1883706;-59,882753;27,500;
AM;BR-230;171,000;170,000;1,000;25/07/2023;-7,1883706;-59,882753;12,500;
AM;BR-230;170,000;169,000;1,000;25/07/2023;-7,1883706;-59,882753;5,000;
AM;BR-230;169,000;168,000;1,000;25/07/2023;-7,1883706;-59,882753;5,000;
AM;BR-230;168,000;167,000;1,000;25/07/2023;-7,1883706;-59,882753;5,000;
AM;BR-230;167,000;166,000;1,000;25/07/2023;-7,1883706;-59,882753;12,500;
AM;BR-230;166,000;165,000;1,000;25/07/2023;-7,1883706;-59,882753;5,000;
AM;BR-230;165,000;164,000;1,000;25/07/2023;-7,1883706;-59,882753;27,500;
AM;BR-230;164,000;163,000;1,000;25/07/2023;-7,1883706;-59,882753;20,000;
AM;BR-230;163,000;162,000;1,000;25/07/2023;-7,1883706;-59,882753;12,500;
AM;BR-230;162,000;161,000;1,000;25/07/2023;-7,1883706;-59,882753;12,500;
AM;BR-230;161,000;160,000;1,000;25/07/2023;-7,1883706;-59,882753;12,500;
AM;BR-230;160,000;159,000;1,000;25/07/2023;-7,1883706;-59,882753;5,000;
AM;BR-230;159,000;158,000;1,000;25/07/2023;-7,1883706;-59,882753;5,000;
AM;BR-230;158,000;157,000;1,000;25/07/2023;-7,1883706;-59,882753;27,500;
AM;BR-230;157,000;156,000;1,000;25/07/2023;-7,1883706;-59,882753;27,500;
AM;BR-230;156,000;155,000;1,000;25/07/2023;-7,1883706;-59,882753;5,000;
AM;BR-230;155,000;154,000;1,000;25/07/2023;-7,1883706;-59,882753;12,500;
AM;BR-230;154,000;153,000;1,000;25/07/2023;-7,1883706;-59,882753;5,000;
AM;BR-230;153,000;152,000;1,000;25/07/2023;-7,1883706;-59,882753;5,000;
AM;BR-230;152,000;151,000;1,000;25/07/2023;-7,1883706;-59,882753;5,000;
AM;BR-230;151,000;150,000;1,000;25/07/2023;-7,1883706;-59,882753;27,500;
AM;BR-230;150,000;149,000;1,000;25/07/2023;-7,1883706;-59,882753;5,000;
AM;BR-230;149,000;148,000;1,000;25/07/2023;-7,1883706;-59,882753;12,500;
AM;BR-230;148,000;147,000;1,000;25/07/2023;-7,1883706;-59,882753;5,000;
AM;BR-230;147,000;146,000;1,000;25/07/2023;-7,1883706;-59,882753;5,000;
AM;BR-230;146,000;145,000;1,000;25/07/2023;-7,1883706;-59,882753;12,500;
AM;BR-230;145,000;144,000;1,000;25/07/2023;-7,1883706;-59,882753;5,000;
AM;BR-230;144,000;143,000;1,000;25/07/2023;-7,1883706;-59,882753;5,000;
AM;BR-230;143,000;142,000;1,000;25/07/2023;-7,1883706;-59,882753;12,500;
AM;BR-230;142,000;141,000;1,000;25/07/2023;-7,1883706;-59,882753;5,000;
AM;BR-230;141,000;140,000;1,000;25/07/2023;-7,1883706;-59,882753;5,000;
AM;BR-230;140,000;139,000;1,000;25/07/2023;-7,1883706;-59,882753;5,000;
AM;BR-230;139,000;138,000;1,000;25/07/2023;-7,1883706;-59,882753;5,000;
AM;BR-230;138,000;137,000;1,000;25/07/2023;-7,1883706;-59,882753;12,500;
AM;BR-230;137,000;136,000;1,000;25/07/2023;-7,1883706;-59,882753;5,000;
AM;BR-230;136,000;135,000;1,000;25/07/2023;-7,1883706;-59,882753;5,000;
AM;BR-230;135,000;134,000;1,000;25/07/2023;-7,1883706;-59,882753;5,000;
AM;BR-230;134,000;133,000;1,000;25/07/2023;-7,1883706;-59,882753;12,500;
AM;BR-230;133,000;132,000;1,000;25/07/2023;-7,1883706;-59,882753;5,000;
AM;BR-230;132,000;131,000;1,000;25/07/2023;-7,1883706;-59,882753;5,000;
AM;BR-230;131,000;130,000;1,000;25/07/2023;-7,1883706;-59,882753;5,000;
AM;BR-230;130,000;129,000;1,000;25/07/2023;-7,1883706;-59,882753;5,000;
AM;BR-230;129,000;128,000;1,000;25/07/2023;-7,1883706;-59,882753;5,000;
AM;BR-230;128,000;127,000;1,000;25/07/2023;-7,1883706;-59,882753;5,000;
AM;BR-230;127,000;126,000;1,000;25/07/2023;-7,1883706;-59,882753;5,000;
AM;BR-230;126,000;125,000;1,000;25/07/2023;-7,1883706;-59,882753;5,000;
AM;BR-230;125,000;124,000;1,000;25/07/2023;-7,1883706;-59,882753;12,500;
AM;BR-230;124,000;123,000;1,000;25/07/2023;-7,1883706;-59,882753;27,500;
AM;BR-230;123,000;122,000;1,000;25/07/2023;-7,1883706;-59,882753;5,000;
AM;BR-230;122,000;121,000;1,000;25/07/2023;-7,1883706;-59,882753;27,500;
AM;BR-230;121,000;120,000;1,000;25/07/2023;-7,1883706;-59,882753;5,000;
AM;BR-230;120,000;119,000;1,000;25/07/2023;-7,1883706;-59,882753;20,000;
AM;BR-230;119,000;118,000;1,000;25/07/2023;-7,1883706;-59,882753;27,500;
AM;BR-230;118,000;117,000;1,000;25/07/2023;-7,1883706;-59,882753;5,000;
AM;BR-230;117,000;116,000;1,000;25/07/2023;-7,1883706;-59,882753;5,000;
AM;BR-230;116,000;115,000;1,000;25/07/2023;-7,1883706;-59,882753;5,000;
AM;BR-230;115,000;114,000;1,000;25/07/2023;-7,1883706;-59,882753;5,000;
AM;BR-230;114,000;113,000;1,000;25/07/2023;-7,1883706;-59,882753;12,500;
AM;BR-230;113,000;112,000;1,000;25/07/2023;-7,1883706;-59,882753;5,000;
AM;BR-230;112,000;111,000;1,000;25/07/2023;-7,1883706;-59,882753;5,000;
AM;BR-230;111,000;110,000;1,000;25/07/2023;-7,1883706;-59,882753;5,000;
AM;BR-230;110,000;109,000;1,000;25/07/2023;-7,1883706;-59,882753;27,500;
AM;BR-230;109,000;108,000;1,000;25/07/2023;-7,1883706;-59,882753;20,000;
AM;BR-230;108,000;107,000;1,000;25/07/2023;-7,1883706;-59,882753;20,000;
AM;BR-230;107,000;106,000;1,000;25/07/2023;-7,1883706;-59,882753;5,000;
AM;BR-230;106,000;105,000;1,000;25/07/2023;-7,1883706;-59,882753;5,000;
AM;BR-230;105,000;104,000;1,000;25/07/2023;-6,79640958;-59,0463292;5,000;
AM;BR-230;104,000;103,000;1,000;25/07/2023;-6,79640958;-59,0463292;5,000;
AM;BR-230;103,000;102,000;1,000;25/07/2023;-6,79640958;-59,0463292;5,000;
AM;BR-230;102,000;101,000;1,000;25/07/2023;-6,79640958;-59,0463292;20,000;
AM;BR-230;101,000;100,000;1,000;25/07/2023;-6,79640958;-59,0463292;5,000;
AM;BR-230;100,000;99,000;1,000;25/07/2023;-6,79640958;-59,0463292;12,500;
AM;BR-230;99,000;98,000;1,000;25/07/2023;-6,79640958;-59,0463292;5,000;
AM;BR-230;98,000;97,000;1,000;25/07/2023;-6,79640958;-59,0463292;20,000;
AM;BR-230;97,000;96,000;1,000;25/07/2023;-6,79640958;-59,0463292;20,000;
AM;BR-230;96,000;95,000;1,000;25/07/2023;-6,79640958;-59,0463292;5,000;
AM;BR-230;95,000;94,000;1,000;25/07/2023;-6,79640958;-59,0463292;5,000;
AM;BR-230;94,000;93,000;1,000;25/07/2023;-6,79640958;-59,0463292;5,000;
AM;BR-230;93,000;92,000;1,000;25/07/2023;-6,79640958;-59,0463292;5,000;
AM;BR-230;92,000;91,000;1,000;25/07/2023;-6,79640958;-59,0463292;5,000;
AM;BR-230;91,000;90,000;1,000;25/07/2023;-6,79640958;-59,0463292;5,000;
AM;BR-230;90,000;89,000;1,000;25/07/2023;-6,79640958;-59,0463292;5,000;
AM;BR-230;89,000;88,000;1,000;25/07/2023;-6,79640958;-59,0463292;5,000;
AM;BR-230;88,000;87,000;1,000;25/07/2023;-6,79640958;-59,0463292;5,000;
AM;BR-230;87,000;86,000;1,000;25/07/2023;-6,79640958;-59,0463292;12,500;
AM;BR-230;86,000;85,000;1,000;25/07/2023;-6,79640958;-59,0463292;5,000;
AM;BR-230;85,000;84,000;1,000;25/07/2023;-6,79640958;-59,0463292;5,000;
AM;BR-230;84,000;83,000;1,000;25/07/2023;-6,79640958;-59,0463292;5,000;
AM;BR-230;83,000;82,000;1,000;25/07/2023;-6,79640958;-59,0463292;5,000;
AM;BR-230;82,000;81,000;1,000;25/07/2023;-6,79640958;-59,0463292;12,500;
AM;BR-230;81,000;80,000;1,000;25/07/2023;-6,79640958;-59,0463292;5,000;
AM;BR-230;80,000;79,000;1,000;25/07/2023;-6,79640958;-59,0463292;5,000;
AM;BR-230;79,000;78,000;1,000;25/07/2023;-6,79640958;-59,0463292;17,500;
AM;BR-230;78,000;77,000;1,000;25/07/2023;-6,79640958;-59,0463292;5,000;
AM;BR-230;77,000;76,000;1,000;25/07/2023;-6,79640958;-59,0463292;12,500;
AM;BR-230;76,000;75,000;1,000;25/07/2023;-6,79640958;-59,0463292;5,000;
AM;BR-230;75,000;74,000;1,000;25/07/2023;-6,79640958;-59,0463292;5,000;
AM;BR-230;74,000;73,000;1,000;25/07/2023;-6,79640958;-59,0463292;5,000;
AM;BR-230;73,000;72,000;1,000;25/07/2023;-6,79640958;-59,0463292;20,000;
AM;BR-230;72,000;71,000;1,000;25/07/2023;-6,79640958;-59,0463292;5,000;
AM;BR-230;71,000;70,000;1,000;25/07/2023;-6,79640958;-59,0463292;5,000;
AM;BR-230;70,000;69,000;1,000;25/07/2023;-6,79640958;-59,0463292;5,000;
AM;BR-230;69,000;68,000;1,000;25/07/2023;-6,79640958;-59,0463292;5,000;
AM;BR-230;68,000;67,000;1,000;25/07/2023;-6,79640958;-59,0463292;5,000;
AM;BR-230;67,000;66,000;1,000;25/07/2023;-6,79640958;-59,0463292;5,000;
AM;BR-230;66,000;65,000;1,000;25/07/2023;-6,79640958;-59,0463292;5,000;
AM;BR-230;65,000;64,000;1,000;25/07/2023;-6,79640958;-59,0463292;5,000;
AM;BR-230;64,000;63,000;1,000;25/07/2023;-6,79640958;-59,0463292;5,000;
AM;BR-230;63,000;62,000;1,000;25/07/2023;-6,79640958;-59,0463292;5,000;
AM;BR-230;62,000;61,000;1,000;25/07/2023;-6,79640958;-59,0463292;5,000;
AM;BR-230;61,000;60,000;1,000;25/07/2023;-6,79640958;-59,0463292;5,000;
AM;BR-230;60,000;59,000;1,000;25/07/2023;-6,79640958;-59,0463292;5,000;
AM;BR-230;59,000;58,000;1,000;25/07/2023;-6,79640958;-59,0463292;5,000;
AM;BR-230;58,000;57,000;1,000;25/07/2023;-6,79640958;-59,0463292;5,000;
AM;BR-230;57,000;56,000;1,000;25/07/2023;-6,79640958;-59,0463292;5,000;
AM;BR-230;56,000;55,000;1,000;25/07/2023;-6,79640958;-59,0463292;5,000;
AM;BR-230;55,000;54,000;1,000;25/07/2023;-6,79640958;-59,0463292;5,000;
AM;BR-230;54,000;53,000;1,000;25/07/2023;-6,79640958;-59,0463292;20,000;
AM;BR-230;53,000;52,000;1,000;25/07/2023;-6,79640958;-59,0463292;5,000;
AM;BR-230;52,000;51,000;1,000;25/07/2023;-6,79640958;-59,0463292;20,000;
AM;BR-230;51,000;50,000;1,000;25/07/2023;-6,79640958;-59,0463292;5,000;
AM;BR-230;50,000;49,000;1,000;25/07/2023;-6,79640958;-59,0463292;5,000;
AM;BR-230;49,000;48,000;1,000;25/07/2023;-6,79640958;-59,0463292;5,000;
AM;BR-230;48,000;47,000;1,000;25/07/2023;-6,79640958;-59,0463292;5,000;
AM;BR-230;47,000;46,000;1,000;25/07/2023;-6,79640958;-59,0463292;5,000;
AM;BR-230;46,000;45,000;1,000;25/07/2023;-6,79640958;-59,0463292;5,000;
AM;BR-230;45,000;44,000;1,000;25/07/2023;-6,79640958;-59,0463292;5,000;
AM;BR-230;44,000;43,000;1,000;25/07/2023;-6,79640958;-59,0463292;5,000;
AM;BR-230;43,000;42,000;1,000;25/07/2023;-6,79640958;-59,0463292;5,000;
AM;BR-230;42,000;41,000;1,000;25/07/2023;-6,79640958;-59,0463292;5,000;
AM;BR-230;41,000;40,000;1,000;25/07/2023;-6,79640958;-59,0463292;5,000;
AM;BR-230;40,000;39,000;1,000;25/07/2023;-6,79640958;-59,0463292;5,000;
AM;BR-230;39,000;38,000;1,000;25/07/2023;-6,79640958;-59,0463292;5,000;
AM;BR-230;38,000;37,000;1,000;25/07/2023;-6,79640958;-59,0463292;5,000;
AM;BR-230;37,000;36,000;1,000;25/07/2023;-6,79640958;-59,0463292;5,000;
AM;BR-230;36,000;35,000;1,000;25/07/2023;-7,1883706;-59,882753;5,000;
AM;BR-230;35,000;34,000;1,000;25/07/2023;-7,1883706;-59,882753;5,000;
AM;BR-230;34,000;33,000;1,000;25/07/2023;-7,1883706;-59,882753;5,000;
AM;BR-230;33,000;32,000;1,000;25/07/2023;-7,1883706;-59,882753;5,000;
AM;BR-230;32,000;31,000;1,000;25/07/2023;-7,1883706;-59,882753;20,000;
AM;BR-230;31,000;30,000;1,000;25/07/2023;-7,1883706;-59,882753;5,000;
AM;BR-230;30,000;29,000;1,000;25/07/2023;-7,1883706;-59,882753;20,000;
AM;BR-230;29,000;28,000;1,000;25/07/2023;-7,1883706;-59,882753;20,000;
AM;BR-230;28,000;27,000;1,000;25/07/2023;-7,1883706;-59,882753;5,000;
AM;BR-230;27,000;26,000;1,000;25/07/2023;-7,1883706;-59,882753;5,000;
AM;BR-230;26,000;25,000;1,000;25/07/2023;-7,1883706;-59,882753;5,000;
AM;BR-230;25,000;24,000;1,000;25/07/2023;-7,1883706;-59,882753;5,000;
AM;BR-230;24,000;23,000;1,000;25/07/2023;-7,1883706;-59,882753;5,000;
AM;BR-230;23,000;22,000;1,000;25/07/2023;-7,1883706;-59,882753;20,000;
AM;BR-230;22,000;21,000;1,000;25/07/2023;-7,1883706;-59,882753;5,000;
AM;BR-230;21,000;20,000;1,000;25/07/2023;-7,1883706;-59,882753;5,000;
AM;BR-230;20,000;19,000;1,000;25/07/2023;-7,1883706;-59,882753;5,000;
AM;BR-230;19,000;18,000;1,000;25/07/2023;-7,1883706;-59,882753;27,500;
AM;BR-230;18,000;17,000;1,000;25/07/2023;-7,1883706;-59,882753;5,000;
AM;BR-230;17,000;16,000;1,000;25/07/2023;-7,1883706;-59,882753;20,000;
AM;BR-230;16,000;15,000;1,000;25/07/2023;-7,1883706;-59,882753;12,500;
AM;BR-230;15,000;14,000;1,000;25/07/2023;-7,1883706;-59,882753;5,000;
AM;BR-230;14,000;13,000;1,000;25/07/2023;-7,1883706;-59,882753;12,500;
AM;BR-230;13,000;12,000;1,000;25/07/2023;-7,1883706;-59,882753;27,500;
AM;BR-230;12,000;11,000;1,000;25/07/2023;-7,1883706;-59,882753;12,500;
AM;BR-230;11,000;10,000;1,000;25/07/2023;-7,1883706;-59,882753;5,000;
AM;BR-230;10,000;9,000;1,000;25/07/2023;-7,1883706;-59,882753;5,000;
AM;BR-230;9,000;8,000;1,000;25/07/2023;-7,1883706;-59,882753;5,000;
AM;BR-230;8,000;7,000;1,000;25/07/2023;-7,1883706;-59,882753;12,500;
AM;BR-230;7,000;6,000;1,000;25/07/2023;-7,1883706;-59,882753;12,500;
AM;BR-230;6,000;5,000;1,000;25/07/2023;-7,1883706;-59,882753;12,500;
AM;BR-230;5,000;4,000;1,000;25/07/2023;-7,1883706;-59,882753;5,000;
AM;BR-230;4,000;3,000;1,000;25/07/2023;-7,1883706;-59,882753;5,000;
AM;BR-230;3,000;2,000;1,000;25/07/2023;-7,1883706;-59,882753;5,000;
AM;BR-230;2,000;1,000;1,000;25/07/2023;-7,1883706;-59,882753;5,000;
AM;BR-230;1,000;0,000;1,000;25/07/2023;-7,1883706;-59,882753;5,000;
MT;BR-174;776,800;775,000;1,800;25/07/2023;-11,4510211;-58,7870808;0,000;
MT;BR-174;775,000;774,000;1,000;25/07/2023;-11,4545595;-58,7937613;10,000;
MT;BR-174;774,000;773,000;1,000;25/07/2023;-11,4236784;-58,7632969;10,000;
MT;BR-174;773,000;772,000;1,000;25/07/2023;-11,4236784;-58,7632969;10,000;
MT;BR-174;772,000;771,000;1,000;25/07/2023;-11,4236784;-58,7632969;10,000;
MT;BR-174;771,000;770,000;1,000;25/07/2023;-11,4236784;-58,7632969;10,000;
MT;BR-174;770,000;769,000;1,000;25/07/2023;-11,4236784;-58,7632969;25,000;
MT;BR-174;769,000;768,000;1,000;25/07/2023;-11,4236784;-58,7632969;25,000;
MT;BR-174;768,000;767,000;1,000;25/07/2023;-11,4236784;-58,7632969;25,000;
MT;BR-174;767,000;766,000;1,000;25/07/2023;-11,4236784;-58,7632969;26,250;
MT;BR-174;766,000;765,000;1,000;25/07/2023;-11,4236784;-58,7632969;30,000;
MT;BR-174;765,000;764,000;1,000;25/07/2023;-11,4236784;-58,7632969;30,000;
MT;BR-174;764,000;763,000;1,000;25/07/2023;-11,5330383;-58,8499842;30,000;
MT;BR-174;763,000;762,000;1,000;25/07/2023;-11,5330383;-58,8499842;28,750;
MT;BR-174;762,000;761,000;1,000;25/07/2023;-11,5330383;-58,8499842;25,000;
MT;BR-174;761,000;760,000;1,000;25/07/2023;-11,5330383;-58,8499842;30,000;
MT;BR-174;760,000;759,000;1,000;25/07/2023;-11,5330383;-58,8499842;15,000;
MT;BR-174;759,000;758,000;1,000;25/07/2023;-11,5330383;-58,8499842;25,000;
MT;BR-174;758,000;757,000;1,000;25/07/2023;-11,5330383;-58,8499842;30,000;
MT;BR-174;757,000;756,000;1,000;25/07/2023;-11,5330383;-58,8499842;7,500;
MT;BR-174;756,000;755,000;1,000;25/07/2023;-11,5330383;-58,8499842;22,500;
MT;BR-174;755,000;754,000;1,000;25/07/2023;-11,5330383;-58,8499842;7,500;
MT;BR-174;754,000;753,000;1,000;25/07/2023;-11,5624964;-58,9310053;7,500;
MT;BR-174;753,000;752,000;1,000;25/07/2023;-11,5624964;-58,9310053;2,500;
MT;BR-174;752,000;751,000;1,000;25/07/2023;-11,5624964;-58,9310053;7,500;
MT;BR-174;751,000;750,000;1,000;25/07/2023;-11,5624964;-58,9310053;2,500;
MT;BR-174;750,000;749,000;1,000;25/07/2023;-11,5624964;-58,9310053;2,500;
MT;BR-174;749,000;748,000;1,000;25/07/2023;-11,5624964;-58,9310053;2,500;
MT;BR-174;748,000;747,000;1,000;25/07/2023;-11,5624964;-58,9310053;7,500;
MT;BR-174;747,000;746,000;1,000;25/07/2023;-11,5624964;-58,9310053;7,500;
MT;BR-174;746,000;745,000;1,000;25/07/2023;-11,5624964;-58,9310053;2,500;
MT;BR-174;745,000;744,000;1,000;25/07/2023;-11,5624964;-58,9310053;2,500;
MT;BR-174;744,000;743,000;1,000;25/07/2023;-11,5624964;-58,9310053;37,500;
MT;BR-174;743,000;742,000;1,000;25/07/2023;-11,5624964;-58,9310053;37,500;
MT;BR-174;742,000;741,000;1,000;25/07/2023;-11,5624964;-58,9310053;37,500;
MT;BR-174;741,000;740,000;1,000;25/07/2023;-11,5624964;-58,9310053;25,000;
MT;BR-174;740,000;739,000;1,000;25/07/2023;-11,5624964;-58,9310053;37,500;
MT;BR-174;739,000;738,000;1,000;25/07/2023;-11,6060301;-59,0488389;32,500;
MT;BR-174;738,000;737,000;1,000;25/07/2023;-11,6060301;-59,0488389;30,000;
MT;BR-174;737,000;736,000;1,000;25/07/2023;-11,6060301;-59,0488389;25,000;
MT;BR-174;736,000;735,000;1,000;25/07/2023;-11,6060301;-59,0488389;25,000;
MT;BR-174;735,000;734,000;1,000;25/07/2023;-11,6060301;-59,0488389;30,000;
MT;BR-174;734,000;733,000;1,000;25/07/2023;-11,6060301;-59,0488389;30,000;
MT;BR-174;733,000;732,000;1,000;25/07/2023;-11,6060301;-59,0488389;30,000;
MT;BR-174;732,000;731,000;1,000;25/07/2023;-11,6060301;-59,0488389;25,000;
MT;BR-174;731,000;730,000;1,000;25/07/2023;-11,6060301;-59,0488389;25,000;
MT;BR-174;730,000;729,000;1,000;25/07/2023;-11,6060301;-59,0488389;30,000;
MT;BR-174;729,000;728,000;1,000;25/07/2023;-11,6060301;-59,0488389;30,000;
MT;BR-174;728,000;727,000;1,000;25/07/2023;-11,6060301;-59,0488389;30,000;
MT;BR-174;727,000;726,000;1,000;25/07/2023;-11,6060301;-59,0488389;32,500;
MT;BR-174;726,000;725,000;1,000;25/07/2023;-11,6060301;-59,0488389;30,000;
MT;BR-174;725,000;724,000;1,000;25/07/2023;-11,6060301;-59,0488389;25,000;
MT;BR-174;724,000;723,000;1,000;25/07/2023;-11,6060301;-59,0488389;25,000;
MT;BR-174;723,000;722,000;1,000;25/07/2023;-11,6060301;-59,0488389;30,000;
MT;BR-174;722,000;721,000;1,000;25/07/2023;-11,6060301;-59,0488389;30,000;
MT;BR-174;721,000;720,000;1,000;25/07/2023;-11,6060301;-59,0488389;42,500;
MT;BR-174;720,000;719,000;1,000;25/07/2023;-11,6060301;-59,0488389;37,500;
MT;BR-174;719,000;718,000;1,000;25/07/2023;-11,4204255;-58,7559358;37,500;
MT;BR-174;718,000;717,000;1,000;25/07/2023;-11,4204255;-58,7559358;37,500;
MT;BR-174;717,000;716,000;1,000;25/07/2023;-11,4204272;-58,7559396;32,500;
MT;BR-174;716,000;715,000;1,000;25/07/2023;-11,4204272;-58,7559396;37,500;
MT;BR-174;715,000;714,000;1,000;25/07/2023;-11,4204272;-58,7559396;30,000;
MT;BR-174;714,000;713,000;1,000;25/07/2023;-11,4204272;-58,7559396;15,000;
MT;BR-174;713,000;712,000;1,000;25/07/2023;-11,7729634;-59,2688753;22,500;
MT;BR-174;712,000;711,000;1,000;25/07/2023;-11,774183;-59,2690361;30,000;
MT;BR-174;711,000;710,000;1,000;25/07/2023;-11,774183;-59,2690361;30,000;
MT;BR-174;710,000;709,000;1,000;25/07/2023;-11,774183;-59,2690361;10,000;
MT;BR-174;709,000;708,000;1,000;25/07/2023;-11,774183;-59,2690361;15,000;
MT;BR-174;708,000;707,000;1,000;25/07/2023;-11,774183;-59,2690361;22,500;
MT;BR-174;707,000;706,000;1,000;25/07/2023;-11,774183;-59,2690361;30,000;
MT;BR-174;706,000;705,000;1,000;25/07/2023;-11,774183;-59,2690361;15,000;
MT;BR-174;705,000;704,000;1,000;25/07/2023;-11,774183;-59,2690361;41,250;
MT;BR-174;704,000;703,000;1,000;25/07/2023;-11,774183;-59,2690361;41,250;
MT;BR-174;703,000;702,000;1,000;25/07/2023;-11,774183;-59,2690361;37,500;
MT;BR-174;702,000;701,000;1,000;25/07/2023;-11,774183;-59,2690361;41,250;
MT;BR-174;701,000;700,000;1,000;25/07/2023;-11,774183;-59,2690361;30,000;
MT;BR-174;700,000;699,000;1,000;25/07/2023;-11,774183;-59,2690361;30,000;
MT;BR-174;699,000;698,000;1,000;25/07/2023;-11,774183;-59,2690361;42,500;
MT;BR-174;698,000;697,000;1,000;25/07/2023;-11,774183;-59,2690361;30,000;
MT;BR-174;697,000;696,000;1,000;25/07/2023;-11,774183;-59,2690361;22,500;
MT;BR-174;696,000;695,000;1,000;25/07/2023;-11,774183;-59,2690361;30,000;
MT;BR-174;695,000;694,000;1,000;25/07/2023;-11,774183;-59,2690361;37,500;
MT;BR-174;694,000;693,000;1,000;25/07/2023;-11,774183;-59,2690361;45,000;
MT;BR-174;693,000;692,000;1,000;25/07/2023;-11,774183;-59,2690361;43,750;
MT;BR-174;692,000;691,000;1,000;25/07/2023;-11,774183;-59,2690361;43,750;
MT;BR-174;691,000;690,000;1,000;25/07/2023;-11,774183;-59,2690361;37,500;
MT;BR-174;690,000;689,000;1,000;25/07/2023;-11,774183;-59,2690361;37,500;
MT;BR-174;689,000;688,000;1,000;25/07/2023;-11,774183;-59,2690361;45,000;
MT;BR-174;688,000;687,000;1,000;25/07/2023;-11,774183;-59,2690361;41,250;
MT;BR-174;687,000;686,000;1,000;25/07/2023;-11,774183;-59,2690361;37,500;
MT;BR-174;686,000;685,000;1,000;25/07/2023;-11,774183;-59,2690361;57,500;
MT;BR-174;685,000;684,000;1,000;25/07/2023;-11,774183;-59,2690361;43,750;
MT;BR-174;684,000;683,000;1,000;25/07/2023;-11,774183;-59,2690361;42,500;
MT;BR-174;683,000;682,000;1,000;25/07/2023;-11,774183;-59,2690361;37,500;
MT;BR-174;682,000;681,000;1,000;25/07/2023;-11,774183;-59,2690361;37,500;
MT;BR-174;681,000;680,000;1,000;25/07/2023;-11,774183;-59,2690361;48,750;
MT;BR-174;680,000;679,000;1,000;25/07/2023;-11,774183;-59,2690361;37,500;
MT;BR-174;679,000;678,000;1,000;25/07/2023;-11,774183;-59,2690361;30,000;
MT;BR-174;678,000;677,000;1,000;25/07/2023;-11,774183;-59,2690361;41,250;
MT;BR-174;677,000;676,000;1,000;25/07/2023;-11,774183;-59,2690361;57,500;
MT;BR-174;676,000;675,000;1,000;25/07/2023;-11,774183;-59,2690361;30,000;
MT;BR-174;675,000;674,000;1,000;25/07/2023;-11,774183;-59,2690361;43,750;
MT;BR-174;674,000;673,000;1,000;25/07/2023;-11,774183;-59,2690361;37,500;
MT;BR-174;673,000;672,000;1,000;25/07/2023;-11,774183;-59,2690361;57,500;
MT;BR-174;672,000;671,000;1,000;25/07/2023;-11,774183;-59,2690361;57,500;
MT;BR-174;671,000;670,000;1,000;25/07/2023;-11,774183;-59,2690361;37,500;
MT;BR-174;670,000;669,000;1,000;25/07/2023;-11,774183;-59,2690361;57,500;
MT;BR-174;669,000;668,000;1,000;25/07/2023;-11,774183;-59,2690361;41,250;
MT;BR-174;668,000;667,000;1,000;25/07/2023;-11,774183;-59,2690361;45,000;
MT;BR-174;667,000;666,000;1,000;25/07/2023;-11,774183;-59,2690361;37,500;
MT;BR-174;666,000;665,000;1,000;25/07/2023;-11,774183;-59,2690361;45,000;
MT;BR-174;665,000;664,000;1,000;25/07/2023;-11,774183;-59,2690361;56,250;
MT;BR-174;664,000;663,000;1,000;25/07/2023;-11,774183;-59,2690361;45,000;
MT;BR-174;663,000;662,000;1,000;25/07/2023;-11,774183;-59,2690361;57,500;
MT;BR-174;662,000;661,000;1,000;25/07/2023;-11,774183;-59,2690361;56,250;
MT;BR-174;661,000;660,000;1,000;25/07/2023;-11,774183;-59,2690361;48,750;
MT;BR-174;660,000;659,000;1,000;25/07/2023;-11,774183;-59,2690361;50,000;
MT;BR-174;659,000;658,000;1,000;25/07/2023;-11,774183;-59,2690361;48,750;
MT;BR-174;658,000;657,000;1,000;25/07/2023;-11,774183;-59,2690361;45,000;
MT;BR-174;657,000;656,000;1,000;25/07/2023;-11,774183;-59,2690361;37,500;
MT;BR-174;656,000;655,000;1,000;25/07/2023;-11,774183;-59,2690361;41,250;
MT;BR-174;655,000;654,000;1,000;25/07/2023;-11,774183;-59,2690361;57,500;
MT;BR-174;654,000;653,000;1,000;25/07/2023;-11,774183;-59,2690361;67,500;
MT;BR-174;653,000;652,000;1,000;25/07/2023;-11,774183;-59,2690361;56,250;
MT;BR-174;652,000;651,000;1,000;25/07/2023;-11,774183;-59,2690361;45,000;
MT;BR-174;651,000;650,000;1,000;25/07/2023;-11,774183;-59,2690361;41,250;
MT;BR-174;650,000;649,000;1,000;25/07/2023;-11,774183;-59,2690361;48,750;
MT;BR-174;649,000;648,000;1,000;25/07/2023;-11,774183;-59,2690361;50,000;
MT;BR-174;648,000;647,000;1,000;25/07/2023;-11,774183;-59,2690361;45,000;
MT;BR-174;647,000;646,000;1,000;25/07/2023;-11,774183;-59,2690361;56,250;
MT;BR-174;646,000;645,000;1,000;25/07/2023;-11,774183;-59,2690361;37,500;
MT;BR-174;645,000;644,000;1,000;25/07/2023;-11,774183;-59,2690361;42,500;
MT;BR-174;644,000;643,000;1,000;25/07/2023;-11,774183;-59,2690361;37,500;
MT;BR-174;643,000;642,000;1,000;25/07/2023;-11,774183;-59,2690361;75,000;
MT;BR-174;642,000;641,000;1,000;25/07/2023;-11,774183;-59,2690361;78,750;
MT;BR-174;641,000;640,000;1,000;25/07/2023;-11,774183;-59,2690361;68,750;
MT;BR-174;640,000;639,000;1,000;25/07/2023;-11,774183;-59,2690361;37,500;
MT;BR-174;639,000;638,000;1,000;25/07/2023;-11,774183;-59,2690361;52,500;
MT;BR-174;638,000;637,000;1,000;25/07/2023;-11,774183;-59,2690361;65,000;
MT;BR-174;637,000;636,000;1,000;25/07/2023;-11,774183;-59,2690361;68,750;
MT;BR-174;636,000;635,000;1,000;25/07/2023;-11,774183;-59,2690361;75,000;
MT;BR-174;635,000;634,000;1,000;25/07/2023;-11,774183;-59,2690361;73,750;
MT;BR-174;634,000;633,000;1,000;25/07/2023;-11,774183;-59,2690361;81,250;
MT;BR-174;633,000;632,000;1,000;25/07/2023;-11,774183;-59,2690361;77,500;
MT;BR-174;632,000;631,000;1,000;25/07/2023;-11,774183;-59,2690361;73,750;
MT;BR-174;631,000;630,000;1,000;25/07/2023;-11,774183;-59,2690361;77,500;
MT;BR-174;630,000;629,000;1,000;25/07/2023;-11,774183;-59,2690361;71,250;
MT;BR-174;629,000;628,000;1,000;25/07/2023;-11,774183;-59,2690361;85,000;
MT;BR-174;628,000;627,000;1,000;25/07/2023;-11,774183;-59,2690361;76,250;
MT;BR-174;627,000;626,000;1,000;25/07/2023;-11,774183;-59,2690361;50,000;
MT;BR-174;626,000;625,000;1,000;25/07/2023;-11,774183;-59,2690361;65,000;
MT;BR-174;625,000;624,000;1,000;25/07/2023;-11,774183;-59,2690361;61,250;
MT;BR-174;624,000;623,000;1,000;25/07/2023;-11,774183;-59,2690361;7,500;
MT;BR-174;623,000;622,000;1,000;25/07/2023;-11,774183;-59,2690361;7,500;
MT;BR-174;622,000;621,000;1,000;25/07/2023;-11,774183;-59,2690361;7,500;
MT;BR-174;621,000;620,000;1,000;25/07/2023;-11,774183;-59,2690361;7,500;
MT;BR-174;620,000;619,000;1,000;25/07/2023;-12,1873684;-59,7547748;7,500;
MT;BR-174;619,000;618,000;1,000;25/07/2023;-12,1873684;-59,7547748;5,000;
MT;BR-174;618,000;617,000;1,000;25/07/2023;-12,1873684;-59,7547748;5,000;
MT;BR-174;617,000;616,000;1,000;25/07/2023;-12,1873684;-59,7547748;5,000;
MT;BR-174;616,000;615,000;1,000;25/07/2023;-12,1873684;-59,7547748;5,000;
MT;BR-174;615,000;614,000;1,000;25/07/2023;-12,1873684;-59,7547748;7,500;
MT;BR-174;614,000;613,000;1,000;25/07/2023;-12,1873684;-59,7547748;7,500;
MT;BR-174;613,000;612,000;1,000;25/07/2023;-12,1873684;-59,7547748;7,500;
MT;BR-174;612,000;611,000;1,000;25/07/2023;-12,1873684;-59,7547748;7,500;
MT;BR-174;611,000;610,000;1,000;25/07/2023;-12,1873684;-59,7547748;7,500;
MT;BR-174;610,000;609,000;1,000;25/07/2023;-12,1873684;-59,7547748;7,500;
MT;BR-158;201,200;202,000;0,800;27/07/2023;-11,0241005;-51,6459945;78,750;
MT;BR-158;202,000;203,000;1,000;27/07/2023;-11,0241005;-51,6459945;63,750;
MT;BR-158;203,000;204,000;1,000;27/07/2023;-11,0893174;-51,7048154;66,250;
MT;BR-158;204,000;205,000;1,000;27/07/2023;-11,0893174;-51,7048154;67,500;
MT;BR-158;205,000;206,000;1,000;27/07/2023;-11,0893174;-51,7048154;61,250;
MT;BR-158;206,000;207,000;1,000;27/07/2023;-11,0893174;-51,7048154;50,000;
MT;BR-158;207,000;208,000;1,000;27/07/2023;-11,0893174;-51,7048154;53,750;
MT;BR-158;208,000;209,000;1,000;27/07/2023;-11,0893174;-51,7048154;61,250;
MT;BR-158;209,000;210,000;1,000;27/07/2023;-11,0893174;-51,7048154;57,500;
MT;BR-158;210,000;211,000;1,000;27/07/2023;-11,0893174;-51,7048154;71,250;
MT;BR-158;211,000;212,000;1,000;27/07/2023;-11,0893174;-51,7048154;73,750;
MT;BR-158;212,000;213,000;1,000;27/07/2023;-11,0893174;-51,7048154;57,500;
MT;BR-158;213,000;214,000;1,000;27/07/2023;-11,0893174;-51,7048154;85,000;
MT;BR-158;214,000;215,000;1,000;27/07/2023;-11,2373581;-51,6864872;67,500;
MT;BR-158;215,000;216,000;1,000;27/07/2023;-11,2373581;-51,6864872;63,750;
MT;BR-158;216,000;217,000;1,000;27/07/2023;-11,2375551;-51,6865443;71,250;
MT;BR-158;217,000;218,000;1,000;27/07/2023;-11,2375551;-51,6865443;78,750;
MT;BR-158;218,000;219,000;1,000;27/07/2023;-11,2375551;-51,6865443;85,000;
MT;BR-158;219,000;220,000;1,000;27/07/2023;-11,2375551;-51,6865443;77,500;
MT;BR-158;220,000;221,000;1,000;27/07/2023;-11,2375551;-51,6865443;77,500;
MT;BR-158;221,000;222,000;1,000;27/07/2023;-11,2375551;-51,6865443;60,000;
MT;BR-158;222,000;223,000;1,000;27/07/2023;-11,2375551;-51,6865443;71,250;
MT;BR-158;223,000;224,000;1,000;27/07/2023;-11,2375551;-51,6865443;56,250;
MT;BR-158;224,000;225,000;1,000;27/07/2023;-11,2375551;-51,6865443;67,500;
MT;BR-158;225,000;226,000;1,000;27/07/2023;-11,2375551;-51,6865443;78,750;
MT;BR-158;226,000;227,000;1,000;27/07/2023;-11,2375551;-51,6865443;67,500;
MT;BR-158;227,000;228,000;1,000;27/07/2023;-11,2375551;-51,6865443;81,250;
MT;BR-158;228,000;229,000;1,000;27/07/2023;-11,2375551;-51,6865443;73,750;
MT;BR-158;229,000;230,000;1,000;27/07/2023;-11,2375551;-51,6865443;67,500;
MT;BR-158;230,000;231,000;1,000;27/07/2023;-11,2375551;-51,6865443;67,500;
MT;BR-158;231,000;232,000;1,000;27/07/2023;-11,2375551;-51,6865443;67,500;
MT;BR-158;232,000;233,000;1,000;27/07/2023;-11,2375551;-51,6865443;73,750;
MT;BR-158;233,000;234,000;1,000;27/07/2023;-11,2375551;-51,6865443;67,500;
MT;BR-158;234,000;235,000;1,000;27/07/2023;-11,2375551;-51,6865443;77,500;
MT;BR-158;235,000;236,000;1,000;27/07/2023;-11,2375551;-51,6865443;77,500;
MT;BR-158;236,000;237,000;1,000;27/07/2023;-11,2375551;-51,6865443;85,000;
MT;BR-158;237,000;238,000;1,000;27/07/2023;-11,2375551;-51,6865443;73,750;
MT;BR-158;238,000;239,000;1,000;27/07/2023;-11,2375551;-51,6865443;73,750;
MT;BR-158;239,000;240,000;1,000;27/07/2023;-11,2375551;-51,6865443;85,000;
MT;BR-158;240,000;241,000;1,000;27/07/2023;-11,2375551;-51,6865443;85,000;
MT;BR-158;241,000;242,000;1,000;27/07/2023;-11,4748723;-51,682734;75,000;
MT;BR-158;242,000;243,000;1,000;27/07/2023;-11,4747958;-51,6830621;81,250;
MT;BR-158;243,000;244,000;1,000;27/07/2023;-11,4747958;-51,6830621;81,250;
MT;BR-158;244,000;245,000;1,000;27/07/2023;-11,4747958;-51,6830621;73,750;
MT;BR-158;245,000;246,000;1,000;27/07/2023;-11,4747958;-51,6830621;73,750;
MT;BR-158;246,000;247,000;1,000;27/07/2023;-11,4747958;-51,6830621;73,750;
MT;BR-158;247,000;248,000;1,000;27/07/2023;-11,4747958;-51,6830621;73,750;
MT;BR-158;248,000;249,000;1,000;27/07/2023;-11,4747958;-51,6830621;77,500;
MT;BR-158;249,000;250,000;1,000;27/07/2023;-11,4747958;-51,6830621;73,750;
MT;BR-158;250,000;251,000;1,000;27/07/2023;-11,4747958;-51,6830621;50,000;
MT;BR-158;251,000;252,000;1,000;27/07/2023;-11,4747958;-51,6830621;50,000;
MT;BR-158;252,000;253,000;1,000;27/07/2023;-11,4747958;-51,6830621;67,500;
MT;BR-158;253,000;254,000;1,000;27/07/2023;-11,4747958;-51,6830621;81,250;
MT;BR-158;254,000;255,000;1,000;27/07/2023;-11,4747958;-51,6830621;78,750;
MT;BR-158;255,000;256,000;1,000;27/07/2023;-11,4747958;-51,6830621;85,000;
MT;BR-158;256,000;257,000;1,000;27/07/2023;-11,4747958;-51,6830621;85,000;
MT;BR-158;257,000;258,000;1,000;27/07/2023;-11,4747958;-51,6830621;81,250;
MT;BR-158;258,000;259,000;1,000;27/07/2023;-11,4747958;-51,6830621;77,500;
MT;BR-158;259,000;260,000;1,000;27/07/2023;-11,4747958;-51,6830621;85,000;
MT;BR-158;260,000;261,000;1,000;27/07/2023;-11,4747958;-51,6830621;71,250;
MT;BR-158;261,000;262,000;1,000;27/07/2023;-11,4747958;-51,6830621;73,750;
MT;BR-158;262,000;263,000;1,000;27/07/2023;-11,4747958;-51,6830621;85,000;
MT;BR-158;263,000;264,000;1,000;27/07/2023;-11,4747958;-51,6830621;85,000;
MT;BR-158;264,000;265,000;1,000;27/07/2023;-11,4747958;-51,6830621;73,750;
MT;BR-158;265,000;266,000;1,000;27/07/2023;-11,4747958;-51,6830621;77,500;
MT;BR-158;266,000;267,000;1,000;27/07/2023;-11,4747958;-51,6830621;85,000;
MT;BR-158;267,000;268,000;1,000;27/07/2023;-11,4747958;-51,6830621;67,500;
MT;BR-158;268,000;269,000;1,000;27/07/2023;-11,4747958;-51,6830621;53,750;
MT;BR-158;269,000;270,000;1,000;27/07/2023;-11,4747958;-51,6830621;67,500;
MT;BR-158;270,000;271,000;1,000;27/07/2023;-11,4747958;-51,6830621;81,250;
MT;BR-158;271,000;272,000;1,000;27/07/2023;-11,4747958;-51,6830621;73,750;
MT;BR-158;272,000;273,000;1,000;27/07/2023;-11,4747958;-51,6830621;56,250;
MT;BR-158;273,000;274,000;1,000;27/07/2023;-11,4747958;-51,6830621;56,250;
MT;BR-158;274,000;275,000;1,000;27/07/2023;-11,4747958;-51,6830621;61,250;
MT;BR-158;275,000;276,000;1,000;27/07/2023;-11,4747958;-51,6830621;63,750;
MT;BR-158;276,000;277,000;1,000;27/07/2023;-11,4747958;-51,6830621;73,750;
MT;BR-158;277,000;278,000;1,000;27/07/2023;-11,4747958;-51,6830621;57,500;
MT;BR-158;278,000;279,000;1,000;27/07/2023;-11,4747958;-51,6830621;71,250;
MT;BR-158;279,000;280,000;1,000;27/07/2023;-11,4747958;-51,6830621;81,250;
MT;BR-158;280,000;281,000;1,000;27/07/2023;-11,4747958;-51,6830621;75,000;
MT;BR-158;281,000;282,000;1,000;27/07/2023;-11,4747958;-51,6830621;61,250;
MT;BR-158;282,000;283,000;1,000;27/07/2023;-11,4747958;-51,6830621;67,500;
MT;BR-158;283,000;284,000;1,000;27/07/2023;-11,4747958;-51,6830621;67,500;
MT;BR-158;284,000;285,000;1,000;27/07/2023;-11,4747958;-51,6830621;75,000;
MT;BR-158;285,000;286,000;1,000;27/07/2023;-11,4747958;-51,6830621;85,000;
MT;BR-158;286,000;287,000;1,000;27/07/2023;-11,4747958;-51,6830621;85,000;
MT;BR-158;287,000;288,000;1,000;27/07/2023;-11,4747958;-51,6830621;75,000;
MT;BR-158;288,000;289,000;1,000;27/07/2023;-11,4747958;-51,6830621;67,500;
MT;BR-158;289,000;290,000;1,000;27/07/2023;-11,4747958;-51,6830621;75,000;
MT;BR-158;290,000;291,000;1,000;27/07/2023;-11,4747958;-51,6830621;85,000;
MT;BR-158;291,000;292,000;1,000;27/07/2023;-11,4747958;-51,6830621;85,000;
MT;BR-158;292,000;293,000;1,000;27/07/2023;-11,4747958;-51,6830621;85,000;
MT;BR-158;293,000;294,000;1,000;27/07/2023;-11,4747958;-51,6830621;85,000;
MT;BR-158;294,000;295,000;1,000;27/07/2023;-11,4747958;-51,6830621;85,000;
MT;BR-158;295,000;296,000;1,000;27/07/2023;-11,4747958;-51,6830621;75,000;
MT;BR-158;296,000;297,000;1,000;27/07/2023;-11,4747958;-51,6830621;75,000;
MT;BR-158;297,000;298,000;1,000;27/07/2023;-11,4747958;-51,6830621;50,000;
MT;BR-158;298,000;299,000;1,000;27/07/2023;-11,4747958;-51,6830621;61,250;
MT;BR-158;299,000;300,000;1,000;27/07/2023;-11,4747958;-51,6830621;63,750;
MT;BR-158;300,000;301,000;1,000;27/07/2023;-11,4747958;-51,6830621;50,000;
MT;BR-158;301,000;302,000;1,000;27/07/2023;-11,4747958;-51,6830621;67,500;
MT;BR-158;302,000;303,000;1,000;27/07/2023;-11,4747958;-51,6830621;50,000;
MT;BR-158;303,000;304,000;1,000;27/07/2023;-11,4747958;-51,6830621;50,000;
MT;BR-158;304,000;305,000;1,000;27/07/2023;-11,4747958;-51,6830621;50,000;
MT;BR-158;305,000;306,000;1,000;27/07/2023;-11,4747958;-51,6830621;50,000;
MT;BR-158;306,000;307,000;1,000;27/07/2023;-11,4747958;-51,6830621;50,000;
MT;BR-158;307,000;308,000;1,000;27/07/2023;-11,4747958;-51,6830621;61,250;
MT;BR-158;308,000;309,000;1,000;27/07/2023;-11,4747958;-51,6830621;67,500;
MT;BR-158;309,000;310,000;1,000;27/07/2023;-11,4747958;-51,6830621;61,250;
MT;BR-158;310,000;311,000;1,000;27/07/2023;-11,4747958;-51,6830621;61,250;
MT;BR-158;311,000;312,000;1,000;27/07/2023;-11,4747958;-51,6830621;50,000;
MT;BR-158;312,000;313,000;1,000;27/07/2023;-11,4747958;-51,6830621;63,750;
MT;BR-158;313,000;314,000;1,000;27/07/2023;-11,4747958;-51,6830621;60,000;
MT;BR-158;314,000;315,000;1,000;27/07/2023;-11,4747958;-51,6830621;61,250;
MT;BR-158;315,000;316,000;1,000;27/07/2023;-11,4747958;-51,6830621;57,500;
MT;BR-158;316,000;317,000;1,000;27/07/2023;-11,4747958;-51,6830621;57,500;
MT;BR-158;317,000;318,000;1,000;27/07/2023;-11,4747958;-51,6830621;57,500;
MT;BR-158;318,000;319,000;1,000;27/07/2023;-11,4747958;-51,6830621;65,000;
MT;BR-158;319,000;320,000;1,000;27/07/2023;-11,4747958;-51,6830621;57,500;
MT;BR-158;320,000;321,000;1,000;27/07/2023;-11,4747958;-51,6830621;57,500;
MT;BR-158;321,000;322,000;1,000;27/07/2023;-11,4747958;-51,6830621;63,750;
MT;BR-158;322,000;323,000;1,000;27/07/2023;-11,4747958;-51,6830621;65,000;
MT;BR-158;323,000;324,000;1,000;27/07/2023;-11,4747958;-51,6830621;57,500;
MT;BR-158;324,000;325,000;1,000;27/07/2023;-11,4747958;-51,6830621;57,500;
MT;BR-158;325,000;326,000;1,000;27/07/2023;-11,4747958;-51,6830621;77,500;
MT;BR-158;326,000;327,000;1,000;27/07/2023;-11,4747958;-51,6830621;92,500;
MT;BR-158;327,000;328,000;1,000;27/07/2023;-11,4747958;-51,6830621;57,500;
MT;BR-158;328,000;329,000;1,000;27/07/2023;-11,4747958;-51,6830621;57,500;
MT;BR-158;329,000;330,000;1,000;27/07/2023;-11,4747958;-51,6830621;57,500;
MT;BR-158;330,000;331,000;1,000;27/07/2023;-11,4747958;-51,6830621;57,500;
MT;BR-242;0,000;1,000;1,000;28/07/2023;-11,6260381;-50,7055348;5,000;
MT;BR-242;1,000;2,000;1,000;28/07/2023;-11,6260381;-50,7055348;5,000;
MT;BR-242;2,000;3,000;1,000;28/07/2023;-11,6260381;-50,7055348;5,000;
MT;BR-242;3,000;4,000;1,000;28/07/2023;-11,6260381;-50,7055348;5,000;
MT;BR-242;4,000;5,000;1,000;28/07/2023;-11,6260381;-50,7055348;5,000;
MT;BR-242;5,000;6,000;1,000;28/07/2023;-11,6260381;-50,7055348;55,000;
MT;BR-242;6,000;7,000;1,000;28/07/2023;-11,6260381;-50,7055348;56,250;
MT;BR-242;7,000;8,000;1,000;28/07/2023;-11,6260381;-50,7055348;58,750;
MT;BR-242;8,000;9,000;1,000;28/07/2023;-11,6260381;-50,7055348;57,500;
MT;BR-242;9,000;10,000;1,000;28/07/2023;-11,6260381;-50,7055348;47,500;
MT;BR-242;10,000;11,000;1,000;28/07/2023;-11,6325263;-50,7456846;57,500;
MT;BR-242;11,000;12,000;1,000;28/07/2023;-11,6325263;-50,7456846;57,500;
MT;BR-242;12,000;13,000;1,000;28/07/2023;-11,6325263;-50,7456846;57,500;
MT;BR-242;13,000;14,000;1,000;28/07/2023;-11,6325263;-50,7456846;55,000;
MT;BR-242;14,000;15,000;1,000;28/07/2023;-11,6308251;-50,7935471;55,000;
MT;BR-242;15,000;16,000;1,000;28/07/2023;-11,6308251;-50,7935471;52,500;
MT;BR-242;16,000;17,000;1,000;28/07/2023;-11,6308251;-50,7935471;56,250;
MT;BR-242;17,000;18,000;1,000;28/07/2023;-11,6308251;-50,7935471;58,750;
MT;BR-242;18,000;19,000;1,000;28/07/2023;-11,6308251;-50,7935471;61,250;
MT;BR-242;19,000;20,000;1,000;28/07/2023;-11,6308251;-50,7935471;56,250;
MT;BR-242;20,000;21,000;1,000;28/07/2023;-11,6308251;-50,7935471;62,500;
MT;BR-242;21,000;22,000;1,000;28/07/2023;-11,6308251;-50,7935471;58,750;
MT;BR-242;22,000;23,000;1,000;28/07/2023;-11,6308251;-50,7935471;58,750;
MT;BR-242;23,000;24,000;1,000;28/07/2023;-11,6308251;-50,7935471;66,250;
MT;BR-242;24,000;25,000;1,000;28/07/2023;-11,6308251;-50,7935471;66,250;
MT;BR-242;25,000;26,000;1,000;28/07/2023;-11,6308251;-50,7935471;61,250;
MT;BR-242;26,000;27,000;1,000;28/07/2023;-11,6308251;-50,7935471;61,250;
MT;BR-242;27,000;28,000;1,000;28/07/2023;-11,6131568;-50,8961595;72,500;
MT;BR-242;28,000;29,000;1,000;28/07/2023;-11,6131568;-50,8961595;58,750;
MT;BR-242;29,000;30,000;1,000;28/07/2023;-11,6131568;-50,8961595;72,500;
MT;BR-242;30,000;31,000;1,000;28/07/2023;-11,6131568;-50,8961595;68,750;
MT;BR-242;31,000;32,000;1,000;28/07/2023;-11,6131568;-50,8961595;68,750;
MT;BR-242;32,000;33,000;1,000;28/07/2023;-11,6131568;-50,8961595;68,750;
MT;BR-242;33,000;34,000;1,000;28/07/2023;-11,6131568;-50,8961595;61,250;
MT;BR-242;34,000;35,000;1,000;28/07/2023;-11,6131568;-50,8961595;58,750;
MT;BR-242;35,000;36,000;1,000;28/07/2023;-11,5815085;-50,9292764;61,250;
MT;BR-242;36,000;37,000;1,000;28/07/2023;-11,5715978;-50,9902233;65,000;
MT;BR-242;37,000;38,000;1,000;28/07/2023;-11,5715978;-50,9902233;61,250;
MT;BR-242;38,000;39,000;1,000;28/07/2023;-11,5715978;-50,9902233;57,500;
MT;BR-242;39,000;40,000;1,000;28/07/2023;-11,5715978;-50,9902233;75,000;
MT;BR-242;40,000;41,000;1,000;28/07/2023;-11,5715978;-50,9902233;58,750;
MT;BR-242;41,000;42,000;1,000;28/07/2023;-11,5715978;-50,9902233;68,750;
MT;BR-242;42,000;43,000;1,000;28/07/2023;-11,5715978;-50,9902233;68,750;
MT;BR-242;43,000;44,000;1,000;28/07/2023;-11,5715978;-50,9902233;57,500;
MT;BR-242;44,000;45,000;1,000;28/07/2023;-11,5715978;-50,9902233;57,500;
MT;BR-242;45,000;46,000;1,000;28/07/2023;-11,5715978;-50,9902233;61,250;
MT;BR-242;46,000;47,000;1,000;28/07/2023;-11,5715978;-50,9902233;61,250;
MT;BR-242;47,000;48,000;1,000;28/07/2023;-11,5715978;-50,9902233;61,250;
MT;BR-242;48,000;49,000;1,000;28/07/2023;-11,5715978;-50,9902233;61,250;
MT;BR-242;49,000;50,000;1,000;28/07/2023;-11,5715978;-50,9902233;58,750;
MT;BR-242;50,000;51,000;1,000;28/07/2023;-11,5715978;-50,9902233;58,750;
MT;BR-242;51,000;52,000;1,000;28/07/2023;-11,5715978;-50,9902233;57,500;
MT;BR-242;52,000;53,000;1,000;28/07/2023;-11,5715978;-50,9902233;57,500;
MT;BR-242;53,000;54,000;1,000;28/07/2023;-11,5715978;-50,9902233;57,500;
MT;BR-242;54,000;55,000;1,000;28/07/2023;-11,5715978;-50,9902233;57,500;
MT;BR-242;55,000;56,000;1,000;28/07/2023;-11,5715978;-50,9902233;57,500;
MT;BR-242;56,000;57,000;1,000;28/07/2023;-11,5715978;-50,9902233;57,500;
MT;BR-242;57,000;58,000;1,000;28/07/2023;-11,5715978;-50,9902233;50,000;
MT;BR-242;58,000;59,000;1,000;28/07/2023;-11,5715978;-50,9902233;57,500;
MT;BR-242;59,000;60,000;1,000;28/07/2023;-11,5715978;-50,9902233;57,500;
MT;BR-242;60,000;61,000;1,000;28/07/2023;-11,5715978;-50,9902233;57,500;
MT;BR-242;61,000;62,000;1,000;28/07/2023;-11,5715978;-50,9902233;57,500;
MT;BR-242;62,000;63,000;1,000;28/07/2023;-11,5715978;-50,9902233;57,500;
MT;BR-242;63,000;64,000;1,000;28/07/2023;-11,5715978;-50,9902233;57,500;
MT;BR-242;64,000;65,000;1,000;28/07/2023;-11,5715978;-50,9902233;57,500;
MT;BR-242;65,000;66,000;1,000;28/07/2023;-11,5715978;-50,9902233;65,000;
MT;BR-242;66,000;67,000;1,000;28/07/2023;-11,5715978;-50,9902233;68,750;
MT;BR-242;67,000;68,000;1,000;28/07/2023;-11,5715978;-50,9902233;68,750;
MT;BR-242;68,000;69,000;1,000;28/07/2023;-11,5715978;-50,9902233;57,500;
MT;BR-242;69,000;70,000;1,000;28/07/2023;-11,5715978;-50,9902233;57,500;
MT;BR-242;70,000;71,000;1,000;28/07/2023;-11,5715978;-50,9902233;58,750;
MT;BR-242;71,000;72,000;1,000;28/07/2023;-11,5715978;-50,9902233;55,000;
MT;BR-242;72,000;73,000;1,000;28/07/2023;-11,5715978;-50,9902233;57,500;
MT;BR-242;73,000;74,000;1,000;28/07/2023;-11,5715978;-50,9902233;57,500;
MT;BR-242;74,000;75,000;1,000;28/07/2023;-11,5715978;-50,9902233;61,250;
MT;BR-242;75,000;76,000;1,000;28/07/2023;-11,5715978;-50,9902233;65,000;
MT;BR-242;76,000;77,000;1,000;28/07/2023;-11,5715978;-50,9902233;57,500;
MT;BR-242;77,000;78,000;1,000;28/07/2023;-11,5715978;-50,9902233;61,250;
MT;BR-242;78,000;79,000;1,000;28/07/2023;-11,5715978;-50,9902233;58,750;
MT;BR-242;79,000;80,000;1,000;28/07/2023;-11,5715978;-50,9902233;58,750;
MT;BR-242;80,000;81,000;1,000;28/07/2023;-11,5715978;-50,9902233;61,250;
MT;BR-242;81,000;82,000;1,000;28/07/2023;-11,5715978;-50,9902233;57,500;
MT;BR-242;82,000;83,000;1,000;28/07/2023;-11,6773468;-51,373728;60,000;
MT;BR-242;83,000;84,000;1,000;28/07/2023;-11,6773468;-51,373728;60,000;
MT;BR-242;84,000;85,000;1,000;28/07/2023;-11,6773468;-51,373728;60,000;
MT;BR-242;85,000;86,000;1,000;28/07/2023;-11,6692492;-51,3779898;53,750;
MT;BR-242;86,000;87,000;1,000;28/07/2023;-11,6692492;-51,3779898;57,500;
MT;BR-242;87,000;88,000;1,000;28/07/2023;-11,6692492;-51,3779898;60,000;
MT;BR-242;88,000;89,000;1,000;28/07/2023;-11,6742911;-51,3802848;55,000;
MT;BR-242;89,000;90,000;1,000;28/07/2023;-11,6742911;-51,3802848;62,500;
MT;BR-242;90,000;91,000;1,000;28/07/2023;-11,6771635;-51,3799569;63,750;
MT;BR-242;91,000;92,000;1,000;28/07/2023;-11,6771635;-51,3799569;57,500;
MT;BR-242;92,000;93,000;1,000;28/07/2023;-11,6771635;-51,3799569;65,000;
MT;BR-242;93,000;94,000;1,000;28/07/2023;-11,6742911;-51,3802848;57,500;
MT;BR-242;94,000;95,000;1,000;28/07/2023;-11,6742911;-51,3802848;75,000;
MT;BR-242;95,000;96,000;1,000;28/07/2023;-11,6771635;-51,3799569;65,000;
MT;BR-242;96,000;97,000;1,000;28/07/2023;-11,6771635;-51,3799569;61,250;
MT;BR-242;97,000;98,000;1,000;28/07/2023;-11,6771635;-51,3799569;75,000;
MT;BR-242;98,000;99,000;1,000;28/07/2023;-11,6771635;-51,3799569;75,000;
MT;BR-242;99,000;100,000;1,000;28/07/2023;-11,6771635;-51,3799569;75,000;
MT;BR-242;100,000;101,000;1,000;28/07/2023;-11,6771635;-51,3799569;57,500;
MT;BR-242;101,000;102,000;1,000;28/07/2023;-11,6771635;-51,3799569;57,500;
MT;BR-242;102,000;103,000;1,000;28/07/2023;-11,6771635;-51,3799569;57,500;
MT;BR-242;103,000;104,000;1,000;28/07/2023;-11,6771635;-51,3799569;57,500;
MT;BR-242;104,000;105,000;1,000;28/07/2023;-11,6771635;-51,3799569;57,500;
MT;BR-242;105,000;106,000;1,000;28/07/2023;-11,6771635;-51,3799569;57,500;
MT;BR-242;106,000;107,000;1,000;28/07/2023;-11,6742911;-51,3802848;57,500;
MT;BR-242;107,000;108,000;1,000;28/07/2023;-11,6742911;-51,3802848;65,000;
MT;BR-242;108,000;109,000;1,000;28/07/2023;-11,6742911;-51,3802848;57,500;
MT;BR-242;109,000;110,000;1,000;28/07/2023;-11,6742911;-51,3802848;65,000;
MT;BR-242;110,000;111,000;1,000;28/07/2023;-11,6742911;-51,3802848;65,000;
MT;BR-242;111,000;112,000;1,000;28/07/2023;-11,6742911;-51,3802848;57,500;
MT;BR-242;112,000;113,000;1,000;28/07/2023;-11,6742911;-51,3802848;57,500;
MT;BR-242;113,000;114,000;1,000;28/07/2023;-11,6742911;-51,3802848;57,500;
MT;BR-242;114,000;115,000;1,000;28/07/2023;-11,6742911;-51,3802848;65,000;
MT;BR-242;115,000;116,000;1,000;28/07/2023;-11,6742911;-51,3802848;65,000;
MT;BR-242;116,000;117,000;1,000;28/07/2023;-11,6742911;-51,3802848;65,000;
MT;BR-242;117,000;118,000;1,000;28/07/2023;-11,6742911;-51,3802848;75,000;
MT;BR-242;118,000;119,000;1,000;28/07/2023;-11,6742911;-51,3802848;75,000;
GO;BR-080;277,500;278,000;0,500;27/07/2023;0;0;25,000;
GO;BR-080;278,000;279,000;1,000;27/07/2023;0;0;26,250;
GO;BR-080;279,000;280,000;1,000;27/07/2023;0;0;26,250;
GO;BR-080;280,000;281,000;1,000;27/07/2023;0;0;26,250;
GO;BR-080;281,000;282,000;1,000;27/07/2023;0;0;26,250;
GO;BR-080;282,000;282,300;0,300;27/07/2023;0;0;26,250;
PA;BR-230;266,000;267,000;1,000;28/07/2023;-5,37460348;-49,1365687;3,750;
PA;BR-230;267,000;268,000;1,000;28/07/2023;-5,3870185;-49,1355877;3,750;
PA;BR-230;268,000;269,000;1,000;28/07/2023;-5,37460348;-49,1365687;3,750;
PA;BR-230;269,000;270,000;1,000;28/07/2023;-5,3870281;-49,1355852;3,750;
PA;BR-230;270,000;271,000;1,000;28/07/2023;-5,37460348;-49,1365687;3,750;
PA;BR-230;271,000;272,000;1,000;28/07/2023;-5,3870337;-49,1355791;3,750;
PA;BR-230;272,000;273,000;1,000;28/07/2023;-5,37460348;-49,1365687;3,750;
PA;BR-230;273,000;274,000;1,000;28/07/2023;-5,3870237;-49,1355889;3,750;
PA;BR-230;274,000;275,000;1,000;28/07/2023;-5,37460348;-49,1365687;3,750;
PA;BR-230;275,000;276,000;1,000;28/07/2023;-5,387037;-49,1355812;3,750;
PA;BR-230;276,000;277,000;1,000;28/07/2023;-5,37460348;-49,1365687;3,750;
PA;BR-230;277,000;278,000;1,000;28/07/2023;-5,3870195;-49,1355852;3,750;
PA;BR-230;278,000;279,000;1,000;28/07/2023;-5,387035;-49,1355824;3,750;
PA;BR-230;279,000;280,000;1,000;28/07/2023;-5,37460348;-49,1365687;3,750;
PA;BR-230;280,000;281,000;1,000;28/07/2023;-5,3870283;-49,1355861;3,750;
PA;BR-230;281,000;282,000;1,000;28/07/2023;-5,37460348;-49,1365687;3,750;
PA;BR-230;282,000;283,000;1,000;28/07/2023;-5,3870247;-49,1355895;3,750;
PA;BR-230;283,000;284,000;1,000;28/07/2023;-5,37460348;-49,1365687;3,750;
PA;BR-230;284,000;285,000;1,000;28/07/2023;-5,3870281;-49,1355844;3,750;
PA;BR-230;285,000;286,000;1,000;28/07/2023;-5,37460348;-49,1365687;3,750;
PA;BR-230;286,000;287,000;1,000;28/07/2023;-5,3870359;-49,1355825;3,750;
PA;BR-230;287,000;288,000;1,000;28/07/2023;-5,37460348;-49,1365687;3,750;
PA;BR-230;288,000;289,000;1,000;28/07/2023;-5,3870306;-49,1355905;3,750;
PA;BR-230;289,000;290,000;1,000;28/07/2023;-5,37460348;-49,1365687;3,750;
PA;BR-230;290,000;291,000;1,000;28/07/2023;-5,3870418;-49,1355814;3,750;
PA;BR-230;291,000;292,000;1,000;28/07/2023;-5,37460348;-49,1365687;3,750;
PA;BR-230;292,000;293,000;1,000;28/07/2023;-5,3870276;-49,1355851;3,750;
PA;BR-230;293,000;294,000;1,000;28/07/2023;-5,37460348;-49,1365687;3,750;
PA;BR-230;294,000;295,000;1,000;28/07/2023;-5,3870742;-49,1355757;3,750;
PA;BR-230;295,000;296,000;1,000;28/07/2023;-5,37460348;-49,1365687;3,750;
PA;BR-230;296,000;297,000;1,000;28/07/2023;-5,3870229;-49,1355861;3,750;
PA;BR-230;297,000;298,000;1,000;28/07/2023;-5,37460348;-49,1365687;3,750;
PA;BR-230;298,000;299,000;1,000;28/07/2023;-5,3870355;-49,1355813;3,750;
PA;BR-230;299,000;300,000;1,000;28/07/2023;-5,37460348;-49,1365687;3,750;
PA;BR-422;0,000;1,000;1,000;28/07/2023;-5,37460348;-49,1365687;75,000;
PA;BR-422;1,000;2,000;1,000;28/07/2023;-5,37460348;-49,1365687;55,000;
PA;BR-422;2,000;3,000;1,000;28/07/2023;-5,3870369;-49,1355806;55,000;
PA;BR-422;3,000;4,000;1,000;28/07/2023;-5,37460348;-49,1365687;68,750;
PA;BR-422;4,000;5,000;1,000;28/07/2023;-5,3870208;-49,135586;71,250;
PA;BR-422;5,000;6,000;1,000;28/07/2023;-5,37460348;-49,1365687;0,000;
PA;BR-422;6,000;7,000;1,000;28/07/2023;-5,3870358;-49,1355813;0,000;
PA;BR-422;7,000;8,000;1,000;28/07/2023;-5,37460348;-49,1365687;0,000;
PA;BR-422;8,000;9,000;1,000;28/07/2023;-5,3870658;-49,1355746;75,000;
PA;BR-422;9,000;10,000;1,000;28/07/2023;-5,37460348;-49,1365687;55,000;
PA;BR-422;10,000;11,000;1,000;28/07/2023;-5,3870286;-49,1355847;55,000;
PA;BR-422;11,000;12,000;1,000;28/07/2023;-5,37460348;-49,1365687;75,000;
PA;BR-422;12,000;13,000;1,000;28/07/2023;-5,3870328;-49,1355804;55,000;
PA;BR-422;13,000;14,000;1,000;28/07/2023;-5,37460348;-49,1365687;55,000;
PA;BR-422;14,000;15,000;1,000;28/07/2023;-5,3870286;-49,1355839;55,000;
PA;BR-422;15,000;16,000;1,000;28/07/2023;-5,37460348;-49,1365687;55,000;
PA;BR-422;16,000;17,000;1,000;28/07/2023;-5,3870426;-49,1355794;55,000;
PA;BR-422;17,000;18,000;1,000;28/07/2023;-5,37460348;-49,1365687;55,000;
PA;BR-422;18,000;19,000;1,000;28/07/2023;-5,387047;-49,1355766;55,000;
PA;BR-422;19,000;20,000;1,000;28/07/2023;-5,37460348;-49,1365687;75,000;
PA;BR-422;20,000;21,000;1,000;28/07/2023;-5,3870465;-49,1355756;92,500;
PA;BR-422;21,000;22,000;1,000;28/07/2023;-5,37460348;-49,1365687;63,750;
PA;BR-422;22,000;23,000;1,000;28/07/2023;-5,3870355;-49,1355822;50,000;
PA;BR-422;23,000;24,000;1,000;28/07/2023;-5,37460348;-49,1365687;0,000;
PA;BR-422;24,000;25,000;1,000;28/07/2023;-5,3870281;-49,1355819;75,000;
PA;BR-422;25,000;26,000;1,000;28/07/2023;-5,37460348;-49,1365687;50,000;
PA;BR-422;26,000;27,000;1,000;28/07/2023;-5,3870219;-49,1355849;75,000;
PA;BR-422;27,000;28,000;1,000;28/07/2023;-5,37460348;-49,1365687;55,000;
PA;BR-422;28,000;29,000;1,000;28/07/2023;-5,3870265;-49,1355842;55,000;
PA;BR-422;29,000;30,000;1,000;28/07/2023;-5,37460348;-49,1365687;75,000;
PA;BR-422;30,000;31,000;1,000;28/07/2023;-5,3870267;-49,1355884;51,250;
PA;BR-422;31,000;32,000;1,000;28/07/2023;-5,37460348;-49,1365687;73,750;
PA;BR-422;32,000;33,000;1,000;28/07/2023;-5,387018;-49,1355876;81,250;
PA;BR-422;33,000;34,000;1,000;28/07/2023;-5,37460348;-49,1365687;68,750;
PA;BR-422;34,000;35,000;1,000;28/07/2023;-5,3870321;-49,1355839;75,000;
PA;BR-422;35,000;36,000;1,000;28/07/2023;-5,37460348;-49,1365687;63,750;
PA;BR-422;36,000;37,000;1,000;28/07/2023;-5,3870148;-49,1355878;57,500;
PA;BR-422;37,000;38,000;1,000;28/07/2023;-5,37460348;-49,1365687;77,500;
PA;BR-422;38,000;39,000;1,000;28/07/2023;-5,3870347;-49,1355798;68,750;
PA;BR-422;39,000;40,000;1,000;28/07/2023;-5,37460348;-49,1365687;68,750;
PA;BR-422;40,000;41,000;1,000;28/07/2023;-5,3870466;-49,1355765;68,750;
PA;BR-422;41,000;42,000;1,000;28/07/2023;-5,37460348;-49,1365687;57,500;
PA;BR-422;42,000;43,000;1,000;28/07/2023;-5,3870315;-49,1355853;62,500;
PA;BR-422;43,000;44,000;1,000;28/07/2023;-5,37460348;-49,1365687;88,750;
PA;BR-422;44,000;45,000;1,000;28/07/2023;-5,3870234;-49,1355825;75,000;
PA;BR-422;45,000;46,000;1,000;28/07/2023;-5,37460348;-49,1365687;75,000;
PA;BR-422;46,000;47,000;1,000;28/07/2023;-5,3870123;-49,1355796;50,000;
PA;BR-422;47,000;48,000;1,000;28/07/2023;-5,37460348;-49,1365687;76,250;
PA;BR-422;48,000;49,000;1,000;28/07/2023;-5,3870252;-49,1355857;75,000;
PA;BR-422;49,000;50,000;1,000;28/07/2023;-5,37460348;-49,1365687;63,750;
PA;BR-422;50,000;51,000;1,000;28/07/2023;-5,3870316;-49,1355802;77,500;
PA;BR-422;51,000;52,000;1,000;28/07/2023;-5,37460348;-49,1365687;67,500;
PA;BR-422;52,000;53,000;1,000;28/07/2023;-5,3870238;-49,1355813;50,000;
PA;BR-422;53,000;54,000;1,000;28/07/2023;-5,37460348;-49,1365687;50,000;
PA;BR-422;54,000;55,000;1,000;28/07/2023;-5,3870209;-49,135585;75,000;
PA;BR-422;55,000;56,000;1,000;28/07/2023;-5,37460348;-49,1365687;0,000;
PA;BR-422;56,000;57,000;1,000;28/07/2023;-5,38702;-49,1355863;0,000;
PA;BR-422;57,000;58,000;1,000;28/07/2023;-5,37460348;-49,1365687;75,000;
PA;BR-422;58,000;59,000;1,000;28/07/2023;-5,3870373;-49,1355828;81,250;
PA;BR-422;59,000;60,000;1,000;28/07/2023;-5,37460348;-49,1365687;81,250;
PA;BR-422;60,000;61,000;1,000;28/07/2023;-5,3870257;-49,1355845;81,250;
PA;BR-422;61,000;62,000;1,000;28/07/2023;-5,37460348;-49,1365687;75,000;
PA;BR-422;62,000;63,000;1,000;28/07/2023;-5,3870243;-49,1355854;50,000;
PA;BR-422;63,000;64,000;1,000;28/07/2023;-5,37460348;-49,1365687;63,750;
PA;BR-422;64,000;65,000;1,000;28/07/2023;-5,3870245;-49,1355833;50,000;
PA;BR-422;65,000;66,000;1,000;28/07/2023;-5,37460348;-49,1365687;0,000;
PA;BR-422;66,000;67,000;1,000;28/07/2023;-5,3870264;-49,1355841;63,750;
PA;BR-422;67,000;68,000;1,000;28/07/2023;-5,37460348;-49,1365687;63,750;
PA;BR-422;68,000;69,000;1,000;28/07/2023;-5,3870364;-49,1355794;63,750;
PA;BR-422;69,000;70,000;1,000;28/07/2023;-5,37460348;-49,1365687;75,000;
PA;BR-422;70,000;71,000;1,000;28/07/2023;-5,3870162;-49,1355861;75,000;
PA;BR-422;71,000;72,000;1,000;28/07/2023;-5,37460348;-49,1365687;88,750;
PA;BR-422;72,000;73,000;1,000;28/07/2023;-5,3870903;-49,1355667;88,750;
PA;BR-422;73,000;74,000;1,000;28/07/2023;-5,37460348;-49,1365687;75,000;
PA;BR-422;74,000;75,000;1,000;28/07/2023;-5,3870282;-49,1355838;76,250;
PA;BR-422;75,000;76,000;1,000;28/07/2023;-5,37460348;-49,1365687;75,000;
PA;BR-422;76,000;77,000;1,000;28/07/2023;-5,3870175;-49,1355885;0,000;
PA;BR-422;77,000;78,000;1,000;28/07/2023;-5,37460348;-49,1365687;0,000;
PA;BR-422;78,000;79,000;1,000;28/07/2023;-5,3870252;-49,1355835;75,000;
PA;BR-422;79,000;80,000;1,000;28/07/2023;-5,37460348;-49,1365687;50,000;
PA;BR-422;80,000;81,000;1,000;28/07/2023;-5,3870366;-49,1355783;50,000;
PA;BR-422;81,000;82,000;1,000;28/07/2023;-5,37460348;-49,1365687;50,000;
PA;BR-422;82,000;83,000;1,000;28/07/2023;-5,3870338;-49,1355821;50,000;
PA;BR-422;83,000;84,000;1,000;28/07/2023;-5,37460348;-49,1365687;50,000;
PA;BR-422;84,000;85,000;1,000;28/07/2023;-5,3870251;-49,1355839;50,000;
PA;BR-422;85,000;86,000;1,000;28/07/2023;-5,37460348;-49,1365687;50,000;
PA;BR-422;86,000;87,000;1,000;28/07/2023;-5,3870197;-49,1355872;50,000;
PA;BR-422;87,000;88,000;1,000;28/07/2023;-5,37460348;-49,1365687;50,000;
PA;BR-422;88,000;89,000;1,000;28/07/2023;-5,3870588;-49,1355716;50,000;
PA;BR-422;89,000;90,000;1,000;28/07/2023;-5,37460348;-49,1365687;75,000;
PA;BR-422;90,000;91,000;1,000;28/07/2023;-5,3870271;-49,1355867;50,000;
PA;BR-422;91,000;92,000;1,000;28/07/2023;-5,37460348;-49,1365687;55,000;
PA;BR-422;92,000;93,000;1,000;28/07/2023;-5,3870213;-49,1355875;75,000;
PA;BR-422;93,000;94,000;1,000;28/07/2023;-5,37460348;-49,1365687;50,000;
PA;BR-422;94,000;95,000;1,000;28/07/2023;-5,3870632;-49,1355731;75,000;
PA;BR-422;95,000;96,000;1,000;28/07/2023;-5,37460348;-49,1365687;75,000;
PA;BR-422;96,000;97,000;1,000;28/07/2023;-5,3870308;-49,1355847;50,000;
PA;BR-422;97,000;98,000;1,000;28/07/2023;-5,37460348;-49,1365687;57,500;
PA;BR-422;98,000;99,000;1,000;28/07/2023;-5,3870467;-49,1355807;57,500;
PA;BR-422;99,000;100,000;1,000;28/07/2023;-5,37460348;-49,1365687;57,500;
PA;BR-422;100,000;101,000;1,000;28/07/2023;-5,3870522;-49,1355739;50,000;
PA;BR-422;101,000;102,000;1,000;28/07/2023;-5,37460348;-49,1365687;50,000;
PA;BR-422;102,000;103,000;1,000;28/07/2023;-5,3870347;-49,1355664;50,000;
PA;BR-422;103,000;104,000;1,000;28/07/2023;-5,37460348;-49,1365687;75,000;
PA;BR-422;104,000;105,000;1,000;28/07/2023;-5,37460348;-49,1365687;75,000;
PA;BR-422;105,000;106,000;1,000;28/07/2023;-5,37460348;-49,1365687;51,250;
PA;BR-422;106,000;107,000;1,000;28/07/2023;-5,37460348;-49,1365687;50,000;
PA;BR-422;107,000;108,000;1,000;28/07/2023;-5,3870191;-49,1355848;75,000;
PA;BR-422;108,000;109,000;1,000;28/07/2023;-5,37460348;-49,1365687;75,000;
PA;BR-422;109,000;110,000;1,000;28/07/2023;-5,3870445;-49,1355787;75,000;
PA;BR-422;110,000;111,000;1,000;28/07/2023;-5,37460348;-49,1365687;50,000;
PA;BR-422;111,000;112,000;1,000;28/07/2023;-5,3870187;-49,1355857;75,000;
PA;BR-422;112,000;113,000;1,000;28/07/2023;-5,37460348;-49,1365687;75,000;
PA;BR-422;113,000;114,000;1,000;28/07/2023;-5,3870359;-49,1355788;75,000;
PA;BR-422;114,000;115,000;1,000;28/07/2023;-5,37460348;-49,1365687;61,250;
PA;BR-422;115,000;116,000;1,000;28/07/2023;-5,3870236;-49,1355849;0,000;
PA;BR-422;116,000;117,000;1,000;28/07/2023;-5,37460348;-49,1365687;62,500;
PA;BR-422;117,000;118,000;1,000;28/07/2023;-5,3870344;-49,1355818;77,500;
PA;BR-422;118,000;119,000;1,000;28/07/2023;-5,37460348;-49,1365687;62,500;
PA;BR-422;119,000;120,000;1,000;28/07/2023;-5,3870365;-49,1355832;75,000;
PA;BR-422;120,000;121,000;1,000;28/07/2023;-5,37460348;-49,1365687;50,000;
PA;BR-422;121,000;122,000;1,000;28/07/2023;-5,3870501;-49,1355756;50,000;
PA;BR-422;122,000;123,000;1,000;28/07/2023;-5,37460348;-49,1365687;61,250;
PA;BR-422;123,000;124,000;1,000;28/07/2023;-5,3870342;-49,1355788;56,250;
PA;BR-422;124,000;125,000;1,000;28/07/2023;-5,37460348;-49,1365687;76,250;
PA;BR-422;125,000;126,000;1,000;28/07/2023;-5,387036;-49,1355812;80,000;
PA;BR-422;126,000;127,000;1,000;28/07/2023;-5,37460348;-49,1365687;67,500;
PA;BR-422;127,000;128,000;1,000;28/07/2023;-5,387031;-49,1355789;75,000;
PA;BR-422;128,000;129,000;1,000;28/07/2023;-5,37460348;-49,1365687;50,000;
PA;BR-422;129,000;130,000;1,000;28/07/2023;-5,3870567;-49,1355716;50,000;
PA;BR-422;130,000;131,000;1,000;28/07/2023;-5,37460348;-49,1365687;50,000;
PA;BR-422;131,000;132,000;1,000;28/07/2023;-5,3870278;-49,1355846;50,000;
PA;BR-422;132,000;133,000;1,000;28/07/2023;-5,37460348;-49,1365687;52,500;
PA;BR-422;133,000;134,000;1,000;28/07/2023;-5,3870317;-49,1355828;57,500;
PA;BR-422;134,000;135,000;1,000;28/07/2023;-5,37460348;-49,1365687;56,250;
PA;BR-422;135,000;136,000;1,000;28/07/2023;-5,3870531;-49,1355781;50,000;
PA;BR-422;136,000;137,000;1,000;28/07/2023;-5,37460348;-49,1365687;50,000;
PA;BR-422;137,000;138,000;1,000;28/07/2023;-5,3870518;-49,1355795;50,000;
PA;BR-422;138,000;139,000;1,000;28/07/2023;-5,37460348;-49,1365687;50,000;
PA;BR-422;139,000;140,000;1,000;28/07/2023;-5,3870432;-49,1355787;50,000;
PA;BR-422;140,000;141,000;1,000;28/07/2023;-5,37460348;-49,1365687;50,000;
PA;BR-422;141,000;142,000;1,000;28/07/2023;-5,3870494;-49,1355785;50,000;
PA;BR-422;142,000;143,000;1,000;28/07/2023;-5,37460348;-49,1365687;50,000;
PA;BR-422;143,000;144,000;1,000;28/07/2023;-5,3870384;-49,1355837;50,000;
PA;BR-422;144,000;145,000;1,000;28/07/2023;-5,37460348;-49,1365687;50,000;
PA;BR-422;145,000;146,000;1,000;28/07/2023;-5,3870427;-49,1355797;50,000;
PA;BR-422;146,000;147,000;1,000;28/07/2023;-5,37460348;-49,1365687;50,000;
PA;BR-422;147,000;148,000;1,000;28/07/2023;-5,3870741;-49,1355702;50,000;
PA;BR-422;148,000;149,000;1,000;28/07/2023;-5,37460348;-49,1365687;50,000;
PA;BR-422;149,000;150,000;1,000;28/07/2023;-5,387042;-49,1355806;50,000;
PA;BR-422;150,000;151,000;1,000;28/07/2023;-5,37460348;-49,1365687;50,000;
PA;BR-422;151,000;152,000;1,000;28/07/2023;-5,3870356;-49,135581;67,500;
PA;BR-422;152,000;153,000;1,000;28/07/2023;-5,37460348;-49,1365687;50,000;
PA;BR-422;153,000;154,000;1,000;28/07/2023;-5,3870222;-49,1355722;67,500;
PA;BR-422;154,000;155,000;1,000;28/07/2023;-5,37460348;-49,1365687;50,000;
PA;BR-422;155,000;156,000;1,000;28/07/2023;-5,3870309;-49,1355839;75,000;
PA;BR-422;156,000;157,000;1,000;28/07/2023;-5,37460348;-49,1365687;87,500;
PA;BR-422;157,000;158,000;1,000;28/07/2023;-5,3870554;-49,1355728;50,000;
PA;BR-422;158,000;159,000;1,000;28/07/2023;-5,37460348;-49,1365687;50,000;
PA;BR-422;159,000;160,000;1,000;28/07/2023;-5,3870239;-49,1355838;50,000;
PA;BR-422;160,000;161,000;1,000;28/07/2023;-5,37460348;-49,1365687;67,500;
PA;BR-422;161,000;162,000;1,000;28/07/2023;-5,3870233;-49,135586;63,750;
PA;BR-422;162,000;163,000;1,000;28/07/2023;-5,37460348;-49,1365687;67,500;
PA;BR-422;163,000;164,000;1,000;28/07/2023;-5,3870689;-49,1355713;67,500;
PA;BR-422;164,000;165,000;1,000;28/07/2023;-5,37460348;-49,1365687;50,000;
PA;BR-422;165,000;166,000;1,000;28/07/2023;-5,3870227;-49,1355832;50,000;
PA;BR-422;166,000;167,000;1,000;28/07/2023;-5,37460348;-49,1365687;50,000;
PA;BR-422;167,000;168,000;1,000;28/07/2023;-5,387049;-49,1355827;50,000;
PA;BR-422;168,000;169,000;1,000;28/07/2023;-5,3870388;-49,1355766;50,000;
PA;BR-422;169,000;170,000;1,000;28/07/2023;-5,37460348;-49,1365687;50,000;
PA;BR-422;170,000;171,000;1,000;28/07/2023;-5,387028;-49,1355859;50,000;
PA;BR-422;171,000;172,000;1,000;28/07/2023;-5,37460348;-49,1365687;50,000;
PA;BR-422;172,000;173,000;1,000;28/07/2023;-5,3870262;-49,1355849;0,000;
PA;BR-422;173,000;174,000;1,000;28/07/2023;-5,37460348;-49,1365687;73,750;
PA;BR-422;174,000;175,000;1,000;28/07/2023;-5,3870379;-49,1355817;75,000;
PA;BR-422;175,000;176,000;1,000;28/07/2023;-5,37460348;-49,1365687;75,000;
PA;BR-422;176,000;177,000;1,000;28/07/2023;-5,3870466;-49,1355757;75,000;
PA;BR-422;177,000;178,000;1,000;28/07/2023;-5,37460348;-49,1365687;50,000;
PA;BR-422;178,000;179,000;1,000;28/07/2023;-5,3870301;-49,1355809;75,000;
PA;BR-422;179,000;180,000;1,000;28/07/2023;-5,37460348;-49,1365687;75,000;
PA;BR-422;180,000;181,000;1,000;28/07/2023;-5,3870301;-49,1355812;50,000;
PA;BR-422;181,000;182,000;1,000;28/07/2023;-5,37460348;-49,1365687;50,000;
PA;BR-422;182,000;183,000;1,000;28/07/2023;-5,37460348;-49,1365687;75,000;
PA;BR-422;183,000;184,000;1,000;28/07/2023;-5,3870465;-49,1355843;0,000;
PA;BR-422;184,000;185,000;1,000;28/07/2023;-5,37460348;-49,1365687;0,000;
PA;BR-422;185,000;186,000;1,000;28/07/2023;-5,3870427;-49,1355797;0,000;
PA;BR-422;186,000;187,000;1,000;28/07/2023;-5,37460348;-49,1365687;0,000;
PA;BR-422;187,000;188,000;1,000;28/07/2023;-5,3870233;-49,1355818;75,000;
PA;BR-422;188,000;189,000;1,000;28/07/2023;-5,37460348;-49,1365687;50,000;
PA;BR-422;189,000;190,000;1,000;28/07/2023;-5,3870673;-49,1355855;75,000;
PA;BR-422;190,000;191,000;1,000;28/07/2023;-5,37460348;-49,1365687;75,000;
PA;BR-422;191,000;192,000;1,000;28/07/2023;-5,3870161;-49,1355918;75,000;
PA;BR-422;192,000;193,000;1,000;28/07/2023;-5,37460348;-49,1365687;75,000;
PA;BR-422;193,000;194,000;1,000;28/07/2023;-5,3870282;-49,1355864;51,250;
PA;BR-422;194,000;195,000;1,000;28/07/2023;-5,37460348;-49,1365687;51,250;
PA;BR-422;195,000;196,000;1,000;28/07/2023;-5,3870163;-49,135586;51,250;
PA;BR-422;196,000;197,000;1,000;28/07/2023;-5,37460348;-49,1365687;51,250;
PA;BR-422;197,000;198,000;1,000;28/07/2023;-5,3870206;-49,1355864;51,250;
PA;BR-422;198,000;199,000;1,000;28/07/2023;-5,37460348;-49,1365687;75,000;
PA;BR-422;199,000;200,000;1,000;28/07/2023;-5,3870226;-49,1355849;75,000;
PA;BR-422;200,000;201,000;1,000;28/07/2023;-5,37460348;-49,1365687;51,250;
PA;BR-422;201,000;202,000;1,000;28/07/2023;-5,3870213;-49,1355898;50,000;
PA;BR-422;202,000;203,000;1,000;28/07/2023;-5,37460348;-49,1365687;50,000;
PA;BR-422;203,000;204,000;1,000;28/07/2023;-5,3870172;-49,1355855;50,000;
PA;BR-422;204,000;205,000;1,000;28/07/2023;-5,37460348;-49,1365687;50,000;
PA;BR-422;205,000;206,000;1,000;28/07/2023;-5,387075;-49,1355771;75,000;
PA;BR-422;206,000;207,000;1,000;28/07/2023;-5,37460348;-49,1365687;75,000;
PA;BR-422;207,000;208,000;1,000;28/07/2023;-5,3870481;-49,1355792;55,000;
PA;BR-422;208,000;209,000;1,000;28/07/2023;-5,37460348;-49,1365687;55,000;
PA;BR-422;209,000;210,000;1,000;28/07/2023;-5,3870776;-49,1355712;55,000;
PA;BR-422;210,000;211,000;1,000;28/07/2023;-5,37460348;-49,1365687;75,000;
PA;BR-422;211,000;212,000;1,000;28/07/2023;-5,387038;-49,1355835;55,000;
PA;BR-422;212,000;213,000;1,000;28/07/2023;-5,37460348;-49,1365687;55,000;
PA;BR-422;213,000;214,000;1,000;28/07/2023;-5,3870685;-49,1355718;75,000;
PA;BR-422;214,000;215,000;1,000;28/07/2023;-5,37460348;-49,1365687;75,000;
PA;BR-422;215,000;216,000;1,000;28/07/2023;-5,3870371;-49,1355826;75,000;
PA;BR-422;216,000;217,000;1,000;28/07/2023;-5,37460348;-49,1365687;55,000;
PA;BR-422;217,000;218,000;1,000;28/07/2023;-5,3870497;-49,1355842;57,500;
PA;BR-422;218,000;219,000;1,000;28/07/2023;-5,37460348;-49,1365687;75,000;
PA;BR-422;219,000;220,000;1,000;28/07/2023;-5,387024;-49,1355849;75,000;
PA;BR-422;220,000;221,000;1,000;28/07/2023;-5,37460348;-49,1365687;75,000;
PA;BR-422;221,000;222,000;1,000;28/07/2023;-5,3870219;-49,1355893;75,000;
PA;BR-422;222,000;223,000;1,000;28/07/2023;-5,37460348;-49,1365687;50,000;
PA;BR-422;223,000;224,000;1,000;28/07/2023;-5,3870306;-49,1355797;75,000;
PA;BR-422;224,000;225,000;1,000;28/07/2023;-5,37460348;-49,1365687;50,000;
PA;BR-422;225,000;226,000;1,000;28/07/2023;-5,3870332;-49,1355818;55,000;
PA;BR-422;226,000;227,000;1,000;28/07/2023;-5,37460348;-49,1365687;50,000;
PA;BR-422;227,000;228,000;1,000;28/07/2023;-5,3870689;-49,1355718;56,250;
PA;BR-422;228,000;229,000;1,000;28/07/2023;-5,37460348;-49,1365687;75,000;
PA;BR-422;229,000;230,000;1,000;28/07/2023;-5,3870716;-49,1355719;75,000;
PA;BR-422;230,000;231,000;1,000;28/07/2023;-5,3870182;-49,1355892;50,000;
PA;BR-422;231,000;232,000;1,000;28/07/2023;-5,37460348;-49,1365687;75,000;
PA;BR-422;232,000;233,000;1,000;28/07/2023;-5,3870678;-49,1355751;51,250;
PA;BR-422;233,000;234,000;1,000;28/07/2023;-5,37460348;-49,1365687;75,000;
PA;BR-422;234,000;235,000;1,000;28/07/2023;-5,3870707;-49,1355725;75,000;
PA;BR-422;235,000;236,000;1,000;28/07/2023;-5,37460348;-49,1365687;55,000;
PA;BR-422;236,000;237,000;1,000;28/07/2023;-5,3870287;-49,135584;55,000;
PA;BR-422;237,000;238,000;1,000;28/07/2023;-5,37460348;-49,1365687;75,000;
PA;BR-422;238,000;239,000;1,000;28/07/2023;-5,3870416;-49,1355773;55,000;
PA;BR-422;239,000;240,000;1,000;28/07/2023;-5,37460348;-49,1365687;75,000;
PA;BR-422;240,000;241,000;1,000;28/07/2023;-5,3870713;-49,1355723;50,000;
PA;BR-422;241,000;242,000;1,000;28/07/2023;-5,37460348;-49,1365687;75,000;
PA;BR-422;242,000;243,000;1,000;28/07/2023;-5,387047;-49,1355822;75,000;
PA;BR-422;243,000;244,000;1,000;28/07/2023;-5,387019;-49,1355812;75,000;
PA;BR-422;244,000;245,000;1,000;28/07/2023;-5,37460348;-49,1365687;75,000;
PA;BR-422;245,000;246,000;1,000;28/07/2023;-5,3870205;-49,1355828;50,000;
PA;BR-422;246,000;247,000;1,000;28/07/2023;-5,37460348;-49,1365687;50,000;
PA;BR-422;247,000;248,000;1,000;28/07/2023;-5,3870458;-49,1355822;75,000;
PA;BR-422;248,000;249,000;1,000;28/07/2023;-5,37460348;-49,1365687;75,000;
PA;BR-422;249,000;250,000;1,000;28/07/2023;-5,3870458;-49,1355881;50,000;
PA;BR-422;250,000;251,000;1,000;28/07/2023;-5,37460348;-49,1365687;75,000;
PA;BR-422;251,000;252,000;1,000;28/07/2023;-5,3870232;-49,1355856;75,000;
PA;BR-422;252,000;253,000;1,000;28/07/2023;-5,37460348;-49,1365687;75,000;
PA;BR-422;253,000;254,000;1,000;28/07/2023;-5,3870215;-49,1355847;50,000;
PA;BR-422;254,000;255,000;1,000;28/07/2023;-5,37460348;-49,1365687;50,000;
PA;BR-422;255,000;256,000;1,000;28/07/2023;-5,3870227;-49,1355853;50,000;
PA;BR-422;256,000;257,000;1,000;28/07/2023;-5,37460348;-49,1365687;50,000;
PA;BR-422;257,000;258,000;1,000;28/07/2023;-5,3870661;-49,1355704;50,000;
PA;BR-422;258,000;259,000;1,000;28/07/2023;-5,37460348;-49,1365687;50,000;
PA;BR-422;259,000;260,000;1,000;28/07/2023;-5,3870336;-49,1355774;50,000;
PA;BR-422;260,000;261,000;1,000;28/07/2023;-5,37460348;-49,1365687;75,000;
PA;BR-422;261,000;262,000;1,000;28/07/2023;-5,3870183;-49,1355817;0,000;
PA;BR-422;262,000;263,000;1,000;28/07/2023;-5,37460348;-49,1365687;0,000;
PA;BR-422;263,000;264,000;1,000;28/07/2023;-5,3870227;-49,1355873;0,000;
PA;BR-422;264,000;265,000;1,000;28/07/2023;-5,37460348;-49,1365687;0,000;
PA;BR-422;265,000;266,000;1,000;28/07/2023;-5,387019;-49,1355825;0,000;
PA;BR-422;266,000;267,000;1,000;28/07/2023;-5,37460348;-49,1365687;0,000;
PA;BR-422;267,000;268,000;1,000;28/07/2023;-5,3870343;-49,1355887;75,000;
PA;BR-422;268,000;269,000;1,000;28/07/2023;-5,37460348;-49,1365687;75,000;
PA;BR-422;269,000;270,000;1,000;28/07/2023;-5,3870206;-49,1355866;75,000;
PA;BR-422;270,000;271,000;1,000;28/07/2023;-5,37460348;-49,1365687;50,000;
PA;BR-422;271,000;272,000;1,000;28/07/2023;-5,387021;-49,1355857;0,000;
PA;BR-422;272,000;273,000;1,000;28/07/2023;-5,37460348;-49,1365687;0,000;
PA;BR-422;273,000;274,000;1,000;28/07/2023;-5,3870541;-49,1355759;75,000;
PA;BR-422;274,000;275,000;1,000;28/07/2023;-5,37460348;-49,1365687;50,000;
PA;BR-422;275,000;276,000;1,000;28/07/2023;-5,3870219;-49,1355833;0,000;
PA;BR-422;276,000;277,000;1,000;28/07/2023;-5,37460348;-49,1365687;50,000;
PA;BR-422;277,000;278,000;1,000;28/07/2023;-5,3870297;-49,1355841;0,000;
PA;BR-422;278,000;279,000;1,000;28/07/2023;-5,37460348;-49,1365687;0,000;
PA;BR-422;279,000;280,000;1,000;28/07/2023;-5,387021;-49,1355868;75,000;
PA;BR-422;280,000;281,000;1,000;28/07/2023;-5,37460348;-49,1365687;75,000;
PA;BR-422;281,000;282,000;1,000;28/07/2023;-5,3870247;-49,1355861;0,000;
PA;BR-422;282,000;283,000;1,000;28/07/2023;-5,37460348;-49,1365687;75,000;
PA;BR-422;283,000;284,000;1,000;28/07/2023;-5,3870276;-49,135584;50,000;
PA;BR-422;284,000;285,000;1,000;28/07/2023;-5,37460348;-49,1365687;0,000;
PA;BR-422;285,000;286,000;1,000;28/07/2023;-5,3870533;-49,1355763;75,000;
PA;BR-422;286,000;287,000;1,000;28/07/2023;-5,37460348;-49,1365687;0,000;
PA;BR-422;287,000;288,000;1,000;28/07/2023;-5,3870255;-49,1355851;75,000;
PA;BR-422;288,000;289,000;1,000;28/07/2023;-5,37460348;-49,1365687;75,000;
PA;BR-422;289,000;290,000;1,000;28/07/2023;-5,3870427;-49,135578;50,000;
PA;BR-422;290,000;291,000;1,000;28/07/2023;-5,37460348;-49,1365687;0,000;
PA;BR-422;291,000;292,000;1,000;28/07/2023;-5,3870301;-49,1355839;0,000;
PA;BR-422;292,000;293,000;1,000;28/07/2023;-5,37460348;-49,1365687;0,000;
PA;BR-422;293,000;294,000;1,000;28/07/2023;-5,3870257;-49,1355847;0,000;
PA;BR-422;294,000;295,000;1,000;28/07/2023;-5,37460348;-49,1365687;75,000;
PA;BR-422;295,000;296,000;1,000;28/07/2023;-5,3870408;-49,1355777;50,000;
PA;BR-422;296,000;297,000;1,000;28/07/2023;-5,37460348;-49,1365687;0,000;
PA;BR-422;297,000;298,000;1,000;28/07/2023;-5,3870476;-49,1355807;0,000;
PA;BR-422;298,000;299,000;1,000;28/07/2023;-5,37460348;-49,1365687;0,000;
PA;BR-422;299,000;300,000;1,000;28/07/2023;-5,3870322;-49,1355837;0,000;
PA;BR-422;300,000;301,000;1,000;28/07/2023;-5,37460348;-49,1365687;75,000;
PA;BR-422;301,000;302,000;1,000;28/07/2023;-5,3870386;-49,1355792;50,000;
PA;BR-422;302,000;303,000;1,000;28/07/2023;-5,37460348;-49,1365687;50,000;
PA;BR-422;303,000;304,000;1,000;28/07/2023;-5,3870412;-49,1355811;0,000;
PA;BR-422;304,000;305,000;1,000;28/07/2023;-5,37460348;-49,1365687;75,000;
PA;BR-422;305,000;306,000;1,000;28/07/2023;-5,3870405;-49,1355821;75,000;
PA;BR-422;306,000;307,000;1,000;28/07/2023;-5,37460348;-49,1365687;75,000;
PA;BR-422;307,000;308,000;1,000;28/07/2023;-5,3870363;-49,135578;50,000;
PA;BR-422;308,000;309,000;1,000;28/07/2023;-5,37460348;-49,1365687;50,000;
PA;BR-422;309,000;310,000;1,000;28/07/2023;-5,3870297;-49,1355812;50,000;
PA;BR-422;310,000;311,000;1,000;28/07/2023;-5,37460348;-49,1365687;50,000;
PA;BR-422;311,000;312,000;1,000;28/07/2023;-5,387021;-49,1355824;75,000;
PA;BR-422;312,000;313,000;1,000;28/07/2023;-5,37460348;-49,1365687;75,000;
PA;BR-422;313,000;314,000;1,000;28/07/2023;-5,3870345;-49,1355824;75,000;
PA;BR-422;314,000;315,000;1,000;28/07/2023;-5,37460348;-49,1365687;75,000;
PA;BR-422;315,000;316,000;1,000;28/07/2023;-5,3870382;-49,1355862;50,000;
PA;BR-422;316,000;317,000;1,000;28/07/2023;-5,37460348;-49,1365687;75,000;
PA;BR-422;317,000;318,000;1,000;28/07/2023;-5,3870426;-49,1355779;75,000;
PA;BR-422;318,000;319,000;1,000;28/07/2023;-5,37460348;-49,1365687;75,000;
PA;BR-422;319,000;320,000;1,000;28/07/2023;-5,3870368;-49,1355794;50,000;
PA;BR-422;320,000;321,000;1,000;28/07/2023;-5,37460348;-49,1365687;50,000;
PA;BR-422;321,000;322,000;1,000;28/07/2023;-5,3870207;-49,1355844;75,000;
PA;BR-422;322,000;323,000;1,000;28/07/2023;-5,37460348;-49,1365687;75,000;
PA;BR-422;323,000;324,000;1,000;28/07/2023;-5,3870447;-49,1355767;75,000;
PA;BR-422;324,000;325,000;1,000;28/07/2023;-5,37460348;-49,1365687;75,000;
PA;BR-422;325,000;326,000;1,000;28/07/2023;-5,3870428;-49,1355776;50,000;
PA;BR-422;326,000;327,000;1,000;28/07/2023;-5,37460348;-49,1365687;50,000;
PA;BR-422;327,000;328,000;1,000;28/07/2023;-5,3870429;-49,1355805;73,750;
PA;BR-422;328,000;329,000;1,000;28/07/2023;-5,37460348;-49,1365687;77,500;
PA;BR-422;329,000;330,000;1,000;28/07/2023;-5,3870613;-49,1355708;50,000;
PA;BR-422;330,000;331,000;1,000;28/07/2023;-5,37460348;-49,1365687;50,000;
PA;BR-422;331,000;332,000;1,000;28/07/2023;-5,3870246;-49,1355848;50,000;
PA;BR-422;332,000;333,000;1,000;28/07/2023;-5,37460348;-49,1365687;50,000;
PA;BR-422;333,000;334,000;1,000;28/07/2023;-5,3870278;-49,1355885;50,000;
PA;BR-422;334,000;335,000;1,000;28/07/2023;-5,37460348;-49,1365687;50,000;
PA;BR-422;335,000;336,000;1,000;28/07/2023;-5,3870332;-49,1355813;50,000;