UF;Rodovia;km inicial;km final;Extensão (km);Data;Latitude;Longitude;Observação;ICMNP
;;;;;;;;;
;;;;;;;;;
AP;BR-210;106,200;107,000;0,800;10/09/2021;0,69520804;-51,3851041;;38,750
AP;BR-210;107,000;108,000;1,000;10/09/2021;0,70481619;-51,4143983;;38,750
AP;BR-210;108,000;109,000;1,000;10/09/2021;0,70481619;-51,4143983;;38,750
AP;BR-210;109,000;110,000;1,000;10/09/2021;0,70481619;-51,4143983;;51,250
AP;BR-210;110,000;111,000;1,000;10/09/2021;0,69295445;-51,4397134;;43,750
AP;BR-210;111,000;112,000;1,000;10/09/2021;0,69295445;-51,4397134;;47,500
AP;BR-210;112,000;113,000;1,000;10/09/2021;0,69295445;-51,4397134;;47,500
AP;BR-210;113,000;114,000;1,000;10/09/2021;0,68576598;-51,4673212;;58,750
AP;BR-210;114,000;115,000;1,000;10/09/2021;0,68576598;-51,4673212;;51,250
AP;BR-210;115,000;116,000;1,000;10/09/2021;0,68576598;-51,4673212;;47,500
AP;BR-210;116,000;117,000;1,000;10/09/2021;0,67616741;-51,4942076;;47,500
AP;BR-210;117,000;118,000;1,000;10/09/2021;0,67616741;-51,4942076;;51,250
AP;BR-210;118,000;119,000;1,000;10/09/2021;0,67540311;-51,5217981;;47,500
AP;BR-210;119,000;120,000;1,000;10/09/2021;0,67540311;-51,5217981;;27,500
AP;BR-210;120,000;121,000;1,000;10/09/2021;0,67540311;-51,5217981;;27,500
AP;BR-210;121,000;122,000;1,000;10/09/2021;0,67540311;-51,5217981;;35,000
AP;BR-210;122,000;123,000;1,000;10/09/2021;0,67169156;-51,5505451;;27,500
AP;BR-210;123,000;124,000;1,000;10/09/2021;0,67169156;-51,5505451;;27,500
AP;BR-210;124,000;125,000;1,000;10/09/2021;0,67169156;-51,5505451;;42,500
AP;BR-210;125,000;126,000;1,000;10/09/2021;0,67169156;-51,5505451;;35,000
AP;BR-210;126,000;127,000;1,000;10/09/2021;0,67169156;-51,5505451;;38,750
AP;BR-210;127,000;128,000;1,000;10/09/2021;0,65473443;-51,5949666;;27,500
AP;BR-210;128,000;129,000;1,000;10/09/2021;0,65473443;-51,5949666;;40,000
AP;BR-210;129,000;130,000;1,000;10/09/2021;0,65473443;-51,5949666;;27,500
AP;BR-210;130,000;131,000;1,000;10/09/2021;0,65473443;-51,5949666;;45,000
AP;BR-210;131,000;132,000;1,000;10/09/2021;0,65473443;-51,5949666;;32,500
AP;BR-210;132,000;133,000;1,000;10/09/2021;0,65473443;-51,5949666;;27,500
AP;BR-210;133,000;134,000;1,000;10/09/2021;0,62742069;-51,6378336;;35,000
AP;BR-210;134,000;135,000;1,000;10/09/2021;0,62742069;-51,6378336;;46,250
AP;BR-210;135,000;136,000;1,000;10/09/2021;0,62742069;-51,6378336;;27,500
AP;BR-210;136,000;137,000;1,000;10/09/2021;0,62742069;-51,6378336;;27,500
AP;BR-210;137,000;138,000;1,000;10/09/2021;0,62312831;-51,6804501;;27,500
AP;BR-210;138,000;139,000;1,000;10/09/2021;0,62278042;-51,6841579;;32,500
AP;BR-210;139,000;140,000;1,000;10/09/2021;0,62278042;-51,6841579;;27,500
AP;BR-210;140,000;141,000;1,000;10/09/2021;0,62278042;-51,6841579;;35,000
AP;BR-210;141,000;142,000;1,000;10/09/2021;0,61218517;-51,7087141;;35,000
AP;BR-210;142,000;143,000;1,000;10/09/2021;0,61218517;-51,7087141;;81,250
AP;BR-210;143,000;144,000;1,000;10/09/2021;0,59950849;-51,7266175;;85,000
AP;BR-210;144,000;145,000;1,000;10/09/2021;0,59714718;-51,7386173;;60,000
AP;BR-210;145,000;146,000;1,000;10/09/2021;0,59613284;-51,7443251;;2,500
AP;BR-210;146,000;147,000;1,000;10/09/2021;0,59613284;-51,7443251;;10,000
AP;BR-210;147,000;148,000;1,000;10/09/2021;0,59613284;-51,7443251;;32,500
AP;BR-210;148,000;149,000;1,000;10/09/2021;0,61403882;-51,7705309;;27,500
AP;BR-210;149,000;150,000;1,000;10/09/2021;0,61403882;-51,7705309;;17,500
AP;BR-210;150,000;151,000;1,000;10/09/2021;0,62874333;-51,7863506;;31,250
AP;BR-210;151,000;152,000;1,000;10/09/2021;0,62874333;-51,7863506;;3,750
AP;BR-210;152,000;153,000;1,000;10/09/2021;0,62874333;-51,7863506;;37,500
AP;BR-210;153,000;154,000;1,000;10/09/2021;0,64118145;-51,8112097;;5,000
AP;BR-210;154,000;155,000;1,000;10/09/2021;0,64118145;-51,8112097;;5,000
AP;BR-210;155,000;156,000;1,000;10/09/2021;0,64548468;-51,8228819;;67,500
AP;BR-210;156,000;157,000;1,000;10/09/2021;0,64622029;-51,844487;;67,500
AP;BR-210;157,000;158,000;1,000;10/09/2021;0,64622029;-51,844487;;60,000
AP;BR-210;158,000;159,000;1,000;10/09/2021;0,64622029;-51,844487;;53,750
AP;BR-210;159,000;160,000;1,000;10/09/2021;0,64622029;-51,844487;;67,500
AP;BR-210;160,000;161,000;1,000;10/09/2021;0,64622029;-51,844487;;75,000
AP;BR-210;161,000;162,000;1,000;10/09/2021;0,64622029;-51,844487;;75,000
AP;BR-210;162,000;163,000;1,000;10/09/2021;0,64622029;-51,844487;;42,500
AP;BR-210;163,000;164,000;1,000;10/09/2021;0,64622029;-51,844487;;67,500
AP;BR-210;164,000;165,000;1,000;10/09/2021;0,69732144;-51,8903717;;76,250
AP;BR-210;165,000;166,000;1,000;10/09/2021;0,69732144;-51,8903717;;73,750
AP;BR-210;166,000;167,000;1,000;10/09/2021;0,69732144;-51,8903717;;60,000
AP;BR-210;167,000;168,000;1,000;10/09/2021;0,69732144;-51,8903717;;60,000
AP;BR-210;168,000;169,000;1,000;10/09/2021;0,69732144;-51,8903717;;78,750
AP;BR-210;169,000;170,000;1,000;10/09/2021;0,73244465;-51,9128715;;72,500
AP;BR-210;170,000;171,000;1,000;10/09/2021;0,73244465;-51,9128715;;72,500
AP;BR-210;171,000;172,000;1,000;10/09/2021;0,73244465;-51,9128715;;60,000
AP;BR-210;172,000;173,000;1,000;10/09/2021;0,73244465;-51,9128715;;78,750
AP;BR-210;173,000;174,000;1,000;10/09/2021;0,76393793;-51,943155;;67,500
AP;BR-210;174,000;175,000;1,000;10/09/2021;0,76393793;-51,943155;;35,000
AP;BR-210;175,000;176,000;1,000;10/09/2021;0,77081888;-51,9517749;;67,500
AP;BR-210;176,000;177,000;1,000;10/09/2021;0,77081888;-51,9517749;;75,000
AP;BR-210;177,000;178,000;1,000;10/09/2021;0,77081888;-51,9517749;;78,750
AP;BR-210;178,000;179,000;1,000;10/09/2021;0,77081888;-51,9517749;;73,750
AP;BR-210;179,000;180,000;1,000;10/09/2021;0,80313038;-51,9741737;;53,750
AP;BR-210;180,000;181,000;1,000;10/09/2021;0,80843139;-51,9803215;;35,000
AP;BR-210;181,000;182,000;1,000;10/09/2021;0,80843139;-51,9803215;;60,000
AP;BR-210;182,000;183,000;1,000;10/09/2021;0,80843139;-51,9803215;;71,250
AP;BR-210;183,000;184,000;1,000;10/09/2021;0,82379663;-51,9864659;;75,000
AP;BR-210;184,000;185,000;1,000;10/09/2021;0,82379663;-51,9864659;;75,000
AP;BR-210;185,000;186,000;1,000;10/09/2021;0,82379663;-51,9864659;;47,500
AP;BR-210;186,000;187,000;1,000;10/09/2021;0,83165;-51,9983075;;42,500
AP;BR-210;187,000;188,000;1,000;10/09/2021;0,83165;-51,9983075;;61,250
AP;BR-210;188,000;189,000;1,000;10/09/2021;0,83165;-51,9983075;;67,500
AP;BR-210;189,000;190,000;1,000;10/09/2021;0,83165;-51,9983075;;67,500
AP;BR-210;190,000;191,000;1,000;10/09/2021;0,83165;-51,9983075;;71,250
AP;BR-210;191,000;192,000;1,000;10/09/2021;0,83165;-51,9983075;;77,500
AP;BR-210;192,000;193,000;1,000;10/09/2021;0,83165;-51,9983075;;75,000
AP;BR-210;193,000;194,000;1,000;10/09/2021;0,83165;-51,9983075;;2,500
AP;BR-210;194,000;195,000;1,000;10/09/2021;0,8550309;-52,0246067;;10,000
AP;BR-210;195,000;196,000;1,000;10/09/2021;0,8550309;-52,0246067;;25,000
AP;BR-210;196,000;197,000;1,000;10/09/2021;0,8550309;-52,0246067;;32,500
AP;BR-210;197,000;198,000;1,000;10/09/2021;0,8550309;-52,0246067;;25,000
AP;BR-210;198,000;199,000;1,000;10/09/2021;0,8550309;-52,0246067;;26,250
AP;BR-210;199,000;200,000;1,000;10/09/2021;0,8550309;-52,0246067;;26,250
AP;BR-210;200,000;201,000;1,000;10/09/2021;0,8550309;-52,0246067;;25,000
AP;BR-210;201,000;202,000;1,000;10/09/2021;0,88690256;-52,0730633;;25,000
AP;BR-210;202,000;203,000;1,000;10/09/2021;0,88690256;-52,0730633;;25,000
AP;BR-210;203,000;204,000;1,000;10/09/2021;0,88690256;-52,0730633;;10,000
AP;BR-210;204,000;205,000;1,000;10/09/2021;0,88690256;-52,0730633;;10,000
AP;BR-210;205,000;206,000;1,000;10/09/2021;0,88690256;-52,0730633;;10,000
AP;BR-210;206,000;207,000;1,000;10/09/2021;0,88690256;-52,0730633;;10,000
AP;BR-210;207,000;208,000;1,000;10/09/2021;0,88690256;-52,0730633;;10,000
AP;BR-210;208,000;209,000;1,000;10/09/2021;0,88690256;-52,0730633;;10,000
AP;BR-210;209,000;210,000;1,000;10/09/2021;0,88690256;-52,0730633;;10,000
AP;BR-210;210,000;211,000;1,000;10/09/2021;0,88690256;-52,0730633;;10,000
AP;BR-210;211,000;212,000;1,000;10/09/2021;0,88690256;-52,0730633;;10,000
AP;BR-210;212,000;213,000;1,000;10/09/2021;0,88690256;-52,0730633;;32,500
AP;BR-210;213,000;214,000;1,000;10/09/2021;0,93187493;-52,1709237;;10,000
AP;BR-210;214,000;215,000;1,000;10/09/2021;0,93187493;-52,1709237;;10,000
AL;BR-416;29,600;28,000;1,600;15/09/2021;-8,948505;-35,853215;;100,000
AL;BR-416;28,000;27,000;1,000;15/09/2021;-8,948505;-35,853215;;100,000
AL;BR-416;27,000;26,000;1,000;15/09/2021;-8,944055;-35,7913366;;100,000
AL;BR-416;26,000;25,000;1,000;15/09/2021;-8,94214333;-35,7889766;;100,000
MG;BR-259;169,600;170,000;0,400;17/09/2021;-18,840955;-41,9547135;INÍCIO DO SNV 259BMG0180;40,000
MG;BR-259;170,000;171,000;1,000;17/09/2021;-18,8396471;-41,9561556;;52,500
MG;BR-259;171,000;172,000;1,000;17/09/2021;-18,8396471;-41,9561556;;52,500
MG;BR-259;172,000;172,800;0,800;17/09/2021;-18,8408757;-41,9546521;FINAL DO SNV 259BMG0180;66,250
PA;BR-163;676,000;677,000;1,000;17/09/2021;-4,3137915;-55,9593533;;75,000
PA;BR-163;677,000;678,000;1,000;17/09/2021;-4,3137915;-55,9593533;;70,000
PA;BR-163;678,000;679,000;1,000;17/09/2021;-4,3137915;-55,9593533;;51,250
PA;BR-163;679,000;680,000;1,000;17/09/2021;-4,3137915;-55,9593533;;63,750
PA;BR-163;680,000;681,000;1,000;17/09/2021;-4,3137915;-55,9593533;;63,750
PA;BR-163;681,000;682,000;1,000;17/09/2021;-4,3137915;-55,9593533;;70,000
PA;BR-163;682,000;683,000;1,000;17/09/2021;-4,3137915;-55,9593533;;70,000
PA;BR-163;683,000;684,000;1,000;17/09/2021;-4,3137915;-55,9593533;;63,750
PA;BR-163;684,000;685,000;1,000;17/09/2021;-4,3137915;-55,9593533;;70,000
PA;BR-163;685,000;686,000;1,000;17/09/2021;-4,3137915;-55,9593533;;63,750
PA;BR-163;686,000;687,000;1,000;17/09/2021;-4,3137915;-55,9593533;;67,500
PA;BR-163;687,000;688,000;1,000;17/09/2021;-4,3137915;-55,9593533;;63,750
PA;BR-163;688,000;689,000;1,000;17/09/2021;-4,3137915;-55,9593533;;63,750
PA;BR-163;689,000;690,000;1,000;17/09/2021;-4,3137915;-55,9593533;;67,500
PA;BR-163;690,000;691,000;1,000;17/09/2021;-4,3137915;-55,9593533;;63,750
PA;BR-163;691,000;692,000;1,000;17/09/2021;-4,3137915;-55,9593533;;63,750
PA;BR-163;692,000;693,000;1,000;17/09/2021;-4,3137915;-55,9593533;;63,750
PA;BR-163;693,000;694,000;1,000;17/09/2021;-4,3137915;-55,9593533;;63,750
PA;BR-163;694,000;695,000;1,000;17/09/2021;-4,3137915;-55,9593533;;73,750
PA;BR-163;695,000;696,000;1,000;17/09/2021;-4,3137915;-55,9593533;;63,750
PA;BR-163;696,000;697,000;1,000;17/09/2021;-4,3137915;-55,9593533;;63,750
PA;BR-163;697,000;698,000;1,000;17/09/2021;-4,3137915;-55,9593533;;63,750
PA;BR-163;698,000;699,000;1,000;17/09/2021;-4,3137915;-55,9593533;;70,000
PA;BR-163;699,000;700,000;1,000;17/09/2021;-4,3137915;-55,9593533;;63,750
PA;BR-163;700,000;701,000;1,000;17/09/2021;-4,3137915;-55,9593533;;63,750
PA;BR-163;701,000;702,000;1,000;17/09/2021;-4,3137915;-55,9593533;;63,750
PA;BR-163;702,000;703,000;1,000;17/09/2021;-4,3137915;-55,9593533;;63,750
PA;BR-163;703,000;704,000;1,000;17/09/2021;-4,3137915;-55,9593533;;63,750
PA;BR-163;722,100;723,000;0,900;17/09/2021;-4,1946576;-55,4893625;;63,750
PA;BR-163;723,000;724,000;1,000;17/09/2021;-4,1946576;-55,4893625;;63,750
PA;BR-163;732,680;733,000;0,320;17/09/2021;-4,1944675;-55,4910072;;56,250
PA;BR-163;733,000;734,000;1,000;17/09/2021;-4,1944675;-55,4910072;;57,500
PA;BR-163;734,000;735,000;1,000;17/09/2021;-4,1944675;-55,4910072;;63,750
PA;BR-163;735,000;736,000;1,000;17/09/2021;-4,1944675;-55,4910072;;63,750
PA;BR-163;736,000;737,000;1,000;17/09/2021;-4,1944675;-55,4910072;;70,000
PA;BR-163;737,000;738,000;1,000;17/09/2021;-4,1944675;-55,4910072;;63,750
PA;BR-163;676,000;677,000;1,000;20/09/2021;0;0;;51,250
PA;BR-163;677,000;678,000;1,000;20/09/2021;0;0;;55,000
PA;BR-163;678,000;679,000;1,000;20/09/2021;0;0;;67,500
PA;BR-163;679,000;680,000;1,000;20/09/2021;0;0;;67,500
PA;BR-163;680,000;681,000;1,000;20/09/2021;0;0;;67,500
PA;BR-163;681,000;682,000;1,000;20/09/2021;0;0;;67,500
PA;BR-163;682,000;683,000;1,000;20/09/2021;0;0;;63,750
PA;BR-163;683,000;684,000;1,000;20/09/2021;0;0;;67,500
PA;BR-163;684,000;685,000;1,000;20/09/2021;0;0;;67,500
PA;BR-163;685,000;686,000;1,000;20/09/2021;0;0;;67,500
PA;BR-163;686,000;687,000;1,000;20/09/2021;0;0;;67,500
PA;BR-163;687,000;688,000;1,000;20/09/2021;0;0;;67,500
PA;BR-163;688,000;689,000;1,000;20/09/2021;0;0;;68,750
PA;BR-163;689,000;690,000;1,000;20/09/2021;0;0;;68,750
PA;BR-163;690,000;691,000;1,000;20/09/2021;0;0;;67,500
PA;BR-163;691,000;692,000;1,000;20/09/2021;0;0;;67,500
PA;BR-163;692,000;693,000;1,000;20/09/2021;0;0;;67,500
PA;BR-163;693,000;694,000;1,000;20/09/2021;0;0;;67,500
PA;BR-163;694,000;695,000;1,000;20/09/2021;0;0;;67,500
PA;BR-163;695,000;696,000;1,000;20/09/2021;0;0;;67,500
PA;BR-163;696,000;697,000;1,000;20/09/2021;0;0;;67,500
PA;BR-163;697,000;698,000;1,000;20/09/2021;0;0;;63,750
PA;BR-163;698,000;699,000;1,000;20/09/2021;0;0;;63,750
PA;BR-163;699,000;700,000;1,000;20/09/2021;0;0;;63,750
PA;BR-163;700,000;701,000;1,000;20/09/2021;0;0;;63,750
PA;BR-163;701,000;702,000;1,000;20/09/2021;0;0;;63,750
PA;BR-163;702,000;703,000;1,000;20/09/2021;0;0;;63,750
PA;BR-163;703,000;704,000;1,000;20/09/2021;0;0;;63,750
PA;BR-163;704,000;705,000;1,000;20/09/2021;0;0;;63,750
PA;BR-163;722,100;723,000;0,900;20/09/2021;-4,1944355;-55,4886796;;56,250
PA;BR-163;723,000;724,000;1,000;20/09/2021;-4,1944355;-55,4886796;;56,250
PA;BR-163;724,000;725,000;1,000;20/09/2021;-4,1944355;-55,4886796;;50,000
PA;BR-163;732,680;733,000;0,320;20/09/2021;-4,1779427;-55,3689324;;62,500
PA;BR-163;733,000;734,000;1,000;20/09/2021;-4,1779427;-55,3689324;;62,500
PA;BR-163;734,000;735,000;1,000;20/09/2021;-4,1779427;-55,3689324;;62,500
PA;BR-163;735,000;736,000;1,000;20/09/2021;-4,1779427;-55,3689324;;62,500
PA;BR-163;736,000;737,000;1,000;20/09/2021;-4,1779427;-55,3689324;;63,750
PA;BR-163;737,000;738,000;1,000;20/09/2021;-4,1779427;-55,3689324;;62,500
PA;BR-230;1161,600;1162,000;0,400;21/09/2021;-4,2961846;-55,9583089;;68,750
PA;BR-230;1162,000;1163,000;1,000;21/09/2021;-4,2961846;-55,9583089;;72,500
PA;BR-230;1163,000;1164,000;1,000;21/09/2021;-4,2961846;-55,9583089;;72,500
PA;BR-230;1164,000;1165,000;1,000;21/09/2021;-4,2961846;-55,9583089;;70,000
PA;BR-230;1165,000;1166,000;1,000;21/09/2021;-4,2961846;-55,9583089;;70,000
PA;BR-230;1166,000;1167,000;1,000;21/09/2021;-4,2961846;-55,9583089;;70,000
PA;BR-230;1167,000;1168,000;1,000;21/09/2021;-4,2961846;-55,9583089;;73,750
PA;BR-230;1168,000;1169,000;1,000;21/09/2021;-4,2961846;-55,9583089;;73,750
PA;BR-230;1169,000;1170,000;1,000;21/09/2021;-4,2961846;-55,9583089;;81,250
PA;BR-230;1170,000;1171,000;1,000;21/09/2021;-4,2961846;-55,9583089;;73,750
PA;BR-230;1171,000;1172,000;1,000;21/09/2021;-4,2961846;-55,9583089;;73,750
PA;BR-230;1172,000;1173,000;1,000;21/09/2021;-4,2961846;-55,9583089;;73,750
PA;BR-230;1173,000;1174,000;1,000;21/09/2021;-4,2961846;-55,9583089;;73,750
PA;BR-230;1174,000;1175,000;1,000;21/09/2021;-4,2961846;-55,9583089;;73,750
PA;BR-230;1175,000;1176,000;1,000;21/09/2021;-4,2961846;-55,9583089;;73,750
PA;BR-230;1176,000;1177,000;1,000;21/09/2021;-4,2961846;-55,9583089;;73,750
PA;BR-230;1177,000;1178,000;1,000;21/09/2021;-4,2961846;-55,9583089;;75,000
PA;BR-230;1178,000;1179,000;1,000;21/09/2021;-4,2961846;-55,9583089;;63,750
PA;BR-230;1179,000;1180,000;1,000;21/09/2021;-4,2961846;-55,9583089;;63,750
PA;BR-230;1180,000;1181,000;1,000;21/09/2021;-4,2961846;-55,9583089;;67,500
PA;BR-230;1181,000;1182,000;1,000;21/09/2021;-4,2961846;-55,9583089;;63,750
PA;BR-230;1182,000;1183,000;1,000;21/09/2021;-4,2961846;-55,9583089;;61,250
PA;BR-230;1183,000;1184,000;1,000;21/09/2021;-4,2961846;-55,9583089;;73,750
PA;BR-230;1184,000;1185,000;1,000;21/09/2021;-4,2961846;-55,9583089;;81,250
PA;BR-230;1185,000;1186,000;1,000;21/09/2021;-4,2961846;-55,9583089;;81,250
PA;BR-230;1186,000;1187,000;1,000;21/09/2021;-4,2961846;-55,9583089;;81,250
PA;BR-230;1187,000;1188,000;1,000;21/09/2021;-4,2961846;-55,9583089;;81,250
PA;BR-230;1188,000;1189,000;1,000;21/09/2021;-4,2961846;-55,9583089;;70,000
PA;BR-230;1189,000;1190,000;1,000;21/09/2021;-4,2961846;-55,9583089;;73,750
PA;BR-230;1190,000;1191,000;1,000;21/09/2021;-4,2961846;-55,9583089;;73,750
PA;BR-230;1191,000;1192,000;1,000;21/09/2021;-4,2961846;-55,9583089;;70,000
PA;BR-230;1192,000;1193,000;1,000;21/09/2021;-4,2961846;-55,9583089;;70,000
PA;BR-230;1193,000;1194,000;1,000;21/09/2021;-4,2961846;-55,9583089;;70,000
PA;BR-230;1194,000;1195,000;1,000;21/09/2021;-4,2961846;-55,9583089;;68,750
PA;BR-230;1195,000;1196,000;1,000;21/09/2021;-4,2961846;-55,9583089;;67,500
PA;BR-230;1196,000;1197,000;1,000;21/09/2021;-4,2961846;-55,9583089;;70,000
PA;BR-230;1197,000;1198,000;1,000;21/09/2021;-4,2961846;-55,9583089;;70,000
PA;BR-230;1198,000;1199,000;1,000;21/09/2021;-4,2961846;-55,9583089;;70,000
PA;BR-230;1199,000;1200,000;1,000;21/09/2021;-4,2961846;-55,9583089;;81,250
PA;BR-230;1200,000;1201,000;1,000;21/09/2021;-4,2961846;-55,9583089;;81,250
PA;BR-230;1201,000;1202,000;1,000;21/09/2021;-4,2961846;-55,9583089;;81,250
PA;BR-230;1202,000;1203,000;1,000;21/09/2021;-4,2961846;-55,9583089;;81,250
PA;BR-230;1203,000;1204,000;1,000;21/09/2021;-4,2961846;-55,9583089;;73,750
PA;BR-230;1204,000;1205,000;1,000;21/09/2021;-4,2961846;-55,9583089;;70,000
PA;BR-230;1205,000;1206,000;1,000;21/09/2021;-4,2961846;-55,9583089;;70,000
PA;BR-230;1206,000;1207,000;1,000;21/09/2021;-4,2961846;-55,9583089;;85,000
PA;BR-230;1207,000;1208,000;1,000;21/09/2021;-4,2961846;-55,9583089;;70,000
PA;BR-230;1208,000;1209,000;1,000;21/09/2021;-4,2961846;-55,9583089;;77,500
PA;BR-230;1209,000;1210,000;1,000;21/09/2021;-4,2961846;-55,9583089;;77,500
PA;BR-230;1210,000;1211,000;1,000;21/09/2021;-4,2961846;-55,9583089;;77,500
PA;BR-230;1211,000;1212,000;1,000;21/09/2021;-4,2961846;-55,9583089;;70,000
PA;BR-230;1212,000;1213,000;1,000;21/09/2021;-4,2961846;-55,9583089;;70,000
PA;BR-230;1213,000;1214,000;1,000;21/09/2021;-4,2961846;-55,9583089;;73,750
PA;BR-230;1214,000;1215,000;1,000;21/09/2021;-4,2961846;-55,9583089;;70,000
PA;BR-230;1215,000;1216,000;1,000;21/09/2021;-4,2961846;-55,9583089;;68,750
PA;BR-230;1216,000;1217,000;1,000;21/09/2021;-4,2961846;-55,9583089;;68,750
PA;BR-230;1217,000;1218,000;1,000;21/09/2021;-4,2961846;-55,9583089;;68,750
PA;BR-230;1218,000;1219,000;1,000;21/09/2021;-4,2961846;-55,9583089;;73,750
PA;BR-230;1219,000;1220,000;1,000;21/09/2021;-4,2961846;-55,9583089;;77,500
PA;BR-230;1220,000;1221,000;1,000;21/09/2021;-4,2961846;-55,9583089;;70,000
PA;BR-230;1221,000;1222,000;1,000;21/09/2021;-4,2961846;-55,9583089;;73,750
PA;BR-230;1222,000;1223,000;1,000;21/09/2021;-4,2961846;-55,9583089;;63,750
PA;BR-230;1223,000;1224,000;1,000;21/09/2021;-4,2961846;-55,9583089;;78,750
PA;BR-230;1224,000;1225,000;1,000;21/09/2021;-4,2961846;-55,9583089;;73,750
PA;BR-230;1225,000;1226,000;1,000;21/09/2021;-4,2961846;-55,9583089;;73,750
PA;BR-230;1226,000;1227,000;1,000;21/09/2021;-4,2961846;-55,9583089;;52,500
PA;BR-230;1227,000;1228,000;1,000;21/09/2021;-4,2961846;-55,9583089;;73,750
PA;BR-230;1228,000;1229,000;1,000;21/09/2021;-4,2961846;-55,9583089;;63,750
PA;BR-230;1229,000;1230,000;1,000;21/09/2021;-4,2961846;-55,9583089;;70,000
PA;BR-230;1230,000;1231,000;1,000;21/09/2021;-4,2961846;-55,9583089;;70,000
PA;BR-230;1231,000;1232,000;1,000;21/09/2021;-4,2961846;-55,9583089;;70,000
PA;BR-230;1232,000;1233,000;1,000;21/09/2021;-4,2961846;-55,9583089;;77,500
PA;BR-230;1233,000;1234,000;1,000;21/09/2021;-4,2961846;-55,9583089;;45,000
PA;BR-230;1234,000;1235,000;1,000;21/09/2021;-4,2961846;-55,9583089;;57,500
PA;BR-230;1235,000;1236,000;1,000;21/09/2021;-4,2961846;-55,9583089;;73,750
PA;BR-230;1236,000;1237,000;1,000;21/09/2021;-4,2961846;-55,9583089;;70,000
PA;BR-230;1237,000;1238,000;1,000;21/09/2021;-4,2961846;-55,9583089;;73,750
PA;BR-230;1238,000;1239,000;1,000;21/09/2021;-4,2961846;-55,9583089;;73,750
PA;BR-230;1239,000;1240,000;1,000;21/09/2021;-4,2961846;-55,9583089;;70,000
PA;BR-230;1240,000;1241,000;1,000;21/09/2021;-4,2961846;-55,9583089;;57,500
PA;BR-230;1241,000;1242,000;1,000;21/09/2021;-4,2961846;-55,9583089;;73,750
PA;BR-230;1242,000;1243,000;1,000;21/09/2021;-4,2961846;-55,9583089;;73,750
PA;BR-230;1243,000;1244,000;1,000;21/09/2021;-4,2961846;-55,9583089;;77,500
PA;BR-230;1244,000;1245,000;1,000;21/09/2021;-4,2961846;-55,9583089;;70,000
PA;BR-230;1245,000;1246,000;1,000;21/09/2021;-4,2961846;-55,9583089;;77,500
PA;BR-230;1246,000;1247,000;1,000;21/09/2021;-4,2961846;-55,9583089;;63,750
PA;BR-230;1247,000;1248,000;1,000;21/09/2021;-4,2961846;-55,9583089;;73,750
PA;BR-230;1248,000;1249,000;1,000;21/09/2021;-4,2961846;-55,9583089;;73,750
PA;BR-230;1249,000;1250,000;1,000;21/09/2021;-4,2961846;-55,9583089;;73,750
PA;BR-230;1250,000;1251,000;1,000;21/09/2021;-4,2961846;-55,9583089;;67,500
PA;BR-230;1251,000;1252,000;1,000;21/09/2021;-4,2961846;-55,9583089;;73,750
PA;BR-230;1252,000;1253,000;1,000;21/09/2021;-4,2961846;-55,9583089;;70,000
PA;BR-230;1253,000;1254,000;1,000;21/09/2021;-4,2961846;-55,9583089;;70,000
PA;BR-230;1254,000;1255,000;1,000;21/09/2021;-4,2961846;-55,9583089;;73,750
PA;BR-230;1255,000;1256,000;1,000;21/09/2021;-4,2961846;-55,9583089;;73,750
PA;BR-230;1256,000;1257,000;1,000;21/09/2021;-4,2961846;-55,9583089;;73,750
PA;BR-230;1257,000;1258,000;1,000;21/09/2021;-4,2961846;-55,9583089;;70,000
PA;BR-230;1258,000;1259,000;1,000;21/09/2021;-4,2961846;-55,9583089;;70,000
PA;BR-230;1259,000;1260,000;1,000;21/09/2021;-4,2961846;-55,9583089;;63,750
PA;BR-230;1260,000;1261,000;1,000;21/09/2021;-4,2961846;-55,9583089;;73,750
PA;BR-230;1261,000;1262,000;1,000;21/09/2021;-4,2961846;-55,9583089;;81,250
PA;BR-230;1262,000;1263,000;1,000;21/09/2021;-4,2961846;-55,9583089;;70,000
PA;BR-230;1263,000;1264,000;1,000;21/09/2021;-4,2961846;-55,9583089;;73,750
PA;BR-230;1264,000;1265,000;1,000;21/09/2021;-4,2961846;-55,9583089;;73,750
PA;BR-230;1265,000;1266,000;1,000;21/09/2021;-4,2961846;-55,9583089;;70,000
PA;BR-230;1266,000;1267,000;1,000;21/09/2021;-4,2961846;-55,9583089;;67,500
PA;BR-230;1267,000;1268,000;1,000;21/09/2021;-4,2961846;-55,9583089;;73,750
PA;BR-230;1268,000;1269,000;1,000;21/09/2021;-4,2961846;-55,9583089;;70,000
PA;BR-230;1269,000;1270,000;1,000;21/09/2021;-4,2961846;-55,9583089;;63,750
PA;BR-230;1270,000;1271,000;1,000;21/09/2021;-4,2961846;-55,9583089;;73,750
PA;BR-230;1271,000;1272,000;1,000;21/09/2021;-4,2961846;-55,9583089;;73,750
PA;BR-230;1272,000;1273,000;1,000;21/09/2021;-4,2961846;-55,9583089;;73,750
PA;BR-230;1273,000;1274,000;1,000;21/09/2021;-4,2961846;-55,9583089;;77,500
PA;BR-230;1274,000;1275,000;1,000;21/09/2021;-4,2961846;-55,9583089;;73,750
PA;BR-230;1275,000;1276,000;1,000;21/09/2021;-4,2961846;-55,9583089;;70,000
PA;BR-230;1276,000;1277,000;1,000;21/09/2021;-4,2961846;-55,9583089;;70,000
PA;BR-230;1277,000;1278,000;1,000;21/09/2021;-4,2961846;-55,9583089;;77,500
PA;BR-230;1278,000;1279,000;1,000;21/09/2021;-4,2961846;-55,9583089;;81,250
PA;BR-230;1279,000;1280,000;1,000;21/09/2021;-4,2961846;-55,9583089;;70,000
PA;BR-230;1280,000;1281,000;1,000;21/09/2021;-4,2961846;-55,9583089;;63,750
PA;BR-230;1281,000;1282,000;1,000;21/09/2021;-4,2961846;-55,9583089;;73,750
PA;BR-230;1282,000;1283,000;1,000;21/09/2021;-4,2961846;-55,9583089;;73,750
PA;BR-230;1283,000;1284,000;1,000;21/09/2021;-4,2961846;-55,9583089;;73,750
PA;BR-230;1284,000;1285,000;1,000;21/09/2021;-4,2961846;-55,9583089;;70,000
PA;BR-230;1285,000;1286,000;1,000;21/09/2021;-4,2961846;-55,9583089;;73,750
PA;BR-230;1286,000;1287,000;1,000;21/09/2021;-4,2961846;-55,9583089;;73,750
PA;BR-230;1287,000;1288,000;1,000;21/09/2021;-4,2961846;-55,9583089;;73,750
PA;BR-230;1288,000;1289,000;1,000;21/09/2021;-4,2961846;-55,9583089;;73,750
PA;BR-230;1289,000;1290,000;1,000;21/09/2021;-4,2961846;-55,9583089;;73,750
PA;BR-230;1290,000;1291,000;1,000;21/09/2021;-4,2961846;-55,9583089;;70,000
PA;BR-230;1291,000;1292,000;1,000;21/09/2021;-4,2961846;-55,9583089;;81,250
PA;BR-230;1292,000;1293,000;1,000;21/09/2021;-4,2961846;-55,9583089;;73,750
PA;BR-230;1293,000;1294,000;1,000;21/09/2021;-4,2961846;-55,9583089;;73,750
PA;BR-230;1294,000;1295,000;1,000;21/09/2021;-4,2961846;-55,9583089;;73,750
PA;BR-230;1295,000;1296,000;1,000;21/09/2021;-4,2961846;-55,9583089;;73,750
PA;BR-230;1294,500;1295,000;0,500;22/09/2021;-4,2961846;-55,9583089;;73,750
PA;BR-230;1295,000;1296,000;1,000;22/09/2021;-4,2961846;-55,9583089;;73,750
PA;BR-230;1296,000;1297,000;1,000;22/09/2021;-4,2961846;-55,9583089;;77,500
PA;BR-230;1297,000;1298,000;1,000;22/09/2021;-4,2961846;-55,9583089;;73,750
PA;BR-230;1298,000;1299,000;1,000;22/09/2021;-4,2961846;-55,9583089;;63,750
PA;BR-230;1299,000;1300,000;1,000;22/09/2021;-4,2961846;-55,9583089;;62,500
PA;BR-230;1300,000;1301,000;1,000;22/09/2021;-4,2961846;-55,9583089;;73,750
PA;BR-230;1301,000;1302,000;1,000;22/09/2021;-4,2961846;-55,9583089;;73,750
PA;BR-230;1302,000;1303,000;1,000;22/09/2021;-4,2961846;-55,9583089;;73,750
PA;BR-230;1303,000;1304,000;1,000;22/09/2021;-4,2961846;-55,9583089;;81,250
PA;BR-230;1304,000;1305,000;1,000;22/09/2021;-4,2961846;-55,9583089;;73,750
PA;BR-230;1305,000;1306,000;1,000;22/09/2021;-4,2961846;-55,9583089;;73,750
PA;BR-230;1306,000;1307,000;1,000;22/09/2021;-4,2961846;-55,9583089;;73,750
PA;BR-230;1307,000;1308,000;1,000;22/09/2021;-4,2961846;-55,9583089;;73,750
PA;BR-230;1308,000;1309,000;1,000;22/09/2021;-4,2961846;-55,9583089;;77,500
PA;BR-230;1309,000;1310,000;1,000;22/09/2021;-4,2961846;-55,9583089;;73,750
PA;BR-230;1310,000;1311,000;1,000;22/09/2021;-4,2961846;-55,9583089;;77,500
PA;BR-230;1311,000;1312,000;1,000;22/09/2021;-4,2961846;-55,9583089;;73,750
PA;BR-230;1312,000;1313,000;1,000;22/09/2021;-4,2961846;-55,9583089;;67,500
PA;BR-230;1313,000;1314,000;1,000;22/09/2021;-4,2961846;-55,9583089;;70,000
PA;BR-230;1314,000;1315,000;1,000;22/09/2021;-4,2961846;-55,9583089;;70,000
PA;BR-230;1315,000;1316,000;1,000;22/09/2021;-4,2961846;-55,9583089;;77,500
PA;BR-230;1316,000;1317,000;1,000;22/09/2021;-4,2961846;-55,9583089;;73,750
PA;BR-230;1317,000;1318,000;1,000;22/09/2021;-4,2961846;-55,9583089;;77,500
PA;BR-230;1318,000;1319,000;1,000;22/09/2021;-4,2961846;-55,9583089;;73,750
PA;BR-230;1319,000;1320,000;1,000;22/09/2021;-4,2961846;-55,9583089;;73,750
PA;BR-230;1320,000;1321,000;1,000;22/09/2021;-4,2961846;-55,9583089;;73,750
PA;BR-230;1321,000;1322,000;1,000;22/09/2021;-4,2961846;-55,9583089;;70,000
PA;BR-230;1322,000;1323,000;1,000;22/09/2021;-4,2961846;-55,9583089;;63,750
PA;BR-230;1323,000;1324,000;1,000;22/09/2021;-4,2961846;-55,9583089;;63,750
PA;BR-230;1324,000;1325,000;1,000;22/09/2021;-4,2961846;-55,9583089;;62,500
PA;BR-230;1325,000;1326,000;1,000;22/09/2021;-4,2961846;-55,9583089;;56,250
PA;BR-230;1326,000;1327,000;1,000;22/09/2021;-4,2961846;-55,9583089;;62,500
PA;BR-230;1327,000;1328,000;1,000;22/09/2021;-4,2961846;-55,9583089;;68,750
PA;BR-230;1328,000;1329,000;1,000;22/09/2021;-4,2961846;-55,9583089;;73,750
PA;BR-230;1329,000;1330,000;1,000;22/09/2021;-4,2961846;-55,9583089;;73,750
PA;BR-230;1330,000;1331,000;1,000;22/09/2021;-4,2961846;-55,9583089;;62,500
PA;BR-230;1331,000;1332,000;1,000;22/09/2021;-4,2961846;-55,9583089;;76,250
PA;BR-230;1332,000;1333,000;1,000;22/09/2021;-4,2961846;-55,9583089;;72,500
PA;BR-230;1333,000;1334,000;1,000;22/09/2021;-4,2961846;-55,9583089;;72,500
PA;BR-230;1334,000;1335,000;1,000;22/09/2021;-4,2961846;-55,9583089;;72,500
PA;BR-230;1335,000;1336,000;1,000;22/09/2021;-4,2961846;-55,9583089;;70,000
PA;BR-230;1336,000;1337,000;1,000;22/09/2021;-4,2961846;-55,9583089;;73,750
PA;BR-230;1337,000;1338,000;1,000;22/09/2021;-4,2961846;-55,9583089;;62,500
PA;BR-230;1338,000;1339,000;1,000;22/09/2021;-4,2961846;-55,9583089;;70,000
PA;BR-230;1339,000;1340,000;1,000;22/09/2021;-4,2961846;-55,9583089;;70,000
PA;BR-230;1340,000;1341,000;1,000;22/09/2021;-4,2961846;-55,9583089;;73,750
PA;BR-230;1341,000;1342,000;1,000;22/09/2021;-4,2961846;-55,9583089;;73,750
PA;BR-230;1342,000;1343,000;1,000;22/09/2021;-4,2961846;-55,9583089;;73,750
PA;BR-230;1343,000;1344,000;1,000;22/09/2021;-4,2961846;-55,9583089;;70,000
PA;BR-230;1344,000;1345,000;1,000;22/09/2021;-4,2961846;-55,9583089;;62,500
PA;BR-230;1345,000;1346,000;1,000;22/09/2021;-4,2961846;-55,9583089;;77,500
PA;BR-230;1346,000;1347,000;1,000;22/09/2021;-4,2961846;-55,9583089;;73,750
PA;BR-230;1347,000;1348,000;1,000;22/09/2021;-4,2961846;-55,9583089;;73,750
PA;BR-230;1348,000;1349,000;1,000;22/09/2021;-4,2961846;-55,9583089;;73,750
PA;BR-230;1349,000;1350,000;1,000;22/09/2021;-4,2961846;-55,9583089;;73,750
PA;BR-230;1350,000;1351,000;1,000;22/09/2021;-4,2961846;-55,9583089;;70,000
PA;BR-230;1351,000;1352,000;1,000;22/09/2021;-4,2961846;-55,9583089;;73,750
PA;BR-230;1352,000;1353,000;1,000;22/09/2021;-4,2961846;-55,9583089;;77,500
PA;BR-230;1353,000;1354,000;1,000;22/09/2021;-4,2961846;-55,9583089;;73,750
PA;BR-230;1354,000;1355,000;1,000;22/09/2021;-4,2961846;-55,9583089;;70,000
PA;BR-230;1355,000;1356,000;1,000;22/09/2021;-4,2961846;-55,9583089;;77,500
PA;BR-230;1356,000;1357,000;1,000;22/09/2021;-4,2961846;-55,9583089;;73,750
PA;BR-230;1357,000;1358,000;1,000;22/09/2021;-4,2961846;-55,9583089;;73,750
PA;BR-230;1358,000;1359,000;1,000;22/09/2021;-4,2961846;-55,9583089;;73,750
PA;BR-230;1359,000;1360,000;1,000;22/09/2021;-4,2961846;-55,9583089;;70,000
PA;BR-230;1360,000;1361,000;1,000;22/09/2021;-4,2961846;-55,9583089;;70,000
PA;BR-230;1361,000;1362,000;1,000;22/09/2021;-4,2961846;-55,9583089;;70,000
PA;BR-230;1362,000;1363,000;1,000;22/09/2021;-4,2961846;-55,9583089;;70,000
PA;BR-230;1363,000;1364,000;1,000;22/09/2021;-4,2961846;-55,9583089;;63,750
PA;BR-230;1364,000;1365,000;1,000;22/09/2021;-4,2961846;-55,9583089;;73,750
PA;BR-230;1365,000;1366,000;1,000;22/09/2021;-4,2961846;-55,9583089;;85,000
PA;BR-230;1366,000;1367,000;1,000;22/09/2021;-4,2961846;-55,9583089;;73,750
PA;BR-230;1367,000;1368,000;1,000;22/09/2021;-4,2961846;-55,9583089;;67,500
PA;BR-230;1368,000;1369,000;1,000;22/09/2021;-4,2961846;-55,9583089;;86,250
PA;BR-230;1369,000;1370,000;1,000;22/09/2021;-4,2961846;-55,9583089;;76,250
PA;BR-230;1370,000;1371,000;1,000;22/09/2021;-4,2961846;-55,9583089;;73,750
PA;BR-230;1371,000;1372,000;1,000;22/09/2021;-4,2961846;-55,9583089;;73,750
PA;BR-230;1372,000;1373,000;1,000;22/09/2021;-4,2961846;-55,9583089;;73,750
PA;BR-230;1373,000;1374,000;1,000;22/09/2021;-4,2961846;-55,9583089;;73,750
PA;BR-230;1374,000;1375,000;1,000;22/09/2021;-4,2961846;-55,9583089;;72,500
PA;BR-230;1375,000;1376,000;1,000;22/09/2021;-4,2961846;-55,9583089;;72,500
PA;BR-230;1376,000;1377,000;1,000;22/09/2021;-4,2961846;-55,9583089;;73,750
PA;BR-230;1377,000;1378,000;1,000;22/09/2021;-4,2961846;-55,9583089;;63,750
PA;BR-230;1378,000;1379,000;1,000;22/09/2021;-4,2961846;-55,9583089;;73,750
PA;BR-230;1379,000;1380,000;1,000;22/09/2021;-4,2961846;-55,9583089;;73,750
PA;BR-230;1380,000;1381,000;1,000;22/09/2021;-4,2961846;-55,9583089;;77,500
PA;BR-230;1381,000;1382,000;1,000;22/09/2021;-4,2961846;-55,9583089;;72,500
PA;BR-230;1382,000;1383,000;1,000;22/09/2021;-4,2961846;-55,9583089;;72,500
PA;BR-230;1383,000;1384,000;1,000;22/09/2021;-4,2961846;-55,9583089;;76,250
PA;BR-230;1384,000;1385,000;1,000;22/09/2021;-4,2961846;-55,9583089;;68,750
PA;BR-230;1385,000;1386,000;1,000;22/09/2021;-4,2961846;-55,9583089;;68,750
PA;BR-230;1386,000;1387,000;1,000;22/09/2021;-4,2961846;-55,9583089;;72,500
PA;BR-230;1387,000;1388,000;1,000;22/09/2021;-4,2961846;-55,9583089;;73,750
PA;BR-230;1388,000;1389,000;1,000;22/09/2021;-4,2961846;-55,9583089;;80,000
PA;BR-230;1389,000;1390,000;1,000;22/09/2021;-4,2961846;-55,9583089;;73,750
PA;BR-230;1390,000;1391,000;1,000;22/09/2021;-4,2961846;-55,9583089;;72,500
PA;BR-230;1391,000;1392,000;1,000;22/09/2021;-4,2961846;-55,9583089;;72,500
PA;BR-230;1392,000;1393,000;1,000;22/09/2021;-4,2961846;-55,9583089;;72,500
PA;BR-230;1393,000;1394,000;1,000;22/09/2021;-4,2961846;-55,9583089;;73,750
PA;BR-230;1394,000;1395,000;1,000;22/09/2021;-4,2961846;-55,9583089;;73,750
PA;BR-230;1395,000;1396,000;1,000;22/09/2021;-4,2961846;-55,9583089;;73,750
PA;BR-230;1396,000;1397,000;1,000;22/09/2021;-4,2961846;-55,9583089;;70,000
PA;BR-230;1397,000;1398,000;1,000;22/09/2021;-4,2961846;-55,9583089;;73,750
PA;BR-230;1398,000;1399,000;1,000;22/09/2021;-4,2961846;-55,9583089;;73,750
PA;BR-230;1399,000;1400,000;1,000;22/09/2021;-4,2961846;-55,9583089;;73,750
PA;BR-230;1400,000;1401,000;1,000;22/09/2021;-4,2961846;-55,9583089;;73,750
PA;BR-230;1401,000;1402,000;1,000;22/09/2021;-4,2961846;-55,9583089;;73,750
PA;BR-230;1402,000;1403,000;1,000;22/09/2021;-4,2961846;-55,9583089;;76,250
PA;BR-230;1403,000;1404,000;1,000;22/09/2021;-4,2961846;-55,9583089;;68,750
PA;BR-230;1404,000;1405,000;1,000;22/09/2021;-4,2961846;-55,9583089;;68,750
PA;BR-230;1405,000;1406,000;1,000;22/09/2021;-4,2961846;-55,9583089;;72,500
PA;BR-230;1406,000;1407,000;1,000;22/09/2021;-4,2961846;-55,9583089;;76,250
PA;BR-230;1407,000;1408,000;1,000;22/09/2021;-4,2961846;-55,9583089;;80,000
PA;BR-230;1408,000;1409,000;1,000;22/09/2021;-4,2961846;-55,9583089;;80,000
PA;BR-230;1409,000;1410,000;1,000;22/09/2021;-4,2961846;-55,9583089;;80,000
PA;BR-230;1410,000;1411,000;1,000;22/09/2021;-4,2961846;-55,9583089;;72,500
PA;BR-230;1411,000;1412,000;1,000;22/09/2021;-4,2961846;-55,9583089;;73,750
PA;BR-230;1412,000;1413,000;1,000;22/09/2021;-4,2961846;-55,9583089;;73,750
PA;BR-230;1413,000;1414,000;1,000;22/09/2021;-4,2961846;-55,9583089;;70,000
PA;BR-230;1414,000;1415,000;1,000;22/09/2021;-4,2961846;-55,9583089;;73,750
PA;BR-230;1415,000;1416,000;1,000;22/09/2021;-4,2961846;-55,9583089;;80,000
PA;BR-230;1416,000;1417,000;1,000;22/09/2021;-4,2961846;-55,9583089;;73,750
PA;BR-230;1417,000;1418,000;1,000;22/09/2021;-4,2961846;-55,9583089;;73,750
PA;BR-230;1418,000;1419,000;1,000;22/09/2021;-4,2961846;-55,9583089;;73,750
PA;BR-230;1419,000;1420,000;1,000;22/09/2021;-4,2961846;-55,9583089;;77,500
PA;BR-230;1420,000;1421,000;1,000;22/09/2021;-4,2961846;-55,9583089;;77,500
PA;BR-230;1421,000;1422,000;1,000;22/09/2021;-4,2961846;-55,9583089;;73,750
PA;BR-230;1422,000;1423,000;1,000;22/09/2021;-4,2961846;-55,9583089;;73,750
PA;BR-230;1423,000;1424,000;1,000;22/09/2021;-4,2961846;-55,9583089;;73,750
PA;BR-230;1424,000;1425,000;1,000;22/09/2021;-4,2961846;-55,9583089;;70,000
PA;BR-230;1425,000;1426,000;1,000;22/09/2021;-4,2961846;-55,9583089;;73,750
PA;BR-230;1426,000;1427,000;1,000;22/09/2021;-4,2961846;-55,9583089;;81,250
PA;BR-230;1427,000;1428,000;1,000;22/09/2021;-4,2961846;-55,9583089;;70,000
PA;BR-230;1428,000;1429,000;1,000;22/09/2021;-4,2961846;-55,9583089;;73,750
PA;BR-230;1429,000;1430,000;1,000;22/09/2021;-4,2961846;-55,9583089;;77,500
PA;BR-230;1430,000;1431,000;1,000;22/09/2021;-4,2961846;-55,9583089;;73,750
PA;BR-230;1431,000;1432,000;1,000;22/09/2021;-4,2961846;-55,9583089;;73,750
PA;BR-230;1432,000;1433,000;1,000;22/09/2021;-4,2961846;-55,9583089;;81,250
PA;BR-230;1433,000;1434,000;1,000;22/09/2021;-4,2961846;-55,9583089;;81,250
PA;BR-230;1434,000;1435,000;1,000;22/09/2021;-4,2961846;-55,9583089;;73,750
PA;BR-230;1434,200;1435,000;0,800;22/09/2021;-4,2961846;-55,9583089;;81,250
PA;BR-230;1435,000;1436,000;1,000;22/09/2021;-4,2961846;-55,9583089;;81,250
PA;BR-230;1436,000;1437,000;1,000;22/09/2021;-4,2961846;-55,9583089;;81,250
PA;BR-230;1437,000;1438,000;1,000;22/09/2021;-4,2961846;-55,9583089;;73,750
PA;BR-230;1438,000;1439,000;1,000;22/09/2021;-4,2961846;-55,9583089;;73,750
PA;BR-230;1439,000;1440,000;1,000;22/09/2021;-4,2961846;-55,9583089;;73,750
PA;BR-230;1440,000;1441,000;1,000;22/09/2021;-4,2961846;-55,9583089;;73,750
PA;BR-230;1441,000;1442,000;1,000;22/09/2021;-4,2961846;-55,9583089;;73,750
PA;BR-230;1442,000;1443,000;1,000;22/09/2021;-4,2961846;-55,9583089;;73,750
PA;BR-230;1443,000;1444,000;1,000;22/09/2021;-4,2961846;-55,9583089;;73,750
PA;BR-230;1444,000;1445,000;1,000;22/09/2021;-4,2961846;-55,9583089;;73,750
PA;BR-230;1445,000;1446,000;1,000;22/09/2021;-4,2961846;-55,9583089;;73,750
PA;BR-230;1446,000;1447,000;1,000;22/09/2021;-4,2961846;-55,9583089;;73,750
PA;BR-230;1447,000;1448,000;1,000;22/09/2021;-4,2961846;-55,9583089;;73,750
PA;BR-230;1448,000;1449,000;1,000;22/09/2021;-4,2961846;-55,9583089;;81,250
PA;BR-230;1449,000;1450,000;1,000;22/09/2021;-4,2961846;-55,9583089;;81,250
PA;BR-230;1450,000;1451,000;1,000;22/09/2021;-4,2961846;-55,9583089;;81,250
PA;BR-230;1451,000;1452,000;1,000;22/09/2021;-4,2961846;-55,9583089;;81,250
PA;BR-230;1452,000;1453,000;1,000;22/09/2021;-4,2961846;-55,9583089;;77,500
PA;BR-230;1453,000;1454,000;1,000;22/09/2021;-4,2961846;-55,9583089;;73,750
PA;BR-230;1454,000;1455,000;1,000;22/09/2021;-4,2961846;-55,9583089;;73,750
PA;BR-230;1455,000;1456,000;1,000;22/09/2021;-4,2961846;-55,9583089;;73,750
PA;BR-230;1456,000;1457,000;1,000;22/09/2021;-4,2961846;-55,9583089;;80,000
PA;BR-230;1457,000;1458,000;1,000;22/09/2021;-4,2961846;-55,9583089;;80,000
PA;BR-230;1458,000;1459,000;1,000;22/09/2021;-4,2961846;-55,9583089;;80,000
PA;BR-230;1459,000;1460,000;1,000;22/09/2021;-4,2961846;-55,9583089;;80,000
PA;BR-230;1460,000;1461,000;1,000;22/09/2021;-4,2961846;-55,9583089;;73,750
PA;BR-230;1461,000;1462,000;1,000;22/09/2021;-4,2961846;-55,9583089;;81,250
PA;BR-230;1462,000;1463,000;1,000;22/09/2021;-4,2961846;-55,9583089;;81,250
PA;BR-230;1463,000;1464,000;1,000;22/09/2021;-4,2961846;-55,9583089;;73,750
PA;BR-230;1464,000;1465,000;1,000;22/09/2021;-4,2961846;-55,9583089;;72,500
PA;BR-230;1465,000;1466,000;1,000;22/09/2021;-4,2961846;-55,9583089;;80,000
PA;BR-230;1466,000;1467,000;1,000;22/09/2021;-4,2961846;-55,9583089;;80,000
PA;BR-230;1467,000;1468,000;1,000;22/09/2021;-4,2961846;-55,9583089;;73,750
PA;BR-230;1468,000;1469,000;1,000;22/09/2021;-4,2961846;-55,9583089;;76,250
PA;BR-230;1469,000;1470,000;1,000;22/09/2021;-4,2961846;-55,9583089;;76,250
PA;BR-230;1470,000;1471,000;1,000;22/09/2021;-4,2961846;-55,9583089;;68,750
PA;BR-230;1471,000;1472,000;1,000;22/09/2021;-4,2961846;-55,9583089;;73,750
PA;BR-230;1472,000;1473,000;1,000;22/09/2021;-4,2961846;-55,9583089;;73,750
PA;BR-230;1473,000;1474,000;1,000;22/09/2021;-4,2961846;-55,9583089;;80,000
PA;BR-230;1474,000;1475,000;1,000;22/09/2021;-4,2961846;-55,9583089;;73,750
PA;BR-230;1475,000;1476,000;1,000;22/09/2021;-4,2961846;-55,9583089;;73,750
PA;BR-230;1476,000;1477,000;1,000;22/09/2021;-4,2961846;-55,9583089;;73,750
PA;BR-230;1477,000;1478,000;1,000;22/09/2021;-4,2961846;-55,9583089;;73,750
PA;BR-230;1478,000;1479,000;1,000;22/09/2021;-4,2961846;-55,9583089;;73,750
PA;BR-230;1479,000;1480,000;1,000;22/09/2021;-4,2961846;-55,9583089;;73,750
PA;BR-230;1480,000;1481,000;1,000;22/09/2021;-4,2961846;-55,9583089;;81,250
PA;BR-230;1481,000;1482,000;1,000;22/09/2021;-4,2961846;-55,9583089;;81,250
PA;BR-230;1482,000;1483,000;1,000;22/09/2021;-4,2961846;-55,9583089;;80,000
PA;BR-230;1483,000;1484,000;1,000;22/09/2021;-4,2961846;-55,9583089;;73,750
PA;BR-230;1484,000;1485,000;1,000;22/09/2021;-4,2961846;-55,9583089;;73,750
PA;BR-230;1485,000;1486,000;1,000;22/09/2021;-4,2961846;-55,9583089;;77,500
PA;BR-230;1486,000;1487,000;1,000;22/09/2021;-4,2961846;-55,9583089;;70,000
PA;BR-230;1487,000;1488,000;1,000;22/09/2021;-4,2961846;-55,9583089;;70,000
PA;BR-230;1488,000;1489,000;1,000;22/09/2021;-4,2961846;-55,9583089;;68,750
PA;BR-230;1489,000;1490,000;1,000;22/09/2021;-4,2961846;-55,9583089;;68,750
PA;BR-230;1490,000;1491,000;1,000;22/09/2021;-4,2961846;-55,9583089;;68,750
PA;BR-230;1491,000;1492,000;1,000;22/09/2021;-4,2961846;-55,9583089;;68,750
PA;BR-230;1492,000;1493,000;1,000;22/09/2021;-4,2961846;-55,9583089;;68,750
PA;BR-230;1493,000;1494,000;1,000;22/09/2021;-4,2961846;-55,9583089;;68,750
PA;BR-230;1494,000;1495,000;1,000;22/09/2021;-4,2961846;-55,9583089;;81,250
PA;BR-230;1495,000;1496,000;1,000;22/09/2021;-4,2961846;-55,9583089;;76,250
PA;BR-230;1496,000;1497,000;1,000;22/09/2021;-4,2961846;-55,9583089;;72,500
PA;BR-230;1497,000;1498,000;1,000;22/09/2021;-4,2961846;-55,9583089;;80,000
PA;BR-230;1498,000;1499,000;1,000;22/09/2021;-4,2961846;-55,9583089;;72,500
PA;BR-230;1499,000;1500,000;1,000;22/09/2021;-4,2961846;-55,9583089;;72,500
PA;BR-230;1500,000;1501,000;1,000;22/09/2021;-4,2961846;-55,9583089;;81,250
PA;BR-230;1501,000;1502,000;1,000;22/09/2021;-4,2961846;-55,9583089;;81,250
PA;BR-230;1502,000;1503,000;1,000;22/09/2021;-4,2961846;-55,9583089;;73,750
PA;BR-230;1503,000;1504,000;1,000;22/09/2021;-4,2961846;-55,9583089;;73,750
PA;BR-230;1504,000;1505,000;1,000;22/09/2021;-4,2961846;-55,9583089;;73,750
PA;BR-230;1505,000;1506,000;1,000;22/09/2021;-4,2961846;-55,9583089;;81,250
PA;BR-230;1506,000;1507,000;1,000;22/09/2021;-4,2961846;-55,9583089;;80,000
PA;BR-230;1507,000;1508,000;1,000;22/09/2021;-4,2961846;-55,9583089;;80,000
PA;BR-230;1508,000;1509,000;1,000;22/09/2021;-4,2961846;-55,9583089;;80,000
PA;BR-230;1509,000;1510,000;1,000;22/09/2021;-4,2961846;-55,9583089;;70,000
PA;BR-230;1510,000;1511,000;1,000;22/09/2021;-4,2961846;-55,9583089;;73,750
PA;BR-230;1511,000;1512,000;1,000;22/09/2021;-4,2961846;-55,9583089;;73,750
PA;BR-230;1512,000;1513,000;1,000;22/09/2021;-4,2961846;-55,9583089;;70,000
PA;BR-230;1513,000;1514,000;1,000;22/09/2021;-4,2961846;-55,9583089;;73,750
PA;BR-230;1514,000;1515,000;1,000;22/09/2021;-4,2961846;-55,9583089;;68,750
PA;BR-230;1515,000;1516,000;1,000;22/09/2021;-4,2961846;-55,9583089;;68,750
PA;BR-230;1516,000;1517,000;1,000;22/09/2021;-4,2961846;-55,9583089;;68,750
PA;BR-230;1517,000;1518,000;1,000;22/09/2021;-4,2961846;-55,9583089;;76,250
PA;BR-230;1518,000;1519,000;1,000;22/09/2021;-4,2961846;-55,9583089;;72,500
PA;BR-230;1519,000;1520,000;1,000;22/09/2021;-4,2961846;-55,9583089;;68,750
PA;BR-230;1520,000;1521,000;1,000;22/09/2021;-4,2961846;-55,9583089;;68,750
PA;BR-230;1521,000;1522,000;1,000;22/09/2021;-4,2961846;-55,9583089;;68,750
PA;BR-230;1522,000;1523,000;1,000;22/09/2021;-4,2961846;-55,9583089;;80,000
PA;BR-230;1523,000;1524,000;1,000;22/09/2021;-4,2961846;-55,9583089;;80,000
PA;BR-230;1524,000;1525,000;1,000;22/09/2021;-4,2961846;-55,9583089;;72,500
PA;BR-230;1525,000;1526,000;1,000;22/09/2021;-4,2961846;-55,9583089;;76,250
PA;BR-230;1526,000;1527,000;1,000;22/09/2021;-4,2961846;-55,9583089;;72,500
PA;BR-230;1527,000;1528,000;1,000;22/09/2021;-4,2961846;-55,9583089;;73,750
PA;BR-230;1528,000;1529,000;1,000;22/09/2021;-4,2961846;-55,9583089;;80,000
PA;BR-230;1529,000;1530,000;1,000;22/09/2021;-4,2961846;-55,9583089;;72,500
PA;BR-230;1530,000;1531,000;1,000;22/09/2021;-4,2961846;-55,9583089;;73,750
PA;BR-230;1531,000;1532,000;1,000;22/09/2021;-4,2961846;-55,9583089;;77,500
PA;BR-230;1532,000;1533,000;1,000;22/09/2021;-4,2961846;-55,9583089;;81,250
PA;BR-230;1533,000;1534,000;1,000;22/09/2021;-4,2961846;-55,9583089;;73,750
PA;BR-230;1534,000;1535,000;1,000;22/09/2021;-4,2961846;-55,9583089;;80,000
PA;BR-230;1535,000;1536,000;1,000;22/09/2021;-4,2961846;-55,9583089;;81,250
PA;BR-230;1536,000;1537,000;1,000;22/09/2021;-4,2961846;-55,9583089;;72,500
PA;BR-230;1537,000;1538,000;1,000;22/09/2021;-4,2961846;-55,9583089;;72,500
PA;BR-230;1538,000;1539,000;1,000;22/09/2021;-4,2961846;-55,9583089;;68,750
PA;BR-230;1539,000;1540,000;1,000;22/09/2021;-4,2961846;-55,9583089;;80,000
PA;BR-230;1540,000;1541,000;1,000;22/09/2021;-4,2961846;-55,9583089;;80,000
PA;BR-230;1541,000;1542,000;1,000;22/09/2021;-4,2961846;-55,9583089;;76,250
PA;BR-230;1542,000;1543,000;1,000;22/09/2021;-4,2961846;-55,9583089;;70,000
PA;BR-230;1543,000;1544,000;1,000;22/09/2021;-4,2961846;-55,9583089;;68,750
PA;BR-230;1544,000;1545,000;1,000;22/09/2021;-4,2961846;-55,9583089;;80,000
PA;BR-230;1545,000;1546,000;1,000;22/09/2021;-4,2961846;-55,9583089;;72,500
PA;BR-230;1546,000;1547,000;1,000;22/09/2021;-4,2961846;-55,9583089;;72,500
PA;BR-230;1547,000;1548,000;1,000;22/09/2021;-4,2961846;-55,9583089;;72,500
PA;BR-230;1548,000;1549,000;1,000;22/09/2021;-4,2961846;-55,9583089;;80,000
PA;BR-230;1549,000;1550,000;1,000;22/09/2021;-4,2961846;-55,9583089;;72,500
PA;BR-230;1550,000;1551,000;1,000;22/09/2021;-4,2961846;-55,9583089;;72,500
PA;BR-230;1551,000;1552,000;1,000;22/09/2021;-4,2961846;-55,9583089;;73,750
PA;BR-230;1552,000;1553,000;1,000;22/09/2021;-4,2961846;-55,9583089;;80,000
PA;BR-230;1553,000;1554,000;1,000;22/09/2021;-4,2961846;-55,9583089;;80,000
PA;BR-230;1554,000;1555,000;1,000;22/09/2021;-4,2961846;-55,9583089;;80,000
PA;BR-230;1555,000;1556,000;1,000;22/09/2021;-4,2961846;-55,9583089;;66,250
PA;BR-230;1556,000;1557,000;1,000;22/09/2021;-4,2961846;-55,9583089;;72,500
PA;BR-230;1557,000;1558,000;1,000;22/09/2021;-4,2961846;-55,9583089;;81,250
PA;BR-230;1558,000;1559,000;1,000;22/09/2021;-4,2961846;-55,9583089;;81,250
PA;BR-230;1559,000;1560,000;1,000;22/09/2021;-4,2961846;-55,9583089;;77,500
PA;BR-230;1560,000;1561,000;1,000;22/09/2021;-4,2961846;-55,9583089;;73,750
PA;BR-230;1561,000;1562,000;1,000;22/09/2021;-4,2961846;-55,9583089;;73,750
PA;BR-230;1562,000;1563,000;1,000;22/09/2021;-4,2961846;-55,9583089;;68,750
PA;BR-230;1563,000;1564,000;1,000;22/09/2021;-4,2961846;-55,9583089;;68,750
PA;BR-230;1564,000;1565,000;1,000;22/09/2021;-4,2961846;-55,9583089;;80,000
PA;BR-230;1565,000;1566,000;1,000;22/09/2021;-4,2961846;-55,9583089;;80,000
PA;BR-230;1566,000;1567,000;1,000;22/09/2021;-4,2961846;-55,9583089;;80,000
PA;BR-230;1567,000;1568,000;1,000;22/09/2021;-4,2961846;-55,9583089;;72,500
PA;BR-230;1568,000;1569,000;1,000;22/09/2021;-4,2961846;-55,9583089;;80,000
PA;BR-230;1569,000;1570,000;1,000;22/09/2021;-4,2961846;-55,9583089;;72,500
PA;BR-230;1570,000;1571,000;1,000;22/09/2021;-4,2961846;-55,9583089;;72,500
PA;BR-230;1571,000;1572,000;1,000;22/09/2021;-4,2961846;-55,9583089;;72,500
PA;BR-230;1572,000;1573,000;1,000;22/09/2021;-4,2961846;-55,9583089;;72,500
PA;BR-230;1573,000;1574,000;1,000;22/09/2021;-4,2961846;-55,9583089;;72,500
PA;BR-230;1574,000;1575,000;1,000;22/09/2021;-4,2961846;-55,9583089;;70,000
PA;BR-230;1575,000;1576,000;1,000;22/09/2021;-4,2961846;-55,9583089;;70,000
PA;BR-230;1576,000;1577,000;1,000;22/09/2021;-4,2961846;-55,9583089;;72,500
PA;BR-230;1577,000;1578,000;1,000;22/09/2021;-4,2961846;-55,9583089;;80,000
PA;BR-230;1578,000;1579,000;1,000;22/09/2021;-4,2961846;-55,9583089;;72,500
PA;BR-230;1579,000;1580,000;1,000;22/09/2021;-4,2961846;-55,9583089;;76,250
PA;BR-230;1580,000;1581,000;1,000;22/09/2021;-4,2961846;-55,9583089;;80,000
PA;BR-230;1581,000;1582,000;1,000;22/09/2021;-4,2961846;-55,9583089;;80,000
PA;BR-230;1582,000;1583,000;1,000;22/09/2021;-4,2961846;-55,9583089;;72,500
PA;BR-230;1583,000;1584,000;1,000;22/09/2021;-4,2961846;-55,9583089;;72,500
PA;BR-230;1584,000;1585,000;1,000;22/09/2021;-4,2961846;-55,9583089;;72,500
PA;BR-230;1585,000;1586,000;1,000;22/09/2021;-4,2961846;-55,9583089;;80,000
PA;BR-230;1586,000;1587,000;1,000;22/09/2021;-4,2961846;-55,9583089;;80,000
PA;BR-230;1587,000;1588,000;1,000;22/09/2021;-4,2961846;-55,9583089;;72,500
PA;BR-230;1588,000;1589,000;1,000;22/09/2021;-4,2961846;-55,9583089;;80,000
PA;BR-230;1589,000;1590,000;1,000;22/09/2021;-4,2961846;-55,9583089;;72,500
PA;BR-230;1590,000;1591,000;1,000;22/09/2021;-4,2961846;-55,9583089;;80,000
PA;BR-230;1591,000;1592,000;1,000;22/09/2021;-4,2961846;-55,9583089;;72,500
PA;BR-230;1592,000;1593,000;1,000;22/09/2021;-4,2961846;-55,9583089;;72,500
GO;BR-070;67,300;68,000;0,700;24/09/2021;-15,7866005;-48,7829312;;17,500
GO;BR-070;68,000;69,000;1,000;24/09/2021;-15,7785482;-48,7701449;;17,500
GO;BR-070;69,000;70,000;1,000;24/09/2021;-15,7785482;-48,7701449;;25,000
GO;BR-070;70,000;71,000;1,000;24/09/2021;-15,8173297;-48,7830206;;17,500
GO;BR-070;71,000;72,000;1,000;24/09/2021;-15,8173297;-48,7830206;;32,500
GO;BR-070;72,000;73,000;1,000;24/09/2021;-15,7739081;-48,766691;;17,500
GO;BR-070;73,000;74,000;1,000;24/09/2021;-15,7694682;-48,766691;;17,500
GO;BR-070;74,000;75,000;1,000;24/09/2021;-15,7694682;-48,766691;;17,500
GO;BR-070;75,000;76,000;1,000;24/09/2021;-15,7694682;-48,766691;;25,000
GO;BR-070;76,000;77,000;1,000;24/09/2021;-15,762025;-48,784591;;25,000
GO;BR-070;77,000;78,000;1,000;24/09/2021;-15,762025;-48,784591;;17,500
GO;BR-070;78,000;79,000;1,000;24/09/2021;-15,762025;-48,784591;;40,000
GO;BR-070;79,000;80,000;1,000;24/09/2021;-15,762025;-48,784591;;17,500
GO;BR-070;80,000;81,000;1,000;24/09/2021;-15,762025;-48,784591;;2,500
GO;BR-070;81,000;82,000;1,000;24/09/2021;-15,762025;-48,784591;;2,500
GO;BR-070;82,000;83,000;1,000;24/09/2021;-15,762025;-48,784591;;13,750
GO;BR-070;83,000;84,000;1,000;24/09/2021;-15,762025;-48,784591;;2,500
GO;BR-070;84,000;85,000;1,000;24/09/2021;-15,762025;-48,784591;;2,500
GO;BR-070;85,000;86,000;1,000;24/09/2021;-15,762025;-48,784591;;2,500
GO;BR-070;86,000;87,000;1,000;24/09/2021;-15,762025;-48,784591;;13,750
GO;BR-070;87,000;88,000;1,000;24/09/2021;-15,762025;-48,784591;;2,500
GO;BR-070;88,000;89,000;1,000;24/09/2021;-15,762025;-48,784591;;5,000
GO;BR-070;89,000;90,000;1,000;24/09/2021;-15,762025;-48,784591;;2,500
GO;BR-070;90,000;91,000;1,000;24/09/2021;-15,762025;-48,784591;;2,500
GO;BR-070;91,000;92,000;1,000;24/09/2021;-15,762025;-48,784591;;2,500
GO;BR-070;92,000;93,000;1,000;24/09/2021;-15,762025;-48,784591;;32,500
GO;BR-070;93,000;94,000;1,000;24/09/2021;-15,762025;-48,784591;;25,000
GO;BR-070;94,000;95,000;1,000;24/09/2021;-15,762025;-48,784591;;2,500
GO;BR-070;95,000;96,000;1,000;24/09/2021;-15,762025;-48,784591;;2,500
GO;BR-070;96,000;97,000;1,000;24/09/2021;-15,795003;-49,0304277;;32,500
GO;BR-070;97,000;98,000;1,000;24/09/2021;-15,795003;-49,0304277;;32,500
GO;BR-070;98,000;99,000;1,000;24/09/2021;-15,795003;-49,0304277;;43,750
GO;BR-070;99,000;100,000;1,000;24/09/2021;-15,795003;-49,0304277;;32,500
GO;BR-070;100,000;101,000;1,000;24/09/2021;-15,795003;-49,0304277;;40,000
GO;BR-070;101,000;102,000;1,000;24/09/2021;-15,795003;-49,0304277;;2,500
GO;BR-070;102,000;103,000;1,000;24/09/2021;-15,8398952;-48,9929008;;17,500
GO;BR-070;103,000;104,000;1,000;24/09/2021;-15,8398952;-48,9929008;;2,500
GO;BR-070;104,000;105,000;1,000;24/09/2021;-15,8398952;-48,9929008;;17,500
GO;BR-070;105,000;106,000;1,000;24/09/2021;-15,795003;-49,0304277;;2,500
GO;BR-070;106,000;107,000;1,000;24/09/2021;-15,795003;-49,0304277;;2,500
GO;BR-070;107,000;108,000;1,000;24/09/2021;-15,795003;-49,0304277;;2,500
GO;BR-070;108,000;109,000;1,000;24/09/2021;-15,7755943;-49,3074365;;2,500
GO;BR-070;109,000;110,000;1,000;24/09/2021;-15,7755943;-49,3074365;;2,500
GO;BR-070;110,000;111,000;1,000;24/09/2021;-15,7755943;-49,3074365;;17,500
GO;BR-070;111,000;112,000;1,000;24/09/2021;-15,9037071;-49,2443913;;2,500
GO;BR-070;112,000;113,000;1,000;24/09/2021;-15,9037071;-49,2443913;;2,500
GO;BR-070;113,000;114,000;1,000;24/09/2021;-15,9037071;-49,2443913;;25,000
GO;BR-070;114,000;115,000;1,000;24/09/2021;-15,7755943;-49,3074365;;2,500
GO;BR-070;115,000;116,000;1,000;24/09/2021;-15,7755943;-49,3074365;;25,000
GO;BR-070;116,000;117,000;1,000;24/09/2021;-15,7755943;-49,3074365;;25,000
GO;BR-070;117,000;118,000;1,000;24/09/2021;-15,7755943;-49,3074365;;2,500
GO;BR-070;118,000;119,000;1,000;24/09/2021;-15,7755943;-49,3074365;;25,000
GO;BR-070;119,000;120,000;1,000;24/09/2021;-15,7702089;-49,3099724;;25,000
GO;BR-070;120,000;121,000;1,000;24/09/2021;-15,7942748;-49,3004633;;25,000
GO;BR-070;121,000;122,000;1,000;24/09/2021;-15,7942748;-49,3004633;;17,500
GO;BR-070;122,000;123,000;1,000;24/09/2021;-15,7942748;-49,3004633;;25,000
GO;BR-070;123,000;124,000;1,000;24/09/2021;-15,9112677;-49,2488244;;17,500
GO;BR-070;124,000;125,000;1,000;24/09/2021;-15,9112677;-49,2488244;;17,500
GO;BR-070;125,000;126,000;1,000;24/09/2021;-15,8385164;-49,2747965;;2,500
GO;BR-070;126,000;127,000;1,000;24/09/2021;-15,8385164;-49,2747965;;2,500
MA;BR-226;75,000;74,000;1,000;26/09/2021;0;0;;15,000
MA;BR-226;74,000;73,000;1,000;26/09/2021;0;0;;22,500
MA;BR-226;73,000;72,000;1,000;26/09/2021;0;0;;22,500
MA;BR-226;72,000;71,000;1,000;26/09/2021;0;0;;26,250
MA;BR-226;71,000;70,000;1,000;26/09/2021;0;0;;22,500
MA;BR-226;70,000;69,000;1,000;26/09/2021;0;0;;26,250
MA;BR-226;69,000;68,000;1,000;26/09/2021;0;0;;26,250
MA;BR-226;68,000;67,000;1,000;26/09/2021;0;0;;26,250
MA;BR-226;67,000;66,000;1,000;26/09/2021;0;0;;33,750
MA;BR-226;66,000;65,000;1,000;26/09/2021;-5,20003449;-43,3771327;;26,250
MA;BR-226;65,000;64,000;1,000;26/09/2021;-5,20003449;-43,3771327;;38,750
MA;BR-226;64,000;63,000;1,000;26/09/2021;-5,20003449;-43,3771327;;26,250
MA;BR-226;63,000;62,000;1,000;26/09/2021;-5,20003449;-43,3771327;;18,750
MA;BR-226;62,000;61,000;1,000;26/09/2021;-5,20003449;-43,3771327;;18,750
MA;BR-226;61,000;60,000;1,000;26/09/2021;-5,20003449;-43,3771327;;26,250
MA;BR-226;60,000;59,000;1,000;26/09/2021;-5,20003449;-43,3771327;;31,250
MA;BR-226;59,000;58,000;1,000;26/09/2021;-5,20003449;-43,3771327;;38,750
MA;BR-226;58,000;57,000;1,000;26/09/2021;-5,19928745;-43,3094724;;33,750
MA;BR-226;57,000;56,000;1,000;26/09/2021;-5,19928745;-43,3094724;;33,750
MA;BR-226;56,000;55,000;1,000;26/09/2021;-5,19928745;-43,3094724;;26,250
MA;BR-226;55,000;54,000;1,000;26/09/2021;-5,19928745;-43,3094724;;58,750
MA;BR-226;54,000;53,000;1,000;26/09/2021;-5,19928745;-43,3094724;;33,750
MA;BR-226;53,000;52,000;1,000;26/09/2021;-5,19928745;-43,3094724;;26,250
MA;BR-226;52,000;51,000;1,000;26/09/2021;-5,19928745;-43,3094724;;70,000
MA;BR-226;51,000;50,000;1,000;26/09/2021;-5,19928745;-43,3094724;;50,000
MA;BR-226;50,000;49,000;1,000;26/09/2021;-5,19928745;-43,3094724;;33,750
MA;BR-226;49,000;48,000;1,000;26/09/2021;-5,19928745;-43,3094724;;33,750
MA;BR-226;48,000;47,000;1,000;26/09/2021;-5,19928745;-43,3094724;;33,750
MA;BR-226;47,000;46,000;1,000;26/09/2021;-5,17329031;-43,214755;;33,750
MA;BR-226;46,000;45,000;1,000;26/09/2021;-5,17329031;-43,214755;;26,250
MA;BR-226;45,000;44,000;1,000;26/09/2021;-5,17329031;-43,214755;;56,250
MA;BR-226;44,000;43,000;1,000;26/09/2021;-5,17329031;-43,214755;;60,000
MA;BR-226;43,000;42,000;1,000;26/09/2021;-5,17329031;-43,214755;;58,750
MA;BR-226;42,000;41,000;1,000;26/09/2021;-5,17329031;-43,214755;;33,750
MA;BR-226;41,000;40,000;1,000;26/09/2021;-5,17329031;-43,214755;;52,500
MA;BR-226;40,000;39,000;1,000;26/09/2021;-5,17329031;-43,214755;;33,750
MA;BR-226;39,000;38,000;1,000;26/09/2021;-5,17329031;-43,214755;;33,750
MA;BR-226;38,000;37,000;1,000;26/09/2021;-5,13905694;-43,1422776;;57,500
MA;BR-226;37,000;36,000;1,000;26/09/2021;-5,13905694;-43,1422776;;52,500
MA;BR-226;36,000;35,000;1,000;26/09/2021;-5,13905694;-43,1422776;;52,500
MA;BR-226;35,000;34,000;1,000;26/09/2021;-5,13905694;-43,1422776;;33,750
MA;BR-226;34,000;33,000;1,000;26/09/2021;-5,13905694;-43,1422776;;26,250
MA;BR-226;33,000;32,000;1,000;26/09/2021;-5,13905694;-43,1422776;;33,750
MA;BR-226;32,000;31,000;1,000;26/09/2021;-5,13905694;-43,1422776;;26,250
MA;BR-226;31,000;30,000;1,000;26/09/2021;-5,13905694;-43,1422776;;26,250
MA;BR-226;30,000;29,000;1,000;26/09/2021;-5,13905694;-43,1422776;;26,250
MA;BR-226;29,000;28,000;1,000;26/09/2021;-5,13905694;-43,1422776;;26,250
MA;BR-226;28,000;27,000;1,000;26/09/2021;-5,13905694;-43,1422776;;33,750
MA;BR-226;27,000;26,000;1,000;26/09/2021;-5,13905694;-43,1422776;;33,750
MA;BR-226;26,000;25,000;1,000;26/09/2021;-5,13905694;-43,1422776;;33,750
MA;BR-226;25,000;24,000;1,000;26/09/2021;-5,13905694;-43,1422776;;26,250
MA;BR-226;24,000;23,000;1,000;26/09/2021;-5,13905694;-43,1422776;;33,750
MA;BR-226;23,000;22,000;1,000;26/09/2021;-5,13905694;-43,1422776;;33,750
MA;BR-226;22,000;21,000;1,000;26/09/2021;-5,09300328;-42,9978315;;33,750
MA;BR-226;21,000;20,000;1,000;26/09/2021;-5,09300328;-42,9978315;;26,250
MA;BR-226;20,000;19,000;1,000;26/09/2021;-5,09300328;-42,9978315;;52,500
MA;BR-226;19,000;18,000;1,000;26/09/2021;-5,09300328;-42,9978315;;33,750
MA;BR-226;18,000;17,000;1,000;26/09/2021;-5,09300328;-42,9978315;;26,250
MA;BR-226;17,000;16,000;1,000;26/09/2021;-5,09300328;-42,9978315;;33,750
MA;BR-226;16,000;15,000;1,000;26/09/2021;-5,09300328;-42,9978315;;33,750
MA;BR-226;15,000;14,000;1,000;26/09/2021;-5,09300328;-42,9978315;;33,750
MA;BR-226;14,000;13,000;1,000;26/09/2021;-5,09300328;-42,9978315;;33,750
MA;BR-226;13,000;12,000;1,000;26/09/2021;-5,09300328;-42,9978315;;0,000
MA;BR-226;12,000;11,000;1,000;26/09/2021;-5,10905664;-42,9241115;;0,000
MA;BR-226;11,000;10,000;1,000;26/09/2021;-5,10905664;-42,9241115;;0,000
MA;BR-226;10,000;9,000;1,000;26/09/2021;-5,10905664;-42,9241115;;0,000
MA;BR-226;9,000;8,000;1,000;26/09/2021;-5,10905664;-42,9241115;;0,000
MA;BR-226;8,000;7,000;1,000;26/09/2021;-5,10905664;-42,9241115;;0,000
MA;BR-226;7,000;6,000;1,000;26/09/2021;-5,10905664;-42,9241115;;0,000
MA;BR-226;6,000;5,000;1,000;26/09/2021;-5,10905664;-42,9241115;;0,000
MA;BR-226;5,000;4,000;1,000;26/09/2021;-5,10905664;-42,9241115;;0,000
MS;BR-419;64,000;65,000;1,000;20/09/2021;0;0;;35,000
MS;BR-419;65,000;66,000;1,000;20/09/2021;0;0;;37,500
MS;BR-419;66,000;67,000;1,000;20/09/2021;0;0;;37,500
MS;BR-419;67,000;68,000;1,000;20/09/2021;0;0;;42,500
MS;BR-419;68,000;69,000;1,000;20/09/2021;0;0;;35,000
MS;BR-419;69,000;70,000;1,000;20/09/2021;0;0;;35,000
MS;BR-419;70,000;71,000;1,000;20/09/2021;0;0;;42,500
MS;BR-419;71,000;72,000;1,000;20/09/2021;0;0;;43,750
MS;BR-419;72,000;73,000;1,000;20/09/2021;0;0;;51,250
MS;BR-419;73,000;74,000;1,000;20/09/2021;0;0;;35,000
MS;BR-419;74,000;75,000;1,000;20/09/2021;0;0;;36,250
MS;BR-419;75,000;76,000;1,000;20/09/2021;0;0;;47,500
MS;BR-419;76,000;77,000;1,000;20/09/2021;0;0;;43,750
MS;BR-419;77,000;78,000;1,000;20/09/2021;0;0;;43,750
MS;BR-419;78,000;79,000;1,000;20/09/2021;0;0;;55,000
MS;BR-419;79,000;80,000;1,000;20/09/2021;0;0;;43,750
MS;BR-419;80,000;81,000;1,000;20/09/2021;0;0;;43,750
MS;BR-419;81,000;82,000;1,000;20/09/2021;0;0;;43,750
MS;BR-419;82,000;83,000;1,000;20/09/2021;0;0;;43,750
MS;BR-419;83,000;84,000;1,000;20/09/2021;0;0;;51,250
MS;BR-419;84,000;85,000;1,000;20/09/2021;0;0;;56,250
MS;BR-419;85,000;86,000;1,000;20/09/2021;0;0;;55,000
MS;BR-419;86,000;87,000;1,000;20/09/2021;0;0;;51,250
MS;BR-419;87,000;88,000;1,000;20/09/2021;0;0;;23,750
MS;BR-419;88,000;89,000;1,000;20/09/2021;0;0;;36,250
MS;BR-419;89,000;90,000;1,000;20/09/2021;0;0;;36,250
MS;BR-419;90,000;91,000;1,000;20/09/2021;0;0;;32,500
MS;BR-419;91,000;92,000;1,000;20/09/2021;0;0;;43,750
MS;BR-419;92,000;93,000;1,000;20/09/2021;0;0;;51,250
MS;BR-419;93,000;94,000;1,000;20/09/2021;0;0;;36,250
MS;BR-419;94,000;95,000;1,000;20/09/2021;0;0;;43,750
MS;BR-419;95,000;96,000;1,000;20/09/2021;0;0;;48,750
MS;BR-419;96,000;97,000;1,000;20/09/2021;0;0;;43,750
MS;BR-419;97,000;98,000;1,000;20/09/2021;0;0;;43,750
MS;BR-419;98,000;99,000;1,000;20/09/2021;0;0;;43,750
MS;BR-419;99,000;100,000;1,000;20/09/2021;0;0;;57,500
MS;BR-419;100,000;101,000;1,000;20/09/2021;0;0;;57,500
MS;BR-419;101,000;102,000;1,000;20/09/2021;0;0;;43,750
MS;BR-419;102,000;103,000;1,000;20/09/2021;0;0;;52,500
MS;BR-419;103,000;104,000;1,000;20/09/2021;0;0;;55,000
MS;BR-419;104,000;105,000;1,000;20/09/2021;0;0;;36,250
MS;BR-419;105,000;106,000;1,000;20/09/2021;0;0;;62,500
MS;BR-419;106,000;107,000;1,000;20/09/2021;0;0;;36,250
MS;BR-419;107,000;108,000;1,000;20/09/2021;0;0;;51,250
MS;BR-419;108,000;109,000;1,000;20/09/2021;0;0;;31,250
MS;BR-419;109,000;110,000;1,000;20/09/2021;0;0;;53,750
MS;BR-419;110,000;111,000;1,000;20/09/2021;0;0;;51,250
MS;BR-419;111,000;112,000;1,000;20/09/2021;0;0;;43,750
MS;BR-419;112,000;113,000;1,000;20/09/2021;0;0;;57,500
MS;BR-419;113,000;114,000;1,000;20/09/2021;0;0;;57,500
MS;BR-419;114,000;115,000;1,000;20/09/2021;0;0;;53,750
MS;BR-419;115,000;116,000;1,000;20/09/2021;0;0;;66,250
MS;BR-419;116,000;117,000;1,000;20/09/2021;0;0;;58,750
MS;BR-419;117,000;118,000;1,000;20/09/2021;0;0;;50,000
MS;BR-419;118,000;119,000;1,000;20/09/2021;0;0;;43,750
MS;BR-419;119,000;120,000;1,000;20/09/2021;0;0;;26,250
MS;BR-419;120,000;121,000;1,000;20/09/2021;0;0;;38,750
MS;BR-419;121,000;122,000;1,000;20/09/2021;0;0;;36,250
MS;BR-419;122,000;123,000;1,000;20/09/2021;0;0;;31,250
MS;BR-419;123,000;124,000;1,000;20/09/2021;0;0;;26,250
MS;BR-419;124,000;125,000;1,000;20/09/2021;0;0;;43,750
MS;BR-419;125,000;126,000;1,000;20/09/2021;0;0;;43,750
MS;BR-419;126,000;127,000;1,000;20/09/2021;0;0;;31,250
MS;BR-419;127,000;128,000;1,000;20/09/2021;0;0;;46,250
MS;BR-419;128,000;129,000;1,000;20/09/2021;0;0;;23,750
MS;BR-419;129,000;130,000;1,000;20/09/2021;0;0;;31,250
MS;BR-419;130,000;131,000;1,000;20/09/2021;0;0;;48,750
MS;BR-419;131,000;132,000;1,000;20/09/2021;0;0;;48,750
MS;BR-419;132,000;133,000;1,000;20/09/2021;0;0;;33,750
MS;BR-419;133,000;134,000;1,000;20/09/2021;0;0;;60,000
MS;BR-419;134,000;135,000;1,000;20/09/2021;0;0;;31,250
MS;BR-419;135,000;136,000;1,000;20/09/2021;0;0;;50,000
MS;BR-419;136,000;137,000;1,000;20/09/2021;0;0;;38,750
MS;BR-419;137,000;138,000;1,000;20/09/2021;0;0;;33,750
MS;BR-419;138,000;139,000;1,000;20/09/2021;0;0;;31,250
MS;BR-419;139,000;140,000;1,000;20/09/2021;0;0;;23,750
MS;BR-419;140,000;141,000;1,000;20/09/2021;0;0;;33,750
MS;BR-419;141,000;142,000;1,000;20/09/2021;0;0;;43,750
MS;BR-419;142,000;143,000;1,000;20/09/2021;0;0;;26,250
MS;BR-419;143,000;144,000;1,000;20/09/2021;0;0;;31,250
MS;BR-419;144,000;145,000;1,000;20/09/2021;0;0;;36,250
MS;BR-419;145,000;146,000;1,000;20/09/2021;0;0;;31,250
MS;BR-419;146,000;147,000;1,000;20/09/2021;0;0;;31,250
MS;BR-419;147,000;148,000;1,000;20/09/2021;0;0;;31,250
MS;BR-419;148,000;149,000;1,000;20/09/2021;0;0;;53,750
MS;BR-419;149,000;150,000;1,000;20/09/2021;0;0;;26,250
MS;BR-419;150,000;151,000;1,000;20/09/2021;0;0;;46,250
MS;BR-419;151,000;152,000;1,000;20/09/2021;0;0;;57,500
MS;BR-419;152,000;153,000;1,000;20/09/2021;0;0;;46,250
MS;BR-419;153,000;154,000;1,000;20/09/2021;0;0;;43,750
MS;BR-419;154,000;155,000;1,000;20/09/2021;0;0;;23,750
MS;BR-419;155,000;156,000;1,000;20/09/2021;0;0;;23,750
MS;BR-419;156,000;157,000;1,000;20/09/2021;0;0;;43,750
MS;BR-419;157,000;158,000;1,000;20/09/2021;0;0;;41,250
MS;BR-419;158,000;159,000;1,000;20/09/2021;0;0;;48,750
MS;BR-419;159,000;160,000;1,000;20/09/2021;0;0;;26,250
MS;BR-419;160,000;161,000;1,000;20/09/2021;0;0;;26,250
MS;BR-419;161,000;162,000;1,000;20/09/2021;0;0;;33,750
MS;BR-419;162,000;163,000;1,000;20/09/2021;0;0;;33,750
MS;BR-419;163,000;164,000;1,000;20/09/2021;0;0;;33,750
MS;BR-419;164,000;165,000;1,000;20/09/2021;0;0;;31,250
MS;BR-419;165,000;166,000;1,000;20/09/2021;0;0;;33,750
MS;BR-419;166,000;167,000;1,000;20/09/2021;0;0;;32,500
MS;BR-419;167,000;168,000;1,000;20/09/2021;0;0;;25,000
MS;BR-419;168,000;169,000;1,000;20/09/2021;0;0;;32,500
MS;BR-419;169,000;170,000;1,000;20/09/2021;0;0;;25,000
MS;BR-419;170,000;171,000;1,000;20/09/2021;0;0;;32,500
MS;BR-419;171,000;172,000;1,000;20/09/2021;0;0;;30,000
MS;BR-419;172,000;173,000;1,000;20/09/2021;0;0;;25,000
MS;BR-419;173,000;174,000;1,000;20/09/2021;0;0;;23,750
MS;BR-419;174,000;175,000;1,000;20/09/2021;0;0;;33,750
MS;BR-419;175,000;176,000;1,000;20/09/2021;0;0;;32,500
MS;BR-419;176,000;177,000;1,000;20/09/2021;0;0;;22,500
MS;BR-419;177,000;178,000;1,000;20/09/2021;0;0;;30,000
MS;BR-419;178,000;179,000;1,000;20/09/2021;0;0;;22,500
MS;BR-419;179,000;180,000;1,000;20/09/2021;0;0;;26,250
MS;BR-419;180,000;181,000;1,000;20/09/2021;0;0;;25,000
MS;BR-419;181,000;182,000;1,000;20/09/2021;0;0;;46,250
MS;BR-419;182,000;183,000;1,000;20/09/2021;0;0;;30,000
MS;BR-419;183,000;184,000;1,000;20/09/2021;0;0;;22,500
MS;BR-419;184,000;185,000;1,000;20/09/2021;0;0;;22,500
MS;BR-419;185,000;186,000;1,000;20/09/2021;0;0;;56,250
MS;BR-419;186,000;187,000;1,000;20/09/2021;0;0;;22,500
MS;BR-419;187,000;188,000;1,000;20/09/2021;0;0;;22,500
MS;BR-419;188,000;189,000;1,000;20/09/2021;0;0;;25,000
MS;BR-419;189,000;190,000;1,000;20/09/2021;0;0;;25,000
MS;BR-419;190,000;191,000;1,000;20/09/2021;0;0;;33,750
MS;BR-419;191,000;192,000;1,000;20/09/2021;0;0;;22,500
MS;BR-419;192,000;193,000;1,000;20/09/2021;0;0;;23,750
MS;BR-419;193,000;194,000;1,000;20/09/2021;0;0;;22,500
MS;BR-419;194,000;195,000;1,000;20/09/2021;0;0;;22,500
MS;BR-419;195,000;196,000;1,000;20/09/2021;0;0;;22,500
MS;BR-419;196,000;197,000;1,000;20/09/2021;0;0;;22,500
MS;BR-419;197,000;198,000;1,000;20/09/2021;0;0;;45,000
MS;BR-419;198,000;199,000;1,000;20/09/2021;0;0;;22,500
MS;BR-419;199,000;200,000;1,000;20/09/2021;0;0;;22,500
MS;BR-419;200,000;201,000;1,000;20/09/2021;0;0;;22,500
MS;BR-419;201,000;202,000;1,000;20/09/2021;0;0;;22,500
MS;BR-419;202,000;203,000;1,000;20/09/2021;0;0;;22,500
MS;BR-419;203,000;204,000;1,000;20/09/2021;0;0;;37,500
MS;BR-419;204,000;205,000;1,000;20/09/2021;0;0;;25,000
MS;BR-419;205,000;206,000;1,000;20/09/2021;0;0;;37,500
MS;BR-419;206,000;207,000;1,000;20/09/2021;0;0;;35,000
MS;BR-419;207,000;208,000;1,000;20/09/2021;0;0;;37,500
MS;BR-419;208,000;209,000;1,000;20/09/2021;0;0;;22,500
MS;BR-419;209,000;210,000;1,000;20/09/2021;0;0;;25,000
MS;BR-419;210,000;211,000;1,000;20/09/2021;0;0;;37,500
MS;BR-419;211,000;212,000;1,000;20/09/2021;0;0;;45,000
MS;BR-419;212,000;213,000;1,000;20/09/2021;0;0;;37,500
MS;BR-419;213,000;214,000;1,000;20/09/2021;0;0;;30,000
MS;BR-419;214,000;215,000;1,000;20/09/2021;0;0;;35,000
MS;BR-419;215,000;216,000;1,000;20/09/2021;0;0;;32,500
MS;BR-419;216,000;217,000;1,000;20/09/2021;0;0;;35,000
MS;BR-419;217,000;218,000;1,000;20/09/2021;0;0;;27,500
MS;BR-419;218,000;219,000;1,000;20/09/2021;0;0;;17,500
MS;BR-419;219,000;220,000;1,000;20/09/2021;0;0;;35,000
MS;BR-419;220,000;221,000;1,000;20/09/2021;-20,3479342;-55,7480801;;35,000
MS;BR-419;221,000;222,000;1,000;20/09/2021;-20,3479342;-55,7480801;;25,000
MS;BR-419;222,000;223,000;1,000;20/09/2021;-20,3479342;-55,7480801;;22,500
MS;BR-419;223,000;224,000;1,000;20/09/2021;-20,3479342;-55,7480801;;30,000
MS;BR-419;224,000;225,000;1,000;20/09/2021;-20,3479342;-55,7480801;;22,500
MS;BR-419;225,000;226,000;1,000;20/09/2021;-20,3479342;-55,7480801;;22,500
MS;BR-419;226,000;227,000;1,000;20/09/2021;-20,3479342;-55,7480801;;22,500
MS;BR-419;227,000;228,000;1,000;20/09/2021;-20,3479342;-55,7480801;;22,500
MS;BR-419;228,000;229,000;1,000;20/09/2021;-20,3479342;-55,7480801;;22,500
MS;BR-419;229,000;230,000;1,000;20/09/2021;-20,3479342;-55,7480801;;25,000
MS;BR-419;230,000;231,000;1,000;20/09/2021;-20,3479342;-55,7480801;;27,500
RS;BR-470;88,400;89,000;0,600;27/09/2021;-28,2968753;-51,461116;;37,500
RS;BR-470;89,000;90,000;1,000;27/09/2021;-28,2968753;-51,461116;;40,000
RS;BR-470;90,000;91,000;1,000;27/09/2021;-28,3026948;-51,4651396;;37,500
RS;BR-470;91,000;92,000;1,000;27/09/2021;-28,3092778;-51,4665676;;37,500
RS;BR-470;92,000;93,000;1,000;27/09/2021;-28,312535;-51,4698505;;56,250
RS;BR-470;93,000;94,000;1,000;27/09/2021;-28,312535;-51,4698505;;56,250
RS;BR-470;94,000;95,000;1,000;27/09/2021;-28,312535;-51,4698505;;58,750
RS;BR-470;95,000;96,000;1,000;27/09/2021;-28,2610609;-51,4807011;;56,250
RS;BR-470;96,000;97,000;1,000;27/09/2021;-28,2610609;-51,4807011;;50,000
RS;BR-470;97,000;98,000;1,000;27/09/2021;-28,2610609;-51,4807011;;70,000
RS;BR-470;98,000;99,000;1,000;27/09/2021;-28,2610609;-51,4807011;;63,750
RS;BR-470;99,000;100,000;1,000;27/09/2021;-28,2610609;-51,4807011;;70,000
RS;BR-470;100,000;101,000;1,000;27/09/2021;-28,2610609;-51,4807011;;70,000
RS;BR-470;101,000;102,000;1,000;27/09/2021;-28,2610609;-51,4807011;;73,750
RS;BR-470;102,000;103,000;1,000;27/09/2021;-28,2610609;-51,4807011;;73,750
RS;BR-470;103,000;104,000;1,000;27/09/2021;-28,2610609;-51,4807011;;70,000
RS;BR-470;104,000;105,000;1,000;27/09/2021;-28,2610609;-51,4807011;;76,250
RS;BR-470;105,000;106,000;1,000;27/09/2021;-28,2610609;-51,4807011;;70,000
RS;BR-470;106,000;107,000;1,000;27/09/2021;-28,4230508;-51,4933967;;73,750
RS;BR-470;107,000;108,000;1,000;27/09/2021;-28,3041994;-51,4708355;;73,750
RS;BR-470;108,000;109,000;1,000;27/09/2021;-28,3041994;-51,4708355;;67,500
RS;BR-470;109,000;110,000;1,000;27/09/2021;-28,3041994;-51,4708355;;73,750
RS;BR-470;110,000;111,000;1,000;27/09/2021;-28,3041994;-51,4708355;;73,750
RS;BR-470;111,000;112,000;1,000;27/09/2021;-28,3041994;-51,4708355;;77,500
RS;BR-470;112,000;113,000;1,000;27/09/2021;-28,3041994;-51,4708355;;71,250
RS;BR-470;113,000;114,000;1,000;27/09/2021;-28,3041994;-51,4708355;;73,750
RS;BR-470;114,000;115,000;1,000;27/09/2021;-28,3041994;-51,4708355;;70,000
RS;BR-470;115,000;116,000;1,000;27/09/2021;-28,3041994;-51,4708355;;73,750
RS;BR-470;116,000;117,000;1,000;27/09/2021;-28,3041994;-51,4708355;;73,750
RS;BR-470;117,000;118,000;1,000;27/09/2021;-28,3041994;-51,4708355;;70,000
RS;BR-470;118,000;119,000;1,000;27/09/2021;-28,3041994;-51,4708355;;56,250
RS;BR-470;119,000;120,000;1,000;27/09/2021;-28,3041994;-51,4708355;;63,750
RS;BR-470;120,000;121,000;1,000;27/09/2021;-28,6049559;-51,6197265;;73,750
RS;BR-470;121,000;122,000;1,000;27/09/2021;-28,6049559;-51,6197265;;73,750
RS;BR-470;122,000;123,000;1,000;27/09/2021;-28,6049559;-51,6197265;;70,000
RS;BR-470;123,000;124,000;1,000;27/09/2021;-28,5474017;-51,5528329;;67,500
RS;BR-470;124,000;125,000;1,000;27/09/2021;-28,5474017;-51,5528329;;75,000
RS;BR-470;125,000;126,000;1,000;27/09/2021;-28,5474017;-51,5528329;;70,000
RS;BR-470;126,000;127,000;1,000;27/09/2021;-28,6016663;-51,5639056;;73,750
RS;BR-470;127,000;128,000;1,000;27/09/2021;-28,6049559;-51,6197265;;73,750
RS;BR-470;128,000;129,000;1,000;27/09/2021;-28,6049559;-51,6197265;;83,750
RS;BR-470;129,000;130,000;1,000;27/09/2021;-28,5921697;-51,5934079;;73,750
RS;BR-470;130,000;131,000;1,000;27/09/2021;-28,5921697;-51,5934079;;73,750
RS;BR-470;131,000;132,000;1,000;27/09/2021;-28,5921697;-51,5934079;;77,500
RS;BR-470;132,000;132,600;0,600;27/09/2021;-28,6017881;-51,563812;;50,000
AM;BR-319;260,700;259,000;1,700;21/09/2021;-5,18252885;-61,8082172;;67,500
AM;BR-319;259,000;258,000;1,000;21/09/2021;-5,18252885;-61,8082172;;52,500
AM;BR-319;258,000;257,000;1,000;21/09/2021;-5,18252885;-61,8082172;;57,500
AM;BR-319;257,000;256,000;1,000;21/09/2021;-5,18252885;-61,8082172;;60,000
AM;BR-319;256,000;255,000;1,000;21/09/2021;-5,18252885;-61,8082172;;43,750
AM;BR-319;255,000;254,000;1,000;21/09/2021;-5,18252885;-61,8082172;;37,500
AM;BR-319;254,000;253,000;1,000;21/09/2021;-5,18252885;-61,8082172;;45,000
AM;BR-319;253,000;252,000;1,000;21/09/2021;-5,18252885;-61,8082172;;53,750
AM;BR-319;252,000;251,000;1,000;21/09/2021;-5,18252885;-61,8082172;;78,750
AM;BR-319;251,000;250,000;1,000;21/09/2021;-5,18252885;-61,8082172;;86,250
AM;BR-319;250,000;249,000;1,000;21/09/2021;-5,18252885;-61,8082172;;75,000
AM;BR-319;249,000;248,000;1,000;21/09/2021;-5,18252885;-61,8082172;;67,500
AM;BR-319;248,000;247,000;1,000;21/09/2021;-5,18252885;-61,8082172;;60,000
AM;BR-319;247,000;246,000;1,000;21/09/2021;-5,18252885;-61,8082172;;51,250
AM;BR-319;246,000;245,000;1,000;21/09/2021;-5,18252885;-61,8082172;;83,750
AM;BR-319;245,000;244,000;1,000;21/09/2021;-5,18252885;-61,8082172;;72,500
AM;BR-319;244,000;243,000;1,000;21/09/2021;-5,18252885;-61,8082172;;58,750
AM;BR-319;243,000;242,000;1,000;21/09/2021;-5,18252885;-61,8082172;;58,750
AM;BR-319;242,000;241,000;1,000;21/09/2021;-5,18252885;-61,8082172;;65,000
AM;BR-319;241,000;240,000;1,000;21/09/2021;-5,18252885;-61,8082172;;65,000
AM;BR-319;240,000;239,000;1,000;21/09/2021;-5,18252885;-61,8082172;;45,000
AM;BR-319;239,000;238,000;1,000;21/09/2021;-5,18252885;-61,8082172;;43,750
AM;BR-319;238,000;237,000;1,000;21/09/2021;-5,18252885;-61,8082172;;43,750
AM;BR-319;237,000;236,000;1,000;21/09/2021;-5,18252885;-61,8082172;;57,500
AM;BR-319;236,000;235,000;1,000;21/09/2021;-5,18252885;-61,8082172;;57,500
AM;BR-319;235,000;234,000;1,000;21/09/2021;-5,18252885;-61,8082172;;57,500
AM;BR-319;234,000;233,000;1,000;21/09/2021;-5,18252885;-61,8082172;;65,000
AM;BR-319;233,000;232,000;1,000;21/09/2021;-5,18252885;-61,8082172;;65,000
AM;BR-319;232,000;231,000;1,000;21/09/2021;-5,18252885;-61,8082172;;75,000
AM;BR-319;231,000;230,000;1,000;21/09/2021;-5,18252885;-61,8082172;;65,000
AM;BR-319;230,000;229,000;1,000;21/09/2021;-5,18252885;-61,8082172;;90,000
AM;BR-319;229,000;228,000;1,000;21/09/2021;-5,18252885;-61,8082172;;67,500
AM;BR-319;228,000;227,000;1,000;21/09/2021;-5,18252885;-61,8082172;;57,500
AM;BR-319;227,000;226,000;1,000;21/09/2021;-5,18252885;-61,8082172;;65,000
AM;BR-319;226,000;225,000;1,000;21/09/2021;-5,18252885;-61,8082172;;51,250
AM;BR-319;225,000;224,000;1,000;21/09/2021;-5,18252885;-61,8082172;;57,500
AM;BR-319;224,000;223,000;1,000;21/09/2021;-5,18252885;-61,8082172;;57,500
AM;BR-319;223,000;222,000;1,000;21/09/2021;-5,18252885;-61,8082172;;65,000
AM;BR-319;222,000;221,000;1,000;21/09/2021;-5,18252885;-61,8082172;;57,500
AM;BR-319;221,000;220,000;1,000;21/09/2021;-5,18252885;-61,8082172;;57,500
AM;BR-319;220,000;219,000;1,000;21/09/2021;-5,18252885;-61,8082172;;65,000
AM;BR-319;219,000;218,000;1,000;21/09/2021;-5,18252885;-61,8082172;;78,750
AM;BR-319;218,000;217,000;1,000;21/09/2021;-5,18252885;-61,8082172;;65,000
AM;BR-319;217,000;216,000;1,000;21/09/2021;-5,18252885;-61,8082172;;55,000
AM;BR-319;216,000;215,000;1,000;21/09/2021;-5,18252885;-61,8082172;;47,500
AM;BR-319;215,000;214,000;1,000;21/09/2021;-5,18252885;-61,8082172;;47,500
AM;BR-319;214,000;213,000;1,000;21/09/2021;-5,18252885;-61,8082172;;66,250
AM;BR-319;213,000;212,000;1,000;21/09/2021;-5,18252885;-61,8082172;;55,000
AM;BR-319;212,000;211,000;1,000;21/09/2021;-5,18252885;-61,8082172;;70,000
AM;BR-319;211,000;210,000;1,000;21/09/2021;-5,18252885;-61,8082172;;71,250
AM;BR-319;210,000;209,000;1,000;21/09/2021;-5,18252885;-61,8082172;;73,750
AM;BR-319;209,000;208,000;1,000;21/09/2021;-5,18252885;-61,8082172;;73,750
AM;BR-319;208,000;207,000;1,000;21/09/2021;-5,18252885;-61,8082172;;73,750
AM;BR-319;207,000;206,000;1,000;21/09/2021;-5,18252885;-61,8082172;;38,750
AM;BR-319;206,000;205,000;1,000;21/09/2021;-5,18252885;-61,8082172;;62,500
AM;BR-319;205,000;204,000;1,000;21/09/2021;-5,18252885;-61,8082172;;57,500
AM;BR-319;204,000;203,000;1,000;21/09/2021;-5,18252885;-61,8082172;;22,500
AM;BR-319;203,000;202,000;1,000;21/09/2021;-5,18252885;-61,8082172;;36,250
AM;BR-319;202,000;201,000;1,000;21/09/2021;-5,18252885;-61,8082172;;57,500
AM;BR-319;201,000;200,000;1,000;21/09/2021;-5,18252885;-61,8082172;;43,750
AM;BR-319;200,000;199,000;1,000;21/09/2021;-5,18252885;-61,8082172;;43,750
AM;BR-319;199,000;198,000;1,000;21/09/2021;-5,18252885;-61,8082172;;43,750
AM;BR-319;346,200;345,000;1,200;21/09/2021;-5,19996257;-61,835994;;78,750
AM;BR-319;345,000;344,000;1,000;21/09/2021;-5,19996257;-61,835994;;90,000
AM;BR-319;344,000;343,000;1,000;21/09/2021;-5,19996257;-61,835994;;90,000
AM;BR-319;343,000;342,000;1,000;21/09/2021;-5,19996257;-61,835994;;78,750
AM;BR-319;342,000;341,000;1,000;21/09/2021;-5,18252885;-61,8082172;;86,250
AM;BR-319;341,000;340,000;1,000;21/09/2021;-5,18252885;-61,8082172;;91,250
AM;BR-319;340,000;339,000;1,000;21/09/2021;-5,18252885;-61,8082172;;82,500
AM;BR-319;339,000;338,000;1,000;21/09/2021;-5,18252885;-61,8082172;;82,500
AM;BR-319;338,000;337,000;1,000;21/09/2021;-5,18252885;-61,8082172;;82,500
AM;BR-319;337,000;336,000;1,000;21/09/2021;-5,18252885;-61,8082172;;46,250
AM;BR-319;336,000;335,000;1,000;21/09/2021;-5,18252885;-61,8082172;;51,250
AM;BR-319;335,000;334,000;1,000;21/09/2021;-5,18252885;-61,8082172;;57,500
AM;BR-319;334,000;333,000;1,000;21/09/2021;-5,18252885;-61,8082172;;51,250
AM;BR-319;333,000;332,000;1,000;21/09/2021;-5,18252885;-61,8082172;;65,000
AM;BR-319;332,000;331,000;1,000;21/09/2021;-5,18252885;-61,8082172;;57,500
AM;BR-319;331,000;330,000;1,000;21/09/2021;-5,18252885;-61,8082172;;67,500
AM;BR-319;330,000;329,000;1,000;21/09/2021;-5,18252885;-61,8082172;;67,500
AM;BR-319;329,000;328,000;1,000;21/09/2021;-5,18252885;-61,8082172;;62,500
AM;BR-319;328,000;327,000;1,000;21/09/2021;-5,18252885;-61,8082172;;75,000
AM;BR-319;327,000;326,000;1,000;21/09/2021;-5,18252885;-61,8082172;;90,000
AM;BR-319;326,000;325,000;1,000;21/09/2021;-5,18252885;-61,8082172;;92,500
AM;BR-319;325,000;324,000;1,000;21/09/2021;-5,18252885;-61,8082172;;60,000
AM;BR-319;324,000;323,000;1,000;21/09/2021;-5,18252885;-61,8082172;;98,750
AM;BR-319;323,000;322,000;1,000;21/09/2021;-5,18252885;-61,8082172;;95,000
AM;BR-319;322,000;321,000;1,000;21/09/2021;-5,18252885;-61,8082172;;95,000
AM;BR-319;321,000;320,000;1,000;21/09/2021;-5,18252885;-61,8082172;;98,750
AM;BR-319;320,000;319,000;1,000;21/09/2021;-5,18252885;-61,8082172;;63,750
AM;BR-319;319,000;318,000;1,000;21/09/2021;-5,18252885;-61,8082172;;43,750
AM;BR-319;318,000;317,000;1,000;21/09/2021;-5,18252885;-61,8082172;;53,750
AM;BR-319;317,000;316,000;1,000;21/09/2021;-5,18252885;-61,8082172;;57,500
AM;BR-319;316,000;315,000;1,000;21/09/2021;-5,18252885;-61,8082172;;37,500
AM;BR-319;315,000;314,000;1,000;21/09/2021;-5,18252885;-61,8082172;;57,500
AM;BR-319;314,000;313,000;1,000;21/09/2021;-5,18252885;-61,8082172;;37,500
AM;BR-319;313,000;312,000;1,000;21/09/2021;-5,18252885;-61,8082172;;52,500
AM;BR-319;312,000;311,000;1,000;21/09/2021;-5,18252885;-61,8082172;;60,000
AM;BR-319;311,000;310,000;1,000;21/09/2021;-5,18252885;-61,8082172;;37,500
AM;BR-319;310,000;309,000;1,000;21/09/2021;-5,18252885;-61,8082172;;43,750
AM;BR-319;309,000;308,000;1,000;21/09/2021;-5,18252885;-61,8082172;;76,250
AM;BR-319;308,000;307,000;1,000;21/09/2021;-5,18252885;-61,8082172;;51,250
AM;BR-319;307,000;306,000;1,000;21/09/2021;-5,18252885;-61,8082172;;93,750
AM;BR-319;306,000;305,000;1,000;21/09/2021;-5,18252885;-61,8082172;;87,500
AM;BR-319;305,000;304,000;1,000;21/09/2021;-5,18252885;-61,8082172;;37,500
AM;BR-319;304,000;303,000;1,000;21/09/2021;-5,18252885;-61,8082172;;51,250
AM;BR-319;303,000;302,000;1,000;21/09/2021;-5,18252885;-61,8082172;;37,500
AM;BR-319;302,000;301,000;1,000;21/09/2021;-5,18252885;-61,8082172;;58,750
AM;BR-319;301,000;300,000;1,000;21/09/2021;-5,18252885;-61,8082172;;43,750
AM;BR-319;300,000;299,000;1,000;21/09/2021;-5,18252885;-61,8082172;;50,000
AM;BR-319;299,000;298,000;1,000;21/09/2021;-5,18252885;-61,8082172;;50,000
AM;BR-319;298,000;297,000;1,000;21/09/2021;-5,18252885;-61,8082172;;57,500
AM;BR-319;297,000;296,000;1,000;21/09/2021;-5,18252885;-61,8082172;;78,750
AM;BR-319;296,000;295,000;1,000;21/09/2021;-5,18252885;-61,8082172;;60,000
AM;BR-319;295,000;294,000;1,000;21/09/2021;-5,18252885;-61,8082172;;90,000
AM;BR-319;294,000;293,000;1,000;21/09/2021;-5,18252885;-61,8082172;;85,000
AM;BR-319;293,000;292,000;1,000;21/09/2021;-5,18252885;-61,8082172;;100,000
AM;BR-319;292,000;291,000;1,000;21/09/2021;-5,18252885;-61,8082172;;93,750
AM;BR-319;291,000;290,000;1,000;21/09/2021;-5,18252885;-61,8082172;;82,500
AM;BR-319;290,000;289,000;1,000;21/09/2021;-5,18252885;-61,8082172;;67,500
AM;BR-319;289,000;288,000;1,000;21/09/2021;-5,18252885;-61,8082172;;90,000
AM;BR-319;288,000;287,000;1,000;21/09/2021;-5,18252885;-61,8082172;;97,500
AM;BR-319;287,000;286,000;1,000;21/09/2021;-5,18252885;-61,8082172;;93,750
AM;BR-319;286,000;285,000;1,000;21/09/2021;-5,18252885;-61,8082172;;97,500
AM;BR-319;285,000;284,000;1,000;21/09/2021;-5,18252885;-61,8082172;;90,000
AM;BR-319;284,000;283,000;1,000;21/09/2021;-5,18252885;-61,8082172;;93,750
AM;BR-319;283,000;282,000;1,000;21/09/2021;-5,18252885;-61,8082172;;96,250
AM;BR-319;282,000;281,000;1,000;21/09/2021;-5,18252885;-61,8082172;;82,500
AM;BR-319;281,000;280,000;1,000;21/09/2021;-5,18252885;-61,8082172;;78,750
AM;BR-319;280,000;279,000;1,000;21/09/2021;-5,18252885;-61,8082172;;43,750
AM;BR-319;279,000;278,000;1,000;21/09/2021;-5,18252885;-61,8082172;;37,500
AM;BR-319;278,000;277,000;1,000;21/09/2021;-5,18252885;-61,8082172;;51,250
AM;BR-319;277,000;276,000;1,000;21/09/2021;-5,18252885;-61,8082172;;57,500
AM;BR-319;276,000;275,000;1,000;21/09/2021;-5,18252885;-61,8082172;;97,500
AM;BR-319;275,000;274,000;1,000;21/09/2021;-5,18252885;-61,8082172;;72,500
AM;BR-319;274,000;273,000;1,000;21/09/2021;-5,18252885;-61,8082172;;82,500
AM;BR-319;273,000;272,000;1,000;21/09/2021;-5,18252885;-61,8082172;;60,000
AM;BR-319;272,000;271,000;1,000;21/09/2021;-5,18252885;-61,8082172;;78,750
AM;BR-319;271,000;270,000;1,000;21/09/2021;-5,18252885;-61,8082172;;85,000
AM;BR-319;270,000;269,000;1,000;21/09/2021;-5,18252885;-61,8082172;;93,750
AM;BR-319;269,000;268,000;1,000;21/09/2021;-5,18252885;-61,8082172;;90,000
AM;BR-319;268,000;267,000;1,000;21/09/2021;-5,18252885;-61,8082172;;86,250
AM;BR-319;267,000;266,000;1,000;21/09/2021;-5,18252885;-61,8082172;;93,750
AM;BR-319;266,000;265,000;1,000;21/09/2021;-5,18252885;-61,8082172;;93,750
AM;BR-319;265,000;264,000;1,000;21/09/2021;-5,18252885;-61,8082172;;100,000
AM;BR-319;264,000;263,000;1,000;21/09/2021;-5,18252885;-61,8082172;;86,250
AM;BR-319;263,000;262,000;1,000;21/09/2021;-5,18252885;-61,8082172;;93,750
AM;BR-319;262,000;261,000;1,000;21/09/2021;-5,18252885;-61,8082172;;80,000
AM;BR-319;433,100;432,000;1,100;21/09/2021;-5,19996257;-61,835994;;32,500
AM;BR-319;432,000;431,000;1,000;21/09/2021;-5,19996257;-61,835994;;51,250
AM;BR-319;431,000;430,000;1,000;21/09/2021;-5,19996257;-61,835994;;65,000
AM;BR-319;430,000;429,000;1,000;21/09/2021;-5,19996257;-61,835994;;51,250
AM;BR-319;429,000;428,000;1,000;21/09/2021;-5,19996257;-61,835994;;37,500
AM;BR-319;428,000;427,000;1,000;21/09/2021;-5,19996257;-61,835994;;71,250
AM;BR-319;427,000;426,000;1,000;21/09/2021;-5,19996257;-61,835994;;65,000
AM;BR-319;426,000;425,000;1,000;21/09/2021;-5,19996257;-61,835994;;93,750
AM;BR-319;425,000;424,000;1,000;21/09/2021;-5,19996257;-61,835994;;76,250
AM;BR-319;424,000;423,000;1,000;21/09/2021;-5,19996257;-61,835994;;37,500
AM;BR-319;423,000;422,000;1,000;21/09/2021;-5,19996257;-61,835994;;37,500
AM;BR-319;422,000;421,000;1,000;21/09/2021;-5,19996257;-61,835994;;72,500
AM;BR-319;421,000;420,000;1,000;21/09/2021;-5,19996257;-61,835994;;80,000
AM;BR-319;420,000;419,000;1,000;21/09/2021;-5,19996257;-61,835994;;37,500
AM;BR-319;419,000;418,000;1,000;21/09/2021;-5,19996257;-61,835994;;25,000
AM;BR-319;418,000;417,000;1,000;21/09/2021;-5,19996257;-61,835994;;90,000
AM;BR-319;417,000;416,000;1,000;21/09/2021;-5,19996257;-61,835994;;76,250
AM;BR-319;416,000;415,000;1,000;21/09/2021;-5,19996257;-61,835994;;77,500
AM;BR-319;415,000;414,000;1,000;21/09/2021;-5,19996257;-61,835994;;53,750
AM;BR-319;414,000;413,000;1,000;21/09/2021;-5,19996257;-61,835994;;82,500
AM;BR-319;413,000;412,000;1,000;21/09/2021;-5,19996257;-61,835994;;67,500
AM;BR-319;412,000;411,000;1,000;21/09/2021;-5,19996257;-61,835994;;82,500
AM;BR-319;411,000;410,000;1,000;21/09/2021;-5,19996257;-61,835994;;67,500
AM;BR-319;410,000;409,000;1,000;21/09/2021;-5,19996257;-61,835994;;75,000
AM;BR-319;409,000;408,000;1,000;21/09/2021;-5,19996257;-61,835994;;97,500
AM;BR-319;408,000;407,000;1,000;21/09/2021;-5,19996257;-61,835994;;82,500
AM;BR-319;407,000;406,000;1,000;21/09/2021;-5,19996257;-61,835994;;60,000
AM;BR-319;406,000;405,000;1,000;21/09/2021;-5,19996257;-61,835994;;58,750
AM;BR-319;405,000;404,000;1,000;21/09/2021;-5,19996257;-61,835994;;76,250
AM;BR-319;404,000;403,000;1,000;21/09/2021;-5,19996257;-61,835994;;60,000
AM;BR-319;403,000;402,000;1,000;21/09/2021;-5,19996257;-61,835994;;93,750
AM;BR-319;402,000;401,000;1,000;21/09/2021;-5,19996257;-61,835994;;25,000
AM;BR-319;401,000;400,000;1,000;21/09/2021;-5,19996257;-61,835994;;75,000
AM;BR-319;400,000;399,000;1,000;21/09/2021;-5,19996257;-61,835994;;70,000
AM;BR-319;399,000;398,000;1,000;21/09/2021;-5,19996257;-61,835994;;45,000
AM;BR-319;398,000;397,000;1,000;21/09/2021;-5,19996257;-61,835994;;40,000
AM;BR-319;397,000;396,000;1,000;21/09/2021;-5,19996257;-61,835994;;37,500
AM;BR-319;396,000;395,000;1,000;21/09/2021;-5,19996257;-61,835994;;37,500
AM;BR-319;395,000;394,000;1,000;21/09/2021;-5,19996257;-61,835994;;52,500
AM;BR-319;394,000;393,000;1,000;21/09/2021;-5,19996257;-61,835994;;37,500
AM;BR-319;393,000;392,000;1,000;21/09/2021;-5,19996257;-61,835994;;47,500
AM;BR-319;392,000;391,000;1,000;21/09/2021;-5,19996257;-61,835994;;55,000
AM;BR-319;391,000;390,000;1,000;21/09/2021;-5,19996257;-61,835994;;93,750
AM;BR-319;390,000;389,000;1,000;21/09/2021;-5,19996257;-61,835994;;85,000
AM;BR-319;389,000;388,000;1,000;21/09/2021;-5,19996257;-61,835994;;55,000
AM;BR-319;388,000;387,000;1,000;21/09/2021;-5,19996257;-61,835994;;83,750
AM;BR-319;387,000;386,000;1,000;21/09/2021;-5,19996257;-61,835994;;90,000
AM;BR-319;386,000;385,000;1,000;21/09/2021;-5,19996257;-61,835994;;52,500
AM;BR-319;385,000;384,000;1,000;21/09/2021;-5,19996257;-61,835994;;37,500
AM;BR-319;384,000;383,000;1,000;21/09/2021;-5,19996257;-61,835994;;37,500
AM;BR-319;383,000;382,000;1,000;21/09/2021;-5,19996257;-61,835994;;58,750
AM;BR-319;382,000;381,000;1,000;21/09/2021;-5,19996257;-61,835994;;50,000
AM;BR-319;381,000;380,000;1,000;21/09/2021;-5,19996257;-61,835994;;37,500
AM;BR-319;380,000;379,000;1,000;21/09/2021;-5,19996257;-61,835994;;45,000
AM;BR-319;379,000;378,000;1,000;21/09/2021;-5,19996257;-61,835994;;72,500
AM;BR-319;378,000;377,000;1,000;21/09/2021;-5,19996257;-61,835994;;52,500
AM;BR-319;377,000;376,000;1,000;21/09/2021;-5,19996257;-61,835994;;70,000
AM;BR-319;376,000;375,000;1,000;21/09/2021;-5,19996257;-61,835994;;45,000
AM;BR-319;375,000;374,000;1,000;21/09/2021;-5,19996257;-61,835994;;53,750
AM;BR-319;374,000;373,000;1,000;21/09/2021;-5,19996257;-61,835994;;86,250
AM;BR-319;373,000;372,000;1,000;21/09/2021;-5,19996257;-61,835994;;86,250
AM;BR-319;372,000;371,000;1,000;21/09/2021;-5,19996257;-61,835994;;93,750
AM;BR-319;371,000;370,000;1,000;21/09/2021;-5,19996257;-61,835994;;100,000
AM;BR-319;370,000;369,000;1,000;21/09/2021;-5,19996257;-61,835994;;97,500
AM;BR-319;369,000;368,000;1,000;21/09/2021;-5,19996257;-61,835994;;90,000
AM;BR-319;368,000;367,000;1,000;21/09/2021;-5,19996257;-61,835994;;82,500
AM;BR-319;367,000;366,000;1,000;21/09/2021;-5,19996257;-61,835994;;65,000
AM;BR-319;366,000;365,000;1,000;21/09/2021;-5,19996257;-61,835994;;75,000
AM;BR-319;365,000;364,000;1,000;21/09/2021;-5,19996257;-61,835994;;52,500
AM;BR-319;364,000;363,000;1,000;21/09/2021;-5,19996257;-61,835994;;72,500
AM;BR-319;363,000;362,000;1,000;21/09/2021;-5,19996257;-61,835994;;75,000
AM;BR-319;362,000;361,000;1,000;21/09/2021;-5,19996257;-61,835994;;67,500
AM;BR-319;361,000;360,000;1,000;21/09/2021;-5,19996257;-61,835994;;88,750
AM;BR-319;360,000;359,000;1,000;21/09/2021;-5,19996257;-61,835994;;82,500
AM;BR-319;359,000;358,000;1,000;21/09/2021;-5,19996257;-61,835994;;78,750
AM;BR-319;358,000;357,000;1,000;21/09/2021;-5,19996257;-61,835994;;67,500
AM;BR-319;357,000;356,000;1,000;21/09/2021;-5,19996257;-61,835994;;93,750
AM;BR-319;356,000;355,000;1,000;21/09/2021;-5,19996257;-61,835994;;80,000
AM;BR-319;355,000;354,000;1,000;21/09/2021;-5,19996257;-61,835994;;90,000
AM;BR-319;354,000;353,000;1,000;21/09/2021;-5,19996257;-61,835994;;86,250
AM;BR-319;353,000;352,000;1,000;21/09/2021;-5,19996257;-61,835994;;72,500
AM;BR-319;352,000;351,000;1,000;21/09/2021;-5,19996257;-61,835994;;65,000
AM;BR-319;351,000;350,000;1,000;21/09/2021;-5,19996257;-61,835994;;51,250
AM;BR-319;350,000;349,000;1,000;21/09/2021;-5,19996257;-61,835994;;78,750
AM;BR-319;349,000;348,000;1,000;21/09/2021;-5,19996257;-61,835994;;45,000
AM;BR-319;348,000;347,000;1,000;21/09/2021;-5,19996257;-61,835994;;37,500
AM;BR-319;347,000;346,000;1,000;21/09/2021;-5,19996257;-61,835994;;65,000
AM;BR-319;346,000;345,000;1,000;21/09/2021;-5,19996257;-61,835994;;67,500
PA;BR-308;226,000;227,000;1,000;27/09/2021;-1,0588162;-46,7635471;;35,000
PA;BR-308;227,000;228,000;1,000;27/09/2021;-1,0588162;-46,7635471;;30,000
PA;BR-308;228,000;229,000;1,000;27/09/2021;-1,0588162;-46,7635471;;37,500
PA;BR-308;229,000;230,000;1,000;27/09/2021;-1,0588162;-46,7635471;;30,000
PA;BR-308;230,000;231,000;1,000;27/09/2021;-1,0588162;-46,7635471;;30,000
PA;BR-308;231,000;232,000;1,000;27/09/2021;-1,0588162;-46,7635471;;31,250
PA;BR-308;232,000;233,000;1,000;27/09/2021;-1,0588162;-46,7635471;;30,000
PA;BR-308;233,000;234,000;1,000;27/09/2021;-1,0588162;-46,7635471;;30,000
PA;BR-308;234,000;235,000;1,000;27/09/2021;-1,0588162;-46,7635471;;30,000
PA;BR-308;235,000;236,000;1,000;27/09/2021;-1,0588162;-46,7635471;;30,000
PA;BR-308;236,000;237,000;1,000;27/09/2021;-1,0588162;-46,7635471;;30,000
PA;BR-308;237,000;238,000;1,000;27/09/2021;-1,0588162;-46,7635471;;30,000
PA;BR-308;238,000;239,000;1,000;27/09/2021;-1,0588162;-46,7635471;;30,000
PA;BR-308;239,000;240,000;1,000;27/09/2021;-1,0588162;-46,7635471;;30,000
PA;BR-308;240,000;241,000;1,000;27/09/2021;-1,0588162;-46,7635471;;30,000
PA;BR-308;241,000;242,000;1,000;27/09/2021;-1,0588162;-46,7635471;;30,000
PA;BR-308;242,000;243,000;1,000;27/09/2021;-1,0588162;-46,7635471;;30,000
PA;BR-308;243,000;244,000;1,000;27/09/2021;-1,0588162;-46,7635471;;30,000
PA;BR-308;244,000;245,000;1,000;27/09/2021;-1,0588162;-46,7635471;;30,000
PA;BR-308;245,000;246,000;1,000;27/09/2021;-1,0588162;-46,7635471;;30,000
PA;BR-308;246,000;247,000;1,000;27/09/2021;-1,0588162;-46,7635471;;30,000
PA;BR-308;247,000;248,000;1,000;27/09/2021;-1,0588162;-46,7635471;;30,000
PA;BR-308;248,000;249,000;1,000;27/09/2021;-1,0588162;-46,7635471;;30,000
PA;BR-308;249,000;250,000;1,000;27/09/2021;-1,0588162;-46,7635471;;30,000
PA;BR-308;250,000;251,000;1,000;27/09/2021;-1,0588162;-46,7635471;;30,000
PA;BR-308;251,000;252,000;1,000;27/09/2021;-1,0588162;-46,7635471;;37,500
PA;BR-308;252,000;253,000;1,000;27/09/2021;-1,0588162;-46,7635471;;30,000
PA;BR-308;253,000;254,000;1,000;27/09/2021;-1,0588162;-46,7635471;;30,000
PA;BR-308;254,000;255,000;1,000;27/09/2021;-1,0588162;-46,7635471;;30,000
PA;BR-308;255,000;256,000;1,000;27/09/2021;-1,0588162;-46,7635471;;30,000
PA;BR-308;256,000;257,000;1,000;27/09/2021;-1,0588162;-46,7635471;;30,000
PA;BR-308;257,000;258,000;1,000;27/09/2021;-1,0588162;-46,7635471;;30,000
PA;BR-308;258,000;259,000;1,000;27/09/2021;-1,0588162;-46,7635471;;30,000
PA;BR-308;259,000;260,000;1,000;27/09/2021;-1,0588162;-46,7635471;;30,000
PA;BR-308;260,000;261,000;1,000;27/09/2021;-1,0588162;-46,7635471;;30,000
PA;BR-308;261,000;262,000;1,000;27/09/2021;-1,0588162;-46,7635471;;30,000
PA;BR-308;262,000;263,000;1,000;27/09/2021;-1,0588162;-46,7635471;;30,000
PA;BR-308;263,000;264,000;1,000;27/09/2021;-1,0588162;-46,7635471;;30,000
PA;BR-308;264,000;265,000;1,000;27/09/2021;-1,0588162;-46,7635471;;30,000
PA;BR-308;265,000;266,000;1,000;27/09/2021;-1,0588162;-46,7635471;;30,000
PA;BR-308;268,000;269,000;1,000;27/09/2021;-1,4317845;-46,4739233;;30,000
PA;BR-308;269,000;270,000;1,000;27/09/2021;-1,4317845;-46,4739233;;30,000
PA;BR-308;270,000;271,000;1,000;27/09/2021;-1,4317845;-46,4739233;;30,000
PA;BR-308;271,000;272,000;1,000;27/09/2021;-1,4317845;-46,4739233;;30,000
PA;BR-308;272,000;273,000;1,000;27/09/2021;-1,445385;-46,4321405;;30,000
PA;BR-308;273,000;274,000;1,000;27/09/2021;-1,445385;-46,4321405;;30,000
PA;BR-308;274,000;275,000;1,000;27/09/2021;-1,445385;-46,4321405;;30,000
PA;BR-308;275,000;276,000;1,000;27/09/2021;-1,445385;-46,4321405;;30,000
PA;BR-308;276,000;277,000;1,000;27/09/2021;-1,4455212;-46,4000251;;30,000
PA;BR-308;277,000;278,000;1,000;27/09/2021;-1,4455212;-46,4000251;;30,000
PA;BR-308;278,000;279,000;1,000;27/09/2021;-1,4455212;-46,4000251;;30,000
PA;BR-308;279,000;280,000;1,000;27/09/2021;-1,4455212;-46,4000251;;30,000
PA;BR-308;280,000;281,000;1,000;27/09/2021;-1,4455212;-46,4000251;;30,000
PA;BR-308;281,000;282,000;1,000;27/09/2021;-1,4455212;-46,4000251;;30,000
PA;BR-308;282,000;283,000;1,000;27/09/2021;-1,4455212;-46,4000251;;30,000
PA;BR-308;283,000;284,000;1,000;27/09/2021;-1,442848;-46,3396112;;30,000
PA;BR-308;284,000;285,000;1,000;27/09/2021;-1,442848;-46,3396112;;30,000
PA;BR-308;285,000;286,000;1,000;27/09/2021;-1,442848;-46,3396112;;30,000
PA;BR-308;286,000;287,000;1,000;27/09/2021;-1,442848;-46,3396112;;30,000
PA;BR-308;287,000;288,000;1,000;27/09/2021;-1,442848;-46,3396112;;30,000
PA;BR-308;288,000;289,000;1,000;27/09/2021;-1,442848;-46,3396112;;30,000
PA;BR-308;289,000;290,000;1,000;27/09/2021;-1,3892806;-46,3105742;;30,000
PA;BR-308;290,000;291,000;1,000;27/09/2021;-1,3892806;-46,3105742;;30,000
PA;BR-308;291,000;292,000;1,000;27/09/2021;-1,3892806;-46,3105742;;30,000
PA;BR-308;292,000;293,000;1,000;27/09/2021;-1,3704116;-46,2870643;;30,000
PA;BR-308;293,000;294,000;1,000;27/09/2021;-1,3704101;-46,2870616;;30,000
PA;BR-308;294,000;295,000;1,000;27/09/2021;-1,3704101;-46,2870616;;30,000
PA;BR-308;295,000;296,000;1,000;27/09/2021;-1,3704101;-46,2870616;;30,000
PA;BR-308;296,000;297,000;1,000;27/09/2021;-1,3704101;-46,2870616;;30,000
PA;BR-308;297,000;298,000;1,000;27/09/2021;-1,3704101;-46,2870616;;30,000
PA;BR-308;298,000;299,000;1,000;27/09/2021;-1,345754;-46,2502545;;30,000
PA;BR-308;299,000;300,000;1,000;27/09/2021;-1,345754;-46,2502545;;30,000
PA;BR-308;300,000;301,000;1,000;27/09/2021;-1,345754;-46,2502545;;30,000
PA;BR-308;301,000;302,000;1,000;27/09/2021;-1,345754;-46,2502545;;30,000
PA;BR-308;302,000;303,000;1,000;27/09/2021;-1,345754;-46,2502545;;37,500
PA;BR-308;306,000;307,000;1,000;27/09/2021;-1,345754;-46,2502545;;30,000
PA;BR-308;307,000;308,000;1,000;27/09/2021;-1,345754;-46,2502545;;30,000
PA;BR-308;308,000;309,000;1,000;27/09/2021;-1,345754;-46,2502545;;30,000
PA;BR-308;309,000;310,000;1,000;27/09/2021;-1,345754;-46,2502545;;30,000
PA;BR-308;310,000;311,000;1,000;27/09/2021;-1,345754;-46,2502545;;30,000
PA;BR-308;311,000;312,000;1,000;27/09/2021;-1,345754;-46,2502545;;30,000
PA;BR-308;312,000;313,000;1,000;27/09/2021;-1,345754;-46,2502545;;30,000
PA;BR-308;313,000;314,000;1,000;27/09/2021;-1,345754;-46,2502545;;30,000
PA;BR-308;314,000;315,000;1,000;27/09/2021;-1,345754;-46,2502545;;30,000
PA;BR-308;315,000;316,000;1,000;27/09/2021;-1,345754;-46,2502545;;30,000
PA;BR-308;316,000;317,000;1,000;27/09/2021;-1,345754;-46,2502545;;30,000
PA;BR-308;317,000;318,000;1,000;27/09/2021;-1,345754;-46,2502545;;30,000
PA;BR-308;318,000;319,000;1,000;27/09/2021;-1,345754;-46,2502545;;30,000
AP;BR-156;659,440;660,000;0,560;21/09/2021;2,60658538;-51,33269;;23,750
AP;BR-156;660,000;661,000;1,000;21/09/2021;2,61142193;-51,3339856;;33,750
AP;BR-156;661,000;662,000;1,000;21/09/2021;2,61142193;-51,3339856;;28,750
AP;BR-156;662,000;663,000;1,000;21/09/2021;2,63030207;-51,3404308;;36,250
AP;BR-156;663,000;664,000;1,000;21/09/2021;2,63030207;-51,3404308;;36,250
AP;BR-156;664,000;665,000;1,000;21/09/2021;2,64516742;-51,3501594;;11,250
AP;BR-156;665,000;666,000;1,000;21/09/2021;2,65331312;-51,3530987;;57,500
AP;BR-156;666,000;667,000;1,000;21/09/2021;2,6601851;-51,3538652;;72,500
AP;BR-156;667,000;668,000;1,000;21/09/2021;2,6601851;-51,3538652;;72,500
AP;BR-156;668,000;669,000;1,000;21/09/2021;2,67429618;-51,3525511;;62,500
AP;BR-156;669,000;670,000;1,000;21/09/2021;2,67878926;-51,353415;;72,500
AP;BR-156;670,000;671,000;1,000;21/09/2021;2,67878926;-51,353415;;37,500
AP;BR-156;671,000;672,000;1,000;22/09/2021;2,67878926;-51,353415;;51,250
AP;BR-156;672,000;673,000;1,000;22/09/2021;2,70748296;-51,3637486;;26,250
AP;BR-156;673,000;674,000;1,000;22/09/2021;2,71282741;-51,3653361;;33,750
AP;BR-156;674,000;675,000;1,000;22/09/2021;2,72510589;-51,368849;;46,250
AP;BR-156;675,000;676,000;1,000;22/09/2021;2,72666937;-51,3693619;;26,250
AP;BR-156;676,000;677,000;1,000;22/09/2021;2,74278448;-51,3725558;;26,250
AP;BR-156;677,000;678,000;1,000;22/09/2021;2,74278448;-51,3725558;;26,250
AP;BR-156;678,000;679,000;1,000;22/09/2021;2,75761739;-51,380613;;26,250
AP;BR-156;679,000;680,000;1,000;22/09/2021;2,76286446;-51,3828153;;45,000
AP;BR-156;680,000;681,000;1,000;22/09/2021;2,76286446;-51,3828153;;38,750
AP;BR-156;681,000;682,000;1,000;22/09/2021;2,76286446;-51,3828153;;33,750
AP;BR-156;682,000;683,000;1,000;22/09/2021;2,7858852;-51,3869944;;45,000
AP;BR-156;683,000;684,000;1,000;22/09/2021;2,7858852;-51,3869944;;26,250
AP;BR-156;684,000;685,000;1,000;22/09/2021;2,80445435;-51,3918126;;26,250
AP;BR-156;685,000;686,000;1,000;22/09/2021;2,81050288;-51,3932508;;38,750
AP;BR-156;686,000;687,000;1,000;22/09/2021;2,82082722;-51,3965198;;26,250
AP;BR-156;687,000;688,000;1,000;22/09/2021;2,83212938;-51,4002187;;26,250
AP;BR-156;688,000;689,000;1,000;22/09/2021;2,83212938;-51,4002187;;26,250
AP;BR-156;689,000;690,000;1,000;22/09/2021;2,84599394;-51,3959615;;26,250
AP;BR-156;690,000;691,000;1,000;22/09/2021;2,8542987;-51,3945857;;26,250
AP;BR-156;691,000;692,000;1,000;22/09/2021;2,86601101;-51,3950733;;33,750
AP;BR-156;692,000;693,000;1,000;22/09/2021;2,871648;-51,3949074;;26,250
AP;BR-156;693,000;694,000;1,000;22/09/2021;2,88455101;-51,3959984;;26,250
AP;BR-156;694,000;695,000;1,000;22/09/2021;2,89413358;-51,3974246;;26,250
AP;BR-156;695,000;696,000;1,000;22/09/2021;2,90583787;-51,3993531;;26,250
AP;BR-156;696,000;697,000;1,000;22/09/2021;2,90583787;-51,3993531;;26,250
AP;BR-156;697,000;698,000;1,000;22/09/2021;2,90583787;-51,3993531;;26,250
AP;BR-156;698,000;699,000;1,000;22/09/2021;2,92513565;-51,3976642;;26,250
AP;BR-156;699,000;700,000;1,000;22/09/2021;2,92513565;-51,3976642;;33,750
AP;BR-156;700,000;701,000;1,000;22/09/2021;2,93859603;-51,4051925;;38,750
AP;BR-156;701,000;702,000;1,000;22/09/2021;2,95034351;-51,4173428;;48,750
AP;BR-156;702,000;703,000;1,000;22/09/2021;2,95596807;-51,4209618;;26,250
AP;BR-156;703,000;704,000;1,000;22/09/2021;2,96523039;-51,4270087;;26,250
AP;BR-156;704,000;705,000;1,000;22/09/2021;2,96668453;-51,4278258;;26,250
AP;BR-156;705,000;706,000;1,000;22/09/2021;2,97817526;-51,4332395;;26,250
AP;BR-156;706,000;707,000;1,000;22/09/2021;2,97817526;-51,4332395;;26,250
AP;BR-156;707,000;708,000;1,000;22/09/2021;3,001667;-51,4440889;;26,250
AP;BR-156;708,000;709,000;1,000;22/09/2021;3,001667;-51,4440889;;26,250
AP;BR-156;709,000;710,000;1,000;22/09/2021;3,01658184;-51,4540472;;26,250
AP;BR-156;710,000;711,000;1,000;22/09/2021;3,01658184;-51,4540472;;33,750
AP;BR-156;711,000;712,000;1,000;22/09/2021;3,02970921;-51,4569699;;33,750
AP;BR-156;712,000;713,000;1,000;22/09/2021;3,02970921;-51,4569699;;52,500
AP;BR-156;713,000;714,000;1,000;22/09/2021;3,04431613;-51,4616281;;33,750
AP;BR-156;714,000;715,000;1,000;22/09/2021;3,04431613;-51,4616281;;26,250
AP;BR-156;715,000;716,000;1,000;22/09/2021;3,06503768;-51,4736339;;33,750
AP;BR-156;716,000;717,000;1,000;22/09/2021;3,06503768;-51,4736339;;33,750
AP;BR-156;717,000;718,000;1,000;22/09/2021;3,080255;-51,4809386;;33,750
AP;BR-156;718,000;719,000;1,000;22/09/2021;3,08295232;-51,4828582;;33,750
AP;BR-156;719,000;720,000;1,000;22/09/2021;3,09462919;-51,4902739;;33,750
AP;BR-156;720,000;721,000;1,000;22/09/2021;3,09462919;-51,4902739;;33,750
AP;BR-156;721,000;722,000;1,000;22/09/2021;3,09462919;-51,4902739;;33,750
AP;BR-156;722,000;723,000;1,000;22/09/2021;3,11694276;-51,4945603;;33,750
AP;BR-156;723,000;724,000;1,000;22/09/2021;3,11694276;-51,4945603;;33,750
AP;BR-156;724,000;725,000;1,000;22/09/2021;3,1356364;-51,5056091;;45,000
AP;BR-156;725,000;726,000;1,000;22/09/2021;3,1356364;-51,5056091;;33,750
AP;BR-156;726,000;727,000;1,000;22/09/2021;3,15011034;-51,5139621;;45,000
AP;BR-156;727,000;728,000;1,000;22/09/2021;3,15011034;-51,5139621;;33,750
AP;BR-156;728,000;729,000;1,000;22/09/2021;3,15011034;-51,5139621;;45,000
AP;BR-156;729,000;730,000;1,000;22/09/2021;3,17342338;-51,5277825;;45,000
AP;BR-156;730,000;731,000;1,000;22/09/2021;3,18053053;-51,5306948;;63,750
AP;BR-156;731,000;732,000;1,000;22/09/2021;3,18829482;-51,5353493;;45,000
AP;BR-156;732,000;733,000;1,000;22/09/2021;3,19036369;-51,54371;;56,250
AP;BR-156;733,000;734,000;1,000;22/09/2021;3,19036369;-51,54371;;70,000
AP;BR-156;734,000;735,000;1,000;22/09/2021;3,20389065;-51,5512798;;70,000
AP;BR-156;735,000;736,000;1,000;22/09/2021;3,21663707;-51,553742;;45,000
AP;BR-156;736,000;737,000;1,000;22/09/2021;3,22493638;-51,5567194;;62,500
AP;BR-156;737,000;738,000;1,000;22/09/2021;3,23854631;-51,5643149;;56,250
AP;BR-156;738,000;739,000;1,000;22/09/2021;3,23854631;-51,5643149;;52,500
AP;BR-156;739,000;740,000;1,000;22/09/2021;3,25193302;-51,57502;;63,750
AP;BR-156;740,000;741,000;1,000;22/09/2021;3,25193302;-51,57502;;63,750
AP;BR-156;741,000;742,000;1,000;22/09/2021;3,25193302;-51,57502;;45,000
AP;BR-156;742,000;743,000;1,000;22/09/2021;3,25791403;-51,5879759;;70,000
AP;BR-156;743,000;744,000;1,000;22/09/2021;3,26770759;-51,5945897;;45,000
AP;BR-156;744,000;745,000;1,000;22/09/2021;3,27724867;-51,6060693;;45,000
AP;BR-156;745,000;746,000;1,000;22/09/2021;3,27724867;-51,6060693;;52,500
AP;BR-156;746,000;747,000;1,000;22/09/2021;3,27724867;-51,6060693;;33,750
AP;BR-156;747,000;748,000;1,000;22/09/2021;3,2967629;-51,6183961;;33,750
AP;BR-156;748,000;749,000;1,000;22/09/2021;3,2967629;-51,6183961;;33,750
AP;BR-156;749,000;750,000;1,000;22/09/2021;3,3106185;-51,6269736;;80,000
AP;BR-156;750,000;751,000;1,000;22/09/2021;3,31783309;-51,6338884;;80,000
AP;BR-156;751,000;752,000;1,000;22/09/2021;3,31783309;-51,6338884;;63,750
AP;BR-156;752,000;753,000;1,000;22/09/2021;3,32747465;-51,6452864;;73,750
AP;BR-156;753,000;754,000;1,000;22/09/2021;3,33577196;-51,6521238;;57,500
AP;BR-156;754,000;755,000;1,000;22/09/2021;3,33577196;-51,6521238;;68,750
AP;BR-156;755,000;756,000;1,000;22/09/2021;3,33577196;-51,6521238;;62,500
AP;BR-156;756,000;757,000;1,000;22/09/2021;3,35477099;-51,6685237;;45,000
AP;BR-156;757,000;758,000;1,000;22/09/2021;3,36017594;-51,6731593;;45,000
AP;BR-156;758,000;759,000;1,000;22/09/2021;3,36711257;-51,6790976;;45,000
AP;BR-156;759,000;760,000;1,000;22/09/2021;3,37654997;-51,690652;;66,250
AP;BR-156;760,000;761,000;1,000;22/09/2021;3,37654997;-51,690652;;60,000
AP;BR-156;761,000;762,000;1,000;22/09/2021;3,38039033;-51,7023666;;56,250
AP;BR-156;762,000;763,000;1,000;22/09/2021;3,38137161;-51,7128662;;73,750
AP;BR-156;763,000;764,000;1,000;22/09/2021;3,38742856;-51,7209389;;50,000
AP;BR-156;764,000;765,000;1,000;22/09/2021;3,39206153;-51,7229452;;57,500
AP;BR-156;765,000;766,000;1,000;22/09/2021;3,39206153;-51,7229452;;57,500
AP;BR-156;766,000;767,000;1,000;22/09/2021;3,39206153;-51,7229452;;57,500
AP;BR-156;767,000;768,000;1,000;22/09/2021;3,39206153;-51,7229452;;63,750
AP;BR-156;768,000;769,000;1,000;22/09/2021;3,42582749;-51,7304218;;45,000
AP;BR-156;769,000;770,000;1,000;22/09/2021;3,43981613;-51,7255403;;56,250
AP;BR-156;28,500;29,000;0,500;27/09/2021;0;0;;55,000
AP;BR-156;29,000;30,000;1,000;27/09/2021;-0,82879128;-52,5070856;;58,750
AP;BR-156;30,000;31,000;1,000;27/09/2021;-0,82879128;-52,5070856;;46,250
AP;BR-156;31,000;32,000;1,000;27/09/2021;-0,82879128;-52,5070856;;50,000
AP;BR-156;32,000;33,000;1,000;27/09/2021;-0,82879128;-52,5070856;;31,250
AP;BR-156;33,000;34,000;1,000;27/09/2021;-0,82879128;-52,5070856;;31,250
AP;BR-156;34,000;35,000;1,000;27/09/2021;-0,82879128;-52,5070856;;31,250
AP;BR-156;35,000;36,000;1,000;27/09/2021;-0,82879128;-52,5070856;;38,750
AP;BR-156;36,000;37,000;1,000;27/09/2021;-0,82879128;-52,5070856;;27,500
AP;BR-156;37,000;38,000;1,000;27/09/2021;-0,82879128;-52,5070856;;26,250
AP;BR-156;38,000;39,000;1,000;27/09/2021;-0,82879128;-52,5070856;;26,250
AP;BR-156;39,000;40,000;1,000;27/09/2021;-0,82879128;-52,5070856;;26,250
AP;BR-156;40,000;41,000;1,000;27/09/2021;-0,82879128;-52,5070856;;26,250
AP;BR-156;41,000;42,000;1,000;27/09/2021;-0,82879128;-52,5070856;;26,250
AP;BR-156;42,000;43,000;1,000;27/09/2021;-0,82879128;-52,5070856;;26,250
AP;BR-156;43,000;44,000;1,000;27/09/2021;-0,82879128;-52,5070856;;33,750
AP;BR-156;44,000;45,000;1,000;27/09/2021;-0,82879128;-52,5070856;;26,250
AP;BR-156;45,000;46,000;1,000;27/09/2021;-0,82879128;-52,5070856;;26,250
AP;BR-156;46,000;47,000;1,000;27/09/2021;-0,82879128;-52,5070856;;26,250
AP;BR-156;47,000;48,000;1,000;27/09/2021;-0,82879128;-52,5070856;;26,250
AP;BR-156;48,000;49,000;1,000;27/09/2021;-0,82879128;-52,5070856;;26,250
AP;BR-156;49,000;50,000;1,000;27/09/2021;-0,82879128;-52,5070856;;26,250
AP;BR-156;50,000;51,000;1,000;27/09/2021;-0,82879128;-52,5070856;;26,250
AP;BR-156;51,000;52,000;1,000;27/09/2021;-0,82879128;-52,5070856;;26,250
AP;BR-156;52,000;53,000;1,000;27/09/2021;-0,82879128;-52,5070856;;33,750
AP;BR-156;53,000;54,000;1,000;27/09/2021;-0,82879128;-52,5070856;;26,250
AP;BR-156;54,000;55,000;1,000;27/09/2021;-0,82879128;-52,5070856;;26,250
AP;BR-156;55,000;56,000;1,000;27/09/2021;-0,82879128;-52,5070856;;26,250
AP;BR-156;56,000;57,000;1,000;27/09/2021;-0,82879128;-52,5070856;;26,250
AP;BR-156;57,000;58,000;1,000;27/09/2021;-0,82879128;-52,5070856;;26,250
AP;BR-156;58,000;59,000;1,000;27/09/2021;-0,82879128;-52,5070856;;37,500
AP;BR-156;59,000;60,000;1,000;27/09/2021;-0,82879128;-52,5070856;;30,000
AP;BR-156;60,000;61,000;1,000;27/09/2021;-0,82879128;-52,5070856;;30,000
AP;BR-156;61,000;62,000;1,000;27/09/2021;-0,82879128;-52,5070856;;30,000
AP;BR-156;62,000;63,000;1,000;27/09/2021;-0,82879128;-52,5070856;;30,000
AP;BR-156;63,000;64,000;1,000;27/09/2021;-0,82879128;-52,5070856;;26,250
AP;BR-156;64,000;65,000;1,000;27/09/2021;-0,82879128;-52,5070856;;26,250
AP;BR-156;65,000;66,000;1,000;27/09/2021;-0,82879128;-52,5070856;;26,250
AP;BR-156;66,000;67,000;1,000;27/09/2021;-0,82879128;-52,5070856;;26,250
AP;BR-156;67,000;68,000;1,000;27/09/2021;-0,82879128;-52,5070856;;26,250
AP;BR-156;68,000;69,000;1,000;27/09/2021;-0,59554566;-52,3262701;;27,500
AP;BR-156;69,000;70,000;1,000;27/09/2021;-0,59554566;-52,3262701;;26,250
AP;BR-156;70,000;71,000;1,000;27/09/2021;-0,59554566;-52,3262701;;26,250
AP;BR-156;71,000;72,000;1,000;27/09/2021;-0,59554566;-52,3262701;;41,250
AP;BR-156;72,000;73,000;1,000;27/09/2021;-0,59554566;-52,3262701;;26,250
AP;BR-156;73,000;74,000;1,000;27/09/2021;-0,59554566;-52,3262701;;26,250
AP;BR-156;74,000;75,000;1,000;27/09/2021;-0,59554566;-52,3262701;;26,250
AP;BR-156;75,000;76,000;1,000;27/09/2021;-0,59554566;-52,3262701;;26,250
AP;BR-156;76,000;77,000;1,000;27/09/2021;-0,59554566;-52,3262701;;26,250
AP;BR-156;77,000;78,000;1,000;27/09/2021;-0,59554566;-52,3262701;;26,250
AP;BR-156;78,000;79,000;1,000;27/09/2021;-0,59554566;-52,3262701;;26,250
AP;BR-156;79,000;80,000;1,000;27/09/2021;-0,59554566;-52,3262701;;26,250
AP;BR-156;80,000;81,000;1,000;27/09/2021;-0,59554566;-52,3262701;;26,250
AP;BR-156;81,000;82,000;1,000;27/09/2021;-0,59554566;-52,3262701;;26,250
AP;BR-156;82,000;83,000;1,000;27/09/2021;-0,59554566;-52,3262701;;26,250
AP;BR-156;83,000;84,000;1,000;27/09/2021;-0,59554566;-52,3262701;;26,250
AP;BR-156;84,000;85,000;1,000;27/09/2021;-0,59554566;-52,3262701;;26,250
AP;BR-156;85,000;86,000;1,000;27/09/2021;-0,59554566;-52,3262701;;26,250
AP;BR-156;86,000;87,000;1,000;27/09/2021;-0,59554566;-52,3262701;;26,250
AP;BR-156;87,000;88,000;1,000;27/09/2021;-0,59554566;-52,3262701;;26,250
AP;BR-156;88,000;89,000;1,000;27/09/2021;-0,59554566;-52,3262701;;38,750
AP;BR-156;89,000;90,000;1,000;27/09/2021;-0,59554566;-52,3262701;;26,250
AP;BR-156;90,000;91,000;1,000;27/09/2021;-0,59554566;-52,3262701;;26,250
AP;BR-156;91,000;92,000;1,000;27/09/2021;-0,59554566;-52,3262701;;33,750
AP;BR-156;92,000;93,000;1,000;27/09/2021;-0,59554566;-52,3262701;;33,750
AP;BR-156;93,000;94,000;1,000;27/09/2021;-0,59554566;-52,3262701;;26,250
AP;BR-156;94,000;95,000;1,000;27/09/2021;-0,59554566;-52,3262701;;26,250
AP;BR-156;95,000;96,000;1,000;27/09/2021;-0,59554566;-52,3262701;;26,250
AP;BR-156;96,000;97,000;1,000;27/09/2021;-0,59554566;-52,3262701;;26,250
AP;BR-156;97,000;98,000;1,000;27/09/2021;-0,59554566;-52,3262701;;26,250
AP;BR-156;98,000;99,000;1,000;27/09/2021;-0,59554566;-52,3262701;;37,500
AP;BR-156;99,000;100,000;1,000;27/09/2021;-0,59554566;-52,3262701;;25,000
AP;BR-156;100,000;101,000;1,000;27/09/2021;-0,59554566;-52,3262701;;38,750
AP;BR-156;101,000;102,000;1,000;27/09/2021;-0,59554566;-52,3262701;;26,250
AP;BR-156;102,000;103,000;1,000;27/09/2021;-0,59554566;-52,3262701;;26,250
AP;BR-156;103,000;104,000;1,000;27/09/2021;-0,59554566;-52,3262701;;26,250
AP;BR-156;104,000;105,000;1,000;27/09/2021;-0,59554566;-52,3262701;;26,250
AP;BR-156;105,000;106,000;1,000;27/09/2021;-0,59554566;-52,3262701;;26,250
AP;BR-156;106,000;107,000;1,000;27/09/2021;-0,59554566;-52,3262701;;26,250
AP;BR-156;107,000;108,000;1,000;27/09/2021;-0,59554566;-52,3262701;;26,250
AP;BR-156;108,000;109,000;1,000;27/09/2021;-0,59554566;-52,3262701;;26,250
AP;BR-156;109,000;110,000;1,000;27/09/2021;-0,59554566;-52,3262701;;27,500
AP;BR-156;110,000;111,000;1,000;27/09/2021;-0,59554566;-52,3262701;;26,250
AP;BR-156;111,000;112,000;1,000;27/09/2021;-0,59554566;-52,3262701;;35,000
AP;BR-156;112,000;113,000;1,000;27/09/2021;-0,59554566;-52,3262701;;27,500
AP;BR-156;113,000;114,000;1,000;27/09/2021;-0,59554566;-52,3262701;;27,500
AP;BR-156;114,000;115,000;1,000;27/09/2021;-0,59554566;-52,3262701;;35,000
AP;BR-156;115,000;116,000;1,000;27/09/2021;-0,59554566;-52,3262701;;35,000
AP;BR-156;116,000;117,000;1,000;27/09/2021;-0,59554566;-52,3262701;;27,500
AP;BR-156;117,000;118,000;1,000;27/09/2021;-0,59554566;-52,3262701;;35,000
AP;BR-156;118,000;119,000;1,000;27/09/2021;-0,59554566;-52,3262701;;35,000
AP;BR-156;119,000;120,000;1,000;27/09/2021;-0,59554566;-52,3262701;;35,000
AP;BR-156;120,000;121,000;1,000;27/09/2021;-0,59554566;-52,3262701;;35,000
AP;BR-156;121,000;122,000;1,000;27/09/2021;-0,59554566;-52,3262701;;35,000
AP;BR-156;122,000;123,000;1,000;27/09/2021;-0,59554566;-52,3262701;;35,000
AP;BR-156;123,000;124,000;1,000;27/09/2021;-0,59554566;-52,3262701;;48,750
AP;BR-156;124,000;125,000;1,000;27/09/2021;-0,35214977;-52,0119152;;35,000
AP;BR-156;125,000;126,000;1,000;27/09/2021;-0,35214977;-52,0119152;;27,500
AP;BR-156;126,000;127,000;1,000;27/09/2021;-0,35214977;-52,0119152;;27,500
AP;BR-156;127,000;128,000;1,000;27/09/2021;-0,35214977;-52,0119152;;27,500
AP;BR-156;128,000;129,000;1,000;27/09/2021;-0,35214977;-52,0119152;;27,500
AP;BR-156;129,000;130,000;1,000;27/09/2021;-0,35214977;-52,0119152;;35,000
AP;BR-156;130,000;131,000;1,000;27/09/2021;-0,33366205;-51,9611067;;35,000
AP;BR-156;131,000;132,000;1,000;27/09/2021;-0,33366205;-51,9611067;;27,500
AP;BR-156;132,000;133,000;1,000;27/09/2021;-0,33366205;-51,9611067;;27,500
AP;BR-156;133,000;134,000;1,000;27/09/2021;-0,33366205;-51,9611067;;27,500
AP;BR-156;134,000;135,000;1,000;27/09/2021;-0,33366205;-51,9611067;;27,500
AP;BR-156;135,000;136,000;1,000;27/09/2021;-0,33366205;-51,9611067;;37,500
AP;BR-156;136,000;137,000;1,000;27/09/2021;-0,33366205;-51,9611067;;37,500
AP;BR-156;137,000;138,000;1,000;27/09/2021;-0,33366205;-51,9611067;;37,500
AP;BR-156;138,000;139,000;1,000;27/09/2021;-0,33366205;-51,9611067;;37,500
AP;BR-156;139,000;140,000;1,000;27/09/2021;-0,33366205;-51,9611067;;48,750
AP;BR-156;140,000;141,000;1,000;27/09/2021;-0,33366205;-51,9611067;;38,750
AP;BR-156;141,000;142,000;1,000;27/09/2021;-0,33366205;-51,9611067;;35,000
AP;BR-156;142,000;143,000;1,000;27/09/2021;-0,33366205;-51,9611067;;27,500
AP;BR-156;143,000;144,000;1,000;27/09/2021;-0,33366205;-51,9611067;;27,500
AP;BR-156;144,000;145,000;1,000;27/09/2021;-0,33366205;-51,9611067;;27,500
AP;BR-156;145,000;146,000;1,000;27/09/2021;-0,33366205;-51,9611067;;27,500
AP;BR-156;146,000;147,000;1,000;27/09/2021;-0,33366205;-51,9611067;;27,500
AP;BR-156;147,000;148,000;1,000;27/09/2021;-0,33366205;-51,9611067;;27,500
AP;BR-156;148,000;149,000;1,000;27/09/2021;-0,33366205;-51,9611067;;27,500
AP;BR-156;149,000;150,000;1,000;27/09/2021;-0,33366205;-51,9611067;;26,250
AP;BR-156;150,000;151,000;1,000;27/09/2021;-0,33366205;-51,9611067;;27,500
AP;BR-156;151,000;152,000;1,000;27/09/2021;-0,33366205;-51,9611067;;27,500
AP;BR-156;152,000;153,000;1,000;27/09/2021;-0,33366205;-51,9611067;;27,500
AP;BR-156;153,000;154,000;1,000;27/09/2021;-0,33366205;-51,9611067;;31,250
AP;BR-156;154,000;155,000;1,000;27/09/2021;-0,33366205;-51,9611067;;35,000
AP;BR-156;155,000;156,000;1,000;27/09/2021;-0,33366205;-51,9611067;;27,500
AP;BR-156;156,000;157,000;1,000;27/09/2021;-0,33366205;-51,9611067;;27,500
AP;BR-156;157,000;158,000;1,000;27/09/2021;-0,33366205;-51,9611067;;27,500
AP;BR-156;158,000;159,000;1,000;27/09/2021;-0,33366205;-51,9611067;;38,750
AP;BR-156;159,000;160,000;1,000;27/09/2021;-0,33366205;-51,9611067;;27,500
AP;BR-156;160,000;161,000;1,000;27/09/2021;-0,33366205;-51,9611067;;27,500
AP;BR-156;161,000;162,000;1,000;27/09/2021;-0,33366205;-51,9611067;;26,250
AP;BR-156;162,000;163,000;1,000;27/09/2021;-0,33366205;-51,9611067;;27,500
AP;BR-156;163,000;164,000;1,000;27/09/2021;-0,33366205;-51,9611067;;27,500
AP;BR-156;164,000;165,000;1,000;27/09/2021;-0,33366205;-51,9611067;;27,500
AP;BR-156;164,200;165,000;0,800;27/09/2021;-0,33366205;-51,9611067;;35,000
AP;BR-156;165,000;166,000;1,000;27/09/2021;-0,33366205;-51,9611067;;27,500
AP;BR-156;166,000;167,000;1,000;27/09/2021;-0,33366205;-51,9611067;;22,500
AP;BR-156;167,000;168,000;1,000;27/09/2021;-0,33366205;-51,9611067;;56,250
AP;BR-156;168,000;169,000;1,000;27/09/2021;-0,33366205;-51,9611067;;63,750
AP;BR-156;169,000;170,000;1,000;27/09/2021;-0,33366205;-51,9611067;;63,750
AP;BR-156;170,000;171,000;1,000;27/09/2021;-0,33366205;-51,9611067;;73,750
AP;BR-156;171,000;172,000;1,000;27/09/2021;-0,33366205;-51,9611067;;67,500
AP;BR-156;172,000;173,000;1,000;27/09/2021;-0,33366205;-51,9611067;;56,250
AP;BR-156;173,000;174,000;1,000;27/09/2021;-0,33366205;-51,9611067;;56,250
AP;BR-156;174,000;175,000;1,000;27/09/2021;-0,33366205;-51,9611067;;50,000
AP;BR-156;175,000;176,000;1,000;27/09/2021;-0,33366205;-51,9611067;;62,500
AP;BR-156;176,000;177,000;1,000;27/09/2021;-0,33366205;-51,9611067;;56,250
AP;BR-156;177,000;178,000;1,000;27/09/2021;-0,33366205;-51,9611067;;63,750
AP;BR-156;178,000;179,000;1,000;27/09/2021;-0,33366205;-51,9611067;;63,750
AP;BR-156;179,000;180,000;1,000;27/09/2021;-0,33366205;-51,9611067;;63,750
AP;BR-156;180,000;181,000;1,000;27/09/2021;-0,33366205;-51,9611067;;56,250
AP;BR-156;181,000;182,000;1,000;27/09/2021;-0,33366205;-51,9611067;;56,250
AP;BR-156;182,000;183,000;1,000;27/09/2021;-0,33366205;-51,9611067;;77,500
AP;BR-156;183,000;184,000;1,000;27/09/2021;-0,33366205;-51,9611067;;63,750
AP;BR-156;184,000;185,000;1,000;27/09/2021;-0,33366205;-51,9611067;;63,750
AP;BR-156;185,000;186,000;1,000;27/09/2021;-0,33366205;-51,9611067;;56,250
AP;BR-156;186,000;187,000;1,000;27/09/2021;-0,33366205;-51,9611067;;63,750
AP;BR-156;187,000;188,000;1,000;27/09/2021;-0,33366205;-51,9611067;;37,500
AP;BR-156;188,000;189,000;1,000;27/09/2021;-0,33366205;-51,9611067;;81,250
AP;BR-156;189,000;190,000;1,000;27/09/2021;-0,33366205;-51,9611067;;73,750
AP;BR-156;190,000;191,000;1,000;27/09/2021;-0,33366205;-51,9611067;;70,000
AP;BR-156;191,000;192,000;1,000;27/09/2021;-0,33366205;-51,9611067;;63,750
AP;BR-156;192,000;193,000;1,000;27/09/2021;-0,33366205;-51,9611067;;73,750
AP;BR-156;193,000;194,000;1,000;27/09/2021;-0,33366205;-51,9611067;;70,000
AP;BR-156;194,000;195,000;1,000;27/09/2021;-0,33366205;-51,9611067;;63,750
AP;BR-156;195,000;196,000;1,000;27/09/2021;-0,33366205;-51,9611067;;63,750
AP;BR-156;196,000;197,000;1,000;27/09/2021;-0,33366205;-51,9611067;;50,000
AP;BR-156;197,000;198,000;1,000;27/09/2021;0,05895903;-51,6368489;;5,000
AP;BR-156;198,000;199,000;1,000;27/09/2021;0,05895903;-51,6368489;;5,000
AP;BR-156;199,000;200,000;1,000;27/09/2021;0,06441057;-51,6363736;;5,000
AP;BR-156;200,000;201,000;1,000;27/09/2021;0,07692528;-51,6334572;;5,000
AP;BR-156;201,000;202,000;1,000;27/09/2021;0,08179345;-51,6330297;;5,000
AP;BR-156;202,000;203,000;1,000;27/09/2021;0,09268021;-51,6320633;;5,000
AP;BR-156;203,000;204,000;1,000;27/09/2021;0,09997651;-51,6259954;;5,000
AP;BR-156;204,000;205,000;1,000;27/09/2021;0,10588893;-51,6222226;;5,000
AP;BR-156;205,000;206,000;1,000;27/09/2021;0,11400921;-51,620461;;5,000
AP;BR-156;206,000;207,000;1,000;27/09/2021;0,1265088;-51,6176694;;5,000
AP;BR-156;207,000;208,000;1,000;27/09/2021;0,1341823;-51,6121214;;5,000
AP;BR-156;208,000;209,000;1,000;27/09/2021;0,13854104;-51,6080389;;5,000
AP;BR-156;209,000;210,000;1,000;27/09/2021;0,14447912;-51,6027841;;5,000
AP;BR-156;210,000;211,000;1,000;27/09/2021;0,14477229;-51,5923725;;5,000
AP;BR-156;211,000;212,000;1,000;27/09/2021;0,14506533;-51,5874687;;5,000
AP;BR-156;212,000;213,000;1,000;27/09/2021;0,14989402;-51,5799766;;5,000
AP;BR-156;212,150;213,000;0,850;27/09/2021;0,14989402;-51,5799766;;11,250
AP;BR-156;213,000;214,000;1,000;27/09/2021;0,1509859;-51,5761678;;12,500
AP;BR-156;214,000;215,000;1,000;27/09/2021;0,1509859;-51,5761678;;27,500
AP;BR-156;215,000;216,000;1,000;27/09/2021;0,1509859;-51,5761678;;27,500
AP;BR-156;216,000;217,000;1,000;27/09/2021;0,1509859;-51,5761678;;27,500
AP;BR-156;217,000;218,000;1,000;27/09/2021;0,1509859;-51,5761678;;27,500
AP;BR-156;218,000;219,000;1,000;27/09/2021;0,1509859;-51,5761678;;27,500
AP;BR-156;219,000;220,000;1,000;27/09/2021;0,1509859;-51,5761678;;27,500
AP;BR-156;220,000;221,000;1,000;27/09/2021;0,1509859;-51,5761678;;27,500
AP;BR-156;221,000;222,000;1,000;27/09/2021;0,1509859;-51,5761678;;27,500
AP;BR-156;222,000;223,000;1,000;27/09/2021;0,1509859;-51,5761678;;26,250
AP;BR-156;223,000;224,000;1,000;27/09/2021;0,1509859;-51,5761678;;26,250
AP;BR-156;224,000;225,000;1,000;27/09/2021;0,1509859;-51,5761678;;26,250
AP;BR-156;225,000;226,000;1,000;27/09/2021;0,1509859;-51,5761678;;26,250
AP;BR-156;226,000;227,000;1,000;27/09/2021;0,1509859;-51,5761678;;26,250
AP;BR-156;227,000;228,000;1,000;27/09/2021;0,1509859;-51,5761678;;27,500
AP;BR-156;228,000;229,000;1,000;27/09/2021;0,1509859;-51,5761678;;27,500
AP;BR-156;229,000;230,000;1,000;27/09/2021;0,1509859;-51,5761678;;27,500
AP;BR-156;230,000;231,000;1,000;27/09/2021;0,1509859;-51,5761678;;26,250
AP;BR-156;231,000;232,000;1,000;27/09/2021;0,1509859;-51,5761678;;26,250
AP;BR-156;232,000;233,000;1,000;27/09/2021;0,1509859;-51,5761678;;26,250
AP;BR-156;233,000;234,000;1,000;27/09/2021;0,1509859;-51,5761678;;33,750
AP;BR-156;234,000;235,000;1,000;27/09/2021;0,1509859;-51,5761678;;26,250
AP;BR-156;235,000;236,000;1,000;27/09/2021;0,1509859;-51,5761678;;26,250
AP;BR-156;236,000;237,000;1,000;27/09/2021;0,1509859;-51,5761678;;26,250
AP;BR-156;237,000;238,000;1,000;27/09/2021;0,1509859;-51,5761678;;26,250
AP;BR-156;238,000;239,000;1,000;27/09/2021;0,1509859;-51,5761678;;26,250
AP;BR-156;239,000;240,000;1,000;27/09/2021;0,1509859;-51,5761678;;26,250
AP;BR-156;240,000;241,000;1,000;27/09/2021;0,1509859;-51,5761678;;26,250
AP;BR-156;241,000;242,000;1,000;27/09/2021;0,1509859;-51,5761678;;26,250
AP;BR-156;242,000;243,000;1,000;27/09/2021;0,1509859;-51,5761678;;26,250
AP;BR-156;243,000;244,000;1,000;27/09/2021;0,1509859;-51,5761678;;26,250
AP;BR-156;244,000;245,000;1,000;27/09/2021;0,1509859;-51,5761678;;26,250
AP;BR-156;245,000;246,000;1,000;27/09/2021;0,1509859;-51,5761678;;26,250
AP;BR-156;246,000;247,000;1,000;27/09/2021;0,1509859;-51,5761678;;30,000
AP;BR-156;247,000;248,000;1,000;27/09/2021;0,1509859;-51,5761678;;26,250
AP;BR-156;248,000;249,000;1,000;27/09/2021;0,1509859;-51,5761678;;26,250
AP;BR-156;249,000;250,000;1,000;27/09/2021;0,1509859;-51,5761678;;26,250
AP;BR-156;250,000;251,000;1,000;27/09/2021;0,1509859;-51,5761678;;26,250
AP;BR-156;251,000;252,000;1,000;27/09/2021;0,1509859;-51,5761678;;26,250
AP;BR-156;252,000;253,000;1,000;27/09/2021;0,1509859;-51,5761678;;33,750
AP;BR-156;253,000;254,000;1,000;27/09/2021;0,1509859;-51,5761678;;30,000
AP;BR-156;254,000;255,000;1,000;27/09/2021;0,1509859;-51,5761678;;30,000
AP;BR-156;255,000;256,000;1,000;27/09/2021;0,1509859;-51,5761678;;30,000
AP;BR-156;256,000;257,000;1,000;27/09/2021;0,1509859;-51,5761678;;30,000
AP;BR-156;257,000;258,000;1,000;27/09/2021;0,1509859;-51,5761678;;26,250
AP;BR-156;258,000;259,000;1,000;27/09/2021;0,1509859;-51,5761678;;26,250
AP;BR-156;259,000;260,000;1,000;27/09/2021;0,1509859;-51,5761678;;26,250
AP;BR-156;260,000;261,000;1,000;27/09/2021;0,1509859;-51,5761678;;45,000
AP;BR-156;261,000;262,000;1,000;27/09/2021;0,1509859;-51,5761678;;30,000
AP;BR-156;262,000;263,000;1,000;27/09/2021;0,1509859;-51,5761678;;26,250
AP;BR-156;263,000;264,000;1,000;27/09/2021;0,1509859;-51,5761678;;26,250
AP;BR-156;264,000;265,000;1,000;27/09/2021;0,1509859;-51,5761678;;37,500
AP;BR-156;265,000;266,000;1,000;27/09/2021;0,1509859;-51,5761678;;37,500
AP;BR-156;266,000;267,000;1,000;27/09/2021;0,1509859;-51,5761678;;37,500
AP;BR-156;267,000;268,000;1,000;27/09/2021;0,1509859;-51,5761678;;57,500
AP;BR-156;268,000;269,000;1,000;27/09/2021;0,1509859;-51,5761678;;72,500
AP;BR-156;269,000;270,000;1,000;27/09/2021;0,1509859;-51,5761678;;76,250
AP;BR-156;270,000;271,000;1,000;27/09/2021;0,1509859;-51,5761678;;76,250
AP;BR-156;271,000;272,000;1,000;27/09/2021;0,1509859;-51,5761678;;65,000
RS;BR-153;53,100;54,000;0,900;28/09/2021;-27,6767797;-52,2909241;;47,500
RS;BR-153;54,000;55,000;1,000;28/09/2021;-27,6800657;-52,2928084;;32,500
RS;BR-153;55,000;56,000;1,000;28/09/2021;-27,56593;-52,2172816;;32,500
RS;BR-153;56,000;57,000;1,000;28/09/2021;-27,56593;-52,2172816;;32,500
RS;BR-153;57,000;58,000;1,000;28/09/2021;-27,56593;-52,2172816;;32,500
RS;BR-153;58,000;59,000;1,000;28/09/2021;-27,56593;-52,2172816;;32,500
RS;BR-153;59,000;60,000;1,000;28/09/2021;-27,56593;-52,2172816;;43,750
RS;BR-153;60,000;61,000;1,000;28/09/2021;-27,725057;-52,3223514;;46,250
RS;BR-153;61,000;62,000;1,000;28/09/2021;-27,56593;-52,2172816;;46,250
RS;BR-153;62,000;63,000;1,000;28/09/2021;-27,56593;-52,2172816;;57,500
RS;BR-153;63,000;64,000;1,000;28/09/2021;-27,56593;-52,2172816;;70,000
RS;BR-153;64,000;65,000;1,000;28/09/2021;-27,56593;-52,2172816;;43,750
RS;BR-153;65,000;66,000;1,000;28/09/2021;-27,56593;-52,2172816;;20,000
RS;BR-153;66,000;67,000;1,000;28/09/2021;-27,56593;-52,2172816;;20,000
RS;BR-153;67,000;68,000;1,000;28/09/2021;-27,56593;-52,2172816;;20,000
RS;BR-153;68,000;69,000;1,000;28/09/2021;-27,56593;-52,2172816;;20,000
RS;BR-153;69,000;70,000;1,000;28/09/2021;-27,845336;-52,3008487;;26,250
RS;BR-153;70,000;71,000;1,000;28/09/2021;-27,845336;-52,3008487;;26,250
RS;BR-153;71,000;72,000;1,000;28/09/2021;-27,8452678;-52,3009885;;7,500
RS;BR-153;72,000;73,000;1,000;28/09/2021;-27,8452678;-52,3009885;;20,000
RS;BR-153;73,000;74,000;1,000;28/09/2021;-27,9086779;-52,2697537;;7,500
RS;BR-153;74,000;75,000;1,000;28/09/2021;-27,9086779;-52,2697537;;20,000
RS;BR-153;75,000;76,000;1,000;28/09/2021;-27,8579605;-52,353521;;26,250
RS;BR-153;76,000;77,000;1,000;28/09/2021;-27,8579605;-52,353521;;37,500
RS;BR-153;77,000;78,000;1,000;28/09/2021;-27,9086779;-52,2697537;;7,500
RS;BR-153;78,000;79,000;1,000;28/09/2021;-27,9086779;-52,2697537;;5,000
RS;BR-153;79,000;80,000;1,000;28/09/2021;-27,9086779;-52,2697537;;0,000
RS;BR-153;80,000;81,000;1,000;28/09/2021;-27,9086779;-52,2697537;;46,250
RS;BR-153;81,000;82,000;1,000;28/09/2021;-27,8592609;-52,307636;;5,000
RS;BR-153;82,000;83,000;1,000;28/09/2021;-27,8592609;-52,307636;;23,750
RS;BR-153;83,000;84,000;1,000;28/09/2021;-27,8592609;-52,307636;;23,750
RS;BR-153;84,000;85,000;1,000;28/09/2021;-27,8592609;-52,307636;;18,750
RS;BR-153;85,000;86,000;1,000;28/09/2021;-27,8592609;-52,307636;;0,000
RS;BR-153;86,000;87,000;1,000;28/09/2021;-27,9469066;-52,37443;;18,750
RS;BR-153;87,000;88,000;1,000;28/09/2021;-27,9469066;-52,37443;;18,750
RS;BR-153;88,000;89,000;1,000;28/09/2021;-27,96657;-52,3804193;;0,000
RS;BR-153;89,000;90,000;1,000;28/09/2021;-27,9469066;-52,37443;;0,000
RS;BR-153;90,000;91,000;1,000;28/09/2021;-27,9469066;-52,37443;;35,000
RS;BR-153;91,000;92,000;1,000;28/09/2021;-27,9469066;-52,37443;;23,750
RS;BR-153;92,000;93,000;1,000;28/09/2021;-27,9469066;-52,37443;;23,750
RS;BR-153;93,000;94,000;1,000;28/09/2021;-28,0062499;-52,3714231;;31,250
RS;BR-153;94,000;95,000;1,000;28/09/2021;-27,9469066;-52,37443;;33,750
RS;BR-153;95,000;96,000;1,000;28/09/2021;-27,9469066;-52,37443;;40,000
RS;BR-153;96,000;97,000;1,000;28/09/2021;-28,0333487;-52,3759258;;12,500
RS;BR-153;97,000;98,000;1,000;28/09/2021;-28,0333487;-52,3759258;;38,750
RS;BR-153;98,000;99,000;1,000;28/09/2021;-27,9868738;-52,2624455;;26,250
RS;BR-153;99,000;100,000;1,000;28/09/2021;-27,9868738;-52,2624455;;26,250
RS;BR-153;100,000;101,000;1,000;28/09/2021;-27,9868738;-52,2624455;;18,750
RS;BR-153;101,000;102,000;1,000;28/09/2021;-27,9868738;-52,2624455;;26,250
RS;BR-153;102,000;103,000;1,000;28/09/2021;-28,1245845;-52,3006561;;35,000
RS;BR-153;103,000;104,000;1,000;28/09/2021;-28,1245845;-52,3006561;;18,750
RS;BR-153;104,000;105,000;1,000;28/09/2021;-28,1245845;-52,3006561;;17,500
RS;BR-153;105,000;106,000;1,000;28/09/2021;-27,9949941;-52,2770627;;18,750
RS;BR-153;106,000;107,000;1,000;28/09/2021;-27,9949941;-52,2770627;;35,000
RS;BR-153;107,000;108,000;1,000;28/09/2021;-27,9949941;-52,2770627;;48,750
RS;BR-153;108,000;109,000;1,000;28/09/2021;-27,9949941;-52,2770627;;18,750
RS;BR-153;109,000;110,000;1,000;28/09/2021;-28,1836029;-52,3309072;;48,750
RS;BR-153;110,000;111,000;1,000;28/09/2021;-28,1836029;-52,3309072;;23,750
RS;BR-153;111,000;112,000;1,000;28/09/2021;-28,1836029;-52,3309072;;18,750
RS;BR-153;112,000;113,000;1,000;28/09/2021;-28,1245845;-52,3006561;;23,750
RS;BR-153;113,000;114,000;1,000;28/09/2021;-28,1245845;-52,3006561;;32,500
RS;BR-153;114,000;115,000;1,000;28/09/2021;-28,1245845;-52,3006561;;41,250
RS;BR-153;115,000;116,000;1,000;28/09/2021;-28,2661952;-52,3917816;;33,750
RS;BR-153;116,000;117,000;1,000;28/09/2021;-28,2299511;-52,437389;;38,750
RS;BR-153;117,000;118,000;1,000;28/09/2021;-28,2624418;-52,3907833;;46,250
RS;BR-153;118,000;119,000;1,000;28/09/2021;-28,2445126;-52,4623691;;38,750
RS;BR-153;119,000;120,000;1,000;28/09/2021;-28,2624418;-52,3907833;;38,750
RS;BR-153;120,000;121,000;1,000;28/09/2021;-28,2195588;-52,4663667;;7,500
RS;BR-153;121,000;122,000;1,000;28/09/2021;-28,2195588;-52,4663667;;7,500
PR;BR-158;229,500;230,000;0,500;22/09/2021;-24,0530258;-52,3887866;;36,250
PR;BR-158;230,000;231,000;1,000;22/09/2021;-24,0790349;-52,4134165;;60,000
PR;BR-158;231,000;232,000;1,000;22/09/2021;-24,0790349;-52,4134165;;43,750
PR;BR-158;232,000;233,000;1,000;22/09/2021;-24,0863352;-52,4157468;;43,750
PR;BR-158;233,000;234,000;1,000;22/09/2021;-24,0863352;-52,4157468;;22,500
PR;BR-158;234,000;235,000;1,000;22/09/2021;-24,0863352;-52,4157468;;25,000
PR;BR-158;235,000;236,000;1,000;22/09/2021;-24,0790349;-52,4134165;;30,000
PR;BR-158;236,000;237,000;1,000;22/09/2021;-24,0790349;-52,4134165;;50,000
PR;BR-158;237,000;238,000;1,000;22/09/2021;-24,2200581;-52,277395;;47,500
PR;BR-158;238,000;239,000;1,000;22/09/2021;-24,2200581;-52,277395;;50,000
PR;BR-158;239,000;240,000;1,000;22/09/2021;-24,2200581;-52,277395;;30,000
PR;BR-158;240,000;241,000;1,000;22/09/2021;-24,2200581;-52,277395;;65,000
PR;BR-158;241,000;242,000;1,000;22/09/2021;-24,1876035;-52,2993267;;61,250
PR;BR-158;242,000;243,000;1,000;22/09/2021;-24,1876035;-52,2993267;;71,250
PR;BR-158;243,000;244,000;1,000;22/09/2021;-24,1876035;-52,2993267;;65,000
PR;BR-158;244,000;245,000;1,000;22/09/2021;-24,1876035;-52,2993267;;70,000
PR;BR-158;245,000;246,000;1,000;22/09/2021;-24,1876035;-52,2993267;;63,750
PR;BR-158;246,000;247,000;1,000;22/09/2021;-24,1876035;-52,2993267;;62,500
PR;BR-158;247,000;248,000;1,000;22/09/2021;-24,1876035;-52,2993267;;60,000
PR;BR-158;248,000;249,000;1,000;22/09/2021;-24,1876035;-52,2993267;;77,500
PR;BR-158;249,000;250,000;1,000;22/09/2021;-24,1876035;-52,2993267;;67,500
PR;BR-158;250,000;251,000;1,000;22/09/2021;-24,1876035;-52,2993267;;62,500
PR;BR-158;251,000;252,000;1,000;22/09/2021;-24,1501224;-52,4630353;;45,000
PR;BR-158;252,000;253,000;1,000;22/09/2021;-24,2200581;-52,277395;;50,000
PR;BR-158;253,000;254,000;1,000;22/09/2021;-24,1876035;-52,2993267;;65,000
PR;BR-158;254,000;255,000;1,000;22/09/2021;-24,1440672;-52,4540414;;70,000
PR;BR-158;255,000;256,000;1,000;22/09/2021;-24,1440672;-52,4540414;;50,000
PR;BR-158;256,000;257,000;1,000;22/09/2021;-24,1440672;-52,4540414;;60,000
PR;BR-158;257,000;258,000;1,000;22/09/2021;-24,1501224;-52,4630353;;46,250
PR;BR-158;258,000;259,000;1,000;22/09/2021;-24,1501224;-52,4630353;;40,000
PR;BR-158;259,000;260,000;1,000;22/09/2021;-24,1501224;-52,4630353;;32,500
PR;BR-158;260,000;261,000;1,000;22/09/2021;-24,1876035;-52,2993267;;25,000
PR;BR-158;261,000;262,000;1,000;22/09/2021;-24,1876035;-52,2993267;;40,000
PR;BR-158;262,000;263,000;1,000;22/09/2021;-24,1876035;-52,2993267;;20,000
PR;BR-158;263,000;264,000;1,000;22/09/2021;-24,1501224;-52,4630353;;48,750
PR;BR-158;264,000;265,000;1,000;22/09/2021;-24,1501224;-52,4630353;;63,750
PR;BR-158;265,000;266,000;1,000;22/09/2021;-24,1501224;-52,4630353;;50,000
PR;BR-158;266,000;267,000;1,000;22/09/2021;-24,1501224;-52,4630353;;67,500
PR;BR-158;267,000;268,000;1,000;22/09/2021;-24,1501224;-52,4630353;;66,250
PR;BR-158;268,000;269,000;1,000;22/09/2021;-24,1501224;-52,4630353;;78,750
PR;BR-158;269,000;270,000;1,000;22/09/2021;-24,1501224;-52,4630353;;72,500
PR;BR-158;270,000;271,000;1,000;22/09/2021;-24,1501224;-52,4630353;;78,750
PR;BR-158;271,000;272,000;1,000;22/09/2021;-24,1501224;-52,4630353;;48,750
PR;BR-158;272,000;273,000;1,000;22/09/2021;-24,1501224;-52,4630353;;42,500
PR;BR-158;273,000;274,000;1,000;22/09/2021;-24,1501224;-52,4630353;;57,500
PR;BR-158;274,000;275,000;1,000;22/09/2021;-24,1501224;-52,4630353;;53,750
PR;BR-158;275,000;276,000;1,000;22/09/2021;-24,1501224;-52,4630353;;71,250
PR;BR-158;276,000;277,000;1,000;22/09/2021;-24,1501224;-52,4630353;;51,250
PR;BR-158;277,000;278,000;1,000;22/09/2021;-24,1501224;-52,4630353;;71,250
PR;BR-158;278,000;279,000;1,000;22/09/2021;-24,1501224;-52,4630353;;45,000
PR;BR-158;279,000;280,000;1,000;22/09/2021;-24,1501224;-52,4630353;;62,500
PR;BR-158;280,000;281,000;1,000;22/09/2021;-24,1501224;-52,4630353;;42,500
PR;BR-158;281,000;282,000;1,000;22/09/2021;-24,1501224;-52,4630353;;43,750
PR;BR-158;282,000;283,000;1,000;22/09/2021;-24,1501224;-52,4630353;;45,000
PR;BR-158;283,000;284,000;1,000;22/09/2021;-24,1501224;-52,4630353;;60,000
PR;BR-158;284,000;285,000;1,000;22/09/2021;-24,1501224;-52,4630353;;56,250
PR;BR-158;285,000;286,000;1,000;22/09/2021;-24,1501224;-52,4630353;;43,750
PR;BR-158;286,000;287,000;1,000;22/09/2021;-24,1501224;-52,4630353;;61,250
PR;BR-158;287,000;288,000;1,000;22/09/2021;-24,1501224;-52,4630353;;63,750
PR;BR-158;288,000;289,000;1,000;22/09/2021;-24,1501224;-52,4630353;;55,000
PR;BR-158;289,000;290,000;1,000;22/09/2021;-24,1501224;-52,4630353;;55,000
PR;BR-158;290,000;291,000;1,000;22/09/2021;-24,1501224;-52,4630353;;42,500
PR;BR-158;291,000;292,000;1,000;22/09/2021;-24,1501224;-52,4630353;;22,500
PR;BR-158;292,000;293,000;1,000;22/09/2021;-24,1501224;-52,4630353;;30,000
PR;BR-158;293,000;294,000;1,000;22/09/2021;-24,1501224;-52,4630353;;30,000
PR;BR-158;294,000;295,000;1,000;22/09/2021;-24,1501224;-52,4630353;;22,500
GO;BR-080;277,500;278,000;0,500;22/09/2021;-13,9503272;-49,7636329;;32,500
GO;BR-080;278,000;279,000;1,000;22/09/2021;-13,9503272;-49,7636329;;32,500
GO;BR-080;279,000;280,000;1,000;22/09/2021;-13,9503272;-49,7636329;;32,500
GO;BR-080;280,000;281,000;1,000;22/09/2021;-13,9503272;-49,7636329;;32,500
GO;BR-080;281,000;282,000;1,000;22/09/2021;-13,9503272;-49,7636329;;32,500
GO;BR-080;282,000;283,000;1,000;22/09/2021;-13,9503272;-49,7636329;;32,500
MT;BR-158;330,600;329,000;1,600;22/09/2021;0;0;;36,250
MT;BR-158;329,000;328,000;1,000;22/09/2021;0;0;;40,000
MT;BR-158;328,000;327,000;1,000;22/09/2021;0;0;;52,500
MT;BR-158;327,000;326,000;1,000;22/09/2021;0;0;;41,250
MT;BR-158;326,000;325,000;1,000;22/09/2021;0;0;;38,750
MT;BR-158;325,000;324,000;1,000;22/09/2021;0;0;;51,250
MT;BR-158;324,000;323,000;1,000;22/09/2021;0;0;;38,750
MT;BR-158;323,000;322,000;1,000;22/09/2021;0;0;;38,750
MT;BR-158;322,000;321,000;1,000;22/09/2021;0;0;;51,250
MT;BR-158;321,000;320,000;1,000;22/09/2021;0;0;;38,750
MT;BR-158;320,000;319,000;1,000;22/09/2021;0;0;;36,250
MT;BR-158;319,000;318,000;1,000;22/09/2021;0;0;;37,500
MT;BR-158;318,000;317,000;1,000;22/09/2021;0;0;;45,000
MT;BR-158;317,000;316,000;1,000;22/09/2021;0;0;;53,750
MT;BR-158;316,000;315,000;1,000;22/09/2021;0;0;;41,250
MT;BR-158;315,000;314,000;1,000;22/09/2021;0;0;;37,500
MT;BR-158;314,000;313,000;1,000;22/09/2021;0;0;;53,750
MT;BR-158;313,000;312,000;1,000;22/09/2021;0;0;;41,250
MT;BR-158;312,000;311,000;1,000;22/09/2021;0;0;;48,750
MT;BR-158;311,000;310,000;1,000;22/09/2021;0;0;;48,750
MT;BR-158;310,000;309,000;1,000;22/09/2021;0;0;;41,250
MT;BR-158;309,000;308,000;1,000;22/09/2021;0;0;;48,750
MT;BR-158;308,000;307,000;1,000;22/09/2021;0;0;;41,250
MT;BR-158;307,000;306,000;1,000;22/09/2021;0;0;;41,250
MT;BR-158;306,000;305,000;1,000;22/09/2021;0;0;;48,750
MT;BR-158;305,000;304,000;1,000;22/09/2021;0;0;;48,750
MT;BR-158;304,000;303,000;1,000;22/09/2021;0;0;;48,750
MT;BR-158;303,000;302,000;1,000;22/09/2021;0;0;;48,750
MT;BR-158;302,000;301,000;1,000;22/09/2021;0;0;;41,250
MT;BR-158;301,000;300,000;1,000;22/09/2021;0;0;;48,750
MT;BR-158;300,000;299,000;1,000;22/09/2021;0;0;;48,750
MT;BR-158;299,000;298,000;1,000;22/09/2021;0;0;;48,750
MT;BR-158;298,000;297,000;1,000;22/09/2021;0;0;;48,750
MT;BR-158;297,000;296,000;1,000;22/09/2021;0;0;;45,000
MT;BR-158;296,000;295,000;1,000;22/09/2021;0;0;;45,000
MT;BR-158;295,000;294,000;1,000;22/09/2021;0;0;;45,000
MT;BR-158;294,000;293,000;1,000;22/09/2021;0;0;;48,750
MT;BR-158;293,000;292,000;1,000;22/09/2021;0;0;;45,000
MT;BR-158;292,000;291,000;1,000;22/09/2021;0;0;;48,750
MT;BR-158;291,000;290,000;1,000;22/09/2021;0;0;;37,500
MT;BR-158;290,000;289,000;1,000;22/09/2021;0;0;;48,750
MT;BR-158;289,000;288,000;1,000;22/09/2021;0;0;;48,750
MT;BR-158;288,000;287,000;1,000;22/09/2021;0;0;;41,250
MT;BR-158;287,000;286,000;1,000;22/09/2021;0;0;;56,250
MT;BR-158;286,000;285,000;1,000;22/09/2021;0;0;;48,750
MT;BR-158;285,000;284,000;1,000;22/09/2021;0;0;;41,250
MT;BR-158;284,000;283,000;1,000;22/09/2021;0;0;;41,250
MT;BR-158;283,000;282,000;1,000;22/09/2021;0;0;;41,250
MT;BR-158;282,000;281,000;1,000;22/09/2021;0;0;;48,750
MT;BR-158;281,000;280,000;1,000;22/09/2021;0;0;;48,750
MT;BR-158;280,000;279,000;1,000;22/09/2021;0;0;;41,250
MT;BR-158;279,000;278,000;1,000;22/09/2021;0;0;;45,000
MT;BR-158;278,000;277,000;1,000;22/09/2021;0;0;;45,000
MT;BR-158;277,000;276,000;1,000;22/09/2021;0;0;;45,000
MT;BR-158;276,000;275,000;1,000;22/09/2021;0;0;;45,000
MT;BR-158;275,000;274,000;1,000;22/09/2021;0;0;;37,500
MT;BR-158;274,000;273,000;1,000;22/09/2021;0;0;;37,500
MT;BR-158;273,000;272,000;1,000;22/09/2021;0;0;;48,750
MT;BR-158;272,000;271,000;1,000;22/09/2021;0;0;;45,000
MT;BR-158;271,000;270,000;1,000;22/09/2021;0;0;;45,000
MT;BR-158;270,000;269,000;1,000;22/09/2021;0;0;;52,500
MT;BR-158;269,000;268,000;1,000;22/09/2021;0;0;;45,000
MT;BR-158;268,000;267,000;1,000;22/09/2021;0;0;;37,500
MT;BR-158;267,000;266,000;1,000;22/09/2021;0;0;;37,500
MT;BR-158;266,000;265,000;1,000;22/09/2021;0;0;;37,500
MT;BR-158;265,000;264,000;1,000;22/09/2021;0;0;;41,250
MT;BR-158;264,000;263,000;1,000;22/09/2021;0;0;;41,250
MT;BR-158;263,000;262,000;1,000;22/09/2021;0;0;;37,500
MT;BR-158;262,000;261,000;1,000;22/09/2021;0;0;;37,500
MT;BR-158;261,000;260,000;1,000;22/09/2021;0;0;;41,250
MT;BR-158;260,000;259,000;1,000;22/09/2021;0;0;;41,250
MT;BR-158;259,000;258,000;1,000;22/09/2021;0;0;;37,500
MT;BR-158;258,000;257,000;1,000;22/09/2021;0;0;;48,750
MT;BR-158;257,000;256,000;1,000;22/09/2021;0;0;;37,500
MT;BR-158;256,000;255,000;1,000;22/09/2021;0;0;;37,500
MT;BR-158;255,000;254,000;1,000;22/09/2021;0;0;;37,500
MT;BR-158;254,000;253,000;1,000;22/09/2021;0;0;;37,500
MT;BR-158;253,000;252,000;1,000;22/09/2021;0;0;;37,500
MT;BR-158;252,000;251,000;1,000;22/09/2021;0;0;;37,500
MT;BR-158;251,000;250,000;1,000;22/09/2021;0;0;;37,500
MT;BR-158;250,000;249,000;1,000;22/09/2021;0;0;;37,500
MT;BR-158;249,000;248,000;1,000;22/09/2021;0;0;;41,250
MT;BR-158;248,000;247,000;1,000;22/09/2021;0;0;;41,250
MT;BR-158;247,000;246,000;1,000;22/09/2021;0;0;;41,250
MT;BR-158;246,000;245,000;1,000;22/09/2021;0;0;;52,500
MT;BR-158;245,000;244,000;1,000;22/09/2021;0;0;;63,750
MT;BR-158;244,000;243,000;1,000;22/09/2021;0;0;;63,750
MT;BR-158;243,000;242,000;1,000;22/09/2021;0;0;;70,000
MT;BR-158;242,000;241,000;1,000;22/09/2021;0;0;;77,500
MT;BR-158;241,000;240,000;1,000;22/09/2021;0;0;;77,500
MT;BR-158;240,000;239,000;1,000;22/09/2021;0;0;;30,000
MT;BR-158;239,000;238,000;1,000;22/09/2021;0;0;;60,000
MT;BR-158;238,000;237,000;1,000;22/09/2021;0;0;;62,500
MT;BR-158;237,000;236,000;1,000;22/09/2021;0;0;;26,250
MT;BR-158;236,000;235,000;1,000;22/09/2021;0;0;;63,750
MT;BR-158;235,000;234,000;1,000;22/09/2021;0;0;;77,500
MT;BR-158;234,000;233,000;1,000;22/09/2021;0;0;;41,250
MT;BR-158;233,000;232,000;1,000;22/09/2021;0;0;;41,250
MT;BR-158;232,000;231,000;1,000;22/09/2021;0;0;;55,000
MT;BR-158;231,000;230,000;1,000;22/09/2021;0;0;;45,000
MT;BR-158;230,000;229,000;1,000;22/09/2021;0;0;;53,750
MT;BR-158;229,000;228,000;1,000;22/09/2021;0;0;;63,750
MT;BR-158;228,000;227,000;1,000;22/09/2021;0;0;;37,500
MT;BR-158;227,000;226,000;1,000;22/09/2021;0;0;;41,250
MT;BR-158;226,000;225,000;1,000;22/09/2021;0;0;;41,250
MT;BR-158;225,000;224,000;1,000;22/09/2021;0;0;;41,250
MT;BR-158;224,000;223,000;1,000;22/09/2021;0;0;;41,250
MT;BR-158;223,000;222,000;1,000;22/09/2021;0;0;;41,250
MT;BR-158;222,000;221,000;1,000;22/09/2021;0;0;;41,250
MT;BR-158;221,000;220,000;1,000;22/09/2021;0;0;;21,250
MT;BR-158;220,000;219,000;1,000;22/09/2021;0;0;;22,500
MT;BR-158;219,000;218,000;1,000;22/09/2021;0;0;;26,250
MT;BR-158;218,000;217,000;1,000;22/09/2021;0;0;;22,500
MT;BR-158;217,000;216,000;1,000;22/09/2021;0;0;;22,500
MT;BR-158;216,000;215,000;1,000;22/09/2021;0;0;;15,000
MT;BR-158;215,000;214,000;1,000;22/09/2021;0;0;;22,500
MT;BR-158;214,000;213,000;1,000;22/09/2021;0;0;;22,500
MT;BR-158;213,000;212,000;1,000;22/09/2021;0;0;;37,500
MT;BR-158;212,000;211,000;1,000;22/09/2021;0;0;;37,500
MT;BR-158;211,000;210,000;1,000;22/09/2021;0;0;;22,500
MT;BR-158;210,000;209,000;1,000;22/09/2021;0;0;;37,500
MT;BR-158;209,000;208,000;1,000;22/09/2021;0;0;;48,750
MT;BR-158;208,000;207,000;1,000;22/09/2021;0;0;;48,750
MT;BR-158;207,000;206,000;1,000;22/09/2021;0;0;;48,750
MT;BR-158;206,000;205,000;1,000;22/09/2021;0;0;;53,750
MT;BR-158;205,000;204,000;1,000;22/09/2021;0;0;;53,750
MT;BR-158;204,000;203,000;1,000;22/09/2021;0;0;;41,250
MT;BR-158;203,000;202,000;1,000;22/09/2021;0;0;;48,750
MT;BR-158;202,000;201,000;1,000;22/09/2021;0;0;;41,250
MT;BR-158;201,000;200,000;1,000;22/09/2021;0;0;;48,750
MT;BR-242;119,000;118,000;1,000;22/09/2021;0;0;;37,500
MT;BR-242;118,000;117,000;1,000;22/09/2021;0;0;;45,000
MT;BR-242;117,000;116,000;1,000;22/09/2021;0;0;;37,500
MT;BR-242;116,000;115,000;1,000;22/09/2021;0;0;;37,500
MT;BR-242;115,000;114,000;1,000;22/09/2021;0;0;;45,000
MT;BR-242;114,000;113,000;1,000;22/09/2021;0;0;;45,000
MT;BR-242;113,000;112,000;1,000;22/09/2021;0;0;;40,000
MT;BR-242;112,000;111,000;1,000;22/09/2021;0;0;;40,000
MT;BR-242;111,000;110,000;1,000;22/09/2021;0;0;;31,250
MT;BR-242;110,000;109,000;1,000;22/09/2021;0;0;;40,000
MT;BR-242;109,000;108,000;1,000;22/09/2021;0;0;;38,750
MT;BR-242;108,000;107,000;1,000;22/09/2021;0;0;;31,250
MT;BR-242;107,000;106,000;1,000;22/09/2021;0;0;;25,000
MT;BR-242;106,000;105,000;1,000;22/09/2021;0;0;;32,500
MT;BR-242;105,000;104,000;1,000;22/09/2021;0;0;;40,000
MT;BR-242;104,000;103,000;1,000;22/09/2021;0;0;;32,500
MT;BR-242;103,000;102,000;1,000;22/09/2021;0;0;;32,500
MT;BR-242;102,000;101,000;1,000;22/09/2021;0;0;;45,000
MT;BR-242;101,000;100,000;1,000;22/09/2021;0;0;;45,000
MT;BR-242;100,000;99,000;1,000;22/09/2021;0;0;;52,500
MT;BR-242;99,000;98,000;1,000;22/09/2021;0;0;;45,000
MT;BR-242;98,000;97,000;1,000;22/09/2021;0;0;;37,500
MT;BR-242;97,000;96,000;1,000;22/09/2021;0;0;;45,000
MT;BR-242;96,000;95,000;1,000;22/09/2021;0;0;;45,000
MT;BR-242;95,000;94,000;1,000;22/09/2021;0;0;;45,000
MT;BR-242;94,000;93,000;1,000;22/09/2021;0;0;;45,000
MT;BR-242;93,000;92,000;1,000;22/09/2021;0;0;;45,000
MT;BR-242;92,000;91,000;1,000;22/09/2021;0;0;;37,500
MT;BR-242;91,000;90,000;1,000;22/09/2021;0;0;;56,250
MT;BR-242;90,000;89,000;1,000;23/09/2021;0;0;;30,000
MT;BR-242;89,000;88,000;1,000;23/09/2021;0;0;;43,750
MT;BR-242;88,000;87,000;1,000;23/09/2021;0;0;;45,000
MT;BR-242;87,000;86,000;1,000;23/09/2021;0;0;;45,000
MT;BR-242;86,000;85,000;1,000;23/09/2021;0;0;;52,500
MT;BR-242;85,000;84,000;1,000;23/09/2021;0;0;;60,000
MT;BR-242;84,000;83,000;1,000;23/09/2021;0;0;;56,250
MT;BR-242;83,000;82,000;1,000;23/09/2021;0;0;;52,500
MT;BR-242;82,000;81,000;1,000;23/09/2021;0;0;;60,000
MT;BR-242;81,000;80,000;1,000;23/09/2021;0;0;;52,500
MT;BR-242;80,000;79,000;1,000;23/09/2021;0;0;;60,000
MT;BR-242;79,000;78,000;1,000;23/09/2021;0;0;;60,000
MT;BR-242;78,000;77,000;1,000;23/09/2021;0;0;;60,000
MT;BR-242;77,000;76,000;1,000;23/09/2021;0;0;;60,000
MT;BR-242;76,000;75,000;1,000;23/09/2021;0;0;;60,000
MT;BR-242;75,000;74,000;1,000;23/09/2021;0;0;;52,500
MT;BR-242;74,000;73,000;1,000;23/09/2021;0;0;;60,000
MT;BR-242;73,000;72,000;1,000;23/09/2021;0;0;;60,000
MT;BR-242;72,000;71,000;1,000;23/09/2021;0;0;;60,000
MT;BR-242;71,000;70,000;1,000;23/09/2021;0;0;;60,000
MT;BR-242;70,000;69,000;1,000;23/09/2021;0;0;;60,000
MT;BR-242;69,000;68,000;1,000;23/09/2021;0;0;;60,000
MT;BR-242;68,000;67,000;1,000;23/09/2021;0;0;;60,000
MT;BR-242;67,000;66,000;1,000;23/09/2021;0;0;;60,000
MT;BR-242;66,000;65,000;1,000;23/09/2021;0;0;;60,000
MT;BR-242;65,000;64,000;1,000;23/09/2021;0;0;;60,000
MT;BR-242;64,000;63,000;1,000;23/09/2021;0;0;;60,000
MT;BR-242;63,000;62,000;1,000;23/09/2021;0;0;;60,000
MT;BR-242;62,000;61,000;1,000;23/09/2021;0;0;;60,000
MT;BR-242;61,000;60,000;1,000;23/09/2021;0;0;;60,000
MT;BR-242;60,000;59,000;1,000;23/09/2021;0;0;;60,000
MT;BR-242;59,000;58,000;1,000;23/09/2021;0;0;;60,000
MT;BR-242;58,000;57,000;1,000;23/09/2021;0;0;;60,000
MT;BR-242;57,000;56,000;1,000;23/09/2021;0;0;;60,000
MT;BR-242;56,000;55,000;1,000;23/09/2021;0;0;;60,000
MT;BR-242;55,000;54,000;1,000;23/09/2021;0;0;;60,000
MT;BR-242;54,000;53,000;1,000;23/09/2021;0;0;;60,000
MT;BR-242;53,000;52,000;1,000;23/09/2021;0;0;;52,500
MT;BR-242;52,000;51,000;1,000;23/09/2021;0;0;;52,500
MT;BR-242;51,000;50,000;1,000;23/09/2021;0;0;;52,500
MT;BR-242;50,000;49,000;1,000;23/09/2021;0;0;;47,500
MT;BR-242;49,000;48,000;1,000;23/09/2021;0;0;;60,000
MT;BR-242;48,000;47,000;1,000;23/09/2021;0;0;;52,500
MT;BR-242;47,000;46,000;1,000;23/09/2021;0;0;;60,000
MT;BR-242;46,000;45,000;1,000;23/09/2021;0;0;;60,000
MT;BR-242;45,000;44,000;1,000;23/09/2021;0;0;;52,500
MT;BR-242;44,000;43,000;1,000;23/09/2021;0;0;;60,000
MT;BR-242;43,000;42,000;1,000;23/09/2021;0;0;;60,000
MT;BR-242;42,000;41,000;1,000;23/09/2021;0;0;;60,000
MT;BR-242;41,000;40,000;1,000;23/09/2021;0;0;;60,000
MT;BR-242;40,000;39,000;1,000;23/09/2021;0;0;;52,500
MT;BR-242;39,000;38,000;1,000;23/09/2021;0;0;;52,500
MT;BR-242;38,000;37,000;1,000;23/09/2021;0;0;;60,000
MT;BR-242;37,000;36,000;1,000;23/09/2021;0;0;;60,000
MT;BR-242;36,000;35,000;1,000;23/09/2021;0;0;;60,000
MT;BR-242;35,000;34,000;1,000;23/09/2021;0;0;;60,000
MT;BR-242;34,000;33,000;1,000;23/09/2021;0;0;;42,500
MT;BR-242;33,000;32,000;1,000;23/09/2021;0;0;;60,000
MT;BR-242;32,000;31,000;1,000;23/09/2021;0;0;;60,000
MT;BR-242;31,000;30,000;1,000;23/09/2021;0;0;;60,000
MT;BR-242;30,000;29,000;1,000;23/09/2021;0;0;;60,000
MT;BR-242;29,000;28,000;1,000;23/09/2021;0;0;;60,000
MT;BR-242;28,000;27,000;1,000;23/09/2021;0;0;;60,000
MT;BR-242;27,000;26,000;1,000;23/09/2021;0;0;;60,000
MT;BR-242;26,000;25,000;1,000;23/09/2021;0;0;;60,000
MT;BR-242;25,000;24,000;1,000;23/09/2021;0;0;;60,000
MT;BR-242;24,000;23,000;1,000;23/09/2021;0;0;;60,000
MT;BR-242;23,000;22,000;1,000;23/09/2021;0;0;;63,750
MT;BR-242;22,000;21,000;1,000;23/09/2021;0;0;;63,750
MT;BR-242;21,000;20,000;1,000;23/09/2021;0;0;;60,000
MT;BR-242;20,000;19,000;1,000;23/09/2021;0;0;;60,000
MT;BR-242;19,000;18,000;1,000;23/09/2021;0;0;;63,750
MT;BR-242;18,000;17,000;1,000;23/09/2021;0;0;;60,000
MT;BR-242;17,000;16,000;1,000;23/09/2021;0;0;;72,500
MT;BR-242;16,000;15,000;1,000;23/09/2021;0;0;;60,000
MT;BR-242;15,000;14,000;1,000;23/09/2021;0;0;;60,000
MT;BR-242;14,000;13,000;1,000;23/09/2021;0;0;;60,000
MT;BR-242;13,000;12,000;1,000;23/09/2021;0;0;;52,500
MT;BR-242;12,000;11,000;1,000;23/09/2021;0;0;;22,500
MT;BR-242;11,000;10,000;1,000;23/09/2021;0;0;;22,500
MT;BR-242;10,000;9,000;1,000;23/09/2021;0;0;;15,000
MT;BR-242;9,000;8,000;1,000;23/09/2021;0;0;;15,000
MT;BR-242;8,000;7,000;1,000;23/09/2021;0;0;;15,000
MT;BR-242;7,000;6,000;1,000;23/09/2021;0;0;;30,000
MT;BR-242;6,000;5,000;1,000;23/09/2021;0;0;;15,000
