UF,Rodovia,km inicial,km final,Extensão (km),Data,Latitude,Longitude,Observação,ICMNP
,,,,,,,,,
,,,,,,,,,
AM,BR-317,"452,64",453,"0,36",03/06/2022,"-9,0044838","-67,210727",,"88,75"
AM,BR-317,453,454,1,03/06/2022,"-9,0044838","-67,210727",,"88,75"
AM,BR-317,454,455,1,03/06/2022,"-9,0044838","-67,210727",,"88,75"
AM,BR-317,455,456,1,03/06/2022,"-8,775085","-67,3280322",,"88,75"
AM,BR-317,456,457,1,03/06/2022,"-8,775085","-67,3280322",,"88,75"
AM,BR-317,457,458,1,03/06/2022,"-8,775085","-67,3280322",,"82,5"
AM,BR-317,458,459,1,03/06/2022,"-8,775085","-67,3280322",,"71,25"
AM,BR-317,459,460,1,03/06/2022,"-8,775085","-67,3280322",,"63,75"
AM,BR-317,460,461,1,03/06/2022,"-9,0900094","-67,2510428",,50
AM,BR-317,461,462,1,03/06/2022,"-9,0900094","-67,2510428",,10
AM,BR-317,462,463,1,03/06/2022,"-9,0900094","-67,2510428",,"11,25"
AM,BR-317,463,464,1,03/06/2022,"-9,1135594","-67,2590517",,50
AM,BR-317,464,465,1,03/06/2022,"-9,1135594","-67,2590517",,"53,75"
AM,BR-317,465,"466,24","1,24",03/06/2022,"-9,1135594","-67,2590517",,"11,25"
AM,BR-317,"478,86",479,"0,14",03/06/2022,"-8,7701609","-67,3317208",,85
AM,BR-317,479,480,1,03/06/2022,"-8,7701609","-67,3317208",,"81,25"
AM,BR-317,480,481,1,03/06/2022,"-8,7701609","-67,3317208",,85
AM,BR-317,481,482,1,03/06/2022,"-9,2528452","-67,2870712",,"81,25"
AM,BR-317,482,483,1,03/06/2022,"-9,2528452","-67,2870712",,"88,75"
AM,BR-317,483,484,1,03/06/2022,"-9,2528452","-67,2870712",,"88,75"
AM,BR-317,484,485,1,03/06/2022,"-9,2748365","-67,2975037",,"88,75"
AM,BR-317,485,486,1,03/06/2022,"-9,2748365","-67,2975037",,"88,75"
AM,BR-317,486,487,1,03/06/2022,"-9,2748365","-67,2975037",,"88,75"
AM,BR-317,487,488,1,03/06/2022,"-8,7678178","-67,3333291",,"88,75"
AM,BR-317,488,489,1,03/06/2022,"-8,7678178","-67,3333291",,"88,75"
AM,BR-317,489,490,1,03/06/2022,"-8,7678178","-67,3333291",,"88,75"
AM,BR-317,490,491,1,03/06/2022,"-8,7678178","-67,3333291",,"88,75"
AM,BR-317,491,492,1,03/06/2022,"-8,7678178","-67,3333291",,"88,75"
AM,BR-317,492,493,1,03/06/2022,"-8,7678178","-67,3333291",,"88,75"
AM,BR-317,493,494,1,03/06/2022,"-8,7678178","-67,3333291",,"88,75"
AM,BR-317,494,495,1,03/06/2022,"-9,3326471","-67,278596",,"88,75"
AM,BR-317,495,496,1,03/06/2022,"-9,3403467","-67,2786017",,"88,75"
AM,BR-317,496,"497,26","1,26",03/06/2022,"-9,3403467","-67,2786017",,"88,75"
AM,BR-317,516,517,1,03/06/2022,"-9,4926732","-67,285956",,"28,75"
AM,BR-317,517,518,1,03/06/2022,"-9,4926732","-67,285956",,"66,25"
AM,BR-317,518,519,1,03/06/2022,"-9,4926732","-67,285956",,"52,5"
AM,BR-317,519,520,1,03/06/2022,"-9,4926732","-67,285956",,"66,25"
AM,BR-317,520,521,1,03/06/2022,"-9,4926732","-67,285956",,"91,25"
AM,BR-317,521,522,1,03/06/2022,"-9,4926732","-67,285956",,90
AM,BR-317,522,523,1,03/06/2022,"-9,4926732","-67,285956",,90
AM,BR-317,523,524,1,03/06/2022,"-9,4926732","-67,285956",,90
AM,BR-317,524,525,1,03/06/2022,"-9,4926732","-67,285956",,"88,75"
AM,BR-317,525,526,1,03/06/2022,"-9,4926732","-67,285956",,"88,75"
PA,BR-230,"1161,6",1162,"0,4",06/06/2022,"-4,2961586","-55,9582834",,"56,25"
PA,BR-230,1162,1163,1,06/06/2022,"-4,2961586","-55,9582834",,"41,25"
PA,BR-230,1163,1164,1,06/06/2022,"-4,2961586","-55,9582834",,"41,25"
PA,BR-230,1164,1165,1,06/06/2022,"-4,2961586","-55,9582834",,35
PA,BR-230,1165,1166,1,06/06/2022,"-4,2961586","-55,9582834",,"41,25"
PA,BR-230,1166,1167,1,06/06/2022,"-4,2961586","-55,9582834",,"41,25"
PA,BR-230,1167,1168,1,06/06/2022,"-4,2961586","-55,9582834",,"56,25"
PA,BR-230,1168,1169,1,06/06/2022,"-4,2961586","-55,9582834",,35
PA,BR-230,1169,1170,1,06/06/2022,"-4,2961586","-55,9582834",,35
PA,BR-230,1170,1171,1,06/06/2022,"-4,2961586","-55,9582834",,"56,25"
PA,BR-230,1171,1172,1,06/06/2022,"-4,2961586","-55,9582834",,"57,5"
PA,BR-230,1172,1173,1,06/06/2022,"-4,2961586","-55,9582834",,"56,25"
PA,BR-230,1173,1174,1,06/06/2022,"-4,2961586","-55,9582834",,"63,75"
PA,BR-230,1174,1175,1,06/06/2022,"-4,2961586","-55,9582834",,"41,25"
PA,BR-230,1175,1176,1,06/06/2022,"-4,2961586","-55,9582834",,"41,25"
PA,BR-230,1176,1177,1,06/06/2022,"-4,2961586","-55,9582834",,35
PA,BR-230,1177,1178,1,06/06/2022,"-4,2961586","-55,9582834",,"56,25"
PA,BR-230,1178,1179,1,06/06/2022,"-4,2961586","-55,9582834",,35
PA,BR-230,1179,1180,1,06/06/2022,"-4,2961586","-55,9582834",,35
PA,BR-230,1180,1181,1,06/06/2022,"-4,2961586","-55,9582834",,"56,25"
PA,BR-230,1181,1182,1,06/06/2022,"-4,2961586","-55,9582834",,"56,25"
PA,BR-230,1182,1183,1,06/06/2022,"-4,2961586","-55,9582834",,"41,25"
PA,BR-230,1183,1184,1,06/06/2022,"-4,2961586","-55,9582834",,"48,75"
PA,BR-230,1184,1185,1,06/06/2022,"-4,2961586","-55,9582834",,35
PA,BR-230,1185,1186,1,06/06/2022,"-4,2961586","-55,9582834",,"48,75"
PA,BR-230,1186,1187,1,06/06/2022,"-4,2961586","-55,9582834",,"56,25"
PA,BR-230,1187,1188,1,06/06/2022,"-4,2961586","-55,9582834",,"41,25"
PA,BR-230,1188,1189,1,06/06/2022,"-4,2961586","-55,9582834",,35
PA,BR-230,1189,1190,1,06/06/2022,"-4,2961586","-55,9582834",,"41,25"
PA,BR-230,1190,1191,1,06/06/2022,"-4,2961586","-55,9582834",,35
PA,BR-230,1191,1192,1,06/06/2022,"-4,2961586","-55,9582834",,"56,25"
PA,BR-230,1192,1193,1,06/06/2022,"-4,2961586","-55,9582834",,"56,25"
PA,BR-230,1193,1194,1,06/06/2022,"-4,2961586","-55,9582834",,35
PA,BR-230,1194,1195,1,06/06/2022,"-4,2961586","-55,9582834",,"41,25"
PA,BR-230,1195,1196,1,06/06/2022,"-4,2961586","-55,9582834",,50
PA,BR-230,1196,1197,1,06/06/2022,"-4,2961586","-55,9582834",,35
PA,BR-230,1197,1198,1,06/06/2022,"-4,2961586","-55,9582834",,"43,75"
PA,BR-230,1198,1199,1,06/06/2022,"-4,2961586","-55,9582834",,"56,25"
PA,BR-230,1199,1200,1,06/06/2022,"-4,2961586","-55,9582834",,35
PA,BR-230,1200,1201,1,06/06/2022,"-4,2961586","-55,9582834",,"41,25"
PA,BR-230,1201,1202,1,06/06/2022,"-4,2961586","-55,9582834",,"41,25"
PA,BR-230,1202,1203,1,06/06/2022,"-4,2961586","-55,9582834",,"42,5"
PA,BR-230,1203,1204,1,06/06/2022,"-4,2961586","-55,9582834",,35
PA,BR-230,1204,1205,1,06/06/2022,"-4,2961586","-55,9582834",,"56,25"
PA,BR-230,1205,1206,1,06/06/2022,"-4,2961586","-55,9582834",,"41,25"
PA,BR-230,1206,1207,1,06/06/2022,"-4,2961586","-55,9582834",,35
PA,BR-230,1207,1208,1,06/06/2022,"-4,2961586","-55,9582834",,"41,25"
PA,BR-230,1208,1209,1,06/06/2022,"-4,2961586","-55,9582834",,50
PA,BR-230,1209,1210,1,06/06/2022,"-4,2961586","-55,9582834",,35
PA,BR-230,1210,1211,1,06/06/2022,"-4,2961586","-55,9582834",,"41,25"
PA,BR-230,1211,1212,1,06/06/2022,"-4,2961586","-55,9582834",,50
PA,BR-230,1212,1213,1,06/06/2022,"-4,2961586","-55,9582834",,"41,25"
PA,BR-230,1213,1214,1,06/06/2022,"-4,2961586","-55,9582834",,35
PA,BR-230,1214,1215,1,06/06/2022,"-4,2961586","-55,9582834",,"57,5"
PA,BR-230,1215,1216,1,06/06/2022,"-4,2961586","-55,9582834",,"28,75"
PA,BR-230,1216,1217,1,06/06/2022,"-4,2961586","-55,9582834",,30
PA,BR-230,1217,1218,1,06/06/2022,"-4,2961586","-55,9582834",,"41,25"
PA,BR-230,1218,1219,1,06/06/2022,"-4,2961586","-55,9582834",,"41,25"
PA,BR-230,1219,1220,1,06/06/2022,"-4,2961586","-55,9582834",,35
PA,BR-230,1220,1221,1,06/06/2022,"-4,2961586","-55,9582834",,"41,25"
PA,BR-230,1221,1222,1,06/06/2022,"-4,2961586","-55,9582834",,"46,25"
PA,BR-230,1222,1223,1,06/06/2022,"-4,2961586","-55,9582834",,"56,25"
PA,BR-230,1223,1224,1,06/06/2022,"-4,2961586","-55,9582834",,"41,25"
PA,BR-230,1224,1225,1,06/06/2022,"-4,2961586","-55,9582834",,"28,75"
PA,BR-230,1225,1226,1,06/06/2022,"-4,2961586","-55,9582834",,"56,25"
PA,BR-230,1226,1227,1,06/06/2022,"-4,2961586","-55,9582834",,"41,25"
PA,BR-230,1227,1228,1,06/06/2022,"-4,2961586","-55,9582834",,"41,25"
PA,BR-230,1228,1229,1,06/06/2022,"-4,2961586","-55,9582834",,35
PA,BR-230,1229,1230,1,06/06/2022,"-4,2961586","-55,9582834",,35
PA,BR-230,1230,1231,1,06/06/2022,"-4,2961586","-55,9582834",,50
PA,BR-230,1231,1232,1,06/06/2022,"-4,2961586","-55,9582834",,"41,25"
PA,BR-230,1232,1233,1,06/06/2022,"-4,2961586","-55,9582834",,"42,5"
PA,BR-230,1233,1234,1,06/06/2022,"-4,2961586","-55,9582834",,50
PA,BR-230,1234,1235,1,06/06/2022,"-4,2961586","-55,9582834",,35
PA,BR-230,1235,1236,1,06/06/2022,"-4,2961586","-55,9582834",,35
PA,BR-230,1236,1237,1,06/06/2022,"-4,2961586","-55,9582834",,"36,25"
PA,BR-230,1237,1238,1,06/06/2022,"-4,2961586","-55,9582834",,50
PA,BR-230,1238,1239,1,06/06/2022,"-4,2961586","-55,9582834",,"56,25"
PA,BR-230,1239,1240,1,06/06/2022,"-4,2961586","-55,9582834",,"41,25"
PA,BR-230,1240,1241,1,06/06/2022,"-4,2961586","-55,9582834",,"41,25"
PA,BR-230,1241,1242,1,06/06/2022,"-4,2961586","-55,9582834",,60
PA,BR-230,1242,1243,1,06/06/2022,"-4,2961586","-55,9582834",,"41,25"
PA,BR-230,1243,1244,1,06/06/2022,"-4,2961586","-55,9582834",,35
PA,BR-230,1244,1245,1,06/06/2022,"-4,2961586","-55,9582834",,35
PA,BR-230,1245,1246,1,06/06/2022,"-4,2961586","-55,9582834",,"28,75"
PA,BR-230,1246,1247,1,06/06/2022,"-4,2961586","-55,9582834",,"33,75"
PA,BR-230,1247,1248,1,06/06/2022,"-4,2961586","-55,9582834",,"33,75"
PA,BR-230,1248,1249,1,06/06/2022,"-4,2961586","-55,9582834",,40
PA,BR-230,1249,1250,1,06/06/2022,"-4,2961586","-55,9582834",,"48,75"
PA,BR-230,1250,1251,1,06/06/2022,"-4,2961586","-55,9582834",,"41,25"
PA,BR-230,1251,1252,1,06/06/2022,"-4,2961586","-55,9582834",,"33,75"
PA,BR-230,1252,1253,1,06/06/2022,"-4,2961586","-55,9582834",,"48,75"
PA,BR-230,1253,1254,1,06/06/2022,"-4,2961586","-55,9582834",,55
PA,BR-230,1254,1255,1,06/06/2022,"-4,2961586","-55,9582834",,"47,5"
PA,BR-230,1255,1256,1,06/06/2022,"-4,2961586","-55,9582834",,"41,25"
PA,BR-230,1256,1257,1,06/06/2022,"-4,2961586","-55,9582834",,"47,5"
PA,BR-230,1257,1258,1,06/06/2022,"-4,2961586","-55,9582834",,"62,5"
PA,BR-230,1258,1259,1,06/06/2022,"-4,2961586","-55,9582834",,40
PA,BR-230,1259,1260,1,06/06/2022,"-4,2961586","-55,9582834",,40
PA,BR-230,1260,1261,1,06/06/2022,"-4,2961586","-55,9582834",,35
PA,BR-230,1261,1262,1,06/06/2022,"-4,2961586","-55,9582834",,35
PA,BR-230,1262,1263,1,06/06/2022,"-4,2961586","-55,9582834",,60
PA,BR-230,1263,1264,1,06/06/2022,"-4,2961586","-55,9582834",,40
PA,BR-230,1264,1265,1,06/06/2022,"-4,2961586","-55,9582834",,"33,75"
PA,BR-230,1265,1266,1,06/06/2022,"-4,2961586","-55,9582834",,"48,75"
PA,BR-230,1266,1267,1,06/06/2022,"-4,2961586","-55,9582834",,60
PA,BR-230,1267,1268,1,06/06/2022,"-4,2961586","-55,9582834",,"56,25"
PA,BR-230,1268,1269,1,06/06/2022,"-4,2961586","-55,9582834",,"56,25"
PA,BR-230,1269,1270,1,06/06/2022,"-4,2961586","-55,9582834",,"56,25"
PA,BR-230,1270,1271,1,06/06/2022,"-4,2961586","-55,9582834",,35
PA,BR-230,1271,1272,1,06/06/2022,"-4,2961586","-55,9582834",,"41,25"
PA,BR-230,1272,1273,1,06/06/2022,"-4,2961586","-55,9582834",,"57,5"
PA,BR-230,1273,1274,1,06/06/2022,"-4,2961586","-55,9582834",,"41,25"
PA,BR-230,1274,1275,1,06/06/2022,"-4,2961586","-55,9582834",,50
PA,BR-230,1275,1276,1,06/06/2022,"-4,2961586","-55,9582834",,"62,5"
PA,BR-230,1276,1277,1,06/06/2022,"-4,2961586","-55,9582834",,"62,5"
PA,BR-230,1277,1278,1,06/06/2022,"-4,2961586","-55,9582834",,70
PA,BR-230,1278,1279,1,06/06/2022,"-4,2961586","-55,9582834",,70
PA,BR-230,1279,1280,1,06/06/2022,"-4,2961586","-55,9582834",,"62,5"
PA,BR-230,1280,1281,1,06/06/2022,"-4,2961586","-55,9582834",,"56,25"
PA,BR-230,1281,1282,1,06/06/2022,"-4,2961586","-55,9582834",,70
PA,BR-230,1282,1283,1,06/06/2022,"-4,2961586","-55,9582834",,"41,25"
PA,BR-230,1283,1284,1,06/06/2022,"-4,2961586","-55,9582834",,"62,5"
PA,BR-230,1284,1285,1,06/06/2022,"-4,2961586","-55,9582834",,70
PA,BR-230,1285,1286,1,06/06/2022,"-4,2961586","-55,9582834",,70
PA,BR-230,1286,1287,1,06/06/2022,"-4,2961586","-55,9582834",,"41,25"
PA,BR-230,1287,1288,1,06/06/2022,"-4,2961586","-55,9582834",,"57,5"
PA,BR-230,1288,1289,1,06/06/2022,"-4,2961586","-55,9582834",,"57,5"
PA,BR-230,1289,1290,1,06/06/2022,"-4,2961586","-55,9582834",,"63,75"
PA,BR-230,1290,1291,1,06/06/2022,"-4,2961586","-55,9582834",,60
PA,BR-230,1291,1292,1,06/06/2022,"-4,2961586","-55,9582834",,"56,25"
PA,BR-230,1292,1293,1,06/06/2022,"-4,2961586","-55,9582834",,"41,25"
PA,BR-230,1293,1294,1,06/06/2022,"-4,2961586","-55,9582834",,"56,25"
PA,BR-230,1294,1295,1,06/06/2022,"-4,2961586","-55,9582834",,"38,75"
PA,BR-230,"1294,5",1295,"0,5",06/06/2022,"-4,2961586","-55,9582834",,"41,25"
PA,BR-230,1295,1296,1,06/06/2022,"-4,2961586","-55,9582834",,70
PA,BR-230,1296,1297,1,06/06/2022,"-4,2961586","-55,9582834",,35
PA,BR-230,1297,1298,1,06/06/2022,"-4,2961586","-55,9582834",,"53,75"
PA,BR-230,1298,1299,1,06/06/2022,"-4,2961586","-55,9582834",,"41,25"
PA,BR-230,1299,1300,1,06/06/2022,"-4,2961586","-55,9582834",,50
PA,BR-230,1300,1301,1,06/06/2022,"-4,2961586","-55,9582834",,50
PA,BR-230,1301,1302,1,06/06/2022,"-4,2961586","-55,9582834",,"62,5"
PA,BR-230,1302,1303,1,06/06/2022,"-4,2961586","-55,9582834",,"56,25"
PA,BR-230,1303,1304,1,06/06/2022,"-4,2961586","-55,9582834",,"63,75"
PA,BR-230,1304,1305,1,06/06/2022,"-4,2961586","-55,9582834",,"63,75"
PA,BR-230,1305,1306,1,06/06/2022,"-4,2961586","-55,9582834",,"56,25"
PA,BR-230,1306,1307,1,06/06/2022,"-4,2961586","-55,9582834",,"56,25"
PA,BR-230,1307,1308,1,06/06/2022,"-4,2961586","-55,9582834",,"62,5"
PA,BR-230,1308,1309,1,06/06/2022,"-4,2961586","-55,9582834",,"47,5"
PA,BR-230,1309,1310,1,06/06/2022,"-4,2961586","-55,9582834",,35
PA,BR-230,1310,1311,1,06/06/2022,"-4,2961586","-55,9582834",,"56,25"
PA,BR-230,1311,1312,1,06/06/2022,"-4,2961586","-55,9582834",,"48,75"
PA,BR-230,1312,1313,1,06/06/2022,"-4,2961586","-55,9582834",,"41,25"
PA,BR-230,1313,1314,1,06/06/2022,"-4,2961586","-55,9582834",,"47,5"
PA,BR-230,1314,1315,1,06/06/2022,"-4,2961586","-55,9582834",,35
PA,BR-230,1315,1316,1,06/06/2022,"-4,2961586","-55,9582834",,35
PA,BR-230,1316,1317,1,06/06/2022,"-4,2961586","-55,9582834",,"56,25"
PA,BR-230,1317,1318,1,06/06/2022,"-4,2961586","-55,9582834",,"56,25"
PA,BR-230,1318,1319,1,06/06/2022,"-4,2961586","-55,9582834",,"63,75"
PA,BR-230,1319,1320,1,06/06/2022,"-4,2961586","-55,9582834",,70
PA,BR-230,1320,1321,1,06/06/2022,"-4,2961586","-55,9582834",,"41,25"
PA,BR-230,1321,1322,1,06/06/2022,"-4,2961586","-55,9582834",,35
PA,BR-230,1322,1323,1,06/06/2022,"-4,2961586","-55,9582834",,"41,25"
PA,BR-230,1323,1324,1,06/06/2022,"-4,2961586","-55,9582834",,35
PA,BR-230,1324,1325,1,06/06/2022,"-4,2961586","-55,9582834",,"56,25"
PA,BR-230,1325,1326,1,06/06/2022,"-4,2961586","-55,9582834",,"53,75"
PA,BR-230,1326,1327,1,06/06/2022,"-4,2961586","-55,9582834",,"41,25"
PA,BR-230,1327,1328,1,06/06/2022,"-4,2961586","-55,9582834",,"56,25"
PA,BR-230,1328,1329,1,06/06/2022,"-4,2961586","-55,9582834",,"63,75"
PA,BR-230,1329,1330,1,06/06/2022,"-4,2961586","-55,9582834",,50
PA,BR-230,1330,1331,1,06/06/2022,"-4,2961586","-55,9582834",,"57,5"
PA,BR-230,1331,1332,1,06/06/2022,"-4,2961586","-55,9582834",,50
PA,BR-230,1332,1333,1,06/06/2022,"-4,2961586","-55,9582834",,50
PA,BR-230,1333,1334,1,06/06/2022,"-4,2961586","-55,9582834",,70
PA,BR-230,1334,1335,1,06/06/2022,"-4,2961586","-55,9582834",,35
PA,BR-230,1335,1336,1,06/06/2022,"-4,2961586","-55,9582834",,"41,25"
PA,BR-230,1336,1337,1,06/06/2022,"-4,2961586","-55,9582834",,35
PA,BR-230,1337,1338,1,06/06/2022,"-4,2961586","-55,9582834",,35
PA,BR-230,1338,1339,1,06/06/2022,"-4,2961586","-55,9582834",,"56,25"
PA,BR-230,1339,1340,1,06/06/2022,"-4,2961586","-55,9582834",,55
PA,BR-230,1340,1341,1,06/06/2022,"-4,2961586","-55,9582834",,"61,25"
PA,BR-230,1341,1342,1,06/06/2022,"-4,2961586","-55,9582834",,"42,5"
PA,BR-230,1342,1343,1,06/06/2022,"-4,2961586","-55,9582834",,35
PA,BR-230,1343,1344,1,06/06/2022,"-4,2961586","-55,9582834",,"41,25"
PA,BR-230,1344,1345,1,06/06/2022,"-4,2961586","-55,9582834",,"33,75"
PA,BR-230,1345,1346,1,06/06/2022,"-4,2961586","-55,9582834",,40
PA,BR-230,1346,1347,1,06/06/2022,"-4,2961586","-55,9582834",,"41,25"
PA,BR-230,1347,1348,1,06/06/2022,"-4,2961586","-55,9582834",,70
PA,BR-230,1348,1349,1,06/06/2022,"-4,2961586","-55,9582834",,50
PA,BR-230,1349,1350,1,06/06/2022,"-4,2961586","-55,9582834",,"56,25"
PA,BR-230,1350,1351,1,06/06/2022,"-4,2961586","-55,9582834",,35
PA,BR-230,1351,1352,1,06/06/2022,"-4,2961586","-55,9582834",,"56,25"
PA,BR-230,1352,1353,1,06/06/2022,"-4,2961586","-55,9582834",,50
PA,BR-230,1353,1354,1,06/06/2022,"-4,2961586","-55,9582834",,"62,5"
PA,BR-230,1354,1355,1,06/06/2022,"-4,2961586","-55,9582834",,50
PA,BR-230,1355,1356,1,06/06/2022,"-4,2961586","-55,9582834",,"33,75"
PA,BR-230,1356,1357,1,06/06/2022,"-4,2961586","-55,9582834",,60
PA,BR-230,1357,1358,1,06/06/2022,"-4,2961586","-55,9582834",,70
PA,BR-230,1358,1359,1,06/06/2022,"-4,2961586","-55,9582834",,35
PA,BR-230,1359,1360,1,06/06/2022,"-4,2961586","-55,9582834",,35
PA,BR-230,1360,1361,1,06/06/2022,"-4,2961586","-55,9582834",,70
PA,BR-230,1361,1362,1,06/06/2022,"-4,2961586","-55,9582834",,35
PA,BR-230,1362,1363,1,06/06/2022,"-4,2961586","-55,9582834",,"41,25"
PA,BR-230,1363,1364,1,06/06/2022,"-4,2961586","-55,9582834",,"56,25"
PA,BR-230,1364,1365,1,06/06/2022,"-4,2961586","-55,9582834",,35
PA,BR-230,1365,1366,1,06/06/2022,"-4,2961586","-55,9582834",,50
PA,BR-230,1366,1367,1,06/06/2022,"-4,2961586","-55,9582834",,70
PA,BR-230,1367,1368,1,06/06/2022,"-4,2961586","-55,9582834",,"56,25"
PA,BR-230,1368,1369,1,06/06/2022,"-4,2961586","-55,9582834",,55
PA,BR-230,1369,1370,1,06/06/2022,"-4,2961586","-55,9582834",,"46,25"
PA,BR-230,1370,1371,1,06/06/2022,"-4,2961586","-55,9582834",,"33,75"
PA,BR-230,1371,1372,1,06/06/2022,"-4,2961586","-55,9582834",,"27,5"
PA,BR-230,1372,1373,1,06/06/2022,"-4,2961586","-55,9582834",,"33,75"
PA,BR-230,1373,1374,1,06/06/2022,"-4,2961586","-55,9582834",,"28,75"
PA,BR-230,1374,1375,1,06/06/2022,"-4,2961586","-55,9582834",,30
PA,BR-230,1375,1376,1,06/06/2022,"-4,2961586","-55,9582834",,"56,25"
PA,BR-230,1376,1377,1,06/06/2022,"-4,2961586","-55,9582834",,"56,25"
PA,BR-230,1377,1378,1,06/06/2022,"-4,2961586","-55,9582834",,35
PA,BR-230,1378,1379,1,06/06/2022,"-4,2961586","-55,9582834",,50
PA,BR-230,1379,1380,1,06/06/2022,"-4,2961586","-55,9582834",,35
PA,BR-230,1380,1381,1,06/06/2022,"-4,2961586","-55,9582834",,50
PA,BR-230,1381,1382,1,06/06/2022,"-4,2961586","-55,9582834",,"56,25"
PA,BR-230,1382,1383,1,06/06/2022,"-4,2961586","-55,9582834",,"56,25"
PA,BR-230,1383,1384,1,06/06/2022,"-4,2961586","-55,9582834",,"63,75"
PA,BR-230,1384,1385,1,06/06/2022,"-4,2961586","-55,9582834",,"56,25"
PA,BR-230,1385,1386,1,06/06/2022,"-4,2961586","-55,9582834",,35
PA,BR-230,1386,1387,1,06/06/2022,"-4,2961586","-55,9582834",,"56,25"
PA,BR-230,1387,1388,1,06/06/2022,"-4,2961586","-55,9582834",,"62,5"
PA,BR-230,1388,1389,1,06/06/2022,"-4,2961586","-55,9582834",,"63,75"
PA,BR-230,1389,1390,1,06/06/2022,"-4,2961586","-55,9582834",,"41,25"
PA,BR-230,1390,1391,1,06/06/2022,"-4,2961586","-55,9582834",,"48,75"
PA,BR-230,1391,1392,1,06/06/2022,"-4,2961586","-55,9582834",,"48,75"
PA,BR-230,1392,1393,1,06/06/2022,"-4,2961586","-55,9582834",,"41,25"
PA,BR-230,1393,1394,1,06/06/2022,"-4,2961586","-55,9582834",,70
PA,BR-230,1394,1395,1,06/06/2022,"-4,2961586","-55,9582834",,35
PA,BR-230,1395,1396,1,06/06/2022,"-4,2961586","-55,9582834",,35
PA,BR-230,1396,1397,1,06/06/2022,"-4,2961586","-55,9582834",,"37,5"
PA,BR-230,1397,1398,1,06/06/2022,"-4,2961586","-55,9582834",,35
PA,BR-230,1398,1399,1,06/06/2022,"-4,2961586","-55,9582834",,35
PA,BR-230,1399,1400,1,06/06/2022,"-4,2961586","-55,9582834",,"41,25"
PA,BR-230,1400,1401,1,06/06/2022,"-4,2961586","-55,9582834",,50
PA,BR-230,1401,1402,1,06/06/2022,"-4,2961586","-55,9582834",,50
PA,BR-230,1402,1403,1,06/06/2022,"-4,2961586","-55,9582834",,35
PA,BR-230,1403,1404,1,06/06/2022,"-4,2961586","-55,9582834",,35
PA,BR-230,1404,1405,1,06/06/2022,"-4,2961586","-55,9582834",,50
PA,BR-230,1405,1406,1,06/06/2022,"-4,2961586","-55,9582834",,"63,75"
PA,BR-230,1406,1407,1,06/06/2022,"-4,2961586","-55,9582834",,"56,25"
PA,BR-230,1407,1408,1,06/06/2022,"-4,2961586","-55,9582834",,50
PA,BR-230,1408,1409,1,06/06/2022,"-4,2961586","-55,9582834",,35
PA,BR-230,1409,1410,1,06/06/2022,"-4,2961586","-55,9582834",,70
PA,BR-230,1410,1411,1,06/06/2022,"-4,2961586","-55,9582834",,55
PA,BR-230,1411,1412,1,06/06/2022,"-4,2961586","-55,9582834",,55
PA,BR-230,1412,1413,1,06/06/2022,"-4,2961586","-55,9582834",,"41,25"
PA,BR-230,1413,1414,1,06/06/2022,"-4,2961586","-55,9582834",,"56,25"
PA,BR-230,1414,1415,1,06/06/2022,"-4,2961586","-55,9582834",,70
PA,BR-230,1415,1416,1,06/06/2022,"-4,2961586","-55,9582834",,"41,25"
PA,BR-230,1416,1417,1,06/06/2022,"-4,2961586","-55,9582834",,35
PA,BR-230,1417,1418,1,06/06/2022,"-4,2961586","-55,9582834",,35
PA,BR-230,1418,1419,1,06/06/2022,"-4,2961586","-55,9582834",,35
PA,BR-230,1419,1420,1,06/06/2022,"-4,2961586","-55,9582834",,50
PA,BR-230,1420,1421,1,06/06/2022,"-4,2961586","-55,9582834",,50
PA,BR-230,1421,1422,1,06/06/2022,"-4,2961586","-55,9582834",,"56,25"
PA,BR-230,1422,1423,1,06/06/2022,"-4,2961586","-55,9582834",,35
PA,BR-230,1423,1424,1,06/06/2022,"-4,2961586","-55,9582834",,50
PA,BR-230,1424,1425,1,06/06/2022,"-4,2961586","-55,9582834",,"62,5"
PA,BR-230,1425,1426,1,06/06/2022,"-4,2961586","-55,9582834",,"62,5"
PA,BR-230,1426,1427,1,06/06/2022,"-4,2961586","-55,9582834",,"41,25"
PA,BR-230,1427,1428,1,06/06/2022,"-4,2961586","-55,9582834",,50
PA,BR-230,1428,1429,1,06/06/2022,"-4,2961586","-55,9582834",,70
PA,BR-230,1429,1430,1,06/06/2022,"-4,2961586","-55,9582834",,"56,25"
PA,BR-230,1430,1431,1,06/06/2022,"-4,2961586","-55,9582834",,"41,25"
PA,BR-230,1431,1432,1,06/06/2022,"-4,2961586","-55,9582834",,"47,5"
PA,BR-230,1432,1433,1,06/06/2022,"-4,2961586","-55,9582834",,"56,25"
PA,BR-230,1433,1434,1,06/06/2022,"-4,2961586","-55,9582834",,"41,25"
PA,BR-230,1434,1435,1,06/06/2022,"-4,2961586","-55,9582834",,35
PA,BR-230,"1434,2",1435,"0,8",06/06/2022,"-4,2961586","-55,9582834",,35
PA,BR-230,1435,1436,1,06/06/2022,"-4,2961586","-55,9582834",,55
PA,BR-230,1436,1437,1,06/06/2022,"-4,2961586","-55,9582834",,40
PA,BR-230,1437,1438,1,06/06/2022,"-4,2961586","-55,9582834",,"33,75"
PA,BR-230,1438,1439,1,06/06/2022,"-4,2961586","-55,9582834",,35
PA,BR-230,1439,1440,1,06/06/2022,"-4,2961586","-55,9582834",,35
PA,BR-230,1440,1441,1,06/06/2022,"-4,2961586","-55,9582834",,50
PA,BR-230,1441,1442,1,06/06/2022,"-4,2961586","-55,9582834",,"41,25"
PA,BR-230,1442,1443,1,06/06/2022,"-4,2961586","-55,9582834",,"51,25"
PA,BR-230,1443,1444,1,06/06/2022,"-4,2961586","-55,9582834",,70
PA,BR-230,1444,1445,1,06/06/2022,"-4,2961586","-55,9582834",,"41,25"
PA,BR-230,1445,1446,1,06/06/2022,"-4,2961586","-55,9582834",,35
PA,BR-230,1446,1447,1,06/06/2022,"-4,2961586","-55,9582834",,"63,75"
PA,BR-230,1447,1448,1,06/06/2022,"-4,2961586","-55,9582834",,"63,75"
PA,BR-230,1448,1449,1,06/06/2022,"-4,2961586","-55,9582834",,55
PA,BR-230,1449,1450,1,06/06/2022,"-4,2961586","-55,9582834",,"33,75"
PA,BR-230,1450,1451,1,06/06/2022,"-4,2961586","-55,9582834",,35
PA,BR-230,1451,1452,1,06/06/2022,"-4,2961586","-55,9582834",,"63,75"
PA,BR-230,1452,1453,1,06/06/2022,"-4,2961586","-55,9582834",,"41,25"
PA,BR-230,1453,1454,1,06/06/2022,"-4,2961586","-55,9582834",,"41,25"
PA,BR-230,1454,1455,1,06/06/2022,"-4,2961586","-55,9582834",,"56,25"
PA,BR-230,1455,1456,1,06/06/2022,"-4,2961586","-55,9582834",,35
PA,BR-230,1456,1457,1,06/06/2022,"-4,2961586","-55,9582834",,50
PA,BR-230,1457,1458,1,06/06/2022,"-4,2961586","-55,9582834",,55
PA,BR-230,1458,1459,1,06/06/2022,"-4,2961586","-55,9582834",,40
PA,BR-230,1459,1460,1,06/06/2022,"-4,2961586","-55,9582834",,"42,5"
PA,BR-230,1460,1461,1,06/06/2022,"-4,2961586","-55,9582834",,"41,25"
PA,BR-230,1461,1462,1,06/06/2022,"-4,2961586","-55,9582834",,"41,25"
PA,BR-230,1462,1463,1,06/06/2022,"-4,2961586","-55,9582834",,35
PA,BR-230,1463,1464,1,06/06/2022,"-4,2961586","-55,9582834",,40
PA,BR-230,1464,1465,1,06/06/2022,"-4,2961586","-55,9582834",,40
PA,BR-230,1465,1466,1,06/06/2022,"-4,2961586","-55,9582834",,"48,75"
PA,BR-230,1466,1467,1,06/06/2022,"-4,2961586","-55,9582834",,"41,25"
PA,BR-230,1467,1468,1,06/06/2022,"-4,2961586","-55,9582834",,35
PA,BR-230,1468,1469,1,06/06/2022,"-4,2961586","-55,9582834",,35
PA,BR-230,1469,1470,1,06/06/2022,"-4,2961586","-55,9582834",,50
PA,BR-230,1470,1471,1,06/06/2022,"-4,2961586","-55,9582834",,"41,25"
PA,BR-230,1471,1472,1,06/06/2022,"-4,2961586","-55,9582834",,"56,25"
PA,BR-230,1472,1473,1,06/06/2022,"-4,2961586","-55,9582834",,55
PA,BR-230,1473,1474,1,06/06/2022,"-4,2961586","-55,9582834",,"48,75"
PA,BR-230,1474,1475,1,06/06/2022,"-4,2961586","-55,9582834",,40
PA,BR-230,1475,1476,1,06/06/2022,"-4,2961586","-55,9582834",,"68,75"
PA,BR-230,1476,1477,1,06/06/2022,"-4,2961586","-55,9582834",,"56,25"
PA,BR-230,1477,1478,1,06/06/2022,"-4,2961586","-55,9582834",,"56,25"
PA,BR-230,1478,1479,1,06/06/2022,"-4,2961586","-55,9582834",,35
PA,BR-230,1479,1480,1,06/06/2022,"-4,2961586","-55,9582834",,"63,75"
PA,BR-230,1480,1481,1,06/06/2022,"-4,2961586","-55,9582834",,40
PA,BR-230,1481,1482,1,06/06/2022,"-4,2961586","-55,9582834",,40
PA,BR-230,1482,1483,1,06/06/2022,"-4,2961586","-55,9582834",,35
PA,BR-230,1483,1484,1,06/06/2022,"-4,2961586","-55,9582834",,55
PA,BR-230,1484,1485,1,06/06/2022,"-4,2961586","-55,9582834",,55
PA,BR-230,1485,1486,1,06/06/2022,"-4,2961586","-55,9582834",,"56,25"
PA,BR-230,1486,1487,1,06/06/2022,"-4,2961586","-55,9582834",,40
PA,BR-230,1487,1488,1,06/06/2022,"-4,2961586","-55,9582834",,40
PA,BR-230,1488,1489,1,06/06/2022,"-4,2961586","-55,9582834",,60
PA,BR-230,1489,1490,1,06/06/2022,"-4,2961586","-55,9582834",,"48,75"
PA,BR-230,1490,1491,1,06/06/2022,"-4,2961586","-55,9582834",,55
PA,BR-230,1491,1492,1,06/06/2022,"-4,2961586","-55,9582834",,"56,25"
PA,BR-230,1492,1493,1,06/06/2022,"-4,2961586","-55,9582834",,"66,25"
PA,BR-230,1493,1494,1,06/06/2022,"-4,2961586","-55,9582834",,40
PA,BR-230,1494,1495,1,06/06/2022,"-4,2961586","-55,9582834",,40
PA,BR-230,1495,1496,1,06/06/2022,"-4,2961586","-55,9582834",,55
PA,BR-230,1496,1497,1,06/06/2022,"-4,2961586","-55,9582834",,"68,75"
PA,BR-230,1497,1498,1,06/06/2022,"-4,2961586","-55,9582834",,"48,75"
PA,BR-230,1498,1499,1,06/06/2022,"-4,2961586","-55,9582834",,"33,75"
PA,BR-230,1499,1500,1,06/06/2022,"-4,2961586","-55,9582834",,"41,25"
PA,BR-230,1500,1501,1,06/06/2022,"-4,2961586","-55,9582834",,"41,25"
PA,BR-230,1501,1502,1,06/06/2022,"-4,2961586","-55,9582834",,"61,25"
PA,BR-230,1502,1503,1,06/06/2022,"-4,2961586","-55,9582834",,"61,25"
PA,BR-230,1503,1504,1,06/06/2022,"-4,2961586","-55,9582834",,"48,75"
PA,BR-230,1504,1505,1,06/06/2022,"-4,2961586","-55,9582834",,35
PA,BR-230,1505,1506,1,06/06/2022,"-4,2961586","-55,9582834",,35
PA,BR-230,1506,1507,1,06/06/2022,"-4,2961586","-55,9582834",,"56,25"
PA,BR-230,1507,1508,1,06/06/2022,"-4,2961586","-55,9582834",,35
PA,BR-230,1508,1509,1,06/06/2022,"-4,2961586","-55,9582834",,50
PA,BR-230,1509,1510,1,06/06/2022,"-4,2961586","-55,9582834",,55
PA,BR-230,1510,1511,1,06/06/2022,"-4,2961586","-55,9582834",,"62,5"
PA,BR-230,1511,1512,1,06/06/2022,"-4,2961586","-55,9582834",,"42,5"
PA,BR-230,1512,1513,1,06/06/2022,"-4,2961586","-55,9582834",,"41,25"
PA,BR-230,1513,1514,1,06/06/2022,"-4,2961586","-55,9582834",,40
PA,BR-230,1514,1515,1,06/06/2022,"-4,2961586","-55,9582834",,55
PA,BR-230,1515,1516,1,06/06/2022,"-4,2961586","-55,9582834",,"61,25"
PA,BR-230,1516,1517,1,06/06/2022,"-4,2961586","-55,9582834",,"33,75"
PA,BR-230,1517,1518,1,06/06/2022,"-4,2961586","-55,9582834",,35
PA,BR-230,1518,1519,1,06/06/2022,"-4,2961586","-55,9582834",,"48,75"
PA,BR-230,1519,1520,1,06/06/2022,"-4,2961586","-55,9582834",,40
PA,BR-230,1520,1521,1,06/06/2022,"-4,2961586","-55,9582834",,"33,75"
PA,BR-230,1521,1522,1,06/06/2022,"-4,2961586","-55,9582834",,"41,25"
PA,BR-230,1522,1523,1,06/06/2022,"-4,2961586","-55,9582834",,"48,75"
PA,BR-230,1523,1524,1,06/06/2022,"-4,2961586","-55,9582834",,"41,25"
PA,BR-230,1524,1525,1,06/06/2022,"-4,2961586","-55,9582834",,35
PA,BR-230,1525,1526,1,06/06/2022,"-4,2961586","-55,9582834",,35
PA,BR-230,1526,1527,1,06/06/2022,"-4,2961586","-55,9582834",,50
PA,BR-230,1527,1528,1,06/06/2022,"-4,2961586","-55,9582834",,"42,5"
PA,BR-230,1528,1529,1,06/06/2022,"-4,2961586","-55,9582834",,"41,25"
PA,BR-230,1529,1530,1,06/06/2022,"-4,2961586","-55,9582834",,"63,75"
PA,BR-230,1530,1531,1,06/06/2022,"-4,2961586","-55,9582834",,"41,25"
PA,BR-230,1531,1532,1,06/06/2022,"-4,2961586","-55,9582834",,"56,25"
PA,BR-230,1532,1533,1,06/06/2022,"-4,2961586","-55,9582834",,"48,75"
PA,BR-230,1533,1534,1,06/06/2022,"-4,2961586","-55,9582834",,55
PA,BR-230,1534,1535,1,06/06/2022,"-4,2961586","-55,9582834",,"33,75"
PA,BR-230,1535,1536,1,06/06/2022,"-4,2961586","-55,9582834",,35
PA,BR-230,1536,1537,1,06/06/2022,"-4,2961586","-55,9582834",,35
PA,BR-230,1537,1538,1,06/06/2022,"-4,2961586","-55,9582834",,60
PA,BR-230,1538,1539,1,06/06/2022,"-4,2961586","-55,9582834",,50
PA,BR-230,1539,1540,1,06/06/2022,"-4,2961586","-55,9582834",,"41,25"
PA,BR-230,1540,1541,1,06/06/2022,"-4,2961586","-55,9582834",,"33,75"
PA,BR-230,1541,1542,1,06/06/2022,"-4,2961586","-55,9582834",,35
PA,BR-230,1542,1543,1,06/06/2022,"-4,2961586","-55,9582834",,"36,25"
PA,BR-230,1543,1544,1,06/06/2022,"-4,2961586","-55,9582834",,70
PA,BR-230,1544,1545,1,06/06/2022,"-4,2961586","-55,9582834",,35
PA,BR-230,1545,1546,1,06/06/2022,"-4,2961586","-55,9582834",,50
PA,BR-230,1546,1547,1,06/06/2022,"-4,2961586","-55,9582834",,40
PA,BR-230,1547,1548,1,06/06/2022,"-4,2961586","-55,9582834",,"33,75"
PA,BR-230,1548,1549,1,06/06/2022,"-4,2961586","-55,9582834",,35
PA,BR-230,1549,1550,1,06/06/2022,"-4,2961586","-55,9582834",,35
PA,BR-230,1550,1551,1,06/06/2022,"-4,2961586","-55,9582834",,"41,25"
PA,BR-230,1551,1552,1,06/06/2022,"-4,2961586","-55,9582834",,35
PA,BR-230,1552,1553,1,06/06/2022,"-4,2961586","-55,9582834",,"56,25"
PA,BR-230,1553,1554,1,06/06/2022,"-4,2961586","-55,9582834",,40
PA,BR-230,1554,1555,1,06/06/2022,"-4,2961586","-55,9582834",,"48,75"
PA,BR-230,1555,1556,1,06/06/2022,"-4,2961586","-55,9582834",,"48,75"
PA,BR-230,1556,1557,1,06/06/2022,"-4,2961586","-55,9582834",,"68,75"
PA,BR-230,1557,1558,1,06/06/2022,"-4,2961586","-55,9582834",,55
PA,BR-230,1558,1559,1,06/06/2022,"-4,2961586","-55,9582834",,"33,75"
PA,BR-230,1559,1560,1,06/06/2022,"-4,2961586","-55,9582834",,"41,25"
PA,BR-230,1560,1561,1,06/06/2022,"-4,2961586","-55,9582834",,"41,25"
PA,BR-230,1561,1562,1,06/06/2022,"-4,2961586","-55,9582834",,50
PA,BR-230,1562,1563,1,06/06/2022,"-4,2961586","-55,9582834",,"33,75"
PA,BR-230,1563,1564,1,06/06/2022,"-4,2961586","-55,9582834",,40
PA,BR-230,1564,1565,1,06/06/2022,"-4,2961586","-55,9582834",,35
PA,BR-230,1565,1566,1,06/06/2022,"-4,2961586","-55,9582834",,"33,75"
PA,BR-230,1566,1567,1,06/06/2022,"-4,2961586","-55,9582834",,"33,75"
PA,BR-230,1567,1568,1,06/06/2022,"-4,2961586","-55,9582834",,35
PA,BR-230,1568,1569,1,06/06/2022,"-4,2961586","-55,9582834",,"41,25"
PA,BR-230,1569,1570,1,06/06/2022,"-4,2961586","-55,9582834",,"42,5"
PA,BR-230,1570,1571,1,06/06/2022,"-4,2961586","-55,9582834",,"33,75"
PA,BR-230,1571,1572,1,06/06/2022,"-4,2961586","-55,9582834",,55
PA,BR-230,1572,1573,1,06/06/2022,"-4,2961586","-55,9582834",,35
PA,BR-230,1573,1574,1,06/06/2022,"-4,2961586","-55,9582834",,50
PA,BR-230,1574,1575,1,06/06/2022,"-4,2961586","-55,9582834",,"56,25"
PA,BR-230,1575,1576,1,06/06/2022,"-4,2961586","-55,9582834",,"41,25"
PA,BR-230,1576,1577,1,06/06/2022,"-4,2961586","-55,9582834",,55
PA,BR-230,1577,1578,1,06/06/2022,"-4,2961586","-55,9582834",,"56,25"
PA,BR-230,1578,1579,1,06/06/2022,"-4,2961586","-55,9582834",,35
PA,BR-230,1579,1580,1,06/06/2022,"-4,2961586","-55,9582834",,35
PA,BR-230,1580,1581,1,06/06/2022,"-4,2961586","-55,9582834",,40
PA,BR-230,1581,1582,1,06/06/2022,"-4,2961586","-55,9582834",,"48,75"
PA,BR-230,1582,1583,1,06/06/2022,"-4,2961586","-55,9582834",,35
PA,BR-230,1583,1584,1,06/06/2022,"-4,2961586","-55,9582834",,35
PA,BR-230,1584,1585,1,06/06/2022,"-4,2961586","-55,9582834",,"62,5"
PA,BR-230,1585,1586,1,06/06/2022,"-4,2961586","-55,9582834",,"46,25"
PA,BR-230,1586,1587,1,06/06/2022,"-4,2961586","-55,9582834",,"61,25"
PA,BR-230,1587,1588,1,06/06/2022,"-4,2961586","-55,9582834",,"46,25"
PA,BR-230,1588,1589,1,06/06/2022,"-4,2961586","-55,9582834",,50
PA,BR-230,1589,1590,1,06/06/2022,"-4,2961586","-55,9582834",,35
PA,BR-230,1590,1591,1,06/06/2022,"-4,2961586","-55,9582834",,35
PA,BR-230,1591,1592,1,06/06/2022,"-4,2961586","-55,9582834",,55
PA,BR-163,6761,6762,1,07/06/2022,"-4,3477547","-55,7853481",,55
PA,BR-163,6762,6763,1,07/06/2022,"-4,3477547","-55,7853481",,"18,75"
PA,BR-163,6763,6764,1,07/06/2022,"-4,3477547","-55,7853481",,25
PA,BR-163,6764,6765,1,07/06/2022,"-4,3477547","-55,7853481",,"31,25"
PA,BR-163,6765,676,6089,07/06/2022,"-4,3477547","-55,7853481",,"31,25"
PA,BR-163,676,677,1,07/06/2022,"-4,3477547","-55,7853481",,"37,5"
PA,BR-163,677,678,1,07/06/2022,"-4,3477547","-55,7853481",,"31,25"
PA,BR-163,678,679,1,07/06/2022,"-4,3477547","-55,7853481",,"31,25"
PA,BR-163,679,680,1,07/06/2022,"-4,3477547","-55,7853481",,"31,25"
PA,BR-163,680,681,1,07/06/2022,"-4,3477547","-55,7853481",,"31,25"
PA,BR-163,681,682,1,07/06/2022,"-4,3477547","-55,7853481",,"31,25"
PA,BR-163,682,683,1,07/06/2022,"-4,3477547","-55,7853481",,"31,25"
PA,BR-163,683,684,1,07/06/2022,"-4,3477547","-55,7853481",,"31,25"
PA,BR-163,684,685,1,07/06/2022,"-4,3477547","-55,7853481",,"37,5"
PA,BR-163,685,686,1,07/06/2022,"-4,3477547","-55,7853481",,"52,5"
PA,BR-163,686,687,1,07/06/2022,"-4,3477547","-55,7853481",,25
PA,BR-163,687,688,1,07/06/2022,"-4,3477547","-55,7853481",,"31,25"
PA,BR-163,688,689,1,07/06/2022,"-4,3477547","-55,7853481",,"37,5"
PA,BR-163,689,690,1,07/06/2022,"-4,3493314","-55,7823498",,25
PA,BR-163,690,691,1,07/06/2022,"-4,3493314","-55,7823498",,"31,25"
PA,BR-163,691,692,1,07/06/2022,"-4,3493314","-55,7823498",,"31,25"
PA,BR-163,692,693,1,07/06/2022,"-4,3493314","-55,7823498",,"31,25"
PA,BR-163,693,694,1,07/06/2022,"-4,3493314","-55,7823498",,"37,5"
PA,BR-163,694,695,1,07/06/2022,"-4,3493314","-55,7823498",,"37,5"
PA,BR-163,695,696,1,07/06/2022,"-4,3493314","-55,7823498",,"37,5"
PA,BR-163,696,697,1,07/06/2022,"-4,3493314","-55,7823498",,"52,5"
PA,BR-163,697,698,1,07/06/2022,"-4,3493314","-55,7823498",,"37,5"
PA,BR-163,698,699,1,07/06/2022,"-4,3493314","-55,7823498",,"37,5"
PA,BR-163,699,700,1,07/06/2022,"-4,3493314","-55,7823498",,"37,5"
PA,BR-163,700,701,1,07/06/2022,"-4,3493314","-55,7823498",,60
PA,BR-163,701,702,1,07/06/2022,"-4,3493314","-55,7823498",,60
PA,BR-163,702,703,1,07/06/2022,"-4,3493314","-55,7823498",,"37,5"
PA,BR-163,703,704,1,07/06/2022,"-4,3493314","-55,7823498",,"31,25"
PA,BR-163,704,705,1,07/06/2022,"-4,3493314","-55,7823498",,"31,25"
PA,BR-163,"722,1",723,"0,9",07/06/2022,"-4,3422477","-55,7831138",,40
PA,BR-163,723,724,1,07/06/2022,"-4,3422477","-55,7831138",,55
PA,BR-163,"732,68",733,"0,32",07/06/2022,"-4,3362286","-55,7852844",,40
PA,BR-163,733,734,1,07/06/2022,"-4,3362286","-55,7852844",,40
PA,BR-163,734,735,1,07/06/2022,"-4,3362286","-55,7852844",,40
PA,BR-163,735,736,1,07/06/2022,"-4,3362286","-55,7852844",,"33,75"
PA,BR-163,736,737,1,07/06/2022,"-4,3362286","-55,7852844",,"27,5"
PA,BR-163,737,738,1,07/06/2022,"-4,3362286","-55,7852844",,"33,75"
AM,BR-230,"642,6",643,"0,4",08/06/2022,"-7,5189702","-63,0367886",,"43,75"
AM,BR-230,643,644,1,08/06/2022,"-7,5189702","-63,0367886",,"57,5"
AM,BR-230,644,645,1,08/06/2022,"-7,5189702","-63,0367886",,"51,25"
AM,BR-230,645,646,1,08/06/2022,"-7,5189702","-63,0367886",,"77,5"
AM,BR-230,646,647,1,08/06/2022,"-7,5189702","-63,0367886",,55
AM,BR-230,647,648,1,08/06/2022,"-7,5189702","-63,0367886",,"78,75"
AM,BR-230,648,649,1,08/06/2022,"-7,5189702","-63,0367886",,75
AM,BR-230,649,650,1,08/06/2022,"-7,5189702","-63,0367886",,"61,25"
AM,BR-230,650,651,1,08/06/2022,"-7,5189702","-63,0367886",,"92,5"
AM,BR-230,651,652,1,08/06/2022,"-7,5189702","-63,0367886",,"63,75"
AM,BR-230,652,653,1,08/06/2022,"-7,5189702","-63,0367886",,"72,5"
AM,BR-230,653,654,1,08/06/2022,"-7,5189702","-63,0367886",,"81,25"
AM,BR-230,654,655,1,08/06/2022,"-7,5189702","-63,0367886",,60
AM,BR-230,655,656,1,08/06/2022,"-7,5189702","-63,0367886",,100
AM,BR-230,656,657,1,08/06/2022,"-7,5189702","-63,0367886",,"82,5"
AM,BR-230,657,658,1,08/06/2022,"-7,5189702","-63,0367886",,"78,75"
AM,BR-230,658,659,1,08/06/2022,"-7,5189702","-63,0367886",,"82,5"
AM,BR-230,659,660,1,08/06/2022,"-7,5189702","-63,0367886",,"68,75"
AM,BR-230,660,661,1,08/06/2022,"-7,5189702","-63,0367886",,"82,5"
AM,BR-230,661,662,1,08/06/2022,"-7,5189702","-63,0367886",,"83,75"
AM,BR-230,662,663,1,08/06/2022,"-7,5189702","-63,0367886",,"73,75"
AM,BR-230,663,664,1,08/06/2022,"-7,5189702","-63,0367886",,65
AM,BR-230,664,665,1,08/06/2022,"-7,5189702","-63,0367886",,45
AM,BR-230,665,666,1,08/06/2022,"-7,5189702","-63,0367886",,"61,25"
AM,BR-230,666,667,1,08/06/2022,"-7,5189702","-63,0367886",,"51,25"
AM,BR-230,667,668,1,08/06/2022,"-7,5189702","-63,0367886",,"66,25"
AM,BR-230,668,669,1,08/06/2022,"-7,5189702","-63,0367886",,"53,75"
AM,BR-230,669,670,1,08/06/2022,"-7,5189702","-63,0367886",,"46,25"
AM,BR-230,670,671,1,08/06/2022,"-7,5189702","-63,0367886",,"62,5"
AM,BR-230,671,672,1,08/06/2022,"-7,5189702","-63,0367886",,"61,25"
AM,BR-230,672,673,1,08/06/2022,"-7,5189702","-63,0367886",,"53,75"
AM,BR-230,673,674,1,08/06/2022,"-7,5189702","-63,0367886",,60
AM,BR-230,674,675,1,08/06/2022,"-7,5189702","-63,0367886",,"71,25"
AM,BR-230,675,676,1,08/06/2022,"-7,5189702","-63,0367886",,"47,5"
AM,BR-230,676,677,1,08/06/2022,"-7,5189702","-63,0367886",,"67,5"
AM,BR-230,677,678,1,08/06/2022,"-7,5189702","-63,0367886",,85
AM,BR-230,678,679,1,08/06/2022,"-7,5189702","-63,0367886",,"91,25"
AM,BR-230,679,680,1,08/06/2022,"-7,5189702","-63,0367886",,"98,75"
AM,BR-230,680,681,1,08/06/2022,"-7,5189702","-63,0367886",,"98,75"
AM,BR-230,681,682,1,08/06/2022,"-7,5189702","-63,0367886",,"81,25"
AM,BR-230,682,683,1,08/06/2022,"-7,5189702","-63,0367886",,"96,25"
AM,BR-230,683,684,1,08/06/2022,"-7,5189702","-63,0367886",,"98,75"
AM,BR-230,684,685,1,08/06/2022,"-7,5189702","-63,0367886",,85
AM,BR-230,685,686,1,08/06/2022,"-7,5189702","-63,0367886",,"98,75"
AM,BR-230,686,687,1,08/06/2022,"-7,5189702","-63,0367886",,"88,75"
AM,BR-230,687,688,1,08/06/2022,"-7,5189702","-63,0367886",,85
AM,BR-230,688,689,1,08/06/2022,"-7,5189702","-63,0367886",,"98,75"
AM,BR-230,689,690,1,08/06/2022,"-7,5189702","-63,0367886",,85
AM,BR-230,690,691,1,08/06/2022,"-7,5189702","-63,0367886",,"77,5"
AM,BR-230,691,692,1,08/06/2022,"-7,5189702","-63,0367886",,"87,5"
AM,BR-230,692,693,1,08/06/2022,"-7,5189702","-63,0367886",,"73,75"
AM,BR-230,693,694,1,08/06/2022,"-7,5189702","-63,0367886",,85
AM,BR-230,694,695,1,08/06/2022,"-7,5189702","-63,0367886",,"98,75"
AM,BR-230,695,696,1,08/06/2022,"-7,5189702","-63,0367886",,"98,75"
AM,BR-230,696,697,1,08/06/2022,"-7,5189702","-63,0367886",,95
AM,BR-230,697,698,1,08/06/2022,"-7,5189702","-63,0367886",,"96,25"
AM,BR-230,698,699,1,08/06/2022,"-7,5189702","-63,0367886",,"86,25"
AM,BR-230,699,700,1,08/06/2022,"-7,5189702","-63,0367886",,"92,5"
AM,BR-230,700,701,1,08/06/2022,"-7,5189702","-63,0367886",,"68,75"
AM,BR-230,701,702,1,08/06/2022,"-7,5189702","-63,0367886",,"71,25"
AM,BR-230,702,703,1,08/06/2022,"-7,5189702","-63,0367886",,"96,25"
AM,BR-230,703,704,1,08/06/2022,"-7,5189702","-63,0367886",,"92,5"
AM,BR-230,704,705,1,08/06/2022,"-7,5189702","-63,0367886",,"92,5"
AM,BR-230,705,706,1,08/06/2022,"-7,5189702","-63,0367886",,"86,25"
AM,BR-230,706,707,1,08/06/2022,"-7,5189702","-63,0367886",,"88,75"
AM,BR-230,707,708,1,08/06/2022,"-7,5189702","-63,0367886",,"92,5"
AM,BR-230,708,709,1,08/06/2022,"-7,5189702","-63,0367886",,"81,25"
AM,BR-230,709,710,1,08/06/2022,"-7,5189702","-63,0367886",,"88,75"
AM,BR-230,710,711,1,08/06/2022,"-7,5189702","-63,0367886",,90
AM,BR-230,711,712,1,08/06/2022,"-7,5189702","-63,0367886",,"86,25"
AM,BR-230,712,713,1,08/06/2022,"-7,5189702","-63,0367886",,"82,5"
AM,BR-230,713,714,1,08/06/2022,"-7,5189702","-63,0367886",,"92,5"
AM,BR-230,714,715,1,08/06/2022,"-7,5189702","-63,0367886",,"97,5"
AM,BR-230,715,716,1,08/06/2022,"-7,5189702","-63,0367886",,90
AM,BR-230,716,717,1,08/06/2022,"-7,5189702","-63,0367886",,"82,5"
AM,BR-230,717,718,1,08/06/2022,"-7,5189702","-63,0367886",,100
AM,BR-230,718,719,1,08/06/2022,"-7,5189702","-63,0367886",,"78,75"
AM,BR-230,719,720,1,08/06/2022,"-7,5189702","-63,0367886",,"82,5"
AM,BR-230,720,721,1,08/06/2022,"-7,5189702","-63,0367886",,"92,5"
AM,BR-230,721,722,1,08/06/2022,"-7,5189702","-63,0367886",,"82,5"
AM,BR-230,722,723,1,08/06/2022,"-7,5189702","-63,0367886",,"86,25"
AM,BR-230,723,724,1,08/06/2022,"-7,5189702","-63,0367886",,100
AM,BR-230,724,725,1,08/06/2022,"-7,5189702","-63,0367886",,"92,5"
AM,BR-230,725,726,1,08/06/2022,"-7,5189702","-63,0367886",,"92,5"
AM,BR-230,726,727,1,08/06/2022,"-7,5189702","-63,0367886",,"92,5"
AM,BR-230,727,728,1,08/06/2022,"-7,5189702","-63,0367886",,"82,5"
AM,BR-230,728,729,1,08/06/2022,"-7,5189702","-63,0367886",,"82,5"
AM,BR-230,729,730,1,08/06/2022,"-7,5189702","-63,0367886",,"82,5"
AM,BR-230,730,731,1,08/06/2022,"-7,5189702","-63,0367886",,"92,5"
AM,BR-230,731,732,1,08/06/2022,"-7,5189702","-63,0367886",,"86,25"
AM,BR-230,732,"733,2","1,2",08/06/2022,"-7,5189702","-63,0367886",,"92,5"
AM,BR-230,"733,2",734,"0,8",08/06/2022,"-7,5189702","-63,0367886",,"42,5"
AM,BR-230,734,735,1,08/06/2022,"-7,5189702","-63,0367886",,"37,5"
AM,BR-230,735,736,1,08/06/2022,"-7,5189702","-63,0367886",,"42,5"
AM,BR-230,736,737,1,08/06/2022,"-7,5189702","-63,0367886",,"37,5"
AM,BR-230,737,738,1,08/06/2022,"-7,5189702","-63,0367886",,"43,75"
AM,BR-230,738,739,1,08/06/2022,"-7,5189702","-63,0367886",,"51,25"
AM,BR-230,739,740,1,08/06/2022,"-7,5189702","-63,0367886",,"51,25"
AM,BR-230,740,741,1,08/06/2022,"-7,5189702","-63,0367886",,"58,75"
AM,BR-230,741,742,1,08/06/2022,"-7,5189702","-63,0367886",,"57,5"
AM,BR-230,742,743,1,08/06/2022,"-7,5189702","-63,0367886",,"51,25"
AM,BR-230,743,744,1,08/06/2022,"-7,5189702","-63,0367886",,"51,25"
AM,BR-230,744,745,1,08/06/2022,"-7,5189702","-63,0367886",,"51,25"
AM,BR-230,745,746,1,08/06/2022,"-7,5189702","-63,0367886",,"51,25"
AM,BR-230,746,747,1,08/06/2022,"-7,5189702","-63,0367886",,"51,25"
AM,BR-230,747,748,1,08/06/2022,"-7,5189702","-63,0367886",,"52,5"
AM,BR-230,748,749,1,08/06/2022,"-7,5189702","-63,0367886",,"52,5"
AM,BR-230,749,750,1,08/06/2022,"-7,5189702","-63,0367886",,"51,25"
AM,BR-230,750,751,1,08/06/2022,"-7,5189702","-63,0367886",,"52,5"
AM,BR-230,751,752,1,08/06/2022,"-7,5189702","-63,0367886",,"58,75"
AM,BR-230,752,753,1,08/06/2022,"-7,5189702","-63,0367886",,"52,5"
AM,BR-230,753,754,1,08/06/2022,"-7,5189702","-63,0367886",,"78,75"
AM,BR-230,754,755,1,08/06/2022,"-7,5189702","-63,0367886",,75
AM,BR-230,755,756,1,08/06/2022,"-7,5189702","-63,0367886",,"8,75"
AM,BR-230,756,757,1,08/06/2022,"-7,5189702","-63,0367886",,"16,25"
AM,BR-230,757,758,1,08/06/2022,"-7,5189702","-63,0367886",,"8,75"
AM,BR-230,758,759,1,08/06/2022,"-7,5189702","-63,0367886",,"3,75"
AM,BR-230,759,760,1,08/06/2022,"-7,5189702","-63,0367886",,"16,25"
AM,BR-230,760,761,1,08/06/2022,"-7,5189702","-63,0367886",,"3,75"
AM,BR-230,761,762,1,08/06/2022,"-7,5189702","-63,0367886",,"3,75"
AM,BR-230,762,763,1,08/06/2022,"-7,5189702","-63,0367886",,"21,25"
AM,BR-230,763,764,1,08/06/2022,"-7,5189702","-63,0367886",,"16,25"
AM,BR-230,764,765,1,08/06/2022,"-7,5189702","-63,0367886",,"3,75"
AM,BR-230,765,766,1,08/06/2022,"-7,5189702","-63,0367886",,"3,75"
AM,BR-230,766,767,1,08/06/2022,"-7,5189702","-63,0367886",,"3,75"
AM,BR-230,767,768,1,08/06/2022,"-7,5189702","-63,0367886",,"11,25"
AM,BR-230,768,769,1,08/06/2022,"-7,5189702","-63,0367886",,"11,25"
AM,BR-230,769,770,1,08/06/2022,"-7,5189702","-63,0367886",,"11,25"
AM,BR-230,770,771,1,08/06/2022,"-7,5189702","-63,0367886",,"11,25"
AM,BR-230,771,772,1,08/06/2022,"-7,5189702","-63,0367886",,"11,25"
AM,BR-230,772,773,1,08/06/2022,"-7,5189702","-63,0367886",,"11,25"
AM,BR-230,773,774,1,08/06/2022,"-7,5189702","-63,0367886",,"8,75"
AM,BR-230,774,775,1,08/06/2022,"-7,5189702","-63,0367886",,"8,75"
AM,BR-230,775,776,1,08/06/2022,"-7,5189702","-63,0367886",,"8,75"
AM,BR-230,776,777,1,08/06/2022,"-7,5189702","-63,0367886",,"3,75"
AM,BR-230,777,778,1,08/06/2022,"-7,5189702","-63,0367886",,"8,75"
AM,BR-230,778,779,1,08/06/2022,"-7,5189702","-63,0367886",,"88,75"
AM,BR-230,779,780,1,08/06/2022,"-7,5189702","-63,0367886",,"81,25"
AM,BR-230,780,781,1,08/06/2022,"-7,5189702","-63,0367886",,"81,25"
AM,BR-230,781,782,1,08/06/2022,"-7,5189702","-63,0367886",,"81,25"
AM,BR-230,782,783,1,08/06/2022,"-7,5189702","-63,0367886",,"81,25"
AM,BR-230,783,784,1,08/06/2022,"-7,5189702","-63,0367886",,"81,25"
AM,BR-230,784,785,1,08/06/2022,"-7,5189702","-63,0367886",,"81,25"
AM,BR-230,785,786,1,08/06/2022,"-7,5189702","-63,0367886",,"81,25"
AM,BR-230,786,787,1,08/06/2022,"-7,5189702","-63,0367886",,"81,25"
AM,BR-230,787,788,1,08/06/2022,"-7,5189702","-63,0367886",,"81,25"
AM,BR-230,788,789,1,08/06/2022,"-7,5189702","-63,0367886",,"81,25"
AM,BR-230,789,790,1,08/06/2022,"-7,5189702","-63,0367886",,"81,25"
AM,BR-230,790,791,1,08/06/2022,"-7,5189702","-63,0367886",,"81,25"
AM,BR-230,791,792,1,08/06/2022,"-7,5189702","-63,0367886",,"88,75"
AM,BR-230,792,793,1,08/06/2022,"-7,5189702","-63,0367886",,"81,25"
AM,BR-230,793,794,1,08/06/2022,"-7,5189702","-63,0367886",,"81,25"
AM,BR-230,794,795,1,08/06/2022,"-7,5189702","-63,0367886",,"81,25"
AM,BR-230,795,796,1,08/06/2022,"-7,5189702","-63,0367886",,"81,25"
AM,BR-230,796,797,1,08/06/2022,"-7,5189702","-63,0367886",,"81,25"
AM,BR-230,797,798,1,08/06/2022,"-7,5189702","-63,0367886",,"81,25"
AM,BR-230,798,799,1,08/06/2022,"-7,5189702","-63,0367886",,"81,25"
AM,BR-230,799,800,1,08/06/2022,"-7,5189702","-63,0367886",,"81,25"
AM,BR-230,800,801,1,08/06/2022,"-7,5189702","-63,0367886",,"81,25"
AM,BR-230,801,802,1,08/06/2022,"-7,5189702","-63,0367886",,"81,25"
AM,BR-230,802,803,1,08/06/2022,"-7,5189702","-63,0367886",,85
AM,BR-230,803,804,1,08/06/2022,"-7,5189702","-63,0367886",,"81,25"
AM,BR-230,804,805,1,08/06/2022,"-7,5189702","-63,0367886",,85
AM,BR-230,805,806,1,08/06/2022,"-7,5189702","-63,0367886",,85
AM,BR-230,806,807,1,08/06/2022,"-7,5189702","-63,0367886",,"88,75"
AM,BR-230,807,808,1,08/06/2022,"-7,5189702","-63,0367886",,"82,5"
AM,BR-230,808,809,1,08/06/2022,"-7,5189702","-63,0367886",,85
AM,BR-230,809,810,1,08/06/2022,"-7,5189702","-63,0367886",,"86,25"
AM,BR-230,810,811,1,08/06/2022,"-7,5189702","-63,0367886",,"81,25"
AM,BR-230,811,812,1,08/06/2022,"-7,5189702","-63,0367886",,85
AM,BR-230,812,813,1,08/06/2022,"-7,5189702","-63,0367886",,"88,75"
AM,BR-230,813,814,1,08/06/2022,"-7,5189702","-63,0367886",,"82,5"
AM,BR-230,814,815,1,08/06/2022,"-7,5189702","-63,0367886",,"82,5"
AM,BR-230,815,"816,2","1,2",08/06/2022,"-7,5189702","-63,0367886",,"82,5"
BA,BR-030,"281,7",280,"1,7",09/06/2022,"-14,2864945","-43,7849555",,"41,25"
BA,BR-030,280,279,1,09/06/2022,"-14,2864945","-43,7849555",,"57,5"
BA,BR-030,279,278,1,09/06/2022,"-14,2864945","-43,7849555",,"61,25"
BA,BR-030,278,277,1,09/06/2022,"-14,2864945","-43,7849555",,60
BA,BR-030,277,276,1,09/06/2022,"-14,2864945","-43,7849555",,"61,25"
BA,BR-030,276,275,1,09/06/2022,"-14,2864945","-43,7849555",,50
BA,BR-030,275,274,1,09/06/2022,"-14,2864945","-43,7849555",,50
BA,BR-030,274,273,1,09/06/2022,"-14,2864945","-43,7849555",,"42,5"
BA,BR-030,273,272,1,09/06/2022,"-14,2864945","-43,7849555",,40
BA,BR-030,272,271,1,09/06/2022,"-14,2864945","-43,7849555",,"62,5"
BA,BR-030,271,270,1,09/06/2022,"-14,2864945","-43,7849555",,35
BA,BR-030,270,269,1,09/06/2022,"-14,2864945","-43,7849555",,50
BA,BR-030,269,268,1,09/06/2022,"-14,2864945","-43,7849555",,"46,25"
BA,BR-030,268,267,1,09/06/2022,"-14,2864945","-43,7849555",,"46,25"
BA,BR-030,267,266,1,09/06/2022,"-14,2864945","-43,7849555",,"31,25"
BA,BR-030,266,265,1,09/06/2022,"-14,2864945","-43,7849555",,"46,25"
BA,BR-030,265,264,1,09/06/2022,"-14,2864945","-43,7849555",,35
BA,BR-030,264,263,1,09/06/2022,"-14,2864945","-43,7849555",,50
BA,BR-030,263,262,1,09/06/2022,"-14,2864945","-43,7849555",,"46,25"
BA,BR-030,262,261,1,09/06/2022,"-14,2864945","-43,7849555",,"57,5"
BA,BR-030,261,260,1,09/06/2022,"-14,2864945","-43,7849555",,50
BA,BR-030,260,259,1,09/06/2022,"-14,2864945","-43,7849555",,"42,5"
BA,BR-030,259,258,1,09/06/2022,"-14,2864945","-43,7849555",,"67,5"
BA,BR-030,258,257,1,09/06/2022,"-14,2864945","-43,7849555",,"57,5"
BA,BR-030,257,256,1,09/06/2022,"-14,2864945","-43,7849555",,"46,25"
BA,BR-030,256,255,1,09/06/2022,"-14,2864945","-43,7849555",,70
BA,BR-030,255,254,1,09/06/2022,"-14,2864945","-43,7849555",,"61,25"
BA,BR-030,254,253,1,09/06/2022,"-14,2864945","-43,7849555",,"61,25"
BA,BR-030,253,252,1,09/06/2022,"-14,2864945","-43,7849555",,50
BA,BR-030,252,251,1,09/06/2022,"-14,2864945","-43,7849555",,"38,75"
BA,BR-030,251,250,1,09/06/2022,"-14,2864945","-43,7849555",,"46,25"
BA,BR-030,250,249,1,09/06/2022,"-14,2864945","-43,7849555",,"57,5"
BA,BR-030,249,248,1,09/06/2022,"-14,2864945","-43,7849555",,"57,5"
BA,BR-030,248,247,1,09/06/2022,"-14,2864945","-43,7849555",,50
BA,BR-030,247,246,1,09/06/2022,"-14,2864945","-43,7849555",,"57,5"
BA,BR-030,246,245,1,09/06/2022,"-14,2864945","-43,7849555",,"57,5"
BA,BR-030,245,244,1,09/06/2022,"-14,2864945","-43,7849555",,"57,5"
BA,BR-030,244,243,1,09/06/2022,"-14,2864945","-43,7849555",,"57,5"
BA,BR-030,243,242,1,09/06/2022,"-14,2864945","-43,7849555",,"53,75"
BA,BR-030,242,241,1,09/06/2022,"-14,2864945","-43,7849555",,"46,25"
BA,BR-030,241,240,1,09/06/2022,"-14,2864945","-43,7849555",,"53,75"
BA,BR-030,240,239,1,09/06/2022,"-14,2864945","-43,7849555",,"42,5"
BA,BR-030,239,238,1,09/06/2022,"-14,2864945","-43,7849555",,"53,75"
BA,BR-030,"238,4",237,"1,4",09/06/2022,"-14,2305797","-44,153521",,55
BA,BR-030,237,236,1,09/06/2022,"-14,2305797","-44,153521",,"67,5"
BA,BR-030,236,235,1,09/06/2022,"-14,2305797","-44,153521",,"57,5"
BA,BR-030,235,234,1,09/06/2022,"-14,2305797","-44,153521",,35
BA,BR-030,234,233,1,09/06/2022,"-14,2305797","-44,153521",,40
BA,BR-030,233,232,1,09/06/2022,"-14,2305797","-44,153521",,"27,5"
BA,BR-030,232,231,1,09/06/2022,"-14,2305797","-44,153521",,35
BA,BR-030,231,230,1,09/06/2022,"-14,2305797","-44,153521",,35
BA,BR-030,230,229,1,09/06/2022,"-14,2305797","-44,153521",,35
BA,BR-030,229,228,1,09/06/2022,"-14,2305797","-44,153521",,"46,25"
BA,BR-030,228,227,1,09/06/2022,"-14,2305797","-44,153521",,"27,5"
BA,BR-030,227,226,1,09/06/2022,"-14,2305797","-44,153521",,50
BA,BR-030,226,225,1,09/06/2022,"-14,2305797","-44,153521",,"42,5"
BA,BR-030,225,224,1,09/06/2022,"-14,2305797","-44,153521",,"42,5"
BA,BR-030,224,223,1,09/06/2022,"-14,2246408","-42,7779727",,55
BA,BR-030,223,222,1,09/06/2022,"-14,2246408","-42,7779727",,"42,5"
BA,BR-030,222,221,1,09/06/2022,"-14,2246408","-42,7779727",,50
BA,BR-030,221,220,1,09/06/2022,"-14,2246408","-42,7779727",,"62,5"
BA,BR-030,220,219,1,09/06/2022,"-14,2246408","-42,7779727",,"27,5"
BA,BR-030,219,218,1,09/06/2022,"-14,2246408","-42,7779727",,"42,5"
BA,BR-030,218,217,1,09/06/2022,"-14,2246408","-42,7779727",,"53,75"
BA,BR-030,217,216,1,09/06/2022,"-14,2246408","-42,7779727",,"42,5"
BA,BR-030,216,215,1,09/06/2022,"-14,2246408","-42,7779727",,70
BA,BR-030,215,214,1,09/06/2022,"-14,2246408","-42,7779727",,"66,25"
BA,BR-030,214,213,1,09/06/2022,"-14,2246408","-42,7779727",,"82,5"
BA,BR-030,213,212,1,09/06/2022,"-14,2246408","-42,7779727",,90
BA,BR-030,212,211,1,09/06/2022,"-14,2246408","-42,7779727",,90
BA,BR-030,211,210,1,09/06/2022,"-14,452976","-42,7769833",,90
BA,BR-030,210,209,1,09/06/2022,"-14,452976","-42,7769833",,"82,5"
BA,BR-030,209,208,1,09/06/2022,"-14,452976","-42,7769833",,"72,5"
BA,BR-030,208,207,1,09/06/2022,"-14,452976","-42,7769833",,75
BA,BR-030,207,206,1,09/06/2022,"-14,452976","-42,7769833",,90
BA,BR-030,206,205,1,09/06/2022,"-14,452976","-42,7769833",,"76,25"
BA,BR-030,205,204,1,09/06/2022,"-14,452976","-42,7769833",,"68,75"
BA,BR-030,204,203,1,09/06/2022,"-14,452976","-42,7769833",,75
BA,BR-030,203,202,1,09/06/2022,"-14,452976","-42,7769833",,"73,75"
BA,BR-030,202,201,1,09/06/2022,"-14,452976","-42,7769833",,"71,25"
BA,BR-030,201,200,1,09/06/2022,"-14,452976","-42,7769833",,"72,5"
BA,BR-030,200,199,1,09/06/2022,"-14,452976","-42,7769833",,80
BA,BR-030,199,198,1,09/06/2022,"-14,452976","-42,7769833",,"77,5"
BA,BR-030,198,197,1,09/06/2022,"-14,452976","-42,7769833",,"61,25"
BA,BR-030,197,196,1,09/06/2022,"-14,452976","-42,7769833",,70
BA,BR-030,196,195,1,09/06/2022,"-14,452976","-42,7769833",,50
BA,BR-030,195,194,1,09/06/2022,"-14,452976","-42,7769833",,50
BA,BR-030,194,193,1,09/06/2022,"-14,452976","-42,7769833",,"58,75"
BA,BR-030,193,192,1,09/06/2022,"-14,452976","-42,7769833",,"63,75"
BA,BR-030,192,191,1,09/06/2022,"-14,452976","-42,7769833",,40
PR,BR-158,"229,5",230,"0,5",13/06/2022,"-24,0801343","-52,3669704",,"38,75"
PR,BR-158,230,231,1,13/06/2022,"-24,0944927","-52,3838301",,"58,75"
PR,BR-158,231,232,1,13/06/2022,"-24,1022822","-52,3883758",,"52,5"
PR,BR-158,232,233,1,13/06/2022,"-24,1105998","-52,3914448",,45
PR,BR-158,233,234,1,13/06/2022,"-24,1172207","-52,3986283",,"46,25"
PR,BR-158,234,235,1,13/06/2022,"-24,1254001","-52,4051252",,"46,25"
PR,BR-158,235,236,1,13/06/2022,"-24,138862","-52,4152285",,"53,75"
PR,BR-158,236,237,1,13/06/2022,"-24,138862","-52,4152285",,"52,5"
PR,BR-158,237,238,1,13/06/2022,"-24,1572069","-52,4164782",,"72,5"
PR,BR-158,238,239,1,13/06/2022,"-24,1572069","-52,4164782",,50
PR,BR-158,239,240,1,13/06/2022,"-24,1677207","-52,4152981",,"51,25"
PR,BR-158,240,241,1,13/06/2022,"-24,1742238","-52,4142276",,50
PR,BR-158,241,242,1,13/06/2022,"-24,1840911","-52,4127949",,"37,5"
PR,BR-158,242,243,1,13/06/2022,"-24,1921901","-52,4114976",,"42,5"
PR,BR-158,243,244,1,13/06/2022,"-24,2010184","-52,4096744",,45
PR,BR-158,244,245,1,13/06/2022,"-24,2101976","-52,4084558",,50
PR,BR-158,245,246,1,13/06/2022,"-24,2181385","-52,4065772",,"42,5"
PR,BR-158,246,247,1,13/06/2022,"-24,2259394","-52,4038368",,35
PR,BR-158,247,248,1,13/06/2022,"-24,2353059","-52,4017526",,30
PR,BR-158,248,249,1,13/06/2022,"-24,2528512","-52,3972738",,30
PR,BR-158,249,250,1,13/06/2022,"-24,2528512","-52,3972738",,45
PR,BR-158,250,251,1,13/06/2022,"-24,2633712","-52,3975202",,85
PR,BR-158,251,252,1,13/06/2022,"-24,2633712","-52,3975202",,"12,5"
PR,BR-158,252,253,1,13/06/2022,"-24,2787599","-52,39725",,"42,5"
PR,BR-158,253,254,1,13/06/2022,"-24,287268","-52,3943128",,"42,5"
PR,BR-158,254,255,1,13/06/2022,"-24,2943473","-52,3900766",,35
PR,BR-158,255,256,1,13/06/2022,"-24,3027709","-52,3929931",,50
PR,BR-158,256,257,1,13/06/2022,"-24,314563","-52,3934672",,"22,5"
PR,BR-158,257,258,1,13/06/2022,"-24,3285907","-52,3975333",,"37,5"
PR,BR-158,258,259,1,13/06/2022,"-24,3285907","-52,3975333",,"37,5"
PR,BR-158,259,260,1,13/06/2022,"-24,337956","-52,4026555",,"37,5"
PR,BR-158,260,261,1,13/06/2022,"-24,3440823","-52,4067404",,"37,5"
PR,BR-158,261,262,1,13/06/2022,"-24,3493999","-52,4131568",,45
PR,BR-158,262,263,1,13/06/2022,"-24,3648535","-52,419455",,30
PR,BR-158,263,264,1,13/06/2022,"-24,3648535","-52,419455",,35
PR,BR-158,264,265,1,13/06/2022,"-24,3763345","-52,4196775",,"22,5"
PR,BR-158,265,266,1,13/06/2022,"-24,3827137","-52,4160152",,"22,5"
PR,BR-158,266,267,1,13/06/2022,"-24,3907713","-52,4092758",,"22,5"
PR,BR-158,267,268,1,13/06/2022,"-24,3980949","-52,4039374",,"12,5"
PR,BR-158,268,269,1,13/06/2022,"-24,4088092","-52,3967088",,"22,5"
PR,BR-158,269,270,1,13/06/2022,"-24,4128005","-52,3938778",,35
PR,BR-158,270,271,1,13/06/2022,"-24,4195768","-52,3895178",,"22,5"
PR,BR-158,271,272,1,13/06/2022,"-24,4255799","-52,3859211",,"22,5"
PR,BR-158,272,273,1,13/06/2022,"-24,4425206","-52,3722491",,"22,5"
PR,BR-158,273,274,1,13/06/2022,"-24,4425206","-52,3722491",,"22,5"
PR,BR-158,274,275,1,13/06/2022,"-24,4425206","-52,3722491",,40
PR,BR-158,275,276,1,13/06/2022,"-24,4641889","-52,3560209",,"27,5"
PR,BR-158,276,277,1,13/06/2022,"-24,4641889","-52,3560209",,"22,5"
PR,BR-158,277,278,1,13/06/2022,"-24,4779785","-52,3430314",,"17,5"
PR,BR-158,278,279,1,13/06/2022,"-24,4779785","-52,3430314",,40
PR,BR-158,279,280,1,13/06/2022,"-24,4779785","-52,3430314",,"27,5"
PR,BR-158,280,281,1,13/06/2022,"-24,4922137","-52,3314759",,"27,5"
PR,BR-158,281,282,1,13/06/2022,"-24,4922137","-52,3314759",,"43,75"
PR,BR-158,282,283,1,13/06/2022,"-24,5090413","-52,3191388",,"27,5"
PR,BR-158,283,284,1,13/06/2022,"-24,5150026","-52,3046462",,40
PR,BR-158,284,285,1,13/06/2022,"-24,5150026","-52,3046462",,"27,5"
PR,BR-158,285,286,1,13/06/2022,"-24,5242267","-52,3034804",,"27,5"
PR,BR-158,286,287,1,13/06/2022,"-24,5324258","-52,3008487",,40
PR,BR-158,287,288,1,13/06/2022,"-24,5324258","-52,3008487",,"52,5"
PR,BR-158,288,289,1,13/06/2022,"-24,5397908","-52,284992",,40
PR,BR-158,289,290,1,13/06/2022,"-24,5476659","-52,2767239",,40
PR,BR-158,290,291,1,13/06/2022,"-24,5542758","-52,2744062",,45
PR,BR-158,291,292,1,13/06/2022,"-24,5616835","-52,2720331",,45
PR,BR-158,292,293,1,13/06/2022,"-24,5698498","-52,276271",,50
PR,BR-158,293,294,1,13/06/2022,"-24,5782226","-52,2795327",,50
PR,BR-158,294,295,1,13/06/2022,"-24,5782226","-52,2795327",,50
AP,BR-210,"106,2",107,"0,8",14/06/2022,"0,70486609","-51,4143744",,65
AP,BR-210,107,108,1,14/06/2022,"0,70486609","-51,4143744",,"66,25"
AP,BR-210,108,109,1,14/06/2022,"0,70486609","-51,4143744",,80
AP,BR-210,109,110,1,14/06/2022,"0,69407548","-51,4361215",,80
AP,BR-210,110,111,1,14/06/2022,"0,69407548","-51,4361215",,80
AP,BR-210,111,112,1,14/06/2022,"0,69407548","-51,4361215",,"77,5"
AP,BR-210,112,113,1,14/06/2022,"0,69407548","-51,4361215",,"73,75"
AP,BR-210,113,114,1,14/06/2022,"0,68464436","-51,4705802",,"76,25"
AP,BR-210,114,115,1,14/06/2022,"0,68464436","-51,4705802",,"73,75"
AP,BR-210,115,116,1,14/06/2022,"0,68464436","-51,4705802",,"73,75"
AP,BR-210,116,117,1,14/06/2022,"0,68464436","-51,4705802",,"73,75"
AP,BR-210,117,118,1,14/06/2022,"0,67733058","-51,5070779",,"73,75"
AP,BR-210,118,119,1,14/06/2022,"0,67733058","-51,5070779",,"73,75"
AP,BR-210,119,120,1,14/06/2022,"0,67733058","-51,5070779",,"73,75"
AP,BR-210,120,121,1,14/06/2022,"0,67733058","-51,5070779",,"76,25"
AP,BR-210,121,122,1,14/06/2022,"0,67733058","-51,5070779",,"68,75"
AP,BR-210,122,123,1,14/06/2022,"0,67170293","-51,5514378",,"76,25"
AP,BR-210,123,124,1,14/06/2022,"0,67170293","-51,5514378",,"76,25"
AP,BR-210,124,125,1,14/06/2022,"0,67170293","-51,5514378",,"77,5"
AP,BR-210,125,126,1,14/06/2022,"0,67170293","-51,5514378",,"76,25"
AP,BR-210,126,127,1,14/06/2022,"0,66012637","-51,5931848",,"66,25"
AP,BR-210,127,128,1,14/06/2022,"0,66012637","-51,5931848",,"56,25"
AP,BR-210,128,129,1,14/06/2022,"0,66012637","-51,5931848",,"66,25"
AP,BR-210,129,130,1,14/06/2022,"0,66012637","-51,5931848",,"73,75"
AP,BR-210,130,131,1,14/06/2022,"0,63554999","-51,6150675",,"66,25"
AP,BR-210,131,132,1,14/06/2022,"0,63554999","-51,6150675",,"73,75"
AP,BR-210,132,133,1,14/06/2022,"0,63554999","-51,6150675",,"76,25"
AP,BR-210,133,134,1,14/06/2022,"0,62742674","-51,6380393",,"76,25"
AP,BR-210,134,135,1,14/06/2022,"0,62742674","-51,6380393",,"68,75"
AP,BR-210,135,136,1,14/06/2022,"0,62742674","-51,6380393",,"76,25"
AP,BR-210,136,137,1,14/06/2022,"0,62917624","-51,6675657",,"66,25"
AP,BR-210,137,138,1,14/06/2022,"0,62917624","-51,6675657",,"68,75"
AP,BR-210,138,139,1,14/06/2022,"0,6203907","-51,6923437",,"61,25"
AP,BR-210,139,140,1,14/06/2022,"0,6203907","-51,6923437",,"56,25"
AP,BR-210,140,141,1,14/06/2022,"0,6203907","-51,6923437",,"63,75"
AP,BR-210,141,142,1,14/06/2022,"0,6203907","-51,6923437",,"68,75"
AP,BR-210,142,143,1,14/06/2022,"0,6203907","-51,6923437",,"68,75"
AP,BR-210,143,144,1,14/06/2022,"0,60047605","-51,7240061",,"72,5"
AP,BR-210,144,145,1,14/06/2022,"0,60047605","-51,7240061",,"72,5"
AP,BR-210,145,146,1,14/06/2022,"0,60047605","-51,7240061",,"72,5"
AP,BR-210,146,147,1,14/06/2022,"0,60047605","-51,7240061",,"72,5"
AP,BR-210,147,148,1,14/06/2022,"0,60047605","-51,7240061",,70
AP,BR-210,148,149,1,14/06/2022,"0,61404657","-51,7705576",,"68,75"
AP,BR-210,149,150,1,14/06/2022,"0,61944704","-51,7769561",,"76,25"
AP,BR-210,150,151,1,14/06/2022,"0,61944704","-51,7769561",,"73,75"
AP,BR-210,151,152,1,14/06/2022,"0,61944704","-51,7769561",,"76,25"
AP,BR-210,152,153,1,14/06/2022,"0,63660033","-51,8017933",,"68,75"
AP,BR-210,153,154,1,14/06/2022,"0,64205808","-51,8134691",,"68,75"
AP,BR-210,154,155,1,14/06/2022,"0,64205808","-51,8134691",,"73,75"
AP,BR-210,155,156,1,14/06/2022,"0,64205808","-51,8134691",,"68,75"
AP,BR-210,156,157,1,14/06/2022,"0,64644406","-51,8447425",,"63,75"
AP,BR-210,157,158,1,14/06/2022,"0,64644406","-51,8447425",,"66,25"
AP,BR-210,158,159,1,14/06/2022,"0,64644406","-51,8447425",,"63,75"
AP,BR-210,159,160,1,14/06/2022,"0,64644406","-51,8447425",,75
AP,BR-210,160,161,1,14/06/2022,"0,64644406","-51,8447425",,"77,5"
AP,BR-210,161,162,1,14/06/2022,"0,67639899","-51,8738212",,80
AP,BR-210,162,163,1,14/06/2022,"0,67639899","-51,8738212",,"56,25"
AP,BR-210,163,164,1,14/06/2022,"0,67639899","-51,8738212",,"58,75"
AP,BR-210,164,165,1,14/06/2022,"0,69744009","-51,8903129",,"66,25"
AP,BR-210,165,166,1,14/06/2022,"0,69744009","-51,8903129",,"73,75"
AP,BR-210,166,167,1,14/06/2022,"0,69744009","-51,8903129",,"58,75"
AP,BR-210,167,168,1,14/06/2022,"0,69744009","-51,8903129",,"73,75"
AP,BR-210,168,169,1,14/06/2022,"0,69744009","-51,8903129",,"51,25"
AP,BR-210,169,170,1,14/06/2022,"0,73240879","-51,9128611",,"58,75"
AP,BR-210,170,171,1,14/06/2022,"0,73240879","-51,9128611",,"67,5"
AP,BR-210,171,172,1,14/06/2022,"0,73240879","-51,9128611",,"67,5"
AP,BR-210,172,173,1,14/06/2022,"0,73240879","-51,9128611",,"73,75"
AP,BR-210,173,174,1,14/06/2022,"0,73240879","-51,9128611",,"66,25"
AP,BR-210,174,175,1,14/06/2022,"0,7708197","-51,9517765",,"68,75"
AP,BR-210,175,176,1,14/06/2022,"0,7708197","-51,9517765",,"76,25"
AP,BR-210,176,177,1,14/06/2022,"0,78060367","-51,9638019",,"76,25"
AP,BR-210,177,178,1,14/06/2022,"0,79173831","-51,9695749",,"68,75"
AP,BR-210,178,179,1,14/06/2022,"0,80279323","-51,9740121",,"66,25"
AP,BR-210,179,180,1,14/06/2022,"0,80279323","-51,9740121",,"66,25"
AP,BR-210,180,181,1,14/06/2022,"0,81039373","-51,9816685",,"63,75"
AP,BR-210,181,182,1,14/06/2022,"0,81039373","-51,9816685",,"63,75"
AP,BR-210,182,183,1,14/06/2022,"0,81039373","-51,9816685",,"68,75"
AP,BR-210,183,184,1,14/06/2022,"0,82400376","-51,9865906",,"66,25"
AP,BR-210,184,185,1,14/06/2022,"0,82400376","-51,9865906",,"66,25"
AP,BR-210,185,186,1,14/06/2022,"0,83031988","-51,9959285",,"68,75"
AP,BR-210,186,187,1,14/06/2022,"0,83031988","-51,9959285",,70
AP,BR-210,187,188,1,14/06/2022,"0,83031988","-51,9959285",,70
AP,BR-210,188,189,1,14/06/2022,"0,83031988","-51,9959285",,85
AP,BR-210,189,190,1,14/06/2022,"0,84482438","-52,0116396",,"76,25"
AP,BR-210,190,191,1,14/06/2022,"0,84527849","-52,0132717",,80
AP,BR-210,191,192,1,14/06/2022,"0,84527849","-52,0132717",,80
AP,BR-210,192,193,1,14/06/2022,"0,84527849","-52,0132717",,80
AP,BR-210,193,194,1,14/06/2022,"0,84527849","-52,0132717",,"57,5"
AP,BR-210,194,195,1,14/06/2022,"0,85525861","-52,0250007",,"67,5"
AP,BR-210,195,196,1,14/06/2022,"0,85525861","-52,0250007",,"72,5"
AP,BR-210,196,197,1,14/06/2022,"0,86019222","-52,0362349",,"68,75"
AP,BR-210,197,198,1,14/06/2022,"0,86019222","-52,0362349",,"68,75"
AP,BR-210,198,199,1,14/06/2022,"0,88091132","-52,0612971",,"68,75"
AP,BR-210,199,200,1,14/06/2022,"0,88091132","-52,0612971",,"68,75"
AP,BR-210,200,201,1,14/06/2022,"0,88091132","-52,0612971",,"72,5"
AP,BR-210,201,202,1,14/06/2022,"0,88091132","-52,0612971",,"76,25"
AP,BR-210,202,203,1,14/06/2022,"0,89537607","-52,0869258",,"68,75"
AP,BR-210,203,204,1,14/06/2022,"0,89537607","-52,0869258",,"58,75"
AP,BR-210,204,205,1,14/06/2022,"0,89537607","-52,0869258",,"68,75"
AP,BR-210,205,206,1,14/06/2022,"0,89537607","-52,0869258",,"61,25"
AP,BR-210,206,207,1,14/06/2022,"0,89537607","-52,0869258",,"61,25"
AP,BR-210,207,208,1,14/06/2022,"0,89537607","-52,0869258",,"61,25"
AP,BR-210,208,209,1,14/06/2022,"0,91915181","-52,1269597",,60
AP,BR-210,209,210,1,14/06/2022,"0,91915181","-52,1269597",,"67,5"
AP,BR-210,210,211,1,14/06/2022,"0,91915181","-52,1269597",,"67,5"
AP,BR-210,211,212,1,14/06/2022,"0,91915181","-52,1269597",,"67,5"
AP,BR-210,212,213,1,14/06/2022,"0,92912972","-52,1629902",,75
AP,BR-210,213,214,1,14/06/2022,"0,92912972","-52,1629902",,60
AP,BR-210,214,215,1,14/06/2022,"0,92912972","-52,1629902",,60
AP,BR-210,215,216,1,14/06/2022,"0,92912972","-52,1629902",,"61,25"
AP,BR-210,216,217,1,14/06/2022,"0,94754932","-52,1868709",,"61,25"
AP,BR-210,217,218,1,14/06/2022,"0,94754932","-52,1868709",,"61,25"
AP,BR-210,218,219,1,14/06/2022,"0,94754932","-52,1868709",,75
AP,BR-210,219,220,1,14/06/2022,"0,97259127","-52,1745522",,"67,5"
AP,BR-210,220,221,1,14/06/2022,"0,97259127","-52,1745522",,60
AP,BR-210,221,222,1,14/06/2022,"0,97259127","-52,1745522",,"68,75"
AP,BR-210,222,223,1,14/06/2022,"0,97259127","-52,1745522",,"61,25"
AP,BR-210,223,224,1,14/06/2022,"0,97259127","-52,1745522",,"68,75"
AP,BR-210,224,225,1,14/06/2022,"0,97259127","-52,1745522",,"68,75"
AP,BR-210,225,226,1,14/06/2022,"0,97259127","-52,1745522",,"61,25"
AP,BR-210,226,227,1,14/06/2022,"0,97259127","-52,1745522",,"61,25"
AP,BR-210,227,228,1,14/06/2022,"0,97259127","-52,1745522",,"61,25"
AP,BR-210,228,229,1,14/06/2022,"1,01453929","-52,2418568",,"61,25"
AP,BR-210,229,230,1,14/06/2022,"1,01453929","-52,2418568",,"61,25"
AP,BR-210,230,231,1,14/06/2022,"1,01453929","-52,2418568",,"68,75"
AP,BR-210,231,232,1,14/06/2022,"1,02324013","-52,2702365",,"71,25"
AP,BR-210,232,233,1,14/06/2022,"1,02672523","-52,2722054",,"63,75"
AP,BR-210,233,234,1,14/06/2022,"1,02672523","-52,2722054",,60
AP,BR-210,234,235,1,14/06/2022,"1,02672523","-52,2722054",,60
AP,BR-210,235,236,1,14/06/2022,"1,05190893","-52,2991203",,75
AP,BR-210,236,237,1,14/06/2022,"1,05195804","-52,2991658",,"78,75"
AP,BR-210,237,238,1,14/06/2022,"1,05398286","-52,3059108",,60
AP,BR-210,238,239,1,14/06/2022,"1,05398286","-52,3059108",,60
AP,BR-210,239,240,1,14/06/2022,"1,05398286","-52,3059108",,60
AP,BR-210,240,241,1,14/06/2022,"1,05398286","-52,3059108",,"67,5"
AP,BR-210,241,242,1,14/06/2022,"1,05398286","-52,3059108",,60
AP,BR-210,242,243,1,14/06/2022,"1,07869561","-52,3377221",,60
AP,BR-210,243,244,1,14/06/2022,"1,07869561","-52,3377221",,75
AP,BR-210,244,245,1,14/06/2022,"1,07869561","-52,3377221",,60
AP,BR-210,245,246,1,14/06/2022,"1,07869561","-52,3377221",,60
AP,BR-210,246,247,1,14/06/2022,"1,07869561","-52,3377221",,60
AP,BR-210,247,248,1,14/06/2022,"1,07869561","-52,3377221",,"57,5"
AP,BR-210,248,249,1,14/06/2022,"1,07869561","-52,3377221",,"57,5"
AP,BR-210,249,250,1,14/06/2022,"1,07869561","-52,3377221",,"57,5"
AP,BR-210,250,251,1,14/06/2022,"1,07869561","-52,3377221",,"57,5"
AP,BR-210,251,252,1,14/06/2022,"1,07869561","-52,3377221",,"57,5"
AP,BR-210,252,253,1,14/06/2022,"1,1039222","-52,424878",,"57,5"
AP,BR-210,253,254,1,14/06/2022,"1,1039222","-52,424878",,"57,5"
AP,BR-210,254,255,1,14/06/2022,"1,1039222","-52,424878",,65
AP,BR-210,255,256,1,14/06/2022,"1,1039222","-52,424878",,65
AP,BR-210,256,257,1,14/06/2022,"1,0967631","-52,4574711",,65
AP,BR-210,257,258,1,14/06/2022,"1,0967631","-52,4574711",,"72,5"
AP,BR-210,258,259,1,14/06/2022,"1,0967631","-52,4574711",,"72,5"
AP,BR-210,259,260,1,14/06/2022,"1,0967631","-52,4574711",,65
AP,BR-210,260,261,1,14/06/2022,"1,07020982","-52,4874202",,65
AP,BR-210,261,262,1,14/06/2022,"1,07020982","-52,4874202",,"57,5"
AM,BR-319,"513,8",512,"1,8",14/06/2022,"-6,56369873","-62,9460277",,25
AM,BR-319,512,511,1,14/06/2022,"-6,56369873","-62,9460277",,"52,5"
AM,BR-319,511,510,1,14/06/2022,"-6,56369873","-62,9460277",,"63,75"
AM,BR-319,510,509,1,14/06/2022,"-6,56369873","-62,9460277",,65
AM,BR-319,509,508,1,14/06/2022,"-6,56369873","-62,9460277",,65
AM,BR-319,508,507,1,14/06/2022,"-6,56369873","-62,9460277",,"77,5"
AM,BR-319,507,506,1,14/06/2022,"-6,56369873","-62,9460277",,"81,25"
AM,BR-319,506,505,1,14/06/2022,"-6,56369873","-62,9460277",,80
AM,BR-319,505,504,1,14/06/2022,"-6,56369873","-62,9460277",,"76,25"
AM,BR-319,504,503,1,14/06/2022,"-6,56369873","-62,9460277",,"73,75"
AM,BR-319,503,502,1,14/06/2022,"-6,56369873","-62,9460277",,"77,5"
AM,BR-319,502,501,1,14/06/2022,"-7,5190322","-63,0368472",,"73,75"
AM,BR-319,501,500,1,14/06/2022,"-7,5190322","-63,0368472",,65
AM,BR-319,500,499,1,14/06/2022,"-7,5190322","-63,0368472",,"32,5"
AM,BR-319,499,498,1,14/06/2022,"-7,5190322","-63,0368472",,"62,5"
AM,BR-319,498,497,1,14/06/2022,"-7,5190322","-63,0368472",,"77,5"
AM,BR-319,497,496,1,14/06/2022,"-7,5190322","-63,0368472",,"67,5"
AM,BR-319,496,495,1,14/06/2022,"-7,5190322","-63,0368472",,60
AM,BR-319,495,494,1,14/06/2022,"-7,5190322","-63,0368472",,"71,25"
AM,BR-319,494,493,1,14/06/2022,"-7,5190322","-63,0368472",,75
AM,BR-319,493,492,1,14/06/2022,"-7,5190322","-63,0368472",,90
AM,BR-319,492,491,1,14/06/2022,"-7,5190322","-63,0368472",,80
AM,BR-319,491,490,1,14/06/2022,"-7,5190322","-63,0368472",,"71,25"
AM,BR-319,490,489,1,14/06/2022,"-7,5190322","-63,0368472",,80
AM,BR-319,489,488,1,14/06/2022,"-7,5190322","-63,0368472",,75
AM,BR-319,488,487,1,14/06/2022,"-7,5190322","-63,0368472",,60
AM,BR-319,487,486,1,14/06/2022,"-7,5190322","-63,0368472",,"73,75"
AM,BR-319,486,485,1,14/06/2022,"-7,5190322","-63,0368472",,"77,5"
AM,BR-319,485,484,1,14/06/2022,"-7,5190322","-63,0368472",,80
AM,BR-319,484,483,1,14/06/2022,"-7,5190322","-63,0368472",,75
AM,BR-319,483,482,1,14/06/2022,"-7,5190322","-63,0368472",,80
AM,BR-319,482,481,1,14/06/2022,"-7,5190322","-63,0368472",,"87,5"
AM,BR-319,481,480,1,14/06/2022,"-7,5190322","-63,0368472",,"77,5"
AM,BR-319,480,479,1,14/06/2022,"-7,5190322","-63,0368472",,80
AM,BR-319,479,478,1,14/06/2022,"-7,5190322","-63,0368472",,80
AM,BR-319,478,477,1,14/06/2022,"-7,5190322","-63,0368472",,80
AM,BR-319,477,476,1,14/06/2022,"-7,5190322","-63,0368472",,70
AM,BR-319,476,475,1,14/06/2022,"-7,5190322","-63,0368472",,"78,75"
AM,BR-319,475,474,1,14/06/2022,"-7,5190322","-63,0368472",,"78,75"
AM,BR-319,474,473,1,14/06/2022,"-7,5190322","-63,0368472",,"78,75"
AM,BR-319,473,472,1,14/06/2022,"-7,5190322","-63,0368472",,80
AM,BR-319,472,471,1,14/06/2022,"-6,0965249","-62,5668464",,"77,5"
AM,BR-319,471,470,1,14/06/2022,"-6,0965249","-62,5668464",,85
AM,BR-319,470,469,1,14/06/2022,"-6,0965249","-62,5668464",,85
AM,BR-319,469,468,1,14/06/2022,"-6,0965249","-62,5668464",,85
AM,BR-319,468,467,1,14/06/2022,"-6,0965249","-62,5668464",,"78,75"
AM,BR-319,467,466,1,14/06/2022,"-6,0965249","-62,5668464",,"78,75"
AM,BR-319,466,465,1,14/06/2022,"-6,0965249","-62,5668464",,75
AM,BR-319,465,464,1,14/06/2022,"-6,0965249","-62,5668464",,80
AM,BR-319,464,463,1,14/06/2022,"-6,0965249","-62,5668464",,60
AM,BR-319,463,462,1,14/06/2022,"-6,0965249","-62,5668464",,"86,25"
AM,BR-319,462,461,1,14/06/2022,"-6,0965249","-62,5668464",,"87,5"
AM,BR-319,461,460,1,14/06/2022,"-6,0965249","-62,5668464",,"73,75"
AM,BR-319,460,459,1,14/06/2022,"-6,0965249","-62,5668464",,"77,5"
AM,BR-319,459,458,1,14/06/2022,"-6,0965249","-62,5668464",,"72,5"
AM,BR-319,458,457,1,14/06/2022,"-6,0965249","-62,5668464",,"86,25"
AM,BR-319,457,456,1,14/06/2022,"-6,0965249","-62,5668464",,"58,75"
AM,BR-319,456,455,1,14/06/2022,"-6,0965249","-62,5668464",,"81,25"
AM,BR-319,455,454,1,14/06/2022,"-7,5190322","-63,0368472",,"77,5"
AM,BR-319,454,453,1,14/06/2022,"-7,5190322","-63,0368472",,"82,5"
AM,BR-319,453,452,1,14/06/2022,"-7,5190322","-63,0368472",,75
AM,BR-319,452,451,1,14/06/2022,"-7,5190322","-63,0368472",,"82,5"
AM,BR-319,451,450,1,14/06/2022,"-7,5190322","-63,0368472",,80
AM,BR-319,450,449,1,14/06/2022,"-7,5190322","-63,0368472",,80
AM,BR-319,449,448,1,14/06/2022,"-7,5190322","-63,0368472",,75
AM,BR-319,448,447,1,14/06/2022,"-7,5190322","-63,0368472",,80
AM,BR-319,447,446,1,14/06/2022,"-7,5190322","-63,0368472",,"67,5"
AM,BR-319,446,445,1,14/06/2022,"-7,5190322","-63,0368472",,"71,25"
AM,BR-319,445,444,1,14/06/2022,"-7,5190322","-63,0368472",,80
AM,BR-319,444,443,1,14/06/2022,"-7,5190322","-63,0368472",,"82,5"
AM,BR-319,443,442,1,14/06/2022,"-7,5190322","-63,0368472",,"87,5"
AM,BR-319,442,441,1,14/06/2022,"-7,5190322","-63,0368472",,75
AM,BR-319,441,440,1,14/06/2022,"-7,5190322","-63,0368472",,"72,5"
AM,BR-319,440,439,1,14/06/2022,"-7,5190322","-63,0368472",,"72,5"
AM,BR-319,439,438,1,14/06/2022,"-7,5190322","-63,0368472",,"72,5"
AM,BR-319,438,437,1,14/06/2022,"-7,5190322","-63,0368472",,"82,5"
AM,BR-319,437,436,1,14/06/2022,"-7,5190322","-63,0368472",,80
AM,BR-319,436,435,1,14/06/2022,"-7,5190322","-63,0368472",,"72,5"
AM,BR-319,435,434,1,14/06/2022,"-7,5190322","-63,0368472",,80
AM,BR-319,434,"433,1","0,9",14/06/2022,"-7,5190322","-63,0368472",,"57,5"
AM,BR-319,"589,4",590,"0,6",15/06/2022,"-6,9762198","-63,0960399",,45
AM,BR-319,590,591,1,15/06/2022,"-6,9762198","-63,0960399",,65
AM,BR-319,591,592,1,15/06/2022,"-6,9917024","-63,1000908",,"27,5"
AM,BR-319,592,593,1,15/06/2022,"-7,0046677","-63,1005516",,"57,5"
AM,BR-319,593,594,1,15/06/2022,"-7,0046677","-63,1005516",,"52,5"
AM,BR-319,594,595,1,15/06/2022,"-7,0046677","-63,1005516",,"47,5"
AM,BR-319,595,596,1,15/06/2022,"-7,0046677","-63,1005516",,"53,75"
AM,BR-319,596,597,1,15/06/2022,"-7,0046677","-63,1005516",,60
AM,BR-319,597,598,1,15/06/2022,"-7,0046677","-63,1005516",,75
AM,BR-319,598,599,1,15/06/2022,"-7,0046677","-63,1005516",,75
AM,BR-319,599,600,1,15/06/2022,"-7,0046677","-63,1005516",,80
AM,BR-319,600,601,1,15/06/2022,"-7,5191742","-63,037018",,80
AM,BR-319,601,602,1,15/06/2022,"-7,5191742","-63,037018",,75
AM,BR-319,602,603,1,15/06/2022,"-7,5191742","-63,037018",,80
AM,BR-319,603,604,1,15/06/2022,"-7,5191742","-63,037018",,75
AM,BR-319,604,605,1,15/06/2022,"-7,5191742","-63,037018",,"72,5"
AM,BR-319,605,606,1,15/06/2022,"-7,5191742","-63,037018",,"47,5"
AM,BR-319,606,607,1,15/06/2022,"-7,5191742","-63,037018",,65
AM,BR-319,607,608,1,15/06/2022,"-7,5191742","-63,037018",,60
AM,BR-319,608,609,1,15/06/2022,"-7,5191742","-63,037018",,"87,5"
AM,BR-319,609,610,1,15/06/2022,"-7,5191742","-63,037018",,75
AM,BR-319,610,611,1,15/06/2022,"-7,5191742","-63,037018",,"82,5"
AM,BR-319,611,612,1,15/06/2022,"-7,5191742","-63,037018",,75
AM,BR-319,612,613,1,15/06/2022,"-7,5191742","-63,037018",,"67,5"
AM,BR-319,613,614,1,15/06/2022,"-7,5191742","-63,037018",,"78,75"
AM,BR-319,614,615,1,15/06/2022,"-7,5191742","-63,037018",,"82,5"
AM,BR-319,615,616,1,15/06/2022,"-7,5191742","-63,037018",,75
AM,BR-319,616,617,1,15/06/2022,"-7,5191742","-63,037018",,75
AM,BR-319,617,618,1,15/06/2022,"-7,5191742","-63,037018",,75
AM,BR-319,618,619,1,15/06/2022,"-7,5191742","-63,037018",,80
AM,BR-319,619,620,1,15/06/2022,"-7,5191742","-63,037018",,"78,75"
AM,BR-319,620,621,1,15/06/2022,"-7,5191742","-63,037018",,75
AM,BR-319,621,622,1,15/06/2022,"-7,5191742","-63,037018",,"68,75"
AM,BR-319,622,623,1,15/06/2022,"-7,5191742","-63,037018",,45
AM,BR-319,623,624,1,15/06/2022,"-6,30388178","-62,7586312",,45
AM,BR-319,624,625,1,15/06/2022,"-6,30388178","-62,7586312",,50
AM,BR-319,625,626,1,15/06/2022,"-6,30388178","-62,7586312",,"46,25"
AM,BR-319,626,627,1,15/06/2022,"-6,30388178","-62,7586312",,45
AM,BR-319,627,628,1,15/06/2022,"-6,30388178","-62,7586312",,45
AM,BR-319,628,629,1,15/06/2022,"-7,5190322","-63,0368472",,50
AM,BR-319,629,630,1,15/06/2022,"-7,5190322","-63,0368472",,45
AM,BR-319,630,"631,7","1,7",15/06/2022,"-7,5190322","-63,0368472",,45
AM,BR-319,"513,8",514,"0,2",15/06/2022,"-6,3040956","-62,7585666",,"77,5"
AM,BR-319,514,515,1,15/06/2022,"-7,5190322","-63,0368472",,"78,75"
AM,BR-319,515,516,1,15/06/2022,"-7,5190322","-63,0368472",,"76,25"
AM,BR-319,516,517,1,15/06/2022,"-7,5190322","-63,0368472",,"72,5"
AM,BR-319,517,518,1,15/06/2022,"-7,5190322","-63,0368472",,"72,5"
AM,BR-319,518,519,1,15/06/2022,"-7,5190322","-63,0368472",,"71,25"
AM,BR-319,519,520,1,15/06/2022,"-7,5190322","-63,0368472",,80
AM,BR-319,520,521,1,15/06/2022,"-7,5190322","-63,0368472",,"72,5"
AM,BR-319,521,522,1,15/06/2022,"-7,5190322","-63,0368472",,"71,25"
AM,BR-319,522,523,1,15/06/2022,"-7,5190322","-63,0368472",,"78,75"
AM,BR-319,523,524,1,15/06/2022,"-7,5190322","-63,0368472",,80
AM,BR-319,524,525,1,15/06/2022,"-7,5190322","-63,0368472",,"71,25"
AM,BR-319,525,526,1,15/06/2022,"-7,5190322","-63,0368472",,80
AM,BR-319,526,527,1,15/06/2022,"-7,5190322","-63,0368472",,80
AM,BR-319,527,528,1,15/06/2022,"-7,5190322","-63,0368472",,80
AM,BR-319,528,529,1,15/06/2022,"-7,5190322","-63,0368472",,80
AM,BR-319,529,530,1,15/06/2022,"-7,5190322","-63,0368472",,"72,5"
AM,BR-319,530,531,1,15/06/2022,"-7,5190322","-63,0368472",,75
AM,BR-319,531,532,1,15/06/2022,"-7,5190322","-63,0368472",,80
AM,BR-319,532,533,1,15/06/2022,"-7,5190322","-63,0368472",,"67,5"
AM,BR-319,533,534,1,15/06/2022,"-7,5190322","-63,0368472",,"67,5"
AM,BR-319,534,535,1,15/06/2022,"-7,5190322","-63,0368472",,"83,75"
AM,BR-319,535,536,1,15/06/2022,"-7,5190322","-63,0368472",,"72,5"
AM,BR-319,536,537,1,15/06/2022,"-7,5190322","-63,0368472",,75
AM,BR-319,537,538,1,15/06/2022,"-7,5190322","-63,0368472",,75
AM,BR-319,538,539,1,15/06/2022,"-7,5190322","-63,0368472",,"67,5"
AM,BR-319,539,540,1,15/06/2022,"-7,5190322","-63,0368472",,"67,5"
AM,BR-319,540,541,1,15/06/2022,"-7,5190322","-63,0368472",,"72,5"
AM,BR-319,541,542,1,15/06/2022,"-7,5190322","-63,0368472",,"67,5"
AM,BR-319,542,543,1,15/06/2022,"-7,5190322","-63,0368472",,"67,5"
AM,BR-319,543,544,1,15/06/2022,"-7,5190322","-63,0368472",,"67,5"
AM,BR-319,544,545,1,15/06/2022,"-7,5190322","-63,0368472",,75
AM,BR-319,545,546,1,15/06/2022,"-7,5190322","-63,0368472",,"76,25"
AM,BR-319,546,547,1,15/06/2022,"-7,5190322","-63,0368472",,"83,75"
AM,BR-319,547,548,1,15/06/2022,"-7,5190322","-63,0368472",,"83,75"
AM,BR-319,548,549,1,15/06/2022,"-7,5190322","-63,0368472",,"72,5"
AM,BR-319,549,550,1,15/06/2022,"-7,5190322","-63,0368472",,"67,5"
AM,BR-319,550,551,1,15/06/2022,"-7,5190322","-63,0368472",,75
AM,BR-319,551,552,1,15/06/2022,"-7,5190322","-63,0368472",,"78,75"
AM,BR-319,552,553,1,15/06/2022,"-7,5190322","-63,0368472",,"67,5"
AM,BR-319,553,554,1,15/06/2022,"-7,5190322","-63,0368472",,"72,5"
AM,BR-319,554,555,1,15/06/2022,"-7,5190322","-63,0368472",,"87,5"
AM,BR-319,555,556,1,15/06/2022,"-7,5190322","-63,0368472",,75
AM,BR-319,556,557,1,15/06/2022,"-7,5190322","-63,0368472",,"83,75"
AM,BR-319,557,558,1,15/06/2022,"-7,5190322","-63,0368472",,"78,75"
AM,BR-319,558,559,1,15/06/2022,"-7,5190322","-63,0368472",,"87,5"
AM,BR-319,559,560,1,15/06/2022,"-7,5190322","-63,0368472",,"87,5"
AM,BR-319,560,561,1,15/06/2022,"-7,5190322","-63,0368472",,80
AM,BR-319,561,562,1,15/06/2022,"-7,5190322","-63,0368472",,"82,5"
AM,BR-319,562,563,1,15/06/2022,"-7,5190322","-63,0368472",,75
AM,BR-319,563,564,1,15/06/2022,"-7,5190322","-63,0368472",,"67,5"
AM,BR-319,564,565,1,15/06/2022,"-7,5190322","-63,0368472",,"72,5"
AM,BR-319,565,566,1,15/06/2022,"-7,5190322","-63,0368472",,80
AM,BR-319,566,567,1,15/06/2022,"-7,5190322","-63,0368472",,75
AM,BR-319,567,568,1,15/06/2022,"-7,5190322","-63,0368472",,75
AM,BR-319,568,569,1,15/06/2022,"-7,5190322","-63,0368472",,75
AM,BR-319,569,570,1,15/06/2022,"-7,5190322","-63,0368472",,"67,5"
AM,BR-319,570,571,1,15/06/2022,"-7,5190322","-63,0368472",,"67,5"
AM,BR-319,571,572,1,15/06/2022,"-7,5190322","-63,0368472",,"72,5"
AM,BR-319,572,573,1,15/06/2022,"-7,5190322","-63,0368472",,75
AM,BR-319,573,574,1,15/06/2022,"-7,5190322","-63,0368472",,"72,5"
AM,BR-319,574,575,1,15/06/2022,"-7,5190322","-63,0368472",,80
AM,BR-319,575,576,1,15/06/2022,"-7,5190322","-63,0368472",,75
AM,BR-319,576,577,1,15/06/2022,"-7,5190322","-63,0368472",,75
AM,BR-319,577,578,1,15/06/2022,"-7,5190322","-63,0368472",,"67,5"
AM,BR-319,578,579,1,15/06/2022,"-7,5190322","-63,0368472",,"67,5"
AM,BR-319,579,580,1,15/06/2022,"-7,5190322","-63,0368472",,"78,75"
AM,BR-319,580,581,1,15/06/2022,"-7,5190322","-63,0368472",,"67,5"
AM,BR-319,581,582,1,15/06/2022,"-7,5190322","-63,0368472",,75
AM,BR-319,582,583,1,15/06/2022,"-7,5190322","-63,0368472",,75
AM,BR-319,583,584,1,15/06/2022,"-7,5190322","-63,0368472",,"72,5"
AM,BR-319,584,585,1,15/06/2022,"-6,9471983","-63,0855105",,"72,5"
AM,BR-319,585,586,1,15/06/2022,"-6,9471983","-63,0855105",,80
AM,BR-319,586,587,1,15/06/2022,"-6,9732008","-63,0949231",,"67,5"
AM,BR-319,587,588,1,15/06/2022,"-6,9738382","-63,0951292",,"67,5"
AM,BR-319,588,"589,4","1,4",15/06/2022,"-6,9823725","-63,0978779",,"67,5"
AM,BR-230,"609,2",608,"1,2",11/06/2022,"-7,51943828","-63,0297829",,"77,5"
AM,BR-230,608,607,1,11/06/2022,"-7,51943828","-63,0297829",,"77,5"
AM,BR-230,607,606,1,11/06/2022,"-7,51943828","-63,0297829",,"91,25"
AM,BR-230,606,605,1,11/06/2022,"-7,51943828","-63,0297829",,"81,25"
AM,BR-230,605,604,1,11/06/2022,"-7,51943828","-63,0297829",,85
AM,BR-230,604,603,1,11/06/2022,"-7,51943828","-63,0297829",,"77,5"
AM,BR-230,603,602,1,11/06/2022,"-7,51943828","-63,0297829",,85
AM,BR-230,602,601,1,11/06/2022,"-7,51943828","-63,0297829",,"87,5"
AM,BR-230,601,600,1,11/06/2022,"-7,51943828","-63,0297829",,"83,75"
AM,BR-230,600,599,1,11/06/2022,"-7,51943828","-63,0297829",,"88,75"
AM,BR-230,599,598,1,11/06/2022,"-7,51943828","-63,0297829",,"91,25"
AM,BR-230,598,597,1,11/06/2022,"-7,51943828","-63,0297829",,"81,25"
AM,BR-230,597,596,1,11/06/2022,"-7,51943828","-63,0297829",,"91,25"
AM,BR-230,596,595,1,11/06/2022,"-7,51943828","-63,0297829",,95
AM,BR-230,595,594,1,11/06/2022,"-7,51943828","-63,0297829",,95
AM,BR-230,594,593,1,11/06/2022,"-7,51943828","-63,0297829",,95
AM,BR-230,593,592,1,11/06/2022,"-7,51943828","-63,0297829",,95
AM,BR-230,592,591,1,11/06/2022,"-7,51943828","-63,0297829",,"91,25"
AM,BR-230,591,590,1,11/06/2022,"-7,51943828","-63,0297829",,85
AM,BR-230,590,589,1,11/06/2022,"-7,51943828","-63,0297829",,85
AM,BR-230,589,588,1,11/06/2022,"-7,51943828","-63,0297829",,"81,25"
AM,BR-230,588,587,1,11/06/2022,"-7,51943828","-63,0297829",,"81,25"
AM,BR-230,587,586,1,11/06/2022,"-7,51943828","-63,0297829",,"88,75"
AM,BR-230,586,585,1,11/06/2022,"-7,51943828","-63,0297829",,"81,25"
AM,BR-230,585,584,1,11/06/2022,"-7,51943828","-63,0297829",,85
AM,BR-230,584,583,1,11/06/2022,"-7,51943828","-63,0297829",,"81,25"
AM,BR-230,583,582,1,11/06/2022,"-7,51943828","-63,0297829",,"73,75"
AM,BR-230,582,581,1,11/06/2022,"-7,51943828","-63,0297829",,75
AM,BR-230,581,580,1,11/06/2022,"-7,51943828","-63,0297829",,"62,5"
AM,BR-230,580,579,1,11/06/2022,"-7,51943828","-63,0297829",,"63,75"
AM,BR-230,579,578,1,11/06/2022,"-7,51943828","-63,0297829",,"68,75"
AM,BR-230,578,577,1,11/06/2022,"-7,51943828","-63,0297829",,75
AM,BR-230,577,576,1,11/06/2022,"-7,51943828","-63,0297829",,"77,5"
AM,BR-230,576,575,1,11/06/2022,"-7,51943828","-63,0297829",,"77,5"
AM,BR-230,575,574,1,11/06/2022,"-7,51943828","-63,0297829",,"71,25"
AM,BR-230,574,573,1,11/06/2022,"-7,51943828","-63,0297829",,"71,25"
AM,BR-230,573,572,1,11/06/2022,"-7,51943828","-63,0297829",,"71,25"
AM,BR-230,572,571,1,11/06/2022,"-7,51943828","-63,0297829",,"82,5"
AM,BR-230,571,570,1,11/06/2022,"-7,51943828","-63,0297829",,75
AM,BR-230,570,569,1,11/06/2022,"-7,51943828","-63,0297829",,"82,5"
AM,BR-230,569,568,1,11/06/2022,"-7,51943828","-63,0297829",,"77,5"
AM,BR-230,568,567,1,11/06/2022,"-7,51943828","-63,0297829",,75
AM,BR-230,567,566,1,11/06/2022,"-7,51943828","-63,0297829",,"86,25"
AM,BR-230,566,565,1,11/06/2022,"-7,51943828","-63,0297829",,"83,75"
AM,BR-230,565,564,1,11/06/2022,"-7,51943828","-63,0297829",,"76,25"
AM,BR-230,564,563,1,11/06/2022,"-7,51943828","-63,0297829",,75
AM,BR-230,563,562,1,11/06/2022,"-7,51943828","-63,0297829",,75
AM,BR-230,562,561,1,11/06/2022,"-7,51943828","-63,0297829",,"86,25"
AM,BR-230,561,560,1,11/06/2022,"-7,51943828","-63,0297829",,"86,25"
AM,BR-230,560,559,1,11/06/2022,"-7,51943828","-63,0297829",,"86,25"
AM,BR-230,559,558,1,11/06/2022,"-7,51943828","-63,0297829",,"86,25"
AM,BR-230,558,557,1,11/06/2022,"-7,51943828","-63,0297829",,"82,5"
AM,BR-230,557,556,1,11/06/2022,"-7,51943828","-63,0297829",,"86,25"
AM,BR-230,556,555,1,11/06/2022,"-7,51943828","-63,0297829",,"82,5"
AM,BR-230,555,554,1,11/06/2022,"-7,51943828","-63,0297829",,75
AM,BR-230,554,553,1,11/06/2022,"-7,51943828","-63,0297829",,"92,5"
AM,BR-230,553,552,1,11/06/2022,"-7,51943828","-63,0297829",,"92,5"
AM,BR-230,552,551,1,11/06/2022,"-7,51943828","-63,0297829",,"86,25"
AM,BR-230,551,550,1,11/06/2022,"-7,51943828","-63,0297829",,"88,75"
AM,BR-230,550,549,1,11/06/2022,"-7,51943828","-63,0297829",,75
AM,BR-230,549,548,1,11/06/2022,"-7,51943828","-63,0297829",,"77,5"
AM,BR-230,548,547,1,11/06/2022,"-7,51943828","-63,0297829",,"86,25"
AM,BR-230,547,546,1,11/06/2022,"-7,51943828","-63,0297829",,90
AM,BR-230,546,545,1,11/06/2022,"-7,51943828","-63,0297829",,"86,25"
AM,BR-230,545,544,1,11/06/2022,"-7,51943828","-63,0297829",,"82,5"
AM,BR-230,544,543,1,11/06/2022,"-7,51943828","-63,0297829",,50
AM,BR-230,543,542,1,11/06/2022,"-7,51943828","-63,0297829",,40
AM,BR-230,542,541,1,11/06/2022,"-7,51943828","-63,0297829",,65
AM,BR-230,541,540,1,11/06/2022,"-7,51943828","-63,0297829",,"86,25"
AM,BR-230,540,539,1,11/06/2022,"-7,51943828","-63,0297829",,"91,25"
AM,BR-230,539,538,1,11/06/2022,"-7,51943828","-63,0297829",,"58,75"
AM,BR-230,538,537,1,11/06/2022,"-7,51943828","-63,0297829",,"53,75"
AM,BR-230,537,536,1,11/06/2022,"-7,51943828","-63,0297829",,"66,25"
AM,BR-230,536,535,1,11/06/2022,"-7,51943828","-63,0297829",,"58,75"
AM,BR-230,535,534,1,11/06/2022,"-7,51943828","-63,0297829",,"67,5"
AM,BR-230,534,533,1,11/06/2022,"-7,51943828","-63,0297829",,"66,25"
AM,BR-230,533,532,1,11/06/2022,"-7,51943828","-63,0297829",,"73,75"
AM,BR-230,532,531,1,11/06/2022,"-7,51943828","-63,0297829",,"68,75"
AM,BR-230,531,530,1,11/06/2022,"-7,51943828","-63,0297829",,"82,5"
AM,BR-230,530,529,1,11/06/2022,"-7,51943828","-63,0297829",,"83,75"
AM,BR-230,529,528,1,11/06/2022,"-7,51943828","-63,0297829",,"82,5"
AM,BR-230,528,527,1,11/06/2022,"-7,51943828","-63,0297829",,90
AM,BR-230,527,526,1,11/06/2022,"-7,51943828","-63,0297829",,"86,25"
AM,BR-230,526,525,1,11/06/2022,"-7,51943828","-63,0297829",,"87,5"
AM,BR-230,525,524,1,11/06/2022,"-7,51943828","-63,0297829",,"72,5"
AM,BR-230,524,523,1,11/06/2022,"-7,51943828","-63,0297829",,"72,5"
AM,BR-230,523,522,1,11/06/2022,"-7,51943828","-63,0297829",,65
AM,BR-230,522,521,1,11/06/2022,"-7,51943828","-63,0297829",,65
AM,BR-230,521,520,1,11/06/2022,"-7,51943828","-63,0297829",,"53,75"
AM,BR-230,520,519,1,11/06/2022,"-7,51943828","-63,0297829",,45
AM,BR-230,519,518,1,11/06/2022,"-7,51943828","-63,0297829",,"53,75"
AM,BR-230,518,517,1,11/06/2022,"-7,51943828","-63,0297829",,"51,25"
AM,BR-230,517,"516,3","0,7",11/06/2022,"-7,51943828","-63,0297829",,"58,75"
AM,BR-230,"516,3",515,"1,3",11/06/2022,"-7,51943828","-63,0297829",,"63,75"
AM,BR-230,515,514,1,11/06/2022,"-7,51943828","-63,0297829",,"46,25"
AM,BR-230,514,513,1,11/06/2022,"-7,51943828","-63,0297829",,"62,5"
AM,BR-230,513,512,1,11/06/2022,"-7,51943828","-63,0297829",,"46,25"
AM,BR-230,512,511,1,11/06/2022,"-7,51943828","-63,0297829",,"61,25"
AM,BR-230,511,510,1,11/06/2022,"-7,51943828","-63,0297829",,"62,5"
AM,BR-230,510,509,1,11/06/2022,"-7,51943828","-63,0297829",,"66,25"
AM,BR-230,509,508,1,11/06/2022,"-7,51943828","-63,0297829",,"62,5"
AM,BR-230,508,507,1,11/06/2022,"-7,51943828","-63,0297829",,"63,75"
AM,BR-230,507,506,1,11/06/2022,"-7,51943828","-63,0297829",,55
AM,BR-230,506,505,1,11/06/2022,"-7,51943828","-63,0297829",,"72,5"
AM,BR-230,505,504,1,11/06/2022,"-7,51943828","-63,0297829",,70
AM,BR-230,504,503,1,11/06/2022,"-7,51943828","-63,0297829",,"67,5"
AM,BR-230,503,502,1,11/06/2022,"-7,51943828","-63,0297829",,75
AM,BR-230,502,501,1,11/06/2022,"-7,51943828","-63,0297829",,"56,25"
AM,BR-230,501,500,1,11/06/2022,"-7,51943828","-63,0297829",,"58,75"
AM,BR-230,500,499,1,11/06/2022,"-7,51943828","-63,0297829",,"62,5"
AM,BR-230,499,498,1,11/06/2022,"-7,51943828","-63,0297829",,"58,75"
AM,BR-230,498,497,1,11/06/2022,"-7,51943828","-63,0297829",,"48,75"
AM,BR-230,497,496,1,11/06/2022,"-7,51943828","-63,0297829",,"52,5"
AM,BR-230,496,495,1,11/06/2022,"-7,51943828","-63,0297829",,"56,25"
AM,BR-230,495,494,1,11/06/2022,"-7,51943828","-63,0297829",,"57,5"
AM,BR-230,494,493,1,11/06/2022,"-7,51943828","-63,0297829",,"66,25"
AM,BR-230,493,492,1,11/06/2022,"-7,51943828","-63,0297829",,50
AM,BR-230,492,491,1,11/06/2022,"-7,51943828","-63,0297829",,60
AM,BR-230,491,490,1,11/06/2022,"-7,51943828","-63,0297829",,"66,25"
AM,BR-230,490,489,1,11/06/2022,"-7,51943828","-63,0297829",,"41,25"
AM,BR-230,489,488,1,11/06/2022,"-7,51943828","-63,0297829",,65
AM,BR-230,488,487,1,11/06/2022,"-7,51943828","-63,0297829",,85
AM,BR-230,487,486,1,11/06/2022,"-7,51943828","-63,0297829",,"78,75"
AM,BR-230,486,485,1,11/06/2022,"-7,51943828","-63,0297829",,"53,75"
AM,BR-230,485,484,1,11/06/2022,"-7,51943828","-63,0297829",,"58,75"
AM,BR-230,484,483,1,11/06/2022,"-7,51943828","-63,0297829",,"52,5"
AM,BR-230,483,482,1,11/06/2022,"-7,51943828","-63,0297829",,"52,5"
AM,BR-230,482,481,1,11/06/2022,"-7,51943828","-63,0297829",,"72,5"
AM,BR-230,481,480,1,11/06/2022,"-7,51943828","-63,0297829",,"87,5"
AM,BR-230,480,479,1,11/06/2022,"-7,51943828","-63,0297829",,90
AM,BR-230,479,478,1,11/06/2022,"-7,51943828","-63,0297829",,"88,75"
AM,BR-230,478,477,1,11/06/2022,"-7,51943828","-63,0297829",,90
AM,BR-230,477,476,1,11/06/2022,"-7,51943828","-63,0297829",,"83,75"
AM,BR-230,476,475,1,11/06/2022,"-7,51943828","-63,0297829",,85
AM,BR-230,475,474,1,11/06/2022,"-7,51943828","-63,0297829",,"81,25"
AM,BR-230,474,473,1,11/06/2022,"-7,51943828","-63,0297829",,"88,75"
AM,BR-230,473,472,1,11/06/2022,"-7,51943828","-63,0297829",,90
AM,BR-230,472,471,1,11/06/2022,"-7,51943828","-63,0297829",,"97,5"
AM,BR-230,471,470,1,11/06/2022,"-7,51943828","-63,0297829",,"88,75"
AM,BR-230,470,469,1,11/06/2022,"-7,51943828","-63,0297829",,"88,75"
AM,BR-230,469,468,1,11/06/2022,"-7,51943828","-63,0297829",,"98,75"
AM,BR-230,468,467,1,11/06/2022,"-7,51943828","-63,0297829",,"82,5"
AM,BR-230,467,466,1,11/06/2022,"-7,51943828","-63,0297829",,"88,75"
AM,BR-230,466,465,1,11/06/2022,"-7,51943828","-63,0297829",,"86,25"
AM,BR-230,465,464,1,11/06/2022,"-7,51943828","-63,0297829",,"91,25"
AM,BR-230,464,463,1,11/06/2022,"-7,51943828","-63,0297829",,"82,5"
AM,BR-230,463,462,1,11/06/2022,"-7,51943828","-63,0297829",,90
AM,BR-230,462,461,1,11/06/2022,"-7,51943828","-63,0297829",,"47,5"
AM,BR-230,461,460,1,11/06/2022,"-7,51943828","-63,0297829",,50
AM,BR-230,460,459,1,11/06/2022,"-7,51943828","-63,0297829",,"42,5"
AM,BR-230,459,458,1,11/06/2022,"-7,51943828","-63,0297829",,"51,25"
AM,BR-230,458,457,1,11/06/2022,"-7,51943828","-63,0297829",,"46,25"
AM,BR-230,457,456,1,11/06/2022,"-7,51943828","-63,0297829",,"31,25"
AM,BR-230,456,455,1,11/06/2022,"-7,51943828","-63,0297829",,"46,25"
AM,BR-230,455,454,1,11/06/2022,"-7,51943828","-63,0297829",,"42,5"
AM,BR-230,454,453,1,11/06/2022,"-7,51943828","-63,0297829",,45
AM,BR-230,453,452,1,11/06/2022,"-7,51943828","-63,0297829",,"27,5"
AM,BR-230,452,451,1,11/06/2022,"-7,51943828","-63,0297829",,"27,5"
AM,BR-230,451,450,1,11/06/2022,"-7,51943828","-63,0297829",,"42,5"
AM,BR-230,450,449,1,11/06/2022,"-7,51943828","-63,0297829",,"27,5"
AM,BR-230,449,448,1,11/06/2022,"-7,51943828","-63,0297829",,"31,25"
AM,BR-230,448,447,1,11/06/2022,"-7,51943828","-63,0297829",,"52,5"
AM,BR-230,447,446,1,11/06/2022,"-7,51943828","-63,0297829",,60
AM,BR-230,446,445,1,11/06/2022,"-7,51943828","-63,0297829",,"27,5"
AM,BR-230,445,444,1,11/06/2022,"-7,51943828","-63,0297829",,"52,5"
AM,BR-230,444,443,1,11/06/2022,"-7,51943828","-63,0297829",,50
AM,BR-230,443,442,1,11/06/2022,"-7,51943828","-63,0297829",,"61,25"
AM,BR-230,442,441,1,11/06/2022,"-7,51943828","-63,0297829",,"52,5"
AM,BR-230,441,440,1,11/06/2022,"-7,51943828","-63,0297829",,35
AM,BR-230,440,439,1,11/06/2022,"-7,51943828","-63,0297829",,"43,75"
AM,BR-230,439,438,1,11/06/2022,"-7,51943828","-63,0297829",,"82,5"
AM,BR-230,438,437,1,11/06/2022,"-7,51943828","-63,0297829",,"88,75"
AM,BR-230,437,436,1,11/06/2022,"-7,51943828","-63,0297829",,90
AM,BR-230,436,435,1,11/06/2022,"-7,51943828","-63,0297829",,"92,5"
AM,BR-230,435,434,1,11/06/2022,"-7,51943828","-63,0297829",,"86,25"
AM,BR-230,434,433,1,11/06/2022,"-7,51943828","-63,0297829",,90
AM,BR-230,433,432,1,11/06/2022,"-7,51943828","-63,0297829",,"78,75"
AM,BR-230,432,431,1,11/06/2022,"-7,51943828","-63,0297829",,"86,25"
AM,BR-230,431,430,1,11/06/2022,"-7,51943828","-63,0297829",,"87,5"
AM,BR-230,430,429,1,11/06/2022,"-7,51943828","-63,0297829",,"78,75"
AM,BR-230,429,428,1,11/06/2022,"-7,51943828","-63,0297829",,"82,5"
AM,BR-230,428,427,1,11/06/2022,"-7,51943828","-63,0297829",,"86,25"
AM,BR-230,427,426,1,11/06/2022,"-7,51943828","-63,0297829",,"28,75"
AM,BR-230,426,425,1,11/06/2022,"-7,51943828","-63,0297829",,"28,75"
AM,BR-230,425,424,1,11/06/2022,"-7,51943828","-63,0297829",,"37,5"
AM,BR-230,424,423,1,11/06/2022,"-7,51943828","-63,0297829",,"31,25"
AM,BR-230,423,422,1,11/06/2022,"-7,5183006","-63,0308244",,"43,75"
AM,BR-230,422,421,1,11/06/2022,"-7,51943828","-63,0297829",,"86,25"
AM,BR-230,421,420,1,11/06/2022,"-7,51943828","-63,0297829",,"86,25"
AM,BR-230,420,419,1,11/06/2022,"-7,51943828","-63,0297829",,95
AM,BR-230,419,418,1,11/06/2022,"-7,51943828","-63,0297829",,"92,5"
AM,BR-230,418,417,1,11/06/2022,"-7,51943828","-63,0297829",,"86,25"
AM,BR-230,417,416,1,11/06/2022,"-7,51943828","-63,0297829",,"63,75"
AM,BR-230,416,415,1,11/06/2022,"-7,51943828","-63,0297829",,85
AM,BR-230,415,414,1,11/06/2022,"-7,51943828","-63,0297829",,"86,25"
AM,BR-230,414,413,1,11/06/2022,"-7,51943828","-63,0297829",,"93,75"
AM,BR-230,413,412,1,11/06/2022,"-7,51943828","-63,0297829",,"82,5"
AM,BR-230,412,411,1,11/06/2022,"-7,51943828","-63,0297829",,"88,75"
AM,BR-230,411,410,1,11/06/2022,"-7,51943828","-63,0297829",,"88,75"
AM,BR-230,410,409,1,11/06/2022,"-7,51943828","-63,0297829",,"93,75"
AM,BR-230,409,408,1,11/06/2022,"-7,51943828","-63,0297829",,"96,25"
AM,BR-230,408,407,1,11/06/2022,"-7,51943828","-63,0297829",,"93,75"
AM,BR-230,407,406,1,11/06/2022,"-7,51943828","-63,0297829",,90
AM,BR-230,406,405,1,11/06/2022,"-7,51943828","-63,0297829",,"92,5"
AM,BR-230,405,404,1,11/06/2022,"-7,51943828","-63,0297829",,"82,5"
AM,BR-230,404,403,1,11/06/2022,"-7,51943828","-63,0297829",,"87,5"
AM,BR-230,403,402,1,11/06/2022,"-7,51943828","-63,0297829",,85
AM,BR-230,402,401,1,11/06/2022,"-7,51943828","-63,0297829",,90
AM,BR-230,401,"400,6","0,4",11/06/2022,"-7,51943828","-63,0297829",,"83,75"
RR,BR-401,107,108,1,21/06/2022,"3,3110914","-59,9467475",,85
RR,BR-401,108,109,1,21/06/2022,"3,3110914","-59,9467475",,"92,5"
RR,BR-401,109,110,1,21/06/2022,"3,3110914","-59,9467475",,"92,5"
RR,BR-401,110,111,1,21/06/2022,"3,3110914","-59,9467475",,"92,5"
RR,BR-401,111,112,1,21/06/2022,"3,3110914","-59,9467475",,"92,5"
RR,BR-401,112,113,1,21/06/2022,"3,3110914","-59,9467475",,"92,5"
RR,BR-401,113,114,1,21/06/2022,"3,3110914","-59,9467475",,95
RR,BR-401,114,115,1,21/06/2022,"3,3110914","-59,9467475",,"92,5"
RR,BR-401,115,116,1,21/06/2022,"3,3110914","-59,9467475",,"92,5"
RR,BR-401,116,117,1,21/06/2022,"3,3110914","-59,9467475",,"92,5"
RR,BR-401,117,118,1,21/06/2022,"3,3110914","-59,9467475",,"92,5"
RR,BR-401,118,119,1,21/06/2022,"3,3110914","-59,9467475",,"88,75"
RR,BR-401,119,120,1,21/06/2022,"3,3110914","-59,9467475",,"92,5"
RR,BR-401,120,121,1,21/06/2022,"3,3110914","-59,9467475",,"92,5"
RR,BR-401,121,122,1,21/06/2022,"3,3110914","-59,9467475",,"81,25"
RR,BR-401,122,123,1,21/06/2022,"3,3110914","-59,9467475",,85
RR,BR-401,123,124,1,21/06/2022,"3,4330214","-59,8833966",,"81,25"
RR,BR-401,124,125,1,21/06/2022,"3,4330214","-59,8833966",,"92,5"
RR,BR-401,125,126,1,21/06/2022,"3,4330214","-59,8833966",,"92,5"
RR,BR-401,126,127,1,21/06/2022,"3,4330214","-59,8833966",,"92,5"
RR,BR-401,127,128,1,21/06/2022,"3,4330214","-59,8833966",,"88,75"
RR,BR-401,128,129,1,21/06/2022,"3,4330214","-59,8833966",,"81,25"
RR,BR-401,129,130,1,21/06/2022,"3,4330214","-59,8833966",,"81,25"
RR,BR-401,130,131,1,21/06/2022,"3,4330214","-59,8833966",,"81,25"
RR,BR-401,131,132,1,21/06/2022,"3,4330214","-59,8833966",,"81,25"
RR,BR-401,132,133,1,21/06/2022,"3,5369913","-59,9231",,"88,75"
RR,BR-401,133,134,1,21/06/2022,"3,5369913","-59,9231",,"88,75"
RR,BR-401,134,135,1,21/06/2022,"3,5369913","-59,9231",,"88,75"
RR,BR-401,135,136,1,21/06/2022,"3,5469036","-59,9178745",,"88,75"
RR,BR-401,136,137,1,21/06/2022,"3,5469036","-59,9178745",,75
RR,BR-401,137,138,1,21/06/2022,"3,562526","-59,8862793",,"92,5"
RR,BR-401,138,139,1,21/06/2022,"3,5625209","-59,8862765",,"88,75"
RR,BR-401,139,140,1,21/06/2022,"3,5625321","-59,8864596",,"88,75"
RR,BR-401,140,141,1,21/06/2022,"3,5625321","-59,8864596",,"88,75"
RR,BR-401,141,142,1,21/06/2022,"3,5625304","-59,8864564",,"88,75"
RR,BR-401,142,143,1,21/06/2022,"3,5625321","-59,8864596",,"86,25"
RR,BR-401,143,144,1,21/06/2022,"3,5625321","-59,8864596",,"78,75"
RR,BR-401,144,145,1,21/06/2022,"3,5625321","-59,8864596",,"78,75"
RR,BR-401,145,146,1,21/06/2022,"3,5625321","-59,8864596",,"86,25"
RR,BR-401,146,147,1,21/06/2022,"3,5625321","-59,8864596",,80
RR,BR-401,147,148,1,21/06/2022,"3,5625321","-59,8864596",,"68,75"
RR,BR-401,148,149,1,21/06/2022,"3,5625321","-59,8864596",,"71,25"
RR,BR-401,149,150,1,21/06/2022,"3,64782912","-59,8490693",,"86,25"
RR,BR-401,150,151,1,21/06/2022,"3,64782912","-59,8490693",,"86,25"
RR,BR-401,151,152,1,21/06/2022,"3,64782912","-59,8490693",,"78,75"
RR,BR-401,152,153,1,21/06/2022,"3,64782912","-59,8490693",,"77,5"
RR,BR-401,153,154,1,21/06/2022,"3,64782912","-59,8490693",,85
RR,BR-401,154,155,1,21/06/2022,"3,64782912","-59,8490693",,"71,25"
RR,BR-401,155,156,1,21/06/2022,"3,64782912","-59,8490693",,"81,25"
RR,BR-401,156,157,1,21/06/2022,"3,64782912","-59,8490693",,"81,25"
RR,BR-401,157,158,1,21/06/2022,"3,64782912","-59,8490693",,"71,25"
RR,BR-401,158,159,1,21/06/2022,"3,64782912","-59,8490693",,"88,75"
RR,BR-401,159,160,1,21/06/2022,"3,64782912","-59,8490693",,"71,25"
RR,BR-401,160,161,1,21/06/2022,"3,64782912","-59,8490693",,"77,5"
RR,BR-401,161,162,1,21/06/2022,"3,64782912","-59,8490693",,"91,25"
RR,BR-401,162,163,1,21/06/2022,"3,64782912","-59,8490693",,"88,75"
RR,BR-401,163,164,1,21/06/2022,"3,64782912","-59,8490693",,"77,5"
RR,BR-401,164,165,1,21/06/2022,"3,64782912","-59,8490693",,"88,75"
RR,BR-401,165,166,1,21/06/2022,"3,64782912","-59,8490693",,"81,25"
RR,BR-401,166,167,1,21/06/2022,"3,64782912","-59,8490693",,"88,75"
RR,BR-401,167,168,1,21/06/2022,"3,64782912","-59,8490693",,"77,5"
RR,BR-401,168,169,1,21/06/2022,"3,64782912","-59,8490693",,"88,75"
RR,BR-401,169,170,1,21/06/2022,"3,64782912","-59,8490693",,"88,75"
RR,BR-401,170,171,1,21/06/2022,"3,64782912","-59,8490693",,"77,5"
RR,BR-401,171,172,1,21/06/2022,"3,64782912","-59,8490693",,"88,75"
RR,BR-401,172,173,1,21/06/2022,"3,64782912","-59,8490693",,"88,75"
RR,BR-401,173,174,1,21/06/2022,"3,64782912","-59,8490693",,"88,75"
RR,BR-401,174,175,1,21/06/2022,"3,64782912","-59,8490693",,"82,5"
RR,BR-401,175,176,1,21/06/2022,"3,64782912","-59,8490693",,"86,25"
RR,BR-401,176,177,1,21/06/2022,"3,64782912","-59,8490693",,"78,75"
AP,BR-156,"28,5",29,"0,5",23/06/2022,"-0,8403814","-52,5218683",,50
AP,BR-156,29,30,1,23/06/2022,"-0,8403814","-52,5218683",,50
AP,BR-156,30,31,1,23/06/2022,"-0,8403814","-52,5218683",,50
AP,BR-156,31,32,1,23/06/2022,"-0,8403814","-52,5218683",,"76,25"
AP,BR-156,32,33,1,23/06/2022,"-0,8403814","-52,5218683",,"81,25"
AP,BR-156,33,34,1,23/06/2022,"-0,8403814","-52,5218683",,70
AP,BR-156,34,35,1,23/06/2022,"-0,8403814","-52,5218683",,"73,75"
AP,BR-156,35,36,1,23/06/2022,"-0,8403814","-52,5218683",,"73,75"
AP,BR-156,36,37,1,23/06/2022,"-0,8403814","-52,5218683",,"87,5"
AP,BR-156,37,38,1,23/06/2022,"-0,8403814","-52,5218683",,"83,75"
AP,BR-156,38,39,1,23/06/2022,"-0,8403814","-52,5218683",,"83,75"
AP,BR-156,39,40,1,23/06/2022,"-0,8403814","-52,5218683",,"83,75"
AP,BR-156,40,41,1,23/06/2022,"-0,8403814","-52,5218683",,"83,75"
AP,BR-156,41,42,1,23/06/2022,"-0,8403814","-52,5218683",,"83,75"
AP,BR-156,42,43,1,23/06/2022,"-0,8403814","-52,5218683",,"83,75"
AP,BR-156,43,44,1,23/06/2022,"-0,8403814","-52,5218683",,"83,75"
AP,BR-156,44,45,1,23/06/2022,"-0,8403814","-52,5218683",,"83,75"
AP,BR-156,45,46,1,23/06/2022,"-0,8403814","-52,5218683",,"83,75"
AP,BR-156,46,47,1,23/06/2022,"-0,8403814","-52,5218683",,"83,75"
AP,BR-156,47,48,1,23/06/2022,"-0,8403814","-52,5218683",,"83,75"
AP,BR-156,48,49,1,23/06/2022,"-0,8403814","-52,5218683",,"83,75"
AP,BR-156,49,50,1,23/06/2022,"-0,8403814","-52,5218683",,"83,75"
AP,BR-156,50,51,1,23/06/2022,"-0,8403814","-52,5218683",,"83,75"
AP,BR-156,51,52,1,23/06/2022,"-0,8403814","-52,5218683",,"83,75"
AP,BR-156,52,53,1,23/06/2022,"-0,8403814","-52,5218683",,"83,75"
AP,BR-156,53,54,1,23/06/2022,"-0,8403814","-52,5218683",,"91,25"
AP,BR-156,54,55,1,23/06/2022,"-0,8403814","-52,5218683",,"91,25"
AP,BR-156,55,56,1,23/06/2022,"-0,8403814","-52,5218683",,"83,75"
AP,BR-156,56,57,1,23/06/2022,"-0,8403814","-52,5218683",,"91,25"
AP,BR-156,57,58,1,23/06/2022,"-0,8403814","-52,5218683",,"91,25"
AP,BR-156,58,59,1,23/06/2022,"-0,8403814","-52,5218683",,"83,75"
AP,BR-156,59,60,1,23/06/2022,"-0,8403814","-52,5218683",,"83,75"
AP,BR-156,60,61,1,23/06/2022,"-0,8403814","-52,5218683",,"83,75"
AP,BR-156,61,62,1,23/06/2022,"-0,8403814","-52,5218683",,"83,75"
AP,BR-156,62,63,1,23/06/2022,"-0,8403814","-52,5218683",,"83,75"
AP,BR-156,63,64,1,23/06/2022,"-0,8403814","-52,5218683",,"83,75"
AP,BR-156,64,65,1,23/06/2022,"-0,8403814","-52,5218683",,"83,75"
AP,BR-156,65,66,1,23/06/2022,"-0,8403814","-52,5218683",,"83,75"
AP,BR-156,66,67,1,23/06/2022,"-0,8403814","-52,5218683",,"83,75"
AP,BR-156,67,68,1,23/06/2022,"-0,8403814","-52,5218683",,"83,75"
AP,BR-156,68,69,1,23/06/2022,"-0,8403814","-52,5218683",,"83,75"
AP,BR-156,69,70,1,23/06/2022,"-0,8403814","-52,5218683",,"83,75"
AP,BR-156,70,71,1,23/06/2022,"-0,8403814","-52,5218683",,"83,75"
AP,BR-156,71,72,1,23/06/2022,"-0,8403814","-52,5218683",,"83,75"
AP,BR-156,72,73,1,23/06/2022,"-0,8403814","-52,5218683",,"83,75"
AP,BR-156,73,74,1,23/06/2022,"-0,8403814","-52,5218683",,"83,75"
AP,BR-156,74,75,1,23/06/2022,"-0,8403814","-52,5218683",,"83,75"
AP,BR-156,75,76,1,23/06/2022,"-0,8403814","-52,5218683",,"83,75"
AP,BR-156,76,77,1,23/06/2022,"-0,8403814","-52,5218683",,"91,25"
AP,BR-156,77,78,1,23/06/2022,"-0,8403814","-52,5218683",,"83,75"
AP,BR-156,78,79,1,23/06/2022,"-0,8403814","-52,5218683",,"83,75"
AP,BR-156,79,80,1,23/06/2022,"-0,8403814","-52,5218683",,"83,75"
AP,BR-156,80,81,1,23/06/2022,"-0,8403814","-52,5218683",,"83,75"
AP,BR-156,81,82,1,23/06/2022,"-0,8403814","-52,5218683",,"83,75"
AP,BR-156,82,83,1,23/06/2022,"-0,8403814","-52,5218683",,"83,75"
AP,BR-156,83,84,1,23/06/2022,"-0,8403814","-52,5218683",,"83,75"
AP,BR-156,84,85,1,23/06/2022,"-0,8403814","-52,5218683",,"83,75"
AP,BR-156,85,86,1,23/06/2022,"-0,8403814","-52,5218683",,"83,75"
AP,BR-156,86,87,1,23/06/2022,"-0,8403814","-52,5218683",,"91,25"
AP,BR-156,87,88,1,23/06/2022,"-0,8403814","-52,5218683",,"91,25"
AP,BR-156,88,89,1,23/06/2022,"-0,8403814","-52,5218683",,90
AP,BR-156,89,90,1,23/06/2022,"-0,8403814","-52,5218683",,90
AP,BR-156,90,91,1,23/06/2022,"-0,8403814","-52,5218683",,"83,75"
AP,BR-156,91,92,1,23/06/2022,"-0,8403814","-52,5218683",,"83,75"
AP,BR-156,92,93,1,23/06/2022,"-0,8403814","-52,5218683",,"83,75"
AP,BR-156,93,94,1,23/06/2022,"-0,8403814","-52,5218683",,"83,75"
AP,BR-156,94,95,1,23/06/2022,"-0,8403814","-52,5218683",,"83,75"
AP,BR-156,95,96,1,23/06/2022,"-0,8403814","-52,5218683",,"83,75"
AP,BR-156,96,97,1,23/06/2022,"-0,8403814","-52,5218683",,"91,25"
AP,BR-156,97,98,1,23/06/2022,"-0,8403814","-52,5218683",,"83,75"
AP,BR-156,98,99,1,23/06/2022,"-0,8403814","-52,5218683",,"83,75"
AP,BR-156,99,100,1,23/06/2022,"-0,8403814","-52,5218683",,"83,75"
AP,BR-156,100,101,1,23/06/2022,"-0,8403814","-52,5218683",,"63,75"
AP,BR-156,101,102,1,23/06/2022,"-0,8403814","-52,5218683",,85
AP,BR-156,102,103,1,23/06/2022,"-0,8403814","-52,5218683",,"83,75"
AP,BR-156,103,104,1,23/06/2022,"-0,8403814","-52,5218683",,"83,75"
AP,BR-156,104,105,1,23/06/2022,"-0,8403814","-52,5218683",,"83,75"
AP,BR-156,105,106,1,23/06/2022,"-0,8403814","-52,5218683",,"73,75"
AP,BR-156,106,107,1,23/06/2022,"-0,8403814","-52,5218683",,"73,75"
AP,BR-156,107,108,1,23/06/2022,"-0,8403814","-52,5218683",,"73,75"
AP,BR-156,108,109,1,23/06/2022,"-0,8403814","-52,5218683",,"73,75"
AP,BR-156,109,110,1,23/06/2022,"-0,8403814","-52,5218683",,"73,75"
AP,BR-156,110,111,1,23/06/2022,"-0,8403814","-52,5218683",,"71,25"
AP,BR-156,111,112,1,23/06/2022,"-0,8403814","-52,5218683",,"71,25"
AP,BR-156,112,113,1,23/06/2022,"-0,8403814","-52,5218683",,"78,75"
AP,BR-156,113,114,1,23/06/2022,"-0,8403814","-52,5218683",,"67,5"
AP,BR-156,114,115,1,23/06/2022,"-0,8403814","-52,5218683",,"67,5"
AP,BR-156,115,116,1,23/06/2022,"-0,8403814","-52,5218683",,"47,5"
AP,BR-156,116,117,1,23/06/2022,"-0,8403814","-52,5218683",,"47,5"
AP,BR-156,117,118,1,23/06/2022,"-0,8403814","-52,5218683",,"53,75"
AP,BR-156,118,119,1,23/06/2022,"-0,8403814","-52,5218683",,"47,5"
AP,BR-156,119,120,1,23/06/2022,"-0,8403814","-52,5218683",,"47,5"
AP,BR-156,120,121,1,23/06/2022,"-0,8403814","-52,5218683",,65
AP,BR-156,121,122,1,23/06/2022,"-0,8403814","-52,5218683",,"71,25"
AP,BR-156,122,123,1,23/06/2022,"-0,8403814","-52,5218683",,"56,25"
AP,BR-156,123,124,1,23/06/2022,"-0,8403814","-52,5218683",,"53,75"
AP,BR-156,124,125,1,23/06/2022,"-0,8403814","-52,5218683",,"53,75"
AP,BR-156,125,126,1,23/06/2022,"-0,8403814","-52,5218683",,"53,75"
AP,BR-156,126,127,1,23/06/2022,"-0,8403814","-52,5218683",,"53,75"
AP,BR-156,127,128,1,23/06/2022,"-0,8403814","-52,5218683",,"53,75"
AP,BR-156,128,129,1,23/06/2022,"-0,8403814","-52,5218683",,"83,75"
AP,BR-156,129,130,1,23/06/2022,"-0,8403814","-52,5218683",,"53,75"
AP,BR-156,130,131,1,23/06/2022,"-0,8403814","-52,5218683",,"73,75"
AP,BR-156,131,132,1,23/06/2022,"-0,8403814","-52,5218683",,"83,75"
AP,BR-156,132,133,1,23/06/2022,"-0,8403814","-52,5218683",,"53,75"
AP,BR-156,133,134,1,23/06/2022,"-0,8403814","-52,5218683",,"53,75"
AP,BR-156,134,135,1,23/06/2022,"-0,8403814","-52,5218683",,"53,75"
AP,BR-156,135,136,1,23/06/2022,"-0,8403814","-52,5218683",,"53,75"
AP,BR-156,136,137,1,23/06/2022,"-0,8403814","-52,5218683",,"53,75"
AP,BR-156,137,138,1,23/06/2022,"-0,8403814","-52,5218683",,"53,75"
AP,BR-156,138,139,1,23/06/2022,"-0,8403814","-52,5218683",,"53,75"
AP,BR-156,139,140,1,23/06/2022,"-0,8403814","-52,5218683",,"48,75"
AP,BR-156,140,141,1,23/06/2022,"-0,8403814","-52,5218683",,"53,75"
AP,BR-156,141,142,1,23/06/2022,"-0,8403814","-52,5218683",,"53,75"
AP,BR-156,142,143,1,23/06/2022,"-0,8403814","-52,5218683",,"53,75"
AP,BR-156,143,144,1,23/06/2022,"-0,8403814","-52,5218683",,"53,75"
AP,BR-156,144,145,1,23/06/2022,"-0,8403814","-52,5218683",,"53,75"
AP,BR-156,145,146,1,23/06/2022,"-0,8403814","-52,5218683",,"53,75"
AP,BR-156,146,147,1,23/06/2022,"-0,8403814","-52,5218683",,"53,75"
AP,BR-156,147,148,1,23/06/2022,"-0,8403814","-52,5218683",,"53,75"
AP,BR-156,148,149,1,23/06/2022,"-0,8403814","-52,5218683",,"53,75"
AP,BR-156,149,150,1,23/06/2022,"-0,8403814","-52,5218683",,"53,75"
AP,BR-156,150,151,1,23/06/2022,"-0,8403814","-52,5218683",,"53,75"
AP,BR-156,151,152,1,23/06/2022,"-0,8403814","-52,5218683",,"53,75"
AP,BR-156,152,153,1,23/06/2022,"-0,8403814","-52,5218683",,"53,75"
AP,BR-156,153,154,1,23/06/2022,"-0,8403814","-52,5218683",,"53,75"
AP,BR-156,154,155,1,23/06/2022,"-0,8403814","-52,5218683",,"53,75"
AP,BR-156,155,156,1,23/06/2022,"-0,8403814","-52,5218683",,"53,75"
AP,BR-156,156,157,1,23/06/2022,"-0,8403814","-52,5218683",,"53,75"
AP,BR-156,157,158,1,23/06/2022,"-0,8403814","-52,5218683",,"53,75"
AP,BR-156,158,159,1,23/06/2022,"-0,8403814","-52,5218683",,"53,75"
AP,BR-156,159,160,1,23/06/2022,"-0,8403814","-52,5218683",,"53,75"
AP,BR-156,160,161,1,23/06/2022,"-0,8403814","-52,5218683",,"53,75"
AP,BR-156,161,162,1,23/06/2022,"-0,8403814","-52,5218683",,"53,75"
AP,BR-156,162,163,1,23/06/2022,"-0,8403814","-52,5218683",,"53,75"
AP,BR-156,163,164,1,23/06/2022,"-0,8403814","-52,5218683",,"53,75"
AP,BR-156,164,"164,2","0,2",23/06/2022,"-0,8403814","-52,5218683",,"53,75"
AP,BR-156,"164,2",165,"0,8",23/06/2022,"-0,8403814","-52,5218683",,"53,75"
AP,BR-156,165,166,1,23/06/2022,"-0,8403814","-52,5218683",,"71,25"
AP,BR-156,166,167,1,23/06/2022,"-0,8403814","-52,5218683",,"73,75"
AP,BR-156,167,168,1,23/06/2022,"-0,8403814","-52,5218683",,"71,25"
AP,BR-156,168,169,1,23/06/2022,"-0,8403814","-52,5218683",,"81,25"
AP,BR-156,169,170,1,23/06/2022,"-0,8403814","-52,5218683",,"53,75"
AP,BR-156,170,171,1,23/06/2022,"-0,8403814","-52,5218683",,"73,75"
AP,BR-156,171,172,1,23/06/2022,"-0,8403814","-52,5218683",,"73,75"
AP,BR-156,172,173,1,23/06/2022,"-0,8403814","-52,5218683",,"73,75"
AP,BR-156,173,174,1,23/06/2022,"-0,8403814","-52,5218683",,"73,75"
AP,BR-156,174,175,1,23/06/2022,"-0,8403814","-52,5218683",,"53,75"
AP,BR-156,175,176,1,23/06/2022,"-0,8403814","-52,5218683",,"71,25"
AP,BR-156,176,177,1,23/06/2022,"-0,8403814","-52,5218683",,"63,75"
AP,BR-156,177,178,1,23/06/2022,"-0,8403814","-52,5218683",,"71,25"
AP,BR-156,178,179,1,23/06/2022,"-0,8403814","-52,5218683",,"63,75"
AP,BR-156,179,180,1,23/06/2022,"-0,8403814","-52,5218683",,"63,75"
AP,BR-156,180,181,1,23/06/2022,"-0,8403814","-52,5218683",,"63,75"
AP,BR-156,181,182,1,23/06/2022,"-0,8403814","-52,5218683",,"63,75"
AP,BR-156,182,183,1,23/06/2022,"-0,8403814","-52,5218683",,"63,75"
AP,BR-156,183,184,1,23/06/2022,"-0,8403814","-52,5218683",,"71,25"
AP,BR-156,184,185,1,23/06/2022,"-0,8403814","-52,5218683",,"71,25"
AP,BR-156,185,186,1,23/06/2022,"-0,8403814","-52,5218683",,"71,25"
AP,BR-156,186,187,1,23/06/2022,"-0,8403814","-52,5218683",,"66,25"
AP,BR-156,187,188,1,23/06/2022,"-0,8403814","-52,5218683",,"81,25"
AP,BR-156,188,189,1,23/06/2022,"-0,8403814","-52,5218683",,"66,25"
AP,BR-156,189,190,1,23/06/2022,"-0,8403814","-52,5218683",,"71,25"
AP,BR-156,190,191,1,23/06/2022,"-0,8403814","-52,5218683",,"71,25"
AP,BR-156,191,192,1,23/06/2022,"-0,8403814","-52,5218683",,"63,75"
AP,BR-156,192,193,1,23/06/2022,"-0,8403814","-52,5218683",,"63,75"
AP,BR-156,193,194,1,23/06/2022,"-0,8403814","-52,5218683",,"63,75"
AP,BR-156,194,195,1,23/06/2022,"-0,8403814","-52,5218683",,"63,75"
AP,BR-156,195,196,1,23/06/2022,"-0,8403814","-52,5218683",,"63,75"
AP,BR-156,196,197,1,23/06/2022,"-0,8403814","-52,5218683",,"63,75"
AP,BR-156,197,198,1,23/06/2022,"-0,8403814","-52,5218683",,"63,75"
AP,BR-156,198,199,1,23/06/2022,"-0,8403814","-52,5218683",,"63,75"
AP,BR-156,199,200,1,23/06/2022,"-0,8403814","-52,5218683",,"71,25"
AP,BR-156,200,201,1,23/06/2022,"-0,8403814","-52,5218683",,"71,25"
AP,BR-156,201,202,1,23/06/2022,"-0,8403814","-52,5218683",,"63,75"
AP,BR-156,202,203,1,23/06/2022,"-0,8403814","-52,5218683",,"66,25"
AP,BR-156,203,204,1,23/06/2022,"-0,8403814","-52,5218683",,"63,75"
AP,BR-156,204,205,1,23/06/2022,"-0,8403814","-52,5218683",,"63,75"
AP,BR-156,205,206,1,23/06/2022,"-0,8403814","-52,5218683",,"63,75"
AP,BR-156,206,207,1,23/06/2022,"-0,8403814","-52,5218683",,"73,75"
AP,BR-156,207,208,1,23/06/2022,"-0,8403814","-52,5218683",,60
AP,BR-156,208,209,1,23/06/2022,"-0,8403814","-52,5218683",,"63,75"
AP,BR-156,209,210,1,23/06/2022,"-0,8403814","-52,5218683",,"63,75"
AP,BR-156,210,211,1,23/06/2022,"-0,8403814","-52,5218683",,"63,75"
AP,BR-156,211,212,1,23/06/2022,"-0,8403814","-52,5218683",,"63,75"
AP,BR-156,212,"212,15","0,15",23/06/2022,"-0,8403814","-52,5218683",,"63,75"
AP,BR-156,"212,15",213,"0,85",23/06/2022,"-0,8403814","-52,5218683",,60
AP,BR-156,213,214,1,23/06/2022,"-0,8403814","-52,5218683",,60
AP,BR-156,214,215,1,23/06/2022,"-0,8403814","-52,5218683",,"63,75"
AP,BR-156,215,216,1,23/06/2022,"-0,8403814","-52,5218683",,"63,75"
AP,BR-156,216,217,1,23/06/2022,"-0,8403814","-52,5218683",,"71,25"
AP,BR-156,217,218,1,23/06/2022,"-0,8403814","-52,5218683",,"71,25"
AP,BR-156,218,219,1,23/06/2022,"-0,8403814","-52,5218683",,"77,5"
AP,BR-156,219,220,1,23/06/2022,"-0,8403814","-52,5218683",,85
AP,BR-156,220,221,1,23/06/2022,"-0,8403814","-52,5218683",,85
AP,BR-156,221,222,1,23/06/2022,"-0,8403814","-52,5218683",,"81,25"
AP,BR-156,222,223,1,23/06/2022,"-0,8403814","-52,5218683",,"82,5"
AP,BR-156,223,224,1,23/06/2022,"-0,8403814","-52,5218683",,75
AP,BR-156,224,225,1,23/06/2022,"-0,8403814","-52,5218683",,75
AP,BR-156,225,226,1,23/06/2022,"-0,8403814","-52,5218683",,"82,5"
AP,BR-156,226,227,1,23/06/2022,"-0,8403814","-52,5218683",,"77,5"
AP,BR-156,227,228,1,23/06/2022,"-0,8403814","-52,5218683",,85
AP,BR-156,228,229,1,23/06/2022,"-0,8403814","-52,5218683",,75
AP,BR-156,229,230,1,23/06/2022,"-0,8403814","-52,5218683",,75
AP,BR-156,230,231,1,23/06/2022,"-0,8403814","-52,5218683",,75
AP,BR-156,231,232,1,23/06/2022,"-0,8403814","-52,5218683",,75
AP,BR-156,232,233,1,23/06/2022,"-0,8403814","-52,5218683",,75
AP,BR-156,233,234,1,23/06/2022,"-0,8403814","-52,5218683",,75
AP,BR-156,234,235,1,23/06/2022,"-0,8403814","-52,5218683",,"82,5"
AP,BR-156,235,236,1,23/06/2022,"-0,8403814","-52,5218683",,"82,5"
AP,BR-156,236,237,1,23/06/2022,"-0,8403814","-52,5218683",,"82,5"
AP,BR-156,237,238,1,23/06/2022,"-0,8403814","-52,5218683",,75
AP,BR-156,238,239,1,23/06/2022,"-0,8403814","-52,5218683",,75
AP,BR-156,239,240,1,23/06/2022,"-0,8403814","-52,5218683",,75
AP,BR-156,240,241,1,23/06/2022,"-0,8403814","-52,5218683",,75
AP,BR-156,241,242,1,23/06/2022,"-0,8403814","-52,5218683",,75
AP,BR-156,242,243,1,23/06/2022,"-0,8403814","-52,5218683",,"67,5"
AP,BR-156,243,244,1,23/06/2022,"-0,8403814","-52,5218683",,75
AP,BR-156,244,245,1,23/06/2022,"-0,8403814","-52,5218683",,75
AP,BR-156,245,246,1,23/06/2022,"-0,8403814","-52,5218683",,"57,5"
AP,BR-156,246,247,1,23/06/2022,"-0,8403814","-52,5218683",,"68,75"
AP,BR-156,247,248,1,23/06/2022,"-0,8403814","-52,5218683",,75
AP,BR-156,248,249,1,23/06/2022,"-0,8403814","-52,5218683",,"68,75"
AP,BR-156,249,250,1,23/06/2022,"-0,8403814","-52,5218683",,"68,75"
AP,BR-156,250,251,1,23/06/2022,"-0,8403814","-52,5218683",,"77,5"
AP,BR-156,251,252,1,23/06/2022,"-0,8403814","-52,5218683",,75
AP,BR-156,252,253,1,23/06/2022,"-0,8403814","-52,5218683",,75
AP,BR-156,253,254,1,23/06/2022,"-0,8403814","-52,5218683",,75
AP,BR-156,254,255,1,23/06/2022,"-0,8403814","-52,5218683",,"77,5"
AP,BR-156,255,256,1,23/06/2022,"-0,8403814","-52,5218683",,"82,5"
AP,BR-156,256,257,1,23/06/2022,"-0,8403814","-52,5218683",,"82,5"
AP,BR-156,257,258,1,23/06/2022,"-0,8403814","-52,5218683",,"77,5"
AP,BR-156,258,259,1,23/06/2022,"-0,8403814","-52,5218683",,"77,5"
AP,BR-156,259,260,1,23/06/2022,"-0,8403814","-52,5218683",,"77,5"
AP,BR-156,260,261,1,23/06/2022,"-0,8403814","-52,5218683",,"77,5"
AP,BR-156,261,262,1,23/06/2022,"-0,8403814","-52,5218683",,"77,5"
AP,BR-156,262,263,1,23/06/2022,"-0,8403814","-52,5218683",,"82,5"
AP,BR-156,263,264,1,23/06/2022,"-0,8403814","-52,5218683",,"77,5"
AP,BR-156,264,265,1,23/06/2022,"-0,8403814","-52,5218683",,"77,5"
AP,BR-156,265,266,1,23/06/2022,"-0,8403814","-52,5218683",,"77,5"
AP,BR-156,266,267,1,23/06/2022,"-0,8403814","-52,5218683",,"77,5"
AP,BR-156,267,268,1,23/06/2022,"-0,8403814","-52,5218683",,"78,75"
AP,BR-156,268,269,1,23/06/2022,"-0,8403814","-52,5218683",,"78,75"
AP,BR-156,269,270,1,23/06/2022,"-0,8403814","-52,5218683",,"78,75"
AP,BR-156,270,271,1,23/06/2022,"-0,8403814","-52,5218683",,"78,75"
AP,BR-156,271,"271,2","0,2",23/06/2022,"-0,8403814","-52,5218683",,"78,75"
GO,BR-070,"67,3",68,"0,7",14/06/2022,"-15,7736841","-48,767005",,"17,5"
GO,BR-070,68,69,1,14/06/2022,"-15,7758921","-48,7688889",,"17,5"
GO,BR-070,69,70,1,14/06/2022,"-15,7758921","-48,7688889",,"17,5"
GO,BR-070,70,71,1,14/06/2022,"-15,7758921","-48,7688889",,"17,5"
GO,BR-070,71,72,1,14/06/2022,"-15,8004346","-48,7855333",,"17,5"
GO,BR-070,72,73,1,14/06/2022,"-15,8004346","-48,7855333",,"17,5"
GO,BR-070,73,74,1,14/06/2022,"-15,8004346","-48,7855333",,"17,5"
GO,BR-070,74,75,1,14/06/2022,"-15,8004346","-48,7855333",,"2,5"
GO,BR-070,75,76,1,14/06/2022,"-15,8004346","-48,7855333",,"2,5"
GO,BR-070,76,77,1,14/06/2022,"-15,8004346","-48,7855333",,"2,5"
GO,BR-070,77,78,1,14/06/2022,"-15,8004346","-48,7855333",,0
GO,BR-070,78,79,1,14/06/2022,"-15,8004346","-48,7855333",,0
GO,BR-070,79,80,1,14/06/2022,"-15,8004346","-48,7855333",,0
GO,BR-070,80,81,1,14/06/2022,"-15,8004346","-48,7855333",,"2,5"
GO,BR-070,81,82,1,14/06/2022,"-15,8004346","-48,7855333",,"2,5"
GO,BR-070,82,83,1,14/06/2022,"-15,8004346","-48,7855333",,"2,5"
GO,BR-070,83,84,1,14/06/2022,"-15,8004346","-48,7855333",,"2,5"
GO,BR-070,84,85,1,14/06/2022,"-15,8004346","-48,7855333",,"2,5"
GO,BR-070,85,86,1,14/06/2022,"-15,8004346","-48,7855333",,"2,5"
GO,BR-070,86,87,1,14/06/2022,"-15,8004346","-48,7855333",,10
GO,BR-070,87,88,1,14/06/2022,"-15,8004346","-48,7855333",,"2,5"
GO,BR-070,88,89,1,14/06/2022,"-15,8004346","-48,7855333",,"2,5"
GO,BR-070,89,90,1,14/06/2022,"-15,8004346","-48,7855333",,"2,5"
GO,BR-070,90,91,1,14/06/2022,"-15,8004346","-48,7855333",,"2,5"
GO,BR-070,91,92,1,14/06/2022,"-15,8004346","-48,7855333",,"2,5"
GO,BR-070,92,93,1,14/06/2022,"-15,8004346","-48,7855333",,"17,5"
GO,BR-070,93,94,1,14/06/2022,"-15,8004346","-48,7855333",,15
GO,BR-070,94,95,1,14/06/2022,"-15,8004346","-48,7855333",,0
GO,BR-070,95,96,1,14/06/2022,"-15,8044198","-49,0222264",,"17,5"
GO,BR-070,96,97,1,14/06/2022,"-15,8044198","-49,0222264",,45
GO,BR-070,97,98,1,14/06/2022,"-15,8044198","-49,0222264",,"37,5"
GO,BR-070,98,99,1,14/06/2022,"-15,8044198","-49,0222264",,"37,5"
GO,BR-070,99,100,1,14/06/2022,"-15,8044198","-49,0222264",,"37,5"
GO,BR-070,100,101,1,14/06/2022,"-15,8044198","-49,0222264",,"43,75"
GO,BR-070,101,102,1,14/06/2022,"-15,8044198","-49,0222264",,"17,5"
GO,BR-070,102,103,1,14/06/2022,"-15,8044198","-49,0222264",,"48,75"
GO,BR-070,103,104,1,14/06/2022,"-15,8044198","-49,0222264",,30
GO,BR-070,104,105,1,14/06/2022,"-15,8311495","-49,0014131",,"2,5"
GO,BR-070,105,106,1,14/06/2022,"-15,8311495","-49,0014131",,35
GO,BR-070,106,107,1,14/06/2022,"-15,8311495","-49,0014131",,"2,5"
GO,BR-070,107,108,1,14/06/2022,"-15,8311495","-49,0014131",,"17,5"
GO,BR-070,108,109,1,14/06/2022,"-15,8311495","-49,0014131",,"22,5"
GO,BR-070,109,110,1,14/06/2022,"-15,8311495","-49,0014131",,"22,5"
GO,BR-070,110,111,1,14/06/2022,"-15,8311495","-49,0014131",,35
GO,BR-070,111,112,1,14/06/2022,"-15,8311495","-49,0014131",,"17,5"
GO,BR-070,112,113,1,14/06/2022,"-15,8311495","-49,0014131",,"17,5"
GO,BR-070,113,114,1,14/06/2022,"-15,8311495","-49,0014131",,"17,5"
GO,BR-070,114,115,1,14/06/2022,"-15,8311495","-49,0014131",,35
GO,BR-070,115,116,1,14/06/2022,"-15,8311495","-49,0014131",,30
GO,BR-070,116,117,1,14/06/2022,"-15,8311495","-49,0014131",,30
GO,BR-070,117,118,1,14/06/2022,"-15,8311495","-49,0014131",,"22,5"
GO,BR-070,118,119,1,14/06/2022,"-15,7940484","-49,3007803",,"42,5"
GO,BR-070,119,120,1,14/06/2022,"-15,7940484","-49,3007803",,"17,5"
GO,BR-070,120,121,1,14/06/2022,"-15,7940484","-49,3007803",,"36,25"
GO,BR-070,121,122,1,14/06/2022,"-15,7940484","-49,3007803",,"17,5"
GO,BR-070,122,123,1,14/06/2022,"-15,7940484","-49,3007803",,30
GO,BR-070,123,124,1,14/06/2022,"-15,7767979","-49,3061686",,"2,5"
PB,BR-434,"19,4",20,"0,6",23/06/2022,"-6,690465","-37,6033116",,"2,5"
PB,BR-434,20,21,1,23/06/2022,"-6,690465","-37,6033116",,10
PB,BR-434,21,22,1,23/06/2022,"-6,690465","-37,6033116",,"48,75"
PB,BR-434,22,23,1,23/06/2022,"-6,690465","-37,6033116",,"22,5"
PB,BR-434,23,24,1,23/06/2022,"-6,690465","-37,6033116",,15
PB,BR-434,24,25,1,23/06/2022,"-6,690465","-37,6033116",,"7,5"
PB,BR-434,25,26,1,23/06/2022,"-6,690465","-37,6033116",,50
PB,BR-434,26,27,1,23/06/2022,"-6,690465","-37,6033116",,10
PB,BR-434,27,28,1,23/06/2022,"-6,690465","-37,6033116",,"13,75"
PB,BR-434,28,29,1,23/06/2022,"-6,690465","-37,6033116",,"61,25"
PB,BR-434,29,30,1,23/06/2022,"-6,690465","-37,6033116",,"47,5"
PB,BR-434,30,31,1,23/06/2022,"-6,690465","-37,6033116",,"37,5"
PB,BR-434,31,32,1,23/06/2022,"-6,690465","-37,6033116",,50
PB,BR-434,32,33,1,23/06/2022,"-6,690465","-37,6033116",,"37,5"
PB,BR-434,33,34,1,23/06/2022,"-6,690465","-37,6033116",,"36,25"
PB,BR-434,34,"34,4","0,4",23/06/2022,"-6,690465","-37,6033116",,50
AM,BR-174,195,196,1,14/06/2022,"-7,5235588","-60,6696135",,"61,25"
AM,BR-174,196,197,1,14/06/2022,"-7,4981772","-63,0256116",,55
AM,BR-174,197,198,1,14/06/2022,"-7,4981772","-63,0256116",,"72,5"
AM,BR-174,198,199,1,14/06/2022,"-7,4981772","-63,0256116",,"53,75"
AM,BR-174,199,200,1,14/06/2022,"-7,4981772","-63,0256116",,"53,75"
AM,BR-174,200,201,1,14/06/2022,"-7,4981772","-63,0256116",,"66,25"
AM,BR-174,201,202,1,14/06/2022,"-7,4981772","-63,0256116",,70
AM,BR-174,202,203,1,14/06/2022,"-7,4981772","-63,0256116",,"62,5"
AM,BR-174,203,204,1,14/06/2022,"-7,4981772","-63,0256116",,"66,25"
AM,BR-174,204,205,1,14/06/2022,"-7,4981772","-63,0256116",Substituição de BSTM na EST. 500,60
AM,BR-174,205,206,1,14/06/2022,"-7,4981772","-63,0256116",,"73,75"
AM,BR-174,206,207,1,14/06/2022,"-7,4981772","-63,0256116",,"51,25"
AM,BR-174,207,208,1,14/06/2022,"-7,4981772","-63,0256116",,"62,5"
AM,BR-174,208,209,1,14/06/2022,"-7,4981772","-63,0256116",,"77,5"
AM,BR-174,209,210,1,14/06/2022,"-7,4981772","-63,0256116",,"73,75"
AM,BR-174,210,211,1,14/06/2022,"-7,4981772","-63,0256116",Excesso de erosão no bordo L.D,"66,25"
AM,BR-174,211,212,1,14/06/2022,"-7,4981772","-63,0256116",,"53,75"
AM,BR-174,212,213,1,14/06/2022,"-7,4981772","-63,0256116",,50
AM,BR-174,213,214,1,14/06/2022,"-7,4981772","-63,0256116",,"56,25"
AM,BR-174,214,215,1,14/06/2022,"-7,4981772","-63,0256116",,60
AM,BR-174,215,216,1,14/06/2022,"-7,4981772","-63,0256116",,50
AM,BR-174,216,217,1,14/06/2022,"-7,4981772","-63,0256116",,50
AM,BR-174,217,218,1,14/06/2022,"-7,4981772","-63,0256116",,"42,5"
AM,BR-174,218,219,1,14/06/2022,"-7,4981772","-63,0256116",,"66,25"
AM,BR-174,219,220,1,14/06/2022,"-7,4981772","-63,0256116",,50
AM,BR-174,220,221,1,14/06/2022,"-7,4981772","-63,0256116",,"73,75"
AM,BR-174,221,222,1,14/06/2022,"-7,4981772","-63,0256116",,70
AM,BR-174,222,223,1,14/06/2022,"-7,4981772","-63,0256116",,"56,25"
AM,BR-174,223,224,1,14/06/2022,"-7,4981772","-63,0256116",,50
AM,BR-174,224,225,1,14/06/2022,"-7,4981772","-63,0256116",,75
AM,BR-174,225,226,1,14/06/2022,"-7,4981772","-63,0256116",,"57,5"
AM,BR-174,226,227,1,14/06/2022,"-7,4981772","-63,0256116",,65
AM,BR-230,206,205,1,15/06/2022,"-7,1972917","-59,8896121",,"22,5"
AM,BR-230,205,204,1,15/06/2022,"-7,1972917","-59,8896121",,"22,5"
AM,BR-230,204,203,1,15/06/2022,"-7,1972917","-59,8896121",,20
AM,BR-230,203,202,1,15/06/2022,"-7,1972917","-59,8896121",,10
AM,BR-230,202,201,1,15/06/2022,"-7,1972917","-59,8896121",,5
AM,BR-230,201,200,1,15/06/2022,"-7,1972917","-59,8896121",,5
AM,BR-230,200,199,1,15/06/2022,"-7,1972917","-59,8896121",,20
AM,BR-230,199,198,1,15/06/2022,"-7,1972917","-59,8896121",,5
AM,BR-230,198,197,1,15/06/2022,"-7,1972917","-59,8896121",,5
AM,BR-230,197,196,1,15/06/2022,"-7,1972917","-59,8896121",,5
AM,BR-230,196,195,1,15/06/2022,"-7,1972917","-59,8896121",,5
AM,BR-230,195,194,1,15/06/2022,"-7,1972917","-59,8896121",,5
AM,BR-230,194,193,1,15/06/2022,"-7,1972917","-59,8896121",,5
AM,BR-230,193,192,1,15/06/2022,"-7,1972917","-59,8896121",,20
AM,BR-230,192,191,1,15/06/2022,"-7,1972917","-59,8896121",,5
AM,BR-230,191,190,1,15/06/2022,"-7,1972917","-59,8896121",,5
AM,BR-230,190,189,1,15/06/2022,"-7,1972917","-59,8896121",,5
AM,BR-230,189,188,1,15/06/2022,"-7,1972917","-59,8896121",,"16,25"
AM,BR-230,188,187,1,15/06/2022,"-7,1972917","-59,8896121",,"12,5"
AM,BR-230,187,186,1,15/06/2022,"-7,1972917","-59,8896121",,"12,5"
AM,BR-230,186,185,1,15/06/2022,"-7,1972917","-59,8896121",,"12,5"
AM,BR-230,185,184,1,15/06/2022,"-7,1972917","-59,8896121",,"12,5"
AM,BR-230,184,183,1,15/06/2022,"-7,1972917","-59,8896121",,5
AM,BR-230,183,182,1,15/06/2022,"-7,1972917","-59,8896121",,"23,75"
AM,BR-230,182,181,1,15/06/2022,"-7,1972917","-59,8896121",,70
AM,BR-230,181,180,1,15/06/2022,"-7,1972917","-59,8896121",,"66,25"
AM,BR-230,180,179,1,15/06/2022,"-7,1972917","-59,8896121",Trecho com erosão no eixo da rodovia,"81,25"
AM,BR-230,179,178,1,15/06/2022,"-7,1972917","-59,8896121",,85
AM,BR-230,178,177,1,15/06/2022,"-7,1972917","-59,8896121",Erosão no eixo da rodovia,"73,75"
AM,BR-230,177,176,1,15/06/2022,"-7,1972917","-59,8896121",,85
AM,BR-230,176,175,1,15/06/2022,"-7,1972917","-59,8896121",Erosão no eixo da rodovia,85
AM,BR-230,175,174,1,15/06/2022,"-7,1972917","-59,8896121",,85
AM,BR-230,174,173,1,15/06/2022,"-7,1972917","-59,8896121",,70
AM,BR-230,173,172,1,15/06/2022,"-7,1972917","-59,8896121",Erosão no eixo da rodovia,80
AM,BR-230,172,171,1,15/06/2022,"-7,1972917","-59,8896121",,"62,5"
AM,BR-230,171,170,1,15/06/2022,"-7,1972917","-59,8896121",,85
AM,BR-230,170,169,1,15/06/2022,"-7,1972917","-59,8896121",,"66,25"
AM,BR-230,169,168,1,15/06/2022,"-7,1972917","-59,8896121",,85
AM,BR-230,168,167,1,15/06/2022,"-7,1972917","-59,8896121",,85
AM,BR-230,167,166,1,15/06/2022,"-7,1972917","-59,8896121",,"81,25"
AM,BR-230,166,165,1,15/06/2022,"-7,1972917","-59,8896121",,70
AM,BR-230,165,164,1,15/06/2022,"-7,1972917","-59,8896121",Erosão no eixo da rodovia,"58,75"
AM,BR-230,164,163,1,15/06/2022,"-7,1972917","-59,8896121",Erosão no eixo é bordo da rodovia,"77,5"
AM,BR-230,163,162,1,15/06/2022,"-7,1972917","-59,8896121",,"77,5"
AM,BR-230,162,161,1,15/06/2022,"-7,1972917","-59,8896121",Erosão no eixo da rodovia,70
AM,BR-230,161,160,1,15/06/2022,"-7,1972917","-59,8896121",Erosão no bordo esquerdo,"76,25"
AM,BR-230,160,159,1,15/06/2022,"-7,1972917","-59,8896121",,"81,25"
AM,BR-230,159,158,1,15/06/2022,"-7,1972917","-59,8896121",,"73,75"
AM,BR-230,158,157,1,15/06/2022,"-7,1972917","-59,8896121",,"73,75"
AM,BR-230,157,156,1,15/06/2022,"-7,1972917","-59,8896121",,"73,75"
AM,BR-230,156,155,1,15/06/2022,"-7,1972917","-59,8896121",,85
AM,BR-230,155,154,1,15/06/2022,"-7,1972917","-59,8896121",Erosão no eixo da rodovia,"77,5"
AM,BR-230,154,153,1,15/06/2022,"-7,1972917","-59,8896121",,"83,75"
AM,BR-230,153,152,1,15/06/2022,"-7,1972917","-59,8896121",Erosão no eixo da rodovia,"77,5"
AM,BR-230,152,151,1,15/06/2022,"-7,1972917","-59,8896121",,"88,75"
AM,BR-230,151,150,1,15/06/2022,"-7,1972917","-59,8896121",,85
AM,BR-230,150,149,1,15/06/2022,"-7,1972917","-59,8896121",,"88,75"
AM,BR-230,149,148,1,15/06/2022,"-7,1972917","-59,8896121",,"87,5"
AM,BR-230,148,147,1,15/06/2022,"-7,1972917","-59,8896121",,90
AM,BR-230,147,146,1,15/06/2022,"-7,1972917","-59,8896121",,"98,75"
AM,BR-230,146,145,1,15/06/2022,"-7,1972917","-59,8896121",,"83,75"
AM,BR-230,145,144,1,15/06/2022,"-7,1972917","-59,8896121",,"87,5"
AM,BR-230,144,143,1,15/06/2022,"-7,1972917","-59,8896121",,"98,75"
AM,BR-230,143,142,1,15/06/2022,"-7,1972917","-59,8896121",,"73,75"
AM,BR-230,142,141,1,15/06/2022,"-7,1972917","-59,8896121",,"97,5"
AM,BR-230,141,140,1,15/06/2022,"-7,1972917","-59,8896121",,"81,25"
AM,BR-230,140,139,1,15/06/2022,"-7,1972917","-59,8896121",,"67,5"
AM,BR-230,139,138,1,16/06/2022,"-7,1972917","-59,8896121",Erosão no eixo da rodovia,45
AM,BR-230,138,137,1,16/06/2022,"-6,90121168","-59,2800087",Erosão no eixo da rodovia,"66,25"
AM,BR-230,137,136,1,16/06/2022,"-6,90121168","-59,2800087",Erosão no bordo esquerdo,"66,25"
AM,BR-230,136,135,1,16/06/2022,"-6,90121168","-59,2800087",,"91,25"
AM,BR-230,135,134,1,16/06/2022,"-6,90121168","-59,2800087",,"91,25"
AM,BR-230,134,133,1,16/06/2022,"-6,90121168","-59,2800087",,"81,25"
AM,BR-230,133,132,1,16/06/2022,"-6,90121168","-59,2800087",,"91,25"
AM,BR-230,132,131,1,16/06/2022,"-6,90121168","-59,2800087",Erosão no bordo direito,70
AM,BR-230,131,130,1,16/06/2022,"-6,90121168","-59,2800087",,"73,75"
AM,BR-230,130,129,1,16/06/2022,"-6,90121168","-59,2800087",Erosão no eixo e bordo direito,"73,75"
AM,BR-230,129,128,1,16/06/2022,"-6,90121168","-59,2800087",Erosão no bordo direito e eixo da rodovia,"77,5"
AM,BR-230,128,127,1,16/06/2022,"-6,90121168","-59,2800087",Erosão no eixo da rodovia,"81,25"
AM,BR-230,127,126,1,16/06/2022,"-6,90121168","-59,2800087",Erosão no eixo da rodovia e bordo direito,"77,5"
AM,BR-230,126,125,1,16/06/2022,"-6,90121168","-59,2800087",Erosão no eixo da rodovia,"92,5"
AM,BR-230,125,124,1,16/06/2022,"-6,90121168","-59,2800087",Erosão no eixo da rodovia,"88,75"
AM,BR-230,124,123,1,16/06/2022,"-6,90121168","-59,2800087",Erosão no bordo direito e eixo da rodovia,95
AM,BR-230,123,122,1,16/06/2022,"-6,90121168","-59,2800087",Erosão no eixo da rodovia e bordo esquerdo,95
AM,BR-230,122,121,1,16/06/2022,"-6,90121168","-59,2800087",Erosão no eixo da rodovia e bordo direito,95
AM,BR-230,121,120,1,16/06/2022,"-6,90121168","-59,2800087",Erosão no bordo direito e esquerdo,95
AM,BR-230,120,119,1,16/06/2022,"-6,90121168","-59,2800087",,"91,25"
AM,BR-230,119,118,1,16/06/2022,"-6,90121168","-59,2800087",Erosão no bordo direito,"83,75"
AM,BR-230,118,117,1,16/06/2022,"-6,90121168","-59,2800087",Erosão no bordo esquerdo,85
AM,BR-230,117,116,1,16/06/2022,"-6,90121168","-59,2800087",Erosão no bordo direito e esquerdo da rodovia,95
AM,BR-230,116,115,1,16/06/2022,"-6,90121168","-59,2800087",,95
AM,BR-230,115,114,1,16/06/2022,"-6,90121168","-59,2800087",,70
AM,BR-230,114,113,1,16/06/2022,"-6,90121168","-59,2800087",Erosão no bordo esquerdo e direto,"77,5"
AM,BR-230,113,112,1,16/06/2022,"-6,90121168","-59,2800087",Erosão no bordo esquerdo e direto,85
AM,BR-230,112,111,1,16/06/2022,"-6,90121168","-59,2800087",Erosão no bordo esquerdo da rodovia,"97,5"
AM,BR-230,111,110,1,16/06/2022,"-6,90121168","-59,2800087",Erosão no eixo da rodovia e bordo direito,"88,75"
AM,BR-230,110,109,1,16/06/2022,"-6,90121168","-59,2800087",Erosão no bordo direito e esquerdo da rodovia,"92,5"
AM,BR-230,109,108,1,16/06/2022,"-6,90121168","-59,2800087",Erosão no eixo e bordos da rodovia,"77,5"
AM,BR-230,108,107,1,16/06/2022,"-6,90121168","-59,2800087",Erosão no bordo esquerdo e direto,"71,25"
AM,BR-230,107,106,1,16/06/2022,"-6,90121168","-59,2800087",,"91,25"
AM,BR-230,106,105,1,16/06/2022,"-6,90121168","-59,2800087",,"91,25"
AM,BR-230,105,104,1,16/06/2022,"-6,90121168","-59,2800087",,"91,25"
AM,BR-230,104,103,1,16/06/2022,"-6,90121168","-59,2800087",,"91,25"
AM,BR-230,103,102,1,16/06/2022,"-6,90121168","-59,2800087",,"48,75"
AM,BR-230,102,101,1,16/06/2022,"-7,1975516","-59,8935699",,"87,5"
AM,BR-230,101,100,1,16/06/2022,"-7,1975516","-59,8935699",Erosão no eixo da rodovia,"87,5"
AM,BR-230,100,99,1,16/06/2022,"-7,1975516","-59,8935699",Erosão no eixo da rodovia,75
AM,BR-230,99,98,1,16/06/2022,"-7,1975516","-59,8935699",,"88,75"
AM,BR-230,98,97,1,16/06/2022,"-7,1975516","-59,8935699",Erosão no eixo da rodovia e bordos,"86,25"
AM,BR-230,97,96,1,16/06/2022,"-7,1975516","-59,8935699",,"92,5"
AM,BR-230,96,95,1,16/06/2022,"-7,1975516","-59,8935699",Erosão no eixo da rodovia,75
AM,BR-230,95,94,1,16/06/2022,"-7,1975516","-59,8935699",,"87,5"
AM,BR-230,94,93,1,16/06/2022,"-7,1975516","-59,8935699",,85
AM,BR-230,93,92,1,16/06/2022,"-7,1975516","-59,8935699",Erosão no eixo da rodovia,95
AM,BR-230,92,91,1,16/06/2022,"-7,1975516","-59,8935699",Erosão no eixo da rodovia,85
AM,BR-230,91,90,1,16/06/2022,"-7,1975516","-59,8935699",Erosão no bordo direito e eixo da rodovia,"92,5"
AM,BR-230,90,89,1,16/06/2022,"-7,1975516","-59,8935699",,"92,5"
AM,BR-230,89,88,1,16/06/2022,"-7,1975516","-59,8935699",,85
AM,BR-230,88,87,1,16/06/2022,"-7,1975516","-59,8935699",Erosão no eixo da rodovia,"92,5"
AM,BR-230,87,86,1,16/06/2022,"-7,1975516","-59,8935699",Erosão no eixo da rodovia,"92,5"
AM,BR-230,86,85,1,16/06/2022,"-7,1975516","-59,8935699",,"88,75"
AM,BR-230,85,84,1,16/06/2022,"-7,1975516","-59,8935699",Erosão no eixo da rodovia,75
AM,BR-230,84,83,1,16/06/2022,"-7,1975516","-59,8935699",,85
AM,BR-230,83,82,1,16/06/2022,"-7,1975516","-59,8935699",Erosão no eixo da rodovia,"92,5"
AM,BR-230,82,81,1,16/06/2022,"-7,1975516","-59,8935699",Erosão no eixo da rodovia,"92,5"
AM,BR-230,81,80,1,16/06/2022,"-7,1975516","-59,8935699",Erosão no eixo da rodovia,"92,5"
AM,BR-230,80,79,1,16/06/2022,"-7,1975516","-59,8935699",Erosão no eixo da rodovia,"92,5"
AM,BR-230,79,78,1,16/06/2022,"-7,1975516","-59,8935699",,"92,5"
AM,BR-230,78,77,1,16/06/2022,"-7,1975516","-59,8935699",,"92,5"
AM,BR-230,77,76,1,16/06/2022,"-7,1975516","-59,8935699",,85
AM,BR-230,76,75,1,16/06/2022,"-7,1975516","-59,8935699",,85
AM,BR-230,75,74,1,16/06/2022,"-7,1975516","-59,8935699",Erosão no eixo da rodovia,"61,25"
AM,BR-230,74,73,1,16/06/2022,"-7,1975516","-59,8935699",Erosão no eixo da rodovia,"88,75"
AM,BR-230,73,72,1,16/06/2022,"-7,1975516","-59,8935699",,"92,5"
AM,BR-230,72,71,1,16/06/2022,"-7,1975516","-59,8935699",,"86,25"
AM,BR-230,71,70,1,16/06/2022,"-7,1975516","-59,8935699",,"86,25"
AM,BR-230,70,69,1,16/06/2022,"-7,1975516","-59,8935699",,75
AM,BR-230,69,68,1,16/06/2022,"-7,1975516","-59,8935699",,85
AM,BR-230,68,67,1,16/06/2022,"-7,1975516","-59,8935699",,85
AM,BR-230,67,66,1,16/06/2022,"-7,1975516","-59,8935699",,"67,5"
AM,BR-230,66,65,1,16/06/2022,"-7,1975516","-59,8935699",,"88,75"
AM,BR-230,65,64,1,16/06/2022,"-7,1975516","-59,8935699",Erosão no eixo da rodovia,"92,5"
AM,BR-230,64,63,1,16/06/2022,"-7,1975516","-59,8935699",Erosão no bordo direito e esquerdo da rodovia,95
AM,BR-230,63,62,1,16/06/2022,"-7,1975516","-59,8935699",Erosão no bordo esquerdo e direto da rodovia,95
AM,BR-230,62,61,1,16/06/2022,"-7,1975516","-59,8935699",Erosão no eixo da rodovia,"92,5"
AM,BR-230,61,60,1,16/06/2022,"-7,1975516","-59,8935699",,"81,25"
AM,BR-230,60,59,1,16/06/2022,"-7,1975516","-59,8935699",Trecho com ponto crítico,"92,5"
AM,BR-230,59,58,1,16/06/2022,"-7,1975516","-59,8935699",Trecho com ponto crítico,"88,75"
AM,BR-230,58,57,1,16/06/2022,"-7,1975516","-59,8935699",,"92,5"
AM,BR-230,57,56,1,16/06/2022,"-7,1975516","-59,8935699",Erosão no eixo da rodovia,"92,5"
AM,BR-230,56,55,1,16/06/2022,"-7,1975516","-59,8935699",Erosão no eixo da rodovia,"88,75"
AM,BR-230,55,54,1,16/06/2022,"-7,1975516","-59,8935699",Erosão no eixo da rodovia,"92,5"
AM,BR-230,54,53,1,16/06/2022,"-7,1975516","-59,8935699",Erosão no eixo da rodovia,"92,5"
AM,BR-230,53,52,1,16/06/2022,"-7,1975516","-59,8935699",Erosão no eixo da rodovia,"92,5"
AM,BR-230,52,51,1,16/06/2022,"-7,1975516","-59,8935699",,"97,5"
AM,BR-230,51,50,1,16/06/2022,"-7,1975516","-59,8935699",Erosão no bordo esquerdo,"97,5"
AM,BR-230,50,49,1,16/06/2022,"-7,1975516","-59,8935699",Erosão no bordo direito e esquerdo da rodovia,"97,5"
AM,BR-230,49,48,1,16/06/2022,"-7,1975516","-59,8935699",Erosão no bordo esquerdo da rodovia,"92,5"
AM,BR-230,48,47,1,16/06/2022,"-7,1975516","-59,8935699",Erosão no bordo direito da rodovia,"92,5"
AM,BR-230,47,46,1,16/06/2022,"-7,1975516","-59,8935699",,"88,75"
AM,BR-230,46,45,1,16/06/2022,"-7,1975516","-59,8935699",,"88,75"
AM,BR-230,45,44,1,16/06/2022,"-7,1975516","-59,8935699",Erosão no eixo da rodovia,"88,75"
AM,BR-230,44,43,1,16/06/2022,"-7,1975516","-59,8935699",Erosão no eixo da rodovia,"92,5"
AM,BR-230,43,42,1,16/06/2022,"-7,1975516","-59,8935699",,"78,75"
AM,BR-230,42,41,1,16/06/2022,"-7,1975516","-59,8935699",Erosão no bordo direito da rodovia,95
AM,BR-230,41,40,1,16/06/2022,"-7,1975516","-59,8935699",,"78,75"
AM,BR-230,40,39,1,16/06/2022,"-7,1975516","-59,8935699",,"78,75"
AM,BR-230,39,38,1,16/06/2022,"-7,1975516","-59,8935699",,"53,75"
AM,BR-230,38,37,1,16/06/2022,"-7,1975516","-59,8935699",Erosão no bordo direito,"81,25"
AM,BR-230,37,36,1,16/06/2022,"-7,1975516","-59,8935699",Erosão no bordo direito e eixo,45
AM,BR-230,36,35,1,16/06/2022,"-7,1975516","-59,8935699",,"77,5"
AM,BR-230,35,34,1,16/06/2022,"-7,1975516","-59,8935699",,"81,25"
AM,BR-230,34,33,1,16/06/2022,"-7,1975516","-59,8935699",,"88,75"
AM,BR-230,33,32,1,16/06/2022,"-7,1975516","-59,8935699",,"88,75"
AM,BR-230,32,31,1,16/06/2022,"-7,1975516","-59,8935699",,"88,75"
AM,BR-230,31,30,1,16/06/2022,"-7,1975516","-59,8935699",Erosão no eixo da rodovia,"88,75"
AM,BR-230,30,29,1,16/06/2022,"-7,1975516","-59,8935699",Erosão no eixo da rodovia,"88,75"
AM,BR-230,29,28,1,16/06/2022,"-7,1975516","-59,8935699",Erosão no bordo direito a,"82,5"
AM,BR-230,28,27,1,16/06/2022,"-7,1975516","-59,8935699",,"92,5"
AM,BR-230,27,26,1,16/06/2022,"-7,1975516","-59,8935699",,"72,5"
AM,BR-230,26,25,1,16/06/2022,"-7,1975516","-59,8935699",,70
AM,BR-230,25,24,1,16/06/2022,"-6,57858266","-58,4175192",,65
AM,BR-230,24,23,1,16/06/2022,"-6,57858266","-58,4175192",,70
AM,BR-230,23,22,1,16/06/2022,"-6,57858266","-58,4175192",Erosão no eixo da rodovia,"57,5"
AM,BR-230,22,21,1,16/06/2022,"-6,57858266","-58,4175192",,50
AM,BR-230,21,20,1,16/06/2022,"-6,57858266","-58,4175192",Erosão no bordo direito,50
AM,BR-230,20,19,1,16/06/2022,"-6,57858266","-58,4175192",,35
AM,BR-230,19,18,1,16/06/2022,"-6,57858266","-58,4175192",,"47,5"
AM,BR-230,18,17,1,16/06/2022,"-6,57858266","-58,4175192",Erosão no bordo direito e esquerdo,65
AM,BR-230,17,16,1,16/06/2022,"-6,57858266","-58,4175192",Erosão no eixo da rodovia,75
AM,BR-230,16,15,1,16/06/2022,"-6,57858266","-58,4175192",,"63,75"
AM,BR-230,15,14,1,16/06/2022,"-6,57858266","-58,4175192",Erosão no eixo da rodovia,55
AM,BR-230,14,13,1,16/06/2022,"-6,57858266","-58,4175192",Erosão no eixo da rodovia,75
AM,BR-230,13,12,1,16/06/2022,"-6,57858266","-58,4175192",,"88,75"
AM,BR-230,12,11,1,16/06/2022,"-6,57858266","-58,4175192",,"81,25"
AM,BR-230,11,10,1,16/06/2022,"-6,57858266","-58,4175192",,"88,75"
AM,BR-230,10,9,1,16/06/2022,"-6,57858266","-58,4175192",Erosão no eixo da rodovia,"81,25"
AM,BR-230,9,8,1,16/06/2022,"-6,57858266","-58,4175192",,"88,75"
AM,BR-230,8,7,1,16/06/2022,"-6,57858266","-58,4175192",,"73,75"
AM,BR-230,7,6,1,16/06/2022,"-6,57858266","-58,4175192",,60
AM,BR-230,6,5,1,16/06/2022,"-6,57858266","-58,4175192",Erosão no eixo da rodovia,"57,5"
AM,BR-230,5,4,1,16/06/2022,"-6,57858266","-58,4175192",Erosão no eixo da rodovia,"62,5"
AM,BR-230,4,3,1,16/06/2022,"-6,57858266","-58,4175192",Erosão no eixo da rodovia,85
AM,BR-230,3,2,1,16/06/2022,"-6,57858266","-58,4175192",,"68,75"
AM,BR-230,2,1,1,16/06/2022,"-6,57858266","-58,4175192",Erosão no eixo da rodovia,60
AM,BR-230,1,0,1,16/06/2022,"-6,57858266","-58,4175192",,75
AM,BR-230,"213,2",214,"0,8",20/06/2022,"-7,1974436","-59,8897366",,"66,25"
AM,BR-230,214,215,1,20/06/2022,"-7,1990255","-59,8913362",,"66,25"
AM,BR-230,215,216,1,20/06/2022,"-7,1990255","-59,8913362",,"52,5"
AM,BR-230,216,217,1,20/06/2022,"-7,1990255","-59,8913362",,"42,5"
AM,BR-230,217,218,1,20/06/2022,"-7,1990255","-59,8913362",,80
AM,BR-230,218,219,1,20/06/2022,"-7,1990255","-59,8913362",,"63,75"
AM,BR-230,219,220,1,20/06/2022,"-7,1990255","-59,8913362",,"76,25"
AM,BR-230,220,221,1,20/06/2022,"-7,1990255","-59,8913362",,80
AM,BR-230,221,222,1,20/06/2022,"-7,1990255","-59,8913362",,"83,75"
AM,BR-230,222,223,1,20/06/2022,"-7,1990255","-59,8913362",,"67,5"
AM,BR-230,223,224,1,20/06/2022,"-7,1990255","-59,8913362",,"81,25"
AM,BR-230,224,225,1,20/06/2022,"-7,1990255","-59,8913362",,"76,25"
AM,BR-230,225,226,1,20/06/2022,"-7,1990255","-59,8913362",,80
AM,BR-230,226,227,1,20/06/2022,"-7,1990255","-59,8913362",,"67,5"
AM,BR-230,227,228,1,20/06/2022,"-7,1990255","-59,8913362",,"43,75"
AM,BR-230,228,229,1,20/06/2022,"-7,20068313","-59,8921812",,"67,5"
AM,BR-230,229,230,1,20/06/2022,"-7,20068313","-59,8921812",,"66,25"
AM,BR-230,230,231,1,20/06/2022,"-7,20068313","-59,8921812",,"71,25"
AM,BR-230,231,232,1,20/06/2022,"-7,20068313","-59,8921812",,"82,5"
AM,BR-230,232,233,1,20/06/2022,"-7,20068313","-59,8921812",,"62,5"
AM,BR-230,233,234,1,20/06/2022,"-7,20068313","-59,8921812",,"58,75"
AM,BR-230,234,235,1,20/06/2022,"-7,20068313","-59,8921812",Erosão no bordo esquerdo da rodovia,50
AM,BR-230,235,236,1,20/06/2022,"-7,20068313","-59,8921812",,60
AM,BR-230,236,237,1,20/06/2022,"-7,20068313","-59,8921812",,"66,25"
AM,BR-230,237,238,1,20/06/2022,"-7,20068313","-59,8921812",,"56,25"
AM,BR-230,238,239,1,20/06/2022,"-7,20068313","-59,8921812",,50
AM,BR-230,239,240,1,20/06/2022,"-7,20068313","-59,8921812",,"58,75"
AM,BR-230,240,241,1,20/06/2022,"-7,20068313","-59,8921812",,"66,25"
AM,BR-230,241,242,1,20/06/2022,"-7,20068313","-59,8921812",,60
AM,BR-230,242,243,1,20/06/2022,"-7,20068313","-59,8921812",,"52,5"
AM,BR-230,243,244,1,20/06/2022,"-7,20068313","-59,8921812",,75
AM,BR-230,244,245,1,20/06/2022,"-7,20068313","-59,8921812",,75
AM,BR-230,245,246,1,20/06/2022,"-7,20068313","-59,8921812",,"67,5"
AM,BR-230,246,247,1,20/06/2022,"-7,20068313","-59,8921812",,"77,5"
AM,BR-230,247,248,1,20/06/2022,"-7,20068313","-59,8921812",,"92,5"
AM,BR-230,248,249,1,20/06/2022,"-7,20068313","-59,8921812",,"51,25"
AM,BR-230,249,250,1,20/06/2022,"-7,20068313","-59,8921812",,"73,75"
AM,BR-230,250,251,1,20/06/2022,"-7,20068313","-59,8921812",,60
AM,BR-230,251,252,1,20/06/2022,"-7,20068313","-59,8921812",,60
AM,BR-230,252,253,1,20/06/2022,"-7,20068313","-59,8921812",,"58,75"
AM,BR-230,253,254,1,20/06/2022,"-7,20068313","-59,8921812",,"53,75"
AM,BR-230,254,255,1,20/06/2022,"-7,20068313","-59,8921812",,"56,25"
AM,BR-230,255,256,1,20/06/2022,"-7,20068313","-59,8921812",,55
AM,BR-230,256,257,1,20/06/2022,"-7,20068313","-59,8921812",,"67,5"
AM,BR-230,257,258,1,20/06/2022,"-7,20068313","-59,8921812",,60
AM,BR-230,258,259,1,20/06/2022,"-7,20068313","-59,8921812",,75
AM,BR-230,259,260,1,20/06/2022,"-7,20068313","-59,8921812",,75
AM,BR-230,260,261,1,20/06/2022,"-7,20068313","-59,8921812",,"61,25"
AM,BR-230,261,262,1,20/06/2022,"-7,20068313","-59,8921812",,"61,25"
AM,BR-230,262,263,1,20/06/2022,"-7,20068313","-59,8921812",,"78,75"
AM,BR-230,263,264,1,20/06/2022,"-7,20068313","-59,8921812",Erosão no eixo da rodovia,"67,5"
AM,BR-230,264,265,1,20/06/2022,"-7,20068313","-59,8921812",Erosão no lado esquerdo da rodovia,"62,5"
AM,BR-230,265,266,1,20/06/2022,"-7,20068313","-59,8921812",Erosão no lado direito e esquerdo da rodovia,"61,25"
AM,BR-230,266,267,1,20/06/2022,"-7,20068313","-59,8921812",Erosão no eixo da rodovia,"68,75"
AM,BR-230,267,268,1,20/06/2022,"-7,20068313","-59,8921812",,"71,25"
AM,BR-230,268,269,1,20/06/2022,"-7,20068313","-59,8921812",,"43,75"
AM,BR-230,269,270,1,20/06/2022,"-7,20068313","-59,8921812",Erosão no eixo da rodovia,"58,75"
AM,BR-230,270,271,1,20/06/2022,"-7,20068313","-59,8921812",Erosão no eixo da rodovia,"57,5"
AM,BR-230,271,272,1,20/06/2022,"-7,20068313","-59,8921812",Erosão no eixo da rodovia,55
AM,BR-230,272,273,1,20/06/2022,"-7,20068313","-59,8921812",,"63,75"
AM,BR-230,273,274,1,20/06/2022,"-7,20068313","-59,8921812",Erosão no eixo da rodovia,"63,75"
AM,BR-230,274,275,1,20/06/2022,"-7,20068313","-59,8921812",,"53,75"
AM,BR-230,275,276,1,20/06/2022,"-7,20068313","-59,8921812",,55
AM,BR-230,276,277,1,20/06/2022,"-7,20068313","-59,8921812",,70
AM,BR-230,277,278,1,20/06/2022,"-7,20068313","-59,8921812",,"73,75"
AM,BR-230,278,279,1,20/06/2022,"-7,20068313","-59,8921812",Erosão lado direito e esquerdo da rodovia,"78,75"
AM,BR-230,279,280,1,20/06/2022,"-7,20068313","-59,8921812",Erosão no eixo da rodovia,"76,25"
AM,BR-230,280,281,1,20/06/2022,"-7,20068313","-59,8921812",,"51,25"
AM,BR-230,281,282,1,20/06/2022,"-7,20068313","-59,8921812",Erosão no eixo da rodovia,"86,25"
AM,BR-230,282,283,1,20/06/2022,"-7,20068313","-59,8921812",,"83,75"
AM,BR-230,283,284,1,20/06/2022,"-7,20068313","-59,8921812",,"71,25"
AM,BR-230,284,285,1,20/06/2022,"-7,20068313","-59,8921812",,"82,5"
AM,BR-230,285,286,1,20/06/2022,"-7,20068313","-59,8921812",,"96,25"
AM,BR-230,286,287,1,20/06/2022,"-7,20068313","-59,8921812",,"78,75"
AM,BR-230,287,288,1,20/06/2022,"-7,20068313","-59,8921812",,100
AM,BR-230,288,289,1,20/06/2022,"-7,20068313","-59,8921812",,"82,5"
AM,BR-230,289,290,1,20/06/2022,"-7,20068313","-59,8921812",Erosão no eixo da rodovia,"63,75"
AM,BR-230,290,291,1,20/06/2022,"-7,20068313","-59,8921812",,"63,75"
AM,BR-230,291,292,1,20/06/2022,"-7,20068313","-59,8921812",Erosão no eixo da rodovia,"81,25"
AM,BR-230,292,293,1,20/06/2022,"-7,20068313","-59,8921812",,"73,75"
AM,BR-230,293,294,1,20/06/2022,"-7,20068313","-59,8921812",,"83,75"
AM,BR-230,294,295,1,20/06/2022,"-7,20068313","-59,8921812",,80
AM,BR-230,295,296,1,20/06/2022,"-7,20068313","-59,8921812",Erosão no eixo da rodovia,"77,5"
AM,BR-230,296,297,1,20/06/2022,"-7,20068313","-59,8921812",Erosão no eixo da rodovia,"72,5"
AM,BR-230,297,298,1,20/06/2022,"-7,20068313","-59,8921812",Erosão no eixo da rodovia,"68,75"
AM,BR-230,298,299,1,20/06/2022,"-7,20068313","-59,8921812",Erosão no eixo da rodovia,90
AM,BR-230,299,300,1,20/06/2022,"-7,20068313","-59,8921812",Erosão lado direito e esquerdo da rodovia,"93,75"
AM,BR-230,300,301,1,20/06/2022,"-7,20068313","-59,8921812",,90
AM,BR-230,301,302,1,20/06/2022,"-7,20068313","-59,8921812",Erosão lado direito e esquerdo da rodovia,95
AM,BR-230,302,303,1,20/06/2022,"-7,20068313","-59,8921812",,"86,25"
AM,BR-230,303,304,1,20/06/2022,"-7,20068313","-59,8921812",Erosão no eixo da rodovia,95
AM,BR-230,304,305,1,20/06/2022,"-7,20068313","-59,8921812",Erosão lado direito e esquerdo da rodovia,"86,25"
AM,BR-230,305,306,1,20/06/2022,"-7,20068313","-59,8921812",Erosão no eixo da rodovia,70
AM,BR-230,306,307,1,20/06/2022,"-7,20068313","-59,8921812",,"86,25"
AM,BR-230,307,308,1,20/06/2022,"-7,20068313","-59,8921812",,"92,5"
AM,BR-230,308,309,1,20/06/2022,"-7,20068313","-59,8921812",,80
AM,BR-230,309,310,1,20/06/2022,"-7,20068313","-59,8921812",,80
AM,BR-230,310,311,1,20/06/2022,"-7,20068313","-59,8921812",Erosão no eixo da rodovia,"71,25"
AM,BR-230,311,312,1,20/06/2022,"-7,20068313","-59,8921812",,"86,25"
AM,BR-230,312,313,1,20/06/2022,"-7,20068313","-59,8921812",,90
AM,BR-230,313,"314,4","1,4",20/06/2022,"-7,20068313","-59,8921812",,80
AM,BR-230,"314,8",315,"0,2",22/06/2022,"-7,1937609","-59,8910493",,90
AM,BR-230,315,316,1,22/06/2022,"-7,1937609","-59,8910493",,"81,25"
AM,BR-230,316,317,1,22/06/2022,"-7,1937609","-59,8910493",,"96,25"
AM,BR-230,317,318,1,22/06/2022,"-7,1937609","-59,8910493",,"96,25"
AM,BR-230,318,319,1,22/06/2022,"-7,1937609","-59,8910493",,"93,75"
AM,BR-230,319,320,1,22/06/2022,"-7,1937609","-59,8910493",,"93,75"
AM,BR-230,320,321,1,22/06/2022,"-7,1937609","-59,8910493",,"93,75"
AM,BR-230,321,322,1,22/06/2022,"-7,1937609","-59,8910493",,"78,75"
AM,BR-230,322,323,1,22/06/2022,"-7,1937609","-59,8910493",,90
AM,BR-230,323,324,1,22/06/2022,"-7,1937609","-59,8910493",,"93,75"
AM,BR-230,324,325,1,22/06/2022,"-7,1937609","-59,8910493",,"78,75"
AM,BR-230,325,326,1,22/06/2022,"-7,1937609","-59,8910493",,"93,75"
AM,BR-230,326,327,1,22/06/2022,"-7,1937609","-59,8910493",Erosão no eixo da rodovia,90
AM,BR-230,327,328,1,22/06/2022,"-7,1937609","-59,8910493",,"76,25"
AM,BR-230,328,329,1,22/06/2022,"-7,1937609","-59,8910493",,"93,75"
AM,BR-230,329,330,1,22/06/2022,"-7,1937609","-59,8910493",Erosão no eixo da rodovia,"87,5"
AM,BR-230,330,331,1,22/06/2022,"-7,1937609","-59,8910493",Erosão no eixo da rodovia,80
AM,BR-230,331,332,1,22/06/2022,"-7,1937609","-59,8910493",,80
AM,BR-230,332,333,1,22/06/2022,"-7,1937609","-59,8910493",Erosão no eixo da rodovia,"93,75"
AM,BR-230,333,334,1,22/06/2022,"-7,1937609","-59,8910493",,"93,75"
AM,BR-230,334,335,1,22/06/2022,"-7,1937609","-59,8910493",Erosão no eixo da rodovia,"66,25"
AM,BR-230,335,336,1,22/06/2022,"-7,1937609","-59,8910493",Erosão no eixo é bordo da rodovia,"97,5"
AM,BR-230,336,337,1,22/06/2022,"-7,1937609","-59,8910493",,"93,75"
AM,BR-230,337,338,1,22/06/2022,"-7,1937609","-59,8910493",,40
AM,BR-230,338,339,1,22/06/2022,"-7,1937609","-59,8910493",,"87,5"
AM,BR-230,339,340,1,22/06/2022,"-7,1937609","-59,8910493",,"76,25"
AM,BR-230,340,341,1,22/06/2022,"-7,1937609","-59,8910493",,"76,25"
AM,BR-230,341,342,1,22/06/2022,"-7,1937609","-59,8910493",,80
AM,BR-230,342,343,1,22/06/2022,"-7,1937609","-59,8910493",,95
AM,BR-230,343,344,1,22/06/2022,"-7,1937609","-59,8910493",erosão no bordo esquerdo,"66,25"
AM,BR-230,344,345,1,22/06/2022,"-7,1937609","-59,8910493",,10
AM,BR-230,345,346,1,22/06/2022,"-7,1937609","-59,8910493",,0
AM,BR-230,346,347,1,22/06/2022,"-7,1937609","-59,8910493",,0
AM,BR-230,347,348,1,22/06/2022,"-7,1937609","-59,8910493",,0
AM,BR-230,348,349,1,22/06/2022,"-7,1937609","-59,8910493",,0
AM,BR-230,349,350,1,22/06/2022,"-7,1937609","-59,8910493",,5
AM,BR-230,350,351,1,22/06/2022,"-7,1937609","-59,8910493",,5
AM,BR-230,351,352,1,22/06/2022,"-7,1937609","-59,8910493",,5
AM,BR-230,352,353,1,22/06/2022,"-7,1937609","-59,8910493",,5
AM,BR-230,353,354,1,22/06/2022,"-7,1937609","-59,8910493",,5
AM,BR-230,354,355,1,22/06/2022,"-7,1937609","-59,8910493",,5
AM,BR-230,355,356,1,22/06/2022,"-7,1937609","-59,8910493",,5
AM,BR-230,356,357,1,22/06/2022,"-7,1937609","-59,8910493",,5
AM,BR-230,357,358,1,22/06/2022,"-7,1937609","-59,8910493",,5
AM,BR-230,358,359,1,22/06/2022,"-7,1937609","-59,8910493",,10
AM,BR-230,359,360,1,22/06/2022,"-7,1937609","-59,8910493",,"2,5"
AM,BR-230,360,361,1,22/06/2022,"-7,1937609","-59,8910493",,5
AM,BR-230,361,362,1,22/06/2022,"-7,1937609","-59,8910493",,5
AM,BR-230,362,363,1,22/06/2022,"-7,1937609","-59,8910493",,10
AM,BR-230,363,364,1,22/06/2022,"-7,1937609","-59,8910493",,10
AM,BR-230,364,365,1,22/06/2022,"-7,1937609","-59,8910493",,5
AM,BR-230,365,366,1,22/06/2022,"-7,1937609","-59,8910493",,10
AM,BR-230,366,367,1,22/06/2022,"-7,1937609","-59,8910493",,10
AM,BR-230,367,368,1,22/06/2022,"-7,1937609","-59,8910493",,10
AM,BR-230,368,369,1,22/06/2022,"-7,1937609","-59,8910493",,10
AM,BR-230,369,370,1,22/06/2022,"-7,1937609","-59,8910493",,10
AM,BR-230,370,371,1,22/06/2022,"-7,1937609","-59,8910493",,10
AM,BR-230,371,372,1,22/06/2022,"-7,1937609","-59,8910493",,10
AM,BR-230,372,373,1,22/06/2022,"-7,1937609","-59,8910493",,"12,5"
AM,BR-230,373,374,1,22/06/2022,"-7,1937609","-59,8910493",,10
AM,BR-230,374,375,1,22/06/2022,"-7,1937609","-59,8910493",,10
AM,BR-230,375,376,1,22/06/2022,"-7,1937609","-59,8910493",,10
AM,BR-230,376,377,1,22/06/2022,"-7,1937609","-59,8910493",,10
AM,BR-230,377,378,1,22/06/2022,"-7,1937609","-59,8910493",,10
AM,BR-230,378,379,1,22/06/2022,"-7,1937609","-59,8910493",,10
AM,BR-230,379,380,1,22/06/2022,"-7,1937609","-59,8910493",,10
AM,BR-230,380,381,1,22/06/2022,"-7,1937609","-59,8910493",,"12,5"
AM,BR-230,381,382,1,22/06/2022,"-7,1937609","-59,8910493",,10
AM,BR-230,382,383,1,22/06/2022,"-7,1937609","-59,8910493",,10
AM,BR-230,383,384,1,22/06/2022,"-7,1937609","-59,8910493",,10
AM,BR-230,384,385,1,22/06/2022,"-7,1937609","-59,8910493",,10
AM,BR-230,385,386,1,22/06/2022,"-7,1937609","-59,8910493",,"32,5"
AM,BR-230,386,387,1,22/06/2022,"-7,1937609","-59,8910493",,"32,5"
AM,BR-230,387,388,1,22/06/2022,"-7,1937609","-59,8910493",,10
AM,BR-230,388,389,1,22/06/2022,"-7,1937609","-59,8910493",,10
AM,BR-230,389,390,1,22/06/2022,"-7,1937609","-59,8910493",,10
AM,BR-230,390,391,1,22/06/2022,"-7,1937609","-59,8910493",,10
AM,BR-230,391,392,1,22/06/2022,"-7,1937609","-59,8910493",,10
AM,BR-230,392,393,1,22/06/2022,"-7,1937609","-59,8910493",,10
AM,BR-230,393,394,1,22/06/2022,"-7,1937609","-59,8910493",,10
AM,BR-230,394,395,1,22/06/2022,"-7,1937609","-59,8910493",,10
AM,BR-230,395,396,1,22/06/2022,"-7,1937609","-59,8910493",,10
AM,BR-230,396,397,1,22/06/2022,"-7,1937609","-59,8910493",,10
AM,BR-230,397,398,1,22/06/2022,"-7,1937609","-59,8910493",,10
AM,BR-230,398,399,1,22/06/2022,"-7,1937609","-59,8910493",,10
AM,BR-230,399,"400,6","1,6",22/06/2022,"-7,1937609","-59,8910493",,10
BA,BR-135,"205,8",206,"0,2",20/06/2022,"-12,3565133","-44,9799566",,10
BA,BR-135,206,207,1,20/06/2022,"-12,369405","-44,9731216",,"42,5"
BA,BR-135,207,208,1,20/06/2022,"-12,369405","-44,9731216",,10
BA,BR-135,208,209,1,20/06/2022,"-12,369405","-44,9731216",,"3,75"
BA,BR-135,209,210,1,20/06/2022,"-12,369405","-44,9731216",,"3,75"
BA,BR-135,210,211,1,20/06/2022,"-12,369405","-44,9731216",,"17,5"
BA,BR-135,211,212,1,20/06/2022,"-12,369405","-44,9731216",,"3,75"
BA,BR-135,212,213,1,20/06/2022,"-12,369405","-44,9731216",,"18,75"
BA,BR-135,213,214,1,20/06/2022,"-12,369405","-44,9731216",,"18,75"
BA,BR-135,214,215,1,20/06/2022,"-12,369405","-44,9731216",,"18,75"
BA,BR-135,215,216,1,20/06/2022,"-12,369405","-44,9731216",,"26,25"
BA,BR-135,216,217,1,20/06/2022,"-12,369405","-44,9731216",,"18,75"
BA,BR-135,217,218,1,20/06/2022,"-12,369405","-44,9731216",,"18,75"
BA,BR-135,218,219,1,20/06/2022,"-12,369405","-44,9731216",,"26,25"
BA,BR-135,219,220,1,20/06/2022,"-12,369405","-44,9731216",,"26,25"
BA,BR-135,220,221,1,20/06/2022,"-12,369405","-44,9731216",,"26,25"
BA,BR-135,221,222,1,20/06/2022,"-12,369405","-44,9731216",,"26,25"
BA,BR-135,222,223,1,20/06/2022,"-12,369405","-44,9731216",,"31,25"
BA,BR-135,223,224,1,20/06/2022,"-12,369405","-44,9731216",,45
BA,BR-135,224,225,1,20/06/2022,"-12,3956383","-44,84014",,"18,75"
BA,BR-135,225,226,1,20/06/2022,"-12,4009683","-44,8348266",,"18,75"
BA,BR-135,226,227,1,20/06/2022,"-12,4009683","-44,8348266",,"18,75"
BA,BR-135,227,228,1,20/06/2022,"-12,4009683","-44,8348266",,"18,75"
BA,BR-135,"306,5",307,"0,5",20/06/2022,"-13,0435916","-44,6218716",,"22,5"
BA,BR-135,307,"307,1","0,1",20/06/2022,"-13,0441533","-44,62225",,"2,5"
PA,BR-308,226,227,1,27/06/2022,"-1,0287928","-46,6395705",,35
PA,BR-308,227,228,1,27/06/2022,"-1,132793","-46,6091279",,"17,5"
PA,BR-308,228,229,1,27/06/2022,"-1,132793","-46,6091279",,30
PA,BR-308,229,230,1,27/06/2022,"-1,132793","-46,6091279",,30
PA,BR-308,230,231,1,27/06/2022,"-1,132793","-46,6091279",,30
PA,BR-308,231,232,1,27/06/2022,"-1,132793","-46,6091279",,30
PA,BR-308,232,233,1,27/06/2022,"-1,132793","-46,6091279",,30
PA,BR-308,233,234,1,27/06/2022,"-1,132793","-46,6091279",,30
PA,BR-308,234,235,1,27/06/2022,"-1,132793","-46,6091279",,30
PA,BR-308,235,236,1,27/06/2022,"-1,132793","-46,6091279",,30
PA,BR-308,236,237,1,27/06/2022,"-1,132793","-46,6091279",,30
PA,BR-308,237,238,1,27/06/2022,"-1,132793","-46,6091279",,30
PA,BR-308,238,239,1,27/06/2022,"-1,132793","-46,6091279",,30
PA,BR-308,239,240,1,27/06/2022,"-1,132793","-46,6091279",,30
PA,BR-308,240,241,1,27/06/2022,"-1,2392589","-46,5903712",,30
PA,BR-308,241,242,1,27/06/2022,"-1,2392589","-46,5903712",,30
PA,BR-308,242,243,1,27/06/2022,"-1,2392589","-46,5903712",,30
PA,BR-308,243,244,1,27/06/2022,"-1,2392589","-46,5903712",,30
PA,BR-308,244,245,1,27/06/2022,"-1,2646082","-46,5875069",,30
PA,BR-308,245,246,1,27/06/2022,"-1,2646082","-46,5875069",,30
PA,BR-308,246,247,1,27/06/2022,"-1,2919413","-46,5834364",,30
PA,BR-308,247,248,1,27/06/2022,"-1,2929436","-46,5835102",,30
PA,BR-308,248,249,1,27/06/2022,"-1,2929436","-46,5835102",,30
PA,BR-308,249,250,1,27/06/2022,"-1,2929436","-46,5835102",,30
PA,BR-308,250,251,1,27/06/2022,"-1,2929436","-46,5835102",,30
PA,BR-308,251,252,1,27/06/2022,"-1,2929436","-46,5835102",,30
PA,BR-308,252,253,1,27/06/2022,"-1,2929436","-46,5835102",,30
PA,BR-308,253,254,1,27/06/2022,"-1,2929436","-46,5835102",,30
PA,BR-308,254,255,1,27/06/2022,"-1,2929436","-46,5835102",,30
PA,BR-308,255,256,1,27/06/2022,"-1,2929436","-46,5835102",,30
PA,BR-308,256,257,1,27/06/2022,"-1,2929436","-46,5835102",,30
PA,BR-308,257,258,1,27/06/2022,"-1,2929436","-46,5835102",,30
PA,BR-308,258,259,1,27/06/2022,"-1,2929436","-46,5835102",,30
PA,BR-308,259,260,1,27/06/2022,"-1,2929436","-46,5835102",,30
PA,BR-308,260,261,1,27/06/2022,"-1,2929436","-46,5835102",,30
PA,BR-308,261,262,1,27/06/2022,"-1,2929436","-46,5835102",,30
PA,BR-308,262,263,1,27/06/2022,"-1,2929436","-46,5835102",,30
PA,BR-308,263,264,1,27/06/2022,"-1,2929436","-46,5835102",,30
PA,BR-308,264,265,1,27/06/2022,"-1,2929436","-46,5835102",,30
PA,BR-308,265,266,1,27/06/2022,"-1,2929436","-46,5835102",,30
PA,BR-308,268,269,1,27/06/2022,"-1,2929436","-46,5835102",,30
PA,BR-308,269,270,1,27/06/2022,"-1,2929436","-46,5835102",,"17,5"
PA,BR-308,270,271,1,27/06/2022,"-1,2929436","-46,5835102",,30
PA,BR-308,271,272,1,27/06/2022,"-1,2929436","-46,5835102",,"2,5"
PA,BR-308,272,273,1,27/06/2022,"-1,2929436","-46,5835102",,"2,5"
PA,BR-308,273,274,1,27/06/2022,"-1,2929436","-46,5835102",,"2,5"
PA,BR-308,274,275,1,27/06/2022,"-1,2929436","-46,5835102",,"2,5"
PA,BR-308,275,276,1,27/06/2022,"-1,2929436","-46,5835102",,"2,5"
PA,BR-308,276,277,1,27/06/2022,"-1,2929436","-46,5835102",,"2,5"
PA,BR-308,277,278,1,27/06/2022,"-1,2929436","-46,5835102",,"2,5"
PA,BR-308,278,279,1,27/06/2022,"-1,2929436","-46,5835102",,"2,5"
PA,BR-308,279,280,1,27/06/2022,"-1,2929436","-46,5835102",,"2,5"
PA,BR-308,280,281,1,27/06/2022,"-1,2929436","-46,5835102",,30
PA,BR-308,281,282,1,27/06/2022,"-1,2929436","-46,5835102",,"2,5"
PA,BR-308,282,283,1,27/06/2022,"-1,2929436","-46,5835102",,"2,5"
PA,BR-308,283,284,1,27/06/2022,"-1,2929436","-46,5835102",,"2,5"
PA,BR-308,284,285,1,27/06/2022,"-1,2929436","-46,5835102",,"2,5"
PA,BR-308,285,286,1,27/06/2022,"-1,2929436","-46,5835102",,"2,5"
PA,BR-308,286,287,1,27/06/2022,"-1,2929436","-46,5835102",,"2,5"
PA,BR-308,287,288,1,27/06/2022,"-1,2929436","-46,5835102",,"2,5"
PA,BR-308,288,289,1,27/06/2022,"-1,2929436","-46,5835102",,30
PA,BR-308,289,290,1,27/06/2022,"-1,2929436","-46,5835102",,"37,5"
PA,BR-308,290,291,1,27/06/2022,"-1,2929436","-46,5835102",,30
PA,BR-308,291,292,1,27/06/2022,"-1,2929436","-46,5835102",,30
PA,BR-308,292,293,1,27/06/2022,"-1,2929436","-46,5835102",,"36,25"
PA,BR-308,293,294,1,27/06/2022,"-1,2929436","-46,5835102",,30
PA,BR-308,294,295,1,27/06/2022,"-1,2929436","-46,5835102",,30
PA,BR-308,295,296,1,27/06/2022,"-1,2929436","-46,5835102",,30
PA,BR-308,296,297,1,27/06/2022,"-1,2929436","-46,5835102",,30
PA,BR-308,297,298,1,27/06/2022,"-1,2929436","-46,5835102",,30
PA,BR-308,298,299,1,27/06/2022,"-1,2929436","-46,5835102",,30
PA,BR-308,299,300,1,27/06/2022,"-1,2929436","-46,5835102",,30
PA,BR-308,300,301,1,27/06/2022,"-1,2929436","-46,5835102",,30
PA,BR-308,301,302,1,27/06/2022,"-1,2929436","-46,5835102",,30
PA,BR-308,302,303,1,27/06/2022,"-1,2929436","-46,5835102",,"37,5"
PA,BR-308,306,307,1,27/06/2022,"-1,2929436","-46,5835102",,"2,5"
PA,BR-308,307,308,1,27/06/2022,"-1,2929436","-46,5835102",,"2,5"
PA,BR-308,308,309,1,27/06/2022,"-1,2929436","-46,5835102",,30
PA,BR-308,309,310,1,27/06/2022,"-1,2929436","-46,5835102",,30
PA,BR-308,310,311,1,27/06/2022,"-1,2929436","-46,5835102",,30
PA,BR-308,311,312,1,27/06/2022,"-1,2929436","-46,5835102",,30
PA,BR-308,312,313,1,27/06/2022,"-1,2929436","-46,5835102",,30
PA,BR-308,313,314,1,27/06/2022,"-1,2929436","-46,5835102",,30
PA,BR-308,314,315,1,27/06/2022,"-1,2929436","-46,5835102",,30
PA,BR-308,315,316,1,27/06/2022,"-1,2929436","-46,5835102",,30
PA,BR-308,316,317,1,27/06/2022,"-1,2929436","-46,5835102",,30
PA,BR-308,317,318,1,27/06/2022,"-1,2929436","-46,5835102",,"2,5"
PA,BR-308,318,319,1,27/06/2022,"-1,2929436","-46,5835102",,30
BA,BR-135,"319,8",320,"0,2",20/06/2022,"-13,1546466","-44,6166966",,"22,5"
BA,BR-135,320,321,1,20/06/2022,"-13,154735","-44,61669",,"2,5"
BA,BR-135,321,"321,2","0,2",20/06/2022,"-13,154735","-44,61669",,"2,5"
BA,BR-135,"323,4",324,"0,6",20/06/2022,"-13,1826816","-44,6174433",,30
BA,BR-135,324,325,1,20/06/2022,"-13,1825866","-44,617455",,"23,75"
BA,BR-135,325,"325,3","0,3",20/06/2022,"-13,1825866","-44,617455",,"22,5"
MS,BR-419,64,65,1,27/06/2022,"-20,4309151","-54,648049",,45
MS,BR-419,65,66,1,27/06/2022,"-20,4309151","-54,648049",,45
MS,BR-419,66,67,1,27/06/2022,"-20,4309151","-54,648049",,"22,5"
MS,BR-419,67,68,1,27/06/2022,"-20,4309151","-54,648049",,35
MS,BR-419,68,69,1,27/06/2022,"-20,4309151","-54,648049",,30
MS,BR-419,69,70,1,27/06/2022,"-20,4309151","-54,648049",,30
MS,BR-419,70,71,1,27/06/2022,"-20,4309151","-54,648049",,35
MS,BR-419,71,72,1,27/06/2022,"-20,4309151","-54,648049",,"22,5"
MS,BR-419,72,73,1,27/06/2022,"-20,4309151","-54,648049",,35
MS,BR-419,73,74,1,27/06/2022,"-20,4309151","-54,648049",,"42,5"
MS,BR-419,74,75,1,27/06/2022,"-20,4309151","-54,648049",,"22,5"
MS,BR-419,75,76,1,27/06/2022,"-20,4309151","-54,648049",,"22,5"
MS,BR-419,76,77,1,27/06/2022,"-20,4309151","-54,648049",,30
MS,BR-419,77,78,1,27/06/2022,"-20,4309151","-54,648049",,"22,5"
MS,BR-419,78,79,1,27/06/2022,"-20,4309151","-54,648049",,30
MS,BR-419,79,80,1,27/06/2022,"-20,4309151","-54,648049",,"22,5"
MS,BR-419,80,81,1,27/06/2022,"-20,4309151","-54,648049",,25
MS,BR-419,81,82,1,27/06/2022,"-20,4309151","-54,648049",,35
MS,BR-419,82,83,1,27/06/2022,"-20,4309151","-54,648049",,"22,5"
MS,BR-419,83,84,1,27/06/2022,"-20,4309151","-54,648049",,"22,5"
MS,BR-419,84,85,1,27/06/2022,"-20,4309151","-54,648049",,"42,5"
MS,BR-419,85,86,1,27/06/2022,"-20,4309151","-54,648049",,"22,5"
MS,BR-419,86,87,1,27/06/2022,"-20,4309151","-54,648049",,"22,5"
MS,BR-419,87,88,1,27/06/2022,"-20,4309151","-54,648049",,"22,5"
MS,BR-419,88,89,1,27/06/2022,"-20,4309151","-54,648049",,"22,5"
MS,BR-419,89,90,1,27/06/2022,"-20,4309151","-54,648049",,"22,5"
MS,BR-419,90,91,1,27/06/2022,"-20,4309151","-54,648049",,35
MS,BR-419,91,92,1,27/06/2022,"-20,4309151","-54,648049",,"22,5"
MS,BR-419,92,93,1,27/06/2022,"-20,4309151","-54,648049",,"22,5"
MS,BR-419,93,94,1,27/06/2022,"-20,4309151","-54,648049",,35
MS,BR-419,94,95,1,27/06/2022,"-20,4309151","-54,648049",,35
MS,BR-419,95,96,1,27/06/2022,"-20,4309151","-54,648049",,35
MS,BR-419,96,97,1,27/06/2022,"-20,4309151","-54,648049",,35
MS,BR-419,97,98,1,27/06/2022,"-20,4309151","-54,648049",,"22,5"
MS,BR-419,98,99,1,27/06/2022,"-20,4309151","-54,648049",,35
MS,BR-419,99,100,1,27/06/2022,"-20,4309151","-54,648049",,35
MS,BR-419,100,101,1,27/06/2022,"-20,4309151","-54,648049",,35
MS,BR-419,101,102,1,27/06/2022,"-20,4309151","-54,648049",,35
MS,BR-419,102,103,1,27/06/2022,"-20,4309151","-54,648049",,35
MS,BR-419,103,104,1,27/06/2022,"-20,4309151","-54,648049",,"42,5"
MS,BR-419,104,105,1,27/06/2022,"-20,4309151","-54,648049",,"22,5"
MS,BR-419,105,106,1,27/06/2022,"-20,4309151","-54,648049",,"22,5"
MS,BR-419,106,107,1,27/06/2022,"-20,4309151","-54,648049",,35
MS,BR-419,107,108,1,27/06/2022,"-20,4309151","-54,648049",,35
MS,BR-419,108,109,1,27/06/2022,"-20,4309151","-54,648049",,35
MS,BR-419,109,110,1,27/06/2022,"-20,4309151","-54,648049",,"22,5"
MS,BR-419,110,111,1,27/06/2022,"-20,4309151","-54,648049",,35
MS,BR-419,111,112,1,27/06/2022,"-20,4309151","-54,648049",,"22,5"
MS,BR-419,112,113,1,27/06/2022,"-20,4309151","-54,648049",,45
MS,BR-419,113,114,1,27/06/2022,"-20,4309151","-54,648049",,35
MS,BR-419,114,115,1,27/06/2022,"-20,4309151","-54,648049",,"23,75"
MS,BR-419,115,116,1,27/06/2022,"-20,4309151","-54,648049",,"23,75"
MS,BR-419,116,117,1,27/06/2022,"-20,4309151","-54,648049",,"22,5"
MS,BR-419,117,118,1,27/06/2022,"-20,4309151","-54,648049",,"38,75"
MS,BR-419,118,119,1,27/06/2022,"-20,4309151","-54,648049",,"22,5"
MS,BR-419,119,120,1,27/06/2022,"-20,4309151","-54,648049",,35
MS,BR-419,120,121,1,27/06/2022,"-20,4309151","-54,648049",,"22,5"
MS,BR-419,121,122,1,27/06/2022,"-20,4309151","-54,648049",,"22,5"
MS,BR-419,122,123,1,27/06/2022,"-20,4309151","-54,648049",,"38,75"
MS,BR-419,123,124,1,27/06/2022,"-20,4309151","-54,648049",,"22,5"
MS,BR-419,124,125,1,27/06/2022,"-20,4309151","-54,648049",,"36,25"
MS,BR-419,125,126,1,27/06/2022,"-20,4309151","-54,648049",,35
MS,BR-419,126,127,1,27/06/2022,"-20,4309151","-54,648049",,35
MS,BR-419,127,128,1,27/06/2022,"-20,4309151","-54,648049",,"22,5"
MS,BR-419,128,129,1,27/06/2022,"-20,4309151","-54,648049",,35
MS,BR-419,129,130,1,27/06/2022,"-20,4309151","-54,648049",,"23,75"
MS,BR-419,130,131,1,27/06/2022,"-20,4309151","-54,648049",,"22,5"
MS,BR-419,131,132,1,27/06/2022,"-20,4309151","-54,648049",,"23,75"
MS,BR-419,132,133,1,27/06/2022,"-20,4309151","-54,648049",,"22,5"
MS,BR-419,133,134,1,27/06/2022,"-20,4309151","-54,648049",,"22,5"
MS,BR-419,134,135,1,27/06/2022,"-20,4309151","-54,648049",,"22,5"
MS,BR-419,135,136,1,27/06/2022,"-20,4309151","-54,648049",,"23,75"
MS,BR-419,136,137,1,27/06/2022,"-20,4309151","-54,648049",,"22,5"
MS,BR-419,137,138,1,27/06/2022,"-20,4309151","-54,648049",,"31,25"
MS,BR-419,138,139,1,27/06/2022,"-20,4309151","-54,648049",,"43,75"
MS,BR-419,139,140,1,27/06/2022,"-20,4309151","-54,648049",,"43,75"
MS,BR-419,140,141,1,27/06/2022,"-20,4309151","-54,648049",,"43,75"
MS,BR-419,141,142,1,27/06/2022,"-20,4309151","-54,648049",,"22,5"
MS,BR-419,142,143,1,27/06/2022,"-20,4309151","-54,648049",,"22,5"
MS,BR-419,143,144,1,27/06/2022,"-20,4309151","-54,648049",,"23,75"
MS,BR-419,144,145,1,27/06/2022,"-20,4309151","-54,648049",,"23,75"
MS,BR-419,145,146,1,27/06/2022,"-20,4309151","-54,648049",,"23,75"
MS,BR-419,146,147,1,27/06/2022,"-20,4309151","-54,648049",,"23,75"
MS,BR-419,147,148,1,27/06/2022,"-20,4309151","-54,648049",,"22,5"
MS,BR-419,148,149,1,27/06/2022,"-20,4309151","-54,648049",,"22,5"
MS,BR-419,149,150,1,27/06/2022,"-20,4309151","-54,648049",,30
MS,BR-419,150,151,1,27/06/2022,"-20,4309151","-54,648049",,50
MS,BR-419,151,152,1,27/06/2022,"-20,4309151","-54,648049",,"51,25"
MS,BR-419,152,153,1,27/06/2022,"-20,4309151","-54,648049",,"51,25"
MS,BR-419,153,154,1,27/06/2022,"-20,4309151","-54,648049",,35
MS,BR-419,154,155,1,27/06/2022,"-20,4309151","-54,648049",,"43,75"
MS,BR-419,155,156,1,27/06/2022,"-20,4309151","-54,648049",,"43,75"
MS,BR-419,156,157,1,27/06/2022,"-20,4309151","-54,648049",,"23,75"
MS,BR-419,157,158,1,27/06/2022,"-20,4309151","-54,648049",,"26,25"
MS,BR-419,158,159,1,27/06/2022,"-20,4309151","-54,648049",,"53,75"
MS,BR-419,159,160,1,27/06/2022,"-20,4309151","-54,648049",,"42,5"
MS,BR-419,160,161,1,27/06/2022,"-20,4309151","-54,648049",,"22,5"
MS,BR-419,161,162,1,27/06/2022,"-20,4309151","-54,648049",,"41,25"
MS,BR-419,162,163,1,27/06/2022,"-20,4309151","-54,648049",,"31,25"
MS,BR-419,163,164,1,27/06/2022,"-20,4309151","-54,648049",,"53,75"
MS,BR-419,164,165,1,27/06/2022,"-20,4309151","-54,648049",,"43,75"
MS,BR-419,165,166,1,27/06/2022,"-20,4309151","-54,648049",,"33,75"
MS,BR-419,166,167,1,27/06/2022,"-20,4309151","-54,648049",,"31,25"
MS,BR-419,167,168,1,27/06/2022,"-20,4309151","-54,648049",,"31,25"
MS,BR-419,168,169,1,27/06/2022,"-20,4309151","-54,648049",,"53,75"
MS,BR-419,169,170,1,27/06/2022,"-20,4309151","-54,648049",,"31,25"
MS,BR-419,170,171,1,27/06/2022,"-20,4309151","-54,648049",,"33,75"
MS,BR-419,171,172,1,27/06/2022,"-20,4309151","-54,648049",,"23,75"
MS,BR-419,172,173,1,27/06/2022,"-20,4309151","-54,648049",,"23,75"
MS,BR-419,173,174,1,27/06/2022,"-20,4309151","-54,648049",,"23,75"
MS,BR-419,174,175,1,27/06/2022,"-20,4309151","-54,648049",,"26,25"
MS,BR-419,175,176,1,27/06/2022,"-20,4309151","-54,648049",,"23,75"
MS,BR-419,176,177,1,27/06/2022,"-20,4309151","-54,648049",,"23,75"
MS,BR-419,177,178,1,27/06/2022,"-20,4309151","-54,648049",,"31,25"
MS,BR-419,178,179,1,27/06/2022,"-20,4309151","-54,648049",,"26,25"
MS,BR-419,179,180,1,27/06/2022,"-20,4309151","-54,648049",,"26,25"
MS,BR-419,180,181,1,27/06/2022,"-20,4309151","-54,648049",,"22,5"
MS,BR-419,181,182,1,27/06/2022,"-20,4309151","-54,648049",,"23,75"
MS,BR-419,182,183,1,27/06/2022,"-20,4309151","-54,648049",,"23,75"
MS,BR-419,183,184,1,27/06/2022,"-20,4309151","-54,648049",,"22,5"
MS,BR-419,184,185,1,27/06/2022,"-20,4309151","-54,648049",,"23,75"
MS,BR-419,185,186,1,27/06/2022,"-20,4309151","-54,648049",,"33,75"
MS,BR-419,186,187,1,27/06/2022,"-20,4309151","-54,648049",,"23,75"
MS,BR-419,187,188,1,27/06/2022,"-20,4309151","-54,648049",,25
MS,BR-419,188,189,1,27/06/2022,"-20,4309151","-54,648049",,25
MS,BR-419,189,190,1,27/06/2022,"-20,4309151","-54,648049",,25
MS,BR-419,190,191,1,27/06/2022,"-20,4309151","-54,648049",,25
MS,BR-419,191,192,1,27/06/2022,"-20,4309151","-54,648049",,25
MS,BR-419,192,193,1,27/06/2022,"-20,4309151","-54,648049",,"43,75"
MS,BR-419,193,194,1,27/06/2022,"-20,4309151","-54,648049",,"37,5"
MS,BR-419,194,195,1,27/06/2022,"-20,4309151","-54,648049",,25
MS,BR-419,195,196,1,27/06/2022,"-20,4309151","-54,648049",,"22,5"
MS,BR-419,196,197,1,27/06/2022,"-20,4309151","-54,648049",,"22,5"
MS,BR-419,197,198,1,27/06/2022,"-20,4309151","-54,648049",,25
MS,BR-419,198,199,1,27/06/2022,"-20,4309151","-54,648049",,35
MS,BR-419,199,200,1,27/06/2022,"-20,4309151","-54,648049",,"22,5"
MS,BR-419,200,201,1,27/06/2022,"-20,4309151","-54,648049",,25
MS,BR-419,201,202,1,27/06/2022,"-20,4309151","-54,648049",,"37,5"
MS,BR-419,202,203,1,27/06/2022,"-20,4309151","-54,648049",,"32,5"
MS,BR-419,203,204,1,27/06/2022,"-20,4309151","-54,648049",,"26,25"
MS,BR-419,204,205,1,27/06/2022,"-20,4309151","-54,648049",,"32,5"
MS,BR-419,205,206,1,27/06/2022,"-20,4309151","-54,648049",,"32,5"
MS,BR-419,206,207,1,27/06/2022,"-20,4309151","-54,648049",,"23,75"
MS,BR-419,207,208,1,27/06/2022,"-20,4309151","-54,648049",,"22,5"
MS,BR-419,208,209,1,27/06/2022,"-20,4309151","-54,648049",,"43,75"
MS,BR-419,209,210,1,27/06/2022,"-20,4309151","-54,648049",,"22,5"
MS,BR-419,210,211,1,27/06/2022,"-20,4309151","-54,648049",,25
MS,BR-419,211,212,1,27/06/2022,"-20,4309151","-54,648049",,"37,5"
MS,BR-419,212,213,1,27/06/2022,"-20,4309151","-54,648049",,25
MS,BR-419,213,214,1,27/06/2022,"-20,4309151","-54,648049",,25
MS,BR-419,214,215,1,27/06/2022,"-20,4309151","-54,648049",,"32,5"
MS,BR-419,215,216,1,27/06/2022,"-20,4309151","-54,648049",,25
MS,BR-419,216,217,1,27/06/2022,"-20,4309151","-54,648049",,"22,5"
MS,BR-419,217,218,1,27/06/2022,"-20,4309151","-54,648049",,"37,5"
MS,BR-419,218,219,1,27/06/2022,"-20,4309151","-54,648049",,"57,5"
MS,BR-419,219,220,1,27/06/2022,"-20,4309151","-54,648049",,"32,5"
MS,BR-419,220,221,1,27/06/2022,"-20,4309151","-54,648049",,"22,5"
MS,BR-419,221,222,1,27/06/2022,"-20,4309151","-54,648049",,25
MS,BR-419,222,223,1,27/06/2022,"-20,4309151","-54,648049",,25
MS,BR-419,223,224,1,27/06/2022,"-20,4309151","-54,648049",,"22,5"
MS,BR-419,224,225,1,27/06/2022,"-20,4309151","-54,648049",,"22,5"
MS,BR-419,225,226,1,27/06/2022,"-20,4309151","-54,648049",,"22,5"
MS,BR-419,226,227,1,27/06/2022,"-20,4309151","-54,648049",,25
MS,BR-419,227,228,1,27/06/2022,"-20,4309151","-54,648049",,"22,5"
MS,BR-419,228,229,1,27/06/2022,"-20,4309151","-54,648049",,25
MS,BR-419,229,230,1,27/06/2022,"-20,4309151","-54,648049",,"32,5"
MS,BR-419,230,231,1,27/06/2022,"-20,4309151","-54,648049",,"22,5"
MT,BR-242,119,118,1,28/06/2022,"-11,7034635","-51,6238722",,"56,25"
MT,BR-242,118,117,1,28/06/2022,"-11,7034635","-51,6238722",,"62,5"
MT,BR-242,117,116,1,28/06/2022,"-11,7034635","-51,6238722",,"66,25"
MT,BR-242,116,115,1,28/06/2022,"-11,7034635","-51,6238722",,"63,75"
MT,BR-242,115,114,1,28/06/2022,"-11,7034635","-51,6238722",,"71,25"
MT,BR-242,114,113,1,28/06/2022,"-11,7034635","-51,6238722",,"66,25"
MT,BR-242,113,112,1,28/06/2022,"-11,7034635","-51,6238722",,"66,25"
MT,BR-242,112,111,1,28/06/2022,"-11,7034635","-51,6238722",,55
MT,BR-242,111,110,1,28/06/2022,"-11,7034635","-51,6238722",,70
MT,BR-242,110,109,1,28/06/2022,"-11,7034635","-51,6238722",,"63,75"
MT,BR-242,109,108,1,28/06/2022,"-11,7034635","-51,6238722",,70
MT,BR-242,108,107,1,28/06/2022,"-11,7034635","-51,6238722",,"66,25"
MT,BR-242,107,106,1,28/06/2022,"-11,7034635","-51,6238722",,70
MT,BR-242,106,105,1,28/06/2022,"-11,7034635","-51,6238722",,60
MT,BR-242,105,104,1,28/06/2022,"-11,7034635","-51,6238722",,"58,75"
MT,BR-242,104,103,1,28/06/2022,"-11,7034635","-51,6238722",,70
MT,BR-242,103,102,1,28/06/2022,"-11,7034635","-51,6238722",,"62,5"
MT,BR-242,102,101,1,28/06/2022,"-11,7034635","-51,6238722",,75
MT,BR-242,101,100,1,28/06/2022,"-11,7034635","-51,6238722",,"47,5"
MT,BR-242,100,99,1,28/06/2022,"-11,7034635","-51,6238722",,"58,75"
MT,BR-242,99,98,1,28/06/2022,"-11,7034635","-51,6238722",,"63,75"
MT,BR-242,98,97,1,28/06/2022,"-11,7034635","-51,6238722",,"66,25"
MT,BR-242,97,96,1,28/06/2022,"-11,6757552","-51,4335799",,60
MT,BR-242,96,95,1,28/06/2022,"-11,6757552","-51,4335799",,70
MT,BR-242,95,94,1,28/06/2022,"-11,6751003","-51,4232277",,60
MT,BR-242,94,93,1,28/06/2022,"-11,6751003","-51,4232277",,"63,75"
MT,BR-242,93,92,1,28/06/2022,"-11,6751003","-51,4232277",,"66,25"
MT,BR-242,92,91,1,28/06/2022,"-11,6751298","-51,4237779",,"62,5"
MT,BR-242,91,90,1,28/06/2022,"-11,6730232","-51,3837879",,"76,25"
MT,BR-242,90,89,1,28/06/2022,"-11,6718157","-51,3768639",,"63,75"
MT,BR-242,89,88,1,28/06/2022,"-11,6718157","-51,3768639",,"61,25"
MT,BR-242,88,87,1,28/06/2022,"-11,6751298","-51,4237779",,"58,75"
MT,BR-242,87,86,1,28/06/2022,"-11,6770955","-51,3815699",,"63,75"
MT,BR-242,86,85,1,28/06/2022,"-11,6770955","-51,3815699",,"63,75"
MT,BR-242,85,84,1,28/06/2022,"-11,6529619","-51,3633672",,60
MT,BR-242,84,83,1,28/06/2022,"-11,652969","-51,3633818",,60
MT,BR-242,83,82,1,28/06/2022,"-11,652969","-51,3633818",,"66,25"
MT,BR-242,82,81,1,28/06/2022,"-11,652969","-51,3633818",,"73,75"
MT,BR-242,81,80,1,28/06/2022,"-11,6529622","-51,3633672",,"61,25"
MT,BR-242,80,79,1,28/06/2022,"-11,6529622","-51,3633672",,"78,75"
MT,BR-242,79,78,1,28/06/2022,"-11,6482253","-51,2969408",,"63,75"
MT,BR-242,78,77,1,28/06/2022,"-11,6482253","-51,2969408",,"58,75"
MT,BR-242,77,76,1,28/06/2022,"-11,6482253","-51,2969408",,"72,5"
MT,BR-242,76,75,1,28/06/2022,"-11,6482253","-51,2969408",,"66,25"
MT,BR-242,75,74,1,28/06/2022,"-11,6529622","-51,3633672",,"63,75"
MT,BR-242,74,73,1,28/06/2022,"-11,6529622","-51,3633672",,"67,5"
MT,BR-242,73,72,1,28/06/2022,"-11,6529622","-51,3633672",,"62,5"
MT,BR-242,72,71,1,28/06/2022,"-11,6529622","-51,3633672",,"63,75"
MT,BR-242,71,70,1,28/06/2022,"-11,6529622","-51,3633672",,"66,25"
MT,BR-242,70,69,1,28/06/2022,"-11,6529622","-51,3633672",,70
MT,BR-242,69,68,1,28/06/2022,"-11,645643","-51,2887117",,"67,5"
MT,BR-242,68,67,1,28/06/2022,"-11,645643","-51,2887117",,"63,75"
MT,BR-242,67,66,1,28/06/2022,"-11,645643","-51,2887117",,70
MT,BR-242,66,65,1,28/06/2022,"-11,645643","-51,2887117",,"71,25"
MT,BR-242,65,64,1,28/06/2022,"-11,645643","-51,2887117",,"71,25"
MT,BR-242,64,63,1,28/06/2022,"-11,645643","-51,2887117",,"67,5"
MT,BR-242,63,62,1,28/06/2022,"-11,608446","-51,168144",,"66,25"
MT,BR-242,62,61,1,28/06/2022,"-11,608446","-51,168144",,"62,5"
MT,BR-242,61,60,1,28/06/2022,"-11,645643","-51,2887117",,"66,25"
MT,BR-242,60,59,1,28/06/2022,"-11,645643","-51,2887117",,"63,75"
MT,BR-242,59,58,1,28/06/2022,"-11,645643","-51,2887117",,"66,25"
MT,BR-242,58,57,1,28/06/2022,"-11,645643","-51,2887117",,"62,5"
MT,BR-242,57,56,1,28/06/2022,"-11,645643","-51,2887117",,"66,25"
MT,BR-242,56,55,1,28/06/2022,"-11,645643","-51,2887117",,"67,5"
MT,BR-242,55,54,1,28/06/2022,"-11,645643","-51,2887117",,60
MT,BR-242,54,53,1,28/06/2022,"-11,645643","-51,2887117",,"63,75"
MT,BR-242,53,52,1,28/06/2022,"-11,645643","-51,2887117",,"63,75"
MT,BR-242,52,51,1,28/06/2022,"-11,645643","-51,2887117",,60
MT,BR-242,51,50,1,28/06/2022,"-11,645643","-51,2887117",,70
MT,BR-242,50,49,1,28/06/2022,"-11,645643","-51,2887117",,"63,75"
MT,BR-242,49,48,1,28/06/2022,"-11,645643","-51,2887117",,70
MT,BR-242,48,47,1,28/06/2022,"-11,645643","-51,2887117",,60
MT,BR-242,47,46,1,28/06/2022,"-11,645643","-51,2887117",,60
MT,BR-242,46,45,1,28/06/2022,"-11,645643","-51,2887117",,"63,75"
MT,BR-242,45,44,1,28/06/2022,"-11,645643","-51,2887117",,"63,75"
MT,BR-242,44,43,1,28/06/2022,"-11,645643","-51,2887117",,70
MT,BR-242,43,42,1,28/06/2022,"-11,645643","-51,2887117",,"66,25"
MT,BR-242,42,41,1,28/06/2022,"-11,645643","-51,2887117",,"56,25"
MT,BR-242,41,40,1,28/06/2022,"-11,645643","-51,2887117",,60
MT,BR-242,40,39,1,28/06/2022,"-11,645643","-51,2887117",,"62,5"
MT,BR-242,39,38,1,28/06/2022,"-11,645643","-51,2887117",,"63,75"
MT,BR-242,38,37,1,28/06/2022,"-11,645643","-51,2887117",,"66,25"
MT,BR-242,37,36,1,28/06/2022,"-11,645643","-51,2887117",,"58,75"
MT,BR-242,36,35,1,28/06/2022,"-11,645643","-51,2887117",,70
MT,BR-242,35,34,1,28/06/2022,"-11,645643","-51,2887117",,"66,25"
MT,BR-242,34,33,1,28/06/2022,"-11,645643","-51,2887117",,"66,25"
MT,BR-242,33,32,1,28/06/2022,"-11,645643","-51,2887117",,65
MT,BR-242,32,31,1,28/06/2022,"-11,645643","-51,2887117",,"73,75"
MT,BR-242,31,30,1,28/06/2022,"-11,645643","-51,2887117",,"62,5"
MT,BR-242,30,29,1,28/06/2022,"-11,645643","-51,2887117",,"73,75"
MT,BR-242,29,28,1,28/06/2022,"-11,645643","-51,2887117",,"62,5"
MT,BR-242,28,27,1,28/06/2022,"-11,645643","-51,2887117",,"71,25"
MT,BR-242,27,26,1,28/06/2022,"-11,645643","-51,2887117",,"66,25"
MT,BR-242,26,25,1,28/06/2022,"-11,645643","-51,2887117",,"62,5"
MT,BR-242,25,24,1,28/06/2022,"-11,645643","-51,2887117",,"62,5"
MT,BR-242,24,23,1,28/06/2022,"-11,645643","-51,2887117",,"62,5"
MT,BR-242,23,22,1,28/06/2022,"-11,645643","-51,2887117",,"58,75"
MT,BR-242,22,21,1,28/06/2022,"-11,645643","-51,2887117",,"62,5"
MT,BR-242,21,20,1,28/06/2022,"-11,645643","-51,2887117",,"72,5"
MT,BR-242,20,19,1,28/06/2022,"-11,645643","-51,2887117",,"66,25"
MT,BR-242,19,18,1,28/06/2022,"-11,645643","-51,2887117",,60
MT,BR-242,18,17,1,28/06/2022,"-11,645643","-51,2887117",,"62,5"
MT,BR-242,17,16,1,28/06/2022,"-11,645643","-51,2887117",,"62,5"
MT,BR-242,16,15,1,28/06/2022,"-11,645643","-51,2887117",,"63,75"
MT,BR-242,15,14,1,28/06/2022,"-11,645643","-51,2887117",,70
MT,BR-242,14,13,1,28/06/2022,"-11,645643","-51,2887117",,"62,5"
MT,BR-242,13,12,1,28/06/2022,"-11,645643","-51,2887117",,"66,25"
MT,BR-242,12,11,1,28/06/2022,"-11,645643","-51,2887117",,"66,25"
MT,BR-242,11,10,1,28/06/2022,"-11,645643","-51,2887117",,"62,5"
MT,BR-242,10,9,1,28/06/2022,"-11,645643","-51,2887117",,"67,5"
MT,BR-242,9,8,1,28/06/2022,"-11,645643","-51,2887117",,65
MT,BR-242,8,7,1,28/06/2022,"-11,624519","-50,6907229",,60
MT,BR-242,7,6,1,28/06/2022,"-11,624519","-50,6907229",,"61,25"
MT,BR-242,6,5,1,28/06/2022,"-11,626335","-50,7081037",,"52,5"
MT,BR-242,5,4,1,28/06/2022,"-11,626335","-50,7081037",,0
MT,BR-242,4,3,1,28/06/2022,"-11,626335","-50,7081037",,0
MT,BR-242,3,2,1,28/06/2022,"-11,626335","-50,7081037",,0
MT,BR-242,2,1,1,28/06/2022,"-11,626335","-50,7081037",,0
MT,BR-242,1,0,1,28/06/2022,"-11,626335","-50,7081037",,0
PE,BR-110,148,149,1,23/06/2022,"-8,5228215","-37,6883702",,55
PE,BR-110,149,150,1,23/06/2022,"-8,5244854","-37,6873779",,55
PE,BR-110,150,151,1,23/06/2022,"-8,5418184","-37,7032115",,30
PE,BR-110,151,152,1,23/06/2022,"-8,53729","-37,6990114",Sem Poeira,30
PE,BR-110,152,153,1,23/06/2022,"-8,5354581","-37,6920618",,30
PE,BR-110,153,154,1,23/06/2022,"-8,5377048","-37,6953554",,"32,5"
PE,BR-110,154,155,1,23/06/2022,"-8,540793","-37,6980143",,30
PE,BR-110,155,156,1,23/06/2022,"-8,540793","-37,6980143",,30
PE,BR-110,156,157,1,23/06/2022,"-8,540793","-37,6980143",,55
PE,BR-110,157,158,1,23/06/2022,"-8,540793","-37,6980143",,55
PE,BR-110,158,159,1,23/06/2022,"-8,540793","-37,6980143",,"48,75"
PE,BR-110,159,160,1,23/06/2022,"-8,540793","-37,6980143",,30
PE,BR-110,160,161,1,23/06/2022,"-8,540793","-37,6980143",,"22,5"
PE,BR-110,161,162,1,23/06/2022,"-8,540793","-37,6980143",,55
PE,BR-110,162,163,1,23/06/2022,"-8,540793","-37,6980143",,30
PE,BR-110,163,164,1,23/06/2022,"-8,540793","-37,6980143",,55
PE,BR-110,164,165,1,23/06/2022,"-8,540793","-37,6980143",,30
PE,BR-110,165,166,1,23/06/2022,"-8,540793","-37,6980143",Panela Alta,55
PE,BR-110,166,167,1,23/06/2022,"-8,63770613","-37,8088417",,55
PE,BR-110,167,168,1,23/06/2022,"-8,63770613","-37,8088417",,55
PE,BR-110,168,169,1,23/06/2022,"-8,63770613","-37,8088417",,30
PE,BR-110,169,170,1,23/06/2022,"-8,63770613","-37,8088417",,30
PE,BR-110,170,171,1,23/06/2022,"-8,63770613","-37,8088417",,55
PE,BR-110,171,172,1,23/06/2022,"-8,63770613","-37,8088417",,30
PE,BR-110,172,173,1,23/06/2022,"-8,5149633","-37,5528569",,30
PE,BR-110,173,174,1,23/06/2022,"-8,5149633","-37,5528569",,55
PE,BR-110,174,175,1,23/06/2022,"-8,5149633","-37,5528569",,"47,5"
PE,BR-110,175,176,1,23/06/2022,"-8,5149633","-37,5528569",,55
PE,BR-110,176,177,1,23/06/2022,"-8,5149633","-37,5528569",,55
PE,BR-110,177,178,1,23/06/2022,"-8,5149633","-37,5528569",,55
PE,BR-110,178,179,1,23/06/2022,"-8,5149633","-37,5528569",,55
PE,BR-110,179,180,1,23/06/2022,"-8,5149633","-37,5528569",Panela Alta,55
PE,BR-110,180,181,1,23/06/2022,"-8,5149633","-37,5528569",,55
PE,BR-110,181,182,1,23/06/2022,"-8,5149633","-37,5528569",,55
PE,BR-110,182,183,1,23/06/2022,"-8,5149633","-37,5528569",,55
PE,BR-110,183,184,1,23/06/2022,"-8,5149633","-37,5528569",,"47,5"
PE,BR-110,184,185,1,23/06/2022,"-8,5149633","-37,5528569",,15
PE,BR-110,185,186,1,23/06/2022,"-8,5149633","-37,5528569",,15
PE,BR-110,186,187,1,23/06/2022,"-8,5149633","-37,5528569",,"22,5"
PE,BR-110,187,188,1,23/06/2022,"-8,5149633","-37,5528569",,55
PE,BR-110,188,189,1,23/06/2022,"-8,5149633","-37,5528569",,"47,5"
PE,BR-110,189,190,1,23/06/2022,"-8,5149633","-37,5528569",,55
PE,BR-110,190,191,1,23/06/2022,"-8,5149633","-37,5528569",,55
PE,BR-110,191,192,1,23/06/2022,"-8,5149633","-37,5528569",,55
PE,BR-110,192,193,1,23/06/2022,"-8,5149633","-37,5528569",,"22,5"
PE,BR-110,193,194,1,23/06/2022,"-8,5149633","-37,5528569",,"22,5"
PE,BR-110,194,195,1,23/06/2022,"-8,5149633","-37,5528569",,"22,5"
PE,BR-110,195,196,1,23/06/2022,"-8,5149633","-37,5528569",,"47,5"
PE,BR-110,196,197,1,23/06/2022,"-8,5149633","-37,5528569",,35
PE,BR-110,197,198,1,23/06/2022,"-8,5149633","-37,5528569",,"22,5"
PE,BR-110,198,199,1,23/06/2022,"-8,5149633","-37,5528569",,"22,5"
PE,BR-110,199,200,1,23/06/2022,"-8,5149633","-37,5528569",,"22,5"
PE,BR-110,200,201,1,23/06/2022,"-8,5149633","-37,5528569",,55
PE,BR-110,201,202,1,23/06/2022,"-8,5149633","-37,5528569",,"22,5"
PE,BR-110,202,203,1,23/06/2022,"-8,5149633","-37,5528569",,15
PE,BR-110,203,204,1,23/06/2022,"-8,5149633","-37,5528569",,15
PE,BR-110,204,205,1,23/06/2022,"-8,5149633","-37,5528569",,15
PE,BR-110,205,206,1,23/06/2022,"-8,5149633","-37,5528569",,15
PE,BR-110,206,207,1,23/06/2022,"-8,5149633","-37,5528569",,15
PE,BR-110,207,208,1,23/06/2022,"-8,5149633","-37,5528569",,15
PE,BR-110,208,209,1,23/06/2022,"-8,5149633","-37,5528569",,15
PE,BR-110,209,210,1,23/06/2022,"-8,5149633","-37,5528569",,"22,5"
PE,BR-110,210,211,1,23/06/2022,"-8,5149633","-37,5528569",,15
PE,BR-110,211,212,1,23/06/2022,"-8,5149633","-37,5528569",,15
PE,BR-110,212,213,1,23/06/2022,"-8,5149633","-37,5528569",,"47,5"
PE,BR-110,213,214,1,23/06/2022,"-8,5149633","-37,5528569",,"47,5"
PE,BR-110,214,215,1,23/06/2022,"-8,5149633","-37,5528569",,"47,5"
PE,BR-110,215,216,1,23/06/2022,"-8,5149633","-37,5528569",,30
PE,BR-110,216,217,1,23/06/2022,"-8,9730206","-38,2132379",,"42,5"
PE,BR-110,217,218,1,23/06/2022,"-8,9643483","-38,1937728",,"22,5"
PE,BR-110,218,219,1,23/06/2022,"-8,9643483","-38,1937728",,"22,5"
PE,BR-110,219,220,1,23/06/2022,"-8,9643483","-38,1937728",,"22,5"
PE,BR-316,"410,9",411,"0,1",23/06/2022,"-8,5149633","-37,5528569",,"47,5"
PE,BR-316,411,412,1,23/06/2022,"-8,5149633","-37,5528569",Panela Alta,55
PE,BR-316,412,413,1,23/06/2022,"-8,5149633","-37,5528569",,55
PE,BR-316,413,414,1,23/06/2022,"-8,9738718","-38,215547",,55
PE,BR-316,414,415,1,23/06/2022,"-8,9730206","-38,2132379",,55
PE,BR-316,415,416,1,23/06/2022,"-8,9730206","-38,2132379",,55
PE,BR-316,416,417,1,23/06/2022,"-8,9730206","-38,2132379",,55
PE,BR-316,417,418,1,23/06/2022,"-8,9730206","-38,2132379",,55
PE,BR-316,418,419,1,23/06/2022,"-8,9730206","-38,2132379",,55
PE,BR-316,419,420,1,23/06/2022,"-8,9730206","-38,2132379",,55
PE,BR-316,420,421,1,23/06/2022,"-8,9730206","-38,2132379",,55
PE,BR-316,421,422,1,23/06/2022,"-8,9730206","-38,2132379",,55
PE,BR-316,422,423,1,23/06/2022,"-8,9730206","-38,2132379",,55
PE,BR-316,423,424,1,23/06/2022,"-8,9730206","-38,2132379",,"47,5"
PE,BR-316,424,425,1,23/06/2022,"-8,9730206","-38,2132379",,"47,5"
PE,BR-316,425,426,1,23/06/2022,"-8,9730206","-38,2132379",,55
PE,BR-316,426,427,1,23/06/2022,"-8,9730206","-38,2132379",,55
PE,BR-316,427,428,1,23/06/2022,"-8,9730206","-38,2132379",,55
PE,BR-316,428,429,1,23/06/2022,"-8,9730206","-38,2132379",,55
PE,BR-316,429,430,1,23/06/2022,"-8,9730206","-38,2132379",,"22,5"
PE,BR-316,430,431,1,23/06/2022,"-8,9730206","-38,2132379",,"22,5"
PE,BR-316,431,432,1,23/06/2022,"-8,9730206","-38,2132379",,55
PE,BR-316,432,433,1,23/06/2022,"-8,9730206","-38,2132379",,55
PE,BR-316,433,434,1,23/06/2022,"-8,9730206","-38,2132379",,55
PE,BR-316,434,435,1,23/06/2022,"-8,9730206","-38,2132379",,"41,25"
MT,BR-158,"201,2",202,"0,8",29/06/2022,"-11,1176989","-51,7032626",,"76,25"
MT,BR-158,202,203,1,29/06/2022,"-11,1184809","-51,7032838",,75
MT,BR-158,203,204,1,29/06/2022,"-11,1189328","-51,7032749",,"72,5"
MT,BR-158,204,205,1,29/06/2022,"-11,1189328","-51,7032749",,70
MT,BR-158,205,206,1,29/06/2022,"-11,1189328","-51,7032749",,70
MT,BR-158,206,207,1,29/06/2022,"-11,1189328","-51,7032749",,"73,75"
MT,BR-158,207,208,1,29/06/2022,"-11,1189328","-51,7032749",,"82,5"
MT,BR-158,208,209,1,29/06/2022,"-11,1189328","-51,7032749",,"83,75"
MT,BR-158,209,210,1,29/06/2022,"-11,1189328","-51,7032749",,"76,25"
MT,BR-158,210,211,1,29/06/2022,"-11,1189328","-51,7032749",,"72,5"
MT,BR-158,211,212,1,29/06/2022,"-11,1189328","-51,7032749",,"83,75"
MT,BR-158,212,213,1,29/06/2022,"-11,1189328","-51,7032749",,"81,25"
MT,BR-158,213,214,1,29/06/2022,"-11,1189328","-51,7032749",,100
MT,BR-158,214,215,1,29/06/2022,"-11,1189328","-51,7032749",,100
MT,BR-158,215,216,1,29/06/2022,"-11,1189328","-51,7032749",,"86,25"
MT,BR-158,216,217,1,29/06/2022,"-11,1189328","-51,7032749",,"82,5"
MT,BR-158,217,218,1,29/06/2022,"-11,1189328","-51,7032749",,"82,5"
MT,BR-158,218,219,1,29/06/2022,"-11,1189328","-51,7032749",,"86,25"
MT,BR-158,219,220,1,29/06/2022,"-11,1189328","-51,7032749",,"86,25"
MT,BR-158,220,221,1,29/06/2022,"-11,1189328","-51,7032749",,"78,75"
MT,BR-158,221,222,1,29/06/2022,"-11,1189328","-51,7032749",,"72,5"
MT,BR-158,222,223,1,29/06/2022,"-11,1189328","-51,7032749",,"86,25"
MT,BR-158,223,224,1,29/06/2022,"-11,1189328","-51,7032749",,"83,75"
MT,BR-158,224,225,1,29/06/2022,"-11,1189328","-51,7032749",,"78,75"
MT,BR-158,225,226,1,29/06/2022,"-11,1189328","-51,7032749",,"83,75"
MT,BR-158,226,227,1,29/06/2022,"-11,1189328","-51,7032749",,"88,75"
MT,BR-158,227,228,1,29/06/2022,"-11,1189328","-51,7032749",,"76,25"
MT,BR-158,228,229,1,29/06/2022,"-11,1189328","-51,7032749",,"86,25"
MT,BR-158,229,230,1,29/06/2022,"-11,1189328","-51,7032749",,90
MT,BR-158,230,231,1,29/06/2022,"-11,1189328","-51,7032749",,"86,25"
MT,BR-158,231,232,1,29/06/2022,"-11,1189328","-51,7032749",,"93,75"
MT,BR-158,232,233,1,29/06/2022,"-11,1189328","-51,7032749",,90
MT,BR-158,233,234,1,29/06/2022,"-11,1189328","-51,7032749",,"96,25"
MT,BR-158,234,235,1,29/06/2022,"-11,1189328","-51,7032749",,"91,25"
MT,BR-158,235,236,1,29/06/2022,"-11,1189328","-51,7032749",,"86,25"
MT,BR-158,236,237,1,29/06/2022,"-11,1189328","-51,7032749",,"62,5"
MT,BR-158,237,238,1,29/06/2022,"-11,1189328","-51,7032749",,90
MT,BR-158,238,239,1,29/06/2022,"-11,1189328","-51,7032749",,"83,75"
MT,BR-158,239,240,1,29/06/2022,"-11,1189328","-51,7032749",,"76,25"
MT,BR-158,240,241,1,29/06/2022,"-11,1189328","-51,7032749",,"86,25"
MT,BR-158,241,242,1,29/06/2022,"-11,1189328","-51,7032749",,"83,75"
MT,BR-158,242,243,1,29/06/2022,"-11,1189328","-51,7032749",,70
MT,BR-158,243,244,1,29/06/2022,"-11,1189328","-51,7032749",,"92,5"
MT,BR-158,244,245,1,29/06/2022,"-11,1189328","-51,7032749",,"83,75"
MT,BR-158,245,246,1,29/06/2022,"-11,1189328","-51,7032749",,"71,25"
MT,BR-158,246,247,1,29/06/2022,"-11,1189328","-51,7032749",,"82,5"
MT,BR-158,247,248,1,29/06/2022,"-11,1189328","-51,7032749",,"87,5"
MT,BR-158,248,249,1,29/06/2022,"-11,1189328","-51,7032749",,"82,5"
MT,BR-158,249,250,1,29/06/2022,"-11,1189328","-51,7032749",,70
MT,BR-158,250,251,1,29/06/2022,"-11,1189328","-51,7032749",,70
MT,BR-158,251,252,1,29/06/2022,"-11,1189328","-51,7032749",,"78,75"
MT,BR-158,252,253,1,29/06/2022,"-11,1189328","-51,7032749",,80
MT,BR-158,253,254,1,29/06/2022,"-11,1189328","-51,7032749",,"57,5"
MT,BR-158,254,255,1,29/06/2022,"-11,1189328","-51,7032749",,"52,5"
MT,BR-158,255,256,1,29/06/2022,"-11,6116274","-51,6979904",,"57,5"
MT,BR-158,256,257,1,29/06/2022,"-11,6116274","-51,6979904",,55
MT,BR-158,257,258,1,29/06/2022,"-11,6116274","-51,6979904",,"57,5"
MT,BR-158,258,259,1,29/06/2022,"-11,6116274","-51,6979904",,65
MT,BR-158,259,260,1,29/06/2022,"-11,6468618","-51,6844808",,"62,5"
MT,BR-158,260,261,1,29/06/2022,"-11,6468618","-51,6844808",,"57,5"
MT,BR-158,261,262,1,29/06/2022,"-11,6468618","-51,6844808",,"57,5"
MT,BR-158,262,263,1,29/06/2022,"-11,6468618","-51,6844808",,"57,5"
MT,BR-158,263,264,1,29/06/2022,"-11,6720086","-51,6580235",,"52,5"
MT,BR-158,264,265,1,29/06/2022,"-11,6720086","-51,6580235",,65
MT,BR-158,265,266,1,29/06/2022,"-11,6720086","-51,6580235",,65
MT,BR-158,266,267,1,29/06/2022,"-11,6720086","-51,6580235",,"62,5"
MT,BR-158,267,268,1,29/06/2022,"-11,6720086","-51,6580235",,60
MT,BR-158,268,269,1,29/06/2022,"-11,6720086","-51,6580235",,"73,75"
MT,BR-158,269,270,1,29/06/2022,"-11,6720086","-51,6580235",,"83,75"
MT,BR-158,270,271,1,29/06/2022,"-11,6720086","-51,6580235",,"76,25"
MT,BR-158,271,272,1,29/06/2022,"-11,6720086","-51,6580235",,70
MT,BR-158,272,273,1,29/06/2022,"-11,6720086","-51,6580235",,"83,75"
MT,BR-158,273,274,1,29/06/2022,"-11,6720086","-51,6580235",,"52,5"
MT,BR-158,274,275,1,29/06/2022,"-11,6720086","-51,6580235",,70
MT,BR-158,275,276,1,29/06/2022,"-11,6720086","-51,6580235",,"83,75"
MT,BR-158,276,277,1,29/06/2022,"-11,6720086","-51,6580235",,"78,75"
MT,BR-158,277,278,1,29/06/2022,"-11,6720086","-51,6580235",,55
MT,BR-158,278,279,1,29/06/2022,"-11,6720086","-51,6580235",,"66,25"
MT,BR-158,279,280,1,29/06/2022,"-11,6720086","-51,6580235",,"73,75"
MT,BR-158,280,281,1,29/06/2022,"-11,6720086","-51,6580235",,65
MT,BR-158,282,283,1,29/06/2022,"-11,6720086","-51,6580235",,"66,25"
MT,BR-158,283,284,1,29/06/2022,"-11,6720086","-51,6580235",,"66,25"
MT,BR-158,284,285,1,29/06/2022,"-11,6720086","-51,6580235",,55
MT,BR-158,285,286,1,29/06/2022,"-11,6720086","-51,6580235",,55
MT,BR-158,286,287,1,29/06/2022,"-11,6720086","-51,6580235",,"72,5"
MT,BR-158,287,288,1,29/06/2022,"-11,6720086","-51,6580235",,60
MT,BR-158,288,289,1,29/06/2022,"-11,6720086","-51,6580235",,55
MT,BR-158,289,290,1,29/06/2022,"-11,6720086","-51,6580235",,70
MT,BR-158,290,291,1,29/06/2022,"-11,6720086","-51,6580235",,"76,25"
MT,BR-158,291,292,1,29/06/2022,"-11,6720086","-51,6580235",,"77,5"
MT,BR-158,292,293,1,29/06/2022,"-11,6720086","-51,6580235",,"86,25"
MT,BR-158,293,294,1,29/06/2022,"-11,8189163","-51,6332476",,80
MT,BR-158,294,295,1,29/06/2022,"-11,8991883","-51,6581047",,"93,75"
MT,BR-158,295,296,1,29/06/2022,"-11,8991883","-51,6581047",,"83,75"
MT,BR-158,296,297,1,29/06/2022,"-11,8991883","-51,6581047",,"91,25"
MT,BR-158,297,298,1,29/06/2022,"-11,8991883","-51,6581047",,"83,75"
MT,BR-158,298,299,1,29/06/2022,"-11,8991883","-51,6581047",,"81,25"
MT,BR-158,299,300,1,29/06/2022,"-11,8991883","-51,6581047",,"62,5"
MT,BR-158,300,301,1,29/06/2022,"-11,8991883","-51,6581047",,"77,5"
MT,BR-158,301,302,1,29/06/2022,"-11,8991883","-51,6581047",,"87,5"
MT,BR-158,302,303,1,29/06/2022,"-11,8991883","-51,6581047",,"68,75"
MT,BR-158,303,304,1,29/06/2022,"-11,8991883","-51,6581047",,"76,25"
MT,BR-158,304,305,1,29/06/2022,"-11,8991883","-51,6581047",,"68,75"
MT,BR-158,305,306,1,29/06/2022,"-11,8991883","-51,6581047",,"66,25"
MT,BR-158,306,307,1,29/06/2022,"-11,8991883","-51,6581047",,55
MT,BR-158,307,308,1,29/06/2022,"-11,8991883","-51,6581047",,"53,75"
MT,BR-158,308,309,1,29/06/2022,"-11,8991883","-51,6581047",,"53,75"
MT,BR-158,309,310,1,29/06/2022,"-12,0590777","-51,6655878",,"57,5"
MT,BR-158,310,311,1,29/06/2022,"-12,0590777","-51,6655878",,55
MT,BR-158,311,312,1,29/06/2022,"-11,8991883","-51,6581047",,"52,5"
MT,BR-158,312,313,1,29/06/2022,"-11,8991883","-51,6581047",,50
MT,BR-158,313,314,1,29/06/2022,"-11,8991883","-51,6581047",,"62,5"
MT,BR-158,314,315,1,29/06/2022,"-11,8991883","-51,6581047",,"73,75"
MT,BR-158,315,316,1,29/06/2022,"-12,0981747","-51,6990555",,"67,5"
MT,BR-158,316,317,1,29/06/2022,"-12,0981747","-51,6990555",,"76,25"
MT,BR-158,317,318,1,29/06/2022,"-12,0981747","-51,6990555",,70
MT,BR-158,318,319,1,29/06/2022,"-12,1124171","-51,7265054",,"88,75"
MT,BR-158,319,320,1,29/06/2022,"-12,1135739","-51,728307",,"93,75"
MT,BR-158,320,321,1,29/06/2022,"-12,1135739","-51,728307",,100
MT,BR-158,321,322,1,29/06/2022,"-12,1135739","-51,728307",,100
MT,BR-158,322,323,1,29/06/2022,"-12,1135739","-51,728307",,"93,75"
MT,BR-158,323,324,1,29/06/2022,"-12,1135739","-51,728307",,"93,75"
MT,BR-158,324,325,1,29/06/2022,"-12,1135739","-51,728307",,"51,25"
MT,BR-158,325,326,1,29/06/2022,"-12,1135739","-51,728307",,0
MT,BR-158,326,327,1,29/06/2022,"-12,1643527","-51,6976405",,0
MT,BR-158,327,328,1,29/06/2022,"-12,1643527","-51,6976405",,0
MT,BR-158,328,329,1,29/06/2022,"-12,1643527","-51,6976405",,0
MT,BR-158,329,330,1,29/06/2022,"-12,1643527","-51,6976405",,0
MT,BR-158,330,331,1,29/06/2022,"-12,1643527","-51,6976405",,0
MT,BR-158,331,332,1,29/06/2022,"-12,1643167","-51,6976346",,0
MT,BR-158,332,333,1,29/06/2022,"-12,1643455","-51,697635",,0
MT,BR-158,333,334,1,29/06/2022,"-12,1643076","-51,6976367",,0
MT,BR-158,281,282,1,29/06/2022,"-11,6720086","-51,6580235",,"67,5"
BA,BR-030,"852,3",853,"0,7",29/06/2022,"-14,3736281","-39,3274592",,"57,5"
BA,BR-030,853,854,1,29/06/2022,"-14,3736281","-39,3274592",,60
BA,BR-030,854,855,1,29/06/2022,"-14,3736281","-39,3274592",,70
BA,BR-030,855,856,1,29/06/2022,"-14,3736281","-39,3274592",,70
BA,BR-030,856,857,1,29/06/2022,"-14,3736281","-39,3274592",,"76,25"
BA,BR-030,857,858,1,29/06/2022,"-14,3736281","-39,3274592",,70
BA,BR-030,858,859,1,29/06/2022,"-14,3736281","-39,3274592",,"63,75"
BA,BR-030,859,860,1,29/06/2022,"-14,3736281","-39,3274592",,"73,75"
BA,BR-030,860,861,1,29/06/2022,"-14,3736281","-39,3274592",,"76,25"
BA,BR-030,861,862,1,29/06/2022,"-14,3736281","-39,3274592",,"78,75"
BA,BR-030,862,863,1,29/06/2022,"-14,3736281","-39,3274592",,"76,25"
BA,BR-030,863,864,1,29/06/2022,"-14,3736281","-39,3274592",,"83,75"
BA,BR-030,864,865,1,29/06/2022,"-14,3736281","-39,3274592",,70
BA,BR-030,865,866,1,29/06/2022,"-14,3736281","-39,3274592",,70
BA,BR-030,866,867,1,29/06/2022,"-14,3736281","-39,3274592",,"76,25"
BA,BR-030,867,868,1,29/06/2022,"-14,3736281","-39,3274592",,"93,75"
BA,BR-030,868,869,1,29/06/2022,"-14,3736281","-39,3274592",,"62,5"
BA,BR-030,869,870,1,29/06/2022,"-14,3736281","-39,3274592",,"78,75"
BA,BR-030,870,871,1,29/06/2022,"-14,3736281","-39,3274592",,"76,25"
BA,BR-030,871,872,1,29/06/2022,"-14,3736281","-39,3274592",,"68,75"
BA,BR-030,872,873,1,29/06/2022,"-14,3736281","-39,3274592",,60
BA,BR-030,873,874,1,29/06/2022,"-14,3736281","-39,3274592",,"82,5"
BA,BR-030,874,875,1,29/06/2022,"-14,3736281","-39,3274592",,"77,5"
BA,BR-030,875,876,1,29/06/2022,"-14,3736281","-39,3274592",,70
BA,BR-030,876,877,1,29/06/2022,"-14,3736281","-39,3274592",,"58,75"
BA,BR-030,877,878,1,29/06/2022,"-14,3736281","-39,3274592",,"71,25"
BA,BR-030,878,879,1,29/06/2022,"-14,3736281","-39,3274592",,"56,25"
BA,BR-030,879,880,1,29/06/2022,"-14,3736281","-39,3274592",,65
BA,BR-030,880,881,1,29/06/2022,"-14,3736281","-39,3274592",,"66,25"
BA,BR-030,881,882,1,29/06/2022,"-14,3736281","-39,3274592",,"72,5"
BA,BR-030,882,883,1,29/06/2022,"-14,3736281","-39,3274592",,75
BA,BR-030,883,884,1,29/06/2022,"-14,3736281","-39,3274592",,"68,75"
BA,BR-030,884,885,1,29/06/2022,"-14,3736281","-39,3274592",,"82,5"
BA,BR-030,885,886,1,29/06/2022,"-14,3736281","-39,3274592",,80
BA,BR-030,886,887,1,29/06/2022,"-14,3736281","-39,3274592",,"91,25"
BA,BR-030,887,888,1,29/06/2022,"-14,3736281","-39,3274592",,"98,75"
BA,BR-030,888,889,1,29/06/2022,"-14,3736281","-39,3274592",,"87,5"
BA,BR-030,889,890,1,29/06/2022,"-14,3736281","-39,3274592",,"83,75"
BA,BR-030,890,891,1,29/06/2022,"-14,3736281","-39,3274592",,"91,25"
BA,BR-030,891,892,1,29/06/2022,"-14,3736281","-39,3274592",,"86,25"
BA,BR-030,892,893,1,29/06/2022,"-14,3736281","-39,3274592",,"86,25"
BA,BR-030,893,894,1,29/06/2022,"-14,2781458","-38,9982681",,"86,25"
BA,BR-030,894,895,1,29/06/2022,"-14,2781458","-38,9982681",,90
BA,BR-030,895,896,1,29/06/2022,"-14,2781458","-38,9982681",,"83,75"
BA,BR-030,896,897,1,29/06/2022,"-14,2781458","-38,9982681",,"76,25"
BA,BR-030,897,898,1,29/06/2022,"-14,2781458","-38,9982681",,"71,25"
BA,BR-030,898,899,1,29/06/2022,"-14,2781458","-38,9982681",,"58,75"
BA,BR-030,899,900,1,29/06/2022,"-14,2781458","-38,9982681",,60
BA,BR-030,900,901,1,29/06/2022,"-14,2781458","-38,9982681",,"83,75"
BA,BR-030,901,902,1,29/06/2022,"-14,2781458","-38,9982681",,"91,25"
BA,BR-030,902,903,1,29/06/2022,"-14,2781458","-38,9982681",,"83,75"
BA,BR-030,903,904,1,29/06/2022,"-14,2781458","-38,9982681",,"82,5"
BA,BR-030,904,905,1,29/06/2022,"-14,2781458","-38,9982681",,"72,5"
BA,BR-030,905,906,1,29/06/2022,"-14,2781458","-38,9982681",,"76,25"
BA,BR-030,906,907,1,29/06/2022,"-14,2781458","-38,9982681",,"86,25"
BA,BR-030,907,908,1,29/06/2022,"-14,2781458","-38,9982681",,55
BA,BR-030,908,909,1,29/06/2022,"-14,2781458","-38,9982681",,"68,75"
BA,BR-030,909,910,1,29/06/2022,"-14,2781458","-38,9982681",,"76,25"
BA,BR-030,910,911,1,29/06/2022,"-14,2781458","-38,9982681",,75
BA,BR-030,911,912,1,29/06/2022,"-14,2781458","-38,9982681",,"62,5"
BA,BR-030,912,913,1,29/06/2022,"-14,0426188","-38,9557249",,"63,75"
BA,BR-030,913,914,1,29/06/2022,"-14,0426188","-38,9557249",,75
BA,BR-030,914,915,1,29/06/2022,"-14,0426188","-38,9557249",,"68,75"
BA,BR-030,915,916,1,29/06/2022,"-14,0426188","-38,9557249",,90
BA,BR-030,916,917,1,29/06/2022,"-14,0426188","-38,9557249",,90
BA,BR-030,917,918,1,29/06/2022,"-14,0426188","-38,9557249",,90
BA,BR-030,918,919,1,29/06/2022,"-14,0426188","-38,9557249",,90
BA,BR-030,919,920,1,29/06/2022,"-14,0426188","-38,9557249",,90
BA,BR-030,920,921,1,29/06/2022,"-14,0426188","-38,9557249",,"86,25"
BA,BR-030,921,922,1,29/06/2022,"-14,0426188","-38,9557249",,90
BA,BR-030,922,923,1,29/06/2022,"-14,0426188","-38,9557249",,"82,5"
BA,BR-030,"588,4",589,"0,6",29/06/2022,"-14,17984","-41,1251546",,100
BA,BR-030,589,590,1,29/06/2022,"-14,1799193","-41,1252814",,100
BA,BR-030,590,591,1,29/06/2022,"-14,1801543","-41,125112",,100
BA,BR-030,591,592,1,29/06/2022,"-14,1803946","-41,1248853",,100
BA,BR-030,592,593,1,29/06/2022,"-14,1806583","-41,1244884",,100
BA,BR-030,593,594,1,29/06/2022,"-14,1809384","-41,1239288",,100
BA,BR-030,594,595,1,29/06/2022,"-14,1811429","-41,1234797",,100
BA,BR-030,595,596,1,29/06/2022,"-14,1813305","-41,1230492",,100
BA,BR-030,596,597,1,29/06/2022,"-14,1816224","-41,1226759",,100
BA,BR-030,597,598,1,29/06/2022,"-14,1821834","-41,122258",,100
BA,BR-030,598,599,1,29/06/2022,"-14,1831981","-41,1214559",,75
BA,BR-030,599,600,1,29/06/2022,"-14,1832528","-41,1214095",,75
BA,BR-030,600,601,1,29/06/2022,"-14,1834706","-41,1207904",,75
BA,BR-030,601,602,1,29/06/2022,"-14,1830452","-41,119528",,75
BA,BR-030,602,603,1,29/06/2022,"-14,1826978","-41,1171215",,75
BA,BR-030,603,604,1,29/06/2022,"-14,1827722","-41,116543",,75
BA,BR-030,604,605,1,29/06/2022,"-14,1827615","-41,1164407",,75
BA,BR-030,605,606,1,29/06/2022,"-14,1820697","-41,1149808",,75
BA,BR-030,606,607,1,29/06/2022,"-14,1811313","-41,1096639",,75
BA,BR-030,607,608,1,29/06/2022,"-14,1804317","-41,1074485",,75
BA,BR-030,608,609,1,29/06/2022,"-14,1800272","-41,1061513",,75
BA,BR-030,609,610,1,29/06/2022,"-14,1798778","-41,1057497",,75
BA,BR-030,610,611,1,29/06/2022,"-14,1797225","-41,1052186",,75
BA,BR-030,611,612,1,29/06/2022,"-14,1795336","-41,1046968",,75
BA,BR-030,612,613,1,29/06/2022,"-14,1793725","-41,1043205",,75
BA,BR-030,613,614,1,29/06/2022,"-14,1791075","-41,1039447",,75
BA,BR-030,614,615,1,29/06/2022,"-14,178777","-41,1035862",,75
BA,BR-030,615,616,1,29/06/2022,"-14,1786696","-41,1033134",,75
BA,BR-030,616,617,1,29/06/2022,"-14,1787055","-41,1028327",,75
BA,BR-030,617,618,1,29/06/2022,"-14,1787025","-41,1023193",,75
BA,BR-030,618,619,1,29/06/2022,"-14,1786864","-41,1014398",,75
BA,BR-030,619,620,1,29/06/2022,"-14,1786171","-41,1005613",,75
BA,BR-030,620,621,1,29/06/2022,"-14,1787529","-41,0992778",,75
BA,BR-030,621,622,1,29/06/2022,"-14,179102","-41,098709",,75
BA,BR-030,622,623,1,29/06/2022,"-14,179427","-41,0981923",,75
BA,BR-030,623,624,1,29/06/2022,"-14,1798184","-41,0975405",,75
BA,BR-030,624,625,1,29/06/2022,"-14,1800199","-41,0971238",,75
BA,BR-030,625,626,1,29/06/2022,"-14,1802141","-41,0967288",,75
BA,BR-030,626,627,1,29/06/2022,"-14,1804695","-41,0963235",,75
BA,BR-030,627,628,1,29/06/2022,"-14,1808787","-41,0960941",,75
BA,BR-030,628,629,1,29/06/2022,"-14,1811918","-41,0957652",,75
BA,BR-030,629,630,1,29/06/2022,"-14,1812246","-41,0956697",,75
BA,BR-030,630,631,1,29/06/2022,"-14,1814748","-41,0949805",,100
BA,BR-030,631,632,1,29/06/2022,"-14,183726","-40,9986755",,100
BA,BR-030,632,633,1,29/06/2022,"-14,1840203","-40,9982423",,100
BA,BR-030,633,634,1,29/06/2022,"-14,1844222","-40,997671",,100
BA,BR-030,634,635,1,29/06/2022,"-14,1849182","-40,9970255",,100
BA,BR-030,635,636,1,29/06/2022,"-14,1853433","-40,995769",,100
BA,BR-030,636,637,1,29/06/2022,"-14,1854214","-40,995257",,100
BA,BR-030,637,638,1,29/06/2022,"-14,1855784","-40,9939482",,100
BA,BR-030,638,639,1,29/06/2022,"-14,185624","-40,9933792",,100
BA,BR-030,639,640,1,29/06/2022,"-14,1857813","-40,9923965",,100
BA,BR-030,640,641,1,29/06/2022,"-14,1859785","-40,9916008",,100
BA,BR-030,641,642,1,29/06/2022,"-14,1860121","-40,991437",,100
BA,BR-030,642,643,1,29/06/2022,"-14,1862281","-40,9899996",,100
BA,BR-030,643,644,1,29/06/2022,"-14,1863562","-40,9892244",,100
BA,BR-030,644,645,1,29/06/2022,"-14,1864636","-40,98859",,75
BA,BR-030,645,646,1,29/06/2022,"-14,1866294","-40,9879392",,75
BA,BR-030,646,647,1,29/06/2022,"-14,1868365","-40,9872567",,75
BA,BR-030,647,648,1,29/06/2022,"-14,1870992","-40,9864288",,75
BA,BR-030,648,649,1,29/06/2022,"-14,1881094","-40,9797412",,75
BA,BR-030,649,650,1,29/06/2022,"-14,1882994","-40,9790385",,50
BA,BR-030,650,651,1,29/06/2022,"-14,1884034","-40,9783054",,75
BA,BR-030,651,652,1,29/06/2022,"-14,1884966","-40,9774021",,100
BA,BR-030,652,653,1,29/06/2022,"-14,1886302","-40,9766658",,100
BA,BR-030,653,654,1,29/06/2022,"-14,1886708","-40,9764833",,100
BA,BR-030,654,655,1,29/06/2022,"-14,1888824","-40,9751799",,100
BA,BR-030,655,656,1,29/06/2022,"-14,1890866","-40,9744825",,100
BA,BR-030,656,657,1,29/06/2022,"-14,1883583","-40,9623404",,100
BA,BR-030,657,658,1,29/06/2022,"-14,1883122","-40,9611932",,100
BA,BR-030,658,659,1,29/06/2022,"-14,1882643","-40,9608363",,100
BA,BR-030,659,660,1,29/06/2022,"-14,1881943","-40,9602101",,100
BA,BR-030,660,661,1,29/06/2022,"-14,1880754","-40,9593904",,100
BA,BR-030,661,662,1,29/06/2022,"-14,187938","-40,958837",,100
BA,BR-030,662,663,1,29/06/2022,"-14,1878957","-40,9587142",,100
BA,BR-030,663,664,1,29/06/2022,"-14,1877582","-40,9570478",,100
BA,BR-030,664,665,1,29/06/2022,"-14,1876936","-40,9561565",,100
BA,BR-030,665,666,1,29/06/2022,"-14,1877538","-40,9555469",,100
BA,BR-030,666,667,1,29/06/2022,"-14,1876683","-40,9548805",,100
BA,BR-030,667,668,1,29/06/2022,"-14,1874726","-40,9540564",,100
BA,BR-030,668,669,1,29/06/2022,"-14,187288","-40,9531794",,100
BA,BR-030,669,670,1,29/06/2022,"-14,1872243","-40,9525215",,100
BA,BR-030,670,671,1,29/06/2022,"-14,1871111","-40,9520724",,100
BA,BR-030,671,672,1,29/06/2022,"-14,1871009","-40,9519584",,100
BA,BR-030,672,673,1,29/06/2022,"-14,1870374","-40,950254",,100
BA,BR-030,673,674,1,29/06/2022,"-14,1866742","-40,9489294",,100
BA,BR-030,674,675,1,29/06/2022,"-14,1868504","-40,9483402",,100
BA,BR-030,675,676,1,29/06/2022,"-14,1867507","-40,947955",,100
BA,BR-030,676,677,1,29/06/2022,"-14,1867098","-40,9478782",,100
BA,BR-030,677,678,1,29/06/2022,"-14,1868121","-40,9460232",,100
BA,BR-030,678,679,1,29/06/2022,"-14,1878265","-40,9445955",,100
BA,BR-030,679,680,1,29/06/2022,"-14,1878543","-40,9439879",,100
BA,BR-030,680,681,1,29/06/2022,"-14,1877278","-40,9433283",,100
BA,BR-030,681,682,1,29/06/2022,"-14,1874375","-40,9426887",,100
BA,BR-030,682,683,1,29/06/2022,"-14,1871992","-40,9420091",,100
BA,BR-030,683,684,1,29/06/2022,"-14,1870514","-40,941624",,100
BA,BR-030,684,685,1,29/06/2022,"-14,1867988","-40,9408384",,100
BA,BR-030,685,686,1,29/06/2022,"-14,1866338","-40,9403847",,100
BA,BR-030,686,687,1,29/06/2022,"-14,1862986","-40,9394831",,100
BA,BR-030,687,688,1,29/06/2022,"-14,1862754","-40,9394254",,100
BA,BR-030,688,689,1,29/06/2022,"-14,1859587","-40,9380756",,100
BA,BR-030,689,690,1,29/06/2022,"-14,1856324","-40,9370878",,100
BA,BR-030,690,691,1,29/06/2022,"-14,1850111","-40,93619",,100
BA,BR-030,691,692,1,29/06/2022,"-14,1846241","-40,9355059",,100
BA,BR-030,692,693,1,29/06/2022,"-14,1846061","-40,9352947",,100
BA,BR-030,693,694,1,29/06/2022,"-14,18393","-40,9341348",,100
BA,BR-030,694,695,1,29/06/2022,"-14,1837847","-40,9338493",,100
BA,BR-030,695,696,1,29/06/2022,"-14,1835886","-40,9334878",,100
BA,BR-030,696,697,1,29/06/2022,"-14,1831813","-40,9326792",,100
BA,BR-030,697,698,1,29/06/2022,"-14,1828949","-40,9320935",,100
BA,BR-030,698,699,1,29/06/2022,"-14,1826256","-40,9315813",,100
BA,BR-030,699,700,1,29/06/2022,"-14,182604","-40,9315326",,100
BA,BR-030,700,701,1,29/06/2022,"-14,1825068","-40,9297728",,100
BA,BR-030,701,702,1,29/06/2022,"-14,1825364","-40,9294994",,100
BA,BR-030,702,703,1,29/06/2022,"-14,1825587","-40,9290728",,100
BA,BR-030,703,704,1,29/06/2022,"-14,1825543","-40,92896",,100
RS,BR-470,89,90,1,29/06/2022,"-28,2968709","-51,4605967",,"53,75"
RS,BR-470,90,91,1,29/06/2022,"-28,3077309","-51,4665676",,"46,25"
RS,BR-470,91,92,1,29/06/2022,"-28,3077309","-51,4665676",,"46,25"
RS,BR-470,92,93,1,29/06/2022,"-28,3077309","-51,4665676",,"23,75"
RS,BR-470,93,94,1,29/06/2022,"-28,3077309","-51,4665676",,30
RS,BR-470,94,95,1,29/06/2022,"-28,3077309","-51,4665676",,"23,75"
RS,BR-470,95,96,1,29/06/2022,"-28,3187234","-51,4699165",,"28,75"
RS,BR-470,96,97,1,29/06/2022,"-28,3187234","-51,4699165",,30
RS,BR-470,97,98,1,29/06/2022,"-28,3187234","-51,4699165",,"52,5"
RS,BR-470,98,99,1,29/06/2022,"-28,3187234","-51,4699165",,"37,5"
RS,BR-470,99,100,1,29/06/2022,"-28,3187234","-51,4699165",,"23,75"
RS,BR-470,100,101,1,29/06/2022,"-28,3187234","-51,4699165",,"38,75"
RS,BR-470,101,102,1,29/06/2022,"-28,3175481","-51,3484905",,"52,5"
RS,BR-470,102,103,1,29/06/2022,"-28,3175481","-51,3484905",,30
RS,BR-470,103,104,1,29/06/2022,"-28,3175481","-51,3484905",,"63,75"
RS,BR-470,104,105,1,29/06/2022,"-28,3175481","-51,3484905",,30
RS,BR-470,105,106,1,29/06/2022,"-28,3175481","-51,3484905",,30
RS,BR-470,106,107,1,29/06/2022,"-28,3175481","-51,3484905",,60
RS,BR-470,107,108,1,29/06/2022,"-28,3024881","-51,4731336",,"66,25"
RS,BR-470,108,109,1,29/06/2022,"-28,4229906","-51,4936843",,45
RS,BR-470,109,110,1,29/06/2022,"-28,4229906","-51,4936843",,60
RS,BR-470,110,111,1,29/06/2022,"-28,3175481","-51,3484905",,30
RS,BR-470,111,112,1,29/06/2022,"-28,3175481","-51,3484905",,30
RS,BR-470,112,113,1,29/06/2022,"-28,3175481","-51,3484905",,"37,5"
RS,BR-470,113,114,1,29/06/2022,"-28,3175481","-51,3484905",,30
RS,BR-470,114,115,1,29/06/2022,"-28,3024881","-51,4731336",,"52,5"
RS,BR-470,115,116,1,29/06/2022,"-28,3024881","-51,4731336",,75
RS,BR-470,116,117,1,29/06/2022,"-28,2079288","-51,5305247",,60
RS,BR-470,117,118,1,29/06/2022,"-28,2079288","-51,5305247",,60
RS,BR-470,118,119,1,29/06/2022,"-28,3175481","-51,3484905",,"52,5"
RS,BR-470,119,120,1,29/06/2022,"-28,3175481","-51,3484905",,60
RS,BR-470,120,121,1,29/06/2022,"-28,5072022","-51,5372063",,60
RS,BR-470,121,122,1,29/06/2022,"-28,5072022","-51,5372063",,55
RS,BR-470,122,123,1,29/06/2022,"-28,4502026","-51,63651",,"67,5"
RS,BR-470,123,124,1,29/06/2022,"-28,4502026","-51,63651",,"67,5"
RS,BR-470,124,125,1,29/06/2022,"-28,5477105","-51,6802986",,"52,5"
RS,BR-470,125,126,1,29/06/2022,"-28,5477105","-51,6802986",,60
RS,BR-470,126,127,1,29/06/2022,"-28,5477105","-51,6802986",,"53,75"
RS,BR-470,127,128,1,29/06/2022,"-28,5474258","-51,5528317",,75
RS,BR-470,128,129,1,29/06/2022,"-28,5474258","-51,5528317",,60
RS,BR-470,129,130,1,29/06/2022,"-28,60883","-51,5654559",,"63,75"
RS,BR-470,130,131,1,29/06/2022,"-28,5870153","-51,5621682",,60
RS,BR-470,131,132,1,29/06/2022,"-28,5870153","-51,5621682",,"71,25"
RS,BR-470,132,133,1,29/06/2022,"-28,4502026","-51,63651",,"52,5"
RS,BR-470,133,134,1,29/06/2022,"-28,60883","-51,5654559",,"46,25"
RS,BR-153,"53,1",54,"0,9",30/06/2022,"-27,676146","-52,2890246",,"52,5"
RS,BR-153,54,55,1,30/06/2022,"-27,676146","-52,2890246",,"37,5"
RS,BR-153,55,56,1,30/06/2022,"-27,676146","-52,2890246",,30
RS,BR-153,56,57,1,30/06/2022,"-27,6810507","-52,2906861",,40
RS,BR-153,57,58,1,30/06/2022,"-27,6954931","-52,3046445",,"37,5"
RS,BR-153,58,59,1,30/06/2022,"-27,6954931","-52,3046445",,"23,75"
RS,BR-153,59,60,1,30/06/2022,"-27,5445554","-52,1907329",,45
RS,BR-153,60,61,1,30/06/2022,"-27,5445554","-52,1907329",,"37,5"
RS,BR-153,61,62,1,30/06/2022,"-27,5445554","-52,1907329",,"52,5"
RS,BR-153,62,63,1,30/06/2022,"-27,5445554","-52,1907329",,"38,75"
RS,BR-153,63,64,1,30/06/2022,"-27,7879043","-52,2670961",,60
RS,BR-153,64,65,1,30/06/2022,"-27,7591664","-52,3375399",,"52,5"
RS,BR-153,65,66,1,30/06/2022,"-27,7591664","-52,3375399",,"87,5"
RS,BR-153,66,67,1,30/06/2022,"-27,7591664","-52,3375399",,70
RS,BR-153,67,68,1,30/06/2022,"-27,7759219","-52,342187",,30
RS,BR-153,68,69,1,30/06/2022,"-27,7759219","-52,342187",,"47,5"
RS,BR-153,69,70,1,30/06/2022,"-27,7759219","-52,342187",,55
RS,BR-153,70,71,1,30/06/2022,"-27,7759219","-52,342187",,55
RS,BR-153,71,72,1,30/06/2022,"-27,7759219","-52,342187",,"62,5"
RS,BR-153,72,73,1,30/06/2022,"-27,7759219","-52,342187",,30
RS,BR-153,73,74,1,30/06/2022,"-27,7759219","-52,342187",,"23,75"
RS,BR-153,74,75,1,30/06/2022,"-27,7759219","-52,342187",,60
RS,BR-153,75,76,1,30/06/2022,"-27,7759219","-52,342187",,"31,25"
RS,BR-153,76,77,1,30/06/2022,"-27,7759219","-52,342187",,55
RS,BR-153,77,78,1,30/06/2022,"-27,8918661","-52,2933446",,"37,5"
RS,BR-153,78,79,1,30/06/2022,"-27,8918661","-52,2933446",,65
RS,BR-153,79,80,1,30/06/2022,"-27,8918661","-52,2933446",,"47,5"
RS,BR-153,80,81,1,30/06/2022,"-27,8918661","-52,2933446",,30
RS,BR-153,81,82,1,30/06/2022,"-27,8918661","-52,2933446",,40
RS,BR-153,82,83,1,30/06/2022,"-27,8918661","-52,2933446",,"17,5"
RS,BR-153,83,84,1,30/06/2022,"-27,8573924","-52,3086332",,40
RS,BR-153,84,85,1,30/06/2022,"-27,8573924","-52,3086332",,"47,5"
RS,BR-153,85,86,1,30/06/2022,"-27,8573924","-52,3086332",,30
RS,BR-153,86,87,1,30/06/2022,"-27,8573924","-52,3086332",,"47,5"
RS,BR-153,87,88,1,30/06/2022,"-27,8573924","-52,3086332",,"23,75"
RS,BR-153,88,89,1,30/06/2022,"-27,9563396","-52,3750345",,"47,5"
RS,BR-153,89,90,1,30/06/2022,"-27,9563396","-52,3750345",,"23,75"
RS,BR-153,90,91,1,30/06/2022,"-27,9563396","-52,3750345",,"38,75"
RS,BR-153,91,92,1,30/06/2022,"-27,9563396","-52,3750345",,"52,5"
RS,BR-153,92,93,1,30/06/2022,"-27,9563396","-52,3750345",,"23,75"
RS,BR-153,93,94,1,30/06/2022,"-27,9563396","-52,3750345",,40
RS,BR-153,94,95,1,30/06/2022,"-27,9563396","-52,3750345",,"33,75"
RS,BR-153,95,96,1,30/06/2022,"-27,9563396","-52,3750345",,"26,25"
RS,BR-153,96,97,1,30/06/2022,"-27,9563396","-52,3750345",,"32,5"
RS,BR-153,97,98,1,30/06/2022,"-27,9563396","-52,3750345",,"83,75"
RS,BR-153,98,99,1,30/06/2022,"-27,9563396","-52,3750345",,"32,5"
RS,BR-153,99,100,1,30/06/2022,"-27,9563396","-52,3750345",,40
RS,BR-153,100,101,1,30/06/2022,"-27,9563396","-52,3750345",,"52,5"
RS,BR-153,101,102,1,30/06/2022,"-27,9563396","-52,3750345",,55
RS,BR-153,102,103,1,30/06/2022,"-27,9563396","-52,3750345",,55
RS,BR-153,103,104,1,30/06/2022,"-27,9563396","-52,3750345",,55
RS,BR-153,104,105,1,30/06/2022,"-27,9563396","-52,3750345",,"32,5"
RS,BR-153,105,106,1,30/06/2022,"-27,9563396","-52,3750345",,"31,25"
RS,BR-153,106,107,1,30/06/2022,"-27,9563396","-52,3750345",,"51,25"
RS,BR-153,107,108,1,30/06/2022,"-28,1164995","-52,3980917",,"68,75"
RS,BR-153,108,109,1,30/06/2022,"-28,1164995","-52,3980917",,"66,25"
RS,BR-153,109,110,1,30/06/2022,"-28,183808","-52,3305747",,"52,5"
RS,BR-153,110,111,1,30/06/2022,"-28,183808","-52,3305747",,"32,5"
RS,BR-153,111,112,1,30/06/2022,"-28,183808","-52,3305747",,70
RS,BR-153,112,113,1,30/06/2022,"-28,183808","-52,3305747",,55
RS,BR-153,113,114,1,30/06/2022,"-28,2192541","-52,4673661",,"51,25"
RS,BR-153,114,115,1,30/06/2022,"-28,2192541","-52,4673661",,30
RS,BR-153,115,116,1,30/06/2022,"-28,2192541","-52,4673661",,"67,5"
RS,BR-153,116,117,1,30/06/2022,"-28,2192541","-52,4673661",,"47,5"
RS,BR-153,117,118,1,30/06/2022,"-28,2192541","-52,4673661",,"32,5"
RS,BR-153,118,119,1,30/06/2022,"-28,2351122","-52,432061",,"43,75"
RS,BR-153,119,120,1,30/06/2022,"-28,2351122","-52,432061",,"32,5"
RS,BR-153,120,121,1,30/06/2022,"-28,2192541","-52,4673661",,"32,5"
RS,BR-153,121,122,1,30/06/2022,"-28,2192541","-52,4673661",,0
GO,BR-080,"282,3",281,"1,3",30/06/2022,"-13,6538809","-49,8340934",,"3,75"
GO,BR-080,281,280,1,30/06/2022,"-13,6538809","-49,8340934",,"3,75"
GO,BR-080,280,279,1,30/06/2022,"-13,6538809","-49,8340934",,"18,75"
GO,BR-080,279,278,1,30/06/2022,"-13,6538809","-49,8340934",,"18,75"
GO,BR-080,278,277,1,30/06/2022,"-13,6538809","-49,8340934",,"18,75"
RR,BR-210,315,316,1,30/06/2022,0,0,,"58,75"
RR,BR-210,316,317,1,30/06/2022,0,0,,"47,5"
RR,BR-210,317,318,1,30/06/2022,0,0,,"47,5"
RR,BR-210,318,319,1,30/06/2022,0,0,,"41,25"
RR,BR-210,319,320,1,30/06/2022,0,0,,35
RR,BR-210,320,321,1,30/06/2022,0,0,,45
RR,BR-210,321,322,1,30/06/2022,0,0,,"27,5"
RR,BR-210,322,323,1,30/06/2022,0,0,,"31,25"
RR,BR-210,323,324,1,30/06/2022,0,0,,15
RR,BR-210,324,325,1,30/06/2022,0,0,,"27,5"
RR,BR-210,325,326,1,30/06/2022,0,0,,"27,5"
RR,BR-210,326,327,1,30/06/2022,0,0,,"27,5"
RR,BR-210,327,328,1,30/06/2022,0,0,,30
RR,BR-210,328,329,1,30/06/2022,0,0,,"42,5"
RR,BR-210,329,330,1,30/06/2022,0,0,,"42,5"
AM,BR-319,"198,9",199,"0,1",28/06/2022,"-4,2048476","-60,8168542",,85
AM,BR-319,199,200,1,28/06/2022,"-4,2048476","-60,8168542",,"77,5"
AM,BR-319,200,201,1,28/06/2022,"-4,2048476","-60,8168542",,85
AM,BR-319,201,202,1,28/06/2022,"-4,3433625","-60,9187892",,"71,25"
AM,BR-319,202,203,1,28/06/2022,"-4,3433625","-60,9187892",,75
AM,BR-319,203,204,1,28/06/2022,"-4,3433625","-60,9187892",,75
AM,BR-319,204,205,1,28/06/2022,"-4,3433625","-60,9187892",,"76,25"
AM,BR-319,205,206,1,28/06/2022,"-4,3433625","-60,9187892",,"76,25"
AM,BR-319,206,207,1,28/06/2022,"-4,3433625","-60,9187892",,70
AM,BR-319,207,208,1,28/06/2022,"-4,3433625","-60,9187892",,"77,5"
AM,BR-319,208,209,1,28/06/2022,"-4,3433625","-60,9187892",,"73,75"
AM,BR-319,209,210,1,28/06/2022,"-4,3433625","-60,9187892",,"73,75"
AM,BR-319,210,211,1,28/06/2022,"-4,3433625","-60,9187892",,"73,75"
AM,BR-319,211,212,1,28/06/2022,"-4,3433625","-60,9187892",,"73,75"
AM,BR-319,212,213,1,28/06/2022,"-4,3433625","-60,9187892",,"73,75"
AM,BR-319,213,214,1,28/06/2022,"-4,3433625","-60,9187892",,"73,75"
AM,BR-319,214,215,1,28/06/2022,"-4,3433625","-60,9187892",,75
AM,BR-319,215,216,1,28/06/2022,"-4,3433625","-60,9187892",,"73,75"
AM,BR-319,216,217,1,28/06/2022,"-4,3433625","-60,9187892",,"86,25"
AM,BR-319,217,218,1,28/06/2022,"-4,3433625","-60,9187892",,"78,75"
AM,BR-319,218,219,1,28/06/2022,"-4,3433625","-60,9187892",,"81,25"
AM,BR-319,219,220,1,28/06/2022,"-4,3433625","-60,9187892",,"81,25"
AM,BR-319,220,221,1,28/06/2022,"-4,3433625","-60,9187892",,75
AM,BR-319,221,222,1,28/06/2022,"-4,3433625","-60,9187892",,"83,75"
AM,BR-319,222,223,1,28/06/2022,"-4,3433625","-60,9187892",,"83,75"
AM,BR-319,223,224,1,28/06/2022,"-4,3433625","-60,9187892",,"83,75"
AM,BR-319,224,225,1,28/06/2022,"-4,3433625","-60,9187892",,"83,75"
AM,BR-319,225,226,1,28/06/2022,"-4,3433625","-60,9187892",,"83,75"
AM,BR-319,226,227,1,28/06/2022,"-4,3433625","-60,9187892",,"83,75"
AM,BR-319,227,228,1,28/06/2022,"-4,3433625","-60,9187892",,"83,75"
AM,BR-319,228,229,1,28/06/2022,"-4,3433625","-60,9187892",,"82,5"
AM,BR-319,229,230,1,28/06/2022,"-4,3433625","-60,9187892",,"83,75"
AM,BR-319,230,231,1,28/06/2022,"-4,3433625","-60,9187892",,"83,75"
AM,BR-319,231,232,1,28/06/2022,"-4,3433625","-60,9187892",,90
AM,BR-319,232,233,1,28/06/2022,"-4,50956276","-61,1214547",,90
AM,BR-319,233,234,1,28/06/2022,"-4,50956276","-61,1214547",,90
AM,BR-319,234,235,1,28/06/2022,"-4,50956276","-61,1214547",,90
AM,BR-319,235,236,1,28/06/2022,"-4,50956276","-61,1214547",,90
AM,BR-319,236,237,1,28/06/2022,"-4,50956276","-61,1214547",,90
AM,BR-319,237,238,1,28/06/2022,"-4,50956276","-61,1214547",,90
AM,BR-319,238,239,1,28/06/2022,"-4,50956276","-61,1214547",,90
AM,BR-319,239,240,1,28/06/2022,"-4,50956276","-61,1214547",,"82,5"
AM,BR-319,240,241,1,28/06/2022,"-4,50956276","-61,1214547",,"83,75"
AM,BR-319,241,242,1,28/06/2022,"-4,50956276","-61,1214547",,90
AM,BR-319,242,243,1,28/06/2022,"-4,50956276","-61,1214547",,90
AM,BR-319,243,244,1,28/06/2022,"-4,50956276","-61,1214547",,"83,75"
AM,BR-319,244,245,1,28/06/2022,"-4,50956276","-61,1214547",,90
AM,BR-319,245,246,1,28/06/2022,"-4,50956276","-61,1214547",,"83,75"
AM,BR-319,246,247,1,28/06/2022,"-4,50956276","-61,1214547",,"83,75"
AM,BR-319,247,248,1,28/06/2022,"-4,50956276","-61,1214547",,90
AM,BR-319,248,249,1,28/06/2022,"-4,50956276","-61,1214547",,"83,75"
AM,BR-319,249,250,1,28/06/2022,"-4,50956276","-61,1214547",,65
AM,BR-319,250,251,1,28/06/2022,"-4,50956276","-61,1214547",,"66,25"
AM,BR-319,251,252,1,28/06/2022,"-4,50956276","-61,1214547",,"58,75"
AM,BR-319,252,253,1,28/06/2022,"-4,50956276","-61,1214547",,"62,5"
AM,BR-319,253,254,1,28/06/2022,"-4,50956276","-61,1214547",,"62,5"
AM,BR-319,254,255,1,28/06/2022,"-4,50956276","-61,1214547",,"68,75"
AM,BR-319,255,256,1,28/06/2022,"-4,50956276","-61,1214547",,"62,5"
AM,BR-319,256,257,1,28/06/2022,"-4,50956276","-61,1214547",,"62,5"
AM,BR-319,257,258,1,28/06/2022,"-4,50956276","-61,1214547",,"66,25"
AM,BR-319,258,259,1,28/06/2022,"-4,50956276","-61,1214547",,"72,5"
AM,BR-319,259,260,1,28/06/2022,"-4,50956276","-61,1214547",,"68,75"
AM,BR-319,260,261,1,28/06/2022,"-4,50956276","-61,1214547",,"62,5"
AM,BR-319,"261,1",262,"0,9",29/06/2022,"-4,50956276","-61,1214547",,"63,75"
AM,BR-319,262,263,1,29/06/2022,"-4,50956276","-61,1214547",,"71,25"
AM,BR-319,263,264,1,29/06/2022,"-4,50956276","-61,1214547",,"68,75"
AM,BR-319,264,265,1,29/06/2022,"-4,50956276","-61,1214547",,"71,25"
AM,BR-319,265,266,1,29/06/2022,"-4,75763668","-61,3145774",,"71,25"
AM,BR-319,266,267,1,29/06/2022,"-4,75763668","-61,3145774",,"63,75"
AM,BR-319,267,268,1,29/06/2022,"-4,75763668","-61,3145774",,65
AM,BR-319,268,269,1,29/06/2022,"-4,75763668","-61,3145774",,75
AM,BR-319,269,270,1,29/06/2022,"-4,75763668","-61,3145774",,75
AM,BR-319,270,271,1,29/06/2022,"-4,75763668","-61,3145774",,"63,75"
AM,BR-319,271,272,1,29/06/2022,"-4,75763668","-61,3145774",,"67,5"
AM,BR-319,272,273,1,29/06/2022,"-4,75763668","-61,3145774",,75
AM,BR-319,273,274,1,29/06/2022,"-4,75763668","-61,3145774",,"72,5"
AM,BR-319,274,275,1,29/06/2022,"-4,75763668","-61,3145774",,75
AM,BR-319,275,276,1,29/06/2022,"-4,75763668","-61,3145774",,"71,25"
AM,BR-319,276,277,1,29/06/2022,"-4,75763668","-61,3145774",,"72,5"
AM,BR-319,277,278,1,29/06/2022,"-4,75763668","-61,3145774",,"71,25"
AM,BR-319,278,279,1,29/06/2022,"-4,8367819","-61,4004831",,75
AM,BR-319,279,280,1,29/06/2022,"-4,8367819","-61,4004831",,75
AM,BR-319,280,281,1,29/06/2022,"-4,8367819","-61,4004831",,"72,5"
AM,BR-319,281,282,1,29/06/2022,"-4,8367819","-61,4004831",,75
AM,BR-319,282,283,1,29/06/2022,"-4,8367819","-61,4004831",,75
AM,BR-319,283,284,1,29/06/2022,"-4,8367819","-61,4004831",,75
AM,BR-319,284,285,1,29/06/2022,"-4,8367819","-61,4004831",,75
AM,BR-319,285,286,1,29/06/2022,"-4,8367819","-61,4004831",,75
AM,BR-319,286,287,1,29/06/2022,"-4,8367819","-61,4004831",,75
AM,BR-319,287,288,1,29/06/2022,"-4,8367819","-61,4004831",,"76,25"
AM,BR-319,288,289,1,29/06/2022,"-4,90795312","-61,472501",,"76,25"
AM,BR-319,289,290,1,29/06/2022,"-4,90795312","-61,472501",,"73,75"
AM,BR-319,290,291,1,29/06/2022,"-4,90795312","-61,472501",,"73,75"
AM,BR-319,291,292,1,29/06/2022,"-4,90795312","-61,472501",,"73,75"
AM,BR-319,292,293,1,29/06/2022,"-4,90795312","-61,472501",,"73,75"
AM,BR-319,293,294,1,29/06/2022,"-4,90795312","-61,472501",,"73,75"
AM,BR-319,294,295,1,29/06/2022,"-4,90795312","-61,472501",,"63,75"
AM,BR-319,295,296,1,29/06/2022,"-4,90795312","-61,472501",,"63,75"
AM,BR-319,296,297,1,29/06/2022,"-4,90795312","-61,472501",,"63,75"
AM,BR-319,297,298,1,29/06/2022,"-4,93976813","-61,5218997",,60
AM,BR-319,298,299,1,29/06/2022,"-4,93976813","-61,5218997",,"56,25"
AM,BR-319,299,300,1,29/06/2022,"-4,93976813","-61,5218997",,"76,25"
AM,BR-319,300,301,1,29/06/2022,"-4,93976813","-61,5218997",,"76,25"
AM,BR-319,301,302,1,29/06/2022,"-4,93976813","-61,5218997",,"76,25"
AM,BR-319,302,303,1,29/06/2022,"-4,93976813","-61,5218997",,"76,25"
AM,BR-319,303,304,1,29/06/2022,"-4,93976813","-61,5218997",,"76,25"
AM,BR-319,304,305,1,29/06/2022,"-4,93976813","-61,5218997",,"72,5"
AM,BR-319,305,306,1,29/06/2022,"-4,93976813","-61,5218997",,"76,25"
AM,BR-319,306,307,1,29/06/2022,"-4,93976813","-61,5218997",,"76,25"
AM,BR-319,307,308,1,29/06/2022,"-4,93976813","-61,5218997",,"58,75"
AM,BR-319,308,309,1,29/06/2022,"-4,93976813","-61,5218997",,70
AM,BR-319,309,310,1,29/06/2022,"-4,93976813","-61,5218997",,70
AM,BR-319,310,311,1,29/06/2022,"-4,93976813","-61,5218997",,60
AM,BR-319,311,312,1,29/06/2022,"-4,93976813","-61,5218997",,"76,25"
AM,BR-319,312,313,1,29/06/2022,"-4,93976813","-61,5218997",,"56,25"
AM,BR-319,313,314,1,29/06/2022,"-4,93976813","-61,5218997",,"62,5"
AM,BR-319,314,315,1,29/06/2022,"-4,93976813","-61,5218997",,"56,25"
AM,BR-319,315,316,1,29/06/2022,"-4,93976813","-61,5218997",,"52,5"
AM,BR-319,316,317,1,29/06/2022,"-5,06231218","-61,6622756",,50
AM,BR-319,317,318,1,29/06/2022,"-5,06231218","-61,6622756",,"82,5"
AM,BR-319,318,319,1,29/06/2022,"-5,06231218","-61,6622756",,"82,5"
AM,BR-319,319,320,1,29/06/2022,"-5,06231218","-61,6622756",,"82,5"
AM,BR-319,320,321,1,29/06/2022,"-5,06231218","-61,6622756",,"93,75"
AM,BR-319,321,322,1,29/06/2022,"-5,06231218","-61,6622756",,"86,25"
AM,BR-319,322,323,1,29/06/2022,"-5,06231218","-61,6622756",,"73,75"
AM,BR-319,323,324,1,29/06/2022,"-5,10262114","-61,7064785",,"76,25"
AM,BR-319,324,325,1,29/06/2022,"-5,1106051","-61,7158101",,"76,25"
AM,BR-319,325,326,1,29/06/2022,"-5,1106051","-61,7158101",,"82,5"
AM,BR-319,326,327,1,29/06/2022,"-5,1106051","-61,7158101",,"82,5"
AM,BR-319,327,328,1,29/06/2022,"-5,1106051","-61,7158101",,"76,25"
AM,BR-319,328,329,1,29/06/2022,"-5,1106051","-61,7158101",,75
AM,BR-319,329,330,1,29/06/2022,"-5,1106051","-61,7158101",,75
AM,BR-319,330,331,1,29/06/2022,"-5,1106051","-61,7158101",,"76,25"
AM,BR-319,331,332,1,29/06/2022,"-5,1106051","-61,7158101",,75
AM,BR-319,332,333,1,29/06/2022,"-5,1106051","-61,7158101",,"82,5"
AM,BR-319,333,334,1,29/06/2022,"-5,1106051","-61,7158101",,"82,5"
AM,BR-319,334,335,1,29/06/2022,"-5,1106051","-61,7158101",,"82,5"
AM,BR-319,335,336,1,29/06/2022,"-5,1106051","-61,7158101",,"76,25"
AM,BR-319,336,337,1,29/06/2022,"-5,1106051","-61,7158101",,"76,25"
AM,BR-319,337,338,1,29/06/2022,"-5,1106051","-61,7158101",,"81,25"
AM,BR-319,338,339,1,29/06/2022,"-5,1106051","-61,7158101",,75
AM,BR-319,339,340,1,29/06/2022,"-5,19041491","-61,8209553",,75
AM,BR-319,340,341,1,29/06/2022,"-5,19041491","-61,8209553",,75
AM,BR-319,341,342,1,29/06/2022,"-5,19041491","-61,8209553",,"52,5"
AM,BR-319,342,343,1,29/06/2022,"-5,19041491","-61,8209553",,"56,25"
AM,BR-319,343,344,1,29/06/2022,"-5,19041491","-61,8209553",,"62,5"
AM,BR-319,344,345,1,29/06/2022,"-5,19041491","-61,8209553",,80
AM,BR-319,345,346,1,29/06/2022,"-5,19041491","-61,8209553",,"56,25"
AM,BR-319,346,347,1,29/06/2022,"-5,19041491","-61,8209553",,"56,25"
AM,BR-319,347,348,1,29/06/2022,"-5,24023505","-61,8864186",,"56,25"
AM,BR-319,348,349,1,29/06/2022,"-5,24023505","-61,8864186",,"62,5"
AM,BR-319,349,350,1,29/06/2022,"-5,24023505","-61,8864186",,"56,25"
AM,BR-319,350,351,1,29/06/2022,"-5,24023505","-61,8864186",,"56,25"
AM,BR-319,351,352,1,29/06/2022,"-5,24023505","-61,8864186",,"56,25"
AM,BR-319,352,353,1,29/06/2022,"-5,24023505","-61,8864186",,"52,5"
AM,BR-319,353,354,1,29/06/2022,"-5,24023505","-61,8864186",,55
AM,BR-319,354,355,1,29/06/2022,"-5,24023505","-61,8864186",,"73,75"
AM,BR-319,355,356,1,29/06/2022,"-5,24023505","-61,8864186",,"73,75"
AM,BR-319,356,357,1,29/06/2022,"-5,24023505","-61,8864186",,"72,5"
AM,BR-319,357,358,1,29/06/2022,"-5,24023505","-61,8864186",,75
AM,BR-319,358,359,1,29/06/2022,"-5,24023505","-61,8864186",,"72,5"
AM,BR-319,359,360,1,29/06/2022,"-5,24023505","-61,8864186",,"73,75"
AM,BR-319,360,361,1,29/06/2022,"-5,24023505","-61,8864186",,"73,75"
AM,BR-319,361,362,1,29/06/2022,"-5,24023505","-61,8864186",,"73,75"
AM,BR-319,362,363,1,29/06/2022,"-5,24023505","-61,8864186",,"76,25"
AM,BR-319,363,364,1,29/06/2022,"-5,24023505","-61,8864186",,"82,5"
AM,BR-319,364,365,1,29/06/2022,"-5,24023505","-61,8864186",,75
AM,BR-319,365,366,1,29/06/2022,"-5,24023505","-61,8864186",,"76,25"
AM,BR-319,366,367,1,29/06/2022,"-5,24023505","-61,8864186",,"76,25"
AM,BR-319,367,368,1,29/06/2022,"-5,24023505","-61,8864186",,75
AM,BR-319,368,369,1,29/06/2022,"-5,24023505","-61,8864186",,"76,25"
AM,BR-319,369,370,1,29/06/2022,"-5,24023505","-61,8864186",,75
AM,BR-319,370,371,1,29/06/2022,"-5,24023505","-61,8864186",,"76,25"
AM,BR-319,371,372,1,29/06/2022,"-5,24023505","-61,8864186",,75
AM,BR-319,372,373,1,29/06/2022,"-5,24023505","-61,8864186",,"81,25"
AM,BR-319,373,374,1,29/06/2022,"-5,24023505","-61,8864186",,"82,5"
AM,BR-319,374,375,1,29/06/2022,"-5,24023505","-61,8864186",,85
AM,BR-319,375,376,1,29/06/2022,"-5,24023505","-61,8864186",,"92,5"
AM,BR-319,376,377,1,29/06/2022,"-5,24023505","-61,8864186",,75
AM,BR-319,377,378,1,29/06/2022,"-5,24023505","-61,8864186",,75
AM,BR-319,378,379,1,29/06/2022,"-5,24023505","-61,8864186",,"92,5"
AM,BR-319,379,380,1,29/06/2022,"-5,24023505","-61,8864186",,"92,5"
AM,BR-319,380,381,1,29/06/2022,"-5,24023505","-61,8864186",,"92,5"
AM,BR-319,381,382,1,29/06/2022,"-5,24023505","-61,8864186",,"92,5"
AM,BR-319,382,383,1,29/06/2022,"-5,24023505","-61,8864186",,"92,5"
AM,BR-319,383,384,1,29/06/2022,"-5,24023505","-61,8864186",,75
AM,BR-319,384,385,1,29/06/2022,"-5,24023505","-61,8864186",,75
AM,BR-319,385,386,1,29/06/2022,"-5,24023505","-61,8864186",,"72,5"
AM,BR-319,386,387,1,29/06/2022,"-5,24023505","-61,8864186",,"72,5"
AM,BR-319,387,388,1,29/06/2022,"-5,24023505","-61,8864186",,75
AM,BR-319,388,389,1,29/06/2022,"-5,24023505","-61,8864186",,"92,5"
AM,BR-319,389,390,1,29/06/2022,"-5,24023505","-61,8864186",,75
AM,BR-319,390,391,1,29/06/2022,"-5,24023505","-61,8864186",,"92,5"
AM,BR-319,391,392,1,29/06/2022,"-5,24023505","-61,8864186",,"92,5"
AM,BR-319,392,393,1,29/06/2022,"-5,24023505","-61,8864186",,75
AM,BR-319,393,394,1,29/06/2022,"-5,24023505","-61,8864186",,"72,5"
AM,BR-319,394,395,1,29/06/2022,"-5,24023505","-61,8864186",,75
AM,BR-319,395,396,1,29/06/2022,"-5,24023505","-61,8864186",,"72,5"
AM,BR-319,396,397,1,29/06/2022,"-5,24023505","-61,8864186",,95
AM,BR-319,397,398,1,29/06/2022,"-5,24023505","-61,8864186",,95
AM,BR-319,398,399,1,29/06/2022,"-5,24023505","-61,8864186",,95
AM,BR-319,399,400,1,29/06/2022,"-5,24023505","-61,8864186",,95
AM,BR-319,400,401,1,29/06/2022,"-5,24023505","-61,8864186",,75
AM,BR-319,401,402,1,29/06/2022,"-5,24023505","-61,8864186",,"76,25"
AM,BR-319,402,403,1,29/06/2022,"-5,24023505","-61,8864186",,"76,25"
AM,BR-319,403,404,1,29/06/2022,"-5,24023505","-61,8864186",,"76,25"
AM,BR-319,404,405,1,29/06/2022,"-5,24023505","-61,8864186",,"76,25"
AM,BR-319,405,406,1,29/06/2022,"-5,24023505","-61,8864186",,75
AM,BR-319,406,407,1,29/06/2022,"-5,24023505","-61,8864186",,"76,25"
AM,BR-319,407,408,1,29/06/2022,"-5,24023505","-61,8864186",,"76,25"
AM,BR-319,408,409,1,29/06/2022,"-5,24023505","-61,8864186",,"93,75"
AM,BR-319,409,410,1,29/06/2022,"-5,24023505","-61,8864186",,"93,75"
AM,BR-319,410,411,1,29/06/2022,"-5,24023505","-61,8864186",,"93,75"
AM,BR-319,411,412,1,29/06/2022,"-5,24023505","-61,8864186",,75
AM,BR-319,412,413,1,29/06/2022,"-5,24023505","-61,8864186",,"93,75"
AM,BR-319,413,414,1,29/06/2022,"-5,24023505","-61,8864186",,"76,25"
AM,BR-319,414,415,1,29/06/2022,"-5,24023505","-61,8864186",,"76,25"
AM,BR-319,415,416,1,29/06/2022,"-5,24023505","-61,8864186",,"76,25"
AM,BR-319,416,417,1,29/06/2022,"-5,24023505","-61,8864186",,"76,25"
AM,BR-319,417,418,1,29/06/2022,"-5,24023505","-61,8864186",,"93,75"
AM,BR-319,418,419,1,29/06/2022,"-5,24023505","-61,8864186",,"76,25"
AM,BR-319,419,420,1,29/06/2022,"-5,24023505","-61,8864186",,"76,25"
AM,BR-319,420,421,1,29/06/2022,"-5,24023505","-61,8864186",,"76,25"
AM,BR-319,421,422,1,29/06/2022,"-5,24023505","-61,8864186",,"76,25"
AM,BR-319,422,423,1,29/06/2022,"-5,24023505","-61,8864186",,"93,75"
AM,BR-319,423,424,1,29/06/2022,"-5,24023505","-61,8864186",,"76,25"
AM,BR-319,424,425,1,29/06/2022,"-5,24023505","-61,8864186",,"91,25"
AM,BR-319,425,426,1,29/06/2022,"-5,24023505","-61,8864186",,"91,25"
AM,BR-319,426,427,1,29/06/2022,"-5,24023505","-61,8864186",,"76,25"
AM,BR-319,427,428,1,29/06/2022,"-5,24023505","-61,8864186",,"76,25"
AM,BR-319,428,429,1,29/06/2022,"-5,24023505","-61,8864186",,"93,75"
AM,BR-319,429,430,1,29/06/2022,"-5,24023505","-61,8864186",,"76,25"
AM,BR-319,430,431,1,29/06/2022,"-5,24023505","-61,8864186",,"76,25"
AM,BR-319,431,432,1,29/06/2022,"-5,24023505","-61,8864186",,"76,25"
AM,BR-319,432,433,1,29/06/2022,"-5,24023505","-61,8864186",,"76,25"
AM,BR-319,433,434,1,29/06/2022,"-5,24023505","-61,8864186",,"76,25"
AM,BR-319,434,435,1,29/06/2022,"-5,24023505","-61,8864186",,"76,25"
AM,BR-319,435,436,1,29/06/2022,"-5,24023505","-61,8864186",,"76,25"
AM,BR-319,436,437,1,29/06/2022,"-5,24023505","-61,8864186",,"76,25"
AM,BR-319,437,438,1,29/06/2022,"-5,24023505","-61,8864186",,"76,25"
AM,BR-319,438,439,1,29/06/2022,"-5,24023505","-61,8864186",,"76,25"
AM,BR-319,439,440,1,29/06/2022,"-5,24023505","-61,8864186",,"76,25"
AM,BR-319,440,441,1,29/06/2022,"-5,24023505","-61,8864186",,"76,25"
AM,BR-319,441,442,1,29/06/2022,"-5,24023505","-61,8864186",,"76,25"
AM,BR-319,442,443,1,29/06/2022,"-5,24023505","-61,8864186",,"76,25"
AP,BR-156,"659,44",660,"0,56",28/06/2022,"2,60795912","-51,3330517",,40
AP,BR-156,660,661,1,28/06/2022,"2,61967415","-51,3362843",,20
AP,BR-156,661,662,1,28/06/2022,"2,6262261","-51,3381229",,65
AP,BR-156,662,663,1,28/06/2022,"2,63083816","-51,3408848",,80
AP,BR-156,663,664,1,28/06/2022,"2,63437024","-51,3432146",,"76,25"
AP,BR-156,664,665,1,28/06/2022,"2,64250303","-51,3488681",,"76,25"
AP,BR-156,665,666,1,28/06/2022,"2,65301259","-51,3531057",,"76,25"
AP,BR-156,666,667,1,28/06/2022,"2,65564993","-51,3533407",,"72,5"
AP,BR-156,667,668,1,28/06/2022,"2,66764701","-51,3535638",,"72,5"
AP,BR-156,668,669,1,28/06/2022,"2,66764701","-51,3535638",,"68,75"
AP,BR-156,669,670,1,28/06/2022,"2,67880397","-51,3534146",,"68,75"
AP,BR-156,670,671,1,28/06/2022,"2,67880397","-51,3534146",,40
AP,BR-156,671,672,1,29/06/2022,"2,69026878","-51,3579538",,"72,5"
AP,BR-156,672,673,1,29/06/2022,"2,6974834","-51,3607552",,"57,5"
AP,BR-156,673,674,1,29/06/2022,"2,71307142","-51,3653543",,"57,5"
AP,BR-156,674,675,1,29/06/2022,"2,71307142","-51,3653543",,65
AP,BR-156,675,676,1,29/06/2022,"2,72668058","-51,3692756",,"76,25"
AP,BR-156,676,677,1,29/06/2022,"2,73806118","-51,3725062",,65
AP,BR-156,677,678,1,29/06/2022,"2,73806118","-51,3725062",,"68,75"
AP,BR-156,678,679,1,29/06/2022,"2,75284076","-51,3741753",,"76,25"
AP,BR-156,679,680,1,29/06/2022,"2,76275554","-51,3827962",,"76,25"
AP,BR-156,680,681,1,29/06/2022,"2,76767288","-51,3817035",,"76,25"
AP,BR-156,681,682,1,29/06/2022,"2,77791609","-51,384029",,"76,25"
AP,BR-156,682,683,1,29/06/2022,"2,78665699","-51,3871406",,"83,75"
AP,BR-156,683,684,1,29/06/2022,"2,78665699","-51,3871406",,"72,5"
AP,BR-156,684,685,1,29/06/2022,"2,80728227","-51,3921623",,"72,5"
AP,BR-156,685,686,1,29/06/2022,"2,81698248","-51,3952952",,"83,75"
AP,BR-156,686,687,1,29/06/2022,"2,83219021","-51,4002579",,"76,25"
AP,BR-156,687,688,1,29/06/2022,"2,83219021","-51,4002579",,"76,25"
AP,BR-156,688,689,1,29/06/2022,"2,84074093","-51,3992797",,"68,75"
AP,BR-156,689,690,1,29/06/2022,"2,84602643","-51,3959762",,"72,5"
AP,BR-156,690,691,1,29/06/2022,"2,85846293","-51,394092",,"76,25"
AP,BR-156,691,692,1,29/06/2022,"2,86603516","-51,395121",,65
AP,BR-156,692,693,1,29/06/2022,"2,86603516","-51,395121",,"72,5"
AP,BR-156,693,694,1,29/06/2022,"2,88461754","-51,3959971",,"76,25"
AP,BR-156,694,695,1,29/06/2022,"2,89456551","-51,3974541",,65
AP,BR-156,695,696,1,29/06/2022,"2,89456551","-51,3974541",,"57,5"
AP,BR-156,696,697,1,29/06/2022,"2,9134656","-51,3987762",,"68,75"
AP,BR-156,697,698,1,29/06/2022,"2,91481906","-51,3986875",,"57,5"
AP,BR-156,698,699,1,29/06/2022,"2,91481906","-51,3986875",,"57,5"
AP,BR-156,699,700,1,29/06/2022,"2,91481906","-51,3986875",,"57,5"
AP,BR-156,700,701,1,29/06/2022,"2,9385927","-51,4052087",,"57,5"
AP,BR-156,701,702,1,29/06/2022,"2,9482073","-51,4157847",,"76,25"
AP,BR-156,702,703,1,29/06/2022,"2,95715192","-51,4217368",,"52,5"
AP,BR-156,703,704,1,29/06/2022,"2,96550125","-51,4270963",,60
AP,BR-156,704,705,1,29/06/2022,"2,96550125","-51,4270963",,"52,5"
AP,BR-156,705,706,1,29/06/2022,"2,96550125","-51,4270963",,"52,5"
AP,BR-156,706,707,1,29/06/2022,"2,98725908","-51,4371244",,"52,5"
AP,BR-156,707,708,1,29/06/2022,"2,98725908","-51,4371244",,60
AP,BR-156,708,709,1,29/06/2022,"3,00430442","-51,4463309",,60
AP,BR-156,709,710,1,29/06/2022,"3,01685273","-51,4540524",,"52,5"
AP,BR-156,710,711,1,29/06/2022,"3,01685273","-51,4540524",,"62,5"
AP,BR-156,711,712,1,29/06/2022,"3,01685273","-51,4540524",,"73,75"
AP,BR-156,712,713,1,29/06/2022,"3,03962115","-51,4595591",,"73,75"
AP,BR-156,713,714,1,29/06/2022,"3,04501799","-51,461953",,80
AP,BR-156,714,715,1,29/06/2022,"3,04501799","-51,461953",,"76,25"
AP,BR-156,715,716,1,29/06/2022,"3,06121188","-51,4718506",,"76,25"
AP,BR-156,716,717,1,29/06/2022,"3,0704892","-51,4761998",,95
AP,BR-156,717,718,1,29/06/2022,"3,08045935","-51,4811114",,80
AP,BR-156,718,719,1,29/06/2022,"3,08045935","-51,4811114",,"76,25"
AP,BR-156,719,720,1,29/06/2022,"3,08045935","-51,4811114",,"87,5"
AP,BR-156,720,721,1,29/06/2022,"3,09602564","-51,490668",,"72,5"
AP,BR-156,721,722,1,29/06/2022,"3,1118683","-51,4937748",,"72,5"
AP,BR-156,722,723,1,29/06/2022,"3,1118683","-51,4937748",,80
AP,BR-156,723,724,1,29/06/2022,"3,12831901","-51,5012118",,"72,5"
AP,BR-156,724,725,1,29/06/2022,"3,12831901","-51,5012118",,"76,25"
AP,BR-156,725,726,1,29/06/2022,"3,12831901","-51,5012118",,"76,25"
AP,BR-156,726,727,1,29/06/2022,"3,15014012","-51,5139826",,80
AP,BR-156,727,728,1,29/06/2022,"3,15686478","-51,5183624",,"83,75"
AP,BR-156,728,729,1,29/06/2022,"3,15686478","-51,5183624",,80
AP,BR-156,729,730,1,29/06/2022,"3,16986028","-51,526184",,95
AP,BR-156,730,731,1,29/06/2022,"3,18053962","-51,5306813",,80
AP,BR-156,731,732,1,29/06/2022,"3,18854494","-51,535697",,"87,5"
AP,BR-156,732,733,1,29/06/2022,"3,18985218","-51,5427274",,"61,25"
AP,BR-156,733,734,1,29/06/2022,"3,18985218","-51,5427274",,"76,25"
AP,BR-156,734,735,1,29/06/2022,"3,20474227","-51,5515494",,"72,5"
AP,BR-156,735,736,1,29/06/2022,"3,21549102","-51,5535353",,"73,75"
AP,BR-156,736,737,1,29/06/2022,"3,21549102","-51,5535353",,"72,5"
AP,BR-156,737,738,1,29/06/2022,"3,21549102","-51,5535353",,80
AP,BR-156,738,739,1,29/06/2022,"3,21549102","-51,5535353",,80
AP,BR-156,739,740,1,29/06/2022,"3,244138","-51,5687869",,80
AP,BR-156,740,741,1,29/06/2022,"3,25333643","-51,5784413",,65
AP,BR-156,741,742,1,29/06/2022,"3,25643339","-51,585098",,80
AP,BR-156,742,743,1,29/06/2022,"3,26286131","-51,5913939",,"87,5"
AP,BR-156,743,744,1,29/06/2022,"3,26990003","-51,5957348",,80
AP,BR-156,744,745,1,29/06/2022,"3,27464909","-51,6017452",,"73,75"
AP,BR-156,745,746,1,29/06/2022,"3,28095765","-51,6104758",,"72,5"
AP,BR-156,746,747,1,29/06/2022,"3,28095765","-51,6104758",,80
AP,BR-156,747,748,1,29/06/2022,"3,28095765","-51,6104758",,"68,75"
AP,BR-156,748,749,1,29/06/2022,"3,28095765","-51,6104758",,80
AP,BR-156,749,750,1,29/06/2022,"3,31371579","-51,6301883",,"68,75"
AP,BR-156,750,751,1,29/06/2022,"3,31371579","-51,6301883",,70
AP,BR-156,751,752,1,29/06/2022,"3,31371579","-51,6301883",,"62,5"
AP,BR-156,752,753,1,29/06/2022,"3,31371579","-51,6301883",,"72,5"
AP,BR-156,753,754,1,29/06/2022,"3,31371579","-51,6301883",,"76,25"
AP,BR-156,754,755,1,29/06/2022,"3,34685848","-51,6595907",,"72,5"
AP,BR-156,755,756,1,29/06/2022,"3,34685848","-51,6595907",,"68,75"
AP,BR-156,756,757,1,29/06/2022,"3,34685848","-51,6595907",,"72,5"
AP,BR-156,757,758,1,29/06/2022,"3,34685848","-51,6595907",,"68,75"
AP,BR-156,758,759,1,29/06/2022,"3,34685848","-51,6595907",,65
AP,BR-156,759,760,1,29/06/2022,"3,37653387","-51,6909641",,65
AP,BR-156,760,761,1,29/06/2022,"3,37653387","-51,6909641",,"83,75"
AP,BR-156,761,762,1,29/06/2022,"3,38014263","-51,7016439",,"77,5"
AP,BR-156,762,763,1,29/06/2022,"3,38014263","-51,7016439",,"66,25"
AP,BR-156,763,764,1,29/06/2022,"3,38014263","-51,7016439",,"68,75"
AP,BR-156,764,765,1,29/06/2022,"3,38014263","-51,7016439",,"62,5"
AP,BR-156,765,766,1,29/06/2022,"3,38014263","-51,7016439",,60
AP,BR-156,766,767,1,29/06/2022,"3,38014263","-51,7016439",,"72,5"
AP,BR-156,767,768,1,29/06/2022,"3,38014263","-51,7016439",,"72,5"
AP,BR-156,768,769,1,29/06/2022,"3,4317468","-51,7285306",,"73,75"