;;;;;;;;;
;;;;;;;;;
;;;;;;;;;
;;;;;;;;;
UF;Rodovia;km inicial;km final;Extensão (km);Data;Latitude;Longitude;Observação;ICMNP
;;;;;;;;;
;;;;;;;;;
AM;BR-317;452,640;453,000;0,360;03/06/2022;-9,0044838;-67,210727;;88,750
AM;BR-317;453,000;454,000;1,000;03/06/2022;-9,0044838;-67,210727;;88,750
AM;BR-317;454,000;455,000;1,000;03/06/2022;-9,0044838;-67,210727;;88,750
AM;BR-317;455,000;456,000;1,000;03/06/2022;-8,775085;-67,3280322;;88,750
AM;BR-317;456,000;457,000;1,000;03/06/2022;-8,775085;-67,3280322;;88,750
AM;BR-317;457,000;458,000;1,000;03/06/2022;-8,775085;-67,3280322;;82,500
AM;BR-317;458,000;459,000;1,000;03/06/2022;-8,775085;-67,3280322;;71,250
AM;BR-317;459,000;460,000;1,000;03/06/2022;-8,775085;-67,3280322;;63,750
AM;BR-317;460,000;461,000;1,000;03/06/2022;-9,0900094;-67,2510428;;50,000
AM;BR-317;461,000;462,000;1,000;03/06/2022;-9,0900094;-67,2510428;;10,000
AM;BR-317;462,000;463,000;1,000;03/06/2022;-9,0900094;-67,2510428;;11,250
AM;BR-317;463,000;464,000;1,000;03/06/2022;-9,1135594;-67,2590517;;50,000
AM;BR-317;464,000;465,000;1,000;03/06/2022;-9,1135594;-67,2590517;;53,750
AM;BR-317;465,000;466,240;1,240;03/06/2022;-9,1135594;-67,2590517;;11,250
AM;BR-317;478,860;479,000;0,140;03/06/2022;-8,7701609;-67,3317208;;85,000
AM;BR-317;479,000;480,000;1,000;03/06/2022;-8,7701609;-67,3317208;;81,250
AM;BR-317;480,000;481,000;1,000;03/06/2022;-8,7701609;-67,3317208;;85,000
AM;BR-317;481,000;482,000;1,000;03/06/2022;-9,2528452;-67,2870712;;81,250
AM;BR-317;482,000;483,000;1,000;03/06/2022;-9,2528452;-67,2870712;;88,750
AM;BR-317;483,000;484,000;1,000;03/06/2022;-9,2528452;-67,2870712;;88,750
AM;BR-317;484,000;485,000;1,000;03/06/2022;-9,2748365;-67,2975037;;88,750
AM;BR-317;485,000;486,000;1,000;03/06/2022;-9,2748365;-67,2975037;;88,750
AM;BR-317;486,000;487,000;1,000;03/06/2022;-9,2748365;-67,2975037;;88,750
AM;BR-317;487,000;488,000;1,000;03/06/2022;-8,7678178;-67,3333291;;88,750
AM;BR-317;488,000;489,000;1,000;03/06/2022;-8,7678178;-67,3333291;;88,750
AM;BR-317;489,000;490,000;1,000;03/06/2022;-8,7678178;-67,3333291;;88,750
AM;BR-317;490,000;491,000;1,000;03/06/2022;-8,7678178;-67,3333291;;88,750
AM;BR-317;491,000;492,000;1,000;03/06/2022;-8,7678178;-67,3333291;;88,750
AM;BR-317;492,000;493,000;1,000;03/06/2022;-8,7678178;-67,3333291;;88,750
AM;BR-317;493,000;494,000;1,000;03/06/2022;-8,7678178;-67,3333291;;88,750
AM;BR-317;494,000;495,000;1,000;03/06/2022;-9,3326471;-67,278596;;88,750
AM;BR-317;495,000;496,000;1,000;03/06/2022;-9,3403467;-67,2786017;;88,750
AM;BR-317;496,000;497,260;1,260;03/06/2022;-9,3403467;-67,2786017;;88,750
AM;BR-317;516,000;517,000;1,000;03/06/2022;-9,4926732;-67,285956;;28,750
AM;BR-317;517,000;518,000;1,000;03/06/2022;-9,4926732;-67,285956;;66,250
AM;BR-317;518,000;519,000;1,000;03/06/2022;-9,4926732;-67,285956;;52,500
AM;BR-317;519,000;520,000;1,000;03/06/2022;-9,4926732;-67,285956;;66,250
AM;BR-317;520,000;521,000;1,000;03/06/2022;-9,4926732;-67,285956;;91,250
AM;BR-317;521,000;522,000;1,000;03/06/2022;-9,4926732;-67,285956;;90,000
AM;BR-317;522,000;523,000;1,000;03/06/2022;-9,4926732;-67,285956;;90,000
AM;BR-317;523,000;524,000;1,000;03/06/2022;-9,4926732;-67,285956;;90,000
AM;BR-317;524,000;525,000;1,000;03/06/2022;-9,4926732;-67,285956;;88,750
AM;BR-317;525,000;526,000;1,000;03/06/2022;-9,4926732;-67,285956;;88,750
PA;BR-230;1161,600;1162,000;0,400;06/06/2022;-4,2961586;-55,9582834;;56,250
PA;BR-230;1162,000;1163,000;1,000;06/06/2022;-4,2961586;-55,9582834;;41,250
PA;BR-230;1163,000;1164,000;1,000;06/06/2022;-4,2961586;-55,9582834;;41,250
PA;BR-230;1164,000;1165,000;1,000;06/06/2022;-4,2961586;-55,9582834;;35,000
PA;BR-230;1165,000;1166,000;1,000;06/06/2022;-4,2961586;-55,9582834;;41,250
PA;BR-230;1166,000;1167,000;1,000;06/06/2022;-4,2961586;-55,9582834;;41,250
PA;BR-230;1167,000;1168,000;1,000;06/06/2022;-4,2961586;-55,9582834;;56,250
PA;BR-230;1168,000;1169,000;1,000;06/06/2022;-4,2961586;-55,9582834;;35,000
PA;BR-230;1169,000;1170,000;1,000;06/06/2022;-4,2961586;-55,9582834;;35,000
PA;BR-230;1170,000;1171,000;1,000;06/06/2022;-4,2961586;-55,9582834;;56,250
PA;BR-230;1171,000;1172,000;1,000;06/06/2022;-4,2961586;-55,9582834;;57,500
PA;BR-230;1172,000;1173,000;1,000;06/06/2022;-4,2961586;-55,9582834;;56,250
PA;BR-230;1173,000;1174,000;1,000;06/06/2022;-4,2961586;-55,9582834;;63,750
PA;BR-230;1174,000;1175,000;1,000;06/06/2022;-4,2961586;-55,9582834;;41,250
PA;BR-230;1175,000;1176,000;1,000;06/06/2022;-4,2961586;-55,9582834;;41,250
PA;BR-230;1176,000;1177,000;1,000;06/06/2022;-4,2961586;-55,9582834;;35,000
PA;BR-230;1177,000;1178,000;1,000;06/06/2022;-4,2961586;-55,9582834;;56,250
PA;BR-230;1178,000;1179,000;1,000;06/06/2022;-4,2961586;-55,9582834;;35,000
PA;BR-230;1179,000;1180,000;1,000;06/06/2022;-4,2961586;-55,9582834;;35,000
PA;BR-230;1180,000;1181,000;1,000;06/06/2022;-4,2961586;-55,9582834;;56,250
PA;BR-230;1181,000;1182,000;1,000;06/06/2022;-4,2961586;-55,9582834;;56,250
PA;BR-230;1182,000;1183,000;1,000;06/06/2022;-4,2961586;-55,9582834;;41,250
PA;BR-230;1183,000;1184,000;1,000;06/06/2022;-4,2961586;-55,9582834;;48,750
PA;BR-230;1184,000;1185,000;1,000;06/06/2022;-4,2961586;-55,9582834;;35,000
PA;BR-230;1185,000;1186,000;1,000;06/06/2022;-4,2961586;-55,9582834;;48,750
PA;BR-230;1186,000;1187,000;1,000;06/06/2022;-4,2961586;-55,9582834;;56,250
PA;BR-230;1187,000;1188,000;1,000;06/06/2022;-4,2961586;-55,9582834;;41,250
PA;BR-230;1188,000;1189,000;1,000;06/06/2022;-4,2961586;-55,9582834;;35,000
PA;BR-230;1189,000;1190,000;1,000;06/06/2022;-4,2961586;-55,9582834;;41,250
PA;BR-230;1190,000;1191,000;1,000;06/06/2022;-4,2961586;-55,9582834;;35,000
PA;BR-230;1191,000;1192,000;1,000;06/06/2022;-4,2961586;-55,9582834;;56,250
PA;BR-230;1192,000;1193,000;1,000;06/06/2022;-4,2961586;-55,9582834;;56,250
PA;BR-230;1193,000;1194,000;1,000;06/06/2022;-4,2961586;-55,9582834;;35,000
PA;BR-230;1194,000;1195,000;1,000;06/06/2022;-4,2961586;-55,9582834;;41,250
PA;BR-230;1195,000;1196,000;1,000;06/06/2022;-4,2961586;-55,9582834;;50,000
PA;BR-230;1196,000;1197,000;1,000;06/06/2022;-4,2961586;-55,9582834;;35,000
PA;BR-230;1197,000;1198,000;1,000;06/06/2022;-4,2961586;-55,9582834;;43,750
PA;BR-230;1198,000;1199,000;1,000;06/06/2022;-4,2961586;-55,9582834;;56,250
PA;BR-230;1199,000;1200,000;1,000;06/06/2022;-4,2961586;-55,9582834;;35,000
PA;BR-230;1200,000;1201,000;1,000;06/06/2022;-4,2961586;-55,9582834;;41,250
PA;BR-230;1201,000;1202,000;1,000;06/06/2022;-4,2961586;-55,9582834;;41,250
PA;BR-230;1202,000;1203,000;1,000;06/06/2022;-4,2961586;-55,9582834;;42,500
PA;BR-230;1203,000;1204,000;1,000;06/06/2022;-4,2961586;-55,9582834;;35,000
PA;BR-230;1204,000;1205,000;1,000;06/06/2022;-4,2961586;-55,9582834;;56,250
PA;BR-230;1205,000;1206,000;1,000;06/06/2022;-4,2961586;-55,9582834;;41,250
PA;BR-230;1206,000;1207,000;1,000;06/06/2022;-4,2961586;-55,9582834;;35,000
PA;BR-230;1207,000;1208,000;1,000;06/06/2022;-4,2961586;-55,9582834;;41,250
PA;BR-230;1208,000;1209,000;1,000;06/06/2022;-4,2961586;-55,9582834;;50,000
PA;BR-230;1209,000;1210,000;1,000;06/06/2022;-4,2961586;-55,9582834;;35,000
PA;BR-230;1210,000;1211,000;1,000;06/06/2022;-4,2961586;-55,9582834;;41,250
PA;BR-230;1211,000;1212,000;1,000;06/06/2022;-4,2961586;-55,9582834;;50,000
PA;BR-230;1212,000;1213,000;1,000;06/06/2022;-4,2961586;-55,9582834;;41,250
PA;BR-230;1213,000;1214,000;1,000;06/06/2022;-4,2961586;-55,9582834;;35,000
PA;BR-230;1214,000;1215,000;1,000;06/06/2022;-4,2961586;-55,9582834;;57,500
PA;BR-230;1215,000;1216,000;1,000;06/06/2022;-4,2961586;-55,9582834;;28,750
PA;BR-230;1216,000;1217,000;1,000;06/06/2022;-4,2961586;-55,9582834;;30,000
PA;BR-230;1217,000;1218,000;1,000;06/06/2022;-4,2961586;-55,9582834;;41,250
PA;BR-230;1218,000;1219,000;1,000;06/06/2022;-4,2961586;-55,9582834;;41,250
PA;BR-230;1219,000;1220,000;1,000;06/06/2022;-4,2961586;-55,9582834;;35,000
PA;BR-230;1220,000;1221,000;1,000;06/06/2022;-4,2961586;-55,9582834;;41,250
PA;BR-230;1221,000;1222,000;1,000;06/06/2022;-4,2961586;-55,9582834;;46,250
PA;BR-230;1222,000;1223,000;1,000;06/06/2022;-4,2961586;-55,9582834;;56,250
PA;BR-230;1223,000;1224,000;1,000;06/06/2022;-4,2961586;-55,9582834;;41,250
PA;BR-230;1224,000;1225,000;1,000;06/06/2022;-4,2961586;-55,9582834;;28,750
PA;BR-230;1225,000;1226,000;1,000;06/06/2022;-4,2961586;-55,9582834;;56,250
PA;BR-230;1226,000;1227,000;1,000;06/06/2022;-4,2961586;-55,9582834;;41,250
PA;BR-230;1227,000;1228,000;1,000;06/06/2022;-4,2961586;-55,9582834;;41,250
PA;BR-230;1228,000;1229,000;1,000;06/06/2022;-4,2961586;-55,9582834;;35,000
PA;BR-230;1229,000;1230,000;1,000;06/06/2022;-4,2961586;-55,9582834;;35,000
PA;BR-230;1230,000;1231,000;1,000;06/06/2022;-4,2961586;-55,9582834;;50,000
PA;BR-230;1231,000;1232,000;1,000;06/06/2022;-4,2961586;-55,9582834;;41,250
PA;BR-230;1232,000;1233,000;1,000;06/06/2022;-4,2961586;-55,9582834;;42,500
PA;BR-230;1233,000;1234,000;1,000;06/06/2022;-4,2961586;-55,9582834;;50,000
PA;BR-230;1234,000;1235,000;1,000;06/06/2022;-4,2961586;-55,9582834;;35,000
PA;BR-230;1235,000;1236,000;1,000;06/06/2022;-4,2961586;-55,9582834;;35,000
PA;BR-230;1236,000;1237,000;1,000;06/06/2022;-4,2961586;-55,9582834;;36,250
PA;BR-230;1237,000;1238,000;1,000;06/06/2022;-4,2961586;-55,9582834;;50,000
PA;BR-230;1238,000;1239,000;1,000;06/06/2022;-4,2961586;-55,9582834;;56,250
PA;BR-230;1239,000;1240,000;1,000;06/06/2022;-4,2961586;-55,9582834;;41,250
PA;BR-230;1240,000;1241,000;1,000;06/06/2022;-4,2961586;-55,9582834;;41,250
PA;BR-230;1241,000;1242,000;1,000;06/06/2022;-4,2961586;-55,9582834;;60,000
PA;BR-230;1242,000;1243,000;1,000;06/06/2022;-4,2961586;-55,9582834;;41,250
PA;BR-230;1243,000;1244,000;1,000;06/06/2022;-4,2961586;-55,9582834;;35,000
PA;BR-230;1244,000;1245,000;1,000;06/06/2022;-4,2961586;-55,9582834;;35,000
PA;BR-230;1245,000;1246,000;1,000;06/06/2022;-4,2961586;-55,9582834;;28,750
PA;BR-230;1246,000;1247,000;1,000;06/06/2022;-4,2961586;-55,9582834;;33,750
PA;BR-230;1247,000;1248,000;1,000;06/06/2022;-4,2961586;-55,9582834;;33,750
PA;BR-230;1248,000;1249,000;1,000;06/06/2022;-4,2961586;-55,9582834;;40,000
PA;BR-230;1249,000;1250,000;1,000;06/06/2022;-4,2961586;-55,9582834;;48,750
PA;BR-230;1250,000;1251,000;1,000;06/06/2022;-4,2961586;-55,9582834;;41,250
PA;BR-230;1251,000;1252,000;1,000;06/06/2022;-4,2961586;-55,9582834;;33,750
PA;BR-230;1252,000;1253,000;1,000;06/06/2022;-4,2961586;-55,9582834;;48,750
PA;BR-230;1253,000;1254,000;1,000;06/06/2022;-4,2961586;-55,9582834;;55,000
PA;BR-230;1254,000;1255,000;1,000;06/06/2022;-4,2961586;-55,9582834;;47,500
PA;BR-230;1255,000;1256,000;1,000;06/06/2022;-4,2961586;-55,9582834;;41,250
PA;BR-230;1256,000;1257,000;1,000;06/06/2022;-4,2961586;-55,9582834;;47,500
PA;BR-230;1257,000;1258,000;1,000;06/06/2022;-4,2961586;-55,9582834;;62,500
PA;BR-230;1258,000;1259,000;1,000;06/06/2022;-4,2961586;-55,9582834;;40,000
PA;BR-230;1259,000;1260,000;1,000;06/06/2022;-4,2961586;-55,9582834;;40,000
PA;BR-230;1260,000;1261,000;1,000;06/06/2022;-4,2961586;-55,9582834;;35,000
PA;BR-230;1261,000;1262,000;1,000;06/06/2022;-4,2961586;-55,9582834;;35,000
PA;BR-230;1262,000;1263,000;1,000;06/06/2022;-4,2961586;-55,9582834;;60,000
PA;BR-230;1263,000;1264,000;1,000;06/06/2022;-4,2961586;-55,9582834;;40,000
PA;BR-230;1264,000;1265,000;1,000;06/06/2022;-4,2961586;-55,9582834;;33,750
PA;BR-230;1265,000;1266,000;1,000;06/06/2022;-4,2961586;-55,9582834;;48,750
PA;BR-230;1266,000;1267,000;1,000;06/06/2022;-4,2961586;-55,9582834;;60,000
PA;BR-230;1267,000;1268,000;1,000;06/06/2022;-4,2961586;-55,9582834;;56,250
PA;BR-230;1268,000;1269,000;1,000;06/06/2022;-4,2961586;-55,9582834;;56,250
PA;BR-230;1269,000;1270,000;1,000;06/06/2022;-4,2961586;-55,9582834;;56,250
PA;BR-230;1270,000;1271,000;1,000;06/06/2022;-4,2961586;-55,9582834;;35,000
PA;BR-230;1271,000;1272,000;1,000;06/06/2022;-4,2961586;-55,9582834;;41,250
PA;BR-230;1272,000;1273,000;1,000;06/06/2022;-4,2961586;-55,9582834;;57,500
PA;BR-230;1273,000;1274,000;1,000;06/06/2022;-4,2961586;-55,9582834;;41,250
PA;BR-230;1274,000;1275,000;1,000;06/06/2022;-4,2961586;-55,9582834;;50,000
PA;BR-230;1275,000;1276,000;1,000;06/06/2022;-4,2961586;-55,9582834;;62,500
PA;BR-230;1276,000;1277,000;1,000;06/06/2022;-4,2961586;-55,9582834;;62,500
PA;BR-230;1277,000;1278,000;1,000;06/06/2022;-4,2961586;-55,9582834;;70,000
PA;BR-230;1278,000;1279,000;1,000;06/06/2022;-4,2961586;-55,9582834;;70,000
PA;BR-230;1279,000;1280,000;1,000;06/06/2022;-4,2961586;-55,9582834;;62,500
PA;BR-230;1280,000;1281,000;1,000;06/06/2022;-4,2961586;-55,9582834;;56,250
PA;BR-230;1281,000;1282,000;1,000;06/06/2022;-4,2961586;-55,9582834;;70,000
PA;BR-230;1282,000;1283,000;1,000;06/06/2022;-4,2961586;-55,9582834;;41,250
PA;BR-230;1283,000;1284,000;1,000;06/06/2022;-4,2961586;-55,9582834;;62,500
PA;BR-230;1284,000;1285,000;1,000;06/06/2022;-4,2961586;-55,9582834;;70,000
PA;BR-230;1285,000;1286,000;1,000;06/06/2022;-4,2961586;-55,9582834;;70,000
PA;BR-230;1286,000;1287,000;1,000;06/06/2022;-4,2961586;-55,9582834;;41,250
PA;BR-230;1287,000;1288,000;1,000;06/06/2022;-4,2961586;-55,9582834;;57,500
PA;BR-230;1288,000;1289,000;1,000;06/06/2022;-4,2961586;-55,9582834;;57,500
PA;BR-230;1289,000;1290,000;1,000;06/06/2022;-4,2961586;-55,9582834;;63,750
PA;BR-230;1290,000;1291,000;1,000;06/06/2022;-4,2961586;-55,9582834;;60,000
PA;BR-230;1291,000;1292,000;1,000;06/06/2022;-4,2961586;-55,9582834;;56,250
PA;BR-230;1292,000;1293,000;1,000;06/06/2022;-4,2961586;-55,9582834;;41,250
PA;BR-230;1293,000;1294,000;1,000;06/06/2022;-4,2961586;-55,9582834;;56,250
PA;BR-230;1294,000;1295,000;1,000;06/06/2022;-4,2961586;-55,9582834;;38,750
PA;BR-230;1294,500;1295,000;0,500;06/06/2022;-4,2961586;-55,9582834;;41,250
PA;BR-230;1295,000;1296,000;1,000;06/06/2022;-4,2961586;-55,9582834;;70,000
PA;BR-230;1296,000;1297,000;1,000;06/06/2022;-4,2961586;-55,9582834;;35,000
PA;BR-230;1297,000;1298,000;1,000;06/06/2022;-4,2961586;-55,9582834;;53,750
PA;BR-230;1298,000;1299,000;1,000;06/06/2022;-4,2961586;-55,9582834;;41,250
PA;BR-230;1299,000;1300,000;1,000;06/06/2022;-4,2961586;-55,9582834;;50,000
PA;BR-230;1300,000;1301,000;1,000;06/06/2022;-4,2961586;-55,9582834;;50,000
PA;BR-230;1301,000;1302,000;1,000;06/06/2022;-4,2961586;-55,9582834;;62,500
PA;BR-230;1302,000;1303,000;1,000;06/06/2022;-4,2961586;-55,9582834;;56,250
PA;BR-230;1303,000;1304,000;1,000;06/06/2022;-4,2961586;-55,9582834;;63,750
PA;BR-230;1304,000;1305,000;1,000;06/06/2022;-4,2961586;-55,9582834;;63,750
PA;BR-230;1305,000;1306,000;1,000;06/06/2022;-4,2961586;-55,9582834;;56,250
PA;BR-230;1306,000;1307,000;1,000;06/06/2022;-4,2961586;-55,9582834;;56,250
PA;BR-230;1307,000;1308,000;1,000;06/06/2022;-4,2961586;-55,9582834;;62,500
PA;BR-230;1308,000;1309,000;1,000;06/06/2022;-4,2961586;-55,9582834;;47,500
PA;BR-230;1309,000;1310,000;1,000;06/06/2022;-4,2961586;-55,9582834;;35,000
PA;BR-230;1310,000;1311,000;1,000;06/06/2022;-4,2961586;-55,9582834;;56,250
PA;BR-230;1311,000;1312,000;1,000;06/06/2022;-4,2961586;-55,9582834;;48,750
PA;BR-230;1312,000;1313,000;1,000;06/06/2022;-4,2961586;-55,9582834;;41,250
PA;BR-230;1313,000;1314,000;1,000;06/06/2022;-4,2961586;-55,9582834;;47,500
PA;BR-230;1314,000;1315,000;1,000;06/06/2022;-4,2961586;-55,9582834;;35,000
PA;BR-230;1315,000;1316,000;1,000;06/06/2022;-4,2961586;-55,9582834;;35,000
PA;BR-230;1316,000;1317,000;1,000;06/06/2022;-4,2961586;-55,9582834;;56,250
PA;BR-230;1317,000;1318,000;1,000;06/06/2022;-4,2961586;-55,9582834;;56,250
PA;BR-230;1318,000;1319,000;1,000;06/06/2022;-4,2961586;-55,9582834;;63,750
PA;BR-230;1319,000;1320,000;1,000;06/06/2022;-4,2961586;-55,9582834;;70,000
PA;BR-230;1320,000;1321,000;1,000;06/06/2022;-4,2961586;-55,9582834;;41,250
PA;BR-230;1321,000;1322,000;1,000;06/06/2022;-4,2961586;-55,9582834;;35,000
PA;BR-230;1322,000;1323,000;1,000;06/06/2022;-4,2961586;-55,9582834;;41,250
PA;BR-230;1323,000;1324,000;1,000;06/06/2022;-4,2961586;-55,9582834;;35,000
PA;BR-230;1324,000;1325,000;1,000;06/06/2022;-4,2961586;-55,9582834;;56,250
PA;BR-230;1325,000;1326,000;1,000;06/06/2022;-4,2961586;-55,9582834;;53,750
PA;BR-230;1326,000;1327,000;1,000;06/06/2022;-4,2961586;-55,9582834;;41,250
PA;BR-230;1327,000;1328,000;1,000;06/06/2022;-4,2961586;-55,9582834;;56,250
PA;BR-230;1328,000;1329,000;1,000;06/06/2022;-4,2961586;-55,9582834;;63,750
PA;BR-230;1329,000;1330,000;1,000;06/06/2022;-4,2961586;-55,9582834;;50,000
PA;BR-230;1330,000;1331,000;1,000;06/06/2022;-4,2961586;-55,9582834;;57,500
PA;BR-230;1331,000;1332,000;1,000;06/06/2022;-4,2961586;-55,9582834;;50,000
PA;BR-230;1332,000;1333,000;1,000;06/06/2022;-4,2961586;-55,9582834;;50,000
PA;BR-230;1333,000;1334,000;1,000;06/06/2022;-4,2961586;-55,9582834;;70,000
PA;BR-230;1334,000;1335,000;1,000;06/06/2022;-4,2961586;-55,9582834;;35,000
PA;BR-230;1335,000;1336,000;1,000;06/06/2022;-4,2961586;-55,9582834;;41,250
PA;BR-230;1336,000;1337,000;1,000;06/06/2022;-4,2961586;-55,9582834;;35,000
PA;BR-230;1337,000;1338,000;1,000;06/06/2022;-4,2961586;-55,9582834;;35,000
PA;BR-230;1338,000;1339,000;1,000;06/06/2022;-4,2961586;-55,9582834;;56,250
PA;BR-230;1339,000;1340,000;1,000;06/06/2022;-4,2961586;-55,9582834;;55,000
PA;BR-230;1340,000;1341,000;1,000;06/06/2022;-4,2961586;-55,9582834;;61,250
PA;BR-230;1341,000;1342,000;1,000;06/06/2022;-4,2961586;-55,9582834;;42,500
PA;BR-230;1342,000;1343,000;1,000;06/06/2022;-4,2961586;-55,9582834;;35,000
PA;BR-230;1343,000;1344,000;1,000;06/06/2022;-4,2961586;-55,9582834;;41,250
PA;BR-230;1344,000;1345,000;1,000;06/06/2022;-4,2961586;-55,9582834;;33,750
PA;BR-230;1345,000;1346,000;1,000;06/06/2022;-4,2961586;-55,9582834;;40,000
PA;BR-230;1346,000;1347,000;1,000;06/06/2022;-4,2961586;-55,9582834;;41,250
PA;BR-230;1347,000;1348,000;1,000;06/06/2022;-4,2961586;-55,9582834;;70,000
PA;BR-230;1348,000;1349,000;1,000;06/06/2022;-4,2961586;-55,9582834;;50,000
PA;BR-230;1349,000;1350,000;1,000;06/06/2022;-4,2961586;-55,9582834;;56,250
PA;BR-230;1350,000;1351,000;1,000;06/06/2022;-4,2961586;-55,9582834;;35,000
PA;BR-230;1351,000;1352,000;1,000;06/06/2022;-4,2961586;-55,9582834;;56,250
PA;BR-230;1352,000;1353,000;1,000;06/06/2022;-4,2961586;-55,9582834;;50,000
PA;BR-230;1353,000;1354,000;1,000;06/06/2022;-4,2961586;-55,9582834;;62,500
PA;BR-230;1354,000;1355,000;1,000;06/06/2022;-4,2961586;-55,9582834;;50,000
PA;BR-230;1355,000;1356,000;1,000;06/06/2022;-4,2961586;-55,9582834;;33,750
PA;BR-230;1356,000;1357,000;1,000;06/06/2022;-4,2961586;-55,9582834;;60,000
PA;BR-230;1357,000;1358,000;1,000;06/06/2022;-4,2961586;-55,9582834;;70,000
PA;BR-230;1358,000;1359,000;1,000;06/06/2022;-4,2961586;-55,9582834;;35,000
PA;BR-230;1359,000;1360,000;1,000;06/06/2022;-4,2961586;-55,9582834;;35,000
PA;BR-230;1360,000;1361,000;1,000;06/06/2022;-4,2961586;-55,9582834;;70,000
PA;BR-230;1361,000;1362,000;1,000;06/06/2022;-4,2961586;-55,9582834;;35,000
PA;BR-230;1362,000;1363,000;1,000;06/06/2022;-4,2961586;-55,9582834;;41,250
PA;BR-230;1363,000;1364,000;1,000;06/06/2022;-4,2961586;-55,9582834;;56,250
PA;BR-230;1364,000;1365,000;1,000;06/06/2022;-4,2961586;-55,9582834;;35,000
PA;BR-230;1365,000;1366,000;1,000;06/06/2022;-4,2961586;-55,9582834;;50,000
PA;BR-230;1366,000;1367,000;1,000;06/06/2022;-4,2961586;-55,9582834;;70,000
PA;BR-230;1367,000;1368,000;1,000;06/06/2022;-4,2961586;-55,9582834;;56,250
PA;BR-230;1368,000;1369,000;1,000;06/06/2022;-4,2961586;-55,9582834;;55,000
PA;BR-230;1369,000;1370,000;1,000;06/06/2022;-4,2961586;-55,9582834;;46,250
PA;BR-230;1370,000;1371,000;1,000;06/06/2022;-4,2961586;-55,9582834;;33,750
PA;BR-230;1371,000;1372,000;1,000;06/06/2022;-4,2961586;-55,9582834;;27,500
PA;BR-230;1372,000;1373,000;1,000;06/06/2022;-4,2961586;-55,9582834;;33,750
PA;BR-230;1373,000;1374,000;1,000;06/06/2022;-4,2961586;-55,9582834;;28,750
PA;BR-230;1374,000;1375,000;1,000;06/06/2022;-4,2961586;-55,9582834;;30,000
PA;BR-230;1375,000;1376,000;1,000;06/06/2022;-4,2961586;-55,9582834;;56,250
PA;BR-230;1376,000;1377,000;1,000;06/06/2022;-4,2961586;-55,9582834;;56,250
PA;BR-230;1377,000;1378,000;1,000;06/06/2022;-4,2961586;-55,9582834;;35,000
PA;BR-230;1378,000;1379,000;1,000;06/06/2022;-4,2961586;-55,9582834;;50,000
PA;BR-230;1379,000;1380,000;1,000;06/06/2022;-4,2961586;-55,9582834;;35,000
PA;BR-230;1380,000;1381,000;1,000;06/06/2022;-4,2961586;-55,9582834;;50,000
PA;BR-230;1381,000;1382,000;1,000;06/06/2022;-4,2961586;-55,9582834;;56,250
PA;BR-230;1382,000;1383,000;1,000;06/06/2022;-4,2961586;-55,9582834;;56,250
PA;BR-230;1383,000;1384,000;1,000;06/06/2022;-4,2961586;-55,9582834;;63,750
PA;BR-230;1384,000;1385,000;1,000;06/06/2022;-4,2961586;-55,9582834;;56,250
PA;BR-230;1385,000;1386,000;1,000;06/06/2022;-4,2961586;-55,9582834;;35,000
PA;BR-230;1386,000;1387,000;1,000;06/06/2022;-4,2961586;-55,9582834;;56,250
PA;BR-230;1387,000;1388,000;1,000;06/06/2022;-4,2961586;-55,9582834;;62,500
PA;BR-230;1388,000;1389,000;1,000;06/06/2022;-4,2961586;-55,9582834;;63,750
PA;BR-230;1389,000;1390,000;1,000;06/06/2022;-4,2961586;-55,9582834;;41,250
PA;BR-230;1390,000;1391,000;1,000;06/06/2022;-4,2961586;-55,9582834;;48,750
PA;BR-230;1391,000;1392,000;1,000;06/06/2022;-4,2961586;-55,9582834;;48,750
PA;BR-230;1392,000;1393,000;1,000;06/06/2022;-4,2961586;-55,9582834;;41,250
PA;BR-230;1393,000;1394,000;1,000;06/06/2022;-4,2961586;-55,9582834;;70,000
PA;BR-230;1394,000;1395,000;1,000;06/06/2022;-4,2961586;-55,9582834;;35,000
PA;BR-230;1395,000;1396,000;1,000;06/06/2022;-4,2961586;-55,9582834;;35,000
PA;BR-230;1396,000;1397,000;1,000;06/06/2022;-4,2961586;-55,9582834;;37,500
PA;BR-230;1397,000;1398,000;1,000;06/06/2022;-4,2961586;-55,9582834;;35,000
PA;BR-230;1398,000;1399,000;1,000;06/06/2022;-4,2961586;-55,9582834;;35,000
PA;BR-230;1399,000;1400,000;1,000;06/06/2022;-4,2961586;-55,9582834;;41,250
PA;BR-230;1400,000;1401,000;1,000;06/06/2022;-4,2961586;-55,9582834;;50,000
PA;BR-230;1401,000;1402,000;1,000;06/06/2022;-4,2961586;-55,9582834;;50,000
PA;BR-230;1402,000;1403,000;1,000;06/06/2022;-4,2961586;-55,9582834;;35,000
PA;BR-230;1403,000;1404,000;1,000;06/06/2022;-4,2961586;-55,9582834;;35,000
PA;BR-230;1404,000;1405,000;1,000;06/06/2022;-4,2961586;-55,9582834;;50,000
PA;BR-230;1405,000;1406,000;1,000;06/06/2022;-4,2961586;-55,9582834;;63,750
PA;BR-230;1406,000;1407,000;1,000;06/06/2022;-4,2961586;-55,9582834;;56,250
PA;BR-230;1407,000;1408,000;1,000;06/06/2022;-4,2961586;-55,9582834;;50,000
PA;BR-230;1408,000;1409,000;1,000;06/06/2022;-4,2961586;-55,9582834;;35,000
PA;BR-230;1409,000;1410,000;1,000;06/06/2022;-4,2961586;-55,9582834;;70,000
PA;BR-230;1410,000;1411,000;1,000;06/06/2022;-4,2961586;-55,9582834;;55,000
PA;BR-230;1411,000;1412,000;1,000;06/06/2022;-4,2961586;-55,9582834;;55,000
PA;BR-230;1412,000;1413,000;1,000;06/06/2022;-4,2961586;-55,9582834;;41,250
PA;BR-230;1413,000;1414,000;1,000;06/06/2022;-4,2961586;-55,9582834;;56,250
PA;BR-230;1414,000;1415,000;1,000;06/06/2022;-4,2961586;-55,9582834;;70,000
PA;BR-230;1415,000;1416,000;1,000;06/06/2022;-4,2961586;-55,9582834;;41,250
PA;BR-230;1416,000;1417,000;1,000;06/06/2022;-4,2961586;-55,9582834;;35,000
PA;BR-230;1417,000;1418,000;1,000;06/06/2022;-4,2961586;-55,9582834;;35,000
PA;BR-230;1418,000;1419,000;1,000;06/06/2022;-4,2961586;-55,9582834;;35,000
PA;BR-230;1419,000;1420,000;1,000;06/06/2022;-4,2961586;-55,9582834;;50,000
PA;BR-230;1420,000;1421,000;1,000;06/06/2022;-4,2961586;-55,9582834;;50,000
PA;BR-230;1421,000;1422,000;1,000;06/06/2022;-4,2961586;-55,9582834;;56,250
PA;BR-230;1422,000;1423,000;1,000;06/06/2022;-4,2961586;-55,9582834;;35,000
PA;BR-230;1423,000;1424,000;1,000;06/06/2022;-4,2961586;-55,9582834;;50,000
PA;BR-230;1424,000;1425,000;1,000;06/06/2022;-4,2961586;-55,9582834;;62,500
PA;BR-230;1425,000;1426,000;1,000;06/06/2022;-4,2961586;-55,9582834;;62,500
PA;BR-230;1426,000;1427,000;1,000;06/06/2022;-4,2961586;-55,9582834;;41,250
PA;BR-230;1427,000;1428,000;1,000;06/06/2022;-4,2961586;-55,9582834;;50,000
PA;BR-230;1428,000;1429,000;1,000;06/06/2022;-4,2961586;-55,9582834;;70,000
PA;BR-230;1429,000;1430,000;1,000;06/06/2022;-4,2961586;-55,9582834;;56,250
PA;BR-230;1430,000;1431,000;1,000;06/06/2022;-4,2961586;-55,9582834;;41,250
PA;BR-230;1431,000;1432,000;1,000;06/06/2022;-4,2961586;-55,9582834;;47,500
PA;BR-230;1432,000;1433,000;1,000;06/06/2022;-4,2961586;-55,9582834;;56,250
PA;BR-230;1433,000;1434,000;1,000;06/06/2022;-4,2961586;-55,9582834;;41,250
PA;BR-230;1434,000;1435,000;1,000;06/06/2022;-4,2961586;-55,9582834;;35,000
PA;BR-230;1434,200;1435,000;0,800;06/06/2022;-4,2961586;-55,9582834;;35,000
PA;BR-230;1435,000;1436,000;1,000;06/06/2022;-4,2961586;-55,9582834;;55,000
PA;BR-230;1436,000;1437,000;1,000;06/06/2022;-4,2961586;-55,9582834;;40,000
PA;BR-230;1437,000;1438,000;1,000;06/06/2022;-4,2961586;-55,9582834;;33,750
PA;BR-230;1438,000;1439,000;1,000;06/06/2022;-4,2961586;-55,9582834;;35,000
PA;BR-230;1439,000;1440,000;1,000;06/06/2022;-4,2961586;-55,9582834;;35,000
PA;BR-230;1440,000;1441,000;1,000;06/06/2022;-4,2961586;-55,9582834;;50,000
PA;BR-230;1441,000;1442,000;1,000;06/06/2022;-4,2961586;-55,9582834;;41,250
PA;BR-230;1442,000;1443,000;1,000;06/06/2022;-4,2961586;-55,9582834;;51,250
PA;BR-230;1443,000;1444,000;1,000;06/06/2022;-4,2961586;-55,9582834;;70,000
PA;BR-230;1444,000;1445,000;1,000;06/06/2022;-4,2961586;-55,9582834;;41,250
PA;BR-230;1445,000;1446,000;1,000;06/06/2022;-4,2961586;-55,9582834;;35,000
PA;BR-230;1446,000;1447,000;1,000;06/06/2022;-4,2961586;-55,9582834;;63,750
PA;BR-230;1447,000;1448,000;1,000;06/06/2022;-4,2961586;-55,9582834;;63,750
PA;BR-230;1448,000;1449,000;1,000;06/06/2022;-4,2961586;-55,9582834;;55,000
PA;BR-230;1449,000;1450,000;1,000;06/06/2022;-4,2961586;-55,9582834;;33,750
PA;BR-230;1450,000;1451,000;1,000;06/06/2022;-4,2961586;-55,9582834;;35,000
PA;BR-230;1451,000;1452,000;1,000;06/06/2022;-4,2961586;-55,9582834;;63,750
PA;BR-230;1452,000;1453,000;1,000;06/06/2022;-4,2961586;-55,9582834;;41,250
PA;BR-230;1453,000;1454,000;1,000;06/06/2022;-4,2961586;-55,9582834;;41,250
PA;BR-230;1454,000;1455,000;1,000;06/06/2022;-4,2961586;-55,9582834;;56,250
PA;BR-230;1455,000;1456,000;1,000;06/06/2022;-4,2961586;-55,9582834;;35,000
PA;BR-230;1456,000;1457,000;1,000;06/06/2022;-4,2961586;-55,9582834;;50,000
PA;BR-230;1457,000;1458,000;1,000;06/06/2022;-4,2961586;-55,9582834;;55,000
PA;BR-230;1458,000;1459,000;1,000;06/06/2022;-4,2961586;-55,9582834;;40,000
PA;BR-230;1459,000;1460,000;1,000;06/06/2022;-4,2961586;-55,9582834;;42,500
PA;BR-230;1460,000;1461,000;1,000;06/06/2022;-4,2961586;-55,9582834;;41,250
PA;BR-230;1461,000;1462,000;1,000;06/06/2022;-4,2961586;-55,9582834;;41,250
PA;BR-230;1462,000;1463,000;1,000;06/06/2022;-4,2961586;-55,9582834;;35,000
PA;BR-230;1463,000;1464,000;1,000;06/06/2022;-4,2961586;-55,9582834;;40,000
PA;BR-230;1464,000;1465,000;1,000;06/06/2022;-4,2961586;-55,9582834;;40,000
PA;BR-230;1465,000;1466,000;1,000;06/06/2022;-4,2961586;-55,9582834;;48,750
PA;BR-230;1466,000;1467,000;1,000;06/06/2022;-4,2961586;-55,9582834;;41,250
PA;BR-230;1467,000;1468,000;1,000;06/06/2022;-4,2961586;-55,9582834;;35,000
PA;BR-230;1468,000;1469,000;1,000;06/06/2022;-4,2961586;-55,9582834;;35,000
PA;BR-230;1469,000;1470,000;1,000;06/06/2022;-4,2961586;-55,9582834;;50,000
PA;BR-230;1470,000;1471,000;1,000;06/06/2022;-4,2961586;-55,9582834;;41,250
PA;BR-230;1471,000;1472,000;1,000;06/06/2022;-4,2961586;-55,9582834;;56,250
PA;BR-230;1472,000;1473,000;1,000;06/06/2022;-4,2961586;-55,9582834;;55,000
PA;BR-230;1473,000;1474,000;1,000;06/06/2022;-4,2961586;-55,9582834;;48,750
PA;BR-230;1474,000;1475,000;1,000;06/06/2022;-4,2961586;-55,9582834;;40,000
PA;BR-230;1475,000;1476,000;1,000;06/06/2022;-4,2961586;-55,9582834;;68,750
PA;BR-230;1476,000;1477,000;1,000;06/06/2022;-4,2961586;-55,9582834;;56,250
PA;BR-230;1477,000;1478,000;1,000;06/06/2022;-4,2961586;-55,9582834;;56,250
PA;BR-230;1478,000;1479,000;1,000;06/06/2022;-4,2961586;-55,9582834;;35,000
PA;BR-230;1479,000;1480,000;1,000;06/06/2022;-4,2961586;-55,9582834;;63,750
PA;BR-230;1480,000;1481,000;1,000;06/06/2022;-4,2961586;-55,9582834;;40,000
PA;BR-230;1481,000;1482,000;1,000;06/06/2022;-4,2961586;-55,9582834;;40,000
PA;BR-230;1482,000;1483,000;1,000;06/06/2022;-4,2961586;-55,9582834;;35,000
PA;BR-230;1483,000;1484,000;1,000;06/06/2022;-4,2961586;-55,9582834;;55,000
PA;BR-230;1484,000;1485,000;1,000;06/06/2022;-4,2961586;-55,9582834;;55,000
PA;BR-230;1485,000;1486,000;1,000;06/06/2022;-4,2961586;-55,9582834;;56,250
PA;BR-230;1486,000;1487,000;1,000;06/06/2022;-4,2961586;-55,9582834;;40,000
PA;BR-230;1487,000;1488,000;1,000;06/06/2022;-4,2961586;-55,9582834;;40,000
PA;BR-230;1488,000;1489,000;1,000;06/06/2022;-4,2961586;-55,9582834;;60,000
PA;BR-230;1489,000;1490,000;1,000;06/06/2022;-4,2961586;-55,9582834;;48,750
PA;BR-230;1490,000;1491,000;1,000;06/06/2022;-4,2961586;-55,9582834;;55,000
PA;BR-230;1491,000;1492,000;1,000;06/06/2022;-4,2961586;-55,9582834;;56,250
PA;BR-230;1492,000;1493,000;1,000;06/06/2022;-4,2961586;-55,9582834;;66,250
PA;BR-230;1493,000;1494,000;1,000;06/06/2022;-4,2961586;-55,9582834;;40,000
PA;BR-230;1494,000;1495,000;1,000;06/06/2022;-4,2961586;-55,9582834;;40,000
PA;BR-230;1495,000;1496,000;1,000;06/06/2022;-4,2961586;-55,9582834;;55,000
PA;BR-230;1496,000;1497,000;1,000;06/06/2022;-4,2961586;-55,9582834;;68,750
PA;BR-230;1497,000;1498,000;1,000;06/06/2022;-4,2961586;-55,9582834;;48,750
PA;BR-230;1498,000;1499,000;1,000;06/06/2022;-4,2961586;-55,9582834;;33,750
PA;BR-230;1499,000;1500,000;1,000;06/06/2022;-4,2961586;-55,9582834;;41,250
PA;BR-230;1500,000;1501,000;1,000;06/06/2022;-4,2961586;-55,9582834;;41,250
PA;BR-230;1501,000;1502,000;1,000;06/06/2022;-4,2961586;-55,9582834;;61,250
PA;BR-230;1502,000;1503,000;1,000;06/06/2022;-4,2961586;-55,9582834;;61,250
PA;BR-230;1503,000;1504,000;1,000;06/06/2022;-4,2961586;-55,9582834;;48,750
PA;BR-230;1504,000;1505,000;1,000;06/06/2022;-4,2961586;-55,9582834;;35,000
PA;BR-230;1505,000;1506,000;1,000;06/06/2022;-4,2961586;-55,9582834;;35,000
PA;BR-230;1506,000;1507,000;1,000;06/06/2022;-4,2961586;-55,9582834;;56,250
PA;BR-230;1507,000;1508,000;1,000;06/06/2022;-4,2961586;-55,9582834;;35,000
PA;BR-230;1508,000;1509,000;1,000;06/06/2022;-4,2961586;-55,9582834;;50,000
PA;BR-230;1509,000;1510,000;1,000;06/06/2022;-4,2961586;-55,9582834;;55,000
PA;BR-230;1510,000;1511,000;1,000;06/06/2022;-4,2961586;-55,9582834;;62,500
PA;BR-230;1511,000;1512,000;1,000;06/06/2022;-4,2961586;-55,9582834;;42,500
PA;BR-230;1512,000;1513,000;1,000;06/06/2022;-4,2961586;-55,9582834;;41,250
PA;BR-230;1513,000;1514,000;1,000;06/06/2022;-4,2961586;-55,9582834;;40,000
PA;BR-230;1514,000;1515,000;1,000;06/06/2022;-4,2961586;-55,9582834;;55,000
PA;BR-230;1515,000;1516,000;1,000;06/06/2022;-4,2961586;-55,9582834;;61,250
PA;BR-230;1516,000;1517,000;1,000;06/06/2022;-4,2961586;-55,9582834;;33,750
PA;BR-230;1517,000;1518,000;1,000;06/06/2022;-4,2961586;-55,9582834;;35,000
PA;BR-230;1518,000;1519,000;1,000;06/06/2022;-4,2961586;-55,9582834;;48,750
PA;BR-230;1519,000;1520,000;1,000;06/06/2022;-4,2961586;-55,9582834;;40,000
PA;BR-230;1520,000;1521,000;1,000;06/06/2022;-4,2961586;-55,9582834;;33,750
PA;BR-230;1521,000;1522,000;1,000;06/06/2022;-4,2961586;-55,9582834;;41,250
PA;BR-230;1522,000;1523,000;1,000;06/06/2022;-4,2961586;-55,9582834;;48,750
PA;BR-230;1523,000;1524,000;1,000;06/06/2022;-4,2961586;-55,9582834;;41,250
PA;BR-230;1524,000;1525,000;1,000;06/06/2022;-4,2961586;-55,9582834;;35,000
PA;BR-230;1525,000;1526,000;1,000;06/06/2022;-4,2961586;-55,9582834;;35,000
PA;BR-230;1526,000;1527,000;1,000;06/06/2022;-4,2961586;-55,9582834;;50,000
PA;BR-230;1527,000;1528,000;1,000;06/06/2022;-4,2961586;-55,9582834;;42,500
PA;BR-230;1528,000;1529,000;1,000;06/06/2022;-4,2961586;-55,9582834;;41,250
PA;BR-230;1529,000;1530,000;1,000;06/06/2022;-4,2961586;-55,9582834;;63,750
PA;BR-230;1530,000;1531,000;1,000;06/06/2022;-4,2961586;-55,9582834;;41,250
PA;BR-230;1531,000;1532,000;1,000;06/06/2022;-4,2961586;-55,9582834;;56,250
PA;BR-230;1532,000;1533,000;1,000;06/06/2022;-4,2961586;-55,9582834;;48,750
PA;BR-230;1533,000;1534,000;1,000;06/06/2022;-4,2961586;-55,9582834;;55,000
PA;BR-230;1534,000;1535,000;1,000;06/06/2022;-4,2961586;-55,9582834;;33,750
PA;BR-230;1535,000;1536,000;1,000;06/06/2022;-4,2961586;-55,9582834;;35,000
PA;BR-230;1536,000;1537,000;1,000;06/06/2022;-4,2961586;-55,9582834;;35,000
PA;BR-230;1537,000;1538,000;1,000;06/06/2022;-4,2961586;-55,9582834;;60,000
PA;BR-230;1538,000;1539,000;1,000;06/06/2022;-4,2961586;-55,9582834;;50,000
PA;BR-230;1539,000;1540,000;1,000;06/06/2022;-4,2961586;-55,9582834;;41,250
PA;BR-230;1540,000;1541,000;1,000;06/06/2022;-4,2961586;-55,9582834;;33,750
PA;BR-230;1541,000;1542,000;1,000;06/06/2022;-4,2961586;-55,9582834;;35,000
PA;BR-230;1542,000;1543,000;1,000;06/06/2022;-4,2961586;-55,9582834;;36,250
PA;BR-230;1543,000;1544,000;1,000;06/06/2022;-4,2961586;-55,9582834;;70,000
PA;BR-230;1544,000;1545,000;1,000;06/06/2022;-4,2961586;-55,9582834;;35,000
PA;BR-230;1545,000;1546,000;1,000;06/06/2022;-4,2961586;-55,9582834;;50,000
PA;BR-230;1546,000;1547,000;1,000;06/06/2022;-4,2961586;-55,9582834;;40,000
PA;BR-230;1547,000;1548,000;1,000;06/06/2022;-4,2961586;-55,9582834;;33,750
PA;BR-230;1548,000;1549,000;1,000;06/06/2022;-4,2961586;-55,9582834;;35,000
PA;BR-230;1549,000;1550,000;1,000;06/06/2022;-4,2961586;-55,9582834;;35,000
PA;BR-230;1550,000;1551,000;1,000;06/06/2022;-4,2961586;-55,9582834;;41,250
PA;BR-230;1551,000;1552,000;1,000;06/06/2022;-4,2961586;-55,9582834;;35,000
PA;BR-230;1552,000;1553,000;1,000;06/06/2022;-4,2961586;-55,9582834;;56,250
PA;BR-230;1553,000;1554,000;1,000;06/06/2022;-4,2961586;-55,9582834;;40,000
PA;BR-230;1554,000;1555,000;1,000;06/06/2022;-4,2961586;-55,9582834;;48,750
PA;BR-230;1555,000;1556,000;1,000;06/06/2022;-4,2961586;-55,9582834;;48,750
PA;BR-230;1556,000;1557,000;1,000;06/06/2022;-4,2961586;-55,9582834;;68,750
PA;BR-230;1557,000;1558,000;1,000;06/06/2022;-4,2961586;-55,9582834;;55,000
PA;BR-230;1558,000;1559,000;1,000;06/06/2022;-4,2961586;-55,9582834;;33,750
PA;BR-230;1559,000;1560,000;1,000;06/06/2022;-4,2961586;-55,9582834;;41,250
PA;BR-230;1560,000;1561,000;1,000;06/06/2022;-4,2961586;-55,9582834;;41,250
PA;BR-230;1561,000;1562,000;1,000;06/06/2022;-4,2961586;-55,9582834;;50,000
PA;BR-230;1562,000;1563,000;1,000;06/06/2022;-4,2961586;-55,9582834;;33,750
PA;BR-230;1563,000;1564,000;1,000;06/06/2022;-4,2961586;-55,9582834;;40,000
PA;BR-230;1564,000;1565,000;1,000;06/06/2022;-4,2961586;-55,9582834;;35,000
PA;BR-230;1565,000;1566,000;1,000;06/06/2022;-4,2961586;-55,9582834;;33,750
PA;BR-230;1566,000;1567,000;1,000;06/06/2022;-4,2961586;-55,9582834;;33,750
PA;BR-230;1567,000;1568,000;1,000;06/06/2022;-4,2961586;-55,9582834;;35,000
PA;BR-230;1568,000;1569,000;1,000;06/06/2022;-4,2961586;-55,9582834;;41,250
PA;BR-230;1569,000;1570,000;1,000;06/06/2022;-4,2961586;-55,9582834;;42,500
PA;BR-230;1570,000;1571,000;1,000;06/06/2022;-4,2961586;-55,9582834;;33,750
PA;BR-230;1571,000;1572,000;1,000;06/06/2022;-4,2961586;-55,9582834;;55,000
PA;BR-230;1572,000;1573,000;1,000;06/06/2022;-4,2961586;-55,9582834;;35,000
PA;BR-230;1573,000;1574,000;1,000;06/06/2022;-4,2961586;-55,9582834;;50,000
PA;BR-230;1574,000;1575,000;1,000;06/06/2022;-4,2961586;-55,9582834;;56,250
PA;BR-230;1575,000;1576,000;1,000;06/06/2022;-4,2961586;-55,9582834;;41,250
PA;BR-230;1576,000;1577,000;1,000;06/06/2022;-4,2961586;-55,9582834;;55,000
PA;BR-230;1577,000;1578,000;1,000;06/06/2022;-4,2961586;-55,9582834;;56,250
PA;BR-230;1578,000;1579,000;1,000;06/06/2022;-4,2961586;-55,9582834;;35,000
PA;BR-230;1579,000;1580,000;1,000;06/06/2022;-4,2961586;-55,9582834;;35,000
PA;BR-230;1580,000;1581,000;1,000;06/06/2022;-4,2961586;-55,9582834;;40,000
PA;BR-230;1581,000;1582,000;1,000;06/06/2022;-4,2961586;-55,9582834;;48,750
PA;BR-230;1582,000;1583,000;1,000;06/06/2022;-4,2961586;-55,9582834;;35,000
PA;BR-230;1583,000;1584,000;1,000;06/06/2022;-4,2961586;-55,9582834;;35,000
PA;BR-230;1584,000;1585,000;1,000;06/06/2022;-4,2961586;-55,9582834;;62,500
PA;BR-230;1585,000;1586,000;1,000;06/06/2022;-4,2961586;-55,9582834;;46,250
PA;BR-230;1586,000;1587,000;1,000;06/06/2022;-4,2961586;-55,9582834;;61,250
PA;BR-230;1587,000;1588,000;1,000;06/06/2022;-4,2961586;-55,9582834;;46,250
PA;BR-230;1588,000;1589,000;1,000;06/06/2022;-4,2961586;-55,9582834;;50,000
PA;BR-230;1589,000;1590,000;1,000;06/06/2022;-4,2961586;-55,9582834;;35,000
PA;BR-230;1590,000;1591,000;1,000;06/06/2022;-4,2961586;-55,9582834;;35,000
PA;BR-230;1591,000;1592,000;1,000;06/06/2022;-4,2961586;-55,9582834;;55,000
PA;BR-163;6761,000;6762,000;1,000;07/06/2022;-4,3477547;-55,7853481;;55,000
PA;BR-163;6762,000;6763,000;1,000;07/06/2022;-4,3477547;-55,7853481;;18,750
PA;BR-163;6763,000;6764,000;1,000;07/06/2022;-4,3477547;-55,7853481;;25,000
PA;BR-163;6764,000;6765,000;1,000;07/06/2022;-4,3477547;-55,7853481;;31,250
PA;BR-163;6765,000;676,000;6089,000;07/06/2022;-4,3477547;-55,7853481;;31,250
PA;BR-163;676,000;677,000;1,000;07/06/2022;-4,3477547;-55,7853481;;37,500
PA;BR-163;677,000;678,000;1,000;07/06/2022;-4,3477547;-55,7853481;;31,250
PA;BR-163;678,000;679,000;1,000;07/06/2022;-4,3477547;-55,7853481;;31,250
PA;BR-163;679,000;680,000;1,000;07/06/2022;-4,3477547;-55,7853481;;31,250
PA;BR-163;680,000;681,000;1,000;07/06/2022;-4,3477547;-55,7853481;;31,250
PA;BR-163;681,000;682,000;1,000;07/06/2022;-4,3477547;-55,7853481;;31,250
PA;BR-163;682,000;683,000;1,000;07/06/2022;-4,3477547;-55,7853481;;31,250
PA;BR-163;683,000;684,000;1,000;07/06/2022;-4,3477547;-55,7853481;;31,250
PA;BR-163;684,000;685,000;1,000;07/06/2022;-4,3477547;-55,7853481;;37,500
PA;BR-163;685,000;686,000;1,000;07/06/2022;-4,3477547;-55,7853481;;52,500
PA;BR-163;686,000;687,000;1,000;07/06/2022;-4,3477547;-55,7853481;;25,000
PA;BR-163;687,000;688,000;1,000;07/06/2022;-4,3477547;-55,7853481;;31,250
PA;BR-163;688,000;689,000;1,000;07/06/2022;-4,3477547;-55,7853481;;37,500
PA;BR-163;689,000;690,000;1,000;07/06/2022;-4,3493314;-55,7823498;;25,000
PA;BR-163;690,000;691,000;1,000;07/06/2022;-4,3493314;-55,7823498;;31,250
PA;BR-163;691,000;692,000;1,000;07/06/2022;-4,3493314;-55,7823498;;31,250
PA;BR-163;692,000;693,000;1,000;07/06/2022;-4,3493314;-55,7823498;;31,250
PA;BR-163;693,000;694,000;1,000;07/06/2022;-4,3493314;-55,7823498;;37,500
PA;BR-163;694,000;695,000;1,000;07/06/2022;-4,3493314;-55,7823498;;37,500
PA;BR-163;695,000;696,000;1,000;07/06/2022;-4,3493314;-55,7823498;;37,500
PA;BR-163;696,000;697,000;1,000;07/06/2022;-4,3493314;-55,7823498;;52,500
PA;BR-163;697,000;698,000;1,000;07/06/2022;-4,3493314;-55,7823498;;37,500
PA;BR-163;698,000;699,000;1,000;07/06/2022;-4,3493314;-55,7823498;;37,500
PA;BR-163;699,000;700,000;1,000;07/06/2022;-4,3493314;-55,7823498;;37,500
PA;BR-163;700,000;701,000;1,000;07/06/2022;-4,3493314;-55,7823498;;60,000
PA;BR-163;701,000;702,000;1,000;07/06/2022;-4,3493314;-55,7823498;;60,000
PA;BR-163;702,000;703,000;1,000;07/06/2022;-4,3493314;-55,7823498;;37,500
PA;BR-163;703,000;704,000;1,000;07/06/2022;-4,3493314;-55,7823498;;31,250
PA;BR-163;704,000;705,000;1,000;07/06/2022;-4,3493314;-55,7823498;;31,250
PA;BR-163;722,100;723,000;0,900;07/06/2022;-4,3422477;-55,7831138;;40,000
PA;BR-163;723,000;724,000;1,000;07/06/2022;-4,3422477;-55,7831138;;55,000
PA;BR-163;732,680;733,000;0,320;07/06/2022;-4,3362286;-55,7852844;;40,000
PA;BR-163;733,000;734,000;1,000;07/06/2022;-4,3362286;-55,7852844;;40,000
PA;BR-163;734,000;735,000;1,000;07/06/2022;-4,3362286;-55,7852844;;40,000
PA;BR-163;735,000;736,000;1,000;07/06/2022;-4,3362286;-55,7852844;;33,750
PA;BR-163;736,000;737,000;1,000;07/06/2022;-4,3362286;-55,7852844;;27,500
PA;BR-163;737,000;738,000;1,000;07/06/2022;-4,3362286;-55,7852844;;33,750
AM;BR-230;642,600;643,000;0,400;08/06/2022;-7,5189702;-63,0367886;;43,750
AM;BR-230;643,000;644,000;1,000;08/06/2022;-7,5189702;-63,0367886;;57,500
AM;BR-230;644,000;645,000;1,000;08/06/2022;-7,5189702;-63,0367886;;51,250
AM;BR-230;645,000;646,000;1,000;08/06/2022;-7,5189702;-63,0367886;;77,500
AM;BR-230;646,000;647,000;1,000;08/06/2022;-7,5189702;-63,0367886;;55,000
AM;BR-230;647,000;648,000;1,000;08/06/2022;-7,5189702;-63,0367886;;78,750
AM;BR-230;648,000;649,000;1,000;08/06/2022;-7,5189702;-63,0367886;;75,000
AM;BR-230;649,000;650,000;1,000;08/06/2022;-7,5189702;-63,0367886;;61,250
AM;BR-230;650,000;651,000;1,000;08/06/2022;-7,5189702;-63,0367886;;92,500
AM;BR-230;651,000;652,000;1,000;08/06/2022;-7,5189702;-63,0367886;;63,750
AM;BR-230;652,000;653,000;1,000;08/06/2022;-7,5189702;-63,0367886;;72,500
AM;BR-230;653,000;654,000;1,000;08/06/2022;-7,5189702;-63,0367886;;81,250
AM;BR-230;654,000;655,000;1,000;08/06/2022;-7,5189702;-63,0367886;;60,000
AM;BR-230;655,000;656,000;1,000;08/06/2022;-7,5189702;-63,0367886;;100,000
AM;BR-230;656,000;657,000;1,000;08/06/2022;-7,5189702;-63,0367886;;82,500
AM;BR-230;657,000;658,000;1,000;08/06/2022;-7,5189702;-63,0367886;;78,750
AM;BR-230;658,000;659,000;1,000;08/06/2022;-7,5189702;-63,0367886;;82,500
AM;BR-230;659,000;660,000;1,000;08/06/2022;-7,5189702;-63,0367886;;68,750
AM;BR-230;660,000;661,000;1,000;08/06/2022;-7,5189702;-63,0367886;;82,500
AM;BR-230;661,000;662,000;1,000;08/06/2022;-7,5189702;-63,0367886;;83,750
AM;BR-230;662,000;663,000;1,000;08/06/2022;-7,5189702;-63,0367886;;73,750
AM;BR-230;663,000;664,000;1,000;08/06/2022;-7,5189702;-63,0367886;;65,000
AM;BR-230;664,000;665,000;1,000;08/06/2022;-7,5189702;-63,0367886;;45,000
AM;BR-230;665,000;666,000;1,000;08/06/2022;-7,5189702;-63,0367886;;61,250
AM;BR-230;666,000;667,000;1,000;08/06/2022;-7,5189702;-63,0367886;;51,250
AM;BR-230;667,000;668,000;1,000;08/06/2022;-7,5189702;-63,0367886;;66,250
AM;BR-230;668,000;669,000;1,000;08/06/2022;-7,5189702;-63,0367886;;53,750
AM;BR-230;669,000;670,000;1,000;08/06/2022;-7,5189702;-63,0367886;;46,250
AM;BR-230;670,000;671,000;1,000;08/06/2022;-7,5189702;-63,0367886;;62,500
AM;BR-230;671,000;672,000;1,000;08/06/2022;-7,5189702;-63,0367886;;61,250
AM;BR-230;672,000;673,000;1,000;08/06/2022;-7,5189702;-63,0367886;;53,750
AM;BR-230;673,000;674,000;1,000;08/06/2022;-7,5189702;-63,0367886;;60,000
AM;BR-230;674,000;675,000;1,000;08/06/2022;-7,5189702;-63,0367886;;71,250
AM;BR-230;675,000;676,000;1,000;08/06/2022;-7,5189702;-63,0367886;;47,500
AM;BR-230;676,000;677,000;1,000;08/06/2022;-7,5189702;-63,0367886;;67,500
AM;BR-230;677,000;678,000;1,000;08/06/2022;-7,5189702;-63,0367886;;85,000
AM;BR-230;678,000;679,000;1,000;08/06/2022;-7,5189702;-63,0367886;;91,250
AM;BR-230;679,000;680,000;1,000;08/06/2022;-7,5189702;-63,0367886;;98,750
AM;BR-230;680,000;681,000;1,000;08/06/2022;-7,5189702;-63,0367886;;98,750
AM;BR-230;681,000;682,000;1,000;08/06/2022;-7,5189702;-63,0367886;;81,250
AM;BR-230;682,000;683,000;1,000;08/06/2022;-7,5189702;-63,0367886;;96,250
AM;BR-230;683,000;684,000;1,000;08/06/2022;-7,5189702;-63,0367886;;98,750
AM;BR-230;684,000;685,000;1,000;08/06/2022;-7,5189702;-63,0367886;;85,000
AM;BR-230;685,000;686,000;1,000;08/06/2022;-7,5189702;-63,0367886;;98,750
AM;BR-230;686,000;687,000;1,000;08/06/2022;-7,5189702;-63,0367886;;88,750
AM;BR-230;687,000;688,000;1,000;08/06/2022;-7,5189702;-63,0367886;;85,000
AM;BR-230;688,000;689,000;1,000;08/06/2022;-7,5189702;-63,0367886;;98,750
AM;BR-230;689,000;690,000;1,000;08/06/2022;-7,5189702;-63,0367886;;85,000
AM;BR-230;690,000;691,000;1,000;08/06/2022;-7,5189702;-63,0367886;;77,500
AM;BR-230;691,000;692,000;1,000;08/06/2022;-7,5189702;-63,0367886;;87,500
AM;BR-230;692,000;693,000;1,000;08/06/2022;-7,5189702;-63,0367886;;73,750
AM;BR-230;693,000;694,000;1,000;08/06/2022;-7,5189702;-63,0367886;;85,000
AM;BR-230;694,000;695,000;1,000;08/06/2022;-7,5189702;-63,0367886;;98,750
AM;BR-230;695,000;696,000;1,000;08/06/2022;-7,5189702;-63,0367886;;98,750
AM;BR-230;696,000;697,000;1,000;08/06/2022;-7,5189702;-63,0367886;;95,000
AM;BR-230;697,000;698,000;1,000;08/06/2022;-7,5189702;-63,0367886;;96,250
AM;BR-230;698,000;699,000;1,000;08/06/2022;-7,5189702;-63,0367886;;86,250
AM;BR-230;699,000;700,000;1,000;08/06/2022;-7,5189702;-63,0367886;;92,500
AM;BR-230;700,000;701,000;1,000;08/06/2022;-7,5189702;-63,0367886;;68,750
AM;BR-230;701,000;702,000;1,000;08/06/2022;-7,5189702;-63,0367886;;71,250
AM;BR-230;702,000;703,000;1,000;08/06/2022;-7,5189702;-63,0367886;;96,250
AM;BR-230;703,000;704,000;1,000;08/06/2022;-7,5189702;-63,0367886;;92,500
AM;BR-230;704,000;705,000;1,000;08/06/2022;-7,5189702;-63,0367886;;92,500
AM;BR-230;705,000;706,000;1,000;08/06/2022;-7,5189702;-63,0367886;;86,250
AM;BR-230;706,000;707,000;1,000;08/06/2022;-7,5189702;-63,0367886;;88,750
AM;BR-230;707,000;708,000;1,000;08/06/2022;-7,5189702;-63,0367886;;92,500
AM;BR-230;708,000;709,000;1,000;08/06/2022;-7,5189702;-63,0367886;;81,250
AM;BR-230;709,000;710,000;1,000;08/06/2022;-7,5189702;-63,0367886;;88,750
AM;BR-230;710,000;711,000;1,000;08/06/2022;-7,5189702;-63,0367886;;90,000
AM;BR-230;711,000;712,000;1,000;08/06/2022;-7,5189702;-63,0367886;;86,250
AM;BR-230;712,000;713,000;1,000;08/06/2022;-7,5189702;-63,0367886;;82,500
AM;BR-230;713,000;714,000;1,000;08/06/2022;-7,5189702;-63,0367886;;92,500
AM;BR-230;714,000;715,000;1,000;08/06/2022;-7,5189702;-63,0367886;;97,500
AM;BR-230;715,000;716,000;1,000;08/06/2022;-7,5189702;-63,0367886;;90,000
AM;BR-230;716,000;717,000;1,000;08/06/2022;-7,5189702;-63,0367886;;82,500
AM;BR-230;717,000;718,000;1,000;08/06/2022;-7,5189702;-63,0367886;;100,000
AM;BR-230;718,000;719,000;1,000;08/06/2022;-7,5189702;-63,0367886;;78,750
AM;BR-230;719,000;720,000;1,000;08/06/2022;-7,5189702;-63,0367886;;82,500
AM;BR-230;720,000;721,000;1,000;08/06/2022;-7,5189702;-63,0367886;;92,500
AM;BR-230;721,000;722,000;1,000;08/06/2022;-7,5189702;-63,0367886;;82,500
AM;BR-230;722,000;723,000;1,000;08/06/2022;-7,5189702;-63,0367886;;86,250
AM;BR-230;723,000;724,000;1,000;08/06/2022;-7,5189702;-63,0367886;;100,000
AM;BR-230;724,000;725,000;1,000;08/06/2022;-7,5189702;-63,0367886;;92,500
AM;BR-230;725,000;726,000;1,000;08/06/2022;-7,5189702;-63,0367886;;92,500
AM;BR-230;726,000;727,000;1,000;08/06/2022;-7,5189702;-63,0367886;;92,500
AM;BR-230;727,000;728,000;1,000;08/06/2022;-7,5189702;-63,0367886;;82,500
AM;BR-230;728,000;729,000;1,000;08/06/2022;-7,5189702;-63,0367886;;82,500
AM;BR-230;729,000;730,000;1,000;08/06/2022;-7,5189702;-63,0367886;;82,500
AM;BR-230;730,000;731,000;1,000;08/06/2022;-7,5189702;-63,0367886;;92,500
AM;BR-230;731,000;732,000;1,000;08/06/2022;-7,5189702;-63,0367886;;86,250
AM;BR-230;732,000;733,200;1,200;08/06/2022;-7,5189702;-63,0367886;;92,500
AM;BR-230;733,200;734,000;0,800;08/06/2022;-7,5189702;-63,0367886;;42,500
AM;BR-230;734,000;735,000;1,000;08/06/2022;-7,5189702;-63,0367886;;37,500
AM;BR-230;735,000;736,000;1,000;08/06/2022;-7,5189702;-63,0367886;;42,500
AM;BR-230;736,000;737,000;1,000;08/06/2022;-7,5189702;-63,0367886;;37,500
AM;BR-230;737,000;738,000;1,000;08/06/2022;-7,5189702;-63,0367886;;43,750
AM;BR-230;738,000;739,000;1,000;08/06/2022;-7,5189702;-63,0367886;;51,250
AM;BR-230;739,000;740,000;1,000;08/06/2022;-7,5189702;-63,0367886;;51,250
AM;BR-230;740,000;741,000;1,000;08/06/2022;-7,5189702;-63,0367886;;58,750
AM;BR-230;741,000;742,000;1,000;08/06/2022;-7,5189702;-63,0367886;;57,500
AM;BR-230;742,000;743,000;1,000;08/06/2022;-7,5189702;-63,0367886;;51,250
AM;BR-230;743,000;744,000;1,000;08/06/2022;-7,5189702;-63,0367886;;51,250
AM;BR-230;744,000;745,000;1,000;08/06/2022;-7,5189702;-63,0367886;;51,250
AM;BR-230;745,000;746,000;1,000;08/06/2022;-7,5189702;-63,0367886;;51,250
AM;BR-230;746,000;747,000;1,000;08/06/2022;-7,5189702;-63,0367886;;51,250
AM;BR-230;747,000;748,000;1,000;08/06/2022;-7,5189702;-63,0367886;;52,500
AM;BR-230;748,000;749,000;1,000;08/06/2022;-7,5189702;-63,0367886;;52,500
AM;BR-230;749,000;750,000;1,000;08/06/2022;-7,5189702;-63,0367886;;51,250
AM;BR-230;750,000;751,000;1,000;08/06/2022;-7,5189702;-63,0367886;;52,500
AM;BR-230;751,000;752,000;1,000;08/06/2022;-7,5189702;-63,0367886;;58,750
AM;BR-230;752,000;753,000;1,000;08/06/2022;-7,5189702;-63,0367886;;52,500
AM;BR-230;753,000;754,000;1,000;08/06/2022;-7,5189702;-63,0367886;;78,750
AM;BR-230;754,000;755,000;1,000;08/06/2022;-7,5189702;-63,0367886;;75,000
AM;BR-230;755,000;756,000;1,000;08/06/2022;-7,5189702;-63,0367886;;8,750
AM;BR-230;756,000;757,000;1,000;08/06/2022;-7,5189702;-63,0367886;;16,250
AM;BR-230;757,000;758,000;1,000;08/06/2022;-7,5189702;-63,0367886;;8,750
AM;BR-230;758,000;759,000;1,000;08/06/2022;-7,5189702;-63,0367886;;3,750
AM;BR-230;759,000;760,000;1,000;08/06/2022;-7,5189702;-63,0367886;;16,250
AM;BR-230;760,000;761,000;1,000;08/06/2022;-7,5189702;-63,0367886;;3,750
AM;BR-230;761,000;762,000;1,000;08/06/2022;-7,5189702;-63,0367886;;3,750
AM;BR-230;762,000;763,000;1,000;08/06/2022;-7,5189702;-63,0367886;;21,250
AM;BR-230;763,000;764,000;1,000;08/06/2022;-7,5189702;-63,0367886;;16,250
AM;BR-230;764,000;765,000;1,000;08/06/2022;-7,5189702;-63,0367886;;3,750
AM;BR-230;765,000;766,000;1,000;08/06/2022;-7,5189702;-63,0367886;;3,750
AM;BR-230;766,000;767,000;1,000;08/06/2022;-7,5189702;-63,0367886;;3,750
AM;BR-230;767,000;768,000;1,000;08/06/2022;-7,5189702;-63,0367886;;11,250
AM;BR-230;768,000;769,000;1,000;08/06/2022;-7,5189702;-63,0367886;;11,250
AM;BR-230;769,000;770,000;1,000;08/06/2022;-7,5189702;-63,0367886;;11,250
AM;BR-230;770,000;771,000;1,000;08/06/2022;-7,5189702;-63,0367886;;11,250
AM;BR-230;771,000;772,000;1,000;08/06/2022;-7,5189702;-63,0367886;;11,250
AM;BR-230;772,000;773,000;1,000;08/06/2022;-7,5189702;-63,0367886;;11,250
AM;BR-230;773,000;774,000;1,000;08/06/2022;-7,5189702;-63,0367886;;8,750
AM;BR-230;774,000;775,000;1,000;08/06/2022;-7,5189702;-63,0367886;;8,750
AM;BR-230;775,000;776,000;1,000;08/06/2022;-7,5189702;-63,0367886;;8,750
AM;BR-230;776,000;777,000;1,000;08/06/2022;-7,5189702;-63,0367886;;3,750
AM;BR-230;777,000;778,000;1,000;08/06/2022;-7,5189702;-63,0367886;;8,750
AM;BR-230;778,000;779,000;1,000;08/06/2022;-7,5189702;-63,0367886;;88,750
AM;BR-230;779,000;780,000;1,000;08/06/2022;-7,5189702;-63,0367886;;81,250
AM;BR-230;780,000;781,000;1,000;08/06/2022;-7,5189702;-63,0367886;;81,250
AM;BR-230;781,000;782,000;1,000;08/06/2022;-7,5189702;-63,0367886;;81,250
AM;BR-230;782,000;783,000;1,000;08/06/2022;-7,5189702;-63,0367886;;81,250
AM;BR-230;783,000;784,000;1,000;08/06/2022;-7,5189702;-63,0367886;;81,250
AM;BR-230;784,000;785,000;1,000;08/06/2022;-7,5189702;-63,0367886;;81,250
AM;BR-230;785,000;786,000;1,000;08/06/2022;-7,5189702;-63,0367886;;81,250
AM;BR-230;786,000;787,000;1,000;08/06/2022;-7,5189702;-63,0367886;;81,250
AM;BR-230;787,000;788,000;1,000;08/06/2022;-7,5189702;-63,0367886;;81,250
AM;BR-230;788,000;789,000;1,000;08/06/2022;-7,5189702;-63,0367886;;81,250
AM;BR-230;789,000;790,000;1,000;08/06/2022;-7,5189702;-63,0367886;;81,250
AM;BR-230;790,000;791,000;1,000;08/06/2022;-7,5189702;-63,0367886;;81,250
AM;BR-230;791,000;792,000;1,000;08/06/2022;-7,5189702;-63,0367886;;88,750
AM;BR-230;792,000;793,000;1,000;08/06/2022;-7,5189702;-63,0367886;;81,250
AM;BR-230;793,000;794,000;1,000;08/06/2022;-7,5189702;-63,0367886;;81,250
AM;BR-230;794,000;795,000;1,000;08/06/2022;-7,5189702;-63,0367886;;81,250
AM;BR-230;795,000;796,000;1,000;08/06/2022;-7,5189702;-63,0367886;;81,250
AM;BR-230;796,000;797,000;1,000;08/06/2022;-7,5189702;-63,0367886;;81,250
AM;BR-230;797,000;798,000;1,000;08/06/2022;-7,5189702;-63,0367886;;81,250
AM;BR-230;798,000;799,000;1,000;08/06/2022;-7,5189702;-63,0367886;;81,250
AM;BR-230;799,000;800,000;1,000;08/06/2022;-7,5189702;-63,0367886;;81,250
AM;BR-230;800,000;801,000;1,000;08/06/2022;-7,5189702;-63,0367886;;81,250
AM;BR-230;801,000;802,000;1,000;08/06/2022;-7,5189702;-63,0367886;;81,250
AM;BR-230;802,000;803,000;1,000;08/06/2022;-7,5189702;-63,0367886;;85,000
AM;BR-230;803,000;804,000;1,000;08/06/2022;-7,5189702;-63,0367886;;81,250
AM;BR-230;804,000;805,000;1,000;08/06/2022;-7,5189702;-63,0367886;;85,000
AM;BR-230;805,000;806,000;1,000;08/06/2022;-7,5189702;-63,0367886;;85,000
AM;BR-230;806,000;807,000;1,000;08/06/2022;-7,5189702;-63,0367886;;88,750
AM;BR-230;807,000;808,000;1,000;08/06/2022;-7,5189702;-63,0367886;;82,500
AM;BR-230;808,000;809,000;1,000;08/06/2022;-7,5189702;-63,0367886;;85,000
AM;BR-230;809,000;810,000;1,000;08/06/2022;-7,5189702;-63,0367886;;86,250
AM;BR-230;810,000;811,000;1,000;08/06/2022;-7,5189702;-63,0367886;;81,250
AM;BR-230;811,000;812,000;1,000;08/06/2022;-7,5189702;-63,0367886;;85,000
AM;BR-230;812,000;813,000;1,000;08/06/2022;-7,5189702;-63,0367886;;88,750
AM;BR-230;813,000;814,000;1,000;08/06/2022;-7,5189702;-63,0367886;;82,500
AM;BR-230;814,000;815,000;1,000;08/06/2022;-7,5189702;-63,0367886;;82,500
AM;BR-230;815,000;816,200;1,200;08/06/2022;-7,5189702;-63,0367886;;82,500
BA;BR-030;281,700;280,000;1,700;09/06/2022;-14,2864945;-43,7849555;;41,250
BA;BR-030;280,000;279,000;1,000;09/06/2022;-14,2864945;-43,7849555;;57,500
BA;BR-030;279,000;278,000;1,000;09/06/2022;-14,2864945;-43,7849555;;61,250
BA;BR-030;278,000;277,000;1,000;09/06/2022;-14,2864945;-43,7849555;;60,000
BA;BR-030;277,000;276,000;1,000;09/06/2022;-14,2864945;-43,7849555;;61,250
BA;BR-030;276,000;275,000;1,000;09/06/2022;-14,2864945;-43,7849555;;50,000
BA;BR-030;275,000;274,000;1,000;09/06/2022;-14,2864945;-43,7849555;;50,000
BA;BR-030;274,000;273,000;1,000;09/06/2022;-14,2864945;-43,7849555;;42,500
BA;BR-030;273,000;272,000;1,000;09/06/2022;-14,2864945;-43,7849555;;40,000
BA;BR-030;272,000;271,000;1,000;09/06/2022;-14,2864945;-43,7849555;;62,500
BA;BR-030;271,000;270,000;1,000;09/06/2022;-14,2864945;-43,7849555;;35,000
BA;BR-030;270,000;269,000;1,000;09/06/2022;-14,2864945;-43,7849555;;50,000
BA;BR-030;269,000;268,000;1,000;09/06/2022;-14,2864945;-43,7849555;;46,250
BA;BR-030;268,000;267,000;1,000;09/06/2022;-14,2864945;-43,7849555;;46,250
BA;BR-030;267,000;266,000;1,000;09/06/2022;-14,2864945;-43,7849555;;31,250
BA;BR-030;266,000;265,000;1,000;09/06/2022;-14,2864945;-43,7849555;;46,250
BA;BR-030;265,000;264,000;1,000;09/06/2022;-14,2864945;-43,7849555;;35,000
BA;BR-030;264,000;263,000;1,000;09/06/2022;-14,2864945;-43,7849555;;50,000
BA;BR-030;263,000;262,000;1,000;09/06/2022;-14,2864945;-43,7849555;;46,250
BA;BR-030;262,000;261,000;1,000;09/06/2022;-14,2864945;-43,7849555;;57,500
BA;BR-030;261,000;260,000;1,000;09/06/2022;-14,2864945;-43,7849555;;50,000
BA;BR-030;260,000;259,000;1,000;09/06/2022;-14,2864945;-43,7849555;;42,500
BA;BR-030;259,000;258,000;1,000;09/06/2022;-14,2864945;-43,7849555;;67,500
BA;BR-030;258,000;257,000;1,000;09/06/2022;-14,2864945;-43,7849555;;57,500
BA;BR-030;257,000;256,000;1,000;09/06/2022;-14,2864945;-43,7849555;;46,250
BA;BR-030;256,000;255,000;1,000;09/06/2022;-14,2864945;-43,7849555;;70,000
BA;BR-030;255,000;254,000;1,000;09/06/2022;-14,2864945;-43,7849555;;61,250
BA;BR-030;254,000;253,000;1,000;09/06/2022;-14,2864945;-43,7849555;;61,250
BA;BR-030;253,000;252,000;1,000;09/06/2022;-14,2864945;-43,7849555;;50,000
BA;BR-030;252,000;251,000;1,000;09/06/2022;-14,2864945;-43,7849555;;38,750
BA;BR-030;251,000;250,000;1,000;09/06/2022;-14,2864945;-43,7849555;;46,250
BA;BR-030;250,000;249,000;1,000;09/06/2022;-14,2864945;-43,7849555;;57,500
BA;BR-030;249,000;248,000;1,000;09/06/2022;-14,2864945;-43,7849555;;57,500
BA;BR-030;248,000;247,000;1,000;09/06/2022;-14,2864945;-43,7849555;;50,000
BA;BR-030;247,000;246,000;1,000;09/06/2022;-14,2864945;-43,7849555;;57,500
BA;BR-030;246,000;245,000;1,000;09/06/2022;-14,2864945;-43,7849555;;57,500
BA;BR-030;245,000;244,000;1,000;09/06/2022;-14,2864945;-43,7849555;;57,500
BA;BR-030;244,000;243,000;1,000;09/06/2022;-14,2864945;-43,7849555;;57,500
BA;BR-030;243,000;242,000;1,000;09/06/2022;-14,2864945;-43,7849555;;53,750
BA;BR-030;242,000;241,000;1,000;09/06/2022;-14,2864945;-43,7849555;;46,250
BA;BR-030;241,000;240,000;1,000;09/06/2022;-14,2864945;-43,7849555;;53,750
BA;BR-030;240,000;239,000;1,000;09/06/2022;-14,2864945;-43,7849555;;42,500
BA;BR-030;239,000;238,000;1,000;09/06/2022;-14,2864945;-43,7849555;;53,750
BA;BR-030;238,400;237,000;1,400;09/06/2022;-14,2305797;-44,153521;;55,000
BA;BR-030;237,000;236,000;1,000;09/06/2022;-14,2305797;-44,153521;;67,500
BA;BR-030;236,000;235,000;1,000;09/06/2022;-14,2305797;-44,153521;;57,500
BA;BR-030;235,000;234,000;1,000;09/06/2022;-14,2305797;-44,153521;;35,000
BA;BR-030;234,000;233,000;1,000;09/06/2022;-14,2305797;-44,153521;;40,000
BA;BR-030;233,000;232,000;1,000;09/06/2022;-14,2305797;-44,153521;;27,500
BA;BR-030;232,000;231,000;1,000;09/06/2022;-14,2305797;-44,153521;;35,000
BA;BR-030;231,000;230,000;1,000;09/06/2022;-14,2305797;-44,153521;;35,000
BA;BR-030;230,000;229,000;1,000;09/06/2022;-14,2305797;-44,153521;;35,000
BA;BR-030;229,000;228,000;1,000;09/06/2022;-14,2305797;-44,153521;;46,250
BA;BR-030;228,000;227,000;1,000;09/06/2022;-14,2305797;-44,153521;;27,500
BA;BR-030;227,000;226,000;1,000;09/06/2022;-14,2305797;-44,153521;;50,000
BA;BR-030;226,000;225,000;1,000;09/06/2022;-14,2305797;-44,153521;;42,500
BA;BR-030;225,000;224,000;1,000;09/06/2022;-14,2305797;-44,153521;;42,500
BA;BR-030;224,000;223,000;1,000;09/06/2022;-14,2246408;-42,7779727;;55,000
BA;BR-030;223,000;222,000;1,000;09/06/2022;-14,2246408;-42,7779727;;42,500
BA;BR-030;222,000;221,000;1,000;09/06/2022;-14,2246408;-42,7779727;;50,000
BA;BR-030;221,000;220,000;1,000;09/06/2022;-14,2246408;-42,7779727;;62,500
BA;BR-030;220,000;219,000;1,000;09/06/2022;-14,2246408;-42,7779727;;27,500
BA;BR-030;219,000;218,000;1,000;09/06/2022;-14,2246408;-42,7779727;;42,500
BA;BR-030;218,000;217,000;1,000;09/06/2022;-14,2246408;-42,7779727;;53,750
BA;BR-030;217,000;216,000;1,000;09/06/2022;-14,2246408;-42,7779727;;42,500
BA;BR-030;216,000;215,000;1,000;09/06/2022;-14,2246408;-42,7779727;;70,000
BA;BR-030;215,000;214,000;1,000;09/06/2022;-14,2246408;-42,7779727;;66,250
BA;BR-030;214,000;213,000;1,000;09/06/2022;-14,2246408;-42,7779727;;82,500
BA;BR-030;213,000;212,000;1,000;09/06/2022;-14,2246408;-42,7779727;;90,000
BA;BR-030;212,000;211,000;1,000;09/06/2022;-14,2246408;-42,7779727;;90,000
BA;BR-030;211,000;210,000;1,000;09/06/2022;-14,452976;-42,7769833;;90,000
BA;BR-030;210,000;209,000;1,000;09/06/2022;-14,452976;-42,7769833;;82,500
BA;BR-030;209,000;208,000;1,000;09/06/2022;-14,452976;-42,7769833;;72,500
BA;BR-030;208,000;207,000;1,000;09/06/2022;-14,452976;-42,7769833;;75,000
BA;BR-030;207,000;206,000;1,000;09/06/2022;-14,452976;-42,7769833;;90,000
BA;BR-030;206,000;205,000;1,000;09/06/2022;-14,452976;-42,7769833;;76,250
BA;BR-030;205,000;204,000;1,000;09/06/2022;-14,452976;-42,7769833;;68,750
BA;BR-030;204,000;203,000;1,000;09/06/2022;-14,452976;-42,7769833;;75,000
BA;BR-030;203,000;202,000;1,000;09/06/2022;-14,452976;-42,7769833;;73,750
BA;BR-030;202,000;201,000;1,000;09/06/2022;-14,452976;-42,7769833;;71,250
BA;BR-030;201,000;200,000;1,000;09/06/2022;-14,452976;-42,7769833;;72,500
BA;BR-030;200,000;199,000;1,000;09/06/2022;-14,452976;-42,7769833;;80,000
BA;BR-030;199,000;198,000;1,000;09/06/2022;-14,452976;-42,7769833;;77,500
BA;BR-030;198,000;197,000;1,000;09/06/2022;-14,452976;-42,7769833;;61,250
BA;BR-030;197,000;196,000;1,000;09/06/2022;-14,452976;-42,7769833;;70,000
BA;BR-030;196,000;195,000;1,000;09/06/2022;-14,452976;-42,7769833;;50,000
BA;BR-030;195,000;194,000;1,000;09/06/2022;-14,452976;-42,7769833;;50,000
BA;BR-030;194,000;193,000;1,000;09/06/2022;-14,452976;-42,7769833;;58,750
BA;BR-030;193,000;192,000;1,000;09/06/2022;-14,452976;-42,7769833;;63,750
BA;BR-030;192,000;191,000;1,000;09/06/2022;-14,452976;-42,7769833;;40,000
PR;BR-158;229,500;230,000;0,500;13/06/2022;-24,0801343;-52,3669704;;38,750
PR;BR-158;230,000;231,000;1,000;13/06/2022;-24,0944927;-52,3838301;;58,750
PR;BR-158;231,000;232,000;1,000;13/06/2022;-24,1022822;-52,3883758;;52,500
PR;BR-158;232,000;233,000;1,000;13/06/2022;-24,1105998;-52,3914448;;45,000
PR;BR-158;233,000;234,000;1,000;13/06/2022;-24,1172207;-52,3986283;;46,250
PR;BR-158;234,000;235,000;1,000;13/06/2022;-24,1254001;-52,4051252;;46,250
PR;BR-158;235,000;236,000;1,000;13/06/2022;-24,138862;-52,4152285;;53,750
PR;BR-158;236,000;237,000;1,000;13/06/2022;-24,138862;-52,4152285;;52,500
PR;BR-158;237,000;238,000;1,000;13/06/2022;-24,1572069;-52,4164782;;72,500
PR;BR-158;238,000;239,000;1,000;13/06/2022;-24,1572069;-52,4164782;;50,000
PR;BR-158;239,000;240,000;1,000;13/06/2022;-24,1677207;-52,4152981;;51,250
PR;BR-158;240,000;241,000;1,000;13/06/2022;-24,1742238;-52,4142276;;50,000
PR;BR-158;241,000;242,000;1,000;13/06/2022;-24,1840911;-52,4127949;;37,500
PR;BR-158;242,000;243,000;1,000;13/06/2022;-24,1921901;-52,4114976;;42,500
PR;BR-158;243,000;244,000;1,000;13/06/2022;-24,2010184;-52,4096744;;45,000
PR;BR-158;244,000;245,000;1,000;13/06/2022;-24,2101976;-52,4084558;;50,000
PR;BR-158;245,000;246,000;1,000;13/06/2022;-24,2181385;-52,4065772;;42,500
PR;BR-158;246,000;247,000;1,000;13/06/2022;-24,2259394;-52,4038368;;35,000
PR;BR-158;247,000;248,000;1,000;13/06/2022;-24,2353059;-52,4017526;;30,000
PR;BR-158;248,000;249,000;1,000;13/06/2022;-24,2528512;-52,3972738;;30,000
PR;BR-158;249,000;250,000;1,000;13/06/2022;-24,2528512;-52,3972738;;45,000
PR;BR-158;250,000;251,000;1,000;13/06/2022;-24,2633712;-52,3975202;;85,000
PR;BR-158;251,000;252,000;1,000;13/06/2022;-24,2633712;-52,3975202;;12,500
PR;BR-158;252,000;253,000;1,000;13/06/2022;-24,2787599;-52,39725;;42,500
PR;BR-158;253,000;254,000;1,000;13/06/2022;-24,287268;-52,3943128;;42,500
PR;BR-158;254,000;255,000;1,000;13/06/2022;-24,2943473;-52,3900766;;35,000
PR;BR-158;255,000;256,000;1,000;13/06/2022;-24,3027709;-52,3929931;;50,000
PR;BR-158;256,000;257,000;1,000;13/06/2022;-24,314563;-52,3934672;;22,500
PR;BR-158;257,000;258,000;1,000;13/06/2022;-24,3285907;-52,3975333;;37,500
PR;BR-158;258,000;259,000;1,000;13/06/2022;-24,3285907;-52,3975333;;37,500
PR;BR-158;259,000;260,000;1,000;13/06/2022;-24,337956;-52,4026555;;37,500
PR;BR-158;260,000;261,000;1,000;13/06/2022;-24,3440823;-52,4067404;;37,500
PR;BR-158;261,000;262,000;1,000;13/06/2022;-24,3493999;-52,4131568;;45,000
PR;BR-158;262,000;263,000;1,000;13/06/2022;-24,3648535;-52,419455;;30,000
PR;BR-158;263,000;264,000;1,000;13/06/2022;-24,3648535;-52,419455;;35,000
PR;BR-158;264,000;265,000;1,000;13/06/2022;-24,3763345;-52,4196775;;22,500
PR;BR-158;265,000;266,000;1,000;13/06/2022;-24,3827137;-52,4160152;;22,500
PR;BR-158;266,000;267,000;1,000;13/06/2022;-24,3907713;-52,4092758;;22,500
PR;BR-158;267,000;268,000;1,000;13/06/2022;-24,3980949;-52,4039374;;12,500
PR;BR-158;268,000;269,000;1,000;13/06/2022;-24,4088092;-52,3967088;;22,500
PR;BR-158;269,000;270,000;1,000;13/06/2022;-24,4128005;-52,3938778;;35,000
PR;BR-158;270,000;271,000;1,000;13/06/2022;-24,4195768;-52,3895178;;22,500
PR;BR-158;271,000;272,000;1,000;13/06/2022;-24,4255799;-52,3859211;;22,500
PR;BR-158;272,000;273,000;1,000;13/06/2022;-24,4425206;-52,3722491;;22,500
PR;BR-158;273,000;274,000;1,000;13/06/2022;-24,4425206;-52,3722491;;22,500
PR;BR-158;274,000;275,000;1,000;13/06/2022;-24,4425206;-52,3722491;;40,000
PR;BR-158;275,000;276,000;1,000;13/06/2022;-24,4641889;-52,3560209;;27,500
PR;BR-158;276,000;277,000;1,000;13/06/2022;-24,4641889;-52,3560209;;22,500
PR;BR-158;277,000;278,000;1,000;13/06/2022;-24,4779785;-52,3430314;;17,500
PR;BR-158;278,000;279,000;1,000;13/06/2022;-24,4779785;-52,3430314;;40,000
PR;BR-158;279,000;280,000;1,000;13/06/2022;-24,4779785;-52,3430314;;27,500
PR;BR-158;280,000;281,000;1,000;13/06/2022;-24,4922137;-52,3314759;;27,500
PR;BR-158;281,000;282,000;1,000;13/06/2022;-24,4922137;-52,3314759;;43,750
PR;BR-158;282,000;283,000;1,000;13/06/2022;-24,5090413;-52,3191388;;27,500
PR;BR-158;283,000;284,000;1,000;13/06/2022;-24,5150026;-52,3046462;;40,000
PR;BR-158;284,000;285,000;1,000;13/06/2022;-24,5150026;-52,3046462;;27,500
PR;BR-158;285,000;286,000;1,000;13/06/2022;-24,5242267;-52,3034804;;27,500
PR;BR-158;286,000;287,000;1,000;13/06/2022;-24,5324258;-52,3008487;;40,000
PR;BR-158;287,000;288,000;1,000;13/06/2022;-24,5324258;-52,3008487;;52,500
PR;BR-158;288,000;289,000;1,000;13/06/2022;-24,5397908;-52,284992;;40,000
PR;BR-158;289,000;290,000;1,000;13/06/2022;-24,5476659;-52,2767239;;40,000
PR;BR-158;290,000;291,000;1,000;13/06/2022;-24,5542758;-52,2744062;;45,000
PR;BR-158;291,000;292,000;1,000;13/06/2022;-24,5616835;-52,2720331;;45,000
PR;BR-158;292,000;293,000;1,000;13/06/2022;-24,5698498;-52,276271;;50,000
PR;BR-158;293,000;294,000;1,000;13/06/2022;-24,5782226;-52,2795327;;50,000
PR;BR-158;294,000;295,000;1,000;13/06/2022;-24,5782226;-52,2795327;;50,000
AP;BR-210;106,200;107,000;0,800;14/06/2022;0,70486609;-51,4143744;;65,000
AP;BR-210;107,000;108,000;1,000;14/06/2022;0,70486609;-51,4143744;;66,250
AP;BR-210;108,000;109,000;1,000;14/06/2022;0,70486609;-51,4143744;;80,000
AP;BR-210;109,000;110,000;1,000;14/06/2022;0,69407548;-51,4361215;;80,000
AP;BR-210;110,000;111,000;1,000;14/06/2022;0,69407548;-51,4361215;;80,000
AP;BR-210;111,000;112,000;1,000;14/06/2022;0,69407548;-51,4361215;;77,500
AP;BR-210;112,000;113,000;1,000;14/06/2022;0,69407548;-51,4361215;;73,750
AP;BR-210;113,000;114,000;1,000;14/06/2022;0,68464436;-51,4705802;;76,250
AP;BR-210;114,000;115,000;1,000;14/06/2022;0,68464436;-51,4705802;;73,750
AP;BR-210;115,000;116,000;1,000;14/06/2022;0,68464436;-51,4705802;;73,750
AP;BR-210;116,000;117,000;1,000;14/06/2022;0,68464436;-51,4705802;;73,750
AP;BR-210;117,000;118,000;1,000;14/06/2022;0,67733058;-51,5070779;;73,750
AP;BR-210;118,000;119,000;1,000;14/06/2022;0,67733058;-51,5070779;;73,750
AP;BR-210;119,000;120,000;1,000;14/06/2022;0,67733058;-51,5070779;;73,750
AP;BR-210;120,000;121,000;1,000;14/06/2022;0,67733058;-51,5070779;;76,250
AP;BR-210;121,000;122,000;1,000;14/06/2022;0,67733058;-51,5070779;;68,750
AP;BR-210;122,000;123,000;1,000;14/06/2022;0,67170293;-51,5514378;;76,250
AP;BR-210;123,000;124,000;1,000;14/06/2022;0,67170293;-51,5514378;;76,250
AP;BR-210;124,000;125,000;1,000;14/06/2022;0,67170293;-51,5514378;;77,500
AP;BR-210;125,000;126,000;1,000;14/06/2022;0,67170293;-51,5514378;;76,250
AP;BR-210;126,000;127,000;1,000;14/06/2022;0,66012637;-51,5931848;;66,250
AP;BR-210;127,000;128,000;1,000;14/06/2022;0,66012637;-51,5931848;;56,250
AP;BR-210;128,000;129,000;1,000;14/06/2022;0,66012637;-51,5931848;;66,250
AP;BR-210;129,000;130,000;1,000;14/06/2022;0,66012637;-51,5931848;;73,750
AP;BR-210;130,000;131,000;1,000;14/06/2022;0,63554999;-51,6150675;;66,250
AP;BR-210;131,000;132,000;1,000;14/06/2022;0,63554999;-51,6150675;;73,750
AP;BR-210;132,000;133,000;1,000;14/06/2022;0,63554999;-51,6150675;;76,250
AP;BR-210;133,000;134,000;1,000;14/06/2022;0,62742674;-51,6380393;;76,250
AP;BR-210;134,000;135,000;1,000;14/06/2022;0,62742674;-51,6380393;;68,750
AP;BR-210;135,000;136,000;1,000;14/06/2022;0,62742674;-51,6380393;;76,250
AP;BR-210;136,000;137,000;1,000;14/06/2022;0,62917624;-51,6675657;;66,250
AP;BR-210;137,000;138,000;1,000;14/06/2022;0,62917624;-51,6675657;;68,750
AP;BR-210;138,000;139,000;1,000;14/06/2022;0,6203907;-51,6923437;;61,250
AP;BR-210;139,000;140,000;1,000;14/06/2022;0,6203907;-51,6923437;;56,250
AP;BR-210;140,000;141,000;1,000;14/06/2022;0,6203907;-51,6923437;;63,750
AP;BR-210;141,000;142,000;1,000;14/06/2022;0,6203907;-51,6923437;;68,750
AP;BR-210;142,000;143,000;1,000;14/06/2022;0,6203907;-51,6923437;;68,750
AP;BR-210;143,000;144,000;1,000;14/06/2022;0,60047605;-51,7240061;;72,500
AP;BR-210;144,000;145,000;1,000;14/06/2022;0,60047605;-51,7240061;;72,500
AP;BR-210;145,000;146,000;1,000;14/06/2022;0,60047605;-51,7240061;;72,500
AP;BR-210;146,000;147,000;1,000;14/06/2022;0,60047605;-51,7240061;;72,500
AP;BR-210;147,000;148,000;1,000;14/06/2022;0,60047605;-51,7240061;;70,000
AP;BR-210;148,000;149,000;1,000;14/06/2022;0,61404657;-51,7705576;;68,750
AP;BR-210;149,000;150,000;1,000;14/06/2022;0,61944704;-51,7769561;;76,250
AP;BR-210;150,000;151,000;1,000;14/06/2022;0,61944704;-51,7769561;;73,750
AP;BR-210;151,000;152,000;1,000;14/06/2022;0,61944704;-51,7769561;;76,250
AP;BR-210;152,000;153,000;1,000;14/06/2022;0,63660033;-51,8017933;;68,750
AP;BR-210;153,000;154,000;1,000;14/06/2022;0,64205808;-51,8134691;;68,750
AP;BR-210;154,000;155,000;1,000;14/06/2022;0,64205808;-51,8134691;;73,750
AP;BR-210;155,000;156,000;1,000;14/06/2022;0,64205808;-51,8134691;;68,750
AP;BR-210;156,000;157,000;1,000;14/06/2022;0,64644406;-51,8447425;;63,750
AP;BR-210;157,000;158,000;1,000;14/06/2022;0,64644406;-51,8447425;;66,250
AP;BR-210;158,000;159,000;1,000;14/06/2022;0,64644406;-51,8447425;;63,750
AP;BR-210;159,000;160,000;1,000;14/06/2022;0,64644406;-51,8447425;;75,000
AP;BR-210;160,000;161,000;1,000;14/06/2022;0,64644406;-51,8447425;;77,500
AP;BR-210;161,000;162,000;1,000;14/06/2022;0,67639899;-51,8738212;;80,000
AP;BR-210;162,000;163,000;1,000;14/06/2022;0,67639899;-51,8738212;;56,250
AP;BR-210;163,000;164,000;1,000;14/06/2022;0,67639899;-51,8738212;;58,750
AP;BR-210;164,000;165,000;1,000;14/06/2022;0,69744009;-51,8903129;;66,250
AP;BR-210;165,000;166,000;1,000;14/06/2022;0,69744009;-51,8903129;;73,750
AP;BR-210;166,000;167,000;1,000;14/06/2022;0,69744009;-51,8903129;;58,750
AP;BR-210;167,000;168,000;1,000;14/06/2022;0,69744009;-51,8903129;;73,750
AP;BR-210;168,000;169,000;1,000;14/06/2022;0,69744009;-51,8903129;;51,250
AP;BR-210;169,000;170,000;1,000;14/06/2022;0,73240879;-51,9128611;;58,750
AP;BR-210;170,000;171,000;1,000;14/06/2022;0,73240879;-51,9128611;;67,500
AP;BR-210;171,000;172,000;1,000;14/06/2022;0,73240879;-51,9128611;;67,500
AP;BR-210;172,000;173,000;1,000;14/06/2022;0,73240879;-51,9128611;;73,750
AP;BR-210;173,000;174,000;1,000;14/06/2022;0,73240879;-51,9128611;;66,250
AP;BR-210;174,000;175,000;1,000;14/06/2022;0,7708197;-51,9517765;;68,750
AP;BR-210;175,000;176,000;1,000;14/06/2022;0,7708197;-51,9517765;;76,250
AP;BR-210;176,000;177,000;1,000;14/06/2022;0,78060367;-51,9638019;;76,250
AP;BR-210;177,000;178,000;1,000;14/06/2022;0,79173831;-51,9695749;;68,750
AP;BR-210;178,000;179,000;1,000;14/06/2022;0,80279323;-51,9740121;;66,250
AP;BR-210;179,000;180,000;1,000;14/06/2022;0,80279323;-51,9740121;;66,250
AP;BR-210;180,000;181,000;1,000;14/06/2022;0,81039373;-51,9816685;;63,750
AP;BR-210;181,000;182,000;1,000;14/06/2022;0,81039373;-51,9816685;;63,750
AP;BR-210;182,000;183,000;1,000;14/06/2022;0,81039373;-51,9816685;;68,750
AP;BR-210;183,000;184,000;1,000;14/06/2022;0,82400376;-51,9865906;;66,250
AP;BR-210;184,000;185,000;1,000;14/06/2022;0,82400376;-51,9865906;;66,250
AP;BR-210;185,000;186,000;1,000;14/06/2022;0,83031988;-51,9959285;;68,750
AP;BR-210;186,000;187,000;1,000;14/06/2022;0,83031988;-51,9959285;;70,000
AP;BR-210;187,000;188,000;1,000;14/06/2022;0,83031988;-51,9959285;;70,000
AP;BR-210;188,000;189,000;1,000;14/06/2022;0,83031988;-51,9959285;;85,000
AP;BR-210;189,000;190,000;1,000;14/06/2022;0,84482438;-52,0116396;;76,250
AP;BR-210;190,000;191,000;1,000;14/06/2022;0,84527849;-52,0132717;;80,000
AP;BR-210;191,000;192,000;1,000;14/06/2022;0,84527849;-52,0132717;;80,000
AP;BR-210;192,000;193,000;1,000;14/06/2022;0,84527849;-52,0132717;;80,000
AP;BR-210;193,000;194,000;1,000;14/06/2022;0,84527849;-52,0132717;;57,500
AP;BR-210;194,000;195,000;1,000;14/06/2022;0,85525861;-52,0250007;;67,500
AP;BR-210;195,000;196,000;1,000;14/06/2022;0,85525861;-52,0250007;;72,500
AP;BR-210;196,000;197,000;1,000;14/06/2022;0,86019222;-52,0362349;;68,750
AP;BR-210;197,000;198,000;1,000;14/06/2022;0,86019222;-52,0362349;;68,750
AP;BR-210;198,000;199,000;1,000;14/06/2022;0,88091132;-52,0612971;;68,750
AP;BR-210;199,000;200,000;1,000;14/06/2022;0,88091132;-52,0612971;;68,750
AP;BR-210;200,000;201,000;1,000;14/06/2022;0,88091132;-52,0612971;;72,500
AP;BR-210;201,000;202,000;1,000;14/06/2022;0,88091132;-52,0612971;;76,250
AP;BR-210;202,000;203,000;1,000;14/06/2022;0,89537607;-52,0869258;;68,750
AP;BR-210;203,000;204,000;1,000;14/06/2022;0,89537607;-52,0869258;;58,750
AP;BR-210;204,000;205,000;1,000;14/06/2022;0,89537607;-52,0869258;;68,750
AP;BR-210;205,000;206,000;1,000;14/06/2022;0,89537607;-52,0869258;;61,250
AP;BR-210;206,000;207,000;1,000;14/06/2022;0,89537607;-52,0869258;;61,250
AP;BR-210;207,000;208,000;1,000;14/06/2022;0,89537607;-52,0869258;;61,250
AP;BR-210;208,000;209,000;1,000;14/06/2022;0,91915181;-52,1269597;;60,000
AP;BR-210;209,000;210,000;1,000;14/06/2022;0,91915181;-52,1269597;;67,500
AP;BR-210;210,000;211,000;1,000;14/06/2022;0,91915181;-52,1269597;;67,500
AP;BR-210;211,000;212,000;1,000;14/06/2022;0,91915181;-52,1269597;;67,500
AP;BR-210;212,000;213,000;1,000;14/06/2022;0,92912972;-52,1629902;;75,000
AP;BR-210;213,000;214,000;1,000;14/06/2022;0,92912972;-52,1629902;;60,000
AP;BR-210;214,000;215,000;1,000;14/06/2022;0,92912972;-52,1629902;;60,000
AP;BR-210;215,000;216,000;1,000;14/06/2022;0,92912972;-52,1629902;;61,250
AP;BR-210;216,000;217,000;1,000;14/06/2022;0,94754932;-52,1868709;;61,250
AP;BR-210;217,000;218,000;1,000;14/06/2022;0,94754932;-52,1868709;;61,250
AP;BR-210;218,000;219,000;1,000;14/06/2022;0,94754932;-52,1868709;;75,000
AP;BR-210;219,000;220,000;1,000;14/06/2022;0,97259127;-52,1745522;;67,500
AP;BR-210;220,000;221,000;1,000;14/06/2022;0,97259127;-52,1745522;;60,000
AP;BR-210;221,000;222,000;1,000;14/06/2022;0,97259127;-52,1745522;;68,750
AP;BR-210;222,000;223,000;1,000;14/06/2022;0,97259127;-52,1745522;;61,250
AP;BR-210;223,000;224,000;1,000;14/06/2022;0,97259127;-52,1745522;;68,750
AP;BR-210;224,000;225,000;1,000;14/06/2022;0,97259127;-52,1745522;;68,750
AP;BR-210;225,000;226,000;1,000;14/06/2022;0,97259127;-52,1745522;;61,250
AP;BR-210;226,000;227,000;1,000;14/06/2022;0,97259127;-52,1745522;;61,250
AP;BR-210;227,000;228,000;1,000;14/06/2022;0,97259127;-52,1745522;;61,250
AP;BR-210;228,000;229,000;1,000;14/06/2022;1,01453929;-52,2418568;;61,250
AP;BR-210;229,000;230,000;1,000;14/06/2022;1,01453929;-52,2418568;;61,250
AP;BR-210;230,000;231,000;1,000;14/06/2022;1,01453929;-52,2418568;;68,750
AP;BR-210;231,000;232,000;1,000;14/06/2022;1,02324013;-52,2702365;;71,250
AP;BR-210;232,000;233,000;1,000;14/06/2022;1,02672523;-52,2722054;;63,750
AP;BR-210;233,000;234,000;1,000;14/06/2022;1,02672523;-52,2722054;;60,000
AP;BR-210;234,000;235,000;1,000;14/06/2022;1,02672523;-52,2722054;;60,000
AP;BR-210;235,000;236,000;1,000;14/06/2022;1,05190893;-52,2991203;;75,000
AP;BR-210;236,000;237,000;1,000;14/06/2022;1,05195804;-52,2991658;;78,750
AP;BR-210;237,000;238,000;1,000;14/06/2022;1,05398286;-52,3059108;;60,000
AP;BR-210;238,000;239,000;1,000;14/06/2022;1,05398286;-52,3059108;;60,000
AP;BR-210;239,000;240,000;1,000;14/06/2022;1,05398286;-52,3059108;;60,000
AP;BR-210;240,000;241,000;1,000;14/06/2022;1,05398286;-52,3059108;;67,500
AP;BR-210;241,000;242,000;1,000;14/06/2022;1,05398286;-52,3059108;;60,000
AP;BR-210;242,000;243,000;1,000;14/06/2022;1,07869561;-52,3377221;;60,000
AP;BR-210;243,000;244,000;1,000;14/06/2022;1,07869561;-52,3377221;;75,000
AP;BR-210;244,000;245,000;1,000;14/06/2022;1,07869561;-52,3377221;;60,000
AP;BR-210;245,000;246,000;1,000;14/06/2022;1,07869561;-52,3377221;;60,000
AP;BR-210;246,000;247,000;1,000;14/06/2022;1,07869561;-52,3377221;;60,000
AP;BR-210;247,000;248,000;1,000;14/06/2022;1,07869561;-52,3377221;;57,500
AP;BR-210;248,000;249,000;1,000;14/06/2022;1,07869561;-52,3377221;;57,500
AP;BR-210;249,000;250,000;1,000;14/06/2022;1,07869561;-52,3377221;;57,500
AP;BR-210;250,000;251,000;1,000;14/06/2022;1,07869561;-52,3377221;;57,500
AP;BR-210;251,000;252,000;1,000;14/06/2022;1,07869561;-52,3377221;;57,500
AP;BR-210;252,000;253,000;1,000;14/06/2022;1,1039222;-52,424878;;57,500
AP;BR-210;253,000;254,000;1,000;14/06/2022;1,1039222;-52,424878;;57,500
AP;BR-210;254,000;255,000;1,000;14/06/2022;1,1039222;-52,424878;;65,000
AP;BR-210;255,000;256,000;1,000;14/06/2022;1,1039222;-52,424878;;65,000
AP;BR-210;256,000;257,000;1,000;14/06/2022;1,0967631;-52,4574711;;65,000
AP;BR-210;257,000;258,000;1,000;14/06/2022;1,0967631;-52,4574711;;72,500
AP;BR-210;258,000;259,000;1,000;14/06/2022;1,0967631;-52,4574711;;72,500
AP;BR-210;259,000;260,000;1,000;14/06/2022;1,0967631;-52,4574711;;65,000
AP;BR-210;260,000;261,000;1,000;14/06/2022;1,07020982;-52,4874202;;65,000
AP;BR-210;261,000;262,000;1,000;14/06/2022;1,07020982;-52,4874202;;57,500
AM;BR-319;513,800;512,000;1,800;14/06/2022;-6,56369873;-62,9460277;;25,000
AM;BR-319;512,000;511,000;1,000;14/06/2022;-6,56369873;-62,9460277;;52,500
AM;BR-319;511,000;510,000;1,000;14/06/2022;-6,56369873;-62,9460277;;63,750
AM;BR-319;510,000;509,000;1,000;14/06/2022;-6,56369873;-62,9460277;;65,000
AM;BR-319;509,000;508,000;1,000;14/06/2022;-6,56369873;-62,9460277;;65,000
AM;BR-319;508,000;507,000;1,000;14/06/2022;-6,56369873;-62,9460277;;77,500
AM;BR-319;507,000;506,000;1,000;14/06/2022;-6,56369873;-62,9460277;;81,250
AM;BR-319;506,000;505,000;1,000;14/06/2022;-6,56369873;-62,9460277;;80,000
AM;BR-319;505,000;504,000;1,000;14/06/2022;-6,56369873;-62,9460277;;76,250
AM;BR-319;504,000;503,000;1,000;14/06/2022;-6,56369873;-62,9460277;;73,750
AM;BR-319;503,000;502,000;1,000;14/06/2022;-6,56369873;-62,9460277;;77,500
AM;BR-319;502,000;501,000;1,000;14/06/2022;-7,5190322;-63,0368472;;73,750
AM;BR-319;501,000;500,000;1,000;14/06/2022;-7,5190322;-63,0368472;;65,000
AM;BR-319;500,000;499,000;1,000;14/06/2022;-7,5190322;-63,0368472;;32,500
AM;BR-319;499,000;498,000;1,000;14/06/2022;-7,5190322;-63,0368472;;62,500
AM;BR-319;498,000;497,000;1,000;14/06/2022;-7,5190322;-63,0368472;;77,500
AM;BR-319;497,000;496,000;1,000;14/06/2022;-7,5190322;-63,0368472;;67,500
AM;BR-319;496,000;495,000;1,000;14/06/2022;-7,5190322;-63,0368472;;60,000
AM;BR-319;495,000;494,000;1,000;14/06/2022;-7,5190322;-63,0368472;;71,250
AM;BR-319;494,000;493,000;1,000;14/06/2022;-7,5190322;-63,0368472;;75,000
AM;BR-319;493,000;492,000;1,000;14/06/2022;-7,5190322;-63,0368472;;90,000
AM;BR-319;492,000;491,000;1,000;14/06/2022;-7,5190322;-63,0368472;;80,000
AM;BR-319;491,000;490,000;1,000;14/06/2022;-7,5190322;-63,0368472;;71,250
AM;BR-319;490,000;489,000;1,000;14/06/2022;-7,5190322;-63,0368472;;80,000
AM;BR-319;489,000;488,000;1,000;14/06/2022;-7,5190322;-63,0368472;;75,000
AM;BR-319;488,000;487,000;1,000;14/06/2022;-7,5190322;-63,0368472;;60,000
AM;BR-319;487,000;486,000;1,000;14/06/2022;-7,5190322;-63,0368472;;73,750
AM;BR-319;486,000;485,000;1,000;14/06/2022;-7,5190322;-63,0368472;;77,500
AM;BR-319;485,000;484,000;1,000;14/06/2022;-7,5190322;-63,0368472;;80,000
AM;BR-319;484,000;483,000;1,000;14/06/2022;-7,5190322;-63,0368472;;75,000
AM;BR-319;483,000;482,000;1,000;14/06/2022;-7,5190322;-63,0368472;;80,000
AM;BR-319;482,000;481,000;1,000;14/06/2022;-7,5190322;-63,0368472;;87,500
AM;BR-319;481,000;480,000;1,000;14/06/2022;-7,5190322;-63,0368472;;77,500
AM;BR-319;480,000;479,000;1,000;14/06/2022;-7,5190322;-63,0368472;;80,000
AM;BR-319;479,000;478,000;1,000;14/06/2022;-7,5190322;-63,0368472;;80,000
AM;BR-319;478,000;477,000;1,000;14/06/2022;-7,5190322;-63,0368472;;80,000
AM;BR-319;477,000;476,000;1,000;14/06/2022;-7,5190322;-63,0368472;;70,000
AM;BR-319;476,000;475,000;1,000;14/06/2022;-7,5190322;-63,0368472;;78,750
AM;BR-319;475,000;474,000;1,000;14/06/2022;-7,5190322;-63,0368472;;78,750
AM;BR-319;474,000;473,000;1,000;14/06/2022;-7,5190322;-63,0368472;;78,750
AM;BR-319;473,000;472,000;1,000;14/06/2022;-7,5190322;-63,0368472;;80,000
AM;BR-319;472,000;471,000;1,000;14/06/2022;-6,0965249;-62,5668464;;77,500
AM;BR-319;471,000;470,000;1,000;14/06/2022;-6,0965249;-62,5668464;;85,000
AM;BR-319;470,000;469,000;1,000;14/06/2022;-6,0965249;-62,5668464;;85,000
AM;BR-319;469,000;468,000;1,000;14/06/2022;-6,0965249;-62,5668464;;85,000
AM;BR-319;468,000;467,000;1,000;14/06/2022;-6,0965249;-62,5668464;;78,750
AM;BR-319;467,000;466,000;1,000;14/06/2022;-6,0965249;-62,5668464;;78,750
AM;BR-319;466,000;465,000;1,000;14/06/2022;-6,0965249;-62,5668464;;75,000
AM;BR-319;465,000;464,000;1,000;14/06/2022;-6,0965249;-62,5668464;;80,000
AM;BR-319;464,000;463,000;1,000;14/06/2022;-6,0965249;-62,5668464;;60,000
AM;BR-319;463,000;462,000;1,000;14/06/2022;-6,0965249;-62,5668464;;86,250
AM;BR-319;462,000;461,000;1,000;14/06/2022;-6,0965249;-62,5668464;;87,500
AM;BR-319;461,000;460,000;1,000;14/06/2022;-6,0965249;-62,5668464;;73,750
AM;BR-319;460,000;459,000;1,000;14/06/2022;-6,0965249;-62,5668464;;77,500
AM;BR-319;459,000;458,000;1,000;14/06/2022;-6,0965249;-62,5668464;;72,500
AM;BR-319;458,000;457,000;1,000;14/06/2022;-6,0965249;-62,5668464;;86,250
AM;BR-319;457,000;456,000;1,000;14/06/2022;-6,0965249;-62,5668464;;58,750
AM;BR-319;456,000;455,000;1,000;14/06/2022;-6,0965249;-62,5668464;;81,250
AM;BR-319;455,000;454,000;1,000;14/06/2022;-7,5190322;-63,0368472;;77,500
AM;BR-319;454,000;453,000;1,000;14/06/2022;-7,5190322;-63,0368472;;82,500
AM;BR-319;453,000;452,000;1,000;14/06/2022;-7,5190322;-63,0368472;;75,000
AM;BR-319;452,000;451,000;1,000;14/06/2022;-7,5190322;-63,0368472;;82,500
AM;BR-319;451,000;450,000;1,000;14/06/2022;-7,5190322;-63,0368472;;80,000
AM;BR-319;450,000;449,000;1,000;14/06/2022;-7,5190322;-63,0368472;;80,000
AM;BR-319;449,000;448,000;1,000;14/06/2022;-7,5190322;-63,0368472;;75,000
AM;BR-319;448,000;447,000;1,000;14/06/2022;-7,5190322;-63,0368472;;80,000
AM;BR-319;447,000;446,000;1,000;14/06/2022;-7,5190322;-63,0368472;;67,500
AM;BR-319;446,000;445,000;1,000;14/06/2022;-7,5190322;-63,0368472;;71,250
AM;BR-319;445,000;444,000;1,000;14/06/2022;-7,5190322;-63,0368472;;80,000
AM;BR-319;444,000;443,000;1,000;14/06/2022;-7,5190322;-63,0368472;;82,500
AM;BR-319;443,000;442,000;1,000;14/06/2022;-7,5190322;-63,0368472;;87,500
AM;BR-319;442,000;441,000;1,000;14/06/2022;-7,5190322;-63,0368472;;75,000
AM;BR-319;441,000;440,000;1,000;14/06/2022;-7,5190322;-63,0368472;;72,500
AM;BR-319;440,000;439,000;1,000;14/06/2022;-7,5190322;-63,0368472;;72,500
AM;BR-319;439,000;438,000;1,000;14/06/2022;-7,5190322;-63,0368472;;72,500
AM;BR-319;438,000;437,000;1,000;14/06/2022;-7,5190322;-63,0368472;;82,500
AM;BR-319;437,000;436,000;1,000;14/06/2022;-7,5190322;-63,0368472;;80,000
AM;BR-319;436,000;435,000;1,000;14/06/2022;-7,5190322;-63,0368472;;72,500
AM;BR-319;435,000;434,000;1,000;14/06/2022;-7,5190322;-63,0368472;;80,000
AM;BR-319;434,000;433,100;0,900;14/06/2022;-7,5190322;-63,0368472;;57,500
AM;BR-319;589,400;590,000;0,600;15/06/2022;-6,9762198;-63,0960399;;45,000
AM;BR-319;590,000;591,000;1,000;15/06/2022;-6,9762198;-63,0960399;;65,000
AM;BR-319;591,000;592,000;1,000;15/06/2022;-6,9917024;-63,1000908;;27,500
AM;BR-319;592,000;593,000;1,000;15/06/2022;-7,0046677;-63,1005516;;57,500
AM;BR-319;593,000;594,000;1,000;15/06/2022;-7,0046677;-63,1005516;;52,500
AM;BR-319;594,000;595,000;1,000;15/06/2022;-7,0046677;-63,1005516;;47,500
AM;BR-319;595,000;596,000;1,000;15/06/2022;-7,0046677;-63,1005516;;53,750
AM;BR-319;596,000;597,000;1,000;15/06/2022;-7,0046677;-63,1005516;;60,000
AM;BR-319;597,000;598,000;1,000;15/06/2022;-7,0046677;-63,1005516;;75,000
AM;BR-319;598,000;599,000;1,000;15/06/2022;-7,0046677;-63,1005516;;75,000
AM;BR-319;599,000;600,000;1,000;15/06/2022;-7,0046677;-63,1005516;;80,000
AM;BR-319;600,000;601,000;1,000;15/06/2022;-7,5191742;-63,037018;;80,000
AM;BR-319;601,000;602,000;1,000;15/06/2022;-7,5191742;-63,037018;;75,000
AM;BR-319;602,000;603,000;1,000;15/06/2022;-7,5191742;-63,037018;;80,000
AM;BR-319;603,000;604,000;1,000;15/06/2022;-7,5191742;-63,037018;;75,000
AM;BR-319;604,000;605,000;1,000;15/06/2022;-7,5191742;-63,037018;;72,500
AM;BR-319;605,000;606,000;1,000;15/06/2022;-7,5191742;-63,037018;;47,500
AM;BR-319;606,000;607,000;1,000;15/06/2022;-7,5191742;-63,037018;;65,000
AM;BR-319;607,000;608,000;1,000;15/06/2022;-7,5191742;-63,037018;;60,000
AM;BR-319;608,000;609,000;1,000;15/06/2022;-7,5191742;-63,037018;;87,500
AM;BR-319;609,000;610,000;1,000;15/06/2022;-7,5191742;-63,037018;;75,000
AM;BR-319;610,000;611,000;1,000;15/06/2022;-7,5191742;-63,037018;;82,500
AM;BR-319;611,000;612,000;1,000;15/06/2022;-7,5191742;-63,037018;;75,000
AM;BR-319;612,000;613,000;1,000;15/06/2022;-7,5191742;-63,037018;;67,500
AM;BR-319;613,000;614,000;1,000;15/06/2022;-7,5191742;-63,037018;;78,750
AM;BR-319;614,000;615,000;1,000;15/06/2022;-7,5191742;-63,037018;;82,500
AM;BR-319;615,000;616,000;1,000;15/06/2022;-7,5191742;-63,037018;;75,000
AM;BR-319;616,000;617,000;1,000;15/06/2022;-7,5191742;-63,037018;;75,000
AM;BR-319;617,000;618,000;1,000;15/06/2022;-7,5191742;-63,037018;;75,000
AM;BR-319;618,000;619,000;1,000;15/06/2022;-7,5191742;-63,037018;;80,000
AM;BR-319;619,000;620,000;1,000;15/06/2022;-7,5191742;-63,037018;;78,750
AM;BR-319;620,000;621,000;1,000;15/06/2022;-7,5191742;-63,037018;;75,000
AM;BR-319;621,000;622,000;1,000;15/06/2022;-7,5191742;-63,037018;;68,750
AM;BR-319;622,000;623,000;1,000;15/06/2022;-7,5191742;-63,037018;;45,000
AM;BR-319;623,000;624,000;1,000;15/06/2022;-6,30388178;-62,7586312;;45,000
AM;BR-319;624,000;625,000;1,000;15/06/2022;-6,30388178;-62,7586312;;50,000
AM;BR-319;625,000;626,000;1,000;15/06/2022;-6,30388178;-62,7586312;;46,250
AM;BR-319;626,000;627,000;1,000;15/06/2022;-6,30388178;-62,7586312;;45,000
AM;BR-319;627,000;628,000;1,000;15/06/2022;-6,30388178;-62,7586312;;45,000
AM;BR-319;628,000;629,000;1,000;15/06/2022;-7,5190322;-63,0368472;;50,000
AM;BR-319;629,000;630,000;1,000;15/06/2022;-7,5190322;-63,0368472;;45,000
AM;BR-319;630,000;631,700;1,700;15/06/2022;-7,5190322;-63,0368472;;45,000
AM;BR-319;513,800;514,000;0,200;15/06/2022;-6,3040956;-62,7585666;;77,500
AM;BR-319;514,000;515,000;1,000;15/06/2022;-7,5190322;-63,0368472;;78,750
AM;BR-319;515,000;516,000;1,000;15/06/2022;-7,5190322;-63,0368472;;76,250
AM;BR-319;516,000;517,000;1,000;15/06/2022;-7,5190322;-63,0368472;;72,500
AM;BR-319;517,000;518,000;1,000;15/06/2022;-7,5190322;-63,0368472;;72,500
AM;BR-319;518,000;519,000;1,000;15/06/2022;-7,5190322;-63,0368472;;71,250
AM;BR-319;519,000;520,000;1,000;15/06/2022;-7,5190322;-63,0368472;;80,000
AM;BR-319;520,000;521,000;1,000;15/06/2022;-7,5190322;-63,0368472;;72,500
AM;BR-319;521,000;522,000;1,000;15/06/2022;-7,5190322;-63,0368472;;71,250
AM;BR-319;522,000;523,000;1,000;15/06/2022;-7,5190322;-63,0368472;;78,750
AM;BR-319;523,000;524,000;1,000;15/06/2022;-7,5190322;-63,0368472;;80,000
AM;BR-319;524,000;525,000;1,000;15/06/2022;-7,5190322;-63,0368472;;71,250
AM;BR-319;525,000;526,000;1,000;15/06/2022;-7,5190322;-63,0368472;;80,000
AM;BR-319;526,000;527,000;1,000;15/06/2022;-7,5190322;-63,0368472;;80,000
AM;BR-319;527,000;528,000;1,000;15/06/2022;-7,5190322;-63,0368472;;80,000
AM;BR-319;528,000;529,000;1,000;15/06/2022;-7,5190322;-63,0368472;;80,000
AM;BR-319;529,000;530,000;1,000;15/06/2022;-7,5190322;-63,0368472;;72,500
AM;BR-319;530,000;531,000;1,000;15/06/2022;-7,5190322;-63,0368472;;75,000
AM;BR-319;531,000;532,000;1,000;15/06/2022;-7,5190322;-63,0368472;;80,000
AM;BR-319;532,000;533,000;1,000;15/06/2022;-7,5190322;-63,0368472;;67,500
AM;BR-319;533,000;534,000;1,000;15/06/2022;-7,5190322;-63,0368472;;67,500
AM;BR-319;534,000;535,000;1,000;15/06/2022;-7,5190322;-63,0368472;;83,750
AM;BR-319;535,000;536,000;1,000;15/06/2022;-7,5190322;-63,0368472;;72,500
AM;BR-319;536,000;537,000;1,000;15/06/2022;-7,5190322;-63,0368472;;75,000
AM;BR-319;537,000;538,000;1,000;15/06/2022;-7,5190322;-63,0368472;;75,000
AM;BR-319;538,000;539,000;1,000;15/06/2022;-7,5190322;-63,0368472;;67,500
AM;BR-319;539,000;540,000;1,000;15/06/2022;-7,5190322;-63,0368472;;67,500
AM;BR-319;540,000;541,000;1,000;15/06/2022;-7,5190322;-63,0368472;;72,500
AM;BR-319;541,000;542,000;1,000;15/06/2022;-7,5190322;-63,0368472;;67,500
AM;BR-319;542,000;543,000;1,000;15/06/2022;-7,5190322;-63,0368472;;67,500
AM;BR-319;543,000;544,000;1,000;15/06/2022;-7,5190322;-63,0368472;;67,500
AM;BR-319;544,000;545,000;1,000;15/06/2022;-7,5190322;-63,0368472;;75,000
AM;BR-319;545,000;546,000;1,000;15/06/2022;-7,5190322;-63,0368472;;76,250
AM;BR-319;546,000;547,000;1,000;15/06/2022;-7,5190322;-63,0368472;;83,750
AM;BR-319;547,000;548,000;1,000;15/06/2022;-7,5190322;-63,0368472;;83,750
AM;BR-319;548,000;549,000;1,000;15/06/2022;-7,5190322;-63,0368472;;72,500
AM;BR-319;549,000;550,000;1,000;15/06/2022;-7,5190322;-63,0368472;;67,500
AM;BR-319;550,000;551,000;1,000;15/06/2022;-7,5190322;-63,0368472;;75,000
AM;BR-319;551,000;552,000;1,000;15/06/2022;-7,5190322;-63,0368472;;78,750
AM;BR-319;552,000;553,000;1,000;15/06/2022;-7,5190322;-63,0368472;;67,500
AM;BR-319;553,000;554,000;1,000;15/06/2022;-7,5190322;-63,0368472;;72,500
AM;BR-319;554,000;555,000;1,000;15/06/2022;-7,5190322;-63,0368472;;87,500
AM;BR-319;555,000;556,000;1,000;15/06/2022;-7,5190322;-63,0368472;;75,000
AM;BR-319;556,000;557,000;1,000;15/06/2022;-7,5190322;-63,0368472;;83,750
AM;BR-319;557,000;558,000;1,000;15/06/2022;-7,5190322;-63,0368472;;78,750
AM;BR-319;558,000;559,000;1,000;15/06/2022;-7,5190322;-63,0368472;;87,500
AM;BR-319;559,000;560,000;1,000;15/06/2022;-7,5190322;-63,0368472;;87,500
AM;BR-319;560,000;561,000;1,000;15/06/2022;-7,5190322;-63,0368472;;80,000
AM;BR-319;561,000;562,000;1,000;15/06/2022;-7,5190322;-63,0368472;;82,500
AM;BR-319;562,000;563,000;1,000;15/06/2022;-7,5190322;-63,0368472;;75,000
AM;BR-319;563,000;564,000;1,000;15/06/2022;-7,5190322;-63,0368472;;67,500
AM;BR-319;564,000;565,000;1,000;15/06/2022;-7,5190322;-63,0368472;;72,500
AM;BR-319;565,000;566,000;1,000;15/06/2022;-7,5190322;-63,0368472;;80,000
AM;BR-319;566,000;567,000;1,000;15/06/2022;-7,5190322;-63,0368472;;75,000
AM;BR-319;567,000;568,000;1,000;15/06/2022;-7,5190322;-63,0368472;;75,000
AM;BR-319;568,000;569,000;1,000;15/06/2022;-7,5190322;-63,0368472;;75,000
AM;BR-319;569,000;570,000;1,000;15/06/2022;-7,5190322;-63,0368472;;67,500
AM;BR-319;570,000;571,000;1,000;15/06/2022;-7,5190322;-63,0368472;;67,500
AM;BR-319;571,000;572,000;1,000;15/06/2022;-7,5190322;-63,0368472;;72,500
AM;BR-319;572,000;573,000;1,000;15/06/2022;-7,5190322;-63,0368472;;75,000
AM;BR-319;573,000;574,000;1,000;15/06/2022;-7,5190322;-63,0368472;;72,500
AM;BR-319;574,000;575,000;1,000;15/06/2022;-7,5190322;-63,0368472;;80,000
AM;BR-319;575,000;576,000;1,000;15/06/2022;-7,5190322;-63,0368472;;75,000
AM;BR-319;576,000;577,000;1,000;15/06/2022;-7,5190322;-63,0368472;;75,000
AM;BR-319;577,000;578,000;1,000;15/06/2022;-7,5190322;-63,0368472;;67,500
AM;BR-319;578,000;579,000;1,000;15/06/2022;-7,5190322;-63,0368472;;67,500
AM;BR-319;579,000;580,000;1,000;15/06/2022;-7,5190322;-63,0368472;;78,750
AM;BR-319;580,000;581,000;1,000;15/06/2022;-7,5190322;-63,0368472;;67,500
AM;BR-319;581,000;582,000;1,000;15/06/2022;-7,5190322;-63,0368472;;75,000
AM;BR-319;582,000;583,000;1,000;15/06/2022;-7,5190322;-63,0368472;;75,000
AM;BR-319;583,000;584,000;1,000;15/06/2022;-7,5190322;-63,0368472;;72,500
AM;BR-319;584,000;585,000;1,000;15/06/2022;-6,9471983;-63,0855105;;72,500
AM;BR-319;585,000;586,000;1,000;15/06/2022;-6,9471983;-63,0855105;;80,000
AM;BR-319;586,000;587,000;1,000;15/06/2022;-6,9732008;-63,0949231;;67,500
AM;BR-319;587,000;588,000;1,000;15/06/2022;-6,9738382;-63,0951292;;67,500
AM;BR-319;588,000;589,400;1,400;15/06/2022;-6,9823725;-63,0978779;;67,500
AM;BR-230;609,200;608,000;1,200;11/06/2022;-7,51943828;-63,0297829;;77,500
AM;BR-230;608,000;607,000;1,000;11/06/2022;-7,51943828;-63,0297829;;77,500
AM;BR-230;607,000;606,000;1,000;11/06/2022;-7,51943828;-63,0297829;;91,250
AM;BR-230;606,000;605,000;1,000;11/06/2022;-7,51943828;-63,0297829;;81,250
AM;BR-230;605,000;604,000;1,000;11/06/2022;-7,51943828;-63,0297829;;85,000
AM;BR-230;604,000;603,000;1,000;11/06/2022;-7,51943828;-63,0297829;;77,500
AM;BR-230;603,000;602,000;1,000;11/06/2022;-7,51943828;-63,0297829;;85,000
AM;BR-230;602,000;601,000;1,000;11/06/2022;-7,51943828;-63,0297829;;87,500
AM;BR-230;601,000;600,000;1,000;11/06/2022;-7,51943828;-63,0297829;;83,750
AM;BR-230;600,000;599,000;1,000;11/06/2022;-7,51943828;-63,0297829;;88,750
AM;BR-230;599,000;598,000;1,000;11/06/2022;-7,51943828;-63,0297829;;91,250
AM;BR-230;598,000;597,000;1,000;11/06/2022;-7,51943828;-63,0297829;;81,250
AM;BR-230;597,000;596,000;1,000;11/06/2022;-7,51943828;-63,0297829;;91,250
AM;BR-230;596,000;595,000;1,000;11/06/2022;-7,51943828;-63,0297829;;95,000
AM;BR-230;595,000;594,000;1,000;11/06/2022;-7,51943828;-63,0297829;;95,000
AM;BR-230;594,000;593,000;1,000;11/06/2022;-7,51943828;-63,0297829;;95,000
AM;BR-230;593,000;592,000;1,000;11/06/2022;-7,51943828;-63,0297829;;95,000
AM;BR-230;592,000;591,000;1,000;11/06/2022;-7,51943828;-63,0297829;;91,250
AM;BR-230;591,000;590,000;1,000;11/06/2022;-7,51943828;-63,0297829;;85,000
AM;BR-230;590,000;589,000;1,000;11/06/2022;-7,51943828;-63,0297829;;85,000
AM;BR-230;589,000;588,000;1,000;11/06/2022;-7,51943828;-63,0297829;;81,250
AM;BR-230;588,000;587,000;1,000;11/06/2022;-7,51943828;-63,0297829;;81,250
AM;BR-230;587,000;586,000;1,000;11/06/2022;-7,51943828;-63,0297829;;88,750
AM;BR-230;586,000;585,000;1,000;11/06/2022;-7,51943828;-63,0297829;;81,250
AM;BR-230;585,000;584,000;1,000;11/06/2022;-7,51943828;-63,0297829;;85,000
AM;BR-230;584,000;583,000;1,000;11/06/2022;-7,51943828;-63,0297829;;81,250
AM;BR-230;583,000;582,000;1,000;11/06/2022;-7,51943828;-63,0297829;;73,750
AM;BR-230;582,000;581,000;1,000;11/06/2022;-7,51943828;-63,0297829;;75,000
AM;BR-230;581,000;580,000;1,000;11/06/2022;-7,51943828;-63,0297829;;62,500
AM;BR-230;580,000;579,000;1,000;11/06/2022;-7,51943828;-63,0297829;;63,750
AM;BR-230;579,000;578,000;1,000;11/06/2022;-7,51943828;-63,0297829;;68,750
AM;BR-230;578,000;577,000;1,000;11/06/2022;-7,51943828;-63,0297829;;75,000
AM;BR-230;577,000;576,000;1,000;11/06/2022;-7,51943828;-63,0297829;;77,500
AM;BR-230;576,000;575,000;1,000;11/06/2022;-7,51943828;-63,0297829;;77,500
AM;BR-230;575,000;574,000;1,000;11/06/2022;-7,51943828;-63,0297829;;71,250
AM;BR-230;574,000;573,000;1,000;11/06/2022;-7,51943828;-63,0297829;;71,250
AM;BR-230;573,000;572,000;1,000;11/06/2022;-7,51943828;-63,0297829;;71,250
AM;BR-230;572,000;571,000;1,000;11/06/2022;-7,51943828;-63,0297829;;82,500
AM;BR-230;571,000;570,000;1,000;11/06/2022;-7,51943828;-63,0297829;;75,000
AM;BR-230;570,000;569,000;1,000;11/06/2022;-7,51943828;-63,0297829;;82,500
AM;BR-230;569,000;568,000;1,000;11/06/2022;-7,51943828;-63,0297829;;77,500
AM;BR-230;568,000;567,000;1,000;11/06/2022;-7,51943828;-63,0297829;;75,000
AM;BR-230;567,000;566,000;1,000;11/06/2022;-7,51943828;-63,0297829;;86,250
AM;BR-230;566,000;565,000;1,000;11/06/2022;-7,51943828;-63,0297829;;83,750
AM;BR-230;565,000;564,000;1,000;11/06/2022;-7,51943828;-63,0297829;;76,250
AM;BR-230;564,000;563,000;1,000;11/06/2022;-7,51943828;-63,0297829;;75,000
AM;BR-230;563,000;562,000;1,000;11/06/2022;-7,51943828;-63,0297829;;75,000
AM;BR-230;562,000;561,000;1,000;11/06/2022;-7,51943828;-63,0297829;;86,250
AM;BR-230;561,000;560,000;1,000;11/06/2022;-7,51943828;-63,0297829;;86,250
AM;BR-230;560,000;559,000;1,000;11/06/2022;-7,51943828;-63,0297829;;86,250
AM;BR-230;559,000;558,000;1,000;11/06/2022;-7,51943828;-63,0297829;;86,250
AM;BR-230;558,000;557,000;1,000;11/06/2022;-7,51943828;-63,0297829;;82,500
AM;BR-230;557,000;556,000;1,000;11/06/2022;-7,51943828;-63,0297829;;86,250
AM;BR-230;556,000;555,000;1,000;11/06/2022;-7,51943828;-63,0297829;;82,500
AM;BR-230;555,000;554,000;1,000;11/06/2022;-7,51943828;-63,0297829;;75,000
AM;BR-230;554,000;553,000;1,000;11/06/2022;-7,51943828;-63,0297829;;92,500
AM;BR-230;553,000;552,000;1,000;11/06/2022;-7,51943828;-63,0297829;;92,500
AM;BR-230;552,000;551,000;1,000;11/06/2022;-7,51943828;-63,0297829;;86,250
AM;BR-230;551,000;550,000;1,000;11/06/2022;-7,51943828;-63,0297829;;88,750
AM;BR-230;550,000;549,000;1,000;11/06/2022;-7,51943828;-63,0297829;;75,000
AM;BR-230;549,000;548,000;1,000;11/06/2022;-7,51943828;-63,0297829;;77,500
AM;BR-230;548,000;547,000;1,000;11/06/2022;-7,51943828;-63,0297829;;86,250
AM;BR-230;547,000;546,000;1,000;11/06/2022;-7,51943828;-63,0297829;;90,000
AM;BR-230;546,000;545,000;1,000;11/06/2022;-7,51943828;-63,0297829;;86,250
AM;BR-230;545,000;544,000;1,000;11/06/2022;-7,51943828;-63,0297829;;82,500
AM;BR-230;544,000;543,000;1,000;11/06/2022;-7,51943828;-63,0297829;;50,000
AM;BR-230;543,000;542,000;1,000;11/06/2022;-7,51943828;-63,0297829;;40,000
AM;BR-230;542,000;541,000;1,000;11/06/2022;-7,51943828;-63,0297829;;65,000
AM;BR-230;541,000;540,000;1,000;11/06/2022;-7,51943828;-63,0297829;;86,250
AM;BR-230;540,000;539,000;1,000;11/06/2022;-7,51943828;-63,0297829;;91,250
AM;BR-230;539,000;538,000;1,000;11/06/2022;-7,51943828;-63,0297829;;58,750
AM;BR-230;538,000;537,000;1,000;11/06/2022;-7,51943828;-63,0297829;;53,750
AM;BR-230;537,000;536,000;1,000;11/06/2022;-7,51943828;-63,0297829;;66,250
AM;BR-230;536,000;535,000;1,000;11/06/2022;-7,51943828;-63,0297829;;58,750
AM;BR-230;535,000;534,000;1,000;11/06/2022;-7,51943828;-63,0297829;;67,500
AM;BR-230;534,000;533,000;1,000;11/06/2022;-7,51943828;-63,0297829;;66,250
AM;BR-230;533,000;532,000;1,000;11/06/2022;-7,51943828;-63,0297829;;73,750
AM;BR-230;532,000;531,000;1,000;11/06/2022;-7,51943828;-63,0297829;;68,750
AM;BR-230;531,000;530,000;1,000;11/06/2022;-7,51943828;-63,0297829;;82,500
AM;BR-230;530,000;529,000;1,000;11/06/2022;-7,51943828;-63,0297829;;83,750
AM;BR-230;529,000;528,000;1,000;11/06/2022;-7,51943828;-63,0297829;;82,500
AM;BR-230;528,000;527,000;1,000;11/06/2022;-7,51943828;-63,0297829;;90,000
AM;BR-230;527,000;526,000;1,000;11/06/2022;-7,51943828;-63,0297829;;86,250
AM;BR-230;526,000;525,000;1,000;11/06/2022;-7,51943828;-63,0297829;;87,500
AM;BR-230;525,000;524,000;1,000;11/06/2022;-7,51943828;-63,0297829;;72,500
AM;BR-230;524,000;523,000;1,000;11/06/2022;-7,51943828;-63,0297829;;72,500
AM;BR-230;523,000;522,000;1,000;11/06/2022;-7,51943828;-63,0297829;;65,000
AM;BR-230;522,000;521,000;1,000;11/06/2022;-7,51943828;-63,0297829;;65,000
AM;BR-230;521,000;520,000;1,000;11/06/2022;-7,51943828;-63,0297829;;53,750
AM;BR-230;520,000;519,000;1,000;11/06/2022;-7,51943828;-63,0297829;;45,000
AM;BR-230;519,000;518,000;1,000;11/06/2022;-7,51943828;-63,0297829;;53,750
AM;BR-230;518,000;517,000;1,000;11/06/2022;-7,51943828;-63,0297829;;51,250
AM;BR-230;517,000;516,300;0,700;11/06/2022;-7,51943828;-63,0297829;;58,750
AM;BR-230;516,300;515,000;1,300;11/06/2022;-7,51943828;-63,0297829;;63,750
AM;BR-230;515,000;514,000;1,000;11/06/2022;-7,51943828;-63,0297829;;46,250
AM;BR-230;514,000;513,000;1,000;11/06/2022;-7,51943828;-63,0297829;;62,500
AM;BR-230;513,000;512,000;1,000;11/06/2022;-7,51943828;-63,0297829;;46,250
AM;BR-230;512,000;511,000;1,000;11/06/2022;-7,51943828;-63,0297829;;61,250
AM;BR-230;511,000;510,000;1,000;11/06/2022;-7,51943828;-63,0297829;;62,500
AM;BR-230;510,000;509,000;1,000;11/06/2022;-7,51943828;-63,0297829;;66,250
AM;BR-230;509,000;508,000;1,000;11/06/2022;-7,51943828;-63,0297829;;62,500
AM;BR-230;508,000;507,000;1,000;11/06/2022;-7,51943828;-63,0297829;;63,750
AM;BR-230;507,000;506,000;1,000;11/06/2022;-7,51943828;-63,0297829;;55,000
AM;BR-230;506,000;505,000;1,000;11/06/2022;-7,51943828;-63,0297829;;72,500
AM;BR-230;505,000;504,000;1,000;11/06/2022;-7,51943828;-63,0297829;;70,000
AM;BR-230;504,000;503,000;1,000;11/06/2022;-7,51943828;-63,0297829;;67,500
AM;BR-230;503,000;502,000;1,000;11/06/2022;-7,51943828;-63,0297829;;75,000
AM;BR-230;502,000;501,000;1,000;11/06/2022;-7,51943828;-63,0297829;;56,250
AM;BR-230;501,000;500,000;1,000;11/06/2022;-7,51943828;-63,0297829;;58,750
AM;BR-230;500,000;499,000;1,000;11/06/2022;-7,51943828;-63,0297829;;62,500
AM;BR-230;499,000;498,000;1,000;11/06/2022;-7,51943828;-63,0297829;;58,750
AM;BR-230;498,000;497,000;1,000;11/06/2022;-7,51943828;-63,0297829;;48,750
AM;BR-230;497,000;496,000;1,000;11/06/2022;-7,51943828;-63,0297829;;52,500
AM;BR-230;496,000;495,000;1,000;11/06/2022;-7,51943828;-63,0297829;;56,250
AM;BR-230;495,000;494,000;1,000;11/06/2022;-7,51943828;-63,0297829;;57,500
AM;BR-230;494,000;493,000;1,000;11/06/2022;-7,51943828;-63,0297829;;66,250
AM;BR-230;493,000;492,000;1,000;11/06/2022;-7,51943828;-63,0297829;;50,000
AM;BR-230;492,000;491,000;1,000;11/06/2022;-7,51943828;-63,0297829;;60,000
AM;BR-230;491,000;490,000;1,000;11/06/2022;-7,51943828;-63,0297829;;66,250
AM;BR-230;490,000;489,000;1,000;11/06/2022;-7,51943828;-63,0297829;;41,250
AM;BR-230;489,000;488,000;1,000;11/06/2022;-7,51943828;-63,0297829;;65,000
AM;BR-230;488,000;487,000;1,000;11/06/2022;-7,51943828;-63,0297829;;85,000
AM;BR-230;487,000;486,000;1,000;11/06/2022;-7,51943828;-63,0297829;;78,750
AM;BR-230;486,000;485,000;1,000;11/06/2022;-7,51943828;-63,0297829;;53,750
AM;BR-230;485,000;484,000;1,000;11/06/2022;-7,51943828;-63,0297829;;58,750
AM;BR-230;484,000;483,000;1,000;11/06/2022;-7,51943828;-63,0297829;;52,500
AM;BR-230;483,000;482,000;1,000;11/06/2022;-7,51943828;-63,0297829;;52,500
AM;BR-230;482,000;481,000;1,000;11/06/2022;-7,51943828;-63,0297829;;72,500
AM;BR-230;481,000;480,000;1,000;11/06/2022;-7,51943828;-63,0297829;;87,500
AM;BR-230;480,000;479,000;1,000;11/06/2022;-7,51943828;-63,0297829;;90,000
AM;BR-230;479,000;478,000;1,000;11/06/2022;-7,51943828;-63,0297829;;88,750
AM;BR-230;478,000;477,000;1,000;11/06/2022;-7,51943828;-63,0297829;;90,000
AM;BR-230;477,000;476,000;1,000;11/06/2022;-7,51943828;-63,0297829;;83,750
AM;BR-230;476,000;475,000;1,000;11/06/2022;-7,51943828;-63,0297829;;85,000
AM;BR-230;475,000;474,000;1,000;11/06/2022;-7,51943828;-63,0297829;;81,250
AM;BR-230;474,000;473,000;1,000;11/06/2022;-7,51943828;-63,0297829;;88,750
AM;BR-230;473,000;472,000;1,000;11/06/2022;-7,51943828;-63,0297829;;90,000
AM;BR-230;472,000;471,000;1,000;11/06/2022;-7,51943828;-63,0297829;;97,500
AM;BR-230;471,000;470,000;1,000;11/06/2022;-7,51943828;-63,0297829;;88,750
AM;BR-230;470,000;469,000;1,000;11/06/2022;-7,51943828;-63,0297829;;88,750
AM;BR-230;469,000;468,000;1,000;11/06/2022;-7,51943828;-63,0297829;;98,750
AM;BR-230;468,000;467,000;1,000;11/06/2022;-7,51943828;-63,0297829;;82,500
AM;BR-230;467,000;466,000;1,000;11/06/2022;-7,51943828;-63,0297829;;88,750
AM;BR-230;466,000;465,000;1,000;11/06/2022;-7,51943828;-63,0297829;;86,250
AM;BR-230;465,000;464,000;1,000;11/06/2022;-7,51943828;-63,0297829;;91,250
AM;BR-230;464,000;463,000;1,000;11/06/2022;-7,51943828;-63,0297829;;82,500
AM;BR-230;463,000;462,000;1,000;11/06/2022;-7,51943828;-63,0297829;;90,000
AM;BR-230;462,000;461,000;1,000;11/06/2022;-7,51943828;-63,0297829;;47,500
AM;BR-230;461,000;460,000;1,000;11/06/2022;-7,51943828;-63,0297829;;50,000
AM;BR-230;460,000;459,000;1,000;11/06/2022;-7,51943828;-63,0297829;;42,500
AM;BR-230;459,000;458,000;1,000;11/06/2022;-7,51943828;-63,0297829;;51,250
AM;BR-230;458,000;457,000;1,000;11/06/2022;-7,51943828;-63,0297829;;46,250
AM;BR-230;457,000;456,000;1,000;11/06/2022;-7,51943828;-63,0297829;;31,250
AM;BR-230;456,000;455,000;1,000;11/06/2022;-7,51943828;-63,0297829;;46,250
AM;BR-230;455,000;454,000;1,000;11/06/2022;-7,51943828;-63,0297829;;42,500
AM;BR-230;454,000;453,000;1,000;11/06/2022;-7,51943828;-63,0297829;;45,000
AM;BR-230;453,000;452,000;1,000;11/06/2022;-7,51943828;-63,0297829;;27,500
AM;BR-230;452,000;451,000;1,000;11/06/2022;-7,51943828;-63,0297829;;27,500
AM;BR-230;451,000;450,000;1,000;11/06/2022;-7,51943828;-63,0297829;;42,500
AM;BR-230;450,000;449,000;1,000;11/06/2022;-7,51943828;-63,0297829;;27,500
AM;BR-230;449,000;448,000;1,000;11/06/2022;-7,51943828;-63,0297829;;31,250
AM;BR-230;448,000;447,000;1,000;11/06/2022;-7,51943828;-63,0297829;;52,500
AM;BR-230;447,000;446,000;1,000;11/06/2022;-7,51943828;-63,0297829;;60,000
AM;BR-230;446,000;445,000;1,000;11/06/2022;-7,51943828;-63,0297829;;27,500
AM;BR-230;445,000;444,000;1,000;11/06/2022;-7,51943828;-63,0297829;;52,500
AM;BR-230;444,000;443,000;1,000;11/06/2022;-7,51943828;-63,0297829;;50,000
AM;BR-230;443,000;442,000;1,000;11/06/2022;-7,51943828;-63,0297829;;61,250
AM;BR-230;442,000;441,000;1,000;11/06/2022;-7,51943828;-63,0297829;;52,500
AM;BR-230;441,000;440,000;1,000;11/06/2022;-7,51943828;-63,0297829;;35,000
AM;BR-230;440,000;439,000;1,000;11/06/2022;-7,51943828;-63,0297829;;43,750
AM;BR-230;439,000;438,000;1,000;11/06/2022;-7,51943828;-63,0297829;;82,500
AM;BR-230;438,000;437,000;1,000;11/06/2022;-7,51943828;-63,0297829;;88,750
AM;BR-230;437,000;436,000;1,000;11/06/2022;-7,51943828;-63,0297829;;90,000
AM;BR-230;436,000;435,000;1,000;11/06/2022;-7,51943828;-63,0297829;;92,500
AM;BR-230;435,000;434,000;1,000;11/06/2022;-7,51943828;-63,0297829;;86,250
AM;BR-230;434,000;433,000;1,000;11/06/2022;-7,51943828;-63,0297829;;90,000
AM;BR-230;433,000;432,000;1,000;11/06/2022;-7,51943828;-63,0297829;;78,750
AM;BR-230;432,000;431,000;1,000;11/06/2022;-7,51943828;-63,0297829;;86,250
AM;BR-230;431,000;430,000;1,000;11/06/2022;-7,51943828;-63,0297829;;87,500
AM;BR-230;430,000;429,000;1,000;11/06/2022;-7,51943828;-63,0297829;;78,750
AM;BR-230;429,000;428,000;1,000;11/06/2022;-7,51943828;-63,0297829;;82,500
AM;BR-230;428,000;427,000;1,000;11/06/2022;-7,51943828;-63,0297829;;86,250
AM;BR-230;427,000;426,000;1,000;11/06/2022;-7,51943828;-63,0297829;;28,750
AM;BR-230;426,000;425,000;1,000;11/06/2022;-7,51943828;-63,0297829;;28,750
AM;BR-230;425,000;424,000;1,000;11/06/2022;-7,51943828;-63,0297829;;37,500
AM;BR-230;424,000;423,000;1,000;11/06/2022;-7,51943828;-63,0297829;;31,250
AM;BR-230;423,000;422,000;1,000;11/06/2022;-7,5183006;-63,0308244;;43,750
AM;BR-230;422,000;421,000;1,000;11/06/2022;-7,51943828;-63,0297829;;86,250
AM;BR-230;421,000;420,000;1,000;11/06/2022;-7,51943828;-63,0297829;;86,250
AM;BR-230;420,000;419,000;1,000;11/06/2022;-7,51943828;-63,0297829;;95,000
AM;BR-230;419,000;418,000;1,000;11/06/2022;-7,51943828;-63,0297829;;92,500
AM;BR-230;418,000;417,000;1,000;11/06/2022;-7,51943828;-63,0297829;;86,250
AM;BR-230;417,000;416,000;1,000;11/06/2022;-7,51943828;-63,0297829;;63,750
AM;BR-230;416,000;415,000;1,000;11/06/2022;-7,51943828;-63,0297829;;85,000
AM;BR-230;415,000;414,000;1,000;11/06/2022;-7,51943828;-63,0297829;;86,250
AM;BR-230;414,000;413,000;1,000;11/06/2022;-7,51943828;-63,0297829;;93,750
AM;BR-230;413,000;412,000;1,000;11/06/2022;-7,51943828;-63,0297829;;82,500
AM;BR-230;412,000;411,000;1,000;11/06/2022;-7,51943828;-63,0297829;;88,750
AM;BR-230;411,000;410,000;1,000;11/06/2022;-7,51943828;-63,0297829;;88,750
AM;BR-230;410,000;409,000;1,000;11/06/2022;-7,51943828;-63,0297829;;93,750
AM;BR-230;409,000;408,000;1,000;11/06/2022;-7,51943828;-63,0297829;;96,250
AM;BR-230;408,000;407,000;1,000;11/06/2022;-7,51943828;-63,0297829;;93,750
AM;BR-230;407,000;406,000;1,000;11/06/2022;-7,51943828;-63,0297829;;90,000
AM;BR-230;406,000;405,000;1,000;11/06/2022;-7,51943828;-63,0297829;;92,500
AM;BR-230;405,000;404,000;1,000;11/06/2022;-7,51943828;-63,0297829;;82,500
AM;BR-230;404,000;403,000;1,000;11/06/2022;-7,51943828;-63,0297829;;87,500
AM;BR-230;403,000;402,000;1,000;11/06/2022;-7,51943828;-63,0297829;;85,000
AM;BR-230;402,000;401,000;1,000;11/06/2022;-7,51943828;-63,0297829;;90,000
AM;BR-230;401,000;400,600;0,400;11/06/2022;-7,51943828;-63,0297829;;83,750
RR;BR-401;107,000;108,000;1,000;21/06/2022;3,3110914;-59,9467475;;85,000
RR;BR-401;108,000;109,000;1,000;21/06/2022;3,3110914;-59,9467475;;92,500
RR;BR-401;109,000;110,000;1,000;21/06/2022;3,3110914;-59,9467475;;92,500
RR;BR-401;110,000;111,000;1,000;21/06/2022;3,3110914;-59,9467475;;92,500
RR;BR-401;111,000;112,000;1,000;21/06/2022;3,3110914;-59,9467475;;92,500
RR;BR-401;112,000;113,000;1,000;21/06/2022;3,3110914;-59,9467475;;92,500
RR;BR-401;113,000;114,000;1,000;21/06/2022;3,3110914;-59,9467475;;95,000
RR;BR-401;114,000;115,000;1,000;21/06/2022;3,3110914;-59,9467475;;92,500
RR;BR-401;115,000;116,000;1,000;21/06/2022;3,3110914;-59,9467475;;92,500
RR;BR-401;116,000;117,000;1,000;21/06/2022;3,3110914;-59,9467475;;92,500
RR;BR-401;117,000;118,000;1,000;21/06/2022;3,3110914;-59,9467475;;92,500
RR;BR-401;118,000;119,000;1,000;21/06/2022;3,3110914;-59,9467475;;88,750
RR;BR-401;119,000;120,000;1,000;21/06/2022;3,3110914;-59,9467475;;92,500
RR;BR-401;120,000;121,000;1,000;21/06/2022;3,3110914;-59,9467475;;92,500
RR;BR-401;121,000;122,000;1,000;21/06/2022;3,3110914;-59,9467475;;81,250
RR;BR-401;122,000;123,000;1,000;21/06/2022;3,3110914;-59,9467475;;85,000
RR;BR-401;123,000;124,000;1,000;21/06/2022;3,4330214;-59,8833966;;81,250
RR;BR-401;124,000;125,000;1,000;21/06/2022;3,4330214;-59,8833966;;92,500
RR;BR-401;125,000;126,000;1,000;21/06/2022;3,4330214;-59,8833966;;92,500
RR;BR-401;126,000;127,000;1,000;21/06/2022;3,4330214;-59,8833966;;92,500
RR;BR-401;127,000;128,000;1,000;21/06/2022;3,4330214;-59,8833966;;88,750
RR;BR-401;128,000;129,000;1,000;21/06/2022;3,4330214;-59,8833966;;81,250
RR;BR-401;129,000;130,000;1,000;21/06/2022;3,4330214;-59,8833966;;81,250
RR;BR-401;130,000;131,000;1,000;21/06/2022;3,4330214;-59,8833966;;81,250
RR;BR-401;131,000;132,000;1,000;21/06/2022;3,4330214;-59,8833966;;81,250
RR;BR-401;132,000;133,000;1,000;21/06/2022;3,5369913;-59,9231;;88,750
RR;BR-401;133,000;134,000;1,000;21/06/2022;3,5369913;-59,9231;;88,750
RR;BR-401;134,000;135,000;1,000;21/06/2022;3,5369913;-59,9231;;88,750
RR;BR-401;135,000;136,000;1,000;21/06/2022;3,5469036;-59,9178745;;88,750
RR;BR-401;136,000;137,000;1,000;21/06/2022;3,5469036;-59,9178745;;75,000
RR;BR-401;137,000;138,000;1,000;21/06/2022;3,562526;-59,8862793;;92,500
RR;BR-401;138,000;139,000;1,000;21/06/2022;3,5625209;-59,8862765;;88,750
RR;BR-401;139,000;140,000;1,000;21/06/2022;3,5625321;-59,8864596;;88,750
RR;BR-401;140,000;141,000;1,000;21/06/2022;3,5625321;-59,8864596;;88,750
RR;BR-401;141,000;142,000;1,000;21/06/2022;3,5625304;-59,8864564;;88,750
RR;BR-401;142,000;143,000;1,000;21/06/2022;3,5625321;-59,8864596;;86,250
RR;BR-401;143,000;144,000;1,000;21/06/2022;3,5625321;-59,8864596;;78,750
RR;BR-401;144,000;145,000;1,000;21/06/2022;3,5625321;-59,8864596;;78,750
RR;BR-401;145,000;146,000;1,000;21/06/2022;3,5625321;-59,8864596;;86,250
RR;BR-401;146,000;147,000;1,000;21/06/2022;3,5625321;-59,8864596;;80,000
RR;BR-401;147,000;148,000;1,000;21/06/2022;3,5625321;-59,8864596;;68,750
RR;BR-401;148,000;149,000;1,000;21/06/2022;3,5625321;-59,8864596;;71,250
RR;BR-401;149,000;150,000;1,000;21/06/2022;3,64782912;-59,8490693;;86,250
RR;BR-401;150,000;151,000;1,000;21/06/2022;3,64782912;-59,8490693;;86,250
RR;BR-401;151,000;152,000;1,000;21/06/2022;3,64782912;-59,8490693;;78,750
RR;BR-401;152,000;153,000;1,000;21/06/2022;3,64782912;-59,8490693;;77,500
RR;BR-401;153,000;154,000;1,000;21/06/2022;3,64782912;-59,8490693;;85,000
RR;BR-401;154,000;155,000;1,000;21/06/2022;3,64782912;-59,8490693;;71,250
RR;BR-401;155,000;156,000;1,000;21/06/2022;3,64782912;-59,8490693;;81,250
RR;BR-401;156,000;157,000;1,000;21/06/2022;3,64782912;-59,8490693;;81,250
RR;BR-401;157,000;158,000;1,000;21/06/2022;3,64782912;-59,8490693;;71,250
RR;BR-401;158,000;159,000;1,000;21/06/2022;3,64782912;-59,8490693;;88,750
RR;BR-401;159,000;160,000;1,000;21/06/2022;3,64782912;-59,8490693;;71,250
RR;BR-401;160,000;161,000;1,000;21/06/2022;3,64782912;-59,8490693;;77,500
RR;BR-401;161,000;162,000;1,000;21/06/2022;3,64782912;-59,8490693;;91,250
RR;BR-401;162,000;163,000;1,000;21/06/2022;3,64782912;-59,8490693;;88,750
RR;BR-401;163,000;164,000;1,000;21/06/2022;3,64782912;-59,8490693;;77,500
RR;BR-401;164,000;165,000;1,000;21/06/2022;3,64782912;-59,8490693;;88,750
RR;BR-401;165,000;166,000;1,000;21/06/2022;3,64782912;-59,8490693;;81,250
RR;BR-401;166,000;167,000;1,000;21/06/2022;3,64782912;-59,8490693;;88,750
RR;BR-401;167,000;168,000;1,000;21/06/2022;3,64782912;-59,8490693;;77,500
RR;BR-401;168,000;169,000;1,000;21/06/2022;3,64782912;-59,8490693;;88,750
RR;BR-401;169,000;170,000;1,000;21/06/2022;3,64782912;-59,8490693;;88,750
RR;BR-401;170,000;171,000;1,000;21/06/2022;3,64782912;-59,8490693;;77,500
RR;BR-401;171,000;172,000;1,000;21/06/2022;3,64782912;-59,8490693;;88,750
RR;BR-401;172,000;173,000;1,000;21/06/2022;3,64782912;-59,8490693;;88,750
RR;BR-401;173,000;174,000;1,000;21/06/2022;3,64782912;-59,8490693;;88,750
RR;BR-401;174,000;175,000;1,000;21/06/2022;3,64782912;-59,8490693;;82,500
RR;BR-401;175,000;176,000;1,000;21/06/2022;3,64782912;-59,8490693;;86,250
RR;BR-401;176,000;177,000;1,000;21/06/2022;3,64782912;-59,8490693;;78,750
AP;BR-156;28,500;29,000;0,500;23/06/2022;-0,8403814;-52,5218683;;50,000
AP;BR-156;29,000;30,000;1,000;23/06/2022;-0,8403814;-52,5218683;;50,000
AP;BR-156;30,000;31,000;1,000;23/06/2022;-0,8403814;-52,5218683;;50,000
AP;BR-156;31,000;32,000;1,000;23/06/2022;-0,8403814;-52,5218683;;76,250
AP;BR-156;32,000;33,000;1,000;23/06/2022;-0,8403814;-52,5218683;;81,250
AP;BR-156;33,000;34,000;1,000;23/06/2022;-0,8403814;-52,5218683;;70,000
AP;BR-156;34,000;35,000;1,000;23/06/2022;-0,8403814;-52,5218683;;73,750
AP;BR-156;35,000;36,000;1,000;23/06/2022;-0,8403814;-52,5218683;;73,750
AP;BR-156;36,000;37,000;1,000;23/06/2022;-0,8403814;-52,5218683;;87,500
AP;BR-156;37,000;38,000;1,000;23/06/2022;-0,8403814;-52,5218683;;83,750
AP;BR-156;38,000;39,000;1,000;23/06/2022;-0,8403814;-52,5218683;;83,750
AP;BR-156;39,000;40,000;1,000;23/06/2022;-0,8403814;-52,5218683;;83,750
AP;BR-156;40,000;41,000;1,000;23/06/2022;-0,8403814;-52,5218683;;83,750
AP;BR-156;41,000;42,000;1,000;23/06/2022;-0,8403814;-52,5218683;;83,750
AP;BR-156;42,000;43,000;1,000;23/06/2022;-0,8403814;-52,5218683;;83,750
AP;BR-156;43,000;44,000;1,000;23/06/2022;-0,8403814;-52,5218683;;83,750
AP;BR-156;44,000;45,000;1,000;23/06/2022;-0,8403814;-52,5218683;;83,750
AP;BR-156;45,000;46,000;1,000;23/06/2022;-0,8403814;-52,5218683;;83,750
AP;BR-156;46,000;47,000;1,000;23/06/2022;-0,8403814;-52,5218683;;83,750
AP;BR-156;47,000;48,000;1,000;23/06/2022;-0,8403814;-52,5218683;;83,750
AP;BR-156;48,000;49,000;1,000;23/06/2022;-0,8403814;-52,5218683;;83,750
AP;BR-156;49,000;50,000;1,000;23/06/2022;-0,8403814;-52,5218683;;83,750
AP;BR-156;50,000;51,000;1,000;23/06/2022;-0,8403814;-52,5218683;;83,750
AP;BR-156;51,000;52,000;1,000;23/06/2022;-0,8403814;-52,5218683;;83,750
AP;BR-156;52,000;53,000;1,000;23/06/2022;-0,8403814;-52,5218683;;83,750
AP;BR-156;53,000;54,000;1,000;23/06/2022;-0,8403814;-52,5218683;;91,250
AP;BR-156;54,000;55,000;1,000;23/06/2022;-0,8403814;-52,5218683;;91,250
AP;BR-156;55,000;56,000;1,000;23/06/2022;-0,8403814;-52,5218683;;83,750
AP;BR-156;56,000;57,000;1,000;23/06/2022;-0,8403814;-52,5218683;;91,250
AP;BR-156;57,000;58,000;1,000;23/06/2022;-0,8403814;-52,5218683;;91,250
AP;BR-156;58,000;59,000;1,000;23/06/2022;-0,8403814;-52,5218683;;83,750
AP;BR-156;59,000;60,000;1,000;23/06/2022;-0,8403814;-52,5218683;;83,750
AP;BR-156;60,000;61,000;1,000;23/06/2022;-0,8403814;-52,5218683;;83,750
AP;BR-156;61,000;62,000;1,000;23/06/2022;-0,8403814;-52,5218683;;83,750
AP;BR-156;62,000;63,000;1,000;23/06/2022;-0,8403814;-52,5218683;;83,750
AP;BR-156;63,000;64,000;1,000;23/06/2022;-0,8403814;-52,5218683;;83,750
AP;BR-156;64,000;65,000;1,000;23/06/2022;-0,8403814;-52,5218683;;83,750
AP;BR-156;65,000;66,000;1,000;23/06/2022;-0,8403814;-52,5218683;;83,750
AP;BR-156;66,000;67,000;1,000;23/06/2022;-0,8403814;-52,5218683;;83,750
AP;BR-156;67,000;68,000;1,000;23/06/2022;-0,8403814;-52,5218683;;83,750
AP;BR-156;68,000;69,000;1,000;23/06/2022;-0,8403814;-52,5218683;;83,750
AP;BR-156;69,000;70,000;1,000;23/06/2022;-0,8403814;-52,5218683;;83,750
AP;BR-156;70,000;71,000;1,000;23/06/2022;-0,8403814;-52,5218683;;83,750
AP;BR-156;71,000;72,000;1,000;23/06/2022;-0,8403814;-52,5218683;;83,750
AP;BR-156;72,000;73,000;1,000;23/06/2022;-0,8403814;-52,5218683;;83,750
AP;BR-156;73,000;74,000;1,000;23/06/2022;-0,8403814;-52,5218683;;83,750
AP;BR-156;74,000;75,000;1,000;23/06/2022;-0,8403814;-52,5218683;;83,750
AP;BR-156;75,000;76,000;1,000;23/06/2022;-0,8403814;-52,5218683;;83,750
AP;BR-156;76,000;77,000;1,000;23/06/2022;-0,8403814;-52,5218683;;91,250
AP;BR-156;77,000;78,000;1,000;23/06/2022;-0,8403814;-52,5218683;;83,750
AP;BR-156;78,000;79,000;1,000;23/06/2022;-0,8403814;-52,5218683;;83,750
AP;BR-156;79,000;80,000;1,000;23/06/2022;-0,8403814;-52,5218683;;83,750
AP;BR-156;80,000;81,000;1,000;23/06/2022;-0,8403814;-52,5218683;;83,750
AP;BR-156;81,000;82,000;1,000;23/06/2022;-0,8403814;-52,5218683;;83,750
AP;BR-156;82,000;83,000;1,000;23/06/2022;-0,8403814;-52,5218683;;83,750
AP;BR-156;83,000;84,000;1,000;23/06/2022;-0,8403814;-52,5218683;;83,750
AP;BR-156;84,000;85,000;1,000;23/06/2022;-0,8403814;-52,5218683;;83,750
AP;BR-156;85,000;86,000;1,000;23/06/2022;-0,8403814;-52,5218683;;83,750
AP;BR-156;86,000;87,000;1,000;23/06/2022;-0,8403814;-52,5218683;;91,250
AP;BR-156;87,000;88,000;1,000;23/06/2022;-0,8403814;-52,5218683;;91,250
AP;BR-156;88,000;89,000;1,000;23/06/2022;-0,8403814;-52,5218683;;90,000
AP;BR-156;89,000;90,000;1,000;23/06/2022;-0,8403814;-52,5218683;;90,000
AP;BR-156;90,000;91,000;1,000;23/06/2022;-0,8403814;-52,5218683;;83,750
AP;BR-156;91,000;92,000;1,000;23/06/2022;-0,8403814;-52,5218683;;83,750
AP;BR-156;92,000;93,000;1,000;23/06/2022;-0,8403814;-52,5218683;;83,750
AP;BR-156;93,000;94,000;1,000;23/06/2022;-0,8403814;-52,5218683;;83,750
AP;BR-156;94,000;95,000;1,000;23/06/2022;-0,8403814;-52,5218683;;83,750
AP;BR-156;95,000;96,000;1,000;23/06/2022;-0,8403814;-52,5218683;;83,750
AP;BR-156;96,000;97,000;1,000;23/06/2022;-0,8403814;-52,5218683;;91,250
AP;BR-156;97,000;98,000;1,000;23/06/2022;-0,8403814;-52,5218683;;83,750
AP;BR-156;98,000;99,000;1,000;23/06/2022;-0,8403814;-52,5218683;;83,750
AP;BR-156;99,000;100,000;1,000;23/06/2022;-0,8403814;-52,5218683;;83,750
AP;BR-156;100,000;101,000;1,000;23/06/2022;-0,8403814;-52,5218683;;63,750
AP;BR-156;101,000;102,000;1,000;23/06/2022;-0,8403814;-52,5218683;;85,000
AP;BR-156;102,000;103,000;1,000;23/06/2022;-0,8403814;-52,5218683;;83,750
AP;BR-156;103,000;104,000;1,000;23/06/2022;-0,8403814;-52,5218683;;83,750
AP;BR-156;104,000;105,000;1,000;23/06/2022;-0,8403814;-52,5218683;;83,750
AP;BR-156;105,000;106,000;1,000;23/06/2022;-0,8403814;-52,5218683;;73,750
AP;BR-156;106,000;107,000;1,000;23/06/2022;-0,8403814;-52,5218683;;73,750
AP;BR-156;107,000;108,000;1,000;23/06/2022;-0,8403814;-52,5218683;;73,750
AP;BR-156;108,000;109,000;1,000;23/06/2022;-0,8403814;-52,5218683;;73,750
AP;BR-156;109,000;110,000;1,000;23/06/2022;-0,8403814;-52,5218683;;73,750
AP;BR-156;110,000;111,000;1,000;23/06/2022;-0,8403814;-52,5218683;;71,250
AP;BR-156;111,000;112,000;1,000;23/06/2022;-0,8403814;-52,5218683;;71,250
AP;BR-156;112,000;113,000;1,000;23/06/2022;-0,8403814;-52,5218683;;78,750
AP;BR-156;113,000;114,000;1,000;23/06/2022;-0,8403814;-52,5218683;;67,500
AP;BR-156;114,000;115,000;1,000;23/06/2022;-0,8403814;-52,5218683;;67,500
AP;BR-156;115,000;116,000;1,000;23/06/2022;-0,8403814;-52,5218683;;47,500
AP;BR-156;116,000;117,000;1,000;23/06/2022;-0,8403814;-52,5218683;;47,500
AP;BR-156;117,000;118,000;1,000;23/06/2022;-0,8403814;-52,5218683;;53,750
AP;BR-156;118,000;119,000;1,000;23/06/2022;-0,8403814;-52,5218683;;47,500
AP;BR-156;119,000;120,000;1,000;23/06/2022;-0,8403814;-52,5218683;;47,500
AP;BR-156;120,000;121,000;1,000;23/06/2022;-0,8403814;-52,5218683;;65,000
AP;BR-156;121,000;122,000;1,000;23/06/2022;-0,8403814;-52,5218683;;71,250
AP;BR-156;122,000;123,000;1,000;23/06/2022;-0,8403814;-52,5218683;;56,250
AP;BR-156;123,000;124,000;1,000;23/06/2022;-0,8403814;-52,5218683;;53,750
AP;BR-156;124,000;125,000;1,000;23/06/2022;-0,8403814;-52,5218683;;53,750
AP;BR-156;125,000;126,000;1,000;23/06/2022;-0,8403814;-52,5218683;;53,750
AP;BR-156;126,000;127,000;1,000;23/06/2022;-0,8403814;-52,5218683;;53,750
AP;BR-156;127,000;128,000;1,000;23/06/2022;-0,8403814;-52,5218683;;53,750
AP;BR-156;128,000;129,000;1,000;23/06/2022;-0,8403814;-52,5218683;;83,750
AP;BR-156;129,000;130,000;1,000;23/06/2022;-0,8403814;-52,5218683;;53,750
AP;BR-156;130,000;131,000;1,000;23/06/2022;-0,8403814;-52,5218683;;73,750
AP;BR-156;131,000;132,000;1,000;23/06/2022;-0,8403814;-52,5218683;;83,750
AP;BR-156;132,000;133,000;1,000;23/06/2022;-0,8403814;-52,5218683;;53,750
AP;BR-156;133,000;134,000;1,000;23/06/2022;-0,8403814;-52,5218683;;53,750
AP;BR-156;134,000;135,000;1,000;23/06/2022;-0,8403814;-52,5218683;;53,750
AP;BR-156;135,000;136,000;1,000;23/06/2022;-0,8403814;-52,5218683;;53,750
AP;BR-156;136,000;137,000;1,000;23/06/2022;-0,8403814;-52,5218683;;53,750
AP;BR-156;137,000;138,000;1,000;23/06/2022;-0,8403814;-52,5218683;;53,750
AP;BR-156;138,000;139,000;1,000;23/06/2022;-0,8403814;-52,5218683;;53,750
AP;BR-156;139,000;140,000;1,000;23/06/2022;-0,8403814;-52,5218683;;48,750
AP;BR-156;140,000;141,000;1,000;23/06/2022;-0,8403814;-52,5218683;;53,750
AP;BR-156;141,000;142,000;1,000;23/06/2022;-0,8403814;-52,5218683;;53,750
AP;BR-156;142,000;143,000;1,000;23/06/2022;-0,8403814;-52,5218683;;53,750
AP;BR-156;143,000;144,000;1,000;23/06/2022;-0,8403814;-52,5218683;;53,750
AP;BR-156;144,000;145,000;1,000;23/06/2022;-0,8403814;-52,5218683;;53,750
AP;BR-156;145,000;146,000;1,000;23/06/2022;-0,8403814;-52,5218683;;53,750
AP;BR-156;146,000;147,000;1,000;23/06/2022;-0,8403814;-52,5218683;;53,750
AP;BR-156;147,000;148,000;1,000;23/06/2022;-0,8403814;-52,5218683;;53,750
AP;BR-156;148,000;149,000;1,000;23/06/2022;-0,8403814;-52,5218683;;53,750
AP;BR-156;149,000;150,000;1,000;23/06/2022;-0,8403814;-52,5218683;;53,750
AP;BR-156;150,000;151,000;1,000;23/06/2022;-0,8403814;-52,5218683;;53,750
AP;BR-156;151,000;152,000;1,000;23/06/2022;-0,8403814;-52,5218683;;53,750
AP;BR-156;152,000;153,000;1,000;23/06/2022;-0,8403814;-52,5218683;;53,750
AP;BR-156;153,000;154,000;1,000;23/06/2022;-0,8403814;-52,5218683;;53,750
AP;BR-156;154,000;155,000;1,000;23/06/2022;-0,8403814;-52,5218683;;53,750
AP;BR-156;155,000;156,000;1,000;23/06/2022;-0,8403814;-52,5218683;;53,750
AP;BR-156;156,000;157,000;1,000;23/06/2022;-0,8403814;-52,5218683;;53,750
AP;BR-156;157,000;158,000;1,000;23/06/2022;-0,8403814;-52,5218683;;53,750
AP;BR-156;158,000;159,000;1,000;23/06/2022;-0,8403814;-52,5218683;;53,750
AP;BR-156;159,000;160,000;1,000;23/06/2022;-0,8403814;-52,5218683;;53,750
AP;BR-156;160,000;161,000;1,000;23/06/2022;-0,8403814;-52,5218683;;53,750
AP;BR-156;161,000;162,000;1,000;23/06/2022;-0,8403814;-52,5218683;;53,750
AP;BR-156;162,000;163,000;1,000;23/06/2022;-0,8403814;-52,5218683;;53,750
AP;BR-156;163,000;164,000;1,000;23/06/2022;-0,8403814;-52,5218683;;53,750
AP;BR-156;164,000;164,200;0,200;23/06/2022;-0,8403814;-52,5218683;;53,750
AP;BR-156;164,200;165,000;0,800;23/06/2022;-0,8403814;-52,5218683;;53,750
AP;BR-156;165,000;166,000;1,000;23/06/2022;-0,8403814;-52,5218683;;71,250
AP;BR-156;166,000;167,000;1,000;23/06/2022;-0,8403814;-52,5218683;;73,750
AP;BR-156;167,000;168,000;1,000;23/06/2022;-0,8403814;-52,5218683;;71,250
AP;BR-156;168,000;169,000;1,000;23/06/2022;-0,8403814;-52,5218683;;81,250
AP;BR-156;169,000;170,000;1,000;23/06/2022;-0,8403814;-52,5218683;;53,750
AP;BR-156;170,000;171,000;1,000;23/06/2022;-0,8403814;-52,5218683;;73,750
AP;BR-156;171,000;172,000;1,000;23/06/2022;-0,8403814;-52,5218683;;73,750
AP;BR-156;172,000;173,000;1,000;23/06/2022;-0,8403814;-52,5218683;;73,750
AP;BR-156;173,000;174,000;1,000;23/06/2022;-0,8403814;-52,5218683;;73,750
AP;BR-156;174,000;175,000;1,000;23/06/2022;-0,8403814;-52,5218683;;53,750
AP;BR-156;175,000;176,000;1,000;23/06/2022;-0,8403814;-52,5218683;;71,250
AP;BR-156;176,000;177,000;1,000;23/06/2022;-0,8403814;-52,5218683;;63,750
AP;BR-156;177,000;178,000;1,000;23/06/2022;-0,8403814;-52,5218683;;71,250
AP;BR-156;178,000;179,000;1,000;23/06/2022;-0,8403814;-52,5218683;;63,750
AP;BR-156;179,000;180,000;1,000;23/06/2022;-0,8403814;-52,5218683;;63,750
AP;BR-156;180,000;181,000;1,000;23/06/2022;-0,8403814;-52,5218683;;63,750
AP;BR-156;181,000;182,000;1,000;23/06/2022;-0,8403814;-52,5218683;;63,750
AP;BR-156;182,000;183,000;1,000;23/06/2022;-0,8403814;-52,5218683;;63,750
AP;BR-156;183,000;184,000;1,000;23/06/2022;-0,8403814;-52,5218683;;71,250
AP;BR-156;184,000;185,000;1,000;23/06/2022;-0,8403814;-52,5218683;;71,250
AP;BR-156;185,000;186,000;1,000;23/06/2022;-0,8403814;-52,5218683;;71,250
AP;BR-156;186,000;187,000;1,000;23/06/2022;-0,8403814;-52,5218683;;66,250
AP;BR-156;187,000;188,000;1,000;23/06/2022;-0,8403814;-52,5218683;;81,250
AP;BR-156;188,000;189,000;1,000;23/06/2022;-0,8403814;-52,5218683;;66,250
AP;BR-156;189,000;190,000;1,000;23/06/2022;-0,8403814;-52,5218683;;71,250
AP;BR-156;190,000;191,000;1,000;23/06/2022;-0,8403814;-52,5218683;;71,250
AP;BR-156;191,000;192,000;1,000;23/06/2022;-0,8403814;-52,5218683;;63,750
AP;BR-156;192,000;193,000;1,000;23/06/2022;-0,8403814;-52,5218683;;63,750
AP;BR-156;193,000;194,000;1,000;23/06/2022;-0,8403814;-52,5218683;;63,750
AP;BR-156;194,000;195,000;1,000;23/06/2022;-0,8403814;-52,5218683;;63,750
AP;BR-156;195,000;196,000;1,000;23/06/2022;-0,8403814;-52,5218683;;63,750
AP;BR-156;196,000;197,000;1,000;23/06/2022;-0,8403814;-52,5218683;;63,750
AP;BR-156;197,000;198,000;1,000;23/06/2022;-0,8403814;-52,5218683;;63,750
AP;BR-156;198,000;199,000;1,000;23/06/2022;-0,8403814;-52,5218683;;63,750
AP;BR-156;199,000;200,000;1,000;23/06/2022;-0,8403814;-52,5218683;;71,250
AP;BR-156;200,000;201,000;1,000;23/06/2022;-0,8403814;-52,5218683;;71,250
AP;BR-156;201,000;202,000;1,000;23/06/2022;-0,8403814;-52,5218683;;63,750
AP;BR-156;202,000;203,000;1,000;23/06/2022;-0,8403814;-52,5218683;;66,250
AP;BR-156;203,000;204,000;1,000;23/06/2022;-0,8403814;-52,5218683;;63,750
AP;BR-156;204,000;205,000;1,000;23/06/2022;-0,8403814;-52,5218683;;63,750
AP;BR-156;205,000;206,000;1,000;23/06/2022;-0,8403814;-52,5218683;;63,750
AP;BR-156;206,000;207,000;1,000;23/06/2022;-0,8403814;-52,5218683;;73,750
AP;BR-156;207,000;208,000;1,000;23/06/2022;-0,8403814;-52,5218683;;60,000
AP;BR-156;208,000;209,000;1,000;23/06/2022;-0,8403814;-52,5218683;;63,750
AP;BR-156;209,000;210,000;1,000;23/06/2022;-0,8403814;-52,5218683;;63,750
AP;BR-156;210,000;211,000;1,000;23/06/2022;-0,8403814;-52,5218683;;63,750
AP;BR-156;211,000;212,000;1,000;23/06/2022;-0,8403814;-52,5218683;;63,750
AP;BR-156;212,000;212,150;0,150;23/06/2022;-0,8403814;-52,5218683;;63,750
AP;BR-156;212,150;213,000;0,850;23/06/2022;-0,8403814;-52,5218683;;60,000
AP;BR-156;213,000;214,000;1,000;23/06/2022;-0,8403814;-52,5218683;;60,000
AP;BR-156;214,000;215,000;1,000;23/06/2022;-0,8403814;-52,5218683;;63,750
AP;BR-156;215,000;216,000;1,000;23/06/2022;-0,8403814;-52,5218683;;63,750
AP;BR-156;216,000;217,000;1,000;23/06/2022;-0,8403814;-52,5218683;;71,250
AP;BR-156;217,000;218,000;1,000;23/06/2022;-0,8403814;-52,5218683;;71,250
AP;BR-156;218,000;219,000;1,000;23/06/2022;-0,8403814;-52,5218683;;77,500
AP;BR-156;219,000;220,000;1,000;23/06/2022;-0,8403814;-52,5218683;;85,000
AP;BR-156;220,000;221,000;1,000;23/06/2022;-0,8403814;-52,5218683;;85,000
AP;BR-156;221,000;222,000;1,000;23/06/2022;-0,8403814;-52,5218683;;81,250
AP;BR-156;222,000;223,000;1,000;23/06/2022;-0,8403814;-52,5218683;;82,500
AP;BR-156;223,000;224,000;1,000;23/06/2022;-0,8403814;-52,5218683;;75,000
AP;BR-156;224,000;225,000;1,000;23/06/2022;-0,8403814;-52,5218683;;75,000
AP;BR-156;225,000;226,000;1,000;23/06/2022;-0,8403814;-52,5218683;;82,500
AP;BR-156;226,000;227,000;1,000;23/06/2022;-0,8403814;-52,5218683;;77,500
AP;BR-156;227,000;228,000;1,000;23/06/2022;-0,8403814;-52,5218683;;85,000
AP;BR-156;228,000;229,000;1,000;23/06/2022;-0,8403814;-52,5218683;;75,000
AP;BR-156;229,000;230,000;1,000;23/06/2022;-0,8403814;-52,5218683;;75,000
AP;BR-156;230,000;231,000;1,000;23/06/2022;-0,8403814;-52,5218683;;75,000
AP;BR-156;231,000;232,000;1,000;23/06/2022;-0,8403814;-52,5218683;;75,000
AP;BR-156;232,000;233,000;1,000;23/06/2022;-0,8403814;-52,5218683;;75,000
AP;BR-156;233,000;234,000;1,000;23/06/2022;-0,8403814;-52,5218683;;75,000
AP;BR-156;234,000;235,000;1,000;23/06/2022;-0,8403814;-52,5218683;;82,500
AP;BR-156;235,000;236,000;1,000;23/06/2022;-0,8403814;-52,5218683;;82,500
AP;BR-156;236,000;237,000;1,000;23/06/2022;-0,8403814;-52,5218683;;82,500
AP;BR-156;237,000;238,000;1,000;23/06/2022;-0,8403814;-52,5218683;;75,000
AP;BR-156;238,000;239,000;1,000;23/06/2022;-0,8403814;-52,5218683;;75,000
AP;BR-156;239,000;240,000;1,000;23/06/2022;-0,8403814;-52,5218683;;75,000
AP;BR-156;240,000;241,000;1,000;23/06/2022;-0,8403814;-52,5218683;;75,000
AP;BR-156;241,000;242,000;1,000;23/06/2022;-0,8403814;-52,5218683;;75,000
AP;BR-156;242,000;243,000;1,000;23/06/2022;-0,8403814;-52,5218683;;67,500
AP;BR-156;243,000;244,000;1,000;23/06/2022;-0,8403814;-52,5218683;;75,000
AP;BR-156;244,000;245,000;1,000;23/06/2022;-0,8403814;-52,5218683;;75,000
AP;BR-156;245,000;246,000;1,000;23/06/2022;-0,8403814;-52,5218683;;57,500
AP;BR-156;246,000;247,000;1,000;23/06/2022;-0,8403814;-52,5218683;;68,750
AP;BR-156;247,000;248,000;1,000;23/06/2022;-0,8403814;-52,5218683;;75,000
AP;BR-156;248,000;249,000;1,000;23/06/2022;-0,8403814;-52,5218683;;68,750
AP;BR-156;249,000;250,000;1,000;23/06/2022;-0,8403814;-52,5218683;;68,750
AP;BR-156;250,000;251,000;1,000;23/06/2022;-0,8403814;-52,5218683;;77,500
AP;BR-156;251,000;252,000;1,000;23/06/2022;-0,8403814;-52,5218683;;75,000
AP;BR-156;252,000;253,000;1,000;23/06/2022;-0,8403814;-52,5218683;;75,000
AP;BR-156;253,000;254,000;1,000;23/06/2022;-0,8403814;-52,5218683;;75,000
AP;BR-156;254,000;255,000;1,000;23/06/2022;-0,8403814;-52,5218683;;77,500
AP;BR-156;255,000;256,000;1,000;23/06/2022;-0,8403814;-52,5218683;;82,500
AP;BR-156;256,000;257,000;1,000;23/06/2022;-0,8403814;-52,5218683;;82,500
AP;BR-156;257,000;258,000;1,000;23/06/2022;-0,8403814;-52,5218683;;77,500
AP;BR-156;258,000;259,000;1,000;23/06/2022;-0,8403814;-52,5218683;;77,500
AP;BR-156;259,000;260,000;1,000;23/06/2022;-0,8403814;-52,5218683;;77,500
AP;BR-156;260,000;261,000;1,000;23/06/2022;-0,8403814;-52,5218683;;77,500
AP;BR-156;261,000;262,000;1,000;23/06/2022;-0,8403814;-52,5218683;;77,500
AP;BR-156;262,000;263,000;1,000;23/06/2022;-0,8403814;-52,5218683;;82,500
AP;BR-156;263,000;264,000;1,000;23/06/2022;-0,8403814;-52,5218683;;77,500
AP;BR-156;264,000;265,000;1,000;23/06/2022;-0,8403814;-52,5218683;;77,500
AP;BR-156;265,000;266,000;1,000;23/06/2022;-0,8403814;-52,5218683;;77,500
AP;BR-156;266,000;267,000;1,000;23/06/2022;-0,8403814;-52,5218683;;77,500
AP;BR-156;267,000;268,000;1,000;23/06/2022;-0,8403814;-52,5218683;;78,750
AP;BR-156;268,000;269,000;1,000;23/06/2022;-0,8403814;-52,5218683;;78,750
AP;BR-156;269,000;270,000;1,000;23/06/2022;-0,8403814;-52,5218683;;78,750
AP;BR-156;270,000;271,000;1,000;23/06/2022;-0,8403814;-52,5218683;;78,750
AP;BR-156;271,000;271,200;0,200;23/06/2022;-0,8403814;-52,5218683;;78,750
GO;BR-070;67,300;68,000;0,700;14/06/2022;-15,7736841;-48,767005;;17,500
GO;BR-070;68,000;69,000;1,000;14/06/2022;-15,7758921;-48,7688889;;17,500
GO;BR-070;69,000;70,000;1,000;14/06/2022;-15,7758921;-48,7688889;;17,500
GO;BR-070;70,000;71,000;1,000;14/06/2022;-15,7758921;-48,7688889;;17,500
GO;BR-070;71,000;72,000;1,000;14/06/2022;-15,8004346;-48,7855333;;17,500
GO;BR-070;72,000;73,000;1,000;14/06/2022;-15,8004346;-48,7855333;;17,500
GO;BR-070;73,000;74,000;1,000;14/06/2022;-15,8004346;-48,7855333;;17,500
GO;BR-070;74,000;75,000;1,000;14/06/2022;-15,8004346;-48,7855333;;2,500
GO;BR-070;75,000;76,000;1,000;14/06/2022;-15,8004346;-48,7855333;;2,500
GO;BR-070;76,000;77,000;1,000;14/06/2022;-15,8004346;-48,7855333;;2,500
GO;BR-070;77,000;78,000;1,000;14/06/2022;-15,8004346;-48,7855333;;0,000
GO;BR-070;78,000;79,000;1,000;14/06/2022;-15,8004346;-48,7855333;;0,000
GO;BR-070;79,000;80,000;1,000;14/06/2022;-15,8004346;-48,7855333;;0,000
GO;BR-070;80,000;81,000;1,000;14/06/2022;-15,8004346;-48,7855333;;2,500
GO;BR-070;81,000;82,000;1,000;14/06/2022;-15,8004346;-48,7855333;;2,500
GO;BR-070;82,000;83,000;1,000;14/06/2022;-15,8004346;-48,7855333;;2,500
GO;BR-070;83,000;84,000;1,000;14/06/2022;-15,8004346;-48,7855333;;2,500
GO;BR-070;84,000;85,000;1,000;14/06/2022;-15,8004346;-48,7855333;;2,500
GO;BR-070;85,000;86,000;1,000;14/06/2022;-15,8004346;-48,7855333;;2,500
GO;BR-070;86,000;87,000;1,000;14/06/2022;-15,8004346;-48,7855333;;10,000
GO;BR-070;87,000;88,000;1,000;14/06/2022;-15,8004346;-48,7855333;;2,500
GO;BR-070;88,000;89,000;1,000;14/06/2022;-15,8004346;-48,7855333;;2,500
GO;BR-070;89,000;90,000;1,000;14/06/2022;-15,8004346;-48,7855333;;2,500
GO;BR-070;90,000;91,000;1,000;14/06/2022;-15,8004346;-48,7855333;;2,500
GO;BR-070;91,000;92,000;1,000;14/06/2022;-15,8004346;-48,7855333;;2,500
GO;BR-070;92,000;93,000;1,000;14/06/2022;-15,8004346;-48,7855333;;17,500
GO;BR-070;93,000;94,000;1,000;14/06/2022;-15,8004346;-48,7855333;;15,000
GO;BR-070;94,000;95,000;1,000;14/06/2022;-15,8004346;-48,7855333;;0,000
GO;BR-070;95,000;96,000;1,000;14/06/2022;-15,8044198;-49,0222264;;17,500
GO;BR-070;96,000;97,000;1,000;14/06/2022;-15,8044198;-49,0222264;;45,000
GO;BR-070;97,000;98,000;1,000;14/06/2022;-15,8044198;-49,0222264;;37,500
GO;BR-070;98,000;99,000;1,000;14/06/2022;-15,8044198;-49,0222264;;37,500
GO;BR-070;99,000;100,000;1,000;14/06/2022;-15,8044198;-49,0222264;;37,500
GO;BR-070;100,000;101,000;1,000;14/06/2022;-15,8044198;-49,0222264;;43,750
GO;BR-070;101,000;102,000;1,000;14/06/2022;-15,8044198;-49,0222264;;17,500
GO;BR-070;102,000;103,000;1,000;14/06/2022;-15,8044198;-49,0222264;;48,750
GO;BR-070;103,000;104,000;1,000;14/06/2022;-15,8044198;-49,0222264;;30,000
GO;BR-070;104,000;105,000;1,000;14/06/2022;-15,8311495;-49,0014131;;2,500
GO;BR-070;105,000;106,000;1,000;14/06/2022;-15,8311495;-49,0014131;;35,000
GO;BR-070;106,000;107,000;1,000;14/06/2022;-15,8311495;-49,0014131;;2,500
GO;BR-070;107,000;108,000;1,000;14/06/2022;-15,8311495;-49,0014131;;17,500
GO;BR-070;108,000;109,000;1,000;14/06/2022;-15,8311495;-49,0014131;;22,500
GO;BR-070;109,000;110,000;1,000;14/06/2022;-15,8311495;-49,0014131;;22,500
GO;BR-070;110,000;111,000;1,000;14/06/2022;-15,8311495;-49,0014131;;35,000
GO;BR-070;111,000;112,000;1,000;14/06/2022;-15,8311495;-49,0014131;;17,500
GO;BR-070;112,000;113,000;1,000;14/06/2022;-15,8311495;-49,0014131;;17,500
GO;BR-070;113,000;114,000;1,000;14/06/2022;-15,8311495;-49,0014131;;17,500
GO;BR-070;114,000;115,000;1,000;14/06/2022;-15,8311495;-49,0014131;;35,000
GO;BR-070;115,000;116,000;1,000;14/06/2022;-15,8311495;-49,0014131;;30,000
GO;BR-070;116,000;117,000;1,000;14/06/2022;-15,8311495;-49,0014131;;30,000
GO;BR-070;117,000;118,000;1,000;14/06/2022;-15,8311495;-49,0014131;;22,500
GO;BR-070;118,000;119,000;1,000;14/06/2022;-15,7940484;-49,3007803;;42,500
GO;BR-070;119,000;120,000;1,000;14/06/2022;-15,7940484;-49,3007803;;17,500
GO;BR-070;120,000;121,000;1,000;14/06/2022;-15,7940484;-49,3007803;;36,250
GO;BR-070;121,000;122,000;1,000;14/06/2022;-15,7940484;-49,3007803;;17,500
GO;BR-070;122,000;123,000;1,000;14/06/2022;-15,7940484;-49,3007803;;30,000
GO;BR-070;123,000;124,000;1,000;14/06/2022;-15,7767979;-49,3061686;;2,500
PB;BR-434;19,400;20,000;0,600;23/06/2022;-6,690465;-37,6033116;;2,500
PB;BR-434;20,000;21,000;1,000;23/06/2022;-6,690465;-37,6033116;;10,000
PB;BR-434;21,000;22,000;1,000;23/06/2022;-6,690465;-37,6033116;;48,750
PB;BR-434;22,000;23,000;1,000;23/06/2022;-6,690465;-37,6033116;;22,500
PB;BR-434;23,000;24,000;1,000;23/06/2022;-6,690465;-37,6033116;;15,000
PB;BR-434;24,000;25,000;1,000;23/06/2022;-6,690465;-37,6033116;;7,500
PB;BR-434;25,000;26,000;1,000;23/06/2022;-6,690465;-37,6033116;;50,000
PB;BR-434;26,000;27,000;1,000;23/06/2022;-6,690465;-37,6033116;;10,000
PB;BR-434;27,000;28,000;1,000;23/06/2022;-6,690465;-37,6033116;;13,750
PB;BR-434;28,000;29,000;1,000;23/06/2022;-6,690465;-37,6033116;;61,250
PB;BR-434;29,000;30,000;1,000;23/06/2022;-6,690465;-37,6033116;;47,500
PB;BR-434;30,000;31,000;1,000;23/06/2022;-6,690465;-37,6033116;;37,500
PB;BR-434;31,000;32,000;1,000;23/06/2022;-6,690465;-37,6033116;;50,000
PB;BR-434;32,000;33,000;1,000;23/06/2022;-6,690465;-37,6033116;;37,500
PB;BR-434;33,000;34,000;1,000;23/06/2022;-6,690465;-37,6033116;;36,250
PB;BR-434;34,000;34,400;0,400;23/06/2022;-6,690465;-37,6033116;;50,000
AM;BR-174;195,000;196,000;1,000;14/06/2022;-7,5235588;-60,6696135;;61,250
AM;BR-174;196,000;197,000;1,000;14/06/2022;-7,4981772;-63,0256116;;55,000
AM;BR-174;197,000;198,000;1,000;14/06/2022;-7,4981772;-63,0256116;;72,500
AM;BR-174;198,000;199,000;1,000;14/06/2022;-7,4981772;-63,0256116;;53,750
AM;BR-174;199,000;200,000;1,000;14/06/2022;-7,4981772;-63,0256116;;53,750
AM;BR-174;200,000;201,000;1,000;14/06/2022;-7,4981772;-63,0256116;;66,250
AM;BR-174;201,000;202,000;1,000;14/06/2022;-7,4981772;-63,0256116;;70,000
AM;BR-174;202,000;203,000;1,000;14/06/2022;-7,4981772;-63,0256116;;62,500
AM;BR-174;203,000;204,000;1,000;14/06/2022;-7,4981772;-63,0256116;;66,250
AM;BR-174;204,000;205,000;1,000;14/06/2022;-7,4981772;-63,0256116;Substituição de BSTM na EST. 500 ;60,000
AM;BR-174;205,000;206,000;1,000;14/06/2022;-7,4981772;-63,0256116;;73,750
AM;BR-174;206,000;207,000;1,000;14/06/2022;-7,4981772;-63,0256116;;51,250
AM;BR-174;207,000;208,000;1,000;14/06/2022;-7,4981772;-63,0256116;;62,500
AM;BR-174;208,000;209,000;1,000;14/06/2022;-7,4981772;-63,0256116;;77,500
AM;BR-174;209,000;210,000;1,000;14/06/2022;-7,4981772;-63,0256116;;73,750
AM;BR-174;210,000;211,000;1,000;14/06/2022;-7,4981772;-63,0256116;Excesso de erosão no bordo L.D;66,250
AM;BR-174;211,000;212,000;1,000;14/06/2022;-7,4981772;-63,0256116;;53,750
AM;BR-174;212,000;213,000;1,000;14/06/2022;-7,4981772;-63,0256116;;50,000
AM;BR-174;213,000;214,000;1,000;14/06/2022;-7,4981772;-63,0256116;;56,250
AM;BR-174;214,000;215,000;1,000;14/06/2022;-7,4981772;-63,0256116;;60,000
AM;BR-174;215,000;216,000;1,000;14/06/2022;-7,4981772;-63,0256116;;50,000
AM;BR-174;216,000;217,000;1,000;14/06/2022;-7,4981772;-63,0256116;;50,000
AM;BR-174;217,000;218,000;1,000;14/06/2022;-7,4981772;-63,0256116;;42,500
AM;BR-174;218,000;219,000;1,000;14/06/2022;-7,4981772;-63,0256116;;66,250
AM;BR-174;219,000;220,000;1,000;14/06/2022;-7,4981772;-63,0256116;;50,000
AM;BR-174;220,000;221,000;1,000;14/06/2022;-7,4981772;-63,0256116;;73,750
AM;BR-174;221,000;222,000;1,000;14/06/2022;-7,4981772;-63,0256116;;70,000
AM;BR-174;222,000;223,000;1,000;14/06/2022;-7,4981772;-63,0256116;;56,250
AM;BR-174;223,000;224,000;1,000;14/06/2022;-7,4981772;-63,0256116;;50,000
AM;BR-174;224,000;225,000;1,000;14/06/2022;-7,4981772;-63,0256116;;75,000
AM;BR-174;225,000;226,000;1,000;14/06/2022;-7,4981772;-63,0256116;;57,500
AM;BR-174;226,000;227,000;1,000;14/06/2022;-7,4981772;-63,0256116;;65,000
AM;BR-230;206,000;205,000;1,000;15/06/2022;-7,1972917;-59,8896121;;22,500
AM;BR-230;205,000;204,000;1,000;15/06/2022;-7,1972917;-59,8896121;;22,500
AM;BR-230;204,000;203,000;1,000;15/06/2022;-7,1972917;-59,8896121;;20,000
AM;BR-230;203,000;202,000;1,000;15/06/2022;-7,1972917;-59,8896121;;10,000
AM;BR-230;202,000;201,000;1,000;15/06/2022;-7,1972917;-59,8896121;;5,000
AM;BR-230;201,000;200,000;1,000;15/06/2022;-7,1972917;-59,8896121;;5,000
AM;BR-230;200,000;199,000;1,000;15/06/2022;-7,1972917;-59,8896121;;20,000
AM;BR-230;199,000;198,000;1,000;15/06/2022;-7,1972917;-59,8896121;;5,000
AM;BR-230;198,000;197,000;1,000;15/06/2022;-7,1972917;-59,8896121;;5,000
AM;BR-230;197,000;196,000;1,000;15/06/2022;-7,1972917;-59,8896121;;5,000
AM;BR-230;196,000;195,000;1,000;15/06/2022;-7,1972917;-59,8896121;;5,000
AM;BR-230;195,000;194,000;1,000;15/06/2022;-7,1972917;-59,8896121;;5,000
AM;BR-230;194,000;193,000;1,000;15/06/2022;-7,1972917;-59,8896121;;5,000
AM;BR-230;193,000;192,000;1,000;15/06/2022;-7,1972917;-59,8896121;;20,000
AM;BR-230;192,000;191,000;1,000;15/06/2022;-7,1972917;-59,8896121;;5,000
AM;BR-230;191,000;190,000;1,000;15/06/2022;-7,1972917;-59,8896121;;5,000
AM;BR-230;190,000;189,000;1,000;15/06/2022;-7,1972917;-59,8896121;;5,000
AM;BR-230;189,000;188,000;1,000;15/06/2022;-7,1972917;-59,8896121;;16,250
AM;BR-230;188,000;187,000;1,000;15/06/2022;-7,1972917;-59,8896121;;12,500
AM;BR-230;187,000;186,000;1,000;15/06/2022;-7,1972917;-59,8896121;;12,500
AM;BR-230;186,000;185,000;1,000;15/06/2022;-7,1972917;-59,8896121;;12,500
AM;BR-230;185,000;184,000;1,000;15/06/2022;-7,1972917;-59,8896121;;12,500
AM;BR-230;184,000;183,000;1,000;15/06/2022;-7,1972917;-59,8896121;;5,000
AM;BR-230;183,000;182,000;1,000;15/06/2022;-7,1972917;-59,8896121;;23,750
AM;BR-230;182,000;181,000;1,000;15/06/2022;-7,1972917;-59,8896121;;70,000
AM;BR-230;181,000;180,000;1,000;15/06/2022;-7,1972917;-59,8896121;;66,250
AM;BR-230;180,000;179,000;1,000;15/06/2022;-7,1972917;-59,8896121;Trecho com erosão no eixo da rodovia ;81,250
AM;BR-230;179,000;178,000;1,000;15/06/2022;-7,1972917;-59,8896121;;85,000
AM;BR-230;178,000;177,000;1,000;15/06/2022;-7,1972917;-59,8896121;Erosão no eixo da rodovia ;73,750
AM;BR-230;177,000;176,000;1,000;15/06/2022;-7,1972917;-59,8896121;;85,000
AM;BR-230;176,000;175,000;1,000;15/06/2022;-7,1972917;-59,8896121;Erosão no eixo da rodovia ;85,000
AM;BR-230;175,000;174,000;1,000;15/06/2022;-7,1972917;-59,8896121;;85,000
AM;BR-230;174,000;173,000;1,000;15/06/2022;-7,1972917;-59,8896121;;70,000
AM;BR-230;173,000;172,000;1,000;15/06/2022;-7,1972917;-59,8896121;Erosão no eixo da rodovia ;80,000
AM;BR-230;172,000;171,000;1,000;15/06/2022;-7,1972917;-59,8896121;;62,500
AM;BR-230;171,000;170,000;1,000;15/06/2022;-7,1972917;-59,8896121;;85,000
AM;BR-230;170,000;169,000;1,000;15/06/2022;-7,1972917;-59,8896121;;66,250
AM;BR-230;169,000;168,000;1,000;15/06/2022;-7,1972917;-59,8896121;;85,000
AM;BR-230;168,000;167,000;1,000;15/06/2022;-7,1972917;-59,8896121;;85,000
AM;BR-230;167,000;166,000;1,000;15/06/2022;-7,1972917;-59,8896121;;81,250
AM;BR-230;166,000;165,000;1,000;15/06/2022;-7,1972917;-59,8896121;;70,000
AM;BR-230;165,000;164,000;1,000;15/06/2022;-7,1972917;-59,8896121;Erosão no eixo da rodovia ;58,750
AM;BR-230;164,000;163,000;1,000;15/06/2022;-7,1972917;-59,8896121;Erosão no eixo é bordo da rodovia ;77,500
AM;BR-230;163,000;162,000;1,000;15/06/2022;-7,1972917;-59,8896121;;77,500
AM;BR-230;162,000;161,000;1,000;15/06/2022;-7,1972917;-59,8896121;Erosão no eixo da rodovia ;70,000
AM;BR-230;161,000;160,000;1,000;15/06/2022;-7,1972917;-59,8896121;Erosão no bordo esquerdo ;76,250
AM;BR-230;160,000;159,000;1,000;15/06/2022;-7,1972917;-59,8896121;;81,250
AM;BR-230;159,000;158,000;1,000;15/06/2022;-7,1972917;-59,8896121;;73,750
AM;BR-230;158,000;157,000;1,000;15/06/2022;-7,1972917;-59,8896121;;73,750
AM;BR-230;157,000;156,000;1,000;15/06/2022;-7,1972917;-59,8896121;;73,750
AM;BR-230;156,000;155,000;1,000;15/06/2022;-7,1972917;-59,8896121;;85,000
AM;BR-230;155,000;154,000;1,000;15/06/2022;-7,1972917;-59,8896121;Erosão no eixo da rodovia ;77,500
AM;BR-230;154,000;153,000;1,000;15/06/2022;-7,1972917;-59,8896121;;83,750
AM;BR-230;153,000;152,000;1,000;15/06/2022;-7,1972917;-59,8896121;Erosão no eixo da rodovia ;77,500
AM;BR-230;152,000;151,000;1,000;15/06/2022;-7,1972917;-59,8896121;;88,750
AM;BR-230;151,000;150,000;1,000;15/06/2022;-7,1972917;-59,8896121;;85,000
AM;BR-230;150,000;149,000;1,000;15/06/2022;-7,1972917;-59,8896121;;88,750
AM;BR-230;149,000;148,000;1,000;15/06/2022;-7,1972917;-59,8896121;;87,500
AM;BR-230;148,000;147,000;1,000;15/06/2022;-7,1972917;-59,8896121;;90,000
AM;BR-230;147,000;146,000;1,000;15/06/2022;-7,1972917;-59,8896121;;98,750
AM;BR-230;146,000;145,000;1,000;15/06/2022;-7,1972917;-59,8896121;;83,750
AM;BR-230;145,000;144,000;1,000;15/06/2022;-7,1972917;-59,8896121;;87,500
AM;BR-230;144,000;143,000;1,000;15/06/2022;-7,1972917;-59,8896121;;98,750
AM;BR-230;143,000;142,000;1,000;15/06/2022;-7,1972917;-59,8896121;;73,750
AM;BR-230;142,000;141,000;1,000;15/06/2022;-7,1972917;-59,8896121;;97,500
AM;BR-230;141,000;140,000;1,000;15/06/2022;-7,1972917;-59,8896121;;81,250
AM;BR-230;140,000;139,000;1,000;15/06/2022;-7,1972917;-59,8896121;;67,500
AM;BR-230;139,000;138,000;1,000;16/06/2022;-7,1972917;-59,8896121;Erosão no eixo da rodovia ;45,000
AM;BR-230;138,000;137,000;1,000;16/06/2022;-6,90121168;-59,2800087;Erosão no eixo da rodovia ;66,250
AM;BR-230;137,000;136,000;1,000;16/06/2022;-6,90121168;-59,2800087;Erosão no bordo esquerdo ;66,250
AM;BR-230;136,000;135,000;1,000;16/06/2022;-6,90121168;-59,2800087;;91,250
AM;BR-230;135,000;134,000;1,000;16/06/2022;-6,90121168;-59,2800087;;91,250
AM;BR-230;134,000;133,000;1,000;16/06/2022;-6,90121168;-59,2800087;;81,250
AM;BR-230;133,000;132,000;1,000;16/06/2022;-6,90121168;-59,2800087;;91,250
AM;BR-230;132,000;131,000;1,000;16/06/2022;-6,90121168;-59,2800087;Erosão no bordo direito ;70,000
AM;BR-230;131,000;130,000;1,000;16/06/2022;-6,90121168;-59,2800087;;73,750
AM;BR-230;130,000;129,000;1,000;16/06/2022;-6,90121168;-59,2800087;Erosão no eixo e bordo direito ;73,750
AM;BR-230;129,000;128,000;1,000;16/06/2022;-6,90121168;-59,2800087;Erosão no bordo direito e eixo da rodovia ;77,500
AM;BR-230;128,000;127,000;1,000;16/06/2022;-6,90121168;-59,2800087;Erosão no eixo da rodovia ;81,250
AM;BR-230;127,000;126,000;1,000;16/06/2022;-6,90121168;-59,2800087;Erosão no eixo da rodovia e bordo direito ;77,500
AM;BR-230;126,000;125,000;1,000;16/06/2022;-6,90121168;-59,2800087;Erosão no eixo da rodovia ;92,500
AM;BR-230;125,000;124,000;1,000;16/06/2022;-6,90121168;-59,2800087;Erosão no eixo da rodovia ;88,750
AM;BR-230;124,000;123,000;1,000;16/06/2022;-6,90121168;-59,2800087;Erosão no bordo direito e eixo da rodovia ;95,000
AM;BR-230;123,000;122,000;1,000;16/06/2022;-6,90121168;-59,2800087;Erosão no eixo da rodovia e bordo esquerdo ;95,000
AM;BR-230;122,000;121,000;1,000;16/06/2022;-6,90121168;-59,2800087;Erosão no eixo da rodovia e bordo direito ;95,000
AM;BR-230;121,000;120,000;1,000;16/06/2022;-6,90121168;-59,2800087;Erosão no bordo direito e esquerdo ;95,000
AM;BR-230;120,000;119,000;1,000;16/06/2022;-6,90121168;-59,2800087;;91,250
AM;BR-230;119,000;118,000;1,000;16/06/2022;-6,90121168;-59,2800087;Erosão no bordo direito ;83,750
AM;BR-230;118,000;117,000;1,000;16/06/2022;-6,90121168;-59,2800087;Erosão no bordo esquerdo ;85,000
AM;BR-230;117,000;116,000;1,000;16/06/2022;-6,90121168;-59,2800087;Erosão no bordo direito e esquerdo da rodovia ;95,000
AM;BR-230;116,000;115,000;1,000;16/06/2022;-6,90121168;-59,2800087;;95,000
AM;BR-230;115,000;114,000;1,000;16/06/2022;-6,90121168;-59,2800087;;70,000
AM;BR-230;114,000;113,000;1,000;16/06/2022;-6,90121168;-59,2800087;Erosão no bordo esquerdo e direto ;77,500
AM;BR-230;113,000;112,000;1,000;16/06/2022;-6,90121168;-59,2800087;Erosão no bordo esquerdo e direto ;85,000
AM;BR-230;112,000;111,000;1,000;16/06/2022;-6,90121168;-59,2800087;Erosão no bordo esquerdo da rodovia ;97,500
AM;BR-230;111,000;110,000;1,000;16/06/2022;-6,90121168;-59,2800087;Erosão no eixo da rodovia e bordo direito ;88,750
AM;BR-230;110,000;109,000;1,000;16/06/2022;-6,90121168;-59,2800087;Erosão no bordo direito e esquerdo da rodovia ;92,500
AM;BR-230;109,000;108,000;1,000;16/06/2022;-6,90121168;-59,2800087;Erosão no eixo e bordos da rodovia ;77,500
AM;BR-230;108,000;107,000;1,000;16/06/2022;-6,90121168;-59,2800087;Erosão no bordo esquerdo e direto ;71,250
AM;BR-230;107,000;106,000;1,000;16/06/2022;-6,90121168;-59,2800087;;91,250
AM;BR-230;106,000;105,000;1,000;16/06/2022;-6,90121168;-59,2800087;;91,250
AM;BR-230;105,000;104,000;1,000;16/06/2022;-6,90121168;-59,2800087;;91,250
AM;BR-230;104,000;103,000;1,000;16/06/2022;-6,90121168;-59,2800087;;91,250
AM;BR-230;103,000;102,000;1,000;16/06/2022;-6,90121168;-59,2800087;;48,750
AM;BR-230;102,000;101,000;1,000;16/06/2022;-7,1975516;-59,8935699;;87,500
AM;BR-230;101,000;100,000;1,000;16/06/2022;-7,1975516;-59,8935699;Erosão no eixo da rodovia ;87,500
AM;BR-230;100,000;99,000;1,000;16/06/2022;-7,1975516;-59,8935699;Erosão no eixo da rodovia ;75,000
AM;BR-230;99,000;98,000;1,000;16/06/2022;-7,1975516;-59,8935699;;88,750
AM;BR-230;98,000;97,000;1,000;16/06/2022;-7,1975516;-59,8935699;Erosão no eixo da rodovia e bordos ;86,250
AM;BR-230;97,000;96,000;1,000;16/06/2022;-7,1975516;-59,8935699;;92,500
AM;BR-230;96,000;95,000;1,000;16/06/2022;-7,1975516;-59,8935699;Erosão no eixo da rodovia ;75,000
AM;BR-230;95,000;94,000;1,000;16/06/2022;-7,1975516;-59,8935699;;87,500
AM;BR-230;94,000;93,000;1,000;16/06/2022;-7,1975516;-59,8935699;;85,000
AM;BR-230;93,000;92,000;1,000;16/06/2022;-7,1975516;-59,8935699;Erosão no eixo da rodovia ;95,000
AM;BR-230;92,000;91,000;1,000;16/06/2022;-7,1975516;-59,8935699;Erosão no eixo da rodovia ;85,000
AM;BR-230;91,000;90,000;1,000;16/06/2022;-7,1975516;-59,8935699;Erosão no bordo direito e eixo da rodovia ;92,500
AM;BR-230;90,000;89,000;1,000;16/06/2022;-7,1975516;-59,8935699;;92,500
AM;BR-230;89,000;88,000;1,000;16/06/2022;-7,1975516;-59,8935699;;85,000
AM;BR-230;88,000;87,000;1,000;16/06/2022;-7,1975516;-59,8935699;Erosão no eixo da rodovia ;92,500
AM;BR-230;87,000;86,000;1,000;16/06/2022;-7,1975516;-59,8935699;Erosão no eixo da rodovia ;92,500
AM;BR-230;86,000;85,000;1,000;16/06/2022;-7,1975516;-59,8935699;;88,750
AM;BR-230;85,000;84,000;1,000;16/06/2022;-7,1975516;-59,8935699;Erosão no eixo da rodovia ;75,000
AM;BR-230;84,000;83,000;1,000;16/06/2022;-7,1975516;-59,8935699;;85,000
AM;BR-230;83,000;82,000;1,000;16/06/2022;-7,1975516;-59,8935699;Erosão no eixo da rodovia ;92,500
AM;BR-230;82,000;81,000;1,000;16/06/2022;-7,1975516;-59,8935699;Erosão no eixo da rodovia ;92,500
AM;BR-230;81,000;80,000;1,000;16/06/2022;-7,1975516;-59,8935699;Erosão no eixo da rodovia ;92,500
AM;BR-230;80,000;79,000;1,000;16/06/2022;-7,1975516;-59,8935699;Erosão no eixo da rodovia ;92,500
AM;BR-230;79,000;78,000;1,000;16/06/2022;-7,1975516;-59,8935699;;92,500
AM;BR-230;78,000;77,000;1,000;16/06/2022;-7,1975516;-59,8935699;;92,500
AM;BR-230;77,000;76,000;1,000;16/06/2022;-7,1975516;-59,8935699;;85,000
AM;BR-230;76,000;75,000;1,000;16/06/2022;-7,1975516;-59,8935699;;85,000
AM;BR-230;75,000;74,000;1,000;16/06/2022;-7,1975516;-59,8935699;Erosão no eixo da rodovia ;61,250
AM;BR-230;74,000;73,000;1,000;16/06/2022;-7,1975516;-59,8935699;Erosão no eixo da rodovia ;88,750
AM;BR-230;73,000;72,000;1,000;16/06/2022;-7,1975516;-59,8935699;;92,500
AM;BR-230;72,000;71,000;1,000;16/06/2022;-7,1975516;-59,8935699;;86,250
AM;BR-230;71,000;70,000;1,000;16/06/2022;-7,1975516;-59,8935699;;86,250
AM;BR-230;70,000;69,000;1,000;16/06/2022;-7,1975516;-59,8935699;;75,000
AM;BR-230;69,000;68,000;1,000;16/06/2022;-7,1975516;-59,8935699;;85,000
AM;BR-230;68,000;67,000;1,000;16/06/2022;-7,1975516;-59,8935699;;85,000
AM;BR-230;67,000;66,000;1,000;16/06/2022;-7,1975516;-59,8935699;;67,500
AM;BR-230;66,000;65,000;1,000;16/06/2022;-7,1975516;-59,8935699;;88,750
AM;BR-230;65,000;64,000;1,000;16/06/2022;-7,1975516;-59,8935699;Erosão no eixo da rodovia ;92,500
AM;BR-230;64,000;63,000;1,000;16/06/2022;-7,1975516;-59,8935699;Erosão no bordo direito e esquerdo da rodovia ;95,000
AM;BR-230;63,000;62,000;1,000;16/06/2022;-7,1975516;-59,8935699;Erosão no bordo esquerdo e direto da rodovia ;95,000
AM;BR-230;62,000;61,000;1,000;16/06/2022;-7,1975516;-59,8935699;Erosão no eixo da rodovia ;92,500
AM;BR-230;61,000;60,000;1,000;16/06/2022;-7,1975516;-59,8935699;;81,250
AM;BR-230;60,000;59,000;1,000;16/06/2022;-7,1975516;-59,8935699;Trecho com ponto crítico ;92,500
AM;BR-230;59,000;58,000;1,000;16/06/2022;-7,1975516;-59,8935699;Trecho com ponto crítico ;88,750
AM;BR-230;58,000;57,000;1,000;16/06/2022;-7,1975516;-59,8935699;;92,500
AM;BR-230;57,000;56,000;1,000;16/06/2022;-7,1975516;-59,8935699;Erosão no eixo da rodovia ;92,500
AM;BR-230;56,000;55,000;1,000;16/06/2022;-7,1975516;-59,8935699;Erosão no eixo da rodovia ;88,750
AM;BR-230;55,000;54,000;1,000;16/06/2022;-7,1975516;-59,8935699;Erosão no eixo da rodovia ;92,500
AM;BR-230;54,000;53,000;1,000;16/06/2022;-7,1975516;-59,8935699;Erosão no eixo da rodovia ;92,500
AM;BR-230;53,000;52,000;1,000;16/06/2022;-7,1975516;-59,8935699;Erosão no eixo da rodovia ;92,500
AM;BR-230;52,000;51,000;1,000;16/06/2022;-7,1975516;-59,8935699;;97,500
AM;BR-230;51,000;50,000;1,000;16/06/2022;-7,1975516;-59,8935699;Erosão no bordo esquerdo ;97,500
AM;BR-230;50,000;49,000;1,000;16/06/2022;-7,1975516;-59,8935699;Erosão no bordo direito e esquerdo da rodovia ;97,500
AM;BR-230;49,000;48,000;1,000;16/06/2022;-7,1975516;-59,8935699;Erosão no bordo esquerdo da rodovia ;92,500
AM;BR-230;48,000;47,000;1,000;16/06/2022;-7,1975516;-59,8935699;Erosão no bordo direito da rodovia ;92,500
AM;BR-230;47,000;46,000;1,000;16/06/2022;-7,1975516;-59,8935699;;88,750
AM;BR-230;46,000;45,000;1,000;16/06/2022;-7,1975516;-59,8935699;;88,750
AM;BR-230;45,000;44,000;1,000;16/06/2022;-7,1975516;-59,8935699;Erosão no eixo da rodovia ;88,750
AM;BR-230;44,000;43,000;1,000;16/06/2022;-7,1975516;-59,8935699;Erosão no eixo da rodovia ;92,500
AM;BR-230;43,000;42,000;1,000;16/06/2022;-7,1975516;-59,8935699;;78,750
AM;BR-230;42,000;41,000;1,000;16/06/2022;-7,1975516;-59,8935699;Erosão no bordo direito da rodovia ;95,000
AM;BR-230;41,000;40,000;1,000;16/06/2022;-7,1975516;-59,8935699;;78,750
AM;BR-230;40,000;39,000;1,000;16/06/2022;-7,1975516;-59,8935699;;78,750
AM;BR-230;39,000;38,000;1,000;16/06/2022;-7,1975516;-59,8935699;;53,750
AM;BR-230;38,000;37,000;1,000;16/06/2022;-7,1975516;-59,8935699;Erosão no bordo direito ;81,250
AM;BR-230;37,000;36,000;1,000;16/06/2022;-7,1975516;-59,8935699;Erosão no bordo direito e eixo ;45,000
AM;BR-230;36,000;35,000;1,000;16/06/2022;-7,1975516;-59,8935699;;77,500
AM;BR-230;35,000;34,000;1,000;16/06/2022;-7,1975516;-59,8935699;;81,250
AM;BR-230;34,000;33,000;1,000;16/06/2022;-7,1975516;-59,8935699;;88,750
AM;BR-230;33,000;32,000;1,000;16/06/2022;-7,1975516;-59,8935699;;88,750
AM;BR-230;32,000;31,000;1,000;16/06/2022;-7,1975516;-59,8935699;;88,750
AM;BR-230;31,000;30,000;1,000;16/06/2022;-7,1975516;-59,8935699;Erosão no eixo da rodovia ;88,750
AM;BR-230;30,000;29,000;1,000;16/06/2022;-7,1975516;-59,8935699;Erosão no eixo da rodovia ;88,750
AM;BR-230;29,000;28,000;1,000;16/06/2022;-7,1975516;-59,8935699;Erosão no bordo direito a;82,500
AM;BR-230;28,000;27,000;1,000;16/06/2022;-7,1975516;-59,8935699;;92,500
AM;BR-230;27,000;26,000;1,000;16/06/2022;-7,1975516;-59,8935699;;72,500
AM;BR-230;26,000;25,000;1,000;16/06/2022;-7,1975516;-59,8935699;;70,000
AM;BR-230;25,000;24,000;1,000;16/06/2022;-6,57858266;-58,4175192;;65,000
AM;BR-230;24,000;23,000;1,000;16/06/2022;-6,57858266;-58,4175192;;70,000
AM;BR-230;23,000;22,000;1,000;16/06/2022;-6,57858266;-58,4175192;Erosão no eixo da rodovia ;57,500
AM;BR-230;22,000;21,000;1,000;16/06/2022;-6,57858266;-58,4175192;;50,000
AM;BR-230;21,000;20,000;1,000;16/06/2022;-6,57858266;-58,4175192;Erosão no bordo direito ;50,000
AM;BR-230;20,000;19,000;1,000;16/06/2022;-6,57858266;-58,4175192;;35,000
AM;BR-230;19,000;18,000;1,000;16/06/2022;-6,57858266;-58,4175192;;47,500
AM;BR-230;18,000;17,000;1,000;16/06/2022;-6,57858266;-58,4175192;Erosão no bordo direito e esquerdo ;65,000
AM;BR-230;17,000;16,000;1,000;16/06/2022;-6,57858266;-58,4175192;Erosão no eixo da rodovia ;75,000
AM;BR-230;16,000;15,000;1,000;16/06/2022;-6,57858266;-58,4175192;;63,750
AM;BR-230;15,000;14,000;1,000;16/06/2022;-6,57858266;-58,4175192;Erosão no eixo da rodovia ;55,000
AM;BR-230;14,000;13,000;1,000;16/06/2022;-6,57858266;-58,4175192;Erosão no eixo da rodovia ;75,000
AM;BR-230;13,000;12,000;1,000;16/06/2022;-6,57858266;-58,4175192;;88,750
AM;BR-230;12,000;11,000;1,000;16/06/2022;-6,57858266;-58,4175192;;81,250
AM;BR-230;11,000;10,000;1,000;16/06/2022;-6,57858266;-58,4175192;;88,750
AM;BR-230;10,000;9,000;1,000;16/06/2022;-6,57858266;-58,4175192;Erosão no eixo da rodovia ;81,250
AM;BR-230;9,000;8,000;1,000;16/06/2022;-6,57858266;-58,4175192;;88,750
AM;BR-230;8,000;7,000;1,000;16/06/2022;-6,57858266;-58,4175192;;73,750
AM;BR-230;7,000;6,000;1,000;16/06/2022;-6,57858266;-58,4175192;;60,000
AM;BR-230;6,000;5,000;1,000;16/06/2022;-6,57858266;-58,4175192;Erosão no eixo da rodovia ;57,500
AM;BR-230;5,000;4,000;1,000;16/06/2022;-6,57858266;-58,4175192;Erosão no eixo da rodovia ;62,500
AM;BR-230;4,000;3,000;1,000;16/06/2022;-6,57858266;-58,4175192;Erosão no eixo da rodovia ;85,000
AM;BR-230;3,000;2,000;1,000;16/06/2022;-6,57858266;-58,4175192;;68,750
AM;BR-230;2,000;1,000;1,000;16/06/2022;-6,57858266;-58,4175192;Erosão no eixo da rodovia ;60,000
AM;BR-230;1,000;0,000;1,000;16/06/2022;-6,57858266;-58,4175192;;75,000
AM;BR-230;213,200;214,000;0,800;20/06/2022;-7,1974436;-59,8897366;;66,250
AM;BR-230;214,000;215,000;1,000;20/06/2022;-7,1990255;-59,8913362;;66,250
AM;BR-230;215,000;216,000;1,000;20/06/2022;-7,1990255;-59,8913362;;52,500
AM;BR-230;216,000;217,000;1,000;20/06/2022;-7,1990255;-59,8913362;;42,500
AM;BR-230;217,000;218,000;1,000;20/06/2022;-7,1990255;-59,8913362;;80,000
AM;BR-230;218,000;219,000;1,000;20/06/2022;-7,1990255;-59,8913362;;63,750
AM;BR-230;219,000;220,000;1,000;20/06/2022;-7,1990255;-59,8913362;;76,250
AM;BR-230;220,000;221,000;1,000;20/06/2022;-7,1990255;-59,8913362;;80,000
AM;BR-230;221,000;222,000;1,000;20/06/2022;-7,1990255;-59,8913362;;83,750
AM;BR-230;222,000;223,000;1,000;20/06/2022;-7,1990255;-59,8913362;;67,500
AM;BR-230;223,000;224,000;1,000;20/06/2022;-7,1990255;-59,8913362;;81,250
AM;BR-230;224,000;225,000;1,000;20/06/2022;-7,1990255;-59,8913362;;76,250
AM;BR-230;225,000;226,000;1,000;20/06/2022;-7,1990255;-59,8913362;;80,000
AM;BR-230;226,000;227,000;1,000;20/06/2022;-7,1990255;-59,8913362;;67,500
AM;BR-230;227,000;228,000;1,000;20/06/2022;-7,1990255;-59,8913362;;43,750
AM;BR-230;228,000;229,000;1,000;20/06/2022;-7,20068313;-59,8921812;;67,500
AM;BR-230;229,000;230,000;1,000;20/06/2022;-7,20068313;-59,8921812;;66,250
AM;BR-230;230,000;231,000;1,000;20/06/2022;-7,20068313;-59,8921812;;71,250
AM;BR-230;231,000;232,000;1,000;20/06/2022;-7,20068313;-59,8921812;;82,500
AM;BR-230;232,000;233,000;1,000;20/06/2022;-7,20068313;-59,8921812;;62,500
AM;BR-230;233,000;234,000;1,000;20/06/2022;-7,20068313;-59,8921812;;58,750
AM;BR-230;234,000;235,000;1,000;20/06/2022;-7,20068313;-59,8921812;Erosão no bordo esquerdo da rodovia ;50,000
AM;BR-230;235,000;236,000;1,000;20/06/2022;-7,20068313;-59,8921812;;60,000
AM;BR-230;236,000;237,000;1,000;20/06/2022;-7,20068313;-59,8921812;;66,250
AM;BR-230;237,000;238,000;1,000;20/06/2022;-7,20068313;-59,8921812;;56,250
AM;BR-230;238,000;239,000;1,000;20/06/2022;-7,20068313;-59,8921812;;50,000
AM;BR-230;239,000;240,000;1,000;20/06/2022;-7,20068313;-59,8921812;;58,750
AM;BR-230;240,000;241,000;1,000;20/06/2022;-7,20068313;-59,8921812;;66,250
AM;BR-230;241,000;242,000;1,000;20/06/2022;-7,20068313;-59,8921812;;60,000
AM;BR-230;242,000;243,000;1,000;20/06/2022;-7,20068313;-59,8921812;;52,500
AM;BR-230;243,000;244,000;1,000;20/06/2022;-7,20068313;-59,8921812;;75,000
AM;BR-230;244,000;245,000;1,000;20/06/2022;-7,20068313;-59,8921812;;75,000
AM;BR-230;245,000;246,000;1,000;20/06/2022;-7,20068313;-59,8921812;;67,500
AM;BR-230;246,000;247,000;1,000;20/06/2022;-7,20068313;-59,8921812;;77,500
AM;BR-230;247,000;248,000;1,000;20/06/2022;-7,20068313;-59,8921812;;92,500
AM;BR-230;248,000;249,000;1,000;20/06/2022;-7,20068313;-59,8921812;;51,250
AM;BR-230;249,000;250,000;1,000;20/06/2022;-7,20068313;-59,8921812;;73,750
AM;BR-230;250,000;251,000;1,000;20/06/2022;-7,20068313;-59,8921812;;60,000
AM;BR-230;251,000;252,000;1,000;20/06/2022;-7,20068313;-59,8921812;;60,000
AM;BR-230;252,000;253,000;1,000;20/06/2022;-7,20068313;-59,8921812;;58,750
AM;BR-230;253,000;254,000;1,000;20/06/2022;-7,20068313;-59,8921812;;53,750
AM;BR-230;254,000;255,000;1,000;20/06/2022;-7,20068313;-59,8921812;;56,250
AM;BR-230;255,000;256,000;1,000;20/06/2022;-7,20068313;-59,8921812;;55,000
AM;BR-230;256,000;257,000;1,000;20/06/2022;-7,20068313;-59,8921812;;67,500
AM;BR-230;257,000;258,000;1,000;20/06/2022;-7,20068313;-59,8921812;;60,000
AM;BR-230;258,000;259,000;1,000;20/06/2022;-7,20068313;-59,8921812;;75,000
AM;BR-230;259,000;260,000;1,000;20/06/2022;-7,20068313;-59,8921812;;75,000
AM;BR-230;260,000;261,000;1,000;20/06/2022;-7,20068313;-59,8921812;;61,250
AM;BR-230;261,000;262,000;1,000;20/06/2022;-7,20068313;-59,8921812;;61,250
AM;BR-230;262,000;263,000;1,000;20/06/2022;-7,20068313;-59,8921812;;78,750
AM;BR-230;263,000;264,000;1,000;20/06/2022;-7,20068313;-59,8921812;Erosão no eixo da rodovia ;67,500
AM;BR-230;264,000;265,000;1,000;20/06/2022;-7,20068313;-59,8921812;Erosão no lado esquerdo da rodovia ;62,500
AM;BR-230;265,000;266,000;1,000;20/06/2022;-7,20068313;-59,8921812;Erosão no lado direito e esquerdo da rodovia ;61,250
AM;BR-230;266,000;267,000;1,000;20/06/2022;-7,20068313;-59,8921812;Erosão no eixo da rodovia ;68,750
AM;BR-230;267,000;268,000;1,000;20/06/2022;-7,20068313;-59,8921812;;71,250
AM;BR-230;268,000;269,000;1,000;20/06/2022;-7,20068313;-59,8921812;;43,750
AM;BR-230;269,000;270,000;1,000;20/06/2022;-7,20068313;-59,8921812;Erosão no eixo da rodovia ;58,750
AM;BR-230;270,000;271,000;1,000;20/06/2022;-7,20068313;-59,8921812;Erosão no eixo da rodovia ;57,500
AM;BR-230;271,000;272,000;1,000;20/06/2022;-7,20068313;-59,8921812;Erosão no eixo da rodovia ;55,000
AM;BR-230;272,000;273,000;1,000;20/06/2022;-7,20068313;-59,8921812;;63,750
AM;BR-230;273,000;274,000;1,000;20/06/2022;-7,20068313;-59,8921812;Erosão no eixo da rodovia ;63,750
AM;BR-230;274,000;275,000;1,000;20/06/2022;-7,20068313;-59,8921812;;53,750
AM;BR-230;275,000;276,000;1,000;20/06/2022;-7,20068313;-59,8921812;;55,000
AM;BR-230;276,000;277,000;1,000;20/06/2022;-7,20068313;-59,8921812;;70,000
AM;BR-230;277,000;278,000;1,000;20/06/2022;-7,20068313;-59,8921812;;73,750
AM;BR-230;278,000;279,000;1,000;20/06/2022;-7,20068313;-59,8921812;Erosão lado direito e esquerdo da rodovia ;78,750
AM;BR-230;279,000;280,000;1,000;20/06/2022;-7,20068313;-59,8921812;Erosão no eixo da rodovia ;76,250
AM;BR-230;280,000;281,000;1,000;20/06/2022;-7,20068313;-59,8921812;;51,250
AM;BR-230;281,000;282,000;1,000;20/06/2022;-7,20068313;-59,8921812;Erosão no eixo da rodovia ;86,250
AM;BR-230;282,000;283,000;1,000;20/06/2022;-7,20068313;-59,8921812;;83,750
AM;BR-230;283,000;284,000;1,000;20/06/2022;-7,20068313;-59,8921812;;71,250
AM;BR-230;284,000;285,000;1,000;20/06/2022;-7,20068313;-59,8921812;;82,500
AM;BR-230;285,000;286,000;1,000;20/06/2022;-7,20068313;-59,8921812;;96,250
AM;BR-230;286,000;287,000;1,000;20/06/2022;-7,20068313;-59,8921812;;78,750
AM;BR-230;287,000;288,000;1,000;20/06/2022;-7,20068313;-59,8921812;;100,000
AM;BR-230;288,000;289,000;1,000;20/06/2022;-7,20068313;-59,8921812;;82,500
AM;BR-230;289,000;290,000;1,000;20/06/2022;-7,20068313;-59,8921812;Erosão no eixo da rodovia ;63,750
AM;BR-230;290,000;291,000;1,000;20/06/2022;-7,20068313;-59,8921812;;63,750
AM;BR-230;291,000;292,000;1,000;20/06/2022;-7,20068313;-59,8921812;Erosão no eixo da rodovia ;81,250
AM;BR-230;292,000;293,000;1,000;20/06/2022;-7,20068313;-59,8921812;;73,750
AM;BR-230;293,000;294,000;1,000;20/06/2022;-7,20068313;-59,8921812;;83,750
AM;BR-230;294,000;295,000;1,000;20/06/2022;-7,20068313;-59,8921812;;80,000
AM;BR-230;295,000;296,000;1,000;20/06/2022;-7,20068313;-59,8921812;Erosão no eixo da rodovia ;77,500
AM;BR-230;296,000;297,000;1,000;20/06/2022;-7,20068313;-59,8921812;Erosão no eixo da rodovia ;72,500
AM;BR-230;297,000;298,000;1,000;20/06/2022;-7,20068313;-59,8921812;Erosão no eixo da rodovia ;68,750
AM;BR-230;298,000;299,000;1,000;20/06/2022;-7,20068313;-59,8921812;Erosão no eixo da rodovia ;90,000
AM;BR-230;299,000;300,000;1,000;20/06/2022;-7,20068313;-59,8921812;Erosão lado direito e esquerdo da rodovia ;93,750
AM;BR-230;300,000;301,000;1,000;20/06/2022;-7,20068313;-59,8921812;;90,000
AM;BR-230;301,000;302,000;1,000;20/06/2022;-7,20068313;-59,8921812;Erosão lado direito e esquerdo da rodovia ;95,000
AM;BR-230;302,000;303,000;1,000;20/06/2022;-7,20068313;-59,8921812;;86,250
AM;BR-230;303,000;304,000;1,000;20/06/2022;-7,20068313;-59,8921812;Erosão no eixo da rodovia ;95,000
AM;BR-230;304,000;305,000;1,000;20/06/2022;-7,20068313;-59,8921812;Erosão lado direito e esquerdo da rodovia ;86,250
AM;BR-230;305,000;306,000;1,000;20/06/2022;-7,20068313;-59,8921812;Erosão no eixo da rodovia ;70,000
AM;BR-230;306,000;307,000;1,000;20/06/2022;-7,20068313;-59,8921812;;86,250
AM;BR-230;307,000;308,000;1,000;20/06/2022;-7,20068313;-59,8921812;;92,500
AM;BR-230;308,000;309,000;1,000;20/06/2022;-7,20068313;-59,8921812;;80,000
AM;BR-230;309,000;310,000;1,000;20/06/2022;-7,20068313;-59,8921812;;80,000
AM;BR-230;310,000;311,000;1,000;20/06/2022;-7,20068313;-59,8921812;Erosão no eixo da rodovia ;71,250
AM;BR-230;311,000;312,000;1,000;20/06/2022;-7,20068313;-59,8921812;;86,250
AM;BR-230;312,000;313,000;1,000;20/06/2022;-7,20068313;-59,8921812;;90,000
AM;BR-230;313,000;314,400;1,400;20/06/2022;-7,20068313;-59,8921812;;80,000
AM;BR-230;314,800;315,000;0,200;22/06/2022;-7,1937609;-59,8910493;;90,000
AM;BR-230;315,000;316,000;1,000;22/06/2022;-7,1937609;-59,8910493;;81,250
AM;BR-230;316,000;317,000;1,000;22/06/2022;-7,1937609;-59,8910493;;96,250
AM;BR-230;317,000;318,000;1,000;22/06/2022;-7,1937609;-59,8910493;;96,250
AM;BR-230;318,000;319,000;1,000;22/06/2022;-7,1937609;-59,8910493;;93,750
AM;BR-230;319,000;320,000;1,000;22/06/2022;-7,1937609;-59,8910493;;93,750
AM;BR-230;320,000;321,000;1,000;22/06/2022;-7,1937609;-59,8910493;;93,750
AM;BR-230;321,000;322,000;1,000;22/06/2022;-7,1937609;-59,8910493;;78,750
AM;BR-230;322,000;323,000;1,000;22/06/2022;-7,1937609;-59,8910493;;90,000
AM;BR-230;323,000;324,000;1,000;22/06/2022;-7,1937609;-59,8910493;;93,750
AM;BR-230;324,000;325,000;1,000;22/06/2022;-7,1937609;-59,8910493;;78,750
AM;BR-230;325,000;326,000;1,000;22/06/2022;-7,1937609;-59,8910493;;93,750
AM;BR-230;326,000;327,000;1,000;22/06/2022;-7,1937609;-59,8910493;Erosão no eixo da rodovia ;90,000
AM;BR-230;327,000;328,000;1,000;22/06/2022;-7,1937609;-59,8910493;;76,250
AM;BR-230;328,000;329,000;1,000;22/06/2022;-7,1937609;-59,8910493;;93,750
AM;BR-230;329,000;330,000;1,000;22/06/2022;-7,1937609;-59,8910493;Erosão no eixo da rodovia ;87,500
AM;BR-230;330,000;331,000;1,000;22/06/2022;-7,1937609;-59,8910493;Erosão no eixo da rodovia ;80,000
AM;BR-230;331,000;332,000;1,000;22/06/2022;-7,1937609;-59,8910493;;80,000
AM;BR-230;332,000;333,000;1,000;22/06/2022;-7,1937609;-59,8910493;Erosão no eixo da rodovia ;93,750
AM;BR-230;333,000;334,000;1,000;22/06/2022;-7,1937609;-59,8910493;;93,750
AM;BR-230;334,000;335,000;1,000;22/06/2022;-7,1937609;-59,8910493;Erosão no eixo da rodovia;66,250
AM;BR-230;335,000;336,000;1,000;22/06/2022;-7,1937609;-59,8910493;Erosão no eixo é bordo da rodovia ;97,500
AM;BR-230;336,000;337,000;1,000;22/06/2022;-7,1937609;-59,8910493;;93,750
AM;BR-230;337,000;338,000;1,000;22/06/2022;-7,1937609;-59,8910493;;40,000
AM;BR-230;338,000;339,000;1,000;22/06/2022;-7,1937609;-59,8910493;;87,500
AM;BR-230;339,000;340,000;1,000;22/06/2022;-7,1937609;-59,8910493;;76,250
AM;BR-230;340,000;341,000;1,000;22/06/2022;-7,1937609;-59,8910493;;76,250
AM;BR-230;341,000;342,000;1,000;22/06/2022;-7,1937609;-59,8910493;;80,000
AM;BR-230;342,000;343,000;1,000;22/06/2022;-7,1937609;-59,8910493;;95,000
AM;BR-230;343,000;344,000;1,000;22/06/2022;-7,1937609;-59,8910493;erosão no bordo esquerdo ;66,250
AM;BR-230;344,000;345,000;1,000;22/06/2022;-7,1937609;-59,8910493;;10,000
AM;BR-230;345,000;346,000;1,000;22/06/2022;-7,1937609;-59,8910493;;0,000
AM;BR-230;346,000;347,000;1,000;22/06/2022;-7,1937609;-59,8910493;;0,000
AM;BR-230;347,000;348,000;1,000;22/06/2022;-7,1937609;-59,8910493;;0,000
AM;BR-230;348,000;349,000;1,000;22/06/2022;-7,1937609;-59,8910493;;0,000
AM;BR-230;349,000;350,000;1,000;22/06/2022;-7,1937609;-59,8910493;;5,000
AM;BR-230;350,000;351,000;1,000;22/06/2022;-7,1937609;-59,8910493;;5,000
AM;BR-230;351,000;352,000;1,000;22/06/2022;-7,1937609;-59,8910493;;5,000
AM;BR-230;352,000;353,000;1,000;22/06/2022;-7,1937609;-59,8910493;;5,000
AM;BR-230;353,000;354,000;1,000;22/06/2022;-7,1937609;-59,8910493;;5,000
AM;BR-230;354,000;355,000;1,000;22/06/2022;-7,1937609;-59,8910493;;5,000
AM;BR-230;355,000;356,000;1,000;22/06/2022;-7,1937609;-59,8910493;;5,000
AM;BR-230;356,000;357,000;1,000;22/06/2022;-7,1937609;-59,8910493;;5,000
AM;BR-230;357,000;358,000;1,000;22/06/2022;-7,1937609;-59,8910493;;5,000
AM;BR-230;358,000;359,000;1,000;22/06/2022;-7,1937609;-59,8910493;;10,000
AM;BR-230;359,000;360,000;1,000;22/06/2022;-7,1937609;-59,8910493;;2,500
AM;BR-230;360,000;361,000;1,000;22/06/2022;-7,1937609;-59,8910493;;5,000
AM;BR-230;361,000;362,000;1,000;22/06/2022;-7,1937609;-59,8910493;;5,000
AM;BR-230;362,000;363,000;1,000;22/06/2022;-7,1937609;-59,8910493;;10,000
AM;BR-230;363,000;364,000;1,000;22/06/2022;-7,1937609;-59,8910493;;10,000
AM;BR-230;364,000;365,000;1,000;22/06/2022;-7,1937609;-59,8910493;;5,000
AM;BR-230;365,000;366,000;1,000;22/06/2022;-7,1937609;-59,8910493;;10,000
AM;BR-230;366,000;367,000;1,000;22/06/2022;-7,1937609;-59,8910493;;10,000
AM;BR-230;367,000;368,000;1,000;22/06/2022;-7,1937609;-59,8910493;;10,000
AM;BR-230;368,000;369,000;1,000;22/06/2022;-7,1937609;-59,8910493;;10,000
AM;BR-230;369,000;370,000;1,000;22/06/2022;-7,1937609;-59,8910493;;10,000
AM;BR-230;370,000;371,000;1,000;22/06/2022;-7,1937609;-59,8910493;;10,000
AM;BR-230;371,000;372,000;1,000;22/06/2022;-7,1937609;-59,8910493;;10,000
AM;BR-230;372,000;373,000;1,000;22/06/2022;-7,1937609;-59,8910493;;12,500
AM;BR-230;373,000;374,000;1,000;22/06/2022;-7,1937609;-59,8910493;;10,000
AM;BR-230;374,000;375,000;1,000;22/06/2022;-7,1937609;-59,8910493;;10,000
AM;BR-230;375,000;376,000;1,000;22/06/2022;-7,1937609;-59,8910493;;10,000
AM;BR-230;376,000;377,000;1,000;22/06/2022;-7,1937609;-59,8910493;;10,000
AM;BR-230;377,000;378,000;1,000;22/06/2022;-7,1937609;-59,8910493;;10,000
AM;BR-230;378,000;379,000;1,000;22/06/2022;-7,1937609;-59,8910493;;10,000
AM;BR-230;379,000;380,000;1,000;22/06/2022;-7,1937609;-59,8910493;;10,000
AM;BR-230;380,000;381,000;1,000;22/06/2022;-7,1937609;-59,8910493;;12,500
AM;BR-230;381,000;382,000;1,000;22/06/2022;-7,1937609;-59,8910493;;10,000
AM;BR-230;382,000;383,000;1,000;22/06/2022;-7,1937609;-59,8910493;;10,000
AM;BR-230;383,000;384,000;1,000;22/06/2022;-7,1937609;-59,8910493;;10,000
AM;BR-230;384,000;385,000;1,000;22/06/2022;-7,1937609;-59,8910493;;10,000
AM;BR-230;385,000;386,000;1,000;22/06/2022;-7,1937609;-59,8910493;;32,500
AM;BR-230;386,000;387,000;1,000;22/06/2022;-7,1937609;-59,8910493;;32,500
AM;BR-230;387,000;388,000;1,000;22/06/2022;-7,1937609;-59,8910493;;10,000
AM;BR-230;388,000;389,000;1,000;22/06/2022;-7,1937609;-59,8910493;;10,000
AM;BR-230;389,000;390,000;1,000;22/06/2022;-7,1937609;-59,8910493;;10,000
AM;BR-230;390,000;391,000;1,000;22/06/2022;-7,1937609;-59,8910493;;10,000
AM;BR-230;391,000;392,000;1,000;22/06/2022;-7,1937609;-59,8910493;;10,000
AM;BR-230;392,000;393,000;1,000;22/06/2022;-7,1937609;-59,8910493;;10,000
AM;BR-230;393,000;394,000;1,000;22/06/2022;-7,1937609;-59,8910493;;10,000
AM;BR-230;394,000;395,000;1,000;22/06/2022;-7,1937609;-59,8910493;;10,000
AM;BR-230;395,000;396,000;1,000;22/06/2022;-7,1937609;-59,8910493;;10,000
AM;BR-230;396,000;397,000;1,000;22/06/2022;-7,1937609;-59,8910493;;10,000
AM;BR-230;397,000;398,000;1,000;22/06/2022;-7,1937609;-59,8910493;;10,000
AM;BR-230;398,000;399,000;1,000;22/06/2022;-7,1937609;-59,8910493;;10,000
AM;BR-230;399,000;400,600;1,600;22/06/2022;-7,1937609;-59,8910493;;10,000
BA;BR-135;205,800;206,000;0,200;20/06/2022;-12,3565133;-44,9799566;;10,000
BA;BR-135;206,000;207,000;1,000;20/06/2022;-12,369405;-44,9731216;;42,500
BA;BR-135;207,000;208,000;1,000;20/06/2022;-12,369405;-44,9731216;;10,000
BA;BR-135;208,000;209,000;1,000;20/06/2022;-12,369405;-44,9731216;;3,750
BA;BR-135;209,000;210,000;1,000;20/06/2022;-12,369405;-44,9731216;;3,750
BA;BR-135;210,000;211,000;1,000;20/06/2022;-12,369405;-44,9731216;;17,500
BA;BR-135;211,000;212,000;1,000;20/06/2022;-12,369405;-44,9731216;;3,750
BA;BR-135;212,000;213,000;1,000;20/06/2022;-12,369405;-44,9731216;;18,750
BA;BR-135;213,000;214,000;1,000;20/06/2022;-12,369405;-44,9731216;;18,750
BA;BR-135;214,000;215,000;1,000;20/06/2022;-12,369405;-44,9731216;;18,750
BA;BR-135;215,000;216,000;1,000;20/06/2022;-12,369405;-44,9731216;;26,250
BA;BR-135;216,000;217,000;1,000;20/06/2022;-12,369405;-44,9731216;;18,750
BA;BR-135;217,000;218,000;1,000;20/06/2022;-12,369405;-44,9731216;;18,750
BA;BR-135;218,000;219,000;1,000;20/06/2022;-12,369405;-44,9731216;;26,250
BA;BR-135;219,000;220,000;1,000;20/06/2022;-12,369405;-44,9731216;;26,250
BA;BR-135;220,000;221,000;1,000;20/06/2022;-12,369405;-44,9731216;;26,250
BA;BR-135;221,000;222,000;1,000;20/06/2022;-12,369405;-44,9731216;;26,250
BA;BR-135;222,000;223,000;1,000;20/06/2022;-12,369405;-44,9731216;;31,250
BA;BR-135;223,000;224,000;1,000;20/06/2022;-12,369405;-44,9731216;;45,000
BA;BR-135;224,000;225,000;1,000;20/06/2022;-12,3956383;-44,84014;;18,750
BA;BR-135;225,000;226,000;1,000;20/06/2022;-12,4009683;-44,8348266;;18,750
BA;BR-135;226,000;227,000;1,000;20/06/2022;-12,4009683;-44,8348266;;18,750
BA;BR-135;227,000;228,000;1,000;20/06/2022;-12,4009683;-44,8348266;;18,750
BA;BR-135;306,500;307,000;0,500;20/06/2022;-13,0435916;-44,6218716;;22,500
BA;BR-135;307,000;307,100;0,100;20/06/2022;-13,0441533;-44,62225;;2,500
PA;BR-308;226,000;227,000;1,000;27/06/2022;-1,0287928;-46,6395705;;35,000
PA;BR-308;227,000;228,000;1,000;27/06/2022;-1,132793;-46,6091279;;17,500
PA;BR-308;228,000;229,000;1,000;27/06/2022;-1,132793;-46,6091279;;30,000
PA;BR-308;229,000;230,000;1,000;27/06/2022;-1,132793;-46,6091279;;30,000
PA;BR-308;230,000;231,000;1,000;27/06/2022;-1,132793;-46,6091279;;30,000
PA;BR-308;231,000;232,000;1,000;27/06/2022;-1,132793;-46,6091279;;30,000
PA;BR-308;232,000;233,000;1,000;27/06/2022;-1,132793;-46,6091279;;30,000
PA;BR-308;233,000;234,000;1,000;27/06/2022;-1,132793;-46,6091279;;30,000
PA;BR-308;234,000;235,000;1,000;27/06/2022;-1,132793;-46,6091279;;30,000
PA;BR-308;235,000;236,000;1,000;27/06/2022;-1,132793;-46,6091279;;30,000
PA;BR-308;236,000;237,000;1,000;27/06/2022;-1,132793;-46,6091279;;30,000
PA;BR-308;237,000;238,000;1,000;27/06/2022;-1,132793;-46,6091279;;30,000
PA;BR-308;238,000;239,000;1,000;27/06/2022;-1,132793;-46,6091279;;30,000
PA;BR-308;239,000;240,000;1,000;27/06/2022;-1,132793;-46,6091279;;30,000
PA;BR-308;240,000;241,000;1,000;27/06/2022;-1,2392589;-46,5903712;;30,000
PA;BR-308;241,000;242,000;1,000;27/06/2022;-1,2392589;-46,5903712;;30,000
PA;BR-308;242,000;243,000;1,000;27/06/2022;-1,2392589;-46,5903712;;30,000
PA;BR-308;243,000;244,000;1,000;27/06/2022;-1,2392589;-46,5903712;;30,000
PA;BR-308;244,000;245,000;1,000;27/06/2022;-1,2646082;-46,5875069;;30,000
PA;BR-308;245,000;246,000;1,000;27/06/2022;-1,2646082;-46,5875069;;30,000
PA;BR-308;246,000;247,000;1,000;27/06/2022;-1,2919413;-46,5834364;;30,000
PA;BR-308;247,000;248,000;1,000;27/06/2022;-1,2929436;-46,5835102;;30,000
PA;BR-308;248,000;249,000;1,000;27/06/2022;-1,2929436;-46,5835102;;30,000
PA;BR-308;249,000;250,000;1,000;27/06/2022;-1,2929436;-46,5835102;;30,000
PA;BR-308;250,000;251,000;1,000;27/06/2022;-1,2929436;-46,5835102;;30,000
PA;BR-308;251,000;252,000;1,000;27/06/2022;-1,2929436;-46,5835102;;30,000
PA;BR-308;252,000;253,000;1,000;27/06/2022;-1,2929436;-46,5835102;;30,000
PA;BR-308;253,000;254,000;1,000;27/06/2022;-1,2929436;-46,5835102;;30,000
PA;BR-308;254,000;255,000;1,000;27/06/2022;-1,2929436;-46,5835102;;30,000
PA;BR-308;255,000;256,000;1,000;27/06/2022;-1,2929436;-46,5835102;;30,000
PA;BR-308;256,000;257,000;1,000;27/06/2022;-1,2929436;-46,5835102;;30,000
PA;BR-308;257,000;258,000;1,000;27/06/2022;-1,2929436;-46,5835102;;30,000
PA;BR-308;258,000;259,000;1,000;27/06/2022;-1,2929436;-46,5835102;;30,000
PA;BR-308;259,000;260,000;1,000;27/06/2022;-1,2929436;-46,5835102;;30,000
PA;BR-308;260,000;261,000;1,000;27/06/2022;-1,2929436;-46,5835102;;30,000
PA;BR-308;261,000;262,000;1,000;27/06/2022;-1,2929436;-46,5835102;;30,000
PA;BR-308;262,000;263,000;1,000;27/06/2022;-1,2929436;-46,5835102;;30,000
PA;BR-308;263,000;264,000;1,000;27/06/2022;-1,2929436;-46,5835102;;30,000
PA;BR-308;264,000;265,000;1,000;27/06/2022;-1,2929436;-46,5835102;;30,000
PA;BR-308;265,000;266,000;1,000;27/06/2022;-1,2929436;-46,5835102;;30,000
PA;BR-308;268,000;269,000;1,000;27/06/2022;-1,2929436;-46,5835102;;30,000
PA;BR-308;269,000;270,000;1,000;27/06/2022;-1,2929436;-46,5835102;;17,500
PA;BR-308;270,000;271,000;1,000;27/06/2022;-1,2929436;-46,5835102;;30,000
PA;BR-308;271,000;272,000;1,000;27/06/2022;-1,2929436;-46,5835102;;2,500
PA;BR-308;272,000;273,000;1,000;27/06/2022;-1,2929436;-46,5835102;;2,500
PA;BR-308;273,000;274,000;1,000;27/06/2022;-1,2929436;-46,5835102;;2,500
PA;BR-308;274,000;275,000;1,000;27/06/2022;-1,2929436;-46,5835102;;2,500
PA;BR-308;275,000;276,000;1,000;27/06/2022;-1,2929436;-46,5835102;;2,500
PA;BR-308;276,000;277,000;1,000;27/06/2022;-1,2929436;-46,5835102;;2,500
PA;BR-308;277,000;278,000;1,000;27/06/2022;-1,2929436;-46,5835102;;2,500
PA;BR-308;278,000;279,000;1,000;27/06/2022;-1,2929436;-46,5835102;;2,500
PA;BR-308;279,000;280,000;1,000;27/06/2022;-1,2929436;-46,5835102;;2,500
PA;BR-308;280,000;281,000;1,000;27/06/2022;-1,2929436;-46,5835102;;30,000
PA;BR-308;281,000;282,000;1,000;27/06/2022;-1,2929436;-46,5835102;;2,500
PA;BR-308;282,000;283,000;1,000;27/06/2022;-1,2929436;-46,5835102;;2,500
PA;BR-308;283,000;284,000;1,000;27/06/2022;-1,2929436;-46,5835102;;2,500
PA;BR-308;284,000;285,000;1,000;27/06/2022;-1,2929436;-46,5835102;;2,500
PA;BR-308;285,000;286,000;1,000;27/06/2022;-1,2929436;-46,5835102;;2,500
PA;BR-308;286,000;287,000;1,000;27/06/2022;-1,2929436;-46,5835102;;2,500
PA;BR-308;287,000;288,000;1,000;27/06/2022;-1,2929436;-46,5835102;;2,500
PA;BR-308;288,000;289,000;1,000;27/06/2022;-1,2929436;-46,5835102;;30,000
PA;BR-308;289,000;290,000;1,000;27/06/2022;-1,2929436;-46,5835102;;37,500
PA;BR-308;290,000;291,000;1,000;27/06/2022;-1,2929436;-46,5835102;;30,000
PA;BR-308;291,000;292,000;1,000;27/06/2022;-1,2929436;-46,5835102;;30,000
PA;BR-308;292,000;293,000;1,000;27/06/2022;-1,2929436;-46,5835102;;36,250
PA;BR-308;293,000;294,000;1,000;27/06/2022;-1,2929436;-46,5835102;;30,000
PA;BR-308;294,000;295,000;1,000;27/06/2022;-1,2929436;-46,5835102;;30,000
PA;BR-308;295,000;296,000;1,000;27/06/2022;-1,2929436;-46,5835102;;30,000
PA;BR-308;296,000;297,000;1,000;27/06/2022;-1,2929436;-46,5835102;;30,000
PA;BR-308;297,000;298,000;1,000;27/06/2022;-1,2929436;-46,5835102;;30,000
PA;BR-308;298,000;299,000;1,000;27/06/2022;-1,2929436;-46,5835102;;30,000
PA;BR-308;299,000;300,000;1,000;27/06/2022;-1,2929436;-46,5835102;;30,000
PA;BR-308;300,000;301,000;1,000;27/06/2022;-1,2929436;-46,5835102;;30,000
PA;BR-308;301,000;302,000;1,000;27/06/2022;-1,2929436;-46,5835102;;30,000
PA;BR-308;302,000;303,000;1,000;27/06/2022;-1,2929436;-46,5835102;;37,500
PA;BR-308;306,000;307,000;1,000;27/06/2022;-1,2929436;-46,5835102;;2,500
PA;BR-308;307,000;308,000;1,000;27/06/2022;-1,2929436;-46,5835102;;2,500
PA;BR-308;308,000;309,000;1,000;27/06/2022;-1,2929436;-46,5835102;;30,000
PA;BR-308;309,000;310,000;1,000;27/06/2022;-1,2929436;-46,5835102;;30,000
PA;BR-308;310,000;311,000;1,000;27/06/2022;-1,2929436;-46,5835102;;30,000
PA;BR-308;311,000;312,000;1,000;27/06/2022;-1,2929436;-46,5835102;;30,000
PA;BR-308;312,000;313,000;1,000;27/06/2022;-1,2929436;-46,5835102;;30,000
PA;BR-308;313,000;314,000;1,000;27/06/2022;-1,2929436;-46,5835102;;30,000
PA;BR-308;314,000;315,000;1,000;27/06/2022;-1,2929436;-46,5835102;;30,000
PA;BR-308;315,000;316,000;1,000;27/06/2022;-1,2929436;-46,5835102;;30,000
PA;BR-308;316,000;317,000;1,000;27/06/2022;-1,2929436;-46,5835102;;30,000
PA;BR-308;317,000;318,000;1,000;27/06/2022;-1,2929436;-46,5835102;;2,500
PA;BR-308;318,000;319,000;1,000;27/06/2022;-1,2929436;-46,5835102;;30,000
BA;BR-135;319,800;320,000;0,200;20/06/2022;-13,1546466;-44,6166966;;22,500
BA;BR-135;320,000;321,000;1,000;20/06/2022;-13,154735;-44,61669;;2,500
BA;BR-135;321,000;321,200;0,200;20/06/2022;-13,154735;-44,61669;;2,500
BA;BR-135;323,400;324,000;0,600;20/06/2022;-13,1826816;-44,6174433;;30,000
BA;BR-135;324,000;325,000;1,000;20/06/2022;-13,1825866;-44,617455;;23,750
BA;BR-135;325,000;325,300;0,300;20/06/2022;-13,1825866;-44,617455;;22,500
MS;BR-419;64,000;65,000;1,000;27/06/2022;-20,4309151;-54,648049;;45,000
MS;BR-419;65,000;66,000;1,000;27/06/2022;-20,4309151;-54,648049;;45,000
MS;BR-419;66,000;67,000;1,000;27/06/2022;-20,4309151;-54,648049;;22,500
MS;BR-419;67,000;68,000;1,000;27/06/2022;-20,4309151;-54,648049;;35,000
MS;BR-419;68,000;69,000;1,000;27/06/2022;-20,4309151;-54,648049;;30,000
MS;BR-419;69,000;70,000;1,000;27/06/2022;-20,4309151;-54,648049;;30,000
MS;BR-419;70,000;71,000;1,000;27/06/2022;-20,4309151;-54,648049;;35,000
MS;BR-419;71,000;72,000;1,000;27/06/2022;-20,4309151;-54,648049;;22,500
MS;BR-419;72,000;73,000;1,000;27/06/2022;-20,4309151;-54,648049;;35,000
MS;BR-419;73,000;74,000;1,000;27/06/2022;-20,4309151;-54,648049;;42,500
MS;BR-419;74,000;75,000;1,000;27/06/2022;-20,4309151;-54,648049;;22,500
MS;BR-419;75,000;76,000;1,000;27/06/2022;-20,4309151;-54,648049;;22,500
MS;BR-419;76,000;77,000;1,000;27/06/2022;-20,4309151;-54,648049;;30,000
MS;BR-419;77,000;78,000;1,000;27/06/2022;-20,4309151;-54,648049;;22,500
MS;BR-419;78,000;79,000;1,000;27/06/2022;-20,4309151;-54,648049;;30,000
MS;BR-419;79,000;80,000;1,000;27/06/2022;-20,4309151;-54,648049;;22,500
MS;BR-419;80,000;81,000;1,000;27/06/2022;-20,4309151;-54,648049;;25,000
MS;BR-419;81,000;82,000;1,000;27/06/2022;-20,4309151;-54,648049;;35,000
MS;BR-419;82,000;83,000;1,000;27/06/2022;-20,4309151;-54,648049;;22,500
MS;BR-419;83,000;84,000;1,000;27/06/2022;-20,4309151;-54,648049;;22,500
MS;BR-419;84,000;85,000;1,000;27/06/2022;-20,4309151;-54,648049;;42,500
MS;BR-419;85,000;86,000;1,000;27/06/2022;-20,4309151;-54,648049;;22,500
MS;BR-419;86,000;87,000;1,000;27/06/2022;-20,4309151;-54,648049;;22,500
MS;BR-419;87,000;88,000;1,000;27/06/2022;-20,4309151;-54,648049;;22,500
MS;BR-419;88,000;89,000;1,000;27/06/2022;-20,4309151;-54,648049;;22,500
MS;BR-419;89,000;90,000;1,000;27/06/2022;-20,4309151;-54,648049;;22,500
MS;BR-419;90,000;91,000;1,000;27/06/2022;-20,4309151;-54,648049;;35,000
MS;BR-419;91,000;92,000;1,000;27/06/2022;-20,4309151;-54,648049;;22,500
MS;BR-419;92,000;93,000;1,000;27/06/2022;-20,4309151;-54,648049;;22,500
MS;BR-419;93,000;94,000;1,000;27/06/2022;-20,4309151;-54,648049;;35,000
MS;BR-419;94,000;95,000;1,000;27/06/2022;-20,4309151;-54,648049;;35,000
MS;BR-419;95,000;96,000;1,000;27/06/2022;-20,4309151;-54,648049;;35,000
MS;BR-419;96,000;97,000;1,000;27/06/2022;-20,4309151;-54,648049;;35,000
MS;BR-419;97,000;98,000;1,000;27/06/2022;-20,4309151;-54,648049;;22,500
MS;BR-419;98,000;99,000;1,000;27/06/2022;-20,4309151;-54,648049;;35,000
MS;BR-419;99,000;100,000;1,000;27/06/2022;-20,4309151;-54,648049;;35,000
MS;BR-419;100,000;101,000;1,000;27/06/2022;-20,4309151;-54,648049;;35,000
MS;BR-419;101,000;102,000;1,000;27/06/2022;-20,4309151;-54,648049;;35,000
MS;BR-419;102,000;103,000;1,000;27/06/2022;-20,4309151;-54,648049;;35,000
MS;BR-419;103,000;104,000;1,000;27/06/2022;-20,4309151;-54,648049;;42,500
MS;BR-419;104,000;105,000;1,000;27/06/2022;-20,4309151;-54,648049;;22,500
MS;BR-419;105,000;106,000;1,000;27/06/2022;-20,4309151;-54,648049;;22,500
MS;BR-419;106,000;107,000;1,000;27/06/2022;-20,4309151;-54,648049;;35,000
MS;BR-419;107,000;108,000;1,000;27/06/2022;-20,4309151;-54,648049;;35,000
MS;BR-419;108,000;109,000;1,000;27/06/2022;-20,4309151;-54,648049;;35,000
MS;BR-419;109,000;110,000;1,000;27/06/2022;-20,4309151;-54,648049;;22,500
MS;BR-419;110,000;111,000;1,000;27/06/2022;-20,4309151;-54,648049;;35,000
MS;BR-419;111,000;112,000;1,000;27/06/2022;-20,4309151;-54,648049;;22,500
MS;BR-419;112,000;113,000;1,000;27/06/2022;-20,4309151;-54,648049;;45,000
MS;BR-419;113,000;114,000;1,000;27/06/2022;-20,4309151;-54,648049;;35,000
MS;BR-419;114,000;115,000;1,000;27/06/2022;-20,4309151;-54,648049;;23,750
MS;BR-419;115,000;116,000;1,000;27/06/2022;-20,4309151;-54,648049;;23,750
MS;BR-419;116,000;117,000;1,000;27/06/2022;-20,4309151;-54,648049;;22,500
MS;BR-419;117,000;118,000;1,000;27/06/2022;-20,4309151;-54,648049;;38,750
MS;BR-419;118,000;119,000;1,000;27/06/2022;-20,4309151;-54,648049;;22,500
MS;BR-419;119,000;120,000;1,000;27/06/2022;-20,4309151;-54,648049;;35,000
MS;BR-419;120,000;121,000;1,000;27/06/2022;-20,4309151;-54,648049;;22,500
MS;BR-419;121,000;122,000;1,000;27/06/2022;-20,4309151;-54,648049;;22,500
MS;BR-419;122,000;123,000;1,000;27/06/2022;-20,4309151;-54,648049;;38,750
MS;BR-419;123,000;124,000;1,000;27/06/2022;-20,4309151;-54,648049;;22,500
MS;BR-419;124,000;125,000;1,000;27/06/2022;-20,4309151;-54,648049;;36,250
MS;BR-419;125,000;126,000;1,000;27/06/2022;-20,4309151;-54,648049;;35,000
MS;BR-419;126,000;127,000;1,000;27/06/2022;-20,4309151;-54,648049;;35,000
MS;BR-419;127,000;128,000;1,000;27/06/2022;-20,4309151;-54,648049;;22,500
MS;BR-419;128,000;129,000;1,000;27/06/2022;-20,4309151;-54,648049;;35,000
MS;BR-419;129,000;130,000;1,000;27/06/2022;-20,4309151;-54,648049;;23,750
MS;BR-419;130,000;131,000;1,000;27/06/2022;-20,4309151;-54,648049;;22,500
MS;BR-419;131,000;132,000;1,000;27/06/2022;-20,4309151;-54,648049;;23,750
MS;BR-419;132,000;133,000;1,000;27/06/2022;-20,4309151;-54,648049;;22,500
MS;BR-419;133,000;134,000;1,000;27/06/2022;-20,4309151;-54,648049;;22,500
MS;BR-419;134,000;135,000;1,000;27/06/2022;-20,4309151;-54,648049;;22,500
MS;BR-419;135,000;136,000;1,000;27/06/2022;-20,4309151;-54,648049;;23,750
MS;BR-419;136,000;137,000;1,000;27/06/2022;-20,4309151;-54,648049;;22,500
MS;BR-419;137,000;138,000;1,000;27/06/2022;-20,4309151;-54,648049;;31,250
MS;BR-419;138,000;139,000;1,000;27/06/2022;-20,4309151;-54,648049;;43,750
MS;BR-419;139,000;140,000;1,000;27/06/2022;-20,4309151;-54,648049;;43,750
MS;BR-419;140,000;141,000;1,000;27/06/2022;-20,4309151;-54,648049;;43,750
MS;BR-419;141,000;142,000;1,000;27/06/2022;-20,4309151;-54,648049;;22,500
MS;BR-419;142,000;143,000;1,000;27/06/2022;-20,4309151;-54,648049;;22,500
MS;BR-419;143,000;144,000;1,000;27/06/2022;-20,4309151;-54,648049;;23,750
MS;BR-419;144,000;145,000;1,000;27/06/2022;-20,4309151;-54,648049;;23,750
MS;BR-419;145,000;146,000;1,000;27/06/2022;-20,4309151;-54,648049;;23,750
MS;BR-419;146,000;147,000;1,000;27/06/2022;-20,4309151;-54,648049;;23,750
MS;BR-419;147,000;148,000;1,000;27/06/2022;-20,4309151;-54,648049;;22,500
MS;BR-419;148,000;149,000;1,000;27/06/2022;-20,4309151;-54,648049;;22,500
MS;BR-419;149,000;150,000;1,000;27/06/2022;-20,4309151;-54,648049;;30,000
MS;BR-419;150,000;151,000;1,000;27/06/2022;-20,4309151;-54,648049;;50,000
MS;BR-419;151,000;152,000;1,000;27/06/2022;-20,4309151;-54,648049;;51,250
MS;BR-419;152,000;153,000;1,000;27/06/2022;-20,4309151;-54,648049;;51,250
MS;BR-419;153,000;154,000;1,000;27/06/2022;-20,4309151;-54,648049;;35,000
MS;BR-419;154,000;155,000;1,000;27/06/2022;-20,4309151;-54,648049;;43,750
MS;BR-419;155,000;156,000;1,000;27/06/2022;-20,4309151;-54,648049;;43,750
MS;BR-419;156,000;157,000;1,000;27/06/2022;-20,4309151;-54,648049;;23,750
MS;BR-419;157,000;158,000;1,000;27/06/2022;-20,4309151;-54,648049;;26,250
MS;BR-419;158,000;159,000;1,000;27/06/2022;-20,4309151;-54,648049;;53,750
MS;BR-419;159,000;160,000;1,000;27/06/2022;-20,4309151;-54,648049;;42,500
MS;BR-419;160,000;161,000;1,000;27/06/2022;-20,4309151;-54,648049;;22,500
MS;BR-419;161,000;162,000;1,000;27/06/2022;-20,4309151;-54,648049;;41,250
MS;BR-419;162,000;163,000;1,000;27/06/2022;-20,4309151;-54,648049;;31,250
MS;BR-419;163,000;164,000;1,000;27/06/2022;-20,4309151;-54,648049;;53,750
MS;BR-419;164,000;165,000;1,000;27/06/2022;-20,4309151;-54,648049;;43,750
MS;BR-419;165,000;166,000;1,000;27/06/2022;-20,4309151;-54,648049;;33,750
MS;BR-419;166,000;167,000;1,000;27/06/2022;-20,4309151;-54,648049;;31,250
MS;BR-419;167,000;168,000;1,000;27/06/2022;-20,4309151;-54,648049;;31,250
MS;BR-419;168,000;169,000;1,000;27/06/2022;-20,4309151;-54,648049;;53,750
MS;BR-419;169,000;170,000;1,000;27/06/2022;-20,4309151;-54,648049;;31,250
MS;BR-419;170,000;171,000;1,000;27/06/2022;-20,4309151;-54,648049;;33,750
MS;BR-419;171,000;172,000;1,000;27/06/2022;-20,4309151;-54,648049;;23,750
MS;BR-419;172,000;173,000;1,000;27/06/2022;-20,4309151;-54,648049;;23,750
MS;BR-419;173,000;174,000;1,000;27/06/2022;-20,4309151;-54,648049;;23,750
MS;BR-419;174,000;175,000;1,000;27/06/2022;-20,4309151;-54,648049;;26,250
MS;BR-419;175,000;176,000;1,000;27/06/2022;-20,4309151;-54,648049;;23,750
MS;BR-419;176,000;177,000;1,000;27/06/2022;-20,4309151;-54,648049;;23,750
MS;BR-419;177,000;178,000;1,000;27/06/2022;-20,4309151;-54,648049;;31,250
MS;BR-419;178,000;179,000;1,000;27/06/2022;-20,4309151;-54,648049;;26,250
MS;BR-419;179,000;180,000;1,000;27/06/2022;-20,4309151;-54,648049;;26,250
MS;BR-419;180,000;181,000;1,000;27/06/2022;-20,4309151;-54,648049;;22,500
MS;BR-419;181,000;182,000;1,000;27/06/2022;-20,4309151;-54,648049;;23,750
MS;BR-419;182,000;183,000;1,000;27/06/2022;-20,4309151;-54,648049;;23,750
MS;BR-419;183,000;184,000;1,000;27/06/2022;-20,4309151;-54,648049;;22,500
MS;BR-419;184,000;185,000;1,000;27/06/2022;-20,4309151;-54,648049;;23,750
MS;BR-419;185,000;186,000;1,000;27/06/2022;-20,4309151;-54,648049;;33,750
MS;BR-419;186,000;187,000;1,000;27/06/2022;-20,4309151;-54,648049;;23,750
MS;BR-419;187,000;188,000;1,000;27/06/2022;-20,4309151;-54,648049;;25,000
MS;BR-419;188,000;189,000;1,000;27/06/2022;-20,4309151;-54,648049;;25,000
MS;BR-419;189,000;190,000;1,000;27/06/2022;-20,4309151;-54,648049;;25,000
MS;BR-419;190,000;191,000;1,000;27/06/2022;-20,4309151;-54,648049;;25,000
MS;BR-419;191,000;192,000;1,000;27/06/2022;-20,4309151;-54,648049;;25,000
MS;BR-419;192,000;193,000;1,000;27/06/2022;-20,4309151;-54,648049;;43,750
MS;BR-419;193,000;194,000;1,000;27/06/2022;-20,4309151;-54,648049;;37,500
MS;BR-419;194,000;195,000;1,000;27/06/2022;-20,4309151;-54,648049;;25,000
MS;BR-419;195,000;196,000;1,000;27/06/2022;-20,4309151;-54,648049;;22,500
MS;BR-419;196,000;197,000;1,000;27/06/2022;-20,4309151;-54,648049;;22,500
MS;BR-419;197,000;198,000;1,000;27/06/2022;-20,4309151;-54,648049;;25,000
MS;BR-419;198,000;199,000;1,000;27/06/2022;-20,4309151;-54,648049;;35,000
MS;BR-419;199,000;200,000;1,000;27/06/2022;-20,4309151;-54,648049;;22,500
MS;BR-419;200,000;201,000;1,000;27/06/2022;-20,4309151;-54,648049;;25,000
MS;BR-419;201,000;202,000;1,000;27/06/2022;-20,4309151;-54,648049;;37,500
MS;BR-419;202,000;203,000;1,000;27/06/2022;-20,4309151;-54,648049;;32,500
MS;BR-419;203,000;204,000;1,000;27/06/2022;-20,4309151;-54,648049;;26,250
MS;BR-419;204,000;205,000;1,000;27/06/2022;-20,4309151;-54,648049;;32,500
MS;BR-419;205,000;206,000;1,000;27/06/2022;-20,4309151;-54,648049;;32,500
MS;BR-419;206,000;207,000;1,000;27/06/2022;-20,4309151;-54,648049;;23,750
MS;BR-419;207,000;208,000;1,000;27/06/2022;-20,4309151;-54,648049;;22,500
MS;BR-419;208,000;209,000;1,000;27/06/2022;-20,4309151;-54,648049;;43,750
MS;BR-419;209,000;210,000;1,000;27/06/2022;-20,4309151;-54,648049;;22,500
MS;BR-419;210,000;211,000;1,000;27/06/2022;-20,4309151;-54,648049;;25,000
MS;BR-419;211,000;212,000;1,000;27/06/2022;-20,4309151;-54,648049;;37,500
MS;BR-419;212,000;213,000;1,000;27/06/2022;-20,4309151;-54,648049;;25,000
MS;BR-419;213,000;214,000;1,000;27/06/2022;-20,4309151;-54,648049;;25,000
MS;BR-419;214,000;215,000;1,000;27/06/2022;-20,4309151;-54,648049;;32,500
MS;BR-419;215,000;216,000;1,000;27/06/2022;-20,4309151;-54,648049;;25,000
MS;BR-419;216,000;217,000;1,000;27/06/2022;-20,4309151;-54,648049;;22,500
MS;BR-419;217,000;218,000;1,000;27/06/2022;-20,4309151;-54,648049;;37,500
MS;BR-419;218,000;219,000;1,000;27/06/2022;-20,4309151;-54,648049;;57,500
MS;BR-419;219,000;220,000;1,000;27/06/2022;-20,4309151;-54,648049;;32,500
MS;BR-419;220,000;221,000;1,000;27/06/2022;-20,4309151;-54,648049;;22,500
MS;BR-419;221,000;222,000;1,000;27/06/2022;-20,4309151;-54,648049;;25,000
MS;BR-419;222,000;223,000;1,000;27/06/2022;-20,4309151;-54,648049;;25,000
MS;BR-419;223,000;224,000;1,000;27/06/2022;-20,4309151;-54,648049;;22,500
MS;BR-419;224,000;225,000;1,000;27/06/2022;-20,4309151;-54,648049;;22,500
MS;BR-419;225,000;226,000;1,000;27/06/2022;-20,4309151;-54,648049;;22,500
MS;BR-419;226,000;227,000;1,000;27/06/2022;-20,4309151;-54,648049;;25,000
MS;BR-419;227,000;228,000;1,000;27/06/2022;-20,4309151;-54,648049;;22,500
MS;BR-419;228,000;229,000;1,000;27/06/2022;-20,4309151;-54,648049;;25,000
MS;BR-419;229,000;230,000;1,000;27/06/2022;-20,4309151;-54,648049;;32,500
MS;BR-419;230,000;231,000;1,000;27/06/2022;-20,4309151;-54,648049;;22,500
MT;BR-242;119,000;118,000;1,000;28/06/2022;-11,7034635;-51,6238722;;56,250
MT;BR-242;118,000;117,000;1,000;28/06/2022;-11,7034635;-51,6238722;;62,500
MT;BR-242;117,000;116,000;1,000;28/06/2022;-11,7034635;-51,6238722;;66,250
MT;BR-242;116,000;115,000;1,000;28/06/2022;-11,7034635;-51,6238722;;63,750
MT;BR-242;115,000;114,000;1,000;28/06/2022;-11,7034635;-51,6238722;;71,250
MT;BR-242;114,000;113,000;1,000;28/06/2022;-11,7034635;-51,6238722;;66,250
MT;BR-242;113,000;112,000;1,000;28/06/2022;-11,7034635;-51,6238722;;66,250
MT;BR-242;112,000;111,000;1,000;28/06/2022;-11,7034635;-51,6238722;;55,000
MT;BR-242;111,000;110,000;1,000;28/06/2022;-11,7034635;-51,6238722;;70,000
MT;BR-242;110,000;109,000;1,000;28/06/2022;-11,7034635;-51,6238722;;63,750
MT;BR-242;109,000;108,000;1,000;28/06/2022;-11,7034635;-51,6238722;;70,000
MT;BR-242;108,000;107,000;1,000;28/06/2022;-11,7034635;-51,6238722;;66,250
MT;BR-242;107,000;106,000;1,000;28/06/2022;-11,7034635;-51,6238722;;70,000
MT;BR-242;106,000;105,000;1,000;28/06/2022;-11,7034635;-51,6238722;;60,000
MT;BR-242;105,000;104,000;1,000;28/06/2022;-11,7034635;-51,6238722;;58,750
MT;BR-242;104,000;103,000;1,000;28/06/2022;-11,7034635;-51,6238722;;70,000
MT;BR-242;103,000;102,000;1,000;28/06/2022;-11,7034635;-51,6238722;;62,500
MT;BR-242;102,000;101,000;1,000;28/06/2022;-11,7034635;-51,6238722;;75,000
MT;BR-242;101,000;100,000;1,000;28/06/2022;-11,7034635;-51,6238722;;47,500
MT;BR-242;100,000;99,000;1,000;28/06/2022;-11,7034635;-51,6238722;;58,750
MT;BR-242;99,000;98,000;1,000;28/06/2022;-11,7034635;-51,6238722;;63,750
MT;BR-242;98,000;97,000;1,000;28/06/2022;-11,7034635;-51,6238722;;66,250
MT;BR-242;97,000;96,000;1,000;28/06/2022;-11,6757552;-51,4335799;;60,000
MT;BR-242;96,000;95,000;1,000;28/06/2022;-11,6757552;-51,4335799;;70,000
MT;BR-242;95,000;94,000;1,000;28/06/2022;-11,6751003;-51,4232277;;60,000
MT;BR-242;94,000;93,000;1,000;28/06/2022;-11,6751003;-51,4232277;;63,750
MT;BR-242;93,000;92,000;1,000;28/06/2022;-11,6751003;-51,4232277;;66,250
MT;BR-242;92,000;91,000;1,000;28/06/2022;-11,6751298;-51,4237779;;62,500
MT;BR-242;91,000;90,000;1,000;28/06/2022;-11,6730232;-51,3837879;;76,250
MT;BR-242;90,000;89,000;1,000;28/06/2022;-11,6718157;-51,3768639;;63,750
MT;BR-242;89,000;88,000;1,000;28/06/2022;-11,6718157;-51,3768639;;61,250
MT;BR-242;88,000;87,000;1,000;28/06/2022;-11,6751298;-51,4237779;;58,750
MT;BR-242;87,000;86,000;1,000;28/06/2022;-11,6770955;-51,3815699;;63,750
MT;BR-242;86,000;85,000;1,000;28/06/2022;-11,6770955;-51,3815699;;63,750
MT;BR-242;85,000;84,000;1,000;28/06/2022;-11,6529619;-51,3633672;;60,000
MT;BR-242;84,000;83,000;1,000;28/06/2022;-11,652969;-51,3633818;;60,000
MT;BR-242;83,000;82,000;1,000;28/06/2022;-11,652969;-51,3633818;;66,250
MT;BR-242;82,000;81,000;1,000;28/06/2022;-11,652969;-51,3633818;;73,750
MT;BR-242;81,000;80,000;1,000;28/06/2022;-11,6529622;-51,3633672;;61,250
MT;BR-242;80,000;79,000;1,000;28/06/2022;-11,6529622;-51,3633672;;78,750
MT;BR-242;79,000;78,000;1,000;28/06/2022;-11,6482253;-51,2969408;;63,750
MT;BR-242;78,000;77,000;1,000;28/06/2022;-11,6482253;-51,2969408;;58,750
MT;BR-242;77,000;76,000;1,000;28/06/2022;-11,6482253;-51,2969408;;72,500
MT;BR-242;76,000;75,000;1,000;28/06/2022;-11,6482253;-51,2969408;;66,250
MT;BR-242;75,000;74,000;1,000;28/06/2022;-11,6529622;-51,3633672;;63,750
MT;BR-242;74,000;73,000;1,000;28/06/2022;-11,6529622;-51,3633672;;67,500
MT;BR-242;73,000;72,000;1,000;28/06/2022;-11,6529622;-51,3633672;;62,500
MT;BR-242;72,000;71,000;1,000;28/06/2022;-11,6529622;-51,3633672;;63,750
MT;BR-242;71,000;70,000;1,000;28/06/2022;-11,6529622;-51,3633672;;66,250
MT;BR-242;70,000;69,000;1,000;28/06/2022;-11,6529622;-51,3633672;;70,000
MT;BR-242;69,000;68,000;1,000;28/06/2022;-11,645643;-51,2887117;;67,500
MT;BR-242;68,000;67,000;1,000;28/06/2022;-11,645643;-51,2887117;;63,750
MT;BR-242;67,000;66,000;1,000;28/06/2022;-11,645643;-51,2887117;;70,000
MT;BR-242;66,000;65,000;1,000;28/06/2022;-11,645643;-51,2887117;;71,250
MT;BR-242;65,000;64,000;1,000;28/06/2022;-11,645643;-51,2887117;;71,250
MT;BR-242;64,000;63,000;1,000;28/06/2022;-11,645643;-51,2887117;;67,500
MT;BR-242;63,000;62,000;1,000;28/06/2022;-11,608446;-51,168144;;66,250
MT;BR-242;62,000;61,000;1,000;28/06/2022;-11,608446;-51,168144;;62,500
MT;BR-242;61,000;60,000;1,000;28/06/2022;-11,645643;-51,2887117;;66,250
MT;BR-242;60,000;59,000;1,000;28/06/2022;-11,645643;-51,2887117;;63,750
MT;BR-242;59,000;58,000;1,000;28/06/2022;-11,645643;-51,2887117;;66,250
MT;BR-242;58,000;57,000;1,000;28/06/2022;-11,645643;-51,2887117;;62,500
MT;BR-242;57,000;56,000;1,000;28/06/2022;-11,645643;-51,2887117;;66,250
MT;BR-242;56,000;55,000;1,000;28/06/2022;-11,645643;-51,2887117;;67,500
MT;BR-242;55,000;54,000;1,000;28/06/2022;-11,645643;-51,2887117;;60,000
MT;BR-242;54,000;53,000;1,000;28/06/2022;-11,645643;-51,2887117;;63,750
MT;BR-242;53,000;52,000;1,000;28/06/2022;-11,645643;-51,2887117;;63,750
MT;BR-242;52,000;51,000;1,000;28/06/2022;-11,645643;-51,2887117;;60,000
MT;BR-242;51,000;50,000;1,000;28/06/2022;-11,645643;-51,2887117;;70,000
MT;BR-242;50,000;49,000;1,000;28/06/2022;-11,645643;-51,2887117;;63,750
MT;BR-242;49,000;48,000;1,000;28/06/2022;-11,645643;-51,2887117;;70,000
MT;BR-242;48,000;47,000;1,000;28/06/2022;-11,645643;-51,2887117;;60,000
MT;BR-242;47,000;46,000;1,000;28/06/2022;-11,645643;-51,2887117;;60,000
MT;BR-242;46,000;45,000;1,000;28/06/2022;-11,645643;-51,2887117;;63,750
MT;BR-242;45,000;44,000;1,000;28/06/2022;-11,645643;-51,2887117;;63,750
MT;BR-242;44,000;43,000;1,000;28/06/2022;-11,645643;-51,2887117;;70,000
MT;BR-242;43,000;42,000;1,000;28/06/2022;-11,645643;-51,2887117;;66,250
MT;BR-242;42,000;41,000;1,000;28/06/2022;-11,645643;-51,2887117;;56,250
MT;BR-242;41,000;40,000;1,000;28/06/2022;-11,645643;-51,2887117;;60,000
MT;BR-242;40,000;39,000;1,000;28/06/2022;-11,645643;-51,2887117;;62,500
MT;BR-242;39,000;38,000;1,000;28/06/2022;-11,645643;-51,2887117;;63,750
MT;BR-242;38,000;37,000;1,000;28/06/2022;-11,645643;-51,2887117;;66,250
MT;BR-242;37,000;36,000;1,000;28/06/2022;-11,645643;-51,2887117;;58,750
MT;BR-242;36,000;35,000;1,000;28/06/2022;-11,645643;-51,2887117;;70,000
MT;BR-242;35,000;34,000;1,000;28/06/2022;-11,645643;-51,2887117;;66,250
MT;BR-242;34,000;33,000;1,000;28/06/2022;-11,645643;-51,2887117;;66,250
MT;BR-242;33,000;32,000;1,000;28/06/2022;-11,645643;-51,2887117;;65,000
MT;BR-242;32,000;31,000;1,000;28/06/2022;-11,645643;-51,2887117;;73,750
MT;BR-242;31,000;30,000;1,000;28/06/2022;-11,645643;-51,2887117;;62,500
MT;BR-242;30,000;29,000;1,000;28/06/2022;-11,645643;-51,2887117;;73,750
MT;BR-242;29,000;28,000;1,000;28/06/2022;-11,645643;-51,2887117;;62,500
MT;BR-242;28,000;27,000;1,000;28/06/2022;-11,645643;-51,2887117;;71,250
MT;BR-242;27,000;26,000;1,000;28/06/2022;-11,645643;-51,2887117;;66,250
MT;BR-242;26,000;25,000;1,000;28/06/2022;-11,645643;-51,2887117;;62,500
MT;BR-242;25,000;24,000;1,000;28/06/2022;-11,645643;-51,2887117;;62,500
MT;BR-242;24,000;23,000;1,000;28/06/2022;-11,645643;-51,2887117;;62,500
MT;BR-242;23,000;22,000;1,000;28/06/2022;-11,645643;-51,2887117;;58,750
MT;BR-242;22,000;21,000;1,000;28/06/2022;-11,645643;-51,2887117;;62,500
MT;BR-242;21,000;20,000;1,000;28/06/2022;-11,645643;-51,2887117;;72,500
MT;BR-242;20,000;19,000;1,000;28/06/2022;-11,645643;-51,2887117;;66,250
MT;BR-242;19,000;18,000;1,000;28/06/2022;-11,645643;-51,2887117;;60,000
MT;BR-242;18,000;17,000;1,000;28/06/2022;-11,645643;-51,2887117;;62,500
MT;BR-242;17,000;16,000;1,000;28/06/2022;-11,645643;-51,2887117;;62,500
MT;BR-242;16,000;15,000;1,000;28/06/2022;-11,645643;-51,2887117;;63,750
MT;BR-242;15,000;14,000;1,000;28/06/2022;-11,645643;-51,2887117;;70,000
MT;BR-242;14,000;13,000;1,000;28/06/2022;-11,645643;-51,2887117;;62,500
MT;BR-242;13,000;12,000;1,000;28/06/2022;-11,645643;-51,2887117;;66,250
MT;BR-242;12,000;11,000;1,000;28/06/2022;-11,645643;-51,2887117;;66,250
MT;BR-242;11,000;10,000;1,000;28/06/2022;-11,645643;-51,2887117;;62,500
MT;BR-242;10,000;9,000;1,000;28/06/2022;-11,645643;-51,2887117;;67,500
MT;BR-242;9,000;8,000;1,000;28/06/2022;-11,645643;-51,2887117;;65,000
MT;BR-242;8,000;7,000;1,000;28/06/2022;-11,624519;-50,6907229;;60,000
MT;BR-242;7,000;6,000;1,000;28/06/2022;-11,624519;-50,6907229;;61,250
MT;BR-242;6,000;5,000;1,000;28/06/2022;-11,626335;-50,7081037;;52,500
MT;BR-242;5,000;4,000;1,000;28/06/2022;-11,626335;-50,7081037;;0,000
MT;BR-242;4,000;3,000;1,000;28/06/2022;-11,626335;-50,7081037;;0,000
MT;BR-242;3,000;2,000;1,000;28/06/2022;-11,626335;-50,7081037;;0,000
MT;BR-242;2,000;1,000;1,000;28/06/2022;-11,626335;-50,7081037;;0,000
MT;BR-242;1,000;0,000;1,000;28/06/2022;-11,626335;-50,7081037;;0,000
PE;BR-110;148,000;149,000;1,000;23/06/2022;-8,5228215;-37,6883702;;55,000
PE;BR-110;149,000;150,000;1,000;23/06/2022;-8,5244854;-37,6873779;;55,000
PE;BR-110;150,000;151,000;1,000;23/06/2022;-8,5418184;-37,7032115;;30,000
PE;BR-110;151,000;152,000;1,000;23/06/2022;-8,53729;-37,6990114;Sem Poeira ;30,000
PE;BR-110;152,000;153,000;1,000;23/06/2022;-8,5354581;-37,6920618;;30,000
PE;BR-110;153,000;154,000;1,000;23/06/2022;-8,5377048;-37,6953554;;32,500
PE;BR-110;154,000;155,000;1,000;23/06/2022;-8,540793;-37,6980143;;30,000
PE;BR-110;155,000;156,000;1,000;23/06/2022;-8,540793;-37,6980143;;30,000
PE;BR-110;156,000;157,000;1,000;23/06/2022;-8,540793;-37,6980143;;55,000
PE;BR-110;157,000;158,000;1,000;23/06/2022;-8,540793;-37,6980143;;55,000
PE;BR-110;158,000;159,000;1,000;23/06/2022;-8,540793;-37,6980143;;48,750
PE;BR-110;159,000;160,000;1,000;23/06/2022;-8,540793;-37,6980143;;30,000
PE;BR-110;160,000;161,000;1,000;23/06/2022;-8,540793;-37,6980143;;22,500
PE;BR-110;161,000;162,000;1,000;23/06/2022;-8,540793;-37,6980143;;55,000
PE;BR-110;162,000;163,000;1,000;23/06/2022;-8,540793;-37,6980143;;30,000
PE;BR-110;163,000;164,000;1,000;23/06/2022;-8,540793;-37,6980143;;55,000
PE;BR-110;164,000;165,000;1,000;23/06/2022;-8,540793;-37,6980143;;30,000
PE;BR-110;165,000;166,000;1,000;23/06/2022;-8,540793;-37,6980143;Panela Alta ;55,000
PE;BR-110;166,000;167,000;1,000;23/06/2022;-8,63770613;-37,8088417;;55,000
PE;BR-110;167,000;168,000;1,000;23/06/2022;-8,63770613;-37,8088417;;55,000
PE;BR-110;168,000;169,000;1,000;23/06/2022;-8,63770613;-37,8088417;;30,000
PE;BR-110;169,000;170,000;1,000;23/06/2022;-8,63770613;-37,8088417;;30,000
PE;BR-110;170,000;171,000;1,000;23/06/2022;-8,63770613;-37,8088417;;55,000
PE;BR-110;171,000;172,000;1,000;23/06/2022;-8,63770613;-37,8088417;;30,000
PE;BR-110;172,000;173,000;1,000;23/06/2022;-8,5149633;-37,5528569;;30,000
PE;BR-110;173,000;174,000;1,000;23/06/2022;-8,5149633;-37,5528569;;55,000
PE;BR-110;174,000;175,000;1,000;23/06/2022;-8,5149633;-37,5528569;;47,500
PE;BR-110;175,000;176,000;1,000;23/06/2022;-8,5149633;-37,5528569;;55,000
PE;BR-110;176,000;177,000;1,000;23/06/2022;-8,5149633;-37,5528569;;55,000
PE;BR-110;177,000;178,000;1,000;23/06/2022;-8,5149633;-37,5528569;;55,000
PE;BR-110;178,000;179,000;1,000;23/06/2022;-8,5149633;-37,5528569;;55,000
PE;BR-110;179,000;180,000;1,000;23/06/2022;-8,5149633;-37,5528569;Panela Alta ;55,000
PE;BR-110;180,000;181,000;1,000;23/06/2022;-8,5149633;-37,5528569;;55,000
PE;BR-110;181,000;182,000;1,000;23/06/2022;-8,5149633;-37,5528569;;55,000
PE;BR-110;182,000;183,000;1,000;23/06/2022;-8,5149633;-37,5528569;;55,000
PE;BR-110;183,000;184,000;1,000;23/06/2022;-8,5149633;-37,5528569;;47,500
PE;BR-110;184,000;185,000;1,000;23/06/2022;-8,5149633;-37,5528569;;15,000
PE;BR-110;185,000;186,000;1,000;23/06/2022;-8,5149633;-37,5528569;;15,000
PE;BR-110;186,000;187,000;1,000;23/06/2022;-8,5149633;-37,5528569;;22,500
PE;BR-110;187,000;188,000;1,000;23/06/2022;-8,5149633;-37,5528569;;55,000
PE;BR-110;188,000;189,000;1,000;23/06/2022;-8,5149633;-37,5528569;;47,500
PE;BR-110;189,000;190,000;1,000;23/06/2022;-8,5149633;-37,5528569;;55,000
PE;BR-110;190,000;191,000;1,000;23/06/2022;-8,5149633;-37,5528569;;55,000
PE;BR-110;191,000;192,000;1,000;23/06/2022;-8,5149633;-37,5528569;;55,000
PE;BR-110;192,000;193,000;1,000;23/06/2022;-8,5149633;-37,5528569;;22,500
PE;BR-110;193,000;194,000;1,000;23/06/2022;-8,5149633;-37,5528569;;22,500
PE;BR-110;194,000;195,000;1,000;23/06/2022;-8,5149633;-37,5528569;;22,500
PE;BR-110;195,000;196,000;1,000;23/06/2022;-8,5149633;-37,5528569;;47,500
PE;BR-110;196,000;197,000;1,000;23/06/2022;-8,5149633;-37,5528569;;35,000
PE;BR-110;197,000;198,000;1,000;23/06/2022;-8,5149633;-37,5528569;;22,500
PE;BR-110;198,000;199,000;1,000;23/06/2022;-8,5149633;-37,5528569;;22,500
PE;BR-110;199,000;200,000;1,000;23/06/2022;-8,5149633;-37,5528569;;22,500
PE;BR-110;200,000;201,000;1,000;23/06/2022;-8,5149633;-37,5528569;;55,000
PE;BR-110;201,000;202,000;1,000;23/06/2022;-8,5149633;-37,5528569;;22,500
PE;BR-110;202,000;203,000;1,000;23/06/2022;-8,5149633;-37,5528569;;15,000
PE;BR-110;203,000;204,000;1,000;23/06/2022;-8,5149633;-37,5528569;;15,000
PE;BR-110;204,000;205,000;1,000;23/06/2022;-8,5149633;-37,5528569;;15,000
PE;BR-110;205,000;206,000;1,000;23/06/2022;-8,5149633;-37,5528569;;15,000
PE;BR-110;206,000;207,000;1,000;23/06/2022;-8,5149633;-37,5528569;;15,000
PE;BR-110;207,000;208,000;1,000;23/06/2022;-8,5149633;-37,5528569;;15,000
PE;BR-110;208,000;209,000;1,000;23/06/2022;-8,5149633;-37,5528569;;15,000
PE;BR-110;209,000;210,000;1,000;23/06/2022;-8,5149633;-37,5528569;;22,500
PE;BR-110;210,000;211,000;1,000;23/06/2022;-8,5149633;-37,5528569;;15,000
PE;BR-110;211,000;212,000;1,000;23/06/2022;-8,5149633;-37,5528569;;15,000
PE;BR-110;212,000;213,000;1,000;23/06/2022;-8,5149633;-37,5528569;;47,500
PE;BR-110;213,000;214,000;1,000;23/06/2022;-8,5149633;-37,5528569;;47,500
PE;BR-110;214,000;215,000;1,000;23/06/2022;-8,5149633;-37,5528569;;47,500
PE;BR-110;215,000;216,000;1,000;23/06/2022;-8,5149633;-37,5528569;;30,000
PE;BR-110;216,000;217,000;1,000;23/06/2022;-8,9730206;-38,2132379;;42,500
PE;BR-110;217,000;218,000;1,000;23/06/2022;-8,9643483;-38,1937728;;22,500
PE;BR-110;218,000;219,000;1,000;23/06/2022;-8,9643483;-38,1937728;;22,500
PE;BR-110;219,000;220,000;1,000;23/06/2022;-8,9643483;-38,1937728;;22,500
PE;BR-316;410,900;411,000;0,100;23/06/2022;-8,5149633;-37,5528569;;47,500
PE;BR-316;411,000;412,000;1,000;23/06/2022;-8,5149633;-37,5528569;Panela Alta ;55,000
PE;BR-316;412,000;413,000;1,000;23/06/2022;-8,5149633;-37,5528569;;55,000
PE;BR-316;413,000;414,000;1,000;23/06/2022;-8,9738718;-38,215547;;55,000
PE;BR-316;414,000;415,000;1,000;23/06/2022;-8,9730206;-38,2132379;;55,000
PE;BR-316;415,000;416,000;1,000;23/06/2022;-8,9730206;-38,2132379;;55,000
PE;BR-316;416,000;417,000;1,000;23/06/2022;-8,9730206;-38,2132379;;55,000
PE;BR-316;417,000;418,000;1,000;23/06/2022;-8,9730206;-38,2132379;;55,000
PE;BR-316;418,000;419,000;1,000;23/06/2022;-8,9730206;-38,2132379;;55,000
PE;BR-316;419,000;420,000;1,000;23/06/2022;-8,9730206;-38,2132379;;55,000
PE;BR-316;420,000;421,000;1,000;23/06/2022;-8,9730206;-38,2132379;;55,000
PE;BR-316;421,000;422,000;1,000;23/06/2022;-8,9730206;-38,2132379;;55,000
PE;BR-316;422,000;423,000;1,000;23/06/2022;-8,9730206;-38,2132379;;55,000
PE;BR-316;423,000;424,000;1,000;23/06/2022;-8,9730206;-38,2132379;;47,500
PE;BR-316;424,000;425,000;1,000;23/06/2022;-8,9730206;-38,2132379;;47,500
PE;BR-316;425,000;426,000;1,000;23/06/2022;-8,9730206;-38,2132379;;55,000
PE;BR-316;426,000;427,000;1,000;23/06/2022;-8,9730206;-38,2132379;;55,000
PE;BR-316;427,000;428,000;1,000;23/06/2022;-8,9730206;-38,2132379;;55,000
PE;BR-316;428,000;429,000;1,000;23/06/2022;-8,9730206;-38,2132379;;55,000
PE;BR-316;429,000;430,000;1,000;23/06/2022;-8,9730206;-38,2132379;;22,500
PE;BR-316;430,000;431,000;1,000;23/06/2022;-8,9730206;-38,2132379;;22,500
PE;BR-316;431,000;432,000;1,000;23/06/2022;-8,9730206;-38,2132379;;55,000
PE;BR-316;432,000;433,000;1,000;23/06/2022;-8,9730206;-38,2132379;;55,000
PE;BR-316;433,000;434,000;1,000;23/06/2022;-8,9730206;-38,2132379;;55,000
PE;BR-316;434,000;435,000;1,000;23/06/2022;-8,9730206;-38,2132379;;41,250
MT;BR-158;201,200;202,000;0,800;29/06/2022;-11,1176989;-51,7032626;;76,250
MT;BR-158;202,000;203,000;1,000;29/06/2022;-11,1184809;-51,7032838;;75,000
MT;BR-158;203,000;204,000;1,000;29/06/2022;-11,1189328;-51,7032749;;72,500
MT;BR-158;204,000;205,000;1,000;29/06/2022;-11,1189328;-51,7032749;;70,000
MT;BR-158;205,000;206,000;1,000;29/06/2022;-11,1189328;-51,7032749;;70,000
MT;BR-158;206,000;207,000;1,000;29/06/2022;-11,1189328;-51,7032749;;73,750
MT;BR-158;207,000;208,000;1,000;29/06/2022;-11,1189328;-51,7032749;;82,500
MT;BR-158;208,000;209,000;1,000;29/06/2022;-11,1189328;-51,7032749;;83,750
MT;BR-158;209,000;210,000;1,000;29/06/2022;-11,1189328;-51,7032749;;76,250
MT;BR-158;210,000;211,000;1,000;29/06/2022;-11,1189328;-51,7032749;;72,500
MT;BR-158;211,000;212,000;1,000;29/06/2022;-11,1189328;-51,7032749;;83,750
MT;BR-158;212,000;213,000;1,000;29/06/2022;-11,1189328;-51,7032749;;81,250
MT;BR-158;213,000;214,000;1,000;29/06/2022;-11,1189328;-51,7032749;;100,000
MT;BR-158;214,000;215,000;1,000;29/06/2022;-11,1189328;-51,7032749;;100,000
MT;BR-158;215,000;216,000;1,000;29/06/2022;-11,1189328;-51,7032749;;86,250
MT;BR-158;216,000;217,000;1,000;29/06/2022;-11,1189328;-51,7032749;;82,500
MT;BR-158;217,000;218,000;1,000;29/06/2022;-11,1189328;-51,7032749;;82,500
MT;BR-158;218,000;219,000;1,000;29/06/2022;-11,1189328;-51,7032749;;86,250
MT;BR-158;219,000;220,000;1,000;29/06/2022;-11,1189328;-51,7032749;;86,250
MT;BR-158;220,000;221,000;1,000;29/06/2022;-11,1189328;-51,7032749;;78,750
MT;BR-158;221,000;222,000;1,000;29/06/2022;-11,1189328;-51,7032749;;72,500
MT;BR-158;222,000;223,000;1,000;29/06/2022;-11,1189328;-51,7032749;;86,250
MT;BR-158;223,000;224,000;1,000;29/06/2022;-11,1189328;-51,7032749;;83,750
MT;BR-158;224,000;225,000;1,000;29/06/2022;-11,1189328;-51,7032749;;78,750
MT;BR-158;225,000;226,000;1,000;29/06/2022;-11,1189328;-51,7032749;;83,750
MT;BR-158;226,000;227,000;1,000;29/06/2022;-11,1189328;-51,7032749;;88,750
MT;BR-158;227,000;228,000;1,000;29/06/2022;-11,1189328;-51,7032749;;76,250
MT;BR-158;228,000;229,000;1,000;29/06/2022;-11,1189328;-51,7032749;;86,250
MT;BR-158;229,000;230,000;1,000;29/06/2022;-11,1189328;-51,7032749;;90,000
MT;BR-158;230,000;231,000;1,000;29/06/2022;-11,1189328;-51,7032749;;86,250
MT;BR-158;231,000;232,000;1,000;29/06/2022;-11,1189328;-51,7032749;;93,750
MT;BR-158;232,000;233,000;1,000;29/06/2022;-11,1189328;-51,7032749;;90,000
MT;BR-158;233,000;234,000;1,000;29/06/2022;-11,1189328;-51,7032749;;96,250
MT;BR-158;234,000;235,000;1,000;29/06/2022;-11,1189328;-51,7032749;;91,250
MT;BR-158;235,000;236,000;1,000;29/06/2022;-11,1189328;-51,7032749;;86,250
MT;BR-158;236,000;237,000;1,000;29/06/2022;-11,1189328;-51,7032749;;62,500
MT;BR-158;237,000;238,000;1,000;29/06/2022;-11,1189328;-51,7032749;;90,000
MT;BR-158;238,000;239,000;1,000;29/06/2022;-11,1189328;-51,7032749;;83,750
MT;BR-158;239,000;240,000;1,000;29/06/2022;-11,1189328;-51,7032749;;76,250
MT;BR-158;240,000;241,000;1,000;29/06/2022;-11,1189328;-51,7032749;;86,250
MT;BR-158;241,000;242,000;1,000;29/06/2022;-11,1189328;-51,7032749;;83,750
MT;BR-158;242,000;243,000;1,000;29/06/2022;-11,1189328;-51,7032749;;70,000
MT;BR-158;243,000;244,000;1,000;29/06/2022;-11,1189328;-51,7032749;;92,500
MT;BR-158;244,000;245,000;1,000;29/06/2022;-11,1189328;-51,7032749;;83,750
MT;BR-158;245,000;246,000;1,000;29/06/2022;-11,1189328;-51,7032749;;71,250
MT;BR-158;246,000;247,000;1,000;29/06/2022;-11,1189328;-51,7032749;;82,500
MT;BR-158;247,000;248,000;1,000;29/06/2022;-11,1189328;-51,7032749;;87,500
MT;BR-158;248,000;249,000;1,000;29/06/2022;-11,1189328;-51,7032749;;82,500
MT;BR-158;249,000;250,000;1,000;29/06/2022;-11,1189328;-51,7032749;;70,000
MT;BR-158;250,000;251,000;1,000;29/06/2022;-11,1189328;-51,7032749;;70,000
MT;BR-158;251,000;252,000;1,000;29/06/2022;-11,1189328;-51,7032749;;78,750
MT;BR-158;252,000;253,000;1,000;29/06/2022;-11,1189328;-51,7032749;;80,000
MT;BR-158;253,000;254,000;1,000;29/06/2022;-11,1189328;-51,7032749;;57,500
MT;BR-158;254,000;255,000;1,000;29/06/2022;-11,1189328;-51,7032749;;52,500
MT;BR-158;255,000;256,000;1,000;29/06/2022;-11,6116274;-51,6979904;;57,500
MT;BR-158;256,000;257,000;1,000;29/06/2022;-11,6116274;-51,6979904;;55,000
MT;BR-158;257,000;258,000;1,000;29/06/2022;-11,6116274;-51,6979904;;57,500
MT;BR-158;258,000;259,000;1,000;29/06/2022;-11,6116274;-51,6979904;;65,000
MT;BR-158;259,000;260,000;1,000;29/06/2022;-11,6468618;-51,6844808;;62,500
MT;BR-158;260,000;261,000;1,000;29/06/2022;-11,6468618;-51,6844808;;57,500
MT;BR-158;261,000;262,000;1,000;29/06/2022;-11,6468618;-51,6844808;;57,500
MT;BR-158;262,000;263,000;1,000;29/06/2022;-11,6468618;-51,6844808;;57,500
MT;BR-158;263,000;264,000;1,000;29/06/2022;-11,6720086;-51,6580235;;52,500
MT;BR-158;264,000;265,000;1,000;29/06/2022;-11,6720086;-51,6580235;;65,000
MT;BR-158;265,000;266,000;1,000;29/06/2022;-11,6720086;-51,6580235;;65,000
MT;BR-158;266,000;267,000;1,000;29/06/2022;-11,6720086;-51,6580235;;62,500
MT;BR-158;267,000;268,000;1,000;29/06/2022;-11,6720086;-51,6580235;;60,000
MT;BR-158;268,000;269,000;1,000;29/06/2022;-11,6720086;-51,6580235;;73,750
MT;BR-158;269,000;270,000;1,000;29/06/2022;-11,6720086;-51,6580235;;83,750
MT;BR-158;270,000;271,000;1,000;29/06/2022;-11,6720086;-51,6580235;;76,250
MT;BR-158;271,000;272,000;1,000;29/06/2022;-11,6720086;-51,6580235;;70,000
MT;BR-158;272,000;273,000;1,000;29/06/2022;-11,6720086;-51,6580235;;83,750
MT;BR-158;273,000;274,000;1,000;29/06/2022;-11,6720086;-51,6580235;;52,500
MT;BR-158;274,000;275,000;1,000;29/06/2022;-11,6720086;-51,6580235;;70,000
MT;BR-158;275,000;276,000;1,000;29/06/2022;-11,6720086;-51,6580235;;83,750
MT;BR-158;276,000;277,000;1,000;29/06/2022;-11,6720086;-51,6580235;;78,750
MT;BR-158;277,000;278,000;1,000;29/06/2022;-11,6720086;-51,6580235;;55,000
MT;BR-158;278,000;279,000;1,000;29/06/2022;-11,6720086;-51,6580235;;66,250
MT;BR-158;279,000;280,000;1,000;29/06/2022;-11,6720086;-51,6580235;;73,750
MT;BR-158;280,000;281,000;1,000;29/06/2022;-11,6720086;-51,6580235;;65,000
MT;BR-158;282,000;283,000;1,000;29/06/2022;-11,6720086;-51,6580235;;66,250
MT;BR-158;283,000;284,000;1,000;29/06/2022;-11,6720086;-51,6580235;;66,250
MT;BR-158;284,000;285,000;1,000;29/06/2022;-11,6720086;-51,6580235;;55,000
MT;BR-158;285,000;286,000;1,000;29/06/2022;-11,6720086;-51,6580235;;55,000
MT;BR-158;286,000;287,000;1,000;29/06/2022;-11,6720086;-51,6580235;;72,500
MT;BR-158;287,000;288,000;1,000;29/06/2022;-11,6720086;-51,6580235;;60,000
MT;BR-158;288,000;289,000;1,000;29/06/2022;-11,6720086;-51,6580235;;55,000
MT;BR-158;289,000;290,000;1,000;29/06/2022;-11,6720086;-51,6580235;;70,000
MT;BR-158;290,000;291,000;1,000;29/06/2022;-11,6720086;-51,6580235;;76,250
MT;BR-158;291,000;292,000;1,000;29/06/2022;-11,6720086;-51,6580235;;77,500
MT;BR-158;292,000;293,000;1,000;29/06/2022;-11,6720086;-51,6580235;;86,250
MT;BR-158;293,000;294,000;1,000;29/06/2022;-11,8189163;-51,6332476;;80,000
MT;BR-158;294,000;295,000;1,000;29/06/2022;-11,8991883;-51,6581047;;93,750
MT;BR-158;295,000;296,000;1,000;29/06/2022;-11,8991883;-51,6581047;;83,750
MT;BR-158;296,000;297,000;1,000;29/06/2022;-11,8991883;-51,6581047;;91,250
MT;BR-158;297,000;298,000;1,000;29/06/2022;-11,8991883;-51,6581047;;83,750
MT;BR-158;298,000;299,000;1,000;29/06/2022;-11,8991883;-51,6581047;;81,250
MT;BR-158;299,000;300,000;1,000;29/06/2022;-11,8991883;-51,6581047;;62,500
MT;BR-158;300,000;301,000;1,000;29/06/2022;-11,8991883;-51,6581047;;77,500
MT;BR-158;301,000;302,000;1,000;29/06/2022;-11,8991883;-51,6581047;;87,500
MT;BR-158;302,000;303,000;1,000;29/06/2022;-11,8991883;-51,6581047;;68,750
MT;BR-158;303,000;304,000;1,000;29/06/2022;-11,8991883;-51,6581047;;76,250
MT;BR-158;304,000;305,000;1,000;29/06/2022;-11,8991883;-51,6581047;;68,750
MT;BR-158;305,000;306,000;1,000;29/06/2022;-11,8991883;-51,6581047;;66,250
MT;BR-158;306,000;307,000;1,000;29/06/2022;-11,8991883;-51,6581047;;55,000
MT;BR-158;307,000;308,000;1,000;29/06/2022;-11,8991883;-51,6581047;;53,750
MT;BR-158;308,000;309,000;1,000;29/06/2022;-11,8991883;-51,6581047;;53,750
MT;BR-158;309,000;310,000;1,000;29/06/2022;-12,0590777;-51,6655878;;57,500
MT;BR-158;310,000;311,000;1,000;29/06/2022;-12,0590777;-51,6655878;;55,000
MT;BR-158;311,000;312,000;1,000;29/06/2022;-11,8991883;-51,6581047;;52,500
MT;BR-158;312,000;313,000;1,000;29/06/2022;-11,8991883;-51,6581047;;50,000
MT;BR-158;313,000;314,000;1,000;29/06/2022;-11,8991883;-51,6581047;;62,500
MT;BR-158;314,000;315,000;1,000;29/06/2022;-11,8991883;-51,6581047;;73,750
MT;BR-158;315,000;316,000;1,000;29/06/2022;-12,0981747;-51,6990555;;67,500
MT;BR-158;316,000;317,000;1,000;29/06/2022;-12,0981747;-51,6990555;;76,250
MT;BR-158;317,000;318,000;1,000;29/06/2022;-12,0981747;-51,6990555;;70,000
MT;BR-158;318,000;319,000;1,000;29/06/2022;-12,1124171;-51,7265054;;88,750
MT;BR-158;319,000;320,000;1,000;29/06/2022;-12,1135739;-51,728307;;93,750
MT;BR-158;320,000;321,000;1,000;29/06/2022;-12,1135739;-51,728307;;100,000
MT;BR-158;321,000;322,000;1,000;29/06/2022;-12,1135739;-51,728307;;100,000
MT;BR-158;322,000;323,000;1,000;29/06/2022;-12,1135739;-51,728307;;93,750
MT;BR-158;323,000;324,000;1,000;29/06/2022;-12,1135739;-51,728307;;93,750
MT;BR-158;324,000;325,000;1,000;29/06/2022;-12,1135739;-51,728307;;51,250
MT;BR-158;325,000;326,000;1,000;29/06/2022;-12,1135739;-51,728307;;0,000
MT;BR-158;326,000;327,000;1,000;29/06/2022;-12,1643527;-51,6976405;;0,000
MT;BR-158;327,000;328,000;1,000;29/06/2022;-12,1643527;-51,6976405;;0,000
MT;BR-158;328,000;329,000;1,000;29/06/2022;-12,1643527;-51,6976405;;0,000
MT;BR-158;329,000;330,000;1,000;29/06/2022;-12,1643527;-51,6976405;;0,000
MT;BR-158;330,000;331,000;1,000;29/06/2022;-12,1643527;-51,6976405;;0,000
MT;BR-158;331,000;332,000;1,000;29/06/2022;-12,1643167;-51,6976346;;0,000
MT;BR-158;332,000;333,000;1,000;29/06/2022;-12,1643455;-51,697635;;0,000
MT;BR-158;333,000;334,000;1,000;29/06/2022;-12,1643076;-51,6976367;;0,000
MT;BR-158;281,000;282,000;1,000;29/06/2022;-11,6720086;-51,6580235;;67,500
BA;BR-030;852,300;853,000;0,700;29/06/2022;-14,3736281;-39,3274592;;57,500
BA;BR-030;853,000;854,000;1,000;29/06/2022;-14,3736281;-39,3274592;;60,000
BA;BR-030;854,000;855,000;1,000;29/06/2022;-14,3736281;-39,3274592;;70,000
BA;BR-030;855,000;856,000;1,000;29/06/2022;-14,3736281;-39,3274592;;70,000
BA;BR-030;856,000;857,000;1,000;29/06/2022;-14,3736281;-39,3274592;;76,250
BA;BR-030;857,000;858,000;1,000;29/06/2022;-14,3736281;-39,3274592;;70,000
BA;BR-030;858,000;859,000;1,000;29/06/2022;-14,3736281;-39,3274592;;63,750
BA;BR-030;859,000;860,000;1,000;29/06/2022;-14,3736281;-39,3274592;;73,750
BA;BR-030;860,000;861,000;1,000;29/06/2022;-14,3736281;-39,3274592;;76,250
BA;BR-030;861,000;862,000;1,000;29/06/2022;-14,3736281;-39,3274592;;78,750
BA;BR-030;862,000;863,000;1,000;29/06/2022;-14,3736281;-39,3274592;;76,250
BA;BR-030;863,000;864,000;1,000;29/06/2022;-14,3736281;-39,3274592;;83,750
BA;BR-030;864,000;865,000;1,000;29/06/2022;-14,3736281;-39,3274592;;70,000
BA;BR-030;865,000;866,000;1,000;29/06/2022;-14,3736281;-39,3274592;;70,000
BA;BR-030;866,000;867,000;1,000;29/06/2022;-14,3736281;-39,3274592;;76,250
BA;BR-030;867,000;868,000;1,000;29/06/2022;-14,3736281;-39,3274592;;93,750
BA;BR-030;868,000;869,000;1,000;29/06/2022;-14,3736281;-39,3274592;;62,500
BA;BR-030;869,000;870,000;1,000;29/06/2022;-14,3736281;-39,3274592;;78,750
BA;BR-030;870,000;871,000;1,000;29/06/2022;-14,3736281;-39,3274592;;76,250
BA;BR-030;871,000;872,000;1,000;29/06/2022;-14,3736281;-39,3274592;;68,750
BA;BR-030;872,000;873,000;1,000;29/06/2022;-14,3736281;-39,3274592;;60,000
BA;BR-030;873,000;874,000;1,000;29/06/2022;-14,3736281;-39,3274592;;82,500
BA;BR-030;874,000;875,000;1,000;29/06/2022;-14,3736281;-39,3274592;;77,500
BA;BR-030;875,000;876,000;1,000;29/06/2022;-14,3736281;-39,3274592;;70,000
BA;BR-030;876,000;877,000;1,000;29/06/2022;-14,3736281;-39,3274592;;58,750
BA;BR-030;877,000;878,000;1,000;29/06/2022;-14,3736281;-39,3274592;;71,250
BA;BR-030;878,000;879,000;1,000;29/06/2022;-14,3736281;-39,3274592;;56,250
BA;BR-030;879,000;880,000;1,000;29/06/2022;-14,3736281;-39,3274592;;65,000
BA;BR-030;880,000;881,000;1,000;29/06/2022;-14,3736281;-39,3274592;;66,250
BA;BR-030;881,000;882,000;1,000;29/06/2022;-14,3736281;-39,3274592;;72,500
BA;BR-030;882,000;883,000;1,000;29/06/2022;-14,3736281;-39,3274592;;75,000
BA;BR-030;883,000;884,000;1,000;29/06/2022;-14,3736281;-39,3274592;;68,750
BA;BR-030;884,000;885,000;1,000;29/06/2022;-14,3736281;-39,3274592;;82,500
BA;BR-030;885,000;886,000;1,000;29/06/2022;-14,3736281;-39,3274592;;80,000
BA;BR-030;886,000;887,000;1,000;29/06/2022;-14,3736281;-39,3274592;;91,250
BA;BR-030;887,000;888,000;1,000;29/06/2022;-14,3736281;-39,3274592;;98,750
BA;BR-030;888,000;889,000;1,000;29/06/2022;-14,3736281;-39,3274592;;87,500
BA;BR-030;889,000;890,000;1,000;29/06/2022;-14,3736281;-39,3274592;;83,750
BA;BR-030;890,000;891,000;1,000;29/06/2022;-14,3736281;-39,3274592;;91,250
BA;BR-030;891,000;892,000;1,000;29/06/2022;-14,3736281;-39,3274592;;86,250
BA;BR-030;892,000;893,000;1,000;29/06/2022;-14,3736281;-39,3274592;;86,250
BA;BR-030;893,000;894,000;1,000;29/06/2022;-14,2781458;-38,9982681;;86,250
BA;BR-030;894,000;895,000;1,000;29/06/2022;-14,2781458;-38,9982681;;90,000
BA;BR-030;895,000;896,000;1,000;29/06/2022;-14,2781458;-38,9982681;;83,750
BA;BR-030;896,000;897,000;1,000;29/06/2022;-14,2781458;-38,9982681;;76,250
BA;BR-030;897,000;898,000;1,000;29/06/2022;-14,2781458;-38,9982681;;71,250
BA;BR-030;898,000;899,000;1,000;29/06/2022;-14,2781458;-38,9982681;;58,750
BA;BR-030;899,000;900,000;1,000;29/06/2022;-14,2781458;-38,9982681;;60,000
BA;BR-030;900,000;901,000;1,000;29/06/2022;-14,2781458;-38,9982681;;83,750
BA;BR-030;901,000;902,000;1,000;29/06/2022;-14,2781458;-38,9982681;;91,250
BA;BR-030;902,000;903,000;1,000;29/06/2022;-14,2781458;-38,9982681;;83,750
BA;BR-030;903,000;904,000;1,000;29/06/2022;-14,2781458;-38,9982681;;82,500
BA;BR-030;904,000;905,000;1,000;29/06/2022;-14,2781458;-38,9982681;;72,500
BA;BR-030;905,000;906,000;1,000;29/06/2022;-14,2781458;-38,9982681;;76,250
BA;BR-030;906,000;907,000;1,000;29/06/2022;-14,2781458;-38,9982681;;86,250
BA;BR-030;907,000;908,000;1,000;29/06/2022;-14,2781458;-38,9982681;;55,000
BA;BR-030;908,000;909,000;1,000;29/06/2022;-14,2781458;-38,9982681;;68,750
BA;BR-030;909,000;910,000;1,000;29/06/2022;-14,2781458;-38,9982681;;76,250
BA;BR-030;910,000;911,000;1,000;29/06/2022;-14,2781458;-38,9982681;;75,000
BA;BR-030;911,000;912,000;1,000;29/06/2022;-14,2781458;-38,9982681;;62,500
BA;BR-030;912,000;913,000;1,000;29/06/2022;-14,0426188;-38,9557249;;63,750
BA;BR-030;913,000;914,000;1,000;29/06/2022;-14,0426188;-38,9557249;;75,000
BA;BR-030;914,000;915,000;1,000;29/06/2022;-14,0426188;-38,9557249;;68,750
BA;BR-030;915,000;916,000;1,000;29/06/2022;-14,0426188;-38,9557249;;90,000
BA;BR-030;916,000;917,000;1,000;29/06/2022;-14,0426188;-38,9557249;;90,000
BA;BR-030;917,000;918,000;1,000;29/06/2022;-14,0426188;-38,9557249;;90,000
BA;BR-030;918,000;919,000;1,000;29/06/2022;-14,0426188;-38,9557249;;90,000
BA;BR-030;919,000;920,000;1,000;29/06/2022;-14,0426188;-38,9557249;;90,000
BA;BR-030;920,000;921,000;1,000;29/06/2022;-14,0426188;-38,9557249;;86,250
BA;BR-030;921,000;922,000;1,000;29/06/2022;-14,0426188;-38,9557249;;90,000
BA;BR-030;922,000;923,000;1,000;29/06/2022;-14,0426188;-38,9557249;;82,500
BA;BR-030;588,400;589,000;0,600;29/06/2022;-14,17984;-41,1251546;;100,000
BA;BR-030;589,000;590,000;1,000;29/06/2022;-14,1799193;-41,1252814;;100,000
BA;BR-030;590,000;591,000;1,000;29/06/2022;-14,1801543;-41,125112;;100,000
BA;BR-030;591,000;592,000;1,000;29/06/2022;-14,1803946;-41,1248853;;100,000
BA;BR-030;592,000;593,000;1,000;29/06/2022;-14,1806583;-41,1244884;;100,000
BA;BR-030;593,000;594,000;1,000;29/06/2022;-14,1809384;-41,1239288;;100,000
BA;BR-030;594,000;595,000;1,000;29/06/2022;-14,1811429;-41,1234797;;100,000
BA;BR-030;595,000;596,000;1,000;29/06/2022;-14,1813305;-41,1230492;;100,000
BA;BR-030;596,000;597,000;1,000;29/06/2022;-14,1816224;-41,1226759;;100,000
BA;BR-030;597,000;598,000;1,000;29/06/2022;-14,1821834;-41,122258;;100,000
BA;BR-030;598,000;599,000;1,000;29/06/2022;-14,1831981;-41,1214559;;75,000
BA;BR-030;599,000;600,000;1,000;29/06/2022;-14,1832528;-41,1214095;;75,000
BA;BR-030;600,000;601,000;1,000;29/06/2022;-14,1834706;-41,1207904;;75,000
BA;BR-030;601,000;602,000;1,000;29/06/2022;-14,1830452;-41,119528;;75,000
BA;BR-030;602,000;603,000;1,000;29/06/2022;-14,1826978;-41,1171215;;75,000
BA;BR-030;603,000;604,000;1,000;29/06/2022;-14,1827722;-41,116543;;75,000
BA;BR-030;604,000;605,000;1,000;29/06/2022;-14,1827615;-41,1164407;;75,000
BA;BR-030;605,000;606,000;1,000;29/06/2022;-14,1820697;-41,1149808;;75,000
BA;BR-030;606,000;607,000;1,000;29/06/2022;-14,1811313;-41,1096639;;75,000
BA;BR-030;607,000;608,000;1,000;29/06/2022;-14,1804317;-41,1074485;;75,000
BA;BR-030;608,000;609,000;1,000;29/06/2022;-14,1800272;-41,1061513;;75,000
BA;BR-030;609,000;610,000;1,000;29/06/2022;-14,1798778;-41,1057497;;75,000
BA;BR-030;610,000;611,000;1,000;29/06/2022;-14,1797225;-41,1052186;;75,000
BA;BR-030;611,000;612,000;1,000;29/06/2022;-14,1795336;-41,1046968;;75,000
BA;BR-030;612,000;613,000;1,000;29/06/2022;-14,1793725;-41,1043205;;75,000
BA;BR-030;613,000;614,000;1,000;29/06/2022;-14,1791075;-41,1039447;;75,000
BA;BR-030;614,000;615,000;1,000;29/06/2022;-14,178777;-41,1035862;;75,000
BA;BR-030;615,000;616,000;1,000;29/06/2022;-14,1786696;-41,1033134;;75,000
BA;BR-030;616,000;617,000;1,000;29/06/2022;-14,1787055;-41,1028327;;75,000
BA;BR-030;617,000;618,000;1,000;29/06/2022;-14,1787025;-41,1023193;;75,000
BA;BR-030;618,000;619,000;1,000;29/06/2022;-14,1786864;-41,1014398;;75,000
BA;BR-030;619,000;620,000;1,000;29/06/2022;-14,1786171;-41,1005613;;75,000
BA;BR-030;620,000;621,000;1,000;29/06/2022;-14,1787529;-41,0992778;;75,000
BA;BR-030;621,000;622,000;1,000;29/06/2022;-14,179102;-41,098709;;75,000
BA;BR-030;622,000;623,000;1,000;29/06/2022;-14,179427;-41,0981923;;75,000
BA;BR-030;623,000;624,000;1,000;29/06/2022;-14,1798184;-41,0975405;;75,000
BA;BR-030;624,000;625,000;1,000;29/06/2022;-14,1800199;-41,0971238;;75,000
BA;BR-030;625,000;626,000;1,000;29/06/2022;-14,1802141;-41,0967288;;75,000
BA;BR-030;626,000;627,000;1,000;29/06/2022;-14,1804695;-41,0963235;;75,000
BA;BR-030;627,000;628,000;1,000;29/06/2022;-14,1808787;-41,0960941;;75,000
BA;BR-030;628,000;629,000;1,000;29/06/2022;-14,1811918;-41,0957652;;75,000
BA;BR-030;629,000;630,000;1,000;29/06/2022;-14,1812246;-41,0956697;;75,000
BA;BR-030;630,000;631,000;1,000;29/06/2022;-14,1814748;-41,0949805;;100,000
BA;BR-030;631,000;632,000;1,000;29/06/2022;-14,183726;-40,9986755;;100,000
BA;BR-030;632,000;633,000;1,000;29/06/2022;-14,1840203;-40,9982423;;100,000
BA;BR-030;633,000;634,000;1,000;29/06/2022;-14,1844222;-40,997671;;100,000
BA;BR-030;634,000;635,000;1,000;29/06/2022;-14,1849182;-40,9970255;;100,000
BA;BR-030;635,000;636,000;1,000;29/06/2022;-14,1853433;-40,995769;;100,000
BA;BR-030;636,000;637,000;1,000;29/06/2022;-14,1854214;-40,995257;;100,000
BA;BR-030;637,000;638,000;1,000;29/06/2022;-14,1855784;-40,9939482;;100,000
BA;BR-030;638,000;639,000;1,000;29/06/2022;-14,185624;-40,9933792;;100,000
BA;BR-030;639,000;640,000;1,000;29/06/2022;-14,1857813;-40,9923965;;100,000
BA;BR-030;640,000;641,000;1,000;29/06/2022;-14,1859785;-40,9916008;;100,000
BA;BR-030;641,000;642,000;1,000;29/06/2022;-14,1860121;-40,991437;;100,000
BA;BR-030;642,000;643,000;1,000;29/06/2022;-14,1862281;-40,9899996;;100,000
BA;BR-030;643,000;644,000;1,000;29/06/2022;-14,1863562;-40,9892244;;100,000
BA;BR-030;644,000;645,000;1,000;29/06/2022;-14,1864636;-40,98859;;75,000
BA;BR-030;645,000;646,000;1,000;29/06/2022;-14,1866294;-40,9879392;;75,000
BA;BR-030;646,000;647,000;1,000;29/06/2022;-14,1868365;-40,9872567;;75,000
BA;BR-030;647,000;648,000;1,000;29/06/2022;-14,1870992;-40,9864288;;75,000
BA;BR-030;648,000;649,000;1,000;29/06/2022;-14,1881094;-40,9797412;;75,000
BA;BR-030;649,000;650,000;1,000;29/06/2022;-14,1882994;-40,9790385;;50,000
BA;BR-030;650,000;651,000;1,000;29/06/2022;-14,1884034;-40,9783054;;75,000
BA;BR-030;651,000;652,000;1,000;29/06/2022;-14,1884966;-40,9774021;;100,000
BA;BR-030;652,000;653,000;1,000;29/06/2022;-14,1886302;-40,9766658;;100,000
BA;BR-030;653,000;654,000;1,000;29/06/2022;-14,1886708;-40,9764833;;100,000
BA;BR-030;654,000;655,000;1,000;29/06/2022;-14,1888824;-40,9751799;;100,000
BA;BR-030;655,000;656,000;1,000;29/06/2022;-14,1890866;-40,9744825;;100,000
BA;BR-030;656,000;657,000;1,000;29/06/2022;-14,1883583;-40,9623404;;100,000
BA;BR-030;657,000;658,000;1,000;29/06/2022;-14,1883122;-40,9611932;;100,000
BA;BR-030;658,000;659,000;1,000;29/06/2022;-14,1882643;-40,9608363;;100,000
BA;BR-030;659,000;660,000;1,000;29/06/2022;-14,1881943;-40,9602101;;100,000
BA;BR-030;660,000;661,000;1,000;29/06/2022;-14,1880754;-40,9593904;;100,000
BA;BR-030;661,000;662,000;1,000;29/06/2022;-14,187938;-40,958837;;100,000
BA;BR-030;662,000;663,000;1,000;29/06/2022;-14,1878957;-40,9587142;;100,000
BA;BR-030;663,000;664,000;1,000;29/06/2022;-14,1877582;-40,9570478;;100,000
BA;BR-030;664,000;665,000;1,000;29/06/2022;-14,1876936;-40,9561565;;100,000
BA;BR-030;665,000;666,000;1,000;29/06/2022;-14,1877538;-40,9555469;;100,000
BA;BR-030;666,000;667,000;1,000;29/06/2022;-14,1876683;-40,9548805;;100,000
BA;BR-030;667,000;668,000;1,000;29/06/2022;-14,1874726;-40,9540564;;100,000
BA;BR-030;668,000;669,000;1,000;29/06/2022;-14,187288;-40,9531794;;100,000
BA;BR-030;669,000;670,000;1,000;29/06/2022;-14,1872243;-40,9525215;;100,000
BA;BR-030;670,000;671,000;1,000;29/06/2022;-14,1871111;-40,9520724;;100,000
BA;BR-030;671,000;672,000;1,000;29/06/2022;-14,1871009;-40,9519584;;100,000
BA;BR-030;672,000;673,000;1,000;29/06/2022;-14,1870374;-40,950254;;100,000
BA;BR-030;673,000;674,000;1,000;29/06/2022;-14,1866742;-40,9489294;;100,000
BA;BR-030;674,000;675,000;1,000;29/06/2022;-14,1868504;-40,9483402;;100,000
BA;BR-030;675,000;676,000;1,000;29/06/2022;-14,1867507;-40,947955;;100,000
BA;BR-030;676,000;677,000;1,000;29/06/2022;-14,1867098;-40,9478782;;100,000
BA;BR-030;677,000;678,000;1,000;29/06/2022;-14,1868121;-40,9460232;;100,000
BA;BR-030;678,000;679,000;1,000;29/06/2022;-14,1878265;-40,9445955;;100,000
BA;BR-030;679,000;680,000;1,000;29/06/2022;-14,1878543;-40,9439879;;100,000
BA;BR-030;680,000;681,000;1,000;29/06/2022;-14,1877278;-40,9433283;;100,000
BA;BR-030;681,000;682,000;1,000;29/06/2022;-14,1874375;-40,9426887;;100,000
BA;BR-030;682,000;683,000;1,000;29/06/2022;-14,1871992;-40,9420091;;100,000
BA;BR-030;683,000;684,000;1,000;29/06/2022;-14,1870514;-40,941624;;100,000
BA;BR-030;684,000;685,000;1,000;29/06/2022;-14,1867988;-40,9408384;;100,000
BA;BR-030;685,000;686,000;1,000;29/06/2022;-14,1866338;-40,9403847;;100,000
BA;BR-030;686,000;687,000;1,000;29/06/2022;-14,1862986;-40,9394831;;100,000
BA;BR-030;687,000;688,000;1,000;29/06/2022;-14,1862754;-40,9394254;;100,000
BA;BR-030;688,000;689,000;1,000;29/06/2022;-14,1859587;-40,9380756;;100,000
BA;BR-030;689,000;690,000;1,000;29/06/2022;-14,1856324;-40,9370878;;100,000
BA;BR-030;690,000;691,000;1,000;29/06/2022;-14,1850111;-40,93619;;100,000
BA;BR-030;691,000;692,000;1,000;29/06/2022;-14,1846241;-40,9355059;;100,000
BA;BR-030;692,000;693,000;1,000;29/06/2022;-14,1846061;-40,9352947;;100,000
BA;BR-030;693,000;694,000;1,000;29/06/2022;-14,18393;-40,9341348;;100,000
BA;BR-030;694,000;695,000;1,000;29/06/2022;-14,1837847;-40,9338493;;100,000
BA;BR-030;695,000;696,000;1,000;29/06/2022;-14,1835886;-40,9334878;;100,000
BA;BR-030;696,000;697,000;1,000;29/06/2022;-14,1831813;-40,9326792;;100,000
BA;BR-030;697,000;698,000;1,000;29/06/2022;-14,1828949;-40,9320935;;100,000
BA;BR-030;698,000;699,000;1,000;29/06/2022;-14,1826256;-40,9315813;;100,000
BA;BR-030;699,000;700,000;1,000;29/06/2022;-14,182604;-40,9315326;;100,000
BA;BR-030;700,000;701,000;1,000;29/06/2022;-14,1825068;-40,9297728;;100,000
BA;BR-030;701,000;702,000;1,000;29/06/2022;-14,1825364;-40,9294994;;100,000
BA;BR-030;702,000;703,000;1,000;29/06/2022;-14,1825587;-40,9290728;;100,000
BA;BR-030;703,000;704,000;1,000;29/06/2022;-14,1825543;-40,92896;;100,000
RS;BR-470;89,000;90,000;1,000;29/06/2022;-28,2968709;-51,4605967;;53,750
RS;BR-470;90,000;91,000;1,000;29/06/2022;-28,3077309;-51,4665676;;46,250
RS;BR-470;91,000;92,000;1,000;29/06/2022;-28,3077309;-51,4665676;;46,250
RS;BR-470;92,000;93,000;1,000;29/06/2022;-28,3077309;-51,4665676;;23,750
RS;BR-470;93,000;94,000;1,000;29/06/2022;-28,3077309;-51,4665676;;30,000
RS;BR-470;94,000;95,000;1,000;29/06/2022;-28,3077309;-51,4665676;;23,750
RS;BR-470;95,000;96,000;1,000;29/06/2022;-28,3187234;-51,4699165;;28,750
RS;BR-470;96,000;97,000;1,000;29/06/2022;-28,3187234;-51,4699165;;30,000
RS;BR-470;97,000;98,000;1,000;29/06/2022;-28,3187234;-51,4699165;;52,500
RS;BR-470;98,000;99,000;1,000;29/06/2022;-28,3187234;-51,4699165;;37,500
RS;BR-470;99,000;100,000;1,000;29/06/2022;-28,3187234;-51,4699165;;23,750
RS;BR-470;100,000;101,000;1,000;29/06/2022;-28,3187234;-51,4699165;;38,750
RS;BR-470;101,000;102,000;1,000;29/06/2022;-28,3175481;-51,3484905;;52,500
RS;BR-470;102,000;103,000;1,000;29/06/2022;-28,3175481;-51,3484905;;30,000
RS;BR-470;103,000;104,000;1,000;29/06/2022;-28,3175481;-51,3484905;;63,750
RS;BR-470;104,000;105,000;1,000;29/06/2022;-28,3175481;-51,3484905;;30,000
RS;BR-470;105,000;106,000;1,000;29/06/2022;-28,3175481;-51,3484905;;30,000
RS;BR-470;106,000;107,000;1,000;29/06/2022;-28,3175481;-51,3484905;;60,000
RS;BR-470;107,000;108,000;1,000;29/06/2022;-28,3024881;-51,4731336;;66,250
RS;BR-470;108,000;109,000;1,000;29/06/2022;-28,4229906;-51,4936843;;45,000
RS;BR-470;109,000;110,000;1,000;29/06/2022;-28,4229906;-51,4936843;;60,000
RS;BR-470;110,000;111,000;1,000;29/06/2022;-28,3175481;-51,3484905;;30,000
RS;BR-470;111,000;112,000;1,000;29/06/2022;-28,3175481;-51,3484905;;30,000
RS;BR-470;112,000;113,000;1,000;29/06/2022;-28,3175481;-51,3484905;;37,500
RS;BR-470;113,000;114,000;1,000;29/06/2022;-28,3175481;-51,3484905;;30,000
RS;BR-470;114,000;115,000;1,000;29/06/2022;-28,3024881;-51,4731336;;52,500
RS;BR-470;115,000;116,000;1,000;29/06/2022;-28,3024881;-51,4731336;;75,000
RS;BR-470;116,000;117,000;1,000;29/06/2022;-28,2079288;-51,5305247;;60,000
RS;BR-470;117,000;118,000;1,000;29/06/2022;-28,2079288;-51,5305247;;60,000
RS;BR-470;118,000;119,000;1,000;29/06/2022;-28,3175481;-51,3484905;;52,500
RS;BR-470;119,000;120,000;1,000;29/06/2022;-28,3175481;-51,3484905;;60,000
RS;BR-470;120,000;121,000;1,000;29/06/2022;-28,5072022;-51,5372063;;60,000
RS;BR-470;121,000;122,000;1,000;29/06/2022;-28,5072022;-51,5372063;;55,000
RS;BR-470;122,000;123,000;1,000;29/06/2022;-28,4502026;-51,63651;;67,500
RS;BR-470;123,000;124,000;1,000;29/06/2022;-28,4502026;-51,63651;;67,500
RS;BR-470;124,000;125,000;1,000;29/06/2022;-28,5477105;-51,6802986;;52,500
RS;BR-470;125,000;126,000;1,000;29/06/2022;-28,5477105;-51,6802986;;60,000
RS;BR-470;126,000;127,000;1,000;29/06/2022;-28,5477105;-51,6802986;;53,750
RS;BR-470;127,000;128,000;1,000;29/06/2022;-28,5474258;-51,5528317;;75,000
RS;BR-470;128,000;129,000;1,000;29/06/2022;-28,5474258;-51,5528317;;60,000
RS;BR-470;129,000;130,000;1,000;29/06/2022;-28,60883;-51,5654559;;63,750
RS;BR-470;130,000;131,000;1,000;29/06/2022;-28,5870153;-51,5621682;;60,000
RS;BR-470;131,000;132,000;1,000;29/06/2022;-28,5870153;-51,5621682;;71,250
RS;BR-470;132,000;133,000;1,000;29/06/2022;-28,4502026;-51,63651;;52,500
RS;BR-470;133,000;134,000;1,000;29/06/2022;-28,60883;-51,5654559;;46,250
RS;BR-153;53,100;54,000;0,900;30/06/2022;-27,676146;-52,2890246;;52,500
RS;BR-153;54,000;55,000;1,000;30/06/2022;-27,676146;-52,2890246;;37,500
RS;BR-153;55,000;56,000;1,000;30/06/2022;-27,676146;-52,2890246;;30,000
RS;BR-153;56,000;57,000;1,000;30/06/2022;-27,6810507;-52,2906861;;40,000
RS;BR-153;57,000;58,000;1,000;30/06/2022;-27,6954931;-52,3046445;;37,500
RS;BR-153;58,000;59,000;1,000;30/06/2022;-27,6954931;-52,3046445;;23,750
RS;BR-153;59,000;60,000;1,000;30/06/2022;-27,5445554;-52,1907329;;45,000
RS;BR-153;60,000;61,000;1,000;30/06/2022;-27,5445554;-52,1907329;;37,500
RS;BR-153;61,000;62,000;1,000;30/06/2022;-27,5445554;-52,1907329;;52,500
RS;BR-153;62,000;63,000;1,000;30/06/2022;-27,5445554;-52,1907329;;38,750
RS;BR-153;63,000;64,000;1,000;30/06/2022;-27,7879043;-52,2670961;;60,000
RS;BR-153;64,000;65,000;1,000;30/06/2022;-27,7591664;-52,3375399;;52,500
RS;BR-153;65,000;66,000;1,000;30/06/2022;-27,7591664;-52,3375399;;87,500
RS;BR-153;66,000;67,000;1,000;30/06/2022;-27,7591664;-52,3375399;;70,000
RS;BR-153;67,000;68,000;1,000;30/06/2022;-27,7759219;-52,342187;;30,000
RS;BR-153;68,000;69,000;1,000;30/06/2022;-27,7759219;-52,342187;;47,500
RS;BR-153;69,000;70,000;1,000;30/06/2022;-27,7759219;-52,342187;;55,000
RS;BR-153;70,000;71,000;1,000;30/06/2022;-27,7759219;-52,342187;;55,000
RS;BR-153;71,000;72,000;1,000;30/06/2022;-27,7759219;-52,342187;;62,500
RS;BR-153;72,000;73,000;1,000;30/06/2022;-27,7759219;-52,342187;;30,000
RS;BR-153;73,000;74,000;1,000;30/06/2022;-27,7759219;-52,342187;;23,750
RS;BR-153;74,000;75,000;1,000;30/06/2022;-27,7759219;-52,342187;;60,000
RS;BR-153;75,000;76,000;1,000;30/06/2022;-27,7759219;-52,342187;;31,250
RS;BR-153;76,000;77,000;1,000;30/06/2022;-27,7759219;-52,342187;;55,000
RS;BR-153;77,000;78,000;1,000;30/06/2022;-27,8918661;-52,2933446;;37,500
RS;BR-153;78,000;79,000;1,000;30/06/2022;-27,8918661;-52,2933446;;65,000
RS;BR-153;79,000;80,000;1,000;30/06/2022;-27,8918661;-52,2933446;;47,500
RS;BR-153;80,000;81,000;1,000;30/06/2022;-27,8918661;-52,2933446;;30,000
RS;BR-153;81,000;82,000;1,000;30/06/2022;-27,8918661;-52,2933446;;40,000
RS;BR-153;82,000;83,000;1,000;30/06/2022;-27,8918661;-52,2933446;;17,500
RS;BR-153;83,000;84,000;1,000;30/06/2022;-27,8573924;-52,3086332;;40,000
RS;BR-153;84,000;85,000;1,000;30/06/2022;-27,8573924;-52,3086332;;47,500
RS;BR-153;85,000;86,000;1,000;30/06/2022;-27,8573924;-52,3086332;;30,000
RS;BR-153;86,000;87,000;1,000;30/06/2022;-27,8573924;-52,3086332;;47,500
RS;BR-153;87,000;88,000;1,000;30/06/2022;-27,8573924;-52,3086332;;23,750
RS;BR-153;88,000;89,000;1,000;30/06/2022;-27,9563396;-52,3750345;;47,500
RS;BR-153;89,000;90,000;1,000;30/06/2022;-27,9563396;-52,3750345;;23,750
RS;BR-153;90,000;91,000;1,000;30/06/2022;-27,9563396;-52,3750345;;38,750
RS;BR-153;91,000;92,000;1,000;30/06/2022;-27,9563396;-52,3750345;;52,500
RS;BR-153;92,000;93,000;1,000;30/06/2022;-27,9563396;-52,3750345;;23,750
RS;BR-153;93,000;94,000;1,000;30/06/2022;-27,9563396;-52,3750345;;40,000
RS;BR-153;94,000;95,000;1,000;30/06/2022;-27,9563396;-52,3750345;;33,750
RS;BR-153;95,000;96,000;1,000;30/06/2022;-27,9563396;-52,3750345;;26,250
RS;BR-153;96,000;97,000;1,000;30/06/2022;-27,9563396;-52,3750345;;32,500
RS;BR-153;97,000;98,000;1,000;30/06/2022;-27,9563396;-52,3750345;;83,750
RS;BR-153;98,000;99,000;1,000;30/06/2022;-27,9563396;-52,3750345;;32,500
RS;BR-153;99,000;100,000;1,000;30/06/2022;-27,9563396;-52,3750345;;40,000
RS;BR-153;100,000;101,000;1,000;30/06/2022;-27,9563396;-52,3750345;;52,500
RS;BR-153;101,000;102,000;1,000;30/06/2022;-27,9563396;-52,3750345;;55,000
RS;BR-153;102,000;103,000;1,000;30/06/2022;-27,9563396;-52,3750345;;55,000
RS;BR-153;103,000;104,000;1,000;30/06/2022;-27,9563396;-52,3750345;;55,000
RS;BR-153;104,000;105,000;1,000;30/06/2022;-27,9563396;-52,3750345;;32,500
RS;BR-153;105,000;106,000;1,000;30/06/2022;-27,9563396;-52,3750345;;31,250
RS;BR-153;106,000;107,000;1,000;30/06/2022;-27,9563396;-52,3750345;;51,250
RS;BR-153;107,000;108,000;1,000;30/06/2022;-28,1164995;-52,3980917;;68,750
RS;BR-153;108,000;109,000;1,000;30/06/2022;-28,1164995;-52,3980917;;66,250
RS;BR-153;109,000;110,000;1,000;30/06/2022;-28,183808;-52,3305747;;52,500
RS;BR-153;110,000;111,000;1,000;30/06/2022;-28,183808;-52,3305747;;32,500
RS;BR-153;111,000;112,000;1,000;30/06/2022;-28,183808;-52,3305747;;70,000
RS;BR-153;112,000;113,000;1,000;30/06/2022;-28,183808;-52,3305747;;55,000
RS;BR-153;113,000;114,000;1,000;30/06/2022;-28,2192541;-52,4673661;;51,250
RS;BR-153;114,000;115,000;1,000;30/06/2022;-28,2192541;-52,4673661;;30,000
RS;BR-153;115,000;116,000;1,000;30/06/2022;-28,2192541;-52,4673661;;67,500
RS;BR-153;116,000;117,000;1,000;30/06/2022;-28,2192541;-52,4673661;;47,500
RS;BR-153;117,000;118,000;1,000;30/06/2022;-28,2192541;-52,4673661;;32,500
RS;BR-153;118,000;119,000;1,000;30/06/2022;-28,2351122;-52,432061;;43,750
RS;BR-153;119,000;120,000;1,000;30/06/2022;-28,2351122;-52,432061;;32,500
RS;BR-153;120,000;121,000;1,000;30/06/2022;-28,2192541;-52,4673661;;32,500
RS;BR-153;121,000;122,000;1,000;30/06/2022;-28,2192541;-52,4673661;;0,000
GO;BR-080;282,300;281,000;1,300;30/06/2022;-13,6538809;-49,8340934;;3,750
GO;BR-080;281,000;280,000;1,000;30/06/2022;-13,6538809;-49,8340934;;3,750
GO;BR-080;280,000;279,000;1,000;30/06/2022;-13,6538809;-49,8340934;;18,750
GO;BR-080;279,000;278,000;1,000;30/06/2022;-13,6538809;-49,8340934;;18,750
GO;BR-080;278,000;277,000;1,000;30/06/2022;-13,6538809;-49,8340934;;18,750
RR;BR-210;315,000;316,000;1,000;30/06/2022;0;0;;58,750
RR;BR-210;316,000;317,000;1,000;30/06/2022;0;0;;47,500
RR;BR-210;317,000;318,000;1,000;30/06/2022;0;0;;47,500
RR;BR-210;318,000;319,000;1,000;30/06/2022;0;0;;41,250
RR;BR-210;319,000;320,000;1,000;30/06/2022;0;0;;35,000
RR;BR-210;320,000;321,000;1,000;30/06/2022;0;0;;45,000
RR;BR-210;321,000;322,000;1,000;30/06/2022;0;0;;27,500
RR;BR-210;322,000;323,000;1,000;30/06/2022;0;0;;31,250
RR;BR-210;323,000;324,000;1,000;30/06/2022;0;0;;15,000
RR;BR-210;324,000;325,000;1,000;30/06/2022;0;0;;27,500
RR;BR-210;325,000;326,000;1,000;30/06/2022;0;0;;27,500
RR;BR-210;326,000;327,000;1,000;30/06/2022;0;0;;27,500
RR;BR-210;327,000;328,000;1,000;30/06/2022;0;0;;30,000
RR;BR-210;328,000;329,000;1,000;30/06/2022;0;0;;42,500
RR;BR-210;329,000;330,000;1,000;30/06/2022;0;0;;42,500
AM;BR-319;198,900;199,000;0,100;28/06/2022;-4,2048476;-60,8168542;;85,000
AM;BR-319;199,000;200,000;1,000;28/06/2022;-4,2048476;-60,8168542;;77,500
AM;BR-319;200,000;201,000;1,000;28/06/2022;-4,2048476;-60,8168542;;85,000
AM;BR-319;201,000;202,000;1,000;28/06/2022;-4,3433625;-60,9187892;;71,250
AM;BR-319;202,000;203,000;1,000;28/06/2022;-4,3433625;-60,9187892;;75,000
AM;BR-319;203,000;204,000;1,000;28/06/2022;-4,3433625;-60,9187892;;75,000
AM;BR-319;204,000;205,000;1,000;28/06/2022;-4,3433625;-60,9187892;;76,250
AM;BR-319;205,000;206,000;1,000;28/06/2022;-4,3433625;-60,9187892;;76,250
AM;BR-319;206,000;207,000;1,000;28/06/2022;-4,3433625;-60,9187892;;70,000
AM;BR-319;207,000;208,000;1,000;28/06/2022;-4,3433625;-60,9187892;;77,500
AM;BR-319;208,000;209,000;1,000;28/06/2022;-4,3433625;-60,9187892;;73,750
AM;BR-319;209,000;210,000;1,000;28/06/2022;-4,3433625;-60,9187892;;73,750
AM;BR-319;210,000;211,000;1,000;28/06/2022;-4,3433625;-60,9187892;;73,750
AM;BR-319;211,000;212,000;1,000;28/06/2022;-4,3433625;-60,9187892;;73,750
AM;BR-319;212,000;213,000;1,000;28/06/2022;-4,3433625;-60,9187892;;73,750
AM;BR-319;213,000;214,000;1,000;28/06/2022;-4,3433625;-60,9187892;;73,750
AM;BR-319;214,000;215,000;1,000;28/06/2022;-4,3433625;-60,9187892;;75,000
AM;BR-319;215,000;216,000;1,000;28/06/2022;-4,3433625;-60,9187892;;73,750
AM;BR-319;216,000;217,000;1,000;28/06/2022;-4,3433625;-60,9187892;;86,250
AM;BR-319;217,000;218,000;1,000;28/06/2022;-4,3433625;-60,9187892;;78,750
AM;BR-319;218,000;219,000;1,000;28/06/2022;-4,3433625;-60,9187892;;81,250
AM;BR-319;219,000;220,000;1,000;28/06/2022;-4,3433625;-60,9187892;;81,250
AM;BR-319;220,000;221,000;1,000;28/06/2022;-4,3433625;-60,9187892;;75,000
AM;BR-319;221,000;222,000;1,000;28/06/2022;-4,3433625;-60,9187892;;83,750
AM;BR-319;222,000;223,000;1,000;28/06/2022;-4,3433625;-60,9187892;;83,750
AM;BR-319;223,000;224,000;1,000;28/06/2022;-4,3433625;-60,9187892;;83,750
AM;BR-319;224,000;225,000;1,000;28/06/2022;-4,3433625;-60,9187892;;83,750
AM;BR-319;225,000;226,000;1,000;28/06/2022;-4,3433625;-60,9187892;;83,750
AM;BR-319;226,000;227,000;1,000;28/06/2022;-4,3433625;-60,9187892;;83,750
AM;BR-319;227,000;228,000;1,000;28/06/2022;-4,3433625;-60,9187892;;83,750
AM;BR-319;228,000;229,000;1,000;28/06/2022;-4,3433625;-60,9187892;;82,500
AM;BR-319;229,000;230,000;1,000;28/06/2022;-4,3433625;-60,9187892;;83,750
AM;BR-319;230,000;231,000;1,000;28/06/2022;-4,3433625;-60,9187892;;83,750
AM;BR-319;231,000;232,000;1,000;28/06/2022;-4,3433625;-60,9187892;;90,000
AM;BR-319;232,000;233,000;1,000;28/06/2022;-4,50956276;-61,1214547;;90,000
AM;BR-319;233,000;234,000;1,000;28/06/2022;-4,50956276;-61,1214547;;90,000
AM;BR-319;234,000;235,000;1,000;28/06/2022;-4,50956276;-61,1214547;;90,000
AM;BR-319;235,000;236,000;1,000;28/06/2022;-4,50956276;-61,1214547;;90,000
AM;BR-319;236,000;237,000;1,000;28/06/2022;-4,50956276;-61,1214547;;90,000
AM;BR-319;237,000;238,000;1,000;28/06/2022;-4,50956276;-61,1214547;;90,000
AM;BR-319;238,000;239,000;1,000;28/06/2022;-4,50956276;-61,1214547;;90,000
AM;BR-319;239,000;240,000;1,000;28/06/2022;-4,50956276;-61,1214547;;82,500
AM;BR-319;240,000;241,000;1,000;28/06/2022;-4,50956276;-61,1214547;;83,750
AM;BR-319;241,000;242,000;1,000;28/06/2022;-4,50956276;-61,1214547;;90,000
AM;BR-319;242,000;243,000;1,000;28/06/2022;-4,50956276;-61,1214547;;90,000
AM;BR-319;243,000;244,000;1,000;28/06/2022;-4,50956276;-61,1214547;;83,750
AM;BR-319;244,000;245,000;1,000;28/06/2022;-4,50956276;-61,1214547;;90,000
AM;BR-319;245,000;246,000;1,000;28/06/2022;-4,50956276;-61,1214547;;83,750
AM;BR-319;246,000;247,000;1,000;28/06/2022;-4,50956276;-61,1214547;;83,750
AM;BR-319;247,000;248,000;1,000;28/06/2022;-4,50956276;-61,1214547;;90,000
AM;BR-319;248,000;249,000;1,000;28/06/2022;-4,50956276;-61,1214547;;83,750
AM;BR-319;249,000;250,000;1,000;28/06/2022;-4,50956276;-61,1214547;;65,000
AM;BR-319;250,000;251,000;1,000;28/06/2022;-4,50956276;-61,1214547;;66,250
AM;BR-319;251,000;252,000;1,000;28/06/2022;-4,50956276;-61,1214547;;58,750
AM;BR-319;252,000;253,000;1,000;28/06/2022;-4,50956276;-61,1214547;;62,500
AM;BR-319;253,000;254,000;1,000;28/06/2022;-4,50956276;-61,1214547;;62,500
AM;BR-319;254,000;255,000;1,000;28/06/2022;-4,50956276;-61,1214547;;68,750
AM;BR-319;255,000;256,000;1,000;28/06/2022;-4,50956276;-61,1214547;;62,500
AM;BR-319;256,000;257,000;1,000;28/06/2022;-4,50956276;-61,1214547;;62,500
AM;BR-319;257,000;258,000;1,000;28/06/2022;-4,50956276;-61,1214547;;66,250
AM;BR-319;258,000;259,000;1,000;28/06/2022;-4,50956276;-61,1214547;;72,500
AM;BR-319;259,000;260,000;1,000;28/06/2022;-4,50956276;-61,1214547;;68,750
AM;BR-319;260,000;261,000;1,000;28/06/2022;-4,50956276;-61,1214547;;62,500
AM;BR-319;261,100;262,000;0,900;29/06/2022;-4,50956276;-61,1214547;;63,750
AM;BR-319;262,000;263,000;1,000;29/06/2022;-4,50956276;-61,1214547;;71,250
AM;BR-319;263,000;264,000;1,000;29/06/2022;-4,50956276;-61,1214547;;68,750
AM;BR-319;264,000;265,000;1,000;29/06/2022;-4,50956276;-61,1214547;;71,250
AM;BR-319;265,000;266,000;1,000;29/06/2022;-4,75763668;-61,3145774;;71,250
AM;BR-319;266,000;267,000;1,000;29/06/2022;-4,75763668;-61,3145774;;63,750
AM;BR-319;267,000;268,000;1,000;29/06/2022;-4,75763668;-61,3145774;;65,000
AM;BR-319;268,000;269,000;1,000;29/06/2022;-4,75763668;-61,3145774;;75,000
AM;BR-319;269,000;270,000;1,000;29/06/2022;-4,75763668;-61,3145774;;75,000
AM;BR-319;270,000;271,000;1,000;29/06/2022;-4,75763668;-61,3145774;;63,750
AM;BR-319;271,000;272,000;1,000;29/06/2022;-4,75763668;-61,3145774;;67,500
AM;BR-319;272,000;273,000;1,000;29/06/2022;-4,75763668;-61,3145774;;75,000
AM;BR-319;273,000;274,000;1,000;29/06/2022;-4,75763668;-61,3145774;;72,500
AM;BR-319;274,000;275,000;1,000;29/06/2022;-4,75763668;-61,3145774;;75,000
AM;BR-319;275,000;276,000;1,000;29/06/2022;-4,75763668;-61,3145774;;71,250
AM;BR-319;276,000;277,000;1,000;29/06/2022;-4,75763668;-61,3145774;;72,500
AM;BR-319;277,000;278,000;1,000;29/06/2022;-4,75763668;-61,3145774;;71,250
AM;BR-319;278,000;279,000;1,000;29/06/2022;-4,8367819;-61,4004831;;75,000
AM;BR-319;279,000;280,000;1,000;29/06/2022;-4,8367819;-61,4004831;;75,000
AM;BR-319;280,000;281,000;1,000;29/06/2022;-4,8367819;-61,4004831;;72,500
AM;BR-319;281,000;282,000;1,000;29/06/2022;-4,8367819;-61,4004831;;75,000
AM;BR-319;282,000;283,000;1,000;29/06/2022;-4,8367819;-61,4004831;;75,000
AM;BR-319;283,000;284,000;1,000;29/06/2022;-4,8367819;-61,4004831;;75,000
AM;BR-319;284,000;285,000;1,000;29/06/2022;-4,8367819;-61,4004831;;75,000
AM;BR-319;285,000;286,000;1,000;29/06/2022;-4,8367819;-61,4004831;;75,000
AM;BR-319;286,000;287,000;1,000;29/06/2022;-4,8367819;-61,4004831;;75,000
AM;BR-319;287,000;288,000;1,000;29/06/2022;-4,8367819;-61,4004831;;76,250
AM;BR-319;288,000;289,000;1,000;29/06/2022;-4,90795312;-61,472501;;76,250
AM;BR-319;289,000;290,000;1,000;29/06/2022;-4,90795312;-61,472501;;73,750
AM;BR-319;290,000;291,000;1,000;29/06/2022;-4,90795312;-61,472501;;73,750
AM;BR-319;291,000;292,000;1,000;29/06/2022;-4,90795312;-61,472501;;73,750
AM;BR-319;292,000;293,000;1,000;29/06/2022;-4,90795312;-61,472501;;73,750
AM;BR-319;293,000;294,000;1,000;29/06/2022;-4,90795312;-61,472501;;73,750
AM;BR-319;294,000;295,000;1,000;29/06/2022;-4,90795312;-61,472501;;63,750
AM;BR-319;295,000;296,000;1,000;29/06/2022;-4,90795312;-61,472501;;63,750
AM;BR-319;296,000;297,000;1,000;29/06/2022;-4,90795312;-61,472501;;63,750
AM;BR-319;297,000;298,000;1,000;29/06/2022;-4,93976813;-61,5218997;;60,000
AM;BR-319;298,000;299,000;1,000;29/06/2022;-4,93976813;-61,5218997;;56,250
AM;BR-319;299,000;300,000;1,000;29/06/2022;-4,93976813;-61,5218997;;76,250
AM;BR-319;300,000;301,000;1,000;29/06/2022;-4,93976813;-61,5218997;;76,250
AM;BR-319;301,000;302,000;1,000;29/06/2022;-4,93976813;-61,5218997;;76,250
AM;BR-319;302,000;303,000;1,000;29/06/2022;-4,93976813;-61,5218997;;76,250
AM;BR-319;303,000;304,000;1,000;29/06/2022;-4,93976813;-61,5218997;;76,250
AM;BR-319;304,000;305,000;1,000;29/06/2022;-4,93976813;-61,5218997;;72,500
AM;BR-319;305,000;306,000;1,000;29/06/2022;-4,93976813;-61,5218997;;76,250
AM;BR-319;306,000;307,000;1,000;29/06/2022;-4,93976813;-61,5218997;;76,250
AM;BR-319;307,000;308,000;1,000;29/06/2022;-4,93976813;-61,5218997;;58,750
AM;BR-319;308,000;309,000;1,000;29/06/2022;-4,93976813;-61,5218997;;70,000
AM;BR-319;309,000;310,000;1,000;29/06/2022;-4,93976813;-61,5218997;;70,000
AM;BR-319;310,000;311,000;1,000;29/06/2022;-4,93976813;-61,5218997;;60,000
AM;BR-319;311,000;312,000;1,000;29/06/2022;-4,93976813;-61,5218997;;76,250
AM;BR-319;312,000;313,000;1,000;29/06/2022;-4,93976813;-61,5218997;;56,250
AM;BR-319;313,000;314,000;1,000;29/06/2022;-4,93976813;-61,5218997;;62,500
AM;BR-319;314,000;315,000;1,000;29/06/2022;-4,93976813;-61,5218997;;56,250
AM;BR-319;315,000;316,000;1,000;29/06/2022;-4,93976813;-61,5218997;;52,500
AM;BR-319;316,000;317,000;1,000;29/06/2022;-5,06231218;-61,6622756;;50,000
AM;BR-319;317,000;318,000;1,000;29/06/2022;-5,06231218;-61,6622756;;82,500
AM;BR-319;318,000;319,000;1,000;29/06/2022;-5,06231218;-61,6622756;;82,500
AM;BR-319;319,000;320,000;1,000;29/06/2022;-5,06231218;-61,6622756;;82,500
AM;BR-319;320,000;321,000;1,000;29/06/2022;-5,06231218;-61,6622756;;93,750
AM;BR-319;321,000;322,000;1,000;29/06/2022;-5,06231218;-61,6622756;;86,250
AM;BR-319;322,000;323,000;1,000;29/06/2022;-5,06231218;-61,6622756;;73,750
AM;BR-319;323,000;324,000;1,000;29/06/2022;-5,10262114;-61,7064785;;76,250
AM;BR-319;324,000;325,000;1,000;29/06/2022;-5,1106051;-61,7158101;;76,250
AM;BR-319;325,000;326,000;1,000;29/06/2022;-5,1106051;-61,7158101;;82,500
AM;BR-319;326,000;327,000;1,000;29/06/2022;-5,1106051;-61,7158101;;82,500
AM;BR-319;327,000;328,000;1,000;29/06/2022;-5,1106051;-61,7158101;;76,250
AM;BR-319;328,000;329,000;1,000;29/06/2022;-5,1106051;-61,7158101;;75,000
AM;BR-319;329,000;330,000;1,000;29/06/2022;-5,1106051;-61,7158101;;75,000
AM;BR-319;330,000;331,000;1,000;29/06/2022;-5,1106051;-61,7158101;;76,250
AM;BR-319;331,000;332,000;1,000;29/06/2022;-5,1106051;-61,7158101;;75,000
AM;BR-319;332,000;333,000;1,000;29/06/2022;-5,1106051;-61,7158101;;82,500
AM;BR-319;333,000;334,000;1,000;29/06/2022;-5,1106051;-61,7158101;;82,500
AM;BR-319;334,000;335,000;1,000;29/06/2022;-5,1106051;-61,7158101;;82,500
AM;BR-319;335,000;336,000;1,000;29/06/2022;-5,1106051;-61,7158101;;76,250
AM;BR-319;336,000;337,000;1,000;29/06/2022;-5,1106051;-61,7158101;;76,250
AM;BR-319;337,000;338,000;1,000;29/06/2022;-5,1106051;-61,7158101;;81,250
AM;BR-319;338,000;339,000;1,000;29/06/2022;-5,1106051;-61,7158101;;75,000
AM;BR-319;339,000;340,000;1,000;29/06/2022;-5,19041491;-61,8209553;;75,000
AM;BR-319;340,000;341,000;1,000;29/06/2022;-5,19041491;-61,8209553;;75,000
AM;BR-319;341,000;342,000;1,000;29/06/2022;-5,19041491;-61,8209553;;52,500
AM;BR-319;342,000;343,000;1,000;29/06/2022;-5,19041491;-61,8209553;;56,250
AM;BR-319;343,000;344,000;1,000;29/06/2022;-5,19041491;-61,8209553;;62,500
AM;BR-319;344,000;345,000;1,000;29/06/2022;-5,19041491;-61,8209553;;80,000
AM;BR-319;345,000;346,000;1,000;29/06/2022;-5,19041491;-61,8209553;;56,250
AM;BR-319;346,000;347,000;1,000;29/06/2022;-5,19041491;-61,8209553;;56,250
AM;BR-319;347,000;348,000;1,000;29/06/2022;-5,24023505;-61,8864186;;56,250
AM;BR-319;348,000;349,000;1,000;29/06/2022;-5,24023505;-61,8864186;;62,500
AM;BR-319;349,000;350,000;1,000;29/06/2022;-5,24023505;-61,8864186;;56,250
AM;BR-319;350,000;351,000;1,000;29/06/2022;-5,24023505;-61,8864186;;56,250
AM;BR-319;351,000;352,000;1,000;29/06/2022;-5,24023505;-61,8864186;;56,250
AM;BR-319;352,000;353,000;1,000;29/06/2022;-5,24023505;-61,8864186;;52,500
AM;BR-319;353,000;354,000;1,000;29/06/2022;-5,24023505;-61,8864186;;55,000
AM;BR-319;354,000;355,000;1,000;29/06/2022;-5,24023505;-61,8864186;;73,750
AM;BR-319;355,000;356,000;1,000;29/06/2022;-5,24023505;-61,8864186;;73,750
AM;BR-319;356,000;357,000;1,000;29/06/2022;-5,24023505;-61,8864186;;72,500
AM;BR-319;357,000;358,000;1,000;29/06/2022;-5,24023505;-61,8864186;;75,000
AM;BR-319;358,000;359,000;1,000;29/06/2022;-5,24023505;-61,8864186;;72,500
AM;BR-319;359,000;360,000;1,000;29/06/2022;-5,24023505;-61,8864186;;73,750
AM;BR-319;360,000;361,000;1,000;29/06/2022;-5,24023505;-61,8864186;;73,750
AM;BR-319;361,000;362,000;1,000;29/06/2022;-5,24023505;-61,8864186;;73,750
AM;BR-319;362,000;363,000;1,000;29/06/2022;-5,24023505;-61,8864186;;76,250
AM;BR-319;363,000;364,000;1,000;29/06/2022;-5,24023505;-61,8864186;;82,500
AM;BR-319;364,000;365,000;1,000;29/06/2022;-5,24023505;-61,8864186;;75,000
AM;BR-319;365,000;366,000;1,000;29/06/2022;-5,24023505;-61,8864186;;76,250
AM;BR-319;366,000;367,000;1,000;29/06/2022;-5,24023505;-61,8864186;;76,250
AM;BR-319;367,000;368,000;1,000;29/06/2022;-5,24023505;-61,8864186;;75,000
AM;BR-319;368,000;369,000;1,000;29/06/2022;-5,24023505;-61,8864186;;76,250
AM;BR-319;369,000;370,000;1,000;29/06/2022;-5,24023505;-61,8864186;;75,000
AM;BR-319;370,000;371,000;1,000;29/06/2022;-5,24023505;-61,8864186;;76,250
AM;BR-319;371,000;372,000;1,000;29/06/2022;-5,24023505;-61,8864186;;75,000
AM;BR-319;372,000;373,000;1,000;29/06/2022;-5,24023505;-61,8864186;;81,250
AM;BR-319;373,000;374,000;1,000;29/06/2022;-5,24023505;-61,8864186;;82,500
AM;BR-319;374,000;375,000;1,000;29/06/2022;-5,24023505;-61,8864186;;85,000
AM;BR-319;375,000;376,000;1,000;29/06/2022;-5,24023505;-61,8864186;;92,500
AM;BR-319;376,000;377,000;1,000;29/06/2022;-5,24023505;-61,8864186;;75,000
AM;BR-319;377,000;378,000;1,000;29/06/2022;-5,24023505;-61,8864186;;75,000
AM;BR-319;378,000;379,000;1,000;29/06/2022;-5,24023505;-61,8864186;;92,500
AM;BR-319;379,000;380,000;1,000;29/06/2022;-5,24023505;-61,8864186;;92,500
AM;BR-319;380,000;381,000;1,000;29/06/2022;-5,24023505;-61,8864186;;92,500
AM;BR-319;381,000;382,000;1,000;29/06/2022;-5,24023505;-61,8864186;;92,500
AM;BR-319;382,000;383,000;1,000;29/06/2022;-5,24023505;-61,8864186;;92,500
AM;BR-319;383,000;384,000;1,000;29/06/2022;-5,24023505;-61,8864186;;75,000
AM;BR-319;384,000;385,000;1,000;29/06/2022;-5,24023505;-61,8864186;;75,000
AM;BR-319;385,000;386,000;1,000;29/06/2022;-5,24023505;-61,8864186;;72,500
AM;BR-319;386,000;387,000;1,000;29/06/2022;-5,24023505;-61,8864186;;72,500
AM;BR-319;387,000;388,000;1,000;29/06/2022;-5,24023505;-61,8864186;;75,000
AM;BR-319;388,000;389,000;1,000;29/06/2022;-5,24023505;-61,8864186;;92,500
AM;BR-319;389,000;390,000;1,000;29/06/2022;-5,24023505;-61,8864186;;75,000
AM;BR-319;390,000;391,000;1,000;29/06/2022;-5,24023505;-61,8864186;;92,500
AM;BR-319;391,000;392,000;1,000;29/06/2022;-5,24023505;-61,8864186;;92,500
AM;BR-319;392,000;393,000;1,000;29/06/2022;-5,24023505;-61,8864186;;75,000
AM;BR-319;393,000;394,000;1,000;29/06/2022;-5,24023505;-61,8864186;;72,500
AM;BR-319;394,000;395,000;1,000;29/06/2022;-5,24023505;-61,8864186;;75,000
AM;BR-319;395,000;396,000;1,000;29/06/2022;-5,24023505;-61,8864186;;72,500
AM;BR-319;396,000;397,000;1,000;29/06/2022;-5,24023505;-61,8864186;;95,000
AM;BR-319;397,000;398,000;1,000;29/06/2022;-5,24023505;-61,8864186;;95,000
AM;BR-319;398,000;399,000;1,000;29/06/2022;-5,24023505;-61,8864186;;95,000
AM;BR-319;399,000;400,000;1,000;29/06/2022;-5,24023505;-61,8864186;;95,000
AM;BR-319;400,000;401,000;1,000;29/06/2022;-5,24023505;-61,8864186;;75,000
AM;BR-319;401,000;402,000;1,000;29/06/2022;-5,24023505;-61,8864186;;76,250
AM;BR-319;402,000;403,000;1,000;29/06/2022;-5,24023505;-61,8864186;;76,250
AM;BR-319;403,000;404,000;1,000;29/06/2022;-5,24023505;-61,8864186;;76,250
AM;BR-319;404,000;405,000;1,000;29/06/2022;-5,24023505;-61,8864186;;76,250
AM;BR-319;405,000;406,000;1,000;29/06/2022;-5,24023505;-61,8864186;;75,000
AM;BR-319;406,000;407,000;1,000;29/06/2022;-5,24023505;-61,8864186;;76,250
AM;BR-319;407,000;408,000;1,000;29/06/2022;-5,24023505;-61,8864186;;76,250
AM;BR-319;408,000;409,000;1,000;29/06/2022;-5,24023505;-61,8864186;;93,750
AM;BR-319;409,000;410,000;1,000;29/06/2022;-5,24023505;-61,8864186;;93,750
AM;BR-319;410,000;411,000;1,000;29/06/2022;-5,24023505;-61,8864186;;93,750
AM;BR-319;411,000;412,000;1,000;29/06/2022;-5,24023505;-61,8864186;;75,000
AM;BR-319;412,000;413,000;1,000;29/06/2022;-5,24023505;-61,8864186;;93,750
AM;BR-319;413,000;414,000;1,000;29/06/2022;-5,24023505;-61,8864186;;76,250
AM;BR-319;414,000;415,000;1,000;29/06/2022;-5,24023505;-61,8864186;;76,250
AM;BR-319;415,000;416,000;1,000;29/06/2022;-5,24023505;-61,8864186;;76,250
AM;BR-319;416,000;417,000;1,000;29/06/2022;-5,24023505;-61,8864186;;76,250
AM;BR-319;417,000;418,000;1,000;29/06/2022;-5,24023505;-61,8864186;;93,750
AM;BR-319;418,000;419,000;1,000;29/06/2022;-5,24023505;-61,8864186;;76,250
AM;BR-319;419,000;420,000;1,000;29/06/2022;-5,24023505;-61,8864186;;76,250
AM;BR-319;420,000;421,000;1,000;29/06/2022;-5,24023505;-61,8864186;;76,250
AM;BR-319;421,000;422,000;1,000;29/06/2022;-5,24023505;-61,8864186;;76,250
AM;BR-319;422,000;423,000;1,000;29/06/2022;-5,24023505;-61,8864186;;93,750
AM;BR-319;423,000;424,000;1,000;29/06/2022;-5,24023505;-61,8864186;;76,250
AM;BR-319;424,000;425,000;1,000;29/06/2022;-5,24023505;-61,8864186;;91,250
AM;BR-319;425,000;426,000;1,000;29/06/2022;-5,24023505;-61,8864186;;91,250
AM;BR-319;426,000;427,000;1,000;29/06/2022;-5,24023505;-61,8864186;;76,250
AM;BR-319;427,000;428,000;1,000;29/06/2022;-5,24023505;-61,8864186;;76,250
AM;BR-319;428,000;429,000;1,000;29/06/2022;-5,24023505;-61,8864186;;93,750
AM;BR-319;429,000;430,000;1,000;29/06/2022;-5,24023505;-61,8864186;;76,250
AM;BR-319;430,000;431,000;1,000;29/06/2022;-5,24023505;-61,8864186;;76,250
AM;BR-319;431,000;432,000;1,000;29/06/2022;-5,24023505;-61,8864186;;76,250
AM;BR-319;432,000;433,000;1,000;29/06/2022;-5,24023505;-61,8864186;;76,250
AM;BR-319;433,000;434,000;1,000;29/06/2022;-5,24023505;-61,8864186;;76,250
AM;BR-319;434,000;435,000;1,000;29/06/2022;-5,24023505;-61,8864186;;76,250
AM;BR-319;435,000;436,000;1,000;29/06/2022;-5,24023505;-61,8864186;;76,250
AM;BR-319;436,000;437,000;1,000;29/06/2022;-5,24023505;-61,8864186;;76,250
AM;BR-319;437,000;438,000;1,000;29/06/2022;-5,24023505;-61,8864186;;76,250
AM;BR-319;438,000;439,000;1,000;29/06/2022;-5,24023505;-61,8864186;;76,250
AM;BR-319;439,000;440,000;1,000;29/06/2022;-5,24023505;-61,8864186;;76,250
AM;BR-319;440,000;441,000;1,000;29/06/2022;-5,24023505;-61,8864186;;76,250
AM;BR-319;441,000;442,000;1,000;29/06/2022;-5,24023505;-61,8864186;;76,250
AM;BR-319;442,000;443,000;1,000;29/06/2022;-5,24023505;-61,8864186;;76,250
AP;BR-156;659,440;660,000;0,560;28/06/2022;2,60795912;-51,3330517;;40,000
AP;BR-156;660,000;661,000;1,000;28/06/2022;2,61967415;-51,3362843;;20,000
AP;BR-156;661,000;662,000;1,000;28/06/2022;2,6262261;-51,3381229;;65,000
AP;BR-156;662,000;663,000;1,000;28/06/2022;2,63083816;-51,3408848;;80,000
AP;BR-156;663,000;664,000;1,000;28/06/2022;2,63437024;-51,3432146;;76,250
AP;BR-156;664,000;665,000;1,000;28/06/2022;2,64250303;-51,3488681;;76,250
AP;BR-156;665,000;666,000;1,000;28/06/2022;2,65301259;-51,3531057;;76,250
AP;BR-156;666,000;667,000;1,000;28/06/2022;2,65564993;-51,3533407;;72,500
AP;BR-156;667,000;668,000;1,000;28/06/2022;2,66764701;-51,3535638;;72,500
AP;BR-156;668,000;669,000;1,000;28/06/2022;2,66764701;-51,3535638;;68,750
AP;BR-156;669,000;670,000;1,000;28/06/2022;2,67880397;-51,3534146;;68,750
AP;BR-156;670,000;671,000;1,000;28/06/2022;2,67880397;-51,3534146;;40,000
AP;BR-156;671,000;672,000;1,000;29/06/2022;2,69026878;-51,3579538;;72,500
AP;BR-156;672,000;673,000;1,000;29/06/2022;2,6974834;-51,3607552;;57,500
AP;BR-156;673,000;674,000;1,000;29/06/2022;2,71307142;-51,3653543;;57,500
AP;BR-156;674,000;675,000;1,000;29/06/2022;2,71307142;-51,3653543;;65,000
AP;BR-156;675,000;676,000;1,000;29/06/2022;2,72668058;-51,3692756;;76,250
AP;BR-156;676,000;677,000;1,000;29/06/2022;2,73806118;-51,3725062;;65,000
AP;BR-156;677,000;678,000;1,000;29/06/2022;2,73806118;-51,3725062;;68,750
AP;BR-156;678,000;679,000;1,000;29/06/2022;2,75284076;-51,3741753;;76,250
AP;BR-156;679,000;680,000;1,000;29/06/2022;2,76275554;-51,3827962;;76,250
AP;BR-156;680,000;681,000;1,000;29/06/2022;2,76767288;-51,3817035;;76,250
AP;BR-156;681,000;682,000;1,000;29/06/2022;2,77791609;-51,384029;;76,250
AP;BR-156;682,000;683,000;1,000;29/06/2022;2,78665699;-51,3871406;;83,750
AP;BR-156;683,000;684,000;1,000;29/06/2022;2,78665699;-51,3871406;;72,500
AP;BR-156;684,000;685,000;1,000;29/06/2022;2,80728227;-51,3921623;;72,500
AP;BR-156;685,000;686,000;1,000;29/06/2022;2,81698248;-51,3952952;;83,750
AP;BR-156;686,000;687,000;1,000;29/06/2022;2,83219021;-51,4002579;;76,250
AP;BR-156;687,000;688,000;1,000;29/06/2022;2,83219021;-51,4002579;;76,250
AP;BR-156;688,000;689,000;1,000;29/06/2022;2,84074093;-51,3992797;;68,750
AP;BR-156;689,000;690,000;1,000;29/06/2022;2,84602643;-51,3959762;;72,500
AP;BR-156;690,000;691,000;1,000;29/06/2022;2,85846293;-51,394092;;76,250
AP;BR-156;691,000;692,000;1,000;29/06/2022;2,86603516;-51,395121;;65,000
AP;BR-156;692,000;693,000;1,000;29/06/2022;2,86603516;-51,395121;;72,500
AP;BR-156;693,000;694,000;1,000;29/06/2022;2,88461754;-51,3959971;;76,250
AP;BR-156;694,000;695,000;1,000;29/06/2022;2,89456551;-51,3974541;;65,000
AP;BR-156;695,000;696,000;1,000;29/06/2022;2,89456551;-51,3974541;;57,500
AP;BR-156;696,000;697,000;1,000;29/06/2022;2,9134656;-51,3987762;;68,750
AP;BR-156;697,000;698,000;1,000;29/06/2022;2,91481906;-51,3986875;;57,500
AP;BR-156;698,000;699,000;1,000;29/06/2022;2,91481906;-51,3986875;;57,500
AP;BR-156;699,000;700,000;1,000;29/06/2022;2,91481906;-51,3986875;;57,500
AP;BR-156;700,000;701,000;1,000;29/06/2022;2,9385927;-51,4052087;;57,500
AP;BR-156;701,000;702,000;1,000;29/06/2022;2,9482073;-51,4157847;;76,250
AP;BR-156;702,000;703,000;1,000;29/06/2022;2,95715192;-51,4217368;;52,500
AP;BR-156;703,000;704,000;1,000;29/06/2022;2,96550125;-51,4270963;;60,000
AP;BR-156;704,000;705,000;1,000;29/06/2022;2,96550125;-51,4270963;;52,500
AP;BR-156;705,000;706,000;1,000;29/06/2022;2,96550125;-51,4270963;;52,500
AP;BR-156;706,000;707,000;1,000;29/06/2022;2,98725908;-51,4371244;;52,500
AP;BR-156;707,000;708,000;1,000;29/06/2022;2,98725908;-51,4371244;;60,000
AP;BR-156;708,000;709,000;1,000;29/06/2022;3,00430442;-51,4463309;;60,000
AP;BR-156;709,000;710,000;1,000;29/06/2022;3,01685273;-51,4540524;;52,500
AP;BR-156;710,000;711,000;1,000;29/06/2022;3,01685273;-51,4540524;;62,500
AP;BR-156;711,000;712,000;1,000;29/06/2022;3,01685273;-51,4540524;;73,750
AP;BR-156;712,000;713,000;1,000;29/06/2022;3,03962115;-51,4595591;;73,750
AP;BR-156;713,000;714,000;1,000;29/06/2022;3,04501799;-51,461953;;80,000
AP;BR-156;714,000;715,000;1,000;29/06/2022;3,04501799;-51,461953;;76,250
AP;BR-156;715,000;716,000;1,000;29/06/2022;3,06121188;-51,4718506;;76,250
AP;BR-156;716,000;717,000;1,000;29/06/2022;3,0704892;-51,4761998;;95,000
AP;BR-156;717,000;718,000;1,000;29/06/2022;3,08045935;-51,4811114;;80,000
AP;BR-156;718,000;719,000;1,000;29/06/2022;3,08045935;-51,4811114;;76,250
AP;BR-156;719,000;720,000;1,000;29/06/2022;3,08045935;-51,4811114;;87,500
AP;BR-156;720,000;721,000;1,000;29/06/2022;3,09602564;-51,490668;;72,500
AP;BR-156;721,000;722,000;1,000;29/06/2022;3,1118683;-51,4937748;;72,500
AP;BR-156;722,000;723,000;1,000;29/06/2022;3,1118683;-51,4937748;;80,000
AP;BR-156;723,000;724,000;1,000;29/06/2022;3,12831901;-51,5012118;;72,500
AP;BR-156;724,000;725,000;1,000;29/06/2022;3,12831901;-51,5012118;;76,250
AP;BR-156;725,000;726,000;1,000;29/06/2022;3,12831901;-51,5012118;;76,250
AP;BR-156;726,000;727,000;1,000;29/06/2022;3,15014012;-51,5139826;;80,000
AP;BR-156;727,000;728,000;1,000;29/06/2022;3,15686478;-51,5183624;;83,750
AP;BR-156;728,000;729,000;1,000;29/06/2022;3,15686478;-51,5183624;;80,000
AP;BR-156;729,000;730,000;1,000;29/06/2022;3,16986028;-51,526184;;95,000
AP;BR-156;730,000;731,000;1,000;29/06/2022;3,18053962;-51,5306813;;80,000
AP;BR-156;731,000;732,000;1,000;29/06/2022;3,18854494;-51,535697;;87,500
AP;BR-156;732,000;733,000;1,000;29/06/2022;3,18985218;-51,5427274;;61,250
AP;BR-156;733,000;734,000;1,000;29/06/2022;3,18985218;-51,5427274;;76,250
AP;BR-156;734,000;735,000;1,000;29/06/2022;3,20474227;-51,5515494;;72,500
AP;BR-156;735,000;736,000;1,000;29/06/2022;3,21549102;-51,5535353;;73,750
AP;BR-156;736,000;737,000;1,000;29/06/2022;3,21549102;-51,5535353;;72,500
AP;BR-156;737,000;738,000;1,000;29/06/2022;3,21549102;-51,5535353;;80,000
AP;BR-156;738,000;739,000;1,000;29/06/2022;3,21549102;-51,5535353;;80,000
AP;BR-156;739,000;740,000;1,000;29/06/2022;3,244138;-51,5687869;;80,000
AP;BR-156;740,000;741,000;1,000;29/06/2022;3,25333643;-51,5784413;;65,000
AP;BR-156;741,000;742,000;1,000;29/06/2022;3,25643339;-51,585098;;80,000
AP;BR-156;742,000;743,000;1,000;29/06/2022;3,26286131;-51,5913939;;87,500
AP;BR-156;743,000;744,000;1,000;29/06/2022;3,26990003;-51,5957348;;80,000
AP;BR-156;744,000;745,000;1,000;29/06/2022;3,27464909;-51,6017452;;73,750
AP;BR-156;745,000;746,000;1,000;29/06/2022;3,28095765;-51,6104758;;72,500
AP;BR-156;746,000;747,000;1,000;29/06/2022;3,28095765;-51,6104758;;80,000
AP;BR-156;747,000;748,000;1,000;29/06/2022;3,28095765;-51,6104758;;68,750
AP;BR-156;748,000;749,000;1,000;29/06/2022;3,28095765;-51,6104758;;80,000
AP;BR-156;749,000;750,000;1,000;29/06/2022;3,31371579;-51,6301883;;68,750
AP;BR-156;750,000;751,000;1,000;29/06/2022;3,31371579;-51,6301883;;70,000
AP;BR-156;751,000;752,000;1,000;29/06/2022;3,31371579;-51,6301883;;62,500
AP;BR-156;752,000;753,000;1,000;29/06/2022;3,31371579;-51,6301883;;72,500
AP;BR-156;753,000;754,000;1,000;29/06/2022;3,31371579;-51,6301883;;76,250
AP;BR-156;754,000;755,000;1,000;29/06/2022;3,34685848;-51,6595907;;72,500
AP;BR-156;755,000;756,000;1,000;29/06/2022;3,34685848;-51,6595907;;68,750
AP;BR-156;756,000;757,000;1,000;29/06/2022;3,34685848;-51,6595907;;72,500
AP;BR-156;757,000;758,000;1,000;29/06/2022;3,34685848;-51,6595907;;68,750
AP;BR-156;758,000;759,000;1,000;29/06/2022;3,34685848;-51,6595907;;65,000
AP;BR-156;759,000;760,000;1,000;29/06/2022;3,37653387;-51,6909641;;65,000
AP;BR-156;760,000;761,000;1,000;29/06/2022;3,37653387;-51,6909641;;83,750
AP;BR-156;761,000;762,000;1,000;29/06/2022;3,38014263;-51,7016439;;77,500
AP;BR-156;762,000;763,000;1,000;29/06/2022;3,38014263;-51,7016439;;66,250
AP;BR-156;763,000;764,000;1,000;29/06/2022;3,38014263;-51,7016439;;68,750
AP;BR-156;764,000;765,000;1,000;29/06/2022;3,38014263;-51,7016439;;62,500
AP;BR-156;765,000;766,000;1,000;29/06/2022;3,38014263;-51,7016439;;60,000
AP;BR-156;766,000;767,000;1,000;29/06/2022;3,38014263;-51,7016439;;72,500
AP;BR-156;767,000;768,000;1,000;29/06/2022;3,38014263;-51,7016439;;72,500
AP;BR-156;768,000;769,000;1,000;29/06/2022;3,4317468;-51,7285306;;73,750