UF,Rodovia,km inicial,km final,Extensão (km),Data,Latitude,Longitude,Observação,ICMNP
,,,,,,,,,
,,,,,,,,,
PA,BR-163,"676,1",677,"0,9",04/07/2022,"-4,2961709","-55,9583062",,"37,5"
PA,BR-163,677,678,1,04/07/2022,"-4,2961709","-55,9583062",,25
PA,BR-163,678,679,1,04/07/2022,"-4,2961709","-55,9583062",,"31,25"
PA,BR-163,679,680,1,04/07/2022,"-4,2961709","-55,9583062",,"37,5"
PA,BR-163,680,681,1,04/07/2022,"-4,2961709","-55,9583062",,"37,5"
PA,BR-163,681,682,1,04/07/2022,"-4,2961709","-55,9583062",,"31,25"
PA,BR-163,682,683,1,04/07/2022,"-4,2961709","-55,9583062",,"31,25"
PA,BR-163,683,684,1,04/07/2022,"-4,2961709","-55,9583062",,"31,25"
PA,BR-163,684,685,1,04/07/2022,"-4,2961709","-55,9583062",,"31,25"
PA,BR-163,685,686,1,04/07/2022,"-4,2961709","-55,9583062",,"33,75"
PA,BR-163,686,687,1,04/07/2022,"-4,2961709","-55,9583062",,15
PA,BR-163,687,688,1,04/07/2022,"-4,2961709","-55,9583062",,15
PA,BR-163,688,689,1,04/07/2022,"-4,2961709","-55,9583062",,40
PA,BR-163,689,690,1,04/07/2022,"-4,2961709","-55,9583062",,"41,25"
PA,BR-163,690,691,1,04/07/2022,"-4,2961709","-55,9583062",,"16,25"
PA,BR-163,691,692,1,04/07/2022,"-4,2961709","-55,9583062",,15
PA,BR-163,692,693,1,04/07/2022,"-4,2961709","-55,9583062",,15
PA,BR-163,693,694,1,04/07/2022,"-4,2961709","-55,9583062",,15
PA,BR-163,694,695,1,04/07/2022,"-4,2961709","-55,9583062",,15
PA,BR-163,695,696,1,04/07/2022,"-4,2961709","-55,9583062",,"27,5"
PA,BR-163,696,697,1,04/07/2022,"-4,2961709","-55,9583062",,"33,75"
PA,BR-163,697,698,1,04/07/2022,"-4,2961709","-55,9583062",,"27,5"
PA,BR-163,698,699,1,04/07/2022,"-4,2961709","-55,9583062",,"22,5"
PA,BR-163,699,700,1,04/07/2022,"-4,2961709","-55,9583062",,"33,75"
PA,BR-163,700,701,1,04/07/2022,"-4,2961709","-55,9583062",,"27,5"
PA,BR-163,701,702,1,04/07/2022,"-4,2961709","-55,9583062",,15
PA,BR-163,702,703,1,04/07/2022,"-4,2961709","-55,9583062",,15
PA,BR-163,703,704,1,04/07/2022,"-4,2961709","-55,9583062",,15
PA,BR-163,704,705,1,04/07/2022,"-4,2961709","-55,9583062",,15
PA,BR-163,"722,1",723,"0,9",04/07/2022,"-4,2961709","-55,9583062",,40
PA,BR-163,723,724,1,04/07/2022,"-4,2961709","-55,9583062",,40
PA,BR-163,724,725,1,04/07/2022,"-4,2961709","-55,9583062",,40
PA,BR-163,"732,68",733,"0,32",04/07/2022,"-4,2961709","-55,9583062",,15
PA,BR-163,733,734,1,04/07/2022,"-4,2961709","-55,9583062",,"47,5"
PA,BR-163,734,735,1,04/07/2022,"-4,2961709","-55,9583062",,"48,75"
PA,BR-163,735,736,1,04/07/2022,"-4,2961709","-55,9583062",,"48,75"
PA,BR-163,736,737,1,04/07/2022,"-4,2961709","-55,9583062",,"42,5"
PA,BR-163,737,738,1,04/07/2022,"-4,2961709","-55,9583062",,"48,75"
BA,BR-030,"281,7",280,"1,7",05/07/2022,"-14,2864083","-43,7850066",,"66,25"
BA,BR-030,280,279,1,05/07/2022,"-14,280515","-43,7935683",,"53,75"
BA,BR-030,279,278,1,05/07/2022,"-14,280515","-43,7935683",,"53,75"
BA,BR-030,278,277,1,05/07/2022,"-14,2697533","-43,8091516",,"57,5"
BA,BR-030,277,276,1,05/07/2022,"-14,2697533","-43,8091516",,50
BA,BR-030,276,275,1,05/07/2022,"-14,2697533","-43,8091516",,"57,5"
BA,BR-030,275,274,1,05/07/2022,"-14,2697533","-43,8091516",,"53,75"
BA,BR-030,274,273,1,05/07/2022,"-14,2697533","-43,8091516",,"42,5"
BA,BR-030,273,272,1,05/07/2022,"-14,2697533","-43,8091516",,"68,75"
BA,BR-030,272,271,1,05/07/2022,"-14,2697533","-43,8091516",,50
BA,BR-030,271,270,1,05/07/2022,"-14,23355","-43,8606983",,50
BA,BR-030,270,269,1,05/07/2022,"-14,23355","-43,8606983",,"57,5"
BA,BR-030,269,268,1,05/07/2022,"-14,23355","-43,8606983",,"53,75"
BA,BR-030,268,267,1,05/07/2022,"-14,23355","-43,8606983",,"62,5"
BA,BR-030,267,266,1,05/07/2022,"-14,2137716","-43,8950066",,50
BA,BR-030,266,265,1,05/07/2022,"-14,2137716","-43,8950066",,"57,5"
BA,BR-030,265,264,1,05/07/2022,"-14,2137716","-43,8950066",,"57,5"
BA,BR-030,264,263,1,05/07/2022,"-14,2137716","-43,8950066",,"42,5"
BA,BR-030,263,262,1,05/07/2022,"-14,2137716","-43,8950066",,"42,5"
BA,BR-030,262,261,1,05/07/2022,"-14,2137716","-43,8950066",,50
BA,BR-030,261,260,1,05/07/2022,"-14,2090266","-43,94659",,"57,5"
BA,BR-030,260,259,1,05/07/2022,"-14,2090266","-43,94659",,"57,5"
BA,BR-030,259,258,1,05/07/2022,"-14,2090266","-43,94659",,50
BA,BR-030,258,257,1,05/07/2022,"-14,2090266","-43,94659",,50
BA,BR-030,257,256,1,05/07/2022,"-14,2090266","-43,94659",,"66,25"
BA,BR-030,256,255,1,05/07/2022,"-14,2090266","-43,94659",,"46,25"
BA,BR-030,255,254,1,05/07/2022,"-14,2090266","-43,94659",,"46,25"
BA,BR-030,254,253,1,05/07/2022,"-14,2090266","-43,94659",,"47,5"
BA,BR-030,253,252,1,05/07/2022,"-14,2090266","-43,94659",,35
BA,BR-030,252,251,1,05/07/2022,"-14,2090266","-43,94659",,20
BA,BR-030,251,250,1,05/07/2022,"-14,20859","-44,0384366",,"27,5"
BA,BR-030,250,249,1,05/07/2022,"-14,20859","-44,0384366",,"42,5"
BA,BR-030,249,248,1,05/07/2022,"-14,20859","-44,0384366",,"46,25"
BA,BR-030,248,247,1,05/07/2022,"-14,20859","-44,0384366",,"42,5"
BA,BR-030,247,246,1,05/07/2022,"-14,20859","-44,0384366",,"53,75"
BA,BR-030,246,245,1,05/07/2022,"-14,20859","-44,0384366",,50
BA,BR-030,245,244,1,05/07/2022,"-14,20859","-44,0384366",,"42,5"
BA,BR-030,244,243,1,05/07/2022,"-14,20859","-44,0384366",,"42,5"
BA,BR-030,243,242,1,05/07/2022,"-14,20859","-44,0384366",,35
BA,BR-030,242,241,1,05/07/2022,"-14,2170766","-44,1287783",,35
BA,BR-030,241,240,1,05/07/2022,"-14,2170766","-44,1287783",,"27,5"
BA,BR-030,240,239,1,05/07/2022,"-14,2170766","-44,1287783",,"27,5"
BA,BR-030,239,238,1,05/07/2022,"-14,2170766","-44,1287783",,35
BA,BR-030,"238,4",237,"1,4",05/07/2022,"-14,2305883","-44,1535333",,"47,5"
BA,BR-030,237,236,1,05/07/2022,"-14,2305883","-44,1535333",,"66,25"
BA,BR-030,236,235,1,05/07/2022,"-14,2305883","-44,1535333",,50
BA,BR-030,235,234,1,05/07/2022,"-14,2305883","-44,1535333",,"53,75"
BA,BR-030,234,233,1,05/07/2022,"-14,2305883","-44,1535333",,20
BA,BR-030,233,232,1,05/07/2022,"-14,2305883","-44,1535333",,50
BA,BR-030,232,231,1,05/07/2022,"-14,2305883","-44,1535333",,"47,5"
BA,BR-030,231,230,1,05/07/2022,"-14,2305883","-44,1535333",,"42,5"
BA,BR-030,230,229,1,05/07/2022,"-14,2305883","-44,1535333",,"27,5"
BA,BR-030,229,228,1,05/07/2022,"-14,2071333","-44,2233766",,"52,5"
BA,BR-030,228,227,1,05/07/2022,"-14,2071333","-44,2233766",,35
BA,BR-030,227,226,1,05/07/2022,"-14,2049616","-44,23949",,"42,5"
BA,BR-030,226,225,1,05/07/2022,"-14,2049616","-44,23949",,"42,5"
BA,BR-030,225,224,1,05/07/2022,"-14,2049616","-44,23949",,55
BA,BR-030,224,223,1,05/07/2022,"-14,2049616","-44,23949",,"17,5"
BA,BR-030,223,222,1,05/07/2022,"-14,2049616","-44,23949",,"27,5"
BA,BR-030,222,221,1,05/07/2022,"-14,2049616","-44,23949",,"66,25"
BA,BR-030,221,220,1,05/07/2022,"-14,2049616","-44,23949",,"62,5"
BA,BR-030,220,219,1,05/07/2022,"-14,2049616","-44,23949",,50
BA,BR-030,219,218,1,05/07/2022,"-14,2049616","-44,23949",,"42,5"
BA,BR-030,218,217,1,05/07/2022,"-14,2257766","-44,3235183",,35
BA,BR-030,217,216,1,05/07/2022,"-14,2257766","-44,3235183",,"27,5"
BA,BR-030,216,215,1,05/07/2022,"-14,2257766","-44,3235183",,"27,5"
BA,BR-030,215,214,1,05/07/2022,"-14,2257766","-44,3235183",,35
BA,BR-030,214,213,1,05/07/2022,"-14,2257766","-44,3235183",,"47,5"
BA,BR-030,213,212,1,05/07/2022,"-14,2257766","-44,3235183",,"61,25"
BA,BR-030,212,211,1,05/07/2022,"-14,2054","-44,3701916",,"61,25"
BA,BR-030,211,210,1,05/07/2022,"-14,2040516","-44,3726616",,"67,5"
BA,BR-030,210,209,1,05/07/2022,"-14,1994766","-44,3822266",,"68,75"
BA,BR-030,209,208,1,05/07/2022,"-14,1994766","-44,3822266",,"68,75"
BA,BR-030,208,207,1,05/07/2022,"-14,1994766","-44,3822266",,"68,75"
BA,BR-030,207,206,1,05/07/2022,"-14,1920133","-44,4134866",,"67,5"
BA,BR-030,206,205,1,05/07/2022,"-14,1920133","-44,4134866",,60
BA,BR-030,205,204,1,05/07/2022,"-14,1936316","-44,4271916",,"53,75"
BA,BR-030,204,203,1,05/07/2022,"-14,1936316","-44,4271916",,55
BA,BR-030,203,202,1,05/07/2022,"-14,1909016","-44,4447",,"53,75"
BA,BR-030,202,201,1,05/07/2022,"-14,1897466","-44,449065",,40
BA,BR-030,201,200,1,05/07/2022,"-14,1836566","-44,5031366",,"12,5"
BA,BR-030,200,199,1,05/07/2022,"-14,18067","-44,5242616",,35
BA,BR-030,199,198,1,05/07/2022,"-14,18067","-44,5242616",,"42,5"
BA,BR-030,198,197,1,05/07/2022,"-14,18067","-44,5242616",,35
BA,BR-030,197,196,1,05/07/2022,"-14,18067","-44,5242616",,"47,5"
BA,BR-030,196,195,1,05/07/2022,"-14,18067","-44,5242616",,"47,5"
BA,BR-030,195,194,1,05/07/2022,"-14,18067","-44,5242616",,40
BA,BR-030,194,193,1,05/07/2022,"-14,18067","-44,5242616",,"47,5"
BA,BR-030,193,192,1,05/07/2022,"-14,18067","-44,5242616",,"32,5"
BA,BR-030,192,191,1,05/07/2022,"-14,18067","-44,5242616",,25
BA,BR-349,"251,4",252,"0,6",12/07/2022,"-12,268983","-38,9504362",,75
BA,BR-349,252,253,1,12/07/2022,"-12,268983","-38,9504362",,75
BA,BR-349,253,254,1,12/07/2022,"-12,268983","-38,9504362",,"67,5"
BA,BR-349,254,255,1,12/07/2022,"-12,268983","-38,9504362",,"56,25"
BA,BR-349,255,256,1,12/07/2022,"-12,268983","-38,9504362",,"48,75"
BA,BR-349,256,257,1,12/07/2022,"-12,268983","-38,9504362",,60
BA,BR-349,257,258,1,12/07/2022,"-12,268983","-38,9504362",,"16,25"
BA,BR-349,258,259,1,12/07/2022,"-12,268983","-38,9504362",,"43,75"
BA,BR-349,259,260,1,12/07/2022,"-12,268983","-38,9504362",,"67,5"
BA,BR-349,260,261,1,12/07/2022,"-12,268983","-38,9504362",,75
BA,BR-349,261,262,1,12/07/2022,"-12,268983","-38,9504362",,60
BA,BR-349,262,263,1,12/07/2022,"-12,268983","-38,9504362",,"53,75"
BA,BR-349,263,264,1,12/07/2022,"-12,268983","-38,9504362",,"52,5"
BA,BR-349,264,265,1,12/07/2022,"-12,268983","-38,9504362",,"48,75"
BA,BR-349,265,266,1,12/07/2022,"-12,268983","-38,9504362",,75
BA,BR-349,266,267,1,12/07/2022,"-12,2689912","-38,9504482",,75
BA,BR-349,267,268,1,12/07/2022,"-12,2689912","-38,9504482",,"46,25"
BA,BR-349,268,269,1,12/07/2022,"-12,2689912","-38,9504482",,75
BA,BR-349,269,270,1,12/07/2022,"-12,2689912","-38,9504482",,"78,75"
BA,BR-349,270,271,1,12/07/2022,"-12,2689912","-38,9504482",,70
BA,BR-349,271,272,1,12/07/2022,"-12,2689912","-38,9504482",,"73,75"
BA,BR-349,272,273,1,12/07/2022,"-12,2689912","-38,9504482",,"67,5"
BA,BR-349,273,274,1,12/07/2022,"-12,268984","-38,9504517",,70
BA,BR-349,274,275,1,12/07/2022,"-12,268984","-38,9504517",,"77,5"
BA,BR-349,275,276,1,12/07/2022,"-12,268984","-38,9504517",,"81,25"
BA,BR-349,276,277,1,12/07/2022,"-12,268984","-38,9504517",,85
BA,BR-349,277,278,1,12/07/2022,"-12,268984","-38,9504517",,85
BA,BR-349,278,279,1,12/07/2022,"-12,268984","-38,9504517",,85
BA,BR-349,279,280,1,12/07/2022,"-12,268984","-38,9504517",,"77,5"
BA,BR-349,280,281,1,12/07/2022,"-12,268984","-38,9504517",,85
BA,BR-349,281,282,1,12/07/2022,"-12,268984","-38,9504517",,"66,25"
BA,BR-349,282,283,1,12/07/2022,"-12,268984","-38,9504517",,"51,25"
BA,BR-349,283,284,1,12/07/2022,"-12,268984","-38,9504517",,70
BA,BR-349,"326,4",327,"0,6",12/07/2022,"-12,268984","-38,9504517",,75
BA,BR-349,327,328,1,12/07/2022,"-12,268984","-38,9504517",,75
BA,BR-349,328,329,1,12/07/2022,"-12,268984","-38,9504517",,"68,75"
BA,BR-349,329,330,1,12/07/2022,"-12,268984","-38,9504517",,"77,5"
BA,BR-349,330,331,1,12/07/2022,"-12,268984","-38,9504517",,"73,75"
BA,BR-349,331,332,1,12/07/2022,"-12,268984","-38,9504517",,"73,75"
BA,BR-349,332,333,1,12/07/2022,"-12,268984","-38,9504517",,"52,5"
BA,BR-349,333,334,1,12/07/2022,"-12,268984","-38,9504517",,"77,5"
BA,BR-349,334,335,1,12/07/2022,"-12,268984","-38,9504517",,70
BA,BR-349,335,336,1,12/07/2022,"-12,268984","-38,9504517",,"63,75"
BA,BR-349,336,337,1,12/07/2022,"-12,268984","-38,9504517",,"52,5"
BA,BR-349,337,338,1,12/07/2022,"-12,268984","-38,9504517",,"22,5"
BA,BR-349,338,339,1,12/07/2022,"-12,268984","-38,9504517",,"52,5"
BA,BR-349,339,340,1,12/07/2022,"-12,268984","-38,9504517",,"38,75"
BA,BR-349,340,341,1,12/07/2022,"-12,268984","-38,9504517",,"38,75"
BA,BR-349,341,342,1,12/07/2022,"-12,268984","-38,9504517",,"18,75"
BA,BR-349,342,343,1,12/07/2022,"-12,268984","-38,9504517",,"57,5"
BA,BR-349,343,344,1,12/07/2022,"-12,268984","-38,9504517",,"68,75"
BA,BR-349,344,345,1,12/07/2022,"-12,268984","-38,9504517",,70
BA,BR-349,345,346,1,12/07/2022,"-12,268984","-38,9504517",,"36,25"
BA,BR-349,346,347,1,12/07/2022,"-12,268984","-38,9504517",,"43,75"
BA,BR-349,347,348,1,12/07/2022,"-12,268984","-38,9504517",,"63,75"
BA,BR-349,348,349,1,12/07/2022,"-12,268984","-38,9504517",,"68,75"
BA,BR-349,349,350,1,12/07/2022,"-12,268984","-38,9504517",,50
BA,BR-349,350,351,1,12/07/2022,"-12,268984","-38,9504517",,"18,75"
BA,BR-349,351,352,1,12/07/2022,"-12,268984","-38,9504517",,"16,25"
BA,BR-349,352,353,1,12/07/2022,"-12,268984","-38,9504517",,70
BA,BR-349,353,354,1,12/07/2022,"-12,268984","-38,9504517",,"27,5"
BA,BR-349,354,355,1,12/07/2022,"-12,268984","-38,9504517",,"52,5"
BA,BR-349,355,356,1,12/07/2022,"-12,268984","-38,9504517",,"66,25"
BA,BR-349,356,357,1,12/07/2022,"-12,268984","-38,9504517",,45
BA,BR-349,357,358,1,12/07/2022,"-12,268984","-38,9504517",,"57,5"
BA,BR-349,358,359,1,12/07/2022,"-12,268984","-38,9504517",,"51,25"
BA,BR-349,359,360,1,12/07/2022,"-12,268984","-38,9504517",,30
BA,BR-349,360,361,1,12/07/2022,"-12,268984","-38,9504517",,75
BA,BR-349,361,362,1,12/07/2022,"-12,268984","-38,9504517",,"52,5"
BA,BR-349,362,363,1,12/07/2022,"-12,268984","-38,9504517",,"46,25"
BA,BR-349,363,364,1,12/07/2022,"-12,268984","-38,9504517",,"53,75"
BA,BR-349,364,365,1,12/07/2022,"-12,268984","-38,9504517",,"56,25"
BA,BR-349,365,366,1,12/07/2022,"-12,268984","-38,9504517",,"33,75"
BA,BR-349,366,367,1,12/07/2022,"-12,268984","-38,9504517",,"3,75"
BA,BR-349,367,368,1,12/07/2022,"-12,268984","-38,9504517",,"3,75"
BA,BR-349,368,369,1,12/07/2022,"-12,268984","-38,9504517",,"16,25"
BA,BR-349,370,371,1,12/07/2022,"-12,268984","-38,9504517",,"26,25"
BA,BR-349,371,372,1,12/07/2022,"-12,2689842","-38,9504418",,30
BA,BR-349,372,373,1,12/07/2022,"-12,2689842","-38,9504418",,"31,25"
BA,BR-349,373,374,1,12/07/2022,"-12,2689842","-38,9504418",,40
BA,BR-349,374,375,1,12/07/2022,"-12,2689842","-38,9504418",,"37,5"
BA,BR-349,375,376,1,12/07/2022,"-12,2689842","-38,9504418",,"18,75"
BA,BR-349,376,377,1,12/07/2022,"-12,2689842","-38,9504418",,"11,25"
BA,BR-349,377,378,1,12/07/2022,"-12,2689842","-38,9504418",,"27,5"
BA,BR-349,378,379,1,12/07/2022,"-12,2689842","-38,9504418",,40
BA,BR-349,379,380,1,12/07/2022,"-12,2689842","-38,9504418",,"31,25"
BA,BR-349,380,381,1,12/07/2022,"-12,2689842","-38,9504418",,40
BA,BR-349,381,382,1,12/07/2022,"-12,2689842","-38,9504418",,"56,25"
BA,BR-349,382,383,1,12/07/2022,"-12,2689842","-38,9504418",,"58,75"
BA,BR-349,383,384,1,12/07/2022,"-12,2689842","-38,9504418",,"38,75"
BA,BR-349,384,385,1,12/07/2022,"-12,2689842","-38,9504418",,15
BA,BR-349,385,386,1,12/07/2022,"-12,2689842","-38,9504418",,"23,75"
BA,BR-349,386,387,1,12/07/2022,"-12,2689842","-38,9504418",,"11,25"
BA,BR-349,387,388,1,12/07/2022,"-12,2689842","-38,9504418",,"26,25"
BA,BR-349,388,389,1,12/07/2022,"-12,2689842","-38,9504418",,"58,75"
BA,BR-349,389,390,1,12/07/2022,"-12,2689842","-38,9504418",,"56,25"
BA,BR-349,390,391,1,12/07/2022,"-12,2689842","-38,9504418",,"48,75"
BA,BR-349,391,392,1,12/07/2022,"-12,2689842","-38,9504418",,"81,25"
BA,BR-349,392,393,1,12/07/2022,"-12,2689842","-38,9504418",,"67,5"
BA,BR-349,393,394,1,12/07/2022,"-12,2689842","-38,9504418",,50
BA,BR-349,394,395,1,12/07/2022,"-12,2689842","-38,9504418",,"66,25"
BA,BR-349,395,396,1,12/07/2022,"-12,2689842","-38,9504418",,"58,75"
BA,BR-349,396,397,1,12/07/2022,"-12,2689842","-38,9504418",,70
BA,BR-349,397,398,1,12/07/2022,"-12,2689842","-38,9504418",,"71,25"
BA,BR-349,398,399,1,12/07/2022,"-12,2689598","-38,9504164",,"52,5"
BA,BR-349,399,400,1,12/07/2022,"-12,2689598","-38,9504164",,40
BA,BR-349,400,401,1,12/07/2022,"-12,2689598","-38,9504164",,"53,75"
BA,BR-349,401,402,1,12/07/2022,"-12,2689598","-38,9504164",,"46,25"
BA,BR-349,402,403,1,12/07/2022,"-12,2689598","-38,9504164",,"46,25"
BA,BR-330,"642,3",643,"0,7",13/07/2022,"-12,2689689","-38,950445",,0
BA,BR-330,643,644,1,13/07/2022,"-12,2689689","-38,950445",,"48,75"
BA,BR-330,644,645,1,13/07/2022,"-12,2689689","-38,950445",,45
BA,BR-330,645,646,1,13/07/2022,"-12,2689689","-38,950445",,"46,25"
BA,BR-330,646,647,1,13/07/2022,"-12,2689689","-38,950445",,"33,75"
BA,BR-330,647,648,1,13/07/2022,"-12,2689689","-38,950445",,"43,75"
BA,BR-330,648,649,1,13/07/2022,"-12,2689689","-38,950445",,"31,25"
BA,BR-330,649,650,1,13/07/2022,"-12,2689689","-38,950445",,"52,5"
BA,BR-330,650,651,1,13/07/2022,"-12,2689689","-38,950445",,"33,75"
BA,BR-330,651,652,1,13/07/2022,"-12,2689689","-38,950445",,"43,75"
BA,BR-330,652,653,1,13/07/2022,"-12,2689689","-38,950445",,"48,75"
BA,BR-330,653,654,1,13/07/2022,"-12,2689689","-38,950445",,"43,75"
BA,BR-330,654,655,1,13/07/2022,"-12,2689689","-38,950445",,70
BA,BR-330,655,656,1,13/07/2022,"-12,2689689","-38,950445",,"71,25"
BA,BR-330,656,657,1,13/07/2022,"-12,2689689","-38,950445",,"48,75"
BA,BR-330,657,658,1,13/07/2022,"-12,2689689","-38,950445",,"71,25"
BA,BR-330,658,659,1,13/07/2022,"-12,2689689","-38,950445",,"42,5"
BA,BR-330,659,660,1,13/07/2022,"-12,2689689","-38,950445",,50
BA,BR-330,660,661,1,13/07/2022,"-12,2689689","-38,950445",,"47,5"
BA,BR-330,661,662,1,13/07/2022,"-12,2689689","-38,950445",,45
BA,BR-330,662,663,1,13/07/2022,"-12,2689689","-38,950445",,45
BA,BR-330,663,664,1,13/07/2022,"-12,2689689","-38,950445",,"61,25"
BA,BR-330,664,665,1,13/07/2022,"-12,2689689","-38,950445",,65
BA,BR-330,665,666,1,13/07/2022,"-12,2689689","-38,950445",,"78,75"
BA,BR-330,666,667,1,13/07/2022,"-12,2689689","-38,950445",,"57,5"
BA,BR-330,667,668,1,13/07/2022,"-12,2689689","-38,950445",,"57,5"
BA,BR-330,668,669,1,13/07/2022,"-12,2689689","-38,950445",,"78,75"
BA,BR-330,669,670,1,13/07/2022,"-12,2689689","-38,950445",,"76,25"
BA,BR-330,670,671,1,13/07/2022,"-12,2689689","-38,950445",,50
BA,BR-330,671,672,1,13/07/2022,"-12,2689689","-38,950445",,"63,75"
BA,BR-330,672,673,1,13/07/2022,"-12,2689689","-38,950445",,"52,5"
BA,BR-330,673,674,1,13/07/2022,"-12,2689689","-38,950445",,70
BA,BR-330,674,675,1,13/07/2022,"-12,2689689","-38,950445",,"72,5"
BA,BR-330,675,676,1,13/07/2022,"-12,2689689","-38,950445",,"58,75"
BA,BR-330,676,677,1,13/07/2022,"-12,2689689","-38,950445",,"57,5"
BA,BR-330,677,678,1,13/07/2022,"-12,2689689","-38,950445",,"56,25"
BA,BR-330,678,679,1,13/07/2022,"-12,2689689","-38,950445",,50
BA,BR-330,679,680,1,13/07/2022,"-12,2689689","-38,950445",,"56,25"
BA,BR-330,680,681,1,13/07/2022,"-12,2689689","-38,950445",,"57,5"
BA,BR-330,681,682,1,13/07/2022,"-12,2689689","-38,950445",,"72,5"
BA,BR-330,682,683,1,13/07/2022,"-12,2689689","-38,950445",,75
BA,BR-330,683,684,1,13/07/2022,"-12,2689689","-38,950445",,75
BA,BR-330,684,685,1,13/07/2022,"-12,2689689","-38,950445",,"71,25"
BA,BR-330,685,686,1,13/07/2022,"-12,2689689","-38,950445",,"78,75"
BA,BR-330,686,687,1,13/07/2022,"-12,2689689","-38,950445",,"83,75"
BA,BR-330,687,688,1,13/07/2022,"-12,2689689","-38,950445",,"77,5"
BA,BR-330,688,689,1,13/07/2022,"-12,2689689","-38,950445",,65
BA,BR-330,689,690,1,13/07/2022,"-12,2689689","-38,950445",,60
BA,BR-330,690,691,1,13/07/2022,"-12,2689689","-38,950445",,75
BA,BR-330,691,692,1,13/07/2022,"-12,2689689","-38,950445",,80
BA,BR-330,692,693,1,13/07/2022,"-12,2689689","-38,950445",,"92,5"
BA,BR-330,693,694,1,13/07/2022,"-12,2689689","-38,950445",,80
BA,BR-030,"724,7",725,"0,3",13/07/2022,"-12,2689759","-38,950452",,"2,5"
BA,BR-030,725,726,1,13/07/2022,"-12,2689759","-38,950452",,"32,5"
BA,BR-030,726,727,1,13/07/2022,"-12,2689759","-38,950452",,"33,75"
BA,BR-030,727,728,1,13/07/2022,"-12,2689759","-38,950452",,"33,75"
BA,BR-030,728,729,1,13/07/2022,"-12,2689759","-38,950452",,45
BA,BR-030,729,730,1,13/07/2022,"-12,2689759","-38,950452",,40
BA,BR-030,730,731,1,13/07/2022,"-12,2689759","-38,950452",,45
BA,BR-030,731,732,1,13/07/2022,"-12,2689759","-38,950452",,"37,5"
BA,BR-030,732,733,1,13/07/2022,"-12,2689759","-38,950452",,"81,25"
BA,BR-030,733,734,1,13/07/2022,"-12,2689759","-38,950452",,80
BA,BR-030,734,735,1,13/07/2022,"-12,2689759","-38,950452",,"86,25"
BA,BR-030,735,736,1,13/07/2022,"-12,2689759","-38,950452",,"73,75"
BA,BR-030,736,737,1,13/07/2022,"-12,2689759","-38,950452",,"63,75"
BA,BR-030,737,738,1,13/07/2022,"-12,2689759","-38,950452",,"62,5"
BA,BR-030,738,739,1,13/07/2022,"-12,2689734","-38,950445",,60
BA,BR-030,739,740,1,13/07/2022,"-12,2689734","-38,950445",,"52,5"
BA,BR-030,740,741,1,13/07/2022,"-12,2689734","-38,950445",,35
BA,BR-030,741,742,1,13/07/2022,"-12,2689734","-38,950445",,45
BA,BR-030,742,743,1,13/07/2022,"-12,2689734","-38,950445",,"71,25"
BA,BR-030,743,744,1,13/07/2022,"-12,2689734","-38,950445",,"42,5"
BA,BR-030,744,745,1,13/07/2022,"-12,2689734","-38,950445",,"53,75"
BA,BR-030,745,746,1,13/07/2022,"-12,2689734","-38,950445",,35
BA,BR-030,746,747,1,13/07/2022,"-12,2689734","-38,950445",,"37,5"
BA,BR-030,747,748,1,13/07/2022,"-12,2689734","-38,950445",,"33,75"
BA,BR-030,748,749,1,13/07/2022,"-12,2689734","-38,950445",,55
BA,BR-030,749,750,1,13/07/2022,"-12,2689734","-38,950445",,"57,5"
BA,BR-030,750,751,1,13/07/2022,"-12,2689654","-38,950437",,"46,25"
BA,BR-030,751,752,1,13/07/2022,"-12,2689654","-38,950437",,45
BA,BR-030,752,753,1,13/07/2022,"-12,2689654","-38,950437",,"31,25"
BA,BR-030,753,754,1,13/07/2022,"-12,2689654","-38,950437",,30
BA,BR-030,754,755,1,13/07/2022,"-12,2689654","-38,950437",,"58,75"
BA,BR-030,755,756,1,13/07/2022,"-12,2689654","-38,950437",,"42,5"
BA,BR-030,756,757,1,13/07/2022,"-12,2689654","-38,950437",,"37,5"
BA,BR-030,757,758,1,13/07/2022,"-12,2689654","-38,950437",,"51,25"
BA,BR-030,758,759,1,13/07/2022,"-12,2689654","-38,950437",,55
BA,BR-030,759,760,1,13/07/2022,"-12,2689654","-38,950437",,"32,5"
BA,BR-030,760,761,1,13/07/2022,"-12,2689654","-38,950437",,"32,5"
BA,BR-030,"770,24",771,"0,76",13/07/2022,"-12,2689654","-38,950437",,"38,75"
BA,BR-030,771,772,1,13/07/2022,"-12,2689654","-38,950437",,25
BA,BR-030,772,773,1,13/07/2022,"-12,2689654","-38,950437",,"33,75"
BA,BR-030,773,774,1,13/07/2022,"-12,2689654","-38,950437",,"18,75"
BA,BR-030,774,775,1,13/07/2022,"-12,2689654","-38,950437",,"31,25"
BA,BR-030,775,776,1,13/07/2022,"-12,2689654","-38,950437",,"31,25"
BA,BR-030,776,777,1,13/07/2022,"-12,2689654","-38,950437",,"18,75"
BA,BR-030,777,778,1,13/07/2022,"-12,2689654","-38,950437",,30
BA,BR-030,778,779,1,13/07/2022,"-12,2689654","-38,950437",,"22,5"
BA,BR-030,779,780,1,13/07/2022,"-12,2689654","-38,950437",,30
BA,BR-030,780,781,1,13/07/2022,"-12,2689654","-38,950437",,"17,5"
BA,BR-030,781,782,1,13/07/2022,"-12,2689654","-38,950437",,"23,75"
BA,BR-030,782,783,1,13/07/2022,"-12,2689654","-38,950437",,"23,75"
BA,BR-030,783,784,1,13/07/2022,"-12,2689654","-38,950437",,"23,75"
BA,BR-030,784,785,1,13/07/2022,"-12,2689654","-38,950437",,"11,25"
BA,BR-030,785,786,1,13/07/2022,"-12,2689654","-38,950437",,"8,75"
BA,BR-030,786,787,1,13/07/2022,"-12,2689654","-38,950437",,"7,5"
BA,BR-030,787,788,1,13/07/2022,"-12,2689654","-38,950437",,"23,75"
BA,BR-030,788,789,1,13/07/2022,"-12,2689654","-38,950437",,"7,5"
BA,BR-030,789,790,1,13/07/2022,"-12,2689584","-38,9504177",,"8,75"
BA,BR-030,790,791,1,13/07/2022,"-12,2689584","-38,9504177",,"8,75"
BA,BR-030,791,792,1,13/07/2022,"-12,2689584","-38,9504177",,"23,75"
BA,BR-030,792,793,1,13/07/2022,"-12,2689584","-38,9504177",,"3,75"
BA,BR-030,793,794,1,13/07/2022,"-12,2689584","-38,9504177",,"17,5"
BA,BR-030,794,795,1,13/07/2022,"-12,2689584","-38,9504177",,"7,5"
BA,BR-030,795,796,1,13/07/2022,"-12,2689584","-38,9504177",,"7,5"
BA,BR-030,796,797,1,13/07/2022,"-12,2689584","-38,9504177",,"2,5"
BA,BR-030,797,798,1,13/07/2022,"-12,2689584","-38,9504177",,"2,5"
BA,BR-030,798,799,1,13/07/2022,"-12,2689584","-38,9504177",,"2,5"
BA,BR-030,799,800,1,13/07/2022,"-12,2689584","-38,9504177",,"7,5"
BA,BR-030,800,801,1,13/07/2022,"-12,2689584","-38,9504177",,"7,5"
BA,BR-030,801,802,1,13/07/2022,"-12,2689584","-38,9504177",,"2,5"
BA,BR-030,802,803,1,13/07/2022,"-12,2689584","-38,9504177",,"26,25"
BA,BR-030,803,804,1,13/07/2022,"-12,2689584","-38,9504177",,"31,25"
BA,BR-030,804,805,1,13/07/2022,"-12,2689681","-38,9504394",,"61,25"
BA,BR-030,805,806,1,13/07/2022,"-12,2689681","-38,9504394",,"51,25"
BA,BR-030,806,807,1,13/07/2022,"-12,2689681","-38,9504394",,"58,75"
BA,BR-030,807,808,1,13/07/2022,"-12,2689658","-38,9504399",,"51,25"
BA,BR-030,808,809,1,13/07/2022,"-12,2689658","-38,9504399",,"43,75"
BA,BR-030,809,810,1,13/07/2022,"-12,2689658","-38,9504399",,"43,75"
BA,BR-030,810,811,1,13/07/2022,"-12,2689658","-38,9504399",,"43,75"
BA,BR-030,811,812,1,13/07/2022,"-12,2689658","-38,9504399",,"32,5"
BA,BR-030,812,813,1,13/07/2022,"-12,2689658","-38,9504399",,65
BA,BR-030,813,814,1,13/07/2022,"-12,2689658","-38,9504399",,"51,25"
BA,BR-030,814,815,1,13/07/2022,"-12,2689658","-38,9504399",,80
BA,BR-030,815,816,1,13/07/2022,"-12,2689658","-38,9504399",,"86,25"
BA,BR-030,816,817,1,13/07/2022,"-12,2689658","-38,9504399",,"78,75"
BA,BR-030,817,818,1,13/07/2022,"-12,2689658","-38,9504399",,"47,5"
BA,BR-030,818,819,1,13/07/2022,"-12,2689658","-38,9504399",,75
BA,BR-030,819,820,1,13/07/2022,"-12,2689658","-38,9504399",,"53,75"
BA,BR-030,820,821,1,13/07/2022,"-12,2689658","-38,9504399",,"58,75"
BA,BR-030,821,822,1,13/07/2022,"-12,2689658","-38,9504399",,"57,5"
BA,BR-030,822,823,1,13/07/2022,"-12,2689658","-38,9504399",,"62,5"
BA,BR-030,823,824,1,13/07/2022,"-12,2689658","-38,9504399",,70
BA,BR-030,824,825,1,13/07/2022,"-12,2689658","-38,9504399",,"77,5"
BA,BR-030,825,826,1,13/07/2022,"-12,2689658","-38,9504399",,"82,5"
BA,BR-030,826,827,1,13/07/2022,"-12,2689658","-38,9504399",,"66,25"
BA,BR-030,827,828,1,13/07/2022,"-12,2689658","-38,9504399",,"48,75"
BA,BR-030,828,829,1,13/07/2022,"-12,2689658","-38,9504399",,"42,5"
BA,BR-030,829,830,1,13/07/2022,"-12,2689658","-38,9504399",,"48,75"
BA,BR-030,830,831,1,13/07/2022,"-12,2689658","-38,9504399",,"81,25"
BA,BR-030,831,832,1,13/07/2022,"-12,2689658","-38,9504399",,"82,5"
BA,BR-030,832,833,1,13/07/2022,"-12,2689658","-38,9504399",,"81,25"
BA,BR-030,833,834,1,13/07/2022,"-12,2689658","-38,9504399",,"7,5"
BA,BR-030,834,835,1,13/07/2022,"-12,2689658","-38,9504399",,15
BA,BR-030,835,836,1,13/07/2022,"-12,2689658","-38,9504399",,"7,5"
BA,BR-030,836,837,1,13/07/2022,"-12,2689658","-38,9504399",,"7,5"
BA,BR-030,837,838,1,13/07/2022,"-12,2689658","-38,9504399",,"26,25"
BA,BR-030,838,839,1,13/07/2022,"-12,2689658","-38,9504399",,"23,75"
BA,BR-030,839,840,1,13/07/2022,"-12,2689658","-38,9504399",,"23,75"
BA,BR-030,840,841,1,13/07/2022,"-12,2689658","-38,9504399",,"23,75"
BA,BR-030,841,842,1,13/07/2022,"-12,2689658","-38,9504399",,0
BA,BR-030,842,843,1,13/07/2022,"-12,2689658","-38,9504399",,0
BA,BR-030,843,844,1,13/07/2022,"-12,2689658","-38,9504399",,0
BA,BR-349,369,370,1,12/07/2022,"-12,268984","-38,9504517",,"27,5"
AM,BR-230,"609,2",608,"1,2",13/07/2022,"-7,5011633","-63,0286265",,"77,5"
AM,BR-230,608,607,1,13/07/2022,"-7,4987746","-63,0300269",,85
AM,BR-230,607,606,1,13/07/2022,"-7,4987746","-63,0300269",,"92,5"
AM,BR-230,606,605,1,13/07/2022,"-7,4987746","-63,0300269",,"87,5"
AM,BR-230,605,604,1,13/07/2022,"-7,4987746","-63,0300269",,"87,5"
AM,BR-230,604,603,1,13/07/2022,"-7,4987746","-63,0300269",,"87,5"
AM,BR-230,603,602,1,13/07/2022,"-7,4987746","-63,0300269",,"87,5"
AM,BR-230,602,601,1,13/07/2022,"-7,4987746","-63,0300269",,"87,5"
AM,BR-230,601,600,1,13/07/2022,"-7,4987746","-63,0300269",,90
AM,BR-230,600,599,1,13/07/2022,"-7,4987746","-63,0300269",,90
AM,BR-230,599,598,1,13/07/2022,"-7,4987746","-63,0300269",,90
AM,BR-230,598,597,1,13/07/2022,"-7,4987746","-63,0300269",,"87,5"
AM,BR-230,597,596,1,13/07/2022,"-7,4987746","-63,0300269",,"92,5"
AM,BR-230,596,595,1,13/07/2022,"-7,4987746","-63,0300269",,"92,5"
AM,BR-230,595,594,1,13/07/2022,"-7,4987746","-63,0300269",,100
AM,BR-230,594,593,1,13/07/2022,"-7,4987746","-63,0300269",,"96,25"
AM,BR-230,593,592,1,13/07/2022,"-7,4987746","-63,0300269",,90
AM,BR-230,592,591,1,13/07/2022,"-7,4987746","-63,0300269",,"7,5"
AM,BR-230,591,590,1,13/07/2022,"-7,4987746","-63,0300269",,10
AM,BR-230,590,589,1,13/07/2022,"-7,4987746","-63,0300269",,10
AM,BR-230,589,588,1,13/07/2022,"-7,4987746","-63,0300269",,10
AM,BR-230,588,587,1,13/07/2022,"-7,4987746","-63,0300269",,"7,5"
AM,BR-230,587,586,1,13/07/2022,"-7,4987746","-63,0300269",,"7,5"
AM,BR-230,586,585,1,13/07/2022,"-7,4987746","-63,0300269",,10
AM,BR-230,585,584,1,13/07/2022,"-7,4987746","-63,0300269",,"7,5"
AM,BR-230,584,583,1,13/07/2022,"-7,4987746","-63,0300269",,"7,5"
AM,BR-230,583,582,1,13/07/2022,"-7,5615932","-62,8342862",,"7,5"
AM,BR-230,582,581,1,13/07/2022,"-7,5615932","-62,8342862",,"8,75"
AM,BR-230,581,580,1,13/07/2022,"-7,5615932","-62,8342862",,"8,75"
AM,BR-230,580,579,1,13/07/2022,"-7,5615932","-62,8342862",,"8,75"
AM,BR-230,579,578,1,13/07/2022,"-7,5615932","-62,8342862",,"8,75"
AM,BR-230,578,577,1,13/07/2022,"-7,5615932","-62,8342862",,"8,75"
AM,BR-230,577,576,1,13/07/2022,"-7,5615932","-62,8342862",,"8,75"
AM,BR-230,576,575,1,13/07/2022,"-7,5615932","-62,8342862",,"8,75"
AM,BR-230,575,574,1,13/07/2022,"-7,5615932","-62,8342862",,"8,75"
AM,BR-230,574,573,1,13/07/2022,"-7,5615932","-62,8342862",,10
AM,BR-230,573,572,1,13/07/2022,"-7,5615932","-62,8342862",,10
AM,BR-230,572,571,1,13/07/2022,"-7,5615932","-62,8342862",,10
AM,BR-230,571,570,1,13/07/2022,"-7,5615932","-62,8342862",,10
AM,BR-230,570,569,1,13/07/2022,"-7,5615932","-62,8342862",,10
AM,BR-230,569,568,1,13/07/2022,"-7,5615932","-62,8342862",,10
AM,BR-230,568,567,1,13/07/2022,"-7,5615932","-62,8342862",,10
AM,BR-230,567,566,1,13/07/2022,"-7,5615932","-62,8342862",,10
AM,BR-230,566,565,1,13/07/2022,"-7,5615932","-62,8342862",,10
AM,BR-230,565,564,1,13/07/2022,"-7,5615932","-62,8342862",,10
AM,BR-230,564,563,1,13/07/2022,"-7,5615932","-62,8342862",,10
AM,BR-230,563,562,1,13/07/2022,"-7,5615932","-62,8342862",,10
AM,BR-230,562,561,1,13/07/2022,"-7,5615932","-62,8342862",,10
AM,BR-230,561,560,1,13/07/2022,"-7,5615932","-62,8342862",,10
AM,BR-230,560,559,1,13/07/2022,"-7,5615932","-62,8342862",,"87,5"
AM,BR-230,559,558,1,13/07/2022,"-7,5615932","-62,8342862",,"87,5"
AM,BR-230,558,557,1,13/07/2022,"-7,5615932","-62,8342862",,90
AM,BR-230,557,556,1,13/07/2022,"-7,5615932","-62,8342862",,"87,5"
AM,BR-230,556,555,1,13/07/2022,"-7,5615932","-62,8342862",,"87,5"
AM,BR-230,555,554,1,13/07/2022,"-7,5615932","-62,8342862",,"87,5"
AM,BR-230,554,553,1,13/07/2022,"-7,5615932","-62,8342862",,"91,25"
AM,BR-230,553,552,1,13/07/2022,"-7,5615932","-62,8342862",,"91,25"
AM,BR-230,552,551,1,13/07/2022,"-7,5615932","-62,8342862",,"87,5"
AM,BR-230,551,550,1,13/07/2022,"-7,5615932","-62,8342862",,"87,5"
AM,BR-230,550,549,1,13/07/2022,"-7,5615932","-62,8342862",,"87,5"
AM,BR-230,549,548,1,13/07/2022,"-7,5615932","-62,8342862",,"87,5"
AM,BR-230,548,547,1,13/07/2022,"-7,5615932","-62,8342862",,"87,5"
AM,BR-230,547,546,1,13/07/2022,"-7,5615932","-62,8342862",,"87,5"
AM,BR-230,546,545,1,13/07/2022,"-7,5615932","-62,8342862",,"87,5"
AM,BR-230,545,544,1,13/07/2022,"-7,5615932","-62,8342862",,"93,75"
AM,BR-230,544,543,1,13/07/2022,"-7,5615932","-62,8342862",,"87,5"
AM,BR-230,543,542,1,13/07/2022,"-7,5615932","-62,8342862",,80
AM,BR-230,542,541,1,13/07/2022,"-7,5615932","-62,8342862",,90
AM,BR-230,541,540,1,13/07/2022,"-7,5615932","-62,8342862",,"87,5"
AM,BR-230,540,539,1,13/07/2022,"-7,5615932","-62,8342862",,"97,5"
AM,BR-230,539,538,1,13/07/2022,"-7,5615932","-62,8342862",,"91,25"
AM,BR-230,538,537,1,13/07/2022,"-7,5615932","-62,8342862",,"68,75"
AM,BR-230,537,536,1,13/07/2022,"-7,5615932","-62,8342862",,"91,25"
AM,BR-230,536,535,1,13/07/2022,"-7,5615932","-62,8342862",,65
AM,BR-230,535,534,1,13/07/2022,"-7,5615932","-62,8342862",,65
AM,BR-230,534,533,1,13/07/2022,"-7,5615932","-62,8342862",,"58,75"
AM,BR-230,533,532,1,13/07/2022,"-7,5615932","-62,8342862",,"91,25"
AM,BR-230,532,531,1,13/07/2022,"-7,5615932","-62,8342862",,90
AM,BR-230,531,530,1,13/07/2022,"-7,5615932","-62,8342862",,90
AM,BR-230,530,529,1,13/07/2022,"-7,5615932","-62,8342862",,"91,25"
AM,BR-230,529,528,1,13/07/2022,"-7,5615932","-62,8342862",,"91,25"
AM,BR-230,528,527,1,13/07/2022,"-7,5615932","-62,8342862",,"91,25"
AM,BR-230,527,526,1,13/07/2022,"-7,5615932","-62,8342862",,"91,25"
AM,BR-230,526,525,1,13/07/2022,"-7,5615932","-62,8342862",,"76,25"
AM,BR-230,525,524,1,13/07/2022,"-7,5615932","-62,8342862",,"76,25"
AM,BR-230,524,523,1,13/07/2022,"-7,5615932","-62,8342862",,"76,25"
AM,BR-230,523,522,1,13/07/2022,"-7,5615932","-62,8342862",,"72,5"
AM,BR-230,522,521,1,13/07/2022,"-7,5615932","-62,8342862",,"83,75"
AM,BR-230,521,520,1,13/07/2022,"-7,5615932","-62,8342862",,65
AM,BR-230,520,519,1,13/07/2022,"-7,5615932","-62,8342862",,"58,75"
AM,BR-230,519,518,1,13/07/2022,"-7,5615932","-62,8342862",,65
AM,BR-230,518,517,1,13/07/2022,"-7,5615932","-62,8342862",,"68,75"
AM,BR-230,517,516,1,13/07/2022,"-7,5615932","-62,8342862",,"76,25"
AM,BR-230,"516,3",515,"1,3",13/07/2022,"-7,5615932","-62,8342862",,80
AM,BR-230,515,514,1,13/07/2022,"-7,5615932","-62,8342862",,"58,75"
AM,BR-230,514,513,1,13/07/2022,"-7,5615932","-62,8342862",,"68,75"
AM,BR-230,513,512,1,13/07/2022,"-7,5615932","-62,8342862",,"52,5"
AM,BR-230,512,511,1,13/07/2022,"-7,5615932","-62,8342862",,"52,5"
AM,BR-230,511,510,1,13/07/2022,"-7,5615932","-62,8342862",,"83,75"
AM,BR-230,510,509,1,13/07/2022,"-7,5615932","-62,8342862",,"72,5"
AM,BR-230,509,508,1,13/07/2022,"-7,5615932","-62,8342862",,"68,75"
AM,BR-230,508,507,1,13/07/2022,"-7,5615932","-62,8342862",,65
AM,BR-230,507,506,1,13/07/2022,"-7,5615932","-62,8342862",,"72,5"
AM,BR-230,506,505,1,13/07/2022,"-7,5615932","-62,8342862",,65
AM,BR-230,505,504,1,13/07/2022,"-7,5615932","-62,8342862",,"68,75"
AM,BR-230,504,503,1,13/07/2022,"-7,5615932","-62,8342862",,"67,5"
AM,BR-230,503,502,1,13/07/2022,"-7,5615932","-62,8342862",,"58,75"
AM,BR-230,502,501,1,13/07/2022,"-7,5615932","-62,8342862",,"66,25"
AM,BR-230,501,500,1,13/07/2022,"-7,5615932","-62,8342862",,"58,75"
AM,BR-230,500,499,1,13/07/2022,"-7,5615932","-62,8342862",,"62,5"
AM,BR-230,499,498,1,13/07/2022,"-7,5615932","-62,8342862",,"58,75"
AM,BR-230,498,497,1,13/07/2022,"-7,5615932","-62,8342862",,"48,75"
AM,BR-230,497,496,1,13/07/2022,"-7,5615932","-62,8342862",,"52,5"
AM,BR-230,496,495,1,13/07/2022,"-7,5615932","-62,8342862",,"56,25"
AM,BR-230,495,494,1,13/07/2022,"-7,5615932","-62,8342862",,"62,5"
AM,BR-230,494,493,1,13/07/2022,"-7,5615932","-62,8342862",,"58,75"
AM,BR-230,493,492,1,13/07/2022,"-7,5615932","-62,8342862",,"62,5"
AM,BR-230,492,491,1,13/07/2022,"-7,5615932","-62,8342862",,55
AM,BR-230,491,490,1,13/07/2022,"-7,5615932","-62,8342862",,"56,25"
AM,BR-230,490,489,1,13/07/2022,"-7,5615932","-62,8342862",,"56,25"
AM,BR-230,489,488,1,13/07/2022,"-7,5615932","-62,8342862",,"57,5"
AM,BR-230,488,487,1,13/07/2022,"-7,5615932","-62,8342862",,"56,25"
AM,BR-230,487,486,1,13/07/2022,"-7,5615932","-62,8342862",,"78,75"
AM,BR-230,486,485,1,13/07/2022,"-7,5615932","-62,8342862",,"66,25"
AM,BR-230,485,484,1,13/07/2022,"-7,5615932","-62,8342862",,"52,5"
AM,BR-230,484,483,1,13/07/2022,"-7,5615932","-62,8342862",,"52,5"
AM,BR-230,483,482,1,13/07/2022,"-7,5615932","-62,8342862",,"52,5"
AM,BR-230,482,481,1,13/07/2022,"-7,5615932","-62,8342862",,"83,75"
AM,BR-230,481,480,1,13/07/2022,"-7,5615932","-62,8342862",,"87,5"
AM,BR-230,480,479,1,13/07/2022,"-7,5615932","-62,8342862",,"83,75"
AM,BR-230,479,478,1,13/07/2022,"-7,5615932","-62,8342862",,"92,5"
AM,BR-230,478,477,1,13/07/2022,"-7,5615932","-62,8342862",,90
AM,BR-230,477,476,1,13/07/2022,"-7,5615932","-62,8342862",,"83,75"
AM,BR-230,476,475,1,13/07/2022,"-7,5615932","-62,8342862",,"92,5"
AM,BR-230,475,474,1,13/07/2022,"-7,5615932","-62,8342862",,90
AM,BR-230,474,473,1,13/07/2022,"-7,5615932","-62,8342862",,90
AM,BR-230,473,472,1,13/07/2022,"-7,5615932","-62,8342862",,90
AM,BR-230,472,471,1,13/07/2022,"-7,5615932","-62,8342862",,"97,5"
AM,BR-230,471,470,1,13/07/2022,"-7,5615932","-62,8342862",,90
AM,BR-230,470,469,1,13/07/2022,"-7,5615932","-62,8342862",,90
AM,BR-230,469,468,1,13/07/2022,"-7,5615932","-62,8342862",,100
AM,BR-230,468,467,1,13/07/2022,"-7,5615932","-62,8342862",,"87,5"
AM,BR-230,467,466,1,13/07/2022,"-7,5615932","-62,8342862",,90
AM,BR-230,466,465,1,13/07/2022,"-7,5615932","-62,8342862",,90
AM,BR-230,465,464,1,13/07/2022,"-7,5615932","-62,8342862",,"92,5"
AM,BR-230,464,463,1,13/07/2022,"-7,5615932","-62,8342862",,"83,75"
AM,BR-230,463,462,1,13/07/2022,"-7,5615932","-62,8342862",,90
AM,BR-230,462,461,1,13/07/2022,"-7,5615932","-62,8342862",,10
AM,BR-230,461,460,1,13/07/2022,"-7,5615932","-62,8342862",,10
AM,BR-230,460,459,1,13/07/2022,"-7,5615932","-62,8342862",,10
AM,BR-230,459,458,1,13/07/2022,"-7,5615932","-62,8342862",,10
AM,BR-230,458,457,1,13/07/2022,"-7,5615932","-62,8342862",,10
AM,BR-230,457,456,1,13/07/2022,"-7,5615932","-62,8342862",,10
AM,BR-230,456,455,1,13/07/2022,"-7,5615932","-62,8342862",,10
AM,BR-230,455,454,1,13/07/2022,"-7,5615932","-62,8342862",,10
AM,BR-230,454,453,1,13/07/2022,"-7,5615932","-62,8342862",,10
AM,BR-230,453,452,1,13/07/2022,"-7,5615932","-62,8342862",,10
AM,BR-230,452,451,1,13/07/2022,"-7,5615932","-62,8342862",,10
AM,BR-230,451,450,1,13/07/2022,"-7,5615932","-62,8342862",,10
AM,BR-230,450,449,1,13/07/2022,"-7,5615932","-62,8342862",,10
AM,BR-230,449,448,1,13/07/2022,"-7,5615932","-62,8342862",,10
AM,BR-230,448,447,1,13/07/2022,"-7,5615932","-62,8342862",,10
AM,BR-230,447,446,1,13/07/2022,"-7,5615932","-62,8342862",,10
AM,BR-230,446,445,1,13/07/2022,"-7,5615932","-62,8342862",,10
AM,BR-230,445,444,1,13/07/2022,"-8,3459678","-63,8590333",,10
AM,BR-230,444,443,1,13/07/2022,"-8,3459678","-63,8590333",,10
AM,BR-230,443,442,1,13/07/2022,"-8,3459678","-63,8590333",,10
AM,BR-230,442,441,1,13/07/2022,"-8,3459678","-63,8590333",,10
AM,BR-230,441,440,1,13/07/2022,"-8,3459678","-63,8590333",,10
AM,BR-230,440,439,1,13/07/2022,"-8,3459678","-63,8590333",,10
AM,BR-230,439,438,1,13/07/2022,"-8,3459678","-63,8590333",,"52,5"
AM,BR-230,438,437,1,13/07/2022,"-8,3459678","-63,8590333",,"68,75"
AM,BR-230,437,436,1,13/07/2022,"-8,3459678","-63,8590333",,"83,75"
AM,BR-230,436,435,1,13/07/2022,"-8,3459678","-63,8590333",,"83,75"
AM,BR-230,435,434,1,13/07/2022,"-8,3459678","-63,8590333",,"68,75"
AM,BR-230,434,433,1,13/07/2022,"-8,3459678","-63,8590333",,"77,5"
AM,BR-230,433,432,1,13/07/2022,"-8,3459678","-63,8590333",,"76,25"
AM,BR-230,432,431,1,13/07/2022,"-8,3459678","-63,8590333",,"76,25"
AM,BR-230,431,430,1,13/07/2022,"-8,3459678","-63,8590333",,"76,25"
AM,BR-230,430,429,1,13/07/2022,"-8,3459678","-63,8590333",,"76,25"
AM,BR-230,429,428,1,13/07/2022,"-8,3459678","-63,8590333",,"76,25"
AM,BR-230,428,427,1,13/07/2022,"-8,3459678","-63,8590333",,70
AM,BR-230,427,426,1,13/07/2022,"-8,3459678","-63,8590333",,10
AM,BR-230,426,425,1,13/07/2022,"-8,3459678","-63,8590333",,15
AM,BR-230,425,424,1,13/07/2022,"-8,3459678","-63,8590333",,"38,75"
AM,BR-230,424,423,1,13/07/2022,"-8,3459678","-63,8590333",,15
AM,BR-230,423,422,1,13/07/2022,"-8,0299022","-62,875827",,"22,5"
AM,BR-230,422,421,1,13/07/2022,"-8,0299022","-62,875827",,"93,75"
AM,BR-230,421,420,1,13/07/2022,"-8,0299022","-62,875827",,"92,5"
AM,BR-230,420,419,1,13/07/2022,"-8,0299022","-62,875827",,90
AM,BR-230,419,418,1,13/07/2022,"-8,0299022","-62,875827",,90
AM,BR-230,418,417,1,13/07/2022,"-8,0299022","-62,875827",,90
AM,BR-230,417,416,1,13/07/2022,"-8,0299022","-62,875827",,"91,25"
AM,BR-230,416,415,1,13/07/2022,"-8,0299022","-62,875827",,90
AM,BR-230,415,414,1,13/07/2022,"-8,0299022","-62,875827",,"93,75"
AM,BR-230,414,413,1,13/07/2022,"-8,0299022","-62,875827",,90
AM,BR-230,413,412,1,13/07/2022,"-8,0299022","-62,875827",,"86,25"
AM,BR-230,412,411,1,13/07/2022,"-8,0299022","-62,875827",,"86,25"
AM,BR-230,411,410,1,13/07/2022,"-8,0299022","-62,875827",,"86,25"
AM,BR-230,410,409,1,13/07/2022,"-8,0299022","-62,875827",,"83,75"
AM,BR-230,409,408,1,13/07/2022,"-8,0299022","-62,875827",,"83,75"
AM,BR-230,408,407,1,13/07/2022,"-8,0299022","-62,875827",,"87,5"
AM,BR-230,407,406,1,13/07/2022,"-8,0299022","-62,875827",,"83,75"
AM,BR-230,406,405,1,13/07/2022,"-8,0299022","-62,875827",,90
AM,BR-230,405,404,1,13/07/2022,"-8,0299022","-62,875827",,90
AM,BR-230,404,403,1,13/07/2022,"-8,0299022","-62,875827",,"83,75"
AM,BR-230,403,402,1,13/07/2022,"-8,0299022","-62,875827",,"83,75"
AM,BR-230,402,401,1,13/07/2022,"-8,0299022","-62,875827",,"83,75"
AM,BR-230,401,"400,6","0,4",13/07/2022,"-8,0299022","-62,875827",,"83,75"
AM,BR-230,"642,6",643,"0,4",14/07/2022,"-7,56271696","-63,0956674",,"36,25"
AM,BR-230,643,644,1,14/07/2022,"-7,5458152","-63,0677183",,"68,75"
AM,BR-230,644,645,1,14/07/2022,"-7,5458152","-63,0677183",,"68,75"
AM,BR-230,645,646,1,14/07/2022,"-7,5458152","-63,0677183",,75
AM,BR-230,646,647,1,14/07/2022,"-7,5458152","-63,0677183",,"68,75"
AM,BR-230,647,648,1,14/07/2022,"-7,5458152","-63,0677183",,"82,5"
AM,BR-230,648,649,1,14/07/2022,"-7,5458152","-63,0677183",,"71,25"
AM,BR-230,649,650,1,14/07/2022,"-7,5458152","-63,0677183",,"78,75"
AM,BR-230,650,651,1,14/07/2022,"-7,5458152","-63,0677183",,"77,5"
AM,BR-230,651,652,1,14/07/2022,"-7,5458152","-63,0677183",,"72,5"
AM,BR-230,652,653,1,14/07/2022,"-7,5458152","-63,0677183",,"68,75"
AM,BR-230,653,654,1,14/07/2022,"-7,5458152","-63,0677183",,75
AM,BR-230,654,655,1,14/07/2022,"-7,5458152","-63,0677183",,"68,75"
AM,BR-230,655,656,1,14/07/2022,"-7,5458152","-63,0677183",,"77,5"
AM,BR-230,656,657,1,14/07/2022,"-7,5458152","-63,0677183",,"78,75"
AM,BR-230,657,658,1,14/07/2022,"-7,5458152","-63,0677183",,"72,5"
AM,BR-230,658,659,1,14/07/2022,"-7,5458152","-63,0677183",,75
AM,BR-230,659,660,1,14/07/2022,"-7,5458152","-63,0677183",,"71,25"
AM,BR-230,660,661,1,14/07/2022,"-7,5458152","-63,0677183",,"77,5"
AM,BR-230,661,662,1,14/07/2022,"-7,5458152","-63,0677183",,"71,25"
AM,BR-230,662,663,1,14/07/2022,"-7,5458152","-63,0677183",,"72,5"
AM,BR-230,663,664,1,14/07/2022,"-7,5458152","-63,0677183",,"68,75"
AM,BR-230,664,665,1,14/07/2022,"-7,5458152","-63,0677183",,"8,75"
AM,BR-230,665,666,1,14/07/2022,"-7,5458152","-63,0677183",,"8,75"
AM,BR-230,666,667,1,14/07/2022,"-7,5458152","-63,0677183",,"8,75"
AM,BR-230,667,668,1,14/07/2022,"-7,5458152","-63,0677183",,"8,75"
AM,BR-230,668,669,1,14/07/2022,"-7,5458152","-63,0677183",,"8,75"
AM,BR-230,669,670,1,14/07/2022,"-7,5458152","-63,0677183",,"8,75"
AM,BR-230,670,671,1,14/07/2022,"-7,5458152","-63,0677183",,"8,75"
AM,BR-230,671,672,1,14/07/2022,"-7,5458152","-63,0677183",,"8,75"
AM,BR-230,672,673,1,14/07/2022,"-7,5458152","-63,0677183",,"8,75"
AM,BR-230,673,674,1,14/07/2022,"-7,5458152","-63,0677183",,"8,75"
AM,BR-230,674,675,1,14/07/2022,"-7,5458152","-63,0677183",,"8,75"
AM,BR-230,675,676,1,14/07/2022,"-7,5458152","-63,0677183",,"8,75"
AM,BR-230,676,677,1,14/07/2022,"-7,5458152","-63,0677183",,"8,75"
AM,BR-230,677,678,1,14/07/2022,"-7,5458152","-63,0677183",,"8,75"
AM,BR-230,678,679,1,14/07/2022,"-7,5458152","-63,0677183",,"8,75"
AM,BR-230,679,680,1,14/07/2022,"-7,5458152","-63,0677183",,"8,75"
AM,BR-230,680,681,1,14/07/2022,"-7,5458152","-63,0677183",,"8,75"
AM,BR-230,681,682,1,14/07/2022,"-7,5458152","-63,0677183",,"8,75"
AM,BR-230,682,683,1,14/07/2022,"-7,5458152","-63,0677183",,"8,75"
AM,BR-230,683,684,1,14/07/2022,"-7,5458152","-63,0677183",,"8,75"
AM,BR-230,684,685,1,14/07/2022,"-7,5458152","-63,0677183",,"8,75"
AM,BR-230,685,686,1,14/07/2022,"-7,5458152","-63,0677183",,"71,25"
AM,BR-230,686,687,1,14/07/2022,"-7,5458152","-63,0677183",,"92,5"
AM,BR-230,687,688,1,14/07/2022,"-7,5458152","-63,0677183",,"92,5"
AM,BR-230,688,689,1,14/07/2022,"-7,5458152","-63,0677183",,"92,5"
AM,BR-230,689,690,1,14/07/2022,"-7,5458152","-63,0677183",,85
AM,BR-230,690,691,1,14/07/2022,"-7,5458152","-63,0677183",,"92,5"
AM,BR-230,691,692,1,14/07/2022,"-7,5458152","-63,0677183",,"88,75"
AM,BR-230,692,693,1,14/07/2022,"-7,5458152","-63,0677183",,"77,5"
AM,BR-230,693,694,1,14/07/2022,"-7,5458152","-63,0677183",,"77,5"
AM,BR-230,694,695,1,14/07/2022,"-7,5458152","-63,0677183",,85
AM,BR-230,695,696,1,14/07/2022,"-7,5458152","-63,0677183",,"88,75"
AM,BR-230,696,697,1,14/07/2022,"-7,5458152","-63,0677183",,"88,75"
AM,BR-230,697,698,1,14/07/2022,"-7,5458152","-63,0677183",,"81,25"
AM,BR-230,698,699,1,14/07/2022,"-7,5458152","-63,0677183",,"92,5"
AM,BR-230,699,700,1,14/07/2022,"-7,5458152","-63,0677183",,85
AM,BR-230,700,701,1,14/07/2022,"-7,5458152","-63,0677183",,85
AM,BR-230,701,702,1,14/07/2022,"-7,5458152","-63,0677183",,"63,75"
AM,BR-230,702,703,1,14/07/2022,"-7,5458152","-63,0677183",,"78,75"
AM,BR-230,703,704,1,14/07/2022,"-7,5458152","-63,0677183",,85
AM,BR-230,704,705,1,14/07/2022,"-7,5458152","-63,0677183",,"88,75"
AM,BR-230,705,706,1,14/07/2022,"-7,5458152","-63,0677183",,"86,25"
AM,BR-230,706,707,1,14/07/2022,"-7,5458152","-63,0677183",,85
AM,BR-230,707,708,1,14/07/2022,"-7,5458152","-63,0677183",,85
AM,BR-230,708,709,1,14/07/2022,"-7,5458152","-63,0677183",,85
AM,BR-230,709,710,1,14/07/2022,"-7,5458152","-63,0677183",,85
AM,BR-230,710,711,1,14/07/2022,"-7,5458152","-63,0677183",,85
AM,BR-230,711,712,1,14/07/2022,"-7,5458152","-63,0677183",,85
AM,BR-230,712,713,1,14/07/2022,"-7,5458152","-63,0677183",,85
AM,BR-230,713,714,1,14/07/2022,"-7,5458152","-63,0677183",,"92,5"
AM,BR-230,714,715,1,14/07/2022,"-7,5458152","-63,0677183",,85
AM,BR-230,715,716,1,14/07/2022,"-7,5458152","-63,0677183",,85
AM,BR-230,716,717,1,14/07/2022,"-7,5458152","-63,0677183",,85
AM,BR-230,717,718,1,14/07/2022,"-7,5458152","-63,0677183",,85
AM,BR-230,718,719,1,14/07/2022,"-7,5458152","-63,0677183",,85
AM,BR-230,719,720,1,14/07/2022,"-7,5458152","-63,0677183",,85
AM,BR-230,720,721,1,14/07/2022,"-7,5458152","-63,0677183",,85
AM,BR-230,721,722,1,14/07/2022,"-7,5458152","-63,0677183",,"92,5"
AM,BR-230,722,723,1,14/07/2022,"-7,5458152","-63,0677183",,85
AM,BR-230,723,724,1,14/07/2022,"-7,5458152","-63,0677183",,"92,5"
AM,BR-230,724,725,1,14/07/2022,"-7,5458152","-63,0677183",,"92,5"
AM,BR-230,725,726,1,14/07/2022,"-7,5458152","-63,0677183",,85
AM,BR-230,726,727,1,14/07/2022,"-7,5458152","-63,0677183",,85
AM,BR-230,727,728,1,14/07/2022,"-7,5458152","-63,0677183",,85
AM,BR-230,728,729,1,14/07/2022,"-7,5458152","-63,0677183",,85
AM,BR-230,729,730,1,14/07/2022,"-7,5458152","-63,0677183",,85
AM,BR-230,730,731,1,14/07/2022,"-7,5458152","-63,0677183",,85
AM,BR-230,731,732,1,14/07/2022,"-7,5458152","-63,0677183",,85
AM,BR-230,732,"733,2","1,2",14/07/2022,"-7,5458152","-63,0677183",,85
AM,BR-230,"816,3",815,"1,3",15/07/2022,"-7,2690237","-64,7905285",,100
AM,BR-230,815,814,1,15/07/2022,"-7,2690237","-64,7905285",,100
AM,BR-230,814,813,1,15/07/2022,"-7,2690237","-64,7905285",,100
AM,BR-230,813,812,1,15/07/2022,"-7,2690237","-64,7905285",,100
AM,BR-230,812,811,1,15/07/2022,"-7,2690237","-64,7905285",,100
AM,BR-230,811,810,1,15/07/2022,"-7,2690237","-64,7905285",,100
AM,BR-230,810,809,1,15/07/2022,"-7,2622752","-64,7945956",,100
AM,BR-230,809,808,1,15/07/2022,"-7,2622752","-64,7945956",,100
AM,BR-230,808,807,1,15/07/2022,"-7,2622752","-64,7945956",,100
AM,BR-230,807,806,1,15/07/2022,"-7,2622752","-64,7945956",,100
AM,BR-230,806,805,1,15/07/2022,"-7,2622752","-64,7945956",,100
AM,BR-230,805,804,1,15/07/2022,"-7,2622752","-64,7945956",,100
AM,BR-230,804,803,1,15/07/2022,"-7,2622752","-64,7945956",,100
AM,BR-230,803,802,1,15/07/2022,"-7,2622752","-64,7945956",,100
AM,BR-230,802,801,1,15/07/2022,"-7,2622752","-64,7945956",,100
AM,BR-230,801,800,1,15/07/2022,"-7,2622752","-64,7945956",,100
AM,BR-230,800,799,1,15/07/2022,"-7,2622752","-64,7945956",,100
AM,BR-230,799,798,1,15/07/2022,"-7,2622752","-64,7945956",,100
AM,BR-230,798,797,1,15/07/2022,"-7,2622752","-64,7945956",,100
AM,BR-230,797,796,1,15/07/2022,"-7,2622752","-64,7945956",,100
AM,BR-230,796,795,1,15/07/2022,"-7,2622752","-64,7945956",,100
AM,BR-230,795,794,1,15/07/2022,"-7,2622752","-64,7945956",,100
AM,BR-230,794,793,1,15/07/2022,"-7,2622752","-64,7945956",,100
AM,BR-230,793,792,1,15/07/2022,"-7,2622752","-64,7945956",,100
AM,BR-230,792,791,1,15/07/2022,"-7,2622752","-64,7945956",,100
AM,BR-230,791,790,1,15/07/2022,"-7,2622752","-64,7945956",,100
AM,BR-230,790,789,1,15/07/2022,"-7,2622752","-64,7945956",,100
AM,BR-230,789,788,1,15/07/2022,"-7,2622752","-64,7945956",,100
AM,BR-230,788,787,1,15/07/2022,"-7,2622752","-64,7945956",,100
AM,BR-230,787,786,1,15/07/2022,"-7,2622752","-64,7945956",,100
AM,BR-230,786,785,1,15/07/2022,"-7,2622752","-64,7945956",,100
AM,BR-230,785,784,1,15/07/2022,"-7,2622752","-64,7945956",,100
AM,BR-230,784,783,1,15/07/2022,"-7,2622752","-64,7945956",,100
AM,BR-230,783,782,1,15/07/2022,"-7,2622752","-64,7945956",,100
AM,BR-230,782,781,1,15/07/2022,"-7,2622752","-64,7945956",,100
AM,BR-230,781,780,1,15/07/2022,"-7,2622752","-64,7945956",,"23,75"
AM,BR-230,780,779,1,15/07/2022,"-7,2622752","-64,7945956",,"23,75"
AM,BR-230,779,778,1,15/07/2022,"-7,2622752","-64,7945956",,"31,25"
AM,BR-230,778,777,1,15/07/2022,"-7,2622752","-64,7945956",,"21,25"
AM,BR-230,777,776,1,15/07/2022,"-7,2622752","-64,7945956",,"12,5"
AM,BR-230,776,775,1,15/07/2022,"-7,2622752","-64,7945956",,20
AM,BR-230,775,774,1,15/07/2022,"-7,2622752","-64,7945956",,20
AM,BR-230,774,773,1,15/07/2022,"-7,2622752","-64,7945956",,20
AM,BR-230,773,772,1,15/07/2022,"-7,2622752","-64,7945956",,20
AM,BR-230,772,771,1,15/07/2022,"-7,2622752","-64,7945956",,"12,5"
AM,BR-230,771,770,1,15/07/2022,"-7,2622752","-64,7945956",,20
AM,BR-230,770,769,1,15/07/2022,"-7,2622752","-64,7945956",,35
AM,BR-230,769,768,1,15/07/2022,"-7,2622752","-64,7945956",,20
AM,BR-230,768,767,1,15/07/2022,"-7,2622752","-64,7945956",,20
AM,BR-230,767,766,1,15/07/2022,"-7,2622752","-64,7945956",,20
AM,BR-230,766,765,1,15/07/2022,"-7,2622752","-64,7945956",,20
AM,BR-230,765,764,1,15/07/2022,"-7,2622752","-64,7945956",,20
AM,BR-230,764,763,1,15/07/2022,"-7,2622752","-64,7945956",,20
AM,BR-230,763,762,1,15/07/2022,"-7,2622752","-64,7945956",,20
AM,BR-230,762,761,1,15/07/2022,"-7,2622752","-64,7945956",,20
AM,BR-230,761,760,1,15/07/2022,"-7,2622752","-64,7945956",,20
AM,BR-230,760,759,1,15/07/2022,"-7,2622752","-64,7945956",,20
AM,BR-230,759,758,1,15/07/2022,"-7,2622752","-64,7945956",,20
AM,BR-230,758,757,1,15/07/2022,"-7,4706823","-64,2575577",,100
AM,BR-230,757,756,1,15/07/2022,"-7,4706877","-64,2575547",,100
AM,BR-230,756,755,1,15/07/2022,"-7,4706877","-64,2575547",,85
AM,BR-230,755,754,1,15/07/2022,"-7,4650131","-64,2435006",,"37,5"
AM,BR-230,754,753,1,15/07/2022,"-7,4650131","-64,2435006",,100
AM,BR-230,753,752,1,15/07/2022,"-7,4650131","-64,2435006",,100
AM,BR-230,752,751,1,15/07/2022,"-7,4650131","-64,2435006",,100
AM,BR-230,751,750,1,15/07/2022,"-7,4650131","-64,2435006",,100
AM,BR-230,750,749,1,15/07/2022,"-7,4650131","-64,2435006",,100
AM,BR-230,749,748,1,15/07/2022,"-7,4650131","-64,2435006",,100
AM,BR-230,748,747,1,15/07/2022,"-7,4650131","-64,2435006",,100
AM,BR-230,747,746,1,15/07/2022,"-7,4650131","-64,2435006",,100
AM,BR-230,746,745,1,15/07/2022,"-7,4650131","-64,2435006",,100
AM,BR-230,745,744,1,15/07/2022,"-7,4650131","-64,2435006",,100
AM,BR-230,744,743,1,15/07/2022,"-7,4650131","-64,2435006",,100
AM,BR-230,743,742,1,15/07/2022,"-7,2622752","-64,7945956",,100
AM,BR-230,742,741,1,15/07/2022,"-7,2622752","-64,7945956",,100
AM,BR-230,741,740,1,15/07/2022,"-7,2622752","-64,7945956",,100
AM,BR-230,740,739,1,15/07/2022,"-7,2622752","-64,7945956",,100
AM,BR-230,739,738,1,15/07/2022,"-7,2622752","-64,7945956",,100
AM,BR-230,738,737,1,15/07/2022,"-7,2622752","-64,7945956",,100
AM,BR-230,737,736,1,15/07/2022,"-7,2622752","-64,7945956",,100
AM,BR-230,736,735,1,15/07/2022,"-7,2622752","-64,7945956",,100
AM,BR-230,735,734,1,15/07/2022,"-7,2622752","-64,7945956",,100
AM,BR-230,734,"733,2","0,8",15/07/2022,"-7,2622752","-64,7945956",,100
AM,BR-319,"513,8",512,"1,8",14/07/2022,"-6,3686064","-62,8052414",,80
AM,BR-319,512,511,1,14/07/2022,"-6,3686085","-62,8052482",,"82,5"
AM,BR-319,511,510,1,14/07/2022,"-6,3686085","-62,8052482",,"93,75"
AM,BR-319,510,509,1,14/07/2022,"-6,3686085","-62,8052482",,"82,5"
AM,BR-319,509,508,1,14/07/2022,"-6,3686085","-62,8052482",,80
AM,BR-319,508,507,1,14/07/2022,"-6,3686085","-62,8052482",,80
AM,BR-319,507,506,1,14/07/2022,"-6,3686085","-62,8052482",,"82,5"
AM,BR-319,506,505,1,14/07/2022,"-6,3686085","-62,8052482",,"82,5"
AM,BR-319,505,504,1,14/07/2022,"-6,3686085","-62,8052482",,"83,75"
AM,BR-319,504,503,1,14/07/2022,"-6,3686085","-62,8052482",,"86,25"
AM,BR-319,503,502,1,14/07/2022,"-6,3686085","-62,8052482",,90
AM,BR-319,502,501,1,14/07/2022,"-6,3686085","-62,8052482",,85
AM,BR-319,501,500,1,14/07/2022,"-6,3686085","-62,8052482",,85
AM,BR-319,500,499,1,14/07/2022,"-6,3686085","-62,8052482",,85
AM,BR-319,499,498,1,14/07/2022,"-6,3686085","-62,8052482",,85
AM,BR-319,498,497,1,14/07/2022,"-6,3686085","-62,8052482",,"88,75"
AM,BR-319,497,496,1,14/07/2022,"-6,3686085","-62,8052482",,80
AM,BR-319,496,495,1,14/07/2022,"-6,3686085","-62,8052482",,80
AM,BR-319,495,494,1,14/07/2022,"-6,3686085","-62,8052482",,80
AM,BR-319,494,493,1,14/07/2022,"-6,3686085","-62,8052482",,80
AM,BR-319,493,492,1,14/07/2022,"-6,3686085","-62,8052482",,"92,5"
AM,BR-319,492,491,1,14/07/2022,"-7,5457449","-63,0675606",,80
AM,BR-319,491,490,1,14/07/2022,"-7,5457449","-63,0675606",,"86,25"
AM,BR-319,490,489,1,14/07/2022,"-7,5457449","-63,0675606",,"88,75"
AM,BR-319,489,488,1,14/07/2022,"-7,5457449","-63,0675606",,80
AM,BR-319,488,487,1,14/07/2022,"-7,5457449","-63,0675606",,"87,5"
AM,BR-319,487,486,1,14/07/2022,"-7,5457449","-63,0675606",,80
AM,BR-319,486,485,1,14/07/2022,"-7,5457449","-63,0675606",,80
AM,BR-319,485,484,1,14/07/2022,"-7,5457449","-63,0675606",,80
AM,BR-319,484,483,1,14/07/2022,"-7,5457449","-63,0675606",,80
AM,BR-319,483,482,1,14/07/2022,"-7,5457449","-63,0675606",,80
AM,BR-319,482,481,1,14/07/2022,"-7,5457449","-63,0675606",,80
AM,BR-319,481,480,1,14/07/2022,"-7,5457449","-63,0675606",,80
AM,BR-319,480,479,1,14/07/2022,"-7,5457449","-63,0675606",,80
AM,BR-319,479,478,1,14/07/2022,"-7,5457449","-63,0675606",,80
AM,BR-319,478,477,1,14/07/2022,"-7,5457449","-63,0675606",,80
AM,BR-319,477,476,1,14/07/2022,"-7,5457449","-63,0675606",,"86,25"
AM,BR-319,476,475,1,14/07/2022,"-7,5457449","-63,0675606",,"82,5"
AM,BR-319,475,474,1,14/07/2022,"-7,5457449","-63,0675606",,80
AM,BR-319,474,473,1,14/07/2022,"-7,5457449","-63,0675606",,80
AM,BR-319,473,472,1,14/07/2022,"-7,5457449","-63,0675606",,80
AM,BR-319,472,471,1,14/07/2022,"-7,5457449","-63,0675606",,80
AM,BR-319,471,470,1,14/07/2022,"-7,5457449","-63,0675606",,80
AM,BR-319,470,469,1,14/07/2022,"-7,5457449","-63,0675606",,90
AM,BR-319,469,468,1,14/07/2022,"-7,5457449","-63,0675606",,"92,5"
AM,BR-319,468,467,1,14/07/2022,"-7,5457449","-63,0675606",,90
AM,BR-319,467,466,1,14/07/2022,"-7,5457449","-63,0675606",,"83,75"
AM,BR-319,466,465,1,14/07/2022,"-7,5457449","-63,0675606",,100
AM,BR-319,465,464,1,14/07/2022,"-7,5457449","-63,0675606",,100
AM,BR-319,464,463,1,14/07/2022,"-7,5457449","-63,0675606",,65
AM,BR-319,463,462,1,14/07/2022,"-7,5457449","-63,0675606",,100
AM,BR-319,462,461,1,14/07/2022,"-7,5457449","-63,0675606",,100
AM,BR-319,461,460,1,14/07/2022,"-7,5457449","-63,0675606",,"86,25"
AM,BR-319,460,459,1,14/07/2022,"-7,5457449","-63,0675606",,"83,75"
AM,BR-319,459,458,1,14/07/2022,"-7,5457449","-63,0675606",,80
AM,BR-319,458,457,1,14/07/2022,"-7,5457449","-63,0675606",,100
AM,BR-319,457,456,1,14/07/2022,"-7,5457449","-63,0675606",,100
AM,BR-319,456,455,1,14/07/2022,"-7,5457449","-63,0675606",,"83,75"
AM,BR-319,455,454,1,14/07/2022,"-7,5457449","-63,0675606",,"92,5"
AM,BR-319,454,453,1,14/07/2022,"-7,5457449","-63,0675606",,"92,5"
AM,BR-319,453,452,1,14/07/2022,"-7,5457449","-63,0675606",,80
AM,BR-319,452,451,1,14/07/2022,"-7,5457449","-63,0675606",,100
AM,BR-319,451,450,1,14/07/2022,"-7,5457449","-63,0675606",,80
AM,BR-319,450,449,1,14/07/2022,"-7,5457449","-63,0675606",,80
AM,BR-319,449,448,1,14/07/2022,"-7,5457449","-63,0675606",,"87,5"
AM,BR-319,448,447,1,14/07/2022,"-7,5457449","-63,0675606",,"87,5"
AM,BR-319,447,446,1,14/07/2022,"-7,5457449","-63,0675606",,"87,5"
AM,BR-319,446,445,1,14/07/2022,"-7,5457449","-63,0675606",,"87,5"
AM,BR-319,445,444,1,14/07/2022,"-7,5457449","-63,0675606",,90
AM,BR-319,444,443,1,14/07/2022,"-7,5457449","-63,0675606",,100
AM,BR-319,443,442,1,14/07/2022,"-7,5457449","-63,0675606",,"87,5"
AM,BR-319,442,441,1,14/07/2022,"-7,5457449","-63,0675606",,100
AM,BR-319,441,440,1,14/07/2022,"-7,5457449","-63,0675606",,90
AM,BR-319,440,439,1,14/07/2022,"-7,5457449","-63,0675606",,80
AM,BR-319,439,438,1,14/07/2022,"-7,5457449","-63,0675606",,90
AM,BR-319,438,437,1,14/07/2022,"-7,5457449","-63,0675606",,100
AM,BR-319,437,436,1,14/07/2022,"-7,5457449","-63,0675606",,100
AM,BR-319,436,435,1,14/07/2022,"-7,5457449","-63,0675606",,"87,5"
AM,BR-319,435,434,1,14/07/2022,"-7,5457449","-63,0675606",,"87,5"
AM,BR-319,434,"433,1","0,9",15/07/2022,"-7,5457449","-63,0675606",,"87,5"
AM,BR-230,"400,6",399,"1,6",14/07/2022,"-7,9242027","-61,5627521",,"47,5"
AM,BR-230,399,398,1,14/07/2022,"-7,917907","-61,5538975",,35
AM,BR-230,398,397,1,14/07/2022,"-7,917907","-61,5538975",,55
AM,BR-230,397,396,1,14/07/2022,"-7,917907","-61,5538975",,"62,5"
AM,BR-230,396,395,1,14/07/2022,"-7,917907","-61,5538975",,"66,25"
AM,BR-230,395,394,1,14/07/2022,"-7,917907","-61,5538975",,"42,5"
AM,BR-230,394,393,1,14/07/2022,"-7,917907","-61,5538975",,"42,5"
AM,BR-230,393,392,1,14/07/2022,"-7,917907","-61,5538975",,"42,5"
AM,BR-230,392,391,1,14/07/2022,"-7,917907","-61,5538975",,45
AM,BR-230,391,390,1,14/07/2022,"-7,917907","-61,5538975",,35
AM,BR-230,390,389,1,14/07/2022,"-7,917907","-61,5538975",,"52,5"
AM,BR-230,389,388,1,14/07/2022,"-7,917907","-61,5538975",,"78,75"
AM,BR-230,388,387,1,14/07/2022,"-7,917907","-61,5538975",,60
AM,BR-230,387,386,1,14/07/2022,"-7,917907","-61,5538975",,"52,5"
AM,BR-230,386,385,1,14/07/2022,"-7,917907","-61,5538975",,"52,5"
AM,BR-230,385,384,1,14/07/2022,"-7,917907","-61,5538975",,"46,25"
AM,BR-230,384,383,1,14/07/2022,"-7,917907","-61,5538975",,"52,5"
AM,BR-230,383,382,1,14/07/2022,"-7,917907","-61,5538975",,45
AM,BR-230,382,381,1,14/07/2022,"-7,917907","-61,5538975",,"33,75"
AM,BR-230,381,380,1,14/07/2022,"-7,917907","-61,5538975",,"37,5"
AM,BR-230,380,379,1,14/07/2022,"-7,917907","-61,5538975",,45
AM,BR-230,379,378,1,14/07/2022,"-7,917907","-61,5538975",,"61,25"
AM,BR-230,378,377,1,14/07/2022,"-7,917907","-61,5538975",,"38,75"
AM,BR-230,377,376,1,14/07/2022,"-7,917907","-61,5538975",,"33,75"
AM,BR-230,376,375,1,14/07/2022,"-7,917907","-61,5538975",,"38,75"
AM,BR-230,375,374,1,14/07/2022,"-7,917907","-61,5538975",,"41,25"
AM,BR-230,374,373,1,14/07/2022,"-7,917907","-61,5538975",,"56,25"
AM,BR-230,373,372,1,14/07/2022,"-7,917907","-61,5538975",,"58,75"
AM,BR-230,372,371,1,14/07/2022,"-7,917907","-61,5538975",,"52,5"
AM,BR-230,371,370,1,14/07/2022,"-7,917907","-61,5538975",,"53,75"
AM,BR-230,370,369,1,14/07/2022,"-7,917907","-61,5538975",,65
AM,BR-230,369,368,1,14/07/2022,"-7,917907","-61,5538975",,"63,75"
AM,BR-230,368,367,1,14/07/2022,"-7,917907","-61,5538975",,"56,25"
AM,BR-230,367,366,1,14/07/2022,"-7,917907","-61,5538975",,"61,25"
AM,BR-230,366,365,1,14/07/2022,"-7,917907","-61,5538975",,"47,5"
AM,BR-230,365,364,1,14/07/2022,"-7,917907","-61,5538975",,"46,25"
AM,BR-230,364,363,1,14/07/2022,"-7,917907","-61,5538975",,"48,75"
AM,BR-230,363,362,1,14/07/2022,"-7,917907","-61,5538975",,"46,25"
AM,BR-230,362,361,1,14/07/2022,"-7,917907","-61,5538975",,45
AM,BR-230,361,360,1,14/07/2022,"-7,917907","-61,5538975",,"46,25"
AM,BR-230,360,359,1,14/07/2022,"-7,917907","-61,5538975",,"46,25"
AM,BR-230,359,358,1,14/07/2022,"-7,917907","-61,5538975",,"42,5"
AM,BR-230,358,357,1,14/07/2022,"-7,917907","-61,5538975",,40
AM,BR-230,357,356,1,14/07/2022,"-7,917907","-61,5538975",,"52,5"
AM,BR-230,356,355,1,14/07/2022,"-7,917907","-61,5538975",,"52,5"
AM,BR-230,355,354,1,14/07/2022,"-7,917907","-61,5538975",,45
AM,BR-230,354,353,1,14/07/2022,"-7,917907","-61,5538975",,35
AM,BR-230,353,352,1,14/07/2022,"-7,917907","-61,5538975",,"42,5"
AM,BR-230,352,351,1,14/07/2022,"-7,917907","-61,5538975",,"38,75"
AM,BR-230,351,350,1,14/07/2022,"-7,917907","-61,5538975",,60
AM,BR-230,350,349,1,14/07/2022,"-7,917907","-61,5538975",,"53,75"
AM,BR-230,349,348,1,14/07/2022,"-7,917907","-61,5538975",,"53,75"
AM,BR-230,348,347,1,14/07/2022,"-7,917907","-61,5538975",,"57,5"
AM,BR-230,347,346,1,14/07/2022,"-7,917907","-61,5538975",,50
AM,BR-230,346,345,1,14/07/2022,"-7,917907","-61,5538975",,"57,5"
AM,BR-230,345,344,1,14/07/2022,"-7,917907","-61,5538975",,"92,5"
AM,BR-230,344,343,1,14/07/2022,"-7,917907","-61,5538975",,90
AM,BR-230,343,342,1,14/07/2022,"-7,917907","-61,5538975",,90
AM,BR-230,342,341,1,14/07/2022,"-7,917907","-61,5538975",,"96,25"
AM,BR-230,341,340,1,14/07/2022,"-7,917907","-61,5538975",,"93,75"
AM,BR-230,340,339,1,14/07/2022,"-7,917907","-61,5538975",,"93,75"
AM,BR-230,339,338,1,14/07/2022,"-7,917907","-61,5538975",,100
AM,BR-230,338,337,1,14/07/2022,"-7,917907","-61,5538975",,"86,25"
AM,BR-230,337,336,1,14/07/2022,"-7,917907","-61,5538975",,"96,25"
AM,BR-230,336,335,1,14/07/2022,"-7,917907","-61,5538975",,90
AM,BR-230,335,334,1,14/07/2022,"-7,917907","-61,5538975",,"96,25"
AM,BR-230,334,333,1,14/07/2022,"-7,917907","-61,5538975",erosão no eixo da pista,95
AM,BR-230,333,332,1,14/07/2022,"-7,917907","-61,5538975",,90
AM,BR-230,332,331,1,14/07/2022,"-7,917907","-61,5538975",,"92,5"
AM,BR-230,331,330,1,14/07/2022,"-7,917907","-61,5538975",erosão bordo esquerdo da pista,90
AM,BR-230,330,329,1,14/07/2022,"-7,917907","-61,5538975",,"82,5"
AM,BR-230,329,328,1,14/07/2022,"-7,917907","-61,5538975",,90
AM,BR-230,328,327,1,14/07/2022,"-7,917907","-61,5538975",,"92,5"
AM,BR-230,327,326,1,14/07/2022,"-7,917907","-61,5538975",,"92,5"
AM,BR-230,326,325,1,14/07/2022,"-7,917907","-61,5538975",,90
AM,BR-230,325,324,1,14/07/2022,"-7,917907","-61,5538975",,90
AM,BR-230,324,323,1,14/07/2022,"-7,917907","-61,5538975",,"86,25"
AM,BR-230,323,322,1,14/07/2022,"-7,917907","-61,5538975",,90
AM,BR-230,322,321,1,14/07/2022,"-7,917907","-61,5538975",,"92,5"
AM,BR-230,321,320,1,14/07/2022,"-7,917907","-61,5538975",,95
AM,BR-230,320,319,1,14/07/2022,"-7,917907","-61,5538975",,"91,25"
AM,BR-230,319,318,1,14/07/2022,"-7,917907","-61,5538975",,95
AM,BR-230,318,317,1,14/07/2022,"-7,917907","-61,5538975",,"91,25"
AM,BR-230,317,316,1,14/07/2022,"-7,917907","-61,5538975",,90
AM,BR-230,316,315,1,14/07/2022,"-7,917907","-61,5538975",,"96,25"
AM,BR-230,315,"314,8","0,2",14/07/2022,"-7,917907","-61,5538975",,"96,25"
AM,BR-230,"314,4",313,"1,4",16/07/2022,"-7,5235586","-60,6696111",,"83,75"
AM,BR-230,313,312,1,16/07/2022,"-7,5235587","-60,669613",,"83,75"
AM,BR-230,312,311,1,16/07/2022,"-7,5235587","-60,669613",Erosão no eixo da rodovia,"87,5"
AM,BR-230,311,310,1,16/07/2022,"-7,5235587","-60,669613",,"87,5"
AM,BR-230,310,309,1,16/07/2022,"-7,5235587","-60,669613",Erosão no bordo esquerdo da rodovia,"72,5"
AM,BR-230,309,308,1,16/07/2022,"-7,5235587","-60,669613",,"91,25"
AM,BR-230,308,307,1,16/07/2022,"-7,5235587","-60,669613",,"83,75"
AM,BR-230,307,306,1,16/07/2022,"-7,5235587","-60,669613",Erosão no eixo e bordo direito e esquerdo,"71,25"
AM,BR-230,306,305,1,16/07/2022,"-7,5235587","-60,669613",Erosão no bordo esquerdo da rodovia,"71,25"
AM,BR-230,305,304,1,16/07/2022,"-7,5235587","-60,669613",Erosão no eixo da rodovia,95
AM,BR-230,304,303,1,16/07/2022,"-7,5235587","-60,669613",,"97,5"
AM,BR-230,303,302,1,16/07/2022,"-7,5235587","-60,669613",Erosão no eixo e bordo direito e esquerdo da rodovia,100
AM,BR-230,302,301,1,16/07/2022,"-7,5235587","-60,669613",,"97,5"
AM,BR-230,301,300,1,16/07/2022,"-7,5235587","-60,669613",Erosão no eixo da rodovia,85
AM,BR-230,300,299,1,16/07/2022,"-7,5235587","-60,669613",Erosão no eixo da rodovia,"83,75"
AM,BR-230,299,298,1,16/07/2022,"-7,5235587","-60,669613",,"73,75"
AM,BR-230,298,297,1,16/07/2022,"-7,5235587","-60,669613",,80
AM,BR-230,297,296,1,16/07/2022,"-7,5235587","-60,669613",,95
AM,BR-230,296,295,1,16/07/2022,"-7,5235587","-60,669613",,75
AM,BR-230,295,294,1,16/07/2022,"-7,5235587","-60,669613",,95
AM,BR-230,294,293,1,16/07/2022,"-7,5235587","-60,669613",,"91,25"
AM,BR-230,293,292,1,16/07/2022,"-7,5235587","-60,669613",,80
AM,BR-230,292,291,1,16/07/2022,"-7,5235587","-60,669613",,"68,75"
AM,BR-230,291,290,1,16/07/2022,"-7,5235587","-60,669613",,"97,5"
AM,BR-230,290,289,1,16/07/2022,"-7,5235587","-60,669613",,"83,75"
AM,BR-230,289,288,1,16/07/2022,"-7,5235587","-60,669613",,"73,75"
AM,BR-230,288,287,1,16/07/2022,"-7,5235587","-60,669613",,90
AM,BR-230,287,286,1,16/07/2022,"-7,5235587","-60,669613",,95
AM,BR-230,286,285,1,16/07/2022,"-7,5235587","-60,669613",,85
AM,BR-230,285,284,1,16/07/2022,"-7,5235587","-60,669613",,"81,25"
AM,BR-230,284,283,1,16/07/2022,"-7,5235587","-60,669613",,80
AM,BR-230,283,282,1,16/07/2022,"-7,5235587","-60,669613",,"73,75"
AM,BR-230,282,281,1,16/07/2022,"-7,5235587","-60,669613",,"62,5"
AM,BR-230,281,280,1,16/07/2022,"-7,5235587","-60,669613",,65
AM,BR-230,280,279,1,16/07/2022,"-7,5235587","-60,669613",,"66,25"
AM,BR-230,279,278,1,16/07/2022,"-7,5235587","-60,669613",,80
AM,BR-230,278,277,1,16/07/2022,"-7,5235587","-60,669613",,"51,25"
AM,BR-230,277,276,1,16/07/2022,"-7,5235587","-60,669613",,55
AM,BR-230,276,275,1,16/07/2022,"-7,5235587","-60,669613",,"62,5"
AM,BR-230,275,274,1,16/07/2022,"-7,5235587","-60,669613",,"61,25"
AM,BR-230,274,273,1,16/07/2022,"-7,5235587","-60,669613",,"51,25"
AM,BR-230,273,272,1,16/07/2022,"-7,5235587","-60,669613",,70
AM,BR-230,272,271,1,16/07/2022,"-7,5235587","-60,669613",,70
AM,BR-230,271,270,1,16/07/2022,"-7,5235587","-60,669613",,"81,25"
AM,BR-230,270,269,1,16/07/2022,"-7,5235587","-60,669613",,"73,75"
AM,BR-230,269,268,1,16/07/2022,"-7,5235587","-60,669613",,80
AM,BR-230,268,267,1,16/07/2022,"-7,5235587","-60,669613",,"83,75"
AM,BR-230,267,266,1,16/07/2022,"-7,5235587","-60,669613",,"56,25"
AM,BR-230,266,265,1,16/07/2022,"-7,5235587","-60,669613",,"78,75"
AM,BR-230,265,264,1,16/07/2022,"-7,5235587","-60,669613",,"63,75"
AM,BR-230,264,263,1,16/07/2022,"-7,5235587","-60,669613",,"72,5"
AM,BR-230,263,262,1,16/07/2022,"-7,5235587","-60,669613",,75
AM,BR-230,262,261,1,16/07/2022,"-7,5235587","-60,669613",,65
AM,BR-230,261,260,1,16/07/2022,"-7,5235587","-60,669613",,80
AM,BR-230,260,259,1,16/07/2022,"-7,5235587","-60,669613",Erosão no eixo da rodovia,"72,5"
AM,BR-230,259,258,1,16/07/2022,"-7,5235587","-60,669613",,"57,5"
AM,BR-230,258,257,1,16/07/2022,"-7,5235587","-60,669613",,70
AM,BR-230,257,256,1,16/07/2022,"-7,5235587","-60,669613",,"57,5"
AM,BR-230,256,255,1,16/07/2022,"-7,5235587","-60,669613",,55
AM,BR-230,255,254,1,16/07/2022,"-7,5235587","-60,669613",,"47,5"
AM,BR-230,254,253,1,16/07/2022,"-7,5235587","-60,669613",,"57,5"
AM,BR-230,253,252,1,16/07/2022,"-7,5235587","-60,669613",,60
AM,BR-230,252,251,1,16/07/2022,"-7,5235587","-60,669613",,"68,75"
AM,BR-230,251,250,1,16/07/2022,"-7,5235587","-60,669613",,"51,25"
AM,BR-230,250,249,1,16/07/2022,"-7,5235587","-60,669613",,50
AM,BR-230,249,248,1,16/07/2022,"-7,5235587","-60,669613",,50
AM,BR-230,248,247,1,16/07/2022,"-7,5235587","-60,669613",,45
AM,BR-230,247,246,1,16/07/2022,"-7,5235587","-60,669613",,"56,25"
AM,BR-230,246,245,1,16/07/2022,"-7,5235587","-60,669613",Erosão no eixo da rodovia,"37,5"
AM,BR-230,245,244,1,16/07/2022,"-7,5235587","-60,669613",,"76,25"
AM,BR-230,244,243,1,16/07/2022,"-7,5235587","-60,669613",,"56,25"
AM,BR-230,243,242,1,16/07/2022,"-7,5235587","-60,669613",,"32,5"
AM,BR-230,242,241,1,16/07/2022,"-7,5235587","-60,669613",,"57,5"
AM,BR-230,241,240,1,16/07/2022,"-7,5235587","-60,669613",,"38,75"
AM,BR-230,240,239,1,16/07/2022,"-7,5235587","-60,669613",,"37,5"
AM,BR-230,239,238,1,16/07/2022,"-7,5235587","-60,669613",,"46,25"
AM,BR-230,238,237,1,16/07/2022,"-7,5235587","-60,669613",,65
AM,BR-230,237,236,1,16/07/2022,"-7,5235587","-60,669613",,"88,75"
AM,BR-230,236,235,1,16/07/2022,"-7,5235587","-60,669613",,65
AM,BR-230,235,234,1,16/07/2022,"-7,5235587","-60,669613",,65
AM,BR-230,234,233,1,16/07/2022,"-7,5235587","-60,669613",,10
AM,BR-230,233,232,1,16/07/2022,"-7,5235587","-60,669613",,5
AM,BR-230,232,231,1,16/07/2022,"-7,5235587","-60,669613",,5
AM,BR-230,231,230,1,16/07/2022,"-7,5235587","-60,669613",,5
AM,BR-230,230,229,1,16/07/2022,"-7,5235587","-60,669613",,5
AM,BR-230,229,228,1,16/07/2022,"-7,5235587","-60,669613",,5
AM,BR-230,228,227,1,16/07/2022,"-7,5235587","-60,669613",,5
AM,BR-230,227,226,1,16/07/2022,"-7,5235587","-60,669613",,5
AM,BR-230,226,225,1,16/07/2022,"-7,5235587","-60,669613",,5
AM,BR-230,225,224,1,16/07/2022,"-7,5235587","-60,669613",,5
AM,BR-230,224,223,1,16/07/2022,"-7,5235587","-60,669613",,5
AM,BR-230,223,222,1,16/07/2022,"-7,5235587","-60,669613",,5
AM,BR-230,222,221,1,16/07/2022,"-7,5235587","-60,669613",,5
AM,BR-230,221,220,1,16/07/2022,"-7,5235587","-60,669613",,5
AM,BR-230,220,219,1,16/07/2022,"-7,5235587","-60,669613",,5
AM,BR-230,219,218,1,16/07/2022,"-7,5235587","-60,669613",,5
AM,BR-230,218,217,1,16/07/2022,"-7,5235587","-60,669613",,5
AM,BR-230,217,216,1,16/07/2022,"-7,5235587","-60,669613",,5
AM,BR-230,216,215,1,16/07/2022,"-7,5235587","-60,669613",,5
AM,BR-230,215,"214,4","0,6",16/07/2022,"-7,5235587","-60,669613",,5
AM,BR-174,195,196,1,16/07/2022,"-7,5235587","-60,669613",,"57,5"
AM,BR-174,196,197,1,16/07/2022,"-7,5235587","-60,669613",,45
AM,BR-174,197,198,1,16/07/2022,"-7,5235587","-60,669613",Erosão no eixo e bordo direito e esquerdo,"32,5"
AM,BR-174,198,199,1,16/07/2022,"-7,5235587","-60,669613",,25
AM,BR-174,199,200,1,16/07/2022,"-7,5235587","-60,669613",Erosão no eixo da rodovia,"41,25"
AM,BR-174,200,201,1,16/07/2022,"-7,5235587","-60,669613",,25
AM,BR-174,201,202,1,16/07/2022,"-7,5235587","-60,669613",,"52,5"
AM,BR-174,202,203,1,16/07/2022,"-7,5235587","-60,669613",,"51,25"
AM,BR-174,203,204,1,16/07/2022,"-7,5235587","-60,669613",Erosão no bordo direito e esquerdo,45
AM,BR-174,204,205,1,16/07/2022,"-7,5235587","-60,669613",,"37,5"
AM,BR-174,205,206,1,16/07/2022,"-7,5235587","-60,669613",,"43,75"
AM,BR-174,206,207,1,16/07/2022,"-7,5235587","-60,669613",,"47,5"
AM,BR-174,207,208,1,16/07/2022,"-7,5235587","-60,669613",,"51,25"
AM,BR-174,208,209,1,16/07/2022,"-7,5235587","-60,669613",,"58,75"
AM,BR-174,209,210,1,16/07/2022,"-7,5235587","-60,669613",,"86,25"
AM,BR-174,210,211,1,16/07/2022,"-7,5235587","-60,669613",,"72,5"
AM,BR-174,211,212,1,16/07/2022,"-7,5235587","-60,669613",,70
AM,BR-174,212,213,1,16/07/2022,"-7,5235587","-60,669613",,"62,5"
AM,BR-174,213,214,1,16/07/2022,"-7,5235587","-60,669613",,"68,75"
AM,BR-174,214,215,1,16/07/2022,"-7,5235587","-60,669613",,60
AM,BR-174,215,216,1,16/07/2022,"-7,5235587","-60,669613",,"41,25"
AM,BR-174,216,217,1,16/07/2022,"-7,5235587","-60,669613",,55
AM,BR-174,217,218,1,16/07/2022,"-7,5235587","-60,669613",,"48,75"
AM,BR-174,218,219,1,16/07/2022,"-7,5235587","-60,669613",,"56,25"
AM,BR-174,219,220,1,16/07/2022,"-7,5235587","-60,669613",,"48,75"
AM,BR-174,220,221,1,16/07/2022,"-7,5235587","-60,669613",,"51,25"
AM,BR-174,221,222,1,16/07/2022,"-7,5235587","-60,669613",,"56,25"
AM,BR-174,222,223,1,16/07/2022,"-7,5235587","-60,669613",,40
AM,BR-174,223,224,1,16/07/2022,"-7,5235587","-60,669613",,"56,25"
AM,BR-174,224,225,1,16/07/2022,"-7,5235587","-60,669613",,"72,5"
AM,BR-174,225,226,1,16/07/2022,"-7,5235587","-60,669613",,"77,5"
AM,BR-174,226,227,1,16/07/2022,"-7,5235587","-60,669613",,"71,25"
AM,BR-230,"207,6",206,"1,6",18/07/2022,"-7,1908546","-59,8841968",,"22,5"
AM,BR-230,206,205,1,18/07/2022,"-7,1908546","-59,8841968",,"7,5"
AM,BR-230,205,204,1,18/07/2022,"-7,1908546","-59,8841968",,"7,5"
AM,BR-230,204,203,1,18/07/2022,"-7,1908546","-59,8841968",,"7,5"
AM,BR-230,203,202,1,18/07/2022,"-7,1908546","-59,8841968",,"7,5"
AM,BR-230,202,201,1,18/07/2022,"-7,1908546","-59,8841968",,10
AM,BR-230,201,200,1,18/07/2022,"-7,1908546","-59,8841968",,"8,75"
AM,BR-230,200,199,1,18/07/2022,"-7,1908546","-59,8841968",,"7,5"
AM,BR-230,199,198,1,18/07/2022,"-7,1908546","-59,8841968",,"8,75"
AM,BR-230,198,197,1,18/07/2022,"-7,1908546","-59,8841968",,"8,75"
AM,BR-230,197,196,1,18/07/2022,"-7,1908546","-59,8841968",,10
AM,BR-230,196,195,1,18/07/2022,"-7,1908546","-59,8841968",,10
AM,BR-230,195,194,1,18/07/2022,"-7,1908546","-59,8841968",,"8,75"
AM,BR-230,194,193,1,18/07/2022,"-7,1908546","-59,8841968",,"8,75"
AM,BR-230,193,192,1,18/07/2022,"-7,1908546","-59,8841968",,"8,75"
AM,BR-230,192,191,1,18/07/2022,"-7,1908546","-59,8841968",,"8,75"
AM,BR-230,191,190,1,18/07/2022,"-7,1908546","-59,8841968",,10
AM,BR-230,190,189,1,18/07/2022,"-7,1908546","-59,8841968",,"7,5"
AM,BR-230,189,188,1,18/07/2022,"-7,1908546","-59,8841968",,"8,75"
AM,BR-230,188,187,1,18/07/2022,"-7,1908546","-59,8841968",,"8,75"
AM,BR-230,187,186,1,18/07/2022,"-7,1908546","-59,8841968",,10
AM,BR-230,186,185,1,18/07/2022,"-7,1908546","-59,8841968",,"7,5"
AM,BR-230,185,184,1,18/07/2022,"-7,1908546","-59,8841968",,"7,5"
AM,BR-230,184,183,1,18/07/2022,"-7,1908546","-59,8841968",,"7,5"
AM,BR-230,183,182,1,18/07/2022,"-7,1908546","-59,8841968",,"8,75"
AM,BR-230,182,181,1,18/07/2022,"-7,1908546","-59,8841968",,"8,75"
AM,BR-230,181,180,1,18/07/2022,"-7,1908546","-59,8841968",,"7,5"
AM,BR-230,180,179,1,18/07/2022,"-7,1908546","-59,8841968",,"8,75"
AM,BR-230,179,178,1,18/07/2022,"-7,1908546","-59,8841968",trecho executado recente,10
AM,BR-230,178,177,1,18/07/2022,"-7,1908546","-59,8841968",,"8,75"
AM,BR-230,177,176,1,18/07/2022,"-7,1908546","-59,8841968",,"7,5"
AM,BR-230,176,175,1,18/07/2022,"-7,1908546","-59,8841968",,"12,5"
AM,BR-230,175,174,1,18/07/2022,"-7,1908546","-59,8841968",,75
AM,BR-230,174,173,1,18/07/2022,"-7,1908546","-59,8841968",,65
AM,BR-230,173,172,1,18/07/2022,"-7,1908546","-59,8841968",,"56,25"
AM,BR-230,172,171,1,18/07/2022,"-7,1908546","-59,8841968",,75
AM,BR-230,171,170,1,18/07/2022,"-7,1908546","-59,8841968",,"67,5"
AM,BR-230,170,169,1,18/07/2022,"-7,1908546","-59,8841968",,"66,25"
AM,BR-230,169,168,1,18/07/2022,"-7,1908546","-59,8841968",,"68,75"
AM,BR-230,168,167,1,18/07/2022,"-7,1908546","-59,8841968",,"77,5"
AM,BR-230,167,166,1,18/07/2022,"-7,1908546","-59,8841968",,"68,75"
AM,BR-230,166,165,1,18/07/2022,"-7,1908546","-59,8841968",,"46,25"
AM,BR-230,165,164,1,18/07/2022,"-7,1908546","-59,8841968",,"66,25"
AM,BR-230,164,163,1,18/07/2022,"-7,1908546","-59,8841968",Erosão no bordo esquerdo da rodovia,"81,25"
AM,BR-230,163,162,1,18/07/2022,"-7,1908546","-59,8841968",,"66,25"
AM,BR-230,162,161,1,18/07/2022,"-7,1908546","-59,8841968",,"66,25"
AM,BR-230,161,160,1,18/07/2022,"-7,1908546","-59,8841968",,"67,5"
AM,BR-230,160,159,1,18/07/2022,"-7,1908546","-59,8841968",,60
AM,BR-230,159,158,1,18/07/2022,"-7,1908546","-59,8841968",,"63,75"
AM,BR-230,158,157,1,18/07/2022,"-7,1908546","-59,8841968",,"62,5"
AM,BR-230,157,156,1,18/07/2022,"-7,1908546","-59,8841968",Erosão no eixo da rodovia,"78,75"
AM,BR-230,156,155,1,18/07/2022,"-7,1908546","-59,8841968",,80
AM,BR-230,155,154,1,18/07/2022,"-7,1908546","-59,8841968",,75
AM,BR-230,154,153,1,18/07/2022,"-7,1908546","-59,8841968",,40
AM,BR-230,153,152,1,18/07/2022,"-7,1908546","-59,8841968",,"93,75"
AM,BR-230,152,151,1,18/07/2022,"-7,1908546","-59,8841968",,80
AM,BR-230,151,150,1,18/07/2022,"-7,1908546","-59,8841968",,"83,75"
AM,BR-230,150,149,1,18/07/2022,"-7,1908546","-59,8841968",,"86,25"
AM,BR-230,149,148,1,18/07/2022,"-7,1908546","-59,8841968",,"81,25"
AM,BR-230,148,147,1,18/07/2022,"-7,1908546","-59,8841968",,"87,5"
AM,BR-230,147,146,1,18/07/2022,"-7,1908546","-59,8841968",,"82,5"
AM,BR-230,146,145,1,18/07/2022,"-7,1908546","-59,8841968",,80
AM,BR-230,145,144,1,18/07/2022,"-7,1908546","-59,8841968",,"71,25"
AM,BR-230,144,143,1,18/07/2022,"-7,1908546","-59,8841968",Erosão no eixo da rodovia,50
AM,BR-230,143,142,1,18/07/2022,"-7,1908546","-59,8841968",,"66,25"
AM,BR-230,142,141,1,18/07/2022,"-7,1908546","-59,8841968",,"67,5"
AM,BR-230,141,140,1,18/07/2022,"-7,1908546","-59,8841968",,"76,25"
AM,BR-230,140,139,1,18/07/2022,"-7,1908546","-59,8841968",Erosão no eixo da rodovia,"71,25"
AM,BR-230,139,138,1,18/07/2022,"-7,1908546","-59,8841968",,"68,75"
AM,BR-230,138,137,1,18/07/2022,"-7,1908546","-59,8841968",,70
AM,BR-230,137,136,1,18/07/2022,"-7,1908546","-59,8841968",,"63,75"
AM,BR-230,136,135,1,18/07/2022,"-7,1908546","-59,8841968",,"63,75"
AM,BR-230,135,134,1,18/07/2022,"-7,1908546","-59,8841968",,70
AM,BR-230,134,133,1,18/07/2022,"-7,1908546","-59,8841968",,"63,75"
AM,BR-230,133,132,1,18/07/2022,"-7,1908546","-59,8841968",Erosão no bordo esquerdo,"67,5"
AM,BR-230,132,131,1,18/07/2022,"-7,1908546","-59,8841968",,"57,5"
AM,BR-230,131,130,1,18/07/2022,"-7,1908546","-59,8841968",Erosão no eixo da rodovia,"67,5"
AM,BR-230,130,129,1,18/07/2022,"-7,1908546","-59,8841968",,"72,5"
AM,BR-230,129,128,1,18/07/2022,"-7,1908546","-59,8841968",Erosão no eixo da rodovia,"66,25"
AM,BR-230,128,127,1,18/07/2022,"-7,1908546","-59,8841968",,"58,75"
AM,BR-230,127,126,1,18/07/2022,"-7,1908546","-59,8841968",,"77,5"
AM,BR-230,126,125,1,18/07/2022,"-7,1908546","-59,8841968",,"7,5"
AM,BR-230,125,124,1,18/07/2022,"-7,1908546","-59,8841968",,5
AM,BR-230,124,123,1,18/07/2022,"-7,1908546","-59,8841968",,5
AM,BR-230,123,122,1,18/07/2022,"-7,1908546","-59,8841968",,5
AM,BR-230,122,121,1,18/07/2022,"-7,1908546","-59,8841968",,5
AM,BR-230,121,120,1,18/07/2022,"-7,1908546","-59,8841968",,5
AM,BR-230,120,119,1,18/07/2022,"-7,1908546","-59,8841968",,5
AM,BR-230,119,118,1,18/07/2022,"-7,1908546","-59,8841968",,5
AM,BR-230,118,117,1,18/07/2022,"-7,1908546","-59,8841968",,"7,5"
AM,BR-230,117,116,1,18/07/2022,"-7,1908546","-59,8841968",,5
AM,BR-230,116,115,1,18/07/2022,"-7,1908546","-59,8841968",,"7,5"
AM,BR-230,115,114,1,18/07/2022,"-7,1908546","-59,8841968",,5
AM,BR-230,114,113,1,18/07/2022,"-7,1908546","-59,8841968",,5
AM,BR-230,113,112,1,18/07/2022,"-7,1908546","-59,8841968",,5
AM,BR-230,112,111,1,18/07/2022,"-7,1908546","-59,8841968",,5
AM,BR-230,111,110,1,18/07/2022,"-7,1908546","-59,8841968",,5
AM,BR-230,110,109,1,18/07/2022,"-7,2000599","-59,8915798",,5
AM,BR-230,109,108,1,18/07/2022,"-7,2000599","-59,8915798",,5
AM,BR-230,108,107,1,18/07/2022,"-7,2000599","-59,8915798",,5
AM,BR-230,107,106,1,18/07/2022,"-7,2000599","-59,8915798",,5
AM,BR-230,106,105,1,18/07/2022,"-7,2000599","-59,8915798",,5
AM,BR-230,105,104,1,18/07/2022,"-7,1975604","-59,8935874",,"66,25"
AM,BR-230,104,103,1,18/07/2022,"-7,1975604","-59,8935874",,"82,5"
AM,BR-230,103,102,1,18/07/2022,"-7,1975604","-59,8935874",Erosão no eixo da rodovia,"62,5"
AM,BR-230,102,101,1,18/07/2022,"-7,1975604","-59,8935874",Erosão no bordo esquerdo da rodovia,70
AM,BR-230,101,100,1,18/07/2022,"-7,1975604","-59,8935874","Erosão no eixo, bordo esquerdo e direto da rodovia",70
AM,BR-230,100,99,1,18/07/2022,"-7,1975604","-59,8935874",Erosão no eixo da rodovia,60
AM,BR-230,99,98,1,18/07/2022,"-7,1975604","-59,8935874",,"83,75"
AM,BR-230,98,97,1,18/07/2022,"-7,1975604","-59,8935874",,"77,5"
AM,BR-230,97,96,1,18/07/2022,"-7,1975604","-59,8935874",,"77,5"
AM,BR-230,96,95,1,18/07/2022,"-7,1975604","-59,8935874",,"81,25"
AM,BR-230,95,94,1,18/07/2022,"-7,1975604","-59,8935874",Erosão no bordo esquerdo da rodovia,"81,25"
AM,BR-230,94,93,1,18/07/2022,"-7,1975604","-59,8935874",Erosão no bordo direito da rodovia,70
AM,BR-230,93,92,1,18/07/2022,"-7,1975604","-59,8935874",,"92,5"
AM,BR-230,92,91,1,18/07/2022,"-7,1975604","-59,8935874",,70
AM,BR-230,91,90,1,18/07/2022,"-7,1975604","-59,8935874",,70
AM,BR-230,90,89,1,18/07/2022,"-7,1975604","-59,8935874",,"77,5"
AM,BR-230,89,88,1,18/07/2022,"-7,1975604","-59,8935874",,"73,75"
AM,BR-230,88,87,1,18/07/2022,"-7,1975604","-59,8935874",Erosão no eixo e bordo esquerdo da rodovia,"73,75"
AM,BR-230,87,86,1,18/07/2022,"-7,1975604","-59,8935874",Erosão no bordo direito da rodovia,70
AM,BR-230,86,85,1,18/07/2022,"-7,1975604","-59,8935874",,85
AM,BR-230,85,84,1,18/07/2022,"-7,1975604","-59,8935874",,85
AM,BR-230,84,83,1,18/07/2022,"-7,1975604","-59,8935874",Erosão no eixo e bordo direito da rodovia,"81,25"
AM,BR-230,83,82,1,18/07/2022,"-7,1975604","-59,8935874",,"73,75"
AM,BR-230,82,81,1,18/07/2022,"-7,1975604","-59,8935874",Erosão no bordo esquerdo da rodovia,"88,75"
AM,BR-230,81,80,1,18/07/2022,"-7,1975604","-59,8935874",,85
AM,BR-230,80,79,1,18/07/2022,"-7,1975604","-59,8935874",,95
AM,BR-230,79,78,1,18/07/2022,"-7,1975604","-59,8935874",,"72,5"
AM,BR-230,78,77,1,18/07/2022,"-7,1975604","-59,8935874",Erosão no bordo esquerdo,85
AM,BR-230,77,76,1,18/07/2022,"-7,1975604","-59,8935874",,"73,75"
AM,BR-230,76,75,1,18/07/2022,"-7,1975604","-59,8935874",,"81,25"
AM,BR-230,75,74,1,18/07/2022,"-7,1975604","-59,8935874",,"81,25"
AM,BR-230,74,73,1,18/07/2022,"-7,1975604","-59,8935874",,85
AM,BR-230,73,72,1,18/07/2022,"-7,1975604","-59,8935874",,"63,75"
AM,BR-230,72,71,1,18/07/2022,"-7,1975604","-59,8935874",,70
AM,BR-230,71,70,1,18/07/2022,"-7,1975604","-59,8935874",,"88,75"
AM,BR-230,70,69,1,18/07/2022,"-7,1975604","-59,8935874",,75
AM,BR-230,69,68,1,18/07/2022,"-7,1975604","-59,8935874",,60
AM,BR-230,68,67,1,18/07/2022,"-7,1975604","-59,8935874",,"73,75"
AM,BR-230,67,66,1,18/07/2022,"-7,1975604","-59,8935874",,85
AM,BR-230,66,65,1,18/07/2022,"-7,1975604","-59,8935874",Erosão no bordo direito da rodovia,"81,25"
AM,BR-230,65,64,1,18/07/2022,"-7,1975604","-59,8935874",Erosão no eixo da rodovia,"91,25"
AM,BR-230,64,63,1,18/07/2022,"-7,1975604","-59,8935874",Erosão no bordo direito,"71,25"
AM,BR-230,63,62,1,18/07/2022,"-7,1975604","-59,8935874",,"81,25"
AM,BR-230,62,61,1,18/07/2022,"-7,1975604","-59,8935874",,"71,25"
AM,BR-230,61,60,1,18/07/2022,"-7,1975604","-59,8935874",,"82,5"
AM,BR-230,60,59,1,18/07/2022,"-7,1975604","-59,8935874",,80
AM,BR-230,59,58,1,18/07/2022,"-7,1975604","-59,8935874",muitas erosões no decorrer do km avaliado.,"82,5"
AM,BR-230,58,57,1,18/07/2022,"-7,1975604","-59,8935874",,80
AM,BR-230,57,56,1,18/07/2022,"-7,1975604","-59,8935874",,80
AM,BR-230,56,55,1,18/07/2022,"-7,1975604","-59,8935874",,"82,5"
AM,BR-230,55,54,1,18/07/2022,"-7,1975604","-59,8935874",,90
AM,BR-230,54,53,1,18/07/2022,"-7,1975604","-59,8935874",,90
AM,BR-230,53,52,1,18/07/2022,"-7,1975604","-59,8935874",,80
AM,BR-230,52,51,1,18/07/2022,"-7,1975604","-59,8935874",,75
AM,BR-230,51,50,1,18/07/2022,"-7,1975604","-59,8935874",,"82,5"
AM,BR-230,50,49,1,18/07/2022,"-7,1975604","-59,8935874",,"77,5"
AM,BR-230,49,48,1,18/07/2022,"-7,1975604","-59,8935874",,80
AM,BR-230,48,47,1,18/07/2022,"-7,1975604","-59,8935874",,80
AM,BR-230,47,46,1,18/07/2022,"-7,1975604","-59,8935874",,80
AM,BR-230,46,45,1,18/07/2022,"-7,1975604","-59,8935874",,"83,75"
AM,BR-230,45,44,1,18/07/2022,"-7,1975604","-59,8935874",,"73,75"
AM,BR-230,44,43,1,18/07/2022,"-7,1975604","-59,8935874",,"73,75"
AM,BR-230,43,42,1,18/07/2022,"-7,1975604","-59,8935874",,"72,5"
AM,BR-230,42,41,1,18/07/2022,"-7,1975604","-59,8935874",,75
AM,BR-230,41,40,1,18/07/2022,"-7,1975604","-59,8935874",,75
AM,BR-230,40,39,1,18/07/2022,"-7,1975604","-59,8935874",,70
AM,BR-230,39,38,1,18/07/2022,"-7,1975604","-59,8935874",,"76,25"
AM,BR-230,38,37,1,18/07/2022,"-7,1975604","-59,8935874",,"83,75"
AM,BR-230,37,36,1,18/07/2022,"-7,1975604","-59,8935874",,"83,75"
AM,BR-230,36,35,1,18/07/2022,"-7,1975604","-59,8935874",,"81,25"
AM,BR-230,35,34,1,18/07/2022,"-7,1975604","-59,8935874",,"76,25"
AM,BR-230,34,33,1,18/07/2022,"-7,1975604","-59,8935874",,"88,75"
AM,BR-230,33,32,1,18/07/2022,"-7,1975604","-59,8935874",,"73,75"
AM,BR-230,32,31,1,18/07/2022,"-7,1975604","-59,8935874",,"81,25"
AM,BR-230,31,30,1,18/07/2022,"-7,1975604","-59,8935874",,"81,25"
AM,BR-230,30,29,1,18/07/2022,"-7,1975604","-59,8935874",,75
AM,BR-230,29,28,1,18/07/2022,"-7,1975604","-59,8935874",,"88,75"
AM,BR-230,28,27,1,18/07/2022,"-7,1975604","-59,8935874",,"81,25"
AM,BR-230,27,26,1,18/07/2022,"-7,1975604","-59,8935874",,"81,25"
AM,BR-230,26,25,1,18/07/2022,"-7,1975604","-59,8935874",,"81,25"
AM,BR-230,25,24,1,18/07/2022,"-7,1975604","-59,8935874",,"73,75"
AM,BR-230,24,23,1,18/07/2022,"-7,1975604","-59,8935874",,"68,75"
AM,BR-230,23,22,1,18/07/2022,"-7,1975604","-59,8935874",,"68,75"
AM,BR-230,22,21,1,18/07/2022,"-7,1975604","-59,8935874",,"81,25"
AM,BR-230,21,20,1,18/07/2022,"-7,1975604","-59,8935874",,"88,75"
AM,BR-230,20,19,1,18/07/2022,"-7,1975604","-59,8935874",,"73,75"
AM,BR-230,19,18,1,18/07/2022,"-7,1975604","-59,8935874",,"73,75"
AM,BR-230,18,17,1,18/07/2022,"-7,1975604","-59,8935874",,"73,75"
AM,BR-230,17,16,1,18/07/2022,"-7,1975604","-59,8935874",,"88,75"
AM,BR-230,16,15,1,18/07/2022,"-7,1975604","-59,8935874",,"81,25"
AM,BR-230,15,14,1,18/07/2022,"-7,1975604","-59,8935874",,"83,75"
AM,BR-230,14,13,1,18/07/2022,"-7,1975604","-59,8935874",,"76,25"
AM,BR-230,13,12,1,18/07/2022,"-7,1975604","-59,8935874",,"76,25"
AM,BR-230,12,11,1,18/07/2022,"-7,1975604","-59,8935874",,"72,5"
AM,BR-230,11,10,1,18/07/2022,"-7,1975604","-59,8935874",,"77,5"
AM,BR-230,10,9,1,18/07/2022,"-7,1975604","-59,8935874",,"73,75"
AM,BR-230,9,8,1,18/07/2022,"-7,1975604","-59,8935874",,"67,5"
AM,BR-230,8,7,1,18/07/2022,"-7,1975604","-59,8935874",,"81,25"
AM,BR-230,7,6,1,18/07/2022,"-7,1975604","-59,8935874",,"73,75"
AM,BR-230,6,5,1,18/07/2022,"-7,1975604","-59,8935874",,"73,75"
AM,BR-230,5,4,1,18/07/2022,"-7,1975604","-59,8935874",,"73,75"
AM,BR-230,4,3,1,18/07/2022,"-7,1975604","-59,8935874",,70
AM,BR-230,3,2,1,18/07/2022,"-7,1975604","-59,8935874",,"81,25"
AM,BR-230,2,1,1,18/07/2022,"-7,1975604","-59,8935874",,"57,5"
GO,BR-070,"67,3",68,"0,7",19/07/2022,"-15,7900751","-48,772781",,25
GO,BR-070,68,69,1,19/07/2022,"-15,7736121","-48,766691",,25
GO,BR-070,69,70,1,19/07/2022,"-15,7736121","-48,766691",,25
GO,BR-070,70,71,1,19/07/2022,"-15,7736121","-48,766691",,25
GO,BR-070,71,72,1,19/07/2022,"-15,7736121","-48,766691",,"17,5"
GO,BR-070,72,73,1,19/07/2022,"-15,7736121","-48,766691",,"17,5"
GO,BR-070,73,74,1,19/07/2022,"-15,7801462","-48,8549956",,25
GO,BR-070,74,75,1,19/07/2022,"-15,7801462","-48,8549956",,"2,5"
GO,BR-070,75,76,1,19/07/2022,"-15,7801462","-48,8549956",,"2,5"
GO,BR-070,76,77,1,19/07/2022,"-15,7801462","-48,8549956",,"2,5"
GO,BR-070,77,78,1,19/07/2022,"-15,7801462","-48,8549956",,"2,5"
GO,BR-070,78,79,1,19/07/2022,"-15,7801462","-48,8549956",,"2,5"
GO,BR-070,79,80,1,19/07/2022,"-15,7801462","-48,8549956",,"17,5"
GO,BR-070,80,81,1,19/07/2022,"-15,7801462","-48,8549956",,"2,5"
GO,BR-070,81,82,1,19/07/2022,"-15,7801462","-48,8549956",,"2,5"
GO,BR-070,82,83,1,19/07/2022,"-15,7801462","-48,8549956",,"2,5"
GO,BR-070,83,84,1,19/07/2022,"-15,7801462","-48,8549956",,"2,5"
GO,BR-070,84,85,1,19/07/2022,"-15,7801462","-48,8549956",,"2,5"
GO,BR-070,85,86,1,19/07/2022,"-15,7801462","-48,8549956",,"2,5"
GO,BR-070,86,87,1,19/07/2022,"-15,7801462","-48,8549956",,"2,5"
GO,BR-070,87,88,1,19/07/2022,"-15,7801462","-48,8549956",,25
GO,BR-070,88,89,1,19/07/2022,"-15,7801462","-48,8549956",,25
GO,BR-070,89,90,1,19/07/2022,"-15,7801462","-48,8549956",,"17,5"
GO,BR-070,90,91,1,19/07/2022,"-15,7801462","-48,8549956",,25
GO,BR-070,91,92,1,19/07/2022,"-15,7801462","-48,8549956",,25
GO,BR-070,92,93,1,19/07/2022,"-15,7801462","-48,8549956",,"17,5"
GO,BR-070,93,94,1,19/07/2022,"-15,7801462","-48,8549956",,25
GO,BR-070,94,95,1,19/07/2022,"-15,7801462","-48,8549956",,"17,5"
GO,BR-070,95,96,1,19/07/2022,"-15,7781458","-49,0381539",,"17,5"
GO,BR-070,96,97,1,19/07/2022,"-15,8128535","-49,0162339",,"43,75"
GO,BR-070,97,98,1,19/07/2022,"-15,8128535","-49,0162339",,"51,25"
GO,BR-070,98,99,1,19/07/2022,"-15,8128535","-49,0162339",,"58,75"
GO,BR-070,99,100,1,19/07/2022,"-15,8128535","-49,0162339",,"72,5"
GO,BR-070,100,101,1,19/07/2022,"-15,8128535","-49,0162339",,"37,5"
GO,BR-070,101,102,1,19/07/2022,"-15,8128535","-49,0162339",,"37,5"
GO,BR-070,102,103,1,19/07/2022,"-15,8128535","-49,0162339",,35
GO,BR-070,103,104,1,19/07/2022,"-15,8055656","-49,1060366",,"57,5"
GO,BR-070,104,105,1,19/07/2022,"-15,8055656","-49,1060366",,50
GO,BR-070,105,106,1,19/07/2022,"-15,8055656","-49,1060366",,45
GO,BR-070,106,107,1,19/07/2022,"-15,8055656","-49,1060366",,25
GO,BR-070,107,108,1,19/07/2022,"-15,8055656","-49,1060366",,"17,5"
GO,BR-070,108,109,1,19/07/2022,"-15,8055656","-49,1060366",,"52,5"
GO,BR-070,109,110,1,19/07/2022,"-15,8055656","-49,1060366",,50
GO,BR-070,110,111,1,19/07/2022,"-15,8055656","-49,1060366",,25
GO,BR-070,111,112,1,19/07/2022,"-15,8055656","-49,1060366",,25
GO,BR-070,112,113,1,19/07/2022,"-15,8055656","-49,1060366",,"37,5"
GO,BR-070,113,114,1,19/07/2022,"-15,8055656","-49,1060366",,"37,5"
GO,BR-070,114,115,1,19/07/2022,"-15,8055656","-49,1060366",,50
GO,BR-070,115,116,1,19/07/2022,"-15,8055656","-49,1060366",,60
GO,BR-070,116,117,1,19/07/2022,"-15,8055656","-49,1060366",,"51,25"
GO,BR-070,117,118,1,19/07/2022,"-15,8055656","-49,1060366",,"56,25"
GO,BR-070,118,119,1,19/07/2022,"-15,8055656","-49,1060366",,"42,5"
GO,BR-070,119,120,1,19/07/2022,"-15,8055656","-49,1060366",,45
GO,BR-070,120,121,1,19/07/2022,"-15,8055656","-49,1060366",,"57,5"
GO,BR-070,121,122,1,19/07/2022,"-15,8055656","-49,1060366",,"37,5"
GO,BR-070,122,123,1,19/07/2022,"-15,8055656","-49,1060366",,"43,75"
GO,BR-070,123,124,1,19/07/2022,"-15,8345082","-49,2663046",,30
MT,BR-158,"201,2",202,"0,8",19/07/2022,"-11,2372137","-51,6864583",,"37,5"
MT,BR-158,202,203,1,19/07/2022,"-11,2372137","-51,6864583",,40
MT,BR-158,203,204,1,19/07/2022,"-11,2370754","-51,6865607",,"56,25"
MT,BR-158,204,205,1,19/07/2022,"-11,2370754","-51,6865607",,40
MT,BR-158,205,206,1,19/07/2022,"-11,2370754","-51,6865607",,"47,5"
MT,BR-158,206,207,1,19/07/2022,"-11,2370754","-51,6865607",,"47,5"
MT,BR-158,207,208,1,19/07/2022,"-11,2370754","-51,6865607",,"51,25"
MT,BR-158,208,209,1,19/07/2022,"-11,2370754","-51,6865607",,55
MT,BR-158,209,210,1,19/07/2022,"-11,2370754","-51,6865607",,"51,25"
MT,BR-158,210,211,1,19/07/2022,"-11,2370754","-51,6865607",,"58,75"
MT,BR-158,211,212,1,19/07/2022,"-11,2370754","-51,6865607",,"51,25"
MT,BR-158,212,213,1,19/07/2022,"-11,2370754","-51,6865607",,55
MT,BR-158,213,214,1,19/07/2022,"-11,2370754","-51,6865607",,"58,75"
MT,BR-158,214,215,1,19/07/2022,"-11,2370754","-51,6865607",,"47,5"
MT,BR-158,215,216,1,19/07/2022,"-11,2370754","-51,6865607",,"57,5"
MT,BR-158,216,217,1,19/07/2022,"-11,2370754","-51,6865607",,"63,75"
MT,BR-158,217,218,1,19/07/2022,"-11,2370754","-51,6865607",,"47,5"
MT,BR-158,218,219,1,19/07/2022,"-11,2370754","-51,6865607",,"51,25"
MT,BR-158,219,220,1,19/07/2022,"-11,2370754","-51,6865607",,"51,25"
MT,BR-158,220,221,1,19/07/2022,"-11,2370754","-51,6865607",,55
MT,BR-158,221,222,1,19/07/2022,"-11,2370754","-51,6865607",,"56,25"
MT,BR-158,222,223,1,19/07/2022,"-11,2370754","-51,6865607",,50
MT,BR-158,223,224,1,19/07/2022,"-11,2370754","-51,6865607",,"53,75"
MT,BR-158,224,225,1,19/07/2022,"-11,2370754","-51,6865607",,"51,25"
MT,BR-158,225,226,1,19/07/2022,"-11,2370754","-51,6865607",,"48,75"
MT,BR-158,226,227,1,19/07/2022,"-11,2370754","-51,6865607",,"58,75"
MT,BR-158,227,228,1,19/07/2022,"-11,2370754","-51,6865607",,"51,25"
MT,BR-158,228,229,1,19/07/2022,"-11,2370754","-51,6865607",,50
MT,BR-158,229,230,1,19/07/2022,"-11,2370754","-51,6865607",,"67,5"
MT,BR-158,230,231,1,19/07/2022,"-11,2370754","-51,6865607",,"51,25"
MT,BR-158,231,232,1,19/07/2022,"-11,2370754","-51,6865607",,"66,25"
MT,BR-158,232,233,1,19/07/2022,"-11,2370754","-51,6865607",,"63,75"
MT,BR-158,233,234,1,19/07/2022,"-11,2370754","-51,6865607",,"63,75"
MT,BR-158,234,235,1,19/07/2022,"-11,2370754","-51,6865607",,50
MT,BR-158,235,236,1,19/07/2022,"-11,2370754","-51,6865607",,"53,75"
MT,BR-158,236,237,1,19/07/2022,"-11,2370754","-51,6865607",,"51,25"
MT,BR-158,237,238,1,19/07/2022,"-11,2370754","-51,6865607",,"68,75"
MT,BR-158,238,239,1,19/07/2022,"-11,2370754","-51,6865607",,"67,5"
MT,BR-158,239,240,1,19/07/2022,"-11,2370754","-51,6865607",,"67,5"
MT,BR-158,240,241,1,19/07/2022,"-11,2370754","-51,6865607",,"47,5"
MT,BR-158,241,242,1,19/07/2022,"-11,2370754","-51,6865607",,"57,5"
MT,BR-158,242,243,1,19/07/2022,"-11,2370754","-51,6865607",,"57,5"
MT,BR-158,243,244,1,19/07/2022,"-11,2370754","-51,6865607",,"63,75"
MT,BR-158,244,245,1,19/07/2022,"-11,2370754","-51,6865607",,"51,25"
MT,BR-158,245,246,1,19/07/2022,"-11,2370754","-51,6865607",,"51,25"
MT,BR-158,246,247,1,19/07/2022,"-11,2370754","-51,6865607",,"66,25"
MT,BR-158,247,248,1,19/07/2022,"-11,2370754","-51,6865607",,55
MT,BR-158,248,249,1,19/07/2022,"-11,2370754","-51,6865607",,"66,25"
MT,BR-158,249,250,1,19/07/2022,"-11,2370754","-51,6865607",,"77,5"
MT,BR-158,250,251,1,19/07/2022,"-11,2370754","-51,6865607",,"72,5"
MT,BR-158,251,252,1,19/07/2022,"-11,2370754","-51,6865607",,"46,25"
MT,BR-158,252,253,1,19/07/2022,"-11,2370754","-51,6865607",,"66,25"
MT,BR-158,253,254,1,19/07/2022,"-11,2370754","-51,6865607",,"83,75"
MT,BR-158,254,255,1,19/07/2022,"-11,2370754","-51,6865607",,"47,5"
MT,BR-158,255,256,1,19/07/2022,"-11,2370754","-51,6865607",,"77,5"
MT,BR-158,256,257,1,19/07/2022,"-11,2370754","-51,6865607",,"61,25"
MT,BR-158,257,258,1,19/07/2022,"-11,2370754","-51,6865607",,"66,25"
MT,BR-158,258,259,1,19/07/2022,"-11,2370754","-51,6865607",,80
MT,BR-158,259,260,1,19/07/2022,"-11,2370754","-51,6865607",,"87,5"
MT,BR-158,260,261,1,19/07/2022,"-11,2370754","-51,6865607",,70
MT,BR-158,261,262,1,19/07/2022,"-11,2370754","-51,6865607",,"73,75"
MT,BR-158,262,263,1,19/07/2022,"-11,2370754","-51,6865607",,"76,25"
MT,BR-158,263,264,1,19/07/2022,"-11,2370754","-51,6865607",,"76,25"
MT,BR-158,264,265,1,19/07/2022,"-11,2370754","-51,6865607",,60
MT,BR-158,265,266,1,19/07/2022,"-11,2370754","-51,6865607",,"73,75"
MT,BR-158,266,267,1,19/07/2022,"-11,2370754","-51,6865607",,60
MT,BR-158,267,268,1,19/07/2022,"-11,2370754","-51,6865607",,"68,75"
MT,BR-158,268,269,1,19/07/2022,"-11,2370754","-51,6865607",,70
MT,BR-158,269,270,1,19/07/2022,"-11,7037578","-51,6246126",,60
MT,BR-158,270,271,1,19/07/2022,"-11,7037578","-51,6246126",,"57,5"
MT,BR-158,271,272,1,19/07/2022,"-11,7037578","-51,6246126",,"63,75"
MT,BR-158,272,273,1,19/07/2022,"-11,7037578","-51,6246126",,"72,5"
MT,BR-158,273,274,1,19/07/2022,"-11,7037578","-51,6246126",,70
MT,BR-158,274,275,1,19/07/2022,"-11,7037578","-51,6246126",,"73,75"
MT,BR-158,275,276,1,19/07/2022,"-11,7037578","-51,6246126",,"66,25"
MT,BR-158,276,277,1,19/07/2022,"-11,7037578","-51,6246126",,"66,25"
MT,BR-158,277,278,1,19/07/2022,"-11,7037578","-51,6246126",,70
MT,BR-158,278,279,1,19/07/2022,"-11,7037578","-51,6246126",,"53,75"
MT,BR-158,279,280,1,19/07/2022,"-11,7037578","-51,6246126",,"51,25"
MT,BR-158,280,281,1,19/07/2022,"-11,7037578","-51,6246126",,"53,75"
MT,BR-158,281,282,1,19/07/2022,"-11,7037578","-51,6246126",,70
MT,BR-158,282,283,1,19/07/2022,"-11,7037578","-51,6246126",,"66,25"
MT,BR-158,283,284,1,19/07/2022,"-11,7037578","-51,6246126",,"56,25"
MT,BR-158,284,285,1,19/07/2022,"-11,7037578","-51,6246126",,"66,25"
MT,BR-158,285,286,1,19/07/2022,"-11,7037578","-51,6246126",,"56,25"
MT,BR-158,286,287,1,19/07/2022,"-11,7037578","-51,6246126",,"48,75"
MT,BR-158,287,288,1,19/07/2022,"-11,7037578","-51,6246126",,"57,5"
MT,BR-158,288,289,1,19/07/2022,"-11,7037578","-51,6246126",,"53,75"
MT,BR-158,289,290,1,19/07/2022,"-11,7037578","-51,6246126",,"53,75"
MT,BR-158,290,291,1,19/07/2022,"-11,7037578","-51,6246126",,"73,75"
MT,BR-158,291,292,1,19/07/2022,"-11,7037578","-51,6246126",,"57,5"
MT,BR-158,292,293,1,19/07/2022,"-11,7037578","-51,6246126",,"57,5"
MT,BR-158,293,294,1,19/07/2022,"-11,7037578","-51,6246126",,70
MT,BR-158,294,295,1,19/07/2022,"-11,7037578","-51,6246126",,"68,75"
MT,BR-158,295,296,1,19/07/2022,"-11,7037578","-51,6246126",,"76,25"
MT,BR-158,296,297,1,19/07/2022,"-11,7037578","-51,6246126",,70
MT,BR-158,297,298,1,19/07/2022,"-11,7037578","-51,6246126",,80
MT,BR-158,298,299,1,19/07/2022,"-11,7037578","-51,6246126",,"76,25"
MT,BR-158,299,300,1,19/07/2022,"-11,7037578","-51,6246126",,"72,5"
MT,BR-158,300,301,1,19/07/2022,"-11,7037578","-51,6246126",,80
MT,BR-158,301,302,1,19/07/2022,"-11,7037578","-51,6246126",,70
MT,BR-158,302,303,1,19/07/2022,"-11,7037578","-51,6246126",,"57,5"
MT,BR-158,303,304,1,19/07/2022,"-11,7037578","-51,6246126",,70
MT,BR-158,304,305,1,19/07/2022,"-11,7037578","-51,6246126",,55
MT,BR-158,305,306,1,19/07/2022,"-11,7037578","-51,6246126",,"76,25"
MT,BR-158,306,307,1,19/07/2022,"-11,7037578","-51,6246126",,"71,25"
MT,BR-158,307,308,1,19/07/2022,"-11,7037578","-51,6246126",,"57,5"
MT,BR-158,308,309,1,19/07/2022,"-11,7037578","-51,6246126",,70
MT,BR-158,309,310,1,19/07/2022,"-11,7037578","-51,6246126",,"57,5"
MT,BR-158,310,311,1,19/07/2022,"-11,7037578","-51,6246126",,70
MT,BR-158,311,312,1,19/07/2022,"-11,7037578","-51,6246126",,"76,25"
MT,BR-158,312,313,1,19/07/2022,"-11,7037578","-51,6246126",,"66,25"
MT,BR-158,313,314,1,19/07/2022,"-11,7037578","-51,6246126",,"77,5"
MT,BR-158,314,315,1,19/07/2022,"-11,7037578","-51,6246126",,"73,75"
MT,BR-158,315,316,1,19/07/2022,"-11,7037578","-51,6246126",,"67,5"
MT,BR-158,316,317,1,19/07/2022,"-11,7037578","-51,6246126",,"53,75"
MT,BR-158,317,318,1,19/07/2022,"-11,7037578","-51,6246126",,"51,25"
MT,BR-158,318,319,1,19/07/2022,"-11,7037578","-51,6246126",,"61,25"
MT,BR-158,319,320,1,19/07/2022,"-11,7037578","-51,6246126",,55
MT,BR-158,320,321,1,19/07/2022,"-11,7037578","-51,6246126",,"53,75"
MT,BR-158,321,322,1,19/07/2022,"-11,7037578","-51,6246126",,70
MT,BR-158,322,323,1,19/07/2022,"-11,7037578","-51,6246126",,"62,5"
MT,BR-158,323,324,1,19/07/2022,"-11,7037578","-51,6246126",,50
MT,BR-158,324,325,1,19/07/2022,"-11,7037578","-51,6246126",,"57,5"
MT,BR-158,325,326,1,19/07/2022,"-11,7037578","-51,6246126",,50
MT,BR-158,326,327,1,19/07/2022,"-11,7037578","-51,6246126",,50
MT,BR-158,327,328,1,19/07/2022,"-11,7037578","-51,6246126",,0
MT,BR-158,328,329,1,19/07/2022,"-11,7037578","-51,6246126",,0
AM,BR-319,"589,4",590,"0,6",19/07/2022,"-6,9848095","-63,0985027",,"87,5"
AM,BR-319,590,591,1,19/07/2022,"-6,9848095","-63,0985027",,"87,5"
AM,BR-319,591,592,1,19/07/2022,"-6,9848095","-63,0985027",,"87,5"
AM,BR-319,592,593,1,19/07/2022,"-6,9848095","-63,0985027",,"87,5"
AM,BR-319,593,594,1,19/07/2022,"-6,9848095","-63,0985027",,"87,5"
AM,BR-319,594,595,1,19/07/2022,"-7,0229057","-63,1026718",,"62,5"
AM,BR-319,595,596,1,19/07/2022,"-7,0229057","-63,1026718",,"62,5"
AM,BR-319,596,597,1,19/07/2022,"-7,0229057","-63,1026718",,"87,5"
AM,BR-319,597,598,1,19/07/2022,"-7,5474017","-63,0694007",,90
AM,BR-319,598,599,1,19/07/2022,"-7,5474017","-63,0694007",,"87,5"
AM,BR-319,599,600,1,19/07/2022,"-7,5474017","-63,0694007",,"87,5"
AM,BR-319,600,601,1,19/07/2022,"-7,5474017","-63,0694007",,"87,5"
AM,BR-319,601,602,1,19/07/2022,"-7,5474017","-63,0694007",,"87,5"
AM,BR-319,602,603,1,19/07/2022,"-7,5474017","-63,0694007",,"87,5"
AM,BR-319,603,604,1,19/07/2022,"-7,5474017","-63,0694007",,"87,5"
AM,BR-319,604,605,1,19/07/2022,"-7,5474017","-63,0694007",,"87,5"
AM,BR-319,605,606,1,19/07/2022,"-7,5474017","-63,0694007",,"87,5"
AM,BR-319,606,607,1,19/07/2022,"-7,5474017","-63,0694007",,"87,5"
AM,BR-319,607,608,1,19/07/2022,"-7,5474017","-63,0694007",,"92,5"
AM,BR-319,608,609,1,19/07/2022,"-7,5474017","-63,0694007",,"92,5"
AM,BR-319,609,610,1,19/07/2022,"-7,5474017","-63,0694007",,"87,5"
AM,BR-319,610,611,1,19/07/2022,"-7,5474017","-63,0694007",,"87,5"
AM,BR-319,611,612,1,19/07/2022,"-7,5474017","-63,0694007",,"87,5"
AM,BR-319,612,613,1,19/07/2022,"-7,5474017","-63,0694007",,"87,5"
AM,BR-319,613,614,1,19/07/2022,"-7,5474017","-63,0694007",,"92,5"
AM,BR-319,614,615,1,19/07/2022,"-7,5474017","-63,0694007",,"92,5"
AM,BR-319,615,616,1,19/07/2022,"-7,5474017","-63,0694007",,"92,5"
AM,BR-319,616,617,1,19/07/2022,"-7,2195422","-63,1426999",,"92,5"
AM,BR-319,617,618,1,19/07/2022,"-7,2195422","-63,1426999",,90
AM,BR-319,618,619,1,19/07/2022,"-7,2195422","-63,1426999",,"92,5"
AM,BR-319,619,620,1,19/07/2022,"-7,2195422","-63,1426999",,"92,5"
AM,BR-319,620,621,1,19/07/2022,"-7,2195422","-63,1426999",,"92,5"
AM,BR-319,621,622,1,19/07/2022,"-7,2195422","-63,1426999",,40
AM,BR-319,622,623,1,19/07/2022,"-7,2195422","-63,1426999",,40
AM,BR-319,623,624,1,19/07/2022,"-7,2195422","-63,1426999",,"38,75"
AM,BR-319,624,625,1,19/07/2022,"-7,2195422","-63,1426999",,40
AM,BR-319,625,626,1,19/07/2022,"-7,2195422","-63,1426999",,40
AM,BR-319,626,627,1,19/07/2022,"-7,5474017","-63,0694007",,"38,75"
AM,BR-319,627,628,1,19/07/2022,"-7,5474017","-63,0694007",,"38,75"
AM,BR-319,628,629,1,19/07/2022,"-7,5474017","-63,0694007",,"51,25"
AM,BR-319,629,630,1,19/07/2022,"-7,5474017","-63,0694007",,"38,75"
AM,BR-319,630,631,1,19/07/2022,"-7,5474017","-63,0694007",,"38,75"
AM,BR-319,"513,8",514,"0,2",19/07/2022,"-6,36914321","-62,8055561",,"38,75"
AM,BR-319,514,515,1,19/07/2022,"-7,5474017","-63,0694007",,"38,75"
AM,BR-319,515,516,1,19/07/2022,"-7,5474017","-63,0694007",,"38,75"
AM,BR-319,516,517,1,19/07/2022,"-7,5474017","-63,0694007",,"38,75"
AM,BR-319,517,518,1,19/07/2022,"-7,5474017","-63,0694007",,"38,75"
AM,BR-319,518,519,1,19/07/2022,"-7,5474017","-63,0694007",,"38,75"
AM,BR-319,519,520,1,19/07/2022,"-7,5474017","-63,0694007",,"38,75"
AM,BR-319,520,521,1,19/07/2022,"-7,5474017","-63,0694007",,"38,75"
AM,BR-319,521,522,1,19/07/2022,"-7,5474017","-63,0694007",,"38,75"
AM,BR-319,522,523,1,19/07/2022,"-7,5474017","-63,0694007",,"38,75"
AM,BR-319,523,524,1,19/07/2022,"-7,5474017","-63,0694007",,"38,75"
AM,BR-319,524,525,1,19/07/2022,"-7,5474017","-63,0694007",,"38,75"
AM,BR-319,525,526,1,19/07/2022,"-7,5474017","-63,0694007",,"38,75"
AM,BR-319,526,527,1,19/07/2022,"-7,5474017","-63,0694007",,"38,75"
AM,BR-319,527,528,1,19/07/2022,"-7,5474017","-63,0694007",,"38,75"
AM,BR-319,528,529,1,19/07/2022,"-7,5474017","-63,0694007",,"38,75"
AM,BR-319,529,530,1,19/07/2022,"-7,5474017","-63,0694007",,"38,75"
AM,BR-319,530,531,1,19/07/2022,"-7,5474017","-63,0694007",,"38,75"
AM,BR-319,531,532,1,19/07/2022,"-7,5474017","-63,0694007",,"38,75"
AM,BR-319,532,533,1,19/07/2022,"-7,5474017","-63,0694007",,"38,75"
AM,BR-319,533,534,1,19/07/2022,"-7,5474017","-63,0694007",,"38,75"
AM,BR-319,534,535,1,19/07/2022,"-7,5474017","-63,0694007",,"38,75"
AM,BR-319,535,536,1,19/07/2022,"-7,5474017","-63,0694007",,"38,75"
AM,BR-319,536,537,1,19/07/2022,"-7,5474017","-63,0694007",,"38,75"
AM,BR-319,537,538,1,19/07/2022,"-7,5474017","-63,0694007",,"38,75"
AM,BR-319,538,539,1,19/07/2022,"-7,5474017","-63,0694007",,"38,75"
AM,BR-319,539,540,1,19/07/2022,"-7,5474017","-63,0694007",,"38,75"
AM,BR-319,540,541,1,19/07/2022,"-7,5474017","-63,0694007",,"38,75"
AM,BR-319,541,542,1,19/07/2022,"-7,5474017","-63,0694007",,"38,75"
AM,BR-319,542,543,1,19/07/2022,"-7,5474017","-63,0694007",,"38,75"
AM,BR-319,543,544,1,19/07/2022,"-7,5474017","-63,0694007",,"86,25"
AM,BR-319,544,545,1,19/07/2022,"-7,5474017","-63,0694007",,"86,25"
AM,BR-319,545,546,1,19/07/2022,"-7,5474017","-63,0694007",,"38,75"
AM,BR-319,546,547,1,19/07/2022,"-7,5474017","-63,0694007",,"38,75"
AM,BR-319,547,548,1,19/07/2022,"-7,5474017","-63,0694007",,"38,75"
AM,BR-319,548,549,1,19/07/2022,"-7,5474017","-63,0694007",,"38,75"
AM,BR-319,549,550,1,19/07/2022,"-7,5474017","-63,0694007",,"38,75"
AM,BR-319,550,551,1,19/07/2022,"-7,5474017","-63,0694007",,"38,75"
AM,BR-319,551,552,1,19/07/2022,"-7,5474017","-63,0694007",,"38,75"
AM,BR-319,552,553,1,19/07/2022,"-7,5474017","-63,0694007",,"38,75"
AM,BR-319,553,554,1,19/07/2022,"-7,5474017","-63,0694007",,"38,75"
AM,BR-319,554,555,1,19/07/2022,"-7,5474017","-63,0694007",,"38,75"
AM,BR-319,555,556,1,19/07/2022,"-7,5474017","-63,0694007",,"38,75"
AM,BR-319,556,557,1,19/07/2022,"-7,5474017","-63,0694007",,"38,75"
AM,BR-319,557,558,1,19/07/2022,"-7,5474017","-63,0694007",,"38,75"
AM,BR-319,558,559,1,19/07/2022,"-7,5474017","-63,0694007",,90
AM,BR-319,559,560,1,19/07/2022,"-7,5474017","-63,0694007",,"92,5"
AM,BR-319,560,561,1,19/07/2022,"-7,5474017","-63,0694007",,"92,5"
AM,BR-319,561,562,1,19/07/2022,"-7,5474017","-63,0694007",,"92,5"
AM,BR-319,562,563,1,19/07/2022,"-7,5474017","-63,0694007",,"92,5"
AM,BR-319,563,564,1,19/07/2022,"-7,5474017","-63,0694007",,"92,5"
AM,BR-319,564,565,1,19/07/2022,"-7,5474017","-63,0694007",,"92,5"
AM,BR-319,565,566,1,19/07/2022,"-7,5474017","-63,0694007",,"92,5"
AM,BR-319,566,567,1,19/07/2022,"-7,5474017","-63,0694007",,"92,5"
AM,BR-319,567,568,1,19/07/2022,"-7,5474017","-63,0694007",,90
AM,BR-319,568,569,1,19/07/2022,"-7,5474017","-63,0694007",,"92,5"
AM,BR-319,569,570,1,19/07/2022,"-7,5474017","-63,0694007",,"92,5"
AM,BR-319,570,571,1,19/07/2022,"-7,5474017","-63,0694007",,"92,5"
AM,BR-319,571,572,1,19/07/2022,"-7,5474017","-63,0694007",,"87,5"
AM,BR-319,572,573,1,19/07/2022,"-7,5474017","-63,0694007",,"87,5"
AM,BR-319,573,574,1,19/07/2022,"-7,5474017","-63,0694007",,"87,5"
AM,BR-319,574,575,1,19/07/2022,"-7,5474017","-63,0694007",,"87,5"
AM,BR-319,575,576,1,19/07/2022,"-7,5474017","-63,0694007",,"87,5"
AM,BR-319,576,577,1,19/07/2022,"-6,869725","-63,062882",,"87,5"
AM,BR-319,577,578,1,19/07/2022,"-6,869725","-63,062882",,"87,5"
AM,BR-319,578,579,1,19/07/2022,"-6,869725","-63,062882",,"87,5"
AM,BR-319,579,580,1,19/07/2022,"-6,869725","-63,062882",,"87,5"
AM,BR-319,580,581,1,19/07/2022,"-6,869725","-63,062882",,"87,5"
AM,BR-319,581,582,1,19/07/2022,"-6,869725","-63,062882",,"92,5"
AM,BR-319,582,583,1,19/07/2022,"-6,869725","-63,062882",,"92,5"
AM,BR-319,583,584,1,19/07/2022,"-6,9697956","-63,095118",,"92,5"
AM,BR-319,584,585,1,19/07/2022,"-6,9697956","-63,095118",,"92,5"
AM,BR-319,585,586,1,19/07/2022,"-6,9697956","-63,095118",,"91,25"
AM,BR-319,586,587,1,19/07/2022,"-6,9697956","-63,095118",,"87,5"
AM,BR-319,587,588,1,19/07/2022,"-6,9742048","-63,0948069",,"87,5"
AM,BR-319,588,"589,4","1,4",19/07/2022,"-6,9772924","-63,0962357",,90
AM,BR-317,526,525,1,20/07/2022,"-9,5986751","-67,3286029",,"3,75"
AM,BR-317,525,524,1,20/07/2022,"-9,5986751","-67,3286029",,"3,75"
AM,BR-317,524,523,1,20/07/2022,"-9,5986751","-67,3286029",,"3,75"
AM,BR-317,523,522,1,20/07/2022,"-9,6578454","-65,7369891",,"3,75"
AM,BR-317,522,521,1,20/07/2022,"-9,6578454","-65,7369891",,"3,75"
AM,BR-317,521,520,1,20/07/2022,"-9,6578454","-65,7369891",,"3,75"
AM,BR-317,520,519,1,20/07/2022,"-9,6578454","-65,7369891",,"3,75"
AM,BR-317,519,518,1,20/07/2022,"-9,6578454","-65,7369891",,"3,75"
AM,BR-317,518,517,1,20/07/2022,"-9,6578454","-65,7369891",,"3,75"
AM,BR-317,517,516,1,20/07/2022,"-9,6578454","-65,7369891",,"3,75"
RR,BR-210,"89,5",88,"1,5",21/07/2022,"0,8779179","-59,6912261",,"57,5"
RR,BR-210,88,87,1,21/07/2022,"0,8779179","-59,6912261",,"57,5"
RR,BR-210,87,86,1,21/07/2022,"0,8756398","-59,6962722",,"57,5"
RR,BR-210,86,85,1,21/07/2022,"0,8756398","-59,6962722",,"36,25"
RR,BR-210,85,84,1,21/07/2022,"0,8756398","-59,6962722",,"51,25"
RR,BR-210,84,83,1,21/07/2022,"0,8756398","-59,6962722",,"57,5"
RR,BR-210,83,82,1,21/07/2022,"0,8756398","-59,6962722",,"57,5"
RR,BR-210,82,81,1,21/07/2022,"0,8756398","-59,6962722",,"51,25"
RR,BR-210,81,80,1,21/07/2022,"0,8756398","-59,6962722",,"52,5"
RR,BR-210,80,79,1,21/07/2022,"0,8756398","-59,6962722",,"52,5"
RR,BR-210,79,78,1,21/07/2022,"0,8756398","-59,6962722",,"58,75"
RR,BR-210,78,77,1,21/07/2022,"0,8756398","-59,6962722",,"58,75"
RR,BR-210,77,76,1,21/07/2022,"0,8756398","-59,6962722",,"28,75"
RR,BR-210,76,75,1,21/07/2022,"0,8756398","-59,6962722",,"38,75"
RR,BR-210,75,74,1,21/07/2022,"0,8756398","-59,6962722",,50
RR,BR-210,74,73,1,21/07/2022,"0,8756398","-59,6962722",,"37,5"
RR,BR-210,73,72,1,21/07/2022,"0,8756398","-59,6962722",,"51,25"
RR,BR-210,72,71,1,21/07/2022,"0,8756398","-59,6962722",,"58,75"
RR,BR-210,71,70,1,21/07/2022,"0,8756398","-59,6962722",,"57,5"
RR,BR-210,70,69,1,21/07/2022,"0,8756398","-59,6962722",,"66,25"
RR,BR-210,69,68,1,21/07/2022,"0,8756398","-59,6962722",,65
RR,BR-210,68,67,1,21/07/2022,"0,8756398","-59,6962722",,"27,5"
RR,BR-210,67,66,1,21/07/2022,"0,8756398","-59,6962722",,"57,5"
RR,BR-210,66,65,1,21/07/2022,"0,8756398","-59,6962722",,"37,5"
RR,BR-210,65,64,1,21/07/2022,"0,8756398","-59,6962722",,"53,75"
RR,BR-210,64,63,1,21/07/2022,"0,8756398","-59,6962722",,45
RR,BR-210,63,62,1,21/07/2022,"0,8756398","-59,6962722",,35
RR,BR-210,62,61,1,21/07/2022,"0,8756398","-59,6962722",,75
RR,BR-210,61,60,1,21/07/2022,"0,8756398","-59,6962722",,"43,75"
RR,BR-210,60,59,1,21/07/2022,"0,8756398","-59,6962722",,"38,75"
RR,BR-210,59,58,1,21/07/2022,"0,8756398","-59,6962722",,"57,5"
RR,BR-210,58,57,1,21/07/2022,"0,8756398","-59,6962722",,"48,75"
RR,BR-210,57,56,1,21/07/2022,"0,8756398","-59,6962722",,30
RR,BR-210,56,55,1,21/07/2022,"0,8756398","-59,6962722",,"72,5"
RR,BR-210,55,54,1,21/07/2022,"0,8756398","-59,6962722",,"38,75"
RR,BR-210,54,53,1,21/07/2022,"0,8756398","-59,6962722",,"36,25"
RR,BR-210,53,52,1,21/07/2022,"0,8756398","-59,6962722",,45
RR,BR-210,52,51,1,21/07/2022,"0,8756398","-59,6962722",,50
RR,BR-210,51,50,1,21/07/2022,"0,8756398","-59,6962722",,"37,5"
RR,BR-210,50,49,1,21/07/2022,"0,8756398","-59,6962722",,"31,25"
RR,BR-210,49,48,1,21/07/2022,"0,8756398","-59,6962722",,"31,25"
RR,BR-210,48,47,1,21/07/2022,"0,8756398","-59,6962722",,"38,75"
RR,BR-210,47,46,1,21/07/2022,"0,8756398","-59,6962722",,"31,25"
RR,BR-210,46,45,1,21/07/2022,"0,8756398","-59,6962722",,"31,25"
MT,BR-158,329,330,1,19/07/2022,"-11,7037578","-51,6246126",,0
MT,BR-242,"119,6",118,"1,6",19/07/2022,"-11,2370754","-51,6865607",,"46,25"
MT,BR-242,118,117,1,19/07/2022,"-11,2370754","-51,6865607",,"42,5"
MT,BR-242,117,116,1,19/07/2022,"-11,2370754","-51,6865607",,"42,5"
MT,BR-242,116,115,1,19/07/2022,"-11,2370754","-51,6865607",,40
MT,BR-242,115,114,1,19/07/2022,"-11,2370754","-51,6865607",,40
MT,BR-242,114,113,1,19/07/2022,"-11,2370754","-51,6865607",,40
MT,BR-242,113,112,1,19/07/2022,"-11,2370754","-51,6865607",,40
MT,BR-242,112,111,1,19/07/2022,"-11,2370754","-51,6865607",,50
MT,BR-242,111,110,1,19/07/2022,"-11,2370754","-51,6865607",,35
MT,BR-242,110,109,1,19/07/2022,"-11,2370754","-51,6865607",,50
MT,BR-242,109,108,1,19/07/2022,"-11,2370754","-51,6865607",,"47,5"
MT,BR-242,108,107,1,19/07/2022,"-11,2370754","-51,6865607",,"53,75"
MT,BR-242,107,106,1,19/07/2022,"-11,2370754","-51,6865607",,50
MT,BR-242,106,105,1,19/07/2022,"-11,2370754","-51,6865607",,"62,5"
MT,BR-242,105,104,1,19/07/2022,"-11,2370754","-51,6865607",,55
MT,BR-242,104,103,1,19/07/2022,"-11,2370754","-51,6865607",,55
MT,BR-242,103,102,1,19/07/2022,"-11,2370754","-51,6865607",,"47,5"
MT,BR-242,102,101,1,19/07/2022,"-11,2370754","-51,6865607",,"68,75"
MT,BR-242,101,100,1,19/07/2022,"-11,2370754","-51,6865607",,60
MT,BR-242,100,99,1,19/07/2022,"-11,2370754","-51,6865607",,"53,75"
MT,BR-242,99,98,1,19/07/2022,"-11,2370754","-51,6865607",,"47,5"
MT,BR-242,98,97,1,19/07/2022,"-11,2370754","-51,6865607",,50
MT,BR-242,97,96,1,19/07/2022,"-11,2370754","-51,6865607",,"47,5"
MT,BR-242,96,95,1,19/07/2022,"-11,2370754","-51,6865607",,"47,5"
MT,BR-242,95,94,1,19/07/2022,"-11,2370754","-51,6865607",,"47,5"
MT,BR-242,94,93,1,19/07/2022,"-11,2370754","-51,6865607",,55
MT,BR-242,93,92,1,19/07/2022,"-11,2370754","-51,6865607",,"53,75"
MT,BR-242,92,91,1,19/07/2022,"-11,2370754","-51,6865607",,"51,25"
MT,BR-242,91,90,1,19/07/2022,"-11,2370754","-51,6865607",,"51,25"
MT,BR-242,90,89,1,19/07/2022,"-11,2370754","-51,6865607",,"47,5"
MT,BR-242,89,88,1,19/07/2022,"-11,2370754","-51,6865607",,"51,25"
MT,BR-242,88,87,1,19/07/2022,"-11,2370754","-51,6865607",,"51,25"
MT,BR-242,87,86,1,19/07/2022,"-11,2370754","-51,6865607",,"51,25"
MT,BR-242,86,85,1,19/07/2022,"-11,2370754","-51,6865607",,55
MT,BR-242,85,84,1,19/07/2022,"-11,2370754","-51,6865607",,50
MT,BR-242,84,83,1,19/07/2022,"-11,2370754","-51,6865607",,50
MT,BR-242,83,82,1,19/07/2022,"-11,2370754","-51,6865607",,"53,75"
MT,BR-242,82,81,1,19/07/2022,"-11,2370754","-51,6865607",,"73,75"
MT,BR-242,81,80,1,19/07/2022,"-11,2370754","-51,6865607",,50
MT,BR-242,80,79,1,19/07/2022,"-11,2370754","-51,6865607",,"53,75"
MT,BR-242,79,78,1,19/07/2022,"-11,2370754","-51,6865607",,"47,5"
MT,BR-242,78,77,1,19/07/2022,"-11,2370754","-51,6865607",,"46,25"
MT,BR-242,77,76,1,19/07/2022,"-11,2370754","-51,6865607",,"63,75"
MT,BR-242,76,75,1,19/07/2022,"-11,2370754","-51,6865607",,"66,25"
MT,BR-242,75,74,1,19/07/2022,"-11,2370754","-51,6865607",,"47,5"
MT,BR-242,74,73,1,19/07/2022,"-11,2370754","-51,6865607",,"47,5"
MT,BR-242,73,72,1,19/07/2022,"-11,2370754","-51,6865607",,"76,25"
MT,BR-242,72,71,1,19/07/2022,"-11,2370754","-51,6865607",,"47,5"
MT,BR-242,71,70,1,19/07/2022,"-11,2370754","-51,6865607",,"66,25"
MT,BR-242,70,69,1,19/07/2022,"-11,2370754","-51,6865607",,"57,5"
MT,BR-242,69,68,1,19/07/2022,"-11,2370754","-51,6865607",,"57,5"
MT,BR-242,68,67,1,19/07/2022,"-11,2370754","-51,6865607",,"57,5"
MT,BR-242,67,66,1,19/07/2022,"-11,2370754","-51,6865607",,55
MT,BR-242,66,65,1,19/07/2022,"-11,2370754","-51,6865607",,"52,5"
MT,BR-242,65,64,1,19/07/2022,"-11,2370754","-51,6865607",,60
MT,BR-242,64,63,1,19/07/2022,"-11,2370754","-51,6865607",,50
MT,BR-242,63,62,1,19/07/2022,"-11,2370754","-51,6865607",,"66,25"
MT,BR-242,62,61,1,19/07/2022,"-11,2370754","-51,6865607",,"57,5"
MT,BR-242,61,60,1,19/07/2022,"-11,2370754","-51,6865607",,"72,5"
MT,BR-242,60,59,1,19/07/2022,"-11,2370754","-51,6865607",,50
MT,BR-242,59,58,1,19/07/2022,"-11,2370754","-51,6865607",,85
MT,BR-242,58,57,1,19/07/2022,"-11,2370754","-51,6865607",,"48,75"
MT,BR-242,57,56,1,19/07/2022,"-11,2370754","-51,6865607",,"51,25"
MT,BR-242,56,55,1,19/07/2022,"-11,2370754","-51,6865607",,"78,75"
MT,BR-242,55,54,1,19/07/2022,"-11,2370754","-51,6865607",,80
MT,BR-242,54,53,1,19/07/2022,"-11,2370754","-51,6865607",,"72,5"
MT,BR-242,53,52,1,19/07/2022,"-11,2370754","-51,6865607",,"58,75"
MT,BR-242,52,51,1,19/07/2022,"-11,2370754","-51,6865607",,"47,5"
MT,BR-242,51,50,1,19/07/2022,"-11,2370754","-51,6865607",,"47,5"
MT,BR-242,50,49,1,19/07/2022,"-11,2370754","-51,6865607",,"57,5"
MT,BR-242,49,48,1,19/07/2022,"-11,2370754","-51,6865607",,"58,75"
MT,BR-242,48,47,1,19/07/2022,"-11,2370754","-51,6865607",,"47,5"
MT,BR-242,47,46,1,19/07/2022,"-11,2370754","-51,6865607",,55
MT,BR-242,46,45,1,19/07/2022,"-11,2370754","-51,6865607",,55
MT,BR-242,45,44,1,19/07/2022,"-11,2370754","-51,6865607",,55
MT,BR-242,44,43,1,19/07/2022,"-11,2370754","-51,6865607",,"83,75"
MT,BR-242,43,42,1,19/07/2022,"-11,2370754","-51,6865607",,"51,25"
MT,BR-242,42,41,1,19/07/2022,"-11,2370754","-51,6865607",,55
MT,BR-242,41,40,1,19/07/2022,"-11,2370754","-51,6865607",,"51,25"
MT,BR-242,40,39,1,19/07/2022,"-11,2370754","-51,6865607",,"51,25"
MT,BR-242,39,38,1,19/07/2022,"-11,2370754","-51,6865607",,"53,75"
MT,BR-242,38,37,1,19/07/2022,"-11,2370754","-51,6865607",,"51,25"
MT,BR-242,37,36,1,19/07/2022,"-11,2370754","-51,6865607",,35
MT,BR-242,36,35,1,19/07/2022,"-11,2370754","-51,6865607",,35
MT,BR-242,35,34,1,19/07/2022,"-11,2370754","-51,6865607",,40
MT,BR-242,34,33,1,19/07/2022,"-11,2370754","-51,6865607",,"58,75"
MT,BR-242,33,32,1,19/07/2022,"-11,2370754","-51,6865607",,40
MT,BR-242,32,31,1,19/07/2022,"-11,2370754","-51,6865607",,45
MT,BR-242,31,30,1,19/07/2022,"-11,2370754","-51,6865607",,35
MT,BR-242,30,29,1,19/07/2022,"-11,2370754","-51,6865607",,40
MT,BR-242,29,28,1,19/07/2022,"-11,2370754","-51,6865607",,"42,5"
MT,BR-242,28,27,1,19/07/2022,"-11,2370754","-51,6865607",,"47,5"
MT,BR-242,27,26,1,19/07/2022,"-11,2370754","-51,6865607",,45
MT,BR-242,26,25,1,19/07/2022,"-11,2370754","-51,6865607",,"42,5"
MT,BR-242,25,24,1,19/07/2022,"-11,2370754","-51,6865607",,40
MT,BR-242,24,23,1,19/07/2022,"-11,2370754","-51,6865607",,"42,5"
MT,BR-242,23,22,1,19/07/2022,"-11,2370754","-51,6865607",,"42,5"
MT,BR-242,22,21,1,19/07/2022,"-11,2370754","-51,6865607",,40
MT,BR-242,21,20,1,19/07/2022,"-11,2370754","-51,6865607",,40
MT,BR-242,20,19,1,19/07/2022,"-11,2370754","-51,6865607",,"42,5"
MT,BR-242,19,18,1,19/07/2022,"-11,2370754","-51,6865607",,"47,5"
MT,BR-242,18,17,1,19/07/2022,"-11,2370754","-51,6865607",,"47,5"
MT,BR-242,17,16,1,19/07/2022,"-11,2370754","-51,6865607",,40
MT,BR-242,16,15,1,19/07/2022,"-11,2370754","-51,6865607",,35
MT,BR-242,15,14,1,19/07/2022,"-11,2370754","-51,6865607",,40
MT,BR-242,14,13,1,19/07/2022,"-11,2370754","-51,6865607",,"43,75"
MT,BR-242,13,12,1,19/07/2022,"-11,2370754","-51,6865607",,40
MT,BR-242,12,11,1,19/07/2022,"-11,2370754","-51,6865607",,40
MT,BR-242,11,10,1,19/07/2022,"-11,2370754","-51,6865607",,40
MT,BR-242,10,9,1,19/07/2022,"-11,2370754","-51,6865607",,"42,5"
MT,BR-242,9,8,1,19/07/2022,"-11,2370754","-51,6865607",,40
MT,BR-242,8,7,1,19/07/2022,"-11,2370754","-51,6865607",,"42,5"
MT,BR-242,7,6,1,19/07/2022,"-11,2370754","-51,6865607",,40
MT,BR-242,6,5,1,19/07/2022,"-11,2370754","-51,6865607",,"42,5"
MT,BR-242,5,4,1,19/07/2022,"-11,2370754","-51,6865607",,0
MT,BR-242,4,3,1,19/07/2022,"-11,2370754","-51,6865607",,0
MT,BR-242,3,2,1,19/07/2022,"-11,2370754","-51,6865607",,0
MT,BR-242,2,1,1,19/07/2022,"-11,2370754","-51,6865607",,0
BA,BR-349,"251,4",252,"0,6",18/07/2022,"-12,2689728","-38,9504326",,75
BA,BR-349,252,253,1,18/07/2022,"-12,2689728","-38,9504326",,75
BA,BR-349,253,254,1,18/07/2022,"-12,2689591","-38,9504139",,"67,5"
BA,BR-349,254,255,1,18/07/2022,"-12,2689591","-38,9504139",,"56,25"
BA,BR-349,255,256,1,18/07/2022,"-12,2689591","-38,9504139",,60
BA,BR-349,256,257,1,18/07/2022,"-12,2689591","-38,9504139",,60
BA,BR-349,257,258,1,18/07/2022,"-12,2689591","-38,9504139",,"16,25"
BA,BR-349,258,259,1,18/07/2022,"-12,2689591","-38,9504139",,"43,75"
BA,BR-349,259,260,1,18/07/2022,"-12,2689591","-38,9504139",,"67,5"
BA,BR-349,260,261,1,18/07/2022,"-12,2689591","-38,9504139",,75
BA,BR-349,261,262,1,18/07/2022,"-12,2689591","-38,9504139",,60
BA,BR-349,262,263,1,18/07/2022,"-12,2689591","-38,9504139",,"53,75"
BA,BR-349,263,264,1,18/07/2022,"-12,2689591","-38,9504139",,"52,5"
BA,BR-349,264,265,1,18/07/2022,"-12,2690029","-38,9504453",,"41,25"
BA,BR-349,265,266,1,18/07/2022,"-12,2690029","-38,9504453",,"72,5"
BA,BR-349,266,267,1,18/07/2022,"-12,2690029","-38,9504453",,75
BA,BR-349,267,268,1,18/07/2022,"-12,2690029","-38,9504453",,"46,25"
BA,BR-349,268,269,1,18/07/2022,"-12,2690029","-38,9504453",,70
BA,BR-349,269,270,1,18/07/2022,"-12,2690029","-38,9504453",,"78,75"
BA,BR-349,270,271,1,18/07/2022,"-12,2690029","-38,9504453",,70
BA,BR-349,271,272,1,18/07/2022,"-12,2690029","-38,9504453",,"73,75"
BA,BR-349,272,273,1,18/07/2022,"-12,2690029","-38,9504453",,"67,5"
BA,BR-349,273,274,1,18/07/2022,"-12,2690029","-38,9504453",,70
BA,BR-349,274,275,1,18/07/2022,"-12,2690029","-38,9504453",,"77,5"
BA,BR-349,275,276,1,18/07/2022,"-12,2690029","-38,9504453",,"81,25"
BA,BR-349,276,277,1,18/07/2022,"-12,2690029","-38,9504453",,85
BA,BR-349,277,278,1,18/07/2022,"-12,2690029","-38,9504453",,85
BA,BR-349,278,279,1,18/07/2022,"-12,2690029","-38,9504453",,85
BA,BR-349,279,280,1,18/07/2022,"-12,2690029","-38,9504453",,"77,5"
BA,BR-349,280,281,1,18/07/2022,"-12,2690029","-38,9504453",,85
BA,BR-349,281,282,1,18/07/2022,"-12,2690029","-38,9504453",,"66,25"
BA,BR-349,282,283,1,18/07/2022,"-12,2690029","-38,9504453",,"51,25"
BA,BR-349,283,284,1,18/07/2022,"-12,2690029","-38,9504453",,70
BA,BR-349,"326,4",327,"0,6",18/07/2022,"-12,2690029","-38,9504453",,75
BA,BR-349,327,328,1,18/07/2022,"-12,2690029","-38,9504453",,75
BA,BR-349,328,329,1,18/07/2022,"-12,2690029","-38,9504453",,75
BA,BR-349,329,330,1,18/07/2022,"-12,2690029","-38,9504453",,"77,5"
BA,BR-349,330,331,1,18/07/2022,"-12,2690029","-38,9504453",,"73,75"
BA,BR-349,331,332,1,18/07/2022,"-12,2690029","-38,9504453",,"52,5"
BA,BR-349,332,333,1,18/07/2022,"-12,2690029","-38,9504453",,"77,5"
BA,BR-349,333,334,1,18/07/2022,"-12,2690029","-38,9504453",,70
BA,BR-349,334,335,1,18/07/2022,"-12,2690029","-38,9504453",,"63,75"
BA,BR-349,335,336,1,18/07/2022,"-12,2690029","-38,9504453",,"52,5"
BA,BR-349,336,337,1,18/07/2022,"-12,2690029","-38,9504453",,"52,5"
BA,BR-349,337,338,1,18/07/2022,"-12,2690029","-38,9504453",,"22,5"
BA,BR-349,338,339,1,18/07/2022,"-12,2690029","-38,9504453",,"52,5"
BA,BR-349,339,340,1,18/07/2022,"-12,2690029","-38,9504453",,"42,5"
BA,BR-349,340,341,1,18/07/2022,"-12,2690029","-38,9504453",,"38,75"
BA,BR-349,341,342,1,18/07/2022,"-12,2690029","-38,9504453",,"18,75"
BA,BR-349,342,343,1,18/07/2022,"-12,2690029","-38,9504453",,"57,5"
BA,BR-349,343,344,1,18/07/2022,"-12,2690029","-38,9504453",,"68,75"
BA,BR-349,344,345,1,18/07/2022,"-12,2690029","-38,9504453",,70
BA,BR-349,345,346,1,18/07/2022,"-12,2690029","-38,9504453",,"36,25"
BA,BR-349,346,347,1,18/07/2022,"-12,2690029","-38,9504453",,"58,75"
BA,BR-349,347,348,1,18/07/2022,"-12,2690029","-38,9504453",,"63,75"
BA,BR-349,348,349,1,18/07/2022,"-12,2690029","-38,9504453",,"68,75"
BA,BR-349,349,350,1,18/07/2022,"-12,2690029","-38,9504453",,50
BA,BR-349,350,351,1,18/07/2022,"-12,2690029","-38,9504453",,"18,75"
BA,BR-349,351,352,1,18/07/2022,"-12,2690029","-38,9504453",,"16,25"
BA,BR-349,352,353,1,18/07/2022,"-12,2690029","-38,9504453",,70
BA,BR-349,353,354,1,18/07/2022,"-12,2690029","-38,9504453",,"27,5"
BA,BR-349,354,355,1,18/07/2022,"-12,2690029","-38,9504453",,"37,5"
BA,BR-349,355,356,1,18/07/2022,"-12,2690029","-38,9504453",,"66,25"
BA,BR-349,356,357,1,19/07/2022,0,0,,45
BA,BR-349,357,358,1,19/07/2022,0,0,,"57,5"
BA,BR-349,358,359,1,19/07/2022,0,0,,"48,75"
BA,BR-349,359,360,1,19/07/2022,"-12,2689732","-38,9504291",,30
BA,BR-349,360,361,1,19/07/2022,"-12,2689732","-38,9504291",,75
BA,BR-349,361,362,1,19/07/2022,"-12,2689732","-38,9504291",,"52,5"
BA,BR-349,362,363,1,19/07/2022,"-12,2689732","-38,9504291",,"46,25"
BA,BR-349,363,364,1,19/07/2022,"-12,2689732","-38,9504291",,"53,75"
BA,BR-349,364,365,1,19/07/2022,"-12,2689732","-38,9504291",,"56,25"
BA,BR-349,365,366,1,19/07/2022,"-12,2689732","-38,9504291",,"33,75"
BA,BR-349,366,367,1,19/07/2022,"-12,2689732","-38,9504291",,"3,75"
BA,BR-349,367,368,1,19/07/2022,"-12,2689732","-38,9504291",,"3,75"
BA,BR-349,368,369,1,19/07/2022,"-12,2689732","-38,9504291",,"16,25"
BA,BR-349,369,370,1,19/07/2022,"-12,2689732","-38,9504291",,30
BA,BR-349,370,371,1,19/07/2022,"-12,2689732","-38,9504291",,"26,25"
BA,BR-349,371,372,1,19/07/2022,"-12,2689732","-38,9504291",,30
BA,BR-349,372,373,1,19/07/2022,"-12,2689732","-38,9504291",,"31,25"
BA,BR-349,373,374,1,19/07/2022,"-12,2689732","-38,9504291",,40
BA,BR-349,374,375,1,19/07/2022,"-12,2689732","-38,9504291",,"37,5"
BA,BR-349,375,376,1,19/07/2022,"-12,2689732","-38,9504291",,"18,75"
BA,BR-349,376,377,1,19/07/2022,"-12,2689732","-38,9504291",,"11,25"
BA,BR-349,377,378,1,19/07/2022,"-12,2689732","-38,9504291",,"27,5"
BA,BR-349,378,379,1,19/07/2022,"-12,2689732","-38,9504291",,40
BA,BR-349,379,380,1,19/07/2022,"-12,2689732","-38,9504291",,"31,25"
BA,BR-349,380,381,1,19/07/2022,"-12,2689732","-38,9504291",,40
BA,BR-349,381,382,1,19/07/2022,"-12,2689732","-38,9504291",,"56,25"
BA,BR-349,382,383,1,19/07/2022,"-12,2689732","-38,9504291",,"58,75"
BA,BR-349,383,384,1,19/07/2022,"-12,2689732","-38,9504291",,"38,75"
BA,BR-349,384,385,1,19/07/2022,"-12,2689732","-38,9504291",,15
BA,BR-349,385,386,1,19/07/2022,"-12,2689732","-38,9504291",,"23,75"
BA,BR-349,386,387,1,19/07/2022,"-12,2689732","-38,9504291",,"26,25"
BA,BR-349,387,388,1,19/07/2022,"-12,2689732","-38,9504291",,"26,25"
BA,BR-349,388,389,1,19/07/2022,"-12,2689732","-38,9504291",,"58,75"
BA,BR-349,389,390,1,19/07/2022,"-12,2689732","-38,9504291",,"56,25"
BA,BR-349,390,391,1,19/07/2022,"-12,2689732","-38,9504291",,"48,75"
BA,BR-349,391,392,1,19/07/2022,"-12,2689732","-38,9504291",,"81,25"
BA,BR-349,392,393,1,19/07/2022,"-12,2689732","-38,9504291",,"67,5"
BA,BR-349,393,394,1,19/07/2022,"-12,2689732","-38,9504291",,45
BA,BR-349,394,395,1,19/07/2022,"-12,2689732","-38,9504291",,"66,25"
BA,BR-349,395,396,1,19/07/2022,"-12,2689732","-38,9504291",,"58,75"
BA,BR-349,396,397,1,19/07/2022,"-12,2689732","-38,9504291",,70
BA,BR-349,397,398,1,19/07/2022,"-12,2689732","-38,9504291",,"71,25"
BA,BR-349,398,399,1,19/07/2022,"-12,2689732","-38,9504291",,"52,5"
BA,BR-349,399,400,1,19/07/2022,"-12,2689732","-38,9504291",,40
BA,BR-349,400,401,1,19/07/2022,"-12,2689732","-38,9504291",,"53,75"
BA,BR-349,401,402,1,19/07/2022,"-12,2689732","-38,9504291",,"46,25"
BA,BR-349,402,403,1,19/07/2022,"-12,2689732","-38,9504291",,"46,25"
BA,BR-330,"642,3",643,"0,7",19/07/2022,"-12,2689686","-38,9504219",,0
BA,BR-330,643,644,1,19/07/2022,"-12,2689686","-38,9504219",,"48,75"
BA,BR-330,644,645,1,19/07/2022,"-12,2689686","-38,9504219",,45
BA,BR-330,645,646,1,19/07/2022,"-12,2689686","-38,9504219",,"46,25"
BA,BR-330,646,647,1,19/07/2022,"-12,2689686","-38,9504219",,"33,75"
BA,BR-330,647,648,1,19/07/2022,"-12,2689686","-38,9504219",,"43,75"
BA,BR-330,648,649,1,19/07/2022,"-12,2689686","-38,9504219",,"31,25"
BA,BR-330,649,650,1,19/07/2022,"-12,2689686","-38,9504219",,"52,5"
BA,BR-330,650,651,1,19/07/2022,"-12,2689686","-38,9504219",,"38,75"
BA,BR-330,651,652,1,19/07/2022,"-12,2689686","-38,9504219",,"43,75"
BA,BR-330,652,653,1,19/07/2022,"-12,2689686","-38,9504219",,"48,75"
BA,BR-330,653,654,1,19/07/2022,"-12,2689686","-38,9504219",,"43,75"
BA,BR-330,654,655,1,19/07/2022,"-12,2689686","-38,9504219",,70
BA,BR-330,655,656,1,19/07/2022,"-12,2689686","-38,9504219",,"71,25"
BA,BR-330,656,657,1,19/07/2022,"-12,2689686","-38,9504219",,"48,75"
BA,BR-330,657,658,1,19/07/2022,"-12,2689686","-38,9504219",,"71,25"
BA,BR-330,658,659,1,19/07/2022,"-12,2689686","-38,9504219",,"42,5"
BA,BR-330,659,660,1,19/07/2022,"-12,2689686","-38,9504219",,50
BA,BR-330,660,661,1,19/07/2022,"-12,2689686","-38,9504219",,"47,5"
BA,BR-330,661,662,1,19/07/2022,"-12,2689686","-38,9504219",,45
BA,BR-330,662,663,1,19/07/2022,"-12,2689686","-38,9504219",,45
BA,BR-330,663,664,1,19/07/2022,"-12,2689686","-38,9504219",,"61,25"
BA,BR-330,664,665,1,19/07/2022,"-12,2689686","-38,9504219",,65
BA,BR-330,665,666,1,19/07/2022,"-12,2689686","-38,9504219",,"78,75"
BA,BR-330,666,667,1,19/07/2022,"-12,2689686","-38,9504219",,"57,5"
BA,BR-330,667,668,1,19/07/2022,"-12,2689686","-38,9504219",,"57,5"
BA,BR-330,668,669,1,19/07/2022,"-12,2689686","-38,9504219",,"78,75"
BA,BR-330,669,670,1,19/07/2022,"-12,2689686","-38,9504219",,"76,25"
BA,BR-330,670,671,1,19/07/2022,"-12,2689686","-38,9504219",,50
BA,BR-330,671,672,1,19/07/2022,"-12,2689686","-38,9504219",,"63,75"
BA,BR-330,672,673,1,19/07/2022,"-12,2689686","-38,9504219",,"52,5"
BA,BR-330,673,674,1,19/07/2022,"-12,2689686","-38,9504219",,"62,5"
BA,BR-330,674,675,1,19/07/2022,"-12,2689686","-38,9504219",,"72,5"
BA,BR-330,675,676,1,19/07/2022,"-12,2689686","-38,9504219",,"58,75"
BA,BR-330,676,677,1,19/07/2022,"-12,2689686","-38,9504219",,"57,5"
BA,BR-330,677,678,1,19/07/2022,"-12,2689686","-38,9504219",,"56,25"
BA,BR-330,678,679,1,19/07/2022,"-12,2689686","-38,9504219",,50
BA,BR-330,679,680,1,19/07/2022,"-12,2689686","-38,9504219",,"56,25"
BA,BR-330,680,681,1,19/07/2022,"-12,2689686","-38,9504219",,"57,5"
BA,BR-330,681,682,1,19/07/2022,"-12,2689686","-38,9504219",,"72,5"
BA,BR-330,682,683,1,19/07/2022,"-12,2689686","-38,9504219",,75
BA,BR-330,683,684,1,19/07/2022,"-12,2689686","-38,9504219",,75
BA,BR-330,684,685,1,19/07/2022,"-12,2689686","-38,9504219",,"71,25"
BA,BR-330,685,686,1,19/07/2022,"-12,2689686","-38,9504219",,"78,75"
BA,BR-330,686,687,1,19/07/2022,"-12,2689686","-38,9504219",,"83,75"
BA,BR-330,687,688,1,19/07/2022,"-12,2689686","-38,9504219",,"77,5"
BA,BR-330,688,689,1,19/07/2022,"-12,2689686","-38,9504219",,65
BA,BR-330,689,690,1,19/07/2022,"-12,2689686","-38,9504219",,60
BA,BR-330,690,691,1,19/07/2022,"-12,2689686","-38,9504219",,75
BA,BR-330,691,692,1,19/07/2022,"-12,2689686","-38,9504219",,80
BA,BR-330,692,693,1,19/07/2022,"-12,2689686","-38,9504219",,"92,5"
BA,BR-330,693,694,1,19/07/2022,"-12,2689686","-38,9504219",,80
BA,BR-030,"770,24",771,"0,76",19/07/2022,"-12,2689686","-38,9504219",,"37,5"
BA,BR-030,771,772,1,19/07/2022,"-12,2689686","-38,9504219",,25
BA,BR-030,772,773,1,19/07/2022,"-12,2689686","-38,9504219",,"27,5"
BA,BR-030,773,774,1,19/07/2022,"-12,2689686","-38,9504219",,"18,75"
BA,BR-030,774,775,1,19/07/2022,"-12,2689686","-38,9504219",,30
BA,BR-030,775,776,1,19/07/2022,"-12,2689686","-38,9504219",,"31,25"
BA,BR-030,776,777,1,19/07/2022,"-12,2689686","-38,9504219",,"18,75"
BA,BR-030,777,778,1,19/07/2022,"-12,2689686","-38,9504219",,30
BA,BR-030,778,779,1,19/07/2022,"-12,2689686","-38,9504219",,"22,5"
BA,BR-030,779,780,1,19/07/2022,"-12,2689686","-38,9504219",,30
BA,BR-030,780,781,1,19/07/2022,"-12,2689686","-38,9504219",,"17,5"
BA,BR-030,781,782,1,19/07/2022,"-12,2689686","-38,9504219",,"23,75"
BA,BR-030,782,783,1,19/07/2022,"-12,2689686","-38,9504219",,"23,75"
BA,BR-030,783,784,1,19/07/2022,"-12,2689686","-38,9504219",,"23,75"
BA,BR-030,784,785,1,19/07/2022,"-12,2689686","-38,9504219",,"43,75"
BA,BR-030,785,786,1,19/07/2022,"-12,2689686","-38,9504219",,"8,75"
BA,BR-030,786,787,1,19/07/2022,"-12,2689686","-38,9504219",,"7,5"
BA,BR-030,787,788,1,19/07/2022,"-12,2689686","-38,9504219",,"18,75"
BA,BR-030,788,789,1,19/07/2022,"-12,2689686","-38,9504219",,"7,5"
BA,BR-030,789,790,1,19/07/2022,"-12,2689686","-38,9504219",,"8,75"
BA,BR-030,790,791,1,19/07/2022,"-12,2689686","-38,9504219",,"8,75"
BA,BR-030,791,792,1,19/07/2022,"-12,2689686","-38,9504219",,"23,75"
BA,BR-030,792,793,1,19/07/2022,"-12,2689686","-38,9504219",,"3,75"
BA,BR-030,793,794,1,19/07/2022,"-12,2689686","-38,9504219",,"17,5"
BA,BR-030,794,795,1,19/07/2022,"-12,2689686","-38,9504219",,"7,5"
BA,BR-030,795,796,1,19/07/2022,"-12,2689686","-38,9504219",,"7,5"
BA,BR-030,796,797,1,19/07/2022,"-12,2689686","-38,9504219",,"2,5"
BA,BR-030,797,798,1,19/07/2022,"-12,2689686","-38,9504219",,"2,5"
BA,BR-030,798,799,1,19/07/2022,"-12,2689686","-38,9504219",,"2,5"
BA,BR-030,799,800,1,19/07/2022,"-12,2689686","-38,9504219",,"7,5"
BA,BR-030,800,801,1,19/07/2022,"-12,2689686","-38,9504219",,"7,5"
BA,BR-030,801,802,1,19/07/2022,"-12,2689686","-38,9504219",,"2,5"
BA,BR-030,802,803,1,19/07/2022,"-12,2689686","-38,9504219",,"26,25"
BA,BR-030,803,804,1,19/07/2022,"-12,2689686","-38,9504219",,"57,5"
BA,BR-030,804,805,1,19/07/2022,"-12,2689686","-38,9504219",,"61,25"
BA,BR-030,805,806,1,19/07/2022,"-12,2689686","-38,9504219",,"51,25"
BA,BR-030,806,807,1,19/07/2022,"-12,2689686","-38,9504219",,"58,75"
BA,BR-030,807,808,1,19/07/2022,"-12,2689686","-38,9504219",,"51,25"
BA,BR-030,808,809,1,19/07/2022,"-12,2689686","-38,9504219",,"43,75"
BA,BR-030,809,810,1,19/07/2022,"-12,2689686","-38,9504219",,"43,75"
BA,BR-030,810,811,1,19/07/2022,"-12,2689686","-38,9504219",,"43,75"
BA,BR-030,811,812,1,19/07/2022,"-12,2689686","-38,9504219",,"32,5"
BA,BR-030,812,813,1,19/07/2022,"-12,2689686","-38,9504219",,65
BA,BR-030,813,814,1,19/07/2022,"-12,2689686","-38,9504219",,"51,25"
BA,BR-030,814,815,1,19/07/2022,"-12,2689686","-38,9504219",,80
BA,BR-030,815,816,1,19/07/2022,"-12,2689686","-38,9504219",,"86,25"
BA,BR-030,816,817,1,19/07/2022,"-12,2689686","-38,9504219",,"78,75"
BA,BR-030,817,818,1,19/07/2022,"-12,2689686","-38,9504219",,70
BA,BR-030,818,819,1,19/07/2022,"-12,2689686","-38,9504219",,75
BA,BR-030,819,820,1,19/07/2022,"-12,2689686","-38,9504219",,"51,25"
BA,BR-030,820,821,1,19/07/2022,"-12,2689686","-38,9504219",,"58,75"
BA,BR-030,821,822,1,19/07/2022,"-12,2689686","-38,9504219",,"62,5"
BA,BR-030,822,823,1,19/07/2022,"-12,2689686","-38,9504219",,"62,5"
BA,BR-030,823,824,1,19/07/2022,"-12,2689686","-38,9504219",,70
BA,BR-030,824,825,1,19/07/2022,"-12,2689686","-38,9504219",,"77,5"
BA,BR-030,825,826,1,19/07/2022,"-12,2689686","-38,9504219",,"82,5"
BA,BR-030,826,827,1,19/07/2022,"-12,2689686","-38,9504219",,"66,25"
BA,BR-030,827,828,1,19/07/2022,"-12,2689686","-38,9504219",,"48,75"
BA,BR-030,828,829,1,19/07/2022,"-12,2689686","-38,9504219",,"42,5"
BA,BR-030,829,830,1,19/07/2022,"-12,2689686","-38,9504219",,"48,75"
BA,BR-030,830,831,1,19/07/2022,"-12,2689686","-38,9504219",,"81,25"
BA,BR-030,831,832,1,19/07/2022,"-12,2689686","-38,9504219",,"82,5"
BA,BR-030,832,833,1,19/07/2022,"-12,2689686","-38,9504219",,"81,25"
BA,BR-030,833,834,1,19/07/2022,"-12,2689686","-38,9504219",,"7,5"
BA,BR-030,834,835,1,19/07/2022,"-12,2689686","-38,9504219",,15
BA,BR-030,835,836,1,19/07/2022,"-12,2689686","-38,9504219",,"7,5"
BA,BR-030,836,837,1,19/07/2022,"-12,2689686","-38,9504219",,"7,5"
BA,BR-030,837,838,1,19/07/2022,"-12,2689686","-38,9504219",,"26,25"
BA,BR-030,838,839,1,19/07/2022,"-12,2689686","-38,9504219",,"23,75"
BA,BR-030,839,840,1,19/07/2022,"-12,2689686","-38,9504219",,"23,75"
BA,BR-030,840,841,1,19/07/2022,"-12,2689686","-38,9504219",,0
BA,BR-030,841,842,1,19/07/2022,"-12,2689686","-38,9504219",,0
BA,BR-030,842,843,1,19/07/2022,"-12,2689686","-38,9504219",,0
BA,BR-030,843,844,1,19/07/2022,"-12,2689686","-38,9504219",,0
BA,BR-030,"724,7",725,"0,3",19/07/2022,"-12,2689686","-38,9504219",,25
BA,BR-030,725,726,1,19/07/2022,"-12,2689686","-38,9504219",,"32,5"
BA,BR-030,726,727,1,19/07/2022,"-12,2689686","-38,9504219",,"28,75"
BA,BR-030,727,728,1,19/07/2022,"-12,2689686","-38,9504219",,"33,75"
BA,BR-030,728,729,1,19/07/2022,"-12,2689686","-38,9504219",,45
BA,BR-030,729,730,1,19/07/2022,"-12,2689686","-38,9504219",,40
BA,BR-030,730,731,1,19/07/2022,"-12,2689686","-38,9504219",,45
BA,BR-030,731,732,1,19/07/2022,"-12,2689686","-38,9504219",,"37,5"
BA,BR-030,732,733,1,19/07/2022,"-12,2689686","-38,9504219",,"81,25"
BA,BR-030,733,734,1,19/07/2022,"-12,2689686","-38,9504219",,80
BA,BR-030,734,735,1,19/07/2022,"-12,2689686","-38,9504219",,"86,25"
BA,BR-030,735,736,1,19/07/2022,"-12,2689686","-38,9504219",,65
BA,BR-030,736,737,1,19/07/2022,"-12,2689686","-38,9504219",,"63,75"
BA,BR-030,737,738,1,19/07/2022,"-12,2689686","-38,9504219",,"62,5"
BA,BR-030,738,739,1,19/07/2022,"-12,2689686","-38,9504219",,60
BA,BR-030,739,740,1,19/07/2022,"-12,2689686","-38,9504219",,"52,5"
BA,BR-030,740,741,1,19/07/2022,"-12,2689686","-38,9504219",,35
BA,BR-030,741,742,1,19/07/2022,"-12,2689686","-38,9504219",,45
BA,BR-030,742,743,1,19/07/2022,"-12,2689686","-38,9504219",,"71,25"
BA,BR-030,743,744,1,19/07/2022,"-12,2689686","-38,9504219",,"42,5"
BA,BR-030,744,745,1,19/07/2022,"-12,2689686","-38,9504219",,"53,75"
BA,BR-030,745,746,1,19/07/2022,"-12,2689686","-38,9504219",,35
BA,BR-030,746,747,1,19/07/2022,"-12,2689686","-38,9504219",,"37,5"
BA,BR-030,747,748,1,19/07/2022,"-12,2689686","-38,9504219",,"33,75"
BA,BR-030,748,749,1,19/07/2022,"-12,2689686","-38,9504219",,55
BA,BR-030,749,750,1,19/07/2022,"-12,2689686","-38,9504219",,"57,5"
BA,BR-030,750,751,1,19/07/2022,"-12,2689686","-38,9504219",,"51,25"
BA,BR-030,751,752,1,19/07/2022,"-12,2689686","-38,9504219",,45
BA,BR-030,752,753,1,19/07/2022,"-12,2689686","-38,9504219",,"31,25"
BA,BR-030,753,754,1,19/07/2022,"-12,2689686","-38,9504219",,30
BA,BR-030,754,755,1,19/07/2022,"-12,2689686","-38,9504219",,"58,75"
BA,BR-030,755,756,1,19/07/2022,"-12,2689686","-38,9504219",,"42,5"
BA,BR-030,756,757,1,19/07/2022,"-12,2689686","-38,9504219",,"42,5"
BA,BR-030,757,758,1,19/07/2022,"-12,2689686","-38,9504219",,"51,25"
BA,BR-030,758,759,1,19/07/2022,"-12,2689686","-38,9504219",,55
BA,BR-030,759,760,1,19/07/2022,"-12,2689686","-38,9504219",,"32,5"
BA,BR-030,760,761,1,19/07/2022,"-12,2689686","-38,9504219",,"32,5"
RR,BR-432,14,15,1,22/07/2022,"0,963391666","-60,4147683",,"36,25"
RR,BR-432,15,16,1,22/07/2022,"0,963391666","-60,4147683",,"36,25"
RR,BR-432,16,17,1,22/07/2022,"0,963391666","-60,4147683",,"51,25"
RR,BR-432,17,18,1,22/07/2022,"0,963391666","-60,4147683",,"51,25"
RR,BR-432,18,19,1,22/07/2022,"0,963391666","-60,4147683",,30
RR,BR-432,19,20,1,22/07/2022,"0,963391666","-60,4147683",,"51,25"
RR,BR-432,20,21,1,22/07/2022,"0,963391666","-60,4147683",,"51,25"
RR,BR-432,21,22,1,22/07/2022,"0,963391666","-60,4147683",,"51,25"
RR,BR-432,22,23,1,22/07/2022,"0,963391666","-60,4147683",,30
RR,BR-432,23,24,1,22/07/2022,"0,963391666","-60,4147683",,"37,5"
RR,BR-432,24,25,1,22/07/2022,"0,963391666","-60,4147683",,"37,5"
RR,BR-432,25,26,1,22/07/2022,"0,963391666","-60,4147683",,"37,5"
RR,BR-432,26,27,1,22/07/2022,"0,963391666","-60,4147683",,"37,5"
RR,BR-432,27,28,1,22/07/2022,"0,963391666","-60,4147683",,"37,5"
RR,BR-432,28,29,1,22/07/2022,"0,963391666","-60,4147683",,"51,25"
RR,BR-432,29,30,1,22/07/2022,"0,963391666","-60,4147683",,"48,75"
RR,BR-432,30,31,1,22/07/2022,"0,963391666","-60,4147683",,"43,75"
RR,BR-432,31,32,1,22/07/2022,"0,963391666","-60,4147683",,"47,5"
RR,BR-432,32,33,1,22/07/2022,"0,963391666","-60,4147683",,"51,25"
RR,BR-432,33,34,1,22/07/2022,"0,963391666","-60,4147683",,45
RR,BR-432,34,35,1,22/07/2022,"0,963391666","-60,4147683",,"51,25"
RR,BR-432,35,36,1,22/07/2022,"0,963391666","-60,4147683",,"51,25"
RR,BR-432,36,37,1,22/07/2022,"0,963391666","-60,4147683",,"37,5"
PE,BR-110,148,149,1,28/07/2022,"-8,5152302","-37,5414037",,"57,5"
PE,BR-110,149,150,1,28/07/2022,"-8,5152302","-37,5414037",,"57,5"
PE,BR-110,150,151,1,28/07/2022,"-8,5152302","-37,5414037",,"32,5"
PE,BR-110,151,152,1,28/07/2022,"-8,5152302","-37,5414037",Poeira Baixa,25
PE,BR-110,152,153,1,28/07/2022,"-8,5152302","-37,5414037",,"32,5"
PE,BR-110,153,154,1,28/07/2022,"-8,5152302","-37,5414037",,"32,5"
PE,BR-110,154,155,1,28/07/2022,"-8,57486761","-37,7398326",,"32,5"
PE,BR-110,155,156,1,28/07/2022,"-8,57486761","-37,7398326",,"32,5"
PE,BR-110,156,157,1,28/07/2022,"-8,57486761","-37,7398326",,"32,5"
PE,BR-110,157,158,1,28/07/2022,"-8,57486761","-37,7398326",,"32,5"
PE,BR-110,158,159,1,28/07/2022,"-8,57486761","-37,7398326",,25
PE,BR-110,159,160,1,28/07/2022,"-8,57486761","-37,7398326",,25
PE,BR-110,160,161,1,28/07/2022,"-8,57486761","-37,7398326",,25
PE,BR-110,161,162,1,28/07/2022,"-8,57486761","-37,7398326",,25
PE,BR-110,162,163,1,28/07/2022,"-8,57486761","-37,7398326",,"32,5"
PE,BR-110,163,164,1,28/07/2022,"-8,57486761","-37,7398326",,"33,75"
PE,BR-110,164,165,1,28/07/2022,"-8,57486761","-37,7398326",,"33,75"
PE,BR-110,165,166,1,28/07/2022,"-8,57486761","-37,7398326",Poeira Média,"26,25"
PE,BR-110,166,167,1,28/07/2022,"-8,57486761","-37,7398326",,"36,25"
PE,BR-110,167,168,1,28/07/2022,"-8,64780967","-37,8199742",,"26,25"
PE,BR-110,168,169,1,28/07/2022,"-8,64780967","-37,8199742",,"33,75"
PE,BR-110,169,170,1,28/07/2022,"-8,64780967","-37,8199742",,"32,5"
PE,BR-110,170,171,1,28/07/2022,"-8,64780967","-37,8199742",,25
PE,BR-110,171,172,1,28/07/2022,"-8,64780967","-37,8199742",,"32,5"
PE,BR-110,172,173,1,28/07/2022,"-8,64780967","-37,8199742",,"17,5"
PE,BR-110,173,174,1,28/07/2022,"-8,64780967","-37,8199742",,"36,25"
PE,BR-110,174,175,1,28/07/2022,"-8,64780967","-37,8199742",,30
PE,BR-110,175,176,1,28/07/2022,"-8,64780967","-37,8199742",,30
PE,BR-110,176,177,1,28/07/2022,"-8,64780967","-37,8199742",,30
PE,BR-110,177,178,1,28/07/2022,"-8,64780967","-37,8199742",,30
PE,BR-110,178,179,1,28/07/2022,"-8,64780967","-37,8199742",,30
PE,BR-110,179,180,1,28/07/2022,"-8,64780967","-37,8199742",,30
PE,BR-110,180,181,1,28/07/2022,"-8,64780967","-37,8199742",,30
PE,BR-110,181,182,1,28/07/2022,"-8,64780967","-37,8199742",,30
PE,BR-110,182,183,1,28/07/2022,"-8,64780967","-37,8199742",,30
PE,BR-110,183,184,1,28/07/2022,"-8,64780967","-37,8199742",,"22,5"
PE,BR-110,184,185,1,28/07/2022,"-8,64780967","-37,8199742",,30
PE,BR-110,185,186,1,28/07/2022,"-8,64780967","-37,8199742",,30
PE,BR-110,186,187,1,28/07/2022,"-8,64780967","-37,8199742",,"22,5"
PE,BR-110,187,188,1,28/07/2022,"-8,64780967","-37,8199742",,"22,5"
PE,BR-110,188,189,1,28/07/2022,"-8,64780967","-37,8199742",,25
PE,BR-110,189,190,1,28/07/2022,"-8,64780967","-37,8199742",,"47,5"
PE,BR-110,190,191,1,28/07/2022,"-8,64780967","-37,8199742",,25
PE,BR-110,191,192,1,28/07/2022,"-8,64780967","-37,8199742",,"17,5"
PE,BR-110,192,193,1,28/07/2022,"-8,64780967","-37,8199742",,"17,5"
PE,BR-110,193,194,1,28/07/2022,"-8,64780967","-37,8199742",,"17,5"
PE,BR-110,194,195,1,28/07/2022,"-8,64780967","-37,8199742",,"18,75"
PE,BR-110,195,196,1,28/07/2022,"-8,64780967","-37,8199742",,"26,25"
PE,BR-110,196,197,1,28/07/2022,"-8,64780967","-37,8199742",,"18,75"
PE,BR-110,197,198,1,28/07/2022,"-8,64780967","-37,8199742",,"18,75"
PE,BR-110,198,199,1,28/07/2022,"-8,64780967","-37,8199742",,"26,25"
PE,BR-110,199,200,1,28/07/2022,"-8,64780967","-37,8199742",,"26,25"
PE,BR-110,200,201,1,28/07/2022,"-8,64780967","-37,8199742",Sem Registro De Panela,"26,25"
PE,BR-110,201,202,1,28/07/2022,"-8,64780967","-37,8199742",,"18,75"
PE,BR-110,202,203,1,28/07/2022,"-8,64780967","-37,8199742",,"18,75"
PE,BR-110,203,204,1,28/07/2022,"-8,64780967","-37,8199742",,"18,75"
PE,BR-110,204,205,1,28/07/2022,"-8,64780967","-37,8199742",,"18,75"
PE,BR-110,205,206,1,28/07/2022,"-8,64780967","-37,8199742",,"18,75"
PE,BR-110,206,207,1,28/07/2022,"-8,64780967","-37,8199742",,"18,75"
PE,BR-110,207,208,1,28/07/2022,"-8,64780967","-37,8199742",,"18,75"
PE,BR-110,208,209,1,28/07/2022,"-8,64780967","-37,8199742",,"18,75"
PE,BR-110,209,210,1,28/07/2022,"-8,64780967","-37,8199742",,"26,25"
PE,BR-110,210,211,1,28/07/2022,"-8,64780967","-37,8199742",,"18,75"
PE,BR-110,211,212,1,28/07/2022,"-8,64780967","-37,8199742",,"26,25"
PE,BR-110,212,213,1,28/07/2022,"-8,64780967","-37,8199742",,"26,25"
PE,BR-110,213,214,1,28/07/2022,"-8,64780967","-37,8199742",,"18,75"
PE,BR-110,214,215,1,28/07/2022,"-8,64780967","-37,8199742",,"26,25"
PE,BR-110,215,216,1,28/07/2022,"-8,64780967","-37,8199742",,"26,25"
PE,BR-110,216,217,1,28/07/2022,"-8,64780967","-37,8199742",,"26,25"
PE,BR-110,217,218,1,28/07/2022,"-8,64780967","-37,8199742",,"26,25"
PE,BR-110,218,219,1,28/07/2022,"-8,64780967","-37,8199742",,"18,75"
PE,BR-110,219,220,1,28/07/2022,"-8,64780967","-37,8199742",,"33,75"
AP,BR-210,"106,2",107,"0,8",22/07/2022,"0,0852385","-51,06206",,"73,75"
AP,BR-210,107,108,1,22/07/2022,"0,70395765","-51,4164544",,"76,25"
AP,BR-210,108,109,1,22/07/2022,"0,70395765","-51,4164544",,"73,75"
AP,BR-210,109,110,1,22/07/2022,"0,70395765","-51,4164544",,"73,75"
AP,BR-210,110,111,1,22/07/2022,"0,70395765","-51,4164544",,"73,75"
AP,BR-210,111,112,1,22/07/2022,"0,70395765","-51,4164544",,"73,75"
AP,BR-210,112,113,1,22/07/2022,"0,70395765","-51,4164544",,"73,75"
AP,BR-210,113,114,1,22/07/2022,"0,70395765","-51,4164544",,"73,75"
AP,BR-210,114,115,1,22/07/2022,"0,70395765","-51,4164544",,"73,75"
AP,BR-210,115,116,1,22/07/2022,"0,66658771","-51,5867283",,"73,75"
AP,BR-210,116,117,1,22/07/2022,"0,66658771","-51,5867283",,"73,75"
AP,BR-210,117,118,1,22/07/2022,"0,66658771","-51,5867283",,"73,75"
AP,BR-210,118,119,1,22/07/2022,"0,66658771","-51,5867283",,"73,75"
AP,BR-210,119,120,1,22/07/2022,"0,66658771","-51,5867283",,"73,75"
AP,BR-210,120,121,1,22/07/2022,"0,66658771","-51,5867283",,"73,75"
AP,BR-210,121,122,1,22/07/2022,"0,66658771","-51,5867283",,"73,75"
AP,BR-210,122,123,1,22/07/2022,"0,66658771","-51,5867283",,"73,75"
AP,BR-210,123,124,1,22/07/2022,"0,66658771","-51,5867283",,"73,75"
AP,BR-210,124,125,1,22/07/2022,"0,66658771","-51,5867283",,"73,75"
AP,BR-210,125,126,1,22/07/2022,"0,66658771","-51,5867283",,"73,75"
AP,BR-210,126,127,1,22/07/2022,"0,66658771","-51,5867283",,"73,75"
AP,BR-210,127,128,1,22/07/2022,"0,66658771","-51,5867283",,"73,75"
AP,BR-210,128,129,1,22/07/2022,"0,66658771","-51,5867283",,"73,75"
AP,BR-210,129,130,1,22/07/2022,"0,66658771","-51,5867283",,"73,75"
AP,BR-210,130,131,1,22/07/2022,"0,66658771","-51,5867283",,"86,25"
AP,BR-210,131,132,1,22/07/2022,"0,66658771","-51,5867283",,"83,75"
AP,BR-210,132,133,1,22/07/2022,"0,62905878","-51,6635046",,"83,75"
AP,BR-210,133,134,1,22/07/2022,"0,62905878","-51,6635046",,"73,75"
AP,BR-210,134,135,1,22/07/2022,"0,61261263","-51,7688972",,"76,25"
AP,BR-210,135,136,1,22/07/2022,"0,64645804","-51,8447704",,"73,75"
AP,BR-210,136,137,1,22/07/2022,"0,68807246","-51,8862911",,"73,75"
AP,BR-210,137,138,1,22/07/2022,"0,68807246","-51,8862911",,"73,75"
AP,BR-210,138,139,1,22/07/2022,"0,72073775","-51,9005125",,"73,75"
AP,BR-210,139,140,1,22/07/2022,"0,72073775","-51,9005125",,"73,75"
AP,BR-210,140,141,1,22/07/2022,"0,73243322","-51,9128793",,"73,75"
AP,BR-210,141,142,1,22/07/2022,"0,73243322","-51,9128793",,"83,75"
AP,BR-210,142,143,1,22/07/2022,"0,73243322","-51,9128793",,"83,75"
AP,BR-210,143,144,1,22/07/2022,"0,73243322","-51,9128793",,"83,75"
AP,BR-210,144,145,1,22/07/2022,"0,73243322","-51,9128793",,"83,75"
AP,BR-210,145,146,1,22/07/2022,"0,73243322","-51,9128793",,"83,75"
AP,BR-210,146,147,1,22/07/2022,"0,73243322","-51,9128793",,"83,75"
AP,BR-210,147,148,1,22/07/2022,"0,80433806","-51,9747514",,"87,5"
AP,BR-210,148,149,1,22/07/2022,"0,80433806","-51,9747514",,"83,75"
AP,BR-210,149,150,1,22/07/2022,"0,80433806","-51,9747514",,"83,75"
AP,BR-210,150,151,1,22/07/2022,"0,80433806","-51,9747514",,"76,25"
AP,BR-210,151,152,1,22/07/2022,"0,80433806","-51,9747514",,"76,25"
AP,BR-210,152,153,1,22/07/2022,"0,80433806","-51,9747514",,"83,75"
AP,BR-210,153,154,1,22/07/2022,"0,82326379","-51,9859361",,"83,75"
AP,BR-210,154,155,1,22/07/2022,"0,82326379","-51,9859361",,"83,75"
AP,BR-210,155,156,1,22/07/2022,"0,82326379","-51,9859361",,"83,75"
AP,BR-210,156,157,1,22/07/2022,"0,82326379","-51,9859361",,"83,75"
AP,BR-210,157,158,1,22/07/2022,"0,82326379","-51,9859361",,"83,75"
AP,BR-210,158,159,1,22/07/2022,"0,82326379","-51,9859361",,"83,75"
AP,BR-210,159,160,1,22/07/2022,"0,82326379","-51,9859361",,"83,75"
AP,BR-210,160,161,1,22/07/2022,"0,82326379","-51,9859361",,"56,25"
AP,BR-210,161,162,1,22/07/2022,"0,82326379","-51,9859361",,"56,25"
AP,BR-210,162,163,1,22/07/2022,"0,82326379","-51,9859361",,"56,25"
AP,BR-210,163,164,1,22/07/2022,"0,82326379","-51,9859361",,"56,25"
AP,BR-210,164,165,1,22/07/2022,"0,82326379","-51,9859361",,"56,25"
AP,BR-210,165,166,1,22/07/2022,"0,82326379","-51,9859361",,"73,75"
AP,BR-210,166,167,1,22/07/2022,"0,82326379","-51,9859361",,"56,25"
AP,BR-210,167,168,1,22/07/2022,"0,82326379","-51,9859361",,"56,25"
AP,BR-210,168,169,1,22/07/2022,"0,82326379","-51,9859361",,"56,25"
AP,BR-210,169,170,1,22/07/2022,"0,82326379","-51,9859361",,"56,25"
AP,BR-210,170,171,1,22/07/2022,"0,85195456","-52,0219386",,"56,25"
AP,BR-210,171,172,1,22/07/2022,"0,85195456","-52,0219386",,"56,25"
AP,BR-210,172,173,1,22/07/2022,"0,85195456","-52,0219386",,"56,25"
AP,BR-210,173,174,1,22/07/2022,"0,85195456","-52,0219386",,"56,25"
AP,BR-210,174,175,1,22/07/2022,"0,85195456","-52,0219386",,"56,25"
AP,BR-210,175,176,1,22/07/2022,"0,85195456","-52,0219386",,"56,25"
AP,BR-210,176,177,1,22/07/2022,"0,85195456","-52,0219386",,"56,25"
AP,BR-210,177,178,1,22/07/2022,"0,85195456","-52,0219386",,"56,25"
AP,BR-210,178,179,1,22/07/2022,"0,85195456","-52,0219386",,"56,25"
AP,BR-210,179,180,1,22/07/2022,"0,85195456","-52,0219386",,"56,25"
AP,BR-210,180,181,1,22/07/2022,"0,85195456","-52,0219386",,"56,25"
AP,BR-210,181,182,1,22/07/2022,"0,85195456","-52,0219386",,"56,25"
AP,BR-210,182,183,1,22/07/2022,"0,85195456","-52,0219386",,"56,25"
AP,BR-210,183,184,1,22/07/2022,"0,85195456","-52,0219386",,"56,25"
AP,BR-210,184,185,1,22/07/2022,"0,85195456","-52,0219386",,"56,25"
AP,BR-210,185,186,1,22/07/2022,"0,85195456","-52,0219386",,"56,25"
AP,BR-210,186,187,1,22/07/2022,"0,85195456","-52,0219386",,"76,25"
AP,BR-210,187,188,1,22/07/2022,"0,85195456","-52,0219386",,"76,25"
AP,BR-210,188,189,1,22/07/2022,"0,85195456","-52,0219386",,"76,25"
AP,BR-210,189,190,1,22/07/2022,"0,85195456","-52,0219386",,"76,25"
AP,BR-210,190,191,1,22/07/2022,"0,85195456","-52,0219386",,"76,25"
AP,BR-210,191,192,1,22/07/2022,"0,85195456","-52,0219386",,"76,25"
AP,BR-210,192,193,1,22/07/2022,"0,85195456","-52,0219386",,"76,25"
AP,BR-210,193,194,1,22/07/2022,"0,85195456","-52,0219386",,"47,5"
AP,BR-210,194,195,1,22/07/2022,"0,85195456","-52,0219386",,"51,25"
AP,BR-210,195,196,1,22/07/2022,"0,85195456","-52,0219386",,"51,25"
AP,BR-210,196,197,1,22/07/2022,"0,85195456","-52,0219386",,"51,25"
AP,BR-210,197,198,1,22/07/2022,"0,85195456","-52,0219386",,"51,25"
AP,BR-210,198,199,1,22/07/2022,"0,87771719","-52,0549552",,"51,25"
AP,BR-210,199,200,1,22/07/2022,"0,87771719","-52,0549552",,"51,25"
AP,BR-210,200,201,1,22/07/2022,"0,87771719","-52,0549552",,"51,25"
AP,BR-210,201,202,1,22/07/2022,"0,88743427","-52,0741319",,"51,25"
AP,BR-210,202,203,1,22/07/2022,"0,88743427","-52,0741319",,"51,25"
AP,BR-210,203,204,1,22/07/2022,"0,88743427","-52,0741319",,"51,25"
AP,BR-210,204,205,1,22/07/2022,"0,90373337","-52,0997527",,"51,25"
AP,BR-210,205,206,1,22/07/2022,"0,90373337","-52,0997527",,"51,25"
AP,BR-210,206,207,1,22/07/2022,"0,90373337","-52,0997527",,"51,25"
AP,BR-210,207,208,1,22/07/2022,"0,90373337","-52,0997527",,"51,25"
AP,BR-210,208,209,1,22/07/2022,"0,90373337","-52,0997527",,"51,25"
AP,BR-210,209,210,1,22/07/2022,"0,90373337","-52,0997527",,"51,25"
AP,BR-210,210,211,1,22/07/2022,"0,90373337","-52,0997527",,"51,25"
AP,BR-210,211,212,1,22/07/2022,"0,90373337","-52,0997527",,"51,25"
AP,BR-210,212,213,1,22/07/2022,"0,90373337","-52,0997527",,"51,25"
AP,BR-210,213,214,1,22/07/2022,"0,90373337","-52,0997527",,"51,25"
AP,BR-210,214,215,1,22/07/2022,"0,90373337","-52,0997527",,"51,25"
AP,BR-210,215,216,1,22/07/2022,"0,9493376","-52,1865486",,"51,25"
AP,BR-210,216,217,1,22/07/2022,"0,9493376","-52,1865486",,"51,25"
AP,BR-210,217,218,1,22/07/2022,"0,9493376","-52,1865486",,"51,25"
AP,BR-210,218,219,1,22/07/2022,"0,9493376","-52,1865486",,"51,25"
AP,BR-210,219,220,1,22/07/2022,"0,9493376","-52,1865486",,"51,25"
AP,BR-210,220,221,1,22/07/2022,"0,9493376","-52,1865486",,45
AP,BR-210,221,222,1,22/07/2022,"0,98758337","-52,1870473",,"51,25"
AP,BR-210,222,223,1,22/07/2022,"0,98758337","-52,1870473",,"51,25"
AP,BR-210,223,224,1,22/07/2022,"0,98758337","-52,1870473",,"57,5"
AP,BR-210,224,225,1,22/07/2022,"0,98758337","-52,1870473",,"57,5"
AP,BR-210,225,226,1,22/07/2022,"1,01466645","-52,2416071",,"57,5"
AP,BR-210,226,227,1,22/07/2022,"1,01466645","-52,2416071",,"51,25"
AP,BR-210,227,228,1,22/07/2022,"1,01466645","-52,2416071",,"51,25"
AP,BR-210,228,229,1,22/07/2022,"1,01466645","-52,2416071",,"56,25"
AP,BR-210,229,230,1,22/07/2022,"1,01466645","-52,2416071",,"51,25"
AP,BR-210,230,231,1,22/07/2022,"1,01823217","-52,2661818",,"51,25"
AP,BR-210,231,232,1,22/07/2022,"1,01823217","-52,2661818",,"51,25"
AP,BR-210,232,233,1,22/07/2022,"1,01823217","-52,2661818",,"51,25"
AP,BR-210,233,234,1,22/07/2022,"1,01823217","-52,2661818",,"51,25"
AP,BR-210,234,235,1,22/07/2022,"1,01823217","-52,2661818",,"57,5"
AP,BR-210,235,236,1,22/07/2022,"1,05805566","-52,3070658",,"51,25"
AP,BR-210,236,237,1,22/07/2022,"1,05805566","-52,3070658",,"51,25"
AP,BR-210,237,238,1,22/07/2022,"1,05805566","-52,3070658",,"51,25"
AP,BR-210,238,239,1,22/07/2022,"1,05805566","-52,3070658",,"51,25"
AP,BR-210,239,240,1,22/07/2022,"1,05805566","-52,3070658",,"51,25"
AP,BR-210,240,241,1,22/07/2022,"1,05805566","-52,3070658",,"51,25"
AP,BR-210,241,242,1,22/07/2022,"1,05805566","-52,3070658",,"51,25"
AP,BR-210,242,243,1,22/07/2022,"1,05805566","-52,3070658",,"51,25"
AP,BR-210,243,244,1,22/07/2022,"1,05805566","-52,3070658",,"51,25"
AP,BR-210,244,245,1,22/07/2022,"1,05805566","-52,3070658",,"51,25"
AP,BR-210,245,246,1,22/07/2022,"1,05805566","-52,3070658",,"57,5"
AP,BR-210,246,247,1,22/07/2022,"1,05805566","-52,3070658",,"51,25"
AP,BR-210,247,248,1,22/07/2022,"1,05805566","-52,3070658",,"51,25"
AP,BR-210,248,249,1,22/07/2022,"1,05805566","-52,3070658",,"52,5"
AP,BR-210,249,250,1,22/07/2022,"1,05805566","-52,3070658",,"61,25"
AP,BR-210,250,251,1,22/07/2022,"1,10397366","-52,425268",,"62,5"
AP,BR-210,251,252,1,22/07/2022,"1,10397366","-52,425268",,"62,5"
AP,BR-210,252,253,1,22/07/2022,"1,10397366","-52,425268",,"57,5"
AP,BR-210,253,254,1,22/07/2022,"1,09681666","-52,458234",,"58,75"
AP,BR-210,254,255,1,22/07/2022,"1,09681666","-52,458234",,70
AP,BR-210,255,256,1,22/07/2022,"1,09681666","-52,458234",,"58,75"
AP,BR-210,256,257,1,22/07/2022,"1,09681666","-52,458234",,"58,75"
AP,BR-210,257,258,1,22/07/2022,"1,09681666","-52,458234",,"51,25"
AP,BR-210,258,259,1,22/07/2022,"1,08533395","-52,4737211",,"57,5"
AP,BR-210,259,260,1,22/07/2022,"1,08533395","-52,4737211",,"58,75"
AP,BR-210,260,261,1,22/07/2022,"1,08533395","-52,4737211",,"58,75"
AP,BR-210,261,262,1,22/07/2022,"1,08533395","-52,4737211",,"51,25"
AP,BR-210,262,263,1,22/07/2022,"1,06166207","-52,5026158",,"58,75"
AP,BR-210,263,264,1,22/07/2022,"1,06166207","-52,5026158",,"57,5"
AP,BR-210,264,265,1,22/07/2022,"1,06338744","-52,5106149",,"58,75"
AP,BR-210,265,266,1,22/07/2022,"1,06338744","-52,5106149",,"51,25"
AP,BR-210,266,267,1,22/07/2022,"1,06338744","-52,5106149",,"61,25"
AP,BR-210,267,268,1,22/07/2022,"1,06308232","-52,5291373",,"58,75"
AP,BR-210,268,269,1,22/07/2022,"1,06308232","-52,5291373",,"51,25"
AP,BR-210,269,270,1,22/07/2022,"1,06308232","-52,5291373",,70
AP,BR-210,270,271,1,22/07/2022,"1,06308232","-52,5291373",,85
AP,BR-210,271,272,1,22/07/2022,"1,06308232","-52,5291373",,"62,5"
AP,BR-210,272,273,1,22/07/2022,"1,06308232","-52,5291373",,"56,25"
AP,BR-210,273,274,1,22/07/2022,"1,06308232","-52,5291373",,"52,5"
AP,BR-210,274,275,1,22/07/2022,"1,06308232","-52,5291373",,"62,5"
AP,BR-210,275,276,1,22/07/2022,"1,06308232","-52,5291373",,"51,25"
AP,BR-210,276,277,1,22/07/2022,"1,10732112","-52,6214276",,"51,25"
AP,BR-210,277,278,1,22/07/2022,"1,10732112","-52,6214276",,"62,5"
AP,BR-210,278,279,1,22/07/2022,"1,10732112","-52,6214276",,"63,75"
AP,BR-210,279,280,1,22/07/2022,"1,10732112","-52,6214276",,"62,5"
AP,BR-210,280,281,1,22/07/2022,"1,10732112","-52,6214276",,"77,5"
AP,BR-210,281,282,1,22/07/2022,"1,10732112","-52,6214276",,"63,75"
AP,BR-210,282,283,1,22/07/2022,"1,10732112","-52,6214276",,"67,5"
AP,BR-210,283,284,1,22/07/2022,"1,14457895","-52,642774",,"67,5"
AP,BR-210,284,285,1,22/07/2022,"1,14457895","-52,642774",,"67,5"
AP,BR-210,285,286,1,22/07/2022,"1,14457895","-52,642774",,"67,5"
AP,BR-210,286,287,1,22/07/2022,"1,14457895","-52,642774",,"67,5"
AP,BR-210,287,288,1,22/07/2022,"1,14457895","-52,642774",,"67,5"
AP,BR-210,288,289,1,22/07/2022,"1,14457895","-52,642774",,"67,5"
AP,BR-210,289,290,1,22/07/2022,"1,14457895","-52,642774",,"67,5"
AP,BR-210,290,291,1,22/07/2022,"1,14457895","-52,642774",,"67,5"
AP,BR-210,291,292,1,22/07/2022,"1,14457895","-52,642774",,"67,5"
AP,BR-210,292,293,1,22/07/2022,"1,14457895","-52,642774",,"67,5"
AP,BR-210,293,294,1,22/07/2022,"1,14457895","-52,642774",,"67,5"
AP,BR-210,294,295,1,22/07/2022,"1,14457895","-52,642774",,"63,75"
AP,BR-210,295,296,1,22/07/2022,"1,14457895","-52,642774",,"61,25"
AP,BR-210,296,297,1,22/07/2022,"1,14457895","-52,642774",,"48,75"
AP,BR-210,297,298,1,22/07/2022,"1,14457895","-52,642774",,"67,5"
AP,BR-210,298,299,1,22/07/2022,"1,17910196","-52,7661697",,"56,25"
AP,BR-210,299,300,1,22/07/2022,"1,17910196","-52,7661697",,"56,25"
AP,BR-210,300,301,1,22/07/2022,"1,17910196","-52,7661697",,"56,25"
AP,BR-210,301,302,1,22/07/2022,"1,17910196","-52,7661697",,"56,25"
AP,BR-210,302,303,1,22/07/2022,"1,17910196","-52,7661697",,"56,25"
AP,BR-210,303,304,1,22/07/2022,"1,17910196","-52,7661697",,"56,25"
AP,BR-210,304,305,1,22/07/2022,"1,17910196","-52,7661697",,"56,25"
AP,BR-210,305,"305,2","0,2",22/07/2022,"1,17910196","-52,7661697",,"56,25"
GO,BR-080,"277,5",278,"0,5",20/07/2022,"-14,2618524","-49,6562095",,"18,75"
GO,BR-080,278,279,1,20/07/2022,"-14,2618524","-49,6562095",,"26,25"
GO,BR-080,279,280,1,20/07/2022,"-14,2618524","-49,6562095",,"26,25"
GO,BR-080,280,281,1,20/07/2022,"-14,2618524","-49,6562095",,"26,25"
GO,BR-080,281,282,1,20/07/2022,"-14,2618524","-49,6562095",,"26,25"
GO,BR-080,282,283,1,20/07/2022,"-14,2618524","-49,6562095",,"26,25"
BA,BR-030,"588,4",589,"0,6",22/07/2022,"-14,1545171","-41,2005339",,75
BA,BR-030,589,590,1,22/07/2022,"-14,165951","-41,1559245",,100
BA,BR-030,590,591,1,22/07/2022,"-14,1658106","-41,1556225",,75
BA,BR-030,591,592,1,22/07/2022,"-14,1656386","-41,1551189",,100
BA,BR-030,592,593,1,22/07/2022,"-14,1655044","-41,1546621",,75
BA,BR-030,593,594,1,22/07/2022,"-14,1654112","-41,1543487",,100
BA,BR-030,594,595,1,22/07/2022,"-14,1668697","-41,1443583",,100
BA,BR-030,595,596,1,22/07/2022,"-14,1671067","-41,1435724",,75
BA,BR-030,596,597,1,22/07/2022,"-14,167762","-41,1425757",,75
BA,BR-030,597,598,1,22/07/2022,"-14,1682765","-41,1408414",,75
BA,BR-030,598,599,1,22/07/2022,"-14,1684765","-41,1403371",,75
BA,BR-030,599,600,1,22/07/2022,"-14,1825441","-41,1178714",,75
BA,BR-030,600,601,1,22/07/2022,"-14,1826873","-41,1171671",,75
BA,BR-030,601,602,1,22/07/2022,"-14,182748","-41,116711",,75
BA,BR-030,602,603,1,22/07/2022,"-14,1825177","-41,1159984",,75
BA,BR-030,603,604,1,22/07/2022,"-14,1820892","-41,1150548",,75
BA,BR-030,604,605,1,22/07/2022,"-14,1820559","-41,1149846",,75
BA,BR-030,605,606,1,22/07/2022,"-14,1816073","-41,1142637",,75
BA,BR-030,606,607,1,22/07/2022,"-14,1808948","-41,1116877",,75
BA,BR-030,607,608,1,22/07/2022,"-14,1809425","-41,1109923",,75
BA,BR-030,608,609,1,22/07/2022,"-14,1810242","-41,1103316",,75
BA,BR-030,609,610,1,22/07/2022,"-14,1809906","-41,109211",,75
BA,BR-030,610,611,1,22/07/2022,"-14,1859797","-41,0843868",,75
BA,BR-030,611,612,1,22/07/2022,"-14,1862745","-41,0835715",,75
BA,BR-030,612,613,1,22/07/2022,"-14,1864435","-41,0830033",,75
BA,BR-030,613,614,1,22/07/2022,"-14,1864095","-41,0830945",,75
BA,BR-030,614,615,1,22/07/2022,"-14,186403","-41,0830964",,75
BA,BR-030,615,616,1,22/07/2022,"-14,1864015","-41,0831028",,75
BA,BR-030,616,617,1,22/07/2022,"-14,1864014","-41,0831057",,75
BA,BR-030,617,618,1,22/07/2022,"-14,1863987","-41,083107",,75
BA,BR-030,618,619,1,22/07/2022,"-14,1863984","-41,0831068",,75
BA,BR-030,619,620,1,22/07/2022,"-14,1902785","-41,070598",,75
BA,BR-030,620,621,1,22/07/2022,"-14,1903653","-41,0705362",,75
BA,BR-030,621,622,1,22/07/2022,"-14,1903364","-41,070506",,75
BA,BR-030,622,623,1,22/07/2022,"-14,1903315","-41,0705033",,75
BA,BR-030,623,624,1,22/07/2022,"-14,1903353","-41,0705023",,75
BA,BR-030,624,625,1,22/07/2022,"-14,1903351","-41,0705017",,75
BA,BR-030,625,626,1,22/07/2022,"-14,1903351","-41,0705017",,75
BA,BR-030,626,627,1,22/07/2022,"-14,1903351","-41,0705015",,75
BA,BR-030,627,628,1,22/07/2022,"-14,1903351","-41,0705014",,75
BA,BR-030,628,629,1,22/07/2022,"-14,1903351","-41,0705014",,75
BA,BR-030,629,630,1,22/07/2022,"-14,1903351","-41,0705013",,75
BA,BR-030,630,631,1,22/07/2022,"-14,1918999","-41,0345842",,75
BA,BR-030,631,632,1,22/07/2022,"-14,1918741","-41,0343539",,100
BA,BR-030,632,633,1,22/07/2022,"-14,1918556","-41,0335689",,100
BA,BR-030,633,634,1,22/07/2022,"-14,1918456","-41,0335185",,100
BA,BR-030,634,635,1,22/07/2022,"-14,1914667","-41,032903",,100
BA,BR-030,635,636,1,22/07/2022,"-14,1919706","-41,0319336",,100
BA,BR-030,636,637,1,22/07/2022,"-14,1922482","-41,0316328",,100
BA,BR-030,637,638,1,22/07/2022,"-14,1924314","-41,030909",,100
BA,BR-030,638,639,1,22/07/2022,"-14,1921348","-41,0299783",,100
BA,BR-030,639,640,1,22/07/2022,"-14,1921144","-41,0299102",,100
BA,BR-030,640,641,1,22/07/2022,"-14,1920218","-41,0288355",,100
BA,BR-030,641,642,1,22/07/2022,"-14,1823427","-41,0067639",,100
BA,BR-030,642,643,1,22/07/2022,"-14,1817473","-41,004996",,100
BA,BR-030,643,644,1,22/07/2022,"-14,1816215","-41,0043762",,100
BA,BR-030,644,645,1,22/07/2022,"-14,1814614","-41,0037175",,100
BA,BR-030,645,646,1,22/07/2022,"-14,1813602","-41,0031235",,100
BA,BR-030,646,647,1,22/07/2022,"-14,1815378","-41,0024079",,100
BA,BR-030,647,648,1,22/07/2022,"-14,1818232","-41,0019547",,100
BA,BR-030,648,649,1,22/07/2022,"-14,1821492","-41,0014257",,100
BA,BR-030,649,650,1,22/07/2022,"-14,1824501","-41,0008738",,100
BA,BR-030,650,651,1,22/07/2022,"-14,1827011","-41,0004415",,100
BA,BR-030,651,652,1,22/07/2022,"-14,1829521","-41,0000119",,100
BA,BR-030,652,653,1,22/07/2022,"-14,183015","-40,9999015",,100
BA,BR-030,653,654,1,22/07/2022,"-14,1890145","-40,9747765",,100
BA,BR-030,654,655,1,22/07/2022,"-14,1892577","-40,9740697",,100
BA,BR-030,655,656,1,22/07/2022,"-14,1895055","-40,9732831",,100
BA,BR-030,656,657,1,22/07/2022,"-14,1896246","-40,9726611",,100
BA,BR-030,657,658,1,22/07/2022,"-14,1898261","-40,9717785",,100
BA,BR-030,658,659,1,22/07/2022,"-14,1898504","-40,9710449",,100
BA,BR-030,659,660,1,22/07/2022,"-14,1898721","-40,9703163",,100
BA,BR-030,660,661,1,22/07/2022,"-14,1900766","-40,9698098",,100
BA,BR-030,661,662,1,22/07/2022,"-14,1902382","-40,9692801",,100
BA,BR-030,662,663,1,22/07/2022,"-14,1901308","-40,9685851",,100
BA,BR-030,663,664,1,22/07/2022,"-14,1886018","-40,9652198",,100
BA,BR-030,664,665,1,22/07/2022,"-14,1885758","-40,9651696",,100
BA,BR-030,665,666,1,22/07/2022,"-14,1883776","-40,9626863",,100
BA,BR-030,666,667,1,22/07/2022,"-14,1883492","-40,9621152",,100
BA,BR-030,667,668,1,22/07/2022,"-14,1883171","-40,9616614",,100
BA,BR-030,668,669,1,22/07/2022,"-14,1882728","-40,9611834",,100
BA,BR-030,669,670,1,22/07/2022,"-14,1882387","-40,9605881",,100
BA,BR-030,670,671,1,22/07/2022,"-14,1881945","-40,9600753",,100
BA,BR-030,671,672,1,22/07/2022,"-14,1881067","-40,959537",,100
BA,BR-030,672,673,1,22/07/2022,"-14,1880835","-40,9593996",,100
BA,BR-030,673,674,1,22/07/2022,"-14,1877047","-40,9569952",,100
BA,BR-030,674,675,1,22/07/2022,"-14,1876799","-40,9563166",,100
BA,BR-030,675,676,1,22/07/2022,"-14,1877511","-40,9557757",,100
BA,BR-030,676,677,1,22/07/2022,"-14,1876985","-40,9552239",,100
BA,BR-030,677,678,1,22/07/2022,"-14,1875692","-40,9543211",,100
BA,BR-030,678,679,1,22/07/2022,"-14,1874051","-40,9537395",,100
BA,BR-030,679,680,1,22/07/2022,"-14,1872799","-40,9527917",,100
BA,BR-030,680,681,1,22/07/2022,"-14,1847594","-40,9357316",,100
BA,BR-030,681,682,1,22/07/2022,"-14,1847542","-40,9357353",,100
BA,BR-030,682,683,1,22/07/2022,"-14,184753","-40,9357411",,100
BA,BR-030,683,684,1,22/07/2022,"-14,1847534","-40,9357435",,100
BA,BR-030,684,685,1,22/07/2022,"-14,1847528","-40,9357437",,100
BA,BR-030,685,686,1,22/07/2022,"-14,1847529","-40,935744",,100
BA,BR-030,686,687,1,22/07/2022,"-14,1847531","-40,9357446",,0
BA,BR-030,687,688,1,22/07/2022,"-14,1847531","-40,9357446",,0
BA,BR-030,688,689,1,22/07/2022,"-14,184753","-40,9357445",,0
BA,BR-030,689,690,1,22/07/2022,"-14,1847529","-40,9357445",,0
BA,BR-030,690,691,1,22/07/2022,"-14,1847529","-40,9357445",,0
BA,BR-030,691,692,1,22/07/2022,"-14,1847527","-40,9357445",,0
BA,BR-030,692,693,1,22/07/2022,"-14,1847527","-40,9357445",,0
BA,BR-030,693,694,1,22/07/2022,"-14,1847528","-40,9357446",,0
BA,BR-030,694,695,1,22/07/2022,"-14,1847528","-40,9357446",,0
BA,BR-030,695,696,1,22/07/2022,"-14,1847528","-40,9357446",,0
BA,BR-030,696,697,1,22/07/2022,"-14,1847524","-40,9357444",,0
BA,BR-030,697,698,1,22/07/2022,"-14,1847527","-40,9357446",,0
BA,BR-030,698,699,1,22/07/2022,"-14,1847529","-40,9357447",,0
BA,BR-030,699,700,1,22/07/2022,"-14,1847529","-40,9357448",,0
BA,BR-030,700,701,1,22/07/2022,"-14,1847525","-40,9357447",,0
BA,BR-030,701,702,1,22/07/2022,"-14,1847525","-40,9357447",,0
BA,BR-030,702,703,1,22/07/2022,"-14,1847525","-40,9357447",,0
BA,BR-030,703,704,1,22/07/2022,"-14,1847525","-40,9357448",,0
BA,BR-030,704,705,1,22/07/2022,"-14,1847527","-40,9357449",,0
BA,BR-135,"205,8",206,"0,2",20/07/2022,"-12,3549516","-44,981875",,10
BA,BR-135,206,207,1,20/07/2022,"-12,3669716","-44,9784466",,"21,25"
BA,BR-135,207,208,1,20/07/2022,"-12,3669716","-44,9784466",,"37,5"
BA,BR-135,208,209,1,20/07/2022,"-12,3669716","-44,9784466",,"31,25"
BA,BR-135,209,210,1,20/07/2022,"-12,3669716","-44,9784466",,"52,5"
BA,BR-135,210,211,1,20/07/2022,"-12,3669716","-44,9784466",,45
BA,BR-135,211,212,1,20/07/2022,"-12,3669716","-44,9784466",,"31,25"
BA,BR-135,212,213,1,20/07/2022,"-12,3669716","-44,9784466",,"52,5"
BA,BR-135,213,214,1,20/07/2022,"-12,3669716","-44,9784466",,"46,25"
BA,BR-135,214,215,1,20/07/2022,"-12,3669716","-44,9784466",,"53,75"
BA,BR-135,215,216,1,20/07/2022,"-12,3669716","-44,9784466",,60
BA,BR-135,216,217,1,20/07/2022,"-12,3669716","-44,9784466",,"52,5"
BA,BR-135,217,218,1,20/07/2022,"-12,3669716","-44,9784466",,"53,75"
BA,BR-135,218,219,1,20/07/2022,"-12,3669716","-44,9784466",,"53,75"
BA,BR-135,219,220,1,20/07/2022,"-12,3669716","-44,9784466",,"61,25"
BA,BR-135,220,221,1,20/07/2022,"-12,3669716","-44,9784466",,"52,5"
BA,BR-135,221,222,1,20/07/2022,"-12,3669716","-44,9784466",,60
BA,BR-135,222,223,1,20/07/2022,"-12,3669716","-44,9784466",,45
BA,BR-135,223,224,1,20/07/2022,"-12,3669716","-44,9784466",,60
BA,BR-135,224,225,1,20/07/2022,"-12,3669716","-44,9784466",,"63,75"
BA,BR-135,225,226,1,20/07/2022,"-12,3669716","-44,9784466",,"31,25"
BA,BR-135,226,227,1,20/07/2022,"-12,3669716","-44,9784466",,"38,75"
BA,BR-135,227,228,1,20/07/2022,"-12,3669716","-44,9784466",,"46,25"
BA,BR-135,"306,5",307,"0,5",20/07/2022,"-13,04436","-44,6223033",,"2,5"
BA,BR-135,307,"307,1","0,1",20/07/2022,"-13,0445116","-44,6222816",,"2,5"
BA,BR-135,"319,8",320,"0,2",20/07/2022,"-13,0482516","-44,6237333",,"36,25"
BA,BR-135,320,321,1,20/07/2022,"-13,0482516","-44,6237333",,55
BA,BR-135,321,"321,2","0,2",20/07/2022,"-13,0482516","-44,6237333",,"51,25"
BA,BR-135,"323,4",324,"0,6",20/07/2022,"-13,182825","-44,61734",,"37,5"
BA,BR-135,324,325,1,20/07/2022,"-13,182825","-44,61734",,"62,5"
BA,BR-135,325,"325,3","0,3",20/07/2022,"-13,182825","-44,61734",,"31,25"
PE,BR-316,"410,9",411,"0,1",28/07/2022,"-8,64780967","-37,8199742",,30
PE,BR-316,411,412,1,28/07/2022,"-8,64780967","-37,8199742",,30
PE,BR-316,412,413,1,28/07/2022,"-8,64780967","-37,8199742",,30
PE,BR-316,413,414,1,28/07/2022,"-8,64780967","-37,8199742",Sem Registro De Poeira,30
PE,BR-316,414,415,1,28/07/2022,"-8,64780967","-37,8199742",,30
PE,BR-316,415,416,1,28/07/2022,"-8,64780967","-37,8199742",,"48,75"
PE,BR-316,416,417,1,28/07/2022,"-8,64780967","-37,8199742",,"48,75"
PE,BR-316,417,418,1,28/07/2022,"-8,64780967","-37,8199742",,"48,75"
PE,BR-316,418,419,1,28/07/2022,"-8,64780967","-37,8199742",,"48,75"
PE,BR-316,419,420,1,28/07/2022,"-8,64780967","-37,8199742",,"42,5"
PE,BR-316,420,421,1,28/07/2022,"-8,64780967","-37,8199742",,30
PE,BR-316,421,422,1,28/07/2022,"-8,64780967","-37,8199742",,"42,5"
PE,BR-316,422,423,1,28/07/2022,"-8,64780967","-37,8199742",,"42,5"
PE,BR-316,423,424,1,28/07/2022,"-8,64780967","-37,8199742",,"42,5"
PE,BR-316,424,425,1,28/07/2022,"-8,64780967","-37,8199742",,30
PE,BR-316,425,426,1,28/07/2022,"-8,64780967","-37,8199742",,30
PE,BR-316,426,427,1,28/07/2022,"-8,64780967","-37,8199742",,"32,5"
PE,BR-316,427,428,1,28/07/2022,"-8,64780967","-37,8199742",,"32,5"
PE,BR-316,428,429,1,28/07/2022,"-8,64780967","-37,8199742",,45
PE,BR-316,429,430,1,28/07/2022,"-8,64780967","-37,8199742",,45
PE,BR-316,430,431,1,28/07/2022,"-8,64780967","-37,8199742",,"32,5"
PE,BR-316,431,432,1,28/07/2022,"-8,64780967","-37,8199742",,"32,5"
PE,BR-316,432,433,1,28/07/2022,"-8,64780967","-37,8199742",,"32,5"
PE,BR-316,433,434,1,28/07/2022,"-8,64780967","-37,8199742",,"32,5"
PE,BR-316,434,435,1,28/07/2022,"-8,64780967","-37,8199742",,"32,5"
RR,BR-210,315,316,1,29/07/2022,0,0,,90
RR,BR-210,316,317,1,29/07/2022,0,0,,"81,25"
RR,BR-210,317,318,1,29/07/2022,0,0,,"83,75"
RR,BR-210,318,319,1,29/07/2022,0,0,,"81,25"
RR,BR-210,319,320,1,29/07/2022,0,0,,"81,25"
RR,BR-210,320,321,1,29/07/2022,0,0,,"68,75"
RR,BR-210,321,322,1,29/07/2022,0,0,,75
RR,BR-210,322,323,1,29/07/2022,0,0,,"78,75"
RR,BR-210,323,324,1,29/07/2022,0,0,,"78,75"
RR,BR-210,324,325,1,29/07/2022,0,0,,75
RR,BR-210,325,326,1,29/07/2022,0,0,,75
RR,BR-210,326,327,1,29/07/2022,0,0,,75
RR,BR-210,327,328,1,29/07/2022,0,0,,75
RR,BR-210,328,329,1,29/07/2022,0,0,,75
RR,BR-210,329,330,1,29/07/2022,0,0,,75
RR,BR-210,330,331,1,29/07/2022,0,0,,75
RR,BR-210,331,332,1,29/07/2022,0,0,,75
RR,BR-210,332,333,1,29/07/2022,0,0,,75
RR,BR-210,333,334,1,29/07/2022,0,0,,75
RR,BR-210,334,335,1,29/07/2022,0,0,,75
RR,BR-210,335,336,1,29/07/2022,0,0,,"78,75"
RR,BR-210,336,337,1,29/07/2022,0,0,,75
RR,BR-210,337,338,1,29/07/2022,0,0,,75
RR,BR-210,338,339,1,29/07/2022,0,0,,75
RR,BR-210,339,340,1,29/07/2022,0,0,,75
RR,BR-210,340,341,1,29/07/2022,0,0,,"78,75"
RR,BR-210,341,342,1,29/07/2022,0,0,,75
RR,BR-401,107,108,1,30/07/2022,"3,3110904","-59,9467498",,"67,5"
RR,BR-401,108,109,1,30/07/2022,"3,321202606","-59,9461903",,60
RR,BR-401,109,110,1,30/07/2022,"3,329672017","-59,9455055",,"67,5"
RR,BR-401,110,111,1,30/07/2022,"3,338348921","-59,9448038",,"58,75"
RR,BR-401,111,112,1,30/07/2022,"3,347808821","-59,9440364",,60
RR,BR-401,112,113,1,30/07/2022,"3,356193532","-59,9433929",,60
RR,BR-401,113,114,1,30/07/2022,"3,36553818","-59,9425909",,"56,25"
RR,BR-401,114,115,1,30/07/2022,"3,374029425","-59,9419368",,"58,75"
RR,BR-401,115,116,1,30/07/2022,"3,383078109","-59,9412572",,"58,75"
RR,BR-401,116,117,1,30/07/2022,"3,391967243","-59,9404682",,"56,25"
RR,BR-401,117,118,1,30/07/2022,"3,400874524","-59,9397905",,"73,75"
RR,BR-401,118,119,1,30/07/2022,"3,409750247","-59,9390841",,"56,25"
RR,BR-401,119,120,1,30/07/2022,"3,418605476","-59,9383389",,60
RR,BR-401,120,121,1,30/07/2022,"3,427746738","-59,9376043",,"53,75"
RR,BR-401,121,122,1,30/07/2022,"3,436200642","-59,9370042",,"56,25"
RR,BR-401,122,123,1,30/07/2022,"3,454658766","-59,9354613",,"56,25"
RR,BR-401,123,124,1,30/07/2022,"3,463523299","-59,9347734",,60
RR,BR-401,124,125,1,30/07/2022,"3,472433555","-59,9341313",,60
RR,BR-401,125,126,1,30/07/2022,"3,481220221","-59,9333996",,"56,25"
RR,BR-401,126,127,1,30/07/2022,"3,490113294","-59,9326065",,60
RR,BR-401,127,128,1,30/07/2022,"3,499035327","-59,9318934",,60
RR,BR-401,128,129,1,30/07/2022,"3,50768038","-59,9311721",,"56,25"
RR,BR-401,129,130,1,30/07/2022,"3,517006295","-59,9304232",,"56,25"
RR,BR-401,130,131,1,30/07/2022,"3,525543138","-59,9295727",,"56,25"
RR,BR-401,131,132,1,30/07/2022,"3,533734646","-59,9248026",,60
RR,BR-401,132,133,1,30/07/2022,"3,540710569","-59,9186327",,"67,5"
RR,BR-401,133,134,1,30/07/2022,"3,54661474","-59,9134432",,60
RR,BR-401,134,135,1,30/07/2022,"3,553717439","-59,9071531",,"67,5"
RR,BR-401,135,136,1,30/07/2022,"3,563049808","-59,8987377",,50
RR,BR-401,136,137,1,30/07/2022,"3,565773004","-59,8943179",,60
RR,BR-401,137,138,1,30/07/2022,"3,569516991","-59,8867303",,60
RR,BR-401,138,139,1,30/07/2022,"3,573397602","-59,8791736",,"56,25"
RR,BR-401,139,140,1,30/07/2022,"3,580361749","-59,8735575",,60
RR,BR-401,140,141,1,30/07/2022,"3,587968074","-59,8678237",,"56,25"
RR,BR-401,141,142,1,30/07/2022,"3,594565889","-59,862822",,"48,75"
RR,BR-401,142,143,1,30/07/2022,"3,602226655","-59,8580048",,60
RR,BR-401,143,144,1,30/07/2022,"3,611726537","-59,856502",,60
RR,BR-401,144,145,1,30/07/2022,"3,619975545","-59,8552839",,"57,5"
RR,BR-401,145,146,1,30/07/2022,"3,628684552","-59,853999",,"56,25"
RR,BR-401,146,147,1,30/07/2022,"3,637378849","-59,8527175",,"48,75"
RR,BR-401,147,148,1,30/07/2022,"3,64713815","-59,8500171",,60
RR,BR-401,148,149,1,30/07/2022,"3,651003884","-59,8455051",,"52,5"
RR,BR-401,149,150,1,30/07/2022,"3,660677438","-59,8409158",,"56,25"
RR,BR-401,150,151,1,30/07/2022,"3,669280917","-59,8375269",,"56,25"
RR,BR-401,151,152,1,30/07/2022,"3,677273187","-59,8343629",,"48,75"
RR,BR-401,152,153,1,30/07/2022,"3,685733168","-59,8310271",,"56,25"
RR,BR-401,153,154,1,30/07/2022,"3,695855825","-59,827031",,"56,25"
RR,BR-401,154,155,1,30/07/2022,"3,704151143","-59,8237651",,50
RR,BR-401,155,156,1,30/07/2022,"3,710270519","-59,8213447",,"53,75"
RR,BR-401,156,157,1,30/07/2022,"3,718766416","-59,8179743",,"56,25"
RR,BR-401,157,158,1,30/07/2022,"3,727298523","-59,8146017",,"46,25"
RR,BR-401,158,159,1,30/07/2022,"3,735612449","-59,8113009",,60
RR,BR-401,159,160,1,30/07/2022,"3,743663057","-59,8071847",,"56,25"
RR,BR-401,160,161,1,30/07/2022,"3,749372432","-59,8007484",,60
RR,BR-401,161,162,1,30/07/2022,"3,755207117","-59,7939315",,60
RR,BR-401,162,163,1,30/07/2022,"3,760235714","-59,7879944",,"56,25"
RR,BR-401,163,164,1,30/07/2022,"3,766581276","-59,78055",,60
RR,BR-401,164,165,1,30/07/2022,"3,772216388","-59,77389",,50
RR,BR-401,165,166,1,30/07/2022,"3,778096544","-59,7669904",,"56,25"
RR,BR-401,166,167,1,30/07/2022,"3,783159549","-59,760999",,"56,25"
RR,BR-401,167,168,1,30/07/2022,"3,790555698","-59,7513693",,"42,5"
RR,BR-401,168,169,1,30/07/2022,"3,794413888","-59,7463232",,"56,25"
RR,BR-401,169,170,1,30/07/2022,"3,802537755","-59,735946",,60
RR,BR-401,170,171,1,30/07/2022,"3,805940556","-59,7319709",,"56,25"
RR,BR-401,171,172,1,30/07/2022,"3,813605597","-59,7229197",,"56,25"
RR,BR-401,172,173,1,30/07/2022,"3,817467349","-59,7184304",,60
RR,BR-401,173,174,1,30/07/2022,"3,821658929","-59,7134945",,"56,25"
RR,BR-401,174,175,1,30/07/2022,"3,823842457","-59,7108785",,"42,5"
RR,BR-401,175,176,1,30/07/2022,"3,84425017","-59,6869613",,"48,75"
RR,BR-401,176,177,1,30/07/2022,"3,846295019","-59,6845624",,"42,5"
RR,BR-401,177,178,1,30/07/2022,"3,846295019","-59,6845624",,"42,5"
PB,BR-434,"19,4",20,"0,6",30/07/2022,"-6,514187","-38,4145609",,"3,75"
PB,BR-434,20,21,1,30/07/2022,"-6,514187","-38,4145609",,"26,25"
PB,BR-434,21,22,1,30/07/2022,"-6,514187","-38,4145609",,"26,25"
PB,BR-434,22,23,1,30/07/2022,"-6,514187","-38,4145609",,"3,75"
PB,BR-434,23,24,1,30/07/2022,"-6,514187","-38,4145609",,"11,25"
PB,BR-434,24,25,1,30/07/2022,"-6,514187","-38,4145609",,"16,25"
PB,BR-434,25,26,1,30/07/2022,"-6,514187","-38,4145609",,"26,25"
PB,BR-434,26,27,1,30/07/2022,"-6,514187","-38,4145609",,"11,25"
PB,BR-434,27,28,1,30/07/2022,"-6,514187","-38,4145609",,"28,75"
PB,BR-434,28,29,1,30/07/2022,"-6,514187","-38,4145609",,"18,75"
PB,BR-434,29,30,1,30/07/2022,"-6,514187","-38,4145609",,"18,75"
PB,BR-434,30,31,1,30/07/2022,"-6,514187","-38,4145609",,20
PB,BR-434,31,32,1,30/07/2022,"-6,514187","-38,4145609",,"23,75"
PB,BR-434,32,33,1,30/07/2022,"-6,514187","-38,4145609",,"28,75"
PB,BR-434,33,34,1,30/07/2022,"-6,514187","-38,4145609",,"18,75"
PB,BR-434,34,"34,4","0,4",30/07/2022,"-6,5190053","-38,4154786",,65
AM,BR-317,"497,16",496,"1,16",20/07/2022,"-9,6578454","-65,7369891",,"3,75"
AM,BR-317,496,495,1,20/07/2022,"-9,6578454","-65,7369891",,5
AM,BR-317,495,494,1,20/07/2022,"-9,6578454","-65,7369891",,5
AM,BR-317,494,493,1,20/07/2022,"-9,6578454","-65,7369891",,5
AM,BR-317,493,492,1,20/07/2022,"-9,6578454","-65,7369891",,5
AM,BR-317,492,491,1,20/07/2022,"-9,6578454","-65,7369891",,"86,25"
AM,BR-317,491,490,1,20/07/2022,"-9,5979047","-67,3280443",,"93,75"
AM,BR-317,490,489,1,20/07/2022,"-9,5979047","-67,3280443",,"93,75"
AM,BR-317,489,488,1,20/07/2022,"-9,5979047","-67,3280443",,"92,5"
AM,BR-317,488,487,1,20/07/2022,"-9,5979047","-67,3280443",,"92,5"
AM,BR-317,487,486,1,20/07/2022,"-9,6578454","-65,7369891",,"92,5"
AM,BR-317,486,485,1,20/07/2022,"-9,6578454","-65,7369891",,5
AM,BR-317,485,484,1,20/07/2022,"-9,6578454","-65,7369891",,"27,5"
AM,BR-317,484,483,1,20/07/2022,"-9,6578454","-65,7369891",,"27,5"
AM,BR-317,483,482,1,20/07/2022,"-9,7589527","-67,3565377",,"37,5"
AM,BR-317,482,481,1,20/07/2022,"-9,7589527","-67,3565377",,"36,25"
AM,BR-317,481,480,1,20/07/2022,"-9,7571893","-67,3580307",,"37,5"
AM,BR-317,480,479,1,20/07/2022,"-9,7571893","-67,3580307",,30
AM,BR-317,479,478,1,20/07/2022,"-9,7571893","-67,3580307",,"26,25"
AM,BR-317,"466,24",465,"1,24",20/07/2022,"-9,754148","-67,3577518",,"32,5"
AM,BR-317,465,464,1,20/07/2022,"-9,754148","-67,3577518",,"32,5"
AM,BR-317,464,463,1,20/07/2022,"-9,6578454","-65,7369891",,40
AM,BR-317,463,462,1,20/07/2022,"-9,6578454","-65,7369891",,"42,5"
AM,BR-317,462,461,1,20/07/2022,"-9,6578454","-65,7369891",,"42,5"
AM,BR-317,461,460,1,20/07/2022,"-9,6578454","-65,7369891",,"32,5"
AM,BR-317,460,459,1,20/07/2022,"-9,6578454","-65,7369891",,40
AM,BR-317,459,458,1,20/07/2022,"-9,6578454","-65,7369891",,"46,25"
AM,BR-317,458,457,1,20/07/2022,"-9,6578454","-65,7369891",,"42,5"
AM,BR-317,457,456,1,20/07/2022,"-9,6578454","-65,7369891",,50
AM,BR-317,456,455,1,20/07/2022,"-9,6578454","-65,7369891",,"32,5"
AM,BR-317,455,454,1,20/07/2022,"-9,6578454","-65,7369891",,"32,5"
AM,BR-317,454,453,1,20/07/2022,"-9,6578454","-65,7369891",,"32,5"
AM,BR-317,453,"452,64","0,36",20/07/2022,"-9,6578454","-65,7369891",,"32,5"