UF,Rodovia,km inicial,km final,Extensão (km),Data,Latitude,Longitude,Observação,ICMNP
,,,,,,,,,
,,,,,,,,,
BA,BR-030,"281,7",280,"1,7",12/04/2022,"-14,2863466","-43,7851433",,40
BA,BR-030,280,279,1,12/04/2022,"-14,2941636","-43,7754458",,40
BA,BR-030,279,278,1,12/04/2022,"-14,2941636","-43,7754458",,"41,25"
BA,BR-030,278,277,1,12/04/2022,"-14,2941636","-43,7754458",,50
BA,BR-030,277,276,1,12/04/2022,"-14,2941636","-43,7754458",,50
BA,BR-030,276,275,1,12/04/2022,"-14,2941636","-43,7754458",,50
BA,BR-030,275,274,1,12/04/2022,"-14,2941636","-43,7754458",,50
BA,BR-030,274,273,1,12/04/2022,"-14,2941636","-43,7754458",,"27,5"
BA,BR-030,273,272,1,12/04/2022,"-14,2941636","-43,7754458",,"42,5"
BA,BR-030,272,271,1,12/04/2022,"-14,2941636","-43,7754458",,50
BA,BR-030,271,270,1,12/04/2022,"-14,2941636","-43,7754458",,50
BA,BR-030,270,269,1,12/04/2022,"-14,2941636","-43,7754458",,50
BA,BR-030,269,268,1,12/04/2022,"-14,2941636","-43,7754458",,50
BA,BR-030,268,267,1,12/04/2022,"-14,2941636","-43,7754458",,50
BA,BR-030,267,266,1,12/04/2022,"-14,2941636","-43,7754458",,"42,5"
BA,BR-030,266,265,1,12/04/2022,"-14,2941636","-43,7754458",,"42,5"
BA,BR-030,265,264,1,12/04/2022,"-14,2941636","-43,7754458",,"42,5"
BA,BR-030,264,263,1,12/04/2022,"-14,2941636","-43,7754458",,35
BA,BR-030,263,262,1,12/04/2022,"-14,2941636","-43,7754458",,"27,5"
BA,BR-030,262,261,1,12/04/2022,"-14,2941636","-43,7754458",,35
BA,BR-030,261,260,1,12/04/2022,"-14,2941636","-43,7754458",,35
BA,BR-030,260,259,1,12/04/2022,"-14,2941636","-43,7754458",,"27,5"
BA,BR-030,259,258,1,12/04/2022,"-14,2941636","-43,7754458",,35
BA,BR-030,258,257,1,12/04/2022,"-14,2941636","-43,7754458",,"27,5"
BA,BR-030,257,256,1,12/04/2022,"-14,2941636","-43,7754458",,20
BA,BR-030,256,255,1,12/04/2022,"-14,2941636","-43,7754458",,35
BA,BR-030,255,254,1,12/04/2022,"-14,2941636","-43,7754458",,"27,5"
BA,BR-030,254,253,1,12/04/2022,"-14,2941636","-43,7754458",,"27,5"
BA,BR-030,253,252,1,12/04/2022,"-14,2941636","-43,7754458",,35
BA,BR-030,252,251,1,12/04/2022,"-14,2941636","-43,7754458",,"27,5"
BA,BR-030,251,250,1,12/04/2022,"-14,2941636","-43,7754458",,"27,5"
BA,BR-030,250,249,1,12/04/2022,"-14,2941636","-43,7754458",,20
BA,BR-030,249,248,1,12/04/2022,"-14,2941636","-43,7754458",,35
BA,BR-030,248,247,1,12/04/2022,"-14,2941636","-43,7754458",,35
BA,BR-030,247,246,1,12/04/2022,"-14,2941636","-43,7754458",,35
BA,BR-030,246,245,1,12/04/2022,"-14,2941636","-43,7754458",,35
BA,BR-030,245,244,1,12/04/2022,"-14,2941636","-43,7754458",,35
BA,BR-030,244,243,1,12/04/2022,"-14,2941636","-43,7754458",,35
BA,BR-030,243,242,1,12/04/2022,"-14,2941636","-43,7754458",,35
BA,BR-030,242,241,1,12/04/2022,"-14,2941636","-43,7754458",,35
BA,BR-030,241,240,1,12/04/2022,"-14,2941636","-43,7754458",,35
BA,BR-030,240,239,1,12/04/2022,"-14,2941636","-43,7754458",,35
BA,BR-030,239,238,1,12/04/2022,"-14,2941636","-43,7754458",,35
PA,BR-230,"1154,6",1155,"0,4",11/04/2022,"-4,2961921","-55,9583198",,"57,5"
PA,BR-230,1155,1156,1,11/04/2022,"-4,2961921","-55,9583198",,75
PA,BR-230,1156,1157,1,11/04/2022,"-4,2961921","-55,9583198",,85
PA,BR-230,1157,1158,1,11/04/2022,"-4,2961921","-55,9583198",,65
PA,BR-230,1158,1159,1,11/04/2022,"-4,2961921","-55,9583198",,"77,5"
PA,BR-230,1159,1160,1,11/04/2022,"-4,2961921","-55,9583198",,60
PA,BR-230,1160,1161,1,11/04/2022,"-4,2961921","-55,9583198",,"91,25"
PA,BR-230,1161,1162,1,11/04/2022,"-4,2961921","-55,9583198",,"87,5"
PA,BR-230,1162,1163,1,11/04/2022,"-4,2961921","-55,9583198",,"87,5"
PA,BR-230,1163,1164,1,11/04/2022,"-4,2961921","-55,9583198",,"88,75"
PA,BR-230,1164,1165,1,11/04/2022,"-4,2961921","-55,9583198",,"77,5"
PA,BR-230,1165,1166,1,11/04/2022,"-4,2961921","-55,9583198",,"81,25"
PA,BR-230,1166,1167,1,11/04/2022,"-4,2961921","-55,9583198",,"81,25"
PA,BR-230,1167,1168,1,11/04/2022,"-4,2961921","-55,9583198",,"81,25"
PA,BR-230,1168,1169,1,11/04/2022,"-4,2961921","-55,9583198",,70
PA,BR-230,1169,1170,1,11/04/2022,"-4,2961921","-55,9583198",,80
PA,BR-230,1170,1171,1,11/04/2022,"-4,2961921","-55,9583198",,80
PA,BR-230,1171,1172,1,11/04/2022,"-4,2961342","-55,9582589",,"93,75"
PA,BR-230,1172,1173,1,11/04/2022,"-4,2961342","-55,9582589",,"83,75"
PA,BR-230,1173,1174,1,11/04/2022,"-4,2961342","-55,9582589",,"91,25"
PA,BR-230,1174,1175,1,11/04/2022,"-4,2961342","-55,9582589",,"88,75"
PA,BR-230,1175,1176,1,11/04/2022,"-4,2961342","-55,9582589",,"73,75"
PA,BR-230,1176,1177,1,11/04/2022,"-4,2961342","-55,9582589",,"77,5"
PA,BR-230,1177,1178,1,11/04/2022,"-4,2961342","-55,9582589",,90
PA,BR-230,1178,1179,1,11/04/2022,"-4,2961342","-55,9582589",,"91,25"
PA,BR-230,1179,1180,1,11/04/2022,"-4,2961342","-55,9582589",,"81,25"
PA,BR-230,1180,1181,1,11/04/2022,"-4,2961342","-55,9582589",,"97,5"
PA,BR-230,1181,1182,1,11/04/2022,"-4,2961342","-55,9582589",,75
PA,BR-230,1182,1183,1,11/04/2022,"-4,2961342","-55,9582589",,95
PA,BR-230,1183,1184,1,11/04/2022,"-4,2961342","-55,9582589",,85
PA,BR-230,1184,1185,1,11/04/2022,"-4,2961342","-55,9582589",,80
PA,BR-230,1185,1186,1,11/04/2022,"-4,2961342","-55,9582589",,80
PA,BR-230,1186,1187,1,11/04/2022,"-4,2961889","-55,9583146",,"97,5"
PA,BR-230,1187,1188,1,11/04/2022,"-4,2961907","-55,9583134",,"77,5"
PA,BR-230,1188,1189,1,11/04/2022,"-4,2961907","-55,9583134",,"78,75"
PA,BR-230,1189,1190,1,11/04/2022,"-4,2961907","-55,9583134",,"82,5"
PA,BR-230,1190,1191,1,11/04/2022,"-4,2961907","-55,9583134",,"76,25"
PA,BR-230,1191,1192,1,11/04/2022,"-4,2961907","-55,9583134",,"88,75"
PA,BR-230,1192,1193,1,11/04/2022,"-4,2961907","-55,9583134",,"83,75"
PA,BR-230,1193,1194,1,11/04/2022,"-4,2961907","-55,9583134",,"86,25"
PA,BR-230,1194,1195,1,11/04/2022,"-4,2961907","-55,9583134",,"83,75"
PA,BR-230,1195,1196,1,11/04/2022,"-4,2961345","-55,9582582",,"83,75"
PA,BR-230,1196,1197,1,11/04/2022,"-4,2961345","-55,9582582",,"83,75"
PA,BR-230,1197,1198,1,11/04/2022,"-4,2961345","-55,9582582",,"97,5"
PA,BR-230,1198,1199,1,11/04/2022,"-4,2961345","-55,9582582",,"97,5"
PA,BR-230,1199,1200,1,11/04/2022,"-4,2961345","-55,9582582",,"63,75"
PA,BR-230,1200,1201,1,11/04/2022,"-4,2961345","-55,9582582",,"63,75"
PA,BR-230,1201,1202,1,11/04/2022,"-4,2961345","-55,9582582",,70
PA,BR-230,1202,1203,1,11/04/2022,"-4,2961345","-55,9582582",,85
PA,BR-230,1203,1204,1,11/04/2022,"-4,2961932","-55,9583195",,"87,5"
PA,BR-230,1204,1205,1,11/04/2022,"-4,2961932","-55,9583195",,80
PA,BR-230,1205,1206,1,11/04/2022,"-4,2961932","-55,9583195",,"81,25"
PA,BR-230,1206,1207,1,11/04/2022,"-4,2961932","-55,9583195",,"83,75"
PA,BR-230,1207,1208,1,11/04/2022,"-4,2961932","-55,9583195",,"83,75"
PA,BR-230,1208,1209,1,11/04/2022,"-4,2961932","-55,9583195",,"66,25"
PA,BR-230,1209,1210,1,11/04/2022,"-4,2961932","-55,9583195",,75
PA,BR-230,1210,1211,1,11/04/2022,"-4,2961932","-55,9583195",,"86,25"
PA,BR-230,1211,1212,1,11/04/2022,"-4,2961932","-55,9583195",,"82,5"
PA,BR-230,1212,1213,1,11/04/2022,"-4,2961932","-55,9583195",,"77,5"
PA,BR-230,1213,1214,1,11/04/2022,"-4,2961932","-55,9583195",,85
PA,BR-230,1214,1215,1,11/04/2022,"-4,2961932","-55,9583195",,"91,25"
PA,BR-230,1215,1216,1,11/04/2022,"-4,2961904","-55,9583186",,"73,75"
PA,BR-230,1216,1217,1,11/04/2022,"-4,2961904","-55,9583186",,"81,25"
PA,BR-230,1217,1218,1,11/04/2022,"-4,2961902","-55,9583192",,85
PA,BR-230,1218,1219,1,11/04/2022,"-4,2961902","-55,9583192",,"82,5"
PA,BR-230,1219,1220,1,11/04/2022,"-4,2961902","-55,9583192",,"83,75"
PA,BR-230,1220,1221,1,11/04/2022,"-4,2961902","-55,9583192",,85
PA,BR-230,1221,1222,1,11/04/2022,"-4,2961902","-55,9583192",,"91,25"
PA,BR-230,1222,1223,1,11/04/2022,"-4,2961902","-55,9583192",,"91,25"
PA,BR-230,1223,1224,1,11/04/2022,"-4,2961902","-55,9583192",,"77,5"
PA,BR-230,1224,1225,1,11/04/2022,"-4,2961902","-55,9583192",,"88,75"
PA,BR-230,1225,1226,1,11/04/2022,"-4,2961902","-55,9583192",,"88,75"
PA,BR-230,1226,1227,1,11/04/2022,"-4,2961902","-55,9583192",,"71,25"
PA,BR-230,1227,1228,1,11/04/2022,"-4,2961902","-55,9583192",,"87,5"
PA,BR-230,1228,1229,1,11/04/2022,"-4,2961902","-55,9583192",,"87,5"
PA,BR-230,1229,1230,1,11/04/2022,"-4,2961902","-55,9583192",,"83,75"
PA,BR-230,1230,1231,1,11/04/2022,"-4,2961902","-55,9583192",,"82,5"
PA,BR-230,1231,1232,1,11/04/2022,"-4,2961902","-55,9583192",,"81,25"
PA,BR-230,1232,1233,1,11/04/2022,"-4,2961902","-55,9583192",,"77,5"
PA,BR-230,1233,1234,1,11/04/2022,"-4,2961902","-55,9583192",,"81,25"
PA,BR-230,1234,1235,1,11/04/2022,"-4,2961907","-55,9583191",,"87,5"
PA,BR-230,1235,1236,1,11/04/2022,"-4,2961907","-55,9583191",,"87,5"
PA,BR-230,1236,1237,1,11/04/2022,"-4,2961907","-55,9583191",,"82,5"
PA,BR-230,1237,1238,1,11/04/2022,"-4,2961907","-55,9583191",,"88,75"
PA,BR-230,1238,1239,1,11/04/2022,"-4,2961907","-55,9583191",,"81,25"
PA,BR-230,1239,1240,1,11/04/2022,"-4,2961907","-55,9583191",,85
PA,BR-230,1240,1241,1,11/04/2022,"-4,2961907","-55,9583191",,"81,25"
PA,BR-230,1241,1242,1,11/04/2022,"-4,2961907","-55,9583191",,"82,5"
PA,BR-230,1242,1243,1,11/04/2022,"-4,2961907","-55,9583191",,"87,5"
PA,BR-230,1243,1244,1,11/04/2022,"-4,2961907","-55,9583191",,85
PA,BR-230,1244,1245,1,11/04/2022,"-4,2961907","-55,9583191",,"91,25"
PA,BR-230,1245,1246,1,11/04/2022,"-4,2961907","-55,9583191",,"83,75"
PA,BR-230,1246,1247,1,11/04/2022,"-4,2961907","-55,9583191",,85
PA,BR-230,1247,1248,1,11/04/2022,"-4,2961907","-55,9583191",,"86,25"
PA,BR-230,1248,1249,1,11/04/2022,"-4,2961921","-55,9583191",,85
PA,BR-230,1249,1250,1,11/04/2022,"-4,2961921","-55,9583191",,"87,5"
PA,BR-230,1250,1251,1,11/04/2022,"-4,2961921","-55,9583191",,"81,25"
PA,BR-230,1251,1252,1,11/04/2022,"-4,2961921","-55,9583191",,"83,75"
PA,BR-230,1252,1253,1,11/04/2022,"-4,2961929","-55,9583191",,"67,5"
PA,BR-230,1253,1254,1,11/04/2022,"-4,2961929","-55,9583191",,"63,75"
PA,BR-230,1254,1255,1,11/04/2022,"-4,2961929","-55,9583191",,85
PA,BR-230,1255,1256,1,11/04/2022,"-4,2961929","-55,9583191",,"83,75"
PA,BR-230,1256,1257,1,11/04/2022,"-4,2961929","-55,9583191",,"87,5"
PA,BR-230,1257,1258,1,11/04/2022,"-4,2961904","-55,9583159",,"78,75"
PA,BR-230,1258,1259,1,11/04/2022,"-4,2961888","-55,9583164",,"77,5"
PA,BR-230,1259,1260,1,11/04/2022,"-4,2961888","-55,9583164",,"81,25"
PA,BR-230,1260,1261,1,11/04/2022,"-4,2961888","-55,9583164",,"91,25"
PA,BR-230,1261,1262,1,11/04/2022,"-4,2961888","-55,9583164",,"91,25"
PA,BR-230,1262,1263,1,11/04/2022,"-4,2961888","-55,9583164",,"83,75"
PA,BR-230,1263,1264,1,11/04/2022,"-4,2961888","-55,9583164",,"91,25"
PA,BR-230,1264,1265,1,11/04/2022,"-4,2961888","-55,9583164",,"81,25"
PA,BR-230,1265,1266,1,11/04/2022,"-4,2961888","-55,9583164",,80
PA,BR-230,1266,1267,1,11/04/2022,"-4,2961888","-55,9583164",,"87,5"
PA,BR-230,1267,1268,1,11/04/2022,"-4,2961345","-55,9582582",,"81,25"
PA,BR-230,1268,1269,1,11/04/2022,"-4,2961345","-55,9582582",,"83,75"
PA,BR-230,1269,1270,1,11/04/2022,"-4,2961345","-55,9582582",,"73,75"
PA,BR-230,1270,1271,1,11/04/2022,"-4,2961345","-55,9582582",,"87,5"
PA,BR-230,1271,1272,1,11/04/2022,"-4,2961345","-55,9582582",,"86,25"
PA,BR-230,1272,1273,1,11/04/2022,"-4,2961345","-55,9582582",,"87,5"
PA,BR-230,1273,1274,1,11/04/2022,"-4,2961345","-55,9582582",,85
PA,BR-230,1274,1275,1,11/04/2022,"-4,2961345","-55,9582582",,"88,75"
PA,BR-230,1275,1276,1,11/04/2022,"-4,2961345","-55,9582582",,"82,5"
PA,BR-230,1276,1277,1,11/04/2022,"-4,2961345","-55,9582582",,80
PA,BR-230,1277,1278,1,11/04/2022,"-4,2961345","-55,9582582",,"87,5"
PA,BR-230,1278,1279,1,11/04/2022,"-4,2961345","-55,9582582",,"77,5"
PA,BR-230,1279,1280,1,11/04/2022,"-4,2961345","-55,9582582",,"91,25"
PA,BR-230,1280,1281,1,11/04/2022,"-4,2961345","-55,9582582",,"91,25"
PA,BR-230,1281,1282,1,11/04/2022,"-4,2961345","-55,9582582",,"91,25"
PA,BR-230,1282,1283,1,11/04/2022,"-4,2961345","-55,9582582",,95
PA,BR-230,1283,1284,1,11/04/2022,"-4,2961345","-55,9582582",,"76,25"
PA,BR-230,1284,1285,1,11/04/2022,"-4,2961345","-55,9582582",,"87,5"
PA,BR-230,1285,1286,1,11/04/2022,"-4,2961345","-55,9582582",,"77,5"
PA,BR-230,1286,1287,1,11/04/2022,"-4,2961345","-55,9582582",,85
PA,BR-230,1287,1288,1,11/04/2022,"-4,2961345","-55,9582582",,85
PA,BR-230,1288,1289,1,11/04/2022,"-4,2961345","-55,9582582",,"83,75"
PA,BR-230,1289,1290,1,11/04/2022,"-4,2961345","-55,9582582",,85
PA,BR-230,1290,1291,1,11/04/2022,"-4,2961345","-55,9582582",,"81,25"
PA,BR-230,1291,1292,1,11/04/2022,"-4,2961923","-55,95832",,"91,25"
PA,BR-230,1292,1293,1,11/04/2022,"-4,2961923","-55,95832",,"77,5"
PA,BR-230,1293,1294,1,11/04/2022,"-4,2961923","-55,95832",,"87,5"
PA,BR-230,1294,1295,1,11/04/2022,"-4,2961923","-55,95832",,"87,5"
PA,BR-230,1295,1296,1,11/04/2022,"-4,2961923","-55,95832",,"77,5"
PA,BR-230,1296,1297,1,11/04/2022,"-4,2961923","-55,95832",,"56,25"
PA,BR-230,1297,1298,1,11/04/2022,"-4,2961897","-55,9583199",,"53,75"
PA,BR-230,1298,1299,1,11/04/2022,"-4,2961897","-55,9583199",,60
PA,BR-230,1299,1300,1,11/04/2022,"-4,2961897","-55,9583199",,"67,5"
PA,BR-230,1300,1301,1,11/04/2022,"-4,2961897","-55,9583199",,"66,25"
PA,BR-230,1301,1302,1,11/04/2022,"-4,2961897","-55,9583199",,"73,75"
PA,BR-230,1302,1303,1,11/04/2022,"-4,2961897","-55,9583199",,85
PA,BR-230,1303,1304,1,11/04/2022,"-4,2961897","-55,9583199",,"58,75"
PA,BR-230,1304,1305,1,11/04/2022,"-4,2961897","-55,9583199",,"73,75"
PA,BR-230,1305,1306,1,11/04/2022,"-4,2961897","-55,9583199",,"63,75"
PA,BR-230,1306,1307,1,11/04/2022,"-4,2961897","-55,9583199",,60
PA,BR-230,1307,1308,1,11/04/2022,"-4,2961897","-55,9583199",,"56,25"
PA,BR-230,1308,1309,1,11/04/2022,"-4,2961897","-55,9583199",,"76,25"
PA,BR-230,1309,1310,1,11/04/2022,"-4,2961897","-55,9583199",,"83,75"
PA,BR-230,1310,1311,1,11/04/2022,"-4,2961897","-55,9583199",,"67,5"
PA,BR-230,1311,1312,1,12/04/2022,"-4,2961897","-55,9583199",,80
PA,BR-230,1312,1313,1,12/04/2022,"-4,2961839","-55,9583149",,"76,25"
PA,BR-230,1313,1314,1,12/04/2022,"-4,2961745","-55,9583271",,65
PA,BR-230,1314,1315,1,12/04/2022,"-4,2961745","-55,9583271",,"83,75"
PA,BR-230,1315,1316,1,12/04/2022,"-4,2961745","-55,9583271",,"87,5"
PA,BR-230,1316,1317,1,12/04/2022,"-4,2961745","-55,9583271",,90
PA,BR-230,1317,1318,1,12/04/2022,"-4,2961745","-55,9583271",,"83,75"
PA,BR-230,1318,1319,1,12/04/2022,"-4,2961745","-55,9583271",,"83,75"
PA,BR-230,1319,1320,1,12/04/2022,"-4,2961745","-55,9583271",,"91,25"
PA,BR-230,1320,1321,1,12/04/2022,"-4,2961745","-55,9583271",,"87,5"
PA,BR-230,1321,1322,1,12/04/2022,"-4,2961745","-55,9583271",,95
PA,BR-230,1322,1323,1,12/04/2022,"-4,2961745","-55,9583271",,80
PA,BR-230,1323,1324,1,12/04/2022,"-4,2961745","-55,9583271",,"76,25"
PA,BR-230,1324,1325,1,12/04/2022,"-4,2961745","-55,9583271",,"91,25"
PA,BR-230,1325,1326,1,12/04/2022,"-4,2961745","-55,9583271",,"77,5"
PA,BR-230,1326,1327,1,12/04/2022,"-4,2961745","-55,9583271",,"83,75"
PA,BR-230,1327,1328,1,12/04/2022,"-4,2961745","-55,9583271",,"83,75"
PA,BR-230,1328,1329,1,12/04/2022,"-4,2961745","-55,9583271",,"87,5"
PA,BR-230,1329,1330,1,12/04/2022,"-4,2961745","-55,9583271",,90
PA,BR-230,1330,1331,1,12/04/2022,"-4,2961745","-55,9583271",,"87,5"
PA,BR-230,1331,1332,1,12/04/2022,"-4,2961867","-55,958314",,"81,25"
PA,BR-230,1332,1333,1,12/04/2022,"-4,2961867","-55,958314",,90
PA,BR-230,1333,1334,1,12/04/2022,"-4,2961867","-55,958314",,"83,75"
PA,BR-230,1334,1335,1,12/04/2022,"-4,2961867","-55,958314",,"97,5"
PA,BR-230,1335,1336,1,12/04/2022,"-4,2961867","-55,958314",,80
PA,BR-230,1336,1337,1,12/04/2022,"-4,2961867","-55,958314",,"91,25"
PA,BR-230,1337,1338,1,12/04/2022,"-4,2961867","-55,958314",,"91,25"
PA,BR-230,1338,1339,1,12/04/2022,"-4,2961867","-55,958314",,"87,5"
PA,BR-230,1339,1340,1,12/04/2022,"-4,2961867","-55,958314",,"83,75"
PA,BR-230,1340,1341,1,12/04/2022,"-4,2961867","-55,958314",,90
PA,BR-230,1341,1342,1,12/04/2022,"-4,2961867","-55,958314",,"83,75"
PA,BR-230,1342,1343,1,12/04/2022,"-4,2961831","-55,9583189",,"91,25"
PA,BR-230,1343,1344,1,12/04/2022,"-4,2961831","-55,9583189",,"91,25"
PA,BR-230,1344,1345,1,12/04/2022,"-4,2961831","-55,9583189",,"87,5"
PA,BR-230,1345,1346,1,12/04/2022,"-4,2961829","-55,9583156",,"76,25"
PA,BR-230,1346,1347,1,12/04/2022,"-4,2961829","-55,9583156",,"87,5"
PA,BR-230,1347,1348,1,12/04/2022,"-4,2961829","-55,9583156",,"87,5"
PA,BR-230,1348,1349,1,12/04/2022,"-4,2961829","-55,9583156",,"83,75"
PA,BR-230,1349,1350,1,12/04/2022,"-4,2961829","-55,9583156",,"91,25"
PA,BR-230,1350,1351,1,12/04/2022,"-4,2961829","-55,9583156",,95
PA,BR-230,1351,1352,1,12/04/2022,"-4,2961829","-55,9583156",,"83,75"
PA,BR-230,1352,1353,1,12/04/2022,"-4,2961829","-55,9583156",,"87,5"
PA,BR-230,1353,1354,1,12/04/2022,"-4,2961829","-55,9583156",,"91,25"
PA,BR-230,1354,1355,1,12/04/2022,"-4,2961829","-55,9583156",,"87,5"
PA,BR-230,1355,1356,1,12/04/2022,"-4,2961829","-55,9583156",,"87,5"
PA,BR-230,1356,1357,1,12/04/2022,"-4,2961829","-55,9583156",,"93,75"
PA,BR-230,1357,1358,1,12/04/2022,"-4,2961829","-55,9583156",,80
PA,BR-230,1358,1359,1,12/04/2022,"-4,2961829","-55,9583156",,"87,5"
PA,BR-230,1359,1360,1,12/04/2022,"-4,2961829","-55,9583156",,"87,5"
PA,BR-230,1360,1361,1,12/04/2022,"-4,2961829","-55,9583156",,"87,5"
PA,BR-230,1361,1362,1,12/04/2022,"-4,2961829","-55,9583156",,90
PA,BR-230,1362,1363,1,12/04/2022,"-4,2961829","-55,9583156",,"83,75"
PA,BR-230,1363,1364,1,12/04/2022,"-4,2961829","-55,9583156",,"91,25"
PA,BR-230,1364,1365,1,12/04/2022,"-4,2961829","-55,9583156",,"83,75"
PA,BR-230,1365,1366,1,12/04/2022,"-4,2961777","-55,9583218",,95
PA,BR-230,1366,1367,1,12/04/2022,"-4,2961777","-55,9583218",,"87,5"
PA,BR-230,1367,1368,1,12/04/2022,"-4,2961777","-55,9583218",,"87,5"
PA,BR-230,1368,1369,1,12/04/2022,"-4,2961777","-55,9583218",,"73,75"
PA,BR-230,1369,1370,1,12/04/2022,"-4,2961777","-55,9583218",,"81,25"
PA,BR-230,1370,1371,1,12/04/2022,"-4,2961777","-55,9583218",,"87,5"
PA,BR-230,1371,1372,1,12/04/2022,"-4,2961777","-55,9583218",,"83,75"
PA,BR-230,1372,1373,1,12/04/2022,"-4,2961777","-55,9583218",,"88,75"
PA,BR-230,1373,1374,1,12/04/2022,"-4,2961777","-55,9583218",,"83,75"
PA,BR-230,1374,1375,1,12/04/2022,"-4,2961777","-55,9583218",,"86,25"
PA,BR-230,1375,1376,1,12/04/2022,"-4,2961777","-55,9583218",,"91,25"
PA,BR-230,1376,1377,1,12/04/2022,"-4,2961777","-55,9583218",,"83,75"
PA,BR-230,1377,1378,1,12/04/2022,"-4,2961777","-55,9583218",,80
PA,BR-230,1378,1379,1,12/04/2022,"-4,2961777","-55,9583218",,"87,5"
PA,BR-230,1379,1380,1,12/04/2022,"-4,2961777","-55,9583218",,"91,25"
PA,BR-230,1380,1381,1,12/04/2022,"-4,2961777","-55,9583218",,"87,5"
PA,BR-230,1381,1382,1,12/04/2022,"-4,296183","-55,958307",,"83,75"
PA,BR-230,1382,1383,1,12/04/2022,"-4,2961829","-55,958307",,"91,25"
PA,BR-230,1383,1384,1,12/04/2022,"-4,2961829","-55,958307",,"93,75"
PA,BR-230,1384,1385,1,12/04/2022,"-4,2961829","-55,958307",,"83,75"
PA,BR-230,1385,1386,1,12/04/2022,"-4,2961829","-55,958307",,"91,25"
PA,BR-230,1386,1387,1,12/04/2022,"-4,2961835","-55,9583068",,"97,5"
PA,BR-230,1387,1388,1,12/04/2022,"-4,2961835","-55,9583068",,"91,25"
PA,BR-230,1388,1389,1,12/04/2022,"-4,2961835","-55,9583068",,"87,5"
PA,BR-230,1389,1390,1,12/04/2022,"-4,2961835","-55,9583068",,85
PA,BR-230,1390,1391,1,12/04/2022,"-4,2961835","-55,9583068",,"73,75"
PA,BR-230,1391,1392,1,12/04/2022,"-4,2961835","-55,9583068",,80
PA,BR-230,1392,1393,1,12/04/2022,"-4,2961853","-55,9583049",,85
PA,BR-230,1393,1394,1,12/04/2022,"-4,2961853","-55,9583049",,"81,25"
PA,BR-230,1394,1395,1,12/04/2022,"-4,2961849","-55,9583053",,"87,5"
PA,BR-230,1395,1396,1,12/04/2022,"-4,2961849","-55,9583053",,"91,25"
PA,BR-230,1396,1397,1,12/04/2022,"-4,2961849","-55,9583053",,"82,5"
PA,BR-230,1397,1398,1,12/04/2022,"-4,2961849","-55,9583053",,"87,5"
PA,BR-230,1398,1399,1,12/04/2022,"-4,2961849","-55,9583053",,"83,75"
PA,BR-230,1399,1400,1,12/04/2022,"-4,2961849","-55,9583053",,"83,75"
PA,BR-230,1400,1401,1,12/04/2022,"-4,2961843","-55,958306",,90
PA,BR-230,1401,1402,1,12/04/2022,"-4,2961843","-55,958306",,"77,5"
PA,BR-230,1402,1403,1,12/04/2022,"-4,2961843","-55,958306",,"76,25"
PA,BR-230,1403,1404,1,12/04/2022,"-4,2961843","-55,958306",,"77,5"
PA,BR-230,1404,1405,1,12/04/2022,"-4,2961843","-55,958306",,"91,25"
PA,BR-230,1405,1406,1,12/04/2022,"-4,2961843","-55,958306",,"83,75"
PA,BR-230,1406,1407,1,12/04/2022,"-4,2961843","-55,958306",,"83,75"
PA,BR-230,1407,1408,1,12/04/2022,"-4,2961843","-55,958306",,70
PA,BR-230,1408,1409,1,12/04/2022,"-4,2961843","-55,958306",,"77,5"
PA,BR-230,1409,1410,1,12/04/2022,"-4,2961843","-55,958306",,"77,5"
PA,BR-230,1410,1411,1,12/04/2022,"-4,2961843","-55,958306",,"87,5"
PA,BR-230,1411,1412,1,12/04/2022,"-4,2961843","-55,958306",,"82,5"
PA,BR-230,1412,1413,1,12/04/2022,"-4,2961843","-55,958306",,"91,25"
PA,BR-230,1413,1414,1,12/04/2022,"-4,2961843","-55,958306",,"83,75"
PA,BR-230,1414,1415,1,12/04/2022,"-4,2961854","-55,9583053",,"83,75"
PA,BR-230,1415,1416,1,12/04/2022,"-4,2961854","-55,9583053",,"91,25"
PA,BR-230,1416,1417,1,12/04/2022,"-4,2961854","-55,9583053",,"82,5"
PA,BR-230,1417,1418,1,12/04/2022,"-4,2961854","-55,9583053",,95
PA,BR-230,1418,1419,1,12/04/2022,"-4,296186","-55,9583045",,80
PA,BR-230,1419,1420,1,12/04/2022,"-4,296186","-55,9583045",,"62,5"
PA,BR-230,1420,1421,1,12/04/2022,"-4,296186","-55,9583045",,"78,75"
PA,BR-230,1421,1422,1,12/04/2022,"-4,296186","-55,9583045",,"91,25"
PA,BR-230,1422,1423,1,12/04/2022,"-4,2961802","-55,9583111",,"87,5"
PA,BR-230,1423,1424,1,12/04/2022,"-4,2961802","-55,9583111",,90
PA,BR-230,1424,1425,1,12/04/2022,"-4,296184","-55,9583061",,"91,25"
PA,BR-230,1425,1426,1,12/04/2022,"-4,296184","-55,9583061",,"81,25"
PA,BR-230,1426,1427,1,12/04/2022,"-4,296184","-55,9583061",,"87,5"
PA,BR-230,1427,1428,1,12/04/2022,"-4,296184","-55,9583061",,"81,25"
PA,BR-230,1428,1429,1,12/04/2022,"-4,296184","-55,9583061",,"81,25"
PA,BR-230,1429,1430,1,12/04/2022,"-4,296184","-55,9583061",,"81,25"
PA,BR-230,1430,1431,1,12/04/2022,"-4,296184","-55,9583061",,"91,25"
PA,BR-230,1431,1432,1,12/04/2022,"-4,296184","-55,9583061",,80
PA,BR-230,1432,1433,1,12/04/2022,"-4,296184","-55,9583061",,"91,25"
PA,BR-230,1433,1434,1,12/04/2022,"-4,296184","-55,9583061",,"87,5"
PA,BR-230,1434,1435,1,12/04/2022,"-4,296184","-55,9583061",,"91,25"
PA,BR-230,1435,1436,1,12/04/2022,"-4,296184","-55,9583061",,"83,75"
PA,BR-230,1436,1437,1,12/04/2022,"-4,296184","-55,9583061",,"83,75"
PA,BR-230,1437,1438,1,12/04/2022,"-4,296184","-55,9583061",,"86,25"
PA,BR-230,1438,1439,1,12/04/2022,"-4,296184","-55,9583061",,"83,75"
PA,BR-230,1439,1440,1,12/04/2022,"-4,296184","-55,9583061",,"91,25"
PA,BR-230,1440,1441,1,12/04/2022,"-4,296184","-55,9583061",,"91,25"
PA,BR-230,1441,1442,1,12/04/2022,"-4,296184","-55,9583061",,"91,25"
PA,BR-230,1442,1443,1,12/04/2022,"-4,296184","-55,9583061",,"91,25"
PA,BR-230,1443,1444,1,12/04/2022,"-4,296184","-55,9583061",,"83,75"
PA,BR-230,1444,1445,1,12/04/2022,"-4,296184","-55,9583061",,"91,25"
PA,BR-230,1445,1446,1,12/04/2022,"-4,2961841","-55,9583061",,"87,5"
PA,BR-230,1446,1447,1,12/04/2022,"-4,2961841","-55,9583061",,"91,25"
PA,BR-230,1447,1448,1,12/04/2022,"-4,2961841","-55,9583061",,"83,75"
PA,BR-230,1448,1449,1,12/04/2022,"-4,2961841","-55,9583061",,"83,75"
PA,BR-230,1449,1450,1,12/04/2022,"-4,2961841","-55,9583061",,"83,75"
PA,BR-230,1450,1451,1,12/04/2022,"-4,2961841","-55,9583061",,"87,5"
PA,BR-230,1451,1452,1,12/04/2022,"-4,2961841","-55,9583061",,"77,5"
PA,BR-230,1452,1453,1,12/04/2022,"-4,2961841","-55,9583061",,"77,5"
PA,BR-230,1453,1454,1,12/04/2022,"-4,2961841","-55,9583061",,"91,25"
PA,BR-230,1454,1455,1,12/04/2022,"-4,2961841","-55,9583061",,"87,5"
PA,BR-230,1455,1456,1,12/04/2022,"-4,2961841","-55,9583061",,"83,75"
PA,BR-230,1456,1457,1,12/04/2022,"-4,2961812","-55,9583067",,"77,5"
PA,BR-230,1457,1458,1,12/04/2022,"-4,2961812","-55,9583067",,80
PA,BR-230,1458,1459,1,12/04/2022,"-4,2961812","-55,9583067",,"83,75"
PA,BR-230,1459,1460,1,12/04/2022,"-4,2961812","-55,9583067",,"83,75"
PA,BR-230,1460,1461,1,12/04/2022,"-4,2961812","-55,9583067",,"83,75"
PA,BR-230,1461,1462,1,12/04/2022,"-4,2961812","-55,9583067",,"87,5"
PA,BR-230,1462,1463,1,12/04/2022,"-4,2961812","-55,9583067",,"83,75"
PA,BR-230,1463,1464,1,12/04/2022,"-4,2961812","-55,9583067",,"83,75"
PA,BR-230,1464,1465,1,12/04/2022,"-4,2961812","-55,9583067",,"83,75"
PA,BR-230,1465,1466,1,12/04/2022,"-4,2961812","-55,9583067",,"83,75"
PA,BR-230,1466,1467,1,12/04/2022,"-4,2961812","-55,9583067",,"91,25"
PA,BR-230,1467,1468,1,12/04/2022,"-4,2961812","-55,9583067",,"83,75"
PA,BR-230,1468,1469,1,12/04/2022,"-4,2961812","-55,9583067",,"83,75"
PA,BR-230,1469,1470,1,12/04/2022,"-4,2961812","-55,9583067",,"83,75"
PA,BR-230,1470,1471,1,12/04/2022,"-4,2961812","-55,9583067",,"87,5"
PA,BR-230,1471,1472,1,12/04/2022,"-4,2961812","-55,9583067",,"83,75"
PA,BR-230,1472,1473,1,12/04/2022,"-4,2961812","-55,9583067",,"83,75"
PA,BR-230,1473,1474,1,12/04/2022,"-4,2961812","-55,9583067",,"91,25"
PA,BR-230,1474,1475,1,12/04/2022,"-4,2961812","-55,9583067",,"83,75"
PA,BR-230,1475,1476,1,12/04/2022,"-4,2961812","-55,9583067",,"83,75"
PA,BR-230,1476,1477,1,12/04/2022,"-4,2961812","-55,9583067",,"83,75"
PA,BR-230,1477,1478,1,12/04/2022,"-4,2961812","-55,9583067",,80
PA,BR-230,1478,1479,1,12/04/2022,"-4,2961812","-55,9583067",,"86,25"
PA,BR-230,1479,1480,1,12/04/2022,"-4,2961812","-55,9583067",,"83,75"
PA,BR-230,1480,1481,1,12/04/2022,"-4,2961812","-55,9583067",,"83,75"
PA,BR-230,1481,1482,1,12/04/2022,"-4,2961812","-55,9583067",,"83,75"
PA,BR-230,1482,1483,1,12/04/2022,"-4,2961812","-55,9583067",,"83,75"
PA,BR-230,1483,1484,1,12/04/2022,"-4,2961812","-55,9583067",,"91,25"
PA,BR-230,1484,1485,1,12/04/2022,"-4,2961812","-55,9583067",,"83,75"
PA,BR-230,1485,1486,1,12/04/2022,"-4,293027","-55,9628703",,"83,75"
PA,BR-230,1486,1487,1,12/04/2022,"-4,2930373","-55,9628742",,"83,75"
PA,BR-230,1487,1488,1,12/04/2022,"-4,2930373","-55,9628742",,"83,75"
PA,BR-230,1488,1489,1,12/04/2022,"-4,2930373","-55,9628742",,"83,75"
PA,BR-230,1489,1490,1,12/04/2022,"-4,2930373","-55,9628742",,"83,75"
PA,BR-230,1490,1491,1,12/04/2022,"-4,2928267","-55,9627684",,"83,75"
PA,BR-230,1491,1492,1,12/04/2022,"-4,2928267","-55,9627684",,"76,25"
PA,BR-230,1492,1493,1,12/04/2022,"-4,2928267","-55,9627684",,"91,25"
PA,BR-230,1493,1494,1,12/04/2022,"-4,2928267","-55,9627684",,"87,5"
PA,BR-230,1494,1495,1,12/04/2022,"-4,2928267","-55,9627684",,"76,25"
PA,BR-230,1495,1496,1,12/04/2022,"-4,2928267","-55,9627684",,"83,75"
PA,BR-230,1496,1497,1,12/04/2022,"-4,2928267","-55,9627684",,"76,25"
PA,BR-230,1497,1498,1,12/04/2022,"-4,2928267","-55,9627684",,"83,75"
PA,BR-230,1498,1499,1,12/04/2022,"-4,2928267","-55,9627684",,90
PA,BR-230,1499,1500,1,12/04/2022,"-4,2928267","-55,9627684",,"87,5"
PA,BR-230,1500,1501,1,12/04/2022,"-4,2930842","-55,9628355",,"86,25"
PA,BR-230,1501,1502,1,12/04/2022,"-4,2930842","-55,9628355",,"83,75"
PA,BR-230,1502,1503,1,12/04/2022,"-4,2930842","-55,9628355",,"67,5"
PA,BR-230,1503,1504,1,12/04/2022,"-4,2930842","-55,9628355",,"76,25"
PA,BR-230,1504,1505,1,12/04/2022,"-4,2930842","-55,9628355",,"77,5"
PA,BR-230,1505,1506,1,12/04/2022,"-4,2930842","-55,9628355",,"91,25"
PA,BR-230,1506,1507,1,12/04/2022,"-4,2930842","-55,9628355",,"86,25"
PA,BR-230,1507,1508,1,12/04/2022,"-4,2930842","-55,9628355",,"97,5"
PA,BR-230,1508,1509,1,12/04/2022,"-4,2930842","-55,9628355",,80
PA,BR-230,1509,1510,1,12/04/2022,"-4,2930842","-55,9628355",,"83,75"
PA,BR-230,1510,1511,1,12/04/2022,"-4,2930842","-55,9628355",,"76,25"
PA,BR-230,1511,1512,1,12/04/2022,"-4,2930842","-55,9628355",,"73,75"
PA,BR-230,1512,1513,1,12/04/2022,"-4,2930842","-55,9628355",,85
PA,BR-230,1513,1514,1,12/04/2022,"-4,2930842","-55,9628355",,"97,5"
PA,BR-230,1514,1515,1,12/04/2022,"-4,2930842","-55,9628355",,"93,75"
PA,BR-230,1515,1516,1,12/04/2022,"-4,2930842","-55,9628355",,80
PA,BR-230,1516,1517,1,12/04/2022,"-4,2931091","-55,9628757",,"91,25"
PA,BR-230,1517,1518,1,12/04/2022,"-4,2931091","-55,9628757",,"86,25"
PA,BR-230,1518,1519,1,12/04/2022,"-4,2931091","-55,9628757",,"91,25"
PA,BR-230,1519,1520,1,12/04/2022,"-4,2931091","-55,9628757",,"83,75"
PA,BR-230,1520,1521,1,12/04/2022,"-4,2949214","-55,9634382",,"87,5"
PA,BR-230,1521,1522,1,12/04/2022,"-4,2949214","-55,9634382",,"83,75"
PA,BR-230,1522,1523,1,12/04/2022,"-4,2949214","-55,9634382",,80
PA,BR-230,1523,1524,1,12/04/2022,"-4,2949214","-55,9634382",,"93,75"
PA,BR-230,1524,1525,1,12/04/2022,"-4,2949214","-55,9634382",,"76,25"
PA,BR-230,1525,1526,1,12/04/2022,"-4,2949214","-55,9634382",,"87,5"
PA,BR-230,1526,1527,1,12/04/2022,"-4,2949214","-55,9634382",,"91,25"
PA,BR-230,1527,1528,1,12/04/2022,"-4,2949214","-55,9634382",,"83,75"
PA,BR-230,1528,1529,1,12/04/2022,"-4,2934336","-55,962827",,"83,75"
PA,BR-230,1529,1530,1,12/04/2022,"-4,2934336","-55,962827",,"76,25"
PA,BR-230,1530,1531,1,12/04/2022,"-4,2934336","-55,962827",,"87,5"
PA,BR-230,1531,1532,1,12/04/2022,"-4,2934336","-55,962827",,"87,5"
PA,BR-230,1532,1533,1,12/04/2022,"-4,2934336","-55,962827",,"91,25"
PA,BR-230,1533,1534,1,12/04/2022,"-4,2934336","-55,962827",,80
PA,BR-230,1534,1535,1,12/04/2022,"-4,2934336","-55,962827",,"76,25"
PA,BR-230,1535,1536,1,12/04/2022,"-4,2934336","-55,962827",,"83,75"
PA,BR-230,1536,1537,1,12/04/2022,"-4,2934336","-55,962827",,"83,75"
PA,BR-230,1537,1538,1,12/04/2022,"-4,2934336","-55,962827",,"83,75"
PA,BR-230,1538,1539,1,12/04/2022,"-4,2934336","-55,962827",,"77,5"
PA,BR-230,1539,1540,1,12/04/2022,"-4,2934336","-55,962827",,85
PA,BR-230,1540,1541,1,12/04/2022,"-4,2934336","-55,962827",,85
PA,BR-230,1541,1542,1,12/04/2022,"-4,2934336","-55,962827",,"81,25"
PA,BR-230,1542,1543,1,12/04/2022,"-4,2934336","-55,962827",,"77,5"
PA,BR-230,1543,1544,1,12/04/2022,"-4,2956506","-55,9643659",,"91,25"
PA,BR-230,1544,1545,1,12/04/2022,"-4,2956506","-55,9643659",,90
PA,BR-230,1545,1546,1,12/04/2022,"-4,2956506","-55,9643659",,"83,75"
PA,BR-230,1546,1547,1,12/04/2022,"-4,2956506","-55,9643659",,"91,25"
PA,BR-230,1547,1548,1,12/04/2022,"-4,2956506","-55,9643659",,"97,5"
PA,BR-230,1548,1549,1,12/04/2022,"-4,2956506","-55,9643659",,"91,25"
PA,BR-230,1549,1550,1,12/04/2022,"-4,2956506","-55,9643659",,"73,75"
PA,BR-230,1550,1551,1,12/04/2022,"-4,2956506","-55,9643659",,"91,25"
PA,BR-230,1551,1552,1,12/04/2022,"-4,2956506","-55,9643659",,"91,25"
PA,BR-230,1552,1553,1,12/04/2022,"-4,2956506","-55,9643659",,"77,5"
PA,BR-230,1553,1554,1,12/04/2022,"-4,2956506","-55,9643659",,"91,25"
PA,BR-230,1554,1555,1,12/04/2022,"-4,2956506","-55,9643659",,"83,75"
PA,BR-230,1555,1556,1,12/04/2022,"-4,2956506","-55,9643659",,"83,75"
PA,BR-230,1556,1557,1,12/04/2022,"-4,2956506","-55,9643659",,"86,25"
PA,BR-230,1557,1558,1,12/04/2022,"-4,2956506","-55,9643659",,90
PA,BR-230,1558,1559,1,12/04/2022,"-4,2956506","-55,9643659",,90
PA,BR-230,1559,1560,1,12/04/2022,"-4,2956506","-55,9643659",,90
PA,BR-230,1560,1561,1,12/04/2022,"-4,2956506","-55,9643659",,"86,25"
PA,BR-230,1561,1562,1,12/04/2022,"-4,2956506","-55,9643659",,"77,5"
PA,BR-230,1562,1563,1,12/04/2022,"-4,2956506","-55,9643659",,"87,5"
PA,BR-230,1563,1564,1,12/04/2022,"-4,2956506","-55,9643659",,"87,5"
PA,BR-230,1564,1565,1,12/04/2022,"-4,2956506","-55,9643659",,"87,5"
PA,BR-230,1565,1566,1,12/04/2022,"-4,2956506","-55,9643659",,"93,75"
PA,BR-230,1566,1567,1,12/04/2022,"-4,2956506","-55,9643659",,"97,5"
PA,BR-230,1567,1568,1,12/04/2022,"-4,2956506","-55,9643659",,"93,75"
PA,BR-230,1568,1569,1,12/04/2022,"-4,2956506","-55,9643659",,"83,75"
PA,BR-230,1569,1570,1,12/04/2022,"-4,2956506","-55,9643659",,"83,75"
PA,BR-230,1570,1571,1,12/04/2022,"-4,2956506","-55,9643659",,"83,75"
PA,BR-230,1571,1572,1,12/04/2022,"-4,2956506","-55,9643659",,"91,25"
PA,BR-230,1572,1573,1,12/04/2022,"-4,2956506","-55,9643659",,"91,25"
PA,BR-230,1573,1574,1,12/04/2022,"-4,2956506","-55,9643659",,"83,75"
PA,BR-230,1574,1575,1,12/04/2022,"-4,2956506","-55,9643659",,"73,75"
PA,BR-230,1575,1576,1,12/04/2022,"-4,2956506","-55,9643659",,70
PA,BR-230,1576,1577,1,12/04/2022,"-4,2956506","-55,9643659",,"97,5"
PA,BR-230,1577,1578,1,12/04/2022,"-4,2956506","-55,9643659",,"97,5"
PA,BR-230,1578,1579,1,12/04/2022,"-4,2956506","-55,9643659",,"93,75"
PA,BR-230,1579,1580,1,12/04/2022,"-4,2956506","-55,9643659",,"93,75"
PA,BR-230,1580,1581,1,12/04/2022,"-4,2956506","-55,9643659",,"93,75"
PA,BR-230,1581,1582,1,12/04/2022,"-4,2956506","-55,9643659",,"97,5"
PA,BR-230,1582,1583,1,12/04/2022,"-4,2956506","-55,9643659",,"93,75"
PA,BR-230,1583,1584,1,12/04/2022,"-4,2956506","-55,9643659",,"91,25"
PA,BR-230,1584,1585,1,12/04/2022,"-4,2956506","-55,9643659",,"83,75"
PA,BR-230,1585,1586,1,12/04/2022,"-4,2956506","-55,9643659",,"91,25"
PA,BR-230,1586,1587,1,12/04/2022,"-4,2956506","-55,9643659",,"93,75"
PA,BR-230,1587,1588,1,12/04/2022,"-4,2956506","-55,9643659",,"91,25"
PA,BR-230,1588,1589,1,12/04/2022,"-4,2956506","-55,9643659",,"76,25"
PA,BR-230,1589,1590,1,12/04/2022,"-4,2956506","-55,9643659",,80
PA,BR-230,1590,1591,1,12/04/2022,"-4,2956506","-55,9643659",,80
PA,BR-230,1591,1592,1,12/04/2022,"-4,2956506","-55,9643659",,"91,25"
PR,BR-158,"229,5",230,"0,5",07/04/2022,"-24,0794831","-52,3621694",,"57,5"
PR,BR-158,230,231,1,07/04/2022,"-24,0794831","-52,3621694",,65
PR,BR-158,231,232,1,07/04/2022,"-24,0960877","-52,3851306",,"66,25"
PR,BR-158,232,233,1,07/04/2022,"-24,1048109","-52,3895172",,65
PR,BR-158,233,234,1,07/04/2022,"-24,1048109","-52,3895172",,"66,25"
PR,BR-158,234,235,1,07/04/2022,"-24,1218381","-52,4024351",,65
PR,BR-158,235,236,1,07/04/2022,"-24,1218381","-52,4024351",,"68,75"
PR,BR-158,236,237,1,07/04/2022,"-24,1218381","-52,4024351",,"72,5"
PR,BR-158,237,238,1,07/04/2022,"-24,1218381","-52,4024351",,"68,75"
PR,BR-158,238,239,1,07/04/2022,"-24,1218381","-52,4024351",,"78,75"
PR,BR-158,239,240,1,07/04/2022,"-24,1218381","-52,4024351",,"72,5"
PR,BR-158,240,241,1,07/04/2022,"-24,1218381","-52,4024351",,"82,5"
PR,BR-158,241,242,1,07/04/2022,"-24,1218381","-52,4024351",,"76,25"
PR,BR-158,242,243,1,07/04/2022,"-24,1218381","-52,4024351",,"72,5"
PR,BR-158,243,244,1,07/04/2022,"-24,1218381","-52,4024351",,"76,25"
PR,BR-158,244,245,1,07/04/2022,"-24,1218381","-52,4024351",,"72,5"
PR,BR-158,245,246,1,07/04/2022,"-24,2124102","-52,4089681",,"72,5"
PR,BR-158,246,247,1,07/04/2022,"-24,2124102","-52,4089681",,"68,75"
PR,BR-158,247,248,1,07/04/2022,"-24,2299858","-52,4032112",,"68,75"
PR,BR-158,248,249,1,07/04/2022,"-24,2299858","-52,4032112",,"82,5"
PR,BR-158,249,250,1,07/04/2022,"-24,2299858","-52,4032112",,"68,75"
PR,BR-158,250,251,1,07/04/2022,"-24,2511086","-52,3972755",,"72,5"
PR,BR-158,251,252,1,07/04/2022,"-24,2511086","-52,3972755",,"67,5"
PR,BR-158,252,253,1,07/04/2022,"-24,2765507","-52,3977191",,"72,5"
PR,BR-158,253,254,1,07/04/2022,"-24,2765507","-52,3977191",,"72,5"
PR,BR-158,254,255,1,07/04/2022,"-24,2765507","-52,3977191",,"76,25"
PR,BR-158,255,256,1,07/04/2022,"-24,3002671","-52,3915062",,70
PR,BR-158,256,257,1,07/04/2022,"-24,3002671","-52,3915062",,"67,5"
PR,BR-158,257,258,1,07/04/2022,"-24,3154968","-52,3932533",,"72,5"
PR,BR-158,258,259,1,07/04/2022,"-24,3154968","-52,3932533",,"38,75"
PR,BR-158,259,260,1,07/04/2022,"-24,3154968","-52,3932533",,"37,5"
PR,BR-158,260,261,1,07/04/2022,"-24,3154968","-52,3932533",,50
PR,BR-158,261,262,1,07/04/2022,"-24,3445998","-52,40717",,"51,25"
PR,BR-158,262,263,1,07/04/2022,"-24,3445998","-52,40717",,65
PR,BR-158,263,264,1,07/04/2022,"-24,3760704","-52,4197311",,"58,75"
PR,BR-158,264,265,1,07/04/2022,"-24,3760704","-52,4197311",,"57,5"
PR,BR-158,265,266,1,07/04/2022,"-24,3760704","-52,4197311",,"57,5"
PR,BR-158,266,267,1,07/04/2022,"-24,3760704","-52,4197311",,"61,25"
PR,BR-158,267,268,1,07/04/2022,"-24,3760704","-52,4197311",,"66,25"
PR,BR-158,268,269,1,07/04/2022,"-24,3940781","-52,4064767",,60
PR,BR-158,269,270,1,07/04/2022,"-24,3940781","-52,4064767",,55
PR,BR-158,270,271,1,07/04/2022,"-24,3940781","-52,4064767",,"61,25"
PR,BR-158,271,272,1,07/04/2022,"-24,4207142","-52,3887468",,50
PR,BR-158,272,273,1,07/04/2022,"-24,4207142","-52,3887468",,"53,75"
PR,BR-158,273,274,1,07/04/2022,"-24,4207142","-52,3887468",,50
PR,BR-158,274,275,1,07/04/2022,"-24,4207142","-52,3887468",,"37,5"
PR,BR-158,275,276,1,07/04/2022,"-24,4500822","-52,3657518",,50
PR,BR-158,276,277,1,07/04/2022,"-24,4500822","-52,3657518",,"51,25"
PR,BR-158,277,278,1,07/04/2022,"-24,4500822","-52,3657518",,50
PR,BR-158,278,279,1,07/04/2022,"-24,4727868","-52,3478811",,50
PR,BR-158,279,280,1,07/04/2022,"-24,4727868","-52,3478811",,"53,75"
PR,BR-158,280,281,1,07/04/2022,"-24,4727868","-52,3478811",,"51,25"
PR,BR-158,281,282,1,07/04/2022,"-24,4727868","-52,3478811",,"61,25"
PR,BR-158,282,283,1,07/04/2022,"-24,5009233","-52,3246251",,50
PR,BR-158,283,284,1,07/04/2022,"-24,5009233","-52,3246251",,50
PR,BR-158,284,285,1,07/04/2022,"-24,5009233","-52,3246251",,"56,25"
PR,BR-158,285,286,1,07/04/2022,"-24,5009233","-52,3246251",,65
PR,BR-158,286,287,1,07/04/2022,"-24,5237559","-52,3029566",,"56,25"
PR,BR-158,287,288,1,07/04/2022,"-24,5237559","-52,3029566",,"57,5"
PR,BR-158,288,289,1,07/04/2022,"-24,5237559","-52,3029566",,40
PR,BR-158,289,290,1,07/04/2022,"-24,5463583","-52,2783288",,"57,5"
PR,BR-158,290,291,1,07/04/2022,"-24,5463583","-52,2783288",,65
PR,BR-158,291,292,1,07/04/2022,"-24,5463583","-52,2783288",,"73,75"
PR,BR-158,292,293,1,07/04/2022,"-24,5728845","-52,2772389",,"66,25"
PR,BR-158,293,294,1,07/04/2022,"-24,5728845","-52,2772389",,"67,5"
PR,BR-158,294,295,1,07/04/2022,"-24,5728845","-52,2772389",,65
BA,BR-030,"238,4",237,"1,4",18/04/2022,"-14,225995","-44,1442716",,"71,25"
BA,BR-030,237,236,1,18/04/2022,"-14,2311533","-44,161885",,"68,75"
BA,BR-030,236,235,1,18/04/2022,"-14,23115","-44,16192",,"72,5"
BA,BR-030,235,234,1,18/04/2022,"-14,23115","-44,16192",,70
BA,BR-030,234,233,1,18/04/2022,"-14,23115","-44,16192",,75
BA,BR-030,233,232,1,18/04/2022,"-14,23115","-44,16192",,75
BA,BR-030,232,231,1,18/04/2022,"-14,23115","-44,16192",,75
BA,BR-030,231,230,1,18/04/2022,"-14,23115","-44,16192",,75
BA,BR-030,230,229,1,18/04/2022,"-14,23115","-44,16192",,75
BA,BR-030,229,228,1,18/04/2022,"-14,2070866","-44,2232733",,75
BA,BR-030,228,227,1,18/04/2022,"-14,2069816","-44,22442",,70
BA,BR-030,227,226,1,18/04/2022,"-14,2050166","-44,2388333",,"78,75"
BA,BR-030,226,225,1,18/04/2022,"-14,2050166","-44,2388333",,"71,25"
BA,BR-030,225,224,1,18/04/2022,"-14,2045483","-44,25233",,"47,5"
BA,BR-030,224,223,1,18/04/2022,"-14,2045483","-44,25233",,"47,5"
BA,BR-030,223,222,1,18/04/2022,"-14,2045483","-44,25233",,60
BA,BR-030,222,221,1,18/04/2022,"-14,2163283","-44,2859383",,"46,25"
BA,BR-030,221,220,1,18/04/2022,"-14,220145","-44,2922983",,"62,5"
BA,BR-030,220,219,1,18/04/2022,"-14,2201483","-44,292305",,"63,75"
BA,BR-030,219,218,1,18/04/2022,"-14,225705","-44,3002916",,"71,25"
BA,BR-030,218,217,1,18/04/2022,"-14,2280416","-44,3091216",,"58,75"
BA,BR-030,217,216,1,18/04/2022,"-14,2263566","-44,32002",,"71,25"
BA,BR-030,216,215,1,18/04/2022,"-14,2257733","-44,323505",,"66,25"
BA,BR-030,215,214,1,18/04/2022,"-14,22558","-44,3237583",,"47,5"
BA,BR-030,214,213,1,18/04/2022,"-14,22558","-44,3237583",,"88,75"
BA,BR-030,213,212,1,18/04/2022,"-14,2196433","-44,350965",,80
BA,BR-030,212,211,1,18/04/2022,"-14,2171766","-44,3548816",,65
BA,BR-030,211,210,1,18/04/2022,"-14,20676","-44,364915",,"88,75"
BA,BR-030,210,209,1,18/04/2022,"-14,2056066","-44,3694433",,85
BA,BR-030,209,208,1,18/04/2022,"-14,20372","-44,3737133",,85
BA,BR-030,208,207,1,18/04/2022,"-14,1944933","-44,3865216",,"71,25"
BA,BR-030,207,206,1,18/04/2022,"-14,1932716","-44,3871666",,"82,5"
BA,BR-030,206,205,1,18/04/2022,"-14,1932716","-44,3871666",,"82,5"
BA,BR-030,205,204,1,18/04/2022,"-14,1919266","-44,4083316",,75
BA,BR-030,204,203,1,18/04/2022,"-14,1919883","-44,4084333",,"78,75"
BA,BR-030,203,202,1,18/04/2022,"-14,19429","-44,431185",,"88,75"
BA,BR-030,202,201,1,18/04/2022,"-14,19429","-44,431185",,"78,75"
BA,BR-030,201,200,1,18/04/2022,"-14,19429","-44,431185",,"86,25"
BA,BR-030,200,199,1,18/04/2022,"-14,1907933","-44,4452133",,"82,5"
BA,BR-030,199,198,1,18/04/2022,"-14,18971","-44,4493933",,"67,5"
BA,BR-030,198,197,1,18/04/2022,"-14,1830066","-44,4590483",,"78,75"
BA,BR-030,197,196,1,18/04/2022,"-14,1844166","-44,480405",,"56,25"
BA,BR-030,196,195,1,18/04/2022,"-14,18539","-44,4866183",,"81,25"
BA,BR-030,195,194,1,18/04/2022,"-14,18672","-44,4946816",,45
BA,BR-030,194,193,1,18/04/2022,"-14,18672","-44,4946816",,"71,25"
BA,BR-030,193,192,1,18/04/2022,"-14,18672","-44,4946816",,"68,75"
BA,BR-030,192,191,1,18/04/2022,"-14,1806316","-44,52087",,"63,75"
AM,BR-230,"642,6",643,"0,4",19/04/2022,"-7,5309394","-63,0489682",,75
AM,BR-230,643,644,1,19/04/2022,"-7,5183936","-63,0364942",,"87,5"
AM,BR-230,644,645,1,19/04/2022,"-7,5183936","-63,0364942",,"86,25"
AM,BR-230,645,646,1,19/04/2022,"-7,5183936","-63,0364942",,"86,25"
AM,BR-230,646,647,1,19/04/2022,"-7,5183936","-63,0364942",,"83,75"
AM,BR-230,647,648,1,19/04/2022,"-7,5183936","-63,0364942",,"72,5"
AM,BR-230,648,649,1,19/04/2022,"-7,5183936","-63,0364942",,"72,5"
AM,BR-230,649,650,1,19/04/2022,"-7,5183936","-63,0364942",,90
AM,BR-230,650,651,1,19/04/2022,"-7,5183936","-63,0364942",,"83,75"
AM,BR-230,651,652,1,19/04/2022,"-7,5183936","-63,0364942",,95
AM,BR-230,652,653,1,19/04/2022,"-7,5183936","-63,0364942",,"93,75"
AM,BR-230,653,654,1,19/04/2022,"-7,5183936","-63,0364942",,"97,5"
AM,BR-230,654,655,1,19/04/2022,"-7,5183936","-63,0364942",excesso de panelas,"93,75"
AM,BR-230,655,656,1,19/04/2022,"-7,5183936","-63,0364942",,"98,75"
AM,BR-230,656,657,1,19/04/2022,"-7,5183936","-63,0364942",,"98,75"
AM,BR-230,657,658,1,19/04/2022,"-7,5183936","-63,0364942",,"86,25"
AM,BR-230,658,659,1,19/04/2022,"-7,5183936","-63,0364942",,90
AM,BR-230,659,660,1,19/04/2022,"-7,5183936","-63,0364942",,90
AM,BR-230,660,661,1,19/04/2022,"-7,5183936","-63,0364942",,"83,75"
AM,BR-230,661,662,1,19/04/2022,"-7,5183936","-63,0364942",,"77,5"
AM,BR-230,662,663,1,19/04/2022,"-7,5183936","-63,0364942",,"72,5"
AM,BR-230,663,664,1,19/04/2022,"-7,5183936","-63,0364942",,80
AM,BR-230,664,665,1,19/04/2022,"-7,5183936","-63,0364942",trecho crítico podendo tornar-se atoleiro,"91,25"
AM,BR-230,665,666,1,19/04/2022,"-7,5183936","-63,0364942",,"87,5"
AM,BR-230,666,667,1,19/04/2022,"-7,5183936","-63,0364942",ponto crítico sujeito a tornar atoleiro,"87,5"
AM,BR-230,667,668,1,19/04/2022,"-7,5183936","-63,0364942",ponto crítico,"87,5"
AM,BR-230,668,669,1,19/04/2022,"-7,5183936","-63,0364942",trecho muito crítico,"87,5"
AM,BR-230,669,670,1,19/04/2022,"-7,5183936","-63,0364942",trecho crítico,95
AM,BR-230,670,671,1,19/04/2022,"-7,5183936","-63,0364942",trecho muito crítico,95
AM,BR-230,671,672,1,19/04/2022,"-7,5183936","-63,0364942",trecho crítico,95
AM,BR-230,672,673,1,19/04/2022,"-7,5183936","-63,0364942",trecho crítico,95
AM,BR-230,673,674,1,19/04/2022,"-7,5183936","-63,0364942",trecho crítico,95
AM,BR-230,674,675,1,19/04/2022,"-7,5183936","-63,0364942",trecho crítico,95
AM,BR-230,675,676,1,19/04/2022,"-7,5183936","-63,0364942",trecho crítico,"87,5"
AM,BR-230,676,677,1,19/04/2022,"-7,5183936","-63,0364942",trecho crítico,95
AM,BR-230,677,678,1,19/04/2022,"-7,5183936","-63,0364942",,"91,25"
AM,BR-230,678,679,1,19/04/2022,"-7,5183936","-63,0364942",,"91,25"
AM,BR-230,679,680,1,19/04/2022,"-7,5183936","-63,0364942",trecho crítico,"91,25"
AM,BR-230,680,681,1,19/04/2022,"-7,5183936","-63,0364942",trecho crítico,95
AM,BR-230,681,682,1,19/04/2022,"-7,5183936","-63,0364942",,95
AM,BR-230,682,683,1,19/04/2022,"-7,5183936","-63,0364942",trecho crítico,95
AM,BR-230,683,684,1,19/04/2022,"-7,5183936","-63,0364942",trecho crítico,"91,25"
AM,BR-230,684,685,1,19/04/2022,"-7,4983088","-63,6222098",trecho crítico sujeito a ponto de atoleiro,95
AM,BR-230,685,686,1,19/04/2022,"-7,5183936","-63,0364942",trecho crítico,"87,5"
AM,BR-230,686,687,1,19/04/2022,"-7,5183936","-63,0364942",trecho crítico,80
AM,BR-230,687,688,1,19/04/2022,"-7,5183936","-63,0364942",trecho crítico,"87,5"
AM,BR-230,688,689,1,19/04/2022,"-7,5183936","-63,0364942",trecho crítico,80
AM,BR-230,689,690,1,19/04/2022,"-7,5183936","-63,0364942",,"87,5"
AM,BR-230,690,691,1,19/04/2022,"-7,4963287","-63,6751605",,"76,25"
AM,BR-230,691,692,1,19/04/2022,"-7,4963287","-63,6751605",,55
AM,BR-230,692,693,1,19/04/2022,"-7,5183936","-63,0364942",,80
AM,BR-230,693,694,1,19/04/2022,"-7,5183936","-63,0364942",,95
AM,BR-230,694,695,1,19/04/2022,"-7,5183936","-63,0364942",,"87,5"
AM,BR-230,695,696,1,19/04/2022,"-7,5183936","-63,0364942",,"87,5"
AM,BR-230,696,697,1,19/04/2022,"-7,5183936","-63,0364942",trecho crítico,95
AM,BR-230,697,698,1,19/04/2022,"-7,5183936","-63,0364942",trecho crítico,95
AM,BR-230,698,699,1,19/04/2022,"-7,5183936","-63,0364942",,"76,25"
AM,BR-230,699,700,1,19/04/2022,"-7,5183936","-63,0364942",,"87,5"
AM,BR-230,700,701,1,19/04/2022,"-7,5183936","-63,0364942",,70
AM,BR-230,701,702,1,19/04/2022,"-7,5183936","-63,0364942",,"83,75"
AM,BR-230,702,703,1,19/04/2022,"-7,4857882","-63,7807103",trecho crítico,95
AM,BR-230,703,704,1,19/04/2022,"-7,4857882","-63,7807103",trecho crítico sujeito a atoleiro,80
AM,BR-230,704,705,1,19/04/2022,"-7,5183936","-63,0364942","ponto atoleiro, aguas pluviais no bordo",95
AM,BR-230,705,706,1,19/04/2022,"-7,5183936","-63,0364942",ponto crítico,80
AM,BR-230,706,707,1,19/04/2022,"-7,5183936","-63,0364942",,95
AM,BR-230,707,708,1,19/04/2022,"-7,4852293","-63,8250225",ponto crítico,"87,5"
AM,BR-230,708,709,1,19/04/2022,"-7,5183936","-63,0364942",,80
AM,BR-230,709,710,1,19/04/2022,"-7,5183936","-63,0364942",,"87,5"
AM,BR-230,710,711,1,19/04/2022,"-7,5183936","-63,0364942",,"87,5"
AM,BR-230,711,712,1,19/04/2022,"-7,5183936","-63,0364942",trecho crítico,95
AM,BR-230,712,713,1,19/04/2022,"-7,5183936","-63,0364942",trecho crítico,"87,5"
AM,BR-230,713,714,1,19/04/2022,"-7,5183936","-63,0364942","trecho crítico, ponto de atoleiro",80
AM,BR-230,714,715,1,19/04/2022,"-7,5183936","-63,0364942",ponto de atoleiro,65
AM,BR-230,715,716,1,19/04/2022,"-7,5183936","-63,0364942",ponto crítico,80
AM,BR-230,716,717,1,19/04/2022,"-7,5183936","-63,0364942",ponto crítico,80
AM,BR-230,717,718,1,19/04/2022,"-7,5183936","-63,0364942",ponto de atoleiro,80
AM,BR-230,718,719,1,19/04/2022,"-7,5183936","-63,0364942",ponto de atoleiro,80
AM,BR-230,719,720,1,19/04/2022,"-7,5183936","-63,0364942",ponto de atoleiro,"87,5"
AM,BR-230,720,721,1,19/04/2022,"-7,5183936","-63,0364942",ponto crítico,95
AM,BR-230,721,722,1,19/04/2022,"-7,5183936","-63,0364942",ponto de atoleiro,"87,5"
AM,BR-230,722,723,1,19/04/2022,"-7,5183936","-63,0364942",ponto crítico,65
AM,BR-230,723,724,1,19/04/2022,"-7,5183936","-63,0364942",,65
AM,BR-230,724,725,1,19/04/2022,"-7,5183936","-63,0364942",ponto crítico,80
AM,BR-230,725,726,1,19/04/2022,"-7,5183936","-63,0364942",ponto crítico,95
AM,BR-230,726,727,1,19/04/2022,"-7,4765397","-63,9806903",ponto crítico,95
AM,BR-230,727,728,1,19/04/2022,"-7,5183936","-63,0364942",ponto crítico,"83,75"
AM,BR-230,728,729,1,19/04/2022,"-7,5183936","-63,0364942",,"61,25"
AM,BR-230,729,730,1,19/04/2022,"-7,5183936","-63,0364942",,"76,25"
AM,BR-230,730,731,1,19/04/2022,"-7,5183936","-63,0364942",,"83,75"
AM,BR-230,731,732,1,19/04/2022,"-7,5183936","-63,0364942",,"73,75"
AM,BR-230,732,"733,2","1,2",19/04/2022,"-7,5183936","-63,0364942",,80
AM,BR-230,"733,2",734,"0,8",19/04/2022,"-7,5183936","-63,0364942",,80
AM,BR-230,"816,4",815,"1,4",19/04/2022,"-7,5183936","-63,0364942",,80
AM,BR-230,815,814,1,19/04/2022,"-7,5183936","-63,0364942",trecho crítico,80
AM,BR-230,814,813,1,19/04/2022,"-7,5183936","-63,0364942",trecho crítico,"87,5"
AM,BR-230,813,812,1,19/04/2022,"-7,5183936","-63,0364942",trecho crítico,"87,5"
AM,BR-230,812,811,1,19/04/2022,"-7,5183936","-63,0364942",trecho crítico,"87,5"
AM,BR-230,811,810,1,19/04/2022,"-7,5183936","-63,0364942",trecho crítico,"87,5"
AM,BR-230,810,809,1,19/04/2022,"-7,5183936","-63,0364942",trecho crítico,"87,5"
AM,BR-230,809,808,1,19/04/2022,"-7,5183936","-63,0364942",trecho crítico,"87,5"
AM,BR-230,808,807,1,19/04/2022,"-7,5183936","-63,0364942","erosão com trilha de roda, atoleiro","87,5"
AM,BR-230,807,806,1,19/04/2022,"-7,5183936","-63,0364942",trecho crítico,"87,5"
AM,BR-230,806,805,1,19/04/2022,"-7,5183936","-63,0364942",trecho crítico,"87,5"
AM,BR-230,805,804,1,19/04/2022,"-7,5183936","-63,0364942",,95
AM,BR-230,804,803,1,19/04/2022,"-7,5183936","-63,0364942",,"83,75"
AM,BR-230,803,802,1,19/04/2022,"-7,5183936","-63,0364942",,"87,5"
AM,BR-230,802,801,1,19/04/2022,"-7,5183936","-63,0364942",,"87,5"
AM,BR-230,801,800,1,19/04/2022,"-7,5183936","-63,0364942",trecho crítico,"87,5"
AM,BR-230,800,799,1,19/04/2022,"-7,5183936","-63,0364942",,"87,5"
AM,BR-230,799,798,1,19/04/2022,"-7,5183936","-63,0364942",,95
AM,BR-230,798,797,1,19/04/2022,"-7,5183936","-63,0364942",,80
AM,BR-230,797,796,1,19/04/2022,"-7,5183936","-63,0364942",,80
AM,BR-230,796,795,1,19/04/2022,"-7,5183936","-63,0364942",,80
AM,BR-230,795,794,1,19/04/2022,"-7,5183936","-63,0364942",,"83,75"
AM,BR-230,794,793,1,19/04/2022,"-7,5183936","-63,0364942",,"83,75"
AM,BR-230,793,792,1,19/04/2022,"-7,5183936","-63,0364942",,"83,75"
AM,BR-230,792,791,1,19/04/2022,"-7,5183936","-63,0364942",,"87,5"
AM,BR-230,791,790,1,19/04/2022,"-7,5183936","-63,0364942",,"87,5"
AM,BR-230,790,789,1,19/04/2022,"-7,5183936","-63,0364942",,"87,5"
AM,BR-230,789,788,1,19/04/2022,"-7,5183936","-63,0364942",,"76,25"
AM,BR-230,788,787,1,19/04/2022,"-7,5183936","-63,0364942",,"76,25"
AM,BR-230,787,786,1,19/04/2022,"-7,5183936","-63,0364942",,65
AM,BR-230,786,785,1,19/04/2022,"-7,5183936","-63,0364942",,80
AM,BR-230,785,784,1,19/04/2022,"-7,5183936","-63,0364942",,"83,75"
AM,BR-230,784,783,1,19/04/2022,"-7,5183936","-63,0364942",,80
AM,BR-230,783,782,1,19/04/2022,"-7,5183936","-63,0364942",,65
AM,BR-230,782,781,1,19/04/2022,"-7,5183936","-63,0364942",,"87,5"
AM,BR-230,781,780,1,19/04/2022,"-7,5183936","-63,0364942",,95
AM,BR-230,780,779,1,19/04/2022,"-7,5183936","-63,0364942",,80
AM,BR-230,779,778,1,19/04/2022,"-7,5183936","-63,0364942",,"87,5"
AM,BR-230,778,777,1,19/04/2022,"-7,5183936","-63,0364942",,95
AM,BR-230,777,776,1,19/04/2022,"-7,5183936","-63,0364942",,"87,5"
AM,BR-230,776,775,1,19/04/2022,"-7,5183936","-63,0364942",,80
AM,BR-230,775,774,1,19/04/2022,"-7,5183936","-63,0364942",,80
AM,BR-230,774,773,1,19/04/2022,"-7,5183936","-63,0364942",,"87,5"
AM,BR-230,773,772,1,19/04/2022,"-7,5183936","-63,0364942",,80
AM,BR-230,772,771,1,19/04/2022,"-7,5183936","-63,0364942",,95
AM,BR-230,771,770,1,19/04/2022,"-7,5183936","-63,0364942",,80
AM,BR-230,770,769,1,19/04/2022,"-7,5183936","-63,0364942",,80
AM,BR-230,769,768,1,19/04/2022,"-7,5183936","-63,0364942",,"87,5"
AM,BR-230,768,767,1,19/04/2022,"-7,5183936","-63,0364942",,65
AM,BR-230,767,766,1,19/04/2022,"-7,5183936","-63,0364942",,95
AM,BR-230,766,765,1,19/04/2022,"-7,5183936","-63,0364942",,"87,5"
AM,BR-230,765,764,1,19/04/2022,"-7,5183936","-63,0364942",,95
AM,BR-230,764,763,1,19/04/2022,"-7,5183936","-63,0364942",,"87,5"
AM,BR-230,763,762,1,19/04/2022,"-7,5183936","-63,0364942",,"87,5"
AM,BR-230,762,761,1,19/04/2022,"-7,5183936","-63,0364942",,80
AM,BR-230,761,760,1,19/04/2022,"-7,5183936","-63,0364942",,"87,5"
AM,BR-230,760,759,1,19/04/2022,"-7,5183936","-63,0364942",,65
AM,BR-230,759,758,1,19/04/2022,"-7,5183936","-63,0364942",,65
AM,BR-230,758,757,1,19/04/2022,"-7,5183936","-63,0364942",,"87,5"
AM,BR-230,757,756,1,19/04/2022,"-7,5183936","-63,0364942",,"87,5"
AM,BR-230,756,755,1,19/04/2022,"-7,5183936","-63,0364942",,"21,25"
AM,BR-230,755,754,1,19/04/2022,"-7,5183936","-63,0364942",,"43,75"
AM,BR-230,754,753,1,19/04/2022,"-7,5183936","-63,0364942",,"43,75"
AM,BR-230,753,752,1,19/04/2022,"-7,5183936","-63,0364942",,"36,25"
AM,BR-230,752,751,1,19/04/2022,"-7,5183936","-63,0364942",,"36,25"
AM,BR-230,751,750,1,19/04/2022,"-7,5183936","-63,0364942",,"26,25"
AM,BR-230,750,749,1,19/04/2022,"-7,5183936","-63,0364942",,"36,25"
AM,BR-230,749,748,1,19/04/2022,"-7,5183936","-63,0364942",,70
AM,BR-230,748,747,1,19/04/2022,"-7,5183936","-63,0364942",,"62,5"
AM,BR-230,747,746,1,19/04/2022,"-7,5183936","-63,0364942",,70
AM,BR-230,746,745,1,19/04/2022,"-7,5183936","-63,0364942",,"48,75"
AM,BR-230,745,744,1,19/04/2022,"-7,5183936","-63,0364942",,"62,5"
AM,BR-230,744,743,1,19/04/2022,"-7,5183936","-63,0364942",,"38,75"
AM,BR-230,743,742,1,19/04/2022,"-7,5183936","-63,0364942",,"38,75"
AM,BR-230,742,741,1,19/04/2022,"-7,5183936","-63,0364942",,"43,75"
AM,BR-230,741,740,1,19/04/2022,"-7,5183936","-63,0364942",,"43,75"
AM,BR-230,740,739,1,19/04/2022,"-7,5183936","-63,0364942",,"38,75"
AM,BR-230,739,738,1,19/04/2022,"-7,5183936","-63,0364942",,"38,75"
AM,BR-230,738,737,1,19/04/2022,"-7,5183936","-63,0364942",,"36,25"
AM,BR-230,737,736,1,19/04/2022,"-7,5183936","-63,0364942",,"21,25"
AM,BR-230,736,735,1,19/04/2022,"-7,5183936","-63,0364942",,"57,5"
AM,BR-230,735,734,1,19/04/2022,"-7,5183936","-63,0364942",,"36,25"
AM,BR-230,734,733,1,19/04/2022,"-7,5183936","-63,0364942",,"36,25"
AM,BR-230,733,732,1,19/04/2022,"-7,5183936","-63,0364942",,"36,25"
PB,BR-434,"19,4",20,"0,6",20/04/2022,0,0,,40
PB,BR-434,20,21,1,20/04/2022,0,0,,"66,25"
PB,BR-434,21,22,1,20/04/2022,0,0,,"66,25"
PB,BR-434,22,23,1,20/04/2022,0,0,,"48,75"
PB,BR-434,23,24,1,20/04/2022,0,0,,35
PB,BR-434,24,25,1,20/04/2022,0,0,,50
PB,BR-434,25,26,1,20/04/2022,0,0,,"47,5"
PB,BR-434,26,27,1,20/04/2022,0,0,,"48,75"
PB,BR-434,27,28,1,20/04/2022,0,0,,"62,5"
PB,BR-434,28,29,1,20/04/2022,0,0,,"62,5"
PB,BR-434,29,30,1,20/04/2022,0,0,,60
PB,BR-434,30,31,1,20/04/2022,0,0,,"56,25"
PB,BR-434,31,32,1,20/04/2022,0,0,,"41,25"
PB,BR-434,32,33,1,20/04/2022,0,0,,60
PB,BR-434,33,34,1,20/04/2022,0,0,,"13,75"
AP,BR-156,"28,5",29,"0,5",20/04/2022,"-0,83289166","-52,51109",,"32,5"
AP,BR-156,29,30,1,20/04/2022,"-0,83289166","-52,51109",,"37,5"
AP,BR-156,30,31,1,20/04/2022,"-0,83289166","-52,51109",,"56,25"
AP,BR-156,31,32,1,20/04/2022,"-0,83289166","-52,51109",,"67,5"
AP,BR-156,32,33,1,20/04/2022,"-0,83289166","-52,51109",,"57,5"
AP,BR-156,33,34,1,20/04/2022,"-0,83289166","-52,51109",,"67,5"
AP,BR-156,34,35,1,20/04/2022,"-0,83289166","-52,51109",,"71,25"
AP,BR-156,35,36,1,20/04/2022,"-0,83289166","-52,51109",,"73,75"
AP,BR-156,36,37,1,20/04/2022,"-0,83289166","-52,51109",,"83,75"
AP,BR-156,37,38,1,20/04/2022,"-0,83289166","-52,51109",,"72,5"
AP,BR-156,38,39,1,20/04/2022,"-0,83289166","-52,51109",,"86,25"
AP,BR-156,39,40,1,20/04/2022,"-0,83289166","-52,51109",,"76,25"
AP,BR-156,40,41,1,20/04/2022,"-0,83289166","-52,51109",,"77,5"
AP,BR-156,41,42,1,20/04/2022,"-0,83289166","-52,51109",,"83,75"
AP,BR-156,42,43,1,20/04/2022,"-0,83289166","-52,51109",,"83,75"
AP,BR-156,43,44,1,20/04/2022,"-0,83289166","-52,51109",,"86,25"
AP,BR-156,44,45,1,20/04/2022,"-0,83289166","-52,51109",,"86,25"
AP,BR-156,45,46,1,20/04/2022,"-0,83289166","-52,51109",,"83,75"
AP,BR-156,46,47,1,20/04/2022,"-0,83289166","-52,51109",,"83,75"
AP,BR-156,47,48,1,20/04/2022,"-0,83289166","-52,51109",,"83,75"
AP,BR-156,48,49,1,20/04/2022,"-0,83289166","-52,51109",,"83,75"
AP,BR-156,49,50,1,20/04/2022,"-0,83289166","-52,51109",,"83,75"
AP,BR-156,50,51,1,20/04/2022,"-0,83289166","-52,51109",,"83,75"
AP,BR-156,51,52,1,20/04/2022,"-0,83289166","-52,51109",,85
AP,BR-156,52,53,1,20/04/2022,"-0,83289166","-52,51109",,"83,75"
AP,BR-156,53,54,1,20/04/2022,"-0,83289166","-52,51109",,"82,5"
AP,BR-156,54,55,1,20/04/2022,"-0,83289166","-52,51109",,"81,25"
AP,BR-156,55,56,1,20/04/2022,"-0,83289166","-52,51109",,"87,5"
AP,BR-156,56,57,1,20/04/2022,"-0,83289166","-52,51109",,"87,5"
AP,BR-156,57,58,1,20/04/2022,"-0,83289166","-52,51109",,"83,75"
AP,BR-156,58,59,1,20/04/2022,"-0,83289166","-52,51109",,"86,25"
AP,BR-156,59,60,1,20/04/2022,"-0,83289166","-52,51109",,"91,25"
AP,BR-156,60,61,1,20/04/2022,"-0,83289166","-52,51109",,"88,75"
AP,BR-156,61,62,1,20/04/2022,"-0,83289166","-52,51109",,"87,5"
AP,BR-156,62,63,1,20/04/2022,"-0,83289166","-52,51109",,"93,75"
AP,BR-156,63,64,1,20/04/2022,"-0,83289166","-52,51109",,"87,5"
AP,BR-156,64,65,1,20/04/2022,"-0,83289166","-52,51109",,"87,5"
AP,BR-156,65,66,1,20/04/2022,"-0,83289166","-52,51109",,85
AP,BR-156,66,67,1,20/04/2022,"-0,83289166","-52,51109",,"87,5"
AP,BR-156,67,68,1,20/04/2022,"-0,83289166","-52,51109",,"88,75"
AP,BR-156,68,69,1,20/04/2022,"-0,83289166","-52,51109",,"86,25"
AP,BR-156,69,70,1,20/04/2022,"-0,83289166","-52,51109",,85
AP,BR-156,70,71,1,20/04/2022,"-0,83289166","-52,51109",,"83,75"
AP,BR-156,71,72,1,20/04/2022,"-0,83289166","-52,51109",,"88,75"
AP,BR-156,72,73,1,20/04/2022,"-0,83289166","-52,51109",,"87,5"
AP,BR-156,73,74,1,20/04/2022,"-0,83289166","-52,51109",,"93,75"
AP,BR-156,74,75,1,20/04/2022,"-0,83289166","-52,51109",,"87,5"
AP,BR-156,75,76,1,20/04/2022,"-0,83289166","-52,51109",,"93,75"
AP,BR-156,76,77,1,20/04/2022,"-0,83289166","-52,51109",,"87,5"
AP,BR-156,77,78,1,20/04/2022,"-0,83289166","-52,51109",,"93,75"
AP,BR-156,78,79,1,20/04/2022,"-0,83289166","-52,51109",,"97,5"
AP,BR-156,79,80,1,20/04/2022,"-0,83289166","-52,51109",,"97,5"
AP,BR-156,80,81,1,20/04/2022,"-0,83289166","-52,51109",,"97,5"
AP,BR-156,81,82,1,20/04/2022,"-0,83289166","-52,51109",,"97,5"
AP,BR-156,82,83,1,20/04/2022,"-0,83289166","-52,51109",,"97,5"
AP,BR-156,83,84,1,20/04/2022,"-0,83289166","-52,51109",,"97,5"
AP,BR-156,84,85,1,20/04/2022,"-0,83289166","-52,51109",,"97,5"
AP,BR-156,85,86,1,20/04/2022,"-0,83289166","-52,51109",,"97,5"
AP,BR-156,86,87,1,20/04/2022,"-0,53189387","-52,1822517",,"97,5"
AP,BR-156,87,88,1,20/04/2022,"-0,53153722","-52,1821511",,"97,5"
AP,BR-156,88,89,1,20/04/2022,"-0,53033078","-52,1824538",,"97,5"
AP,BR-156,89,90,1,20/04/2022,"-0,52803013","-52,1830422",,"97,5"
AP,BR-156,90,91,1,20/04/2022,"-0,52614618","-52,1830672",,"87,5"
AP,BR-156,91,92,1,20/04/2022,"-0,52458848","-52,1832103",,"87,5"
AP,BR-156,92,93,1,20/04/2022,"-0,52095327","-52,1818788",,90
AP,BR-156,93,94,1,20/04/2022,"-0,51526134","-52,1767605",,90
AP,BR-156,94,95,1,20/04/2022,"-0,50851313","-52,1716901",,"87,5"
AP,BR-156,95,96,1,20/04/2022,"-0,50236273","-52,1673256",,90
AP,BR-156,96,97,1,20/04/2022,"-0,49309646","-52,1598054",,"87,5"
AP,BR-156,97,98,1,20/04/2022,"-0,49309646","-52,1598054",,"93,75"
AP,BR-156,98,99,1,20/04/2022,"-0,49309646","-52,1598054",,90
AP,BR-156,99,100,1,20/04/2022,"-0,49309646","-52,1598054",,"87,5"
AP,BR-156,100,101,1,20/04/2022,"-0,49309646","-52,1598054",,90
AP,BR-156,101,102,1,20/04/2022,"-0,49309646","-52,1598054",,90
AP,BR-156,102,103,1,20/04/2022,"-0,49309646","-52,1598054",,"83,75"
AP,BR-156,103,104,1,20/04/2022,"-0,49309646","-52,1598054",,"93,75"
AP,BR-156,104,105,1,20/04/2022,"-0,49309646","-52,1598054",,"97,5"
AP,BR-156,105,106,1,20/04/2022,"-0,49309646","-52,1598054",,"97,5"
AP,BR-156,106,107,1,20/04/2022,"-0,49309646","-52,1598054",,"87,5"
AP,BR-156,107,108,1,20/04/2022,"-0,49309646","-52,1598054",,"87,5"
AP,BR-156,108,109,1,20/04/2022,"-0,49309646","-52,1598054",,"87,5"
AP,BR-156,109,110,1,20/04/2022,"-0,49309646","-52,1598054",,"87,5"
AP,BR-156,110,111,1,20/04/2022,"-0,49309646","-52,1598054",,"87,5"
AP,BR-156,111,112,1,20/04/2022,"-0,49309646","-52,1598054",,"87,5"
AP,BR-156,112,113,1,20/04/2022,"-0,49309646","-52,1598054",,"87,5"
AP,BR-156,113,114,1,20/04/2022,"-0,49309646","-52,1598054",,"63,75"
AP,BR-156,114,115,1,20/04/2022,"-0,49309646","-52,1598054",,75
AP,BR-156,115,116,1,20/04/2022,"-0,49309646","-52,1598054",,"71,25"
AP,BR-156,116,117,1,20/04/2022,"-0,49309646","-52,1598054",,"77,5"
AP,BR-156,117,118,1,20/04/2022,"-0,49309646","-52,1598054",,75
AP,BR-156,118,119,1,20/04/2022,"-0,49309646","-52,1598054",,75
AP,BR-156,119,120,1,20/04/2022,"-0,49309646","-52,1598054",,"81,25"
AP,BR-156,120,121,1,20/04/2022,"-0,49309646","-52,1598054",,"73,75"
AP,BR-156,121,122,1,20/04/2022,"-0,49309646","-52,1598054",,"87,5"
AP,BR-156,122,123,1,20/04/2022,"-0,49309646","-52,1598054",,"87,5"
AP,BR-156,123,124,1,20/04/2022,"-0,49309646","-52,1598054",,"87,5"
AP,BR-156,124,125,1,20/04/2022,"-0,49309646","-52,1598054",,85
AP,BR-156,125,126,1,20/04/2022,"-0,49309646","-52,1598054",,"83,75"
AP,BR-156,126,127,1,20/04/2022,"-0,49309646","-52,1598054",,"87,5"
AP,BR-156,127,128,1,20/04/2022,"-0,49309646","-52,1598054",,"87,5"
AP,BR-156,128,129,1,20/04/2022,"-0,49309646","-52,1598054",,"87,5"
AP,BR-156,129,130,1,20/04/2022,"-0,49309646","-52,1598054",,"87,5"
AP,BR-156,130,131,1,20/04/2022,"-0,49309646","-52,1598054",,"87,5"
AP,BR-156,131,132,1,20/04/2022,"-0,49309646","-52,1598054",,"81,25"
AP,BR-156,132,133,1,20/04/2022,"-0,49309646","-52,1598054",,"87,5"
AP,BR-156,133,134,1,20/04/2022,"-0,49309646","-52,1598054",,"81,25"
AP,BR-156,134,135,1,20/04/2022,"-0,49309646","-52,1598054",,"87,5"
AP,BR-156,135,136,1,20/04/2022,"-0,49309646","-52,1598054",,"81,25"
AP,BR-156,136,137,1,20/04/2022,"-0,49309646","-52,1598054",,"87,5"
AP,BR-156,137,138,1,20/04/2022,"-0,49309646","-52,1598054",,"81,25"
AP,BR-156,138,139,1,20/04/2022,"-0,49309646","-52,1598054",,"81,25"
AP,BR-156,139,140,1,20/04/2022,"-0,49309646","-52,1598054",,"91,25"
AP,BR-156,140,141,1,20/04/2022,"-0,49309646","-52,1598054",,"91,25"
AP,BR-156,141,142,1,20/04/2022,"-0,49309646","-52,1598054",,"87,5"
AP,BR-156,142,143,1,20/04/2022,"-0,49309646","-52,1598054",,"91,25"
AP,BR-156,143,144,1,20/04/2022,"-0,49309646","-52,1598054",,"87,5"
AP,BR-156,144,145,1,20/04/2022,"-0,49309646","-52,1598054",,"87,5"
AP,BR-156,145,146,1,20/04/2022,"-0,49309646","-52,1598054",,"81,25"
AP,BR-156,146,147,1,20/04/2022,"-0,49309646","-52,1598054",,"87,5"
AP,BR-156,147,148,1,20/04/2022,"-0,49309646","-52,1598054",,"82,5"
AP,BR-156,148,149,1,20/04/2022,"-0,49309646","-52,1598054",,85
AP,BR-156,149,150,1,20/04/2022,"-0,49309646","-52,1598054",,80
AP,BR-156,150,151,1,20/04/2022,"-0,49309646","-52,1598054",,"82,5"
AP,BR-156,151,152,1,20/04/2022,"-0,49309646","-52,1598054",,"81,25"
AP,BR-156,152,153,1,20/04/2022,"-0,49309646","-52,1598054",,"82,5"
AP,BR-156,153,154,1,20/04/2022,"-0,49309646","-52,1598054",,"82,5"
AP,BR-156,154,155,1,20/04/2022,"-0,49309646","-52,1598054",,"82,5"
AP,BR-156,155,156,1,20/04/2022,"-0,49309646","-52,1598054",,"83,75"
AP,BR-156,156,157,1,20/04/2022,"-0,49309646","-52,1598054",,"81,25"
AP,BR-156,157,158,1,20/04/2022,"-0,49309646","-52,1598054",,"73,75"
AP,BR-156,158,159,1,20/04/2022,"-0,49309646","-52,1598054",,"82,5"
AP,BR-156,159,160,1,20/04/2022,"-0,49309646","-52,1598054",,"87,5"
AP,BR-156,160,161,1,20/04/2022,"-0,49309646","-52,1598054",,"87,5"
AP,BR-156,161,162,1,20/04/2022,"-0,49309646","-52,1598054",,"87,5"
AP,BR-156,162,163,1,20/04/2022,"-0,49309646","-52,1598054",,"82,5"
AP,BR-156,163,164,1,20/04/2022,"-0,49309646","-52,1598054",,"82,5"
AP,BR-156,164,"164,2","0,2",20/04/2022,"-0,49309646","-52,1598054",,"82,5"
AP,BR-156,"164,2",165,"0,8",20/04/2022,"-0,49309646","-52,1598054",,"82,5"
AP,BR-156,165,166,1,20/04/2022,"-0,49309646","-52,1598054",,"82,5"
AP,BR-156,166,167,1,20/04/2022,"-0,49309646","-52,1598054",,"61,25"
AP,BR-156,167,168,1,20/04/2022,"-0,49309646","-52,1598054",,"67,5"
AP,BR-156,168,169,1,20/04/2022,"-0,49309646","-52,1598054",,"62,5"
AP,BR-156,169,170,1,20/04/2022,"-0,49309646","-52,1598054",,"68,75"
AP,BR-156,170,171,1,20/04/2022,"-0,49309646","-52,1598054",,"67,5"
AP,BR-156,171,172,1,20/04/2022,"-0,49309646","-52,1598054",,"68,75"
AP,BR-156,172,173,1,20/04/2022,"-0,49309646","-52,1598054",,"68,75"
AP,BR-156,173,174,1,20/04/2022,"-0,49309646","-52,1598054",,"62,5"
AP,BR-156,174,175,1,20/04/2022,"-0,49309646","-52,1598054",,"62,5"
AP,BR-156,175,176,1,20/04/2022,"-0,49309646","-52,1598054",,"68,75"
AP,BR-156,176,177,1,20/04/2022,"-0,49309646","-52,1598054",,"61,25"
AP,BR-156,177,178,1,20/04/2022,"-0,49309646","-52,1598054",,"61,25"
AP,BR-156,178,179,1,20/04/2022,"-0,49309646","-52,1598054",,"68,75"
AP,BR-156,179,180,1,20/04/2022,"-0,49309646","-52,1598054",,"62,5"
AP,BR-156,180,181,1,20/04/2022,"-0,49309646","-52,1598054",,55
AP,BR-156,181,182,1,20/04/2022,"-0,49309646","-52,1598054",,55
AP,BR-156,182,183,1,20/04/2022,"-0,49309646","-52,1598054",,55
AP,BR-156,183,184,1,20/04/2022,"-0,49309646","-52,1598054",,"81,25"
AP,BR-156,184,185,1,20/04/2022,"-0,49309646","-52,1598054",,"61,25"
AP,BR-156,185,186,1,20/04/2022,"-0,49309646","-52,1598054",,55
AP,BR-156,186,187,1,20/04/2022,"-0,49309646","-52,1598054",,55
AP,BR-156,187,188,1,20/04/2022,"-0,49309646","-52,1598054",,55
AP,BR-156,188,189,1,20/04/2022,"-0,49309646","-52,1598054",,"61,25"
AP,BR-156,189,190,1,20/04/2022,"-0,00808627","-51,6685166",,"61,25"
AP,BR-156,190,191,1,20/04/2022,"-0,00808627","-51,6685166",,55
AP,BR-156,191,192,1,20/04/2022,"-0,00808627","-51,6685166",,55
AP,BR-156,192,193,1,20/04/2022,"-0,00808627","-51,6685166",,55
AP,BR-156,193,194,1,20/04/2022,"-0,00808627","-51,6685166",,55
AP,BR-156,194,195,1,20/04/2022,"-0,00808627","-51,6685166",,"66,25"
AP,BR-156,195,196,1,20/04/2022,"-0,00808627","-51,6685166",,75
AP,BR-156,196,197,1,20/04/2022,"-0,00808627","-51,6685166",,"67,5"
AP,BR-156,197,198,1,20/04/2022,"-0,00808627","-51,6685166",,"67,5"
AP,BR-156,198,199,1,20/04/2022,"-0,00808627","-51,6685166",,"67,5"
AP,BR-156,199,200,1,20/04/2022,"-0,00808627","-51,6685166",,75
AP,BR-156,200,201,1,20/04/2022,"-0,00808627","-51,6685166",,"67,5"
AP,BR-156,201,202,1,20/04/2022,"-0,00808627","-51,6685166",,"67,5"
AP,BR-156,202,203,1,20/04/2022,"-0,00808627","-51,6685166",,"67,5"
AP,BR-156,203,204,1,20/04/2022,"-0,00808627","-51,6685166",,"67,5"
AP,BR-156,204,205,1,20/04/2022,"-0,00808627","-51,6685166",,"67,5"
AP,BR-156,205,206,1,20/04/2022,"-0,00808627","-51,6685166",,"67,5"
AP,BR-156,206,207,1,20/04/2022,"-0,00808627","-51,6685166",,"67,5"
AP,BR-156,207,208,1,20/04/2022,"-0,00808627","-51,6685166",,"67,5"
AP,BR-156,208,209,1,20/04/2022,"-0,00808627","-51,6685166",,"67,5"
AP,BR-156,209,210,1,20/04/2022,"-0,00808627","-51,6685166",,75
AP,BR-156,210,211,1,20/04/2022,"-0,00808627","-51,6685166",,"67,5"
AP,BR-156,211,212,1,20/04/2022,"-0,00808627","-51,6685166",,"67,5"
AP,BR-156,212,"212,15","0,15",20/04/2022,"-0,00808627","-51,6685166",,"67,5"
AP,BR-156,"212,15",213,"0,85",20/04/2022,"-0,00808627","-51,6685166",,"73,75"
AP,BR-156,213,214,1,20/04/2022,"-0,00808627","-51,6685166",,"67,5"
AP,BR-156,214,215,1,20/04/2022,"-0,00808627","-51,6685166",,"73,75"
AP,BR-156,215,216,1,20/04/2022,"-0,00808627","-51,6685166",,"67,5"
AP,BR-156,216,217,1,20/04/2022,"-0,00808627","-51,6685166",,"67,5"
AP,BR-156,217,218,1,20/04/2022,"-0,00808627","-51,6685166",,"67,5"
AP,BR-156,218,219,1,20/04/2022,"-0,00808627","-51,6685166",,"67,5"
AP,BR-156,219,220,1,20/04/2022,"-0,00808627","-51,6685166",,"67,5"
AP,BR-156,220,221,1,20/04/2022,"-0,00808627","-51,6685166",,"81,25"
AP,BR-156,221,222,1,20/04/2022,"-0,00808627","-51,6685166",,"81,25"
AP,BR-156,222,223,1,20/04/2022,"-0,00808627","-51,6685166",,"81,25"
AP,BR-156,223,224,1,20/04/2022,"-0,00808627","-51,6685166",,"81,25"
AP,BR-156,224,225,1,20/04/2022,"-0,00808627","-51,6685166",,"81,25"
AP,BR-156,225,226,1,20/04/2022,"-0,00808627","-51,6685166",,85
AP,BR-156,226,227,1,20/04/2022,"-0,00808627","-51,6685166",,"67,5"
AP,BR-156,227,228,1,20/04/2022,"-0,00808627","-51,6685166",,"73,75"
AP,BR-156,228,229,1,20/04/2022,"-0,00808627","-51,6685166",,"73,75"
AP,BR-156,229,230,1,20/04/2022,"-0,00808627","-51,6685166",,"67,5"
AP,BR-156,230,231,1,20/04/2022,"-0,00808627","-51,6685166",,"67,5"
AP,BR-156,231,232,1,20/04/2022,"-0,00808627","-51,6685166",,"67,5"
AP,BR-156,232,233,1,20/04/2022,"-0,00808627","-51,6685166",,"81,25"
AP,BR-156,233,234,1,20/04/2022,"-0,00808627","-51,6685166",,"83,75"
AP,BR-156,234,235,1,20/04/2022,"-0,00808627","-51,6685166",,"73,75"
AP,BR-156,235,236,1,20/04/2022,"-0,00808627","-51,6685166",,"81,25"
AP,BR-156,236,237,1,20/04/2022,"-0,00808627","-51,6685166",,"81,25"
AP,BR-156,237,238,1,20/04/2022,"-0,00808627","-51,6685166",,"87,5"
AP,BR-156,238,239,1,20/04/2022,"-0,00808627","-51,6685166",,"77,5"
AP,BR-156,239,240,1,20/04/2022,"-0,00808627","-51,6685166",,"77,5"
AP,BR-156,240,241,1,20/04/2022,"-0,00808627","-51,6685166",,"81,25"
AP,BR-156,241,242,1,20/04/2022,"-0,00808627","-51,6685166",,"81,25"
AP,BR-156,242,243,1,20/04/2022,"-0,00808627","-51,6685166",,"81,25"
AP,BR-156,243,244,1,20/04/2022,"-0,00808627","-51,6685166",,"67,5"
AP,BR-156,244,245,1,20/04/2022,"-0,00808627","-51,6685166",,"73,75"
AP,BR-156,245,246,1,20/04/2022,"-0,00808627","-51,6685166",,"77,5"
AP,BR-156,246,247,1,20/04/2022,"-0,00808627","-51,6685166",,70
AP,BR-156,247,248,1,20/04/2022,"-0,00808627","-51,6685166",,"73,75"
AP,BR-156,248,249,1,20/04/2022,"-0,00808627","-51,6685166",,"73,75"
AP,BR-156,249,250,1,20/04/2022,"-0,00808627","-51,6685166",,"81,25"
AP,BR-156,250,251,1,20/04/2022,"-0,00808627","-51,6685166",,"81,25"
AP,BR-156,251,252,1,20/04/2022,"-0,00808627","-51,6685166",,"81,25"
AP,BR-156,252,253,1,20/04/2022,"-0,00808627","-51,6685166",,"81,25"
AP,BR-156,253,254,1,20/04/2022,"-0,00808627","-51,6685166",,"81,25"
AP,BR-156,254,255,1,20/04/2022,"-0,00808627","-51,6685166",,"81,25"
AP,BR-156,255,256,1,20/04/2022,"-0,00808627","-51,6685166",,"81,25"
AP,BR-156,256,257,1,20/04/2022,"-0,00808627","-51,6685166",,"81,25"
AP,BR-156,257,258,1,20/04/2022,"-0,00808627","-51,6685166",,"81,25"
AP,BR-156,258,259,1,20/04/2022,"-0,00808627","-51,6685166",,"81,25"
AP,BR-156,259,260,1,20/04/2022,"-0,00808627","-51,6685166",,"81,25"
AP,BR-156,260,261,1,20/04/2022,"-0,00808627","-51,6685166",,"81,25"
AP,BR-156,261,262,1,20/04/2022,"-0,00808627","-51,6685166",,"81,25"
AP,BR-156,262,263,1,20/04/2022,"-0,00808627","-51,6685166",,"81,25"
AP,BR-156,263,264,1,20/04/2022,"-0,00808627","-51,6685166",,"81,25"
AP,BR-156,264,265,1,20/04/2022,"-0,00808627","-51,6685166",,"81,25"
AP,BR-156,265,266,1,20/04/2022,"-0,00808627","-51,6685166",,"83,75"
AP,BR-156,266,267,1,20/04/2022,"-0,00808627","-51,6685166",,"83,75"
AP,BR-156,267,268,1,20/04/2022,"-0,00808627","-51,6685166",,"83,75"
AP,BR-156,268,269,1,20/04/2022,"-0,00808627","-51,6685166",,"83,75"
AP,BR-156,269,270,1,20/04/2022,"-0,00808627","-51,6685166",,"83,75"
AP,BR-156,270,271,1,20/04/2022,"-0,00808627","-51,6685166",,90
AP,BR-156,271,"271,2","0,2",20/04/2022,"-0,00808627","-51,6685166",,"87,5"
MT,BR-158,"201,2",202,"0,8",20/04/2022,"-10,8803571","-51,6365284",,45
MT,BR-158,202,203,1,20/04/2022,"-11,1311369","-51,7027436",,"52,5"
MT,BR-158,203,204,1,20/04/2022,"-11,1311369","-51,7027436",,"37,5"
MT,BR-158,204,205,1,20/04/2022,"-11,1311369","-51,7027436",,"37,5"
MT,BR-158,205,206,1,20/04/2022,"-11,1311369","-51,7027436",,"37,5"
MT,BR-158,206,207,1,20/04/2022,"-11,1311369","-51,7027436",,"37,5"
MT,BR-158,207,208,1,20/04/2022,"-11,1311369","-51,7027436",,"52,5"
MT,BR-158,208,209,1,20/04/2022,"-11,1311369","-51,7027436",,25
MT,BR-158,209,210,1,20/04/2022,"-11,1311369","-51,7027436",,25
MT,BR-158,210,211,1,20/04/2022,"-11,1311369","-51,7027436",,"47,5"
MT,BR-158,211,212,1,20/04/2022,"-11,1311369","-51,7027436",,20
MT,BR-158,212,213,1,20/04/2022,"-11,1311369","-51,7027436",,"38,75"
MT,BR-158,213,214,1,20/04/2022,"-11,1311369","-51,7027436",,"32,5"
MT,BR-158,214,215,1,20/04/2022,"-11,2449278","-51,6852296",,40
MT,BR-158,215,216,1,20/04/2022,"-11,2449278","-51,6852296",,40
MT,BR-158,216,217,1,20/04/2022,"-11,2449278","-51,6852296",,40
MT,BR-158,217,218,1,20/04/2022,"-11,2449278","-51,6852296",,"46,25"
MT,BR-158,218,219,1,20/04/2022,"-11,2449278","-51,6852296",,"18,75"
MT,BR-158,219,220,1,20/04/2022,"-11,2449278","-51,6852296",,20
MT,BR-158,220,221,1,20/04/2022,"-11,2449278","-51,6852296",,20
MT,BR-158,221,222,1,20/04/2022,"-11,2449278","-51,6852296",,"32,5"
MT,BR-158,222,223,1,20/04/2022,"-11,2449278","-51,6852296",,40
MT,BR-158,223,224,1,20/04/2022,"-11,2449278","-51,6852296",,"32,5"
MT,BR-158,224,225,1,20/04/2022,"-11,2449278","-51,6852296",,40
MT,BR-158,225,226,1,20/04/2022,"-11,2449278","-51,6852296",,"2,5"
MT,BR-158,226,227,1,20/04/2022,"-11,2449278","-51,6852296",,5
MT,BR-158,227,228,1,20/04/2022,"-11,2449278","-51,6852296",,5
MT,BR-158,228,229,1,20/04/2022,"-11,2449278","-51,6852296",,"21,25"
MT,BR-158,229,230,1,20/04/2022,"-11,2449278","-51,6852296",,5
MT,BR-158,230,231,1,20/04/2022,"-11,2449278","-51,6852296",,"17,5"
MT,BR-158,231,232,1,20/04/2022,"-11,2449278","-51,6852296",,"36,25"
MT,BR-158,232,233,1,20/04/2022,"-11,2449278","-51,6852296",,"58,75"
MT,BR-158,233,234,1,20/04/2022,"-11,2449278","-51,6852296",,40
MT,BR-158,234,235,1,20/04/2022,"-11,2449278","-51,6852296",,"58,75"
MT,BR-158,235,236,1,20/04/2022,"-11,4257025","-51,6646883",,30
MT,BR-158,236,237,1,20/04/2022,"-11,4257025","-51,6646883",,75
MT,BR-158,237,238,1,20/04/2022,"-11,4434308","-51,6669037",,"17,5"
MT,BR-158,238,239,1,20/04/2022,"-11,4434308","-51,6669037",,"32,5"
MT,BR-158,239,240,1,20/04/2022,"-11,4434308","-51,6669037",,"23,75"
MT,BR-158,240,241,1,20/04/2022,"-11,4434308","-51,6669037",,"46,25"
MT,BR-158,241,242,1,20/04/2022,"-11,4434308","-51,6669037",,"38,75"
MT,BR-158,242,243,1,20/04/2022,"-11,4434308","-51,6669037",,65
MT,BR-158,243,244,1,20/04/2022,"-11,4434308","-51,6669037",,"57,5"
MT,BR-158,244,245,1,20/04/2022,"-11,5116381","-51,6869062",,45
MT,BR-158,245,246,1,20/04/2022,"-11,5116381","-51,6869062",,5
MT,BR-158,246,247,1,20/04/2022,"-11,5116381","-51,6869062",,20
MT,BR-158,247,248,1,20/04/2022,"-11,5116381","-51,6869062",,"62,5"
MT,BR-158,248,249,1,20/04/2022,"-11,5116381","-51,6869062",,"46,25"
MT,BR-158,249,250,1,20/04/2022,"-11,5116381","-51,6869062",,"76,25"
MT,BR-158,250,251,1,20/04/2022,"-11,5116381","-51,6869062",,45
MT,BR-158,251,252,1,20/04/2022,"-11,5116381","-51,6869062",,"32,5"
MT,BR-158,252,253,1,20/04/2022,"-11,5116381","-51,6869062",,"57,5"
MT,BR-158,253,254,1,20/04/2022,"-11,5840255","-51,6998689",,"57,5"
MT,BR-158,254,255,1,20/04/2022,"-11,5840255","-51,6998689",,40
MT,BR-158,255,256,1,20/04/2022,"-11,5840255","-51,6998689",,40
MT,BR-158,256,257,1,20/04/2022,"-11,5840255","-51,6998689",,40
MT,BR-158,257,258,1,20/04/2022,"-11,5840255","-51,6998689",,"38,75"
MT,BR-158,258,259,1,20/04/2022,"-11,5840255","-51,6998689",,40
MT,BR-158,259,260,1,20/04/2022,"-11,5840255","-51,6998689",,"38,75"
MT,BR-158,260,261,1,20/04/2022,"-11,5840255","-51,6998689",,45
MT,BR-158,261,262,1,20/04/2022,"-11,5840255","-51,6998689",,"46,25"
MT,BR-158,262,263,1,20/04/2022,"-11,5840255","-51,6998689",,"46,25"
MT,BR-158,263,264,1,20/04/2022,"-11,5840255","-51,6998689",,"47,5"
MT,BR-158,264,265,1,20/04/2022,"-11,5840255","-51,6998689",,"32,5"
MT,BR-158,265,266,1,20/04/2022,"-11,5840255","-51,6998689",,"32,5"
MT,BR-158,266,267,1,20/04/2022,"-11,5840255","-51,6998689",,45
MT,BR-158,267,268,1,20/04/2022,"-11,5840255","-51,6998689",,"52,5"
MT,BR-158,268,269,1,20/04/2022,"-11,5840255","-51,6998689",,50
MT,BR-158,269,270,1,20/04/2022,"-11,5840255","-51,6998689",,40
MT,BR-158,270,271,1,20/04/2022,"-11,5840255","-51,6998689",,"32,5"
MT,BR-158,271,272,1,20/04/2022,"-11,5840255","-51,6998689",,40
MT,BR-158,272,273,1,20/04/2022,"-11,5840255","-51,6998689",,"32,5"
MT,BR-158,273,274,1,20/04/2022,"-11,5840255","-51,6998689",,40
MT,BR-158,274,275,1,20/04/2022,"-11,5840255","-51,6998689",,40
MT,BR-158,275,276,1,20/04/2022,"-11,5840255","-51,6998689",,"27,5"
MT,BR-158,276,277,1,20/04/2022,"-11,5840255","-51,6998689",,20
MT,BR-158,277,278,1,20/04/2022,"-11,5840255","-51,6998689",,20
MT,BR-158,278,279,1,20/04/2022,"-11,5840255","-51,6998689",,"27,5"
MT,BR-158,279,280,1,20/04/2022,"-11,5840255","-51,6998689",,"32,5"
MT,BR-158,280,281,1,20/04/2022,"-11,5840255","-51,6998689",,"46,25"
MT,BR-158,281,282,1,20/04/2022,"-11,5840255","-51,6998689",,"47,5"
MT,BR-158,282,283,1,20/04/2022,"-11,8215485","-51,6340294",,45
MT,BR-158,283,284,1,20/04/2022,"-11,8215485","-51,6340294",,"38,75"
MT,BR-158,284,285,1,20/04/2022,"-11,8215485","-51,6340294",,"32,5"
MT,BR-158,285,286,1,20/04/2022,"-11,8215485","-51,6340294",,"32,5"
MT,BR-158,286,287,1,20/04/2022,"-11,8215485","-51,6340294",,"32,5"
MT,BR-158,287,288,1,20/04/2022,"-11,8215485","-51,6340294",,"38,75"
MT,BR-158,288,289,1,20/04/2022,"-11,8215485","-51,6340294",,"32,5"
MT,BR-158,289,290,1,20/04/2022,"-11,8215485","-51,6340294",,"32,5"
MT,BR-158,290,291,1,20/04/2022,"-11,8215485","-51,6340294",,"32,5"
MT,BR-158,291,292,1,20/04/2022,"-11,8215485","-51,6340294",,"32,5"
MT,BR-158,292,293,1,20/04/2022,"-11,9095625","-51,6605483",,"32,5"
MT,BR-158,293,294,1,20/04/2022,"-11,9095625","-51,6605483",,40
MT,BR-158,294,295,1,20/04/2022,"-11,9095625","-51,6605483",,"32,5"
MT,BR-158,295,296,1,20/04/2022,"-11,9095625","-51,6605483",,20
MT,BR-158,296,297,1,20/04/2022,"-11,9095625","-51,6605483",,"32,5"
MT,BR-158,297,298,1,20/04/2022,"-11,9095625","-51,6605483",,"17,5"
MT,BR-158,298,299,1,20/04/2022,"-11,9095625","-51,6605483",,"23,75"
MT,BR-158,299,300,1,20/04/2022,"-11,9659198","-51,6773543",,45
MT,BR-158,300,301,1,20/04/2022,"-11,9659198","-51,6773543",,"17,5"
MT,BR-158,301,302,1,20/04/2022,"-11,9659198","-51,6773543",,"17,5"
MT,BR-158,302,303,1,20/04/2022,"-11,9659198","-51,6773543",,30
MT,BR-158,303,304,1,20/04/2022,"-11,9659198","-51,6773543",,5
MT,BR-158,304,305,1,20/04/2022,"-11,9659198","-51,6773543",,45
MT,BR-158,305,306,1,20/04/2022,"-11,9659198","-51,6773543",,"32,5"
MT,BR-158,306,307,1,20/04/2022,"-11,9659198","-51,6773543",,"38,75"
MT,BR-158,307,308,1,20/04/2022,"-11,9659198","-51,6773543",,"38,75"
MT,BR-158,308,309,1,20/04/2022,"-11,9659198","-51,6773543",,"38,75"
MT,BR-158,309,310,1,20/04/2022,"-11,9659198","-51,6773543",,"32,5"
MT,BR-158,310,311,1,20/04/2022,"-11,9659198","-51,6773543",,"38,75"
MT,BR-158,311,312,1,20/04/2022,"-11,9659198","-51,6773543",,"32,5"
MT,BR-158,312,313,1,20/04/2022,"-11,9659198","-51,6773543",,"32,5"
MT,BR-158,313,314,1,20/04/2022,"-11,9659198","-51,6773543",,"32,5"
MT,BR-158,314,315,1,20/04/2022,"-11,9659198","-51,6773543",,"32,5"
MT,BR-158,315,316,1,20/04/2022,"-11,9659198","-51,6773543",,"32,5"
MT,BR-158,316,317,1,20/04/2022,"-11,9659198","-51,6773543",,20
MT,BR-158,317,318,1,20/04/2022,"-11,9659198","-51,6773543",,20
MT,BR-158,318,319,1,20/04/2022,"-11,9659198","-51,6773543",,20
MT,BR-158,319,320,1,20/04/2022,"-11,9659198","-51,6773543",,45
MT,BR-158,320,321,1,20/04/2022,"-11,9659198","-51,6773543",,"46,25"
MT,BR-158,321,322,1,20/04/2022,"-11,9659198","-51,6773543",,"52,5"
MT,BR-158,322,323,1,20/04/2022,"-11,9659198","-51,6773543",,"46,25"
MT,BR-158,323,324,1,20/04/2022,"-11,9659198","-51,6773543",,"38,75"
MT,BR-158,324,325,1,20/04/2022,"-11,9659198","-51,6773543",,"32,5"
MT,BR-158,325,326,1,20/04/2022,"-11,9659198","-51,6773543",,20
MT,BR-158,326,327,1,20/04/2022,"-11,9659198","-51,6773543",,0
MT,BR-158,327,328,1,20/04/2022,"-12,1625434","-51,6995995",,0
MT,BR-158,328,329,1,20/04/2022,"-12,1625434","-51,6995995",,0
MT,BR-158,329,330,1,20/04/2022,"-12,1625434","-51,6995995",,0
MT,BR-158,330,331,1,20/04/2022,"-12,1625434","-51,6995995",,0
MT,BR-242,0,1,1,18/04/2022,"-11,6156139","-50,6613123",,"12,5"
MT,BR-242,1,2,1,18/04/2022,"-11,6170139","-50,6696062",,0
MT,BR-242,2,3,1,18/04/2022,"-11,6170139","-50,6696062",,0
MT,BR-242,3,4,1,18/04/2022,"-11,6170139","-50,6696062",,0
MT,BR-242,4,5,1,18/04/2022,"-11,6254825","-50,6931593",,0
MT,BR-242,5,6,1,18/04/2022,"-11,6254825","-50,6931593",,"37,5"
MT,BR-242,6,7,1,18/04/2022,"-11,6254825","-50,6931593",,"31,25"
MT,BR-242,7,8,1,18/04/2022,"-11,6258776","-50,6914839",,"57,5"
MT,BR-242,8,9,1,18/04/2022,"-11,6258776","-50,6914839",,"61,25"
MT,BR-242,9,10,1,18/04/2022,"-11,6258776","-50,6914839",,"57,5"
MT,BR-242,10,11,1,18/04/2022,"-11,62568","-50,6923216",,"61,25"
MT,BR-242,11,12,1,18/04/2022,"-11,62568","-50,6923216",,55
MT,BR-242,12,13,1,18/04/2022,"-11,62568","-50,6923216",,"57,5"
MT,BR-242,13,14,1,18/04/2022,"-11,6254825","-50,6931593",,"61,25"
MT,BR-242,14,15,1,18/04/2022,"-11,6254825","-50,6931593",,"57,5"
MT,BR-242,15,16,1,18/04/2022,"-11,6254825","-50,6931593",,"61,25"
MT,BR-242,16,17,1,18/04/2022,"-11,6254825","-50,6931593",,"67,5"
MT,BR-242,17,18,1,18/04/2022,"-11,6254825","-50,6931593",,"61,25"
MT,BR-242,18,19,1,18/04/2022,"-12,928884","-51,8220673",,"56,25"
MT,BR-242,19,20,1,18/04/2022,"-12,928884","-51,8220673",,"56,25"
MT,BR-242,20,21,1,18/04/2022,"-12,928884","-51,8220673",,"66,25"
MT,BR-242,21,22,1,18/04/2022,"-12,928884","-51,8220673",,"56,25"
MT,BR-242,22,23,1,18/04/2022,"-11,6691454","-51,3773342",,"56,25"
MT,BR-242,23,24,1,18/04/2022,"-12,928884","-51,8220673",,"56,25"
MT,BR-242,24,25,1,18/04/2022,"-12,928884","-51,8220673",,50
MT,BR-242,25,26,1,18/04/2022,"-12,928884","-51,8220673",,"56,25"
MT,BR-242,26,27,1,18/04/2022,"-12,928884","-51,8220673",,50
MT,BR-242,27,28,1,18/04/2022,"-12,928884","-51,8220673",,50
MT,BR-242,28,29,1,18/04/2022,"-12,928884","-51,8220673",,"51,25"
MT,BR-242,29,30,1,18/04/2022,"-12,928884","-51,8220673",,"57,5"
MT,BR-242,30,31,1,18/04/2022,"-12,928884","-51,8220673",,"56,25"
MT,BR-242,31,32,1,18/04/2022,"-12,928884","-51,8220673",,"51,25"
MT,BR-242,32,33,1,18/04/2022,"-12,928884","-51,8220673",,"57,5"
MT,BR-242,33,34,1,18/04/2022,"-12,928884","-51,8220673",,"57,5"
MT,BR-242,34,35,1,18/04/2022,"-12,928884","-51,8220673",,"51,25"
MT,BR-242,35,36,1,18/04/2022,"-12,928884","-51,8220673",,"61,25"
MT,BR-242,36,37,1,18/04/2022,"-11,6691454","-51,3773342",,"61,25"
MT,BR-242,37,38,1,18/04/2022,"-11,6691454","-51,3773342",,"51,25"
MT,BR-242,38,39,1,18/04/2022,"-11,6691454","-51,3773342",,50
MT,BR-242,39,40,1,18/04/2022,"-12,928884","-51,8220673",,50
MT,BR-242,40,41,1,18/04/2022,"-12,928884","-51,8220673",,"51,25"
MT,BR-242,41,42,1,18/04/2022,"-12,928884","-51,8220673",,"51,25"
MT,BR-242,42,43,1,18/04/2022,"-12,928884","-51,8220673",,"51,25"
MT,BR-242,43,44,1,18/04/2022,"-12,928884","-51,8220673",,"51,25"
MT,BR-242,44,45,1,18/04/2022,"-12,928884","-51,8220673",,"51,25"
MT,BR-242,45,46,1,18/04/2022,"-12,928884","-51,8220673",,"51,25"
MT,BR-242,46,47,1,18/04/2022,"-12,928884","-51,8220673",,"51,25"
MT,BR-242,47,48,1,18/04/2022,"-11,6691454","-51,3773342",,"51,25"
MT,BR-242,48,49,1,18/04/2022,"-11,6691454","-51,3773342",,"51,25"
MT,BR-242,49,50,1,18/04/2022,"-11,6691454","-51,3773342",,65
MT,BR-242,50,51,1,18/04/2022,"-12,928884","-51,8220673",,"57,5"
MT,BR-242,51,52,1,18/04/2022,"-11,5967334","-51,0750358",,"51,25"
MT,BR-242,52,53,1,18/04/2022,"-11,5967334","-51,0750358",,"61,25"
MT,BR-242,53,54,1,18/04/2022,"-11,5967334","-51,0750358",,"67,5"
MT,BR-242,54,55,1,18/04/2022,"-11,5967334","-51,0750358",,"63,75"
MT,BR-242,55,56,1,18/04/2022,"-11,6087843","-51,0940655",,"66,25"
MT,BR-242,56,57,1,18/04/2022,"-11,6087843","-51,0940655",,"56,25"
MT,BR-242,57,58,1,18/04/2022,"-11,6087843","-51,0940655",,"61,25"
MT,BR-242,58,59,1,18/04/2022,"-11,6087843","-51,0940655",,"56,25"
MT,BR-242,59,60,1,18/04/2022,"-12,928884","-51,8220673",,"56,25"
MT,BR-242,60,61,1,18/04/2022,"-12,928884","-51,8220673",,"56,25"
MT,BR-242,61,62,1,18/04/2022,"-12,928884","-51,8220673",,"57,5"
MT,BR-242,62,63,1,18/04/2022,"-12,928884","-51,8220673",,"63,75"
MT,BR-242,63,64,1,18/04/2022,"-12,928884","-51,8220673",,"63,75"
MT,BR-242,64,65,1,18/04/2022,"-12,928884","-51,8220673",,"63,75"
MT,BR-242,65,66,1,18/04/2022,"-12,928884","-51,8220673",,"63,75"
MT,BR-242,66,67,1,18/04/2022,"-12,928884","-51,8220673",,"56,25"
MT,BR-242,67,68,1,18/04/2022,"-12,928884","-51,8220673",,"56,25"
MT,BR-242,68,69,1,18/04/2022,"-11,6911931","-51,3708422",,"66,25"
MT,BR-242,69,70,1,18/04/2022,"-11,6292968","-51,2009352",,"56,25"
MT,BR-242,70,71,1,18/04/2022,"-11,6292968","-51,2009352",,"56,25"
MT,BR-242,71,72,1,18/04/2022,"-12,928884","-51,8220673",,"56,25"
MT,BR-242,72,73,1,18/04/2022,"-12,928884","-51,8220673",,"56,25"
MT,BR-242,73,74,1,18/04/2022,"-12,928884","-51,8220673",,"56,25"
MT,BR-242,74,75,1,18/04/2022,"-12,928884","-51,8220673",,"63,75"
MT,BR-242,75,76,1,18/04/2022,"-12,928884","-51,8220673",,50
MT,BR-242,76,77,1,18/04/2022,"-11,6801153","-51,3727445",,"56,25"
MT,BR-242,77,78,1,18/04/2022,"-11,6482475","-51,2680312",,"56,25"
MT,BR-242,78,79,1,18/04/2022,"-11,6482475","-51,2680312",,"56,25"
MT,BR-242,79,80,1,18/04/2022,"-11,6482475","-51,2680312",,"62,5"
MT,BR-242,80,81,1,18/04/2022,"-11,6482475","-51,2680312",,"56,25"
MT,BR-242,81,82,1,18/04/2022,"-11,6801153","-51,3727445",,"56,25"
MT,BR-242,82,83,1,18/04/2022,"-11,6801153","-51,3727445",,"56,25"
MT,BR-242,83,84,1,18/04/2022,"-11,6801153","-51,3727445",,"62,5"
MT,BR-242,84,85,1,18/04/2022,"-11,6842901","-51,372236",,"57,5"
MT,BR-242,85,86,1,18/04/2022,"-11,6475849","-51,3464417",,"56,25"
MT,BR-242,86,87,1,18/04/2022,"-11,6475849","-51,3464417",,"63,75"
MT,BR-242,87,88,1,18/04/2022,"-11,6475849","-51,3464417",,50
MT,BR-242,88,89,1,18/04/2022,"-11,6701264","-51,3779898",,50
MT,BR-242,89,90,1,18/04/2022,"-11,6701264","-51,3779898",,50
MT,BR-242,90,91,1,18/04/2022,"-11,6701264","-51,3779898",,"51,25"
MT,BR-242,91,92,1,18/04/2022,"-11,6747191","-51,3804976",,"57,5"
MT,BR-242,92,93,1,18/04/2022,"-11,6764229","-51,3789734",,"57,5"
MT,BR-242,93,94,1,18/04/2022,"-11,6764229","-51,3789734",,"57,5"
MT,BR-242,94,95,1,18/04/2022,"-11,6764229","-51,3789734",,"56,25"
MT,BR-242,95,96,1,18/04/2022,"-11,6764229","-51,3789734",,"56,25"
MT,BR-242,96,97,1,18/04/2022,"-11,6747051","-51,4186562",,"56,25"
MT,BR-242,97,98,1,18/04/2022,"-11,6747051","-51,4186562",,"57,5"
MT,BR-242,98,99,1,18/04/2022,"-12,928884","-51,8220673",,"57,5"
MT,BR-242,99,100,1,18/04/2022,"-11,6770117","-51,4538942",,"63,75"
MT,BR-242,100,101,1,18/04/2022,"-11,6770117","-51,4538942",,"62,5"
MT,BR-242,101,102,1,18/04/2022,"-11,6770117","-51,4538942",,"62,5"
MT,BR-242,102,103,1,18/04/2022,"-11,6785684","-51,4777076",,"62,5"
MT,BR-242,103,104,1,18/04/2022,"-11,6785684","-51,4777076",,"62,5"
MT,BR-242,104,105,1,18/04/2022,"-11,6785684","-51,4777076",,"62,5"
MT,BR-242,105,106,1,18/04/2022,"-11,6807487","-51,5108476",,"56,25"
MT,BR-242,106,107,1,18/04/2022,"-11,6807487","-51,5108476",,"56,25"
MT,BR-242,107,108,1,18/04/2022,"-11,6807487","-51,5108476",,"62,5"
MT,BR-242,108,109,1,18/04/2022,"-12,928884","-51,8220673",,"56,25"
MT,BR-242,109,110,1,18/04/2022,"-11,6832832","-51,5522477",,"56,25"
MT,BR-242,110,111,1,18/04/2022,"-11,6832832","-51,5522477",,"56,25"
MT,BR-242,111,112,1,18/04/2022,"-12,928884","-51,8220673",,"56,25"
MT,BR-242,112,113,1,18/04/2022,"-12,928884","-51,8220673",,"56,25"
MT,BR-242,113,114,1,18/04/2022,"-12,928884","-51,8220673",,"63,75"
MT,BR-242,114,115,1,18/04/2022,"-11,6962946","-51,5996122",,"63,75"
MT,BR-242,115,116,1,18/04/2022,"-11,6962946","-51,5996122",,70
MT,BR-242,116,117,1,18/04/2022,"-11,6962946","-51,5996122",,"63,75"
MT,BR-242,117,118,1,18/04/2022,"-12,928884","-51,8220673",,70
MT,BR-242,118,119,1,18/04/2022,"-12,928884","-51,8220673",,"63,75"
GO,BR-070,"67,3",68,"0,7",20/04/2022,"-15,7816008","-48,8012155",,0
GO,BR-070,68,69,1,20/04/2022,"-15,7816008","-48,8012155",,0
GO,BR-070,69,70,1,20/04/2022,"-15,7816008","-48,8012155",,0
GO,BR-070,70,71,1,20/04/2022,"-15,7816008","-48,8012155",,0
GO,BR-070,71,72,1,20/04/2022,"-15,7816008","-48,8012155",,0
GO,BR-070,72,73,1,20/04/2022,"-15,7816008","-48,8012155",,0
GO,BR-070,73,74,1,20/04/2022,"-15,7816008","-48,8012155",,0
GO,BR-070,74,75,1,20/04/2022,"-15,8020029","-48,7833347",,0
GO,BR-070,75,76,1,20/04/2022,"-15,8020029","-48,7833347",,0
GO,BR-070,76,77,1,20/04/2022,"-15,8020029","-48,7833347",,0
GO,BR-070,77,78,1,20/04/2022,"-15,8020029","-48,7833347",,"7,5"
GO,BR-070,78,79,1,20/04/2022,"-15,8020029","-48,7833347",,0
GO,BR-070,79,80,1,20/04/2022,"-15,8020029","-48,7833347",,"7,5"
GO,BR-070,80,81,1,20/04/2022,"-15,8020029","-48,7833347",,"12,5"
GO,BR-070,81,82,1,20/04/2022,"-15,8020029","-48,7833347",,"12,5"
GO,BR-070,82,83,1,20/04/2022,"-15,8020029","-48,7833347",,5
GO,BR-070,83,84,1,20/04/2022,"-15,8020029","-48,7833347",,"12,5"
GO,BR-070,84,85,1,20/04/2022,"-15,8020029","-48,7833347",,"12,5"
GO,BR-070,85,86,1,20/04/2022,"-15,8020029","-48,7833347",,25
GO,BR-070,86,87,1,20/04/2022,"-15,8020029","-48,7833347",,"18,75"
GO,BR-070,87,88,1,20/04/2022,"-15,8020029","-48,7833347",,0
GO,BR-070,88,89,1,20/04/2022,"-15,8020029","-48,7833347",,5
GO,BR-070,89,90,1,20/04/2022,"-15,8020029","-48,7833347",,0
GO,BR-070,90,91,1,20/04/2022,"-15,8020029","-48,7833347",,0
GO,BR-070,91,92,1,20/04/2022,"-15,8020029","-48,7833347",,0
GO,BR-070,92,93,1,20/04/2022,"-15,8020029","-48,7833347",,0
GO,BR-070,93,94,1,20/04/2022,"-15,8020029","-48,7833347",,0
GO,BR-070,94,95,1,20/04/2022,"-15,8020029","-48,7833347",,0
GO,BR-070,95,96,1,20/04/2022,"-15,8020029","-48,7833347",,0
GO,BR-070,96,97,1,20/04/2022,"-15,8071789","-49,0108728",,35
GO,BR-070,97,98,1,20/04/2022,"-15,8071789","-49,0108728",,15
GO,BR-070,98,99,1,20/04/2022,"-15,7835599","-49,0539095",,0
GO,BR-070,99,100,1,20/04/2022,"-15,7835599","-49,0539095",,0
GO,BR-070,100,101,1,20/04/2022,"-15,7835599","-49,0539095",,0
GO,BR-070,101,102,1,20/04/2022,"-15,7835599","-49,0539095",,0
GO,BR-070,102,103,1,20/04/2022,"-15,7835599","-49,0539095",,0
GO,BR-070,103,104,1,20/04/2022,"-15,7835599","-49,0539095",,0
GO,BR-070,104,105,1,20/04/2022,"-15,7835599","-49,0539095",,0
GO,BR-070,105,106,1,20/04/2022,"-15,7835599","-49,0539095",,0
GO,BR-070,106,107,1,20/04/2022,"-15,7835599","-49,0539095",,0
GO,BR-070,107,108,1,20/04/2022,"-15,7835599","-49,0539095",,0
GO,BR-070,108,109,1,20/04/2022,"-15,7835599","-49,0539095",,5
GO,BR-070,109,110,1,20/04/2022,"-15,7835599","-49,0539095",,0
GO,BR-070,110,111,1,20/04/2022,"-15,7835599","-49,0539095",,5
GO,BR-070,111,112,1,20/04/2022,"-15,7835599","-49,0539095",,0
GO,BR-070,112,113,1,20/04/2022,"-15,7835599","-49,0539095",,0
GO,BR-070,113,114,1,20/04/2022,"-15,7835599","-49,0539095",,0
GO,BR-070,114,115,1,20/04/2022,"-15,7835599","-49,0539095",,5
GO,BR-070,115,116,1,20/04/2022,"-15,7835599","-49,0539095",,5
GO,BR-070,116,117,1,20/04/2022,"-15,7835599","-49,0539095",,0
GO,BR-070,117,118,1,20/04/2022,"-15,7835599","-49,0539095",,20
GO,BR-070,118,119,1,20/04/2022,"-15,7835599","-49,0539095",,20
GO,BR-070,119,120,1,20/04/2022,"-15,7835599","-49,0539095",,0
GO,BR-070,120,121,1,20/04/2022,"-15,7835599","-49,0539095",,25
GO,BR-070,121,122,1,20/04/2022,"-15,7835599","-49,0539095",,0
GO,BR-070,122,123,1,20/04/2022,"-15,7835599","-49,0539095",,"18,75"
GO,BR-070,123,124,1,20/04/2022,"-15,7835599","-49,0539095",,0
GO,BR-070,124,125,1,20/04/2022,"-15,7835599","-49,0539095",,0
MS,BR-419,64,65,1,18/04/2022,0,0,,45
MS,BR-419,65,66,1,18/04/2022,0,0,,45
MS,BR-419,66,67,1,18/04/2022,0,0,,"37,5"
MS,BR-419,67,68,1,18/04/2022,0,0,,35
MS,BR-419,68,69,1,18/04/2022,0,0,,35
MS,BR-419,69,70,1,18/04/2022,0,0,,35
MS,BR-419,70,71,1,18/04/2022,0,0,,35
MS,BR-419,71,72,1,18/04/2022,0,0,,30
MS,BR-419,72,73,1,18/04/2022,0,0,,35
MS,BR-419,73,74,1,18/04/2022,0,0,,35
MS,BR-419,74,75,1,18/04/2022,0,0,,"42,5"
MS,BR-419,75,76,1,18/04/2022,0,0,,35
MS,BR-419,76,77,1,18/04/2022,0,0,,45
MS,BR-419,77,78,1,18/04/2022,0,0,,50
MS,BR-419,78,79,1,18/04/2022,0,0,,"42,5"
MS,BR-419,79,80,1,18/04/2022,0,0,,50
MS,BR-419,80,81,1,18/04/2022,0,0,,35
MS,BR-419,81,82,1,18/04/2022,0,0,,"42,5"
MS,BR-419,82,83,1,18/04/2022,0,0,,35
MS,BR-419,83,84,1,18/04/2022,0,0,,"48,75"
MS,BR-419,84,85,1,18/04/2022,0,0,,"48,75"
MS,BR-419,85,86,1,18/04/2022,0,0,,"42,5"
MS,BR-419,86,87,1,18/04/2022,0,0,,35
MS,BR-419,87,88,1,18/04/2022,0,0,,"42,5"
MS,BR-419,88,89,1,18/04/2022,0,0,,35
MS,BR-419,89,90,1,18/04/2022,0,0,,35
MS,BR-419,90,91,1,18/04/2022,0,0,,"57,5"
MS,BR-419,91,92,1,18/04/2022,0,0,,35
MS,BR-419,92,93,1,18/04/2022,0,0,,35
MS,BR-419,93,94,1,18/04/2022,0,0,,35
MS,BR-419,94,95,1,18/04/2022,0,0,,35
MS,BR-419,95,96,1,18/04/2022,0,0,,35
MS,BR-419,96,97,1,18/04/2022,0,0,,"53,75"
MS,BR-419,97,98,1,18/04/2022,0,0,,35
MS,BR-419,98,99,1,18/04/2022,0,0,,"57,5"
MS,BR-419,99,100,1,18/04/2022,0,0,,"57,5"
MS,BR-419,100,101,1,18/04/2022,0,0,,"63,75"
MS,BR-419,101,102,1,18/04/2022,0,0,,35
MS,BR-419,102,103,1,18/04/2022,0,0,,"46,25"
MS,BR-419,103,104,1,18/04/2022,0,0,,"57,5"
MS,BR-419,104,105,1,18/04/2022,0,0,,"57,5"
MS,BR-419,105,106,1,18/04/2022,0,0,,"57,5"
MS,BR-419,106,107,1,18/04/2022,0,0,,"57,5"
MS,BR-419,107,108,1,18/04/2022,0,0,,"57,5"
MS,BR-419,108,109,1,18/04/2022,0,0,,"57,5"
MS,BR-419,109,110,1,18/04/2022,0,0,,50
MS,BR-419,110,111,1,18/04/2022,0,0,,"57,5"
MS,BR-419,111,112,1,18/04/2022,0,0,,"57,5"
MS,BR-419,112,113,1,18/04/2022,0,0,,"57,5"
MS,BR-419,113,114,1,18/04/2022,0,0,,50
MS,BR-419,114,115,1,18/04/2022,0,0,,"61,25"
MS,BR-419,115,116,1,18/04/2022,0,0,,"57,5"
MS,BR-419,116,117,1,18/04/2022,0,0,,"57,5"
MS,BR-419,117,118,1,18/04/2022,0,0,,"61,25"
MS,BR-419,118,119,1,18/04/2022,0,0,,35
MS,BR-419,119,120,1,18/04/2022,0,0,,35
MS,BR-419,120,121,1,18/04/2022,0,0,,"57,5"
MS,BR-419,121,122,1,18/04/2022,0,0,,35
MS,BR-419,122,123,1,18/04/2022,0,0,,"57,5"
MS,BR-419,123,124,1,18/04/2022,0,0,,"23,75"
MS,BR-419,124,125,1,18/04/2022,0,0,,"37,5"
MS,BR-419,125,126,1,18/04/2022,0,0,,"22,5"
MS,BR-419,126,127,1,18/04/2022,0,0,,35
MS,BR-419,127,128,1,18/04/2022,0,0,,35
MS,BR-419,128,129,1,18/04/2022,0,0,,"57,5"
MS,BR-419,129,130,1,18/04/2022,0,0,,35
MS,BR-419,130,131,1,18/04/2022,0,0,,35
MS,BR-419,131,132,1,18/04/2022,0,0,,"36,25"
MS,BR-419,132,133,1,18/04/2022,0,0,,35
MS,BR-419,133,134,1,18/04/2022,0,0,,50
MS,BR-419,134,135,1,18/04/2022,0,0,,"36,25"
MS,BR-419,135,136,1,18/04/2022,0,0,,"26,25"
MS,BR-419,136,137,1,18/04/2022,0,0,,"26,25"
MS,BR-419,137,138,1,18/04/2022,0,0,,35
MS,BR-419,138,139,1,18/04/2022,0,0,,35
MS,BR-419,139,140,1,18/04/2022,0,0,,"43,75"
MS,BR-419,140,141,1,18/04/2022,0,0,,"36,25"
MS,BR-419,141,142,1,18/04/2022,0,0,,"36,25"
MS,BR-419,142,143,1,18/04/2022,0,0,,"58,75"
MS,BR-419,143,144,1,18/04/2022,0,0,,"23,75"
MS,BR-419,144,145,1,18/04/2022,0,0,,"36,25"
MS,BR-419,145,146,1,18/04/2022,0,0,,"36,25"
MS,BR-419,146,147,1,18/04/2022,0,0,,"36,25"
MS,BR-419,147,148,1,18/04/2022,0,0,,"36,25"
MS,BR-419,148,149,1,18/04/2022,0,0,,"36,25"
MS,BR-419,149,150,1,18/04/2022,0,0,,"23,75"
MS,BR-419,150,151,1,18/04/2022,0,0,,"23,75"
MS,BR-419,151,152,1,18/04/2022,0,0,,"57,5"
MS,BR-419,152,153,1,18/04/2022,0,0,,"42,5"
MS,BR-419,153,154,1,18/04/2022,0,0,,"23,75"
MS,BR-419,154,155,1,18/04/2022,0,0,,"23,75"
MS,BR-419,155,156,1,18/04/2022,0,0,,"23,75"
MS,BR-419,156,157,1,18/04/2022,0,0,,55
MS,BR-419,157,158,1,18/04/2022,0,0,,"53,75"
MS,BR-419,158,159,1,18/04/2022,0,0,,"38,75"
MS,BR-419,159,160,1,18/04/2022,0,0,,"23,75"
MS,BR-419,160,161,1,18/04/2022,0,0,,"33,75"
MS,BR-419,161,162,1,18/04/2022,0,0,,"23,75"
MS,BR-419,162,163,1,18/04/2022,0,0,,"31,25"
MS,BR-419,163,164,1,18/04/2022,0,0,,"43,75"
MS,BR-419,164,165,1,18/04/2022,0,0,,"31,25"
MS,BR-419,165,166,1,18/04/2022,0,0,,"31,25"
MS,BR-419,166,167,1,18/04/2022,0,0,,"36,25"
MS,BR-419,167,168,1,18/04/2022,0,0,,"23,75"
MS,BR-419,168,169,1,18/04/2022,0,0,,"43,75"
MS,BR-419,169,170,1,18/04/2022,0,0,,"36,25"
MS,BR-419,170,171,1,18/04/2022,0,0,,"36,25"
MS,BR-419,171,172,1,18/04/2022,0,0,,"36,25"
MS,BR-419,172,173,1,18/04/2022,0,0,,"36,25"
MS,BR-419,173,174,1,18/04/2022,0,0,,"51,25"
MS,BR-419,174,175,1,18/04/2022,0,0,,"26,25"
MS,BR-419,175,176,1,18/04/2022,0,0,,30
MS,BR-419,176,177,1,18/04/2022,0,0,,"33,75"
MS,BR-419,177,178,1,18/04/2022,0,0,,55
MS,BR-419,178,179,1,18/04/2022,0,0,,"58,75"
MS,BR-419,179,180,1,18/04/2022,0,0,,"23,75"
MS,BR-419,180,181,1,18/04/2022,0,0,,"36,25"
MS,BR-419,181,182,1,18/04/2022,0,0,,55
MS,BR-419,182,183,1,18/04/2022,0,0,,45
MS,BR-419,183,184,1,18/04/2022,0,0,,"57,5"
MS,BR-419,184,185,1,18/04/2022,0,0,,"22,5"
MS,BR-419,185,186,1,18/04/2022,0,0,,"22,5"
MS,BR-419,186,187,1,18/04/2022,0,0,,50
MS,BR-419,187,188,1,18/04/2022,0,0,,"22,5"
MS,BR-419,188,189,1,18/04/2022,0,0,,30
MS,BR-419,189,190,1,18/04/2022,0,0,,"57,5"
MS,BR-419,190,191,1,18/04/2022,0,0,,"46,25"
MS,BR-419,191,192,1,18/04/2022,0,0,,35
MS,BR-419,192,193,1,18/04/2022,0,0,,35
MS,BR-419,193,194,1,18/04/2022,0,0,,"22,5"
MS,BR-419,194,195,1,18/04/2022,0,0,,35
MS,BR-419,195,196,1,18/04/2022,0,0,,"22,5"
MS,BR-419,196,197,1,18/04/2022,0,0,,"22,5"
MS,BR-419,197,198,1,18/04/2022,0,0,,"22,5"
MS,BR-419,198,199,1,18/04/2022,0,0,,"22,5"
MS,BR-419,199,200,1,18/04/2022,0,0,,25
MS,BR-419,200,201,1,18/04/2022,0,0,,"22,5"
MS,BR-419,201,202,1,18/04/2022,0,0,,"22,5"
MS,BR-419,202,203,1,18/04/2022,0,0,,"42,5"
MS,BR-419,203,204,1,18/04/2022,0,0,,"57,5"
MS,BR-419,204,205,1,18/04/2022,0,0,,"22,5"
MS,BR-419,205,206,1,18/04/2022,0,0,,"32,5"
MS,BR-419,206,207,1,18/04/2022,0,0,,"22,5"
MS,BR-419,207,208,1,18/04/2022,0,0,,"32,5"
MS,BR-419,208,209,1,18/04/2022,0,0,,"22,5"
MS,BR-419,209,210,1,18/04/2022,0,0,,"22,5"
MS,BR-419,210,211,1,18/04/2022,0,0,,"32,5"
MS,BR-419,211,212,1,18/04/2022,0,0,,25
MS,BR-419,212,213,1,18/04/2022,0,0,,"22,5"
MS,BR-419,213,214,1,18/04/2022,0,0,,"37,5"
MS,BR-419,214,215,1,18/04/2022,0,0,,"32,5"
MS,BR-419,215,216,1,18/04/2022,0,0,,30
MS,BR-419,216,217,1,18/04/2022,0,0,,"43,75"
MS,BR-419,217,218,1,18/04/2022,0,0,,25
MS,BR-419,218,219,1,18/04/2022,0,0,,40
MS,BR-419,219,220,1,18/04/2022,0,0,,"32,5"
MS,BR-419,220,221,1,18/04/2022,0,0,,30
MS,BR-419,221,222,1,18/04/2022,0,0,,25
MS,BR-419,222,223,1,18/04/2022,0,0,,"22,5"
MS,BR-419,223,224,1,18/04/2022,0,0,,"32,5"
MS,BR-419,224,225,1,18/04/2022,0,0,,"22,5"
MS,BR-419,225,226,1,18/04/2022,0,0,,"22,5"
MS,BR-419,226,227,1,18/04/2022,0,0,,"22,5"
MS,BR-419,227,228,1,18/04/2022,0,0,,25
MS,BR-419,228,229,1,18/04/2022,0,0,,"22,5"
MS,BR-419,229,230,1,18/04/2022,0,0,,"32,5"
MS,BR-419,230,231,1,18/04/2022,0,0,,"22,5"
GO,BR-080,"277,5",278,"0,5",20/04/2022,"-14,0524378","-49,545922",,"73,75"
GO,BR-080,278,279,1,20/04/2022,"-14,0524378","-49,545922",,"77,5"
GO,BR-080,279,280,1,20/04/2022,"-14,0524378","-49,545922",,"82,5"
GO,BR-080,280,281,1,20/04/2022,"-14,0524378","-49,545922",,"88,75"
GO,BR-080,281,282,1,20/04/2022,"-14,0524378","-49,545922",,"91,25"
GO,BR-080,282,283,1,20/04/2022,"-14,0524378","-49,545922",,"91,25"
RS,BR-470,"88,4",89,"0,6",27/04/2022,"-28,2748175","-51,4720979",,60
RS,BR-470,89,90,1,27/04/2022,"-28,2979223","-51,4616993",,"21,25"
RS,BR-470,90,91,1,27/04/2022,"-28,3032935","-51,4658017",,"43,75"
RS,BR-470,91,92,1,27/04/2022,"-28,3032935","-51,4658017",,"51,25"
RS,BR-470,92,93,1,27/04/2022,"-28,3080402","-51,4665676",,"42,5"
RS,BR-470,93,94,1,27/04/2022,"-28,2996224","-51,388401",,50
RS,BR-470,94,95,1,27/04/2022,"-28,2996224","-51,388401",,"62,5"
RS,BR-470,95,96,1,27/04/2022,"-28,2996224","-51,388401",,55
RS,BR-470,96,97,1,27/04/2022,"-28,3116272","-51,3007206",,"36,25"
RS,BR-470,97,98,1,27/04/2022,"-28,2996224","-51,388401",,"33,75"
RS,BR-470,98,99,1,27/04/2022,"-28,2996224","-51,388401",,"21,25"
RS,BR-470,99,100,1,27/04/2022,"-28,323632","-51,2130402",,15
RS,BR-470,100,101,1,27/04/2022,"-28,3235936","-51,2478431",,"43,75"
RS,BR-470,101,102,1,27/04/2022,"-28,323632","-51,2130402",,"48,75"
RS,BR-470,102,103,1,27/04/2022,"-28,323632","-51,2130402",,30
RS,BR-470,103,104,1,27/04/2022,"-28,323632","-51,2130402",,"43,75"
RS,BR-470,104,105,1,27/04/2022,"-28,323632","-51,2130402",,50
RS,BR-470,105,106,1,27/04/2022,"-28,2996224","-51,388401",,"48,75"
RS,BR-470,106,107,1,27/04/2022,"-28,3013595","-51,473462",,"57,5"
RS,BR-470,107,108,1,27/04/2022,"-28,3235936","-51,2478431",,"47,5"
RS,BR-470,108,109,1,27/04/2022,"-28,3013595","-51,473462",,"37,5"
RS,BR-470,109,110,1,27/04/2022,"-28,3013595","-51,473462",,"22,5"
RS,BR-470,110,111,1,27/04/2022,"-28,3235936","-51,2478431",,"37,5"
RS,BR-470,111,112,1,27/04/2022,"-28,4585241","-51,513452",,"37,5"
RS,BR-470,112,113,1,27/04/2022,"-28,4585241","-51,513452",,55
RS,BR-470,113,114,1,27/04/2022,"-28,3235936","-51,2478431",,60
RS,BR-470,114,115,1,27/04/2022,"-28,4774322","-51,5239867",,"27,5"
RS,BR-470,115,116,1,27/04/2022,"-28,4774322","-51,5239867",,45
RS,BR-470,116,117,1,27/04/2022,"-28,3235936","-51,2478431",,"52,5"
RS,BR-470,117,118,1,27/04/2022,"-28,3235936","-51,2478431",,"38,75"
RS,BR-470,118,119,1,27/04/2022,"-28,323632","-51,2130402",,"23,75"
RS,BR-470,119,120,1,27/04/2022,"-28,3235936","-51,2478431",,"22,5"
RS,BR-470,120,121,1,27/04/2022,"-28,3235936","-51,2478431",,"37,5"
RS,BR-470,121,122,1,27/04/2022,"-28,3235936","-51,2478431",,"23,75"
RS,BR-470,122,123,1,27/04/2022,"-28,5480997","-51,6814233",,"38,75"
RS,BR-470,123,124,1,27/04/2022,"-28,5809564","-51,6266368",,"42,5"
RS,BR-470,124,125,1,27/04/2022,"-28,5480997","-51,6814233",,"23,75"
RS,BR-470,125,126,1,27/04/2022,"-28,6043857","-51,5855144",,"28,75"
RS,BR-470,126,127,1,27/04/2022,"-28,5377818","-51,6905091",,"53,75"
RS,BR-470,127,128,1,27/04/2022,"-28,6043857","-51,5855144",,55
RS,BR-470,128,129,1,27/04/2022,"-28,6043857","-51,5855144",,50
RS,BR-470,129,130,1,27/04/2022,"-28,5913839","-51,5641408",,"53,75"
RS,BR-470,130,131,1,27/04/2022,"-28,5913839","-51,5641408",,"51,25"
RS,BR-470,131,132,1,27/04/2022,"-28,5913839","-51,5641408",,"47,5"
RS,BR-470,132,133,1,27/04/2022,"-28,6043857","-51,5855144",,"47,5"
RS,BR-470,133,"133,39","0,39",27/04/2022,"-28,6043857","-51,5855144",,"41,25"
PE,BR-110,148,149,1,20/04/2022,"-8,521962","-37,6847185",,50
PE,BR-110,149,150,1,20/04/2022,"-8,521962","-37,6847185",,65
PE,BR-110,150,151,1,20/04/2022,"-8,521962","-37,6847185",Poeira Baixa,25
PE,BR-110,151,152,1,20/04/2022,"-8,521962","-37,6847185",,25
PE,BR-110,152,153,1,20/04/2022,"-8,5490755","-37,7113187",,25
PE,BR-110,153,154,1,20/04/2022,"-8,5378172","-37,6993438",,"32,5"
PE,BR-110,154,155,1,20/04/2022,"-8,5378172","-37,6993438",Poeira Baixa,"32,5"
PE,BR-110,155,156,1,20/04/2022,"-8,5378172","-37,6993438",,25
PE,BR-110,156,157,1,20/04/2022,"-8,5378172","-37,6993438",,25
PE,BR-110,157,158,1,20/04/2022,"-8,5378172","-37,6993438",,25
PE,BR-110,158,159,1,20/04/2022,"-8,5378172","-37,6993438",,25
PE,BR-110,159,160,1,20/04/2022,"-8,5378172","-37,6993438",,25
PE,BR-110,160,161,1,20/04/2022,"-8,5378172","-37,6993438",,25
PE,BR-110,161,162,1,20/04/2022,"-8,5378172","-37,6993438",,25
PE,BR-110,162,163,1,20/04/2022,"-8,5378172","-37,6993438",,25
PE,BR-110,163,164,1,20/04/2022,"-8,5177683","-37,6739888",,25
PE,BR-110,164,165,1,20/04/2022,"-8,5177683","-37,6739888",,25
PE,BR-110,165,166,1,20/04/2022,"-8,5177683","-37,6739888",,25
PE,BR-110,166,167,1,20/04/2022,"-8,5177683","-37,6739888",,25
PE,BR-110,167,168,1,20/04/2022,"-8,5177683","-37,6739888",,25
PE,BR-110,168,169,1,20/04/2022,"-8,5177683","-37,6739888",,25
PE,BR-110,169,170,1,20/04/2022,"-8,5177683","-37,6739888",,25
PE,BR-110,170,171,1,20/04/2022,"-8,5177683","-37,6739888",,25
PE,BR-110,171,172,1,20/04/2022,"-8,5177683","-37,6739888",,25
PE,BR-110,172,173,1,20/04/2022,"-8,5177683","-37,6739888",,25
PE,BR-110,173,174,1,20/04/2022,"-8,5177683","-37,6739888",,25
PE,BR-110,174,175,1,20/04/2022,"-8,5320552","-37,6953554",,25
PE,BR-110,175,176,1,20/04/2022,"-8,5320552","-37,6953554",,25
PE,BR-110,176,177,1,20/04/2022,"-8,5320552","-37,6953554",,25
PE,BR-110,177,178,1,20/04/2022,"-8,532884","-37,6930287",,25
PE,BR-110,178,179,1,20/04/2022,"-8,532884","-37,6930287",,25
PE,BR-110,179,180,1,20/04/2022,"-8,532884","-37,6930287",,25
PE,BR-110,180,181,1,20/04/2022,"-8,532884","-37,6930287",,25
PE,BR-110,181,182,1,20/04/2022,"-8,532884","-37,6930287",,25
PE,BR-110,182,183,1,20/04/2022,"-8,532884","-37,6930287",,25
PE,BR-110,183,184,1,20/04/2022,"-8,532884","-37,6930287",,25
PE,BR-110,184,185,1,20/04/2022,"-8,8851976","-37,8266357",,25
PE,BR-110,185,186,1,20/04/2022,"-8,8851976","-37,8266357",,25
PE,BR-110,186,187,1,20/04/2022,"-8,8851976","-37,8266357",,25
PE,BR-110,187,188,1,20/04/2022,"-8,8851976","-37,8266357",,25
PE,BR-110,188,189,1,20/04/2022,"-8,8851976","-37,8266357",,"26,25"
PE,BR-110,189,190,1,20/04/2022,"-8,8851976","-37,8266357",Poeira Média,"26,25"
PE,BR-110,190,191,1,20/04/2022,"-8,8851976","-37,8266357",,"26,25"
PE,BR-110,191,192,1,20/04/2022,"-8,8851976","-37,8266357",,"26,25"
PE,BR-110,192,193,1,20/04/2022,"-8,8851976","-37,8266357",,0
PE,BR-110,193,194,1,20/04/2022,"-8,8851976","-37,8266357",,"2,5"
PE,BR-110,194,195,1,20/04/2022,"-8,8851976","-37,8266357",,"3,75"
PE,BR-110,195,196,1,20/04/2022,"-8,8851976","-37,8266357",Poeira Média,"3,75"
PE,BR-110,196,197,1,20/04/2022,"-8,8851976","-37,8266357",,"26,25"
PE,BR-110,197,198,1,20/04/2022,"-8,8851976","-37,8266357",,"18,75"
PE,BR-110,198,199,1,20/04/2022,"-8,8851976","-37,8266357",,"18,75"
PE,BR-110,199,200,1,20/04/2022,"-8,8851976","-37,8266357",,"18,75"
PE,BR-110,200,201,1,20/04/2022,"-8,8851976","-37,8266357",,"18,75"
PE,BR-110,201,202,1,20/04/2022,"-8,8851976","-37,8266357",,"18,75"
PE,BR-110,202,203,1,20/04/2022,"-8,8851976","-37,8266357",,"18,75"
PE,BR-110,203,204,1,20/04/2022,"-8,8851976","-37,8266357",,"18,75"
PE,BR-110,204,205,1,20/04/2022,"-8,8851976","-37,8266357",,"18,75"
PE,BR-110,205,206,1,20/04/2022,"-8,8851976","-37,8266357",,"18,75"
PE,BR-110,206,207,1,20/04/2022,"-8,8851976","-37,8266357",,"18,75"
PE,BR-110,207,208,1,20/04/2022,"-8,8851976","-37,8266357",,"18,75"
PE,BR-110,208,209,1,20/04/2022,"-8,8851976","-37,8266357",,"18,75"
PE,BR-110,209,210,1,20/04/2022,"-8,8851976","-37,8266357",,"18,75"
PE,BR-110,210,211,1,20/04/2022,"-8,8851976","-37,8266357",,"18,75"
PE,BR-110,211,212,1,20/04/2022,"-8,8851976","-37,8266357",,"18,75"
PE,BR-110,212,213,1,20/04/2022,"-8,8851976","-37,8266357",,"18,75"
PE,BR-110,213,214,1,20/04/2022,"-8,8851976","-37,8266357",,"18,75"
PE,BR-110,214,215,1,20/04/2022,"-8,8851976","-37,8266357",,"18,75"
PE,BR-110,215,216,1,20/04/2022,"-8,8851976","-37,8266357",,"18,75"
PE,BR-110,216,217,1,20/04/2022,"-8,8851976","-37,8266357",,"18,75"
PE,BR-110,217,218,1,20/04/2022,"-8,9733034","-38,2132379",,"26,25"
PE,BR-110,218,219,1,20/04/2022,"-8,9733034","-38,2132379",,"18,75"
PE,BR-110,219,220,1,20/04/2022,"-8,9733034","-38,2132379",,"18,75"
PE,BR-316,"434,7",433,"1,7",20/04/2022,"-8,8851976","-37,8266357",,25
PE,BR-316,433,432,1,20/04/2022,"-8,8851976","-37,8266357",,"26,25"
PE,BR-316,432,431,1,20/04/2022,"-8,8851976","-37,8266357",,"26,25"
PE,BR-316,431,430,1,20/04/2022,"-8,8851976","-37,8266357",,"26,25"
PE,BR-316,430,429,1,20/04/2022,"-8,8851976","-37,8266357",,"26,25"
PE,BR-316,429,428,1,20/04/2022,"-8,8851976","-37,8266357",,"26,25"
PE,BR-316,428,427,1,20/04/2022,"-8,8851976","-37,8266357",Poeira Média,"26,25"
PE,BR-316,427,426,1,20/04/2022,"-8,8851976","-37,8266357",,"26,25"
PE,BR-316,426,425,1,20/04/2022,"-8,8851976","-37,8266357",,"26,25"
PE,BR-316,425,424,1,20/04/2022,"-8,8851976","-37,8266357",,"26,25"
PE,BR-316,424,423,1,20/04/2022,"-8,8851976","-37,8266357",,"26,25"
PE,BR-316,423,422,1,20/04/2022,"-8,8851976","-37,8266357",,"26,25"
PE,BR-316,422,421,1,20/04/2022,"-8,8851976","-37,8266357",,"18,75"
PE,BR-316,421,420,1,20/04/2022,"-8,8851976","-37,8266357",,"18,75"
PE,BR-316,420,419,1,20/04/2022,"-8,8851976","-37,8266357",,"3,75"
PE,BR-316,419,418,1,20/04/2022,"-8,8851976","-37,8266357",Poeira Média,"3,75"
PE,BR-316,418,417,1,20/04/2022,"-8,8851976","-37,8266357",,"3,75"
PE,BR-316,417,416,1,20/04/2022,"-8,8851976","-37,8266357",,"18,75"
PE,BR-316,416,415,1,20/04/2022,"-8,8851976","-37,8266357",,"18,75"
PE,BR-316,415,414,1,20/04/2022,"-8,8851976","-37,8266357",,"3,75"
PE,BR-316,414,413,1,20/04/2022,"-8,8851976","-37,8266357",,"18,75"
PE,BR-316,413,412,1,20/04/2022,"-8,8851976","-37,8266357",,"18,75"
PE,BR-316,412,411,1,20/04/2022,"-8,8851976","-37,8266357",,"18,75"
PE,BR-316,411,410,1,20/04/2022,"-8,8851976","-37,8266357",,"26,25"
PE,BR-316,410,409,1,20/04/2022,"-8,8851976","-37,8266357",,"18,75"
AM,BR-230,"609,2",608,"1,2",25/04/2022,0,0,,"86,25"
AM,BR-230,608,607,1,25/04/2022,0,0,,"86,25"
AM,BR-230,607,606,1,25/04/2022,0,0,,"76,25"
AM,BR-230,606,605,1,25/04/2022,0,0,,"88,75"
AM,BR-230,605,604,1,25/04/2022,0,0,,"88,75"
AM,BR-230,604,603,1,25/04/2022,0,0,,"88,75"
AM,BR-230,603,602,1,25/04/2022,0,0,,"92,5"
AM,BR-230,602,601,1,25/04/2022,0,0,,"92,5"
AM,BR-230,601,600,1,25/04/2022,0,0,,"92,5"
AM,BR-230,600,599,1,25/04/2022,0,0,,"92,5"
AM,BR-230,599,598,1,25/04/2022,0,0,,"92,5"
AM,BR-230,598,597,1,25/04/2022,0,0,,"92,5"
AM,BR-230,597,596,1,25/04/2022,0,0,,"92,5"
AM,BR-230,596,595,1,25/04/2022,0,0,,"97,5"
AM,BR-230,595,594,1,25/04/2022,0,0,,"97,5"
AM,BR-230,594,593,1,25/04/2022,0,0,,"97,5"
AM,BR-230,593,592,1,25/04/2022,0,0,,"97,5"
AM,BR-230,592,591,1,25/04/2022,0,0,,"87,5"
AM,BR-230,591,590,1,25/04/2022,0,0,,90
AM,BR-230,590,589,1,25/04/2022,0,0,,95
AM,BR-230,589,588,1,25/04/2022,0,0,,"92,5"
AM,BR-230,588,587,1,25/04/2022,0,0,,"88,75"
AM,BR-230,587,586,1,25/04/2022,0,0,,"88,75"
AM,BR-230,586,585,1,25/04/2022,0,0,,"88,75"
AM,BR-230,585,584,1,25/04/2022,0,0,,"88,75"
AM,BR-230,584,583,1,25/04/2022,0,0,,"87,5"
AM,BR-230,583,582,1,25/04/2022,0,0,,"91,25"
AM,BR-230,582,581,1,25/04/2022,0,0,,95
AM,BR-230,581,580,1,25/04/2022,0,0,,"91,25"
AM,BR-230,580,579,1,25/04/2022,0,0,,"83,75"
AM,BR-230,579,578,1,25/04/2022,0,0,,90
AM,BR-230,578,577,1,25/04/2022,0,0,,90
AM,BR-230,577,576,1,25/04/2022,0,0,,90
AM,BR-230,576,575,1,25/04/2022,0,0,,"93,75"
AM,BR-230,575,574,1,25/04/2022,0,0,,"86,25"
AM,BR-230,574,573,1,25/04/2022,0,0,,90
AM,BR-230,573,572,1,25/04/2022,0,0,,"87,5"
AM,BR-230,572,571,1,25/04/2022,0,0,,"92,5"
AM,BR-230,571,570,1,25/04/2022,0,0,,"88,75"
AM,BR-230,570,569,1,25/04/2022,0,0,,"87,5"
AM,BR-230,569,568,1,25/04/2022,0,0,,"88,75"
AM,BR-230,568,567,1,25/04/2022,0,0,,"91,25"
AM,BR-230,567,566,1,25/04/2022,0,0,,"91,25"
AM,BR-230,566,565,1,25/04/2022,0,0,,"93,75"
AM,BR-230,565,564,1,25/04/2022,0,0,,95
AM,BR-230,564,563,1,25/04/2022,0,0,,95
AM,BR-230,563,562,1,25/04/2022,0,0,,"87,5"
AM,BR-230,562,561,1,25/04/2022,0,0,,90
AM,BR-230,561,560,1,25/04/2022,0,0,,90
AM,BR-230,560,559,1,25/04/2022,0,0,,"86,25"
AM,BR-230,559,558,1,25/04/2022,0,0,,"88,75"
AM,BR-230,558,557,1,25/04/2022,0,0,,"91,25"
AM,BR-230,557,556,1,25/04/2022,0,0,,"91,25"
AM,BR-230,556,555,1,25/04/2022,0,0,,80
AM,BR-230,555,554,1,25/04/2022,0,0,,"91,25"
AM,BR-230,554,553,1,25/04/2022,0,0,,"91,25"
AM,BR-230,553,552,1,25/04/2022,0,0,,"88,75"
AM,BR-230,552,551,1,25/04/2022,0,0,,"86,25"
AM,BR-230,551,550,1,25/04/2022,0,0,,"86,25"
AM,BR-230,550,549,1,25/04/2022,0,0,,"86,25"
AM,BR-230,549,548,1,25/04/2022,0,0,,90
AM,BR-230,548,547,1,25/04/2022,0,0,,"86,25"
AM,BR-230,547,546,1,25/04/2022,0,0,,"87,5"
AM,BR-230,546,545,1,25/04/2022,0,0,,"96,25"
AM,BR-230,545,544,1,25/04/2022,0,0,,85
AM,BR-230,544,543,1,25/04/2022,0,0,,85
AM,BR-230,543,542,1,25/04/2022,0,0,,"96,25"
AM,BR-230,542,541,1,25/04/2022,0,0,,"92,5"
AM,BR-230,541,540,1,25/04/2022,0,0,,"98,75"
AM,BR-230,540,539,1,25/04/2022,0,0,,"93,75"
AM,BR-230,539,538,1,25/04/2022,0,0,,90
AM,BR-230,538,537,1,25/04/2022,0,0,,"87,5"
AM,BR-230,537,536,1,25/04/2022,0,0,,90
AM,BR-230,536,535,1,25/04/2022,0,0,,90
AM,BR-230,535,534,1,25/04/2022,0,0,,"93,75"
AM,BR-230,534,533,1,25/04/2022,0,0,,"93,75"
AM,BR-230,533,532,1,25/04/2022,0,0,,"78,75"
AM,BR-230,532,531,1,25/04/2022,0,0,,"93,75"
AM,BR-230,531,530,1,25/04/2022,0,0,,"97,5"
AM,BR-230,530,529,1,25/04/2022,0,0,,"97,5"
AM,BR-230,529,528,1,25/04/2022,0,0,,"97,5"
AM,BR-230,528,527,1,25/04/2022,0,0,,"93,75"
AM,BR-230,527,526,1,25/04/2022,0,0,,"93,75"
AM,BR-230,526,525,1,25/04/2022,0,0,,"82,5"
AM,BR-230,525,524,1,25/04/2022,0,0,,"81,25"
AM,BR-230,524,523,1,25/04/2022,0,0,,"83,75"
AM,BR-230,523,522,1,25/04/2022,0,0,,"78,75"
AM,BR-230,522,521,1,25/04/2022,0,0,,"83,75"
AM,BR-230,521,520,1,25/04/2022,0,0,,"67,5"
AM,BR-230,520,519,1,25/04/2022,0,0,,"73,75"
AM,BR-230,519,518,1,25/04/2022,0,0,,"76,25"
AM,BR-230,518,517,1,25/04/2022,0,0,,"67,5"
AM,BR-230,517,"516,3","0,7",25/04/2022,0,0,,50
AM,BR-230,"516,3",515,"1,3",25/04/2022,0,0,,50
AM,BR-230,"516,3",515,"1,3",25/04/2022,0,0,,"56,25"
AM,BR-230,515,514,1,25/04/2022,0,0,,"68,75"
AM,BR-230,514,513,1,25/04/2022,0,0,,"68,75"
AM,BR-230,513,512,1,25/04/2022,0,0,,"68,75"
AM,BR-230,512,511,1,25/04/2022,0,0,,"77,5"
AM,BR-230,511,510,1,25/04/2022,0,0,,"83,75"
AM,BR-230,510,509,1,25/04/2022,0,0,,"76,25"
AM,BR-230,509,508,1,25/04/2022,0,0,,"76,25"
AM,BR-230,508,507,1,25/04/2022,0,0,,"68,75"
AM,BR-230,507,506,1,25/04/2022,0,0,,"68,75"
AM,BR-230,506,505,1,25/04/2022,0,0,,"68,75"
AM,BR-230,505,504,1,25/04/2022,0,0,,"51,25"
AM,BR-230,504,503,1,25/04/2022,0,0,,"51,25"
AM,BR-230,503,502,1,25/04/2022,0,0,,"56,25"
AM,BR-230,502,501,1,25/04/2022,0,0,,"73,75"
AM,BR-230,501,500,1,25/04/2022,0,0,,"66,25"
AM,BR-230,500,499,1,25/04/2022,0,0,,"38,75"
AM,BR-230,499,498,1,25/04/2022,0,0,,50
AM,BR-230,498,497,1,25/04/2022,0,0,,"82,5"
AM,BR-230,497,496,1,25/04/2022,0,0,,"56,25"
AM,BR-230,496,495,1,25/04/2022,0,0,,"63,75"
AM,BR-230,495,494,1,25/04/2022,0,0,,"56,25"
AM,BR-230,494,493,1,25/04/2022,0,0,,80
AM,BR-230,493,492,1,25/04/2022,0,0,,"78,75"
AM,BR-230,492,491,1,25/04/2022,0,0,,90
AM,BR-230,491,490,1,25/04/2022,0,0,,"47,5"
AM,BR-230,490,489,1,25/04/2022,0,0,,45
AM,BR-230,489,488,1,25/04/2022,0,0,,55
AM,BR-230,488,487,1,25/04/2022,0,0,,"72,5"
AM,BR-230,487,486,1,25/04/2022,0,0,,"97,5"
AM,BR-230,486,485,1,25/04/2022,0,0,,"71,25"
AM,BR-230,485,484,1,25/04/2022,0,0,,40
AM,BR-230,484,483,1,25/04/2022,0,0,,"51,25"
AM,BR-230,483,482,1,25/04/2022,0,0,,"87,5"
AM,BR-230,482,481,1,25/04/2022,0,0,,"97,5"
AM,BR-230,481,480,1,25/04/2022,0,0,,"93,75"
AM,BR-230,480,479,1,25/04/2022,0,0,,90
AM,BR-230,479,478,1,25/04/2022,0,0,,"97,5"
AM,BR-230,478,477,1,25/04/2022,0,0,,"87,5"
AM,BR-230,477,476,1,25/04/2022,0,0,,"87,5"
AM,BR-230,476,475,1,25/04/2022,0,0,,85
AM,BR-230,475,474,1,25/04/2022,0,0,,"88,75"
AM,BR-230,474,473,1,25/04/2022,0,0,,"91,25"
AM,BR-230,473,472,1,25/04/2022,0,0,,"93,75"
AM,BR-230,472,471,1,25/04/2022,0,0,,"97,5"
AM,BR-230,471,470,1,25/04/2022,0,0,,"97,5"
AM,BR-230,470,469,1,25/04/2022,0,0,,95
AM,BR-230,469,468,1,25/04/2022,0,0,,95
AM,BR-230,468,467,1,25/04/2022,0,0,,"81,25"
AM,BR-230,467,466,1,25/04/2022,0,0,,95
AM,BR-230,466,465,1,25/04/2022,0,0,,"92,5"
AM,BR-230,465,464,1,25/04/2022,0,0,,"92,5"
AM,BR-230,464,463,1,25/04/2022,0,0,,95
AM,BR-230,463,462,1,25/04/2022,0,0,,95
AM,BR-230,462,461,1,25/04/2022,0,0,,95
AM,BR-230,461,460,1,25/04/2022,0,0,,95
AM,BR-230,460,459,1,25/04/2022,0,0,,95
AM,BR-230,459,458,1,25/04/2022,0,0,,"92,5"
AM,BR-230,458,457,1,25/04/2022,0,0,,95
AM,BR-230,457,456,1,25/04/2022,0,0,,95
AM,BR-230,456,455,1,25/04/2022,0,0,,95
AM,BR-230,455,454,1,25/04/2022,0,0,,95
AM,BR-230,454,453,1,25/04/2022,0,0,,95
AM,BR-230,453,452,1,25/04/2022,0,0,,95
AM,BR-230,452,451,1,25/04/2022,0,0,,95
AM,BR-230,451,450,1,25/04/2022,0,0,,95
AM,BR-230,450,449,1,25/04/2022,0,0,,95
AM,BR-230,449,448,1,25/04/2022,0,0,,95
AM,BR-230,448,447,1,25/04/2022,0,0,,95
AM,BR-230,447,446,1,25/04/2022,0,0,,95
AM,BR-230,446,445,1,25/04/2022,0,0,,95
AM,BR-230,445,444,1,25/04/2022,0,0,,"88,75"
AM,BR-230,444,443,1,25/04/2022,0,0,,"97,5"
AM,BR-230,443,442,1,25/04/2022,0,0,,95
AM,BR-230,442,441,1,25/04/2022,0,0,,"88,75"
AM,BR-230,441,440,1,25/04/2022,0,0,,95
AM,BR-230,440,439,1,25/04/2022,0,0,,"97,5"
AM,BR-230,439,438,1,25/04/2022,0,0,,"97,5"
AM,BR-230,438,437,1,25/04/2022,0,0,,"97,5"
AM,BR-230,437,436,1,25/04/2022,0,0,,"97,5"
AM,BR-230,436,435,1,25/04/2022,0,0,,"98,75"
AM,BR-230,435,434,1,25/04/2022,0,0,,"98,75"
AM,BR-230,434,433,1,25/04/2022,0,0,,"97,5"
AM,BR-230,433,432,1,25/04/2022,0,0,,"97,5"
AM,BR-230,432,431,1,25/04/2022,0,0,,"97,5"
AM,BR-230,431,430,1,25/04/2022,0,0,,"98,75"
AM,BR-230,430,429,1,25/04/2022,0,0,,95
AM,BR-230,429,428,1,25/04/2022,0,0,,"97,5"
AM,BR-230,428,427,1,25/04/2022,0,0,,90
AM,BR-230,427,426,1,25/04/2022,0,0,,95
AM,BR-230,426,425,1,25/04/2022,0,0,,"97,5"
AM,BR-230,425,424,1,25/04/2022,0,0,,95
AM,BR-230,424,423,1,25/04/2022,0,0,,"86,25"
AM,BR-230,423,422,1,25/04/2022,0,0,,95
AM,BR-230,422,421,1,25/04/2022,0,0,,95
AM,BR-230,421,420,1,25/04/2022,0,0,,95
AM,BR-230,420,419,1,25/04/2022,0,0,,"97,5"
AM,BR-230,419,418,1,25/04/2022,0,0,,"97,5"
AM,BR-230,418,417,1,25/04/2022,0,0,,"97,5"
AM,BR-230,417,416,1,25/04/2022,0,0,,"93,75"
AM,BR-230,416,415,1,25/04/2022,0,0,,"97,5"
AM,BR-230,415,414,1,25/04/2022,0,0,,"93,75"
AM,BR-230,414,413,1,25/04/2022,0,0,,"98,75"
AM,BR-230,413,412,1,25/04/2022,0,0,,"93,75"
AM,BR-230,412,411,1,25/04/2022,0,0,,"98,75"
AM,BR-230,411,410,1,25/04/2022,0,0,,"97,5"
AM,BR-230,410,409,1,25/04/2022,0,0,,"97,5"
AM,BR-230,409,408,1,25/04/2022,0,0,,"97,5"
AM,BR-230,408,407,1,25/04/2022,0,0,,"97,5"
AM,BR-230,407,406,1,25/04/2022,0,0,,85
AM,BR-230,406,405,1,25/04/2022,0,0,,"87,5"
AM,BR-230,405,404,1,25/04/2022,0,0,,"87,5"
AM,BR-230,404,403,1,25/04/2022,0,0,,"81,25"
AM,BR-230,403,402,1,25/04/2022,0,0,,"88,75"
AM,BR-230,402,401,1,25/04/2022,0,0,,"87,5"
AM,BR-230,401,"400,6","0,4",25/04/2022,0,0,,95
AM,BR-230,"400,6",399,"1,6",25/04/2022,0,0,,"97,5"
AM,BR-230,"400,6",399,"1,6",25/04/2022,0,0,,"73,75"
AM,BR-230,399,398,1,25/04/2022,0,0,,"52,5"
AM,BR-230,398,397,1,25/04/2022,0,0,,"48,75"
AM,BR-230,397,396,1,25/04/2022,0,0,,"52,5"
AM,BR-230,396,395,1,25/04/2022,0,0,,"57,5"
AM,BR-230,395,394,1,25/04/2022,0,0,,"68,75"
AM,BR-230,394,393,1,25/04/2022,0,0,,"71,25"
AM,BR-230,393,392,1,25/04/2022,0,0,,"48,75"
AM,BR-230,392,391,1,25/04/2022,0,0,,30
AM,BR-230,391,390,1,25/04/2022,0,0,,50
AM,BR-230,390,389,1,25/04/2022,0,0,,"57,5"
AM,BR-230,389,388,1,25/04/2022,0,0,,"83,75"
AM,BR-230,388,387,1,25/04/2022,0,0,,70
AM,BR-230,387,386,1,25/04/2022,0,0,,"82,5"
AM,BR-230,386,385,1,25/04/2022,0,0,,"86,25"
AM,BR-230,385,384,1,25/04/2022,0,0,,95
AM,BR-230,384,383,1,25/04/2022,0,0,,"91,25"
AM,BR-230,383,382,1,25/04/2022,0,0,,"87,5"
AM,BR-230,382,381,1,25/04/2022,0,0,,"91,25"
AM,BR-230,381,380,1,25/04/2022,0,0,,85
AM,BR-230,380,379,1,25/04/2022,0,0,,"97,5"
AM,BR-230,379,378,1,25/04/2022,0,0,,"78,75"
AM,BR-230,378,377,1,25/04/2022,0,0,,85
AM,BR-230,377,376,1,25/04/2022,0,0,,"77,5"
AM,BR-230,376,375,1,25/04/2022,0,0,,"77,5"
AM,BR-230,375,374,1,25/04/2022,0,0,,65
AM,BR-230,374,373,1,25/04/2022,0,0,,"96,25"
AM,BR-230,373,372,1,25/04/2022,0,0,,"67,5"
AM,BR-230,372,371,1,25/04/2022,0,0,,70
AM,BR-230,371,370,1,25/04/2022,0,0,,"97,5"
AM,BR-230,370,369,1,25/04/2022,0,0,,100
AM,BR-230,369,368,1,25/04/2022,0,0,,"86,25"
AM,BR-230,368,367,1,25/04/2022,0,0,,"96,25"
AM,BR-230,367,366,1,25/04/2022,0,0,,"88,75"
AM,BR-230,366,365,1,25/04/2022,0,0,,"92,5"
AM,BR-230,365,364,1,25/04/2022,0,0,,85
AM,BR-230,364,363,1,25/04/2022,0,0,,"92,5"
AM,BR-230,363,362,1,25/04/2022,0,0,,85
AM,BR-230,362,361,1,25/04/2022,0,0,,"98,75"
AM,BR-230,361,360,1,25/04/2022,0,0,,"81,25"
AM,BR-230,360,359,1,25/04/2022,0,0,,"96,25"
AM,BR-230,359,358,1,25/04/2022,0,0,,100
AM,BR-230,358,357,1,25/04/2022,0,0,,100
AM,BR-230,357,356,1,25/04/2022,0,0,,"98,75"
AM,BR-230,356,355,1,25/04/2022,0,0,,100
AM,BR-230,355,354,1,25/04/2022,0,0,,"78,75"
AM,BR-230,354,353,1,25/04/2022,0,0,,100
AM,BR-230,353,352,1,25/04/2022,0,0,,"92,5"
AM,BR-230,352,351,1,25/04/2022,0,0,,100
AM,BR-230,351,350,1,25/04/2022,0,0,,"96,25"
AM,BR-230,350,349,1,25/04/2022,0,0,,"97,5"
AM,BR-230,349,348,1,25/04/2022,0,0,,"97,5"
AM,BR-230,348,347,1,25/04/2022,0,0,,"91,25"
AM,BR-230,347,346,1,25/04/2022,0,0,,"97,5"
AM,BR-230,346,345,1,25/04/2022,0,0,,"91,25"
AM,BR-230,345,344,1,25/04/2022,0,0,,"97,5"
AM,BR-230,344,343,1,25/04/2022,0,0,,"97,5"
AM,BR-230,343,342,1,25/04/2022,0,0,,"82,5"
AM,BR-230,342,341,1,25/04/2022,0,0,,95
AM,BR-230,341,340,1,25/04/2022,0,0,,"98,75"
AM,BR-230,340,339,1,25/04/2022,0,0,,"97,5"
AM,BR-230,339,338,1,25/04/2022,0,0,,"97,5"
AM,BR-230,338,337,1,25/04/2022,0,0,,"97,5"
AM,BR-230,337,336,1,25/04/2022,0,0,,95
AM,BR-230,336,335,1,25/04/2022,0,0,,95
AM,BR-230,335,334,1,25/04/2022,0,0,,"98,75"
AM,BR-230,334,333,1,25/04/2022,0,0,,"98,75"
AM,BR-230,333,332,1,25/04/2022,0,0,,"98,75"
AM,BR-230,332,331,1,25/04/2022,0,0,,"98,75"
AM,BR-230,331,330,1,25/04/2022,0,0,,"97,5"
AM,BR-230,330,329,1,25/04/2022,0,0,,"97,5"
AM,BR-230,329,328,1,25/04/2022,0,0,,"97,5"
AM,BR-230,328,327,1,25/04/2022,0,0,,95
AM,BR-230,327,326,1,25/04/2022,0,0,,95
AM,BR-230,326,325,1,25/04/2022,0,0,,95
AM,BR-230,325,324,1,25/04/2022,0,0,,"97,5"
AM,BR-230,324,323,1,25/04/2022,0,0,,"98,75"
AM,BR-230,323,322,1,25/04/2022,0,0,,95
AM,BR-230,322,321,1,25/04/2022,0,0,,"98,75"
AM,BR-230,321,320,1,25/04/2022,0,0,,"98,75"
AM,BR-230,320,319,1,25/04/2022,0,0,,"86,25"
AM,BR-230,319,318,1,25/04/2022,0,0,,"93,75"
AM,BR-230,318,317,1,25/04/2022,0,0,,"97,5"
AM,BR-230,317,316,1,25/04/2022,0,0,,"93,75"
AM,BR-230,316,315,1,25/04/2022,0,0,,90
AM,BR-230,315,"314,8","0,2",25/04/2022,0,0,,"77,5"
AM,BR-230,"314,4",313,"1,4",25/04/2022,0,0,,"96,25"
AM,BR-230,313,312,1,25/04/2022,0,0,,95
AM,BR-230,312,311,1,25/04/2022,0,0,,"91,25"
AM,BR-230,311,310,1,25/04/2022,0,0,,95
AM,BR-230,310,309,1,25/04/2022,0,0,,"87,5"
AM,BR-230,309,308,1,25/04/2022,0,0,,"88,75"
AM,BR-230,308,307,1,25/04/2022,0,0,,"88,75"
AM,BR-230,307,306,1,25/04/2022,0,0,,"98,75"
AM,BR-230,306,305,1,25/04/2022,0,0,,95
AM,BR-230,305,304,1,25/04/2022,0,0,,90
AM,BR-230,304,303,1,25/04/2022,0,0,,"92,5"
AM,BR-230,303,302,1,25/04/2022,0,0,,"97,5"
AM,BR-230,302,301,1,25/04/2022,0,0,,"88,75"
AM,BR-230,301,300,1,25/04/2022,0,0,,"97,5"
AM,BR-230,300,299,1,25/04/2022,0,0,,"97,5"
AM,BR-230,299,298,1,25/04/2022,0,0,,"97,5"
AM,BR-230,298,297,1,25/04/2022,0,0,,"86,25"
AM,BR-230,297,296,1,25/04/2022,0,0,,90
AM,BR-230,296,295,1,25/04/2022,0,0,,90
AM,BR-230,295,294,1,25/04/2022,0,0,,"92,5"
AM,BR-230,294,293,1,25/04/2022,0,0,,"93,75"
AM,BR-230,293,292,1,25/04/2022,0,0,,95
AM,BR-230,292,291,1,25/04/2022,0,0,,"86,25"
AM,BR-230,291,290,1,25/04/2022,0,0,,90
AM,BR-230,290,289,1,25/04/2022,0,0,,75
AM,BR-230,289,288,1,25/04/2022,0,0,,90
AM,BR-230,288,287,1,25/04/2022,0,0,,"88,75"
AM,BR-230,287,286,1,25/04/2022,0,0,,95
AM,BR-230,286,285,1,25/04/2022,0,0,,"97,5"
AM,BR-230,285,284,1,25/04/2022,0,0,,90
AM,BR-230,284,283,1,25/04/2022,0,0,,"91,25"
AM,BR-230,283,282,1,25/04/2022,0,0,,"76,25"
AM,BR-230,282,281,1,25/04/2022,0,0,,"93,75"
AM,BR-230,281,280,1,25/04/2022,0,0,,"86,25"
AM,BR-230,280,279,1,25/04/2022,0,0,,"77,5"
AM,BR-230,279,278,1,25/04/2022,0,0,,"86,25"
AM,BR-230,278,277,1,25/04/2022,0,0,,80
AM,BR-230,277,276,1,25/04/2022,0,0,,"88,75"
AM,BR-230,276,275,1,25/04/2022,0,0,,85
AM,BR-230,275,274,1,25/04/2022,0,0,,"67,5"
AM,BR-230,274,273,1,25/04/2022,0,0,,95
AM,BR-230,273,272,1,25/04/2022,0,0,,95
AM,BR-230,272,271,1,25/04/2022,0,0,,70
AM,BR-230,271,270,1,25/04/2022,0,0,,"67,5"
AM,BR-230,270,269,1,25/04/2022,0,0,,"63,75"
AM,BR-230,269,268,1,25/04/2022,0,0,,"87,5"
AM,BR-230,268,267,1,25/04/2022,0,0,,75
AM,BR-230,267,266,1,25/04/2022,0,0,,75
AM,BR-230,266,265,1,25/04/2022,0,0,,"77,5"
AM,BR-230,265,264,1,25/04/2022,0,0,,65
AM,BR-230,264,263,1,25/04/2022,0,0,,"81,25"
AM,BR-230,263,262,1,25/04/2022,0,0,,"73,75"
AM,BR-230,262,261,1,25/04/2022,0,0,,"78,75"
AM,BR-230,261,260,1,25/04/2022,0,0,,"67,5"
AM,BR-230,260,259,1,25/04/2022,0,0,,"83,75"
AM,BR-230,259,258,1,25/04/2022,0,0,,"66,25"
AM,BR-230,258,257,1,25/04/2022,0,0,,"78,75"
AM,BR-230,257,256,1,25/04/2022,0,0,,60
AM,BR-230,256,255,1,25/04/2022,0,0,,80
AM,BR-230,255,254,1,25/04/2022,0,0,,"91,25"
AM,BR-230,254,253,1,25/04/2022,0,0,,80
AM,BR-230,253,252,1,25/04/2022,0,0,,85
AM,BR-230,252,251,1,25/04/2022,0,0,,"88,75"
AM,BR-230,251,250,1,25/04/2022,0,0,,"71,25"
AM,BR-230,250,249,1,25/04/2022,0,0,,"67,5"
AM,BR-230,249,248,1,25/04/2022,0,0,,"77,5"
AM,BR-230,248,247,1,25/04/2022,0,0,,"93,75"
AM,BR-230,247,246,1,25/04/2022,0,0,,"71,25"
AM,BR-230,246,245,1,25/04/2022,0,0,,80
AM,BR-230,245,244,1,25/04/2022,0,0,,80
AM,BR-230,244,243,1,25/04/2022,0,0,,"77,5"
AM,BR-230,243,242,1,25/04/2022,0,0,,"82,5"
AM,BR-230,242,241,1,25/04/2022,0,0,,80
AM,BR-230,241,240,1,25/04/2022,0,0,,"77,5"
AM,BR-230,240,239,1,25/04/2022,0,0,,"83,75"
AM,BR-230,239,238,1,25/04/2022,0,0,,"77,5"
AM,BR-230,238,237,1,25/04/2022,0,0,,85
AM,BR-230,237,236,1,25/04/2022,0,0,,"73,75"
AM,BR-230,236,235,1,25/04/2022,0,0,,"77,5"
AM,BR-230,235,234,1,25/04/2022,0,0,,"81,25"
AM,BR-230,234,233,1,25/04/2022,0,0,,80
AM,BR-230,233,232,1,25/04/2022,0,0,,90
AM,BR-230,232,231,1,25/04/2022,0,0,,"78,75"
AM,BR-230,231,230,1,25/04/2022,0,0,,"86,25"
AM,BR-230,230,229,1,25/04/2022,0,0,,"78,75"
AM,BR-230,229,228,1,25/04/2022,0,0,,"83,75"
AM,BR-230,228,227,1,25/04/2022,0,0,,90
AM,BR-230,227,226,1,25/04/2022,0,0,,90
AM,BR-230,226,225,1,25/04/2022,0,0,,"91,25"
AM,BR-230,225,224,1,25/04/2022,0,0,,"93,75"
AM,BR-230,224,223,1,25/04/2022,0,0,,"88,75"
AM,BR-230,223,222,1,25/04/2022,0,0,,"87,5"
AM,BR-230,222,221,1,25/04/2022,0,0,,"88,75"
AM,BR-230,221,220,1,25/04/2022,0,0,,"83,75"
AM,BR-230,220,219,1,25/04/2022,0,0,,95
AM,BR-230,219,218,1,25/04/2022,0,0,,"91,25"
AM,BR-230,218,217,1,25/04/2022,0,0,,"87,5"
AM,BR-230,217,216,1,25/04/2022,0,0,,"73,75"
AM,BR-230,216,215,1,25/04/2022,0,0,,80
AM,BR-230,215,214,1,25/04/2022,0,0,,"72,5"
AM,BR-230,214,"213,2","0,8",25/04/2022,0,0,,"72,5"
PA,BR-308,226,227,1,27/04/2022,"-1,0287142","-46,6395253",,65
PA,BR-308,227,228,1,27/04/2022,"-1,0287142","-46,6395253",,"43,75"
PA,BR-308,228,229,1,27/04/2022,"-1,0287142","-46,6395253",,"43,75"
PA,BR-308,229,230,1,27/04/2022,"-1,0287142","-46,6395253",,50
PA,BR-308,230,231,1,27/04/2022,"-1,0287142","-46,6395253",,50
PA,BR-308,231,232,1,27/04/2022,"-1,0287142","-46,6395253",,"43,75"
PA,BR-308,232,233,1,27/04/2022,"-1,0287142","-46,6395253",,"43,75"
PA,BR-308,233,234,1,27/04/2022,"-1,0287142","-46,6395253",,"43,75"
PA,BR-308,234,235,1,27/04/2022,"-1,0287142","-46,6395253",,"43,75"
PA,BR-308,235,236,1,27/04/2022,"-1,0287142","-46,6395253",,"51,25"
PA,BR-308,236,237,1,27/04/2022,"-1,0287142","-46,6395253",,"43,75"
PA,BR-308,237,238,1,27/04/2022,"-1,0287142","-46,6395253",,"43,75"
PA,BR-308,238,239,1,27/04/2022,"-1,0287142","-46,6395253",,30
PA,BR-308,239,240,1,27/04/2022,"-1,0287142","-46,6395253",,"43,75"
PA,BR-308,240,241,1,27/04/2022,"-1,0287142","-46,6395253",,"43,75"
PA,BR-308,241,242,1,27/04/2022,"-1,0287142","-46,6395253",,"37,5"
PA,BR-308,242,243,1,27/04/2022,"-1,0287142","-46,6395253",,"43,75"
PA,BR-308,243,244,1,27/04/2022,"-1,0287142","-46,6395253",,15
PA,BR-308,244,245,1,27/04/2022,"-1,0287142","-46,6395253",,30
PA,BR-308,245,246,1,27/04/2022,"-1,0287142","-46,6395253",,"36,25"
PA,BR-308,246,247,1,27/04/2022,"-1,0287142","-46,6395253",,"43,75"
PA,BR-308,247,248,1,27/04/2022,"-1,0287142","-46,6395253",,"43,75"
PA,BR-308,248,249,1,27/04/2022,"-1,0287142","-46,6395253",,"37,5"
PA,BR-308,249,250,1,27/04/2022,"-1,0287142","-46,6395253",,"37,5"
PA,BR-308,250,251,1,27/04/2022,"-1,0287142","-46,6395253",,30
PA,BR-308,251,252,1,27/04/2022,"-1,0287142","-46,6395253",,30
PA,BR-308,252,253,1,27/04/2022,"-1,0287142","-46,6395253",,"61,25"
PA,BR-308,253,254,1,27/04/2022,"-1,0287142","-46,6395253",,"48,75"
PA,BR-308,254,255,1,27/04/2022,"-1,0287142","-46,6395253",,"43,75"
PA,BR-308,255,256,1,27/04/2022,"-1,0287142","-46,6395253",,"51,25"
PA,BR-308,256,257,1,27/04/2022,"-1,0287142","-46,6395253",,"43,75"
PA,BR-308,257,258,1,27/04/2022,"-1,0287142","-46,6395253",,"73,75"
PA,BR-308,258,259,1,27/04/2022,"-1,0287142","-46,6395253",,"51,25"
PA,BR-308,259,260,1,27/04/2022,"-1,0287142","-46,6395253",,45
PA,BR-308,260,261,1,27/04/2022,"-1,0287142","-46,6395253",,"43,75"
PA,BR-308,261,262,1,27/04/2022,"-1,0287142","-46,6395253",,45
PA,BR-308,262,263,1,27/04/2022,"-1,0287142","-46,6395253",,"58,75"
PA,BR-308,263,264,1,27/04/2022,"-1,0287142","-46,6395253",,"58,75"
PA,BR-308,264,265,1,27/04/2022,"-1,0287142","-46,6395253",,"56,25"
PA,BR-308,265,266,1,27/04/2022,"-1,0287142","-46,6395253",,"56,25"
PA,BR-308,268,269,1,27/04/2022,"-1,0287142","-46,6395253",,35
PA,BR-308,269,270,1,27/04/2022,"-1,0287142","-46,6395253",,"48,75"
PA,BR-308,270,271,1,27/04/2022,"-1,0287142","-46,6395253",,"52,5"
PA,BR-308,271,272,1,27/04/2022,"-1,0287142","-46,6395253",,"52,5"
PA,BR-308,272,273,1,27/04/2022,"-1,0287142","-46,6395253",,"52,5"
PA,BR-308,273,274,1,27/04/2022,"-1,0287142","-46,6395253",,"52,5"
PA,BR-308,274,275,1,27/04/2022,"-1,0287142","-46,6395253",,"52,5"
PA,BR-308,275,276,1,27/04/2022,"-1,0287142","-46,6395253",,"43,75"
PA,BR-308,276,277,1,27/04/2022,"-1,0287142","-46,6395253",,"52,5"
PA,BR-308,277,278,1,27/04/2022,"-1,0287142","-46,6395253",,"52,5"
PA,BR-308,278,279,1,27/04/2022,"-1,0287142","-46,6395253",,"52,5"
PA,BR-308,279,280,1,27/04/2022,"-1,0287142","-46,6395253",,"63,75"
PA,BR-308,280,281,1,27/04/2022,"-1,0287142","-46,6395253",,60
PA,BR-308,281,282,1,27/04/2022,"-1,0287142","-46,6395253",,"63,75"
PA,BR-308,282,283,1,27/04/2022,"-1,0287142","-46,6395253",,"63,75"
PA,BR-308,283,284,1,27/04/2022,"-1,0287142","-46,6395253",,"63,75"
PA,BR-308,284,285,1,27/04/2022,"-1,0287142","-46,6395253",,"52,5"
PA,BR-308,285,286,1,27/04/2022,"-1,0287142","-46,6395253",,"52,5"
PA,BR-308,286,287,1,27/04/2022,"-1,0287142","-46,6395253",,"41,25"
PA,BR-308,287,288,1,27/04/2022,"-1,0287142","-46,6395253",,"52,5"
PA,BR-308,288,289,1,27/04/2022,"-1,0287142","-46,6395253",,"41,25"
PA,BR-308,289,290,1,27/04/2022,"-1,0287142","-46,6395253",,"48,75"
PA,BR-308,290,291,1,27/04/2022,"-1,0287142","-46,6395253",,"48,75"
PA,BR-308,291,292,1,27/04/2022,"-1,0287142","-46,6395253",,"48,75"
PA,BR-308,292,293,1,27/04/2022,"-1,0287142","-46,6395253",,"48,75"
PA,BR-308,293,294,1,27/04/2022,"-1,0287142","-46,6395253",,"48,75"
PA,BR-308,294,295,1,27/04/2022,"-1,0287142","-46,6395253",,"52,5"
PA,BR-308,295,296,1,27/04/2022,"-1,0287142","-46,6395253",,"52,5"
PA,BR-308,296,297,1,27/04/2022,"-1,0287142","-46,6395253",,"48,75"
PA,BR-308,297,298,1,27/04/2022,"-1,0287142","-46,6395253",,"48,75"
PA,BR-308,298,299,1,27/04/2022,"-1,0287142","-46,6395253",,"52,5"
PA,BR-308,299,300,1,27/04/2022,"-1,0287142","-46,6395253",,"63,75"
PA,BR-308,300,301,1,27/04/2022,"-1,0287142","-46,6395253",,"63,75"
PA,BR-308,301,302,1,27/04/2022,"-1,0287142","-46,6395253",,"77,5"
PA,BR-308,302,303,1,27/04/2022,"-1,0287142","-46,6395253",,"52,5"
PA,BR-308,306,307,1,27/04/2022,"-1,0287142","-46,6395253",,"48,75"
PA,BR-308,307,308,1,27/04/2022,"-1,0287142","-46,6395253",,"52,5"
PA,BR-308,308,309,1,27/04/2022,"-1,0287142","-46,6395253",,"52,5"
PA,BR-308,309,310,1,27/04/2022,"-1,0287142","-46,6395253",,"52,5"
PA,BR-308,310,311,1,27/04/2022,"-1,0287142","-46,6395253",,"41,25"
PA,BR-308,311,312,1,27/04/2022,"-1,0287142","-46,6395253",,"52,5"
PA,BR-308,312,313,1,27/04/2022,"-1,0287142","-46,6395253",,"48,75"
PA,BR-308,313,314,1,27/04/2022,"-1,0287142","-46,6395253",,"52,5"
PA,BR-308,314,315,1,27/04/2022,"-1,0287142","-46,6395253",,"41,25"
PA,BR-308,315,316,1,27/04/2022,"-1,0287142","-46,6395253",,"52,5"
PA,BR-308,316,317,1,27/04/2022,"-1,0287142","-46,6395253",,"52,5"
PA,BR-308,317,318,1,27/04/2022,"-1,0287142","-46,6395253",,"48,75"
PA,BR-308,318,319,1,27/04/2022,"-1,0287142","-46,6395253",,"41,25"
AM,BR-230,195,196,1,27/04/2022,"-7,2010624","-59,8916713",,85
AM,BR-230,196,197,1,27/04/2022,"-7,2010624","-59,8916713",,75
AM,BR-230,197,198,1,27/04/2022,"-7,2010624","-59,8916713",,"86,25"
AM,BR-230,198,199,1,27/04/2022,"-7,2010624","-59,8916713",,"71,25"
AM,BR-230,199,200,1,27/04/2022,"-7,2010624","-59,8916713",,"58,75"
AM,BR-230,200,201,1,27/04/2022,"-7,2010624","-59,8916713",,"77,5"
AM,BR-230,201,202,1,27/04/2022,"-7,2010624","-59,8916713",,"73,75"
AM,BR-230,202,203,1,27/04/2022,"-7,2010624","-59,8916713",,"71,25"
AM,BR-230,203,204,1,27/04/2022,"-7,2010624","-59,8916713",,"72,5"
AM,BR-230,204,205,1,27/04/2022,"-7,2010624","-59,8916713",,70
AM,BR-230,205,206,1,27/04/2022,"-7,2010624","-59,8916713",,"76,25"
AM,BR-230,206,207,1,27/04/2022,"-7,2010624","-59,8916713",,75
AM,BR-230,207,208,1,27/04/2022,"-7,2010624","-59,8916713",,"71,25"
AM,BR-230,208,209,1,27/04/2022,"-7,2010624","-59,8916713",,"92,5"
AM,BR-230,209,210,1,27/04/2022,"-7,2010624","-59,8916713",,"91,25"
AM,BR-230,210,211,1,27/04/2022,"-7,2010624","-59,8916713",,"77,5"
AM,BR-230,211,212,1,27/04/2022,"-7,2010624","-59,8916713",,80
AM,BR-230,212,213,1,27/04/2022,"-7,2010624","-59,8916713",,90
AM,BR-230,213,214,1,27/04/2022,"-7,2010624","-59,8916713",,"63,75"
AM,BR-230,214,215,1,27/04/2022,"-7,2010624","-59,8916713",,70
AM,BR-230,215,216,1,27/04/2022,"-7,2010624","-59,8916713",,"66,25"
AM,BR-230,216,217,1,27/04/2022,"-7,2010624","-59,8916713",,"67,5"
AM,BR-230,217,218,1,27/04/2022,"-7,2010624","-59,8916713",,"77,5"
AM,BR-230,218,219,1,27/04/2022,"-7,2010624","-59,8916713",,70
AM,BR-230,219,220,1,27/04/2022,"-7,2010624","-59,8916713",,"71,25"
AM,BR-230,220,221,1,27/04/2022,"-7,2010624","-59,8916713",,"63,75"
AM,BR-230,221,222,1,27/04/2022,"-7,2010624","-59,8916713",,65
AM,BR-230,222,223,1,27/04/2022,"-7,2010624","-59,8916713",,"67,5"
AM,BR-230,223,224,1,27/04/2022,"-7,2010624","-59,8916713",,85
AM,BR-230,224,225,1,27/04/2022,"-7,2010624","-59,8916713",,85
AM,BR-230,225,226,1,27/04/2022,"-7,2010624","-59,8916713",,"73,75"
AM,BR-319,"198,9",199,"0,1",26/04/2022,"-3,1895126","-59,8697885",,"91,25"
AM,BR-319,199,200,1,26/04/2022,"-3,1895126","-59,8697885",,85
AM,BR-319,200,201,1,26/04/2022,"-3,1895126","-59,8697885",,"88,75"
AM,BR-319,201,202,1,26/04/2022,"-3,1895126","-59,8697885",,85
AM,BR-319,202,203,1,26/04/2022,"-3,1895126","-59,8697885",,"88,75"
AM,BR-319,203,204,1,26/04/2022,"-3,1895126","-59,8697885",,85
AM,BR-319,204,205,1,26/04/2022,"-3,1895126","-59,8697885",,"88,75"
AM,BR-319,205,206,1,26/04/2022,"-3,1895126","-59,8697885",,85
AM,BR-319,206,207,1,26/04/2022,"-3,1895126","-59,8697885",,85
AM,BR-319,207,208,1,26/04/2022,"-3,1895126","-59,8697885",,85
AM,BR-319,208,209,1,26/04/2022,"-3,1895126","-59,8697885",,85
AM,BR-319,209,210,1,26/04/2022,"-3,1895126","-59,8697885",,85
AM,BR-319,210,211,1,26/04/2022,"-3,1895126","-59,8697885",,"88,75"
AM,BR-319,211,212,1,26/04/2022,"-3,1895126","-59,8697885",,85
AM,BR-319,212,213,1,26/04/2022,"-3,1895126","-59,8697885",,85
AM,BR-319,213,214,1,26/04/2022,"-3,1895126","-59,8697885",,85
AM,BR-319,214,215,1,26/04/2022,"-3,1895126","-59,8697885",,"88,75"
AM,BR-319,215,216,1,26/04/2022,"-3,1895126","-59,8697885",,85
AM,BR-319,216,217,1,26/04/2022,"-3,1895126","-59,8697885",,85
AM,BR-319,217,218,1,26/04/2022,"-3,1895126","-59,8697885",,85
AM,BR-319,218,219,1,26/04/2022,"-3,1895126","-59,8697885",,85
AM,BR-319,219,220,1,26/04/2022,"-3,1895126","-59,8697885",,85
AM,BR-319,220,221,1,26/04/2022,"-3,1895126","-59,8697885",,"88,75"
AM,BR-319,221,222,1,26/04/2022,"-3,1895126","-59,8697885",,85
AM,BR-319,222,223,1,26/04/2022,"-3,1895126","-59,8697885",,85
AM,BR-319,223,224,1,26/04/2022,"-3,1895126","-59,8697885",,85
AM,BR-319,224,225,1,26/04/2022,"-3,1895126","-59,8697885",,85
AM,BR-319,225,226,1,26/04/2022,"-3,1895126","-59,8697885",,85
AM,BR-319,226,227,1,26/04/2022,"-3,1895126","-59,8697885",,85
AM,BR-319,227,228,1,26/04/2022,"-3,1895126","-59,8697885",,85
AM,BR-319,228,229,1,26/04/2022,"-3,1895126","-59,8697885",,"88,75"
AM,BR-319,229,230,1,26/04/2022,"-3,1895126","-59,8697885",,85
AM,BR-319,230,231,1,26/04/2022,"-3,1895126","-59,8697885",,85
AM,BR-319,231,232,1,26/04/2022,"-3,1895126","-59,8697885",,85
AM,BR-319,232,233,1,26/04/2022,"-3,1895126","-59,8697885",,85
AM,BR-319,233,234,1,26/04/2022,"-3,1895126","-59,8697885",,85
AM,BR-319,234,235,1,26/04/2022,"-3,1895126","-59,8697885",,85
AM,BR-319,235,236,1,26/04/2022,"-3,1895126","-59,8697885",,85
AM,BR-319,236,237,1,26/04/2022,"-3,1895126","-59,8697885",,85
AM,BR-319,237,238,1,26/04/2022,"-3,1895126","-59,8697885",,85
AM,BR-319,238,239,1,26/04/2022,"-3,1895126","-59,8697885",,85
AM,BR-319,239,240,1,26/04/2022,"-3,1895126","-59,8697885",,85
AM,BR-319,240,241,1,26/04/2022,"-3,1895126","-59,8697885",,85
AM,BR-319,241,242,1,26/04/2022,"-3,1895126","-59,8697885",,85
AM,BR-319,242,243,1,26/04/2022,"-3,1895126","-59,8697885",,85
AM,BR-319,243,244,1,26/04/2022,"-3,1895126","-59,8697885",,85
AM,BR-319,244,245,1,26/04/2022,"-3,1895126","-59,8697885",,85
AM,BR-319,245,246,1,26/04/2022,"-3,1895126","-59,8697885",,85
AM,BR-319,246,247,1,26/04/2022,"-3,1895126","-59,8697885",,85
AM,BR-319,247,248,1,26/04/2022,"-3,1895126","-59,8697885",,85
AM,BR-319,248,249,1,26/04/2022,"-3,1895126","-59,8697885",,85
AM,BR-319,249,250,1,26/04/2022,"-3,1895126","-59,8697885",,85
AM,BR-319,250,251,1,26/04/2022,"-3,1895126","-59,8697885",,85
AM,BR-319,251,252,1,26/04/2022,"-3,1895126","-59,8697885",,85
AM,BR-319,252,253,1,26/04/2022,"-3,1895126","-59,8697885",,85
AM,BR-319,253,254,1,26/04/2022,"-3,1895126","-59,8697885",,85
AM,BR-319,254,255,1,26/04/2022,"-3,1895126","-59,8697885",,85
AM,BR-319,255,256,1,26/04/2022,"-3,1895126","-59,8697885",,85
AM,BR-319,256,257,1,26/04/2022,"-3,1895126","-59,8697885",,85
AM,BR-319,257,258,1,26/04/2022,"-3,1895126","-59,8697885",,85
AM,BR-319,258,259,1,26/04/2022,"-3,1895126","-59,8697885",,85
AM,BR-319,259,260,1,26/04/2022,"-3,1895126","-59,8697885",,85
AM,BR-319,260,261,1,26/04/2022,"-3,1895126","-59,8697885",,85
AM,BR-319,"261,1",262,"0,9",26/04/2022,"-3,1895126","-59,8697885",,85
AM,BR-319,262,263,1,26/04/2022,"-3,1895126","-59,8697885",,85
AM,BR-319,263,264,1,26/04/2022,"-3,1895126","-59,8697885",,85
AM,BR-319,264,265,1,26/04/2022,"-3,1895126","-59,8697885",,85
AM,BR-319,265,266,1,26/04/2022,"-3,1895126","-59,8697885",,85
AM,BR-319,266,267,1,26/04/2022,"-3,1895126","-59,8697885",,85
AM,BR-319,267,268,1,26/04/2022,"-3,1895126","-59,8697885",,85
AM,BR-319,268,269,1,26/04/2022,"-3,1895126","-59,8697885",,85
AM,BR-319,269,270,1,26/04/2022,"-3,1895126","-59,8697885",,85
AM,BR-319,270,271,1,26/04/2022,"-3,1895126","-59,8697885",,85
AM,BR-319,271,272,1,26/04/2022,"-3,1895126","-59,8697885",,85
AM,BR-319,272,273,1,26/04/2022,"-3,1895126","-59,8697885",,85
AM,BR-319,273,274,1,26/04/2022,"-3,1895126","-59,8697885",,85
AM,BR-319,274,275,1,26/04/2022,"-3,1895126","-59,8697885",,85
AM,BR-319,275,276,1,26/04/2022,"-3,1895126","-59,8697885",,85
AM,BR-319,276,277,1,26/04/2022,"-3,1895126","-59,8697885",,85
AM,BR-319,277,278,1,26/04/2022,"-3,1895126","-59,8697885",,"88,75"
AM,BR-319,278,279,1,26/04/2022,"-3,1895126","-59,8697885",,85
AM,BR-319,279,280,1,26/04/2022,"-3,1895126","-59,8697885",,85
AM,BR-319,280,281,1,26/04/2022,"-3,1895126","-59,8697885",,85
AM,BR-319,281,282,1,26/04/2022,"-3,1895126","-59,8697885",,85
AM,BR-319,282,283,1,26/04/2022,"-3,1895126","-59,8697885",,85
AM,BR-319,283,284,1,26/04/2022,"-3,1895126","-59,8697885",,85
AM,BR-319,284,285,1,26/04/2022,"-3,1895126","-59,8697885",,85
AM,BR-319,285,286,1,26/04/2022,"-3,1895126","-59,8697885",,85
AM,BR-319,286,287,1,26/04/2022,"-3,1895126","-59,8697885",,85
AM,BR-319,287,288,1,26/04/2022,"-3,1895126","-59,8697885",,85
AM,BR-319,288,289,1,26/04/2022,"-3,1895126","-59,8697885",,85
AM,BR-319,289,290,1,26/04/2022,"-3,1895126","-59,8697885",,85
AM,BR-319,290,291,1,26/04/2022,"-3,1895126","-59,8697885",,85
AM,BR-319,291,292,1,26/04/2022,"-3,1895126","-59,8697885",,85
AM,BR-319,292,293,1,26/04/2022,"-3,1895126","-59,8697885",,85
AM,BR-319,293,294,1,26/04/2022,"-3,1895126","-59,8697885",,85
AM,BR-319,294,295,1,26/04/2022,"-3,1895126","-59,8697885",,85
AM,BR-319,295,296,1,26/04/2022,"-3,1895126","-59,8697885",,85
AM,BR-319,296,297,1,26/04/2022,"-3,1895126","-59,8697885",,85
AM,BR-319,297,298,1,26/04/2022,"-3,1895126","-59,8697885",,85
AM,BR-319,298,299,1,26/04/2022,"-3,1895126","-59,8697885",,85
AM,BR-319,299,300,1,26/04/2022,"-3,1895126","-59,8697885",,85
AM,BR-319,300,301,1,26/04/2022,"-3,1895126","-59,8697885",,85
AM,BR-319,301,302,1,26/04/2022,"-3,1895126","-59,8697885",,85
AM,BR-319,302,303,1,26/04/2022,"-3,1895126","-59,8697885",,85
AM,BR-319,303,304,1,26/04/2022,"-3,1895126","-59,8697885",,85
AM,BR-319,304,305,1,26/04/2022,"-3,1895126","-59,8697885",,85
AM,BR-319,305,306,1,26/04/2022,"-3,1895126","-59,8697885",,85
AM,BR-319,306,307,1,26/04/2022,"-3,1895126","-59,8697885",,85
AM,BR-319,307,308,1,26/04/2022,"-3,1895126","-59,8697885",,85
AM,BR-319,308,309,1,26/04/2022,"-3,1895126","-59,8697885",,85
AM,BR-319,309,310,1,26/04/2022,"-3,1895126","-59,8697885",,85
AM,BR-319,310,311,1,26/04/2022,"-3,1895126","-59,8697885",,85
AM,BR-319,311,312,1,26/04/2022,"-3,1895126","-59,8697885",,85
AM,BR-319,312,313,1,26/04/2022,"-3,1895126","-59,8697885",,85
AM,BR-319,313,314,1,26/04/2022,"-3,1895126","-59,8697885",,85
AM,BR-319,314,315,1,26/04/2022,"-3,1895126","-59,8697885",,85
AM,BR-319,315,316,1,26/04/2022,"-3,1895126","-59,8697885",,85
AM,BR-319,316,317,1,26/04/2022,"-3,1895126","-59,8697885",,85
AM,BR-319,317,318,1,26/04/2022,"-3,1895126","-59,8697885",,85
AM,BR-319,318,319,1,26/04/2022,"-3,1895126","-59,8697885",,85
AM,BR-319,319,320,1,26/04/2022,"-3,1895126","-59,8697885",,85
AM,BR-319,320,321,1,26/04/2022,"-3,1895126","-59,8697885",,85
AM,BR-319,321,322,1,26/04/2022,"-3,1895126","-59,8697885",,85
AM,BR-319,322,323,1,26/04/2022,"-3,1895126","-59,8697885",,85
AM,BR-319,323,324,1,26/04/2022,"-3,1895126","-59,8697885",,85
AM,BR-319,324,325,1,26/04/2022,"-3,1895126","-59,8697885",,85
AM,BR-319,325,326,1,26/04/2022,"-3,1895126","-59,8697885",,85
AM,BR-319,326,327,1,26/04/2022,"-3,1895126","-59,8697885",,85
AM,BR-319,327,328,1,26/04/2022,"-3,1895126","-59,8697885",,85
AM,BR-319,328,329,1,26/04/2022,"-3,1895126","-59,8697885",,85
AM,BR-319,329,330,1,26/04/2022,"-3,1895126","-59,8697885",,85
AM,BR-319,330,331,1,26/04/2022,"-3,1895126","-59,8697885",,85
AM,BR-319,331,332,1,26/04/2022,"-3,1895126","-59,8697885",,85
AM,BR-319,332,333,1,26/04/2022,"-3,1895126","-59,8697885",,85
AM,BR-319,333,334,1,26/04/2022,"-3,1895126","-59,8697885",,85
AM,BR-319,334,335,1,26/04/2022,"-3,1895126","-59,8697885",,85
AM,BR-319,335,336,1,26/04/2022,"-3,1895126","-59,8697885",,85
AM,BR-319,336,337,1,26/04/2022,"-3,1895126","-59,8697885",,85
AM,BR-319,337,338,1,26/04/2022,"-3,1895126","-59,8697885",,85
AM,BR-319,338,339,1,26/04/2022,"-3,1895126","-59,8697885",,85
AM,BR-319,339,340,1,26/04/2022,"-3,1895126","-59,8697885",,85
AM,BR-319,340,341,1,26/04/2022,"-3,1895126","-59,8697885",,85
AM,BR-319,341,342,1,26/04/2022,"-3,1895126","-59,8697885",,85
AM,BR-319,342,343,1,26/04/2022,"-3,1895126","-59,8697885",,85
AM,BR-319,343,344,1,26/04/2022,"-3,1895126","-59,8697885",,85
AM,BR-319,344,345,1,26/04/2022,"-3,1895126","-59,8697885",,85
AM,BR-319,345,346,1,26/04/2022,"-3,1895126","-59,8697885",,85
AM,BR-319,"346,2",347,"0,8",26/04/2022,"-3,1895126","-59,8697885",,85
AM,BR-319,347,348,1,26/04/2022,"-3,1895126","-59,8697885",,85
AM,BR-319,348,349,1,26/04/2022,"-3,1895126","-59,8697885",,50
AM,BR-319,349,350,1,26/04/2022,"-3,1895126","-59,8697885",,"78,75"
AM,BR-319,350,351,1,26/04/2022,"-3,1895126","-59,8697885",,85
AM,BR-319,351,352,1,26/04/2022,"-3,1895126","-59,8697885",,85
AM,BR-319,352,353,1,26/04/2022,"-3,1895126","-59,8697885",,85
AM,BR-319,353,354,1,26/04/2022,"-3,1895126","-59,8697885",,85
AM,BR-319,354,355,1,26/04/2022,"-3,1895126","-59,8697885",,"62,5"
AM,BR-319,355,356,1,26/04/2022,"-3,1895126","-59,8697885",,"62,5"
AM,BR-319,356,357,1,26/04/2022,"-3,1895126","-59,8697885",,"62,5"
AM,BR-319,357,358,1,26/04/2022,"-3,1895126","-59,8697885",,"56,25"
AM,BR-319,358,359,1,26/04/2022,"-3,1895126","-59,8697885",,"63,75"
AM,BR-319,359,360,1,26/04/2022,"-3,1895126","-59,8697885",,"52,5"
AM,BR-319,360,361,1,26/04/2022,"-3,1895126","-59,8697885",,60
AM,BR-319,361,362,1,26/04/2022,"-3,1895126","-59,8697885",,"66,25"
AM,BR-319,362,363,1,26/04/2022,"-3,1895126","-59,8697885",,"81,25"
AM,BR-319,363,364,1,26/04/2022,"-3,1895126","-59,8697885",,"81,25"
AM,BR-319,364,365,1,26/04/2022,"-3,1895126","-59,8697885",,"78,75"
AM,BR-319,365,366,1,26/04/2022,"-3,1895126","-59,8697885",,85
AM,BR-319,366,367,1,26/04/2022,"-3,1895126","-59,8697885",,85
AM,BR-319,367,368,1,26/04/2022,"-3,1895126","-59,8697885",,85
AM,BR-319,368,369,1,26/04/2022,"-3,1895126","-59,8697885",,85
AM,BR-319,369,370,1,26/04/2022,"-3,1895126","-59,8697885",,85
RR,BR-401,107,108,1,29/04/2022,"3,3110917","-59,9467467",,"97,5"
RR,BR-401,108,109,1,29/04/2022,"3,3110917","-59,9467467",,"97,5"
RR,BR-401,109,110,1,29/04/2022,"3,3110917","-59,9467467",,90
RR,BR-401,110,111,1,29/04/2022,"3,3110917","-59,9467467",,90
RR,BR-401,111,112,1,29/04/2022,"3,3110917","-59,9467467",,90
RR,BR-401,112,113,1,29/04/2022,"3,3110917","-59,9467467",,90
RR,BR-401,113,114,1,29/04/2022,"3,3110917","-59,9467467",,90
RR,BR-401,114,115,1,29/04/2022,"3,3110917","-59,9467467",,90
RR,BR-401,115,116,1,29/04/2022,"3,3110917","-59,9467467",,90
RR,BR-401,116,117,1,29/04/2022,"3,3110917","-59,9467467",,90
RR,BR-401,117,118,1,29/04/2022,"3,3110917","-59,9467467",,95
RR,BR-401,118,119,1,29/04/2022,"3,3110917","-59,9467467",,"82,5"
RR,BR-401,119,120,1,29/04/2022,"3,3110917","-59,9467467",,"86,25"
RR,BR-401,120,121,1,29/04/2022,"3,3110917","-59,9467467",,"86,25"
RR,BR-401,121,122,1,29/04/2022,"3,3110917","-59,9467467",,"86,25"
RR,BR-401,122,123,1,29/04/2022,"3,3110917","-59,9467467",,"86,25"
RR,BR-401,123,124,1,29/04/2022,"3,3110917","-59,9467467",,"86,25"
RR,BR-401,124,125,1,29/04/2022,"3,3110917","-59,9467467",,90
RR,BR-401,125,126,1,29/04/2022,"3,3110917","-59,9467467",,90
RR,BR-401,126,127,1,29/04/2022,"3,3110917","-59,9467467",,"97,5"
RR,BR-401,127,128,1,29/04/2022,"3,3110917","-59,9467467",,90
RR,BR-401,128,129,1,29/04/2022,"3,3110917","-59,9467467",,90
RR,BR-401,129,130,1,29/04/2022,"3,3110917","-59,9467467",,90
RR,BR-401,130,131,1,29/04/2022,"3,3110917","-59,9467467",,"86,25"
RR,BR-401,131,132,1,29/04/2022,"3,3110917","-59,9467467",,90
RR,BR-401,132,133,1,29/04/2022,"3,3110917","-59,9467467",,90
RR,BR-401,133,134,1,29/04/2022,"3,3110917","-59,9467467",,90
RR,BR-401,134,135,1,29/04/2022,"3,3110917","-59,9467467",,90
RR,BR-401,135,136,1,29/04/2022,"3,5469072","-59,9178719",,"86,25"
RR,BR-401,136,137,1,29/04/2022,"3,5469072","-59,9178719",,"82,5"
RR,BR-401,137,138,1,29/04/2022,"3,5469072","-59,9178719",,"82,5"
RR,BR-401,138,139,1,29/04/2022,"3,5469072","-59,9178719",,"96,25"
RR,BR-401,139,140,1,29/04/2022,"3,5469072","-59,9178719",,"97,5"
RR,BR-401,140,141,1,29/04/2022,"3,5469072","-59,9178719",,"97,5"
RR,BR-401,141,142,1,29/04/2022,"3,5469072","-59,9178719",,"97,5"
RR,BR-401,142,143,1,29/04/2022,"3,5469072","-59,9178719",,"93,75"
RR,BR-401,143,144,1,29/04/2022,"3,5469072","-59,9178719",,"93,75"
RR,BR-401,144,145,1,29/04/2022,"3,5469072","-59,9178719",,"87,5"
RR,BR-401,145,146,1,29/04/2022,"3,5469072","-59,9178719",,"67,5"
RR,BR-401,146,147,1,29/04/2022,"3,5469072","-59,9178719",,"68,75"
RR,BR-401,147,148,1,29/04/2022,"3,5469072","-59,9178719",,"78,75"
RR,BR-401,148,149,1,29/04/2022,"3,5469072","-59,9178719",,"73,75"
RR,BR-401,149,150,1,29/04/2022,"3,5469072","-59,9178719",,90
RR,BR-401,150,151,1,29/04/2022,"3,5469072","-59,9178719",,"82,5"
RR,BR-401,151,152,1,29/04/2022,"3,5469072","-59,9178719",,"82,5"
RR,BR-401,152,153,1,29/04/2022,"3,5469072","-59,9178719",,"86,25"
RR,BR-401,153,154,1,29/04/2022,"3,5469072","-59,9178719",,"82,5"
RR,BR-401,154,155,1,29/04/2022,"3,5469072","-59,9178719",,"68,75"
RR,BR-401,155,156,1,29/04/2022,"3,5469072","-59,9178719",,55
RR,BR-401,156,157,1,29/04/2022,"3,5469072","-59,9178719",,"58,75"
RR,BR-401,157,158,1,29/04/2022,"3,5469072","-59,9178719",,"51,25"
RR,BR-401,158,159,1,29/04/2022,"3,5469072","-59,9178719",,"82,5"
RR,BR-401,159,160,1,29/04/2022,"3,5469072","-59,9178719",,"68,75"
RR,BR-401,160,161,1,29/04/2022,"3,5469072","-59,9178719",,"68,75"
RR,BR-401,161,162,1,29/04/2022,"3,5469072","-59,9178719",,"93,75"
RR,BR-401,162,163,1,29/04/2022,"3,5469072","-59,9178719",,"93,75"
RR,BR-401,163,164,1,29/04/2022,"3,5469072","-59,9178719",,"68,75"
RR,BR-401,164,165,1,29/04/2022,"3,5469072","-59,9178719",,"68,75"
RR,BR-401,165,166,1,29/04/2022,"3,5469072","-59,9178719",,"68,75"
RR,BR-401,166,167,1,29/04/2022,"3,5469072","-59,9178719",,"68,75"
RR,BR-401,167,168,1,29/04/2022,"3,5469072","-59,9178719",,"83,75"
RR,BR-401,168,169,1,29/04/2022,"3,5469072","-59,9178719",,"76,25"
RR,BR-401,169,170,1,29/04/2022,"3,5469072","-59,9178719",,"82,5"
RR,BR-401,170,171,1,29/04/2022,"3,5469072","-59,9178719",,"93,75"
RR,BR-401,171,172,1,29/04/2022,"3,5469072","-59,9178719",,90
RR,BR-401,172,173,1,29/04/2022,"3,5469072","-59,9178719",,"97,5"
RR,BR-401,173,174,1,29/04/2022,"3,5469072","-59,9178719",,"97,5"
RR,BR-401,174,175,1,29/04/2022,"3,5469072","-59,9178719",,"97,5"
RR,BR-401,175,176,1,29/04/2022,"3,5469072","-59,9178719",,"97,5"
RR,BR-401,176,177,1,29/04/2022,"3,5469072","-59,9178719",,"97,5"
RR,BR-401,177,178,1,29/04/2022,"3,5469072","-59,9178719",,"97,5"
BA,BR-030,"852,2",853,"0,8",20/04/2022,"-14,2945282","-39,3223951",,"76,25"
BA,BR-030,853,854,1,20/04/2022,"-14,2945282","-39,3223951",,"63,75"
BA,BR-030,854,855,1,20/04/2022,"-14,2945282","-39,3223951",,"78,75"
BA,BR-030,855,856,1,20/04/2022,"-14,2945282","-39,3223951",,"77,5"
BA,BR-030,856,857,1,20/04/2022,"-14,2945282","-39,3223951",,"73,75"
BA,BR-030,857,858,1,20/04/2022,"-14,2945282","-39,3223951",,"73,75"
BA,BR-030,858,859,1,20/04/2022,"-14,2945282","-39,3223951",,75
BA,BR-030,859,860,1,20/04/2022,"-14,2945282","-39,3223951",,80
BA,BR-030,860,861,1,20/04/2022,"-14,2945282","-39,3223951",,75
BA,BR-030,861,862,1,20/04/2022,"-14,2945282","-39,3223951",,90
BA,BR-030,862,863,1,20/04/2022,"-14,2945282","-39,3223951",,"73,75"
BA,BR-030,863,864,1,20/04/2022,"-14,2945282","-39,3223951",,"62,5"
BA,BR-030,864,865,1,20/04/2022,"-14,2945282","-39,3223951",,"91,25"
BA,BR-030,865,866,1,20/04/2022,"-14,2945282","-39,3223951",,60
BA,BR-030,866,867,1,20/04/2022,"-14,2945282","-39,3223951",,75
BA,BR-030,867,868,1,20/04/2022,"-14,2945282","-39,3223951",,"73,75"
BA,BR-030,868,869,1,20/04/2022,"-14,2945282","-39,3223951",,"73,75"
BA,BR-030,869,870,1,29/04/2022,"-14,2924034","-39,3225139",,"72,5"
BA,BR-030,870,871,1,29/04/2022,"-14,2924034","-39,3225139",,70
BA,BR-030,871,872,1,29/04/2022,"-14,2924034","-39,3225139",,"62,5"
BA,BR-030,872,873,1,29/04/2022,"-14,2924034","-39,3225139",,"62,5"
BA,BR-030,873,874,1,29/04/2022,"-14,2924034","-39,3225139",,"62,5"
BA,BR-030,874,875,1,29/04/2022,"-14,2924034","-39,3225139",,"68,75"
BA,BR-030,875,876,1,29/04/2022,"-14,2924034","-39,3225139",,65
BA,BR-030,876,877,1,29/04/2022,"-14,2924034","-39,3225139",,"67,5"
BA,BR-030,877,878,1,29/04/2022,"-14,2924034","-39,3225139",,"68,75"
BA,BR-030,878,879,1,29/04/2022,"-14,2924034","-39,3225139",,75
BA,BR-030,879,880,1,29/04/2022,"-14,2924034","-39,3225139",,"76,25"
BA,BR-030,880,881,1,29/04/2022,"-14,2924034","-39,3225139",,"82,5"
BA,BR-030,881,882,1,29/04/2022,"-14,2924034","-39,3225139",,65
BA,BR-030,882,883,1,29/04/2022,"-14,2924034","-39,3225139",,65
BA,BR-030,883,884,1,29/04/2022,"-14,2924034","-39,3225139",,"68,75"
BA,BR-030,884,885,1,29/04/2022,"-14,2924034","-39,3225139",,65
BA,BR-030,885,886,1,29/04/2022,"-14,2924034","-39,3225139",,75
BA,BR-030,886,887,1,29/04/2022,"-14,2421816","-39,0639483",,"62,5"
BA,BR-030,887,888,1,29/04/2022,"-14,2421816","-39,0639483",,"76,25"
BA,BR-030,888,889,1,29/04/2022,"-14,2421816","-39,0639483",,"71,25"
BA,BR-030,889,890,1,29/04/2022,"-14,2421816","-39,0639483",,75
BA,BR-030,890,891,1,29/04/2022,"-14,2421816","-39,0639483",,"82,5"
BA,BR-030,891,892,1,29/04/2022,"-14,2421816","-39,0639483",,90
BA,BR-030,892,893,1,29/04/2022,"-14,2421816","-39,0639483",,"93,75"
BA,BR-030,893,894,1,29/04/2022,"-14,2827289","-38,9943277",,"83,75"
BA,BR-030,894,895,1,29/04/2022,"-14,2827289","-38,9943277",,"62,5"
BA,BR-030,895,896,1,29/04/2022,"-14,2777201","-38,99892",,80
BA,BR-030,896,897,1,29/04/2022,"-14,2777201","-38,99892",,80
BA,BR-030,897,898,1,29/04/2022,"-14,2777201","-38,99892",,"72,5"
BA,BR-030,898,899,1,29/04/2022,"-14,2777201","-38,99892",,"86,25"
BA,BR-030,899,900,1,29/04/2022,"-14,2777201","-38,99892",,90
BA,BR-030,900,901,1,29/04/2022,"-14,2777201","-38,99892",,"83,75"
BA,BR-030,901,902,1,29/04/2022,"-14,2777201","-38,99892",,80
BA,BR-030,902,903,1,29/04/2022,"-14,2777201","-38,99892",,"76,25"
BA,BR-030,903,904,1,29/04/2022,"-14,1264001","-39,001775",,"76,25"
BA,BR-030,904,905,1,29/04/2022,"-14,1264001","-39,001775",,"62,5"
BA,BR-030,905,906,1,29/04/2022,"-14,1264001","-39,001775",,70
BA,BR-030,906,907,1,29/04/2022,"-14,1264001","-39,001775",,80
BA,BR-030,907,908,1,29/04/2022,"-14,1264001","-39,001775",,75
BA,BR-030,908,909,1,29/04/2022,"-14,1264001","-39,001775",,75
BA,BR-030,909,910,1,29/04/2022,"-14,1264001","-39,001775",,"71,25"
BA,BR-030,910,911,1,29/04/2022,"-14,1264001","-39,001775",,"76,25"
BA,BR-030,911,912,1,29/04/2022,"-14,1264001","-39,001775",,70
BA,BR-030,912,913,1,29/04/2022,"-14,1264001","-39,001775",,"77,5"
BA,BR-030,913,914,1,29/04/2022,"-14,1264001","-39,001775",,"83,75"
BA,BR-030,914,915,1,29/04/2022,"-14,1264001","-39,001775",,"71,25"
BA,BR-030,915,916,1,29/04/2022,"-14,3135516","-39,3176917",,80
BA,BR-030,916,917,1,29/04/2022,"-14,3135516","-39,3176917",,"86,25"
BA,BR-030,917,918,1,29/04/2022,"-14,3135516","-39,3176917",,90
BA,BR-030,918,919,1,29/04/2022,"-14,3135516","-39,3176917",,90
BA,BR-030,919,920,1,29/04/2022,"-14,3135516","-39,3176917",,"73,75"
BA,BR-030,920,921,1,29/04/2022,"-14,3135516","-39,3176917",,"73,75"
BA,BR-030,921,922,1,29/04/2022,"-14,3135516","-39,3176917",,"66,25"
BA,BR-030,922,923,1,29/04/2022,"-13,7351365","-39,1473766",,"83,75"
RR,BR-210,"89,5",88,"1,5",30/04/2022,"0,875266666","-59,6629033",,"71,25"
RR,BR-210,88,87,1,30/04/2022,"0,875266666","-59,6629033",,75
RR,BR-210,87,86,1,30/04/2022,"0,875266666","-59,6629033",,75
RR,BR-210,86,85,1,30/04/2022,"0,875266666","-59,6629033",,75
RR,BR-210,85,84,1,30/04/2022,"0,875266666","-59,6629033",,"71,25"
RR,BR-210,84,83,1,30/04/2022,"0,875266666","-59,6629033",,75
RR,BR-210,83,82,1,30/04/2022,"0,875266666","-59,6629033",,75
RR,BR-210,82,81,1,30/04/2022,"0,875266666","-59,6629033",,75
RR,BR-210,81,80,1,30/04/2022,"0,875266666","-59,6629033",,80
RR,BR-210,80,79,1,30/04/2022,"0,875266666","-59,6629033",,75
RR,BR-210,79,78,1,30/04/2022,"0,875266666","-59,6629033",,75
RR,BR-210,78,77,1,30/04/2022,"0,875266666","-59,6629033",,60
RR,BR-210,77,76,1,30/04/2022,"0,875266666","-59,6629033",,75
RR,BR-210,76,75,1,30/04/2022,"0,875266666","-59,6629033",,"67,5"
RR,BR-210,75,74,1,30/04/2022,"0,875266666","-59,6629033",,60
RR,BR-210,74,73,1,30/04/2022,"0,875266666","-59,6629033",,60
RR,BR-210,73,72,1,30/04/2022,"0,875266666","-59,6629033",,60
RR,BR-210,72,71,1,30/04/2022,"0,817096666","-59,51815",,60
RR,BR-210,71,70,1,30/04/2022,"0,817096666","-59,51815",,60
RR,BR-210,70,69,1,30/04/2022,"0,817096666","-59,51815",,75
RR,BR-210,69,68,1,30/04/2022,"0,817096666","-59,51815",,60
RR,BR-210,68,67,1,30/04/2022,"0,817096666","-59,51815",,60
RR,BR-210,67,66,1,30/04/2022,"0,817096666","-59,51815",,85
RR,BR-210,66,65,1,30/04/2022,"0,817096666","-59,51815",,60
RR,BR-210,65,64,1,30/04/2022,"0,817096666","-59,51815",,"72,5"
RR,BR-210,64,63,1,30/04/2022,"0,817096666","-59,51815",,75
RR,BR-210,63,62,1,30/04/2022,"0,817096666","-59,51815",,85
RR,BR-210,62,61,1,30/04/2022,"0,817096666","-59,51815",,"71,25"
RR,BR-210,61,60,1,30/04/2022,"0,9476203","-59,9159242",,"82,5"
RR,BR-210,60,59,1,30/04/2022,"0,9476203","-59,9159242",,60
RR,BR-210,59,58,1,30/04/2022,"0,9476203","-59,9159242",,75
RR,BR-210,58,57,1,30/04/2022,"0,9476203","-59,9159242",,75
RR,BR-210,57,56,1,30/04/2022,"0,9476203","-59,9159242",,"32,5"
RR,BR-210,56,55,1,30/04/2022,"0,9476203","-59,9159242",,"46,25"
RR,BR-210,55,54,1,30/04/2022,"0,9476203","-59,9159242",,"46,25"
RR,BR-210,54,53,1,30/04/2022,"0,9476203","-59,9159242",,"32,5"
RR,BR-210,53,52,1,30/04/2022,"0,9476203","-59,9159242",,"46,25"
RR,BR-210,52,51,1,30/04/2022,"0,9476203","-59,9159242",,"46,25"
RR,BR-210,51,50,1,30/04/2022,"0,9476203","-59,9159242",,"32,5"
RR,BR-210,50,49,1,30/04/2022,"0,9476203","-59,9159242",,"38,75"
RR,BR-210,49,48,1,30/04/2022,"0,9476203","-59,9159242",,"32,5"
RR,BR-210,48,47,1,30/04/2022,"0,9476203","-59,9159242",,35
RR,BR-210,47,46,1,30/04/2022,"0,9476203","-59,9159242",,5
RR,BR-210,46,45,1,30/04/2022,"0,9476203","-59,9159242",,5
AP,BR-156,"659,44",660,"0,56",28/04/2022,0,0,,0
AP,BR-156,660,661,1,28/04/2022,0,0,,"32,5"
AP,BR-156,661,662,1,28/04/2022,"2,63066285","-51,3408234",,80
AP,BR-156,662,663,1,28/04/2022,"2,63324115","-51,3423768",,80
AP,BR-156,663,664,1,28/04/2022,"2,63760108","-51,3454306",,"72,5"
AP,BR-156,664,665,1,28/04/2022,"2,64698979","-51,3509152",,"68,75"
AP,BR-156,665,666,1,28/04/2022,"2,65093918","-51,3525353",,"68,75"
AP,BR-156,666,667,1,28/04/2022,"2,66335805","-51,354238",,"73,75"
AP,BR-156,667,668,1,28/04/2022,"2,66710027","-51,3536276",,"57,5"
AP,BR-156,668,669,1,28/04/2022,"2,67531264","-51,3527654",,"57,5"
AP,BR-156,669,670,1,28/04/2022,"2,67991988","-51,3538187",,"57,5"
AP,BR-156,670,671,1,28/04/2022,"2,69024336","-51,3579907",,"12,5"
AP,BR-156,671,672,1,28/04/2022,"2,69682812","-51,3607816",,65
AP,BR-156,672,673,1,28/04/2022,"2,69748266","-51,3607563",,55
AP,BR-156,673,674,1,28/04/2022,"2,71290797","-51,3653964",,"57,5"
AP,BR-156,674,675,1,28/04/2022,"2,71290797","-51,3653964",,"57,5"
AP,BR-156,675,676,1,28/04/2022,"2,73076097","-51,370894",,"57,5"
AP,BR-156,676,677,1,28/04/2022,"2,73791712","-51,3724582",,"57,5"
AP,BR-156,677,678,1,28/04/2022,"2,73791712","-51,3724582",,65
AP,BR-156,678,679,1,28/04/2022,"2,75279369","-51,3742554",,"73,75"
AP,BR-156,679,680,1,28/04/2022,"2,76272151","-51,3828277",,"66,25"
AP,BR-156,680,681,1,28/04/2022,"2,76272151","-51,3828277",,"83,75"
AP,BR-156,681,682,1,28/04/2022,"2,77301109","-51,3811627",,80
AP,BR-156,682,683,1,28/04/2022,"2,77301109","-51,3811627",,"72,5"
AP,BR-156,683,684,1,28/04/2022,"2,80000982","-51,3906016",,"76,25"
AP,BR-156,684,685,1,28/04/2022,"2,80000982","-51,3906016",,"76,25"
AP,BR-156,685,686,1,28/04/2022,"2,81045296","-51,3931645",,"72,5"
AP,BR-156,686,687,1,28/04/2022,"2,81922553","-51,3960377",,65
AP,BR-156,687,688,1,28/04/2022,"2,83249999","-51,4003377",,65
AP,BR-156,688,689,1,28/04/2022,"2,83865334","-51,400581",,"66,25"
AP,BR-156,689,690,1,28/04/2022,"2,84771696","-51,3949278",,55
AP,BR-156,690,691,1,28/04/2022,"2,84771696","-51,3949278",,"68,75"
AP,BR-156,691,692,1,28/04/2022,"2,86605359","-51,3951094",,"57,5"
AP,BR-156,692,693,1,28/04/2022,"2,86605359","-51,3951094",,"57,5"
AP,BR-156,693,694,1,28/04/2022,"2,88568778","-51,3961088",,"68,75"
AP,BR-156,694,695,1,28/04/2022,"2,89419845","-51,3973927",,"66,25"
AP,BR-156,695,696,1,28/04/2022,"2,90497574","-51,3993826",,"57,5"
AP,BR-156,696,697,1,28/04/2022,"2,91307991","-51,3988448",,65
AP,BR-156,697,698,1,28/04/2022,"2,91307991","-51,3988448",,"57,5"
AP,BR-156,698,699,1,28/04/2022,"2,91307991","-51,3988448",,55
AP,BR-156,699,700,1,28/04/2022,"2,93870412","-51,4053622",,55
AP,BR-156,700,701,1,28/04/2022,"2,93870412","-51,4053622",,"57,5"
AP,BR-156,701,702,1,28/04/2022,"2,94793641","-51,4155438",,"68,75"
AP,BR-156,702,703,1,28/04/2022,"2,9558601","-51,4209941",,"52,5"
AP,BR-156,703,704,1,28/04/2022,"2,9651564","-51,4269192",,55
AP,BR-156,704,705,1,28/04/2022,"2,9651564","-51,4269192",,55
AP,BR-156,705,706,1,28/04/2022,"2,98144186","-51,4347124",,55
AP,BR-156,706,707,1,28/04/2022,"2,98144186","-51,4347124",,"68,75"
AP,BR-156,707,708,1,28/04/2022,"2,99383491","-51,4399476",,"52,5"
AP,BR-156,708,709,1,28/04/2022,"3,010138","-51,4507389",,"57,5"
AP,BR-156,709,710,1,28/04/2022,"3,01628731","-51,4539829",,"52,5"
AP,BR-156,710,711,1,28/04/2022,"3,01628731","-51,4539829",,"52,5"
AP,BR-156,711,712,1,29/04/2022,"3,01628731","-51,4539829",,"76,25"
AP,BR-156,712,713,1,29/04/2022,"2,93777821","-51,404335",,"76,25"
AP,BR-156,713,714,1,29/04/2022,"3,04549114","-51,4621707",,"68,75"
AP,BR-156,714,715,1,29/04/2022,"3,04549114","-51,4621707",,"68,75"
AP,BR-156,715,716,1,29/04/2022,"3,04549114","-51,4621707",,"66,25"
AP,BR-156,716,717,1,29/04/2022,"3,04549114","-51,4621707",,"73,75"
AP,BR-156,717,718,1,29/04/2022,"3,07216458","-51,4769377",,"73,75"
AP,BR-156,718,719,1,29/04/2022,"3,08015231","-51,4809181",,"73,75"
AP,BR-156,719,720,1,29/04/2022,"3,08015231","-51,4809181",,70
AP,BR-156,720,721,1,29/04/2022,"3,10415153","-51,4930541",,"83,75"
AP,BR-156,721,722,1,29/04/2022,"3,11164287","-51,4937222",,80
AP,BR-156,722,723,1,29/04/2022,"3,11164287","-51,4937222",,"87,5"
AP,BR-156,723,724,1,29/04/2022,"3,12714904","-51,5006079",,"76,25"
AP,BR-156,724,725,1,29/04/2022,"3,12714904","-51,5006079",,"81,25"
AP,BR-156,725,726,1,29/04/2022,"3,12714904","-51,5006079",,"66,25"
AP,BR-156,726,727,1,29/04/2022,"3,15009281","-51,514009",,80
AP,BR-156,727,728,1,29/04/2022,"3,15009281","-51,514009",,70
AP,BR-156,728,729,1,29/04/2022,"3,16468159","-51,5234974",,80
AP,BR-156,729,730,1,29/04/2022,"3,17474781","-51,5284112",,80
AP,BR-156,730,731,1,29/04/2022,"3,18325959","-51,5317818",,80
AP,BR-156,731,732,1,29/04/2022,"3,18827512","-51,5353545",,80
AP,BR-156,732,733,1,29/04/2022,"3,19046329","-51,5440131",,80
AP,BR-156,733,734,1,29/04/2022,"3,2000835","-51,5506507",,80
AP,BR-156,734,735,1,29/04/2022,"3,20973055","-51,552419",,80
AP,BR-156,735,736,1,29/04/2022,"3,2159501","-51,5536169",,"62,5"
AP,BR-156,736,737,1,29/04/2022,"3,2159501","-51,5536169",,"72,5"
AP,BR-156,737,738,1,29/04/2022,"3,22783519","-51,5582702",,80
AP,BR-156,738,739,1,29/04/2022,"3,24086039","-51,5667098",,80
AP,BR-156,739,740,1,29/04/2022,"3,24403412","-51,5687178",,80
AP,BR-156,740,741,1,29/04/2022,"3,25339386","-51,5784502",,80
AP,BR-156,741,742,1,29/04/2022,"3,25635952","-51,5847608",,80
AP,BR-156,742,743,1,29/04/2022,"3,26317591","-51,5916213",,80
AP,BR-156,743,744,1,29/04/2022,"3,2675941","-51,5944421",,80
AP,BR-156,744,745,1,29/04/2022,"3,2746864","-51,6018341",,80
AP,BR-156,745,746,1,29/04/2022,"3,281574","-51,6108323",,"68,75"
AP,BR-156,746,747,1,29/04/2022,"3,281574","-51,6108323",,"68,75"
AP,BR-156,747,748,1,29/04/2022,"3,281574","-51,6108323",,"68,75"
AP,BR-156,748,749,1,29/04/2022,"3,281574","-51,6108323",,80
AP,BR-156,749,750,1,29/04/2022,"3,31244432","-51,6291274",,"72,5"
AP,BR-156,750,751,1,29/04/2022,"3,3180319","-51,6341115",,"67,5"
AP,BR-156,751,752,1,29/04/2022,"3,32333436","-51,6396219",,"72,5"
AP,BR-156,752,753,1,29/04/2022,"3,32333436","-51,6396219",,80
AP,BR-156,753,754,1,29/04/2022,"3,33322994","-51,6507794",,"76,25"
AP,BR-156,754,755,1,29/04/2022,"3,34645102","-51,659188",,"76,25"
AP,BR-156,755,756,1,29/04/2022,"3,34645102","-51,659188",,"73,75"
AP,BR-156,756,757,1,29/04/2022,"3,35910043","-51,672176",,"66,25"
AP,BR-156,757,758,1,29/04/2022,"3,35910043","-51,672176",,"63,75"
AP,BR-156,758,759,1,29/04/2022,"3,36967921","-51,6815442",,"66,25"
AP,BR-156,759,760,1,29/04/2022,"3,37654654","-51,6905874",,"76,25"
AP,BR-156,760,761,1,29/04/2022,"3,37654654","-51,6905874",,"66,25"
AP,BR-156,761,762,1,29/04/2022,"3,38016542","-51,7016792",,"71,25"
AP,BR-156,762,763,1,29/04/2022,"3,38151644","-51,7129373",,"63,75"
AP,BR-156,763,764,1,29/04/2022,"3,38488644","-51,7197618",,"71,25"
AP,BR-156,764,765,1,29/04/2022,"3,39263118","-51,723093",,"73,75"
AP,BR-156,765,766,1,29/04/2022,"3,39263118","-51,723093",,70
AP,BR-156,766,767,1,29/04/2022,"3,39263118","-51,723093",,"76,25"
AP,BR-156,767,768,1,29/04/2022,"3,39263118","-51,723093",,85
AP,BR-156,768,769,1,29/04/2022,"3,43985113","-51,7255502",,"63,75"
AP,BR-156,769,770,1,29/04/2022,"3,43985113","-51,7255502",,"72,5"
AM,BR-319,"513,8",512,"1,8",28/04/2022,"-7,5174614","-63,029659",,"68,75"
AM,BR-319,512,511,1,28/04/2022,"-7,5174614","-63,029659",,"42,5"
AM,BR-319,511,510,1,28/04/2022,"-7,5174614","-63,029659",,"92,5"
AM,BR-319,510,509,1,28/04/2022,"-7,5174614","-63,029659",,"92,5"
AM,BR-319,509,508,1,28/04/2022,"-7,5174614","-63,029659",,"62,5"
AM,BR-319,508,507,1,28/04/2022,"-7,5174614","-63,029659",,"57,5"
AM,BR-319,507,506,1,28/04/2022,"-7,5174614","-63,029659",,"87,5"
AM,BR-319,506,505,1,28/04/2022,"-7,5174614","-63,029659",,"87,5"
AM,BR-319,505,504,1,28/04/2022,"-7,5174614","-63,029659",,95
AM,BR-319,504,503,1,28/04/2022,"-7,5174614","-63,029659",,95
AM,BR-319,503,502,1,28/04/2022,"-7,5174614","-63,029659",,35
AM,BR-319,502,501,1,28/04/2022,"-7,5174614","-63,029659",,40
AM,BR-319,501,500,1,28/04/2022,"-7,5174614","-63,029659",,40
AM,BR-319,500,499,1,28/04/2022,"-7,5174614","-63,029659",,40
AM,BR-319,499,498,1,28/04/2022,"-7,5174614","-63,029659",,40
AM,BR-319,498,497,1,28/04/2022,"-7,5174614","-63,029659",,65
AM,BR-319,497,496,1,28/04/2022,"-7,5174614","-63,029659",,"63,75"
AM,BR-319,496,495,1,28/04/2022,"-7,5174614","-63,029659",,70
AM,BR-319,495,494,1,28/04/2022,"-7,5174614","-63,029659",,70
AM,BR-319,494,493,1,28/04/2022,"-7,5174614","-63,029659",,"62,5"
AM,BR-319,493,492,1,28/04/2022,"-7,5174614","-63,029659",,"66,25"
AM,BR-319,492,491,1,28/04/2022,"-7,5174614","-63,029659",,100
AM,BR-319,491,490,1,28/04/2022,"-7,5174614","-63,029659",,70
AM,BR-319,490,489,1,28/04/2022,"-7,5174614","-63,029659",,"92,5"
AM,BR-319,489,488,1,28/04/2022,"-7,5174614","-63,029659",,70
AM,BR-319,488,487,1,28/04/2022,"-7,5174614","-63,029659",,60
AM,BR-319,487,486,1,28/04/2022,"-7,5174614","-63,029659",,"97,5"
AM,BR-319,486,485,1,28/04/2022,"-7,5174614","-63,029659",,"97,5"
AM,BR-319,485,484,1,28/04/2022,"-7,5174614","-63,029659",,"86,25"
AM,BR-319,484,483,1,28/04/2022,"-7,5174614","-63,029659",,"86,25"
AM,BR-319,483,482,1,28/04/2022,"-7,5174614","-63,029659",,"58,75"
AM,BR-319,482,481,1,28/04/2022,"-7,5174614","-63,029659",,80
AM,BR-319,481,480,1,28/04/2022,"-7,5174614","-63,029659",,"92,5"
AM,BR-319,480,479,1,28/04/2022,"-7,5174614","-63,029659",,"86,25"
AM,BR-319,479,478,1,28/04/2022,"-7,5174614","-63,029659",,"86,25"
AM,BR-319,478,477,1,28/04/2022,"-7,5174614","-63,029659",,90
AM,BR-319,477,476,1,28/04/2022,"-7,5174614","-63,029659",,"87,5"
AM,BR-319,476,475,1,28/04/2022,"-7,5174614","-63,029659",,"82,5"
AM,BR-319,475,474,1,28/04/2022,"-7,5174614","-63,029659",,"62,5"
AM,BR-319,474,473,1,28/04/2022,"-7,5174614","-63,029659",,"98,75"
AM,BR-319,473,472,1,28/04/2022,"-7,5174614","-63,029659",,"88,75"
AM,BR-319,472,471,1,28/04/2022,"-7,5174614","-63,029659",,"81,25"
AM,BR-319,471,470,1,28/04/2022,"-7,5174614","-63,029659",,"43,75"
AM,BR-319,470,469,1,28/04/2022,"-7,5174614","-63,029659",,40
AM,BR-319,469,468,1,28/04/2022,"-7,5174614","-63,029659",,"81,25"
AM,BR-319,468,467,1,28/04/2022,"-7,5174614","-63,029659",,"97,5"
AM,BR-319,467,466,1,28/04/2022,"-7,5174614","-63,029659",,95
AM,BR-319,466,465,1,28/04/2022,"-7,5174614","-63,029659",,95
AM,BR-319,465,464,1,28/04/2022,"-7,5174614","-63,029659",,65
AM,BR-319,464,463,1,28/04/2022,"-7,5174614","-63,029659",,"87,5"
AM,BR-319,463,462,1,28/04/2022,"-7,5174614","-63,029659",,"57,5"
AM,BR-319,462,461,1,28/04/2022,"-7,5174614","-63,029659",,"61,25"
AM,BR-319,461,460,1,28/04/2022,"-7,5174614","-63,029659",,95
AM,BR-319,460,459,1,28/04/2022,"-7,5174614","-63,029659",,"87,5"
AM,BR-319,459,458,1,28/04/2022,"-7,5174614","-63,029659",,"87,5"
AM,BR-319,458,457,1,28/04/2022,"-7,5174614","-63,029659",,"87,5"
AM,BR-319,457,456,1,28/04/2022,"-7,5174614","-63,029659",,90
AM,BR-319,456,455,1,28/04/2022,"-7,5174614","-63,029659",,"97,5"
AM,BR-319,455,454,1,28/04/2022,"-7,5174614","-63,029659",,95
AM,BR-319,454,453,1,28/04/2022,"-7,5174614","-63,029659",,"93,75"
AM,BR-319,453,452,1,28/04/2022,"-7,5174614","-63,029659",,"88,75"
AM,BR-319,452,451,1,28/04/2022,"-7,5174614","-63,029659",,"93,75"
AM,BR-319,451,450,1,28/04/2022,"-7,5174614","-63,029659",,"93,75"
AM,BR-319,450,449,1,28/04/2022,"-7,5174614","-63,029659",,"98,75"
AM,BR-319,449,448,1,28/04/2022,"-7,5174614","-63,029659",,95
AM,BR-319,448,447,1,28/04/2022,"-7,5174614","-63,029659",,"91,25"
AM,BR-319,447,446,1,28/04/2022,"-7,5174614","-63,029659",,90
AM,BR-319,446,445,1,28/04/2022,"-7,5174614","-63,029659",,"93,75"
AM,BR-319,445,444,1,28/04/2022,"-7,5174614","-63,029659",,"63,75"
AM,BR-319,444,443,1,28/04/2022,"-7,5174614","-63,029659",,"61,25"
AM,BR-319,443,442,1,28/04/2022,"-7,5174614","-63,029659",,"66,25"
AM,BR-319,442,441,1,28/04/2022,"-7,5174614","-63,029659",,45
AM,BR-319,441,440,1,28/04/2022,"-7,5174614","-63,029659",,"77,5"
AM,BR-319,440,439,1,28/04/2022,"-7,5174614","-63,029659",,"67,5"
AM,BR-319,439,438,1,28/04/2022,"-7,5174614","-63,029659",,"58,75"
AM,BR-319,438,437,1,28/04/2022,"-7,5174614","-63,029659",,"73,75"
AM,BR-319,437,436,1,28/04/2022,"-7,5174614","-63,029659",,"77,5"
AM,BR-319,436,435,1,28/04/2022,"-7,5174614","-63,029659",,"78,75"
AM,BR-319,435,434,1,28/04/2022,"-7,5174614","-63,029659",,"72,5"
AM,BR-319,434,"433,1","0,9",28/04/2022,"-7,5174614","-63,029659",,"57,5"
AM,BR-319,"433,1",432,"1,1",28/04/2022,"-7,5174614","-63,029659",,"68,75"
AM,BR-319,"589,4",588,"1,4",28/04/2022,"-7,5197379","-63,0292112",,"68,75"
AM,BR-319,588,587,1,28/04/2022,"-7,5174614","-63,029659",,"92,5"
AM,BR-319,587,586,1,28/04/2022,"-7,5174614","-63,029659",,"96,25"
AM,BR-319,586,585,1,28/04/2022,"-7,5174614","-63,029659",,"96,25"
AM,BR-319,585,584,1,28/04/2022,"-7,5174614","-63,029659",,"92,5"
AM,BR-319,584,583,1,28/04/2022,"-7,5174614","-63,029659",,"86,25"
AM,BR-319,583,582,1,28/04/2022,"-7,5174614","-63,029659",,100
AM,BR-319,582,581,1,28/04/2022,"-7,5174614","-63,029659",,100
AM,BR-319,581,580,1,28/04/2022,"-7,5174614","-63,029659",,"96,25"
AM,BR-319,580,579,1,28/04/2022,"-7,5174614","-63,029659",,"88,75"
AM,BR-319,579,578,1,28/04/2022,"-7,5174614","-63,029659",,"68,75"
AM,BR-319,578,577,1,28/04/2022,"-7,5174614","-63,029659",,"92,5"
AM,BR-319,577,576,1,28/04/2022,"-7,5174614","-63,029659",,"92,5"
AM,BR-319,576,575,1,28/04/2022,"-7,5174614","-63,029659",,"92,5"
AM,BR-319,575,574,1,28/04/2022,"-7,5174614","-63,029659",,85
AM,BR-319,574,573,1,28/04/2022,"-7,5174614","-63,029659",,"96,25"
AM,BR-319,573,572,1,28/04/2022,"-7,5174614","-63,029659",,"86,25"
AM,BR-319,572,571,1,28/04/2022,"-7,5174614","-63,029659",,"88,75"
AM,BR-319,571,570,1,28/04/2022,"-7,5174614","-63,029659",,"96,25"
AM,BR-319,570,569,1,28/04/2022,"-7,5174614","-63,029659",,"88,75"
AM,BR-319,569,568,1,28/04/2022,"-7,5174614","-63,029659",,"96,25"
AM,BR-319,568,567,1,28/04/2022,"-7,5174614","-63,029659",,"93,75"
AM,BR-319,567,566,1,28/04/2022,"-7,5174614","-63,029659",,95
AM,BR-319,566,565,1,28/04/2022,"-7,5174614","-63,029659",,"96,25"
AM,BR-319,565,564,1,28/04/2022,"-7,5174614","-63,029659",,"92,5"
AM,BR-319,564,563,1,28/04/2022,"-7,5174614","-63,029659",,"92,5"
AM,BR-319,563,562,1,28/04/2022,"-7,5174614","-63,029659",,"87,5"
AM,BR-319,562,561,1,28/04/2022,"-7,5174614","-63,029659",,90
AM,BR-319,561,560,1,28/04/2022,"-7,5174614","-63,029659",,"93,75"
AM,BR-319,560,559,1,28/04/2022,"-7,5174614","-63,029659",,"96,25"
AM,BR-319,559,558,1,28/04/2022,"-7,5174614","-63,029659",,100
AM,BR-319,558,557,1,28/04/2022,"-7,5174614","-63,029659",,"92,5"
AM,BR-319,557,556,1,28/04/2022,"-7,5174614","-63,029659",,100
AM,BR-319,556,555,1,28/04/2022,"-7,5174614","-63,029659",,"92,5"
AM,BR-319,555,554,1,28/04/2022,"-7,5174614","-63,029659",,"96,25"
AM,BR-319,554,553,1,28/04/2022,"-7,5174614","-63,029659",,"96,25"
AM,BR-319,553,552,1,28/04/2022,"-7,5174614","-63,029659",,"93,75"
AM,BR-319,552,551,1,28/04/2022,"-7,5174614","-63,029659",,"93,75"
AM,BR-319,551,550,1,28/04/2022,"-7,5174614","-63,029659",,100
AM,BR-319,550,549,1,28/04/2022,"-7,5174614","-63,029659",,"87,5"
AM,BR-319,549,548,1,28/04/2022,"-7,5174614","-63,029659",,"96,25"
AM,BR-319,548,547,1,28/04/2022,"-7,5174614","-63,029659",,"93,75"
AM,BR-319,547,546,1,28/04/2022,"-7,5174614","-63,029659",,"96,25"
AM,BR-319,546,545,1,28/04/2022,"-7,5174614","-63,029659",,95
AM,BR-319,545,544,1,28/04/2022,"-7,5174614","-63,029659",,"83,75"
AM,BR-319,544,543,1,28/04/2022,"-7,5174614","-63,029659",,100
AM,BR-319,543,542,1,28/04/2022,"-7,5174614","-63,029659",,100
AM,BR-319,542,541,1,28/04/2022,"-7,5174614","-63,029659",,"88,75"
AM,BR-319,541,540,1,28/04/2022,"-7,5174614","-63,029659",,"86,25"
AM,BR-319,540,539,1,28/04/2022,"-7,5174614","-63,029659",,"78,75"
AM,BR-319,539,538,1,28/04/2022,"-7,5174614","-63,029659",,75
AM,BR-319,538,537,1,28/04/2022,"-7,5174614","-63,029659",,"86,25"
AM,BR-319,537,536,1,28/04/2022,"-7,5174614","-63,029659",,"71,25"
AM,BR-319,536,535,1,28/04/2022,"-7,5174614","-63,029659",,"82,5"
AM,BR-319,535,534,1,28/04/2022,"-7,5174614","-63,029659",,"72,5"
AM,BR-319,534,533,1,28/04/2022,"-7,5174614","-63,029659",,80
AM,BR-319,533,532,1,28/04/2022,"-7,5174614","-63,029659",,"78,75"
AM,BR-319,532,531,1,28/04/2022,"-7,5174614","-63,029659",,"68,75"
AM,BR-319,531,530,1,28/04/2022,"-7,5174614","-63,029659",,80
AM,BR-319,530,529,1,28/04/2022,"-7,5174614","-63,029659",,"77,5"
AM,BR-319,529,528,1,28/04/2022,"-7,5174614","-63,029659",,"86,25"
AM,BR-319,528,527,1,28/04/2022,"-7,5174614","-63,029659",,"76,25"
AM,BR-319,527,526,1,28/04/2022,"-7,5174614","-63,029659",,"77,5"
AM,BR-319,526,525,1,28/04/2022,"-7,5174614","-63,029659",,75
AM,BR-319,525,524,1,28/04/2022,"-7,5174614","-63,029659",,"77,5"
AM,BR-319,524,523,1,28/04/2022,"-7,5174614","-63,029659",,"83,75"
AM,BR-319,523,522,1,28/04/2022,"-7,5174614","-63,029659",,"86,25"
AM,BR-319,522,521,1,28/04/2022,"-7,5174614","-63,029659",,"78,75"
AM,BR-319,521,520,1,28/04/2022,"-7,5174614","-63,029659",,"88,75"
AM,BR-319,520,519,1,28/04/2022,"-7,5174614","-63,029659",,"83,75"
AM,BR-319,519,518,1,28/04/2022,"-7,5174614","-63,029659",,"91,25"
AM,BR-319,518,517,1,28/04/2022,"-7,5174614","-63,029659",,"93,75"
AM,BR-319,517,516,1,28/04/2022,"-7,5174614","-63,029659",,"73,75"
AM,BR-319,516,515,1,28/04/2022,"-7,5174614","-63,029659",,"78,75"
AM,BR-319,515,514,1,28/04/2022,"-7,5174614","-63,029659",,"61,25"
AM,BR-319,514,"513,8","0,2",28/04/2022,"-7,5174614","-63,029659",,"76,25"
AM,BR-319,"513,8",512,"1,8",28/04/2022,"-7,5174614","-63,029659",,"78,75"
AM,BR-319,"589,4",590,"0,6",29/04/2022,"-6,9746082","-63,0954853",,"57,5"
AM,BR-319,590,591,1,29/04/2022,"-6,9933864","-63,1002766",,"62,5"
AM,BR-319,591,592,1,29/04/2022,"-6,9933864","-63,1002766",,60
AM,BR-319,592,593,1,29/04/2022,"-7,0046582","-63,1004614",,"32,5"
AM,BR-319,593,594,1,29/04/2022,"-7,0229063","-63,1026678",,"57,5"
AM,BR-319,594,595,1,29/04/2022,"-7,0229065","-63,1026647",,"32,5"
AM,BR-319,595,596,1,29/04/2022,"-7,0229065","-63,1026647",,40
AM,BR-319,596,597,1,29/04/2022,"-7,517594","-63,0295508",,40
AM,BR-319,597,598,1,29/04/2022,"-7,517594","-63,0295508",,35
AM,BR-319,598,599,1,29/04/2022,"-7,517594","-63,0295508",,75
AM,BR-319,599,600,1,29/04/2022,"-7,517594","-63,0295508",,"72,5"
AM,BR-319,600,601,1,29/04/2022,"-7,517594","-63,0295508",,"52,5"
AM,BR-319,601,602,1,29/04/2022,"-7,517594","-63,0295508",,40
AM,BR-319,602,603,1,29/04/2022,"-7,517594","-63,0295508",,"72,5"
AM,BR-319,603,604,1,29/04/2022,"-7,517594","-63,0295508",,"61,25"
AM,BR-319,604,605,1,29/04/2022,"-7,517594","-63,0295508",,"92,5"
AM,BR-319,605,606,1,29/04/2022,"-7,517594","-63,0295508",,"66,25"
AM,BR-319,606,607,1,29/04/2022,"-7,517594","-63,0295508",,"92,5"
AM,BR-319,607,608,1,29/04/2022,"-7,517594","-63,0295508",,"92,5"
AM,BR-319,608,609,1,29/04/2022,"-7,517594","-63,0295508",,100
AM,BR-319,609,610,1,29/04/2022,"-7,517594","-63,0295508",,"92,5"
AM,BR-319,610,611,1,29/04/2022,"-7,517594","-63,0295508",,85
AM,BR-319,611,612,1,29/04/2022,"-7,517594","-63,0295508",,85
AM,BR-319,612,613,1,29/04/2022,"-7,517594","-63,0295508",,"92,5"
AM,BR-319,613,614,1,29/04/2022,"-7,517594","-63,0295508",,"97,5"
AM,BR-319,614,615,1,29/04/2022,"-7,517594","-63,0295508",,"92,5"
AM,BR-319,615,616,1,29/04/2022,"-7,517594","-63,0295508",,"88,75"
AM,BR-319,616,617,1,29/04/2022,"-6,9711636","-63,09632",,100
AM,BR-319,617,618,1,29/04/2022,"-6,9711636","-63,09632",,85
AM,BR-319,618,619,1,29/04/2022,"-6,9711636","-63,09632",,"92,5"
AM,BR-319,619,620,1,29/04/2022,"-6,9711636","-63,09632",,"96,25"
AM,BR-319,620,621,1,29/04/2022,"-7,517594","-63,0295508",,"92,5"
AM,BR-319,621,622,1,29/04/2022,"-7,517594","-63,0295508",,100
AM,BR-319,622,623,1,29/04/2022,"-7,517594","-63,0295508",,100
AM,BR-319,623,624,1,29/04/2022,"-7,517594","-63,0295508",,100
AM,BR-319,624,625,1,29/04/2022,"-7,517594","-63,0295508",,85
AM,BR-319,625,626,1,29/04/2022,"-7,517594","-63,0295508",,"88,75"
AM,BR-319,626,627,1,29/04/2022,"-7,517594","-63,0295508",,"92,5"
AM,BR-319,627,628,1,29/04/2022,"-7,517594","-63,0295508",,"92,5"
AM,BR-319,628,629,1,29/04/2022,"-7,517594","-63,0295508",,100
AM,BR-319,629,630,1,29/04/2022,"-7,517594","-63,0295508",,100
AM,BR-319,630,"631,7","1,7",29/04/2022,"-7,517594","-63,0295508",,100
BA,BR-030,"703,7",702,"1,7",30/04/2022,"-14,3601307","-40,3393042",,100
BA,BR-030,702,701,1,30/04/2022,"-14,3188561","-40,3794212",,100
BA,BR-030,701,700,1,30/04/2022,"-14,3184126","-40,3794408",,100
BA,BR-030,700,699,1,30/04/2022,"-14,3184235","-40,3794532",,100
BA,BR-030,699,698,1,30/04/2022,"-14,3184258","-40,379463",,100
BA,BR-030,698,697,1,30/04/2022,"-14,3184248","-40,3794687",,100
BA,BR-030,697,696,1,30/04/2022,"-14,3184252","-40,3794689",,100
BA,BR-030,696,695,1,30/04/2022,"-14,3184254","-40,379469",,100
BA,BR-030,695,694,1,30/04/2022,"-14,3184254","-40,3794691",,100
BA,BR-030,694,693,1,30/04/2022,"-14,3184255","-40,3794692",,100
BA,BR-030,693,692,1,30/04/2022,"-14,3184256","-40,3794693",,100
BA,BR-030,692,691,1,30/04/2022,"-14,3184257","-40,3794694",,100
BA,BR-030,691,690,1,30/04/2022,"-14,3184258","-40,3794694",,100
BA,BR-030,690,689,1,30/04/2022,"-14,3184259","-40,3794695",,100
BA,BR-030,689,688,1,30/04/2022,"-14,318426","-40,3794695",,100
BA,BR-030,688,687,1,30/04/2022,"-14,3184259","-40,3794695",,100
BA,BR-030,687,686,1,30/04/2022,"-14,318426","-40,3794696",,100
BA,BR-030,686,685,1,30/04/2022,"-14,318426","-40,3794697",,100
BA,BR-030,685,684,1,30/04/2022,"-14,3184261","-40,3794697",,100
BA,BR-030,684,683,1,30/04/2022,"-14,3184261","-40,3794698",,100
BA,BR-030,683,682,1,30/04/2022,"-14,3184262","-40,3794699",,100
BA,BR-030,682,681,1,30/04/2022,"-14,3184261","-40,3794701",,100
BA,BR-030,681,680,1,30/04/2022,"-14,3184261","-40,3794702",,100
BA,BR-030,680,679,1,30/04/2022,"-14,3184262","-40,3794703",,100
BA,BR-030,679,678,1,30/04/2022,"-14,3184263","-40,3794704",,100
BA,BR-030,678,677,1,30/04/2022,"-14,3184276","-40,3794717",,100
BA,BR-030,677,676,1,30/04/2022,"-14,3184315","-40,3794759",,100
BA,BR-030,676,675,1,30/04/2022,"-14,3184351","-40,3794781",,100
BA,BR-030,675,674,1,30/04/2022,"-14,3184395","-40,3794801",,100
BA,BR-030,674,673,1,30/04/2022,"-14,3184399","-40,379481",,100
BA,BR-030,673,672,1,30/04/2022,"-14,3184399","-40,379481",,100
BA,BR-030,672,671,1,30/04/2022,"-14,3184399","-40,379481",,100
BA,BR-030,671,670,1,30/04/2022,"-14,3184399","-40,3794811",,100
BA,BR-030,670,669,1,30/04/2022,"-14,3184399","-40,379481",,100
BA,BR-030,669,668,1,30/04/2022,"-14,3184399","-40,3794811",,100
BA,BR-030,668,667,1,30/04/2022,"-14,3184399","-40,3794811",,100
BA,BR-030,667,666,1,30/04/2022,"-14,3184399","-40,3794811",,100
BA,BR-030,666,665,1,30/04/2022,"-14,3184399","-40,3794811",,100
BA,BR-030,665,664,1,30/04/2022,"-14,3184399","-40,3794811",,100
BA,BR-030,664,663,1,30/04/2022,"-14,3184399","-40,3794811",,100
BA,BR-030,663,662,1,30/04/2022,"-14,31844","-40,3794811",,100
BA,BR-030,662,661,1,30/04/2022,"-14,31844","-40,3794811",,100
BA,BR-030,661,660,1,30/04/2022,"-14,3184401","-40,3794811",,100
BA,BR-030,660,659,1,30/04/2022,"-14,3184401","-40,3794811",,100
BA,BR-030,659,658,1,30/04/2022,"-14,307008","-40,4308868",,100
BA,BR-030,658,657,1,30/04/2022,"-14,3066312","-40,4313899",,100
BA,BR-030,657,656,1,30/04/2022,"-14,306424","-40,4316414",,100
BA,BR-030,656,655,1,30/04/2022,"-14,3062157","-40,43191",,100
BA,BR-030,655,654,1,30/04/2022,"-14,3059116","-40,4323231",,100
BA,BR-030,654,653,1,30/04/2022,"-14,30559","-40,4326703",,100
BA,BR-030,653,652,1,30/04/2022,"-14,3052543","-40,4331245",,100
BA,BR-030,652,651,1,30/04/2022,"-14,3048966","-40,4336902",,100
BA,BR-030,651,650,1,30/04/2022,"-14,3048093","-40,4338651",,100
BA,BR-030,650,649,1,30/04/2022,"-14,3040469","-40,4343056",,100
BA,BR-030,649,648,1,30/04/2022,"-14,3039938","-40,434316",,100
BA,BR-030,648,647,1,30/04/2022,"-14,302584","-40,4348131",,100
BA,BR-030,647,646,1,30/04/2022,"-14,302554","-40,4348324",,100
BA,BR-030,646,645,1,30/04/2022,"-14,3011798","-40,4364322",,100
BA,BR-030,645,644,1,30/04/2022,"-14,3007585","-40,4367699",,100
BA,BR-030,644,643,1,30/04/2022,"-14,3002523","-40,4369579",,100
BA,BR-030,643,642,1,30/04/2022,"-14,3000928","-40,4371194",,100
BA,BR-030,642,641,1,30/04/2022,"-14,2990646","-40,4380496",,100
BA,BR-030,641,640,1,30/04/2022,"-14,2990693","-40,4380486",,100
BA,BR-030,640,639,1,30/04/2022,"-14,2983195","-40,4386745",,100
BA,BR-030,639,638,1,30/04/2022,"-14,2979735","-40,4389854",,100
BA,BR-030,638,637,1,30/04/2022,"-14,2976077","-40,4393305",,100
BA,BR-030,637,636,1,30/04/2022,"-14,2972879","-40,4396827",,100
BA,BR-030,636,635,1,30/04/2022,"-14,2969319","-40,439991",,100
BA,BR-030,635,634,1,30/04/2022,"-14,2967714","-40,4401445",,100
BA,BR-030,634,633,1,30/04/2022,"-14,2963756","-40,4405037",,100
BA,BR-030,633,632,1,30/04/2022,"-14,2955403","-40,442171",,100
BA,BR-030,632,631,1,30/04/2022,"-14,295818","-40,4433544",,100
BA,BR-030,631,630,1,30/04/2022,"-14,2967205","-40,4455676",,100
BA,BR-030,630,629,1,30/04/2022,"-14,2979604","-40,4472233",,100
BA,BR-030,629,628,1,30/04/2022,"-14,3208559","-40,4553007",,100
BA,BR-030,628,627,1,30/04/2022,"-14,3208632","-40,4552943",,100
BA,BR-030,627,626,1,30/04/2022,"-14,3208779","-40,4552797",,100
BA,BR-030,626,625,1,30/04/2022,"-14,3208839","-40,4552766",,100
BA,BR-030,625,624,1,30/04/2022,"-14,3208889","-40,4552738",,100
BA,BR-030,624,623,1,30/04/2022,"-14,3208916","-40,4552729",,100
BA,BR-030,623,622,1,30/04/2022,"-14,320892","-40,4552726",,100
BA,BR-030,622,621,1,30/04/2022,"-14,3208922","-40,4552722",,100
BA,BR-030,621,620,1,30/04/2022,"-14,3208924","-40,4552722",,100
BA,BR-030,620,619,1,30/04/2022,"-14,3208926","-40,4552721",,100
BA,BR-030,619,618,1,30/04/2022,"-14,3208928","-40,455272",,100
BA,BR-030,618,617,1,30/04/2022,"-14,3208929","-40,4552719",,100
BA,BR-030,617,616,1,30/04/2022,"-14,3208929","-40,4552718",,100
BA,BR-030,616,615,1,30/04/2022,"-14,3208886","-40,4552659",,100
BA,BR-030,615,614,1,30/04/2022,"-14,3209084","-40,4552576",,100
BA,BR-030,614,613,1,30/04/2022,"-14,3209082","-40,4552575",,100
BA,BR-030,613,612,1,30/04/2022,"-14,3209081","-40,4552574",,100
BA,BR-030,612,611,1,30/04/2022,"-14,320908","-40,4552571",,100
BA,BR-030,611,610,1,30/04/2022,"-14,3209079","-40,455257",,100
BA,BR-030,610,609,1,30/04/2022,"-14,3209077","-40,4552574",,100
BA,BR-030,609,608,1,30/04/2022,"-14,3209075","-40,4552571",,100
BA,BR-030,608,607,1,30/04/2022,"-14,3209074","-40,4552569",,100
BA,BR-030,607,606,1,30/04/2022,"-14,3209073","-40,4552568",,100
BA,BR-030,606,605,1,30/04/2022,"-14,3209072","-40,4552567",,100
BA,BR-030,605,604,1,30/04/2022,"-14,3209071","-40,4552566",,100
BA,BR-030,604,603,1,30/04/2022,"-14,320907","-40,4552565",,100
BA,BR-030,603,602,1,30/04/2022,"-14,320907","-40,4552564",,100
BA,BR-030,602,601,1,30/04/2022,"-14,320907","-40,4552562",,100
BA,BR-030,601,600,1,30/04/2022,"-14,3209068","-40,4552563",,100
BA,BR-030,600,599,1,30/04/2022,"-14,3209068","-40,4552564",,100
BA,BR-030,599,598,1,30/04/2022,"-14,3209066","-40,4552565",,100
BA,BR-030,598,597,1,30/04/2022,"-14,3209066","-40,4552566",,100
BA,BR-030,597,596,1,30/04/2022,"-14,3209065","-40,4552567",,100
BA,BR-030,596,595,1,30/04/2022,"-14,3209065","-40,4552567",,100
BA,BR-030,595,594,1,30/04/2022,"-14,3209065","-40,4552568",,100
BA,BR-030,594,593,1,30/04/2022,"-14,3209064","-40,4552568",,100
BA,BR-030,593,592,1,30/04/2022,"-14,3209064","-40,4552568",,100
BA,BR-030,592,591,1,30/04/2022,"-14,3209063","-40,4552569",,100
BA,BR-030,591,590,1,30/04/2022,"-14,3209062","-40,4552569",,100
BA,BR-030,590,589,1,30/04/2022,"-14,3209062","-40,4552569",,100
BA,BR-030,589,588,1,30/04/2022,"-14,320511","-40,4549516",,100
AM,BR-230,"205,1",204,"1,1",26/04/2022,"-7,51520195","-63,0344265",,95
AM,BR-230,204,203,1,26/04/2022,"-7,51520195","-63,0344265",,"91,25"
AM,BR-230,203,202,1,26/04/2022,"-7,51520195","-63,0344265",,95
AM,BR-230,202,201,1,26/04/2022,"-7,51520195","-63,0344265",,"91,25"
AM,BR-230,201,200,1,26/04/2022,"-7,51520195","-63,0344265",,90
AM,BR-230,200,199,1,26/04/2022,"-7,51520195","-63,0344265",,90
AM,BR-230,199,198,1,26/04/2022,"-7,51520195","-63,0344265",,95
AM,BR-230,198,197,1,26/04/2022,"-7,51520195","-63,0344265",,95
AM,BR-230,197,196,1,26/04/2022,"-7,51520195","-63,0344265",,95
AM,BR-230,196,195,1,26/04/2022,"-7,51520195","-63,0344265",,95
AM,BR-230,195,194,1,26/04/2022,"-7,51520195","-63,0344265",,95
AM,BR-230,194,193,1,26/04/2022,"-7,51520195","-63,0344265",,"93,75"
AM,BR-230,193,192,1,26/04/2022,"-7,51520195","-63,0344265",,"93,75"
AM,BR-230,192,191,1,26/04/2022,"-7,51520195","-63,0344265",,90
AM,BR-230,191,190,1,26/04/2022,"-7,51520195","-63,0344265",,90
AM,BR-230,190,189,1,26/04/2022,"-7,51520195","-63,0344265",,"93,75"
AM,BR-230,189,188,1,26/04/2022,"-7,51520195","-63,0344265",,"67,5"
AM,BR-230,188,187,1,26/04/2022,"-7,51520195","-63,0344265",,"87,5"
AM,BR-230,187,186,1,26/04/2022,"-7,51520195","-63,0344265",,95
AM,BR-230,186,185,1,26/04/2022,"-7,51520195","-63,0344265",,"93,75"
AM,BR-230,185,184,1,26/04/2022,"-7,51520195","-63,0344265",,95
AM,BR-230,184,183,1,26/04/2022,"-7,51520195","-63,0344265",,90
AM,BR-230,183,182,1,26/04/2022,"-7,51520195","-63,0344265",,"77,5"
AM,BR-230,182,181,1,26/04/2022,"-7,51520195","-63,0344265",,"81,25"
AM,BR-230,181,180,1,26/04/2022,"-7,51520195","-63,0344265",,90
AM,BR-230,180,179,1,26/04/2022,"-7,51520195","-63,0344265",,"82,5"
AM,BR-230,179,178,1,26/04/2022,"-7,51520195","-63,0344265",,"93,75"
AM,BR-230,178,177,1,26/04/2022,"-7,51520195","-63,0344265",,85
AM,BR-230,177,176,1,26/04/2022,"-7,51520195","-63,0344265",,"56,25"
AM,BR-230,176,175,1,26/04/2022,"-7,51520195","-63,0344265",,"82,5"
AM,BR-230,175,174,1,26/04/2022,"-7,51520195","-63,0344265",,"68,75"
AM,BR-230,174,173,1,26/04/2022,"-7,51520195","-63,0344265",,"73,75"
AM,BR-230,173,172,1,26/04/2022,"-7,51520195","-63,0344265",,"81,25"
AM,BR-230,172,171,1,26/04/2022,"-7,51520195","-63,0344265",,"81,25"
AM,BR-230,171,170,1,26/04/2022,"-7,51520195","-63,0344265",,"87,5"
AM,BR-230,170,169,1,26/04/2022,"-7,51520195","-63,0344265",,"57,5"
AM,BR-230,169,168,1,26/04/2022,"-7,51520195","-63,0344265",,"82,5"
AM,BR-230,168,167,1,26/04/2022,"-7,51520195","-63,0344265",,70
AM,BR-230,167,166,1,26/04/2022,"-7,51520195","-63,0344265",,"71,25"
AM,BR-230,166,165,1,26/04/2022,"-7,51520195","-63,0344265",,"61,25"
AM,BR-230,165,164,1,26/04/2022,"-7,51520195","-63,0344265",,"77,5"
AM,BR-230,164,163,1,26/04/2022,"-7,51520195","-63,0344265",,"77,5"
AM,BR-230,163,162,1,26/04/2022,"-7,51520195","-63,0344265",,"76,25"
AM,BR-230,162,161,1,26/04/2022,"-7,51520195","-63,0344265",,85
AM,BR-230,161,160,1,26/04/2022,"-7,51520195","-63,0344265",,90
AM,BR-230,160,159,1,26/04/2022,"-7,51520195","-63,0344265",,"78,75"
AM,BR-230,159,158,1,26/04/2022,"-7,51520195","-63,0344265",,90
AM,BR-230,158,157,1,26/04/2022,"-7,51520195","-63,0344265",,"86,25"
AM,BR-230,157,156,1,26/04/2022,"-7,51520195","-63,0344265",,"77,5"
AM,BR-230,156,155,1,26/04/2022,"-7,51520195","-63,0344265",,"77,5"
AM,BR-230,155,154,1,26/04/2022,"-7,51520195","-63,0344265",,"77,5"
AM,BR-230,154,153,1,26/04/2022,"-7,51520195","-63,0344265",,"87,5"
AM,BR-230,153,152,1,26/04/2022,"-7,51520195","-63,0344265",,"63,75"
AM,BR-230,152,151,1,26/04/2022,"-7,51520195","-63,0344265",,"93,75"
AM,BR-230,151,150,1,26/04/2022,"-7,51520195","-63,0344265",,"82,5"
AM,BR-230,150,149,1,26/04/2022,"-7,51520195","-63,0344265",,80
AM,BR-230,149,148,1,26/04/2022,"-7,51520195","-63,0344265",,80
AM,BR-230,148,147,1,26/04/2022,"-7,51520195","-63,0344265",,80
AM,BR-230,147,146,1,26/04/2022,"-7,51520195","-63,0344265",,80
AM,BR-230,146,145,1,26/04/2022,"-7,51520195","-63,0344265",,"82,5"
AM,BR-230,145,144,1,26/04/2022,"-7,51520195","-63,0344265",,"83,75"
AM,BR-230,144,143,1,26/04/2022,"-7,51520195","-63,0344265",,"86,25"
AM,BR-230,143,142,1,26/04/2022,"-7,51520195","-63,0344265",,"87,5"
AM,BR-230,142,141,1,26/04/2022,"-7,51520195","-63,0344265",,70
AM,BR-230,141,140,1,26/04/2022,"-7,51520195","-63,0344265",,"87,5"
AM,BR-230,140,139,1,26/04/2022,"-7,51520195","-63,0344265",,"68,75"
AM,BR-230,139,138,1,26/04/2022,"-7,51520195","-63,0344265",,"81,25"
AM,BR-230,138,137,1,26/04/2022,"-7,51520195","-63,0344265",,"86,25"
AM,BR-230,137,136,1,26/04/2022,"-7,51520195","-63,0344265",,90
AM,BR-230,136,135,1,26/04/2022,"-7,51520195","-63,0344265",,90
AM,BR-230,135,134,1,26/04/2022,"-7,51520195","-63,0344265",,90
AM,BR-230,134,133,1,26/04/2022,"-7,51520195","-63,0344265",,"82,5"
AM,BR-230,133,132,1,26/04/2022,"-7,51520195","-63,0344265",,"93,75"
AM,BR-230,132,131,1,26/04/2022,"-7,51520195","-63,0344265",,"92,5"
AM,BR-230,131,130,1,26/04/2022,"-7,51520195","-63,0344265",,"92,5"
AM,BR-230,130,129,1,26/04/2022,"-7,51520195","-63,0344265",,"81,25"
AM,BR-230,129,128,1,26/04/2022,"-7,51520195","-63,0344265",,"88,75"
AM,BR-230,128,127,1,26/04/2022,"-7,51520195","-63,0344265",,"93,75"
AM,BR-230,127,126,1,26/04/2022,"-7,51520195","-63,0344265",,90
AM,BR-230,126,125,1,26/04/2022,"-7,51520195","-63,0344265",,"87,5"
AM,BR-230,125,124,1,26/04/2022,"-7,51520195","-63,0344265",,90
AM,BR-230,124,123,1,26/04/2022,"-7,51520195","-63,0344265",,"93,75"
AM,BR-230,123,122,1,26/04/2022,"-7,51520195","-63,0344265",,95
AM,BR-230,122,121,1,26/04/2022,"-7,51520195","-63,0344265",,95
AM,BR-230,121,120,1,26/04/2022,"-7,51520195","-63,0344265",,"97,5"
AM,BR-230,120,119,1,26/04/2022,"-7,51520195","-63,0344265",,100
AM,BR-230,119,118,1,26/04/2022,"-7,51520195","-63,0344265",,100
AM,BR-230,118,117,1,26/04/2022,"-7,51520195","-63,0344265",,100
AM,BR-230,117,116,1,26/04/2022,"-7,51520195","-63,0344265",,100
AM,BR-230,116,115,1,26/04/2022,"-7,51520195","-63,0344265",,100
AM,BR-230,115,114,1,26/04/2022,"-7,51520195","-63,0344265",,"92,5"
AM,BR-230,114,113,1,26/04/2022,"-7,51520195","-63,0344265",,"98,75"
AM,BR-230,113,112,1,26/04/2022,"-7,51520195","-63,0344265",,"98,75"
AM,BR-230,112,111,1,26/04/2022,"-7,51520195","-63,0344265",,"98,75"
AM,BR-230,111,110,1,26/04/2022,"-7,51520195","-63,0344265",,"91,25"
AM,BR-230,110,109,1,26/04/2022,"-7,51520195","-63,0344265",,"91,25"
AM,BR-230,109,108,1,26/04/2022,"-7,51520195","-63,0344265",,"93,75"
AM,BR-230,108,107,1,26/04/2022,"-7,51520195","-63,0344265",,95
AM,BR-230,107,106,1,26/04/2022,"-7,51520195","-63,0344265",,95
AM,BR-230,106,105,1,26/04/2022,"-7,51520195","-63,0344265",,95
AM,BR-230,105,104,1,26/04/2022,"-7,51520195","-63,0344265",,95
AM,BR-230,104,103,1,26/04/2022,"-7,51520195","-63,0344265",,"98,75"
AM,BR-230,103,102,1,26/04/2022,"-7,51520195","-63,0344265",,"66,25"
AM,BR-230,102,101,1,26/04/2022,"-7,51520195","-63,0344265",,"96,25"
AM,BR-230,101,100,1,26/04/2022,"-7,51520195","-63,0344265",,85
AM,BR-230,100,99,1,26/04/2022,"-7,51520195","-63,0344265",,"96,25"
AM,BR-230,99,98,1,26/04/2022,"-7,51520195","-63,0344265",,"98,75"
AM,BR-230,98,97,1,26/04/2022,"-7,51520195","-63,0344265",,"98,75"
AM,BR-230,97,96,1,26/04/2022,"-7,51520195","-63,0344265",,"96,25"
AM,BR-230,96,95,1,26/04/2022,"-7,51520195","-63,0344265",,100
AM,BR-230,95,94,1,26/04/2022,"-7,51520195","-63,0344265",,100
AM,BR-230,94,93,1,26/04/2022,"-7,51520195","-63,0344265",,100
AM,BR-230,93,92,1,26/04/2022,"-7,51520195","-63,0344265",,100
AM,BR-230,92,91,1,26/04/2022,"-7,51520195","-63,0344265",,100
AM,BR-230,91,90,1,26/04/2022,"-7,51520195","-63,0344265",,"92,5"
AM,BR-230,90,89,1,26/04/2022,"-7,51520195","-63,0344265",,"91,25"
AM,BR-230,89,88,1,26/04/2022,"-7,51520195","-63,0344265",,"96,25"
AM,BR-230,88,87,1,26/04/2022,"-7,51520195","-63,0344265",,95
AM,BR-230,87,86,1,26/04/2022,"-7,51520195","-63,0344265",,100
AM,BR-230,86,85,1,26/04/2022,"-7,51520195","-63,0344265",,100
AM,BR-230,85,84,1,26/04/2022,"-7,51520195","-63,0344265",,100
AM,BR-230,84,83,1,26/04/2022,"-7,51520195","-63,0344265",,100
AM,BR-230,83,82,1,26/04/2022,"-7,51520195","-63,0344265",,"92,5"
AM,BR-230,82,81,1,26/04/2022,"-7,51520195","-63,0344265",,100
AM,BR-230,81,80,1,26/04/2022,"-7,51520195","-63,0344265",,"96,25"
AM,BR-230,80,79,1,26/04/2022,"-7,51520195","-63,0344265",,90
AM,BR-230,79,78,1,26/04/2022,"-7,51520195","-63,0344265",,100
AM,BR-230,78,77,1,26/04/2022,"-7,5092003","-63,033226",,100
AM,BR-230,77,76,1,26/04/2022,"-7,51520195","-63,0344265",,"87,5"
AM,BR-230,76,75,1,26/04/2022,"-7,51520195","-63,0344265",,"88,75"
AM,BR-230,75,74,1,26/04/2022,"-7,51520195","-63,0344265",,100
AM,BR-230,74,73,1,26/04/2022,"-7,51520195","-63,0344265",,100
AM,BR-230,73,72,1,26/04/2022,"-7,51520195","-63,0344265",,100
AM,BR-230,72,71,1,26/04/2022,"-7,51520195","-63,0344265",,100
AM,BR-230,71,70,1,26/04/2022,"-7,51520195","-63,0344265",,100
AM,BR-230,70,69,1,26/04/2022,"-7,51520195","-63,0344265",,"91,25"
AM,BR-230,69,68,1,26/04/2022,"-7,51520195","-63,0344265",,100
AM,BR-230,68,67,1,26/04/2022,"-7,51520195","-63,0344265",,"96,25"
AM,BR-230,67,66,1,26/04/2022,"-7,51520195","-63,0344265",,100
AM,BR-230,66,65,1,26/04/2022,"-7,51520195","-63,0344265",,100
AM,BR-230,65,64,1,26/04/2022,"-7,51520195","-63,0344265",,100
AM,BR-230,64,63,1,26/04/2022,"-7,51520195","-63,0344265",,100
AM,BR-230,63,62,1,26/04/2022,"-7,51520195","-63,0344265",,"96,25"
AM,BR-230,62,61,1,26/04/2022,"-7,51520195","-63,0344265",,"92,5"
AM,BR-230,61,60,1,26/04/2022,"-7,51520195","-63,0344265",,100
AM,BR-230,60,59,1,26/04/2022,"-7,51520195","-63,0344265",,100
AM,BR-230,59,58,1,26/04/2022,"-7,51520195","-63,0344265",,100
AM,BR-230,58,57,1,26/04/2022,"-7,51520195","-63,0344265",,"88,75"
AM,BR-230,57,56,1,26/04/2022,"-7,51520195","-63,0344265",,"96,25"
AM,BR-230,56,55,1,26/04/2022,"-7,51520195","-63,0344265",,"97,5"
AM,BR-230,55,54,1,26/04/2022,"-7,51520195","-63,0344265",,100
AM,BR-230,54,53,1,26/04/2022,"-7,51520195","-63,0344265",,100
AM,BR-230,53,52,1,26/04/2022,"-7,51520195","-63,0344265",,100
AM,BR-230,52,51,1,26/04/2022,"-7,51520195","-63,0344265",,100
AM,BR-230,51,50,1,26/04/2022,"-7,51520195","-63,0344265",,100
AM,BR-230,50,49,1,26/04/2022,"-7,51520195","-63,0344265",,"98,75"
AM,BR-230,49,48,1,26/04/2022,"-7,51520195","-63,0344265",,"98,75"
AM,BR-230,48,47,1,26/04/2022,"-7,51520195","-63,0344265",,"91,25"
AM,BR-230,47,46,1,26/04/2022,"-7,51520195","-63,0344265",,"92,5"
AM,BR-230,46,45,1,26/04/2022,"-7,51520195","-63,0344265",,100
AM,BR-230,45,44,1,26/04/2022,"-7,51520195","-63,0344265",,100
AM,BR-230,44,43,1,26/04/2022,"-7,51520195","-63,0344265",,"98,75"
AM,BR-230,43,42,1,26/04/2022,"-7,51520195","-63,0344265",,95
AM,BR-230,42,41,1,26/04/2022,"-7,51520195","-63,0344265",,95
AM,BR-230,41,40,1,26/04/2022,"-7,51520195","-63,0344265",,"87,5"
AM,BR-230,40,39,1,26/04/2022,"-7,51520195","-63,0344265",,85
AM,BR-230,39,38,1,26/04/2022,"-7,51520195","-63,0344265",,85
AM,BR-230,38,37,1,26/04/2022,"-7,51520195","-63,0344265",,100
AM,BR-230,37,36,1,26/04/2022,"-7,51520195","-63,0344265",,"87,5"
AM,BR-230,36,35,1,26/04/2022,"-7,51520195","-63,0344265",,85
AM,BR-230,35,34,1,26/04/2022,"-7,51520195","-63,0344265",,100
AM,BR-230,34,33,1,26/04/2022,"-7,51520195","-63,0344265",,100
AM,BR-230,33,32,1,26/04/2022,"-7,51520195","-63,0344265",,100
AM,BR-230,32,31,1,26/04/2022,"-7,51520195","-63,0344265",,100
AM,BR-230,31,30,1,26/04/2022,"-7,51520195","-63,0344265",,100
AM,BR-230,30,29,1,26/04/2022,"-7,51520195","-63,0344265",,"98,75"
AM,BR-230,29,28,1,26/04/2022,"-7,51520195","-63,0344265",,95
AM,BR-230,28,27,1,26/04/2022,"-7,51520195","-63,0344265",,85
AM,BR-230,27,26,1,26/04/2022,"-7,51520195","-63,0344265",,"92,5"
AM,BR-230,26,25,1,26/04/2022,"-7,51520195","-63,0344265",,85
AM,BR-230,25,24,1,26/04/2022,"-7,51520195","-63,0344265",,"98,75"
AM,BR-230,24,23,1,26/04/2022,"-7,51520195","-63,0344265",,100
AM,BR-230,23,22,1,26/04/2022,"-7,51520195","-63,0344265",,"81,25"
AM,BR-230,22,21,1,26/04/2022,"-7,51520195","-63,0344265",,"76,25"
AM,BR-230,21,20,1,26/04/2022,"-7,51520195","-63,0344265",,"76,25"
AM,BR-230,20,19,1,26/04/2022,"-7,51520195","-63,0344265",,"51,25"
AM,BR-230,19,18,1,26/04/2022,"-7,51520195","-63,0344265",,"62,5"
AM,BR-230,18,17,1,26/04/2022,"-7,51520195","-63,0344265",,"57,5"
AM,BR-230,17,16,1,26/04/2022,"-7,51520195","-63,0344265",,"46,25"
AM,BR-230,16,15,1,26/04/2022,"-7,51520195","-63,0344265",,55
AM,BR-230,15,14,1,26/04/2022,"-7,51520195","-63,0344265",,"52,5"
AM,BR-230,14,13,1,26/04/2022,"-7,51520195","-63,0344265",,"62,5"
AM,BR-230,13,12,1,26/04/2022,"-7,51520195","-63,0344265",,"57,5"
AM,BR-230,12,11,1,26/04/2022,"-7,51520195","-63,0344265",,"68,75"
AM,BR-230,11,10,1,26/04/2022,"-7,51520195","-63,0344265",,"26,25"
AM,BR-230,10,9,1,26/04/2022,"-7,51520195","-63,0344265",,"23,75"
AM,BR-230,9,8,1,26/04/2022,"-7,51520195","-63,0344265",,"22,5"
AM,BR-230,8,7,1,26/04/2022,"-7,51520195","-63,0344265",,"23,75"
AM,BR-230,7,6,1,26/04/2022,"-7,51520195","-63,0344265",,"22,5"
AM,BR-230,6,5,1,26/04/2022,"-7,51520195","-63,0344265",,"22,5"
AM,BR-230,5,4,1,26/04/2022,"-7,51520195","-63,0344265",,20
AM,BR-230,4,3,1,26/04/2022,"-7,51520195","-63,0344265",,"23,75"
AM,BR-230,3,2,1,26/04/2022,"-7,51520195","-63,0344265",,20
AM,BR-230,2,1,1,26/04/2022,"-7,51520195","-63,0344265",,20
AM,BR-230,1,0,1,26/04/2022,"-7,51520195","-63,0344265",,20