;;;;;;;;;
;;;;;;;;;
;;;;;;;;;
;;;;;;;;;
UF;Rodovia;km inicial;km final;Extensão (km);Data;Latitude;Longitude;Observação;ICMNP
;;;;;;;;;
;;;;;;;;;
BA;BR-030;281,700;280,000;1,700;12/04/2022;-14,2863466;-43,7851433;;40,000
BA;BR-030;280,000;279,000;1,000;12/04/2022;-14,2941636;-43,7754458;;40,000
BA;BR-030;279,000;278,000;1,000;12/04/2022;-14,2941636;-43,7754458;;41,250
BA;BR-030;278,000;277,000;1,000;12/04/2022;-14,2941636;-43,7754458;;50,000
BA;BR-030;277,000;276,000;1,000;12/04/2022;-14,2941636;-43,7754458;;50,000
BA;BR-030;276,000;275,000;1,000;12/04/2022;-14,2941636;-43,7754458;;50,000
BA;BR-030;275,000;274,000;1,000;12/04/2022;-14,2941636;-43,7754458;;50,000
BA;BR-030;274,000;273,000;1,000;12/04/2022;-14,2941636;-43,7754458;;27,500
BA;BR-030;273,000;272,000;1,000;12/04/2022;-14,2941636;-43,7754458;;42,500
BA;BR-030;272,000;271,000;1,000;12/04/2022;-14,2941636;-43,7754458;;50,000
BA;BR-030;271,000;270,000;1,000;12/04/2022;-14,2941636;-43,7754458;;50,000
BA;BR-030;270,000;269,000;1,000;12/04/2022;-14,2941636;-43,7754458;;50,000
BA;BR-030;269,000;268,000;1,000;12/04/2022;-14,2941636;-43,7754458;;50,000
BA;BR-030;268,000;267,000;1,000;12/04/2022;-14,2941636;-43,7754458;;50,000
BA;BR-030;267,000;266,000;1,000;12/04/2022;-14,2941636;-43,7754458;;42,500
BA;BR-030;266,000;265,000;1,000;12/04/2022;-14,2941636;-43,7754458;;42,500
BA;BR-030;265,000;264,000;1,000;12/04/2022;-14,2941636;-43,7754458;;42,500
BA;BR-030;264,000;263,000;1,000;12/04/2022;-14,2941636;-43,7754458;;35,000
BA;BR-030;263,000;262,000;1,000;12/04/2022;-14,2941636;-43,7754458;;27,500
BA;BR-030;262,000;261,000;1,000;12/04/2022;-14,2941636;-43,7754458;;35,000
BA;BR-030;261,000;260,000;1,000;12/04/2022;-14,2941636;-43,7754458;;35,000
BA;BR-030;260,000;259,000;1,000;12/04/2022;-14,2941636;-43,7754458;;27,500
BA;BR-030;259,000;258,000;1,000;12/04/2022;-14,2941636;-43,7754458;;35,000
BA;BR-030;258,000;257,000;1,000;12/04/2022;-14,2941636;-43,7754458;;27,500
BA;BR-030;257,000;256,000;1,000;12/04/2022;-14,2941636;-43,7754458;;20,000
BA;BR-030;256,000;255,000;1,000;12/04/2022;-14,2941636;-43,7754458;;35,000
BA;BR-030;255,000;254,000;1,000;12/04/2022;-14,2941636;-43,7754458;;27,500
BA;BR-030;254,000;253,000;1,000;12/04/2022;-14,2941636;-43,7754458;;27,500
BA;BR-030;253,000;252,000;1,000;12/04/2022;-14,2941636;-43,7754458;;35,000
BA;BR-030;252,000;251,000;1,000;12/04/2022;-14,2941636;-43,7754458;;27,500
BA;BR-030;251,000;250,000;1,000;12/04/2022;-14,2941636;-43,7754458;;27,500
BA;BR-030;250,000;249,000;1,000;12/04/2022;-14,2941636;-43,7754458;;20,000
BA;BR-030;249,000;248,000;1,000;12/04/2022;-14,2941636;-43,7754458;;35,000
BA;BR-030;248,000;247,000;1,000;12/04/2022;-14,2941636;-43,7754458;;35,000
BA;BR-030;247,000;246,000;1,000;12/04/2022;-14,2941636;-43,7754458;;35,000
BA;BR-030;246,000;245,000;1,000;12/04/2022;-14,2941636;-43,7754458;;35,000
BA;BR-030;245,000;244,000;1,000;12/04/2022;-14,2941636;-43,7754458;;35,000
BA;BR-030;244,000;243,000;1,000;12/04/2022;-14,2941636;-43,7754458;;35,000
BA;BR-030;243,000;242,000;1,000;12/04/2022;-14,2941636;-43,7754458;;35,000
BA;BR-030;242,000;241,000;1,000;12/04/2022;-14,2941636;-43,7754458;;35,000
BA;BR-030;241,000;240,000;1,000;12/04/2022;-14,2941636;-43,7754458;;35,000
BA;BR-030;240,000;239,000;1,000;12/04/2022;-14,2941636;-43,7754458;;35,000
BA;BR-030;239,000;238,000;1,000;12/04/2022;-14,2941636;-43,7754458;;35,000
PA;BR-230;1154,600;1155,000;0,400;11/04/2022;-4,2961921;-55,9583198;;57,500
PA;BR-230;1155,000;1156,000;1,000;11/04/2022;-4,2961921;-55,9583198;;75,000
PA;BR-230;1156,000;1157,000;1,000;11/04/2022;-4,2961921;-55,9583198;;85,000
PA;BR-230;1157,000;1158,000;1,000;11/04/2022;-4,2961921;-55,9583198;;65,000
PA;BR-230;1158,000;1159,000;1,000;11/04/2022;-4,2961921;-55,9583198;;77,500
PA;BR-230;1159,000;1160,000;1,000;11/04/2022;-4,2961921;-55,9583198;;60,000
PA;BR-230;1160,000;1161,000;1,000;11/04/2022;-4,2961921;-55,9583198;;91,250
PA;BR-230;1161,000;1162,000;1,000;11/04/2022;-4,2961921;-55,9583198;;87,500
PA;BR-230;1162,000;1163,000;1,000;11/04/2022;-4,2961921;-55,9583198;;87,500
PA;BR-230;1163,000;1164,000;1,000;11/04/2022;-4,2961921;-55,9583198;;88,750
PA;BR-230;1164,000;1165,000;1,000;11/04/2022;-4,2961921;-55,9583198;;77,500
PA;BR-230;1165,000;1166,000;1,000;11/04/2022;-4,2961921;-55,9583198;;81,250
PA;BR-230;1166,000;1167,000;1,000;11/04/2022;-4,2961921;-55,9583198;;81,250
PA;BR-230;1167,000;1168,000;1,000;11/04/2022;-4,2961921;-55,9583198;;81,250
PA;BR-230;1168,000;1169,000;1,000;11/04/2022;-4,2961921;-55,9583198;;70,000
PA;BR-230;1169,000;1170,000;1,000;11/04/2022;-4,2961921;-55,9583198;;80,000
PA;BR-230;1170,000;1171,000;1,000;11/04/2022;-4,2961921;-55,9583198;;80,000
PA;BR-230;1171,000;1172,000;1,000;11/04/2022;-4,2961342;-55,9582589;;93,750
PA;BR-230;1172,000;1173,000;1,000;11/04/2022;-4,2961342;-55,9582589;;83,750
PA;BR-230;1173,000;1174,000;1,000;11/04/2022;-4,2961342;-55,9582589;;91,250
PA;BR-230;1174,000;1175,000;1,000;11/04/2022;-4,2961342;-55,9582589;;88,750
PA;BR-230;1175,000;1176,000;1,000;11/04/2022;-4,2961342;-55,9582589;;73,750
PA;BR-230;1176,000;1177,000;1,000;11/04/2022;-4,2961342;-55,9582589;;77,500
PA;BR-230;1177,000;1178,000;1,000;11/04/2022;-4,2961342;-55,9582589;;90,000
PA;BR-230;1178,000;1179,000;1,000;11/04/2022;-4,2961342;-55,9582589;;91,250
PA;BR-230;1179,000;1180,000;1,000;11/04/2022;-4,2961342;-55,9582589;;81,250
PA;BR-230;1180,000;1181,000;1,000;11/04/2022;-4,2961342;-55,9582589;;97,500
PA;BR-230;1181,000;1182,000;1,000;11/04/2022;-4,2961342;-55,9582589;;75,000
PA;BR-230;1182,000;1183,000;1,000;11/04/2022;-4,2961342;-55,9582589;;95,000
PA;BR-230;1183,000;1184,000;1,000;11/04/2022;-4,2961342;-55,9582589;;85,000
PA;BR-230;1184,000;1185,000;1,000;11/04/2022;-4,2961342;-55,9582589;;80,000
PA;BR-230;1185,000;1186,000;1,000;11/04/2022;-4,2961342;-55,9582589;;80,000
PA;BR-230;1186,000;1187,000;1,000;11/04/2022;-4,2961889;-55,9583146;;97,500
PA;BR-230;1187,000;1188,000;1,000;11/04/2022;-4,2961907;-55,9583134;;77,500
PA;BR-230;1188,000;1189,000;1,000;11/04/2022;-4,2961907;-55,9583134;;78,750
PA;BR-230;1189,000;1190,000;1,000;11/04/2022;-4,2961907;-55,9583134;;82,500
PA;BR-230;1190,000;1191,000;1,000;11/04/2022;-4,2961907;-55,9583134;;76,250
PA;BR-230;1191,000;1192,000;1,000;11/04/2022;-4,2961907;-55,9583134;;88,750
PA;BR-230;1192,000;1193,000;1,000;11/04/2022;-4,2961907;-55,9583134;;83,750
PA;BR-230;1193,000;1194,000;1,000;11/04/2022;-4,2961907;-55,9583134;;86,250
PA;BR-230;1194,000;1195,000;1,000;11/04/2022;-4,2961907;-55,9583134;;83,750
PA;BR-230;1195,000;1196,000;1,000;11/04/2022;-4,2961345;-55,9582582;;83,750
PA;BR-230;1196,000;1197,000;1,000;11/04/2022;-4,2961345;-55,9582582;;83,750
PA;BR-230;1197,000;1198,000;1,000;11/04/2022;-4,2961345;-55,9582582;;97,500
PA;BR-230;1198,000;1199,000;1,000;11/04/2022;-4,2961345;-55,9582582;;97,500
PA;BR-230;1199,000;1200,000;1,000;11/04/2022;-4,2961345;-55,9582582;;63,750
PA;BR-230;1200,000;1201,000;1,000;11/04/2022;-4,2961345;-55,9582582;;63,750
PA;BR-230;1201,000;1202,000;1,000;11/04/2022;-4,2961345;-55,9582582;;70,000
PA;BR-230;1202,000;1203,000;1,000;11/04/2022;-4,2961345;-55,9582582;;85,000
PA;BR-230;1203,000;1204,000;1,000;11/04/2022;-4,2961932;-55,9583195;;87,500
PA;BR-230;1204,000;1205,000;1,000;11/04/2022;-4,2961932;-55,9583195;;80,000
PA;BR-230;1205,000;1206,000;1,000;11/04/2022;-4,2961932;-55,9583195;;81,250
PA;BR-230;1206,000;1207,000;1,000;11/04/2022;-4,2961932;-55,9583195;;83,750
PA;BR-230;1207,000;1208,000;1,000;11/04/2022;-4,2961932;-55,9583195;;83,750
PA;BR-230;1208,000;1209,000;1,000;11/04/2022;-4,2961932;-55,9583195;;66,250
PA;BR-230;1209,000;1210,000;1,000;11/04/2022;-4,2961932;-55,9583195;;75,000
PA;BR-230;1210,000;1211,000;1,000;11/04/2022;-4,2961932;-55,9583195;;86,250
PA;BR-230;1211,000;1212,000;1,000;11/04/2022;-4,2961932;-55,9583195;;82,500
PA;BR-230;1212,000;1213,000;1,000;11/04/2022;-4,2961932;-55,9583195;;77,500
PA;BR-230;1213,000;1214,000;1,000;11/04/2022;-4,2961932;-55,9583195;;85,000
PA;BR-230;1214,000;1215,000;1,000;11/04/2022;-4,2961932;-55,9583195;;91,250
PA;BR-230;1215,000;1216,000;1,000;11/04/2022;-4,2961904;-55,9583186;;73,750
PA;BR-230;1216,000;1217,000;1,000;11/04/2022;-4,2961904;-55,9583186;;81,250
PA;BR-230;1217,000;1218,000;1,000;11/04/2022;-4,2961902;-55,9583192;;85,000
PA;BR-230;1218,000;1219,000;1,000;11/04/2022;-4,2961902;-55,9583192;;82,500
PA;BR-230;1219,000;1220,000;1,000;11/04/2022;-4,2961902;-55,9583192;;83,750
PA;BR-230;1220,000;1221,000;1,000;11/04/2022;-4,2961902;-55,9583192;;85,000
PA;BR-230;1221,000;1222,000;1,000;11/04/2022;-4,2961902;-55,9583192;;91,250
PA;BR-230;1222,000;1223,000;1,000;11/04/2022;-4,2961902;-55,9583192;;91,250
PA;BR-230;1223,000;1224,000;1,000;11/04/2022;-4,2961902;-55,9583192;;77,500
PA;BR-230;1224,000;1225,000;1,000;11/04/2022;-4,2961902;-55,9583192;;88,750
PA;BR-230;1225,000;1226,000;1,000;11/04/2022;-4,2961902;-55,9583192;;88,750
PA;BR-230;1226,000;1227,000;1,000;11/04/2022;-4,2961902;-55,9583192;;71,250
PA;BR-230;1227,000;1228,000;1,000;11/04/2022;-4,2961902;-55,9583192;;87,500
PA;BR-230;1228,000;1229,000;1,000;11/04/2022;-4,2961902;-55,9583192;;87,500
PA;BR-230;1229,000;1230,000;1,000;11/04/2022;-4,2961902;-55,9583192;;83,750
PA;BR-230;1230,000;1231,000;1,000;11/04/2022;-4,2961902;-55,9583192;;82,500
PA;BR-230;1231,000;1232,000;1,000;11/04/2022;-4,2961902;-55,9583192;;81,250
PA;BR-230;1232,000;1233,000;1,000;11/04/2022;-4,2961902;-55,9583192;;77,500
PA;BR-230;1233,000;1234,000;1,000;11/04/2022;-4,2961902;-55,9583192;;81,250
PA;BR-230;1234,000;1235,000;1,000;11/04/2022;-4,2961907;-55,9583191;;87,500
PA;BR-230;1235,000;1236,000;1,000;11/04/2022;-4,2961907;-55,9583191;;87,500
PA;BR-230;1236,000;1237,000;1,000;11/04/2022;-4,2961907;-55,9583191;;82,500
PA;BR-230;1237,000;1238,000;1,000;11/04/2022;-4,2961907;-55,9583191;;88,750
PA;BR-230;1238,000;1239,000;1,000;11/04/2022;-4,2961907;-55,9583191;;81,250
PA;BR-230;1239,000;1240,000;1,000;11/04/2022;-4,2961907;-55,9583191;;85,000
PA;BR-230;1240,000;1241,000;1,000;11/04/2022;-4,2961907;-55,9583191;;81,250
PA;BR-230;1241,000;1242,000;1,000;11/04/2022;-4,2961907;-55,9583191;;82,500
PA;BR-230;1242,000;1243,000;1,000;11/04/2022;-4,2961907;-55,9583191;;87,500
PA;BR-230;1243,000;1244,000;1,000;11/04/2022;-4,2961907;-55,9583191;;85,000
PA;BR-230;1244,000;1245,000;1,000;11/04/2022;-4,2961907;-55,9583191;;91,250
PA;BR-230;1245,000;1246,000;1,000;11/04/2022;-4,2961907;-55,9583191;;83,750
PA;BR-230;1246,000;1247,000;1,000;11/04/2022;-4,2961907;-55,9583191;;85,000
PA;BR-230;1247,000;1248,000;1,000;11/04/2022;-4,2961907;-55,9583191;;86,250
PA;BR-230;1248,000;1249,000;1,000;11/04/2022;-4,2961921;-55,9583191;;85,000
PA;BR-230;1249,000;1250,000;1,000;11/04/2022;-4,2961921;-55,9583191;;87,500
PA;BR-230;1250,000;1251,000;1,000;11/04/2022;-4,2961921;-55,9583191;;81,250
PA;BR-230;1251,000;1252,000;1,000;11/04/2022;-4,2961921;-55,9583191;;83,750
PA;BR-230;1252,000;1253,000;1,000;11/04/2022;-4,2961929;-55,9583191;;67,500
PA;BR-230;1253,000;1254,000;1,000;11/04/2022;-4,2961929;-55,9583191;;63,750
PA;BR-230;1254,000;1255,000;1,000;11/04/2022;-4,2961929;-55,9583191;;85,000
PA;BR-230;1255,000;1256,000;1,000;11/04/2022;-4,2961929;-55,9583191;;83,750
PA;BR-230;1256,000;1257,000;1,000;11/04/2022;-4,2961929;-55,9583191;;87,500
PA;BR-230;1257,000;1258,000;1,000;11/04/2022;-4,2961904;-55,9583159;;78,750
PA;BR-230;1258,000;1259,000;1,000;11/04/2022;-4,2961888;-55,9583164;;77,500
PA;BR-230;1259,000;1260,000;1,000;11/04/2022;-4,2961888;-55,9583164;;81,250
PA;BR-230;1260,000;1261,000;1,000;11/04/2022;-4,2961888;-55,9583164;;91,250
PA;BR-230;1261,000;1262,000;1,000;11/04/2022;-4,2961888;-55,9583164;;91,250
PA;BR-230;1262,000;1263,000;1,000;11/04/2022;-4,2961888;-55,9583164;;83,750
PA;BR-230;1263,000;1264,000;1,000;11/04/2022;-4,2961888;-55,9583164;;91,250
PA;BR-230;1264,000;1265,000;1,000;11/04/2022;-4,2961888;-55,9583164;;81,250
PA;BR-230;1265,000;1266,000;1,000;11/04/2022;-4,2961888;-55,9583164;;80,000
PA;BR-230;1266,000;1267,000;1,000;11/04/2022;-4,2961888;-55,9583164;;87,500
PA;BR-230;1267,000;1268,000;1,000;11/04/2022;-4,2961345;-55,9582582;;81,250
PA;BR-230;1268,000;1269,000;1,000;11/04/2022;-4,2961345;-55,9582582;;83,750
PA;BR-230;1269,000;1270,000;1,000;11/04/2022;-4,2961345;-55,9582582;;73,750
PA;BR-230;1270,000;1271,000;1,000;11/04/2022;-4,2961345;-55,9582582;;87,500
PA;BR-230;1271,000;1272,000;1,000;11/04/2022;-4,2961345;-55,9582582;;86,250
PA;BR-230;1272,000;1273,000;1,000;11/04/2022;-4,2961345;-55,9582582;;87,500
PA;BR-230;1273,000;1274,000;1,000;11/04/2022;-4,2961345;-55,9582582;;85,000
PA;BR-230;1274,000;1275,000;1,000;11/04/2022;-4,2961345;-55,9582582;;88,750
PA;BR-230;1275,000;1276,000;1,000;11/04/2022;-4,2961345;-55,9582582;;82,500
PA;BR-230;1276,000;1277,000;1,000;11/04/2022;-4,2961345;-55,9582582;;80,000
PA;BR-230;1277,000;1278,000;1,000;11/04/2022;-4,2961345;-55,9582582;;87,500
PA;BR-230;1278,000;1279,000;1,000;11/04/2022;-4,2961345;-55,9582582;;77,500
PA;BR-230;1279,000;1280,000;1,000;11/04/2022;-4,2961345;-55,9582582;;91,250
PA;BR-230;1280,000;1281,000;1,000;11/04/2022;-4,2961345;-55,9582582;;91,250
PA;BR-230;1281,000;1282,000;1,000;11/04/2022;-4,2961345;-55,9582582;;91,250
PA;BR-230;1282,000;1283,000;1,000;11/04/2022;-4,2961345;-55,9582582;;95,000
PA;BR-230;1283,000;1284,000;1,000;11/04/2022;-4,2961345;-55,9582582;;76,250
PA;BR-230;1284,000;1285,000;1,000;11/04/2022;-4,2961345;-55,9582582;;87,500
PA;BR-230;1285,000;1286,000;1,000;11/04/2022;-4,2961345;-55,9582582;;77,500
PA;BR-230;1286,000;1287,000;1,000;11/04/2022;-4,2961345;-55,9582582;;85,000
PA;BR-230;1287,000;1288,000;1,000;11/04/2022;-4,2961345;-55,9582582;;85,000
PA;BR-230;1288,000;1289,000;1,000;11/04/2022;-4,2961345;-55,9582582;;83,750
PA;BR-230;1289,000;1290,000;1,000;11/04/2022;-4,2961345;-55,9582582;;85,000
PA;BR-230;1290,000;1291,000;1,000;11/04/2022;-4,2961345;-55,9582582;;81,250
PA;BR-230;1291,000;1292,000;1,000;11/04/2022;-4,2961923;-55,95832;;91,250
PA;BR-230;1292,000;1293,000;1,000;11/04/2022;-4,2961923;-55,95832;;77,500
PA;BR-230;1293,000;1294,000;1,000;11/04/2022;-4,2961923;-55,95832;;87,500
PA;BR-230;1294,000;1295,000;1,000;11/04/2022;-4,2961923;-55,95832;;87,500
PA;BR-230;1295,000;1296,000;1,000;11/04/2022;-4,2961923;-55,95832;;77,500
PA;BR-230;1296,000;1297,000;1,000;11/04/2022;-4,2961923;-55,95832;;56,250
PA;BR-230;1297,000;1298,000;1,000;11/04/2022;-4,2961897;-55,9583199;;53,750
PA;BR-230;1298,000;1299,000;1,000;11/04/2022;-4,2961897;-55,9583199;;60,000
PA;BR-230;1299,000;1300,000;1,000;11/04/2022;-4,2961897;-55,9583199;;67,500
PA;BR-230;1300,000;1301,000;1,000;11/04/2022;-4,2961897;-55,9583199;;66,250
PA;BR-230;1301,000;1302,000;1,000;11/04/2022;-4,2961897;-55,9583199;;73,750
PA;BR-230;1302,000;1303,000;1,000;11/04/2022;-4,2961897;-55,9583199;;85,000
PA;BR-230;1303,000;1304,000;1,000;11/04/2022;-4,2961897;-55,9583199;;58,750
PA;BR-230;1304,000;1305,000;1,000;11/04/2022;-4,2961897;-55,9583199;;73,750
PA;BR-230;1305,000;1306,000;1,000;11/04/2022;-4,2961897;-55,9583199;;63,750
PA;BR-230;1306,000;1307,000;1,000;11/04/2022;-4,2961897;-55,9583199;;60,000
PA;BR-230;1307,000;1308,000;1,000;11/04/2022;-4,2961897;-55,9583199;;56,250
PA;BR-230;1308,000;1309,000;1,000;11/04/2022;-4,2961897;-55,9583199;;76,250
PA;BR-230;1309,000;1310,000;1,000;11/04/2022;-4,2961897;-55,9583199;;83,750
PA;BR-230;1310,000;1311,000;1,000;11/04/2022;-4,2961897;-55,9583199;;67,500
PA;BR-230;1311,000;1312,000;1,000;12/04/2022;-4,2961897;-55,9583199;;80,000
PA;BR-230;1312,000;1313,000;1,000;12/04/2022;-4,2961839;-55,9583149;;76,250
PA;BR-230;1313,000;1314,000;1,000;12/04/2022;-4,2961745;-55,9583271;;65,000
PA;BR-230;1314,000;1315,000;1,000;12/04/2022;-4,2961745;-55,9583271;;83,750
PA;BR-230;1315,000;1316,000;1,000;12/04/2022;-4,2961745;-55,9583271;;87,500
PA;BR-230;1316,000;1317,000;1,000;12/04/2022;-4,2961745;-55,9583271;;90,000
PA;BR-230;1317,000;1318,000;1,000;12/04/2022;-4,2961745;-55,9583271;;83,750
PA;BR-230;1318,000;1319,000;1,000;12/04/2022;-4,2961745;-55,9583271;;83,750
PA;BR-230;1319,000;1320,000;1,000;12/04/2022;-4,2961745;-55,9583271;;91,250
PA;BR-230;1320,000;1321,000;1,000;12/04/2022;-4,2961745;-55,9583271;;87,500
PA;BR-230;1321,000;1322,000;1,000;12/04/2022;-4,2961745;-55,9583271;;95,000
PA;BR-230;1322,000;1323,000;1,000;12/04/2022;-4,2961745;-55,9583271;;80,000
PA;BR-230;1323,000;1324,000;1,000;12/04/2022;-4,2961745;-55,9583271;;76,250
PA;BR-230;1324,000;1325,000;1,000;12/04/2022;-4,2961745;-55,9583271;;91,250
PA;BR-230;1325,000;1326,000;1,000;12/04/2022;-4,2961745;-55,9583271;;77,500
PA;BR-230;1326,000;1327,000;1,000;12/04/2022;-4,2961745;-55,9583271;;83,750
PA;BR-230;1327,000;1328,000;1,000;12/04/2022;-4,2961745;-55,9583271;;83,750
PA;BR-230;1328,000;1329,000;1,000;12/04/2022;-4,2961745;-55,9583271;;87,500
PA;BR-230;1329,000;1330,000;1,000;12/04/2022;-4,2961745;-55,9583271;;90,000
PA;BR-230;1330,000;1331,000;1,000;12/04/2022;-4,2961745;-55,9583271;;87,500
PA;BR-230;1331,000;1332,000;1,000;12/04/2022;-4,2961867;-55,958314;;81,250
PA;BR-230;1332,000;1333,000;1,000;12/04/2022;-4,2961867;-55,958314;;90,000
PA;BR-230;1333,000;1334,000;1,000;12/04/2022;-4,2961867;-55,958314;;83,750
PA;BR-230;1334,000;1335,000;1,000;12/04/2022;-4,2961867;-55,958314;;97,500
PA;BR-230;1335,000;1336,000;1,000;12/04/2022;-4,2961867;-55,958314;;80,000
PA;BR-230;1336,000;1337,000;1,000;12/04/2022;-4,2961867;-55,958314;;91,250
PA;BR-230;1337,000;1338,000;1,000;12/04/2022;-4,2961867;-55,958314;;91,250
PA;BR-230;1338,000;1339,000;1,000;12/04/2022;-4,2961867;-55,958314;;87,500
PA;BR-230;1339,000;1340,000;1,000;12/04/2022;-4,2961867;-55,958314;;83,750
PA;BR-230;1340,000;1341,000;1,000;12/04/2022;-4,2961867;-55,958314;;90,000
PA;BR-230;1341,000;1342,000;1,000;12/04/2022;-4,2961867;-55,958314;;83,750
PA;BR-230;1342,000;1343,000;1,000;12/04/2022;-4,2961831;-55,9583189;;91,250
PA;BR-230;1343,000;1344,000;1,000;12/04/2022;-4,2961831;-55,9583189;;91,250
PA;BR-230;1344,000;1345,000;1,000;12/04/2022;-4,2961831;-55,9583189;;87,500
PA;BR-230;1345,000;1346,000;1,000;12/04/2022;-4,2961829;-55,9583156;;76,250
PA;BR-230;1346,000;1347,000;1,000;12/04/2022;-4,2961829;-55,9583156;;87,500
PA;BR-230;1347,000;1348,000;1,000;12/04/2022;-4,2961829;-55,9583156;;87,500
PA;BR-230;1348,000;1349,000;1,000;12/04/2022;-4,2961829;-55,9583156;;83,750
PA;BR-230;1349,000;1350,000;1,000;12/04/2022;-4,2961829;-55,9583156;;91,250
PA;BR-230;1350,000;1351,000;1,000;12/04/2022;-4,2961829;-55,9583156;;95,000
PA;BR-230;1351,000;1352,000;1,000;12/04/2022;-4,2961829;-55,9583156;;83,750
PA;BR-230;1352,000;1353,000;1,000;12/04/2022;-4,2961829;-55,9583156;;87,500
PA;BR-230;1353,000;1354,000;1,000;12/04/2022;-4,2961829;-55,9583156;;91,250
PA;BR-230;1354,000;1355,000;1,000;12/04/2022;-4,2961829;-55,9583156;;87,500
PA;BR-230;1355,000;1356,000;1,000;12/04/2022;-4,2961829;-55,9583156;;87,500
PA;BR-230;1356,000;1357,000;1,000;12/04/2022;-4,2961829;-55,9583156;;93,750
PA;BR-230;1357,000;1358,000;1,000;12/04/2022;-4,2961829;-55,9583156;;80,000
PA;BR-230;1358,000;1359,000;1,000;12/04/2022;-4,2961829;-55,9583156;;87,500
PA;BR-230;1359,000;1360,000;1,000;12/04/2022;-4,2961829;-55,9583156;;87,500
PA;BR-230;1360,000;1361,000;1,000;12/04/2022;-4,2961829;-55,9583156;;87,500
PA;BR-230;1361,000;1362,000;1,000;12/04/2022;-4,2961829;-55,9583156;;90,000
PA;BR-230;1362,000;1363,000;1,000;12/04/2022;-4,2961829;-55,9583156;;83,750
PA;BR-230;1363,000;1364,000;1,000;12/04/2022;-4,2961829;-55,9583156;;91,250
PA;BR-230;1364,000;1365,000;1,000;12/04/2022;-4,2961829;-55,9583156;;83,750
PA;BR-230;1365,000;1366,000;1,000;12/04/2022;-4,2961777;-55,9583218;;95,000
PA;BR-230;1366,000;1367,000;1,000;12/04/2022;-4,2961777;-55,9583218;;87,500
PA;BR-230;1367,000;1368,000;1,000;12/04/2022;-4,2961777;-55,9583218;;87,500
PA;BR-230;1368,000;1369,000;1,000;12/04/2022;-4,2961777;-55,9583218;;73,750
PA;BR-230;1369,000;1370,000;1,000;12/04/2022;-4,2961777;-55,9583218;;81,250
PA;BR-230;1370,000;1371,000;1,000;12/04/2022;-4,2961777;-55,9583218;;87,500
PA;BR-230;1371,000;1372,000;1,000;12/04/2022;-4,2961777;-55,9583218;;83,750
PA;BR-230;1372,000;1373,000;1,000;12/04/2022;-4,2961777;-55,9583218;;88,750
PA;BR-230;1373,000;1374,000;1,000;12/04/2022;-4,2961777;-55,9583218;;83,750
PA;BR-230;1374,000;1375,000;1,000;12/04/2022;-4,2961777;-55,9583218;;86,250
PA;BR-230;1375,000;1376,000;1,000;12/04/2022;-4,2961777;-55,9583218;;91,250
PA;BR-230;1376,000;1377,000;1,000;12/04/2022;-4,2961777;-55,9583218;;83,750
PA;BR-230;1377,000;1378,000;1,000;12/04/2022;-4,2961777;-55,9583218;;80,000
PA;BR-230;1378,000;1379,000;1,000;12/04/2022;-4,2961777;-55,9583218;;87,500
PA;BR-230;1379,000;1380,000;1,000;12/04/2022;-4,2961777;-55,9583218;;91,250
PA;BR-230;1380,000;1381,000;1,000;12/04/2022;-4,2961777;-55,9583218;;87,500
PA;BR-230;1381,000;1382,000;1,000;12/04/2022;-4,296183;-55,958307;;83,750
PA;BR-230;1382,000;1383,000;1,000;12/04/2022;-4,2961829;-55,958307;;91,250
PA;BR-230;1383,000;1384,000;1,000;12/04/2022;-4,2961829;-55,958307;;93,750
PA;BR-230;1384,000;1385,000;1,000;12/04/2022;-4,2961829;-55,958307;;83,750
PA;BR-230;1385,000;1386,000;1,000;12/04/2022;-4,2961829;-55,958307;;91,250
PA;BR-230;1386,000;1387,000;1,000;12/04/2022;-4,2961835;-55,9583068;;97,500
PA;BR-230;1387,000;1388,000;1,000;12/04/2022;-4,2961835;-55,9583068;;91,250
PA;BR-230;1388,000;1389,000;1,000;12/04/2022;-4,2961835;-55,9583068;;87,500
PA;BR-230;1389,000;1390,000;1,000;12/04/2022;-4,2961835;-55,9583068;;85,000
PA;BR-230;1390,000;1391,000;1,000;12/04/2022;-4,2961835;-55,9583068;;73,750
PA;BR-230;1391,000;1392,000;1,000;12/04/2022;-4,2961835;-55,9583068;;80,000
PA;BR-230;1392,000;1393,000;1,000;12/04/2022;-4,2961853;-55,9583049;;85,000
PA;BR-230;1393,000;1394,000;1,000;12/04/2022;-4,2961853;-55,9583049;;81,250
PA;BR-230;1394,000;1395,000;1,000;12/04/2022;-4,2961849;-55,9583053;;87,500
PA;BR-230;1395,000;1396,000;1,000;12/04/2022;-4,2961849;-55,9583053;;91,250
PA;BR-230;1396,000;1397,000;1,000;12/04/2022;-4,2961849;-55,9583053;;82,500
PA;BR-230;1397,000;1398,000;1,000;12/04/2022;-4,2961849;-55,9583053;;87,500
PA;BR-230;1398,000;1399,000;1,000;12/04/2022;-4,2961849;-55,9583053;;83,750
PA;BR-230;1399,000;1400,000;1,000;12/04/2022;-4,2961849;-55,9583053;;83,750
PA;BR-230;1400,000;1401,000;1,000;12/04/2022;-4,2961843;-55,958306;;90,000
PA;BR-230;1401,000;1402,000;1,000;12/04/2022;-4,2961843;-55,958306;;77,500
PA;BR-230;1402,000;1403,000;1,000;12/04/2022;-4,2961843;-55,958306;;76,250
PA;BR-230;1403,000;1404,000;1,000;12/04/2022;-4,2961843;-55,958306;;77,500
PA;BR-230;1404,000;1405,000;1,000;12/04/2022;-4,2961843;-55,958306;;91,250
PA;BR-230;1405,000;1406,000;1,000;12/04/2022;-4,2961843;-55,958306;;83,750
PA;BR-230;1406,000;1407,000;1,000;12/04/2022;-4,2961843;-55,958306;;83,750
PA;BR-230;1407,000;1408,000;1,000;12/04/2022;-4,2961843;-55,958306;;70,000
PA;BR-230;1408,000;1409,000;1,000;12/04/2022;-4,2961843;-55,958306;;77,500
PA;BR-230;1409,000;1410,000;1,000;12/04/2022;-4,2961843;-55,958306;;77,500
PA;BR-230;1410,000;1411,000;1,000;12/04/2022;-4,2961843;-55,958306;;87,500
PA;BR-230;1411,000;1412,000;1,000;12/04/2022;-4,2961843;-55,958306;;82,500
PA;BR-230;1412,000;1413,000;1,000;12/04/2022;-4,2961843;-55,958306;;91,250
PA;BR-230;1413,000;1414,000;1,000;12/04/2022;-4,2961843;-55,958306;;83,750
PA;BR-230;1414,000;1415,000;1,000;12/04/2022;-4,2961854;-55,9583053;;83,750
PA;BR-230;1415,000;1416,000;1,000;12/04/2022;-4,2961854;-55,9583053;;91,250
PA;BR-230;1416,000;1417,000;1,000;12/04/2022;-4,2961854;-55,9583053;;82,500
PA;BR-230;1417,000;1418,000;1,000;12/04/2022;-4,2961854;-55,9583053;;95,000
PA;BR-230;1418,000;1419,000;1,000;12/04/2022;-4,296186;-55,9583045;;80,000
PA;BR-230;1419,000;1420,000;1,000;12/04/2022;-4,296186;-55,9583045;;62,500
PA;BR-230;1420,000;1421,000;1,000;12/04/2022;-4,296186;-55,9583045;;78,750
PA;BR-230;1421,000;1422,000;1,000;12/04/2022;-4,296186;-55,9583045;;91,250
PA;BR-230;1422,000;1423,000;1,000;12/04/2022;-4,2961802;-55,9583111;;87,500
PA;BR-230;1423,000;1424,000;1,000;12/04/2022;-4,2961802;-55,9583111;;90,000
PA;BR-230;1424,000;1425,000;1,000;12/04/2022;-4,296184;-55,9583061;;91,250
PA;BR-230;1425,000;1426,000;1,000;12/04/2022;-4,296184;-55,9583061;;81,250
PA;BR-230;1426,000;1427,000;1,000;12/04/2022;-4,296184;-55,9583061;;87,500
PA;BR-230;1427,000;1428,000;1,000;12/04/2022;-4,296184;-55,9583061;;81,250
PA;BR-230;1428,000;1429,000;1,000;12/04/2022;-4,296184;-55,9583061;;81,250
PA;BR-230;1429,000;1430,000;1,000;12/04/2022;-4,296184;-55,9583061;;81,250
PA;BR-230;1430,000;1431,000;1,000;12/04/2022;-4,296184;-55,9583061;;91,250
PA;BR-230;1431,000;1432,000;1,000;12/04/2022;-4,296184;-55,9583061;;80,000
PA;BR-230;1432,000;1433,000;1,000;12/04/2022;-4,296184;-55,9583061;;91,250
PA;BR-230;1433,000;1434,000;1,000;12/04/2022;-4,296184;-55,9583061;;87,500
PA;BR-230;1434,000;1435,000;1,000;12/04/2022;-4,296184;-55,9583061;;91,250
PA;BR-230;1435,000;1436,000;1,000;12/04/2022;-4,296184;-55,9583061;;83,750
PA;BR-230;1436,000;1437,000;1,000;12/04/2022;-4,296184;-55,9583061;;83,750
PA;BR-230;1437,000;1438,000;1,000;12/04/2022;-4,296184;-55,9583061;;86,250
PA;BR-230;1438,000;1439,000;1,000;12/04/2022;-4,296184;-55,9583061;;83,750
PA;BR-230;1439,000;1440,000;1,000;12/04/2022;-4,296184;-55,9583061;;91,250
PA;BR-230;1440,000;1441,000;1,000;12/04/2022;-4,296184;-55,9583061;;91,250
PA;BR-230;1441,000;1442,000;1,000;12/04/2022;-4,296184;-55,9583061;;91,250
PA;BR-230;1442,000;1443,000;1,000;12/04/2022;-4,296184;-55,9583061;;91,250
PA;BR-230;1443,000;1444,000;1,000;12/04/2022;-4,296184;-55,9583061;;83,750
PA;BR-230;1444,000;1445,000;1,000;12/04/2022;-4,296184;-55,9583061;;91,250
PA;BR-230;1445,000;1446,000;1,000;12/04/2022;-4,2961841;-55,9583061;;87,500
PA;BR-230;1446,000;1447,000;1,000;12/04/2022;-4,2961841;-55,9583061;;91,250
PA;BR-230;1447,000;1448,000;1,000;12/04/2022;-4,2961841;-55,9583061;;83,750
PA;BR-230;1448,000;1449,000;1,000;12/04/2022;-4,2961841;-55,9583061;;83,750
PA;BR-230;1449,000;1450,000;1,000;12/04/2022;-4,2961841;-55,9583061;;83,750
PA;BR-230;1450,000;1451,000;1,000;12/04/2022;-4,2961841;-55,9583061;;87,500
PA;BR-230;1451,000;1452,000;1,000;12/04/2022;-4,2961841;-55,9583061;;77,500
PA;BR-230;1452,000;1453,000;1,000;12/04/2022;-4,2961841;-55,9583061;;77,500
PA;BR-230;1453,000;1454,000;1,000;12/04/2022;-4,2961841;-55,9583061;;91,250
PA;BR-230;1454,000;1455,000;1,000;12/04/2022;-4,2961841;-55,9583061;;87,500
PA;BR-230;1455,000;1456,000;1,000;12/04/2022;-4,2961841;-55,9583061;;83,750
PA;BR-230;1456,000;1457,000;1,000;12/04/2022;-4,2961812;-55,9583067;;77,500
PA;BR-230;1457,000;1458,000;1,000;12/04/2022;-4,2961812;-55,9583067;;80,000
PA;BR-230;1458,000;1459,000;1,000;12/04/2022;-4,2961812;-55,9583067;;83,750
PA;BR-230;1459,000;1460,000;1,000;12/04/2022;-4,2961812;-55,9583067;;83,750
PA;BR-230;1460,000;1461,000;1,000;12/04/2022;-4,2961812;-55,9583067;;83,750
PA;BR-230;1461,000;1462,000;1,000;12/04/2022;-4,2961812;-55,9583067;;87,500
PA;BR-230;1462,000;1463,000;1,000;12/04/2022;-4,2961812;-55,9583067;;83,750
PA;BR-230;1463,000;1464,000;1,000;12/04/2022;-4,2961812;-55,9583067;;83,750
PA;BR-230;1464,000;1465,000;1,000;12/04/2022;-4,2961812;-55,9583067;;83,750
PA;BR-230;1465,000;1466,000;1,000;12/04/2022;-4,2961812;-55,9583067;;83,750
PA;BR-230;1466,000;1467,000;1,000;12/04/2022;-4,2961812;-55,9583067;;91,250
PA;BR-230;1467,000;1468,000;1,000;12/04/2022;-4,2961812;-55,9583067;;83,750
PA;BR-230;1468,000;1469,000;1,000;12/04/2022;-4,2961812;-55,9583067;;83,750
PA;BR-230;1469,000;1470,000;1,000;12/04/2022;-4,2961812;-55,9583067;;83,750
PA;BR-230;1470,000;1471,000;1,000;12/04/2022;-4,2961812;-55,9583067;;87,500
PA;BR-230;1471,000;1472,000;1,000;12/04/2022;-4,2961812;-55,9583067;;83,750
PA;BR-230;1472,000;1473,000;1,000;12/04/2022;-4,2961812;-55,9583067;;83,750
PA;BR-230;1473,000;1474,000;1,000;12/04/2022;-4,2961812;-55,9583067;;91,250
PA;BR-230;1474,000;1475,000;1,000;12/04/2022;-4,2961812;-55,9583067;;83,750
PA;BR-230;1475,000;1476,000;1,000;12/04/2022;-4,2961812;-55,9583067;;83,750
PA;BR-230;1476,000;1477,000;1,000;12/04/2022;-4,2961812;-55,9583067;;83,750
PA;BR-230;1477,000;1478,000;1,000;12/04/2022;-4,2961812;-55,9583067;;80,000
PA;BR-230;1478,000;1479,000;1,000;12/04/2022;-4,2961812;-55,9583067;;86,250
PA;BR-230;1479,000;1480,000;1,000;12/04/2022;-4,2961812;-55,9583067;;83,750
PA;BR-230;1480,000;1481,000;1,000;12/04/2022;-4,2961812;-55,9583067;;83,750
PA;BR-230;1481,000;1482,000;1,000;12/04/2022;-4,2961812;-55,9583067;;83,750
PA;BR-230;1482,000;1483,000;1,000;12/04/2022;-4,2961812;-55,9583067;;83,750
PA;BR-230;1483,000;1484,000;1,000;12/04/2022;-4,2961812;-55,9583067;;91,250
PA;BR-230;1484,000;1485,000;1,000;12/04/2022;-4,2961812;-55,9583067;;83,750
PA;BR-230;1485,000;1486,000;1,000;12/04/2022;-4,293027;-55,9628703;;83,750
PA;BR-230;1486,000;1487,000;1,000;12/04/2022;-4,2930373;-55,9628742;;83,750
PA;BR-230;1487,000;1488,000;1,000;12/04/2022;-4,2930373;-55,9628742;;83,750
PA;BR-230;1488,000;1489,000;1,000;12/04/2022;-4,2930373;-55,9628742;;83,750
PA;BR-230;1489,000;1490,000;1,000;12/04/2022;-4,2930373;-55,9628742;;83,750
PA;BR-230;1490,000;1491,000;1,000;12/04/2022;-4,2928267;-55,9627684;;83,750
PA;BR-230;1491,000;1492,000;1,000;12/04/2022;-4,2928267;-55,9627684;;76,250
PA;BR-230;1492,000;1493,000;1,000;12/04/2022;-4,2928267;-55,9627684;;91,250
PA;BR-230;1493,000;1494,000;1,000;12/04/2022;-4,2928267;-55,9627684;;87,500
PA;BR-230;1494,000;1495,000;1,000;12/04/2022;-4,2928267;-55,9627684;;76,250
PA;BR-230;1495,000;1496,000;1,000;12/04/2022;-4,2928267;-55,9627684;;83,750
PA;BR-230;1496,000;1497,000;1,000;12/04/2022;-4,2928267;-55,9627684;;76,250
PA;BR-230;1497,000;1498,000;1,000;12/04/2022;-4,2928267;-55,9627684;;83,750
PA;BR-230;1498,000;1499,000;1,000;12/04/2022;-4,2928267;-55,9627684;;90,000
PA;BR-230;1499,000;1500,000;1,000;12/04/2022;-4,2928267;-55,9627684;;87,500
PA;BR-230;1500,000;1501,000;1,000;12/04/2022;-4,2930842;-55,9628355;;86,250
PA;BR-230;1501,000;1502,000;1,000;12/04/2022;-4,2930842;-55,9628355;;83,750
PA;BR-230;1502,000;1503,000;1,000;12/04/2022;-4,2930842;-55,9628355;;67,500
PA;BR-230;1503,000;1504,000;1,000;12/04/2022;-4,2930842;-55,9628355;;76,250
PA;BR-230;1504,000;1505,000;1,000;12/04/2022;-4,2930842;-55,9628355;;77,500
PA;BR-230;1505,000;1506,000;1,000;12/04/2022;-4,2930842;-55,9628355;;91,250
PA;BR-230;1506,000;1507,000;1,000;12/04/2022;-4,2930842;-55,9628355;;86,250
PA;BR-230;1507,000;1508,000;1,000;12/04/2022;-4,2930842;-55,9628355;;97,500
PA;BR-230;1508,000;1509,000;1,000;12/04/2022;-4,2930842;-55,9628355;;80,000
PA;BR-230;1509,000;1510,000;1,000;12/04/2022;-4,2930842;-55,9628355;;83,750
PA;BR-230;1510,000;1511,000;1,000;12/04/2022;-4,2930842;-55,9628355;;76,250
PA;BR-230;1511,000;1512,000;1,000;12/04/2022;-4,2930842;-55,9628355;;73,750
PA;BR-230;1512,000;1513,000;1,000;12/04/2022;-4,2930842;-55,9628355;;85,000
PA;BR-230;1513,000;1514,000;1,000;12/04/2022;-4,2930842;-55,9628355;;97,500
PA;BR-230;1514,000;1515,000;1,000;12/04/2022;-4,2930842;-55,9628355;;93,750
PA;BR-230;1515,000;1516,000;1,000;12/04/2022;-4,2930842;-55,9628355;;80,000
PA;BR-230;1516,000;1517,000;1,000;12/04/2022;-4,2931091;-55,9628757;;91,250
PA;BR-230;1517,000;1518,000;1,000;12/04/2022;-4,2931091;-55,9628757;;86,250
PA;BR-230;1518,000;1519,000;1,000;12/04/2022;-4,2931091;-55,9628757;;91,250
PA;BR-230;1519,000;1520,000;1,000;12/04/2022;-4,2931091;-55,9628757;;83,750
PA;BR-230;1520,000;1521,000;1,000;12/04/2022;-4,2949214;-55,9634382;;87,500
PA;BR-230;1521,000;1522,000;1,000;12/04/2022;-4,2949214;-55,9634382;;83,750
PA;BR-230;1522,000;1523,000;1,000;12/04/2022;-4,2949214;-55,9634382;;80,000
PA;BR-230;1523,000;1524,000;1,000;12/04/2022;-4,2949214;-55,9634382;;93,750
PA;BR-230;1524,000;1525,000;1,000;12/04/2022;-4,2949214;-55,9634382;;76,250
PA;BR-230;1525,000;1526,000;1,000;12/04/2022;-4,2949214;-55,9634382;;87,500
PA;BR-230;1526,000;1527,000;1,000;12/04/2022;-4,2949214;-55,9634382;;91,250
PA;BR-230;1527,000;1528,000;1,000;12/04/2022;-4,2949214;-55,9634382;;83,750
PA;BR-230;1528,000;1529,000;1,000;12/04/2022;-4,2934336;-55,962827;;83,750
PA;BR-230;1529,000;1530,000;1,000;12/04/2022;-4,2934336;-55,962827;;76,250
PA;BR-230;1530,000;1531,000;1,000;12/04/2022;-4,2934336;-55,962827;;87,500
PA;BR-230;1531,000;1532,000;1,000;12/04/2022;-4,2934336;-55,962827;;87,500
PA;BR-230;1532,000;1533,000;1,000;12/04/2022;-4,2934336;-55,962827;;91,250
PA;BR-230;1533,000;1534,000;1,000;12/04/2022;-4,2934336;-55,962827;;80,000
PA;BR-230;1534,000;1535,000;1,000;12/04/2022;-4,2934336;-55,962827;;76,250
PA;BR-230;1535,000;1536,000;1,000;12/04/2022;-4,2934336;-55,962827;;83,750
PA;BR-230;1536,000;1537,000;1,000;12/04/2022;-4,2934336;-55,962827;;83,750
PA;BR-230;1537,000;1538,000;1,000;12/04/2022;-4,2934336;-55,962827;;83,750
PA;BR-230;1538,000;1539,000;1,000;12/04/2022;-4,2934336;-55,962827;;77,500
PA;BR-230;1539,000;1540,000;1,000;12/04/2022;-4,2934336;-55,962827;;85,000
PA;BR-230;1540,000;1541,000;1,000;12/04/2022;-4,2934336;-55,962827;;85,000
PA;BR-230;1541,000;1542,000;1,000;12/04/2022;-4,2934336;-55,962827;;81,250
PA;BR-230;1542,000;1543,000;1,000;12/04/2022;-4,2934336;-55,962827;;77,500
PA;BR-230;1543,000;1544,000;1,000;12/04/2022;-4,2956506;-55,9643659;;91,250
PA;BR-230;1544,000;1545,000;1,000;12/04/2022;-4,2956506;-55,9643659;;90,000
PA;BR-230;1545,000;1546,000;1,000;12/04/2022;-4,2956506;-55,9643659;;83,750
PA;BR-230;1546,000;1547,000;1,000;12/04/2022;-4,2956506;-55,9643659;;91,250
PA;BR-230;1547,000;1548,000;1,000;12/04/2022;-4,2956506;-55,9643659;;97,500
PA;BR-230;1548,000;1549,000;1,000;12/04/2022;-4,2956506;-55,9643659;;91,250
PA;BR-230;1549,000;1550,000;1,000;12/04/2022;-4,2956506;-55,9643659;;73,750
PA;BR-230;1550,000;1551,000;1,000;12/04/2022;-4,2956506;-55,9643659;;91,250
PA;BR-230;1551,000;1552,000;1,000;12/04/2022;-4,2956506;-55,9643659;;91,250
PA;BR-230;1552,000;1553,000;1,000;12/04/2022;-4,2956506;-55,9643659;;77,500
PA;BR-230;1553,000;1554,000;1,000;12/04/2022;-4,2956506;-55,9643659;;91,250
PA;BR-230;1554,000;1555,000;1,000;12/04/2022;-4,2956506;-55,9643659;;83,750
PA;BR-230;1555,000;1556,000;1,000;12/04/2022;-4,2956506;-55,9643659;;83,750
PA;BR-230;1556,000;1557,000;1,000;12/04/2022;-4,2956506;-55,9643659;;86,250
PA;BR-230;1557,000;1558,000;1,000;12/04/2022;-4,2956506;-55,9643659;;90,000
PA;BR-230;1558,000;1559,000;1,000;12/04/2022;-4,2956506;-55,9643659;;90,000
PA;BR-230;1559,000;1560,000;1,000;12/04/2022;-4,2956506;-55,9643659;;90,000
PA;BR-230;1560,000;1561,000;1,000;12/04/2022;-4,2956506;-55,9643659;;86,250
PA;BR-230;1561,000;1562,000;1,000;12/04/2022;-4,2956506;-55,9643659;;77,500
PA;BR-230;1562,000;1563,000;1,000;12/04/2022;-4,2956506;-55,9643659;;87,500
PA;BR-230;1563,000;1564,000;1,000;12/04/2022;-4,2956506;-55,9643659;;87,500
PA;BR-230;1564,000;1565,000;1,000;12/04/2022;-4,2956506;-55,9643659;;87,500
PA;BR-230;1565,000;1566,000;1,000;12/04/2022;-4,2956506;-55,9643659;;93,750
PA;BR-230;1566,000;1567,000;1,000;12/04/2022;-4,2956506;-55,9643659;;97,500
PA;BR-230;1567,000;1568,000;1,000;12/04/2022;-4,2956506;-55,9643659;;93,750
PA;BR-230;1568,000;1569,000;1,000;12/04/2022;-4,2956506;-55,9643659;;83,750
PA;BR-230;1569,000;1570,000;1,000;12/04/2022;-4,2956506;-55,9643659;;83,750
PA;BR-230;1570,000;1571,000;1,000;12/04/2022;-4,2956506;-55,9643659;;83,750
PA;BR-230;1571,000;1572,000;1,000;12/04/2022;-4,2956506;-55,9643659;;91,250
PA;BR-230;1572,000;1573,000;1,000;12/04/2022;-4,2956506;-55,9643659;;91,250
PA;BR-230;1573,000;1574,000;1,000;12/04/2022;-4,2956506;-55,9643659;;83,750
PA;BR-230;1574,000;1575,000;1,000;12/04/2022;-4,2956506;-55,9643659;;73,750
PA;BR-230;1575,000;1576,000;1,000;12/04/2022;-4,2956506;-55,9643659;;70,000
PA;BR-230;1576,000;1577,000;1,000;12/04/2022;-4,2956506;-55,9643659;;97,500
PA;BR-230;1577,000;1578,000;1,000;12/04/2022;-4,2956506;-55,9643659;;97,500
PA;BR-230;1578,000;1579,000;1,000;12/04/2022;-4,2956506;-55,9643659;;93,750
PA;BR-230;1579,000;1580,000;1,000;12/04/2022;-4,2956506;-55,9643659;;93,750
PA;BR-230;1580,000;1581,000;1,000;12/04/2022;-4,2956506;-55,9643659;;93,750
PA;BR-230;1581,000;1582,000;1,000;12/04/2022;-4,2956506;-55,9643659;;97,500
PA;BR-230;1582,000;1583,000;1,000;12/04/2022;-4,2956506;-55,9643659;;93,750
PA;BR-230;1583,000;1584,000;1,000;12/04/2022;-4,2956506;-55,9643659;;91,250
PA;BR-230;1584,000;1585,000;1,000;12/04/2022;-4,2956506;-55,9643659;;83,750
PA;BR-230;1585,000;1586,000;1,000;12/04/2022;-4,2956506;-55,9643659;;91,250
PA;BR-230;1586,000;1587,000;1,000;12/04/2022;-4,2956506;-55,9643659;;93,750
PA;BR-230;1587,000;1588,000;1,000;12/04/2022;-4,2956506;-55,9643659;;91,250
PA;BR-230;1588,000;1589,000;1,000;12/04/2022;-4,2956506;-55,9643659;;76,250
PA;BR-230;1589,000;1590,000;1,000;12/04/2022;-4,2956506;-55,9643659;;80,000
PA;BR-230;1590,000;1591,000;1,000;12/04/2022;-4,2956506;-55,9643659;;80,000
PA;BR-230;1591,000;1592,000;1,000;12/04/2022;-4,2956506;-55,9643659;;91,250
PR;BR-158;229,500;230,000;0,500;07/04/2022;-24,0794831;-52,3621694;;57,500
PR;BR-158;230,000;231,000;1,000;07/04/2022;-24,0794831;-52,3621694;;65,000
PR;BR-158;231,000;232,000;1,000;07/04/2022;-24,0960877;-52,3851306;;66,250
PR;BR-158;232,000;233,000;1,000;07/04/2022;-24,1048109;-52,3895172;;65,000
PR;BR-158;233,000;234,000;1,000;07/04/2022;-24,1048109;-52,3895172;;66,250
PR;BR-158;234,000;235,000;1,000;07/04/2022;-24,1218381;-52,4024351;;65,000
PR;BR-158;235,000;236,000;1,000;07/04/2022;-24,1218381;-52,4024351;;68,750
PR;BR-158;236,000;237,000;1,000;07/04/2022;-24,1218381;-52,4024351;;72,500
PR;BR-158;237,000;238,000;1,000;07/04/2022;-24,1218381;-52,4024351;;68,750
PR;BR-158;238,000;239,000;1,000;07/04/2022;-24,1218381;-52,4024351;;78,750
PR;BR-158;239,000;240,000;1,000;07/04/2022;-24,1218381;-52,4024351;;72,500
PR;BR-158;240,000;241,000;1,000;07/04/2022;-24,1218381;-52,4024351;;82,500
PR;BR-158;241,000;242,000;1,000;07/04/2022;-24,1218381;-52,4024351;;76,250
PR;BR-158;242,000;243,000;1,000;07/04/2022;-24,1218381;-52,4024351;;72,500
PR;BR-158;243,000;244,000;1,000;07/04/2022;-24,1218381;-52,4024351;;76,250
PR;BR-158;244,000;245,000;1,000;07/04/2022;-24,1218381;-52,4024351;;72,500
PR;BR-158;245,000;246,000;1,000;07/04/2022;-24,2124102;-52,4089681;;72,500
PR;BR-158;246,000;247,000;1,000;07/04/2022;-24,2124102;-52,4089681;;68,750
PR;BR-158;247,000;248,000;1,000;07/04/2022;-24,2299858;-52,4032112;;68,750
PR;BR-158;248,000;249,000;1,000;07/04/2022;-24,2299858;-52,4032112;;82,500
PR;BR-158;249,000;250,000;1,000;07/04/2022;-24,2299858;-52,4032112;;68,750
PR;BR-158;250,000;251,000;1,000;07/04/2022;-24,2511086;-52,3972755;;72,500
PR;BR-158;251,000;252,000;1,000;07/04/2022;-24,2511086;-52,3972755;;67,500
PR;BR-158;252,000;253,000;1,000;07/04/2022;-24,2765507;-52,3977191;;72,500
PR;BR-158;253,000;254,000;1,000;07/04/2022;-24,2765507;-52,3977191;;72,500
PR;BR-158;254,000;255,000;1,000;07/04/2022;-24,2765507;-52,3977191;;76,250
PR;BR-158;255,000;256,000;1,000;07/04/2022;-24,3002671;-52,3915062;;70,000
PR;BR-158;256,000;257,000;1,000;07/04/2022;-24,3002671;-52,3915062;;67,500
PR;BR-158;257,000;258,000;1,000;07/04/2022;-24,3154968;-52,3932533;;72,500
PR;BR-158;258,000;259,000;1,000;07/04/2022;-24,3154968;-52,3932533;;38,750
PR;BR-158;259,000;260,000;1,000;07/04/2022;-24,3154968;-52,3932533;;37,500
PR;BR-158;260,000;261,000;1,000;07/04/2022;-24,3154968;-52,3932533;;50,000
PR;BR-158;261,000;262,000;1,000;07/04/2022;-24,3445998;-52,40717;;51,250
PR;BR-158;262,000;263,000;1,000;07/04/2022;-24,3445998;-52,40717;;65,000
PR;BR-158;263,000;264,000;1,000;07/04/2022;-24,3760704;-52,4197311;;58,750
PR;BR-158;264,000;265,000;1,000;07/04/2022;-24,3760704;-52,4197311;;57,500
PR;BR-158;265,000;266,000;1,000;07/04/2022;-24,3760704;-52,4197311;;57,500
PR;BR-158;266,000;267,000;1,000;07/04/2022;-24,3760704;-52,4197311;;61,250
PR;BR-158;267,000;268,000;1,000;07/04/2022;-24,3760704;-52,4197311;;66,250
PR;BR-158;268,000;269,000;1,000;07/04/2022;-24,3940781;-52,4064767;;60,000
PR;BR-158;269,000;270,000;1,000;07/04/2022;-24,3940781;-52,4064767;;55,000
PR;BR-158;270,000;271,000;1,000;07/04/2022;-24,3940781;-52,4064767;;61,250
PR;BR-158;271,000;272,000;1,000;07/04/2022;-24,4207142;-52,3887468;;50,000
PR;BR-158;272,000;273,000;1,000;07/04/2022;-24,4207142;-52,3887468;;53,750
PR;BR-158;273,000;274,000;1,000;07/04/2022;-24,4207142;-52,3887468;;50,000
PR;BR-158;274,000;275,000;1,000;07/04/2022;-24,4207142;-52,3887468;;37,500
PR;BR-158;275,000;276,000;1,000;07/04/2022;-24,4500822;-52,3657518;;50,000
PR;BR-158;276,000;277,000;1,000;07/04/2022;-24,4500822;-52,3657518;;51,250
PR;BR-158;277,000;278,000;1,000;07/04/2022;-24,4500822;-52,3657518;;50,000
PR;BR-158;278,000;279,000;1,000;07/04/2022;-24,4727868;-52,3478811;;50,000
PR;BR-158;279,000;280,000;1,000;07/04/2022;-24,4727868;-52,3478811;;53,750
PR;BR-158;280,000;281,000;1,000;07/04/2022;-24,4727868;-52,3478811;;51,250
PR;BR-158;281,000;282,000;1,000;07/04/2022;-24,4727868;-52,3478811;;61,250
PR;BR-158;282,000;283,000;1,000;07/04/2022;-24,5009233;-52,3246251;;50,000
PR;BR-158;283,000;284,000;1,000;07/04/2022;-24,5009233;-52,3246251;;50,000
PR;BR-158;284,000;285,000;1,000;07/04/2022;-24,5009233;-52,3246251;;56,250
PR;BR-158;285,000;286,000;1,000;07/04/2022;-24,5009233;-52,3246251;;65,000
PR;BR-158;286,000;287,000;1,000;07/04/2022;-24,5237559;-52,3029566;;56,250
PR;BR-158;287,000;288,000;1,000;07/04/2022;-24,5237559;-52,3029566;;57,500
PR;BR-158;288,000;289,000;1,000;07/04/2022;-24,5237559;-52,3029566;;40,000
PR;BR-158;289,000;290,000;1,000;07/04/2022;-24,5463583;-52,2783288;;57,500
PR;BR-158;290,000;291,000;1,000;07/04/2022;-24,5463583;-52,2783288;;65,000
PR;BR-158;291,000;292,000;1,000;07/04/2022;-24,5463583;-52,2783288;;73,750
PR;BR-158;292,000;293,000;1,000;07/04/2022;-24,5728845;-52,2772389;;66,250
PR;BR-158;293,000;294,000;1,000;07/04/2022;-24,5728845;-52,2772389;;67,500
PR;BR-158;294,000;295,000;1,000;07/04/2022;-24,5728845;-52,2772389;;65,000
BA;BR-030;238,400;237,000;1,400;18/04/2022;-14,225995;-44,1442716;;71,250
BA;BR-030;237,000;236,000;1,000;18/04/2022;-14,2311533;-44,161885;;68,750
BA;BR-030;236,000;235,000;1,000;18/04/2022;-14,23115;-44,16192;;72,500
BA;BR-030;235,000;234,000;1,000;18/04/2022;-14,23115;-44,16192;;70,000
BA;BR-030;234,000;233,000;1,000;18/04/2022;-14,23115;-44,16192;;75,000
BA;BR-030;233,000;232,000;1,000;18/04/2022;-14,23115;-44,16192;;75,000
BA;BR-030;232,000;231,000;1,000;18/04/2022;-14,23115;-44,16192;;75,000
BA;BR-030;231,000;230,000;1,000;18/04/2022;-14,23115;-44,16192;;75,000
BA;BR-030;230,000;229,000;1,000;18/04/2022;-14,23115;-44,16192;;75,000
BA;BR-030;229,000;228,000;1,000;18/04/2022;-14,2070866;-44,2232733;;75,000
BA;BR-030;228,000;227,000;1,000;18/04/2022;-14,2069816;-44,22442;;70,000
BA;BR-030;227,000;226,000;1,000;18/04/2022;-14,2050166;-44,2388333;;78,750
BA;BR-030;226,000;225,000;1,000;18/04/2022;-14,2050166;-44,2388333;;71,250
BA;BR-030;225,000;224,000;1,000;18/04/2022;-14,2045483;-44,25233;;47,500
BA;BR-030;224,000;223,000;1,000;18/04/2022;-14,2045483;-44,25233;;47,500
BA;BR-030;223,000;222,000;1,000;18/04/2022;-14,2045483;-44,25233;;60,000
BA;BR-030;222,000;221,000;1,000;18/04/2022;-14,2163283;-44,2859383;;46,250
BA;BR-030;221,000;220,000;1,000;18/04/2022;-14,220145;-44,2922983;;62,500
BA;BR-030;220,000;219,000;1,000;18/04/2022;-14,2201483;-44,292305;;63,750
BA;BR-030;219,000;218,000;1,000;18/04/2022;-14,225705;-44,3002916;;71,250
BA;BR-030;218,000;217,000;1,000;18/04/2022;-14,2280416;-44,3091216;;58,750
BA;BR-030;217,000;216,000;1,000;18/04/2022;-14,2263566;-44,32002;;71,250
BA;BR-030;216,000;215,000;1,000;18/04/2022;-14,2257733;-44,323505;;66,250
BA;BR-030;215,000;214,000;1,000;18/04/2022;-14,22558;-44,3237583;;47,500
BA;BR-030;214,000;213,000;1,000;18/04/2022;-14,22558;-44,3237583;;88,750
BA;BR-030;213,000;212,000;1,000;18/04/2022;-14,2196433;-44,350965;;80,000
BA;BR-030;212,000;211,000;1,000;18/04/2022;-14,2171766;-44,3548816;;65,000
BA;BR-030;211,000;210,000;1,000;18/04/2022;-14,20676;-44,364915;;88,750
BA;BR-030;210,000;209,000;1,000;18/04/2022;-14,2056066;-44,3694433;;85,000
BA;BR-030;209,000;208,000;1,000;18/04/2022;-14,20372;-44,3737133;;85,000
BA;BR-030;208,000;207,000;1,000;18/04/2022;-14,1944933;-44,3865216;;71,250
BA;BR-030;207,000;206,000;1,000;18/04/2022;-14,1932716;-44,3871666;;82,500
BA;BR-030;206,000;205,000;1,000;18/04/2022;-14,1932716;-44,3871666;;82,500
BA;BR-030;205,000;204,000;1,000;18/04/2022;-14,1919266;-44,4083316;;75,000
BA;BR-030;204,000;203,000;1,000;18/04/2022;-14,1919883;-44,4084333;;78,750
BA;BR-030;203,000;202,000;1,000;18/04/2022;-14,19429;-44,431185;;88,750
BA;BR-030;202,000;201,000;1,000;18/04/2022;-14,19429;-44,431185;;78,750
BA;BR-030;201,000;200,000;1,000;18/04/2022;-14,19429;-44,431185;;86,250
BA;BR-030;200,000;199,000;1,000;18/04/2022;-14,1907933;-44,4452133;;82,500
BA;BR-030;199,000;198,000;1,000;18/04/2022;-14,18971;-44,4493933;;67,500
BA;BR-030;198,000;197,000;1,000;18/04/2022;-14,1830066;-44,4590483;;78,750
BA;BR-030;197,000;196,000;1,000;18/04/2022;-14,1844166;-44,480405;;56,250
BA;BR-030;196,000;195,000;1,000;18/04/2022;-14,18539;-44,4866183;;81,250
BA;BR-030;195,000;194,000;1,000;18/04/2022;-14,18672;-44,4946816;;45,000
BA;BR-030;194,000;193,000;1,000;18/04/2022;-14,18672;-44,4946816;;71,250
BA;BR-030;193,000;192,000;1,000;18/04/2022;-14,18672;-44,4946816;;68,750
BA;BR-030;192,000;191,000;1,000;18/04/2022;-14,1806316;-44,52087;;63,750
AM;BR-230;642,600;643,000;0,400;19/04/2022;-7,5309394;-63,0489682;;75,000
AM;BR-230;643,000;644,000;1,000;19/04/2022;-7,5183936;-63,0364942;;87,500
AM;BR-230;644,000;645,000;1,000;19/04/2022;-7,5183936;-63,0364942;;86,250
AM;BR-230;645,000;646,000;1,000;19/04/2022;-7,5183936;-63,0364942;;86,250
AM;BR-230;646,000;647,000;1,000;19/04/2022;-7,5183936;-63,0364942;;83,750
AM;BR-230;647,000;648,000;1,000;19/04/2022;-7,5183936;-63,0364942;;72,500
AM;BR-230;648,000;649,000;1,000;19/04/2022;-7,5183936;-63,0364942;;72,500
AM;BR-230;649,000;650,000;1,000;19/04/2022;-7,5183936;-63,0364942;;90,000
AM;BR-230;650,000;651,000;1,000;19/04/2022;-7,5183936;-63,0364942;;83,750
AM;BR-230;651,000;652,000;1,000;19/04/2022;-7,5183936;-63,0364942;;95,000
AM;BR-230;652,000;653,000;1,000;19/04/2022;-7,5183936;-63,0364942;;93,750
AM;BR-230;653,000;654,000;1,000;19/04/2022;-7,5183936;-63,0364942;;97,500
AM;BR-230;654,000;655,000;1,000;19/04/2022;-7,5183936;-63,0364942;excesso de panelas ;93,750
AM;BR-230;655,000;656,000;1,000;19/04/2022;-7,5183936;-63,0364942;;98,750
AM;BR-230;656,000;657,000;1,000;19/04/2022;-7,5183936;-63,0364942;;98,750
AM;BR-230;657,000;658,000;1,000;19/04/2022;-7,5183936;-63,0364942;;86,250
AM;BR-230;658,000;659,000;1,000;19/04/2022;-7,5183936;-63,0364942;;90,000
AM;BR-230;659,000;660,000;1,000;19/04/2022;-7,5183936;-63,0364942;;90,000
AM;BR-230;660,000;661,000;1,000;19/04/2022;-7,5183936;-63,0364942;;83,750
AM;BR-230;661,000;662,000;1,000;19/04/2022;-7,5183936;-63,0364942;;77,500
AM;BR-230;662,000;663,000;1,000;19/04/2022;-7,5183936;-63,0364942;;72,500
AM;BR-230;663,000;664,000;1,000;19/04/2022;-7,5183936;-63,0364942;;80,000
AM;BR-230;664,000;665,000;1,000;19/04/2022;-7,5183936;-63,0364942;trecho crítico podendo tornar-se atoleiro;91,250
AM;BR-230;665,000;666,000;1,000;19/04/2022;-7,5183936;-63,0364942;;87,500
AM;BR-230;666,000;667,000;1,000;19/04/2022;-7,5183936;-63,0364942;ponto crítico sujeito a tornar atoleiro;87,500
AM;BR-230;667,000;668,000;1,000;19/04/2022;-7,5183936;-63,0364942;ponto crítico;87,500
AM;BR-230;668,000;669,000;1,000;19/04/2022;-7,5183936;-63,0364942;trecho muito crítico;87,500
AM;BR-230;669,000;670,000;1,000;19/04/2022;-7,5183936;-63,0364942;trecho crítico;95,000
AM;BR-230;670,000;671,000;1,000;19/04/2022;-7,5183936;-63,0364942;trecho muito crítico;95,000
AM;BR-230;671,000;672,000;1,000;19/04/2022;-7,5183936;-63,0364942;trecho crítico;95,000
AM;BR-230;672,000;673,000;1,000;19/04/2022;-7,5183936;-63,0364942;trecho crítico;95,000
AM;BR-230;673,000;674,000;1,000;19/04/2022;-7,5183936;-63,0364942;trecho crítico;95,000
AM;BR-230;674,000;675,000;1,000;19/04/2022;-7,5183936;-63,0364942;trecho crítico;95,000
AM;BR-230;675,000;676,000;1,000;19/04/2022;-7,5183936;-63,0364942;trecho crítico;87,500
AM;BR-230;676,000;677,000;1,000;19/04/2022;-7,5183936;-63,0364942;trecho crítico;95,000
AM;BR-230;677,000;678,000;1,000;19/04/2022;-7,5183936;-63,0364942;;91,250
AM;BR-230;678,000;679,000;1,000;19/04/2022;-7,5183936;-63,0364942;;91,250
AM;BR-230;679,000;680,000;1,000;19/04/2022;-7,5183936;-63,0364942;trecho crítico;91,250
AM;BR-230;680,000;681,000;1,000;19/04/2022;-7,5183936;-63,0364942;trecho crítico;95,000
AM;BR-230;681,000;682,000;1,000;19/04/2022;-7,5183936;-63,0364942;;95,000
AM;BR-230;682,000;683,000;1,000;19/04/2022;-7,5183936;-63,0364942;trecho crítico;95,000
AM;BR-230;683,000;684,000;1,000;19/04/2022;-7,5183936;-63,0364942;trecho crítico;91,250
AM;BR-230;684,000;685,000;1,000;19/04/2022;-7,4983088;-63,6222098;trecho crítico sujeito a ponto de atoleiro;95,000
AM;BR-230;685,000;686,000;1,000;19/04/2022;-7,5183936;-63,0364942;trecho crítico;87,500
AM;BR-230;686,000;687,000;1,000;19/04/2022;-7,5183936;-63,0364942;trecho crítico;80,000
AM;BR-230;687,000;688,000;1,000;19/04/2022;-7,5183936;-63,0364942;trecho crítico;87,500
AM;BR-230;688,000;689,000;1,000;19/04/2022;-7,5183936;-63,0364942;trecho crítico;80,000
AM;BR-230;689,000;690,000;1,000;19/04/2022;-7,5183936;-63,0364942;;87,500
AM;BR-230;690,000;691,000;1,000;19/04/2022;-7,4963287;-63,6751605;;76,250
AM;BR-230;691,000;692,000;1,000;19/04/2022;-7,4963287;-63,6751605;;55,000
AM;BR-230;692,000;693,000;1,000;19/04/2022;-7,5183936;-63,0364942;;80,000
AM;BR-230;693,000;694,000;1,000;19/04/2022;-7,5183936;-63,0364942;;95,000
AM;BR-230;694,000;695,000;1,000;19/04/2022;-7,5183936;-63,0364942;;87,500
AM;BR-230;695,000;696,000;1,000;19/04/2022;-7,5183936;-63,0364942;;87,500
AM;BR-230;696,000;697,000;1,000;19/04/2022;-7,5183936;-63,0364942;trecho crítico;95,000
AM;BR-230;697,000;698,000;1,000;19/04/2022;-7,5183936;-63,0364942;trecho crítico;95,000
AM;BR-230;698,000;699,000;1,000;19/04/2022;-7,5183936;-63,0364942;;76,250
AM;BR-230;699,000;700,000;1,000;19/04/2022;-7,5183936;-63,0364942;;87,500
AM;BR-230;700,000;701,000;1,000;19/04/2022;-7,5183936;-63,0364942;;70,000
AM;BR-230;701,000;702,000;1,000;19/04/2022;-7,5183936;-63,0364942;;83,750
AM;BR-230;702,000;703,000;1,000;19/04/2022;-7,4857882;-63,7807103;trecho crítico;95,000
AM;BR-230;703,000;704,000;1,000;19/04/2022;-7,4857882;-63,7807103;trecho crítico sujeito a atoleiro;80,000
AM;BR-230;704,000;705,000;1,000;19/04/2022;-7,5183936;-63,0364942;ponto atoleiro, aguas pluviais no bordo;95,000
AM;BR-230;705,000;706,000;1,000;19/04/2022;-7,5183936;-63,0364942;ponto crítico;80,000
AM;BR-230;706,000;707,000;1,000;19/04/2022;-7,5183936;-63,0364942;;95,000
AM;BR-230;707,000;708,000;1,000;19/04/2022;-7,4852293;-63,8250225;ponto crítico;87,500
AM;BR-230;708,000;709,000;1,000;19/04/2022;-7,5183936;-63,0364942;;80,000
AM;BR-230;709,000;710,000;1,000;19/04/2022;-7,5183936;-63,0364942;;87,500
AM;BR-230;710,000;711,000;1,000;19/04/2022;-7,5183936;-63,0364942;;87,500
AM;BR-230;711,000;712,000;1,000;19/04/2022;-7,5183936;-63,0364942;trecho crítico;95,000
AM;BR-230;712,000;713,000;1,000;19/04/2022;-7,5183936;-63,0364942;trecho crítico;87,500
AM;BR-230;713,000;714,000;1,000;19/04/2022;-7,5183936;-63,0364942;trecho crítico, ponto de atoleiro;80,000
AM;BR-230;714,000;715,000;1,000;19/04/2022;-7,5183936;-63,0364942;ponto de atoleiro;65,000
AM;BR-230;715,000;716,000;1,000;19/04/2022;-7,5183936;-63,0364942;ponto crítico;80,000
AM;BR-230;716,000;717,000;1,000;19/04/2022;-7,5183936;-63,0364942;ponto crítico;80,000
AM;BR-230;717,000;718,000;1,000;19/04/2022;-7,5183936;-63,0364942;ponto de atoleiro;80,000
AM;BR-230;718,000;719,000;1,000;19/04/2022;-7,5183936;-63,0364942;ponto de atoleiro;80,000
AM;BR-230;719,000;720,000;1,000;19/04/2022;-7,5183936;-63,0364942;ponto de atoleiro;87,500
AM;BR-230;720,000;721,000;1,000;19/04/2022;-7,5183936;-63,0364942;ponto crítico;95,000
AM;BR-230;721,000;722,000;1,000;19/04/2022;-7,5183936;-63,0364942;ponto de atoleiro;87,500
AM;BR-230;722,000;723,000;1,000;19/04/2022;-7,5183936;-63,0364942;ponto crítico;65,000
AM;BR-230;723,000;724,000;1,000;19/04/2022;-7,5183936;-63,0364942;;65,000
AM;BR-230;724,000;725,000;1,000;19/04/2022;-7,5183936;-63,0364942;ponto crítico;80,000
AM;BR-230;725,000;726,000;1,000;19/04/2022;-7,5183936;-63,0364942;ponto crítico;95,000
AM;BR-230;726,000;727,000;1,000;19/04/2022;-7,4765397;-63,9806903;ponto crítico;95,000
AM;BR-230;727,000;728,000;1,000;19/04/2022;-7,5183936;-63,0364942;ponto crítico;83,750
AM;BR-230;728,000;729,000;1,000;19/04/2022;-7,5183936;-63,0364942;;61,250
AM;BR-230;729,000;730,000;1,000;19/04/2022;-7,5183936;-63,0364942;;76,250
AM;BR-230;730,000;731,000;1,000;19/04/2022;-7,5183936;-63,0364942;;83,750
AM;BR-230;731,000;732,000;1,000;19/04/2022;-7,5183936;-63,0364942;;73,750
AM;BR-230;732,000;733,200;1,200;19/04/2022;-7,5183936;-63,0364942;;80,000
AM;BR-230;733,200;734,000;0,800;19/04/2022;-7,5183936;-63,0364942;;80,000
AM;BR-230;816,400;815,000;1,400;19/04/2022;-7,5183936;-63,0364942;;80,000
AM;BR-230;815,000;814,000;1,000;19/04/2022;-7,5183936;-63,0364942;trecho crítico;80,000
AM;BR-230;814,000;813,000;1,000;19/04/2022;-7,5183936;-63,0364942;trecho crítico;87,500
AM;BR-230;813,000;812,000;1,000;19/04/2022;-7,5183936;-63,0364942;trecho crítico;87,500
AM;BR-230;812,000;811,000;1,000;19/04/2022;-7,5183936;-63,0364942;trecho crítico;87,500
AM;BR-230;811,000;810,000;1,000;19/04/2022;-7,5183936;-63,0364942;trecho crítico;87,500
AM;BR-230;810,000;809,000;1,000;19/04/2022;-7,5183936;-63,0364942;trecho crítico;87,500
AM;BR-230;809,000;808,000;1,000;19/04/2022;-7,5183936;-63,0364942;trecho crítico;87,500
AM;BR-230;808,000;807,000;1,000;19/04/2022;-7,5183936;-63,0364942;erosão com trilha de roda, atoleiro ;87,500
AM;BR-230;807,000;806,000;1,000;19/04/2022;-7,5183936;-63,0364942;trecho crítico;87,500
AM;BR-230;806,000;805,000;1,000;19/04/2022;-7,5183936;-63,0364942;trecho crítico;87,500
AM;BR-230;805,000;804,000;1,000;19/04/2022;-7,5183936;-63,0364942;;95,000
AM;BR-230;804,000;803,000;1,000;19/04/2022;-7,5183936;-63,0364942;;83,750
AM;BR-230;803,000;802,000;1,000;19/04/2022;-7,5183936;-63,0364942;;87,500
AM;BR-230;802,000;801,000;1,000;19/04/2022;-7,5183936;-63,0364942;;87,500
AM;BR-230;801,000;800,000;1,000;19/04/2022;-7,5183936;-63,0364942;trecho crítico;87,500
AM;BR-230;800,000;799,000;1,000;19/04/2022;-7,5183936;-63,0364942;;87,500
AM;BR-230;799,000;798,000;1,000;19/04/2022;-7,5183936;-63,0364942;;95,000
AM;BR-230;798,000;797,000;1,000;19/04/2022;-7,5183936;-63,0364942;;80,000
AM;BR-230;797,000;796,000;1,000;19/04/2022;-7,5183936;-63,0364942;;80,000
AM;BR-230;796,000;795,000;1,000;19/04/2022;-7,5183936;-63,0364942;;80,000
AM;BR-230;795,000;794,000;1,000;19/04/2022;-7,5183936;-63,0364942;;83,750
AM;BR-230;794,000;793,000;1,000;19/04/2022;-7,5183936;-63,0364942;;83,750
AM;BR-230;793,000;792,000;1,000;19/04/2022;-7,5183936;-63,0364942;;83,750
AM;BR-230;792,000;791,000;1,000;19/04/2022;-7,5183936;-63,0364942;;87,500
AM;BR-230;791,000;790,000;1,000;19/04/2022;-7,5183936;-63,0364942;;87,500
AM;BR-230;790,000;789,000;1,000;19/04/2022;-7,5183936;-63,0364942;;87,500
AM;BR-230;789,000;788,000;1,000;19/04/2022;-7,5183936;-63,0364942;;76,250
AM;BR-230;788,000;787,000;1,000;19/04/2022;-7,5183936;-63,0364942;;76,250
AM;BR-230;787,000;786,000;1,000;19/04/2022;-7,5183936;-63,0364942;;65,000
AM;BR-230;786,000;785,000;1,000;19/04/2022;-7,5183936;-63,0364942;;80,000
AM;BR-230;785,000;784,000;1,000;19/04/2022;-7,5183936;-63,0364942;;83,750
AM;BR-230;784,000;783,000;1,000;19/04/2022;-7,5183936;-63,0364942;;80,000
AM;BR-230;783,000;782,000;1,000;19/04/2022;-7,5183936;-63,0364942;;65,000
AM;BR-230;782,000;781,000;1,000;19/04/2022;-7,5183936;-63,0364942;;87,500
AM;BR-230;781,000;780,000;1,000;19/04/2022;-7,5183936;-63,0364942;;95,000
AM;BR-230;780,000;779,000;1,000;19/04/2022;-7,5183936;-63,0364942;;80,000
AM;BR-230;779,000;778,000;1,000;19/04/2022;-7,5183936;-63,0364942;;87,500
AM;BR-230;778,000;777,000;1,000;19/04/2022;-7,5183936;-63,0364942;;95,000
AM;BR-230;777,000;776,000;1,000;19/04/2022;-7,5183936;-63,0364942;;87,500
AM;BR-230;776,000;775,000;1,000;19/04/2022;-7,5183936;-63,0364942;;80,000
AM;BR-230;775,000;774,000;1,000;19/04/2022;-7,5183936;-63,0364942;;80,000
AM;BR-230;774,000;773,000;1,000;19/04/2022;-7,5183936;-63,0364942;;87,500
AM;BR-230;773,000;772,000;1,000;19/04/2022;-7,5183936;-63,0364942;;80,000
AM;BR-230;772,000;771,000;1,000;19/04/2022;-7,5183936;-63,0364942;;95,000
AM;BR-230;771,000;770,000;1,000;19/04/2022;-7,5183936;-63,0364942;;80,000
AM;BR-230;770,000;769,000;1,000;19/04/2022;-7,5183936;-63,0364942;;80,000
AM;BR-230;769,000;768,000;1,000;19/04/2022;-7,5183936;-63,0364942;;87,500
AM;BR-230;768,000;767,000;1,000;19/04/2022;-7,5183936;-63,0364942;;65,000
AM;BR-230;767,000;766,000;1,000;19/04/2022;-7,5183936;-63,0364942;;95,000
AM;BR-230;766,000;765,000;1,000;19/04/2022;-7,5183936;-63,0364942;;87,500
AM;BR-230;765,000;764,000;1,000;19/04/2022;-7,5183936;-63,0364942;;95,000
AM;BR-230;764,000;763,000;1,000;19/04/2022;-7,5183936;-63,0364942;;87,500
AM;BR-230;763,000;762,000;1,000;19/04/2022;-7,5183936;-63,0364942;;87,500
AM;BR-230;762,000;761,000;1,000;19/04/2022;-7,5183936;-63,0364942;;80,000
AM;BR-230;761,000;760,000;1,000;19/04/2022;-7,5183936;-63,0364942;;87,500
AM;BR-230;760,000;759,000;1,000;19/04/2022;-7,5183936;-63,0364942;;65,000
AM;BR-230;759,000;758,000;1,000;19/04/2022;-7,5183936;-63,0364942;;65,000
AM;BR-230;758,000;757,000;1,000;19/04/2022;-7,5183936;-63,0364942;;87,500
AM;BR-230;757,000;756,000;1,000;19/04/2022;-7,5183936;-63,0364942;;87,500
AM;BR-230;756,000;755,000;1,000;19/04/2022;-7,5183936;-63,0364942;;21,250
AM;BR-230;755,000;754,000;1,000;19/04/2022;-7,5183936;-63,0364942;;43,750
AM;BR-230;754,000;753,000;1,000;19/04/2022;-7,5183936;-63,0364942;;43,750
AM;BR-230;753,000;752,000;1,000;19/04/2022;-7,5183936;-63,0364942;;36,250
AM;BR-230;752,000;751,000;1,000;19/04/2022;-7,5183936;-63,0364942;;36,250
AM;BR-230;751,000;750,000;1,000;19/04/2022;-7,5183936;-63,0364942;;26,250
AM;BR-230;750,000;749,000;1,000;19/04/2022;-7,5183936;-63,0364942;;36,250
AM;BR-230;749,000;748,000;1,000;19/04/2022;-7,5183936;-63,0364942;;70,000
AM;BR-230;748,000;747,000;1,000;19/04/2022;-7,5183936;-63,0364942;;62,500
AM;BR-230;747,000;746,000;1,000;19/04/2022;-7,5183936;-63,0364942;;70,000
AM;BR-230;746,000;745,000;1,000;19/04/2022;-7,5183936;-63,0364942;;48,750
AM;BR-230;745,000;744,000;1,000;19/04/2022;-7,5183936;-63,0364942;;62,500
AM;BR-230;744,000;743,000;1,000;19/04/2022;-7,5183936;-63,0364942;;38,750
AM;BR-230;743,000;742,000;1,000;19/04/2022;-7,5183936;-63,0364942;;38,750
AM;BR-230;742,000;741,000;1,000;19/04/2022;-7,5183936;-63,0364942;;43,750
AM;BR-230;741,000;740,000;1,000;19/04/2022;-7,5183936;-63,0364942;;43,750
AM;BR-230;740,000;739,000;1,000;19/04/2022;-7,5183936;-63,0364942;;38,750
AM;BR-230;739,000;738,000;1,000;19/04/2022;-7,5183936;-63,0364942;;38,750
AM;BR-230;738,000;737,000;1,000;19/04/2022;-7,5183936;-63,0364942;;36,250
AM;BR-230;737,000;736,000;1,000;19/04/2022;-7,5183936;-63,0364942;;21,250
AM;BR-230;736,000;735,000;1,000;19/04/2022;-7,5183936;-63,0364942;;57,500
AM;BR-230;735,000;734,000;1,000;19/04/2022;-7,5183936;-63,0364942;;36,250
AM;BR-230;734,000;733,000;1,000;19/04/2022;-7,5183936;-63,0364942;;36,250
AM;BR-230;733,000;732,000;1,000;19/04/2022;-7,5183936;-63,0364942;;36,250
PB;BR-434;19,400;20,000;0,600;20/04/2022;0;0;;40,000
PB;BR-434;20,000;21,000;1,000;20/04/2022;0;0;;66,250
PB;BR-434;21,000;22,000;1,000;20/04/2022;0;0;;66,250
PB;BR-434;22,000;23,000;1,000;20/04/2022;0;0;;48,750
PB;BR-434;23,000;24,000;1,000;20/04/2022;0;0;;35,000
PB;BR-434;24,000;25,000;1,000;20/04/2022;0;0;;50,000
PB;BR-434;25,000;26,000;1,000;20/04/2022;0;0;;47,500
PB;BR-434;26,000;27,000;1,000;20/04/2022;0;0;;48,750
PB;BR-434;27,000;28,000;1,000;20/04/2022;0;0;;62,500
PB;BR-434;28,000;29,000;1,000;20/04/2022;0;0;;62,500
PB;BR-434;29,000;30,000;1,000;20/04/2022;0;0;;60,000
PB;BR-434;30,000;31,000;1,000;20/04/2022;0;0;;56,250
PB;BR-434;31,000;32,000;1,000;20/04/2022;0;0;;41,250
PB;BR-434;32,000;33,000;1,000;20/04/2022;0;0;;60,000
PB;BR-434;33,000;34,000;1,000;20/04/2022;0;0;;13,750
AP;BR-156;28,500;29,000;0,500;20/04/2022;-0,83289166;-52,51109;;32,500
AP;BR-156;29,000;30,000;1,000;20/04/2022;-0,83289166;-52,51109;;37,500
AP;BR-156;30,000;31,000;1,000;20/04/2022;-0,83289166;-52,51109;;56,250
AP;BR-156;31,000;32,000;1,000;20/04/2022;-0,83289166;-52,51109;;67,500
AP;BR-156;32,000;33,000;1,000;20/04/2022;-0,83289166;-52,51109;;57,500
AP;BR-156;33,000;34,000;1,000;20/04/2022;-0,83289166;-52,51109;;67,500
AP;BR-156;34,000;35,000;1,000;20/04/2022;-0,83289166;-52,51109;;71,250
AP;BR-156;35,000;36,000;1,000;20/04/2022;-0,83289166;-52,51109;;73,750
AP;BR-156;36,000;37,000;1,000;20/04/2022;-0,83289166;-52,51109;;83,750
AP;BR-156;37,000;38,000;1,000;20/04/2022;-0,83289166;-52,51109;;72,500
AP;BR-156;38,000;39,000;1,000;20/04/2022;-0,83289166;-52,51109;;86,250
AP;BR-156;39,000;40,000;1,000;20/04/2022;-0,83289166;-52,51109;;76,250
AP;BR-156;40,000;41,000;1,000;20/04/2022;-0,83289166;-52,51109;;77,500
AP;BR-156;41,000;42,000;1,000;20/04/2022;-0,83289166;-52,51109;;83,750
AP;BR-156;42,000;43,000;1,000;20/04/2022;-0,83289166;-52,51109;;83,750
AP;BR-156;43,000;44,000;1,000;20/04/2022;-0,83289166;-52,51109;;86,250
AP;BR-156;44,000;45,000;1,000;20/04/2022;-0,83289166;-52,51109;;86,250
AP;BR-156;45,000;46,000;1,000;20/04/2022;-0,83289166;-52,51109;;83,750
AP;BR-156;46,000;47,000;1,000;20/04/2022;-0,83289166;-52,51109;;83,750
AP;BR-156;47,000;48,000;1,000;20/04/2022;-0,83289166;-52,51109;;83,750
AP;BR-156;48,000;49,000;1,000;20/04/2022;-0,83289166;-52,51109;;83,750
AP;BR-156;49,000;50,000;1,000;20/04/2022;-0,83289166;-52,51109;;83,750
AP;BR-156;50,000;51,000;1,000;20/04/2022;-0,83289166;-52,51109;;83,750
AP;BR-156;51,000;52,000;1,000;20/04/2022;-0,83289166;-52,51109;;85,000
AP;BR-156;52,000;53,000;1,000;20/04/2022;-0,83289166;-52,51109;;83,750
AP;BR-156;53,000;54,000;1,000;20/04/2022;-0,83289166;-52,51109;;82,500
AP;BR-156;54,000;55,000;1,000;20/04/2022;-0,83289166;-52,51109;;81,250
AP;BR-156;55,000;56,000;1,000;20/04/2022;-0,83289166;-52,51109;;87,500
AP;BR-156;56,000;57,000;1,000;20/04/2022;-0,83289166;-52,51109;;87,500
AP;BR-156;57,000;58,000;1,000;20/04/2022;-0,83289166;-52,51109;;83,750
AP;BR-156;58,000;59,000;1,000;20/04/2022;-0,83289166;-52,51109;;86,250
AP;BR-156;59,000;60,000;1,000;20/04/2022;-0,83289166;-52,51109;;91,250
AP;BR-156;60,000;61,000;1,000;20/04/2022;-0,83289166;-52,51109;;88,750
AP;BR-156;61,000;62,000;1,000;20/04/2022;-0,83289166;-52,51109;;87,500
AP;BR-156;62,000;63,000;1,000;20/04/2022;-0,83289166;-52,51109;;93,750
AP;BR-156;63,000;64,000;1,000;20/04/2022;-0,83289166;-52,51109;;87,500
AP;BR-156;64,000;65,000;1,000;20/04/2022;-0,83289166;-52,51109;;87,500
AP;BR-156;65,000;66,000;1,000;20/04/2022;-0,83289166;-52,51109;;85,000
AP;BR-156;66,000;67,000;1,000;20/04/2022;-0,83289166;-52,51109;;87,500
AP;BR-156;67,000;68,000;1,000;20/04/2022;-0,83289166;-52,51109;;88,750
AP;BR-156;68,000;69,000;1,000;20/04/2022;-0,83289166;-52,51109;;86,250
AP;BR-156;69,000;70,000;1,000;20/04/2022;-0,83289166;-52,51109;;85,000
AP;BR-156;70,000;71,000;1,000;20/04/2022;-0,83289166;-52,51109;;83,750
AP;BR-156;71,000;72,000;1,000;20/04/2022;-0,83289166;-52,51109;;88,750
AP;BR-156;72,000;73,000;1,000;20/04/2022;-0,83289166;-52,51109;;87,500
AP;BR-156;73,000;74,000;1,000;20/04/2022;-0,83289166;-52,51109;;93,750
AP;BR-156;74,000;75,000;1,000;20/04/2022;-0,83289166;-52,51109;;87,500
AP;BR-156;75,000;76,000;1,000;20/04/2022;-0,83289166;-52,51109;;93,750
AP;BR-156;76,000;77,000;1,000;20/04/2022;-0,83289166;-52,51109;;87,500
AP;BR-156;77,000;78,000;1,000;20/04/2022;-0,83289166;-52,51109;;93,750
AP;BR-156;78,000;79,000;1,000;20/04/2022;-0,83289166;-52,51109;;97,500
AP;BR-156;79,000;80,000;1,000;20/04/2022;-0,83289166;-52,51109;;97,500
AP;BR-156;80,000;81,000;1,000;20/04/2022;-0,83289166;-52,51109;;97,500
AP;BR-156;81,000;82,000;1,000;20/04/2022;-0,83289166;-52,51109;;97,500
AP;BR-156;82,000;83,000;1,000;20/04/2022;-0,83289166;-52,51109;;97,500
AP;BR-156;83,000;84,000;1,000;20/04/2022;-0,83289166;-52,51109;;97,500
AP;BR-156;84,000;85,000;1,000;20/04/2022;-0,83289166;-52,51109;;97,500
AP;BR-156;85,000;86,000;1,000;20/04/2022;-0,83289166;-52,51109;;97,500
AP;BR-156;86,000;87,000;1,000;20/04/2022;-0,53189387;-52,1822517;;97,500
AP;BR-156;87,000;88,000;1,000;20/04/2022;-0,53153722;-52,1821511;;97,500
AP;BR-156;88,000;89,000;1,000;20/04/2022;-0,53033078;-52,1824538;;97,500
AP;BR-156;89,000;90,000;1,000;20/04/2022;-0,52803013;-52,1830422;;97,500
AP;BR-156;90,000;91,000;1,000;20/04/2022;-0,52614618;-52,1830672;;87,500
AP;BR-156;91,000;92,000;1,000;20/04/2022;-0,52458848;-52,1832103;;87,500
AP;BR-156;92,000;93,000;1,000;20/04/2022;-0,52095327;-52,1818788;;90,000
AP;BR-156;93,000;94,000;1,000;20/04/2022;-0,51526134;-52,1767605;;90,000
AP;BR-156;94,000;95,000;1,000;20/04/2022;-0,50851313;-52,1716901;;87,500
AP;BR-156;95,000;96,000;1,000;20/04/2022;-0,50236273;-52,1673256;;90,000
AP;BR-156;96,000;97,000;1,000;20/04/2022;-0,49309646;-52,1598054;;87,500
AP;BR-156;97,000;98,000;1,000;20/04/2022;-0,49309646;-52,1598054;;93,750
AP;BR-156;98,000;99,000;1,000;20/04/2022;-0,49309646;-52,1598054;;90,000
AP;BR-156;99,000;100,000;1,000;20/04/2022;-0,49309646;-52,1598054;;87,500
AP;BR-156;100,000;101,000;1,000;20/04/2022;-0,49309646;-52,1598054;;90,000
AP;BR-156;101,000;102,000;1,000;20/04/2022;-0,49309646;-52,1598054;;90,000
AP;BR-156;102,000;103,000;1,000;20/04/2022;-0,49309646;-52,1598054;;83,750
AP;BR-156;103,000;104,000;1,000;20/04/2022;-0,49309646;-52,1598054;;93,750
AP;BR-156;104,000;105,000;1,000;20/04/2022;-0,49309646;-52,1598054;;97,500
AP;BR-156;105,000;106,000;1,000;20/04/2022;-0,49309646;-52,1598054;;97,500
AP;BR-156;106,000;107,000;1,000;20/04/2022;-0,49309646;-52,1598054;;87,500
AP;BR-156;107,000;108,000;1,000;20/04/2022;-0,49309646;-52,1598054;;87,500
AP;BR-156;108,000;109,000;1,000;20/04/2022;-0,49309646;-52,1598054;;87,500
AP;BR-156;109,000;110,000;1,000;20/04/2022;-0,49309646;-52,1598054;;87,500
AP;BR-156;110,000;111,000;1,000;20/04/2022;-0,49309646;-52,1598054;;87,500
AP;BR-156;111,000;112,000;1,000;20/04/2022;-0,49309646;-52,1598054;;87,500
AP;BR-156;112,000;113,000;1,000;20/04/2022;-0,49309646;-52,1598054;;87,500
AP;BR-156;113,000;114,000;1,000;20/04/2022;-0,49309646;-52,1598054;;63,750
AP;BR-156;114,000;115,000;1,000;20/04/2022;-0,49309646;-52,1598054;;75,000
AP;BR-156;115,000;116,000;1,000;20/04/2022;-0,49309646;-52,1598054;;71,250
AP;BR-156;116,000;117,000;1,000;20/04/2022;-0,49309646;-52,1598054;;77,500
AP;BR-156;117,000;118,000;1,000;20/04/2022;-0,49309646;-52,1598054;;75,000
AP;BR-156;118,000;119,000;1,000;20/04/2022;-0,49309646;-52,1598054;;75,000
AP;BR-156;119,000;120,000;1,000;20/04/2022;-0,49309646;-52,1598054;;81,250
AP;BR-156;120,000;121,000;1,000;20/04/2022;-0,49309646;-52,1598054;;73,750
AP;BR-156;121,000;122,000;1,000;20/04/2022;-0,49309646;-52,1598054;;87,500
AP;BR-156;122,000;123,000;1,000;20/04/2022;-0,49309646;-52,1598054;;87,500
AP;BR-156;123,000;124,000;1,000;20/04/2022;-0,49309646;-52,1598054;;87,500
AP;BR-156;124,000;125,000;1,000;20/04/2022;-0,49309646;-52,1598054;;85,000
AP;BR-156;125,000;126,000;1,000;20/04/2022;-0,49309646;-52,1598054;;83,750
AP;BR-156;126,000;127,000;1,000;20/04/2022;-0,49309646;-52,1598054;;87,500
AP;BR-156;127,000;128,000;1,000;20/04/2022;-0,49309646;-52,1598054;;87,500
AP;BR-156;128,000;129,000;1,000;20/04/2022;-0,49309646;-52,1598054;;87,500
AP;BR-156;129,000;130,000;1,000;20/04/2022;-0,49309646;-52,1598054;;87,500
AP;BR-156;130,000;131,000;1,000;20/04/2022;-0,49309646;-52,1598054;;87,500
AP;BR-156;131,000;132,000;1,000;20/04/2022;-0,49309646;-52,1598054;;81,250
AP;BR-156;132,000;133,000;1,000;20/04/2022;-0,49309646;-52,1598054;;87,500
AP;BR-156;133,000;134,000;1,000;20/04/2022;-0,49309646;-52,1598054;;81,250
AP;BR-156;134,000;135,000;1,000;20/04/2022;-0,49309646;-52,1598054;;87,500
AP;BR-156;135,000;136,000;1,000;20/04/2022;-0,49309646;-52,1598054;;81,250
AP;BR-156;136,000;137,000;1,000;20/04/2022;-0,49309646;-52,1598054;;87,500
AP;BR-156;137,000;138,000;1,000;20/04/2022;-0,49309646;-52,1598054;;81,250
AP;BR-156;138,000;139,000;1,000;20/04/2022;-0,49309646;-52,1598054;;81,250
AP;BR-156;139,000;140,000;1,000;20/04/2022;-0,49309646;-52,1598054;;91,250
AP;BR-156;140,000;141,000;1,000;20/04/2022;-0,49309646;-52,1598054;;91,250
AP;BR-156;141,000;142,000;1,000;20/04/2022;-0,49309646;-52,1598054;;87,500
AP;BR-156;142,000;143,000;1,000;20/04/2022;-0,49309646;-52,1598054;;91,250
AP;BR-156;143,000;144,000;1,000;20/04/2022;-0,49309646;-52,1598054;;87,500
AP;BR-156;144,000;145,000;1,000;20/04/2022;-0,49309646;-52,1598054;;87,500
AP;BR-156;145,000;146,000;1,000;20/04/2022;-0,49309646;-52,1598054;;81,250
AP;BR-156;146,000;147,000;1,000;20/04/2022;-0,49309646;-52,1598054;;87,500
AP;BR-156;147,000;148,000;1,000;20/04/2022;-0,49309646;-52,1598054;;82,500
AP;BR-156;148,000;149,000;1,000;20/04/2022;-0,49309646;-52,1598054;;85,000
AP;BR-156;149,000;150,000;1,000;20/04/2022;-0,49309646;-52,1598054;;80,000
AP;BR-156;150,000;151,000;1,000;20/04/2022;-0,49309646;-52,1598054;;82,500
AP;BR-156;151,000;152,000;1,000;20/04/2022;-0,49309646;-52,1598054;;81,250
AP;BR-156;152,000;153,000;1,000;20/04/2022;-0,49309646;-52,1598054;;82,500
AP;BR-156;153,000;154,000;1,000;20/04/2022;-0,49309646;-52,1598054;;82,500
AP;BR-156;154,000;155,000;1,000;20/04/2022;-0,49309646;-52,1598054;;82,500
AP;BR-156;155,000;156,000;1,000;20/04/2022;-0,49309646;-52,1598054;;83,750
AP;BR-156;156,000;157,000;1,000;20/04/2022;-0,49309646;-52,1598054;;81,250
AP;BR-156;157,000;158,000;1,000;20/04/2022;-0,49309646;-52,1598054;;73,750
AP;BR-156;158,000;159,000;1,000;20/04/2022;-0,49309646;-52,1598054;;82,500
AP;BR-156;159,000;160,000;1,000;20/04/2022;-0,49309646;-52,1598054;;87,500
AP;BR-156;160,000;161,000;1,000;20/04/2022;-0,49309646;-52,1598054;;87,500
AP;BR-156;161,000;162,000;1,000;20/04/2022;-0,49309646;-52,1598054;;87,500
AP;BR-156;162,000;163,000;1,000;20/04/2022;-0,49309646;-52,1598054;;82,500
AP;BR-156;163,000;164,000;1,000;20/04/2022;-0,49309646;-52,1598054;;82,500
AP;BR-156;164,000;164,200;0,200;20/04/2022;-0,49309646;-52,1598054;;82,500
AP;BR-156;164,200;165,000;0,800;20/04/2022;-0,49309646;-52,1598054;;82,500
AP;BR-156;165,000;166,000;1,000;20/04/2022;-0,49309646;-52,1598054;;82,500
AP;BR-156;166,000;167,000;1,000;20/04/2022;-0,49309646;-52,1598054;;61,250
AP;BR-156;167,000;168,000;1,000;20/04/2022;-0,49309646;-52,1598054;;67,500
AP;BR-156;168,000;169,000;1,000;20/04/2022;-0,49309646;-52,1598054;;62,500
AP;BR-156;169,000;170,000;1,000;20/04/2022;-0,49309646;-52,1598054;;68,750
AP;BR-156;170,000;171,000;1,000;20/04/2022;-0,49309646;-52,1598054;;67,500
AP;BR-156;171,000;172,000;1,000;20/04/2022;-0,49309646;-52,1598054;;68,750
AP;BR-156;172,000;173,000;1,000;20/04/2022;-0,49309646;-52,1598054;;68,750
AP;BR-156;173,000;174,000;1,000;20/04/2022;-0,49309646;-52,1598054;;62,500
AP;BR-156;174,000;175,000;1,000;20/04/2022;-0,49309646;-52,1598054;;62,500
AP;BR-156;175,000;176,000;1,000;20/04/2022;-0,49309646;-52,1598054;;68,750
AP;BR-156;176,000;177,000;1,000;20/04/2022;-0,49309646;-52,1598054;;61,250
AP;BR-156;177,000;178,000;1,000;20/04/2022;-0,49309646;-52,1598054;;61,250
AP;BR-156;178,000;179,000;1,000;20/04/2022;-0,49309646;-52,1598054;;68,750
AP;BR-156;179,000;180,000;1,000;20/04/2022;-0,49309646;-52,1598054;;62,500
AP;BR-156;180,000;181,000;1,000;20/04/2022;-0,49309646;-52,1598054;;55,000
AP;BR-156;181,000;182,000;1,000;20/04/2022;-0,49309646;-52,1598054;;55,000
AP;BR-156;182,000;183,000;1,000;20/04/2022;-0,49309646;-52,1598054;;55,000
AP;BR-156;183,000;184,000;1,000;20/04/2022;-0,49309646;-52,1598054;;81,250
AP;BR-156;184,000;185,000;1,000;20/04/2022;-0,49309646;-52,1598054;;61,250
AP;BR-156;185,000;186,000;1,000;20/04/2022;-0,49309646;-52,1598054;;55,000
AP;BR-156;186,000;187,000;1,000;20/04/2022;-0,49309646;-52,1598054;;55,000
AP;BR-156;187,000;188,000;1,000;20/04/2022;-0,49309646;-52,1598054;;55,000
AP;BR-156;188,000;189,000;1,000;20/04/2022;-0,49309646;-52,1598054;;61,250
AP;BR-156;189,000;190,000;1,000;20/04/2022;-0,00808627;-51,6685166;;61,250
AP;BR-156;190,000;191,000;1,000;20/04/2022;-0,00808627;-51,6685166;;55,000
AP;BR-156;191,000;192,000;1,000;20/04/2022;-0,00808627;-51,6685166;;55,000
AP;BR-156;192,000;193,000;1,000;20/04/2022;-0,00808627;-51,6685166;;55,000
AP;BR-156;193,000;194,000;1,000;20/04/2022;-0,00808627;-51,6685166;;55,000
AP;BR-156;194,000;195,000;1,000;20/04/2022;-0,00808627;-51,6685166;;66,250
AP;BR-156;195,000;196,000;1,000;20/04/2022;-0,00808627;-51,6685166;;75,000
AP;BR-156;196,000;197,000;1,000;20/04/2022;-0,00808627;-51,6685166;;67,500
AP;BR-156;197,000;198,000;1,000;20/04/2022;-0,00808627;-51,6685166;;67,500
AP;BR-156;198,000;199,000;1,000;20/04/2022;-0,00808627;-51,6685166;;67,500
AP;BR-156;199,000;200,000;1,000;20/04/2022;-0,00808627;-51,6685166;;75,000
AP;BR-156;200,000;201,000;1,000;20/04/2022;-0,00808627;-51,6685166;;67,500
AP;BR-156;201,000;202,000;1,000;20/04/2022;-0,00808627;-51,6685166;;67,500
AP;BR-156;202,000;203,000;1,000;20/04/2022;-0,00808627;-51,6685166;;67,500
AP;BR-156;203,000;204,000;1,000;20/04/2022;-0,00808627;-51,6685166;;67,500
AP;BR-156;204,000;205,000;1,000;20/04/2022;-0,00808627;-51,6685166;;67,500
AP;BR-156;205,000;206,000;1,000;20/04/2022;-0,00808627;-51,6685166;;67,500
AP;BR-156;206,000;207,000;1,000;20/04/2022;-0,00808627;-51,6685166;;67,500
AP;BR-156;207,000;208,000;1,000;20/04/2022;-0,00808627;-51,6685166;;67,500
AP;BR-156;208,000;209,000;1,000;20/04/2022;-0,00808627;-51,6685166;;67,500
AP;BR-156;209,000;210,000;1,000;20/04/2022;-0,00808627;-51,6685166;;75,000
AP;BR-156;210,000;211,000;1,000;20/04/2022;-0,00808627;-51,6685166;;67,500
AP;BR-156;211,000;212,000;1,000;20/04/2022;-0,00808627;-51,6685166;;67,500
AP;BR-156;212,000;212,150;0,150;20/04/2022;-0,00808627;-51,6685166;;67,500
AP;BR-156;212,150;213,000;0,850;20/04/2022;-0,00808627;-51,6685166;;73,750
AP;BR-156;213,000;214,000;1,000;20/04/2022;-0,00808627;-51,6685166;;67,500
AP;BR-156;214,000;215,000;1,000;20/04/2022;-0,00808627;-51,6685166;;73,750
AP;BR-156;215,000;216,000;1,000;20/04/2022;-0,00808627;-51,6685166;;67,500
AP;BR-156;216,000;217,000;1,000;20/04/2022;-0,00808627;-51,6685166;;67,500
AP;BR-156;217,000;218,000;1,000;20/04/2022;-0,00808627;-51,6685166;;67,500
AP;BR-156;218,000;219,000;1,000;20/04/2022;-0,00808627;-51,6685166;;67,500
AP;BR-156;219,000;220,000;1,000;20/04/2022;-0,00808627;-51,6685166;;67,500
AP;BR-156;220,000;221,000;1,000;20/04/2022;-0,00808627;-51,6685166;;81,250
AP;BR-156;221,000;222,000;1,000;20/04/2022;-0,00808627;-51,6685166;;81,250
AP;BR-156;222,000;223,000;1,000;20/04/2022;-0,00808627;-51,6685166;;81,250
AP;BR-156;223,000;224,000;1,000;20/04/2022;-0,00808627;-51,6685166;;81,250
AP;BR-156;224,000;225,000;1,000;20/04/2022;-0,00808627;-51,6685166;;81,250
AP;BR-156;225,000;226,000;1,000;20/04/2022;-0,00808627;-51,6685166;;85,000
AP;BR-156;226,000;227,000;1,000;20/04/2022;-0,00808627;-51,6685166;;67,500
AP;BR-156;227,000;228,000;1,000;20/04/2022;-0,00808627;-51,6685166;;73,750
AP;BR-156;228,000;229,000;1,000;20/04/2022;-0,00808627;-51,6685166;;73,750
AP;BR-156;229,000;230,000;1,000;20/04/2022;-0,00808627;-51,6685166;;67,500
AP;BR-156;230,000;231,000;1,000;20/04/2022;-0,00808627;-51,6685166;;67,500
AP;BR-156;231,000;232,000;1,000;20/04/2022;-0,00808627;-51,6685166;;67,500
AP;BR-156;232,000;233,000;1,000;20/04/2022;-0,00808627;-51,6685166;;81,250
AP;BR-156;233,000;234,000;1,000;20/04/2022;-0,00808627;-51,6685166;;83,750
AP;BR-156;234,000;235,000;1,000;20/04/2022;-0,00808627;-51,6685166;;73,750
AP;BR-156;235,000;236,000;1,000;20/04/2022;-0,00808627;-51,6685166;;81,250
AP;BR-156;236,000;237,000;1,000;20/04/2022;-0,00808627;-51,6685166;;81,250
AP;BR-156;237,000;238,000;1,000;20/04/2022;-0,00808627;-51,6685166;;87,500
AP;BR-156;238,000;239,000;1,000;20/04/2022;-0,00808627;-51,6685166;;77,500
AP;BR-156;239,000;240,000;1,000;20/04/2022;-0,00808627;-51,6685166;;77,500
AP;BR-156;240,000;241,000;1,000;20/04/2022;-0,00808627;-51,6685166;  ;81,250
AP;BR-156;241,000;242,000;1,000;20/04/2022;-0,00808627;-51,6685166;;81,250
AP;BR-156;242,000;243,000;1,000;20/04/2022;-0,00808627;-51,6685166;;81,250
AP;BR-156;243,000;244,000;1,000;20/04/2022;-0,00808627;-51,6685166;;67,500
AP;BR-156;244,000;245,000;1,000;20/04/2022;-0,00808627;-51,6685166;;73,750
AP;BR-156;245,000;246,000;1,000;20/04/2022;-0,00808627;-51,6685166;;77,500
AP;BR-156;246,000;247,000;1,000;20/04/2022;-0,00808627;-51,6685166;;70,000
AP;BR-156;247,000;248,000;1,000;20/04/2022;-0,00808627;-51,6685166;;73,750
AP;BR-156;248,000;249,000;1,000;20/04/2022;-0,00808627;-51,6685166;;73,750
AP;BR-156;249,000;250,000;1,000;20/04/2022;-0,00808627;-51,6685166;;81,250
AP;BR-156;250,000;251,000;1,000;20/04/2022;-0,00808627;-51,6685166;;81,250
AP;BR-156;251,000;252,000;1,000;20/04/2022;-0,00808627;-51,6685166;;81,250
AP;BR-156;252,000;253,000;1,000;20/04/2022;-0,00808627;-51,6685166;;81,250
AP;BR-156;253,000;254,000;1,000;20/04/2022;-0,00808627;-51,6685166;;81,250
AP;BR-156;254,000;255,000;1,000;20/04/2022;-0,00808627;-51,6685166;;81,250
AP;BR-156;255,000;256,000;1,000;20/04/2022;-0,00808627;-51,6685166;;81,250
AP;BR-156;256,000;257,000;1,000;20/04/2022;-0,00808627;-51,6685166;;81,250
AP;BR-156;257,000;258,000;1,000;20/04/2022;-0,00808627;-51,6685166;;81,250
AP;BR-156;258,000;259,000;1,000;20/04/2022;-0,00808627;-51,6685166;;81,250
AP;BR-156;259,000;260,000;1,000;20/04/2022;-0,00808627;-51,6685166;;81,250
AP;BR-156;260,000;261,000;1,000;20/04/2022;-0,00808627;-51,6685166;;81,250
AP;BR-156;261,000;262,000;1,000;20/04/2022;-0,00808627;-51,6685166;;81,250
AP;BR-156;262,000;263,000;1,000;20/04/2022;-0,00808627;-51,6685166;;81,250
AP;BR-156;263,000;264,000;1,000;20/04/2022;-0,00808627;-51,6685166;;81,250
AP;BR-156;264,000;265,000;1,000;20/04/2022;-0,00808627;-51,6685166;;81,250
AP;BR-156;265,000;266,000;1,000;20/04/2022;-0,00808627;-51,6685166;;83,750
AP;BR-156;266,000;267,000;1,000;20/04/2022;-0,00808627;-51,6685166;;83,750
AP;BR-156;267,000;268,000;1,000;20/04/2022;-0,00808627;-51,6685166;;83,750
AP;BR-156;268,000;269,000;1,000;20/04/2022;-0,00808627;-51,6685166;;83,750
AP;BR-156;269,000;270,000;1,000;20/04/2022;-0,00808627;-51,6685166;;83,750
AP;BR-156;270,000;271,000;1,000;20/04/2022;-0,00808627;-51,6685166;;90,000
AP;BR-156;271,000;271,200;0,200;20/04/2022;-0,00808627;-51,6685166;;87,500
MT;BR-158;201,200;202,000;0,800;20/04/2022;-10,8803571;-51,6365284;;45,000
MT;BR-158;202,000;203,000;1,000;20/04/2022;-11,1311369;-51,7027436;;52,500
MT;BR-158;203,000;204,000;1,000;20/04/2022;-11,1311369;-51,7027436;;37,500
MT;BR-158;204,000;205,000;1,000;20/04/2022;-11,1311369;-51,7027436;;37,500
MT;BR-158;205,000;206,000;1,000;20/04/2022;-11,1311369;-51,7027436;;37,500
MT;BR-158;206,000;207,000;1,000;20/04/2022;-11,1311369;-51,7027436;;37,500
MT;BR-158;207,000;208,000;1,000;20/04/2022;-11,1311369;-51,7027436;;52,500
MT;BR-158;208,000;209,000;1,000;20/04/2022;-11,1311369;-51,7027436;;25,000
MT;BR-158;209,000;210,000;1,000;20/04/2022;-11,1311369;-51,7027436;;25,000
MT;BR-158;210,000;211,000;1,000;20/04/2022;-11,1311369;-51,7027436;;47,500
MT;BR-158;211,000;212,000;1,000;20/04/2022;-11,1311369;-51,7027436;;20,000
MT;BR-158;212,000;213,000;1,000;20/04/2022;-11,1311369;-51,7027436;;38,750
MT;BR-158;213,000;214,000;1,000;20/04/2022;-11,1311369;-51,7027436;;32,500
MT;BR-158;214,000;215,000;1,000;20/04/2022;-11,2449278;-51,6852296;;40,000
MT;BR-158;215,000;216,000;1,000;20/04/2022;-11,2449278;-51,6852296;;40,000
MT;BR-158;216,000;217,000;1,000;20/04/2022;-11,2449278;-51,6852296;;40,000
MT;BR-158;217,000;218,000;1,000;20/04/2022;-11,2449278;-51,6852296;;46,250
MT;BR-158;218,000;219,000;1,000;20/04/2022;-11,2449278;-51,6852296;;18,750
MT;BR-158;219,000;220,000;1,000;20/04/2022;-11,2449278;-51,6852296;;20,000
MT;BR-158;220,000;221,000;1,000;20/04/2022;-11,2449278;-51,6852296;;20,000
MT;BR-158;221,000;222,000;1,000;20/04/2022;-11,2449278;-51,6852296;;32,500
MT;BR-158;222,000;223,000;1,000;20/04/2022;-11,2449278;-51,6852296;;40,000
MT;BR-158;223,000;224,000;1,000;20/04/2022;-11,2449278;-51,6852296;;32,500
MT;BR-158;224,000;225,000;1,000;20/04/2022;-11,2449278;-51,6852296;;40,000
MT;BR-158;225,000;226,000;1,000;20/04/2022;-11,2449278;-51,6852296;;2,500
MT;BR-158;226,000;227,000;1,000;20/04/2022;-11,2449278;-51,6852296;;5,000
MT;BR-158;227,000;228,000;1,000;20/04/2022;-11,2449278;-51,6852296;;5,000
MT;BR-158;228,000;229,000;1,000;20/04/2022;-11,2449278;-51,6852296;;21,250
MT;BR-158;229,000;230,000;1,000;20/04/2022;-11,2449278;-51,6852296;;5,000
MT;BR-158;230,000;231,000;1,000;20/04/2022;-11,2449278;-51,6852296;;17,500
MT;BR-158;231,000;232,000;1,000;20/04/2022;-11,2449278;-51,6852296;;36,250
MT;BR-158;232,000;233,000;1,000;20/04/2022;-11,2449278;-51,6852296;;58,750
MT;BR-158;233,000;234,000;1,000;20/04/2022;-11,2449278;-51,6852296;;40,000
MT;BR-158;234,000;235,000;1,000;20/04/2022;-11,2449278;-51,6852296;;58,750
MT;BR-158;235,000;236,000;1,000;20/04/2022;-11,4257025;-51,6646883;;30,000
MT;BR-158;236,000;237,000;1,000;20/04/2022;-11,4257025;-51,6646883;;75,000
MT;BR-158;237,000;238,000;1,000;20/04/2022;-11,4434308;-51,6669037;;17,500
MT;BR-158;238,000;239,000;1,000;20/04/2022;-11,4434308;-51,6669037;;32,500
MT;BR-158;239,000;240,000;1,000;20/04/2022;-11,4434308;-51,6669037;;23,750
MT;BR-158;240,000;241,000;1,000;20/04/2022;-11,4434308;-51,6669037;;46,250
MT;BR-158;241,000;242,000;1,000;20/04/2022;-11,4434308;-51,6669037;;38,750
MT;BR-158;242,000;243,000;1,000;20/04/2022;-11,4434308;-51,6669037;;65,000
MT;BR-158;243,000;244,000;1,000;20/04/2022;-11,4434308;-51,6669037;;57,500
MT;BR-158;244,000;245,000;1,000;20/04/2022;-11,5116381;-51,6869062;;45,000
MT;BR-158;245,000;246,000;1,000;20/04/2022;-11,5116381;-51,6869062;;5,000
MT;BR-158;246,000;247,000;1,000;20/04/2022;-11,5116381;-51,6869062;;20,000
MT;BR-158;247,000;248,000;1,000;20/04/2022;-11,5116381;-51,6869062;;62,500
MT;BR-158;248,000;249,000;1,000;20/04/2022;-11,5116381;-51,6869062;;46,250
MT;BR-158;249,000;250,000;1,000;20/04/2022;-11,5116381;-51,6869062;;76,250
MT;BR-158;250,000;251,000;1,000;20/04/2022;-11,5116381;-51,6869062;;45,000
MT;BR-158;251,000;252,000;1,000;20/04/2022;-11,5116381;-51,6869062;;32,500
MT;BR-158;252,000;253,000;1,000;20/04/2022;-11,5116381;-51,6869062;;57,500
MT;BR-158;253,000;254,000;1,000;20/04/2022;-11,5840255;-51,6998689;;57,500
MT;BR-158;254,000;255,000;1,000;20/04/2022;-11,5840255;-51,6998689;;40,000
MT;BR-158;255,000;256,000;1,000;20/04/2022;-11,5840255;-51,6998689;;40,000
MT;BR-158;256,000;257,000;1,000;20/04/2022;-11,5840255;-51,6998689;;40,000
MT;BR-158;257,000;258,000;1,000;20/04/2022;-11,5840255;-51,6998689;;38,750
MT;BR-158;258,000;259,000;1,000;20/04/2022;-11,5840255;-51,6998689;;40,000
MT;BR-158;259,000;260,000;1,000;20/04/2022;-11,5840255;-51,6998689;;38,750
MT;BR-158;260,000;261,000;1,000;20/04/2022;-11,5840255;-51,6998689;;45,000
MT;BR-158;261,000;262,000;1,000;20/04/2022;-11,5840255;-51,6998689;;46,250
MT;BR-158;262,000;263,000;1,000;20/04/2022;-11,5840255;-51,6998689;;46,250
MT;BR-158;263,000;264,000;1,000;20/04/2022;-11,5840255;-51,6998689;;47,500
MT;BR-158;264,000;265,000;1,000;20/04/2022;-11,5840255;-51,6998689;;32,500
MT;BR-158;265,000;266,000;1,000;20/04/2022;-11,5840255;-51,6998689;;32,500
MT;BR-158;266,000;267,000;1,000;20/04/2022;-11,5840255;-51,6998689;;45,000
MT;BR-158;267,000;268,000;1,000;20/04/2022;-11,5840255;-51,6998689;;52,500
MT;BR-158;268,000;269,000;1,000;20/04/2022;-11,5840255;-51,6998689;;50,000
MT;BR-158;269,000;270,000;1,000;20/04/2022;-11,5840255;-51,6998689;;40,000
MT;BR-158;270,000;271,000;1,000;20/04/2022;-11,5840255;-51,6998689;;32,500
MT;BR-158;271,000;272,000;1,000;20/04/2022;-11,5840255;-51,6998689;;40,000
MT;BR-158;272,000;273,000;1,000;20/04/2022;-11,5840255;-51,6998689;;32,500
MT;BR-158;273,000;274,000;1,000;20/04/2022;-11,5840255;-51,6998689;;40,000
MT;BR-158;274,000;275,000;1,000;20/04/2022;-11,5840255;-51,6998689;;40,000
MT;BR-158;275,000;276,000;1,000;20/04/2022;-11,5840255;-51,6998689;;27,500
MT;BR-158;276,000;277,000;1,000;20/04/2022;-11,5840255;-51,6998689;;20,000
MT;BR-158;277,000;278,000;1,000;20/04/2022;-11,5840255;-51,6998689;;20,000
MT;BR-158;278,000;279,000;1,000;20/04/2022;-11,5840255;-51,6998689;;27,500
MT;BR-158;279,000;280,000;1,000;20/04/2022;-11,5840255;-51,6998689;;32,500
MT;BR-158;280,000;281,000;1,000;20/04/2022;-11,5840255;-51,6998689;;46,250
MT;BR-158;281,000;282,000;1,000;20/04/2022;-11,5840255;-51,6998689;;47,500
MT;BR-158;282,000;283,000;1,000;20/04/2022;-11,8215485;-51,6340294;;45,000
MT;BR-158;283,000;284,000;1,000;20/04/2022;-11,8215485;-51,6340294;;38,750
MT;BR-158;284,000;285,000;1,000;20/04/2022;-11,8215485;-51,6340294;;32,500
MT;BR-158;285,000;286,000;1,000;20/04/2022;-11,8215485;-51,6340294;;32,500
MT;BR-158;286,000;287,000;1,000;20/04/2022;-11,8215485;-51,6340294;;32,500
MT;BR-158;287,000;288,000;1,000;20/04/2022;-11,8215485;-51,6340294;;38,750
MT;BR-158;288,000;289,000;1,000;20/04/2022;-11,8215485;-51,6340294;;32,500
MT;BR-158;289,000;290,000;1,000;20/04/2022;-11,8215485;-51,6340294;;32,500
MT;BR-158;290,000;291,000;1,000;20/04/2022;-11,8215485;-51,6340294;;32,500
MT;BR-158;291,000;292,000;1,000;20/04/2022;-11,8215485;-51,6340294;;32,500
MT;BR-158;292,000;293,000;1,000;20/04/2022;-11,9095625;-51,6605483;;32,500
MT;BR-158;293,000;294,000;1,000;20/04/2022;-11,9095625;-51,6605483;;40,000
MT;BR-158;294,000;295,000;1,000;20/04/2022;-11,9095625;-51,6605483;;32,500
MT;BR-158;295,000;296,000;1,000;20/04/2022;-11,9095625;-51,6605483;;20,000
MT;BR-158;296,000;297,000;1,000;20/04/2022;-11,9095625;-51,6605483;;32,500
MT;BR-158;297,000;298,000;1,000;20/04/2022;-11,9095625;-51,6605483;;17,500
MT;BR-158;298,000;299,000;1,000;20/04/2022;-11,9095625;-51,6605483;;23,750
MT;BR-158;299,000;300,000;1,000;20/04/2022;-11,9659198;-51,6773543;;45,000
MT;BR-158;300,000;301,000;1,000;20/04/2022;-11,9659198;-51,6773543;;17,500
MT;BR-158;301,000;302,000;1,000;20/04/2022;-11,9659198;-51,6773543;;17,500
MT;BR-158;302,000;303,000;1,000;20/04/2022;-11,9659198;-51,6773543;;30,000
MT;BR-158;303,000;304,000;1,000;20/04/2022;-11,9659198;-51,6773543;;5,000
MT;BR-158;304,000;305,000;1,000;20/04/2022;-11,9659198;-51,6773543;;45,000
MT;BR-158;305,000;306,000;1,000;20/04/2022;-11,9659198;-51,6773543;;32,500
MT;BR-158;306,000;307,000;1,000;20/04/2022;-11,9659198;-51,6773543;;38,750
MT;BR-158;307,000;308,000;1,000;20/04/2022;-11,9659198;-51,6773543;;38,750
MT;BR-158;308,000;309,000;1,000;20/04/2022;-11,9659198;-51,6773543;;38,750
MT;BR-158;309,000;310,000;1,000;20/04/2022;-11,9659198;-51,6773543;;32,500
MT;BR-158;310,000;311,000;1,000;20/04/2022;-11,9659198;-51,6773543;;38,750
MT;BR-158;311,000;312,000;1,000;20/04/2022;-11,9659198;-51,6773543;;32,500
MT;BR-158;312,000;313,000;1,000;20/04/2022;-11,9659198;-51,6773543;;32,500
MT;BR-158;313,000;314,000;1,000;20/04/2022;-11,9659198;-51,6773543;;32,500
MT;BR-158;314,000;315,000;1,000;20/04/2022;-11,9659198;-51,6773543;;32,500
MT;BR-158;315,000;316,000;1,000;20/04/2022;-11,9659198;-51,6773543;;32,500
MT;BR-158;316,000;317,000;1,000;20/04/2022;-11,9659198;-51,6773543;;20,000
MT;BR-158;317,000;318,000;1,000;20/04/2022;-11,9659198;-51,6773543;;20,000
MT;BR-158;318,000;319,000;1,000;20/04/2022;-11,9659198;-51,6773543;;20,000
MT;BR-158;319,000;320,000;1,000;20/04/2022;-11,9659198;-51,6773543;;45,000
MT;BR-158;320,000;321,000;1,000;20/04/2022;-11,9659198;-51,6773543;;46,250
MT;BR-158;321,000;322,000;1,000;20/04/2022;-11,9659198;-51,6773543;;52,500
MT;BR-158;322,000;323,000;1,000;20/04/2022;-11,9659198;-51,6773543;;46,250
MT;BR-158;323,000;324,000;1,000;20/04/2022;-11,9659198;-51,6773543;;38,750
MT;BR-158;324,000;325,000;1,000;20/04/2022;-11,9659198;-51,6773543;;32,500
MT;BR-158;325,000;326,000;1,000;20/04/2022;-11,9659198;-51,6773543;;20,000
MT;BR-158;326,000;327,000;1,000;20/04/2022;-11,9659198;-51,6773543;;0,000
MT;BR-158;327,000;328,000;1,000;20/04/2022;-12,1625434;-51,6995995;;0,000
MT;BR-158;328,000;329,000;1,000;20/04/2022;-12,1625434;-51,6995995;;0,000
MT;BR-158;329,000;330,000;1,000;20/04/2022;-12,1625434;-51,6995995;;0,000
MT;BR-158;330,000;331,000;1,000;20/04/2022;-12,1625434;-51,6995995;;0,000
MT;BR-242;0,000;1,000;1,000;18/04/2022;-11,6156139;-50,6613123;;12,500
MT;BR-242;1,000;2,000;1,000;18/04/2022;-11,6170139;-50,6696062;;0,000
MT;BR-242;2,000;3,000;1,000;18/04/2022;-11,6170139;-50,6696062;;0,000
MT;BR-242;3,000;4,000;1,000;18/04/2022;-11,6170139;-50,6696062;;0,000
MT;BR-242;4,000;5,000;1,000;18/04/2022;-11,6254825;-50,6931593;;0,000
MT;BR-242;5,000;6,000;1,000;18/04/2022;-11,6254825;-50,6931593;;37,500
MT;BR-242;6,000;7,000;1,000;18/04/2022;-11,6254825;-50,6931593;;31,250
MT;BR-242;7,000;8,000;1,000;18/04/2022;-11,6258776;-50,6914839;;57,500
MT;BR-242;8,000;9,000;1,000;18/04/2022;-11,6258776;-50,6914839;;61,250
MT;BR-242;9,000;10,000;1,000;18/04/2022;-11,6258776;-50,6914839;;57,500
MT;BR-242;10,000;11,000;1,000;18/04/2022;-11,62568;-50,6923216;;61,250
MT;BR-242;11,000;12,000;1,000;18/04/2022;-11,62568;-50,6923216;;55,000
MT;BR-242;12,000;13,000;1,000;18/04/2022;-11,62568;-50,6923216;;57,500
MT;BR-242;13,000;14,000;1,000;18/04/2022;-11,6254825;-50,6931593;;61,250
MT;BR-242;14,000;15,000;1,000;18/04/2022;-11,6254825;-50,6931593;;57,500
MT;BR-242;15,000;16,000;1,000;18/04/2022;-11,6254825;-50,6931593;;61,250
MT;BR-242;16,000;17,000;1,000;18/04/2022;-11,6254825;-50,6931593;;67,500
MT;BR-242;17,000;18,000;1,000;18/04/2022;-11,6254825;-50,6931593;;61,250
MT;BR-242;18,000;19,000;1,000;18/04/2022;-12,928884;-51,8220673;;56,250
MT;BR-242;19,000;20,000;1,000;18/04/2022;-12,928884;-51,8220673;;56,250
MT;BR-242;20,000;21,000;1,000;18/04/2022;-12,928884;-51,8220673;;66,250
MT;BR-242;21,000;22,000;1,000;18/04/2022;-12,928884;-51,8220673;;56,250
MT;BR-242;22,000;23,000;1,000;18/04/2022;-11,6691454;-51,3773342;;56,250
MT;BR-242;23,000;24,000;1,000;18/04/2022;-12,928884;-51,8220673;;56,250
MT;BR-242;24,000;25,000;1,000;18/04/2022;-12,928884;-51,8220673;;50,000
MT;BR-242;25,000;26,000;1,000;18/04/2022;-12,928884;-51,8220673;;56,250
MT;BR-242;26,000;27,000;1,000;18/04/2022;-12,928884;-51,8220673;;50,000
MT;BR-242;27,000;28,000;1,000;18/04/2022;-12,928884;-51,8220673;;50,000
MT;BR-242;28,000;29,000;1,000;18/04/2022;-12,928884;-51,8220673;;51,250
MT;BR-242;29,000;30,000;1,000;18/04/2022;-12,928884;-51,8220673;;57,500
MT;BR-242;30,000;31,000;1,000;18/04/2022;-12,928884;-51,8220673;;56,250
MT;BR-242;31,000;32,000;1,000;18/04/2022;-12,928884;-51,8220673;;51,250
MT;BR-242;32,000;33,000;1,000;18/04/2022;-12,928884;-51,8220673;;57,500
MT;BR-242;33,000;34,000;1,000;18/04/2022;-12,928884;-51,8220673;;57,500
MT;BR-242;34,000;35,000;1,000;18/04/2022;-12,928884;-51,8220673;;51,250
MT;BR-242;35,000;36,000;1,000;18/04/2022;-12,928884;-51,8220673;;61,250
MT;BR-242;36,000;37,000;1,000;18/04/2022;-11,6691454;-51,3773342;;61,250
MT;BR-242;37,000;38,000;1,000;18/04/2022;-11,6691454;-51,3773342;;51,250
MT;BR-242;38,000;39,000;1,000;18/04/2022;-11,6691454;-51,3773342;;50,000
MT;BR-242;39,000;40,000;1,000;18/04/2022;-12,928884;-51,8220673;;50,000
MT;BR-242;40,000;41,000;1,000;18/04/2022;-12,928884;-51,8220673;;51,250
MT;BR-242;41,000;42,000;1,000;18/04/2022;-12,928884;-51,8220673;;51,250
MT;BR-242;42,000;43,000;1,000;18/04/2022;-12,928884;-51,8220673;;51,250
MT;BR-242;43,000;44,000;1,000;18/04/2022;-12,928884;-51,8220673;;51,250
MT;BR-242;44,000;45,000;1,000;18/04/2022;-12,928884;-51,8220673;;51,250
MT;BR-242;45,000;46,000;1,000;18/04/2022;-12,928884;-51,8220673;;51,250
MT;BR-242;46,000;47,000;1,000;18/04/2022;-12,928884;-51,8220673;;51,250
MT;BR-242;47,000;48,000;1,000;18/04/2022;-11,6691454;-51,3773342;;51,250
MT;BR-242;48,000;49,000;1,000;18/04/2022;-11,6691454;-51,3773342;;51,250
MT;BR-242;49,000;50,000;1,000;18/04/2022;-11,6691454;-51,3773342;;65,000
MT;BR-242;50,000;51,000;1,000;18/04/2022;-12,928884;-51,8220673;;57,500
MT;BR-242;51,000;52,000;1,000;18/04/2022;-11,5967334;-51,0750358;;51,250
MT;BR-242;52,000;53,000;1,000;18/04/2022;-11,5967334;-51,0750358;;61,250
MT;BR-242;53,000;54,000;1,000;18/04/2022;-11,5967334;-51,0750358;;67,500
MT;BR-242;54,000;55,000;1,000;18/04/2022;-11,5967334;-51,0750358;;63,750
MT;BR-242;55,000;56,000;1,000;18/04/2022;-11,6087843;-51,0940655;;66,250
MT;BR-242;56,000;57,000;1,000;18/04/2022;-11,6087843;-51,0940655;;56,250
MT;BR-242;57,000;58,000;1,000;18/04/2022;-11,6087843;-51,0940655;;61,250
MT;BR-242;58,000;59,000;1,000;18/04/2022;-11,6087843;-51,0940655;;56,250
MT;BR-242;59,000;60,000;1,000;18/04/2022;-12,928884;-51,8220673;;56,250
MT;BR-242;60,000;61,000;1,000;18/04/2022;-12,928884;-51,8220673;;56,250
MT;BR-242;61,000;62,000;1,000;18/04/2022;-12,928884;-51,8220673;;57,500
MT;BR-242;62,000;63,000;1,000;18/04/2022;-12,928884;-51,8220673;;63,750
MT;BR-242;63,000;64,000;1,000;18/04/2022;-12,928884;-51,8220673;;63,750
MT;BR-242;64,000;65,000;1,000;18/04/2022;-12,928884;-51,8220673;;63,750
MT;BR-242;65,000;66,000;1,000;18/04/2022;-12,928884;-51,8220673;;63,750
MT;BR-242;66,000;67,000;1,000;18/04/2022;-12,928884;-51,8220673;;56,250
MT;BR-242;67,000;68,000;1,000;18/04/2022;-12,928884;-51,8220673;;56,250
MT;BR-242;68,000;69,000;1,000;18/04/2022;-11,6911931;-51,3708422;;66,250
MT;BR-242;69,000;70,000;1,000;18/04/2022;-11,6292968;-51,2009352;;56,250
MT;BR-242;70,000;71,000;1,000;18/04/2022;-11,6292968;-51,2009352;;56,250
MT;BR-242;71,000;72,000;1,000;18/04/2022;-12,928884;-51,8220673;;56,250
MT;BR-242;72,000;73,000;1,000;18/04/2022;-12,928884;-51,8220673;;56,250
MT;BR-242;73,000;74,000;1,000;18/04/2022;-12,928884;-51,8220673;;56,250
MT;BR-242;74,000;75,000;1,000;18/04/2022;-12,928884;-51,8220673;;63,750
MT;BR-242;75,000;76,000;1,000;18/04/2022;-12,928884;-51,8220673;;50,000
MT;BR-242;76,000;77,000;1,000;18/04/2022;-11,6801153;-51,3727445;;56,250
MT;BR-242;77,000;78,000;1,000;18/04/2022;-11,6482475;-51,2680312;;56,250
MT;BR-242;78,000;79,000;1,000;18/04/2022;-11,6482475;-51,2680312;;56,250
MT;BR-242;79,000;80,000;1,000;18/04/2022;-11,6482475;-51,2680312;;62,500
MT;BR-242;80,000;81,000;1,000;18/04/2022;-11,6482475;-51,2680312;;56,250
MT;BR-242;81,000;82,000;1,000;18/04/2022;-11,6801153;-51,3727445;;56,250
MT;BR-242;82,000;83,000;1,000;18/04/2022;-11,6801153;-51,3727445;;56,250
MT;BR-242;83,000;84,000;1,000;18/04/2022;-11,6801153;-51,3727445;;62,500
MT;BR-242;84,000;85,000;1,000;18/04/2022;-11,6842901;-51,372236;;57,500
MT;BR-242;85,000;86,000;1,000;18/04/2022;-11,6475849;-51,3464417;;56,250
MT;BR-242;86,000;87,000;1,000;18/04/2022;-11,6475849;-51,3464417;;63,750
MT;BR-242;87,000;88,000;1,000;18/04/2022;-11,6475849;-51,3464417;;50,000
MT;BR-242;88,000;89,000;1,000;18/04/2022;-11,6701264;-51,3779898;;50,000
MT;BR-242;89,000;90,000;1,000;18/04/2022;-11,6701264;-51,3779898;;50,000
MT;BR-242;90,000;91,000;1,000;18/04/2022;-11,6701264;-51,3779898;;51,250
MT;BR-242;91,000;92,000;1,000;18/04/2022;-11,6747191;-51,3804976;;57,500
MT;BR-242;92,000;93,000;1,000;18/04/2022;-11,6764229;-51,3789734;;57,500
MT;BR-242;93,000;94,000;1,000;18/04/2022;-11,6764229;-51,3789734;;57,500
MT;BR-242;94,000;95,000;1,000;18/04/2022;-11,6764229;-51,3789734;;56,250
MT;BR-242;95,000;96,000;1,000;18/04/2022;-11,6764229;-51,3789734;;56,250
MT;BR-242;96,000;97,000;1,000;18/04/2022;-11,6747051;-51,4186562;;56,250
MT;BR-242;97,000;98,000;1,000;18/04/2022;-11,6747051;-51,4186562;;57,500
MT;BR-242;98,000;99,000;1,000;18/04/2022;-12,928884;-51,8220673;;57,500
MT;BR-242;99,000;100,000;1,000;18/04/2022;-11,6770117;-51,4538942;;63,750
MT;BR-242;100,000;101,000;1,000;18/04/2022;-11,6770117;-51,4538942;;62,500
MT;BR-242;101,000;102,000;1,000;18/04/2022;-11,6770117;-51,4538942;;62,500
MT;BR-242;102,000;103,000;1,000;18/04/2022;-11,6785684;-51,4777076;;62,500
MT;BR-242;103,000;104,000;1,000;18/04/2022;-11,6785684;-51,4777076;;62,500
MT;BR-242;104,000;105,000;1,000;18/04/2022;-11,6785684;-51,4777076;;62,500
MT;BR-242;105,000;106,000;1,000;18/04/2022;-11,6807487;-51,5108476;;56,250
MT;BR-242;106,000;107,000;1,000;18/04/2022;-11,6807487;-51,5108476;;56,250
MT;BR-242;107,000;108,000;1,000;18/04/2022;-11,6807487;-51,5108476;;62,500
MT;BR-242;108,000;109,000;1,000;18/04/2022;-12,928884;-51,8220673;;56,250
MT;BR-242;109,000;110,000;1,000;18/04/2022;-11,6832832;-51,5522477;;56,250
MT;BR-242;110,000;111,000;1,000;18/04/2022;-11,6832832;-51,5522477;;56,250
MT;BR-242;111,000;112,000;1,000;18/04/2022;-12,928884;-51,8220673;;56,250
MT;BR-242;112,000;113,000;1,000;18/04/2022;-12,928884;-51,8220673;;56,250
MT;BR-242;113,000;114,000;1,000;18/04/2022;-12,928884;-51,8220673;;63,750
MT;BR-242;114,000;115,000;1,000;18/04/2022;-11,6962946;-51,5996122;;63,750
MT;BR-242;115,000;116,000;1,000;18/04/2022;-11,6962946;-51,5996122;;70,000
MT;BR-242;116,000;117,000;1,000;18/04/2022;-11,6962946;-51,5996122;;63,750
MT;BR-242;117,000;118,000;1,000;18/04/2022;-12,928884;-51,8220673;;70,000
MT;BR-242;118,000;119,000;1,000;18/04/2022;-12,928884;-51,8220673;;63,750
GO;BR-070;67,300;68,000;0,700;20/04/2022;-15,7816008;-48,8012155;;0,000
GO;BR-070;68,000;69,000;1,000;20/04/2022;-15,7816008;-48,8012155;;0,000
GO;BR-070;69,000;70,000;1,000;20/04/2022;-15,7816008;-48,8012155;;0,000
GO;BR-070;70,000;71,000;1,000;20/04/2022;-15,7816008;-48,8012155;;0,000
GO;BR-070;71,000;72,000;1,000;20/04/2022;-15,7816008;-48,8012155;;0,000
GO;BR-070;72,000;73,000;1,000;20/04/2022;-15,7816008;-48,8012155;;0,000
GO;BR-070;73,000;74,000;1,000;20/04/2022;-15,7816008;-48,8012155;;0,000
GO;BR-070;74,000;75,000;1,000;20/04/2022;-15,8020029;-48,7833347;;0,000
GO;BR-070;75,000;76,000;1,000;20/04/2022;-15,8020029;-48,7833347;;0,000
GO;BR-070;76,000;77,000;1,000;20/04/2022;-15,8020029;-48,7833347;;0,000
GO;BR-070;77,000;78,000;1,000;20/04/2022;-15,8020029;-48,7833347;;7,500
GO;BR-070;78,000;79,000;1,000;20/04/2022;-15,8020029;-48,7833347;;0,000
GO;BR-070;79,000;80,000;1,000;20/04/2022;-15,8020029;-48,7833347;;7,500
GO;BR-070;80,000;81,000;1,000;20/04/2022;-15,8020029;-48,7833347;;12,500
GO;BR-070;81,000;82,000;1,000;20/04/2022;-15,8020029;-48,7833347;;12,500
GO;BR-070;82,000;83,000;1,000;20/04/2022;-15,8020029;-48,7833347;;5,000
GO;BR-070;83,000;84,000;1,000;20/04/2022;-15,8020029;-48,7833347;;12,500
GO;BR-070;84,000;85,000;1,000;20/04/2022;-15,8020029;-48,7833347;;12,500
GO;BR-070;85,000;86,000;1,000;20/04/2022;-15,8020029;-48,7833347;;25,000
GO;BR-070;86,000;87,000;1,000;20/04/2022;-15,8020029;-48,7833347;;18,750
GO;BR-070;87,000;88,000;1,000;20/04/2022;-15,8020029;-48,7833347;;0,000
GO;BR-070;88,000;89,000;1,000;20/04/2022;-15,8020029;-48,7833347;;5,000
GO;BR-070;89,000;90,000;1,000;20/04/2022;-15,8020029;-48,7833347;;0,000
GO;BR-070;90,000;91,000;1,000;20/04/2022;-15,8020029;-48,7833347;;0,000
GO;BR-070;91,000;92,000;1,000;20/04/2022;-15,8020029;-48,7833347;;0,000
GO;BR-070;92,000;93,000;1,000;20/04/2022;-15,8020029;-48,7833347;;0,000
GO;BR-070;93,000;94,000;1,000;20/04/2022;-15,8020029;-48,7833347;;0,000
GO;BR-070;94,000;95,000;1,000;20/04/2022;-15,8020029;-48,7833347;;0,000
GO;BR-070;95,000;96,000;1,000;20/04/2022;-15,8020029;-48,7833347;;0,000
GO;BR-070;96,000;97,000;1,000;20/04/2022;-15,8071789;-49,0108728;;35,000
GO;BR-070;97,000;98,000;1,000;20/04/2022;-15,8071789;-49,0108728;;15,000
GO;BR-070;98,000;99,000;1,000;20/04/2022;-15,7835599;-49,0539095;;0,000
GO;BR-070;99,000;100,000;1,000;20/04/2022;-15,7835599;-49,0539095;;0,000
GO;BR-070;100,000;101,000;1,000;20/04/2022;-15,7835599;-49,0539095;;0,000
GO;BR-070;101,000;102,000;1,000;20/04/2022;-15,7835599;-49,0539095;;0,000
GO;BR-070;102,000;103,000;1,000;20/04/2022;-15,7835599;-49,0539095;;0,000
GO;BR-070;103,000;104,000;1,000;20/04/2022;-15,7835599;-49,0539095;;0,000
GO;BR-070;104,000;105,000;1,000;20/04/2022;-15,7835599;-49,0539095;;0,000
GO;BR-070;105,000;106,000;1,000;20/04/2022;-15,7835599;-49,0539095;;0,000
GO;BR-070;106,000;107,000;1,000;20/04/2022;-15,7835599;-49,0539095;;0,000
GO;BR-070;107,000;108,000;1,000;20/04/2022;-15,7835599;-49,0539095;;0,000
GO;BR-070;108,000;109,000;1,000;20/04/2022;-15,7835599;-49,0539095;;5,000
GO;BR-070;109,000;110,000;1,000;20/04/2022;-15,7835599;-49,0539095;;0,000
GO;BR-070;110,000;111,000;1,000;20/04/2022;-15,7835599;-49,0539095;;5,000
GO;BR-070;111,000;112,000;1,000;20/04/2022;-15,7835599;-49,0539095;;0,000
GO;BR-070;112,000;113,000;1,000;20/04/2022;-15,7835599;-49,0539095;;0,000
GO;BR-070;113,000;114,000;1,000;20/04/2022;-15,7835599;-49,0539095;;0,000
GO;BR-070;114,000;115,000;1,000;20/04/2022;-15,7835599;-49,0539095;;5,000
GO;BR-070;115,000;116,000;1,000;20/04/2022;-15,7835599;-49,0539095;;5,000
GO;BR-070;116,000;117,000;1,000;20/04/2022;-15,7835599;-49,0539095;;0,000
GO;BR-070;117,000;118,000;1,000;20/04/2022;-15,7835599;-49,0539095;;20,000
GO;BR-070;118,000;119,000;1,000;20/04/2022;-15,7835599;-49,0539095;;20,000
GO;BR-070;119,000;120,000;1,000;20/04/2022;-15,7835599;-49,0539095;;0,000
GO;BR-070;120,000;121,000;1,000;20/04/2022;-15,7835599;-49,0539095;;25,000
GO;BR-070;121,000;122,000;1,000;20/04/2022;-15,7835599;-49,0539095;;0,000
GO;BR-070;122,000;123,000;1,000;20/04/2022;-15,7835599;-49,0539095;;18,750
GO;BR-070;123,000;124,000;1,000;20/04/2022;-15,7835599;-49,0539095;;0,000
GO;BR-070;124,000;125,000;1,000;20/04/2022;-15,7835599;-49,0539095;;0,000
MS;BR-419;64,000;65,000;1,000;18/04/2022;0;0;;45,000
MS;BR-419;65,000;66,000;1,000;18/04/2022;0;0;;45,000
MS;BR-419;66,000;67,000;1,000;18/04/2022;0;0;;37,500
MS;BR-419;67,000;68,000;1,000;18/04/2022;0;0;;35,000
MS;BR-419;68,000;69,000;1,000;18/04/2022;0;0;;35,000
MS;BR-419;69,000;70,000;1,000;18/04/2022;0;0;;35,000
MS;BR-419;70,000;71,000;1,000;18/04/2022;0;0;;35,000
MS;BR-419;71,000;72,000;1,000;18/04/2022;0;0;;30,000
MS;BR-419;72,000;73,000;1,000;18/04/2022;0;0;;35,000
MS;BR-419;73,000;74,000;1,000;18/04/2022;0;0;;35,000
MS;BR-419;74,000;75,000;1,000;18/04/2022;0;0;;42,500
MS;BR-419;75,000;76,000;1,000;18/04/2022;0;0;;35,000
MS;BR-419;76,000;77,000;1,000;18/04/2022;0;0;;45,000
MS;BR-419;77,000;78,000;1,000;18/04/2022;0;0;;50,000
MS;BR-419;78,000;79,000;1,000;18/04/2022;0;0;;42,500
MS;BR-419;79,000;80,000;1,000;18/04/2022;0;0;;50,000
MS;BR-419;80,000;81,000;1,000;18/04/2022;0;0;;35,000
MS;BR-419;81,000;82,000;1,000;18/04/2022;0;0;;42,500
MS;BR-419;82,000;83,000;1,000;18/04/2022;0;0;;35,000
MS;BR-419;83,000;84,000;1,000;18/04/2022;0;0;;48,750
MS;BR-419;84,000;85,000;1,000;18/04/2022;0;0;;48,750
MS;BR-419;85,000;86,000;1,000;18/04/2022;0;0;;42,500
MS;BR-419;86,000;87,000;1,000;18/04/2022;0;0;;35,000
MS;BR-419;87,000;88,000;1,000;18/04/2022;0;0;;42,500
MS;BR-419;88,000;89,000;1,000;18/04/2022;0;0;;35,000
MS;BR-419;89,000;90,000;1,000;18/04/2022;0;0;;35,000
MS;BR-419;90,000;91,000;1,000;18/04/2022;0;0;;57,500
MS;BR-419;91,000;92,000;1,000;18/04/2022;0;0;;35,000
MS;BR-419;92,000;93,000;1,000;18/04/2022;0;0;;35,000
MS;BR-419;93,000;94,000;1,000;18/04/2022;0;0;;35,000
MS;BR-419;94,000;95,000;1,000;18/04/2022;0;0;;35,000
MS;BR-419;95,000;96,000;1,000;18/04/2022;0;0;;35,000
MS;BR-419;96,000;97,000;1,000;18/04/2022;0;0;;53,750
MS;BR-419;97,000;98,000;1,000;18/04/2022;0;0;;35,000
MS;BR-419;98,000;99,000;1,000;18/04/2022;0;0;;57,500
MS;BR-419;99,000;100,000;1,000;18/04/2022;0;0;;57,500
MS;BR-419;100,000;101,000;1,000;18/04/2022;0;0;;63,750
MS;BR-419;101,000;102,000;1,000;18/04/2022;0;0;;35,000
MS;BR-419;102,000;103,000;1,000;18/04/2022;0;0;;46,250
MS;BR-419;103,000;104,000;1,000;18/04/2022;0;0;;57,500
MS;BR-419;104,000;105,000;1,000;18/04/2022;0;0;;57,500
MS;BR-419;105,000;106,000;1,000;18/04/2022;0;0;;57,500
MS;BR-419;106,000;107,000;1,000;18/04/2022;0;0;;57,500
MS;BR-419;107,000;108,000;1,000;18/04/2022;0;0;;57,500
MS;BR-419;108,000;109,000;1,000;18/04/2022;0;0;;57,500
MS;BR-419;109,000;110,000;1,000;18/04/2022;0;0;;50,000
MS;BR-419;110,000;111,000;1,000;18/04/2022;0;0;;57,500
MS;BR-419;111,000;112,000;1,000;18/04/2022;0;0;;57,500
MS;BR-419;112,000;113,000;1,000;18/04/2022;0;0;;57,500
MS;BR-419;113,000;114,000;1,000;18/04/2022;0;0;;50,000
MS;BR-419;114,000;115,000;1,000;18/04/2022;0;0;;61,250
MS;BR-419;115,000;116,000;1,000;18/04/2022;0;0;;57,500
MS;BR-419;116,000;117,000;1,000;18/04/2022;0;0;;57,500
MS;BR-419;117,000;118,000;1,000;18/04/2022;0;0;;61,250
MS;BR-419;118,000;119,000;1,000;18/04/2022;0;0;;35,000
MS;BR-419;119,000;120,000;1,000;18/04/2022;0;0;;35,000
MS;BR-419;120,000;121,000;1,000;18/04/2022;0;0;;57,500
MS;BR-419;121,000;122,000;1,000;18/04/2022;0;0;;35,000
MS;BR-419;122,000;123,000;1,000;18/04/2022;0;0;;57,500
MS;BR-419;123,000;124,000;1,000;18/04/2022;0;0;;23,750
MS;BR-419;124,000;125,000;1,000;18/04/2022;0;0;;37,500
MS;BR-419;125,000;126,000;1,000;18/04/2022;0;0;;22,500
MS;BR-419;126,000;127,000;1,000;18/04/2022;0;0;;35,000
MS;BR-419;127,000;128,000;1,000;18/04/2022;0;0;;35,000
MS;BR-419;128,000;129,000;1,000;18/04/2022;0;0;;57,500
MS;BR-419;129,000;130,000;1,000;18/04/2022;0;0;;35,000
MS;BR-419;130,000;131,000;1,000;18/04/2022;0;0;;35,000
MS;BR-419;131,000;132,000;1,000;18/04/2022;0;0;;36,250
MS;BR-419;132,000;133,000;1,000;18/04/2022;0;0;;35,000
MS;BR-419;133,000;134,000;1,000;18/04/2022;0;0;;50,000
MS;BR-419;134,000;135,000;1,000;18/04/2022;0;0;;36,250
MS;BR-419;135,000;136,000;1,000;18/04/2022;0;0;;26,250
MS;BR-419;136,000;137,000;1,000;18/04/2022;0;0;;26,250
MS;BR-419;137,000;138,000;1,000;18/04/2022;0;0;;35,000
MS;BR-419;138,000;139,000;1,000;18/04/2022;0;0;;35,000
MS;BR-419;139,000;140,000;1,000;18/04/2022;0;0;;43,750
MS;BR-419;140,000;141,000;1,000;18/04/2022;0;0;;36,250
MS;BR-419;141,000;142,000;1,000;18/04/2022;0;0;;36,250
MS;BR-419;142,000;143,000;1,000;18/04/2022;0;0;;58,750
MS;BR-419;143,000;144,000;1,000;18/04/2022;0;0;;23,750
MS;BR-419;144,000;145,000;1,000;18/04/2022;0;0;;36,250
MS;BR-419;145,000;146,000;1,000;18/04/2022;0;0;;36,250
MS;BR-419;146,000;147,000;1,000;18/04/2022;0;0;;36,250
MS;BR-419;147,000;148,000;1,000;18/04/2022;0;0;;36,250
MS;BR-419;148,000;149,000;1,000;18/04/2022;0;0;;36,250
MS;BR-419;149,000;150,000;1,000;18/04/2022;0;0;;23,750
MS;BR-419;150,000;151,000;1,000;18/04/2022;0;0;;23,750
MS;BR-419;151,000;152,000;1,000;18/04/2022;0;0;;57,500
MS;BR-419;152,000;153,000;1,000;18/04/2022;0;0;;42,500
MS;BR-419;153,000;154,000;1,000;18/04/2022;0;0;;23,750
MS;BR-419;154,000;155,000;1,000;18/04/2022;0;0;;23,750
MS;BR-419;155,000;156,000;1,000;18/04/2022;0;0;;23,750
MS;BR-419;156,000;157,000;1,000;18/04/2022;0;0;;55,000
MS;BR-419;157,000;158,000;1,000;18/04/2022;0;0;;53,750
MS;BR-419;158,000;159,000;1,000;18/04/2022;0;0;;38,750
MS;BR-419;159,000;160,000;1,000;18/04/2022;0;0;;23,750
MS;BR-419;160,000;161,000;1,000;18/04/2022;0;0;;33,750
MS;BR-419;161,000;162,000;1,000;18/04/2022;0;0;;23,750
MS;BR-419;162,000;163,000;1,000;18/04/2022;0;0;;31,250
MS;BR-419;163,000;164,000;1,000;18/04/2022;0;0;;43,750
MS;BR-419;164,000;165,000;1,000;18/04/2022;0;0;;31,250
MS;BR-419;165,000;166,000;1,000;18/04/2022;0;0;;31,250
MS;BR-419;166,000;167,000;1,000;18/04/2022;0;0;;36,250
MS;BR-419;167,000;168,000;1,000;18/04/2022;0;0;;23,750
MS;BR-419;168,000;169,000;1,000;18/04/2022;0;0;;43,750
MS;BR-419;169,000;170,000;1,000;18/04/2022;0;0;;36,250
MS;BR-419;170,000;171,000;1,000;18/04/2022;0;0;;36,250
MS;BR-419;171,000;172,000;1,000;18/04/2022;0;0;;36,250
MS;BR-419;172,000;173,000;1,000;18/04/2022;0;0;;36,250
MS;BR-419;173,000;174,000;1,000;18/04/2022;0;0;;51,250
MS;BR-419;174,000;175,000;1,000;18/04/2022;0;0;;26,250
MS;BR-419;175,000;176,000;1,000;18/04/2022;0;0;;30,000
MS;BR-419;176,000;177,000;1,000;18/04/2022;0;0;;33,750
MS;BR-419;177,000;178,000;1,000;18/04/2022;0;0;;55,000
MS;BR-419;178,000;179,000;1,000;18/04/2022;0;0;;58,750
MS;BR-419;179,000;180,000;1,000;18/04/2022;0;0;;23,750
MS;BR-419;180,000;181,000;1,000;18/04/2022;0;0;;36,250
MS;BR-419;181,000;182,000;1,000;18/04/2022;0;0;;55,000
MS;BR-419;182,000;183,000;1,000;18/04/2022;0;0;;45,000
MS;BR-419;183,000;184,000;1,000;18/04/2022;0;0;;57,500
MS;BR-419;184,000;185,000;1,000;18/04/2022;0;0;;22,500
MS;BR-419;185,000;186,000;1,000;18/04/2022;0;0;;22,500
MS;BR-419;186,000;187,000;1,000;18/04/2022;0;0;;50,000
MS;BR-419;187,000;188,000;1,000;18/04/2022;0;0;;22,500
MS;BR-419;188,000;189,000;1,000;18/04/2022;0;0;;30,000
MS;BR-419;189,000;190,000;1,000;18/04/2022;0;0;;57,500
MS;BR-419;190,000;191,000;1,000;18/04/2022;0;0;;46,250
MS;BR-419;191,000;192,000;1,000;18/04/2022;0;0;;35,000
MS;BR-419;192,000;193,000;1,000;18/04/2022;0;0;;35,000
MS;BR-419;193,000;194,000;1,000;18/04/2022;0;0;;22,500
MS;BR-419;194,000;195,000;1,000;18/04/2022;0;0;;35,000
MS;BR-419;195,000;196,000;1,000;18/04/2022;0;0;;22,500
MS;BR-419;196,000;197,000;1,000;18/04/2022;0;0;;22,500
MS;BR-419;197,000;198,000;1,000;18/04/2022;0;0;;22,500
MS;BR-419;198,000;199,000;1,000;18/04/2022;0;0;;22,500
MS;BR-419;199,000;200,000;1,000;18/04/2022;0;0;;25,000
MS;BR-419;200,000;201,000;1,000;18/04/2022;0;0;;22,500
MS;BR-419;201,000;202,000;1,000;18/04/2022;0;0;;22,500
MS;BR-419;202,000;203,000;1,000;18/04/2022;0;0;;42,500
MS;BR-419;203,000;204,000;1,000;18/04/2022;0;0;;57,500
MS;BR-419;204,000;205,000;1,000;18/04/2022;0;0;;22,500
MS;BR-419;205,000;206,000;1,000;18/04/2022;0;0;;32,500
MS;BR-419;206,000;207,000;1,000;18/04/2022;0;0;;22,500
MS;BR-419;207,000;208,000;1,000;18/04/2022;0;0;;32,500
MS;BR-419;208,000;209,000;1,000;18/04/2022;0;0;;22,500
MS;BR-419;209,000;210,000;1,000;18/04/2022;0;0;;22,500
MS;BR-419;210,000;211,000;1,000;18/04/2022;0;0;;32,500
MS;BR-419;211,000;212,000;1,000;18/04/2022;0;0;;25,000
MS;BR-419;212,000;213,000;1,000;18/04/2022;0;0;;22,500
MS;BR-419;213,000;214,000;1,000;18/04/2022;0;0;;37,500
MS;BR-419;214,000;215,000;1,000;18/04/2022;0;0;;32,500
MS;BR-419;215,000;216,000;1,000;18/04/2022;0;0;;30,000
MS;BR-419;216,000;217,000;1,000;18/04/2022;0;0;;43,750
MS;BR-419;217,000;218,000;1,000;18/04/2022;0;0;;25,000
MS;BR-419;218,000;219,000;1,000;18/04/2022;0;0;;40,000
MS;BR-419;219,000;220,000;1,000;18/04/2022;0;0;;32,500
MS;BR-419;220,000;221,000;1,000;18/04/2022;0;0;;30,000
MS;BR-419;221,000;222,000;1,000;18/04/2022;0;0;;25,000
MS;BR-419;222,000;223,000;1,000;18/04/2022;0;0;;22,500
MS;BR-419;223,000;224,000;1,000;18/04/2022;0;0;;32,500
MS;BR-419;224,000;225,000;1,000;18/04/2022;0;0;;22,500
MS;BR-419;225,000;226,000;1,000;18/04/2022;0;0;;22,500
MS;BR-419;226,000;227,000;1,000;18/04/2022;0;0;;22,500
MS;BR-419;227,000;228,000;1,000;18/04/2022;0;0;;25,000
MS;BR-419;228,000;229,000;1,000;18/04/2022;0;0;;22,500
MS;BR-419;229,000;230,000;1,000;18/04/2022;0;0;;32,500
MS;BR-419;230,000;231,000;1,000;18/04/2022;0;0;;22,500
GO;BR-080;277,500;278,000;0,500;20/04/2022;-14,0524378;-49,545922;;73,750
GO;BR-080;278,000;279,000;1,000;20/04/2022;-14,0524378;-49,545922;;77,500
GO;BR-080;279,000;280,000;1,000;20/04/2022;-14,0524378;-49,545922;;82,500
GO;BR-080;280,000;281,000;1,000;20/04/2022;-14,0524378;-49,545922;;88,750
GO;BR-080;281,000;282,000;1,000;20/04/2022;-14,0524378;-49,545922;;91,250
GO;BR-080;282,000;283,000;1,000;20/04/2022;-14,0524378;-49,545922;;91,250
RS;BR-470;88,400;89,000;0,600;27/04/2022;-28,2748175;-51,4720979;;60,000
RS;BR-470;89,000;90,000;1,000;27/04/2022;-28,2979223;-51,4616993;;21,250
RS;BR-470;90,000;91,000;1,000;27/04/2022;-28,3032935;-51,4658017;;43,750
RS;BR-470;91,000;92,000;1,000;27/04/2022;-28,3032935;-51,4658017;;51,250
RS;BR-470;92,000;93,000;1,000;27/04/2022;-28,3080402;-51,4665676;;42,500
RS;BR-470;93,000;94,000;1,000;27/04/2022;-28,2996224;-51,388401;;50,000
RS;BR-470;94,000;95,000;1,000;27/04/2022;-28,2996224;-51,388401;;62,500
RS;BR-470;95,000;96,000;1,000;27/04/2022;-28,2996224;-51,388401;;55,000
RS;BR-470;96,000;97,000;1,000;27/04/2022;-28,3116272;-51,3007206;;36,250
RS;BR-470;97,000;98,000;1,000;27/04/2022;-28,2996224;-51,388401;;33,750
RS;BR-470;98,000;99,000;1,000;27/04/2022;-28,2996224;-51,388401;;21,250
RS;BR-470;99,000;100,000;1,000;27/04/2022;-28,323632;-51,2130402;;15,000
RS;BR-470;100,000;101,000;1,000;27/04/2022;-28,3235936;-51,2478431;;43,750
RS;BR-470;101,000;102,000;1,000;27/04/2022;-28,323632;-51,2130402;;48,750
RS;BR-470;102,000;103,000;1,000;27/04/2022;-28,323632;-51,2130402;;30,000
RS;BR-470;103,000;104,000;1,000;27/04/2022;-28,323632;-51,2130402;;43,750
RS;BR-470;104,000;105,000;1,000;27/04/2022;-28,323632;-51,2130402;;50,000
RS;BR-470;105,000;106,000;1,000;27/04/2022;-28,2996224;-51,388401;;48,750
RS;BR-470;106,000;107,000;1,000;27/04/2022;-28,3013595;-51,473462;;57,500
RS;BR-470;107,000;108,000;1,000;27/04/2022;-28,3235936;-51,2478431;;47,500
RS;BR-470;108,000;109,000;1,000;27/04/2022;-28,3013595;-51,473462;;37,500
RS;BR-470;109,000;110,000;1,000;27/04/2022;-28,3013595;-51,473462;;22,500
RS;BR-470;110,000;111,000;1,000;27/04/2022;-28,3235936;-51,2478431;;37,500
RS;BR-470;111,000;112,000;1,000;27/04/2022;-28,4585241;-51,513452;;37,500
RS;BR-470;112,000;113,000;1,000;27/04/2022;-28,4585241;-51,513452;;55,000
RS;BR-470;113,000;114,000;1,000;27/04/2022;-28,3235936;-51,2478431;;60,000
RS;BR-470;114,000;115,000;1,000;27/04/2022;-28,4774322;-51,5239867;;27,500
RS;BR-470;115,000;116,000;1,000;27/04/2022;-28,4774322;-51,5239867;;45,000
RS;BR-470;116,000;117,000;1,000;27/04/2022;-28,3235936;-51,2478431;;52,500
RS;BR-470;117,000;118,000;1,000;27/04/2022;-28,3235936;-51,2478431;;38,750
RS;BR-470;118,000;119,000;1,000;27/04/2022;-28,323632;-51,2130402;;23,750
RS;BR-470;119,000;120,000;1,000;27/04/2022;-28,3235936;-51,2478431;;22,500
RS;BR-470;120,000;121,000;1,000;27/04/2022;-28,3235936;-51,2478431;;37,500
RS;BR-470;121,000;122,000;1,000;27/04/2022;-28,3235936;-51,2478431;;23,750
RS;BR-470;122,000;123,000;1,000;27/04/2022;-28,5480997;-51,6814233;;38,750
RS;BR-470;123,000;124,000;1,000;27/04/2022;-28,5809564;-51,6266368;;42,500
RS;BR-470;124,000;125,000;1,000;27/04/2022;-28,5480997;-51,6814233;;23,750
RS;BR-470;125,000;126,000;1,000;27/04/2022;-28,6043857;-51,5855144;;28,750
RS;BR-470;126,000;127,000;1,000;27/04/2022;-28,5377818;-51,6905091;;53,750
RS;BR-470;127,000;128,000;1,000;27/04/2022;-28,6043857;-51,5855144;;55,000
RS;BR-470;128,000;129,000;1,000;27/04/2022;-28,6043857;-51,5855144;;50,000
RS;BR-470;129,000;130,000;1,000;27/04/2022;-28,5913839;-51,5641408;;53,750
RS;BR-470;130,000;131,000;1,000;27/04/2022;-28,5913839;-51,5641408;;51,250
RS;BR-470;131,000;132,000;1,000;27/04/2022;-28,5913839;-51,5641408;;47,500
RS;BR-470;132,000;133,000;1,000;27/04/2022;-28,6043857;-51,5855144;;47,500
RS;BR-470;133,000;133,390;0,390;27/04/2022;-28,6043857;-51,5855144;;41,250
PE;BR-110;148,000;149,000;1,000;20/04/2022;-8,521962;-37,6847185;;50,000
PE;BR-110;149,000;150,000;1,000;20/04/2022;-8,521962;-37,6847185;;65,000
PE;BR-110;150,000;151,000;1,000;20/04/2022;-8,521962;-37,6847185;Poeira Baixa ;25,000
PE;BR-110;151,000;152,000;1,000;20/04/2022;-8,521962;-37,6847185;;25,000
PE;BR-110;152,000;153,000;1,000;20/04/2022;-8,5490755;-37,7113187;;25,000
PE;BR-110;153,000;154,000;1,000;20/04/2022;-8,5378172;-37,6993438;;32,500
PE;BR-110;154,000;155,000;1,000;20/04/2022;-8,5378172;-37,6993438;Poeira Baixa ;32,500
PE;BR-110;155,000;156,000;1,000;20/04/2022;-8,5378172;-37,6993438;;25,000
PE;BR-110;156,000;157,000;1,000;20/04/2022;-8,5378172;-37,6993438;;25,000
PE;BR-110;157,000;158,000;1,000;20/04/2022;-8,5378172;-37,6993438;;25,000
PE;BR-110;158,000;159,000;1,000;20/04/2022;-8,5378172;-37,6993438;;25,000
PE;BR-110;159,000;160,000;1,000;20/04/2022;-8,5378172;-37,6993438;;25,000
PE;BR-110;160,000;161,000;1,000;20/04/2022;-8,5378172;-37,6993438;;25,000
PE;BR-110;161,000;162,000;1,000;20/04/2022;-8,5378172;-37,6993438;;25,000
PE;BR-110;162,000;163,000;1,000;20/04/2022;-8,5378172;-37,6993438;;25,000
PE;BR-110;163,000;164,000;1,000;20/04/2022;-8,5177683;-37,6739888;;25,000
PE;BR-110;164,000;165,000;1,000;20/04/2022;-8,5177683;-37,6739888;;25,000
PE;BR-110;165,000;166,000;1,000;20/04/2022;-8,5177683;-37,6739888;;25,000
PE;BR-110;166,000;167,000;1,000;20/04/2022;-8,5177683;-37,6739888;;25,000
PE;BR-110;167,000;168,000;1,000;20/04/2022;-8,5177683;-37,6739888;;25,000
PE;BR-110;168,000;169,000;1,000;20/04/2022;-8,5177683;-37,6739888;;25,000
PE;BR-110;169,000;170,000;1,000;20/04/2022;-8,5177683;-37,6739888;;25,000
PE;BR-110;170,000;171,000;1,000;20/04/2022;-8,5177683;-37,6739888;;25,000
PE;BR-110;171,000;172,000;1,000;20/04/2022;-8,5177683;-37,6739888;;25,000
PE;BR-110;172,000;173,000;1,000;20/04/2022;-8,5177683;-37,6739888;;25,000
PE;BR-110;173,000;174,000;1,000;20/04/2022;-8,5177683;-37,6739888;;25,000
PE;BR-110;174,000;175,000;1,000;20/04/2022;-8,5320552;-37,6953554;;25,000
PE;BR-110;175,000;176,000;1,000;20/04/2022;-8,5320552;-37,6953554;;25,000
PE;BR-110;176,000;177,000;1,000;20/04/2022;-8,5320552;-37,6953554;;25,000
PE;BR-110;177,000;178,000;1,000;20/04/2022;-8,532884;-37,6930287;;25,000
PE;BR-110;178,000;179,000;1,000;20/04/2022;-8,532884;-37,6930287;;25,000
PE;BR-110;179,000;180,000;1,000;20/04/2022;-8,532884;-37,6930287;;25,000
PE;BR-110;180,000;181,000;1,000;20/04/2022;-8,532884;-37,6930287;;25,000
PE;BR-110;181,000;182,000;1,000;20/04/2022;-8,532884;-37,6930287;;25,000
PE;BR-110;182,000;183,000;1,000;20/04/2022;-8,532884;-37,6930287;;25,000
PE;BR-110;183,000;184,000;1,000;20/04/2022;-8,532884;-37,6930287;;25,000
PE;BR-110;184,000;185,000;1,000;20/04/2022;-8,8851976;-37,8266357;;25,000
PE;BR-110;185,000;186,000;1,000;20/04/2022;-8,8851976;-37,8266357;;25,000
PE;BR-110;186,000;187,000;1,000;20/04/2022;-8,8851976;-37,8266357;;25,000
PE;BR-110;187,000;188,000;1,000;20/04/2022;-8,8851976;-37,8266357;;25,000
PE;BR-110;188,000;189,000;1,000;20/04/2022;-8,8851976;-37,8266357;;26,250
PE;BR-110;189,000;190,000;1,000;20/04/2022;-8,8851976;-37,8266357;Poeira Média ;26,250
PE;BR-110;190,000;191,000;1,000;20/04/2022;-8,8851976;-37,8266357;;26,250
PE;BR-110;191,000;192,000;1,000;20/04/2022;-8,8851976;-37,8266357;;26,250
PE;BR-110;192,000;193,000;1,000;20/04/2022;-8,8851976;-37,8266357;;0,000
PE;BR-110;193,000;194,000;1,000;20/04/2022;-8,8851976;-37,8266357;;2,500
PE;BR-110;194,000;195,000;1,000;20/04/2022;-8,8851976;-37,8266357;;3,750
PE;BR-110;195,000;196,000;1,000;20/04/2022;-8,8851976;-37,8266357;Poeira Média ;3,750
PE;BR-110;196,000;197,000;1,000;20/04/2022;-8,8851976;-37,8266357;;26,250
PE;BR-110;197,000;198,000;1,000;20/04/2022;-8,8851976;-37,8266357;;18,750
PE;BR-110;198,000;199,000;1,000;20/04/2022;-8,8851976;-37,8266357;;18,750
PE;BR-110;199,000;200,000;1,000;20/04/2022;-8,8851976;-37,8266357;;18,750
PE;BR-110;200,000;201,000;1,000;20/04/2022;-8,8851976;-37,8266357;;18,750
PE;BR-110;201,000;202,000;1,000;20/04/2022;-8,8851976;-37,8266357;;18,750
PE;BR-110;202,000;203,000;1,000;20/04/2022;-8,8851976;-37,8266357;;18,750
PE;BR-110;203,000;204,000;1,000;20/04/2022;-8,8851976;-37,8266357;;18,750
PE;BR-110;204,000;205,000;1,000;20/04/2022;-8,8851976;-37,8266357;;18,750
PE;BR-110;205,000;206,000;1,000;20/04/2022;-8,8851976;-37,8266357;;18,750
PE;BR-110;206,000;207,000;1,000;20/04/2022;-8,8851976;-37,8266357;;18,750
PE;BR-110;207,000;208,000;1,000;20/04/2022;-8,8851976;-37,8266357;;18,750
PE;BR-110;208,000;209,000;1,000;20/04/2022;-8,8851976;-37,8266357;;18,750
PE;BR-110;209,000;210,000;1,000;20/04/2022;-8,8851976;-37,8266357;;18,750
PE;BR-110;210,000;211,000;1,000;20/04/2022;-8,8851976;-37,8266357;;18,750
PE;BR-110;211,000;212,000;1,000;20/04/2022;-8,8851976;-37,8266357;;18,750
PE;BR-110;212,000;213,000;1,000;20/04/2022;-8,8851976;-37,8266357;;18,750
PE;BR-110;213,000;214,000;1,000;20/04/2022;-8,8851976;-37,8266357;;18,750
PE;BR-110;214,000;215,000;1,000;20/04/2022;-8,8851976;-37,8266357;;18,750
PE;BR-110;215,000;216,000;1,000;20/04/2022;-8,8851976;-37,8266357;;18,750
PE;BR-110;216,000;217,000;1,000;20/04/2022;-8,8851976;-37,8266357;;18,750
PE;BR-110;217,000;218,000;1,000;20/04/2022;-8,9733034;-38,2132379;;26,250
PE;BR-110;218,000;219,000;1,000;20/04/2022;-8,9733034;-38,2132379;;18,750
PE;BR-110;219,000;220,000;1,000;20/04/2022;-8,9733034;-38,2132379;;18,750
PE;BR-316;434,700;433,000;1,700;20/04/2022;-8,8851976;-37,8266357;;25,000
PE;BR-316;433,000;432,000;1,000;20/04/2022;-8,8851976;-37,8266357;;26,250
PE;BR-316;432,000;431,000;1,000;20/04/2022;-8,8851976;-37,8266357;;26,250
PE;BR-316;431,000;430,000;1,000;20/04/2022;-8,8851976;-37,8266357;;26,250
PE;BR-316;430,000;429,000;1,000;20/04/2022;-8,8851976;-37,8266357;;26,250
PE;BR-316;429,000;428,000;1,000;20/04/2022;-8,8851976;-37,8266357;;26,250
PE;BR-316;428,000;427,000;1,000;20/04/2022;-8,8851976;-37,8266357;Poeira Média ;26,250
PE;BR-316;427,000;426,000;1,000;20/04/2022;-8,8851976;-37,8266357;;26,250
PE;BR-316;426,000;425,000;1,000;20/04/2022;-8,8851976;-37,8266357;;26,250
PE;BR-316;425,000;424,000;1,000;20/04/2022;-8,8851976;-37,8266357;;26,250
PE;BR-316;424,000;423,000;1,000;20/04/2022;-8,8851976;-37,8266357;;26,250
PE;BR-316;423,000;422,000;1,000;20/04/2022;-8,8851976;-37,8266357;;26,250
PE;BR-316;422,000;421,000;1,000;20/04/2022;-8,8851976;-37,8266357;;18,750
PE;BR-316;421,000;420,000;1,000;20/04/2022;-8,8851976;-37,8266357;;18,750
PE;BR-316;420,000;419,000;1,000;20/04/2022;-8,8851976;-37,8266357;;3,750
PE;BR-316;419,000;418,000;1,000;20/04/2022;-8,8851976;-37,8266357;Poeira Média ;3,750
PE;BR-316;418,000;417,000;1,000;20/04/2022;-8,8851976;-37,8266357;;3,750
PE;BR-316;417,000;416,000;1,000;20/04/2022;-8,8851976;-37,8266357;;18,750
PE;BR-316;416,000;415,000;1,000;20/04/2022;-8,8851976;-37,8266357;;18,750
PE;BR-316;415,000;414,000;1,000;20/04/2022;-8,8851976;-37,8266357;;3,750
PE;BR-316;414,000;413,000;1,000;20/04/2022;-8,8851976;-37,8266357;;18,750
PE;BR-316;413,000;412,000;1,000;20/04/2022;-8,8851976;-37,8266357;;18,750
PE;BR-316;412,000;411,000;1,000;20/04/2022;-8,8851976;-37,8266357;;18,750
PE;BR-316;411,000;410,000;1,000;20/04/2022;-8,8851976;-37,8266357;;26,250
PE;BR-316;410,000;409,000;1,000;20/04/2022;-8,8851976;-37,8266357;;18,750
AM;BR-230;609,200;608,000;1,200;25/04/2022;0;0;;86,250
AM;BR-230;608,000;607,000;1,000;25/04/2022;0;0;;86,250
AM;BR-230;607,000;606,000;1,000;25/04/2022;0;0;;76,250
AM;BR-230;606,000;605,000;1,000;25/04/2022;0;0;;88,750
AM;BR-230;605,000;604,000;1,000;25/04/2022;0;0;;88,750
AM;BR-230;604,000;603,000;1,000;25/04/2022;0;0;;88,750
AM;BR-230;603,000;602,000;1,000;25/04/2022;0;0;;92,500
AM;BR-230;602,000;601,000;1,000;25/04/2022;0;0;;92,500
AM;BR-230;601,000;600,000;1,000;25/04/2022;0;0;;92,500
AM;BR-230;600,000;599,000;1,000;25/04/2022;0;0;;92,500
AM;BR-230;599,000;598,000;1,000;25/04/2022;0;0;;92,500
AM;BR-230;598,000;597,000;1,000;25/04/2022;0;0;;92,500
AM;BR-230;597,000;596,000;1,000;25/04/2022;0;0;;92,500
AM;BR-230;596,000;595,000;1,000;25/04/2022;0;0;;97,500
AM;BR-230;595,000;594,000;1,000;25/04/2022;0;0;;97,500
AM;BR-230;594,000;593,000;1,000;25/04/2022;0;0;;97,500
AM;BR-230;593,000;592,000;1,000;25/04/2022;0;0;;97,500
AM;BR-230;592,000;591,000;1,000;25/04/2022;0;0;;87,500
AM;BR-230;591,000;590,000;1,000;25/04/2022;0;0;;90,000
AM;BR-230;590,000;589,000;1,000;25/04/2022;0;0;;95,000
AM;BR-230;589,000;588,000;1,000;25/04/2022;0;0;;92,500
AM;BR-230;588,000;587,000;1,000;25/04/2022;0;0;;88,750
AM;BR-230;587,000;586,000;1,000;25/04/2022;0;0;;88,750
AM;BR-230;586,000;585,000;1,000;25/04/2022;0;0;;88,750
AM;BR-230;585,000;584,000;1,000;25/04/2022;0;0;;88,750
AM;BR-230;584,000;583,000;1,000;25/04/2022;0;0;;87,500
AM;BR-230;583,000;582,000;1,000;25/04/2022;0;0;;91,250
AM;BR-230;582,000;581,000;1,000;25/04/2022;0;0;;95,000
AM;BR-230;581,000;580,000;1,000;25/04/2022;0;0;;91,250
AM;BR-230;580,000;579,000;1,000;25/04/2022;0;0;;83,750
AM;BR-230;579,000;578,000;1,000;25/04/2022;0;0;;90,000
AM;BR-230;578,000;577,000;1,000;25/04/2022;0;0;;90,000
AM;BR-230;577,000;576,000;1,000;25/04/2022;0;0;;90,000
AM;BR-230;576,000;575,000;1,000;25/04/2022;0;0;;93,750
AM;BR-230;575,000;574,000;1,000;25/04/2022;0;0;;86,250
AM;BR-230;574,000;573,000;1,000;25/04/2022;0;0;;90,000
AM;BR-230;573,000;572,000;1,000;25/04/2022;0;0;;87,500
AM;BR-230;572,000;571,000;1,000;25/04/2022;0;0;;92,500
AM;BR-230;571,000;570,000;1,000;25/04/2022;0;0;;88,750
AM;BR-230;570,000;569,000;1,000;25/04/2022;0;0;;87,500
AM;BR-230;569,000;568,000;1,000;25/04/2022;0;0;;88,750
AM;BR-230;568,000;567,000;1,000;25/04/2022;0;0;;91,250
AM;BR-230;567,000;566,000;1,000;25/04/2022;0;0;;91,250
AM;BR-230;566,000;565,000;1,000;25/04/2022;0;0;;93,750
AM;BR-230;565,000;564,000;1,000;25/04/2022;0;0;;95,000
AM;BR-230;564,000;563,000;1,000;25/04/2022;0;0;;95,000
AM;BR-230;563,000;562,000;1,000;25/04/2022;0;0;;87,500
AM;BR-230;562,000;561,000;1,000;25/04/2022;0;0;;90,000
AM;BR-230;561,000;560,000;1,000;25/04/2022;0;0;;90,000
AM;BR-230;560,000;559,000;1,000;25/04/2022;0;0;;86,250
AM;BR-230;559,000;558,000;1,000;25/04/2022;0;0;;88,750
AM;BR-230;558,000;557,000;1,000;25/04/2022;0;0;;91,250
AM;BR-230;557,000;556,000;1,000;25/04/2022;0;0;;91,250
AM;BR-230;556,000;555,000;1,000;25/04/2022;0;0;;80,000
AM;BR-230;555,000;554,000;1,000;25/04/2022;0;0;;91,250
AM;BR-230;554,000;553,000;1,000;25/04/2022;0;0;;91,250
AM;BR-230;553,000;552,000;1,000;25/04/2022;0;0;;88,750
AM;BR-230;552,000;551,000;1,000;25/04/2022;0;0;;86,250
AM;BR-230;551,000;550,000;1,000;25/04/2022;0;0;;86,250
AM;BR-230;550,000;549,000;1,000;25/04/2022;0;0;;86,250
AM;BR-230;549,000;548,000;1,000;25/04/2022;0;0;;90,000
AM;BR-230;548,000;547,000;1,000;25/04/2022;0;0;;86,250
AM;BR-230;547,000;546,000;1,000;25/04/2022;0;0;;87,500
AM;BR-230;546,000;545,000;1,000;25/04/2022;0;0;;96,250
AM;BR-230;545,000;544,000;1,000;25/04/2022;0;0;;85,000
AM;BR-230;544,000;543,000;1,000;25/04/2022;0;0;;85,000
AM;BR-230;543,000;542,000;1,000;25/04/2022;0;0;;96,250
AM;BR-230;542,000;541,000;1,000;25/04/2022;0;0;;92,500
AM;BR-230;541,000;540,000;1,000;25/04/2022;0;0;;98,750
AM;BR-230;540,000;539,000;1,000;25/04/2022;0;0;;93,750
AM;BR-230;539,000;538,000;1,000;25/04/2022;0;0;;90,000
AM;BR-230;538,000;537,000;1,000;25/04/2022;0;0;;87,500
AM;BR-230;537,000;536,000;1,000;25/04/2022;0;0;;90,000
AM;BR-230;536,000;535,000;1,000;25/04/2022;0;0;;90,000
AM;BR-230;535,000;534,000;1,000;25/04/2022;0;0;;93,750
AM;BR-230;534,000;533,000;1,000;25/04/2022;0;0;;93,750
AM;BR-230;533,000;532,000;1,000;25/04/2022;0;0;;78,750
AM;BR-230;532,000;531,000;1,000;25/04/2022;0;0;;93,750
AM;BR-230;531,000;530,000;1,000;25/04/2022;0;0;;97,500
AM;BR-230;530,000;529,000;1,000;25/04/2022;0;0;;97,500
AM;BR-230;529,000;528,000;1,000;25/04/2022;0;0;;97,500
AM;BR-230;528,000;527,000;1,000;25/04/2022;0;0;;93,750
AM;BR-230;527,000;526,000;1,000;25/04/2022;0;0;;93,750
AM;BR-230;526,000;525,000;1,000;25/04/2022;0;0;;82,500
AM;BR-230;525,000;524,000;1,000;25/04/2022;0;0;;81,250
AM;BR-230;524,000;523,000;1,000;25/04/2022;0;0;;83,750
AM;BR-230;523,000;522,000;1,000;25/04/2022;0;0;;78,750
AM;BR-230;522,000;521,000;1,000;25/04/2022;0;0;;83,750
AM;BR-230;521,000;520,000;1,000;25/04/2022;0;0;;67,500
AM;BR-230;520,000;519,000;1,000;25/04/2022;0;0;;73,750
AM;BR-230;519,000;518,000;1,000;25/04/2022;0;0;;76,250
AM;BR-230;518,000;517,000;1,000;25/04/2022;0;0;;67,500
AM;BR-230;517,000;516,300;0,700;25/04/2022;0;0;;50,000
AM;BR-230;516,300;515,000;1,300;25/04/2022;0;0;;50,000
AM;BR-230;516,300;515,000;1,300;25/04/2022;0;0;;56,250
AM;BR-230;515,000;514,000;1,000;25/04/2022;0;0;;68,750
AM;BR-230;514,000;513,000;1,000;25/04/2022;0;0;;68,750
AM;BR-230;513,000;512,000;1,000;25/04/2022;0;0;;68,750
AM;BR-230;512,000;511,000;1,000;25/04/2022;0;0;;77,500
AM;BR-230;511,000;510,000;1,000;25/04/2022;0;0;;83,750
AM;BR-230;510,000;509,000;1,000;25/04/2022;0;0;;76,250
AM;BR-230;509,000;508,000;1,000;25/04/2022;0;0;;76,250
AM;BR-230;508,000;507,000;1,000;25/04/2022;0;0;;68,750
AM;BR-230;507,000;506,000;1,000;25/04/2022;0;0;;68,750
AM;BR-230;506,000;505,000;1,000;25/04/2022;0;0;;68,750
AM;BR-230;505,000;504,000;1,000;25/04/2022;0;0;;51,250
AM;BR-230;504,000;503,000;1,000;25/04/2022;0;0;;51,250
AM;BR-230;503,000;502,000;1,000;25/04/2022;0;0;;56,250
AM;BR-230;502,000;501,000;1,000;25/04/2022;0;0;;73,750
AM;BR-230;501,000;500,000;1,000;25/04/2022;0;0;;66,250
AM;BR-230;500,000;499,000;1,000;25/04/2022;0;0;;38,750
AM;BR-230;499,000;498,000;1,000;25/04/2022;0;0;;50,000
AM;BR-230;498,000;497,000;1,000;25/04/2022;0;0;;82,500
AM;BR-230;497,000;496,000;1,000;25/04/2022;0;0;;56,250
AM;BR-230;496,000;495,000;1,000;25/04/2022;0;0;;63,750
AM;BR-230;495,000;494,000;1,000;25/04/2022;0;0;;56,250
AM;BR-230;494,000;493,000;1,000;25/04/2022;0;0;;80,000
AM;BR-230;493,000;492,000;1,000;25/04/2022;0;0;;78,750
AM;BR-230;492,000;491,000;1,000;25/04/2022;0;0;;90,000
AM;BR-230;491,000;490,000;1,000;25/04/2022;0;0;;47,500
AM;BR-230;490,000;489,000;1,000;25/04/2022;0;0;;45,000
AM;BR-230;489,000;488,000;1,000;25/04/2022;0;0;;55,000
AM;BR-230;488,000;487,000;1,000;25/04/2022;0;0;;72,500
AM;BR-230;487,000;486,000;1,000;25/04/2022;0;0;;97,500
AM;BR-230;486,000;485,000;1,000;25/04/2022;0;0;;71,250
AM;BR-230;485,000;484,000;1,000;25/04/2022;0;0;;40,000
AM;BR-230;484,000;483,000;1,000;25/04/2022;0;0;;51,250
AM;BR-230;483,000;482,000;1,000;25/04/2022;0;0;;87,500
AM;BR-230;482,000;481,000;1,000;25/04/2022;0;0;;97,500
AM;BR-230;481,000;480,000;1,000;25/04/2022;0;0;;93,750
AM;BR-230;480,000;479,000;1,000;25/04/2022;0;0;;90,000
AM;BR-230;479,000;478,000;1,000;25/04/2022;0;0;;97,500
AM;BR-230;478,000;477,000;1,000;25/04/2022;0;0;;87,500
AM;BR-230;477,000;476,000;1,000;25/04/2022;0;0;;87,500
AM;BR-230;476,000;475,000;1,000;25/04/2022;0;0;;85,000
AM;BR-230;475,000;474,000;1,000;25/04/2022;0;0;;88,750
AM;BR-230;474,000;473,000;1,000;25/04/2022;0;0;;91,250
AM;BR-230;473,000;472,000;1,000;25/04/2022;0;0;;93,750
AM;BR-230;472,000;471,000;1,000;25/04/2022;0;0;;97,500
AM;BR-230;471,000;470,000;1,000;25/04/2022;0;0;;97,500
AM;BR-230;470,000;469,000;1,000;25/04/2022;0;0;;95,000
AM;BR-230;469,000;468,000;1,000;25/04/2022;0;0;;95,000
AM;BR-230;468,000;467,000;1,000;25/04/2022;0;0;;81,250
AM;BR-230;467,000;466,000;1,000;25/04/2022;0;0;;95,000
AM;BR-230;466,000;465,000;1,000;25/04/2022;0;0;;92,500
AM;BR-230;465,000;464,000;1,000;25/04/2022;0;0;;92,500
AM;BR-230;464,000;463,000;1,000;25/04/2022;0;0;;95,000
AM;BR-230;463,000;462,000;1,000;25/04/2022;0;0;;95,000
AM;BR-230;462,000;461,000;1,000;25/04/2022;0;0;;95,000
AM;BR-230;461,000;460,000;1,000;25/04/2022;0;0;;95,000
AM;BR-230;460,000;459,000;1,000;25/04/2022;0;0;;95,000
AM;BR-230;459,000;458,000;1,000;25/04/2022;0;0;;92,500
AM;BR-230;458,000;457,000;1,000;25/04/2022;0;0;;95,000
AM;BR-230;457,000;456,000;1,000;25/04/2022;0;0;;95,000
AM;BR-230;456,000;455,000;1,000;25/04/2022;0;0;;95,000
AM;BR-230;455,000;454,000;1,000;25/04/2022;0;0;;95,000
AM;BR-230;454,000;453,000;1,000;25/04/2022;0;0;;95,000
AM;BR-230;453,000;452,000;1,000;25/04/2022;0;0;;95,000
AM;BR-230;452,000;451,000;1,000;25/04/2022;0;0;;95,000
AM;BR-230;451,000;450,000;1,000;25/04/2022;0;0;;95,000
AM;BR-230;450,000;449,000;1,000;25/04/2022;0;0;;95,000
AM;BR-230;449,000;448,000;1,000;25/04/2022;0;0;;95,000
AM;BR-230;448,000;447,000;1,000;25/04/2022;0;0;;95,000
AM;BR-230;447,000;446,000;1,000;25/04/2022;0;0;;95,000
AM;BR-230;446,000;445,000;1,000;25/04/2022;0;0;;95,000
AM;BR-230;445,000;444,000;1,000;25/04/2022;0;0;;88,750
AM;BR-230;444,000;443,000;1,000;25/04/2022;0;0;;97,500
AM;BR-230;443,000;442,000;1,000;25/04/2022;0;0;;95,000
AM;BR-230;442,000;441,000;1,000;25/04/2022;0;0;;88,750
AM;BR-230;441,000;440,000;1,000;25/04/2022;0;0;;95,000
AM;BR-230;440,000;439,000;1,000;25/04/2022;0;0;;97,500
AM;BR-230;439,000;438,000;1,000;25/04/2022;0;0;;97,500
AM;BR-230;438,000;437,000;1,000;25/04/2022;0;0;;97,500
AM;BR-230;437,000;436,000;1,000;25/04/2022;0;0;;97,500
AM;BR-230;436,000;435,000;1,000;25/04/2022;0;0;;98,750
AM;BR-230;435,000;434,000;1,000;25/04/2022;0;0;;98,750
AM;BR-230;434,000;433,000;1,000;25/04/2022;0;0;;97,500
AM;BR-230;433,000;432,000;1,000;25/04/2022;0;0;;97,500
AM;BR-230;432,000;431,000;1,000;25/04/2022;0;0;;97,500
AM;BR-230;431,000;430,000;1,000;25/04/2022;0;0;;98,750
AM;BR-230;430,000;429,000;1,000;25/04/2022;0;0;;95,000
AM;BR-230;429,000;428,000;1,000;25/04/2022;0;0;;97,500
AM;BR-230;428,000;427,000;1,000;25/04/2022;0;0;;90,000
AM;BR-230;427,000;426,000;1,000;25/04/2022;0;0;;95,000
AM;BR-230;426,000;425,000;1,000;25/04/2022;0;0;;97,500
AM;BR-230;425,000;424,000;1,000;25/04/2022;0;0;;95,000
AM;BR-230;424,000;423,000;1,000;25/04/2022;0;0;;86,250
AM;BR-230;423,000;422,000;1,000;25/04/2022;0;0;;95,000
AM;BR-230;422,000;421,000;1,000;25/04/2022;0;0;;95,000
AM;BR-230;421,000;420,000;1,000;25/04/2022;0;0;;95,000
AM;BR-230;420,000;419,000;1,000;25/04/2022;0;0;;97,500
AM;BR-230;419,000;418,000;1,000;25/04/2022;0;0;;97,500
AM;BR-230;418,000;417,000;1,000;25/04/2022;0;0;;97,500
AM;BR-230;417,000;416,000;1,000;25/04/2022;0;0;;93,750
AM;BR-230;416,000;415,000;1,000;25/04/2022;0;0;;97,500
AM;BR-230;415,000;414,000;1,000;25/04/2022;0;0;;93,750
AM;BR-230;414,000;413,000;1,000;25/04/2022;0;0;;98,750
AM;BR-230;413,000;412,000;1,000;25/04/2022;0;0;;93,750
AM;BR-230;412,000;411,000;1,000;25/04/2022;0;0;;98,750
AM;BR-230;411,000;410,000;1,000;25/04/2022;0;0;;97,500
AM;BR-230;410,000;409,000;1,000;25/04/2022;0;0;;97,500
AM;BR-230;409,000;408,000;1,000;25/04/2022;0;0;;97,500
AM;BR-230;408,000;407,000;1,000;25/04/2022;0;0;;97,500
AM;BR-230;407,000;406,000;1,000;25/04/2022;0;0;;85,000
AM;BR-230;406,000;405,000;1,000;25/04/2022;0;0;;87,500
AM;BR-230;405,000;404,000;1,000;25/04/2022;0;0;;87,500
AM;BR-230;404,000;403,000;1,000;25/04/2022;0;0;;81,250
AM;BR-230;403,000;402,000;1,000;25/04/2022;0;0;;88,750
AM;BR-230;402,000;401,000;1,000;25/04/2022;0;0;;87,500
AM;BR-230;401,000;400,600;0,400;25/04/2022;0;0;;95,000
AM;BR-230;400,600;399,000;1,600;25/04/2022;0;0;;97,500
AM;BR-230;400,600;399,000;1,600;25/04/2022;0;0;;73,750
AM;BR-230;399,000;398,000;1,000;25/04/2022;0;0;;52,500
AM;BR-230;398,000;397,000;1,000;25/04/2022;0;0;;48,750
AM;BR-230;397,000;396,000;1,000;25/04/2022;0;0;;52,500
AM;BR-230;396,000;395,000;1,000;25/04/2022;0;0;;57,500
AM;BR-230;395,000;394,000;1,000;25/04/2022;0;0;;68,750
AM;BR-230;394,000;393,000;1,000;25/04/2022;0;0;;71,250
AM;BR-230;393,000;392,000;1,000;25/04/2022;0;0;;48,750
AM;BR-230;392,000;391,000;1,000;25/04/2022;0;0;;30,000
AM;BR-230;391,000;390,000;1,000;25/04/2022;0;0;;50,000
AM;BR-230;390,000;389,000;1,000;25/04/2022;0;0;;57,500
AM;BR-230;389,000;388,000;1,000;25/04/2022;0;0;;83,750
AM;BR-230;388,000;387,000;1,000;25/04/2022;0;0;;70,000
AM;BR-230;387,000;386,000;1,000;25/04/2022;0;0;;82,500
AM;BR-230;386,000;385,000;1,000;25/04/2022;0;0;;86,250
AM;BR-230;385,000;384,000;1,000;25/04/2022;0;0;;95,000
AM;BR-230;384,000;383,000;1,000;25/04/2022;0;0;;91,250
AM;BR-230;383,000;382,000;1,000;25/04/2022;0;0;;87,500
AM;BR-230;382,000;381,000;1,000;25/04/2022;0;0;;91,250
AM;BR-230;381,000;380,000;1,000;25/04/2022;0;0;;85,000
AM;BR-230;380,000;379,000;1,000;25/04/2022;0;0;;97,500
AM;BR-230;379,000;378,000;1,000;25/04/2022;0;0;;78,750
AM;BR-230;378,000;377,000;1,000;25/04/2022;0;0;;85,000
AM;BR-230;377,000;376,000;1,000;25/04/2022;0;0;;77,500
AM;BR-230;376,000;375,000;1,000;25/04/2022;0;0;;77,500
AM;BR-230;375,000;374,000;1,000;25/04/2022;0;0;;65,000
AM;BR-230;374,000;373,000;1,000;25/04/2022;0;0;;96,250
AM;BR-230;373,000;372,000;1,000;25/04/2022;0;0;;67,500
AM;BR-230;372,000;371,000;1,000;25/04/2022;0;0;;70,000
AM;BR-230;371,000;370,000;1,000;25/04/2022;0;0;;97,500
AM;BR-230;370,000;369,000;1,000;25/04/2022;0;0;;100,000
AM;BR-230;369,000;368,000;1,000;25/04/2022;0;0;;86,250
AM;BR-230;368,000;367,000;1,000;25/04/2022;0;0;;96,250
AM;BR-230;367,000;366,000;1,000;25/04/2022;0;0;;88,750
AM;BR-230;366,000;365,000;1,000;25/04/2022;0;0;;92,500
AM;BR-230;365,000;364,000;1,000;25/04/2022;0;0;;85,000
AM;BR-230;364,000;363,000;1,000;25/04/2022;0;0;;92,500
AM;BR-230;363,000;362,000;1,000;25/04/2022;0;0;;85,000
AM;BR-230;362,000;361,000;1,000;25/04/2022;0;0;;98,750
AM;BR-230;361,000;360,000;1,000;25/04/2022;0;0;;81,250
AM;BR-230;360,000;359,000;1,000;25/04/2022;0;0;;96,250
AM;BR-230;359,000;358,000;1,000;25/04/2022;0;0;;100,000
AM;BR-230;358,000;357,000;1,000;25/04/2022;0;0;;100,000
AM;BR-230;357,000;356,000;1,000;25/04/2022;0;0;;98,750
AM;BR-230;356,000;355,000;1,000;25/04/2022;0;0;;100,000
AM;BR-230;355,000;354,000;1,000;25/04/2022;0;0;;78,750
AM;BR-230;354,000;353,000;1,000;25/04/2022;0;0;;100,000
AM;BR-230;353,000;352,000;1,000;25/04/2022;0;0;;92,500
AM;BR-230;352,000;351,000;1,000;25/04/2022;0;0;;100,000
AM;BR-230;351,000;350,000;1,000;25/04/2022;0;0;;96,250
AM;BR-230;350,000;349,000;1,000;25/04/2022;0;0;;97,500
AM;BR-230;349,000;348,000;1,000;25/04/2022;0;0;;97,500
AM;BR-230;348,000;347,000;1,000;25/04/2022;0;0;;91,250
AM;BR-230;347,000;346,000;1,000;25/04/2022;0;0;;97,500
AM;BR-230;346,000;345,000;1,000;25/04/2022;0;0;;91,250
AM;BR-230;345,000;344,000;1,000;25/04/2022;0;0;;97,500
AM;BR-230;344,000;343,000;1,000;25/04/2022;0;0;;97,500
AM;BR-230;343,000;342,000;1,000;25/04/2022;0;0;;82,500
AM;BR-230;342,000;341,000;1,000;25/04/2022;0;0;;95,000
AM;BR-230;341,000;340,000;1,000;25/04/2022;0;0;;98,750
AM;BR-230;340,000;339,000;1,000;25/04/2022;0;0;;97,500
AM;BR-230;339,000;338,000;1,000;25/04/2022;0;0;;97,500
AM;BR-230;338,000;337,000;1,000;25/04/2022;0;0;;97,500
AM;BR-230;337,000;336,000;1,000;25/04/2022;0;0;;95,000
AM;BR-230;336,000;335,000;1,000;25/04/2022;0;0;;95,000
AM;BR-230;335,000;334,000;1,000;25/04/2022;0;0;;98,750
AM;BR-230;334,000;333,000;1,000;25/04/2022;0;0;;98,750
AM;BR-230;333,000;332,000;1,000;25/04/2022;0;0;;98,750
AM;BR-230;332,000;331,000;1,000;25/04/2022;0;0;;98,750
AM;BR-230;331,000;330,000;1,000;25/04/2022;0;0;;97,500
AM;BR-230;330,000;329,000;1,000;25/04/2022;0;0;;97,500
AM;BR-230;329,000;328,000;1,000;25/04/2022;0;0;;97,500
AM;BR-230;328,000;327,000;1,000;25/04/2022;0;0;;95,000
AM;BR-230;327,000;326,000;1,000;25/04/2022;0;0;;95,000
AM;BR-230;326,000;325,000;1,000;25/04/2022;0;0;;95,000
AM;BR-230;325,000;324,000;1,000;25/04/2022;0;0;;97,500
AM;BR-230;324,000;323,000;1,000;25/04/2022;0;0;;98,750
AM;BR-230;323,000;322,000;1,000;25/04/2022;0;0;;95,000
AM;BR-230;322,000;321,000;1,000;25/04/2022;0;0;;98,750
AM;BR-230;321,000;320,000;1,000;25/04/2022;0;0;;98,750
AM;BR-230;320,000;319,000;1,000;25/04/2022;0;0;;86,250
AM;BR-230;319,000;318,000;1,000;25/04/2022;0;0;;93,750
AM;BR-230;318,000;317,000;1,000;25/04/2022;0;0;;97,500
AM;BR-230;317,000;316,000;1,000;25/04/2022;0;0;;93,750
AM;BR-230;316,000;315,000;1,000;25/04/2022;0;0;;90,000
AM;BR-230;315,000;314,800;0,200;25/04/2022;0;0;;77,500
AM;BR-230;314,400;313,000;1,400;25/04/2022;0;0;;96,250
AM;BR-230;313,000;312,000;1,000;25/04/2022;0;0;;95,000
AM;BR-230;312,000;311,000;1,000;25/04/2022;0;0;;91,250
AM;BR-230;311,000;310,000;1,000;25/04/2022;0;0;;95,000
AM;BR-230;310,000;309,000;1,000;25/04/2022;0;0;;87,500
AM;BR-230;309,000;308,000;1,000;25/04/2022;0;0;;88,750
AM;BR-230;308,000;307,000;1,000;25/04/2022;0;0;;88,750
AM;BR-230;307,000;306,000;1,000;25/04/2022;0;0;;98,750
AM;BR-230;306,000;305,000;1,000;25/04/2022;0;0;;95,000
AM;BR-230;305,000;304,000;1,000;25/04/2022;0;0;;90,000
AM;BR-230;304,000;303,000;1,000;25/04/2022;0;0;;92,500
AM;BR-230;303,000;302,000;1,000;25/04/2022;0;0;;97,500
AM;BR-230;302,000;301,000;1,000;25/04/2022;0;0;;88,750
AM;BR-230;301,000;300,000;1,000;25/04/2022;0;0;;97,500
AM;BR-230;300,000;299,000;1,000;25/04/2022;0;0;;97,500
AM;BR-230;299,000;298,000;1,000;25/04/2022;0;0;;97,500
AM;BR-230;298,000;297,000;1,000;25/04/2022;0;0;;86,250
AM;BR-230;297,000;296,000;1,000;25/04/2022;0;0;;90,000
AM;BR-230;296,000;295,000;1,000;25/04/2022;0;0;;90,000
AM;BR-230;295,000;294,000;1,000;25/04/2022;0;0;;92,500
AM;BR-230;294,000;293,000;1,000;25/04/2022;0;0;;93,750
AM;BR-230;293,000;292,000;1,000;25/04/2022;0;0;;95,000
AM;BR-230;292,000;291,000;1,000;25/04/2022;0;0;;86,250
AM;BR-230;291,000;290,000;1,000;25/04/2022;0;0;;90,000
AM;BR-230;290,000;289,000;1,000;25/04/2022;0;0;;75,000
AM;BR-230;289,000;288,000;1,000;25/04/2022;0;0;;90,000
AM;BR-230;288,000;287,000;1,000;25/04/2022;0;0;;88,750
AM;BR-230;287,000;286,000;1,000;25/04/2022;0;0;;95,000
AM;BR-230;286,000;285,000;1,000;25/04/2022;0;0;;97,500
AM;BR-230;285,000;284,000;1,000;25/04/2022;0;0;;90,000
AM;BR-230;284,000;283,000;1,000;25/04/2022;0;0;;91,250
AM;BR-230;283,000;282,000;1,000;25/04/2022;0;0;;76,250
AM;BR-230;282,000;281,000;1,000;25/04/2022;0;0;;93,750
AM;BR-230;281,000;280,000;1,000;25/04/2022;0;0;;86,250
AM;BR-230;280,000;279,000;1,000;25/04/2022;0;0;;77,500
AM;BR-230;279,000;278,000;1,000;25/04/2022;0;0;;86,250
AM;BR-230;278,000;277,000;1,000;25/04/2022;0;0;;80,000
AM;BR-230;277,000;276,000;1,000;25/04/2022;0;0;;88,750
AM;BR-230;276,000;275,000;1,000;25/04/2022;0;0;;85,000
AM;BR-230;275,000;274,000;1,000;25/04/2022;0;0;;67,500
AM;BR-230;274,000;273,000;1,000;25/04/2022;0;0;;95,000
AM;BR-230;273,000;272,000;1,000;25/04/2022;0;0;;95,000
AM;BR-230;272,000;271,000;1,000;25/04/2022;0;0;;70,000
AM;BR-230;271,000;270,000;1,000;25/04/2022;0;0;;67,500
AM;BR-230;270,000;269,000;1,000;25/04/2022;0;0;;63,750
AM;BR-230;269,000;268,000;1,000;25/04/2022;0;0;;87,500
AM;BR-230;268,000;267,000;1,000;25/04/2022;0;0;;75,000
AM;BR-230;267,000;266,000;1,000;25/04/2022;0;0;;75,000
AM;BR-230;266,000;265,000;1,000;25/04/2022;0;0;;77,500
AM;BR-230;265,000;264,000;1,000;25/04/2022;0;0;;65,000
AM;BR-230;264,000;263,000;1,000;25/04/2022;0;0;;81,250
AM;BR-230;263,000;262,000;1,000;25/04/2022;0;0;;73,750
AM;BR-230;262,000;261,000;1,000;25/04/2022;0;0;;78,750
AM;BR-230;261,000;260,000;1,000;25/04/2022;0;0;;67,500
AM;BR-230;260,000;259,000;1,000;25/04/2022;0;0;;83,750
AM;BR-230;259,000;258,000;1,000;25/04/2022;0;0;;66,250
AM;BR-230;258,000;257,000;1,000;25/04/2022;0;0;;78,750
AM;BR-230;257,000;256,000;1,000;25/04/2022;0;0;;60,000
AM;BR-230;256,000;255,000;1,000;25/04/2022;0;0;;80,000
AM;BR-230;255,000;254,000;1,000;25/04/2022;0;0;;91,250
AM;BR-230;254,000;253,000;1,000;25/04/2022;0;0;;80,000
AM;BR-230;253,000;252,000;1,000;25/04/2022;0;0;;85,000
AM;BR-230;252,000;251,000;1,000;25/04/2022;0;0;;88,750
AM;BR-230;251,000;250,000;1,000;25/04/2022;0;0;;71,250
AM;BR-230;250,000;249,000;1,000;25/04/2022;0;0;;67,500
AM;BR-230;249,000;248,000;1,000;25/04/2022;0;0;;77,500
AM;BR-230;248,000;247,000;1,000;25/04/2022;0;0;;93,750
AM;BR-230;247,000;246,000;1,000;25/04/2022;0;0;;71,250
AM;BR-230;246,000;245,000;1,000;25/04/2022;0;0;;80,000
AM;BR-230;245,000;244,000;1,000;25/04/2022;0;0;;80,000
AM;BR-230;244,000;243,000;1,000;25/04/2022;0;0;;77,500
AM;BR-230;243,000;242,000;1,000;25/04/2022;0;0;;82,500
AM;BR-230;242,000;241,000;1,000;25/04/2022;0;0;;80,000
AM;BR-230;241,000;240,000;1,000;25/04/2022;0;0;;77,500
AM;BR-230;240,000;239,000;1,000;25/04/2022;0;0;;83,750
AM;BR-230;239,000;238,000;1,000;25/04/2022;0;0;;77,500
AM;BR-230;238,000;237,000;1,000;25/04/2022;0;0;;85,000
AM;BR-230;237,000;236,000;1,000;25/04/2022;0;0;;73,750
AM;BR-230;236,000;235,000;1,000;25/04/2022;0;0;;77,500
AM;BR-230;235,000;234,000;1,000;25/04/2022;0;0;;81,250
AM;BR-230;234,000;233,000;1,000;25/04/2022;0;0;;80,000
AM;BR-230;233,000;232,000;1,000;25/04/2022;0;0;;90,000
AM;BR-230;232,000;231,000;1,000;25/04/2022;0;0;;78,750
AM;BR-230;231,000;230,000;1,000;25/04/2022;0;0;;86,250
AM;BR-230;230,000;229,000;1,000;25/04/2022;0;0;;78,750
AM;BR-230;229,000;228,000;1,000;25/04/2022;0;0;;83,750
AM;BR-230;228,000;227,000;1,000;25/04/2022;0;0;;90,000
AM;BR-230;227,000;226,000;1,000;25/04/2022;0;0;;90,000
AM;BR-230;226,000;225,000;1,000;25/04/2022;0;0;;91,250
AM;BR-230;225,000;224,000;1,000;25/04/2022;0;0;;93,750
AM;BR-230;224,000;223,000;1,000;25/04/2022;0;0;;88,750
AM;BR-230;223,000;222,000;1,000;25/04/2022;0;0;;87,500
AM;BR-230;222,000;221,000;1,000;25/04/2022;0;0;;88,750
AM;BR-230;221,000;220,000;1,000;25/04/2022;0;0;;83,750
AM;BR-230;220,000;219,000;1,000;25/04/2022;0;0;;95,000
AM;BR-230;219,000;218,000;1,000;25/04/2022;0;0;;91,250
AM;BR-230;218,000;217,000;1,000;25/04/2022;0;0;;87,500
AM;BR-230;217,000;216,000;1,000;25/04/2022;0;0;;73,750
AM;BR-230;216,000;215,000;1,000;25/04/2022;0;0;;80,000
AM;BR-230;215,000;214,000;1,000;25/04/2022;0;0;;72,500
AM;BR-230;214,000;213,200;0,800;25/04/2022;0;0;;72,500
PA;BR-308;226,000;227,000;1,000;27/04/2022;-1,0287142;-46,6395253;;65,000
PA;BR-308;227,000;228,000;1,000;27/04/2022;-1,0287142;-46,6395253;;43,750
PA;BR-308;228,000;229,000;1,000;27/04/2022;-1,0287142;-46,6395253;;43,750
PA;BR-308;229,000;230,000;1,000;27/04/2022;-1,0287142;-46,6395253;;50,000
PA;BR-308;230,000;231,000;1,000;27/04/2022;-1,0287142;-46,6395253;;50,000
PA;BR-308;231,000;232,000;1,000;27/04/2022;-1,0287142;-46,6395253;;43,750
PA;BR-308;232,000;233,000;1,000;27/04/2022;-1,0287142;-46,6395253;;43,750
PA;BR-308;233,000;234,000;1,000;27/04/2022;-1,0287142;-46,6395253;;43,750
PA;BR-308;234,000;235,000;1,000;27/04/2022;-1,0287142;-46,6395253;;43,750
PA;BR-308;235,000;236,000;1,000;27/04/2022;-1,0287142;-46,6395253;;51,250
PA;BR-308;236,000;237,000;1,000;27/04/2022;-1,0287142;-46,6395253;;43,750
PA;BR-308;237,000;238,000;1,000;27/04/2022;-1,0287142;-46,6395253;;43,750
PA;BR-308;238,000;239,000;1,000;27/04/2022;-1,0287142;-46,6395253;;30,000
PA;BR-308;239,000;240,000;1,000;27/04/2022;-1,0287142;-46,6395253;;43,750
PA;BR-308;240,000;241,000;1,000;27/04/2022;-1,0287142;-46,6395253;;43,750
PA;BR-308;241,000;242,000;1,000;27/04/2022;-1,0287142;-46,6395253;;37,500
PA;BR-308;242,000;243,000;1,000;27/04/2022;-1,0287142;-46,6395253;;43,750
PA;BR-308;243,000;244,000;1,000;27/04/2022;-1,0287142;-46,6395253;;15,000
PA;BR-308;244,000;245,000;1,000;27/04/2022;-1,0287142;-46,6395253;;30,000
PA;BR-308;245,000;246,000;1,000;27/04/2022;-1,0287142;-46,6395253;;36,250
PA;BR-308;246,000;247,000;1,000;27/04/2022;-1,0287142;-46,6395253;;43,750
PA;BR-308;247,000;248,000;1,000;27/04/2022;-1,0287142;-46,6395253;;43,750
PA;BR-308;248,000;249,000;1,000;27/04/2022;-1,0287142;-46,6395253;;37,500
PA;BR-308;249,000;250,000;1,000;27/04/2022;-1,0287142;-46,6395253;;37,500
PA;BR-308;250,000;251,000;1,000;27/04/2022;-1,0287142;-46,6395253;;30,000
PA;BR-308;251,000;252,000;1,000;27/04/2022;-1,0287142;-46,6395253;;30,000
PA;BR-308;252,000;253,000;1,000;27/04/2022;-1,0287142;-46,6395253;;61,250
PA;BR-308;253,000;254,000;1,000;27/04/2022;-1,0287142;-46,6395253;;48,750
PA;BR-308;254,000;255,000;1,000;27/04/2022;-1,0287142;-46,6395253;;43,750
PA;BR-308;255,000;256,000;1,000;27/04/2022;-1,0287142;-46,6395253;;51,250
PA;BR-308;256,000;257,000;1,000;27/04/2022;-1,0287142;-46,6395253;;43,750
PA;BR-308;257,000;258,000;1,000;27/04/2022;-1,0287142;-46,6395253;;73,750
PA;BR-308;258,000;259,000;1,000;27/04/2022;-1,0287142;-46,6395253;;51,250
PA;BR-308;259,000;260,000;1,000;27/04/2022;-1,0287142;-46,6395253;;45,000
PA;BR-308;260,000;261,000;1,000;27/04/2022;-1,0287142;-46,6395253;;43,750
PA;BR-308;261,000;262,000;1,000;27/04/2022;-1,0287142;-46,6395253;;45,000
PA;BR-308;262,000;263,000;1,000;27/04/2022;-1,0287142;-46,6395253;;58,750
PA;BR-308;263,000;264,000;1,000;27/04/2022;-1,0287142;-46,6395253;;58,750
PA;BR-308;264,000;265,000;1,000;27/04/2022;-1,0287142;-46,6395253;;56,250
PA;BR-308;265,000;266,000;1,000;27/04/2022;-1,0287142;-46,6395253;;56,250
PA;BR-308;268,000;269,000;1,000;27/04/2022;-1,0287142;-46,6395253;;35,000
PA;BR-308;269,000;270,000;1,000;27/04/2022;-1,0287142;-46,6395253;;48,750
PA;BR-308;270,000;271,000;1,000;27/04/2022;-1,0287142;-46,6395253;;52,500
PA;BR-308;271,000;272,000;1,000;27/04/2022;-1,0287142;-46,6395253;;52,500
PA;BR-308;272,000;273,000;1,000;27/04/2022;-1,0287142;-46,6395253;;52,500
PA;BR-308;273,000;274,000;1,000;27/04/2022;-1,0287142;-46,6395253;;52,500
PA;BR-308;274,000;275,000;1,000;27/04/2022;-1,0287142;-46,6395253;;52,500
PA;BR-308;275,000;276,000;1,000;27/04/2022;-1,0287142;-46,6395253;;43,750
PA;BR-308;276,000;277,000;1,000;27/04/2022;-1,0287142;-46,6395253;;52,500
PA;BR-308;277,000;278,000;1,000;27/04/2022;-1,0287142;-46,6395253;;52,500
PA;BR-308;278,000;279,000;1,000;27/04/2022;-1,0287142;-46,6395253;;52,500
PA;BR-308;279,000;280,000;1,000;27/04/2022;-1,0287142;-46,6395253;;63,750
PA;BR-308;280,000;281,000;1,000;27/04/2022;-1,0287142;-46,6395253;;60,000
PA;BR-308;281,000;282,000;1,000;27/04/2022;-1,0287142;-46,6395253;;63,750
PA;BR-308;282,000;283,000;1,000;27/04/2022;-1,0287142;-46,6395253;;63,750
PA;BR-308;283,000;284,000;1,000;27/04/2022;-1,0287142;-46,6395253;;63,750
PA;BR-308;284,000;285,000;1,000;27/04/2022;-1,0287142;-46,6395253;;52,500
PA;BR-308;285,000;286,000;1,000;27/04/2022;-1,0287142;-46,6395253;;52,500
PA;BR-308;286,000;287,000;1,000;27/04/2022;-1,0287142;-46,6395253;;41,250
PA;BR-308;287,000;288,000;1,000;27/04/2022;-1,0287142;-46,6395253;;52,500
PA;BR-308;288,000;289,000;1,000;27/04/2022;-1,0287142;-46,6395253;;41,250
PA;BR-308;289,000;290,000;1,000;27/04/2022;-1,0287142;-46,6395253;;48,750
PA;BR-308;290,000;291,000;1,000;27/04/2022;-1,0287142;-46,6395253;;48,750
PA;BR-308;291,000;292,000;1,000;27/04/2022;-1,0287142;-46,6395253;;48,750
PA;BR-308;292,000;293,000;1,000;27/04/2022;-1,0287142;-46,6395253;;48,750
PA;BR-308;293,000;294,000;1,000;27/04/2022;-1,0287142;-46,6395253;;48,750
PA;BR-308;294,000;295,000;1,000;27/04/2022;-1,0287142;-46,6395253;;52,500
PA;BR-308;295,000;296,000;1,000;27/04/2022;-1,0287142;-46,6395253;;52,500
PA;BR-308;296,000;297,000;1,000;27/04/2022;-1,0287142;-46,6395253;;48,750
PA;BR-308;297,000;298,000;1,000;27/04/2022;-1,0287142;-46,6395253;;48,750
PA;BR-308;298,000;299,000;1,000;27/04/2022;-1,0287142;-46,6395253;;52,500
PA;BR-308;299,000;300,000;1,000;27/04/2022;-1,0287142;-46,6395253;;63,750
PA;BR-308;300,000;301,000;1,000;27/04/2022;-1,0287142;-46,6395253;;63,750
PA;BR-308;301,000;302,000;1,000;27/04/2022;-1,0287142;-46,6395253;;77,500
PA;BR-308;302,000;303,000;1,000;27/04/2022;-1,0287142;-46,6395253;;52,500
PA;BR-308;306,000;307,000;1,000;27/04/2022;-1,0287142;-46,6395253;;48,750
PA;BR-308;307,000;308,000;1,000;27/04/2022;-1,0287142;-46,6395253;;52,500
PA;BR-308;308,000;309,000;1,000;27/04/2022;-1,0287142;-46,6395253;;52,500
PA;BR-308;309,000;310,000;1,000;27/04/2022;-1,0287142;-46,6395253;;52,500
PA;BR-308;310,000;311,000;1,000;27/04/2022;-1,0287142;-46,6395253;;41,250
PA;BR-308;311,000;312,000;1,000;27/04/2022;-1,0287142;-46,6395253;;52,500
PA;BR-308;312,000;313,000;1,000;27/04/2022;-1,0287142;-46,6395253;;48,750
PA;BR-308;313,000;314,000;1,000;27/04/2022;-1,0287142;-46,6395253;;52,500
PA;BR-308;314,000;315,000;1,000;27/04/2022;-1,0287142;-46,6395253;;41,250
PA;BR-308;315,000;316,000;1,000;27/04/2022;-1,0287142;-46,6395253;;52,500
PA;BR-308;316,000;317,000;1,000;27/04/2022;-1,0287142;-46,6395253;;52,500
PA;BR-308;317,000;318,000;1,000;27/04/2022;-1,0287142;-46,6395253;;48,750
PA;BR-308;318,000;319,000;1,000;27/04/2022;-1,0287142;-46,6395253;;41,250
AM;BR-230;195,000;196,000;1,000;27/04/2022;-7,2010624;-59,8916713;;85,000
AM;BR-230;196,000;197,000;1,000;27/04/2022;-7,2010624;-59,8916713;;75,000
AM;BR-230;197,000;198,000;1,000;27/04/2022;-7,2010624;-59,8916713;;86,250
AM;BR-230;198,000;199,000;1,000;27/04/2022;-7,2010624;-59,8916713;;71,250
AM;BR-230;199,000;200,000;1,000;27/04/2022;-7,2010624;-59,8916713;;58,750
AM;BR-230;200,000;201,000;1,000;27/04/2022;-7,2010624;-59,8916713;;77,500
AM;BR-230;201,000;202,000;1,000;27/04/2022;-7,2010624;-59,8916713;;73,750
AM;BR-230;202,000;203,000;1,000;27/04/2022;-7,2010624;-59,8916713;;71,250
AM;BR-230;203,000;204,000;1,000;27/04/2022;-7,2010624;-59,8916713;;72,500
AM;BR-230;204,000;205,000;1,000;27/04/2022;-7,2010624;-59,8916713;;70,000
AM;BR-230;205,000;206,000;1,000;27/04/2022;-7,2010624;-59,8916713;;76,250
AM;BR-230;206,000;207,000;1,000;27/04/2022;-7,2010624;-59,8916713;;75,000
AM;BR-230;207,000;208,000;1,000;27/04/2022;-7,2010624;-59,8916713;;71,250
AM;BR-230;208,000;209,000;1,000;27/04/2022;-7,2010624;-59,8916713;;92,500
AM;BR-230;209,000;210,000;1,000;27/04/2022;-7,2010624;-59,8916713;;91,250
AM;BR-230;210,000;211,000;1,000;27/04/2022;-7,2010624;-59,8916713;;77,500
AM;BR-230;211,000;212,000;1,000;27/04/2022;-7,2010624;-59,8916713;;80,000
AM;BR-230;212,000;213,000;1,000;27/04/2022;-7,2010624;-59,8916713;;90,000
AM;BR-230;213,000;214,000;1,000;27/04/2022;-7,2010624;-59,8916713;;63,750
AM;BR-230;214,000;215,000;1,000;27/04/2022;-7,2010624;-59,8916713;;70,000
AM;BR-230;215,000;216,000;1,000;27/04/2022;-7,2010624;-59,8916713;;66,250
AM;BR-230;216,000;217,000;1,000;27/04/2022;-7,2010624;-59,8916713;;67,500
AM;BR-230;217,000;218,000;1,000;27/04/2022;-7,2010624;-59,8916713;;77,500
AM;BR-230;218,000;219,000;1,000;27/04/2022;-7,2010624;-59,8916713;;70,000
AM;BR-230;219,000;220,000;1,000;27/04/2022;-7,2010624;-59,8916713;;71,250
AM;BR-230;220,000;221,000;1,000;27/04/2022;-7,2010624;-59,8916713;;63,750
AM;BR-230;221,000;222,000;1,000;27/04/2022;-7,2010624;-59,8916713;;65,000
AM;BR-230;222,000;223,000;1,000;27/04/2022;-7,2010624;-59,8916713;;67,500
AM;BR-230;223,000;224,000;1,000;27/04/2022;-7,2010624;-59,8916713;;85,000
AM;BR-230;224,000;225,000;1,000;27/04/2022;-7,2010624;-59,8916713;;85,000
AM;BR-230;225,000;226,000;1,000;27/04/2022;-7,2010624;-59,8916713;;73,750
AM;BR-319;198,900;199,000;0,100;26/04/2022;-3,1895126;-59,8697885;;91,250
AM;BR-319;199,000;200,000;1,000;26/04/2022;-3,1895126;-59,8697885;;85,000
AM;BR-319;200,000;201,000;1,000;26/04/2022;-3,1895126;-59,8697885;;88,750
AM;BR-319;201,000;202,000;1,000;26/04/2022;-3,1895126;-59,8697885;;85,000
AM;BR-319;202,000;203,000;1,000;26/04/2022;-3,1895126;-59,8697885;;88,750
AM;BR-319;203,000;204,000;1,000;26/04/2022;-3,1895126;-59,8697885;;85,000
AM;BR-319;204,000;205,000;1,000;26/04/2022;-3,1895126;-59,8697885;;88,750
AM;BR-319;205,000;206,000;1,000;26/04/2022;-3,1895126;-59,8697885;;85,000
AM;BR-319;206,000;207,000;1,000;26/04/2022;-3,1895126;-59,8697885;;85,000
AM;BR-319;207,000;208,000;1,000;26/04/2022;-3,1895126;-59,8697885;;85,000
AM;BR-319;208,000;209,000;1,000;26/04/2022;-3,1895126;-59,8697885;;85,000
AM;BR-319;209,000;210,000;1,000;26/04/2022;-3,1895126;-59,8697885;;85,000
AM;BR-319;210,000;211,000;1,000;26/04/2022;-3,1895126;-59,8697885;;88,750
AM;BR-319;211,000;212,000;1,000;26/04/2022;-3,1895126;-59,8697885;;85,000
AM;BR-319;212,000;213,000;1,000;26/04/2022;-3,1895126;-59,8697885;;85,000
AM;BR-319;213,000;214,000;1,000;26/04/2022;-3,1895126;-59,8697885;;85,000
AM;BR-319;214,000;215,000;1,000;26/04/2022;-3,1895126;-59,8697885;;88,750
AM;BR-319;215,000;216,000;1,000;26/04/2022;-3,1895126;-59,8697885;;85,000
AM;BR-319;216,000;217,000;1,000;26/04/2022;-3,1895126;-59,8697885;;85,000
AM;BR-319;217,000;218,000;1,000;26/04/2022;-3,1895126;-59,8697885;;85,000
AM;BR-319;218,000;219,000;1,000;26/04/2022;-3,1895126;-59,8697885;;85,000
AM;BR-319;219,000;220,000;1,000;26/04/2022;-3,1895126;-59,8697885;;85,000
AM;BR-319;220,000;221,000;1,000;26/04/2022;-3,1895126;-59,8697885;;88,750
AM;BR-319;221,000;222,000;1,000;26/04/2022;-3,1895126;-59,8697885;;85,000
AM;BR-319;222,000;223,000;1,000;26/04/2022;-3,1895126;-59,8697885;;85,000
AM;BR-319;223,000;224,000;1,000;26/04/2022;-3,1895126;-59,8697885;;85,000
AM;BR-319;224,000;225,000;1,000;26/04/2022;-3,1895126;-59,8697885;;85,000
AM;BR-319;225,000;226,000;1,000;26/04/2022;-3,1895126;-59,8697885;;85,000
AM;BR-319;226,000;227,000;1,000;26/04/2022;-3,1895126;-59,8697885;;85,000
AM;BR-319;227,000;228,000;1,000;26/04/2022;-3,1895126;-59,8697885;;85,000
AM;BR-319;228,000;229,000;1,000;26/04/2022;-3,1895126;-59,8697885;;88,750
AM;BR-319;229,000;230,000;1,000;26/04/2022;-3,1895126;-59,8697885;;85,000
AM;BR-319;230,000;231,000;1,000;26/04/2022;-3,1895126;-59,8697885;;85,000
AM;BR-319;231,000;232,000;1,000;26/04/2022;-3,1895126;-59,8697885;;85,000
AM;BR-319;232,000;233,000;1,000;26/04/2022;-3,1895126;-59,8697885;;85,000
AM;BR-319;233,000;234,000;1,000;26/04/2022;-3,1895126;-59,8697885;;85,000
AM;BR-319;234,000;235,000;1,000;26/04/2022;-3,1895126;-59,8697885;;85,000
AM;BR-319;235,000;236,000;1,000;26/04/2022;-3,1895126;-59,8697885;;85,000
AM;BR-319;236,000;237,000;1,000;26/04/2022;-3,1895126;-59,8697885;;85,000
AM;BR-319;237,000;238,000;1,000;26/04/2022;-3,1895126;-59,8697885;;85,000
AM;BR-319;238,000;239,000;1,000;26/04/2022;-3,1895126;-59,8697885;;85,000
AM;BR-319;239,000;240,000;1,000;26/04/2022;-3,1895126;-59,8697885;;85,000
AM;BR-319;240,000;241,000;1,000;26/04/2022;-3,1895126;-59,8697885;;85,000
AM;BR-319;241,000;242,000;1,000;26/04/2022;-3,1895126;-59,8697885;;85,000
AM;BR-319;242,000;243,000;1,000;26/04/2022;-3,1895126;-59,8697885;;85,000
AM;BR-319;243,000;244,000;1,000;26/04/2022;-3,1895126;-59,8697885;;85,000
AM;BR-319;244,000;245,000;1,000;26/04/2022;-3,1895126;-59,8697885;;85,000
AM;BR-319;245,000;246,000;1,000;26/04/2022;-3,1895126;-59,8697885;;85,000
AM;BR-319;246,000;247,000;1,000;26/04/2022;-3,1895126;-59,8697885;;85,000
AM;BR-319;247,000;248,000;1,000;26/04/2022;-3,1895126;-59,8697885;;85,000
AM;BR-319;248,000;249,000;1,000;26/04/2022;-3,1895126;-59,8697885;;85,000
AM;BR-319;249,000;250,000;1,000;26/04/2022;-3,1895126;-59,8697885;;85,000
AM;BR-319;250,000;251,000;1,000;26/04/2022;-3,1895126;-59,8697885;;85,000
AM;BR-319;251,000;252,000;1,000;26/04/2022;-3,1895126;-59,8697885;;85,000
AM;BR-319;252,000;253,000;1,000;26/04/2022;-3,1895126;-59,8697885;;85,000
AM;BR-319;253,000;254,000;1,000;26/04/2022;-3,1895126;-59,8697885;;85,000
AM;BR-319;254,000;255,000;1,000;26/04/2022;-3,1895126;-59,8697885;;85,000
AM;BR-319;255,000;256,000;1,000;26/04/2022;-3,1895126;-59,8697885;;85,000
AM;BR-319;256,000;257,000;1,000;26/04/2022;-3,1895126;-59,8697885;;85,000
AM;BR-319;257,000;258,000;1,000;26/04/2022;-3,1895126;-59,8697885;;85,000
AM;BR-319;258,000;259,000;1,000;26/04/2022;-3,1895126;-59,8697885;;85,000
AM;BR-319;259,000;260,000;1,000;26/04/2022;-3,1895126;-59,8697885;;85,000
AM;BR-319;260,000;261,000;1,000;26/04/2022;-3,1895126;-59,8697885;;85,000
AM;BR-319;261,100;262,000;0,900;26/04/2022;-3,1895126;-59,8697885;;85,000
AM;BR-319;262,000;263,000;1,000;26/04/2022;-3,1895126;-59,8697885;;85,000
AM;BR-319;263,000;264,000;1,000;26/04/2022;-3,1895126;-59,8697885;;85,000
AM;BR-319;264,000;265,000;1,000;26/04/2022;-3,1895126;-59,8697885;;85,000
AM;BR-319;265,000;266,000;1,000;26/04/2022;-3,1895126;-59,8697885;;85,000
AM;BR-319;266,000;267,000;1,000;26/04/2022;-3,1895126;-59,8697885;;85,000
AM;BR-319;267,000;268,000;1,000;26/04/2022;-3,1895126;-59,8697885;;85,000
AM;BR-319;268,000;269,000;1,000;26/04/2022;-3,1895126;-59,8697885;;85,000
AM;BR-319;269,000;270,000;1,000;26/04/2022;-3,1895126;-59,8697885;;85,000
AM;BR-319;270,000;271,000;1,000;26/04/2022;-3,1895126;-59,8697885;;85,000
AM;BR-319;271,000;272,000;1,000;26/04/2022;-3,1895126;-59,8697885;;85,000
AM;BR-319;272,000;273,000;1,000;26/04/2022;-3,1895126;-59,8697885;;85,000
AM;BR-319;273,000;274,000;1,000;26/04/2022;-3,1895126;-59,8697885;;85,000
AM;BR-319;274,000;275,000;1,000;26/04/2022;-3,1895126;-59,8697885;;85,000
AM;BR-319;275,000;276,000;1,000;26/04/2022;-3,1895126;-59,8697885;;85,000
AM;BR-319;276,000;277,000;1,000;26/04/2022;-3,1895126;-59,8697885;;85,000
AM;BR-319;277,000;278,000;1,000;26/04/2022;-3,1895126;-59,8697885;;88,750
AM;BR-319;278,000;279,000;1,000;26/04/2022;-3,1895126;-59,8697885;;85,000
AM;BR-319;279,000;280,000;1,000;26/04/2022;-3,1895126;-59,8697885;;85,000
AM;BR-319;280,000;281,000;1,000;26/04/2022;-3,1895126;-59,8697885;;85,000
AM;BR-319;281,000;282,000;1,000;26/04/2022;-3,1895126;-59,8697885;;85,000
AM;BR-319;282,000;283,000;1,000;26/04/2022;-3,1895126;-59,8697885;;85,000
AM;BR-319;283,000;284,000;1,000;26/04/2022;-3,1895126;-59,8697885;;85,000
AM;BR-319;284,000;285,000;1,000;26/04/2022;-3,1895126;-59,8697885;;85,000
AM;BR-319;285,000;286,000;1,000;26/04/2022;-3,1895126;-59,8697885;;85,000
AM;BR-319;286,000;287,000;1,000;26/04/2022;-3,1895126;-59,8697885;;85,000
AM;BR-319;287,000;288,000;1,000;26/04/2022;-3,1895126;-59,8697885;;85,000
AM;BR-319;288,000;289,000;1,000;26/04/2022;-3,1895126;-59,8697885;;85,000
AM;BR-319;289,000;290,000;1,000;26/04/2022;-3,1895126;-59,8697885;;85,000
AM;BR-319;290,000;291,000;1,000;26/04/2022;-3,1895126;-59,8697885;;85,000
AM;BR-319;291,000;292,000;1,000;26/04/2022;-3,1895126;-59,8697885;;85,000
AM;BR-319;292,000;293,000;1,000;26/04/2022;-3,1895126;-59,8697885;;85,000
AM;BR-319;293,000;294,000;1,000;26/04/2022;-3,1895126;-59,8697885;;85,000
AM;BR-319;294,000;295,000;1,000;26/04/2022;-3,1895126;-59,8697885;;85,000
AM;BR-319;295,000;296,000;1,000;26/04/2022;-3,1895126;-59,8697885;;85,000
AM;BR-319;296,000;297,000;1,000;26/04/2022;-3,1895126;-59,8697885;;85,000
AM;BR-319;297,000;298,000;1,000;26/04/2022;-3,1895126;-59,8697885;;85,000
AM;BR-319;298,000;299,000;1,000;26/04/2022;-3,1895126;-59,8697885;;85,000
AM;BR-319;299,000;300,000;1,000;26/04/2022;-3,1895126;-59,8697885;;85,000
AM;BR-319;300,000;301,000;1,000;26/04/2022;-3,1895126;-59,8697885;;85,000
AM;BR-319;301,000;302,000;1,000;26/04/2022;-3,1895126;-59,8697885;;85,000
AM;BR-319;302,000;303,000;1,000;26/04/2022;-3,1895126;-59,8697885;;85,000
AM;BR-319;303,000;304,000;1,000;26/04/2022;-3,1895126;-59,8697885;;85,000
AM;BR-319;304,000;305,000;1,000;26/04/2022;-3,1895126;-59,8697885;;85,000
AM;BR-319;305,000;306,000;1,000;26/04/2022;-3,1895126;-59,8697885;;85,000
AM;BR-319;306,000;307,000;1,000;26/04/2022;-3,1895126;-59,8697885;;85,000
AM;BR-319;307,000;308,000;1,000;26/04/2022;-3,1895126;-59,8697885;;85,000
AM;BR-319;308,000;309,000;1,000;26/04/2022;-3,1895126;-59,8697885;;85,000
AM;BR-319;309,000;310,000;1,000;26/04/2022;-3,1895126;-59,8697885;;85,000
AM;BR-319;310,000;311,000;1,000;26/04/2022;-3,1895126;-59,8697885;;85,000
AM;BR-319;311,000;312,000;1,000;26/04/2022;-3,1895126;-59,8697885;;85,000
AM;BR-319;312,000;313,000;1,000;26/04/2022;-3,1895126;-59,8697885;;85,000
AM;BR-319;313,000;314,000;1,000;26/04/2022;-3,1895126;-59,8697885;;85,000
AM;BR-319;314,000;315,000;1,000;26/04/2022;-3,1895126;-59,8697885;;85,000
AM;BR-319;315,000;316,000;1,000;26/04/2022;-3,1895126;-59,8697885;;85,000
AM;BR-319;316,000;317,000;1,000;26/04/2022;-3,1895126;-59,8697885;;85,000
AM;BR-319;317,000;318,000;1,000;26/04/2022;-3,1895126;-59,8697885;;85,000
AM;BR-319;318,000;319,000;1,000;26/04/2022;-3,1895126;-59,8697885;;85,000
AM;BR-319;319,000;320,000;1,000;26/04/2022;-3,1895126;-59,8697885;;85,000
AM;BR-319;320,000;321,000;1,000;26/04/2022;-3,1895126;-59,8697885;;85,000
AM;BR-319;321,000;322,000;1,000;26/04/2022;-3,1895126;-59,8697885;;85,000
AM;BR-319;322,000;323,000;1,000;26/04/2022;-3,1895126;-59,8697885;;85,000
AM;BR-319;323,000;324,000;1,000;26/04/2022;-3,1895126;-59,8697885;;85,000
AM;BR-319;324,000;325,000;1,000;26/04/2022;-3,1895126;-59,8697885;;85,000
AM;BR-319;325,000;326,000;1,000;26/04/2022;-3,1895126;-59,8697885;;85,000
AM;BR-319;326,000;327,000;1,000;26/04/2022;-3,1895126;-59,8697885;;85,000
AM;BR-319;327,000;328,000;1,000;26/04/2022;-3,1895126;-59,8697885;;85,000
AM;BR-319;328,000;329,000;1,000;26/04/2022;-3,1895126;-59,8697885;;85,000
AM;BR-319;329,000;330,000;1,000;26/04/2022;-3,1895126;-59,8697885;;85,000
AM;BR-319;330,000;331,000;1,000;26/04/2022;-3,1895126;-59,8697885;;85,000
AM;BR-319;331,000;332,000;1,000;26/04/2022;-3,1895126;-59,8697885;;85,000
AM;BR-319;332,000;333,000;1,000;26/04/2022;-3,1895126;-59,8697885;;85,000
AM;BR-319;333,000;334,000;1,000;26/04/2022;-3,1895126;-59,8697885;;85,000
AM;BR-319;334,000;335,000;1,000;26/04/2022;-3,1895126;-59,8697885;;85,000
AM;BR-319;335,000;336,000;1,000;26/04/2022;-3,1895126;-59,8697885;;85,000
AM;BR-319;336,000;337,000;1,000;26/04/2022;-3,1895126;-59,8697885;;85,000
AM;BR-319;337,000;338,000;1,000;26/04/2022;-3,1895126;-59,8697885;;85,000
AM;BR-319;338,000;339,000;1,000;26/04/2022;-3,1895126;-59,8697885;;85,000
AM;BR-319;339,000;340,000;1,000;26/04/2022;-3,1895126;-59,8697885;;85,000
AM;BR-319;340,000;341,000;1,000;26/04/2022;-3,1895126;-59,8697885;;85,000
AM;BR-319;341,000;342,000;1,000;26/04/2022;-3,1895126;-59,8697885;;85,000
AM;BR-319;342,000;343,000;1,000;26/04/2022;-3,1895126;-59,8697885;;85,000
AM;BR-319;343,000;344,000;1,000;26/04/2022;-3,1895126;-59,8697885;;85,000
AM;BR-319;344,000;345,000;1,000;26/04/2022;-3,1895126;-59,8697885;;85,000
AM;BR-319;345,000;346,000;1,000;26/04/2022;-3,1895126;-59,8697885;;85,000
AM;BR-319;346,200;347,000;0,800;26/04/2022;-3,1895126;-59,8697885;;85,000
AM;BR-319;347,000;348,000;1,000;26/04/2022;-3,1895126;-59,8697885;;85,000
AM;BR-319;348,000;349,000;1,000;26/04/2022;-3,1895126;-59,8697885;;50,000
AM;BR-319;349,000;350,000;1,000;26/04/2022;-3,1895126;-59,8697885;;78,750
AM;BR-319;350,000;351,000;1,000;26/04/2022;-3,1895126;-59,8697885;;85,000
AM;BR-319;351,000;352,000;1,000;26/04/2022;-3,1895126;-59,8697885;;85,000
AM;BR-319;352,000;353,000;1,000;26/04/2022;-3,1895126;-59,8697885;;85,000
AM;BR-319;353,000;354,000;1,000;26/04/2022;-3,1895126;-59,8697885;;85,000
AM;BR-319;354,000;355,000;1,000;26/04/2022;-3,1895126;-59,8697885;;62,500
AM;BR-319;355,000;356,000;1,000;26/04/2022;-3,1895126;-59,8697885;;62,500
AM;BR-319;356,000;357,000;1,000;26/04/2022;-3,1895126;-59,8697885;;62,500
AM;BR-319;357,000;358,000;1,000;26/04/2022;-3,1895126;-59,8697885;;56,250
AM;BR-319;358,000;359,000;1,000;26/04/2022;-3,1895126;-59,8697885;;63,750
AM;BR-319;359,000;360,000;1,000;26/04/2022;-3,1895126;-59,8697885;;52,500
AM;BR-319;360,000;361,000;1,000;26/04/2022;-3,1895126;-59,8697885;;60,000
AM;BR-319;361,000;362,000;1,000;26/04/2022;-3,1895126;-59,8697885;;66,250
AM;BR-319;362,000;363,000;1,000;26/04/2022;-3,1895126;-59,8697885;;81,250
AM;BR-319;363,000;364,000;1,000;26/04/2022;-3,1895126;-59,8697885;;81,250
AM;BR-319;364,000;365,000;1,000;26/04/2022;-3,1895126;-59,8697885;;78,750
AM;BR-319;365,000;366,000;1,000;26/04/2022;-3,1895126;-59,8697885;;85,000
AM;BR-319;366,000;367,000;1,000;26/04/2022;-3,1895126;-59,8697885;;85,000
AM;BR-319;367,000;368,000;1,000;26/04/2022;-3,1895126;-59,8697885;;85,000
AM;BR-319;368,000;369,000;1,000;26/04/2022;-3,1895126;-59,8697885;;85,000
AM;BR-319;369,000;370,000;1,000;26/04/2022;-3,1895126;-59,8697885;;85,000
RR;BR-401;107,000;108,000;1,000;29/04/2022;3,3110917;-59,9467467;;97,500
RR;BR-401;108,000;109,000;1,000;29/04/2022;3,3110917;-59,9467467;;97,500
RR;BR-401;109,000;110,000;1,000;29/04/2022;3,3110917;-59,9467467;;90,000
RR;BR-401;110,000;111,000;1,000;29/04/2022;3,3110917;-59,9467467;;90,000
RR;BR-401;111,000;112,000;1,000;29/04/2022;3,3110917;-59,9467467;;90,000
RR;BR-401;112,000;113,000;1,000;29/04/2022;3,3110917;-59,9467467;;90,000
RR;BR-401;113,000;114,000;1,000;29/04/2022;3,3110917;-59,9467467;;90,000
RR;BR-401;114,000;115,000;1,000;29/04/2022;3,3110917;-59,9467467;;90,000
RR;BR-401;115,000;116,000;1,000;29/04/2022;3,3110917;-59,9467467;;90,000
RR;BR-401;116,000;117,000;1,000;29/04/2022;3,3110917;-59,9467467;;90,000
RR;BR-401;117,000;118,000;1,000;29/04/2022;3,3110917;-59,9467467;;95,000
RR;BR-401;118,000;119,000;1,000;29/04/2022;3,3110917;-59,9467467;;82,500
RR;BR-401;119,000;120,000;1,000;29/04/2022;3,3110917;-59,9467467;;86,250
RR;BR-401;120,000;121,000;1,000;29/04/2022;3,3110917;-59,9467467;;86,250
RR;BR-401;121,000;122,000;1,000;29/04/2022;3,3110917;-59,9467467;;86,250
RR;BR-401;122,000;123,000;1,000;29/04/2022;3,3110917;-59,9467467;;86,250
RR;BR-401;123,000;124,000;1,000;29/04/2022;3,3110917;-59,9467467;;86,250
RR;BR-401;124,000;125,000;1,000;29/04/2022;3,3110917;-59,9467467;;90,000
RR;BR-401;125,000;126,000;1,000;29/04/2022;3,3110917;-59,9467467;;90,000
RR;BR-401;126,000;127,000;1,000;29/04/2022;3,3110917;-59,9467467;;97,500
RR;BR-401;127,000;128,000;1,000;29/04/2022;3,3110917;-59,9467467;;90,000
RR;BR-401;128,000;129,000;1,000;29/04/2022;3,3110917;-59,9467467;;90,000
RR;BR-401;129,000;130,000;1,000;29/04/2022;3,3110917;-59,9467467;;90,000
RR;BR-401;130,000;131,000;1,000;29/04/2022;3,3110917;-59,9467467;;86,250
RR;BR-401;131,000;132,000;1,000;29/04/2022;3,3110917;-59,9467467;;90,000
RR;BR-401;132,000;133,000;1,000;29/04/2022;3,3110917;-59,9467467;;90,000
RR;BR-401;133,000;134,000;1,000;29/04/2022;3,3110917;-59,9467467;;90,000
RR;BR-401;134,000;135,000;1,000;29/04/2022;3,3110917;-59,9467467;;90,000
RR;BR-401;135,000;136,000;1,000;29/04/2022;3,5469072;-59,9178719;;86,250
RR;BR-401;136,000;137,000;1,000;29/04/2022;3,5469072;-59,9178719;;82,500
RR;BR-401;137,000;138,000;1,000;29/04/2022;3,5469072;-59,9178719;;82,500
RR;BR-401;138,000;139,000;1,000;29/04/2022;3,5469072;-59,9178719;;96,250
RR;BR-401;139,000;140,000;1,000;29/04/2022;3,5469072;-59,9178719;;97,500
RR;BR-401;140,000;141,000;1,000;29/04/2022;3,5469072;-59,9178719;;97,500
RR;BR-401;141,000;142,000;1,000;29/04/2022;3,5469072;-59,9178719;;97,500
RR;BR-401;142,000;143,000;1,000;29/04/2022;3,5469072;-59,9178719;;93,750
RR;BR-401;143,000;144,000;1,000;29/04/2022;3,5469072;-59,9178719;;93,750
RR;BR-401;144,000;145,000;1,000;29/04/2022;3,5469072;-59,9178719;;87,500
RR;BR-401;145,000;146,000;1,000;29/04/2022;3,5469072;-59,9178719;;67,500
RR;BR-401;146,000;147,000;1,000;29/04/2022;3,5469072;-59,9178719;;68,750
RR;BR-401;147,000;148,000;1,000;29/04/2022;3,5469072;-59,9178719;;78,750
RR;BR-401;148,000;149,000;1,000;29/04/2022;3,5469072;-59,9178719;;73,750
RR;BR-401;149,000;150,000;1,000;29/04/2022;3,5469072;-59,9178719;;90,000
RR;BR-401;150,000;151,000;1,000;29/04/2022;3,5469072;-59,9178719;;82,500
RR;BR-401;151,000;152,000;1,000;29/04/2022;3,5469072;-59,9178719;;82,500
RR;BR-401;152,000;153,000;1,000;29/04/2022;3,5469072;-59,9178719;;86,250
RR;BR-401;153,000;154,000;1,000;29/04/2022;3,5469072;-59,9178719;;82,500
RR;BR-401;154,000;155,000;1,000;29/04/2022;3,5469072;-59,9178719;;68,750
RR;BR-401;155,000;156,000;1,000;29/04/2022;3,5469072;-59,9178719;;55,000
RR;BR-401;156,000;157,000;1,000;29/04/2022;3,5469072;-59,9178719;;58,750
RR;BR-401;157,000;158,000;1,000;29/04/2022;3,5469072;-59,9178719;;51,250
RR;BR-401;158,000;159,000;1,000;29/04/2022;3,5469072;-59,9178719;;82,500
RR;BR-401;159,000;160,000;1,000;29/04/2022;3,5469072;-59,9178719;;68,750
RR;BR-401;160,000;161,000;1,000;29/04/2022;3,5469072;-59,9178719;;68,750
RR;BR-401;161,000;162,000;1,000;29/04/2022;3,5469072;-59,9178719;;93,750
RR;BR-401;162,000;163,000;1,000;29/04/2022;3,5469072;-59,9178719;;93,750
RR;BR-401;163,000;164,000;1,000;29/04/2022;3,5469072;-59,9178719;;68,750
RR;BR-401;164,000;165,000;1,000;29/04/2022;3,5469072;-59,9178719;;68,750
RR;BR-401;165,000;166,000;1,000;29/04/2022;3,5469072;-59,9178719;;68,750
RR;BR-401;166,000;167,000;1,000;29/04/2022;3,5469072;-59,9178719;;68,750
RR;BR-401;167,000;168,000;1,000;29/04/2022;3,5469072;-59,9178719;;83,750
RR;BR-401;168,000;169,000;1,000;29/04/2022;3,5469072;-59,9178719;;76,250
RR;BR-401;169,000;170,000;1,000;29/04/2022;3,5469072;-59,9178719;;82,500
RR;BR-401;170,000;171,000;1,000;29/04/2022;3,5469072;-59,9178719;;93,750
RR;BR-401;171,000;172,000;1,000;29/04/2022;3,5469072;-59,9178719;;90,000
RR;BR-401;172,000;173,000;1,000;29/04/2022;3,5469072;-59,9178719;;97,500
RR;BR-401;173,000;174,000;1,000;29/04/2022;3,5469072;-59,9178719;;97,500
RR;BR-401;174,000;175,000;1,000;29/04/2022;3,5469072;-59,9178719;;97,500
RR;BR-401;175,000;176,000;1,000;29/04/2022;3,5469072;-59,9178719;;97,500
RR;BR-401;176,000;177,000;1,000;29/04/2022;3,5469072;-59,9178719;;97,500
RR;BR-401;177,000;178,000;1,000;29/04/2022;3,5469072;-59,9178719;;97,500
BA;BR-030;852,200;853,000;0,800;20/04/2022;-14,2945282;-39,3223951;;76,250
BA;BR-030;853,000;854,000;1,000;20/04/2022;-14,2945282;-39,3223951;;63,750
BA;BR-030;854,000;855,000;1,000;20/04/2022;-14,2945282;-39,3223951;;78,750
BA;BR-030;855,000;856,000;1,000;20/04/2022;-14,2945282;-39,3223951;;77,500
BA;BR-030;856,000;857,000;1,000;20/04/2022;-14,2945282;-39,3223951;;73,750
BA;BR-030;857,000;858,000;1,000;20/04/2022;-14,2945282;-39,3223951;;73,750
BA;BR-030;858,000;859,000;1,000;20/04/2022;-14,2945282;-39,3223951;;75,000
BA;BR-030;859,000;860,000;1,000;20/04/2022;-14,2945282;-39,3223951;;80,000
BA;BR-030;860,000;861,000;1,000;20/04/2022;-14,2945282;-39,3223951;;75,000
BA;BR-030;861,000;862,000;1,000;20/04/2022;-14,2945282;-39,3223951;;90,000
BA;BR-030;862,000;863,000;1,000;20/04/2022;-14,2945282;-39,3223951;;73,750
BA;BR-030;863,000;864,000;1,000;20/04/2022;-14,2945282;-39,3223951;;62,500
BA;BR-030;864,000;865,000;1,000;20/04/2022;-14,2945282;-39,3223951;;91,250
BA;BR-030;865,000;866,000;1,000;20/04/2022;-14,2945282;-39,3223951;;60,000
BA;BR-030;866,000;867,000;1,000;20/04/2022;-14,2945282;-39,3223951;;75,000
BA;BR-030;867,000;868,000;1,000;20/04/2022;-14,2945282;-39,3223951;;73,750
BA;BR-030;868,000;869,000;1,000;20/04/2022;-14,2945282;-39,3223951;;73,750
BA;BR-030;869,000;870,000;1,000;29/04/2022;-14,2924034;-39,3225139;;72,500
BA;BR-030;870,000;871,000;1,000;29/04/2022;-14,2924034;-39,3225139;;70,000
BA;BR-030;871,000;872,000;1,000;29/04/2022;-14,2924034;-39,3225139;;62,500
BA;BR-030;872,000;873,000;1,000;29/04/2022;-14,2924034;-39,3225139;;62,500
BA;BR-030;873,000;874,000;1,000;29/04/2022;-14,2924034;-39,3225139;;62,500
BA;BR-030;874,000;875,000;1,000;29/04/2022;-14,2924034;-39,3225139;;68,750
BA;BR-030;875,000;876,000;1,000;29/04/2022;-14,2924034;-39,3225139;;65,000
BA;BR-030;876,000;877,000;1,000;29/04/2022;-14,2924034;-39,3225139;;67,500
BA;BR-030;877,000;878,000;1,000;29/04/2022;-14,2924034;-39,3225139;;68,750
BA;BR-030;878,000;879,000;1,000;29/04/2022;-14,2924034;-39,3225139;;75,000
BA;BR-030;879,000;880,000;1,000;29/04/2022;-14,2924034;-39,3225139;;76,250
BA;BR-030;880,000;881,000;1,000;29/04/2022;-14,2924034;-39,3225139;;82,500
BA;BR-030;881,000;882,000;1,000;29/04/2022;-14,2924034;-39,3225139;;65,000
BA;BR-030;882,000;883,000;1,000;29/04/2022;-14,2924034;-39,3225139;;65,000
BA;BR-030;883,000;884,000;1,000;29/04/2022;-14,2924034;-39,3225139;;68,750
BA;BR-030;884,000;885,000;1,000;29/04/2022;-14,2924034;-39,3225139;;65,000
BA;BR-030;885,000;886,000;1,000;29/04/2022;-14,2924034;-39,3225139;;75,000
BA;BR-030;886,000;887,000;1,000;29/04/2022;-14,2421816;-39,0639483;;62,500
BA;BR-030;887,000;888,000;1,000;29/04/2022;-14,2421816;-39,0639483;;76,250
BA;BR-030;888,000;889,000;1,000;29/04/2022;-14,2421816;-39,0639483;;71,250
BA;BR-030;889,000;890,000;1,000;29/04/2022;-14,2421816;-39,0639483;;75,000
BA;BR-030;890,000;891,000;1,000;29/04/2022;-14,2421816;-39,0639483;;82,500
BA;BR-030;891,000;892,000;1,000;29/04/2022;-14,2421816;-39,0639483;;90,000
BA;BR-030;892,000;893,000;1,000;29/04/2022;-14,2421816;-39,0639483;;93,750
BA;BR-030;893,000;894,000;1,000;29/04/2022;-14,2827289;-38,9943277;;83,750
BA;BR-030;894,000;895,000;1,000;29/04/2022;-14,2827289;-38,9943277;;62,500
BA;BR-030;895,000;896,000;1,000;29/04/2022;-14,2777201;-38,99892;;80,000
BA;BR-030;896,000;897,000;1,000;29/04/2022;-14,2777201;-38,99892;;80,000
BA;BR-030;897,000;898,000;1,000;29/04/2022;-14,2777201;-38,99892;;72,500
BA;BR-030;898,000;899,000;1,000;29/04/2022;-14,2777201;-38,99892;;86,250
BA;BR-030;899,000;900,000;1,000;29/04/2022;-14,2777201;-38,99892;;90,000
BA;BR-030;900,000;901,000;1,000;29/04/2022;-14,2777201;-38,99892;;83,750
BA;BR-030;901,000;902,000;1,000;29/04/2022;-14,2777201;-38,99892;;80,000
BA;BR-030;902,000;903,000;1,000;29/04/2022;-14,2777201;-38,99892;;76,250
BA;BR-030;903,000;904,000;1,000;29/04/2022;-14,1264001;-39,001775;;76,250
BA;BR-030;904,000;905,000;1,000;29/04/2022;-14,1264001;-39,001775;;62,500
BA;BR-030;905,000;906,000;1,000;29/04/2022;-14,1264001;-39,001775;;70,000
BA;BR-030;906,000;907,000;1,000;29/04/2022;-14,1264001;-39,001775;;80,000
BA;BR-030;907,000;908,000;1,000;29/04/2022;-14,1264001;-39,001775;;75,000
BA;BR-030;908,000;909,000;1,000;29/04/2022;-14,1264001;-39,001775;;75,000
BA;BR-030;909,000;910,000;1,000;29/04/2022;-14,1264001;-39,001775;;71,250
BA;BR-030;910,000;911,000;1,000;29/04/2022;-14,1264001;-39,001775;;76,250
BA;BR-030;911,000;912,000;1,000;29/04/2022;-14,1264001;-39,001775;;70,000
BA;BR-030;912,000;913,000;1,000;29/04/2022;-14,1264001;-39,001775;;77,500
BA;BR-030;913,000;914,000;1,000;29/04/2022;-14,1264001;-39,001775;;83,750
BA;BR-030;914,000;915,000;1,000;29/04/2022;-14,1264001;-39,001775;;71,250
BA;BR-030;915,000;916,000;1,000;29/04/2022;-14,3135516;-39,3176917;;80,000
BA;BR-030;916,000;917,000;1,000;29/04/2022;-14,3135516;-39,3176917;;86,250
BA;BR-030;917,000;918,000;1,000;29/04/2022;-14,3135516;-39,3176917;;90,000
BA;BR-030;918,000;919,000;1,000;29/04/2022;-14,3135516;-39,3176917;;90,000
BA;BR-030;919,000;920,000;1,000;29/04/2022;-14,3135516;-39,3176917;;73,750
BA;BR-030;920,000;921,000;1,000;29/04/2022;-14,3135516;-39,3176917;;73,750
BA;BR-030;921,000;922,000;1,000;29/04/2022;-14,3135516;-39,3176917;;66,250
BA;BR-030;922,000;923,000;1,000;29/04/2022;-13,7351365;-39,1473766;;83,750
RR;BR-210;89,500;88,000;1,500;30/04/2022;0,875266666;-59,6629033;;71,250
RR;BR-210;88,000;87,000;1,000;30/04/2022;0,875266666;-59,6629033;;75,000
RR;BR-210;87,000;86,000;1,000;30/04/2022;0,875266666;-59,6629033;;75,000
RR;BR-210;86,000;85,000;1,000;30/04/2022;0,875266666;-59,6629033;;75,000
RR;BR-210;85,000;84,000;1,000;30/04/2022;0,875266666;-59,6629033;;71,250
RR;BR-210;84,000;83,000;1,000;30/04/2022;0,875266666;-59,6629033;;75,000
RR;BR-210;83,000;82,000;1,000;30/04/2022;0,875266666;-59,6629033;;75,000
RR;BR-210;82,000;81,000;1,000;30/04/2022;0,875266666;-59,6629033;;75,000
RR;BR-210;81,000;80,000;1,000;30/04/2022;0,875266666;-59,6629033;;80,000
RR;BR-210;80,000;79,000;1,000;30/04/2022;0,875266666;-59,6629033;;75,000
RR;BR-210;79,000;78,000;1,000;30/04/2022;0,875266666;-59,6629033;;75,000
RR;BR-210;78,000;77,000;1,000;30/04/2022;0,875266666;-59,6629033;;60,000
RR;BR-210;77,000;76,000;1,000;30/04/2022;0,875266666;-59,6629033;;75,000
RR;BR-210;76,000;75,000;1,000;30/04/2022;0,875266666;-59,6629033;;67,500
RR;BR-210;75,000;74,000;1,000;30/04/2022;0,875266666;-59,6629033;;60,000
RR;BR-210;74,000;73,000;1,000;30/04/2022;0,875266666;-59,6629033;;60,000
RR;BR-210;73,000;72,000;1,000;30/04/2022;0,875266666;-59,6629033;;60,000
RR;BR-210;72,000;71,000;1,000;30/04/2022;0,817096666;-59,51815;;60,000
RR;BR-210;71,000;70,000;1,000;30/04/2022;0,817096666;-59,51815;;60,000
RR;BR-210;70,000;69,000;1,000;30/04/2022;0,817096666;-59,51815;;75,000
RR;BR-210;69,000;68,000;1,000;30/04/2022;0,817096666;-59,51815;;60,000
RR;BR-210;68,000;67,000;1,000;30/04/2022;0,817096666;-59,51815;;60,000
RR;BR-210;67,000;66,000;1,000;30/04/2022;0,817096666;-59,51815;;85,000
RR;BR-210;66,000;65,000;1,000;30/04/2022;0,817096666;-59,51815;;60,000
RR;BR-210;65,000;64,000;1,000;30/04/2022;0,817096666;-59,51815;;72,500
RR;BR-210;64,000;63,000;1,000;30/04/2022;0,817096666;-59,51815;;75,000
RR;BR-210;63,000;62,000;1,000;30/04/2022;0,817096666;-59,51815;;85,000
RR;BR-210;62,000;61,000;1,000;30/04/2022;0,817096666;-59,51815;;71,250
RR;BR-210;61,000;60,000;1,000;30/04/2022;0,9476203;-59,9159242;;82,500
RR;BR-210;60,000;59,000;1,000;30/04/2022;0,9476203;-59,9159242;;60,000
RR;BR-210;59,000;58,000;1,000;30/04/2022;0,9476203;-59,9159242;;75,000
RR;BR-210;58,000;57,000;1,000;30/04/2022;0,9476203;-59,9159242;;75,000
RR;BR-210;57,000;56,000;1,000;30/04/2022;0,9476203;-59,9159242;;32,500
RR;BR-210;56,000;55,000;1,000;30/04/2022;0,9476203;-59,9159242;;46,250
RR;BR-210;55,000;54,000;1,000;30/04/2022;0,9476203;-59,9159242;;46,250
RR;BR-210;54,000;53,000;1,000;30/04/2022;0,9476203;-59,9159242;;32,500
RR;BR-210;53,000;52,000;1,000;30/04/2022;0,9476203;-59,9159242;;46,250
RR;BR-210;52,000;51,000;1,000;30/04/2022;0,9476203;-59,9159242;;46,250
RR;BR-210;51,000;50,000;1,000;30/04/2022;0,9476203;-59,9159242;;32,500
RR;BR-210;50,000;49,000;1,000;30/04/2022;0,9476203;-59,9159242;;38,750
RR;BR-210;49,000;48,000;1,000;30/04/2022;0,9476203;-59,9159242;;32,500
RR;BR-210;48,000;47,000;1,000;30/04/2022;0,9476203;-59,9159242;;35,000
RR;BR-210;47,000;46,000;1,000;30/04/2022;0,9476203;-59,9159242;;5,000
RR;BR-210;46,000;45,000;1,000;30/04/2022;0,9476203;-59,9159242;;5,000
AP;BR-156;659,440;660,000;0,560;28/04/2022;0;0;;0,000
AP;BR-156;660,000;661,000;1,000;28/04/2022;0;0;;32,500
AP;BR-156;661,000;662,000;1,000;28/04/2022;2,63066285;-51,3408234;;80,000
AP;BR-156;662,000;663,000;1,000;28/04/2022;2,63324115;-51,3423768;;80,000
AP;BR-156;663,000;664,000;1,000;28/04/2022;2,63760108;-51,3454306;;72,500
AP;BR-156;664,000;665,000;1,000;28/04/2022;2,64698979;-51,3509152;;68,750
AP;BR-156;665,000;666,000;1,000;28/04/2022;2,65093918;-51,3525353;;68,750
AP;BR-156;666,000;667,000;1,000;28/04/2022;2,66335805;-51,354238;;73,750
AP;BR-156;667,000;668,000;1,000;28/04/2022;2,66710027;-51,3536276;;57,500
AP;BR-156;668,000;669,000;1,000;28/04/2022;2,67531264;-51,3527654;;57,500
AP;BR-156;669,000;670,000;1,000;28/04/2022;2,67991988;-51,3538187;;57,500
AP;BR-156;670,000;671,000;1,000;28/04/2022;2,69024336;-51,3579907;;12,500
AP;BR-156;671,000;672,000;1,000;28/04/2022;2,69682812;-51,3607816;;65,000
AP;BR-156;672,000;673,000;1,000;28/04/2022;2,69748266;-51,3607563;;55,000
AP;BR-156;673,000;674,000;1,000;28/04/2022;2,71290797;-51,3653964;;57,500
AP;BR-156;674,000;675,000;1,000;28/04/2022;2,71290797;-51,3653964;;57,500
AP;BR-156;675,000;676,000;1,000;28/04/2022;2,73076097;-51,370894;;57,500
AP;BR-156;676,000;677,000;1,000;28/04/2022;2,73791712;-51,3724582;;57,500
AP;BR-156;677,000;678,000;1,000;28/04/2022;2,73791712;-51,3724582;;65,000
AP;BR-156;678,000;679,000;1,000;28/04/2022;2,75279369;-51,3742554;;73,750
AP;BR-156;679,000;680,000;1,000;28/04/2022;2,76272151;-51,3828277;;66,250
AP;BR-156;680,000;681,000;1,000;28/04/2022;2,76272151;-51,3828277;;83,750
AP;BR-156;681,000;682,000;1,000;28/04/2022;2,77301109;-51,3811627;;80,000
AP;BR-156;682,000;683,000;1,000;28/04/2022;2,77301109;-51,3811627;;72,500
AP;BR-156;683,000;684,000;1,000;28/04/2022;2,80000982;-51,3906016;;76,250
AP;BR-156;684,000;685,000;1,000;28/04/2022;2,80000982;-51,3906016;;76,250
AP;BR-156;685,000;686,000;1,000;28/04/2022;2,81045296;-51,3931645;;72,500
AP;BR-156;686,000;687,000;1,000;28/04/2022;2,81922553;-51,3960377;;65,000
AP;BR-156;687,000;688,000;1,000;28/04/2022;2,83249999;-51,4003377;;65,000
AP;BR-156;688,000;689,000;1,000;28/04/2022;2,83865334;-51,400581;;66,250
AP;BR-156;689,000;690,000;1,000;28/04/2022;2,84771696;-51,3949278;;55,000
AP;BR-156;690,000;691,000;1,000;28/04/2022;2,84771696;-51,3949278;;68,750
AP;BR-156;691,000;692,000;1,000;28/04/2022;2,86605359;-51,3951094;;57,500
AP;BR-156;692,000;693,000;1,000;28/04/2022;2,86605359;-51,3951094;;57,500
AP;BR-156;693,000;694,000;1,000;28/04/2022;2,88568778;-51,3961088;;68,750
AP;BR-156;694,000;695,000;1,000;28/04/2022;2,89419845;-51,3973927;;66,250
AP;BR-156;695,000;696,000;1,000;28/04/2022;2,90497574;-51,3993826;;57,500
AP;BR-156;696,000;697,000;1,000;28/04/2022;2,91307991;-51,3988448;;65,000
AP;BR-156;697,000;698,000;1,000;28/04/2022;2,91307991;-51,3988448;;57,500
AP;BR-156;698,000;699,000;1,000;28/04/2022;2,91307991;-51,3988448;;55,000
AP;BR-156;699,000;700,000;1,000;28/04/2022;2,93870412;-51,4053622;;55,000
AP;BR-156;700,000;701,000;1,000;28/04/2022;2,93870412;-51,4053622;;57,500
AP;BR-156;701,000;702,000;1,000;28/04/2022;2,94793641;-51,4155438;;68,750
AP;BR-156;702,000;703,000;1,000;28/04/2022;2,9558601;-51,4209941;;52,500
AP;BR-156;703,000;704,000;1,000;28/04/2022;2,9651564;-51,4269192;;55,000
AP;BR-156;704,000;705,000;1,000;28/04/2022;2,9651564;-51,4269192;;55,000
AP;BR-156;705,000;706,000;1,000;28/04/2022;2,98144186;-51,4347124;;55,000
AP;BR-156;706,000;707,000;1,000;28/04/2022;2,98144186;-51,4347124;;68,750
AP;BR-156;707,000;708,000;1,000;28/04/2022;2,99383491;-51,4399476;;52,500
AP;BR-156;708,000;709,000;1,000;28/04/2022;3,010138;-51,4507389;;57,500
AP;BR-156;709,000;710,000;1,000;28/04/2022;3,01628731;-51,4539829;;52,500
AP;BR-156;710,000;711,000;1,000;28/04/2022;3,01628731;-51,4539829;;52,500
AP;BR-156;711,000;712,000;1,000;29/04/2022;3,01628731;-51,4539829;;76,250
AP;BR-156;712,000;713,000;1,000;29/04/2022;2,93777821;-51,404335;;76,250
AP;BR-156;713,000;714,000;1,000;29/04/2022;3,04549114;-51,4621707;;68,750
AP;BR-156;714,000;715,000;1,000;29/04/2022;3,04549114;-51,4621707;;68,750
AP;BR-156;715,000;716,000;1,000;29/04/2022;3,04549114;-51,4621707;;66,250
AP;BR-156;716,000;717,000;1,000;29/04/2022;3,04549114;-51,4621707;;73,750
AP;BR-156;717,000;718,000;1,000;29/04/2022;3,07216458;-51,4769377;;73,750
AP;BR-156;718,000;719,000;1,000;29/04/2022;3,08015231;-51,4809181;;73,750
AP;BR-156;719,000;720,000;1,000;29/04/2022;3,08015231;-51,4809181;;70,000
AP;BR-156;720,000;721,000;1,000;29/04/2022;3,10415153;-51,4930541;;83,750
AP;BR-156;721,000;722,000;1,000;29/04/2022;3,11164287;-51,4937222;;80,000
AP;BR-156;722,000;723,000;1,000;29/04/2022;3,11164287;-51,4937222;;87,500
AP;BR-156;723,000;724,000;1,000;29/04/2022;3,12714904;-51,5006079;;76,250
AP;BR-156;724,000;725,000;1,000;29/04/2022;3,12714904;-51,5006079;;81,250
AP;BR-156;725,000;726,000;1,000;29/04/2022;3,12714904;-51,5006079;;66,250
AP;BR-156;726,000;727,000;1,000;29/04/2022;3,15009281;-51,514009;;80,000
AP;BR-156;727,000;728,000;1,000;29/04/2022;3,15009281;-51,514009;;70,000
AP;BR-156;728,000;729,000;1,000;29/04/2022;3,16468159;-51,5234974;;80,000
AP;BR-156;729,000;730,000;1,000;29/04/2022;3,17474781;-51,5284112;;80,000
AP;BR-156;730,000;731,000;1,000;29/04/2022;3,18325959;-51,5317818;;80,000
AP;BR-156;731,000;732,000;1,000;29/04/2022;3,18827512;-51,5353545;;80,000
AP;BR-156;732,000;733,000;1,000;29/04/2022;3,19046329;-51,5440131;;80,000
AP;BR-156;733,000;734,000;1,000;29/04/2022;3,2000835;-51,5506507;;80,000
AP;BR-156;734,000;735,000;1,000;29/04/2022;3,20973055;-51,552419;;80,000
AP;BR-156;735,000;736,000;1,000;29/04/2022;3,2159501;-51,5536169;;62,500
AP;BR-156;736,000;737,000;1,000;29/04/2022;3,2159501;-51,5536169;;72,500
AP;BR-156;737,000;738,000;1,000;29/04/2022;3,22783519;-51,5582702;;80,000
AP;BR-156;738,000;739,000;1,000;29/04/2022;3,24086039;-51,5667098;;80,000
AP;BR-156;739,000;740,000;1,000;29/04/2022;3,24403412;-51,5687178;;80,000
AP;BR-156;740,000;741,000;1,000;29/04/2022;3,25339386;-51,5784502;;80,000
AP;BR-156;741,000;742,000;1,000;29/04/2022;3,25635952;-51,5847608;;80,000
AP;BR-156;742,000;743,000;1,000;29/04/2022;3,26317591;-51,5916213;;80,000
AP;BR-156;743,000;744,000;1,000;29/04/2022;3,2675941;-51,5944421;;80,000
AP;BR-156;744,000;745,000;1,000;29/04/2022;3,2746864;-51,6018341;;80,000
AP;BR-156;745,000;746,000;1,000;29/04/2022;3,281574;-51,6108323;;68,750
AP;BR-156;746,000;747,000;1,000;29/04/2022;3,281574;-51,6108323;;68,750
AP;BR-156;747,000;748,000;1,000;29/04/2022;3,281574;-51,6108323;;68,750
AP;BR-156;748,000;749,000;1,000;29/04/2022;3,281574;-51,6108323;;80,000
AP;BR-156;749,000;750,000;1,000;29/04/2022;3,31244432;-51,6291274;;72,500
AP;BR-156;750,000;751,000;1,000;29/04/2022;3,3180319;-51,6341115;;67,500
AP;BR-156;751,000;752,000;1,000;29/04/2022;3,32333436;-51,6396219;;72,500
AP;BR-156;752,000;753,000;1,000;29/04/2022;3,32333436;-51,6396219;;80,000
AP;BR-156;753,000;754,000;1,000;29/04/2022;3,33322994;-51,6507794;;76,250
AP;BR-156;754,000;755,000;1,000;29/04/2022;3,34645102;-51,659188;;76,250
AP;BR-156;755,000;756,000;1,000;29/04/2022;3,34645102;-51,659188;;73,750
AP;BR-156;756,000;757,000;1,000;29/04/2022;3,35910043;-51,672176;;66,250
AP;BR-156;757,000;758,000;1,000;29/04/2022;3,35910043;-51,672176;;63,750
AP;BR-156;758,000;759,000;1,000;29/04/2022;3,36967921;-51,6815442;;66,250
AP;BR-156;759,000;760,000;1,000;29/04/2022;3,37654654;-51,6905874;;76,250
AP;BR-156;760,000;761,000;1,000;29/04/2022;3,37654654;-51,6905874;;66,250
AP;BR-156;761,000;762,000;1,000;29/04/2022;3,38016542;-51,7016792;;71,250
AP;BR-156;762,000;763,000;1,000;29/04/2022;3,38151644;-51,7129373;;63,750
AP;BR-156;763,000;764,000;1,000;29/04/2022;3,38488644;-51,7197618;;71,250
AP;BR-156;764,000;765,000;1,000;29/04/2022;3,39263118;-51,723093;;73,750
AP;BR-156;765,000;766,000;1,000;29/04/2022;3,39263118;-51,723093;;70,000
AP;BR-156;766,000;767,000;1,000;29/04/2022;3,39263118;-51,723093;;76,250
AP;BR-156;767,000;768,000;1,000;29/04/2022;3,39263118;-51,723093;;85,000
AP;BR-156;768,000;769,000;1,000;29/04/2022;3,43985113;-51,7255502;;63,750
AP;BR-156;769,000;770,000;1,000;29/04/2022;3,43985113;-51,7255502;;72,500
AM;BR-319;513,800;512,000;1,800;28/04/2022;-7,5174614;-63,029659;;68,750
AM;BR-319;512,000;511,000;1,000;28/04/2022;-7,5174614;-63,029659;;42,500
AM;BR-319;511,000;510,000;1,000;28/04/2022;-7,5174614;-63,029659;;92,500
AM;BR-319;510,000;509,000;1,000;28/04/2022;-7,5174614;-63,029659;;92,500
AM;BR-319;509,000;508,000;1,000;28/04/2022;-7,5174614;-63,029659;;62,500
AM;BR-319;508,000;507,000;1,000;28/04/2022;-7,5174614;-63,029659;;57,500
AM;BR-319;507,000;506,000;1,000;28/04/2022;-7,5174614;-63,029659;;87,500
AM;BR-319;506,000;505,000;1,000;28/04/2022;-7,5174614;-63,029659;;87,500
AM;BR-319;505,000;504,000;1,000;28/04/2022;-7,5174614;-63,029659;;95,000
AM;BR-319;504,000;503,000;1,000;28/04/2022;-7,5174614;-63,029659;;95,000
AM;BR-319;503,000;502,000;1,000;28/04/2022;-7,5174614;-63,029659;;35,000
AM;BR-319;502,000;501,000;1,000;28/04/2022;-7,5174614;-63,029659;;40,000
AM;BR-319;501,000;500,000;1,000;28/04/2022;-7,5174614;-63,029659;;40,000
AM;BR-319;500,000;499,000;1,000;28/04/2022;-7,5174614;-63,029659;;40,000
AM;BR-319;499,000;498,000;1,000;28/04/2022;-7,5174614;-63,029659;;40,000
AM;BR-319;498,000;497,000;1,000;28/04/2022;-7,5174614;-63,029659;;65,000
AM;BR-319;497,000;496,000;1,000;28/04/2022;-7,5174614;-63,029659;;63,750
AM;BR-319;496,000;495,000;1,000;28/04/2022;-7,5174614;-63,029659;;70,000
AM;BR-319;495,000;494,000;1,000;28/04/2022;-7,5174614;-63,029659;;70,000
AM;BR-319;494,000;493,000;1,000;28/04/2022;-7,5174614;-63,029659;;62,500
AM;BR-319;493,000;492,000;1,000;28/04/2022;-7,5174614;-63,029659;;66,250
AM;BR-319;492,000;491,000;1,000;28/04/2022;-7,5174614;-63,029659;;100,000
AM;BR-319;491,000;490,000;1,000;28/04/2022;-7,5174614;-63,029659;;70,000
AM;BR-319;490,000;489,000;1,000;28/04/2022;-7,5174614;-63,029659;;92,500
AM;BR-319;489,000;488,000;1,000;28/04/2022;-7,5174614;-63,029659;;70,000
AM;BR-319;488,000;487,000;1,000;28/04/2022;-7,5174614;-63,029659;;60,000
AM;BR-319;487,000;486,000;1,000;28/04/2022;-7,5174614;-63,029659;;97,500
AM;BR-319;486,000;485,000;1,000;28/04/2022;-7,5174614;-63,029659;;97,500
AM;BR-319;485,000;484,000;1,000;28/04/2022;-7,5174614;-63,029659;;86,250
AM;BR-319;484,000;483,000;1,000;28/04/2022;-7,5174614;-63,029659;;86,250
AM;BR-319;483,000;482,000;1,000;28/04/2022;-7,5174614;-63,029659;;58,750
AM;BR-319;482,000;481,000;1,000;28/04/2022;-7,5174614;-63,029659;;80,000
AM;BR-319;481,000;480,000;1,000;28/04/2022;-7,5174614;-63,029659;;92,500
AM;BR-319;480,000;479,000;1,000;28/04/2022;-7,5174614;-63,029659;;86,250
AM;BR-319;479,000;478,000;1,000;28/04/2022;-7,5174614;-63,029659;;86,250
AM;BR-319;478,000;477,000;1,000;28/04/2022;-7,5174614;-63,029659;;90,000
AM;BR-319;477,000;476,000;1,000;28/04/2022;-7,5174614;-63,029659;;87,500
AM;BR-319;476,000;475,000;1,000;28/04/2022;-7,5174614;-63,029659;;82,500
AM;BR-319;475,000;474,000;1,000;28/04/2022;-7,5174614;-63,029659;;62,500
AM;BR-319;474,000;473,000;1,000;28/04/2022;-7,5174614;-63,029659;;98,750
AM;BR-319;473,000;472,000;1,000;28/04/2022;-7,5174614;-63,029659;;88,750
AM;BR-319;472,000;471,000;1,000;28/04/2022;-7,5174614;-63,029659;;81,250
AM;BR-319;471,000;470,000;1,000;28/04/2022;-7,5174614;-63,029659;;43,750
AM;BR-319;470,000;469,000;1,000;28/04/2022;-7,5174614;-63,029659;;40,000
AM;BR-319;469,000;468,000;1,000;28/04/2022;-7,5174614;-63,029659;;81,250
AM;BR-319;468,000;467,000;1,000;28/04/2022;-7,5174614;-63,029659;;97,500
AM;BR-319;467,000;466,000;1,000;28/04/2022;-7,5174614;-63,029659;;95,000
AM;BR-319;466,000;465,000;1,000;28/04/2022;-7,5174614;-63,029659;;95,000
AM;BR-319;465,000;464,000;1,000;28/04/2022;-7,5174614;-63,029659;;65,000
AM;BR-319;464,000;463,000;1,000;28/04/2022;-7,5174614;-63,029659;;87,500
AM;BR-319;463,000;462,000;1,000;28/04/2022;-7,5174614;-63,029659;;57,500
AM;BR-319;462,000;461,000;1,000;28/04/2022;-7,5174614;-63,029659;;61,250
AM;BR-319;461,000;460,000;1,000;28/04/2022;-7,5174614;-63,029659;;95,000
AM;BR-319;460,000;459,000;1,000;28/04/2022;-7,5174614;-63,029659;;87,500
AM;BR-319;459,000;458,000;1,000;28/04/2022;-7,5174614;-63,029659;;87,500
AM;BR-319;458,000;457,000;1,000;28/04/2022;-7,5174614;-63,029659;;87,500
AM;BR-319;457,000;456,000;1,000;28/04/2022;-7,5174614;-63,029659;;90,000
AM;BR-319;456,000;455,000;1,000;28/04/2022;-7,5174614;-63,029659;;97,500
AM;BR-319;455,000;454,000;1,000;28/04/2022;-7,5174614;-63,029659;;95,000
AM;BR-319;454,000;453,000;1,000;28/04/2022;-7,5174614;-63,029659;;93,750
AM;BR-319;453,000;452,000;1,000;28/04/2022;-7,5174614;-63,029659;;88,750
AM;BR-319;452,000;451,000;1,000;28/04/2022;-7,5174614;-63,029659;;93,750
AM;BR-319;451,000;450,000;1,000;28/04/2022;-7,5174614;-63,029659;;93,750
AM;BR-319;450,000;449,000;1,000;28/04/2022;-7,5174614;-63,029659;;98,750
AM;BR-319;449,000;448,000;1,000;28/04/2022;-7,5174614;-63,029659;;95,000
AM;BR-319;448,000;447,000;1,000;28/04/2022;-7,5174614;-63,029659;;91,250
AM;BR-319;447,000;446,000;1,000;28/04/2022;-7,5174614;-63,029659;;90,000
AM;BR-319;446,000;445,000;1,000;28/04/2022;-7,5174614;-63,029659;;93,750
AM;BR-319;445,000;444,000;1,000;28/04/2022;-7,5174614;-63,029659;;63,750
AM;BR-319;444,000;443,000;1,000;28/04/2022;-7,5174614;-63,029659;;61,250
AM;BR-319;443,000;442,000;1,000;28/04/2022;-7,5174614;-63,029659;;66,250
AM;BR-319;442,000;441,000;1,000;28/04/2022;-7,5174614;-63,029659;;45,000
AM;BR-319;441,000;440,000;1,000;28/04/2022;-7,5174614;-63,029659;;77,500
AM;BR-319;440,000;439,000;1,000;28/04/2022;-7,5174614;-63,029659;;67,500
AM;BR-319;439,000;438,000;1,000;28/04/2022;-7,5174614;-63,029659;;58,750
AM;BR-319;438,000;437,000;1,000;28/04/2022;-7,5174614;-63,029659;;73,750
AM;BR-319;437,000;436,000;1,000;28/04/2022;-7,5174614;-63,029659;;77,500
AM;BR-319;436,000;435,000;1,000;28/04/2022;-7,5174614;-63,029659;;78,750
AM;BR-319;435,000;434,000;1,000;28/04/2022;-7,5174614;-63,029659;;72,500
AM;BR-319;434,000;433,100;0,900;28/04/2022;-7,5174614;-63,029659;;57,500
AM;BR-319;433,100;432,000;1,100;28/04/2022;-7,5174614;-63,029659;;68,750
AM;BR-319;589,400;588,000;1,400;28/04/2022;-7,5197379;-63,0292112;;68,750
AM;BR-319;588,000;587,000;1,000;28/04/2022;-7,5174614;-63,029659;;92,500
AM;BR-319;587,000;586,000;1,000;28/04/2022;-7,5174614;-63,029659;;96,250
AM;BR-319;586,000;585,000;1,000;28/04/2022;-7,5174614;-63,029659;;96,250
AM;BR-319;585,000;584,000;1,000;28/04/2022;-7,5174614;-63,029659;;92,500
AM;BR-319;584,000;583,000;1,000;28/04/2022;-7,5174614;-63,029659;;86,250
AM;BR-319;583,000;582,000;1,000;28/04/2022;-7,5174614;-63,029659;;100,000
AM;BR-319;582,000;581,000;1,000;28/04/2022;-7,5174614;-63,029659;;100,000
AM;BR-319;581,000;580,000;1,000;28/04/2022;-7,5174614;-63,029659;;96,250
AM;BR-319;580,000;579,000;1,000;28/04/2022;-7,5174614;-63,029659;;88,750
AM;BR-319;579,000;578,000;1,000;28/04/2022;-7,5174614;-63,029659;;68,750
AM;BR-319;578,000;577,000;1,000;28/04/2022;-7,5174614;-63,029659;;92,500
AM;BR-319;577,000;576,000;1,000;28/04/2022;-7,5174614;-63,029659;;92,500
AM;BR-319;576,000;575,000;1,000;28/04/2022;-7,5174614;-63,029659;;92,500
AM;BR-319;575,000;574,000;1,000;28/04/2022;-7,5174614;-63,029659;;85,000
AM;BR-319;574,000;573,000;1,000;28/04/2022;-7,5174614;-63,029659;;96,250
AM;BR-319;573,000;572,000;1,000;28/04/2022;-7,5174614;-63,029659;;86,250
AM;BR-319;572,000;571,000;1,000;28/04/2022;-7,5174614;-63,029659;;88,750
AM;BR-319;571,000;570,000;1,000;28/04/2022;-7,5174614;-63,029659;;96,250
AM;BR-319;570,000;569,000;1,000;28/04/2022;-7,5174614;-63,029659;;88,750
AM;BR-319;569,000;568,000;1,000;28/04/2022;-7,5174614;-63,029659;;96,250
AM;BR-319;568,000;567,000;1,000;28/04/2022;-7,5174614;-63,029659;;93,750
AM;BR-319;567,000;566,000;1,000;28/04/2022;-7,5174614;-63,029659;;95,000
AM;BR-319;566,000;565,000;1,000;28/04/2022;-7,5174614;-63,029659;;96,250
AM;BR-319;565,000;564,000;1,000;28/04/2022;-7,5174614;-63,029659;;92,500
AM;BR-319;564,000;563,000;1,000;28/04/2022;-7,5174614;-63,029659;;92,500
AM;BR-319;563,000;562,000;1,000;28/04/2022;-7,5174614;-63,029659;;87,500
AM;BR-319;562,000;561,000;1,000;28/04/2022;-7,5174614;-63,029659;;90,000
AM;BR-319;561,000;560,000;1,000;28/04/2022;-7,5174614;-63,029659;;93,750
AM;BR-319;560,000;559,000;1,000;28/04/2022;-7,5174614;-63,029659;;96,250
AM;BR-319;559,000;558,000;1,000;28/04/2022;-7,5174614;-63,029659;;100,000
AM;BR-319;558,000;557,000;1,000;28/04/2022;-7,5174614;-63,029659;;92,500
AM;BR-319;557,000;556,000;1,000;28/04/2022;-7,5174614;-63,029659;;100,000
AM;BR-319;556,000;555,000;1,000;28/04/2022;-7,5174614;-63,029659;;92,500
AM;BR-319;555,000;554,000;1,000;28/04/2022;-7,5174614;-63,029659;;96,250
AM;BR-319;554,000;553,000;1,000;28/04/2022;-7,5174614;-63,029659;;96,250
AM;BR-319;553,000;552,000;1,000;28/04/2022;-7,5174614;-63,029659;;93,750
AM;BR-319;552,000;551,000;1,000;28/04/2022;-7,5174614;-63,029659;;93,750
AM;BR-319;551,000;550,000;1,000;28/04/2022;-7,5174614;-63,029659;;100,000
AM;BR-319;550,000;549,000;1,000;28/04/2022;-7,5174614;-63,029659;;87,500
AM;BR-319;549,000;548,000;1,000;28/04/2022;-7,5174614;-63,029659;;96,250
AM;BR-319;548,000;547,000;1,000;28/04/2022;-7,5174614;-63,029659;;93,750
AM;BR-319;547,000;546,000;1,000;28/04/2022;-7,5174614;-63,029659;;96,250
AM;BR-319;546,000;545,000;1,000;28/04/2022;-7,5174614;-63,029659;;95,000
AM;BR-319;545,000;544,000;1,000;28/04/2022;-7,5174614;-63,029659;;83,750
AM;BR-319;544,000;543,000;1,000;28/04/2022;-7,5174614;-63,029659;;100,000
AM;BR-319;543,000;542,000;1,000;28/04/2022;-7,5174614;-63,029659;;100,000
AM;BR-319;542,000;541,000;1,000;28/04/2022;-7,5174614;-63,029659;;88,750
AM;BR-319;541,000;540,000;1,000;28/04/2022;-7,5174614;-63,029659;;86,250
AM;BR-319;540,000;539,000;1,000;28/04/2022;-7,5174614;-63,029659;;78,750
AM;BR-319;539,000;538,000;1,000;28/04/2022;-7,5174614;-63,029659;;75,000
AM;BR-319;538,000;537,000;1,000;28/04/2022;-7,5174614;-63,029659;;86,250
AM;BR-319;537,000;536,000;1,000;28/04/2022;-7,5174614;-63,029659;;71,250
AM;BR-319;536,000;535,000;1,000;28/04/2022;-7,5174614;-63,029659;;82,500
AM;BR-319;535,000;534,000;1,000;28/04/2022;-7,5174614;-63,029659;;72,500
AM;BR-319;534,000;533,000;1,000;28/04/2022;-7,5174614;-63,029659;;80,000
AM;BR-319;533,000;532,000;1,000;28/04/2022;-7,5174614;-63,029659;;78,750
AM;BR-319;532,000;531,000;1,000;28/04/2022;-7,5174614;-63,029659;;68,750
AM;BR-319;531,000;530,000;1,000;28/04/2022;-7,5174614;-63,029659;;80,000
AM;BR-319;530,000;529,000;1,000;28/04/2022;-7,5174614;-63,029659;;77,500
AM;BR-319;529,000;528,000;1,000;28/04/2022;-7,5174614;-63,029659;;86,250
AM;BR-319;528,000;527,000;1,000;28/04/2022;-7,5174614;-63,029659;;76,250
AM;BR-319;527,000;526,000;1,000;28/04/2022;-7,5174614;-63,029659;;77,500
AM;BR-319;526,000;525,000;1,000;28/04/2022;-7,5174614;-63,029659;;75,000
AM;BR-319;525,000;524,000;1,000;28/04/2022;-7,5174614;-63,029659;;77,500
AM;BR-319;524,000;523,000;1,000;28/04/2022;-7,5174614;-63,029659;;83,750
AM;BR-319;523,000;522,000;1,000;28/04/2022;-7,5174614;-63,029659;;86,250
AM;BR-319;522,000;521,000;1,000;28/04/2022;-7,5174614;-63,029659;;78,750
AM;BR-319;521,000;520,000;1,000;28/04/2022;-7,5174614;-63,029659;;88,750
AM;BR-319;520,000;519,000;1,000;28/04/2022;-7,5174614;-63,029659;;83,750
AM;BR-319;519,000;518,000;1,000;28/04/2022;-7,5174614;-63,029659;;91,250
AM;BR-319;518,000;517,000;1,000;28/04/2022;-7,5174614;-63,029659;;93,750
AM;BR-319;517,000;516,000;1,000;28/04/2022;-7,5174614;-63,029659;;73,750
AM;BR-319;516,000;515,000;1,000;28/04/2022;-7,5174614;-63,029659;;78,750
AM;BR-319;515,000;514,000;1,000;28/04/2022;-7,5174614;-63,029659;;61,250
AM;BR-319;514,000;513,800;0,200;28/04/2022;-7,5174614;-63,029659;;76,250
AM;BR-319;513,800;512,000;1,800;28/04/2022;-7,5174614;-63,029659;;78,750
AM;BR-319;589,400;590,000;0,600;29/04/2022;-6,9746082;-63,0954853;;57,500
AM;BR-319;590,000;591,000;1,000;29/04/2022;-6,9933864;-63,1002766;;62,500
AM;BR-319;591,000;592,000;1,000;29/04/2022;-6,9933864;-63,1002766;;60,000
AM;BR-319;592,000;593,000;1,000;29/04/2022;-7,0046582;-63,1004614;;32,500
AM;BR-319;593,000;594,000;1,000;29/04/2022;-7,0229063;-63,1026678;;57,500
AM;BR-319;594,000;595,000;1,000;29/04/2022;-7,0229065;-63,1026647;;32,500
AM;BR-319;595,000;596,000;1,000;29/04/2022;-7,0229065;-63,1026647;;40,000
AM;BR-319;596,000;597,000;1,000;29/04/2022;-7,517594;-63,0295508;;40,000
AM;BR-319;597,000;598,000;1,000;29/04/2022;-7,517594;-63,0295508;;35,000
AM;BR-319;598,000;599,000;1,000;29/04/2022;-7,517594;-63,0295508;;75,000
AM;BR-319;599,000;600,000;1,000;29/04/2022;-7,517594;-63,0295508;;72,500
AM;BR-319;600,000;601,000;1,000;29/04/2022;-7,517594;-63,0295508;;52,500
AM;BR-319;601,000;602,000;1,000;29/04/2022;-7,517594;-63,0295508;;40,000
AM;BR-319;602,000;603,000;1,000;29/04/2022;-7,517594;-63,0295508;;72,500
AM;BR-319;603,000;604,000;1,000;29/04/2022;-7,517594;-63,0295508;;61,250
AM;BR-319;604,000;605,000;1,000;29/04/2022;-7,517594;-63,0295508;;92,500
AM;BR-319;605,000;606,000;1,000;29/04/2022;-7,517594;-63,0295508;;66,250
AM;BR-319;606,000;607,000;1,000;29/04/2022;-7,517594;-63,0295508;;92,500
AM;BR-319;607,000;608,000;1,000;29/04/2022;-7,517594;-63,0295508;;92,500
AM;BR-319;608,000;609,000;1,000;29/04/2022;-7,517594;-63,0295508;;100,000
AM;BR-319;609,000;610,000;1,000;29/04/2022;-7,517594;-63,0295508;;92,500
AM;BR-319;610,000;611,000;1,000;29/04/2022;-7,517594;-63,0295508;;85,000
AM;BR-319;611,000;612,000;1,000;29/04/2022;-7,517594;-63,0295508;;85,000
AM;BR-319;612,000;613,000;1,000;29/04/2022;-7,517594;-63,0295508;;92,500
AM;BR-319;613,000;614,000;1,000;29/04/2022;-7,517594;-63,0295508;;97,500
AM;BR-319;614,000;615,000;1,000;29/04/2022;-7,517594;-63,0295508;;92,500
AM;BR-319;615,000;616,000;1,000;29/04/2022;-7,517594;-63,0295508;;88,750
AM;BR-319;616,000;617,000;1,000;29/04/2022;-6,9711636;-63,09632;;100,000
AM;BR-319;617,000;618,000;1,000;29/04/2022;-6,9711636;-63,09632;;85,000
AM;BR-319;618,000;619,000;1,000;29/04/2022;-6,9711636;-63,09632;;92,500
AM;BR-319;619,000;620,000;1,000;29/04/2022;-6,9711636;-63,09632;;96,250
AM;BR-319;620,000;621,000;1,000;29/04/2022;-7,517594;-63,0295508;;92,500
AM;BR-319;621,000;622,000;1,000;29/04/2022;-7,517594;-63,0295508;;100,000
AM;BR-319;622,000;623,000;1,000;29/04/2022;-7,517594;-63,0295508;;100,000
AM;BR-319;623,000;624,000;1,000;29/04/2022;-7,517594;-63,0295508;;100,000
AM;BR-319;624,000;625,000;1,000;29/04/2022;-7,517594;-63,0295508;;85,000
AM;BR-319;625,000;626,000;1,000;29/04/2022;-7,517594;-63,0295508;;88,750
AM;BR-319;626,000;627,000;1,000;29/04/2022;-7,517594;-63,0295508;;92,500
AM;BR-319;627,000;628,000;1,000;29/04/2022;-7,517594;-63,0295508;;92,500
AM;BR-319;628,000;629,000;1,000;29/04/2022;-7,517594;-63,0295508;;100,000
AM;BR-319;629,000;630,000;1,000;29/04/2022;-7,517594;-63,0295508;;100,000
AM;BR-319;630,000;631,700;1,700;29/04/2022;-7,517594;-63,0295508;;100,000
BA;BR-030;703,700;702,000;1,700;30/04/2022;-14,3601307;-40,3393042;;100,000
BA;BR-030;702,000;701,000;1,000;30/04/2022;-14,3188561;-40,3794212;;100,000
BA;BR-030;701,000;700,000;1,000;30/04/2022;-14,3184126;-40,3794408;;100,000
BA;BR-030;700,000;699,000;1,000;30/04/2022;-14,3184235;-40,3794532;;100,000
BA;BR-030;699,000;698,000;1,000;30/04/2022;-14,3184258;-40,379463;;100,000
BA;BR-030;698,000;697,000;1,000;30/04/2022;-14,3184248;-40,3794687;;100,000
BA;BR-030;697,000;696,000;1,000;30/04/2022;-14,3184252;-40,3794689;;100,000
BA;BR-030;696,000;695,000;1,000;30/04/2022;-14,3184254;-40,379469;;100,000
BA;BR-030;695,000;694,000;1,000;30/04/2022;-14,3184254;-40,3794691;;100,000
BA;BR-030;694,000;693,000;1,000;30/04/2022;-14,3184255;-40,3794692;;100,000
BA;BR-030;693,000;692,000;1,000;30/04/2022;-14,3184256;-40,3794693;;100,000
BA;BR-030;692,000;691,000;1,000;30/04/2022;-14,3184257;-40,3794694;;100,000
BA;BR-030;691,000;690,000;1,000;30/04/2022;-14,3184258;-40,3794694;;100,000
BA;BR-030;690,000;689,000;1,000;30/04/2022;-14,3184259;-40,3794695;;100,000
BA;BR-030;689,000;688,000;1,000;30/04/2022;-14,318426;-40,3794695;;100,000
BA;BR-030;688,000;687,000;1,000;30/04/2022;-14,3184259;-40,3794695;;100,000
BA;BR-030;687,000;686,000;1,000;30/04/2022;-14,318426;-40,3794696;;100,000
BA;BR-030;686,000;685,000;1,000;30/04/2022;-14,318426;-40,3794697;;100,000
BA;BR-030;685,000;684,000;1,000;30/04/2022;-14,3184261;-40,3794697;;100,000
BA;BR-030;684,000;683,000;1,000;30/04/2022;-14,3184261;-40,3794698;;100,000
BA;BR-030;683,000;682,000;1,000;30/04/2022;-14,3184262;-40,3794699;;100,000
BA;BR-030;682,000;681,000;1,000;30/04/2022;-14,3184261;-40,3794701;;100,000
BA;BR-030;681,000;680,000;1,000;30/04/2022;-14,3184261;-40,3794702;;100,000
BA;BR-030;680,000;679,000;1,000;30/04/2022;-14,3184262;-40,3794703;;100,000
BA;BR-030;679,000;678,000;1,000;30/04/2022;-14,3184263;-40,3794704;;100,000
BA;BR-030;678,000;677,000;1,000;30/04/2022;-14,3184276;-40,3794717;;100,000
BA;BR-030;677,000;676,000;1,000;30/04/2022;-14,3184315;-40,3794759;;100,000
BA;BR-030;676,000;675,000;1,000;30/04/2022;-14,3184351;-40,3794781;;100,000
BA;BR-030;675,000;674,000;1,000;30/04/2022;-14,3184395;-40,3794801;;100,000
BA;BR-030;674,000;673,000;1,000;30/04/2022;-14,3184399;-40,379481;;100,000
BA;BR-030;673,000;672,000;1,000;30/04/2022;-14,3184399;-40,379481;;100,000
BA;BR-030;672,000;671,000;1,000;30/04/2022;-14,3184399;-40,379481;;100,000
BA;BR-030;671,000;670,000;1,000;30/04/2022;-14,3184399;-40,3794811;;100,000
BA;BR-030;670,000;669,000;1,000;30/04/2022;-14,3184399;-40,379481;;100,000
BA;BR-030;669,000;668,000;1,000;30/04/2022;-14,3184399;-40,3794811;;100,000
BA;BR-030;668,000;667,000;1,000;30/04/2022;-14,3184399;-40,3794811;;100,000
BA;BR-030;667,000;666,000;1,000;30/04/2022;-14,3184399;-40,3794811;;100,000
BA;BR-030;666,000;665,000;1,000;30/04/2022;-14,3184399;-40,3794811;;100,000
BA;BR-030;665,000;664,000;1,000;30/04/2022;-14,3184399;-40,3794811;;100,000
BA;BR-030;664,000;663,000;1,000;30/04/2022;-14,3184399;-40,3794811;;100,000
BA;BR-030;663,000;662,000;1,000;30/04/2022;-14,31844;-40,3794811;;100,000
BA;BR-030;662,000;661,000;1,000;30/04/2022;-14,31844;-40,3794811;;100,000
BA;BR-030;661,000;660,000;1,000;30/04/2022;-14,3184401;-40,3794811;;100,000
BA;BR-030;660,000;659,000;1,000;30/04/2022;-14,3184401;-40,3794811;;100,000
BA;BR-030;659,000;658,000;1,000;30/04/2022;-14,307008;-40,4308868;;100,000
BA;BR-030;658,000;657,000;1,000;30/04/2022;-14,3066312;-40,4313899;;100,000
BA;BR-030;657,000;656,000;1,000;30/04/2022;-14,306424;-40,4316414;;100,000
BA;BR-030;656,000;655,000;1,000;30/04/2022;-14,3062157;-40,43191;;100,000
BA;BR-030;655,000;654,000;1,000;30/04/2022;-14,3059116;-40,4323231;;100,000
BA;BR-030;654,000;653,000;1,000;30/04/2022;-14,30559;-40,4326703;;100,000
BA;BR-030;653,000;652,000;1,000;30/04/2022;-14,3052543;-40,4331245;;100,000
BA;BR-030;652,000;651,000;1,000;30/04/2022;-14,3048966;-40,4336902;;100,000
BA;BR-030;651,000;650,000;1,000;30/04/2022;-14,3048093;-40,4338651;;100,000
BA;BR-030;650,000;649,000;1,000;30/04/2022;-14,3040469;-40,4343056;;100,000
BA;BR-030;649,000;648,000;1,000;30/04/2022;-14,3039938;-40,434316;;100,000
BA;BR-030;648,000;647,000;1,000;30/04/2022;-14,302584;-40,4348131;;100,000
BA;BR-030;647,000;646,000;1,000;30/04/2022;-14,302554;-40,4348324;;100,000
BA;BR-030;646,000;645,000;1,000;30/04/2022;-14,3011798;-40,4364322;;100,000
BA;BR-030;645,000;644,000;1,000;30/04/2022;-14,3007585;-40,4367699;;100,000
BA;BR-030;644,000;643,000;1,000;30/04/2022;-14,3002523;-40,4369579;;100,000
BA;BR-030;643,000;642,000;1,000;30/04/2022;-14,3000928;-40,4371194;;100,000
BA;BR-030;642,000;641,000;1,000;30/04/2022;-14,2990646;-40,4380496;;100,000
BA;BR-030;641,000;640,000;1,000;30/04/2022;-14,2990693;-40,4380486;;100,000
BA;BR-030;640,000;639,000;1,000;30/04/2022;-14,2983195;-40,4386745;;100,000
BA;BR-030;639,000;638,000;1,000;30/04/2022;-14,2979735;-40,4389854;;100,000
BA;BR-030;638,000;637,000;1,000;30/04/2022;-14,2976077;-40,4393305;;100,000
BA;BR-030;637,000;636,000;1,000;30/04/2022;-14,2972879;-40,4396827;;100,000
BA;BR-030;636,000;635,000;1,000;30/04/2022;-14,2969319;-40,439991;;100,000
BA;BR-030;635,000;634,000;1,000;30/04/2022;-14,2967714;-40,4401445;;100,000
BA;BR-030;634,000;633,000;1,000;30/04/2022;-14,2963756;-40,4405037;;100,000
BA;BR-030;633,000;632,000;1,000;30/04/2022;-14,2955403;-40,442171;;100,000
BA;BR-030;632,000;631,000;1,000;30/04/2022;-14,295818;-40,4433544;;100,000
BA;BR-030;631,000;630,000;1,000;30/04/2022;-14,2967205;-40,4455676;;100,000
BA;BR-030;630,000;629,000;1,000;30/04/2022;-14,2979604;-40,4472233;;100,000
BA;BR-030;629,000;628,000;1,000;30/04/2022;-14,3208559;-40,4553007;;100,000
BA;BR-030;628,000;627,000;1,000;30/04/2022;-14,3208632;-40,4552943;;100,000
BA;BR-030;627,000;626,000;1,000;30/04/2022;-14,3208779;-40,4552797;;100,000
BA;BR-030;626,000;625,000;1,000;30/04/2022;-14,3208839;-40,4552766;;100,000
BA;BR-030;625,000;624,000;1,000;30/04/2022;-14,3208889;-40,4552738;;100,000
BA;BR-030;624,000;623,000;1,000;30/04/2022;-14,3208916;-40,4552729;;100,000
BA;BR-030;623,000;622,000;1,000;30/04/2022;-14,320892;-40,4552726;;100,000
BA;BR-030;622,000;621,000;1,000;30/04/2022;-14,3208922;-40,4552722;;100,000
BA;BR-030;621,000;620,000;1,000;30/04/2022;-14,3208924;-40,4552722;;100,000
BA;BR-030;620,000;619,000;1,000;30/04/2022;-14,3208926;-40,4552721;;100,000
BA;BR-030;619,000;618,000;1,000;30/04/2022;-14,3208928;-40,455272;;100,000
BA;BR-030;618,000;617,000;1,000;30/04/2022;-14,3208929;-40,4552719;;100,000
BA;BR-030;617,000;616,000;1,000;30/04/2022;-14,3208929;-40,4552718;;100,000
BA;BR-030;616,000;615,000;1,000;30/04/2022;-14,3208886;-40,4552659;;100,000
BA;BR-030;615,000;614,000;1,000;30/04/2022;-14,3209084;-40,4552576;;100,000
BA;BR-030;614,000;613,000;1,000;30/04/2022;-14,3209082;-40,4552575;;100,000
BA;BR-030;613,000;612,000;1,000;30/04/2022;-14,3209081;-40,4552574;;100,000
BA;BR-030;612,000;611,000;1,000;30/04/2022;-14,320908;-40,4552571;;100,000
BA;BR-030;611,000;610,000;1,000;30/04/2022;-14,3209079;-40,455257;;100,000
BA;BR-030;610,000;609,000;1,000;30/04/2022;-14,3209077;-40,4552574;;100,000
BA;BR-030;609,000;608,000;1,000;30/04/2022;-14,3209075;-40,4552571;;100,000
BA;BR-030;608,000;607,000;1,000;30/04/2022;-14,3209074;-40,4552569;;100,000
BA;BR-030;607,000;606,000;1,000;30/04/2022;-14,3209073;-40,4552568;;100,000
BA;BR-030;606,000;605,000;1,000;30/04/2022;-14,3209072;-40,4552567;;100,000
BA;BR-030;605,000;604,000;1,000;30/04/2022;-14,3209071;-40,4552566;;100,000
BA;BR-030;604,000;603,000;1,000;30/04/2022;-14,320907;-40,4552565;;100,000
BA;BR-030;603,000;602,000;1,000;30/04/2022;-14,320907;-40,4552564;;100,000
BA;BR-030;602,000;601,000;1,000;30/04/2022;-14,320907;-40,4552562;;100,000
BA;BR-030;601,000;600,000;1,000;30/04/2022;-14,3209068;-40,4552563;;100,000
BA;BR-030;600,000;599,000;1,000;30/04/2022;-14,3209068;-40,4552564;;100,000
BA;BR-030;599,000;598,000;1,000;30/04/2022;-14,3209066;-40,4552565;;100,000
BA;BR-030;598,000;597,000;1,000;30/04/2022;-14,3209066;-40,4552566;;100,000
BA;BR-030;597,000;596,000;1,000;30/04/2022;-14,3209065;-40,4552567;;100,000
BA;BR-030;596,000;595,000;1,000;30/04/2022;-14,3209065;-40,4552567;;100,000
BA;BR-030;595,000;594,000;1,000;30/04/2022;-14,3209065;-40,4552568;;100,000
BA;BR-030;594,000;593,000;1,000;30/04/2022;-14,3209064;-40,4552568;;100,000
BA;BR-030;593,000;592,000;1,000;30/04/2022;-14,3209064;-40,4552568;;100,000
BA;BR-030;592,000;591,000;1,000;30/04/2022;-14,3209063;-40,4552569;;100,000
BA;BR-030;591,000;590,000;1,000;30/04/2022;-14,3209062;-40,4552569;;100,000
BA;BR-030;590,000;589,000;1,000;30/04/2022;-14,3209062;-40,4552569;;100,000
BA;BR-030;589,000;588,000;1,000;30/04/2022;-14,320511;-40,4549516;;100,000
AM;BR-230;205,100;204,000;1,100;26/04/2022;-7,51520195;-63,0344265;;95,000
AM;BR-230;204,000;203,000;1,000;26/04/2022;-7,51520195;-63,0344265;;91,250
AM;BR-230;203,000;202,000;1,000;26/04/2022;-7,51520195;-63,0344265;;95,000
AM;BR-230;202,000;201,000;1,000;26/04/2022;-7,51520195;-63,0344265;;91,250
AM;BR-230;201,000;200,000;1,000;26/04/2022;-7,51520195;-63,0344265;;90,000
AM;BR-230;200,000;199,000;1,000;26/04/2022;-7,51520195;-63,0344265;;90,000
AM;BR-230;199,000;198,000;1,000;26/04/2022;-7,51520195;-63,0344265;;95,000
AM;BR-230;198,000;197,000;1,000;26/04/2022;-7,51520195;-63,0344265;;95,000
AM;BR-230;197,000;196,000;1,000;26/04/2022;-7,51520195;-63,0344265;;95,000
AM;BR-230;196,000;195,000;1,000;26/04/2022;-7,51520195;-63,0344265;;95,000
AM;BR-230;195,000;194,000;1,000;26/04/2022;-7,51520195;-63,0344265;;95,000
AM;BR-230;194,000;193,000;1,000;26/04/2022;-7,51520195;-63,0344265;;93,750
AM;BR-230;193,000;192,000;1,000;26/04/2022;-7,51520195;-63,0344265;;93,750
AM;BR-230;192,000;191,000;1,000;26/04/2022;-7,51520195;-63,0344265;;90,000
AM;BR-230;191,000;190,000;1,000;26/04/2022;-7,51520195;-63,0344265;;90,000
AM;BR-230;190,000;189,000;1,000;26/04/2022;-7,51520195;-63,0344265;;93,750
AM;BR-230;189,000;188,000;1,000;26/04/2022;-7,51520195;-63,0344265;;67,500
AM;BR-230;188,000;187,000;1,000;26/04/2022;-7,51520195;-63,0344265;;87,500
AM;BR-230;187,000;186,000;1,000;26/04/2022;-7,51520195;-63,0344265;;95,000
AM;BR-230;186,000;185,000;1,000;26/04/2022;-7,51520195;-63,0344265;;93,750
AM;BR-230;185,000;184,000;1,000;26/04/2022;-7,51520195;-63,0344265;;95,000
AM;BR-230;184,000;183,000;1,000;26/04/2022;-7,51520195;-63,0344265;;90,000
AM;BR-230;183,000;182,000;1,000;26/04/2022;-7,51520195;-63,0344265;;77,500
AM;BR-230;182,000;181,000;1,000;26/04/2022;-7,51520195;-63,0344265;;81,250
AM;BR-230;181,000;180,000;1,000;26/04/2022;-7,51520195;-63,0344265;;90,000
AM;BR-230;180,000;179,000;1,000;26/04/2022;-7,51520195;-63,0344265;;82,500
AM;BR-230;179,000;178,000;1,000;26/04/2022;-7,51520195;-63,0344265;;93,750
AM;BR-230;178,000;177,000;1,000;26/04/2022;-7,51520195;-63,0344265;;85,000
AM;BR-230;177,000;176,000;1,000;26/04/2022;-7,51520195;-63,0344265;;56,250
AM;BR-230;176,000;175,000;1,000;26/04/2022;-7,51520195;-63,0344265;;82,500
AM;BR-230;175,000;174,000;1,000;26/04/2022;-7,51520195;-63,0344265;;68,750
AM;BR-230;174,000;173,000;1,000;26/04/2022;-7,51520195;-63,0344265;;73,750
AM;BR-230;173,000;172,000;1,000;26/04/2022;-7,51520195;-63,0344265;;81,250
AM;BR-230;172,000;171,000;1,000;26/04/2022;-7,51520195;-63,0344265;;81,250
AM;BR-230;171,000;170,000;1,000;26/04/2022;-7,51520195;-63,0344265;;87,500
AM;BR-230;170,000;169,000;1,000;26/04/2022;-7,51520195;-63,0344265;;57,500
AM;BR-230;169,000;168,000;1,000;26/04/2022;-7,51520195;-63,0344265;;82,500
AM;BR-230;168,000;167,000;1,000;26/04/2022;-7,51520195;-63,0344265;;70,000
AM;BR-230;167,000;166,000;1,000;26/04/2022;-7,51520195;-63,0344265;;71,250
AM;BR-230;166,000;165,000;1,000;26/04/2022;-7,51520195;-63,0344265;;61,250
AM;BR-230;165,000;164,000;1,000;26/04/2022;-7,51520195;-63,0344265;;77,500
AM;BR-230;164,000;163,000;1,000;26/04/2022;-7,51520195;-63,0344265;;77,500
AM;BR-230;163,000;162,000;1,000;26/04/2022;-7,51520195;-63,0344265;;76,250
AM;BR-230;162,000;161,000;1,000;26/04/2022;-7,51520195;-63,0344265;;85,000
AM;BR-230;161,000;160,000;1,000;26/04/2022;-7,51520195;-63,0344265;;90,000
AM;BR-230;160,000;159,000;1,000;26/04/2022;-7,51520195;-63,0344265;;78,750
AM;BR-230;159,000;158,000;1,000;26/04/2022;-7,51520195;-63,0344265;;90,000
AM;BR-230;158,000;157,000;1,000;26/04/2022;-7,51520195;-63,0344265;;86,250
AM;BR-230;157,000;156,000;1,000;26/04/2022;-7,51520195;-63,0344265;;77,500
AM;BR-230;156,000;155,000;1,000;26/04/2022;-7,51520195;-63,0344265;;77,500
AM;BR-230;155,000;154,000;1,000;26/04/2022;-7,51520195;-63,0344265;;77,500
AM;BR-230;154,000;153,000;1,000;26/04/2022;-7,51520195;-63,0344265;;87,500
AM;BR-230;153,000;152,000;1,000;26/04/2022;-7,51520195;-63,0344265;;63,750
AM;BR-230;152,000;151,000;1,000;26/04/2022;-7,51520195;-63,0344265;;93,750
AM;BR-230;151,000;150,000;1,000;26/04/2022;-7,51520195;-63,0344265;;82,500
AM;BR-230;150,000;149,000;1,000;26/04/2022;-7,51520195;-63,0344265;;80,000
AM;BR-230;149,000;148,000;1,000;26/04/2022;-7,51520195;-63,0344265;;80,000
AM;BR-230;148,000;147,000;1,000;26/04/2022;-7,51520195;-63,0344265;;80,000
AM;BR-230;147,000;146,000;1,000;26/04/2022;-7,51520195;-63,0344265;;80,000
AM;BR-230;146,000;145,000;1,000;26/04/2022;-7,51520195;-63,0344265;;82,500
AM;BR-230;145,000;144,000;1,000;26/04/2022;-7,51520195;-63,0344265;;83,750
AM;BR-230;144,000;143,000;1,000;26/04/2022;-7,51520195;-63,0344265;;86,250
AM;BR-230;143,000;142,000;1,000;26/04/2022;-7,51520195;-63,0344265;;87,500
AM;BR-230;142,000;141,000;1,000;26/04/2022;-7,51520195;-63,0344265;;70,000
AM;BR-230;141,000;140,000;1,000;26/04/2022;-7,51520195;-63,0344265;;87,500
AM;BR-230;140,000;139,000;1,000;26/04/2022;-7,51520195;-63,0344265;;68,750
AM;BR-230;139,000;138,000;1,000;26/04/2022;-7,51520195;-63,0344265;;81,250
AM;BR-230;138,000;137,000;1,000;26/04/2022;-7,51520195;-63,0344265;;86,250
AM;BR-230;137,000;136,000;1,000;26/04/2022;-7,51520195;-63,0344265;;90,000
AM;BR-230;136,000;135,000;1,000;26/04/2022;-7,51520195;-63,0344265;;90,000
AM;BR-230;135,000;134,000;1,000;26/04/2022;-7,51520195;-63,0344265;;90,000
AM;BR-230;134,000;133,000;1,000;26/04/2022;-7,51520195;-63,0344265;;82,500
AM;BR-230;133,000;132,000;1,000;26/04/2022;-7,51520195;-63,0344265;;93,750
AM;BR-230;132,000;131,000;1,000;26/04/2022;-7,51520195;-63,0344265;;92,500
AM;BR-230;131,000;130,000;1,000;26/04/2022;-7,51520195;-63,0344265;;92,500
AM;BR-230;130,000;129,000;1,000;26/04/2022;-7,51520195;-63,0344265;;81,250
AM;BR-230;129,000;128,000;1,000;26/04/2022;-7,51520195;-63,0344265;;88,750
AM;BR-230;128,000;127,000;1,000;26/04/2022;-7,51520195;-63,0344265;;93,750
AM;BR-230;127,000;126,000;1,000;26/04/2022;-7,51520195;-63,0344265;;90,000
AM;BR-230;126,000;125,000;1,000;26/04/2022;-7,51520195;-63,0344265;;87,500
AM;BR-230;125,000;124,000;1,000;26/04/2022;-7,51520195;-63,0344265;;90,000
AM;BR-230;124,000;123,000;1,000;26/04/2022;-7,51520195;-63,0344265;;93,750
AM;BR-230;123,000;122,000;1,000;26/04/2022;-7,51520195;-63,0344265;;95,000
AM;BR-230;122,000;121,000;1,000;26/04/2022;-7,51520195;-63,0344265;;95,000
AM;BR-230;121,000;120,000;1,000;26/04/2022;-7,51520195;-63,0344265;;97,500
AM;BR-230;120,000;119,000;1,000;26/04/2022;-7,51520195;-63,0344265;;100,000
AM;BR-230;119,000;118,000;1,000;26/04/2022;-7,51520195;-63,0344265;;100,000
AM;BR-230;118,000;117,000;1,000;26/04/2022;-7,51520195;-63,0344265;;100,000
AM;BR-230;117,000;116,000;1,000;26/04/2022;-7,51520195;-63,0344265;;100,000
AM;BR-230;116,000;115,000;1,000;26/04/2022;-7,51520195;-63,0344265;;100,000
AM;BR-230;115,000;114,000;1,000;26/04/2022;-7,51520195;-63,0344265;;92,500
AM;BR-230;114,000;113,000;1,000;26/04/2022;-7,51520195;-63,0344265;;98,750
AM;BR-230;113,000;112,000;1,000;26/04/2022;-7,51520195;-63,0344265;;98,750
AM;BR-230;112,000;111,000;1,000;26/04/2022;-7,51520195;-63,0344265;;98,750
AM;BR-230;111,000;110,000;1,000;26/04/2022;-7,51520195;-63,0344265;;91,250
AM;BR-230;110,000;109,000;1,000;26/04/2022;-7,51520195;-63,0344265;;91,250
AM;BR-230;109,000;108,000;1,000;26/04/2022;-7,51520195;-63,0344265;;93,750
AM;BR-230;108,000;107,000;1,000;26/04/2022;-7,51520195;-63,0344265;;95,000
AM;BR-230;107,000;106,000;1,000;26/04/2022;-7,51520195;-63,0344265;;95,000
AM;BR-230;106,000;105,000;1,000;26/04/2022;-7,51520195;-63,0344265;;95,000
AM;BR-230;105,000;104,000;1,000;26/04/2022;-7,51520195;-63,0344265;;95,000
AM;BR-230;104,000;103,000;1,000;26/04/2022;-7,51520195;-63,0344265;;98,750
AM;BR-230;103,000;102,000;1,000;26/04/2022;-7,51520195;-63,0344265;;66,250
AM;BR-230;102,000;101,000;1,000;26/04/2022;-7,51520195;-63,0344265;;96,250
AM;BR-230;101,000;100,000;1,000;26/04/2022;-7,51520195;-63,0344265;;85,000
AM;BR-230;100,000;99,000;1,000;26/04/2022;-7,51520195;-63,0344265;;96,250
AM;BR-230;99,000;98,000;1,000;26/04/2022;-7,51520195;-63,0344265;;98,750
AM;BR-230;98,000;97,000;1,000;26/04/2022;-7,51520195;-63,0344265;;98,750
AM;BR-230;97,000;96,000;1,000;26/04/2022;-7,51520195;-63,0344265;;96,250
AM;BR-230;96,000;95,000;1,000;26/04/2022;-7,51520195;-63,0344265;;100,000
AM;BR-230;95,000;94,000;1,000;26/04/2022;-7,51520195;-63,0344265;;100,000
AM;BR-230;94,000;93,000;1,000;26/04/2022;-7,51520195;-63,0344265;;100,000
AM;BR-230;93,000;92,000;1,000;26/04/2022;-7,51520195;-63,0344265;;100,000
AM;BR-230;92,000;91,000;1,000;26/04/2022;-7,51520195;-63,0344265;;100,000
AM;BR-230;91,000;90,000;1,000;26/04/2022;-7,51520195;-63,0344265;;92,500
AM;BR-230;90,000;89,000;1,000;26/04/2022;-7,51520195;-63,0344265;;91,250
AM;BR-230;89,000;88,000;1,000;26/04/2022;-7,51520195;-63,0344265;;96,250
AM;BR-230;88,000;87,000;1,000;26/04/2022;-7,51520195;-63,0344265;;95,000
AM;BR-230;87,000;86,000;1,000;26/04/2022;-7,51520195;-63,0344265;;100,000
AM;BR-230;86,000;85,000;1,000;26/04/2022;-7,51520195;-63,0344265;;100,000
AM;BR-230;85,000;84,000;1,000;26/04/2022;-7,51520195;-63,0344265;;100,000
AM;BR-230;84,000;83,000;1,000;26/04/2022;-7,51520195;-63,0344265;;100,000
AM;BR-230;83,000;82,000;1,000;26/04/2022;-7,51520195;-63,0344265;;92,500
AM;BR-230;82,000;81,000;1,000;26/04/2022;-7,51520195;-63,0344265;;100,000
AM;BR-230;81,000;80,000;1,000;26/04/2022;-7,51520195;-63,0344265;;96,250
AM;BR-230;80,000;79,000;1,000;26/04/2022;-7,51520195;-63,0344265;;90,000
AM;BR-230;79,000;78,000;1,000;26/04/2022;-7,51520195;-63,0344265;;100,000
AM;BR-230;78,000;77,000;1,000;26/04/2022;-7,5092003;-63,033226;;100,000
AM;BR-230;77,000;76,000;1,000;26/04/2022;-7,51520195;-63,0344265;;87,500
AM;BR-230;76,000;75,000;1,000;26/04/2022;-7,51520195;-63,0344265;;88,750
AM;BR-230;75,000;74,000;1,000;26/04/2022;-7,51520195;-63,0344265;;100,000
AM;BR-230;74,000;73,000;1,000;26/04/2022;-7,51520195;-63,0344265;;100,000
AM;BR-230;73,000;72,000;1,000;26/04/2022;-7,51520195;-63,0344265;;100,000
AM;BR-230;72,000;71,000;1,000;26/04/2022;-7,51520195;-63,0344265;;100,000
AM;BR-230;71,000;70,000;1,000;26/04/2022;-7,51520195;-63,0344265;;100,000
AM;BR-230;70,000;69,000;1,000;26/04/2022;-7,51520195;-63,0344265;;91,250
AM;BR-230;69,000;68,000;1,000;26/04/2022;-7,51520195;-63,0344265;;100,000
AM;BR-230;68,000;67,000;1,000;26/04/2022;-7,51520195;-63,0344265;;96,250
AM;BR-230;67,000;66,000;1,000;26/04/2022;-7,51520195;-63,0344265;;100,000
AM;BR-230;66,000;65,000;1,000;26/04/2022;-7,51520195;-63,0344265;;100,000
AM;BR-230;65,000;64,000;1,000;26/04/2022;-7,51520195;-63,0344265;;100,000
AM;BR-230;64,000;63,000;1,000;26/04/2022;-7,51520195;-63,0344265;;100,000
AM;BR-230;63,000;62,000;1,000;26/04/2022;-7,51520195;-63,0344265;;96,250
AM;BR-230;62,000;61,000;1,000;26/04/2022;-7,51520195;-63,0344265;;92,500
AM;BR-230;61,000;60,000;1,000;26/04/2022;-7,51520195;-63,0344265;;100,000
AM;BR-230;60,000;59,000;1,000;26/04/2022;-7,51520195;-63,0344265;;100,000
AM;BR-230;59,000;58,000;1,000;26/04/2022;-7,51520195;-63,0344265;;100,000
AM;BR-230;58,000;57,000;1,000;26/04/2022;-7,51520195;-63,0344265;;88,750
AM;BR-230;57,000;56,000;1,000;26/04/2022;-7,51520195;-63,0344265;;96,250
AM;BR-230;56,000;55,000;1,000;26/04/2022;-7,51520195;-63,0344265;;97,500
AM;BR-230;55,000;54,000;1,000;26/04/2022;-7,51520195;-63,0344265;;100,000
AM;BR-230;54,000;53,000;1,000;26/04/2022;-7,51520195;-63,0344265;;100,000
AM;BR-230;53,000;52,000;1,000;26/04/2022;-7,51520195;-63,0344265;;100,000
AM;BR-230;52,000;51,000;1,000;26/04/2022;-7,51520195;-63,0344265;;100,000
AM;BR-230;51,000;50,000;1,000;26/04/2022;-7,51520195;-63,0344265;;100,000
AM;BR-230;50,000;49,000;1,000;26/04/2022;-7,51520195;-63,0344265;;98,750
AM;BR-230;49,000;48,000;1,000;26/04/2022;-7,51520195;-63,0344265;;98,750
AM;BR-230;48,000;47,000;1,000;26/04/2022;-7,51520195;-63,0344265;;91,250
AM;BR-230;47,000;46,000;1,000;26/04/2022;-7,51520195;-63,0344265;;92,500
AM;BR-230;46,000;45,000;1,000;26/04/2022;-7,51520195;-63,0344265;;100,000
AM;BR-230;45,000;44,000;1,000;26/04/2022;-7,51520195;-63,0344265;;100,000
AM;BR-230;44,000;43,000;1,000;26/04/2022;-7,51520195;-63,0344265;;98,750
AM;BR-230;43,000;42,000;1,000;26/04/2022;-7,51520195;-63,0344265;;95,000
AM;BR-230;42,000;41,000;1,000;26/04/2022;-7,51520195;-63,0344265;;95,000
AM;BR-230;41,000;40,000;1,000;26/04/2022;-7,51520195;-63,0344265;;87,500
AM;BR-230;40,000;39,000;1,000;26/04/2022;-7,51520195;-63,0344265;;85,000
AM;BR-230;39,000;38,000;1,000;26/04/2022;-7,51520195;-63,0344265;;85,000
AM;BR-230;38,000;37,000;1,000;26/04/2022;-7,51520195;-63,0344265;;100,000
AM;BR-230;37,000;36,000;1,000;26/04/2022;-7,51520195;-63,0344265;;87,500
AM;BR-230;36,000;35,000;1,000;26/04/2022;-7,51520195;-63,0344265;;85,000
AM;BR-230;35,000;34,000;1,000;26/04/2022;-7,51520195;-63,0344265;;100,000
AM;BR-230;34,000;33,000;1,000;26/04/2022;-7,51520195;-63,0344265;;100,000
AM;BR-230;33,000;32,000;1,000;26/04/2022;-7,51520195;-63,0344265;;100,000
AM;BR-230;32,000;31,000;1,000;26/04/2022;-7,51520195;-63,0344265;;100,000
AM;BR-230;31,000;30,000;1,000;26/04/2022;-7,51520195;-63,0344265;;100,000
AM;BR-230;30,000;29,000;1,000;26/04/2022;-7,51520195;-63,0344265;;98,750
AM;BR-230;29,000;28,000;1,000;26/04/2022;-7,51520195;-63,0344265;;95,000
AM;BR-230;28,000;27,000;1,000;26/04/2022;-7,51520195;-63,0344265;;85,000
AM;BR-230;27,000;26,000;1,000;26/04/2022;-7,51520195;-63,0344265;;92,500
AM;BR-230;26,000;25,000;1,000;26/04/2022;-7,51520195;-63,0344265;;85,000
AM;BR-230;25,000;24,000;1,000;26/04/2022;-7,51520195;-63,0344265;;98,750
AM;BR-230;24,000;23,000;1,000;26/04/2022;-7,51520195;-63,0344265;;100,000
AM;BR-230;23,000;22,000;1,000;26/04/2022;-7,51520195;-63,0344265;;81,250
AM;BR-230;22,000;21,000;1,000;26/04/2022;-7,51520195;-63,0344265;;76,250
AM;BR-230;21,000;20,000;1,000;26/04/2022;-7,51520195;-63,0344265;;76,250
AM;BR-230;20,000;19,000;1,000;26/04/2022;-7,51520195;-63,0344265;;51,250
AM;BR-230;19,000;18,000;1,000;26/04/2022;-7,51520195;-63,0344265;;62,500
AM;BR-230;18,000;17,000;1,000;26/04/2022;-7,51520195;-63,0344265;;57,500
AM;BR-230;17,000;16,000;1,000;26/04/2022;-7,51520195;-63,0344265;;46,250
AM;BR-230;16,000;15,000;1,000;26/04/2022;-7,51520195;-63,0344265;;55,000
AM;BR-230;15,000;14,000;1,000;26/04/2022;-7,51520195;-63,0344265;;52,500
AM;BR-230;14,000;13,000;1,000;26/04/2022;-7,51520195;-63,0344265;;62,500
AM;BR-230;13,000;12,000;1,000;26/04/2022;-7,51520195;-63,0344265;;57,500
AM;BR-230;12,000;11,000;1,000;26/04/2022;-7,51520195;-63,0344265;;68,750
AM;BR-230;11,000;10,000;1,000;26/04/2022;-7,51520195;-63,0344265;;26,250
AM;BR-230;10,000;9,000;1,000;26/04/2022;-7,51520195;-63,0344265;;23,750
AM;BR-230;9,000;8,000;1,000;26/04/2022;-7,51520195;-63,0344265;;22,500
AM;BR-230;8,000;7,000;1,000;26/04/2022;-7,51520195;-63,0344265;;23,750
AM;BR-230;7,000;6,000;1,000;26/04/2022;-7,51520195;-63,0344265;;22,500
AM;BR-230;6,000;5,000;1,000;26/04/2022;-7,51520195;-63,0344265;;22,500
AM;BR-230;5,000;4,000;1,000;26/04/2022;-7,51520195;-63,0344265;;20,000
AM;BR-230;4,000;3,000;1,000;26/04/2022;-7,51520195;-63,0344265;;23,750
AM;BR-230;3,000;2,000;1,000;26/04/2022;-7,51520195;-63,0344265;;20,000
AM;BR-230;2,000;1,000;1,000;26/04/2022;-7,51520195;-63,0344265;;20,000
AM;BR-230;1,000;0,000;1,000;26/04/2022;-7,51520195;-63,0344265;;20,000