;;;;;;;;;
;;;;;;;;;
;;;;;;;;;
;;;;;;;;;
UF;Rodovia;km inicial;km final;Extensão (km);Data;Latitude;Longitude;Observação;ICMNP
;;;;;;;;;
;;;;;;;;;
PA;BR-163;676,1;677,000;0,9;04/07/2022;-4,2961709;-55,9583062;;37,500
PA;BR-163;677,000;678,000;1,0000;04/07/2022;-4,2961709;-55,9583062;;25,000
PA;BR-163;678,000;679,000;1,0000;04/07/2022;-4,2961709;-55,9583062;;31,250
PA;BR-163;679,000;680,000;1,0000;04/07/2022;-4,2961709;-55,9583062;;37,500
PA;BR-163;680,000;681,000;1,0000;04/07/2022;-4,2961709;-55,9583062;;37,500
PA;BR-163;681,000;682,000;1,0000;04/07/2022;-4,2961709;-55,9583062;;31,250
PA;BR-163;682,000;683,000;1,0000;04/07/2022;-4,2961709;-55,9583062;;31,250
PA;BR-163;683,000;684,000;1,0000;04/07/2022;-4,2961709;-55,9583062;;31,250
PA;BR-163;684,000;685,000;1,0000;04/07/2022;-4,2961709;-55,9583062;;31,250
PA;BR-163;685,000;686,000;1,0000;04/07/2022;-4,2961709;-55,9583062;;33,750
PA;BR-163;686,000;687,000;1,0000;04/07/2022;-4,2961709;-55,9583062;;15,000
PA;BR-163;687,000;688,000;1,0000;04/07/2022;-4,2961709;-55,9583062;;15,000
PA;BR-163;688,000;689,000;1,0000;04/07/2022;-4,2961709;-55,9583062;;40,000
PA;BR-163;689,000;690,000;1,0000;04/07/2022;-4,2961709;-55,9583062;;41,250
PA;BR-163;690,000;691,000;1,0000;04/07/2022;-4,2961709;-55,9583062;;16,250
PA;BR-163;691,000;692,000;1,0000;04/07/2022;-4,2961709;-55,9583062;;15,000
PA;BR-163;692,000;693,000;1,0000;04/07/2022;-4,2961709;-55,9583062;;15,000
PA;BR-163;693,000;694,000;1,0000;04/07/2022;-4,2961709;-55,9583062;;15,000
PA;BR-163;694,000;695,000;1,0000;04/07/2022;-4,2961709;-55,9583062;;15,000
PA;BR-163;695,000;696,000;1,0000;04/07/2022;-4,2961709;-55,9583062;;27,500
PA;BR-163;696,000;697,000;1,0000;04/07/2022;-4,2961709;-55,9583062;;33,750
PA;BR-163;697,000;698,000;1,0000;04/07/2022;-4,2961709;-55,9583062;;27,500
PA;BR-163;698,000;699,000;1,0000;04/07/2022;-4,2961709;-55,9583062;;22,500
PA;BR-163;699,000;700,000;1,0000;04/07/2022;-4,2961709;-55,9583062;;33,750
PA;BR-163;700,000;701,000;1,0000;04/07/2022;-4,2961709;-55,9583062;;27,500
PA;BR-163;701,000;702,000;1,0000;04/07/2022;-4,2961709;-55,9583062;;15,000
PA;BR-163;702,000;703,000;1,0000;04/07/2022;-4,2961709;-55,9583062;;15,000
PA;BR-163;703,000;704,000;1,0000;04/07/2022;-4,2961709;-55,9583062;;15,000
PA;BR-163;704,000;705,000;1,0000;04/07/2022;-4,2961709;-55,9583062;;15,000
PA;BR-163;722,100;723,000;0,9000;04/07/2022;-4,2961709;-55,9583062;;40,000
PA;BR-163;723,000;724,000;1,0000;04/07/2022;-4,2961709;-55,9583062;;40,000
PA;BR-163;724,000;725,000;1,0000;04/07/2022;-4,2961709;-55,9583062;;40,000
PA;BR-163;732,680;733,000;0,3200;04/07/2022;-4,2961709;-55,9583062;;15,000
PA;BR-163;733,000;734,000;1,0000;04/07/2022;-4,2961709;-55,9583062;;47,500
PA;BR-163;734,000;735,000;1,0000;04/07/2022;-4,2961709;-55,9583062;;48,750
PA;BR-163;735,000;736,000;1,0000;04/07/2022;-4,2961709;-55,9583062;;48,750
PA;BR-163;736,000;737,000;1,0000;04/07/2022;-4,2961709;-55,9583062;;42,500
PA;BR-163;737,000;738,000;1,0000;04/07/2022;-4,2961709;-55,9583062;;48,750
BA;BR-030;281,700;280,000;1,7000;05/07/2022;-14,2864083;-43,7850066;;66,250
BA;BR-030;280,000;279,000;1,0000;05/07/2022;-14,280515;-43,7935683;;53,750
BA;BR-030;279,000;278,000;1,0000;05/07/2022;-14,280515;-43,7935683;;53,750
BA;BR-030;278,000;277,000;1,0000;05/07/2022;-14,2697533;-43,8091516;;57,500
BA;BR-030;277,000;276,000;1,0000;05/07/2022;-14,2697533;-43,8091516;;50,000
BA;BR-030;276,000;275,000;1,0000;05/07/2022;-14,2697533;-43,8091516;;57,500
BA;BR-030;275,000;274,000;1,0000;05/07/2022;-14,2697533;-43,8091516;;53,750
BA;BR-030;274,000;273,000;1,0000;05/07/2022;-14,2697533;-43,8091516;;42,500
BA;BR-030;273,000;272,000;1,0000;05/07/2022;-14,2697533;-43,8091516;;68,750
BA;BR-030;272,000;271,000;1,0000;05/07/2022;-14,2697533;-43,8091516;;50,000
BA;BR-030;271,000;270,000;1,0000;05/07/2022;-14,23355;-43,8606983;;50,000
BA;BR-030;270,000;269,000;1,0000;05/07/2022;-14,23355;-43,8606983;;57,500
BA;BR-030;269,000;268,000;1,0000;05/07/2022;-14,23355;-43,8606983;;53,750
BA;BR-030;268,000;267,000;1,0000;05/07/2022;-14,23355;-43,8606983;;62,500
BA;BR-030;267,000;266,000;1,0000;05/07/2022;-14,2137716;-43,8950066;;50,000
BA;BR-030;266,000;265,000;1,0000;05/07/2022;-14,2137716;-43,8950066;;57,500
BA;BR-030;265,000;264,000;1,0000;05/07/2022;-14,2137716;-43,8950066;;57,500
BA;BR-030;264,000;263,000;1,0000;05/07/2022;-14,2137716;-43,8950066;;42,500
BA;BR-030;263,000;262,000;1,0000;05/07/2022;-14,2137716;-43,8950066;;42,500
BA;BR-030;262,000;261,000;1,0000;05/07/2022;-14,2137716;-43,8950066;;50,000
BA;BR-030;261,000;260,000;1,0000;05/07/2022;-14,2090266;-43,94659;;57,500
BA;BR-030;260,000;259,000;1,0000;05/07/2022;-14,2090266;-43,94659;;57,500
BA;BR-030;259,000;258,000;1,0000;05/07/2022;-14,2090266;-43,94659;;50,000
BA;BR-030;258,000;257,000;1,0000;05/07/2022;-14,2090266;-43,94659;;50,000
BA;BR-030;257,000;256,000;1,0000;05/07/2022;-14,2090266;-43,94659;;66,250
BA;BR-030;256,000;255,000;1,0000;05/07/2022;-14,2090266;-43,94659;;46,250
BA;BR-030;255,000;254,000;1,0000;05/07/2022;-14,2090266;-43,94659;;46,250
BA;BR-030;254,000;253,000;1,0000;05/07/2022;-14,2090266;-43,94659;;47,500
BA;BR-030;253,000;252,000;1,0000;05/07/2022;-14,2090266;-43,94659;;35,000
BA;BR-030;252,000;251,000;1,0000;05/07/2022;-14,2090266;-43,94659;;20,000
BA;BR-030;251,000;250,000;1,0000;05/07/2022;-14,20859;-44,0384366;;27,500
BA;BR-030;250,000;249,000;1,0000;05/07/2022;-14,20859;-44,0384366;;42,500
BA;BR-030;249,000;248,000;1,0000;05/07/2022;-14,20859;-44,0384366;;46,250
BA;BR-030;248,000;247,000;1,0000;05/07/2022;-14,20859;-44,0384366;;42,500
BA;BR-030;247,000;246,000;1,0000;05/07/2022;-14,20859;-44,0384366;;53,750
BA;BR-030;246,000;245,000;1,0000;05/07/2022;-14,20859;-44,0384366;;50,000
BA;BR-030;245,000;244,000;1,0000;05/07/2022;-14,20859;-44,0384366;;42,500
BA;BR-030;244,000;243,000;1,0000;05/07/2022;-14,20859;-44,0384366;;42,500
BA;BR-030;243,000;242,000;1,0000;05/07/2022;-14,20859;-44,0384366;;35,000
BA;BR-030;242,000;241,000;1,0000;05/07/2022;-14,2170766;-44,1287783;;35,000
BA;BR-030;241,000;240,000;1,0000;05/07/2022;-14,2170766;-44,1287783;;27,500
BA;BR-030;240,000;239,000;1,0000;05/07/2022;-14,2170766;-44,1287783;;27,500
BA;BR-030;239,000;238,000;1,0000;05/07/2022;-14,2170766;-44,1287783;;35,000
BA;BR-030;238,400;237,000;1,4000;05/07/2022;-14,2305883;-44,1535333;;47,500
BA;BR-030;237,000;236,000;1,0000;05/07/2022;-14,2305883;-44,1535333;;66,250
BA;BR-030;236,000;235,000;1,0000;05/07/2022;-14,2305883;-44,1535333;;50,000
BA;BR-030;235,000;234,000;1,0000;05/07/2022;-14,2305883;-44,1535333;;53,750
BA;BR-030;234,000;233,000;1,0000;05/07/2022;-14,2305883;-44,1535333;;20,000
BA;BR-030;233,000;232,000;1,0000;05/07/2022;-14,2305883;-44,1535333;;50,000
BA;BR-030;232,000;231,000;1,0000;05/07/2022;-14,2305883;-44,1535333;;47,500
BA;BR-030;231,000;230,000;1,0000;05/07/2022;-14,2305883;-44,1535333;;42,500
BA;BR-030;230,000;229,000;1,0000;05/07/2022;-14,2305883;-44,1535333;;27,500
BA;BR-030;229,000;228,000;1,0000;05/07/2022;-14,2071333;-44,2233766;;52,500
BA;BR-030;228,000;227,000;1,0000;05/07/2022;-14,2071333;-44,2233766;;35,000
BA;BR-030;227,000;226,000;1,0000;05/07/2022;-14,2049616;-44,23949;;42,500
BA;BR-030;226,000;225,000;1,0000;05/07/2022;-14,2049616;-44,23949;;42,500
BA;BR-030;225,000;224,000;1,0000;05/07/2022;-14,2049616;-44,23949;;55,000
BA;BR-030;224,000;223,000;1,0000;05/07/2022;-14,2049616;-44,23949;;17,500
BA;BR-030;223,000;222,000;1,0000;05/07/2022;-14,2049616;-44,23949;;27,500
BA;BR-030;222,000;221,000;1,0000;05/07/2022;-14,2049616;-44,23949;;66,250
BA;BR-030;221,000;220,000;1,0000;05/07/2022;-14,2049616;-44,23949;;62,500
BA;BR-030;220,000;219,000;1,0000;05/07/2022;-14,2049616;-44,23949;;50,000
BA;BR-030;219,000;218,000;1,0000;05/07/2022;-14,2049616;-44,23949;;42,500
BA;BR-030;218,000;217,000;1,0000;05/07/2022;-14,2257766;-44,3235183;;35,000
BA;BR-030;217,000;216,000;1,0000;05/07/2022;-14,2257766;-44,3235183;;27,500
BA;BR-030;216,000;215,000;1,0000;05/07/2022;-14,2257766;-44,3235183;;27,500
BA;BR-030;215,000;214,000;1,0000;05/07/2022;-14,2257766;-44,3235183;;35,000
BA;BR-030;214,000;213,000;1,0000;05/07/2022;-14,2257766;-44,3235183;;47,500
BA;BR-030;213,000;212,000;1,0000;05/07/2022;-14,2257766;-44,3235183;;61,250
BA;BR-030;212,000;211,000;1,0000;05/07/2022;-14,2054;-44,3701916;;61,250
BA;BR-030;211,000;210,000;1,0000;05/07/2022;-14,2040516;-44,3726616;;67,500
BA;BR-030;210,000;209,000;1,0000;05/07/2022;-14,1994766;-44,3822266;;68,750
BA;BR-030;209,000;208,000;1,0000;05/07/2022;-14,1994766;-44,3822266;;68,750
BA;BR-030;208,000;207,000;1,0000;05/07/2022;-14,1994766;-44,3822266;;68,750
BA;BR-030;207,000;206,000;1,0000;05/07/2022;-14,1920133;-44,4134866;;67,500
BA;BR-030;206,000;205,000;1,0000;05/07/2022;-14,1920133;-44,4134866;;60,000
BA;BR-030;205,000;204,000;1,0000;05/07/2022;-14,1936316;-44,4271916;;53,750
BA;BR-030;204,000;203,000;1,0000;05/07/2022;-14,1936316;-44,4271916;;55,000
BA;BR-030;203,000;202,000;1,0000;05/07/2022;-14,1909016;-44,4447;;53,750
BA;BR-030;202,000;201,000;1,0000;05/07/2022;-14,1897466;-44,449065;;40,000
BA;BR-030;201,000;200,000;1,0000;05/07/2022;-14,1836566;-44,5031366;;12,500
BA;BR-030;200,000;199,000;1,0000;05/07/2022;-14,18067;-44,5242616;;35,000
BA;BR-030;199,000;198,000;1,0000;05/07/2022;-14,18067;-44,5242616;;42,500
BA;BR-030;198,000;197,000;1,0000;05/07/2022;-14,18067;-44,5242616;;35,000
BA;BR-030;197,000;196,000;1,0000;05/07/2022;-14,18067;-44,5242616;;47,500
BA;BR-030;196,000;195,000;1,0000;05/07/2022;-14,18067;-44,5242616;;47,500
BA;BR-030;195,000;194,000;1,0000;05/07/2022;-14,18067;-44,5242616;;40,000
BA;BR-030;194,000;193,000;1,0000;05/07/2022;-14,18067;-44,5242616;;47,500
BA;BR-030;193,000;192,000;1,0000;05/07/2022;-14,18067;-44,5242616;;32,500
BA;BR-030;192,000;191,000;1,0000;05/07/2022;-14,18067;-44,5242616;;25,000
BA;BR-349;251,400;252,000;0,6000;12/07/2022;-12,268983;-38,9504362;;75,000
BA;BR-349;252,000;253,000;1,0000;12/07/2022;-12,268983;-38,9504362;;75,000
BA;BR-349;253,000;254,000;1,0000;12/07/2022;-12,268983;-38,9504362;;67,500
BA;BR-349;254,000;255,000;1,0000;12/07/2022;-12,268983;-38,9504362;;56,250
BA;BR-349;255,000;256,000;1,0000;12/07/2022;-12,268983;-38,9504362;;48,750
BA;BR-349;256,000;257,000;1,0000;12/07/2022;-12,268983;-38,9504362;;60,000
BA;BR-349;257,000;258,000;1,0000;12/07/2022;-12,268983;-38,9504362;;16,250
BA;BR-349;258,000;259,000;1,0000;12/07/2022;-12,268983;-38,9504362;;43,750
BA;BR-349;259,000;260,000;1,0000;12/07/2022;-12,268983;-38,9504362;;67,500
BA;BR-349;260,000;261,000;1,0000;12/07/2022;-12,268983;-38,9504362;;75,000
BA;BR-349;261,000;262,000;1,0000;12/07/2022;-12,268983;-38,9504362;;60,000
BA;BR-349;262,000;263,000;1,0000;12/07/2022;-12,268983;-38,9504362;;53,750
BA;BR-349;263,000;264,000;1,0000;12/07/2022;-12,268983;-38,9504362;;52,500
BA;BR-349;264,000;265,000;1,0000;12/07/2022;-12,268983;-38,9504362;;48,750
BA;BR-349;265,000;266,000;1,0000;12/07/2022;-12,268983;-38,9504362;;75,000
BA;BR-349;266,000;267,000;1,0000;12/07/2022;-12,2689912;-38,9504482;;75,000
BA;BR-349;267,000;268,000;1,0000;12/07/2022;-12,2689912;-38,9504482;;46,250
BA;BR-349;268,000;269,000;1,0000;12/07/2022;-12,2689912;-38,9504482;;75,000
BA;BR-349;269,000;270,000;1,0000;12/07/2022;-12,2689912;-38,9504482;;78,750
BA;BR-349;270,000;271,000;1,0000;12/07/2022;-12,2689912;-38,9504482;;70,000
BA;BR-349;271,000;272,000;1,0000;12/07/2022;-12,2689912;-38,9504482;;73,750
BA;BR-349;272,000;273,000;1,0000;12/07/2022;-12,2689912;-38,9504482;;67,500
BA;BR-349;273,000;274,000;1,0000;12/07/2022;-12,268984;-38,9504517;;70,000
BA;BR-349;274,000;275,000;1,0000;12/07/2022;-12,268984;-38,9504517;;77,500
BA;BR-349;275,000;276,000;1,0000;12/07/2022;-12,268984;-38,9504517;;81,250
BA;BR-349;276,000;277,000;1,0000;12/07/2022;-12,268984;-38,9504517;;85,000
BA;BR-349;277,000;278,000;1,0000;12/07/2022;-12,268984;-38,9504517;;85,000
BA;BR-349;278,000;279,000;1,0000;12/07/2022;-12,268984;-38,9504517;;85,000
BA;BR-349;279,000;280,000;1,0000;12/07/2022;-12,268984;-38,9504517;;77,500
BA;BR-349;280,000;281,000;1,0000;12/07/2022;-12,268984;-38,9504517;;85,000
BA;BR-349;281,000;282,000;1,0000;12/07/2022;-12,268984;-38,9504517;;66,250
BA;BR-349;282,000;283,000;1,0000;12/07/2022;-12,268984;-38,9504517;;51,250
BA;BR-349;283,000;284,000;1,0000;12/07/2022;-12,268984;-38,9504517;;70,000
BA;BR-349;326,400;327,000;0,6000;12/07/2022;-12,268984;-38,9504517;;75,000
BA;BR-349;327,000;328,000;1,0000;12/07/2022;-12,268984;-38,9504517;;75,000
BA;BR-349;328,000;329,000;1,0000;12/07/2022;-12,268984;-38,9504517;;68,750
BA;BR-349;329,000;330,000;1,0000;12/07/2022;-12,268984;-38,9504517;;77,500
BA;BR-349;330,000;331,000;1,0000;12/07/2022;-12,268984;-38,9504517;;73,750
BA;BR-349;331,000;332,000;1,0000;12/07/2022;-12,268984;-38,9504517;;73,750
BA;BR-349;332,000;333,000;1,0000;12/07/2022;-12,268984;-38,9504517;;52,500
BA;BR-349;333,000;334,000;1,0000;12/07/2022;-12,268984;-38,9504517;;77,500
BA;BR-349;334,000;335,000;1,0000;12/07/2022;-12,268984;-38,9504517;;70,000
BA;BR-349;335,000;336,000;1,0000;12/07/2022;-12,268984;-38,9504517;;63,750
BA;BR-349;336,000;337,000;1,0000;12/07/2022;-12,268984;-38,9504517;;52,500
BA;BR-349;337,000;338,000;1,0000;12/07/2022;-12,268984;-38,9504517;;22,500
BA;BR-349;338,000;339,000;1,0000;12/07/2022;-12,268984;-38,9504517;;52,500
BA;BR-349;339,000;340,000;1,0000;12/07/2022;-12,268984;-38,9504517;;38,750
BA;BR-349;340,000;341,000;1,0000;12/07/2022;-12,268984;-38,9504517;;38,750
BA;BR-349;341,000;342,000;1,0000;12/07/2022;-12,268984;-38,9504517;;18,750
BA;BR-349;342,000;343,000;1,0000;12/07/2022;-12,268984;-38,9504517;;57,500
BA;BR-349;343,000;344,000;1,0000;12/07/2022;-12,268984;-38,9504517;;68,750
BA;BR-349;344,000;345,000;1,0000;12/07/2022;-12,268984;-38,9504517;;70,000
BA;BR-349;345,000;346,000;1,0000;12/07/2022;-12,268984;-38,9504517;;36,250
BA;BR-349;346,000;347,000;1,0000;12/07/2022;-12,268984;-38,9504517;;43,750
BA;BR-349;347,000;348,000;1,0000;12/07/2022;-12,268984;-38,9504517;;63,750
BA;BR-349;348,000;349,000;1,0000;12/07/2022;-12,268984;-38,9504517;;68,750
BA;BR-349;349,000;350,000;1,0000;12/07/2022;-12,268984;-38,9504517;;50,000
BA;BR-349;350,000;351,000;1,0000;12/07/2022;-12,268984;-38,9504517;;18,750
BA;BR-349;351,000;352,000;1,0000;12/07/2022;-12,268984;-38,9504517;;16,250
BA;BR-349;352,000;353,000;1,0000;12/07/2022;-12,268984;-38,9504517;;70,000
BA;BR-349;353,000;354,000;1,0000;12/07/2022;-12,268984;-38,9504517;;27,500
BA;BR-349;354,000;355,000;1,0000;12/07/2022;-12,268984;-38,9504517;;52,500
BA;BR-349;355,000;356,000;1,0000;12/07/2022;-12,268984;-38,9504517;;66,250
BA;BR-349;356,000;357,000;1,0000;12/07/2022;-12,268984;-38,9504517;;45,000
BA;BR-349;357,000;358,000;1,0000;12/07/2022;-12,268984;-38,9504517;;57,500
BA;BR-349;358,000;359,000;1,0000;12/07/2022;-12,268984;-38,9504517;;51,250
BA;BR-349;359,000;360,000;1,0000;12/07/2022;-12,268984;-38,9504517;;30,000
BA;BR-349;360,000;361,000;1,0000;12/07/2022;-12,268984;-38,9504517;;75,000
BA;BR-349;361,000;362,000;1,0000;12/07/2022;-12,268984;-38,9504517;;52,500
BA;BR-349;362,000;363,000;1,0000;12/07/2022;-12,268984;-38,9504517;;46,250
BA;BR-349;363,000;364,000;1,0000;12/07/2022;-12,268984;-38,9504517;;53,750
BA;BR-349;364,000;365,000;1,0000;12/07/2022;-12,268984;-38,9504517;;56,250
BA;BR-349;365,000;366,000;1,0000;12/07/2022;-12,268984;-38,9504517;;33,750
BA;BR-349;366,000;367,000;1,0000;12/07/2022;-12,268984;-38,9504517;;3,750
BA;BR-349;367,000;368,000;1,0000;12/07/2022;-12,268984;-38,9504517;;3,750
BA;BR-349;368,000;369,000;1,0000;12/07/2022;-12,268984;-38,9504517;;16,250
BA;BR-349;370,000;371,000;1,0000;12/07/2022;-12,268984;-38,9504517;;26,250
BA;BR-349;371,000;372,000;1,0000;12/07/2022;-12,2689842;-38,9504418;;30,000
BA;BR-349;372,000;373,000;1,0000;12/07/2022;-12,2689842;-38,9504418;;31,250
BA;BR-349;373,000;374,000;1,0000;12/07/2022;-12,2689842;-38,9504418;;40,000
BA;BR-349;374,000;375,000;1,0000;12/07/2022;-12,2689842;-38,9504418;;37,500
BA;BR-349;375,000;376,000;1,0000;12/07/2022;-12,2689842;-38,9504418;;18,750
BA;BR-349;376,000;377,000;1,0000;12/07/2022;-12,2689842;-38,9504418;;11,250
BA;BR-349;377,000;378,000;1,0000;12/07/2022;-12,2689842;-38,9504418;;27,500
BA;BR-349;378,000;379,000;1,0000;12/07/2022;-12,2689842;-38,9504418;;40,000
BA;BR-349;379,000;380,000;1,0000;12/07/2022;-12,2689842;-38,9504418;;31,250
BA;BR-349;380,000;381,000;1,0000;12/07/2022;-12,2689842;-38,9504418;;40,000
BA;BR-349;381,000;382,000;1,0000;12/07/2022;-12,2689842;-38,9504418;;56,250
BA;BR-349;382,000;383,000;1,0000;12/07/2022;-12,2689842;-38,9504418;;58,750
BA;BR-349;383,000;384,000;1,0000;12/07/2022;-12,2689842;-38,9504418;;38,750
BA;BR-349;384,000;385,000;1,0000;12/07/2022;-12,2689842;-38,9504418;;15,000
BA;BR-349;385,000;386,000;1,0000;12/07/2022;-12,2689842;-38,9504418;;23,750
BA;BR-349;386,000;387,000;1,0000;12/07/2022;-12,2689842;-38,9504418;;11,250
BA;BR-349;387,000;388,000;1,0000;12/07/2022;-12,2689842;-38,9504418;;26,250
BA;BR-349;388,000;389,000;1,0000;12/07/2022;-12,2689842;-38,9504418;;58,750
BA;BR-349;389,000;390,000;1,0000;12/07/2022;-12,2689842;-38,9504418;;56,250
BA;BR-349;390,000;391,000;1,0000;12/07/2022;-12,2689842;-38,9504418;;48,750
BA;BR-349;391,000;392,000;1,0000;12/07/2022;-12,2689842;-38,9504418;;81,250
BA;BR-349;392,000;393,000;1,0000;12/07/2022;-12,2689842;-38,9504418;;67,500
BA;BR-349;393,000;394,000;1,0000;12/07/2022;-12,2689842;-38,9504418;;50,000
BA;BR-349;394,000;395,000;1,0000;12/07/2022;-12,2689842;-38,9504418;;66,250
BA;BR-349;395,000;396,000;1,0000;12/07/2022;-12,2689842;-38,9504418;;58,750
BA;BR-349;396,000;397,000;1,0000;12/07/2022;-12,2689842;-38,9504418;;70,000
BA;BR-349;397,000;398,000;1,0000;12/07/2022;-12,2689842;-38,9504418;;71,250
BA;BR-349;398,000;399,000;1,0000;12/07/2022;-12,2689598;-38,9504164;;52,500
BA;BR-349;399,000;400,000;1,0000;12/07/2022;-12,2689598;-38,9504164;;40,000
BA;BR-349;400,000;401,000;1,0000;12/07/2022;-12,2689598;-38,9504164;;53,750
BA;BR-349;401,000;402,000;1,0000;12/07/2022;-12,2689598;-38,9504164;;46,250
BA;BR-349;402,000;403,000;1,0000;12/07/2022;-12,2689598;-38,9504164;;46,250
BA;BR-330;642,300;643,000;0,7000;13/07/2022;-12,2689689;-38,950445;;0,000
BA;BR-330;643,000;644,000;1,0000;13/07/2022;-12,2689689;-38,950445;;48,750
BA;BR-330;644,000;645,000;1,0000;13/07/2022;-12,2689689;-38,950445;;45,000
BA;BR-330;645,000;646,000;1,0000;13/07/2022;-12,2689689;-38,950445;;46,250
BA;BR-330;646,000;647,000;1,0000;13/07/2022;-12,2689689;-38,950445;;33,750
BA;BR-330;647,000;648,000;1,0000;13/07/2022;-12,2689689;-38,950445;;43,750
BA;BR-330;648,000;649,000;1,0000;13/07/2022;-12,2689689;-38,950445;;31,250
BA;BR-330;649,000;650,000;1,0000;13/07/2022;-12,2689689;-38,950445;;52,500
BA;BR-330;650,000;651,000;1,0000;13/07/2022;-12,2689689;-38,950445;;33,750
BA;BR-330;651,000;652,000;1,0000;13/07/2022;-12,2689689;-38,950445;;43,750
BA;BR-330;652,000;653,000;1,0000;13/07/2022;-12,2689689;-38,950445;;48,750
BA;BR-330;653,000;654,000;1,0000;13/07/2022;-12,2689689;-38,950445;;43,750
BA;BR-330;654,000;655,000;1,0000;13/07/2022;-12,2689689;-38,950445;;70,000
BA;BR-330;655,000;656,000;1,0000;13/07/2022;-12,2689689;-38,950445;;71,250
BA;BR-330;656,000;657,000;1,0000;13/07/2022;-12,2689689;-38,950445;;48,750
BA;BR-330;657,000;658,000;1,0000;13/07/2022;-12,2689689;-38,950445;;71,250
BA;BR-330;658,000;659,000;1,0000;13/07/2022;-12,2689689;-38,950445;;42,500
BA;BR-330;659,000;660,000;1,0000;13/07/2022;-12,2689689;-38,950445;;50,000
BA;BR-330;660,000;661,000;1,0000;13/07/2022;-12,2689689;-38,950445;;47,500
BA;BR-330;661,000;662,000;1,0000;13/07/2022;-12,2689689;-38,950445;;45,000
BA;BR-330;662,000;663,000;1,0000;13/07/2022;-12,2689689;-38,950445;;45,000
BA;BR-330;663,000;664,000;1,0000;13/07/2022;-12,2689689;-38,950445;;61,250
BA;BR-330;664,000;665,000;1,0000;13/07/2022;-12,2689689;-38,950445;;65,000
BA;BR-330;665,000;666,000;1,0000;13/07/2022;-12,2689689;-38,950445;;78,750
BA;BR-330;666,000;667,000;1,0000;13/07/2022;-12,2689689;-38,950445;;57,500
BA;BR-330;667,000;668,000;1,0000;13/07/2022;-12,2689689;-38,950445;;57,500
BA;BR-330;668,000;669,000;1,0000;13/07/2022;-12,2689689;-38,950445;;78,750
BA;BR-330;669,000;670,000;1,0000;13/07/2022;-12,2689689;-38,950445;;76,250
BA;BR-330;670,000;671,000;1,0000;13/07/2022;-12,2689689;-38,950445;;50,000
BA;BR-330;671,000;672,000;1,0000;13/07/2022;-12,2689689;-38,950445;;63,750
BA;BR-330;672,000;673,000;1,0000;13/07/2022;-12,2689689;-38,950445;;52,500
BA;BR-330;673,000;674,000;1,0000;13/07/2022;-12,2689689;-38,950445;;70,000
BA;BR-330;674,000;675,000;1,0000;13/07/2022;-12,2689689;-38,950445;;72,500
BA;BR-330;675,000;676,000;1,0000;13/07/2022;-12,2689689;-38,950445;;58,750
BA;BR-330;676,000;677,000;1,0000;13/07/2022;-12,2689689;-38,950445;;57,500
BA;BR-330;677,000;678,000;1,0000;13/07/2022;-12,2689689;-38,950445;;56,250
BA;BR-330;678,000;679,000;1,0000;13/07/2022;-12,2689689;-38,950445;;50,000
BA;BR-330;679,000;680,000;1,0000;13/07/2022;-12,2689689;-38,950445;;56,250
BA;BR-330;680,000;681,000;1,0000;13/07/2022;-12,2689689;-38,950445;;57,500
BA;BR-330;681,000;682,000;1,0000;13/07/2022;-12,2689689;-38,950445;;72,500
BA;BR-330;682,000;683,000;1,0000;13/07/2022;-12,2689689;-38,950445;;75,000
BA;BR-330;683,000;684,000;1,0000;13/07/2022;-12,2689689;-38,950445;;75,000
BA;BR-330;684,000;685,000;1,0000;13/07/2022;-12,2689689;-38,950445;;71,250
BA;BR-330;685,000;686,000;1,0000;13/07/2022;-12,2689689;-38,950445;;78,750
BA;BR-330;686,000;687,000;1,0000;13/07/2022;-12,2689689;-38,950445;;83,750
BA;BR-330;687,000;688,000;1,0000;13/07/2022;-12,2689689;-38,950445;;77,500
BA;BR-330;688,000;689,000;1,0000;13/07/2022;-12,2689689;-38,950445;;65,000
BA;BR-330;689,000;690,000;1,0000;13/07/2022;-12,2689689;-38,950445;;60,000
BA;BR-330;690,000;691,000;1,0000;13/07/2022;-12,2689689;-38,950445;;75,000
BA;BR-330;691,000;692,000;1,0000;13/07/2022;-12,2689689;-38,950445;;80,000
BA;BR-330;692,000;693,000;1,0000;13/07/2022;-12,2689689;-38,950445;;92,500
BA;BR-330;693,000;694,000;1,0000;13/07/2022;-12,2689689;-38,950445;;80,000
BA;BR-030;724,700;725,000;0,3000;13/07/2022;-12,2689759;-38,950452;;2,500
BA;BR-030;725,000;726,000;1,0000;13/07/2022;-12,2689759;-38,950452;;32,500
BA;BR-030;726,000;727,000;1,0000;13/07/2022;-12,2689759;-38,950452;;33,750
BA;BR-030;727,000;728,000;1,0000;13/07/2022;-12,2689759;-38,950452;;33,750
BA;BR-030;728,000;729,000;1,0000;13/07/2022;-12,2689759;-38,950452;;45,000
BA;BR-030;729,000;730,000;1,0000;13/07/2022;-12,2689759;-38,950452;;40,000
BA;BR-030;730,000;731,000;1,0000;13/07/2022;-12,2689759;-38,950452;;45,000
BA;BR-030;731,000;732,000;1,0000;13/07/2022;-12,2689759;-38,950452;;37,500
BA;BR-030;732,000;733,000;1,0000;13/07/2022;-12,2689759;-38,950452;;81,250
BA;BR-030;733,000;734,000;1,0000;13/07/2022;-12,2689759;-38,950452;;80,000
BA;BR-030;734,000;735,000;1,0000;13/07/2022;-12,2689759;-38,950452;;86,250
BA;BR-030;735,000;736,000;1,0000;13/07/2022;-12,2689759;-38,950452;;73,750
BA;BR-030;736,000;737,000;1,0000;13/07/2022;-12,2689759;-38,950452;;63,750
BA;BR-030;737,000;738,000;1,0000;13/07/2022;-12,2689759;-38,950452;;62,500
BA;BR-030;738,000;739,000;1,0000;13/07/2022;-12,2689734;-38,950445;;60,000
BA;BR-030;739,000;740,000;1,0000;13/07/2022;-12,2689734;-38,950445;;52,500
BA;BR-030;740,000;741,000;1,0000;13/07/2022;-12,2689734;-38,950445;;35,000
BA;BR-030;741,000;742,000;1,0000;13/07/2022;-12,2689734;-38,950445;;45,000
BA;BR-030;742,000;743,000;1,0000;13/07/2022;-12,2689734;-38,950445;;71,250
BA;BR-030;743,000;744,000;1,0000;13/07/2022;-12,2689734;-38,950445;;42,500
BA;BR-030;744,000;745,000;1,0000;13/07/2022;-12,2689734;-38,950445;;53,750
BA;BR-030;745,000;746,000;1,0000;13/07/2022;-12,2689734;-38,950445;;35,000
BA;BR-030;746,000;747,000;1,0000;13/07/2022;-12,2689734;-38,950445;;37,500
BA;BR-030;747,000;748,000;1,0000;13/07/2022;-12,2689734;-38,950445;;33,750
BA;BR-030;748,000;749,000;1,0000;13/07/2022;-12,2689734;-38,950445;;55,000
BA;BR-030;749,000;750,000;1,0000;13/07/2022;-12,2689734;-38,950445;;57,500
BA;BR-030;750,000;751,000;1,0000;13/07/2022;-12,2689654;-38,950437;;46,250
BA;BR-030;751,000;752,000;1,0000;13/07/2022;-12,2689654;-38,950437;;45,000
BA;BR-030;752,000;753,000;1,0000;13/07/2022;-12,2689654;-38,950437;;31,250
BA;BR-030;753,000;754,000;1,0000;13/07/2022;-12,2689654;-38,950437;;30,000
BA;BR-030;754,000;755,000;1,0000;13/07/2022;-12,2689654;-38,950437;;58,750
BA;BR-030;755,000;756,000;1,0000;13/07/2022;-12,2689654;-38,950437;;42,500
BA;BR-030;756,000;757,000;1,0000;13/07/2022;-12,2689654;-38,950437;;37,500
BA;BR-030;757,000;758,000;1,0000;13/07/2022;-12,2689654;-38,950437;;51,250
BA;BR-030;758,000;759,000;1,0000;13/07/2022;-12,2689654;-38,950437;;55,000
BA;BR-030;759,000;760,000;1,0000;13/07/2022;-12,2689654;-38,950437;;32,500
BA;BR-030;760,000;761,000;1,0000;13/07/2022;-12,2689654;-38,950437;;32,500
BA;BR-030;770,240;771,000;0,7600;13/07/2022;-12,2689654;-38,950437;;38,750
BA;BR-030;771,000;772,000;1,0000;13/07/2022;-12,2689654;-38,950437;;25,000
BA;BR-030;772,000;773,000;1,0000;13/07/2022;-12,2689654;-38,950437;;33,750
BA;BR-030;773,000;774,000;1,0000;13/07/2022;-12,2689654;-38,950437;;18,750
BA;BR-030;774,000;775,000;1,0000;13/07/2022;-12,2689654;-38,950437;;31,250
BA;BR-030;775,000;776,000;1,0000;13/07/2022;-12,2689654;-38,950437;;31,250
BA;BR-030;776,000;777,000;1,0000;13/07/2022;-12,2689654;-38,950437;;18,750
BA;BR-030;777,000;778,000;1,0000;13/07/2022;-12,2689654;-38,950437;;30,000
BA;BR-030;778,000;779,000;1,0000;13/07/2022;-12,2689654;-38,950437;;22,500
BA;BR-030;779,000;780,000;1,0000;13/07/2022;-12,2689654;-38,950437;;30,000
BA;BR-030;780,000;781,000;1,0000;13/07/2022;-12,2689654;-38,950437;;17,500
BA;BR-030;781,000;782,000;1,0000;13/07/2022;-12,2689654;-38,950437;;23,750
BA;BR-030;782,000;783,000;1,0000;13/07/2022;-12,2689654;-38,950437;;23,750
BA;BR-030;783,000;784,000;1,0000;13/07/2022;-12,2689654;-38,950437;;23,750
BA;BR-030;784,000;785,000;1,0000;13/07/2022;-12,2689654;-38,950437;;11,250
BA;BR-030;785,000;786,000;1,0000;13/07/2022;-12,2689654;-38,950437;;8,750
BA;BR-030;786,000;787,000;1,0000;13/07/2022;-12,2689654;-38,950437;;7,500
BA;BR-030;787,000;788,000;1,0000;13/07/2022;-12,2689654;-38,950437;;23,750
BA;BR-030;788,000;789,000;1,0000;13/07/2022;-12,2689654;-38,950437;;7,500
BA;BR-030;789,000;790,000;1,0000;13/07/2022;-12,2689584;-38,9504177;;8,750
BA;BR-030;790,000;791,000;1,0000;13/07/2022;-12,2689584;-38,9504177;;8,750
BA;BR-030;791,000;792,000;1,0000;13/07/2022;-12,2689584;-38,9504177;;23,750
BA;BR-030;792,000;793,000;1,0000;13/07/2022;-12,2689584;-38,9504177;;3,750
BA;BR-030;793,000;794,000;1,0000;13/07/2022;-12,2689584;-38,9504177;;17,500
BA;BR-030;794,000;795,000;1,0000;13/07/2022;-12,2689584;-38,9504177;;7,500
BA;BR-030;795,000;796,000;1,0000;13/07/2022;-12,2689584;-38,9504177;;7,500
BA;BR-030;796,000;797,000;1,0000;13/07/2022;-12,2689584;-38,9504177;;2,500
BA;BR-030;797,000;798,000;1,0000;13/07/2022;-12,2689584;-38,9504177;;2,500
BA;BR-030;798,000;799,000;1,0000;13/07/2022;-12,2689584;-38,9504177;;2,500
BA;BR-030;799,000;800,000;1,0000;13/07/2022;-12,2689584;-38,9504177;;7,500
BA;BR-030;800,000;801,000;1,0000;13/07/2022;-12,2689584;-38,9504177;;7,500
BA;BR-030;801,000;802,000;1,0000;13/07/2022;-12,2689584;-38,9504177;;2,500
BA;BR-030;802,000;803,000;1,0000;13/07/2022;-12,2689584;-38,9504177;;26,250
BA;BR-030;803,000;804,000;1,0000;13/07/2022;-12,2689584;-38,9504177;;31,250
BA;BR-030;804,000;805,000;1,0000;13/07/2022;-12,2689681;-38,9504394;;61,250
BA;BR-030;805,000;806,000;1,0000;13/07/2022;-12,2689681;-38,9504394;;51,250
BA;BR-030;806,000;807,000;1,0000;13/07/2022;-12,2689681;-38,9504394;;58,750
BA;BR-030;807,000;808,000;1,0000;13/07/2022;-12,2689658;-38,9504399;;51,250
BA;BR-030;808,000;809,000;1,0000;13/07/2022;-12,2689658;-38,9504399;;43,750
BA;BR-030;809,000;810,000;1,0000;13/07/2022;-12,2689658;-38,9504399;;43,750
BA;BR-030;810,000;811,000;1,0000;13/07/2022;-12,2689658;-38,9504399;;43,750
BA;BR-030;811,000;812,000;1,0000;13/07/2022;-12,2689658;-38,9504399;;32,500
BA;BR-030;812,000;813,000;1,0000;13/07/2022;-12,2689658;-38,9504399;;65,000
BA;BR-030;813,000;814,000;1,0000;13/07/2022;-12,2689658;-38,9504399;;51,250
BA;BR-030;814,000;815,000;1,0000;13/07/2022;-12,2689658;-38,9504399;;80,000
BA;BR-030;815,000;816,000;1,0000;13/07/2022;-12,2689658;-38,9504399;;86,250
BA;BR-030;816,000;817,000;1,0000;13/07/2022;-12,2689658;-38,9504399;;78,750
BA;BR-030;817,000;818,000;1,0000;13/07/2022;-12,2689658;-38,9504399;;47,500
BA;BR-030;818,000;819,000;1,0000;13/07/2022;-12,2689658;-38,9504399;;75,000
BA;BR-030;819,000;820,000;1,0000;13/07/2022;-12,2689658;-38,9504399;;53,750
BA;BR-030;820,000;821,000;1,0000;13/07/2022;-12,2689658;-38,9504399;;58,750
BA;BR-030;821,000;822,000;1,0000;13/07/2022;-12,2689658;-38,9504399;;57,500
BA;BR-030;822,000;823,000;1,0000;13/07/2022;-12,2689658;-38,9504399;;62,500
BA;BR-030;823,000;824,000;1,0000;13/07/2022;-12,2689658;-38,9504399;;70,000
BA;BR-030;824,000;825,000;1,0000;13/07/2022;-12,2689658;-38,9504399;;77,500
BA;BR-030;825,000;826,000;1,0000;13/07/2022;-12,2689658;-38,9504399;;82,500
BA;BR-030;826,000;827,000;1,0000;13/07/2022;-12,2689658;-38,9504399;;66,250
BA;BR-030;827,000;828,000;1,0000;13/07/2022;-12,2689658;-38,9504399;;48,750
BA;BR-030;828,000;829,000;1,0000;13/07/2022;-12,2689658;-38,9504399;;42,500
BA;BR-030;829,000;830,000;1,0000;13/07/2022;-12,2689658;-38,9504399;;48,750
BA;BR-030;830,000;831,000;1,0000;13/07/2022;-12,2689658;-38,9504399;;81,250
BA;BR-030;831,000;832,000;1,0000;13/07/2022;-12,2689658;-38,9504399;;82,500
BA;BR-030;832,000;833,000;1,0000;13/07/2022;-12,2689658;-38,9504399;;81,250
BA;BR-030;833,000;834,000;1,0000;13/07/2022;-12,2689658;-38,9504399;;7,500
BA;BR-030;834,000;835,000;1,0000;13/07/2022;-12,2689658;-38,9504399;;15,000
BA;BR-030;835,000;836,000;1,0000;13/07/2022;-12,2689658;-38,9504399;;7,500
BA;BR-030;836,000;837,000;1,0000;13/07/2022;-12,2689658;-38,9504399;;7,500
BA;BR-030;837,000;838,000;1,0000;13/07/2022;-12,2689658;-38,9504399;;26,250
BA;BR-030;838,000;839,000;1,0000;13/07/2022;-12,2689658;-38,9504399;;23,750
BA;BR-030;839,000;840,000;1,0000;13/07/2022;-12,2689658;-38,9504399;;23,750
BA;BR-030;840,000;841,000;1,0000;13/07/2022;-12,2689658;-38,9504399;;23,750
BA;BR-030;841,000;842,000;1,0000;13/07/2022;-12,2689658;-38,9504399;;0,000
BA;BR-030;842,000;843,000;1,0000;13/07/2022;-12,2689658;-38,9504399;;0,000
BA;BR-030;843,000;844,000;1,0000;13/07/2022;-12,2689658;-38,9504399;;0,000
BA;BR-349;369,000;370,000;1,0000;12/07/2022;-12,268984;-38,9504517;;27,500
AM;BR-230;609,200;608,000;1,2000;13/07/2022;-7,5011633;-63,0286265;;77,500
AM;BR-230;608,000;607,000;1,0000;13/07/2022;-7,4987746;-63,0300269;;85,000
AM;BR-230;607,000;606,000;1,0000;13/07/2022;-7,4987746;-63,0300269;;92,500
AM;BR-230;606,000;605,000;1,0000;13/07/2022;-7,4987746;-63,0300269;;87,500
AM;BR-230;605,000;604,000;1,0000;13/07/2022;-7,4987746;-63,0300269;;87,500
AM;BR-230;604,000;603,000;1,0000;13/07/2022;-7,4987746;-63,0300269;;87,500
AM;BR-230;603,000;602,000;1,0000;13/07/2022;-7,4987746;-63,0300269;;87,500
AM;BR-230;602,000;601,000;1,0000;13/07/2022;-7,4987746;-63,0300269;;87,500
AM;BR-230;601,000;600,000;1,0000;13/07/2022;-7,4987746;-63,0300269;;90,000
AM;BR-230;600,000;599,000;1,0000;13/07/2022;-7,4987746;-63,0300269;;90,000
AM;BR-230;599,000;598,000;1,0000;13/07/2022;-7,4987746;-63,0300269;;90,000
AM;BR-230;598,000;597,000;1,0000;13/07/2022;-7,4987746;-63,0300269;;87,500
AM;BR-230;597,000;596,000;1,0000;13/07/2022;-7,4987746;-63,0300269;;92,500
AM;BR-230;596,000;595,000;1,0000;13/07/2022;-7,4987746;-63,0300269;;92,500
AM;BR-230;595,000;594,000;1,0000;13/07/2022;-7,4987746;-63,0300269;;100,000
AM;BR-230;594,000;593,000;1,0000;13/07/2022;-7,4987746;-63,0300269;;96,250
AM;BR-230;593,000;592,000;1,0000;13/07/2022;-7,4987746;-63,0300269;;90,000
AM;BR-230;592,000;591,000;1,0000;13/07/2022;-7,4987746;-63,0300269;;7,500
AM;BR-230;591,000;590,000;1,0000;13/07/2022;-7,4987746;-63,0300269;;10,000
AM;BR-230;590,000;589,000;1,0000;13/07/2022;-7,4987746;-63,0300269;;10,000
AM;BR-230;589,000;588,000;1,0000;13/07/2022;-7,4987746;-63,0300269;;10,000
AM;BR-230;588,000;587,000;1,0000;13/07/2022;-7,4987746;-63,0300269;;7,500
AM;BR-230;587,000;586,000;1,0000;13/07/2022;-7,4987746;-63,0300269;;7,500
AM;BR-230;586,000;585,000;1,0000;13/07/2022;-7,4987746;-63,0300269;;10,000
AM;BR-230;585,000;584,000;1,0000;13/07/2022;-7,4987746;-63,0300269;;7,500
AM;BR-230;584,000;583,000;1,0000;13/07/2022;-7,4987746;-63,0300269;;7,500
AM;BR-230;583,000;582,000;1,0000;13/07/2022;-7,5615932;-62,8342862;;7,500
AM;BR-230;582,000;581,000;1,0000;13/07/2022;-7,5615932;-62,8342862;;8,750
AM;BR-230;581,000;580,000;1,0000;13/07/2022;-7,5615932;-62,8342862;;8,750
AM;BR-230;580,000;579,000;1,0000;13/07/2022;-7,5615932;-62,8342862;;8,750
AM;BR-230;579,000;578,000;1,0000;13/07/2022;-7,5615932;-62,8342862;;8,750
AM;BR-230;578,000;577,000;1,0000;13/07/2022;-7,5615932;-62,8342862;;8,750
AM;BR-230;577,000;576,000;1,0000;13/07/2022;-7,5615932;-62,8342862;;8,750
AM;BR-230;576,000;575,000;1,0000;13/07/2022;-7,5615932;-62,8342862;;8,750
AM;BR-230;575,000;574,000;1,0000;13/07/2022;-7,5615932;-62,8342862;;8,750
AM;BR-230;574,000;573,000;1,0000;13/07/2022;-7,5615932;-62,8342862;;10,000
AM;BR-230;573,000;572,000;1,0000;13/07/2022;-7,5615932;-62,8342862;;10,000
AM;BR-230;572,000;571,000;1,0000;13/07/2022;-7,5615932;-62,8342862;;10,000
AM;BR-230;571,000;570,000;1,0000;13/07/2022;-7,5615932;-62,8342862;;10,000
AM;BR-230;570,000;569,000;1,0000;13/07/2022;-7,5615932;-62,8342862;;10,000
AM;BR-230;569,000;568,000;1,0000;13/07/2022;-7,5615932;-62,8342862;;10,000
AM;BR-230;568,000;567,000;1,0000;13/07/2022;-7,5615932;-62,8342862;;10,000
AM;BR-230;567,000;566,000;1,0000;13/07/2022;-7,5615932;-62,8342862;;10,000
AM;BR-230;566,000;565,000;1,0000;13/07/2022;-7,5615932;-62,8342862;;10,000
AM;BR-230;565,000;564,000;1,0000;13/07/2022;-7,5615932;-62,8342862;;10,000
AM;BR-230;564,000;563,000;1,0000;13/07/2022;-7,5615932;-62,8342862;;10,000
AM;BR-230;563,000;562,000;1,0000;13/07/2022;-7,5615932;-62,8342862;;10,000
AM;BR-230;562,000;561,000;1,0000;13/07/2022;-7,5615932;-62,8342862;;10,000
AM;BR-230;561,000;560,000;1,0000;13/07/2022;-7,5615932;-62,8342862;;10,000
AM;BR-230;560,000;559,000;1,0000;13/07/2022;-7,5615932;-62,8342862;;87,500
AM;BR-230;559,000;558,000;1,0000;13/07/2022;-7,5615932;-62,8342862;;87,500
AM;BR-230;558,000;557,000;1,0000;13/07/2022;-7,5615932;-62,8342862;;90,000
AM;BR-230;557,000;556,000;1,0000;13/07/2022;-7,5615932;-62,8342862;;87,500
AM;BR-230;556,000;555,000;1,0000;13/07/2022;-7,5615932;-62,8342862;;87,500
AM;BR-230;555,000;554,000;1,0000;13/07/2022;-7,5615932;-62,8342862;;87,500
AM;BR-230;554,000;553,000;1,0000;13/07/2022;-7,5615932;-62,8342862;;91,250
AM;BR-230;553,000;552,000;1,0000;13/07/2022;-7,5615932;-62,8342862;;91,250
AM;BR-230;552,000;551,000;1,0000;13/07/2022;-7,5615932;-62,8342862;;87,500
AM;BR-230;551,000;550,000;1,0000;13/07/2022;-7,5615932;-62,8342862;;87,500
AM;BR-230;550,000;549,000;1,0000;13/07/2022;-7,5615932;-62,8342862;;87,500
AM;BR-230;549,000;548,000;1,0000;13/07/2022;-7,5615932;-62,8342862;;87,500
AM;BR-230;548,000;547,000;1,0000;13/07/2022;-7,5615932;-62,8342862;;87,500
AM;BR-230;547,000;546,000;1,0000;13/07/2022;-7,5615932;-62,8342862;;87,500
AM;BR-230;546,000;545,000;1,0000;13/07/2022;-7,5615932;-62,8342862;;87,500
AM;BR-230;545,000;544,000;1,0000;13/07/2022;-7,5615932;-62,8342862;;93,750
AM;BR-230;544,000;543,000;1,0000;13/07/2022;-7,5615932;-62,8342862;;87,500
AM;BR-230;543,000;542,000;1,0000;13/07/2022;-7,5615932;-62,8342862;;80,000
AM;BR-230;542,000;541,000;1,0000;13/07/2022;-7,5615932;-62,8342862;;90,000
AM;BR-230;541,000;540,000;1,0000;13/07/2022;-7,5615932;-62,8342862;;87,500
AM;BR-230;540,000;539,000;1,0000;13/07/2022;-7,5615932;-62,8342862;;97,500
AM;BR-230;539,000;538,000;1,0000;13/07/2022;-7,5615932;-62,8342862;;91,250
AM;BR-230;538,000;537,000;1,0000;13/07/2022;-7,5615932;-62,8342862;;68,750
AM;BR-230;537,000;536,000;1,0000;13/07/2022;-7,5615932;-62,8342862;;91,250
AM;BR-230;536,000;535,000;1,0000;13/07/2022;-7,5615932;-62,8342862;;65,000
AM;BR-230;535,000;534,000;1,0000;13/07/2022;-7,5615932;-62,8342862;;65,000
AM;BR-230;534,000;533,000;1,0000;13/07/2022;-7,5615932;-62,8342862;;58,750
AM;BR-230;533,000;532,000;1,0000;13/07/2022;-7,5615932;-62,8342862;;91,250
AM;BR-230;532,000;531,000;1,0000;13/07/2022;-7,5615932;-62,8342862;;90,000
AM;BR-230;531,000;530,000;1,0000;13/07/2022;-7,5615932;-62,8342862;;90,000
AM;BR-230;530,000;529,000;1,0000;13/07/2022;-7,5615932;-62,8342862;;91,250
AM;BR-230;529,000;528,000;1,0000;13/07/2022;-7,5615932;-62,8342862;;91,250
AM;BR-230;528,000;527,000;1,0000;13/07/2022;-7,5615932;-62,8342862;;91,250
AM;BR-230;527,000;526,000;1,0000;13/07/2022;-7,5615932;-62,8342862;;91,250
AM;BR-230;526,000;525,000;1,0000;13/07/2022;-7,5615932;-62,8342862;;76,250
AM;BR-230;525,000;524,000;1,0000;13/07/2022;-7,5615932;-62,8342862;;76,250
AM;BR-230;524,000;523,000;1,0000;13/07/2022;-7,5615932;-62,8342862;;76,250
AM;BR-230;523,000;522,000;1,0000;13/07/2022;-7,5615932;-62,8342862;;72,500
AM;BR-230;522,000;521,000;1,0000;13/07/2022;-7,5615932;-62,8342862;;83,750
AM;BR-230;521,000;520,000;1,0000;13/07/2022;-7,5615932;-62,8342862;;65,000
AM;BR-230;520,000;519,000;1,0000;13/07/2022;-7,5615932;-62,8342862;;58,750
AM;BR-230;519,000;518,000;1,0000;13/07/2022;-7,5615932;-62,8342862;;65,000
AM;BR-230;518,000;517,000;1,0000;13/07/2022;-7,5615932;-62,8342862;;68,750
AM;BR-230;517,000;516,000;1,0000;13/07/2022;-7,5615932;-62,8342862;;76,250
AM;BR-230;516,300;515,000;1,3000;13/07/2022;-7,5615932;-62,8342862;;80,000
AM;BR-230;515,000;514,000;1,0000;13/07/2022;-7,5615932;-62,8342862;;58,750
AM;BR-230;514,000;513,000;1,0000;13/07/2022;-7,5615932;-62,8342862;;68,750
AM;BR-230;513,000;512,000;1,0000;13/07/2022;-7,5615932;-62,8342862;;52,500
AM;BR-230;512,000;511,000;1,0000;13/07/2022;-7,5615932;-62,8342862;;52,500
AM;BR-230;511,000;510,000;1,0000;13/07/2022;-7,5615932;-62,8342862;;83,750
AM;BR-230;510,000;509,000;1,0000;13/07/2022;-7,5615932;-62,8342862;;72,500
AM;BR-230;509,000;508,000;1,0000;13/07/2022;-7,5615932;-62,8342862;;68,750
AM;BR-230;508,000;507,000;1,0000;13/07/2022;-7,5615932;-62,8342862;;65,000
AM;BR-230;507,000;506,000;1,0000;13/07/2022;-7,5615932;-62,8342862;;72,500
AM;BR-230;506,000;505,000;1,0000;13/07/2022;-7,5615932;-62,8342862;;65,000
AM;BR-230;505,000;504,000;1,0000;13/07/2022;-7,5615932;-62,8342862;;68,750
AM;BR-230;504,000;503,000;1,0000;13/07/2022;-7,5615932;-62,8342862;;67,500
AM;BR-230;503,000;502,000;1,0000;13/07/2022;-7,5615932;-62,8342862;;58,750
AM;BR-230;502,000;501,000;1,0000;13/07/2022;-7,5615932;-62,8342862;;66,250
AM;BR-230;501,000;500,000;1,0000;13/07/2022;-7,5615932;-62,8342862;;58,750
AM;BR-230;500,000;499,000;1,0000;13/07/2022;-7,5615932;-62,8342862;;62,500
AM;BR-230;499,000;498,000;1,0000;13/07/2022;-7,5615932;-62,8342862;;58,750
AM;BR-230;498,000;497,000;1,0000;13/07/2022;-7,5615932;-62,8342862;;48,750
AM;BR-230;497,000;496,000;1,0000;13/07/2022;-7,5615932;-62,8342862;;52,500
AM;BR-230;496,000;495,000;1,0000;13/07/2022;-7,5615932;-62,8342862;;56,250
AM;BR-230;495,000;494,000;1,0000;13/07/2022;-7,5615932;-62,8342862;;62,500
AM;BR-230;494,000;493,000;1,0000;13/07/2022;-7,5615932;-62,8342862;;58,750
AM;BR-230;493,000;492,000;1,0000;13/07/2022;-7,5615932;-62,8342862;;62,500
AM;BR-230;492,000;491,000;1,0000;13/07/2022;-7,5615932;-62,8342862;;55,000
AM;BR-230;491,000;490,000;1,0000;13/07/2022;-7,5615932;-62,8342862;;56,250
AM;BR-230;490,000;489,000;1,0000;13/07/2022;-7,5615932;-62,8342862;;56,250
AM;BR-230;489,000;488,000;1,0000;13/07/2022;-7,5615932;-62,8342862;;57,500
AM;BR-230;488,000;487,000;1,0000;13/07/2022;-7,5615932;-62,8342862;;56,250
AM;BR-230;487,000;486,000;1,0000;13/07/2022;-7,5615932;-62,8342862;;78,750
AM;BR-230;486,000;485,000;1,0000;13/07/2022;-7,5615932;-62,8342862;;66,250
AM;BR-230;485,000;484,000;1,0000;13/07/2022;-7,5615932;-62,8342862;;52,500
AM;BR-230;484,000;483,000;1,0000;13/07/2022;-7,5615932;-62,8342862;;52,500
AM;BR-230;483,000;482,000;1,0000;13/07/2022;-7,5615932;-62,8342862;;52,500
AM;BR-230;482,000;481,000;1,0000;13/07/2022;-7,5615932;-62,8342862;;83,750
AM;BR-230;481,000;480,000;1,0000;13/07/2022;-7,5615932;-62,8342862;;87,500
AM;BR-230;480,000;479,000;1,0000;13/07/2022;-7,5615932;-62,8342862;;83,750
AM;BR-230;479,000;478,000;1,0000;13/07/2022;-7,5615932;-62,8342862;;92,500
AM;BR-230;478,000;477,000;1,0000;13/07/2022;-7,5615932;-62,8342862;;90,000
AM;BR-230;477,000;476,000;1,0000;13/07/2022;-7,5615932;-62,8342862;;83,750
AM;BR-230;476,000;475,000;1,0000;13/07/2022;-7,5615932;-62,8342862;;92,500
AM;BR-230;475,000;474,000;1,0000;13/07/2022;-7,5615932;-62,8342862;;90,000
AM;BR-230;474,000;473,000;1,0000;13/07/2022;-7,5615932;-62,8342862;;90,000
AM;BR-230;473,000;472,000;1,0000;13/07/2022;-7,5615932;-62,8342862;;90,000
AM;BR-230;472,000;471,000;1,0000;13/07/2022;-7,5615932;-62,8342862;;97,500
AM;BR-230;471,000;470,000;1,0000;13/07/2022;-7,5615932;-62,8342862;;90,000
AM;BR-230;470,000;469,000;1,0000;13/07/2022;-7,5615932;-62,8342862;;90,000
AM;BR-230;469,000;468,000;1,0000;13/07/2022;-7,5615932;-62,8342862;;100,000
AM;BR-230;468,000;467,000;1,0000;13/07/2022;-7,5615932;-62,8342862;;87,500
AM;BR-230;467,000;466,000;1,0000;13/07/2022;-7,5615932;-62,8342862;;90,000
AM;BR-230;466,000;465,000;1,0000;13/07/2022;-7,5615932;-62,8342862;;90,000
AM;BR-230;465,000;464,000;1,0000;13/07/2022;-7,5615932;-62,8342862;;92,500
AM;BR-230;464,000;463,000;1,0000;13/07/2022;-7,5615932;-62,8342862;;83,750
AM;BR-230;463,000;462,000;1,0000;13/07/2022;-7,5615932;-62,8342862;;90,000
AM;BR-230;462,000;461,000;1,0000;13/07/2022;-7,5615932;-62,8342862;;10,000
AM;BR-230;461,000;460,000;1,0000;13/07/2022;-7,5615932;-62,8342862;;10,000
AM;BR-230;460,000;459,000;1,0000;13/07/2022;-7,5615932;-62,8342862;;10,000
AM;BR-230;459,000;458,000;1,0000;13/07/2022;-7,5615932;-62,8342862;;10,000
AM;BR-230;458,000;457,000;1,0000;13/07/2022;-7,5615932;-62,8342862;;10,000
AM;BR-230;457,000;456,000;1,0000;13/07/2022;-7,5615932;-62,8342862;;10,000
AM;BR-230;456,000;455,000;1,0000;13/07/2022;-7,5615932;-62,8342862;;10,000
AM;BR-230;455,000;454,000;1,0000;13/07/2022;-7,5615932;-62,8342862;;10,000
AM;BR-230;454,000;453,000;1,0000;13/07/2022;-7,5615932;-62,8342862;;10,000
AM;BR-230;453,000;452,000;1,0000;13/07/2022;-7,5615932;-62,8342862;;10,000
AM;BR-230;452,000;451,000;1,0000;13/07/2022;-7,5615932;-62,8342862;;10,000
AM;BR-230;451,000;450,000;1,0000;13/07/2022;-7,5615932;-62,8342862;;10,000
AM;BR-230;450,000;449,000;1,0000;13/07/2022;-7,5615932;-62,8342862;;10,000
AM;BR-230;449,000;448,000;1,0000;13/07/2022;-7,5615932;-62,8342862;;10,000
AM;BR-230;448,000;447,000;1,0000;13/07/2022;-7,5615932;-62,8342862;;10,000
AM;BR-230;447,000;446,000;1,0000;13/07/2022;-7,5615932;-62,8342862;;10,000
AM;BR-230;446,000;445,000;1,0000;13/07/2022;-7,5615932;-62,8342862;;10,000
AM;BR-230;445,000;444,000;1,0000;13/07/2022;-8,3459678;-63,8590333;;10,000
AM;BR-230;444,000;443,000;1,0000;13/07/2022;-8,3459678;-63,8590333;;10,000
AM;BR-230;443,000;442,000;1,0000;13/07/2022;-8,3459678;-63,8590333;;10,000
AM;BR-230;442,000;441,000;1,0000;13/07/2022;-8,3459678;-63,8590333;;10,000
AM;BR-230;441,000;440,000;1,0000;13/07/2022;-8,3459678;-63,8590333;;10,000
AM;BR-230;440,000;439,000;1,0000;13/07/2022;-8,3459678;-63,8590333;;10,000
AM;BR-230;439,000;438,000;1,0000;13/07/2022;-8,3459678;-63,8590333;;52,500
AM;BR-230;438,000;437,000;1,0000;13/07/2022;-8,3459678;-63,8590333;;68,750
AM;BR-230;437,000;436,000;1,0000;13/07/2022;-8,3459678;-63,8590333;;83,750
AM;BR-230;436,000;435,000;1,0000;13/07/2022;-8,3459678;-63,8590333;;83,750
AM;BR-230;435,000;434,000;1,0000;13/07/2022;-8,3459678;-63,8590333;;68,750
AM;BR-230;434,000;433,000;1,0000;13/07/2022;-8,3459678;-63,8590333;;77,500
AM;BR-230;433,000;432,000;1,0000;13/07/2022;-8,3459678;-63,8590333;;76,250
AM;BR-230;432,000;431,000;1,0000;13/07/2022;-8,3459678;-63,8590333;;76,250
AM;BR-230;431,000;430,000;1,0000;13/07/2022;-8,3459678;-63,8590333;;76,250
AM;BR-230;430,000;429,000;1,0000;13/07/2022;-8,3459678;-63,8590333;;76,250
AM;BR-230;429,000;428,000;1,0000;13/07/2022;-8,3459678;-63,8590333;;76,250
AM;BR-230;428,000;427,000;1,0000;13/07/2022;-8,3459678;-63,8590333;;70,000
AM;BR-230;427,000;426,000;1,0000;13/07/2022;-8,3459678;-63,8590333;;10,000
AM;BR-230;426,000;425,000;1,0000;13/07/2022;-8,3459678;-63,8590333;;15,000
AM;BR-230;425,000;424,000;1,0000;13/07/2022;-8,3459678;-63,8590333;;38,750
AM;BR-230;424,000;423,000;1,0000;13/07/2022;-8,3459678;-63,8590333;;15,000
AM;BR-230;423,000;422,000;1,0000;13/07/2022;-8,0299022;-62,875827;;22,500
AM;BR-230;422,000;421,000;1,0000;13/07/2022;-8,0299022;-62,875827;;93,750
AM;BR-230;421,000;420,000;1,0000;13/07/2022;-8,0299022;-62,875827;;92,500
AM;BR-230;420,000;419,000;1,0000;13/07/2022;-8,0299022;-62,875827;;90,000
AM;BR-230;419,000;418,000;1,0000;13/07/2022;-8,0299022;-62,875827;;90,000
AM;BR-230;418,000;417,000;1,0000;13/07/2022;-8,0299022;-62,875827;;90,000
AM;BR-230;417,000;416,000;1,0000;13/07/2022;-8,0299022;-62,875827;;91,250
AM;BR-230;416,000;415,000;1,0000;13/07/2022;-8,0299022;-62,875827;;90,000
AM;BR-230;415,000;414,000;1,0000;13/07/2022;-8,0299022;-62,875827;;93,750
AM;BR-230;414,000;413,000;1,0000;13/07/2022;-8,0299022;-62,875827;;90,000
AM;BR-230;413,000;412,000;1,0000;13/07/2022;-8,0299022;-62,875827;;86,250
AM;BR-230;412,000;411,000;1,0000;13/07/2022;-8,0299022;-62,875827;;86,250
AM;BR-230;411,000;410,000;1,0000;13/07/2022;-8,0299022;-62,875827;;86,250
AM;BR-230;410,000;409,000;1,0000;13/07/2022;-8,0299022;-62,875827;;83,750
AM;BR-230;409,000;408,000;1,0000;13/07/2022;-8,0299022;-62,875827;;83,750
AM;BR-230;408,000;407,000;1,0000;13/07/2022;-8,0299022;-62,875827;;87,500
AM;BR-230;407,000;406,000;1,0000;13/07/2022;-8,0299022;-62,875827;;83,750
AM;BR-230;406,000;405,000;1,0000;13/07/2022;-8,0299022;-62,875827;;90,000
AM;BR-230;405,000;404,000;1,0000;13/07/2022;-8,0299022;-62,875827;;90,000
AM;BR-230;404,000;403,000;1,0000;13/07/2022;-8,0299022;-62,875827;;83,750
AM;BR-230;403,000;402,000;1,0000;13/07/2022;-8,0299022;-62,875827;;83,750
AM;BR-230;402,000;401,000;1,0000;13/07/2022;-8,0299022;-62,875827;;83,750
AM;BR-230;401,000;400,600;0,4000;13/07/2022;-8,0299022;-62,875827;;83,750
AM;BR-230;642,600;643,000;0,4000;14/07/2022;-7,56271696;-63,0956674;;36,250
AM;BR-230;643,000;644,000;1,0000;14/07/2022;-7,5458152;-63,0677183;;68,750
AM;BR-230;644,000;645,000;1,0000;14/07/2022;-7,5458152;-63,0677183;;68,750
AM;BR-230;645,000;646,000;1,0000;14/07/2022;-7,5458152;-63,0677183;;75,000
AM;BR-230;646,000;647,000;1,0000;14/07/2022;-7,5458152;-63,0677183;;68,750
AM;BR-230;647,000;648,000;1,0000;14/07/2022;-7,5458152;-63,0677183;;82,500
AM;BR-230;648,000;649,000;1,0000;14/07/2022;-7,5458152;-63,0677183;;71,250
AM;BR-230;649,000;650,000;1,0000;14/07/2022;-7,5458152;-63,0677183;;78,750
AM;BR-230;650,000;651,000;1,0000;14/07/2022;-7,5458152;-63,0677183;;77,500
AM;BR-230;651,000;652,000;1,0000;14/07/2022;-7,5458152;-63,0677183;;72,500
AM;BR-230;652,000;653,000;1,0000;14/07/2022;-7,5458152;-63,0677183;;68,750
AM;BR-230;653,000;654,000;1,0000;14/07/2022;-7,5458152;-63,0677183;;75,000
AM;BR-230;654,000;655,000;1,0000;14/07/2022;-7,5458152;-63,0677183;;68,750
AM;BR-230;655,000;656,000;1,0000;14/07/2022;-7,5458152;-63,0677183;;77,500
AM;BR-230;656,000;657,000;1,0000;14/07/2022;-7,5458152;-63,0677183;;78,750
AM;BR-230;657,000;658,000;1,0000;14/07/2022;-7,5458152;-63,0677183;;72,500
AM;BR-230;658,000;659,000;1,0000;14/07/2022;-7,5458152;-63,0677183;;75,000
AM;BR-230;659,000;660,000;1,0000;14/07/2022;-7,5458152;-63,0677183;;71,250
AM;BR-230;660,000;661,000;1,0000;14/07/2022;-7,5458152;-63,0677183;;77,500
AM;BR-230;661,000;662,000;1,0000;14/07/2022;-7,5458152;-63,0677183;;71,250
AM;BR-230;662,000;663,000;1,0000;14/07/2022;-7,5458152;-63,0677183;;72,500
AM;BR-230;663,000;664,000;1,0000;14/07/2022;-7,5458152;-63,0677183;;68,750
AM;BR-230;664,000;665,000;1,0000;14/07/2022;-7,5458152;-63,0677183;;8,750
AM;BR-230;665,000;666,000;1,0000;14/07/2022;-7,5458152;-63,0677183;;8,750
AM;BR-230;666,000;667,000;1,0000;14/07/2022;-7,5458152;-63,0677183;;8,750
AM;BR-230;667,000;668,000;1,0000;14/07/2022;-7,5458152;-63,0677183;;8,750
AM;BR-230;668,000;669,000;1,0000;14/07/2022;-7,5458152;-63,0677183;;8,750
AM;BR-230;669,000;670,000;1,0000;14/07/2022;-7,5458152;-63,0677183;;8,750
AM;BR-230;670,000;671,000;1,0000;14/07/2022;-7,5458152;-63,0677183;;8,750
AM;BR-230;671,000;672,000;1,0000;14/07/2022;-7,5458152;-63,0677183;;8,750
AM;BR-230;672,000;673,000;1,0000;14/07/2022;-7,5458152;-63,0677183;;8,750
AM;BR-230;673,000;674,000;1,0000;14/07/2022;-7,5458152;-63,0677183;;8,750
AM;BR-230;674,000;675,000;1,0000;14/07/2022;-7,5458152;-63,0677183;;8,750
AM;BR-230;675,000;676,000;1,0000;14/07/2022;-7,5458152;-63,0677183;;8,750
AM;BR-230;676,000;677,000;1,0000;14/07/2022;-7,5458152;-63,0677183;;8,750
AM;BR-230;677,000;678,000;1,0000;14/07/2022;-7,5458152;-63,0677183;;8,750
AM;BR-230;678,000;679,000;1,0000;14/07/2022;-7,5458152;-63,0677183;;8,750
AM;BR-230;679,000;680,000;1,0000;14/07/2022;-7,5458152;-63,0677183;;8,750
AM;BR-230;680,000;681,000;1,0000;14/07/2022;-7,5458152;-63,0677183;;8,750
AM;BR-230;681,000;682,000;1,0000;14/07/2022;-7,5458152;-63,0677183;;8,750
AM;BR-230;682,000;683,000;1,0000;14/07/2022;-7,5458152;-63,0677183;;8,750
AM;BR-230;683,000;684,000;1,0000;14/07/2022;-7,5458152;-63,0677183;;8,750
AM;BR-230;684,000;685,000;1,0000;14/07/2022;-7,5458152;-63,0677183;;8,750
AM;BR-230;685,000;686,000;1,0000;14/07/2022;-7,5458152;-63,0677183;;71,250
AM;BR-230;686,000;687,000;1,0000;14/07/2022;-7,5458152;-63,0677183;;92,500
AM;BR-230;687,000;688,000;1,0000;14/07/2022;-7,5458152;-63,0677183;;92,500
AM;BR-230;688,000;689,000;1,0000;14/07/2022;-7,5458152;-63,0677183;;92,500
AM;BR-230;689,000;690,000;1,0000;14/07/2022;-7,5458152;-63,0677183;;85,000
AM;BR-230;690,000;691,000;1,0000;14/07/2022;-7,5458152;-63,0677183;;92,500
AM;BR-230;691,000;692,000;1,0000;14/07/2022;-7,5458152;-63,0677183;;88,750
AM;BR-230;692,000;693,000;1,0000;14/07/2022;-7,5458152;-63,0677183;;77,500
AM;BR-230;693,000;694,000;1,0000;14/07/2022;-7,5458152;-63,0677183;;77,500
AM;BR-230;694,000;695,000;1,0000;14/07/2022;-7,5458152;-63,0677183;;85,000
AM;BR-230;695,000;696,000;1,0000;14/07/2022;-7,5458152;-63,0677183;;88,750
AM;BR-230;696,000;697,000;1,0000;14/07/2022;-7,5458152;-63,0677183;;88,750
AM;BR-230;697,000;698,000;1,0000;14/07/2022;-7,5458152;-63,0677183;;81,250
AM;BR-230;698,000;699,000;1,0000;14/07/2022;-7,5458152;-63,0677183;;92,500
AM;BR-230;699,000;700,000;1,0000;14/07/2022;-7,5458152;-63,0677183;;85,000
AM;BR-230;700,000;701,000;1,0000;14/07/2022;-7,5458152;-63,0677183;;85,000
AM;BR-230;701,000;702,000;1,0000;14/07/2022;-7,5458152;-63,0677183;;63,750
AM;BR-230;702,000;703,000;1,0000;14/07/2022;-7,5458152;-63,0677183;;78,750
AM;BR-230;703,000;704,000;1,0000;14/07/2022;-7,5458152;-63,0677183;;85,000
AM;BR-230;704,000;705,000;1,0000;14/07/2022;-7,5458152;-63,0677183;;88,750
AM;BR-230;705,000;706,000;1,0000;14/07/2022;-7,5458152;-63,0677183;;86,250
AM;BR-230;706,000;707,000;1,0000;14/07/2022;-7,5458152;-63,0677183;;85,000
AM;BR-230;707,000;708,000;1,0000;14/07/2022;-7,5458152;-63,0677183;;85,000
AM;BR-230;708,000;709,000;1,0000;14/07/2022;-7,5458152;-63,0677183;;85,000
AM;BR-230;709,000;710,000;1,0000;14/07/2022;-7,5458152;-63,0677183;;85,000
AM;BR-230;710,000;711,000;1,0000;14/07/2022;-7,5458152;-63,0677183;;85,000
AM;BR-230;711,000;712,000;1,0000;14/07/2022;-7,5458152;-63,0677183;;85,000
AM;BR-230;712,000;713,000;1,0000;14/07/2022;-7,5458152;-63,0677183;;85,000
AM;BR-230;713,000;714,000;1,0000;14/07/2022;-7,5458152;-63,0677183;;92,500
AM;BR-230;714,000;715,000;1,0000;14/07/2022;-7,5458152;-63,0677183;;85,000
AM;BR-230;715,000;716,000;1,0000;14/07/2022;-7,5458152;-63,0677183;;85,000
AM;BR-230;716,000;717,000;1,0000;14/07/2022;-7,5458152;-63,0677183;;85,000
AM;BR-230;717,000;718,000;1,0000;14/07/2022;-7,5458152;-63,0677183;;85,000
AM;BR-230;718,000;719,000;1,0000;14/07/2022;-7,5458152;-63,0677183;;85,000
AM;BR-230;719,000;720,000;1,0000;14/07/2022;-7,5458152;-63,0677183;;85,000
AM;BR-230;720,000;721,000;1,0000;14/07/2022;-7,5458152;-63,0677183;;85,000
AM;BR-230;721,000;722,000;1,0000;14/07/2022;-7,5458152;-63,0677183;;92,500
AM;BR-230;722,000;723,000;1,0000;14/07/2022;-7,5458152;-63,0677183;;85,000
AM;BR-230;723,000;724,000;1,0000;14/07/2022;-7,5458152;-63,0677183;;92,500
AM;BR-230;724,000;725,000;1,0000;14/07/2022;-7,5458152;-63,0677183;;92,500
AM;BR-230;725,000;726,000;1,0000;14/07/2022;-7,5458152;-63,0677183;;85,000
AM;BR-230;726,000;727,000;1,0000;14/07/2022;-7,5458152;-63,0677183;;85,000
AM;BR-230;727,000;728,000;1,0000;14/07/2022;-7,5458152;-63,0677183;;85,000
AM;BR-230;728,000;729,000;1,0000;14/07/2022;-7,5458152;-63,0677183;;85,000
AM;BR-230;729,000;730,000;1,0000;14/07/2022;-7,5458152;-63,0677183;;85,000
AM;BR-230;730,000;731,000;1,0000;14/07/2022;-7,5458152;-63,0677183;;85,000
AM;BR-230;731,000;732,000;1,0000;14/07/2022;-7,5458152;-63,0677183;;85,000
AM;BR-230;732,000;733,200;1,2000;14/07/2022;-7,5458152;-63,0677183;;85,000
AM;BR-230;816,300;815,000;1,3000;15/07/2022;-7,2690237;-64,7905285;;100,000
AM;BR-230;815,000;814,000;1,0000;15/07/2022;-7,2690237;-64,7905285;;100,000
AM;BR-230;814,000;813,000;1,0000;15/07/2022;-7,2690237;-64,7905285;;100,000
AM;BR-230;813,000;812,000;1,0000;15/07/2022;-7,2690237;-64,7905285;;100,000
AM;BR-230;812,000;811,000;1,0000;15/07/2022;-7,2690237;-64,7905285;;100,000
AM;BR-230;811,000;810,000;1,0000;15/07/2022;-7,2690237;-64,7905285;;100,000
AM;BR-230;810,000;809,000;1,0000;15/07/2022;-7,2622752;-64,7945956;;100,000
AM;BR-230;809,000;808,000;1,0000;15/07/2022;-7,2622752;-64,7945956;;100,000
AM;BR-230;808,000;807,000;1,0000;15/07/2022;-7,2622752;-64,7945956;;100,000
AM;BR-230;807,000;806,000;1,0000;15/07/2022;-7,2622752;-64,7945956;;100,000
AM;BR-230;806,000;805,000;1,0000;15/07/2022;-7,2622752;-64,7945956;;100,000
AM;BR-230;805,000;804,000;1,0000;15/07/2022;-7,2622752;-64,7945956;;100,000
AM;BR-230;804,000;803,000;1,0000;15/07/2022;-7,2622752;-64,7945956;;100,000
AM;BR-230;803,000;802,000;1,0000;15/07/2022;-7,2622752;-64,7945956;;100,000
AM;BR-230;802,000;801,000;1,0000;15/07/2022;-7,2622752;-64,7945956;;100,000
AM;BR-230;801,000;800,000;1,0000;15/07/2022;-7,2622752;-64,7945956;;100,000
AM;BR-230;800,000;799,000;1,0000;15/07/2022;-7,2622752;-64,7945956;;100,000
AM;BR-230;799,000;798,000;1,0000;15/07/2022;-7,2622752;-64,7945956;;100,000
AM;BR-230;798,000;797,000;1,0000;15/07/2022;-7,2622752;-64,7945956;;100,000
AM;BR-230;797,000;796,000;1,0000;15/07/2022;-7,2622752;-64,7945956;;100,000
AM;BR-230;796,000;795,000;1,0000;15/07/2022;-7,2622752;-64,7945956;;100,000
AM;BR-230;795,000;794,000;1,0000;15/07/2022;-7,2622752;-64,7945956;;100,000
AM;BR-230;794,000;793,000;1,0000;15/07/2022;-7,2622752;-64,7945956;;100,000
AM;BR-230;793,000;792,000;1,0000;15/07/2022;-7,2622752;-64,7945956;;100,000
AM;BR-230;792,000;791,000;1,0000;15/07/2022;-7,2622752;-64,7945956;;100,000
AM;BR-230;791,000;790,000;1,0000;15/07/2022;-7,2622752;-64,7945956;;100,000
AM;BR-230;790,000;789,000;1,0000;15/07/2022;-7,2622752;-64,7945956;;100,000
AM;BR-230;789,000;788,000;1,0000;15/07/2022;-7,2622752;-64,7945956;;100,000
AM;BR-230;788,000;787,000;1,0000;15/07/2022;-7,2622752;-64,7945956;;100,000
AM;BR-230;787,000;786,000;1,0000;15/07/2022;-7,2622752;-64,7945956;;100,000
AM;BR-230;786,000;785,000;1,0000;15/07/2022;-7,2622752;-64,7945956;;100,000
AM;BR-230;785,000;784,000;1,0000;15/07/2022;-7,2622752;-64,7945956;;100,000
AM;BR-230;784,000;783,000;1,0000;15/07/2022;-7,2622752;-64,7945956;;100,000
AM;BR-230;783,000;782,000;1,0000;15/07/2022;-7,2622752;-64,7945956;;100,000
AM;BR-230;782,000;781,000;1,0000;15/07/2022;-7,2622752;-64,7945956;;100,000
AM;BR-230;781,000;780,000;1,0000;15/07/2022;-7,2622752;-64,7945956;;23,750
AM;BR-230;780,000;779,000;1,0000;15/07/2022;-7,2622752;-64,7945956;;23,750
AM;BR-230;779,000;778,000;1,0000;15/07/2022;-7,2622752;-64,7945956;;31,250
AM;BR-230;778,000;777,000;1,0000;15/07/2022;-7,2622752;-64,7945956;;21,250
AM;BR-230;777,000;776,000;1,0000;15/07/2022;-7,2622752;-64,7945956;;12,500
AM;BR-230;776,000;775,000;1,0000;15/07/2022;-7,2622752;-64,7945956;;20,000
AM;BR-230;775,000;774,000;1,0000;15/07/2022;-7,2622752;-64,7945956;;20,000
AM;BR-230;774,000;773,000;1,0000;15/07/2022;-7,2622752;-64,7945956;;20,000
AM;BR-230;773,000;772,000;1,0000;15/07/2022;-7,2622752;-64,7945956;;20,000
AM;BR-230;772,000;771,000;1,0000;15/07/2022;-7,2622752;-64,7945956;;12,500
AM;BR-230;771,000;770,000;1,0000;15/07/2022;-7,2622752;-64,7945956;;20,000
AM;BR-230;770,000;769,000;1,0000;15/07/2022;-7,2622752;-64,7945956;;35,000
AM;BR-230;769,000;768,000;1,0000;15/07/2022;-7,2622752;-64,7945956;;20,000
AM;BR-230;768,000;767,000;1,0000;15/07/2022;-7,2622752;-64,7945956;;20,000
AM;BR-230;767,000;766,000;1,0000;15/07/2022;-7,2622752;-64,7945956;;20,000
AM;BR-230;766,000;765,000;1,0000;15/07/2022;-7,2622752;-64,7945956;;20,000
AM;BR-230;765,000;764,000;1,0000;15/07/2022;-7,2622752;-64,7945956;;20,000
AM;BR-230;764,000;763,000;1,0000;15/07/2022;-7,2622752;-64,7945956;;20,000
AM;BR-230;763,000;762,000;1,0000;15/07/2022;-7,2622752;-64,7945956;;20,000
AM;BR-230;762,000;761,000;1,0000;15/07/2022;-7,2622752;-64,7945956;;20,000
AM;BR-230;761,000;760,000;1,0000;15/07/2022;-7,2622752;-64,7945956;;20,000
AM;BR-230;760,000;759,000;1,0000;15/07/2022;-7,2622752;-64,7945956;;20,000
AM;BR-230;759,000;758,000;1,0000;15/07/2022;-7,2622752;-64,7945956;;20,000
AM;BR-230;758,000;757,000;1,0000;15/07/2022;-7,4706823;-64,2575577;;100,000
AM;BR-230;757,000;756,000;1,0000;15/07/2022;-7,4706877;-64,2575547;;100,000
AM;BR-230;756,000;755,000;1,0000;15/07/2022;-7,4706877;-64,2575547;;85,000
AM;BR-230;755,000;754,000;1,0000;15/07/2022;-7,4650131;-64,2435006;;37,500
AM;BR-230;754,000;753,000;1,0000;15/07/2022;-7,4650131;-64,2435006;;100,000
AM;BR-230;753,000;752,000;1,0000;15/07/2022;-7,4650131;-64,2435006;;100,000
AM;BR-230;752,000;751,000;1,0000;15/07/2022;-7,4650131;-64,2435006;;100,000
AM;BR-230;751,000;750,000;1,0000;15/07/2022;-7,4650131;-64,2435006;;100,000
AM;BR-230;750,000;749,000;1,0000;15/07/2022;-7,4650131;-64,2435006;;100,000
AM;BR-230;749,000;748,000;1,0000;15/07/2022;-7,4650131;-64,2435006;;100,000
AM;BR-230;748,000;747,000;1,0000;15/07/2022;-7,4650131;-64,2435006;;100,000
AM;BR-230;747,000;746,000;1,0000;15/07/2022;-7,4650131;-64,2435006;;100,000
AM;BR-230;746,000;745,000;1,0000;15/07/2022;-7,4650131;-64,2435006;;100,000
AM;BR-230;745,000;744,000;1,0000;15/07/2022;-7,4650131;-64,2435006;;100,000
AM;BR-230;744,000;743,000;1,0000;15/07/2022;-7,4650131;-64,2435006;;100,000
AM;BR-230;743,000;742,000;1,0000;15/07/2022;-7,2622752;-64,7945956;;100,000
AM;BR-230;742,000;741,000;1,0000;15/07/2022;-7,2622752;-64,7945956;;100,000
AM;BR-230;741,000;740,000;1,0000;15/07/2022;-7,2622752;-64,7945956;;100,000
AM;BR-230;740,000;739,000;1,0000;15/07/2022;-7,2622752;-64,7945956;;100,000
AM;BR-230;739,000;738,000;1,0000;15/07/2022;-7,2622752;-64,7945956;;100,000
AM;BR-230;738,000;737,000;1,0000;15/07/2022;-7,2622752;-64,7945956;;100,000
AM;BR-230;737,000;736,000;1,0000;15/07/2022;-7,2622752;-64,7945956;;100,000
AM;BR-230;736,000;735,000;1,0000;15/07/2022;-7,2622752;-64,7945956;;100,000
AM;BR-230;735,000;734,000;1,0000;15/07/2022;-7,2622752;-64,7945956;;100,000
AM;BR-230;734,000;733,200;0,8000;15/07/2022;-7,2622752;-64,7945956;;100,000
AM;BR-319;513,800;512,000;1,8000;14/07/2022;-6,3686064;-62,8052414;;80,000
AM;BR-319;512,000;511,000;1,0000;14/07/2022;-6,3686085;-62,8052482;;82,500
AM;BR-319;511,000;510,000;1,0000;14/07/2022;-6,3686085;-62,8052482;;93,750
AM;BR-319;510,000;509,000;1,0000;14/07/2022;-6,3686085;-62,8052482;;82,500
AM;BR-319;509,000;508,000;1,0000;14/07/2022;-6,3686085;-62,8052482;;80,000
AM;BR-319;508,000;507,000;1,0000;14/07/2022;-6,3686085;-62,8052482;;80,000
AM;BR-319;507,000;506,000;1,0000;14/07/2022;-6,3686085;-62,8052482;;82,500
AM;BR-319;506,000;505,000;1,0000;14/07/2022;-6,3686085;-62,8052482;;82,500
AM;BR-319;505,000;504,000;1,0000;14/07/2022;-6,3686085;-62,8052482;;83,750
AM;BR-319;504,000;503,000;1,0000;14/07/2022;-6,3686085;-62,8052482;;86,250
AM;BR-319;503,000;502,000;1,0000;14/07/2022;-6,3686085;-62,8052482;;90,000
AM;BR-319;502,000;501,000;1,0000;14/07/2022;-6,3686085;-62,8052482;;85,000
AM;BR-319;501,000;500,000;1,0000;14/07/2022;-6,3686085;-62,8052482;;85,000
AM;BR-319;500,000;499,000;1,0000;14/07/2022;-6,3686085;-62,8052482;;85,000
AM;BR-319;499,000;498,000;1,0000;14/07/2022;-6,3686085;-62,8052482;;85,000
AM;BR-319;498,000;497,000;1,0000;14/07/2022;-6,3686085;-62,8052482;;88,750
AM;BR-319;497,000;496,000;1,0000;14/07/2022;-6,3686085;-62,8052482;;80,000
AM;BR-319;496,000;495,000;1,0000;14/07/2022;-6,3686085;-62,8052482;;80,000
AM;BR-319;495,000;494,000;1,0000;14/07/2022;-6,3686085;-62,8052482;;80,000
AM;BR-319;494,000;493,000;1,0000;14/07/2022;-6,3686085;-62,8052482;;80,000
AM;BR-319;493,000;492,000;1,0000;14/07/2022;-6,3686085;-62,8052482;;92,500
AM;BR-319;492,000;491,000;1,0000;14/07/2022;-7,5457449;-63,0675606;;80,000
AM;BR-319;491,000;490,000;1,0000;14/07/2022;-7,5457449;-63,0675606;;86,250
AM;BR-319;490,000;489,000;1,0000;14/07/2022;-7,5457449;-63,0675606;;88,750
AM;BR-319;489,000;488,000;1,0000;14/07/2022;-7,5457449;-63,0675606;;80,000
AM;BR-319;488,000;487,000;1,0000;14/07/2022;-7,5457449;-63,0675606;;87,500
AM;BR-319;487,000;486,000;1,0000;14/07/2022;-7,5457449;-63,0675606;;80,000
AM;BR-319;486,000;485,000;1,0000;14/07/2022;-7,5457449;-63,0675606;;80,000
AM;BR-319;485,000;484,000;1,0000;14/07/2022;-7,5457449;-63,0675606;;80,000
AM;BR-319;484,000;483,000;1,0000;14/07/2022;-7,5457449;-63,0675606;;80,000
AM;BR-319;483,000;482,000;1,0000;14/07/2022;-7,5457449;-63,0675606;;80,000
AM;BR-319;482,000;481,000;1,0000;14/07/2022;-7,5457449;-63,0675606;;80,000
AM;BR-319;481,000;480,000;1,0000;14/07/2022;-7,5457449;-63,0675606;;80,000
AM;BR-319;480,000;479,000;1,0000;14/07/2022;-7,5457449;-63,0675606;;80,000
AM;BR-319;479,000;478,000;1,0000;14/07/2022;-7,5457449;-63,0675606;;80,000
AM;BR-319;478,000;477,000;1,0000;14/07/2022;-7,5457449;-63,0675606;;80,000
AM;BR-319;477,000;476,000;1,0000;14/07/2022;-7,5457449;-63,0675606;;86,250
AM;BR-319;476,000;475,000;1,0000;14/07/2022;-7,5457449;-63,0675606;;82,500
AM;BR-319;475,000;474,000;1,0000;14/07/2022;-7,5457449;-63,0675606;;80,000
AM;BR-319;474,000;473,000;1,0000;14/07/2022;-7,5457449;-63,0675606;;80,000
AM;BR-319;473,000;472,000;1,0000;14/07/2022;-7,5457449;-63,0675606;;80,000
AM;BR-319;472,000;471,000;1,0000;14/07/2022;-7,5457449;-63,0675606;;80,000
AM;BR-319;471,000;470,000;1,0000;14/07/2022;-7,5457449;-63,0675606;;80,000
AM;BR-319;470,000;469,000;1,0000;14/07/2022;-7,5457449;-63,0675606;;90,000
AM;BR-319;469,000;468,000;1,0000;14/07/2022;-7,5457449;-63,0675606;;92,500
AM;BR-319;468,000;467,000;1,0000;14/07/2022;-7,5457449;-63,0675606;;90,000
AM;BR-319;467,000;466,000;1,0000;14/07/2022;-7,5457449;-63,0675606;;83,750
AM;BR-319;466,000;465,000;1,0000;14/07/2022;-7,5457449;-63,0675606;;100,000
AM;BR-319;465,000;464,000;1,0000;14/07/2022;-7,5457449;-63,0675606;;100,000
AM;BR-319;464,000;463,000;1,0000;14/07/2022;-7,5457449;-63,0675606;;65,000
AM;BR-319;463,000;462,000;1,0000;14/07/2022;-7,5457449;-63,0675606;;100,000
AM;BR-319;462,000;461,000;1,0000;14/07/2022;-7,5457449;-63,0675606;;100,000
AM;BR-319;461,000;460,000;1,0000;14/07/2022;-7,5457449;-63,0675606;;86,250
AM;BR-319;460,000;459,000;1,0000;14/07/2022;-7,5457449;-63,0675606;;83,750
AM;BR-319;459,000;458,000;1,0000;14/07/2022;-7,5457449;-63,0675606;;80,000
AM;BR-319;458,000;457,000;1,0000;14/07/2022;-7,5457449;-63,0675606;;100,000
AM;BR-319;457,000;456,000;1,0000;14/07/2022;-7,5457449;-63,0675606;;100,000
AM;BR-319;456,000;455,000;1,0000;14/07/2022;-7,5457449;-63,0675606;;83,750
AM;BR-319;455,000;454,000;1,0000;14/07/2022;-7,5457449;-63,0675606;;92,500
AM;BR-319;454,000;453,000;1,0000;14/07/2022;-7,5457449;-63,0675606;;92,500
AM;BR-319;453,000;452,000;1,0000;14/07/2022;-7,5457449;-63,0675606;;80,000
AM;BR-319;452,000;451,000;1,0000;14/07/2022;-7,5457449;-63,0675606;;100,000
AM;BR-319;451,000;450,000;1,0000;14/07/2022;-7,5457449;-63,0675606;;80,000
AM;BR-319;450,000;449,000;1,0000;14/07/2022;-7,5457449;-63,0675606;;80,000
AM;BR-319;449,000;448,000;1,0000;14/07/2022;-7,5457449;-63,0675606;;87,500
AM;BR-319;448,000;447,000;1,0000;14/07/2022;-7,5457449;-63,0675606;;87,500
AM;BR-319;447,000;446,000;1,0000;14/07/2022;-7,5457449;-63,0675606;;87,500
AM;BR-319;446,000;445,000;1,0000;14/07/2022;-7,5457449;-63,0675606;;87,500
AM;BR-319;445,000;444,000;1,0000;14/07/2022;-7,5457449;-63,0675606;;90,000
AM;BR-319;444,000;443,000;1,0000;14/07/2022;-7,5457449;-63,0675606;;100,000
AM;BR-319;443,000;442,000;1,0000;14/07/2022;-7,5457449;-63,0675606;;87,500
AM;BR-319;442,000;441,000;1,0000;14/07/2022;-7,5457449;-63,0675606;;100,000
AM;BR-319;441,000;440,000;1,0000;14/07/2022;-7,5457449;-63,0675606;;90,000
AM;BR-319;440,000;439,000;1,0000;14/07/2022;-7,5457449;-63,0675606;;80,000
AM;BR-319;439,000;438,000;1,0000;14/07/2022;-7,5457449;-63,0675606;;90,000
AM;BR-319;438,000;437,000;1,0000;14/07/2022;-7,5457449;-63,0675606;;100,000
AM;BR-319;437,000;436,000;1,0000;14/07/2022;-7,5457449;-63,0675606;;100,000
AM;BR-319;436,000;435,000;1,0000;14/07/2022;-7,5457449;-63,0675606;;87,500
AM;BR-319;435,000;434,000;1,0000;14/07/2022;-7,5457449;-63,0675606;;87,500
AM;BR-319;434,000;433,100;0,9000;15/07/2022;-7,5457449;-63,0675606;;87,500
AM;BR-230;400,600;399,000;1,6000;14/07/2022;-7,9242027;-61,5627521;;47,500
AM;BR-230;399,000;398,000;1,0000;14/07/2022;-7,917907;-61,5538975;;35,000
AM;BR-230;398,000;397,000;1,0000;14/07/2022;-7,917907;-61,5538975;;55,000
AM;BR-230;397,000;396,000;1,0000;14/07/2022;-7,917907;-61,5538975;;62,500
AM;BR-230;396,000;395,000;1,0000;14/07/2022;-7,917907;-61,5538975;;66,250
AM;BR-230;395,000;394,000;1,0000;14/07/2022;-7,917907;-61,5538975;;42,500
AM;BR-230;394,000;393,000;1,0000;14/07/2022;-7,917907;-61,5538975;;42,500
AM;BR-230;393,000;392,000;1,0000;14/07/2022;-7,917907;-61,5538975;;42,500
AM;BR-230;392,000;391,000;1,0000;14/07/2022;-7,917907;-61,5538975;;45,000
AM;BR-230;391,000;390,000;1,0000;14/07/2022;-7,917907;-61,5538975;;35,000
AM;BR-230;390,000;389,000;1,0000;14/07/2022;-7,917907;-61,5538975;;52,500
AM;BR-230;389,000;388,000;1,0000;14/07/2022;-7,917907;-61,5538975;;78,750
AM;BR-230;388,000;387,000;1,0000;14/07/2022;-7,917907;-61,5538975;;60,000
AM;BR-230;387,000;386,000;1,0000;14/07/2022;-7,917907;-61,5538975;;52,500
AM;BR-230;386,000;385,000;1,0000;14/07/2022;-7,917907;-61,5538975;;52,500
AM;BR-230;385,000;384,000;1,0000;14/07/2022;-7,917907;-61,5538975;;46,250
AM;BR-230;384,000;383,000;1,0000;14/07/2022;-7,917907;-61,5538975;;52,500
AM;BR-230;383,000;382,000;1,0000;14/07/2022;-7,917907;-61,5538975;;45,000
AM;BR-230;382,000;381,000;1,0000;14/07/2022;-7,917907;-61,5538975;;33,750
AM;BR-230;381,000;380,000;1,0000;14/07/2022;-7,917907;-61,5538975;;37,500
AM;BR-230;380,000;379,000;1,0000;14/07/2022;-7,917907;-61,5538975;;45,000
AM;BR-230;379,000;378,000;1,0000;14/07/2022;-7,917907;-61,5538975;;61,250
AM;BR-230;378,000;377,000;1,0000;14/07/2022;-7,917907;-61,5538975;;38,750
AM;BR-230;377,000;376,000;1,0000;14/07/2022;-7,917907;-61,5538975;;33,750
AM;BR-230;376,000;375,000;1,0000;14/07/2022;-7,917907;-61,5538975;;38,750
AM;BR-230;375,000;374,000;1,0000;14/07/2022;-7,917907;-61,5538975;;41,250
AM;BR-230;374,000;373,000;1,0000;14/07/2022;-7,917907;-61,5538975;;56,250
AM;BR-230;373,000;372,000;1,0000;14/07/2022;-7,917907;-61,5538975;;58,750
AM;BR-230;372,000;371,000;1,0000;14/07/2022;-7,917907;-61,5538975;;52,500
AM;BR-230;371,000;370,000;1,0000;14/07/2022;-7,917907;-61,5538975;;53,750
AM;BR-230;370,000;369,000;1,0000;14/07/2022;-7,917907;-61,5538975;;65,000
AM;BR-230;369,000;368,000;1,0000;14/07/2022;-7,917907;-61,5538975;;63,750
AM;BR-230;368,000;367,000;1,0000;14/07/2022;-7,917907;-61,5538975;;56,250
AM;BR-230;367,000;366,000;1,0000;14/07/2022;-7,917907;-61,5538975;;61,250
AM;BR-230;366,000;365,000;1,0000;14/07/2022;-7,917907;-61,5538975;;47,500
AM;BR-230;365,000;364,000;1,0000;14/07/2022;-7,917907;-61,5538975;;46,250
AM;BR-230;364,000;363,000;1,0000;14/07/2022;-7,917907;-61,5538975;;48,750
AM;BR-230;363,000;362,000;1,0000;14/07/2022;-7,917907;-61,5538975;;46,250
AM;BR-230;362,000;361,000;1,0000;14/07/2022;-7,917907;-61,5538975;;45,000
AM;BR-230;361,000;360,000;1,0000;14/07/2022;-7,917907;-61,5538975;;46,250
AM;BR-230;360,000;359,000;1,0000;14/07/2022;-7,917907;-61,5538975;;46,250
AM;BR-230;359,000;358,000;1,0000;14/07/2022;-7,917907;-61,5538975;;42,500
AM;BR-230;358,000;357,000;1,0000;14/07/2022;-7,917907;-61,5538975;;40,000
AM;BR-230;357,000;356,000;1,0000;14/07/2022;-7,917907;-61,5538975;;52,500
AM;BR-230;356,000;355,000;1,0000;14/07/2022;-7,917907;-61,5538975;;52,500
AM;BR-230;355,000;354,000;1,0000;14/07/2022;-7,917907;-61,5538975;;45,000
AM;BR-230;354,000;353,000;1,0000;14/07/2022;-7,917907;-61,5538975;;35,000
AM;BR-230;353,000;352,000;1,0000;14/07/2022;-7,917907;-61,5538975;;42,500
AM;BR-230;352,000;351,000;1,0000;14/07/2022;-7,917907;-61,5538975;;38,750
AM;BR-230;351,000;350,000;1,0000;14/07/2022;-7,917907;-61,5538975;;60,000
AM;BR-230;350,000;349,000;1,0000;14/07/2022;-7,917907;-61,5538975;;53,750
AM;BR-230;349,000;348,000;1,0000;14/07/2022;-7,917907;-61,5538975;;53,750
AM;BR-230;348,000;347,000;1,0000;14/07/2022;-7,917907;-61,5538975;;57,500
AM;BR-230;347,000;346,000;1,0000;14/07/2022;-7,917907;-61,5538975;;50,000
AM;BR-230;346,000;345,000;1,0000;14/07/2022;-7,917907;-61,5538975;;57,500
AM;BR-230;345,000;344,000;1,0000;14/07/2022;-7,917907;-61,5538975;;92,500
AM;BR-230;344,000;343,000;1,0000;14/07/2022;-7,917907;-61,5538975;;90,000
AM;BR-230;343,000;342,000;1,0000;14/07/2022;-7,917907;-61,5538975;;90,000
AM;BR-230;342,000;341,000;1,0000;14/07/2022;-7,917907;-61,5538975;;96,250
AM;BR-230;341,000;340,000;1,0000;14/07/2022;-7,917907;-61,5538975;;93,750
AM;BR-230;340,000;339,000;1,0000;14/07/2022;-7,917907;-61,5538975;;93,750
AM;BR-230;339,000;338,000;1,0000;14/07/2022;-7,917907;-61,5538975;;100,000
AM;BR-230;338,000;337,000;1,0000;14/07/2022;-7,917907;-61,5538975;;86,250
AM;BR-230;337,000;336,000;1,0000;14/07/2022;-7,917907;-61,5538975;;96,250
AM;BR-230;336,000;335,000;1,0000;14/07/2022;-7,917907;-61,5538975;;90,000
AM;BR-230;335,000;334,000;1,0000;14/07/2022;-7,917907;-61,5538975;;96,250
AM;BR-230;334,000;333,000;1,0000;14/07/2022;-7,917907;-61,5538975;erosão no eixo da pista;95,000
AM;BR-230;333,000;332,000;1,0000;14/07/2022;-7,917907;-61,5538975;;90,000
AM;BR-230;332,000;331,000;1,0000;14/07/2022;-7,917907;-61,5538975;;92,500
AM;BR-230;331,000;330,000;1,0000;14/07/2022;-7,917907;-61,5538975;erosão bordo esquerdo da pista;90,000
AM;BR-230;330,000;329,000;1,0000;14/07/2022;-7,917907;-61,5538975;;82,500
AM;BR-230;329,000;328,000;1,0000;14/07/2022;-7,917907;-61,5538975;;90,000
AM;BR-230;328,000;327,000;1,0000;14/07/2022;-7,917907;-61,5538975;;92,500
AM;BR-230;327,000;326,000;1,0000;14/07/2022;-7,917907;-61,5538975;;92,500
AM;BR-230;326,000;325,000;1,0000;14/07/2022;-7,917907;-61,5538975;;90,000
AM;BR-230;325,000;324,000;1,0000;14/07/2022;-7,917907;-61,5538975;;90,000
AM;BR-230;324,000;323,000;1,0000;14/07/2022;-7,917907;-61,5538975;;86,250
AM;BR-230;323,000;322,000;1,0000;14/07/2022;-7,917907;-61,5538975;;90,000
AM;BR-230;322,000;321,000;1,0000;14/07/2022;-7,917907;-61,5538975;;92,500
AM;BR-230;321,000;320,000;1,0000;14/07/2022;-7,917907;-61,5538975;;95,000
AM;BR-230;320,000;319,000;1,0000;14/07/2022;-7,917907;-61,5538975;;91,250
AM;BR-230;319,000;318,000;1,0000;14/07/2022;-7,917907;-61,5538975;;95,000
AM;BR-230;318,000;317,000;1,0000;14/07/2022;-7,917907;-61,5538975;;91,250
AM;BR-230;317,000;316,000;1,0000;14/07/2022;-7,917907;-61,5538975;;90,000
AM;BR-230;316,000;315,000;1,0000;14/07/2022;-7,917907;-61,5538975;;96,250
AM;BR-230;315,000;314,800;0,2000;14/07/2022;-7,917907;-61,5538975;;96,250
AM;BR-230;314,400;313,000;1,4000;16/07/2022;-7,5235586;-60,6696111;;83,750
AM;BR-230;313,000;312,000;1,0000;16/07/2022;-7,5235587;-60,669613;;83,750
AM;BR-230;312,000;311,000;1,0000;16/07/2022;-7,5235587;-60,669613;Erosão no eixo da rodovia ;87,500
AM;BR-230;311,000;310,000;1,0000;16/07/2022;-7,5235587;-60,669613;;87,500
AM;BR-230;310,000;309,000;1,0000;16/07/2022;-7,5235587;-60,669613;Erosão no bordo esquerdo da rodovia ;72,500
AM;BR-230;309,000;308,000;1,0000;16/07/2022;-7,5235587;-60,669613;;91,250
AM;BR-230;308,000;307,000;1,0000;16/07/2022;-7,5235587;-60,669613;;83,750
AM;BR-230;307,000;306,000;1,0000;16/07/2022;-7,5235587;-60,669613;Erosão no eixo e bordo direito e esquerdo ;71,250
AM;BR-230;306,000;305,000;1,0000;16/07/2022;-7,5235587;-60,669613;Erosão no bordo esquerdo da rodovia ;71,250
AM;BR-230;305,000;304,000;1,0000;16/07/2022;-7,5235587;-60,669613;Erosão no eixo da rodovia ;95,000
AM;BR-230;304,000;303,000;1,0000;16/07/2022;-7,5235587;-60,669613;;97,500
AM;BR-230;303,000;302,000;1,0000;16/07/2022;-7,5235587;-60,669613;Erosão no eixo e bordo direito e esquerdo da rodovia ;100,000
AM;BR-230;302,000;301,000;1,0000;16/07/2022;-7,5235587;-60,669613;;97,500
AM;BR-230;301,000;300,000;1,0000;16/07/2022;-7,5235587;-60,669613;Erosão no eixo da rodovia ;85,000
AM;BR-230;300,000;299,000;1,0000;16/07/2022;-7,5235587;-60,669613;Erosão no eixo da rodovia ;83,750
AM;BR-230;299,000;298,000;1,0000;16/07/2022;-7,5235587;-60,669613;;73,750
AM;BR-230;298,000;297,000;1,0000;16/07/2022;-7,5235587;-60,669613;;80,000
AM;BR-230;297,000;296,000;1,0000;16/07/2022;-7,5235587;-60,669613;;95,000
AM;BR-230;296,000;295,000;1,0000;16/07/2022;-7,5235587;-60,669613;;75,000
AM;BR-230;295,000;294,000;1,0000;16/07/2022;-7,5235587;-60,669613;;95,000
AM;BR-230;294,000;293,000;1,0000;16/07/2022;-7,5235587;-60,669613;;91,250
AM;BR-230;293,000;292,000;1,0000;16/07/2022;-7,5235587;-60,669613;;80,000
AM;BR-230;292,000;291,000;1,0000;16/07/2022;-7,5235587;-60,669613;;68,750
AM;BR-230;291,000;290,000;1,0000;16/07/2022;-7,5235587;-60,669613;;97,500
AM;BR-230;290,000;289,000;1,0000;16/07/2022;-7,5235587;-60,669613;;83,750
AM;BR-230;289,000;288,000;1,0000;16/07/2022;-7,5235587;-60,669613;;73,750
AM;BR-230;288,000;287,000;1,0000;16/07/2022;-7,5235587;-60,669613;;90,000
AM;BR-230;287,000;286,000;1,0000;16/07/2022;-7,5235587;-60,669613;;95,000
AM;BR-230;286,000;285,000;1,0000;16/07/2022;-7,5235587;-60,669613;;85,000
AM;BR-230;285,000;284,000;1,0000;16/07/2022;-7,5235587;-60,669613;;81,250
AM;BR-230;284,000;283,000;1,0000;16/07/2022;-7,5235587;-60,669613;;80,000
AM;BR-230;283,000;282,000;1,0000;16/07/2022;-7,5235587;-60,669613;;73,750
AM;BR-230;282,000;281,000;1,0000;16/07/2022;-7,5235587;-60,669613;;62,500
AM;BR-230;281,000;280,000;1,0000;16/07/2022;-7,5235587;-60,669613;;65,000
AM;BR-230;280,000;279,000;1,0000;16/07/2022;-7,5235587;-60,669613;;66,250
AM;BR-230;279,000;278,000;1,0000;16/07/2022;-7,5235587;-60,669613;;80,000
AM;BR-230;278,000;277,000;1,0000;16/07/2022;-7,5235587;-60,669613;;51,250
AM;BR-230;277,000;276,000;1,0000;16/07/2022;-7,5235587;-60,669613;;55,000
AM;BR-230;276,000;275,000;1,0000;16/07/2022;-7,5235587;-60,669613;;62,500
AM;BR-230;275,000;274,000;1,0000;16/07/2022;-7,5235587;-60,669613;;61,250
AM;BR-230;274,000;273,000;1,0000;16/07/2022;-7,5235587;-60,669613;;51,250
AM;BR-230;273,000;272,000;1,0000;16/07/2022;-7,5235587;-60,669613;;70,000
AM;BR-230;272,000;271,000;1,0000;16/07/2022;-7,5235587;-60,669613;;70,000
AM;BR-230;271,000;270,000;1,0000;16/07/2022;-7,5235587;-60,669613;;81,250
AM;BR-230;270,000;269,000;1,0000;16/07/2022;-7,5235587;-60,669613;;73,750
AM;BR-230;269,000;268,000;1,0000;16/07/2022;-7,5235587;-60,669613;;80,000
AM;BR-230;268,000;267,000;1,0000;16/07/2022;-7,5235587;-60,669613;;83,750
AM;BR-230;267,000;266,000;1,0000;16/07/2022;-7,5235587;-60,669613;;56,250
AM;BR-230;266,000;265,000;1,0000;16/07/2022;-7,5235587;-60,669613;;78,750
AM;BR-230;265,000;264,000;1,0000;16/07/2022;-7,5235587;-60,669613;;63,750
AM;BR-230;264,000;263,000;1,0000;16/07/2022;-7,5235587;-60,669613;;72,500
AM;BR-230;263,000;262,000;1,0000;16/07/2022;-7,5235587;-60,669613;;75,000
AM;BR-230;262,000;261,000;1,0000;16/07/2022;-7,5235587;-60,669613;;65,000
AM;BR-230;261,000;260,000;1,0000;16/07/2022;-7,5235587;-60,669613;;80,000
AM;BR-230;260,000;259,000;1,0000;16/07/2022;-7,5235587;-60,669613;Erosão no eixo da rodovia ;72,500
AM;BR-230;259,000;258,000;1,0000;16/07/2022;-7,5235587;-60,669613;;57,500
AM;BR-230;258,000;257,000;1,0000;16/07/2022;-7,5235587;-60,669613;;70,000
AM;BR-230;257,000;256,000;1,0000;16/07/2022;-7,5235587;-60,669613;;57,500
AM;BR-230;256,000;255,000;1,0000;16/07/2022;-7,5235587;-60,669613;;55,000
AM;BR-230;255,000;254,000;1,0000;16/07/2022;-7,5235587;-60,669613;;47,500
AM;BR-230;254,000;253,000;1,0000;16/07/2022;-7,5235587;-60,669613;;57,500
AM;BR-230;253,000;252,000;1,0000;16/07/2022;-7,5235587;-60,669613;;60,000
AM;BR-230;252,000;251,000;1,0000;16/07/2022;-7,5235587;-60,669613;;68,750
AM;BR-230;251,000;250,000;1,0000;16/07/2022;-7,5235587;-60,669613;;51,250
AM;BR-230;250,000;249,000;1,0000;16/07/2022;-7,5235587;-60,669613;;50,000
AM;BR-230;249,000;248,000;1,0000;16/07/2022;-7,5235587;-60,669613;;50,000
AM;BR-230;248,000;247,000;1,0000;16/07/2022;-7,5235587;-60,669613;;45,000
AM;BR-230;247,000;246,000;1,0000;16/07/2022;-7,5235587;-60,669613;;56,250
AM;BR-230;246,000;245,000;1,0000;16/07/2022;-7,5235587;-60,669613;Erosão no eixo da rodovia ;37,500
AM;BR-230;245,000;244,000;1,0000;16/07/2022;-7,5235587;-60,669613;;76,250
AM;BR-230;244,000;243,000;1,0000;16/07/2022;-7,5235587;-60,669613;;56,250
AM;BR-230;243,000;242,000;1,0000;16/07/2022;-7,5235587;-60,669613;;32,500
AM;BR-230;242,000;241,000;1,0000;16/07/2022;-7,5235587;-60,669613;;57,500
AM;BR-230;241,000;240,000;1,0000;16/07/2022;-7,5235587;-60,669613;;38,750
AM;BR-230;240,000;239,000;1,0000;16/07/2022;-7,5235587;-60,669613;;37,500
AM;BR-230;239,000;238,000;1,0000;16/07/2022;-7,5235587;-60,669613;;46,250
AM;BR-230;238,000;237,000;1,0000;16/07/2022;-7,5235587;-60,669613;;65,000
AM;BR-230;237,000;236,000;1,0000;16/07/2022;-7,5235587;-60,669613;;88,750
AM;BR-230;236,000;235,000;1,0000;16/07/2022;-7,5235587;-60,669613;;65,000
AM;BR-230;235,000;234,000;1,0000;16/07/2022;-7,5235587;-60,669613;;65,000
AM;BR-230;234,000;233,000;1,0000;16/07/2022;-7,5235587;-60,669613;;10,000
AM;BR-230;233,000;232,000;1,0000;16/07/2022;-7,5235587;-60,669613;;5,000
AM;BR-230;232,000;231,000;1,0000;16/07/2022;-7,5235587;-60,669613;;5,000
AM;BR-230;231,000;230,000;1,0000;16/07/2022;-7,5235587;-60,669613;;5,000
AM;BR-230;230,000;229,000;1,0000;16/07/2022;-7,5235587;-60,669613;;5,000
AM;BR-230;229,000;228,000;1,0000;16/07/2022;-7,5235587;-60,669613;;5,000
AM;BR-230;228,000;227,000;1,0000;16/07/2022;-7,5235587;-60,669613;;5,000
AM;BR-230;227,000;226,000;1,0000;16/07/2022;-7,5235587;-60,669613;;5,000
AM;BR-230;226,000;225,000;1,0000;16/07/2022;-7,5235587;-60,669613;;5,000
AM;BR-230;225,000;224,000;1,0000;16/07/2022;-7,5235587;-60,669613;;5,000
AM;BR-230;224,000;223,000;1,0000;16/07/2022;-7,5235587;-60,669613;;5,000
AM;BR-230;223,000;222,000;1,0000;16/07/2022;-7,5235587;-60,669613;;5,000
AM;BR-230;222,000;221,000;1,0000;16/07/2022;-7,5235587;-60,669613;;5,000
AM;BR-230;221,000;220,000;1,0000;16/07/2022;-7,5235587;-60,669613;;5,000
AM;BR-230;220,000;219,000;1,0000;16/07/2022;-7,5235587;-60,669613;;5,000
AM;BR-230;219,000;218,000;1,0000;16/07/2022;-7,5235587;-60,669613;;5,000
AM;BR-230;218,000;217,000;1,0000;16/07/2022;-7,5235587;-60,669613;;5,000
AM;BR-230;217,000;216,000;1,0000;16/07/2022;-7,5235587;-60,669613;;5,000
AM;BR-230;216,000;215,000;1,0000;16/07/2022;-7,5235587;-60,669613;;5,000
AM;BR-230;215,000;214,400;0,6000;16/07/2022;-7,5235587;-60,669613;;5,000
AM;BR-174;195,000;196,000;1,0000;16/07/2022;-7,5235587;-60,669613;;57,500
AM;BR-174;196,000;197,000;1,0000;16/07/2022;-7,5235587;-60,669613;;45,000
AM;BR-174;197,000;198,000;1,0000;16/07/2022;-7,5235587;-60,669613;Erosão no eixo e bordo direito e esquerdo ;32,500
AM;BR-174;198,000;199,000;1,0000;16/07/2022;-7,5235587;-60,669613;;25,000
AM;BR-174;199,000;200,000;1,0000;16/07/2022;-7,5235587;-60,669613;Erosão no eixo da rodovia ;41,250
AM;BR-174;200,000;201,000;1,0000;16/07/2022;-7,5235587;-60,669613;;25,000
AM;BR-174;201,000;202,000;1,0000;16/07/2022;-7,5235587;-60,669613;;52,500
AM;BR-174;202,000;203,000;1,0000;16/07/2022;-7,5235587;-60,669613;;51,250
AM;BR-174;203,000;204,000;1,0000;16/07/2022;-7,5235587;-60,669613;Erosão no bordo direito e esquerdo ;45,000
AM;BR-174;204,000;205,000;1,0000;16/07/2022;-7,5235587;-60,669613;;37,500
AM;BR-174;205,000;206,000;1,0000;16/07/2022;-7,5235587;-60,669613;;43,750
AM;BR-174;206,000;207,000;1,0000;16/07/2022;-7,5235587;-60,669613;;47,500
AM;BR-174;207,000;208,000;1,0000;16/07/2022;-7,5235587;-60,669613;;51,250
AM;BR-174;208,000;209,000;1,0000;16/07/2022;-7,5235587;-60,669613;;58,750
AM;BR-174;209,000;210,000;1,0000;16/07/2022;-7,5235587;-60,669613;;86,250
AM;BR-174;210,000;211,000;1,0000;16/07/2022;-7,5235587;-60,669613;;72,500
AM;BR-174;211,000;212,000;1,0000;16/07/2022;-7,5235587;-60,669613;;70,000
AM;BR-174;212,000;213,000;1,0000;16/07/2022;-7,5235587;-60,669613;;62,500
AM;BR-174;213,000;214,000;1,0000;16/07/2022;-7,5235587;-60,669613;;68,750
AM;BR-174;214,000;215,000;1,0000;16/07/2022;-7,5235587;-60,669613;;60,000
AM;BR-174;215,000;216,000;1,0000;16/07/2022;-7,5235587;-60,669613;;41,250
AM;BR-174;216,000;217,000;1,0000;16/07/2022;-7,5235587;-60,669613;;55,000
AM;BR-174;217,000;218,000;1,0000;16/07/2022;-7,5235587;-60,669613;;48,750
AM;BR-174;218,000;219,000;1,0000;16/07/2022;-7,5235587;-60,669613;;56,250
AM;BR-174;219,000;220,000;1,0000;16/07/2022;-7,5235587;-60,669613;;48,750
AM;BR-174;220,000;221,000;1,0000;16/07/2022;-7,5235587;-60,669613;;51,250
AM;BR-174;221,000;222,000;1,0000;16/07/2022;-7,5235587;-60,669613;;56,250
AM;BR-174;222,000;223,000;1,0000;16/07/2022;-7,5235587;-60,669613;;40,000
AM;BR-174;223,000;224,000;1,0000;16/07/2022;-7,5235587;-60,669613;;56,250
AM;BR-174;224,000;225,000;1,0000;16/07/2022;-7,5235587;-60,669613;;72,500
AM;BR-174;225,000;226,000;1,0000;16/07/2022;-7,5235587;-60,669613;;77,500
AM;BR-174;226,000;227,000;1,0000;16/07/2022;-7,5235587;-60,669613;;71,250
AM;BR-230;207,600;206,000;1,6000;18/07/2022;-7,1908546;-59,8841968;;22,500
AM;BR-230;206,000;205,000;1,0000;18/07/2022;-7,1908546;-59,8841968;;7,500
AM;BR-230;205,000;204,000;1,0000;18/07/2022;-7,1908546;-59,8841968;;7,500
AM;BR-230;204,000;203,000;1,0000;18/07/2022;-7,1908546;-59,8841968;;7,500
AM;BR-230;203,000;202,000;1,0000;18/07/2022;-7,1908546;-59,8841968;;7,500
AM;BR-230;202,000;201,000;1,0000;18/07/2022;-7,1908546;-59,8841968;;10,000
AM;BR-230;201,000;200,000;1,0000;18/07/2022;-7,1908546;-59,8841968;;8,750
AM;BR-230;200,000;199,000;1,0000;18/07/2022;-7,1908546;-59,8841968;;7,500
AM;BR-230;199,000;198,000;1,0000;18/07/2022;-7,1908546;-59,8841968;;8,750
AM;BR-230;198,000;197,000;1,0000;18/07/2022;-7,1908546;-59,8841968;;8,750
AM;BR-230;197,000;196,000;1,0000;18/07/2022;-7,1908546;-59,8841968;;10,000
AM;BR-230;196,000;195,000;1,0000;18/07/2022;-7,1908546;-59,8841968;;10,000
AM;BR-230;195,000;194,000;1,0000;18/07/2022;-7,1908546;-59,8841968;;8,750
AM;BR-230;194,000;193,000;1,0000;18/07/2022;-7,1908546;-59,8841968;;8,750
AM;BR-230;193,000;192,000;1,0000;18/07/2022;-7,1908546;-59,8841968;;8,750
AM;BR-230;192,000;191,000;1,0000;18/07/2022;-7,1908546;-59,8841968;;8,750
AM;BR-230;191,000;190,000;1,0000;18/07/2022;-7,1908546;-59,8841968;;10,000
AM;BR-230;190,000;189,000;1,0000;18/07/2022;-7,1908546;-59,8841968;;7,500
AM;BR-230;189,000;188,000;1,0000;18/07/2022;-7,1908546;-59,8841968;;8,750
AM;BR-230;188,000;187,000;1,0000;18/07/2022;-7,1908546;-59,8841968;;8,750
AM;BR-230;187,000;186,000;1,0000;18/07/2022;-7,1908546;-59,8841968;;10,000
AM;BR-230;186,000;185,000;1,0000;18/07/2022;-7,1908546;-59,8841968;;7,500
AM;BR-230;185,000;184,000;1,0000;18/07/2022;-7,1908546;-59,8841968;;7,500
AM;BR-230;184,000;183,000;1,0000;18/07/2022;-7,1908546;-59,8841968;;7,500
AM;BR-230;183,000;182,000;1,0000;18/07/2022;-7,1908546;-59,8841968;;8,750
AM;BR-230;182,000;181,000;1,0000;18/07/2022;-7,1908546;-59,8841968;;8,750
AM;BR-230;181,000;180,000;1,0000;18/07/2022;-7,1908546;-59,8841968;;7,500
AM;BR-230;180,000;179,000;1,0000;18/07/2022;-7,1908546;-59,8841968;;8,750
AM;BR-230;179,000;178,000;1,0000;18/07/2022;-7,1908546;-59,8841968;trecho executado recente ;10,000
AM;BR-230;178,000;177,000;1,0000;18/07/2022;-7,1908546;-59,8841968;;8,750
AM;BR-230;177,000;176,000;1,0000;18/07/2022;-7,1908546;-59,8841968;;7,500
AM;BR-230;176,000;175,000;1,0000;18/07/2022;-7,1908546;-59,8841968;;12,500
AM;BR-230;175,000;174,000;1,0000;18/07/2022;-7,1908546;-59,8841968;;75,000
AM;BR-230;174,000;173,000;1,0000;18/07/2022;-7,1908546;-59,8841968;;65,000
AM;BR-230;173,000;172,000;1,0000;18/07/2022;-7,1908546;-59,8841968;;56,250
AM;BR-230;172,000;171,000;1,0000;18/07/2022;-7,1908546;-59,8841968;;75,000
AM;BR-230;171,000;170,000;1,0000;18/07/2022;-7,1908546;-59,8841968;;67,500
AM;BR-230;170,000;169,000;1,0000;18/07/2022;-7,1908546;-59,8841968;;66,250
AM;BR-230;169,000;168,000;1,0000;18/07/2022;-7,1908546;-59,8841968;;68,750
AM;BR-230;168,000;167,000;1,0000;18/07/2022;-7,1908546;-59,8841968;;77,500
AM;BR-230;167,000;166,000;1,0000;18/07/2022;-7,1908546;-59,8841968;;68,750
AM;BR-230;166,000;165,000;1,0000;18/07/2022;-7,1908546;-59,8841968;;46,250
AM;BR-230;165,000;164,000;1,0000;18/07/2022;-7,1908546;-59,8841968;;66,250
AM;BR-230;164,000;163,000;1,0000;18/07/2022;-7,1908546;-59,8841968;Erosão no bordo esquerdo da rodovia ;81,250
AM;BR-230;163,000;162,000;1,0000;18/07/2022;-7,1908546;-59,8841968;;66,250
AM;BR-230;162,000;161,000;1,0000;18/07/2022;-7,1908546;-59,8841968;;66,250
AM;BR-230;161,000;160,000;1,0000;18/07/2022;-7,1908546;-59,8841968;;67,500
AM;BR-230;160,000;159,000;1,0000;18/07/2022;-7,1908546;-59,8841968;;60,000
AM;BR-230;159,000;158,000;1,0000;18/07/2022;-7,1908546;-59,8841968;;63,750
AM;BR-230;158,000;157,000;1,0000;18/07/2022;-7,1908546;-59,8841968;;62,500
AM;BR-230;157,000;156,000;1,0000;18/07/2022;-7,1908546;-59,8841968;Erosão no eixo da rodovia ;78,750
AM;BR-230;156,000;155,000;1,0000;18/07/2022;-7,1908546;-59,8841968;;80,000
AM;BR-230;155,000;154,000;1,0000;18/07/2022;-7,1908546;-59,8841968;;75,000
AM;BR-230;154,000;153,000;1,0000;18/07/2022;-7,1908546;-59,8841968;;40,000
AM;BR-230;153,000;152,000;1,0000;18/07/2022;-7,1908546;-59,8841968;;93,750
AM;BR-230;152,000;151,000;1,0000;18/07/2022;-7,1908546;-59,8841968;;80,000
AM;BR-230;151,000;150,000;1,0000;18/07/2022;-7,1908546;-59,8841968;;83,750
AM;BR-230;150,000;149,000;1,0000;18/07/2022;-7,1908546;-59,8841968;;86,250
AM;BR-230;149,000;148,000;1,0000;18/07/2022;-7,1908546;-59,8841968;;81,250
AM;BR-230;148,000;147,000;1,0000;18/07/2022;-7,1908546;-59,8841968;;87,500
AM;BR-230;147,000;146,000;1,0000;18/07/2022;-7,1908546;-59,8841968;;82,500
AM;BR-230;146,000;145,000;1,0000;18/07/2022;-7,1908546;-59,8841968;;80,000
AM;BR-230;145,000;144,000;1,0000;18/07/2022;-7,1908546;-59,8841968;;71,250
AM;BR-230;144,000;143,000;1,0000;18/07/2022;-7,1908546;-59,8841968;Erosão no eixo da rodovia ;50,000
AM;BR-230;143,000;142,000;1,0000;18/07/2022;-7,1908546;-59,8841968;;66,250
AM;BR-230;142,000;141,000;1,0000;18/07/2022;-7,1908546;-59,8841968;;67,500
AM;BR-230;141,000;140,000;1,0000;18/07/2022;-7,1908546;-59,8841968;;76,250
AM;BR-230;140,000;139,000;1,0000;18/07/2022;-7,1908546;-59,8841968;Erosão no eixo da rodovia ;71,250
AM;BR-230;139,000;138,000;1,0000;18/07/2022;-7,1908546;-59,8841968;;68,750
AM;BR-230;138,000;137,000;1,0000;18/07/2022;-7,1908546;-59,8841968;;70,000
AM;BR-230;137,000;136,000;1,0000;18/07/2022;-7,1908546;-59,8841968;;63,750
AM;BR-230;136,000;135,000;1,0000;18/07/2022;-7,1908546;-59,8841968;;63,750
AM;BR-230;135,000;134,000;1,0000;18/07/2022;-7,1908546;-59,8841968;;70,000
AM;BR-230;134,000;133,000;1,0000;18/07/2022;-7,1908546;-59,8841968;;63,750
AM;BR-230;133,000;132,000;1,0000;18/07/2022;-7,1908546;-59,8841968;Erosão no bordo esquerdo ;67,500
AM;BR-230;132,000;131,000;1,0000;18/07/2022;-7,1908546;-59,8841968;;57,500
AM;BR-230;131,000;130,000;1,0000;18/07/2022;-7,1908546;-59,8841968;Erosão no eixo da rodovia ;67,500
AM;BR-230;130,000;129,000;1,0000;18/07/2022;-7,1908546;-59,8841968;;72,500
AM;BR-230;129,000;128,000;1,0000;18/07/2022;-7,1908546;-59,8841968;Erosão no eixo da rodovia ;66,250
AM;BR-230;128,000;127,000;1,0000;18/07/2022;-7,1908546;-59,8841968;;58,750
AM;BR-230;127,000;126,000;1,0000;18/07/2022;-7,1908546;-59,8841968;;77,500
AM;BR-230;126,000;125,000;1,0000;18/07/2022;-7,1908546;-59,8841968;;7,500
AM;BR-230;125,000;124,000;1,0000;18/07/2022;-7,1908546;-59,8841968;;5,000
AM;BR-230;124,000;123,000;1,0000;18/07/2022;-7,1908546;-59,8841968;;5,000
AM;BR-230;123,000;122,000;1,0000;18/07/2022;-7,1908546;-59,8841968;;5,000
AM;BR-230;122,000;121,000;1,0000;18/07/2022;-7,1908546;-59,8841968;;5,000
AM;BR-230;121,000;120,000;1,0000;18/07/2022;-7,1908546;-59,8841968;;5,000
AM;BR-230;120,000;119,000;1,0000;18/07/2022;-7,1908546;-59,8841968;;5,000
AM;BR-230;119,000;118,000;1,0000;18/07/2022;-7,1908546;-59,8841968;;5,000
AM;BR-230;118,000;117,000;1,0000;18/07/2022;-7,1908546;-59,8841968;;7,500
AM;BR-230;117,000;116,000;1,0000;18/07/2022;-7,1908546;-59,8841968;;5,000
AM;BR-230;116,000;115,000;1,0000;18/07/2022;-7,1908546;-59,8841968;;7,500
AM;BR-230;115,000;114,000;1,0000;18/07/2022;-7,1908546;-59,8841968;;5,000
AM;BR-230;114,000;113,000;1,0000;18/07/2022;-7,1908546;-59,8841968;;5,000
AM;BR-230;113,000;112,000;1,0000;18/07/2022;-7,1908546;-59,8841968;;5,000
AM;BR-230;112,000;111,000;1,0000;18/07/2022;-7,1908546;-59,8841968;;5,000
AM;BR-230;111,000;110,000;1,0000;18/07/2022;-7,1908546;-59,8841968;;5,000
AM;BR-230;110,000;109,000;1,0000;18/07/2022;-7,2000599;-59,8915798;;5,000
AM;BR-230;109,000;108,000;1,0000;18/07/2022;-7,2000599;-59,8915798;;5,000
AM;BR-230;108,000;107,000;1,0000;18/07/2022;-7,2000599;-59,8915798;;5,000
AM;BR-230;107,000;106,000;1,0000;18/07/2022;-7,2000599;-59,8915798;;5,000
AM;BR-230;106,000;105,000;1,0000;18/07/2022;-7,2000599;-59,8915798;;5,000
AM;BR-230;105,000;104,000;1,0000;18/07/2022;-7,1975604;-59,8935874;;66,250
AM;BR-230;104,000;103,000;1,0000;18/07/2022;-7,1975604;-59,8935874;;82,500
AM;BR-230;103,000;102,000;1,0000;18/07/2022;-7,1975604;-59,8935874;Erosão no eixo da rodovia ;62,500
AM;BR-230;102,000;101,000;1,0000;18/07/2022;-7,1975604;-59,8935874;Erosão no bordo esquerdo da rodovia ;70,000
AM;BR-230;101,000;100,000;1,0000;18/07/2022;-7,1975604;-59,8935874;Erosão no eixo, bordo esquerdo e direto da rodovia ;70,000
AM;BR-230;100,000;99,000;1,0000;18/07/2022;-7,1975604;-59,8935874;Erosão no eixo da rodovia ;60,000
AM;BR-230;99,000;98,000;1,0000;18/07/2022;-7,1975604;-59,8935874;;83,750
AM;BR-230;98,000;97,000;1,0000;18/07/2022;-7,1975604;-59,8935874;;77,500
AM;BR-230;97,000;96,000;1,0000;18/07/2022;-7,1975604;-59,8935874;;77,500
AM;BR-230;96,000;95,000;1,0000;18/07/2022;-7,1975604;-59,8935874;;81,250
AM;BR-230;95,000;94,000;1,0000;18/07/2022;-7,1975604;-59,8935874;Erosão no bordo esquerdo da rodovia ;81,250
AM;BR-230;94,000;93,000;1,0000;18/07/2022;-7,1975604;-59,8935874;Erosão no bordo direito da rodovia ;70,000
AM;BR-230;93,000;92,000;1,0000;18/07/2022;-7,1975604;-59,8935874;;92,500
AM;BR-230;92,000;91,000;1,0000;18/07/2022;-7,1975604;-59,8935874;;70,000
AM;BR-230;91,000;90,000;1,0000;18/07/2022;-7,1975604;-59,8935874;;70,000
AM;BR-230;90,000;89,000;1,0000;18/07/2022;-7,1975604;-59,8935874;;77,500
AM;BR-230;89,000;88,000;1,0000;18/07/2022;-7,1975604;-59,8935874;;73,750
AM;BR-230;88,000;87,000;1,0000;18/07/2022;-7,1975604;-59,8935874;Erosão no eixo e bordo esquerdo da rodovia ;73,750
AM;BR-230;87,000;86,000;1,0000;18/07/2022;-7,1975604;-59,8935874;Erosão no bordo direito da rodovia ;70,000
AM;BR-230;86,000;85,000;1,0000;18/07/2022;-7,1975604;-59,8935874;;85,000
AM;BR-230;85,000;84,000;1,0000;18/07/2022;-7,1975604;-59,8935874;;85,000
AM;BR-230;84,000;83,000;1,0000;18/07/2022;-7,1975604;-59,8935874;Erosão no eixo e bordo direito da rodovia ;81,250
AM;BR-230;83,000;82,000;1,0000;18/07/2022;-7,1975604;-59,8935874;;73,750
AM;BR-230;82,000;81,000;1,0000;18/07/2022;-7,1975604;-59,8935874;Erosão no bordo esquerdo da rodovia ;88,750
AM;BR-230;81,000;80,000;1,0000;18/07/2022;-7,1975604;-59,8935874;;85,000
AM;BR-230;80,000;79,000;1,0000;18/07/2022;-7,1975604;-59,8935874;;95,000
AM;BR-230;79,000;78,000;1,0000;18/07/2022;-7,1975604;-59,8935874;;72,500
AM;BR-230;78,000;77,000;1,0000;18/07/2022;-7,1975604;-59,8935874;Erosão no bordo esquerdo ;85,000
AM;BR-230;77,000;76,000;1,0000;18/07/2022;-7,1975604;-59,8935874;;73,750
AM;BR-230;76,000;75,000;1,0000;18/07/2022;-7,1975604;-59,8935874;;81,250
AM;BR-230;75,000;74,000;1,0000;18/07/2022;-7,1975604;-59,8935874;;81,250
AM;BR-230;74,000;73,000;1,0000;18/07/2022;-7,1975604;-59,8935874;;85,000
AM;BR-230;73,000;72,000;1,0000;18/07/2022;-7,1975604;-59,8935874;;63,750
AM;BR-230;72,000;71,000;1,0000;18/07/2022;-7,1975604;-59,8935874;;70,000
AM;BR-230;71,000;70,000;1,0000;18/07/2022;-7,1975604;-59,8935874;;88,750
AM;BR-230;70,000;69,000;1,0000;18/07/2022;-7,1975604;-59,8935874;;75,000
AM;BR-230;69,000;68,000;1,0000;18/07/2022;-7,1975604;-59,8935874;;60,000
AM;BR-230;68,000;67,000;1,0000;18/07/2022;-7,1975604;-59,8935874;;73,750
AM;BR-230;67,000;66,000;1,0000;18/07/2022;-7,1975604;-59,8935874;;85,000
AM;BR-230;66,000;65,000;1,0000;18/07/2022;-7,1975604;-59,8935874;Erosão no bordo direito da rodovia ;81,250
AM;BR-230;65,000;64,000;1,0000;18/07/2022;-7,1975604;-59,8935874;Erosão no eixo da rodovia ;91,250
AM;BR-230;64,000;63,000;1,0000;18/07/2022;-7,1975604;-59,8935874;Erosão no bordo direito ;71,250
AM;BR-230;63,000;62,000;1,0000;18/07/2022;-7,1975604;-59,8935874;;81,250
AM;BR-230;62,000;61,000;1,0000;18/07/2022;-7,1975604;-59,8935874;;71,250
AM;BR-230;61,000;60,000;1,0000;18/07/2022;-7,1975604;-59,8935874;;82,500
AM;BR-230;60,000;59,000;1,0000;18/07/2022;-7,1975604;-59,8935874;;80,000
AM;BR-230;59,000;58,000;1,0000;18/07/2022;-7,1975604;-59,8935874;muitas erosões no decorrer do km avaliado.;82,500
AM;BR-230;58,000;57,000;1,0000;18/07/2022;-7,1975604;-59,8935874;;80,000
AM;BR-230;57,000;56,000;1,0000;18/07/2022;-7,1975604;-59,8935874;;80,000
AM;BR-230;56,000;55,000;1,0000;18/07/2022;-7,1975604;-59,8935874;;82,500
AM;BR-230;55,000;54,000;1,0000;18/07/2022;-7,1975604;-59,8935874;;90,000
AM;BR-230;54,000;53,000;1,0000;18/07/2022;-7,1975604;-59,8935874;;90,000
AM;BR-230;53,000;52,000;1,0000;18/07/2022;-7,1975604;-59,8935874;;80,000
AM;BR-230;52,000;51,000;1,0000;18/07/2022;-7,1975604;-59,8935874;;75,000
AM;BR-230;51,000;50,000;1,0000;18/07/2022;-7,1975604;-59,8935874;;82,500
AM;BR-230;50,000;49,000;1,0000;18/07/2022;-7,1975604;-59,8935874;;77,500
AM;BR-230;49,000;48,000;1,0000;18/07/2022;-7,1975604;-59,8935874;;80,000
AM;BR-230;48,000;47,000;1,0000;18/07/2022;-7,1975604;-59,8935874;;80,000
AM;BR-230;47,000;46,000;1,0000;18/07/2022;-7,1975604;-59,8935874;;80,000
AM;BR-230;46,000;45,000;1,0000;18/07/2022;-7,1975604;-59,8935874;;83,750
AM;BR-230;45,000;44,000;1,0000;18/07/2022;-7,1975604;-59,8935874;;73,750
AM;BR-230;44,000;43,000;1,0000;18/07/2022;-7,1975604;-59,8935874;;73,750
AM;BR-230;43,000;42,000;1,0000;18/07/2022;-7,1975604;-59,8935874;;72,500
AM;BR-230;42,000;41,000;1,0000;18/07/2022;-7,1975604;-59,8935874;;75,000
AM;BR-230;41,000;40,000;1,0000;18/07/2022;-7,1975604;-59,8935874;;75,000
AM;BR-230;40,000;39,000;1,0000;18/07/2022;-7,1975604;-59,8935874;;70,000
AM;BR-230;39,000;38,000;1,0000;18/07/2022;-7,1975604;-59,8935874;;76,250
AM;BR-230;38,000;37,000;1,0000;18/07/2022;-7,1975604;-59,8935874;;83,750
AM;BR-230;37,000;36,000;1,0000;18/07/2022;-7,1975604;-59,8935874;;83,750
AM;BR-230;36,000;35,000;1,0000;18/07/2022;-7,1975604;-59,8935874;;81,250
AM;BR-230;35,000;34,000;1,0000;18/07/2022;-7,1975604;-59,8935874;;76,250
AM;BR-230;34,000;33,000;1,0000;18/07/2022;-7,1975604;-59,8935874;;88,750
AM;BR-230;33,000;32,000;1,0000;18/07/2022;-7,1975604;-59,8935874;;73,750
AM;BR-230;32,000;31,000;1,0000;18/07/2022;-7,1975604;-59,8935874;;81,250
AM;BR-230;31,000;30,000;1,0000;18/07/2022;-7,1975604;-59,8935874;;81,250
AM;BR-230;30,000;29,000;1,0000;18/07/2022;-7,1975604;-59,8935874;;75,000
AM;BR-230;29,000;28,000;1,0000;18/07/2022;-7,1975604;-59,8935874;;88,750
AM;BR-230;28,000;27,000;1,0000;18/07/2022;-7,1975604;-59,8935874;;81,250
AM;BR-230;27,000;26,000;1,0000;18/07/2022;-7,1975604;-59,8935874;;81,250
AM;BR-230;26,000;25,000;1,0000;18/07/2022;-7,1975604;-59,8935874;;81,250
AM;BR-230;25,000;24,000;1,0000;18/07/2022;-7,1975604;-59,8935874;;73,750
AM;BR-230;24,000;23,000;1,0000;18/07/2022;-7,1975604;-59,8935874;;68,750
AM;BR-230;23,000;22,000;1,0000;18/07/2022;-7,1975604;-59,8935874;;68,750
AM;BR-230;22,000;21,000;1,0000;18/07/2022;-7,1975604;-59,8935874;;81,250
AM;BR-230;21,000;20,000;1,0000;18/07/2022;-7,1975604;-59,8935874;;88,750
AM;BR-230;20,000;19,000;1,0000;18/07/2022;-7,1975604;-59,8935874;;73,750
AM;BR-230;19,000;18,000;1,0000;18/07/2022;-7,1975604;-59,8935874;;73,750
AM;BR-230;18,000;17,000;1,0000;18/07/2022;-7,1975604;-59,8935874;;73,750
AM;BR-230;17,000;16,000;1,0000;18/07/2022;-7,1975604;-59,8935874;;88,750
AM;BR-230;16,000;15,000;1,0000;18/07/2022;-7,1975604;-59,8935874;;81,250
AM;BR-230;15,000;14,000;1,0000;18/07/2022;-7,1975604;-59,8935874;;83,750
AM;BR-230;14,000;13,000;1,0000;18/07/2022;-7,1975604;-59,8935874;;76,250
AM;BR-230;13,000;12,000;1,0000;18/07/2022;-7,1975604;-59,8935874;;76,250
AM;BR-230;12,000;11,000;1,0000;18/07/2022;-7,1975604;-59,8935874;;72,500
AM;BR-230;11,000;10,000;1,0000;18/07/2022;-7,1975604;-59,8935874;;77,500
AM;BR-230;10,000;9,000;1,0000;18/07/2022;-7,1975604;-59,8935874;;73,750
AM;BR-230;9,000;8,000;1,0000;18/07/2022;-7,1975604;-59,8935874;;67,500
AM;BR-230;8,000;7,000;1,0000;18/07/2022;-7,1975604;-59,8935874;;81,250
AM;BR-230;7,000;6,000;1,0000;18/07/2022;-7,1975604;-59,8935874;;73,750
AM;BR-230;6,000;5,000;1,0000;18/07/2022;-7,1975604;-59,8935874;;73,750
AM;BR-230;5,000;4,000;1,0000;18/07/2022;-7,1975604;-59,8935874;;73,750
AM;BR-230;4,000;3,000;1,0000;18/07/2022;-7,1975604;-59,8935874;;70,000
AM;BR-230;3,000;2,000;1,0000;18/07/2022;-7,1975604;-59,8935874;;81,250
AM;BR-230;2,000;1,000;1,0000;18/07/2022;-7,1975604;-59,8935874;;57,500
GO;BR-070;67,300;68,000;0,7000;19/07/2022;-15,7900751;-48,772781;;25,000
GO;BR-070;68,000;69,000;1,0000;19/07/2022;-15,7736121;-48,766691;;25,000
GO;BR-070;69,000;70,000;1,0000;19/07/2022;-15,7736121;-48,766691;;25,000
GO;BR-070;70,000;71,000;1,0000;19/07/2022;-15,7736121;-48,766691;;25,000
GO;BR-070;71,000;72,000;1,0000;19/07/2022;-15,7736121;-48,766691;;17,500
GO;BR-070;72,000;73,000;1,0000;19/07/2022;-15,7736121;-48,766691;;17,500
GO;BR-070;73,000;74,000;1,0000;19/07/2022;-15,7801462;-48,8549956;;25,000
GO;BR-070;74,000;75,000;1,0000;19/07/2022;-15,7801462;-48,8549956;;2,500
GO;BR-070;75,000;76,000;1,0000;19/07/2022;-15,7801462;-48,8549956;;2,500
GO;BR-070;76,000;77,000;1,0000;19/07/2022;-15,7801462;-48,8549956;;2,500
GO;BR-070;77,000;78,000;1,0000;19/07/2022;-15,7801462;-48,8549956;;2,500
GO;BR-070;78,000;79,000;1,0000;19/07/2022;-15,7801462;-48,8549956;;2,500
GO;BR-070;79,000;80,000;1,0000;19/07/2022;-15,7801462;-48,8549956;;17,500
GO;BR-070;80,000;81,000;1,0000;19/07/2022;-15,7801462;-48,8549956;;2,500
GO;BR-070;81,000;82,000;1,0000;19/07/2022;-15,7801462;-48,8549956;;2,500
GO;BR-070;82,000;83,000;1,0000;19/07/2022;-15,7801462;-48,8549956;;2,500
GO;BR-070;83,000;84,000;1,0000;19/07/2022;-15,7801462;-48,8549956;;2,500
GO;BR-070;84,000;85,000;1,0000;19/07/2022;-15,7801462;-48,8549956;;2,500
GO;BR-070;85,000;86,000;1,0000;19/07/2022;-15,7801462;-48,8549956;;2,500
GO;BR-070;86,000;87,000;1,0000;19/07/2022;-15,7801462;-48,8549956;;2,500
GO;BR-070;87,000;88,000;1,0000;19/07/2022;-15,7801462;-48,8549956;;25,000
GO;BR-070;88,000;89,000;1,0000;19/07/2022;-15,7801462;-48,8549956;;25,000
GO;BR-070;89,000;90,000;1,0000;19/07/2022;-15,7801462;-48,8549956;;17,500
GO;BR-070;90,000;91,000;1,0000;19/07/2022;-15,7801462;-48,8549956;;25,000
GO;BR-070;91,000;92,000;1,0000;19/07/2022;-15,7801462;-48,8549956;;25,000
GO;BR-070;92,000;93,000;1,0000;19/07/2022;-15,7801462;-48,8549956;;17,500
GO;BR-070;93,000;94,000;1,0000;19/07/2022;-15,7801462;-48,8549956;;25,000
GO;BR-070;94,000;95,000;1,0000;19/07/2022;-15,7801462;-48,8549956;;17,500
GO;BR-070;95,000;96,000;1,0000;19/07/2022;-15,7781458;-49,0381539;;17,500
GO;BR-070;96,000;97,000;1,0000;19/07/2022;-15,8128535;-49,0162339;;43,750
GO;BR-070;97,000;98,000;1,0000;19/07/2022;-15,8128535;-49,0162339;;51,250
GO;BR-070;98,000;99,000;1,0000;19/07/2022;-15,8128535;-49,0162339;;58,750
GO;BR-070;99,000;100,000;1,0000;19/07/2022;-15,8128535;-49,0162339;;72,500
GO;BR-070;100,000;101,000;1,0000;19/07/2022;-15,8128535;-49,0162339;;37,500
GO;BR-070;101,000;102,000;1,0000;19/07/2022;-15,8128535;-49,0162339;;37,500
GO;BR-070;102,000;103,000;1,0000;19/07/2022;-15,8128535;-49,0162339;;35,000
GO;BR-070;103,000;104,000;1,0000;19/07/2022;-15,8055656;-49,1060366;;57,500
GO;BR-070;104,000;105,000;1,0000;19/07/2022;-15,8055656;-49,1060366;;50,000
GO;BR-070;105,000;106,000;1,0000;19/07/2022;-15,8055656;-49,1060366;;45,000
GO;BR-070;106,000;107,000;1,0000;19/07/2022;-15,8055656;-49,1060366;;25,000
GO;BR-070;107,000;108,000;1,0000;19/07/2022;-15,8055656;-49,1060366;;17,500
GO;BR-070;108,000;109,000;1,0000;19/07/2022;-15,8055656;-49,1060366;;52,500
GO;BR-070;109,000;110,000;1,0000;19/07/2022;-15,8055656;-49,1060366;;50,000
GO;BR-070;110,000;111,000;1,0000;19/07/2022;-15,8055656;-49,1060366;;25,000
GO;BR-070;111,000;112,000;1,0000;19/07/2022;-15,8055656;-49,1060366;;25,000
GO;BR-070;112,000;113,000;1,0000;19/07/2022;-15,8055656;-49,1060366;;37,500
GO;BR-070;113,000;114,000;1,0000;19/07/2022;-15,8055656;-49,1060366;;37,500
GO;BR-070;114,000;115,000;1,0000;19/07/2022;-15,8055656;-49,1060366;;50,000
GO;BR-070;115,000;116,000;1,0000;19/07/2022;-15,8055656;-49,1060366;;60,000
GO;BR-070;116,000;117,000;1,0000;19/07/2022;-15,8055656;-49,1060366;;51,250
GO;BR-070;117,000;118,000;1,0000;19/07/2022;-15,8055656;-49,1060366;;56,250
GO;BR-070;118,000;119,000;1,0000;19/07/2022;-15,8055656;-49,1060366;;42,500
GO;BR-070;119,000;120,000;1,0000;19/07/2022;-15,8055656;-49,1060366;;45,000
GO;BR-070;120,000;121,000;1,0000;19/07/2022;-15,8055656;-49,1060366;;57,500
GO;BR-070;121,000;122,000;1,0000;19/07/2022;-15,8055656;-49,1060366;;37,500
GO;BR-070;122,000;123,000;1,0000;19/07/2022;-15,8055656;-49,1060366;;43,750
GO;BR-070;123,000;124,000;1,0000;19/07/2022;-15,8345082;-49,2663046;;30,000
MT;BR-158;201,200;202,000;0,8000;19/07/2022;-11,2372137;-51,6864583;;37,500
MT;BR-158;202,000;203,000;1,0000;19/07/2022;-11,2372137;-51,6864583;;40,000
MT;BR-158;203,000;204,000;1,0000;19/07/2022;-11,2370754;-51,6865607;;56,250
MT;BR-158;204,000;205,000;1,0000;19/07/2022;-11,2370754;-51,6865607;;40,000
MT;BR-158;205,000;206,000;1,0000;19/07/2022;-11,2370754;-51,6865607;;47,500
MT;BR-158;206,000;207,000;1,0000;19/07/2022;-11,2370754;-51,6865607;;47,500
MT;BR-158;207,000;208,000;1,0000;19/07/2022;-11,2370754;-51,6865607;;51,250
MT;BR-158;208,000;209,000;1,0000;19/07/2022;-11,2370754;-51,6865607;;55,000
MT;BR-158;209,000;210,000;1,0000;19/07/2022;-11,2370754;-51,6865607;;51,250
MT;BR-158;210,000;211,000;1,0000;19/07/2022;-11,2370754;-51,6865607;;58,750
MT;BR-158;211,000;212,000;1,0000;19/07/2022;-11,2370754;-51,6865607;;51,250
MT;BR-158;212,000;213,000;1,0000;19/07/2022;-11,2370754;-51,6865607;;55,000
MT;BR-158;213,000;214,000;1,0000;19/07/2022;-11,2370754;-51,6865607;;58,750
MT;BR-158;214,000;215,000;1,0000;19/07/2022;-11,2370754;-51,6865607;;47,500
MT;BR-158;215,000;216,000;1,0000;19/07/2022;-11,2370754;-51,6865607;;57,500
MT;BR-158;216,000;217,000;1,0000;19/07/2022;-11,2370754;-51,6865607;;63,750
MT;BR-158;217,000;218,000;1,0000;19/07/2022;-11,2370754;-51,6865607;;47,500
MT;BR-158;218,000;219,000;1,0000;19/07/2022;-11,2370754;-51,6865607;;51,250
MT;BR-158;219,000;220,000;1,0000;19/07/2022;-11,2370754;-51,6865607;;51,250
MT;BR-158;220,000;221,000;1,0000;19/07/2022;-11,2370754;-51,6865607;;55,000
MT;BR-158;221,000;222,000;1,0000;19/07/2022;-11,2370754;-51,6865607;;56,250
MT;BR-158;222,000;223,000;1,0000;19/07/2022;-11,2370754;-51,6865607;;50,000
MT;BR-158;223,000;224,000;1,0000;19/07/2022;-11,2370754;-51,6865607;;53,750
MT;BR-158;224,000;225,000;1,0000;19/07/2022;-11,2370754;-51,6865607;;51,250
MT;BR-158;225,000;226,000;1,0000;19/07/2022;-11,2370754;-51,6865607;;48,750
MT;BR-158;226,000;227,000;1,0000;19/07/2022;-11,2370754;-51,6865607;;58,750
MT;BR-158;227,000;228,000;1,0000;19/07/2022;-11,2370754;-51,6865607;;51,250
MT;BR-158;228,000;229,000;1,0000;19/07/2022;-11,2370754;-51,6865607;;50,000
MT;BR-158;229,000;230,000;1,0000;19/07/2022;-11,2370754;-51,6865607;;67,500
MT;BR-158;230,000;231,000;1,0000;19/07/2022;-11,2370754;-51,6865607;;51,250
MT;BR-158;231,000;232,000;1,0000;19/07/2022;-11,2370754;-51,6865607;;66,250
MT;BR-158;232,000;233,000;1,0000;19/07/2022;-11,2370754;-51,6865607;;63,750
MT;BR-158;233,000;234,000;1,0000;19/07/2022;-11,2370754;-51,6865607;;63,750
MT;BR-158;234,000;235,000;1,0000;19/07/2022;-11,2370754;-51,6865607;;50,000
MT;BR-158;235,000;236,000;1,0000;19/07/2022;-11,2370754;-51,6865607;;53,750
MT;BR-158;236,000;237,000;1,0000;19/07/2022;-11,2370754;-51,6865607;;51,250
MT;BR-158;237,000;238,000;1,0000;19/07/2022;-11,2370754;-51,6865607;;68,750
MT;BR-158;238,000;239,000;1,0000;19/07/2022;-11,2370754;-51,6865607;;67,500
MT;BR-158;239,000;240,000;1,0000;19/07/2022;-11,2370754;-51,6865607;;67,500
MT;BR-158;240,000;241,000;1,0000;19/07/2022;-11,2370754;-51,6865607;;47,500
MT;BR-158;241,000;242,000;1,0000;19/07/2022;-11,2370754;-51,6865607;;57,500
MT;BR-158;242,000;243,000;1,0000;19/07/2022;-11,2370754;-51,6865607;;57,500
MT;BR-158;243,000;244,000;1,0000;19/07/2022;-11,2370754;-51,6865607;;63,750
MT;BR-158;244,000;245,000;1,0000;19/07/2022;-11,2370754;-51,6865607;;51,250
MT;BR-158;245,000;246,000;1,0000;19/07/2022;-11,2370754;-51,6865607;;51,250
MT;BR-158;246,000;247,000;1,0000;19/07/2022;-11,2370754;-51,6865607;;66,250
MT;BR-158;247,000;248,000;1,0000;19/07/2022;-11,2370754;-51,6865607;;55,000
MT;BR-158;248,000;249,000;1,0000;19/07/2022;-11,2370754;-51,6865607;;66,250
MT;BR-158;249,000;250,000;1,0000;19/07/2022;-11,2370754;-51,6865607;;77,500
MT;BR-158;250,000;251,000;1,0000;19/07/2022;-11,2370754;-51,6865607;;72,500
MT;BR-158;251,000;252,000;1,0000;19/07/2022;-11,2370754;-51,6865607;;46,250
MT;BR-158;252,000;253,000;1,0000;19/07/2022;-11,2370754;-51,6865607;;66,250
MT;BR-158;253,000;254,000;1,0000;19/07/2022;-11,2370754;-51,6865607;;83,750
MT;BR-158;254,000;255,000;1,0000;19/07/2022;-11,2370754;-51,6865607;;47,500
MT;BR-158;255,000;256,000;1,0000;19/07/2022;-11,2370754;-51,6865607;;77,500
MT;BR-158;256,000;257,000;1,0000;19/07/2022;-11,2370754;-51,6865607;;61,250
MT;BR-158;257,000;258,000;1,0000;19/07/2022;-11,2370754;-51,6865607;;66,250
MT;BR-158;258,000;259,000;1,0000;19/07/2022;-11,2370754;-51,6865607;;80,000
MT;BR-158;259,000;260,000;1,0000;19/07/2022;-11,2370754;-51,6865607;;87,500
MT;BR-158;260,000;261,000;1,0000;19/07/2022;-11,2370754;-51,6865607;;70,000
MT;BR-158;261,000;262,000;1,0000;19/07/2022;-11,2370754;-51,6865607;;73,750
MT;BR-158;262,000;263,000;1,0000;19/07/2022;-11,2370754;-51,6865607;;76,250
MT;BR-158;263,000;264,000;1,0000;19/07/2022;-11,2370754;-51,6865607;;76,250
MT;BR-158;264,000;265,000;1,0000;19/07/2022;-11,2370754;-51,6865607;;60,000
MT;BR-158;265,000;266,000;1,0000;19/07/2022;-11,2370754;-51,6865607;;73,750
MT;BR-158;266,000;267,000;1,0000;19/07/2022;-11,2370754;-51,6865607;;60,000
MT;BR-158;267,000;268,000;1,0000;19/07/2022;-11,2370754;-51,6865607;;68,750
MT;BR-158;268,000;269,000;1,0000;19/07/2022;-11,2370754;-51,6865607;;70,000
MT;BR-158;269,000;270,000;1,0000;19/07/2022;-11,7037578;-51,6246126;;60,000
MT;BR-158;270,000;271,000;1,0000;19/07/2022;-11,7037578;-51,6246126;;57,500
MT;BR-158;271,000;272,000;1,0000;19/07/2022;-11,7037578;-51,6246126;;63,750
MT;BR-158;272,000;273,000;1,0000;19/07/2022;-11,7037578;-51,6246126;;72,500
MT;BR-158;273,000;274,000;1,0000;19/07/2022;-11,7037578;-51,6246126;;70,000
MT;BR-158;274,000;275,000;1,0000;19/07/2022;-11,7037578;-51,6246126;;73,750
MT;BR-158;275,000;276,000;1,0000;19/07/2022;-11,7037578;-51,6246126;;66,250
MT;BR-158;276,000;277,000;1,0000;19/07/2022;-11,7037578;-51,6246126;;66,250
MT;BR-158;277,000;278,000;1,0000;19/07/2022;-11,7037578;-51,6246126;;70,000
MT;BR-158;278,000;279,000;1,0000;19/07/2022;-11,7037578;-51,6246126;;53,750
MT;BR-158;279,000;280,000;1,0000;19/07/2022;-11,7037578;-51,6246126;;51,250
MT;BR-158;280,000;281,000;1,0000;19/07/2022;-11,7037578;-51,6246126;;53,750
MT;BR-158;281,000;282,000;1,0000;19/07/2022;-11,7037578;-51,6246126;;70,000
MT;BR-158;282,000;283,000;1,0000;19/07/2022;-11,7037578;-51,6246126;;66,250
MT;BR-158;283,000;284,000;1,0000;19/07/2022;-11,7037578;-51,6246126;;56,250
MT;BR-158;284,000;285,000;1,0000;19/07/2022;-11,7037578;-51,6246126;;66,250
MT;BR-158;285,000;286,000;1,0000;19/07/2022;-11,7037578;-51,6246126;;56,250
MT;BR-158;286,000;287,000;1,0000;19/07/2022;-11,7037578;-51,6246126;;48,750
MT;BR-158;287,000;288,000;1,0000;19/07/2022;-11,7037578;-51,6246126;;57,500
MT;BR-158;288,000;289,000;1,0000;19/07/2022;-11,7037578;-51,6246126;;53,750
MT;BR-158;289,000;290,000;1,0000;19/07/2022;-11,7037578;-51,6246126;;53,750
MT;BR-158;290,000;291,000;1,0000;19/07/2022;-11,7037578;-51,6246126;;73,750
MT;BR-158;291,000;292,000;1,0000;19/07/2022;-11,7037578;-51,6246126;;57,500
MT;BR-158;292,000;293,000;1,0000;19/07/2022;-11,7037578;-51,6246126;;57,500
MT;BR-158;293,000;294,000;1,0000;19/07/2022;-11,7037578;-51,6246126;;70,000
MT;BR-158;294,000;295,000;1,0000;19/07/2022;-11,7037578;-51,6246126;;68,750
MT;BR-158;295,000;296,000;1,0000;19/07/2022;-11,7037578;-51,6246126;;76,250
MT;BR-158;296,000;297,000;1,0000;19/07/2022;-11,7037578;-51,6246126;;70,000
MT;BR-158;297,000;298,000;1,0000;19/07/2022;-11,7037578;-51,6246126;;80,000
MT;BR-158;298,000;299,000;1,0000;19/07/2022;-11,7037578;-51,6246126;;76,250
MT;BR-158;299,000;300,000;1,0000;19/07/2022;-11,7037578;-51,6246126;;72,500
MT;BR-158;300,000;301,000;1,0000;19/07/2022;-11,7037578;-51,6246126;;80,000
MT;BR-158;301,000;302,000;1,0000;19/07/2022;-11,7037578;-51,6246126;;70,000
MT;BR-158;302,000;303,000;1,0000;19/07/2022;-11,7037578;-51,6246126;;57,500
MT;BR-158;303,000;304,000;1,0000;19/07/2022;-11,7037578;-51,6246126;;70,000
MT;BR-158;304,000;305,000;1,0000;19/07/2022;-11,7037578;-51,6246126;;55,000
MT;BR-158;305,000;306,000;1,0000;19/07/2022;-11,7037578;-51,6246126;;76,250
MT;BR-158;306,000;307,000;1,0000;19/07/2022;-11,7037578;-51,6246126;;71,250
MT;BR-158;307,000;308,000;1,0000;19/07/2022;-11,7037578;-51,6246126;;57,500
MT;BR-158;308,000;309,000;1,0000;19/07/2022;-11,7037578;-51,6246126;;70,000
MT;BR-158;309,000;310,000;1,0000;19/07/2022;-11,7037578;-51,6246126;;57,500
MT;BR-158;310,000;311,000;1,0000;19/07/2022;-11,7037578;-51,6246126;;70,000
MT;BR-158;311,000;312,000;1,0000;19/07/2022;-11,7037578;-51,6246126;;76,250
MT;BR-158;312,000;313,000;1,0000;19/07/2022;-11,7037578;-51,6246126;;66,250
MT;BR-158;313,000;314,000;1,0000;19/07/2022;-11,7037578;-51,6246126;;77,500
MT;BR-158;314,000;315,000;1,0000;19/07/2022;-11,7037578;-51,6246126;;73,750
MT;BR-158;315,000;316,000;1,0000;19/07/2022;-11,7037578;-51,6246126;;67,500
MT;BR-158;316,000;317,000;1,0000;19/07/2022;-11,7037578;-51,6246126;;53,750
MT;BR-158;317,000;318,000;1,0000;19/07/2022;-11,7037578;-51,6246126;;51,250
MT;BR-158;318,000;319,000;1,0000;19/07/2022;-11,7037578;-51,6246126;;61,250
MT;BR-158;319,000;320,000;1,0000;19/07/2022;-11,7037578;-51,6246126;;55,000
MT;BR-158;320,000;321,000;1,0000;19/07/2022;-11,7037578;-51,6246126;;53,750
MT;BR-158;321,000;322,000;1,0000;19/07/2022;-11,7037578;-51,6246126;;70,000
MT;BR-158;322,000;323,000;1,0000;19/07/2022;-11,7037578;-51,6246126;;62,500
MT;BR-158;323,000;324,000;1,0000;19/07/2022;-11,7037578;-51,6246126;;50,000
MT;BR-158;324,000;325,000;1,0000;19/07/2022;-11,7037578;-51,6246126;;57,500
MT;BR-158;325,000;326,000;1,0000;19/07/2022;-11,7037578;-51,6246126;;50,000
MT;BR-158;326,000;327,000;1,0000;19/07/2022;-11,7037578;-51,6246126;;50,000
MT;BR-158;327,000;328,000;1,0000;19/07/2022;-11,7037578;-51,6246126;;0,000
MT;BR-158;328,000;329,000;1,0000;19/07/2022;-11,7037578;-51,6246126;;0,000
AM;BR-319;589,400;590,000;0,6000;19/07/2022;-6,9848095;-63,0985027;;87,500
AM;BR-319;590,000;591,000;1,0000;19/07/2022;-6,9848095;-63,0985027;;87,500
AM;BR-319;591,000;592,000;1,0000;19/07/2022;-6,9848095;-63,0985027;;87,500
AM;BR-319;592,000;593,000;1,0000;19/07/2022;-6,9848095;-63,0985027;;87,500
AM;BR-319;593,000;594,000;1,0000;19/07/2022;-6,9848095;-63,0985027;;87,500
AM;BR-319;594,000;595,000;1,0000;19/07/2022;-7,0229057;-63,1026718;;62,500
AM;BR-319;595,000;596,000;1,0000;19/07/2022;-7,0229057;-63,1026718;;62,500
AM;BR-319;596,000;597,000;1,0000;19/07/2022;-7,0229057;-63,1026718;;87,500
AM;BR-319;597,000;598,000;1,0000;19/07/2022;-7,5474017;-63,0694007;;90,000
AM;BR-319;598,000;599,000;1,0000;19/07/2022;-7,5474017;-63,0694007;;87,500
AM;BR-319;599,000;600,000;1,0000;19/07/2022;-7,5474017;-63,0694007;;87,500
AM;BR-319;600,000;601,000;1,0000;19/07/2022;-7,5474017;-63,0694007;;87,500
AM;BR-319;601,000;602,000;1,0000;19/07/2022;-7,5474017;-63,0694007;;87,500
AM;BR-319;602,000;603,000;1,0000;19/07/2022;-7,5474017;-63,0694007;;87,500
AM;BR-319;603,000;604,000;1,0000;19/07/2022;-7,5474017;-63,0694007;;87,500
AM;BR-319;604,000;605,000;1,0000;19/07/2022;-7,5474017;-63,0694007;;87,500
AM;BR-319;605,000;606,000;1,0000;19/07/2022;-7,5474017;-63,0694007;;87,500
AM;BR-319;606,000;607,000;1,0000;19/07/2022;-7,5474017;-63,0694007;;87,500
AM;BR-319;607,000;608,000;1,0000;19/07/2022;-7,5474017;-63,0694007;;92,500
AM;BR-319;608,000;609,000;1,0000;19/07/2022;-7,5474017;-63,0694007;;92,500
AM;BR-319;609,000;610,000;1,0000;19/07/2022;-7,5474017;-63,0694007;;87,500
AM;BR-319;610,000;611,000;1,0000;19/07/2022;-7,5474017;-63,0694007;;87,500
AM;BR-319;611,000;612,000;1,0000;19/07/2022;-7,5474017;-63,0694007;;87,500
AM;BR-319;612,000;613,000;1,0000;19/07/2022;-7,5474017;-63,0694007;;87,500
AM;BR-319;613,000;614,000;1,0000;19/07/2022;-7,5474017;-63,0694007;;92,500
AM;BR-319;614,000;615,000;1,0000;19/07/2022;-7,5474017;-63,0694007;;92,500
AM;BR-319;615,000;616,000;1,0000;19/07/2022;-7,5474017;-63,0694007;;92,500
AM;BR-319;616,000;617,000;1,0000;19/07/2022;-7,2195422;-63,1426999;;92,500
AM;BR-319;617,000;618,000;1,0000;19/07/2022;-7,2195422;-63,1426999;;90,000
AM;BR-319;618,000;619,000;1,0000;19/07/2022;-7,2195422;-63,1426999;;92,500
AM;BR-319;619,000;620,000;1,0000;19/07/2022;-7,2195422;-63,1426999;;92,500
AM;BR-319;620,000;621,000;1,0000;19/07/2022;-7,2195422;-63,1426999;;92,500
AM;BR-319;621,000;622,000;1,0000;19/07/2022;-7,2195422;-63,1426999;;40,000
AM;BR-319;622,000;623,000;1,0000;19/07/2022;-7,2195422;-63,1426999;;40,000
AM;BR-319;623,000;624,000;1,0000;19/07/2022;-7,2195422;-63,1426999;;38,750
AM;BR-319;624,000;625,000;1,0000;19/07/2022;-7,2195422;-63,1426999;;40,000
AM;BR-319;625,000;626,000;1,0000;19/07/2022;-7,2195422;-63,1426999;;40,000
AM;BR-319;626,000;627,000;1,0000;19/07/2022;-7,5474017;-63,0694007;;38,750
AM;BR-319;627,000;628,000;1,0000;19/07/2022;-7,5474017;-63,0694007;;38,750
AM;BR-319;628,000;629,000;1,0000;19/07/2022;-7,5474017;-63,0694007;;51,250
AM;BR-319;629,000;630,000;1,0000;19/07/2022;-7,5474017;-63,0694007;;38,750
AM;BR-319;630,000;631,000;1,0000;19/07/2022;-7,5474017;-63,0694007;;38,750
AM;BR-319;513,800;514,000;0,2000;19/07/2022;-6,36914321;-62,8055561;;38,750
AM;BR-319;514,000;515,000;1,0000;19/07/2022;-7,5474017;-63,0694007;;38,750
AM;BR-319;515,000;516,000;1,0000;19/07/2022;-7,5474017;-63,0694007;;38,750
AM;BR-319;516,000;517,000;1,0000;19/07/2022;-7,5474017;-63,0694007;;38,750
AM;BR-319;517,000;518,000;1,0000;19/07/2022;-7,5474017;-63,0694007;;38,750
AM;BR-319;518,000;519,000;1,0000;19/07/2022;-7,5474017;-63,0694007;;38,750
AM;BR-319;519,000;520,000;1,0000;19/07/2022;-7,5474017;-63,0694007;;38,750
AM;BR-319;520,000;521,000;1,0000;19/07/2022;-7,5474017;-63,0694007;;38,750
AM;BR-319;521,000;522,000;1,0000;19/07/2022;-7,5474017;-63,0694007;;38,750
AM;BR-319;522,000;523,000;1,0000;19/07/2022;-7,5474017;-63,0694007;;38,750
AM;BR-319;523,000;524,000;1,0000;19/07/2022;-7,5474017;-63,0694007;;38,750
AM;BR-319;524,000;525,000;1,0000;19/07/2022;-7,5474017;-63,0694007;;38,750
AM;BR-319;525,000;526,000;1,0000;19/07/2022;-7,5474017;-63,0694007;;38,750
AM;BR-319;526,000;527,000;1,0000;19/07/2022;-7,5474017;-63,0694007;;38,750
AM;BR-319;527,000;528,000;1,0000;19/07/2022;-7,5474017;-63,0694007;;38,750
AM;BR-319;528,000;529,000;1,0000;19/07/2022;-7,5474017;-63,0694007;;38,750
AM;BR-319;529,000;530,000;1,0000;19/07/2022;-7,5474017;-63,0694007;;38,750
AM;BR-319;530,000;531,000;1,0000;19/07/2022;-7,5474017;-63,0694007;;38,750
AM;BR-319;531,000;532,000;1,0000;19/07/2022;-7,5474017;-63,0694007;;38,750
AM;BR-319;532,000;533,000;1,0000;19/07/2022;-7,5474017;-63,0694007;;38,750
AM;BR-319;533,000;534,000;1,0000;19/07/2022;-7,5474017;-63,0694007;;38,750
AM;BR-319;534,000;535,000;1,0000;19/07/2022;-7,5474017;-63,0694007;;38,750
AM;BR-319;535,000;536,000;1,0000;19/07/2022;-7,5474017;-63,0694007;;38,750
AM;BR-319;536,000;537,000;1,0000;19/07/2022;-7,5474017;-63,0694007;;38,750
AM;BR-319;537,000;538,000;1,0000;19/07/2022;-7,5474017;-63,0694007;;38,750
AM;BR-319;538,000;539,000;1,0000;19/07/2022;-7,5474017;-63,0694007;;38,750
AM;BR-319;539,000;540,000;1,0000;19/07/2022;-7,5474017;-63,0694007;;38,750
AM;BR-319;540,000;541,000;1,0000;19/07/2022;-7,5474017;-63,0694007;;38,750
AM;BR-319;541,000;542,000;1,0000;19/07/2022;-7,5474017;-63,0694007;;38,750
AM;BR-319;542,000;543,000;1,0000;19/07/2022;-7,5474017;-63,0694007;;38,750
AM;BR-319;543,000;544,000;1,0000;19/07/2022;-7,5474017;-63,0694007;;86,250
AM;BR-319;544,000;545,000;1,0000;19/07/2022;-7,5474017;-63,0694007;;86,250
AM;BR-319;545,000;546,000;1,0000;19/07/2022;-7,5474017;-63,0694007;;38,750
AM;BR-319;546,000;547,000;1,0000;19/07/2022;-7,5474017;-63,0694007;;38,750
AM;BR-319;547,000;548,000;1,0000;19/07/2022;-7,5474017;-63,0694007;;38,750
AM;BR-319;548,000;549,000;1,0000;19/07/2022;-7,5474017;-63,0694007;;38,750
AM;BR-319;549,000;550,000;1,0000;19/07/2022;-7,5474017;-63,0694007;;38,750
AM;BR-319;550,000;551,000;1,0000;19/07/2022;-7,5474017;-63,0694007;;38,750
AM;BR-319;551,000;552,000;1,0000;19/07/2022;-7,5474017;-63,0694007;;38,750
AM;BR-319;552,000;553,000;1,0000;19/07/2022;-7,5474017;-63,0694007;;38,750
AM;BR-319;553,000;554,000;1,0000;19/07/2022;-7,5474017;-63,0694007;;38,750
AM;BR-319;554,000;555,000;1,0000;19/07/2022;-7,5474017;-63,0694007;;38,750
AM;BR-319;555,000;556,000;1,0000;19/07/2022;-7,5474017;-63,0694007;;38,750
AM;BR-319;556,000;557,000;1,0000;19/07/2022;-7,5474017;-63,0694007;;38,750
AM;BR-319;557,000;558,000;1,0000;19/07/2022;-7,5474017;-63,0694007;;38,750
AM;BR-319;558,000;559,000;1,0000;19/07/2022;-7,5474017;-63,0694007;;90,000
AM;BR-319;559,000;560,000;1,0000;19/07/2022;-7,5474017;-63,0694007;;92,500
AM;BR-319;560,000;561,000;1,0000;19/07/2022;-7,5474017;-63,0694007;;92,500
AM;BR-319;561,000;562,000;1,0000;19/07/2022;-7,5474017;-63,0694007;;92,500
AM;BR-319;562,000;563,000;1,0000;19/07/2022;-7,5474017;-63,0694007;;92,500
AM;BR-319;563,000;564,000;1,0000;19/07/2022;-7,5474017;-63,0694007;;92,500
AM;BR-319;564,000;565,000;1,0000;19/07/2022;-7,5474017;-63,0694007;;92,500
AM;BR-319;565,000;566,000;1,0000;19/07/2022;-7,5474017;-63,0694007;;92,500
AM;BR-319;566,000;567,000;1,0000;19/07/2022;-7,5474017;-63,0694007;;92,500
AM;BR-319;567,000;568,000;1,0000;19/07/2022;-7,5474017;-63,0694007;;90,000
AM;BR-319;568,000;569,000;1,0000;19/07/2022;-7,5474017;-63,0694007;;92,500
AM;BR-319;569,000;570,000;1,0000;19/07/2022;-7,5474017;-63,0694007;;92,500
AM;BR-319;570,000;571,000;1,0000;19/07/2022;-7,5474017;-63,0694007;;92,500
AM;BR-319;571,000;572,000;1,0000;19/07/2022;-7,5474017;-63,0694007;;87,500
AM;BR-319;572,000;573,000;1,0000;19/07/2022;-7,5474017;-63,0694007;;87,500
AM;BR-319;573,000;574,000;1,0000;19/07/2022;-7,5474017;-63,0694007;;87,500
AM;BR-319;574,000;575,000;1,0000;19/07/2022;-7,5474017;-63,0694007;;87,500
AM;BR-319;575,000;576,000;1,0000;19/07/2022;-7,5474017;-63,0694007;;87,500
AM;BR-319;576,000;577,000;1,0000;19/07/2022;-6,869725;-63,062882;;87,500
AM;BR-319;577,000;578,000;1,0000;19/07/2022;-6,869725;-63,062882;;87,500
AM;BR-319;578,000;579,000;1,0000;19/07/2022;-6,869725;-63,062882;;87,500
AM;BR-319;579,000;580,000;1,0000;19/07/2022;-6,869725;-63,062882;;87,500
AM;BR-319;580,000;581,000;1,0000;19/07/2022;-6,869725;-63,062882;;87,500
AM;BR-319;581,000;582,000;1,0000;19/07/2022;-6,869725;-63,062882;;92,500
AM;BR-319;582,000;583,000;1,0000;19/07/2022;-6,869725;-63,062882;;92,500
AM;BR-319;583,000;584,000;1,0000;19/07/2022;-6,9697956;-63,095118;;92,500
AM;BR-319;584,000;585,000;1,0000;19/07/2022;-6,9697956;-63,095118;;92,500
AM;BR-319;585,000;586,000;1,0000;19/07/2022;-6,9697956;-63,095118;;91,250
AM;BR-319;586,000;587,000;1,0000;19/07/2022;-6,9697956;-63,095118;;87,500
AM;BR-319;587,000;588,000;1,0000;19/07/2022;-6,9742048;-63,0948069;;87,500
AM;BR-319;588,000;589,400;1,4000;19/07/2022;-6,9772924;-63,0962357;;90,000
AM;BR-317;526,000;525,000;1,0000;20/07/2022;-9,5986751;-67,3286029;;3,750
AM;BR-317;525,000;524,000;1,0000;20/07/2022;-9,5986751;-67,3286029;;3,750
AM;BR-317;524,000;523,000;1,0000;20/07/2022;-9,5986751;-67,3286029;;3,750
AM;BR-317;523,000;522,000;1,0000;20/07/2022;-9,6578454;-65,7369891;;3,750
AM;BR-317;522,000;521,000;1,0000;20/07/2022;-9,6578454;-65,7369891;;3,750
AM;BR-317;521,000;520,000;1,0000;20/07/2022;-9,6578454;-65,7369891;;3,750
AM;BR-317;520,000;519,000;1,0000;20/07/2022;-9,6578454;-65,7369891;;3,750
AM;BR-317;519,000;518,000;1,0000;20/07/2022;-9,6578454;-65,7369891;;3,750
AM;BR-317;518,000;517,000;1,0000;20/07/2022;-9,6578454;-65,7369891;;3,750
AM;BR-317;517,000;516,000;1,0000;20/07/2022;-9,6578454;-65,7369891;;3,750
RR;BR-210;89,500;88,000;1,5000;21/07/2022;0,8779179;-59,6912261;;57,500
RR;BR-210;88,000;87,000;1,0000;21/07/2022;0,8779179;-59,6912261;;57,500
RR;BR-210;87,000;86,000;1,0000;21/07/2022;0,8756398;-59,6962722;;57,500
RR;BR-210;86,000;85,000;1,0000;21/07/2022;0,8756398;-59,6962722;;36,250
RR;BR-210;85,000;84,000;1,0000;21/07/2022;0,8756398;-59,6962722;;51,250
RR;BR-210;84,000;83,000;1,0000;21/07/2022;0,8756398;-59,6962722;;57,500
RR;BR-210;83,000;82,000;1,0000;21/07/2022;0,8756398;-59,6962722;;57,500
RR;BR-210;82,000;81,000;1,0000;21/07/2022;0,8756398;-59,6962722;;51,250
RR;BR-210;81,000;80,000;1,0000;21/07/2022;0,8756398;-59,6962722;;52,500
RR;BR-210;80,000;79,000;1,0000;21/07/2022;0,8756398;-59,6962722;;52,500
RR;BR-210;79,000;78,000;1,0000;21/07/2022;0,8756398;-59,6962722;;58,750
RR;BR-210;78,000;77,000;1,0000;21/07/2022;0,8756398;-59,6962722;;58,750
RR;BR-210;77,000;76,000;1,0000;21/07/2022;0,8756398;-59,6962722;;28,750
RR;BR-210;76,000;75,000;1,0000;21/07/2022;0,8756398;-59,6962722;;38,750
RR;BR-210;75,000;74,000;1,0000;21/07/2022;0,8756398;-59,6962722;;50,000
RR;BR-210;74,000;73,000;1,0000;21/07/2022;0,8756398;-59,6962722;;37,500
RR;BR-210;73,000;72,000;1,0000;21/07/2022;0,8756398;-59,6962722;;51,250
RR;BR-210;72,000;71,000;1,0000;21/07/2022;0,8756398;-59,6962722;;58,750
RR;BR-210;71,000;70,000;1,0000;21/07/2022;0,8756398;-59,6962722;;57,500
RR;BR-210;70,000;69,000;1,0000;21/07/2022;0,8756398;-59,6962722;;66,250
RR;BR-210;69,000;68,000;1,0000;21/07/2022;0,8756398;-59,6962722;;65,000
RR;BR-210;68,000;67,000;1,0000;21/07/2022;0,8756398;-59,6962722;;27,500
RR;BR-210;67,000;66,000;1,0000;21/07/2022;0,8756398;-59,6962722;;57,500
RR;BR-210;66,000;65,000;1,0000;21/07/2022;0,8756398;-59,6962722;;37,500
RR;BR-210;65,000;64,000;1,0000;21/07/2022;0,8756398;-59,6962722;;53,750
RR;BR-210;64,000;63,000;1,0000;21/07/2022;0,8756398;-59,6962722;;45,000
RR;BR-210;63,000;62,000;1,0000;21/07/2022;0,8756398;-59,6962722;;35,000
RR;BR-210;62,000;61,000;1,0000;21/07/2022;0,8756398;-59,6962722;;75,000
RR;BR-210;61,000;60,000;1,0000;21/07/2022;0,8756398;-59,6962722;;43,750
RR;BR-210;60,000;59,000;1,0000;21/07/2022;0,8756398;-59,6962722;;38,750
RR;BR-210;59,000;58,000;1,0000;21/07/2022;0,8756398;-59,6962722;;57,500
RR;BR-210;58,000;57,000;1,0000;21/07/2022;0,8756398;-59,6962722;;48,750
RR;BR-210;57,000;56,000;1,0000;21/07/2022;0,8756398;-59,6962722;;30,000
RR;BR-210;56,000;55,000;1,0000;21/07/2022;0,8756398;-59,6962722;;72,500
RR;BR-210;55,000;54,000;1,0000;21/07/2022;0,8756398;-59,6962722;;38,750
RR;BR-210;54,000;53,000;1,0000;21/07/2022;0,8756398;-59,6962722;;36,250
RR;BR-210;53,000;52,000;1,0000;21/07/2022;0,8756398;-59,6962722;;45,000
RR;BR-210;52,000;51,000;1,0000;21/07/2022;0,8756398;-59,6962722;;50,000
RR;BR-210;51,000;50,000;1,0000;21/07/2022;0,8756398;-59,6962722;;37,500
RR;BR-210;50,000;49,000;1,0000;21/07/2022;0,8756398;-59,6962722;;31,250
RR;BR-210;49,000;48,000;1,0000;21/07/2022;0,8756398;-59,6962722;;31,250
RR;BR-210;48,000;47,000;1,0000;21/07/2022;0,8756398;-59,6962722;;38,750
RR;BR-210;47,000;46,000;1,0000;21/07/2022;0,8756398;-59,6962722;;31,250
RR;BR-210;46,000;45,000;1,0000;21/07/2022;0,8756398;-59,6962722;;31,250
MT;BR-158;329,000;330,000;1,0000;19/07/2022;-11,7037578;-51,6246126;;0,000
MT;BR-242;119,600;118,000;1,6000;19/07/2022;-11,2370754;-51,6865607;;46,250
MT;BR-242;118,000;117,000;1,0000;19/07/2022;-11,2370754;-51,6865607;;42,500
MT;BR-242;117,000;116,000;1,0000;19/07/2022;-11,2370754;-51,6865607;;42,500
MT;BR-242;116,000;115,000;1,0000;19/07/2022;-11,2370754;-51,6865607;;40,000
MT;BR-242;115,000;114,000;1,0000;19/07/2022;-11,2370754;-51,6865607;;40,000
MT;BR-242;114,000;113,000;1,0000;19/07/2022;-11,2370754;-51,6865607;;40,000
MT;BR-242;113,000;112,000;1,0000;19/07/2022;-11,2370754;-51,6865607;;40,000
MT;BR-242;112,000;111,000;1,0000;19/07/2022;-11,2370754;-51,6865607;;50,000
MT;BR-242;111,000;110,000;1,0000;19/07/2022;-11,2370754;-51,6865607;;35,000
MT;BR-242;110,000;109,000;1,0000;19/07/2022;-11,2370754;-51,6865607;;50,000
MT;BR-242;109,000;108,000;1,0000;19/07/2022;-11,2370754;-51,6865607;;47,500
MT;BR-242;108,000;107,000;1,0000;19/07/2022;-11,2370754;-51,6865607;;53,750
MT;BR-242;107,000;106,000;1,0000;19/07/2022;-11,2370754;-51,6865607;;50,000
MT;BR-242;106,000;105,000;1,0000;19/07/2022;-11,2370754;-51,6865607;;62,500
MT;BR-242;105,000;104,000;1,0000;19/07/2022;-11,2370754;-51,6865607;;55,000
MT;BR-242;104,000;103,000;1,0000;19/07/2022;-11,2370754;-51,6865607;;55,000
MT;BR-242;103,000;102,000;1,0000;19/07/2022;-11,2370754;-51,6865607;;47,500
MT;BR-242;102,000;101,000;1,0000;19/07/2022;-11,2370754;-51,6865607;;68,750
MT;BR-242;101,000;100,000;1,0000;19/07/2022;-11,2370754;-51,6865607;;60,000
MT;BR-242;100,000;99,000;1,0000;19/07/2022;-11,2370754;-51,6865607;;53,750
MT;BR-242;99,000;98,000;1,0000;19/07/2022;-11,2370754;-51,6865607;;47,500
MT;BR-242;98,000;97,000;1,0000;19/07/2022;-11,2370754;-51,6865607;;50,000
MT;BR-242;97,000;96,000;1,0000;19/07/2022;-11,2370754;-51,6865607;;47,500
MT;BR-242;96,000;95,000;1,0000;19/07/2022;-11,2370754;-51,6865607;;47,500
MT;BR-242;95,000;94,000;1,0000;19/07/2022;-11,2370754;-51,6865607;;47,500
MT;BR-242;94,000;93,000;1,0000;19/07/2022;-11,2370754;-51,6865607;;55,000
MT;BR-242;93,000;92,000;1,0000;19/07/2022;-11,2370754;-51,6865607;;53,750
MT;BR-242;92,000;91,000;1,0000;19/07/2022;-11,2370754;-51,6865607;;51,250
MT;BR-242;91,000;90,000;1,0000;19/07/2022;-11,2370754;-51,6865607;;51,250
MT;BR-242;90,000;89,000;1,0000;19/07/2022;-11,2370754;-51,6865607;;47,500
MT;BR-242;89,000;88,000;1,0000;19/07/2022;-11,2370754;-51,6865607;;51,250
MT;BR-242;88,000;87,000;1,0000;19/07/2022;-11,2370754;-51,6865607;;51,250
MT;BR-242;87,000;86,000;1,0000;19/07/2022;-11,2370754;-51,6865607;;51,250
MT;BR-242;86,000;85,000;1,0000;19/07/2022;-11,2370754;-51,6865607;;55,000
MT;BR-242;85,000;84,000;1,0000;19/07/2022;-11,2370754;-51,6865607;;50,000
MT;BR-242;84,000;83,000;1,0000;19/07/2022;-11,2370754;-51,6865607;;50,000
MT;BR-242;83,000;82,000;1,0000;19/07/2022;-11,2370754;-51,6865607;;53,750
MT;BR-242;82,000;81,000;1,0000;19/07/2022;-11,2370754;-51,6865607;;73,750
MT;BR-242;81,000;80,000;1,0000;19/07/2022;-11,2370754;-51,6865607;;50,000
MT;BR-242;80,000;79,000;1,0000;19/07/2022;-11,2370754;-51,6865607;;53,750
MT;BR-242;79,000;78,000;1,0000;19/07/2022;-11,2370754;-51,6865607;;47,500
MT;BR-242;78,000;77,000;1,0000;19/07/2022;-11,2370754;-51,6865607;;46,250
MT;BR-242;77,000;76,000;1,0000;19/07/2022;-11,2370754;-51,6865607;;63,750
MT;BR-242;76,000;75,000;1,0000;19/07/2022;-11,2370754;-51,6865607;;66,250
MT;BR-242;75,000;74,000;1,0000;19/07/2022;-11,2370754;-51,6865607;;47,500
MT;BR-242;74,000;73,000;1,0000;19/07/2022;-11,2370754;-51,6865607;;47,500
MT;BR-242;73,000;72,000;1,0000;19/07/2022;-11,2370754;-51,6865607;;76,250
MT;BR-242;72,000;71,000;1,0000;19/07/2022;-11,2370754;-51,6865607;;47,500
MT;BR-242;71,000;70,000;1,0000;19/07/2022;-11,2370754;-51,6865607;;66,250
MT;BR-242;70,000;69,000;1,0000;19/07/2022;-11,2370754;-51,6865607;;57,500
MT;BR-242;69,000;68,000;1,0000;19/07/2022;-11,2370754;-51,6865607;;57,500
MT;BR-242;68,000;67,000;1,0000;19/07/2022;-11,2370754;-51,6865607;;57,500
MT;BR-242;67,000;66,000;1,0000;19/07/2022;-11,2370754;-51,6865607;;55,000
MT;BR-242;66,000;65,000;1,0000;19/07/2022;-11,2370754;-51,6865607;;52,500
MT;BR-242;65,000;64,000;1,0000;19/07/2022;-11,2370754;-51,6865607;;60,000
MT;BR-242;64,000;63,000;1,0000;19/07/2022;-11,2370754;-51,6865607;;50,000
MT;BR-242;63,000;62,000;1,0000;19/07/2022;-11,2370754;-51,6865607;;66,250
MT;BR-242;62,000;61,000;1,0000;19/07/2022;-11,2370754;-51,6865607;;57,500
MT;BR-242;61,000;60,000;1,0000;19/07/2022;-11,2370754;-51,6865607;;72,500
MT;BR-242;60,000;59,000;1,0000;19/07/2022;-11,2370754;-51,6865607;;50,000
MT;BR-242;59,000;58,000;1,0000;19/07/2022;-11,2370754;-51,6865607;;85,000
MT;BR-242;58,000;57,000;1,0000;19/07/2022;-11,2370754;-51,6865607;;48,750
MT;BR-242;57,000;56,000;1,0000;19/07/2022;-11,2370754;-51,6865607;;51,250
MT;BR-242;56,000;55,000;1,0000;19/07/2022;-11,2370754;-51,6865607;;78,750
MT;BR-242;55,000;54,000;1,0000;19/07/2022;-11,2370754;-51,6865607;;80,000
MT;BR-242;54,000;53,000;1,0000;19/07/2022;-11,2370754;-51,6865607;;72,500
MT;BR-242;53,000;52,000;1,0000;19/07/2022;-11,2370754;-51,6865607;;58,750
MT;BR-242;52,000;51,000;1,0000;19/07/2022;-11,2370754;-51,6865607;;47,500
MT;BR-242;51,000;50,000;1,0000;19/07/2022;-11,2370754;-51,6865607;;47,500
MT;BR-242;50,000;49,000;1,0000;19/07/2022;-11,2370754;-51,6865607;;57,500
MT;BR-242;49,000;48,000;1,0000;19/07/2022;-11,2370754;-51,6865607;;58,750
MT;BR-242;48,000;47,000;1,0000;19/07/2022;-11,2370754;-51,6865607;;47,500
MT;BR-242;47,000;46,000;1,0000;19/07/2022;-11,2370754;-51,6865607;;55,000
MT;BR-242;46,000;45,000;1,0000;19/07/2022;-11,2370754;-51,6865607;;55,000
MT;BR-242;45,000;44,000;1,0000;19/07/2022;-11,2370754;-51,6865607;;55,000
MT;BR-242;44,000;43,000;1,0000;19/07/2022;-11,2370754;-51,6865607;;83,750
MT;BR-242;43,000;42,000;1,0000;19/07/2022;-11,2370754;-51,6865607;;51,250
MT;BR-242;42,000;41,000;1,0000;19/07/2022;-11,2370754;-51,6865607;;55,000
MT;BR-242;41,000;40,000;1,0000;19/07/2022;-11,2370754;-51,6865607;;51,250
MT;BR-242;40,000;39,000;1,0000;19/07/2022;-11,2370754;-51,6865607;;51,250
MT;BR-242;39,000;38,000;1,0000;19/07/2022;-11,2370754;-51,6865607;;53,750
MT;BR-242;38,000;37,000;1,0000;19/07/2022;-11,2370754;-51,6865607;;51,250
MT;BR-242;37,000;36,000;1,0000;19/07/2022;-11,2370754;-51,6865607;;35,000
MT;BR-242;36,000;35,000;1,0000;19/07/2022;-11,2370754;-51,6865607;;35,000
MT;BR-242;35,000;34,000;1,0000;19/07/2022;-11,2370754;-51,6865607;;40,000
MT;BR-242;34,000;33,000;1,0000;19/07/2022;-11,2370754;-51,6865607;;58,750
MT;BR-242;33,000;32,000;1,0000;19/07/2022;-11,2370754;-51,6865607;;40,000
MT;BR-242;32,000;31,000;1,0000;19/07/2022;-11,2370754;-51,6865607;;45,000
MT;BR-242;31,000;30,000;1,0000;19/07/2022;-11,2370754;-51,6865607;;35,000
MT;BR-242;30,000;29,000;1,0000;19/07/2022;-11,2370754;-51,6865607;;40,000
MT;BR-242;29,000;28,000;1,0000;19/07/2022;-11,2370754;-51,6865607;;42,500
MT;BR-242;28,000;27,000;1,0000;19/07/2022;-11,2370754;-51,6865607;;47,500
MT;BR-242;27,000;26,000;1,0000;19/07/2022;-11,2370754;-51,6865607;;45,000
MT;BR-242;26,000;25,000;1,0000;19/07/2022;-11,2370754;-51,6865607;;42,500
MT;BR-242;25,000;24,000;1,0000;19/07/2022;-11,2370754;-51,6865607;;40,000
MT;BR-242;24,000;23,000;1,0000;19/07/2022;-11,2370754;-51,6865607;;42,500
MT;BR-242;23,000;22,000;1,0000;19/07/2022;-11,2370754;-51,6865607;;42,500
MT;BR-242;22,000;21,000;1,0000;19/07/2022;-11,2370754;-51,6865607;;40,000
MT;BR-242;21,000;20,000;1,0000;19/07/2022;-11,2370754;-51,6865607;;40,000
MT;BR-242;20,000;19,000;1,0000;19/07/2022;-11,2370754;-51,6865607;;42,500
MT;BR-242;19,000;18,000;1,0000;19/07/2022;-11,2370754;-51,6865607;;47,500
MT;BR-242;18,000;17,000;1,0000;19/07/2022;-11,2370754;-51,6865607;;47,500
MT;BR-242;17,000;16,000;1,0000;19/07/2022;-11,2370754;-51,6865607;;40,000
MT;BR-242;16,000;15,000;1,0000;19/07/2022;-11,2370754;-51,6865607;;35,000
MT;BR-242;15,000;14,000;1,0000;19/07/2022;-11,2370754;-51,6865607;;40,000
MT;BR-242;14,000;13,000;1,0000;19/07/2022;-11,2370754;-51,6865607;;43,750
MT;BR-242;13,000;12,000;1,0000;19/07/2022;-11,2370754;-51,6865607;;40,000
MT;BR-242;12,000;11,000;1,0000;19/07/2022;-11,2370754;-51,6865607;;40,000
MT;BR-242;11,000;10,000;1,0000;19/07/2022;-11,2370754;-51,6865607;;40,000
MT;BR-242;10,000;9,000;1,0000;19/07/2022;-11,2370754;-51,6865607;;42,500
MT;BR-242;9,000;8,000;1,0000;19/07/2022;-11,2370754;-51,6865607;;40,000
MT;BR-242;8,000;7,000;1,0000;19/07/2022;-11,2370754;-51,6865607;;42,500
MT;BR-242;7,000;6,000;1,0000;19/07/2022;-11,2370754;-51,6865607;;40,000
MT;BR-242;6,000;5,000;1,0000;19/07/2022;-11,2370754;-51,6865607;;42,500
MT;BR-242;5,000;4,000;1,0000;19/07/2022;-11,2370754;-51,6865607;;0,000
MT;BR-242;4,000;3,000;1,0000;19/07/2022;-11,2370754;-51,6865607;;0,000
MT;BR-242;3,000;2,000;1,0000;19/07/2022;-11,2370754;-51,6865607;;0,000
MT;BR-242;2,000;1,000;1,0000;19/07/2022;-11,2370754;-51,6865607;;0,000
BA;BR-349;251,400;252,000;0,6000;18/07/2022;-12,2689728;-38,9504326;;75,000
BA;BR-349;252,000;253,000;1,0000;18/07/2022;-12,2689728;-38,9504326;;75,000
BA;BR-349;253,000;254,000;1,0000;18/07/2022;-12,2689591;-38,9504139;;67,500
BA;BR-349;254,000;255,000;1,0000;18/07/2022;-12,2689591;-38,9504139;;56,250
BA;BR-349;255,000;256,000;1,0000;18/07/2022;-12,2689591;-38,9504139;;60,000
BA;BR-349;256,000;257,000;1,0000;18/07/2022;-12,2689591;-38,9504139;;60,000
BA;BR-349;257,000;258,000;1,0000;18/07/2022;-12,2689591;-38,9504139;;16,250
BA;BR-349;258,000;259,000;1,0000;18/07/2022;-12,2689591;-38,9504139;;43,750
BA;BR-349;259,000;260,000;1,0000;18/07/2022;-12,2689591;-38,9504139;;67,500
BA;BR-349;260,000;261,000;1,0000;18/07/2022;-12,2689591;-38,9504139;;75,000
BA;BR-349;261,000;262,000;1,0000;18/07/2022;-12,2689591;-38,9504139;;60,000
BA;BR-349;262,000;263,000;1,0000;18/07/2022;-12,2689591;-38,9504139;;53,750
BA;BR-349;263,000;264,000;1,0000;18/07/2022;-12,2689591;-38,9504139;;52,500
BA;BR-349;264,000;265,000;1,0000;18/07/2022;-12,2690029;-38,9504453;;41,250
BA;BR-349;265,000;266,000;1,0000;18/07/2022;-12,2690029;-38,9504453;;72,500
BA;BR-349;266,000;267,000;1,0000;18/07/2022;-12,2690029;-38,9504453;;75,000
BA;BR-349;267,000;268,000;1,0000;18/07/2022;-12,2690029;-38,9504453;;46,250
BA;BR-349;268,000;269,000;1,0000;18/07/2022;-12,2690029;-38,9504453;;70,000
BA;BR-349;269,000;270,000;1,0000;18/07/2022;-12,2690029;-38,9504453;;78,750
BA;BR-349;270,000;271,000;1,0000;18/07/2022;-12,2690029;-38,9504453;;70,000
BA;BR-349;271,000;272,000;1,0000;18/07/2022;-12,2690029;-38,9504453;;73,750
BA;BR-349;272,000;273,000;1,0000;18/07/2022;-12,2690029;-38,9504453;;67,500
BA;BR-349;273,000;274,000;1,0000;18/07/2022;-12,2690029;-38,9504453;;70,000
BA;BR-349;274,000;275,000;1,0000;18/07/2022;-12,2690029;-38,9504453;;77,500
BA;BR-349;275,000;276,000;1,0000;18/07/2022;-12,2690029;-38,9504453;;81,250
BA;BR-349;276,000;277,000;1,0000;18/07/2022;-12,2690029;-38,9504453;;85,000
BA;BR-349;277,000;278,000;1,0000;18/07/2022;-12,2690029;-38,9504453;;85,000
BA;BR-349;278,000;279,000;1,0000;18/07/2022;-12,2690029;-38,9504453;;85,000
BA;BR-349;279,000;280,000;1,0000;18/07/2022;-12,2690029;-38,9504453;;77,500
BA;BR-349;280,000;281,000;1,0000;18/07/2022;-12,2690029;-38,9504453;;85,000
BA;BR-349;281,000;282,000;1,0000;18/07/2022;-12,2690029;-38,9504453;;66,250
BA;BR-349;282,000;283,000;1,0000;18/07/2022;-12,2690029;-38,9504453;;51,250
BA;BR-349;283,000;284,000;1,0000;18/07/2022;-12,2690029;-38,9504453;;70,000
BA;BR-349;326,400;327,000;0,6000;18/07/2022;-12,2690029;-38,9504453;;75,000
BA;BR-349;327,000;328,000;1,0000;18/07/2022;-12,2690029;-38,9504453;;75,000
BA;BR-349;328,000;329,000;1,0000;18/07/2022;-12,2690029;-38,9504453;;75,000
BA;BR-349;329,000;330,000;1,0000;18/07/2022;-12,2690029;-38,9504453;;77,500
BA;BR-349;330,000;331,000;1,0000;18/07/2022;-12,2690029;-38,9504453;;73,750
BA;BR-349;331,000;332,000;1,0000;18/07/2022;-12,2690029;-38,9504453;;52,500
BA;BR-349;332,000;333,000;1,0000;18/07/2022;-12,2690029;-38,9504453;;77,500
BA;BR-349;333,000;334,000;1,0000;18/07/2022;-12,2690029;-38,9504453;;70,000
BA;BR-349;334,000;335,000;1,0000;18/07/2022;-12,2690029;-38,9504453;;63,750
BA;BR-349;335,000;336,000;1,0000;18/07/2022;-12,2690029;-38,9504453;;52,500
BA;BR-349;336,000;337,000;1,0000;18/07/2022;-12,2690029;-38,9504453;;52,500
BA;BR-349;337,000;338,000;1,0000;18/07/2022;-12,2690029;-38,9504453;;22,500
BA;BR-349;338,000;339,000;1,0000;18/07/2022;-12,2690029;-38,9504453;;52,500
BA;BR-349;339,000;340,000;1,0000;18/07/2022;-12,2690029;-38,9504453;;42,500
BA;BR-349;340,000;341,000;1,0000;18/07/2022;-12,2690029;-38,9504453;;38,750
BA;BR-349;341,000;342,000;1,0000;18/07/2022;-12,2690029;-38,9504453;;18,750
BA;BR-349;342,000;343,000;1,0000;18/07/2022;-12,2690029;-38,9504453;;57,500
BA;BR-349;343,000;344,000;1,0000;18/07/2022;-12,2690029;-38,9504453;;68,750
BA;BR-349;344,000;345,000;1,0000;18/07/2022;-12,2690029;-38,9504453;;70,000
BA;BR-349;345,000;346,000;1,0000;18/07/2022;-12,2690029;-38,9504453;;36,250
BA;BR-349;346,000;347,000;1,0000;18/07/2022;-12,2690029;-38,9504453;;58,750
BA;BR-349;347,000;348,000;1,0000;18/07/2022;-12,2690029;-38,9504453;;63,750
BA;BR-349;348,000;349,000;1,0000;18/07/2022;-12,2690029;-38,9504453;;68,750
BA;BR-349;349,000;350,000;1,0000;18/07/2022;-12,2690029;-38,9504453;;50,000
BA;BR-349;350,000;351,000;1,0000;18/07/2022;-12,2690029;-38,9504453;;18,750
BA;BR-349;351,000;352,000;1,0000;18/07/2022;-12,2690029;-38,9504453;;16,250
BA;BR-349;352,000;353,000;1,0000;18/07/2022;-12,2690029;-38,9504453;;70,000
BA;BR-349;353,000;354,000;1,0000;18/07/2022;-12,2690029;-38,9504453;;27,500
BA;BR-349;354,000;355,000;1,0000;18/07/2022;-12,2690029;-38,9504453;;37,500
BA;BR-349;355,000;356,000;1,0000;18/07/2022;-12,2690029;-38,9504453;;66,250
BA;BR-349;356,000;357,000;1,0000;19/07/2022;0;0;;45,000
BA;BR-349;357,000;358,000;1,0000;19/07/2022;0;0;;57,500
BA;BR-349;358,000;359,000;1,0000;19/07/2022;0;0;;48,750
BA;BR-349;359,000;360,000;1,0000;19/07/2022;-12,2689732;-38,9504291;;30,000
BA;BR-349;360,000;361,000;1,0000;19/07/2022;-12,2689732;-38,9504291;;75,000
BA;BR-349;361,000;362,000;1,0000;19/07/2022;-12,2689732;-38,9504291;;52,500
BA;BR-349;362,000;363,000;1,0000;19/07/2022;-12,2689732;-38,9504291;;46,250
BA;BR-349;363,000;364,000;1,0000;19/07/2022;-12,2689732;-38,9504291;;53,750
BA;BR-349;364,000;365,000;1,0000;19/07/2022;-12,2689732;-38,9504291;;56,250
BA;BR-349;365,000;366,000;1,0000;19/07/2022;-12,2689732;-38,9504291;;33,750
BA;BR-349;366,000;367,000;1,0000;19/07/2022;-12,2689732;-38,9504291;;3,750
BA;BR-349;367,000;368,000;1,0000;19/07/2022;-12,2689732;-38,9504291;;3,750
BA;BR-349;368,000;369,000;1,0000;19/07/2022;-12,2689732;-38,9504291;;16,250
BA;BR-349;369,000;370,000;1,0000;19/07/2022;-12,2689732;-38,9504291;;30,000
BA;BR-349;370,000;371,000;1,0000;19/07/2022;-12,2689732;-38,9504291;;26,250
BA;BR-349;371,000;372,000;1,0000;19/07/2022;-12,2689732;-38,9504291;;30,000
BA;BR-349;372,000;373,000;1,0000;19/07/2022;-12,2689732;-38,9504291;;31,250
BA;BR-349;373,000;374,000;1,0000;19/07/2022;-12,2689732;-38,9504291;;40,000
BA;BR-349;374,000;375,000;1,0000;19/07/2022;-12,2689732;-38,9504291;;37,500
BA;BR-349;375,000;376,000;1,0000;19/07/2022;-12,2689732;-38,9504291;;18,750
BA;BR-349;376,000;377,000;1,0000;19/07/2022;-12,2689732;-38,9504291;;11,250
BA;BR-349;377,000;378,000;1,0000;19/07/2022;-12,2689732;-38,9504291;;27,500
BA;BR-349;378,000;379,000;1,0000;19/07/2022;-12,2689732;-38,9504291;;40,000
BA;BR-349;379,000;380,000;1,0000;19/07/2022;-12,2689732;-38,9504291;;31,250
BA;BR-349;380,000;381,000;1,0000;19/07/2022;-12,2689732;-38,9504291;;40,000
BA;BR-349;381,000;382,000;1,0000;19/07/2022;-12,2689732;-38,9504291;;56,250
BA;BR-349;382,000;383,000;1,0000;19/07/2022;-12,2689732;-38,9504291;;58,750
BA;BR-349;383,000;384,000;1,0000;19/07/2022;-12,2689732;-38,9504291;;38,750
BA;BR-349;384,000;385,000;1,0000;19/07/2022;-12,2689732;-38,9504291;;15,000
BA;BR-349;385,000;386,000;1,0000;19/07/2022;-12,2689732;-38,9504291;;23,750
BA;BR-349;386,000;387,000;1,0000;19/07/2022;-12,2689732;-38,9504291;;26,250
BA;BR-349;387,000;388,000;1,0000;19/07/2022;-12,2689732;-38,9504291;;26,250
BA;BR-349;388,000;389,000;1,0000;19/07/2022;-12,2689732;-38,9504291;;58,750
BA;BR-349;389,000;390,000;1,0000;19/07/2022;-12,2689732;-38,9504291;;56,250
BA;BR-349;390,000;391,000;1,0000;19/07/2022;-12,2689732;-38,9504291;;48,750
BA;BR-349;391,000;392,000;1,0000;19/07/2022;-12,2689732;-38,9504291;;81,250
BA;BR-349;392,000;393,000;1,0000;19/07/2022;-12,2689732;-38,9504291;;67,500
BA;BR-349;393,000;394,000;1,0000;19/07/2022;-12,2689732;-38,9504291;;45,000
BA;BR-349;394,000;395,000;1,0000;19/07/2022;-12,2689732;-38,9504291;;66,250
BA;BR-349;395,000;396,000;1,0000;19/07/2022;-12,2689732;-38,9504291;;58,750
BA;BR-349;396,000;397,000;1,0000;19/07/2022;-12,2689732;-38,9504291;;70,000
BA;BR-349;397,000;398,000;1,0000;19/07/2022;-12,2689732;-38,9504291;;71,250
BA;BR-349;398,000;399,000;1,0000;19/07/2022;-12,2689732;-38,9504291;;52,500
BA;BR-349;399,000;400,000;1,0000;19/07/2022;-12,2689732;-38,9504291;;40,000
BA;BR-349;400,000;401,000;1,0000;19/07/2022;-12,2689732;-38,9504291;;53,750
BA;BR-349;401,000;402,000;1,0000;19/07/2022;-12,2689732;-38,9504291;;46,250
BA;BR-349;402,000;403,000;1,0000;19/07/2022;-12,2689732;-38,9504291;;46,250
BA;BR-330;642,300;643,000;0,7000;19/07/2022;-12,2689686;-38,9504219;;0,000
BA;BR-330;643,000;644,000;1,0000;19/07/2022;-12,2689686;-38,9504219;;48,750
BA;BR-330;644,000;645,000;1,0000;19/07/2022;-12,2689686;-38,9504219;;45,000
BA;BR-330;645,000;646,000;1,0000;19/07/2022;-12,2689686;-38,9504219;;46,250
BA;BR-330;646,000;647,000;1,0000;19/07/2022;-12,2689686;-38,9504219;;33,750
BA;BR-330;647,000;648,000;1,0000;19/07/2022;-12,2689686;-38,9504219;;43,750
BA;BR-330;648,000;649,000;1,0000;19/07/2022;-12,2689686;-38,9504219;;31,250
BA;BR-330;649,000;650,000;1,0000;19/07/2022;-12,2689686;-38,9504219;;52,500
BA;BR-330;650,000;651,000;1,0000;19/07/2022;-12,2689686;-38,9504219;;38,750
BA;BR-330;651,000;652,000;1,0000;19/07/2022;-12,2689686;-38,9504219;;43,750
BA;BR-330;652,000;653,000;1,0000;19/07/2022;-12,2689686;-38,9504219;;48,750
BA;BR-330;653,000;654,000;1,0000;19/07/2022;-12,2689686;-38,9504219;;43,750
BA;BR-330;654,000;655,000;1,0000;19/07/2022;-12,2689686;-38,9504219;;70,000
BA;BR-330;655,000;656,000;1,0000;19/07/2022;-12,2689686;-38,9504219;;71,250
BA;BR-330;656,000;657,000;1,0000;19/07/2022;-12,2689686;-38,9504219;;48,750
BA;BR-330;657,000;658,000;1,0000;19/07/2022;-12,2689686;-38,9504219;;71,250
BA;BR-330;658,000;659,000;1,0000;19/07/2022;-12,2689686;-38,9504219;;42,500
BA;BR-330;659,000;660,000;1,0000;19/07/2022;-12,2689686;-38,9504219;;50,000
BA;BR-330;660,000;661,000;1,0000;19/07/2022;-12,2689686;-38,9504219;;47,500
BA;BR-330;661,000;662,000;1,0000;19/07/2022;-12,2689686;-38,9504219;;45,000
BA;BR-330;662,000;663,000;1,0000;19/07/2022;-12,2689686;-38,9504219;;45,000
BA;BR-330;663,000;664,000;1,0000;19/07/2022;-12,2689686;-38,9504219;;61,250
BA;BR-330;664,000;665,000;1,0000;19/07/2022;-12,2689686;-38,9504219;;65,000
BA;BR-330;665,000;666,000;1,0000;19/07/2022;-12,2689686;-38,9504219;;78,750
BA;BR-330;666,000;667,000;1,0000;19/07/2022;-12,2689686;-38,9504219;;57,500
BA;BR-330;667,000;668,000;1,0000;19/07/2022;-12,2689686;-38,9504219;;57,500
BA;BR-330;668,000;669,000;1,0000;19/07/2022;-12,2689686;-38,9504219;;78,750
BA;BR-330;669,000;670,000;1,0000;19/07/2022;-12,2689686;-38,9504219;;76,250
BA;BR-330;670,000;671,000;1,0000;19/07/2022;-12,2689686;-38,9504219;;50,000
BA;BR-330;671,000;672,000;1,0000;19/07/2022;-12,2689686;-38,9504219;;63,750
BA;BR-330;672,000;673,000;1,0000;19/07/2022;-12,2689686;-38,9504219;;52,500
BA;BR-330;673,000;674,000;1,0000;19/07/2022;-12,2689686;-38,9504219;;62,500
BA;BR-330;674,000;675,000;1,0000;19/07/2022;-12,2689686;-38,9504219;;72,500
BA;BR-330;675,000;676,000;1,0000;19/07/2022;-12,2689686;-38,9504219;;58,750
BA;BR-330;676,000;677,000;1,0000;19/07/2022;-12,2689686;-38,9504219;;57,500
BA;BR-330;677,000;678,000;1,0000;19/07/2022;-12,2689686;-38,9504219;;56,250
BA;BR-330;678,000;679,000;1,0000;19/07/2022;-12,2689686;-38,9504219;;50,000
BA;BR-330;679,000;680,000;1,0000;19/07/2022;-12,2689686;-38,9504219;;56,250
BA;BR-330;680,000;681,000;1,0000;19/07/2022;-12,2689686;-38,9504219;;57,500
BA;BR-330;681,000;682,000;1,0000;19/07/2022;-12,2689686;-38,9504219;;72,500
BA;BR-330;682,000;683,000;1,0000;19/07/2022;-12,2689686;-38,9504219;;75,000
BA;BR-330;683,000;684,000;1,0000;19/07/2022;-12,2689686;-38,9504219;;75,000
BA;BR-330;684,000;685,000;1,0000;19/07/2022;-12,2689686;-38,9504219;;71,250
BA;BR-330;685,000;686,000;1,0000;19/07/2022;-12,2689686;-38,9504219;;78,750
BA;BR-330;686,000;687,000;1,0000;19/07/2022;-12,2689686;-38,9504219;;83,750
BA;BR-330;687,000;688,000;1,0000;19/07/2022;-12,2689686;-38,9504219;;77,500
BA;BR-330;688,000;689,000;1,0000;19/07/2022;-12,2689686;-38,9504219;;65,000
BA;BR-330;689,000;690,000;1,0000;19/07/2022;-12,2689686;-38,9504219;;60,000
BA;BR-330;690,000;691,000;1,0000;19/07/2022;-12,2689686;-38,9504219;;75,000
BA;BR-330;691,000;692,000;1,0000;19/07/2022;-12,2689686;-38,9504219;;80,000
BA;BR-330;692,000;693,000;1,0000;19/07/2022;-12,2689686;-38,9504219;;92,500
BA;BR-330;693,000;694,000;1,0000;19/07/2022;-12,2689686;-38,9504219;;80,000
BA;BR-030;770,240;771,000;0,7600;19/07/2022;-12,2689686;-38,9504219;;37,500
BA;BR-030;771,000;772,000;1,0000;19/07/2022;-12,2689686;-38,9504219;;25,000
BA;BR-030;772,000;773,000;1,0000;19/07/2022;-12,2689686;-38,9504219;;27,500
BA;BR-030;773,000;774,000;1,0000;19/07/2022;-12,2689686;-38,9504219;;18,750
BA;BR-030;774,000;775,000;1,0000;19/07/2022;-12,2689686;-38,9504219;;30,000
BA;BR-030;775,000;776,000;1,0000;19/07/2022;-12,2689686;-38,9504219;;31,250
BA;BR-030;776,000;777,000;1,0000;19/07/2022;-12,2689686;-38,9504219;;18,750
BA;BR-030;777,000;778,000;1,0000;19/07/2022;-12,2689686;-38,9504219;;30,000
BA;BR-030;778,000;779,000;1,0000;19/07/2022;-12,2689686;-38,9504219;;22,500
BA;BR-030;779,000;780,000;1,0000;19/07/2022;-12,2689686;-38,9504219;;30,000
BA;BR-030;780,000;781,000;1,0000;19/07/2022;-12,2689686;-38,9504219;;17,500
BA;BR-030;781,000;782,000;1,0000;19/07/2022;-12,2689686;-38,9504219;;23,750
BA;BR-030;782,000;783,000;1,0000;19/07/2022;-12,2689686;-38,9504219;;23,750
BA;BR-030;783,000;784,000;1,0000;19/07/2022;-12,2689686;-38,9504219;;23,750
BA;BR-030;784,000;785,000;1,0000;19/07/2022;-12,2689686;-38,9504219;;43,750
BA;BR-030;785,000;786,000;1,0000;19/07/2022;-12,2689686;-38,9504219;;8,750
BA;BR-030;786,000;787,000;1,0000;19/07/2022;-12,2689686;-38,9504219;;7,500
BA;BR-030;787,000;788,000;1,0000;19/07/2022;-12,2689686;-38,9504219;;18,750
BA;BR-030;788,000;789,000;1,0000;19/07/2022;-12,2689686;-38,9504219;;7,500
BA;BR-030;789,000;790,000;1,0000;19/07/2022;-12,2689686;-38,9504219;;8,750
BA;BR-030;790,000;791,000;1,0000;19/07/2022;-12,2689686;-38,9504219;;8,750
BA;BR-030;791,000;792,000;1,0000;19/07/2022;-12,2689686;-38,9504219;;23,750
BA;BR-030;792,000;793,000;1,0000;19/07/2022;-12,2689686;-38,9504219;;3,750
BA;BR-030;793,000;794,000;1,0000;19/07/2022;-12,2689686;-38,9504219;;17,500
BA;BR-030;794,000;795,000;1,0000;19/07/2022;-12,2689686;-38,9504219;;7,500
BA;BR-030;795,000;796,000;1,0000;19/07/2022;-12,2689686;-38,9504219;;7,500
BA;BR-030;796,000;797,000;1,0000;19/07/2022;-12,2689686;-38,9504219;;2,500
BA;BR-030;797,000;798,000;1,0000;19/07/2022;-12,2689686;-38,9504219;;2,500
BA;BR-030;798,000;799,000;1,0000;19/07/2022;-12,2689686;-38,9504219;;2,500
BA;BR-030;799,000;800,000;1,0000;19/07/2022;-12,2689686;-38,9504219;;7,500
BA;BR-030;800,000;801,000;1,0000;19/07/2022;-12,2689686;-38,9504219;;7,500
BA;BR-030;801,000;802,000;1,0000;19/07/2022;-12,2689686;-38,9504219;;2,500
BA;BR-030;802,000;803,000;1,0000;19/07/2022;-12,2689686;-38,9504219;;26,250
BA;BR-030;803,000;804,000;1,0000;19/07/2022;-12,2689686;-38,9504219;;57,500
BA;BR-030;804,000;805,000;1,0000;19/07/2022;-12,2689686;-38,9504219;;61,250
BA;BR-030;805,000;806,000;1,0000;19/07/2022;-12,2689686;-38,9504219;;51,250
BA;BR-030;806,000;807,000;1,0000;19/07/2022;-12,2689686;-38,9504219;;58,750
BA;BR-030;807,000;808,000;1,0000;19/07/2022;-12,2689686;-38,9504219;;51,250
BA;BR-030;808,000;809,000;1,0000;19/07/2022;-12,2689686;-38,9504219;;43,750
BA;BR-030;809,000;810,000;1,0000;19/07/2022;-12,2689686;-38,9504219;;43,750
BA;BR-030;810,000;811,000;1,0000;19/07/2022;-12,2689686;-38,9504219;;43,750
BA;BR-030;811,000;812,000;1,0000;19/07/2022;-12,2689686;-38,9504219;;32,500
BA;BR-030;812,000;813,000;1,0000;19/07/2022;-12,2689686;-38,9504219;;65,000
BA;BR-030;813,000;814,000;1,0000;19/07/2022;-12,2689686;-38,9504219;;51,250
BA;BR-030;814,000;815,000;1,0000;19/07/2022;-12,2689686;-38,9504219;;80,000
BA;BR-030;815,000;816,000;1,0000;19/07/2022;-12,2689686;-38,9504219;;86,250
BA;BR-030;816,000;817,000;1,0000;19/07/2022;-12,2689686;-38,9504219;;78,750
BA;BR-030;817,000;818,000;1,0000;19/07/2022;-12,2689686;-38,9504219;;70,000
BA;BR-030;818,000;819,000;1,0000;19/07/2022;-12,2689686;-38,9504219;;75,000
BA;BR-030;819,000;820,000;1,0000;19/07/2022;-12,2689686;-38,9504219;;51,250
BA;BR-030;820,000;821,000;1,0000;19/07/2022;-12,2689686;-38,9504219;;58,750
BA;BR-030;821,000;822,000;1,0000;19/07/2022;-12,2689686;-38,9504219;;62,500
BA;BR-030;822,000;823,000;1,0000;19/07/2022;-12,2689686;-38,9504219;;62,500
BA;BR-030;823,000;824,000;1,0000;19/07/2022;-12,2689686;-38,9504219;;70,000
BA;BR-030;824,000;825,000;1,0000;19/07/2022;-12,2689686;-38,9504219;;77,500
BA;BR-030;825,000;826,000;1,0000;19/07/2022;-12,2689686;-38,9504219;;82,500
BA;BR-030;826,000;827,000;1,0000;19/07/2022;-12,2689686;-38,9504219;;66,250
BA;BR-030;827,000;828,000;1,0000;19/07/2022;-12,2689686;-38,9504219;;48,750
BA;BR-030;828,000;829,000;1,0000;19/07/2022;-12,2689686;-38,9504219;;42,500
BA;BR-030;829,000;830,000;1,0000;19/07/2022;-12,2689686;-38,9504219;;48,750
BA;BR-030;830,000;831,000;1,0000;19/07/2022;-12,2689686;-38,9504219;;81,250
BA;BR-030;831,000;832,000;1,0000;19/07/2022;-12,2689686;-38,9504219;;82,500
BA;BR-030;832,000;833,000;1,0000;19/07/2022;-12,2689686;-38,9504219;;81,250
BA;BR-030;833,000;834,000;1,0000;19/07/2022;-12,2689686;-38,9504219;;7,500
BA;BR-030;834,000;835,000;1,0000;19/07/2022;-12,2689686;-38,9504219;;15,000
BA;BR-030;835,000;836,000;1,0000;19/07/2022;-12,2689686;-38,9504219;;7,500
BA;BR-030;836,000;837,000;1,0000;19/07/2022;-12,2689686;-38,9504219;;7,500
BA;BR-030;837,000;838,000;1,0000;19/07/2022;-12,2689686;-38,9504219;;26,250
BA;BR-030;838,000;839,000;1,0000;19/07/2022;-12,2689686;-38,9504219;;23,750
BA;BR-030;839,000;840,000;1,0000;19/07/2022;-12,2689686;-38,9504219;;23,750
BA;BR-030;840,000;841,000;1,0000;19/07/2022;-12,2689686;-38,9504219;;0,000
BA;BR-030;841,000;842,000;1,0000;19/07/2022;-12,2689686;-38,9504219;;0,000
BA;BR-030;842,000;843,000;1,0000;19/07/2022;-12,2689686;-38,9504219;;0,000
BA;BR-030;843,000;844,000;1,0000;19/07/2022;-12,2689686;-38,9504219;;0,000
BA;BR-030;724,700;725,000;0,3000;19/07/2022;-12,2689686;-38,9504219;;25,000
BA;BR-030;725,000;726,000;1,0000;19/07/2022;-12,2689686;-38,9504219;;32,500
BA;BR-030;726,000;727,000;1,0000;19/07/2022;-12,2689686;-38,9504219;;28,750
BA;BR-030;727,000;728,000;1,0000;19/07/2022;-12,2689686;-38,9504219;;33,750
BA;BR-030;728,000;729,000;1,0000;19/07/2022;-12,2689686;-38,9504219;;45,000
BA;BR-030;729,000;730,000;1,0000;19/07/2022;-12,2689686;-38,9504219;;40,000
BA;BR-030;730,000;731,000;1,0000;19/07/2022;-12,2689686;-38,9504219;;45,000
BA;BR-030;731,000;732,000;1,0000;19/07/2022;-12,2689686;-38,9504219;;37,500
BA;BR-030;732,000;733,000;1,0000;19/07/2022;-12,2689686;-38,9504219;;81,250
BA;BR-030;733,000;734,000;1,0000;19/07/2022;-12,2689686;-38,9504219;;80,000
BA;BR-030;734,000;735,000;1,0000;19/07/2022;-12,2689686;-38,9504219;;86,250
BA;BR-030;735,000;736,000;1,0000;19/07/2022;-12,2689686;-38,9504219;;65,000
BA;BR-030;736,000;737,000;1,0000;19/07/2022;-12,2689686;-38,9504219;;63,750
BA;BR-030;737,000;738,000;1,0000;19/07/2022;-12,2689686;-38,9504219;;62,500
BA;BR-030;738,000;739,000;1,0000;19/07/2022;-12,2689686;-38,9504219;;60,000
BA;BR-030;739,000;740,000;1,0000;19/07/2022;-12,2689686;-38,9504219;;52,500
BA;BR-030;740,000;741,000;1,0000;19/07/2022;-12,2689686;-38,9504219;;35,000
BA;BR-030;741,000;742,000;1,0000;19/07/2022;-12,2689686;-38,9504219;;45,000
BA;BR-030;742,000;743,000;1,0000;19/07/2022;-12,2689686;-38,9504219;;71,250
BA;BR-030;743,000;744,000;1,0000;19/07/2022;-12,2689686;-38,9504219;;42,500
BA;BR-030;744,000;745,000;1,0000;19/07/2022;-12,2689686;-38,9504219;;53,750
BA;BR-030;745,000;746,000;1,0000;19/07/2022;-12,2689686;-38,9504219;;35,000
BA;BR-030;746,000;747,000;1,0000;19/07/2022;-12,2689686;-38,9504219;;37,500
BA;BR-030;747,000;748,000;1,0000;19/07/2022;-12,2689686;-38,9504219;;33,750
BA;BR-030;748,000;749,000;1,0000;19/07/2022;-12,2689686;-38,9504219;;55,000
BA;BR-030;749,000;750,000;1,0000;19/07/2022;-12,2689686;-38,9504219;;57,500
BA;BR-030;750,000;751,000;1,0000;19/07/2022;-12,2689686;-38,9504219;;51,250
BA;BR-030;751,000;752,000;1,0000;19/07/2022;-12,2689686;-38,9504219;;45,000
BA;BR-030;752,000;753,000;1,0000;19/07/2022;-12,2689686;-38,9504219;;31,250
BA;BR-030;753,000;754,000;1,0000;19/07/2022;-12,2689686;-38,9504219;;30,000
BA;BR-030;754,000;755,000;1,0000;19/07/2022;-12,2689686;-38,9504219;;58,750
BA;BR-030;755,000;756,000;1,0000;19/07/2022;-12,2689686;-38,9504219;;42,500
BA;BR-030;756,000;757,000;1,0000;19/07/2022;-12,2689686;-38,9504219;;42,500
BA;BR-030;757,000;758,000;1,0000;19/07/2022;-12,2689686;-38,9504219;;51,250
BA;BR-030;758,000;759,000;1,0000;19/07/2022;-12,2689686;-38,9504219;;55,000
BA;BR-030;759,000;760,000;1,0000;19/07/2022;-12,2689686;-38,9504219;;32,500
BA;BR-030;760,000;761,000;1,0000;19/07/2022;-12,2689686;-38,9504219;;32,500
RR;BR-432;14,000;15,000;1,0000;22/07/2022;0,963391666;-60,4147683;;36,250
RR;BR-432;15,000;16,000;1,0000;22/07/2022;0,963391666;-60,4147683;;36,250
RR;BR-432;16,000;17,000;1,0000;22/07/2022;0,963391666;-60,4147683;;51,250
RR;BR-432;17,000;18,000;1,0000;22/07/2022;0,963391666;-60,4147683;;51,250
RR;BR-432;18,000;19,000;1,0000;22/07/2022;0,963391666;-60,4147683;;30,000
RR;BR-432;19,000;20,000;1,0000;22/07/2022;0,963391666;-60,4147683;;51,250
RR;BR-432;20,000;21,000;1,0000;22/07/2022;0,963391666;-60,4147683;;51,250
RR;BR-432;21,000;22,000;1,0000;22/07/2022;0,963391666;-60,4147683;;51,250
RR;BR-432;22,000;23,000;1,0000;22/07/2022;0,963391666;-60,4147683;;30,000
RR;BR-432;23,000;24,000;1,0000;22/07/2022;0,963391666;-60,4147683;;37,500
RR;BR-432;24,000;25,000;1,0000;22/07/2022;0,963391666;-60,4147683;;37,500
RR;BR-432;25,000;26,000;1,0000;22/07/2022;0,963391666;-60,4147683;;37,500
RR;BR-432;26,000;27,000;1,0000;22/07/2022;0,963391666;-60,4147683;;37,500
RR;BR-432;27,000;28,000;1,0000;22/07/2022;0,963391666;-60,4147683;;37,500
RR;BR-432;28,000;29,000;1,0000;22/07/2022;0,963391666;-60,4147683;;51,250
RR;BR-432;29,000;30,000;1,0000;22/07/2022;0,963391666;-60,4147683;;48,750
RR;BR-432;30,000;31,000;1,0000;22/07/2022;0,963391666;-60,4147683;;43,750
RR;BR-432;31,000;32,000;1,0000;22/07/2022;0,963391666;-60,4147683;;47,500
RR;BR-432;32,000;33,000;1,0000;22/07/2022;0,963391666;-60,4147683;;51,250
RR;BR-432;33,000;34,000;1,0000;22/07/2022;0,963391666;-60,4147683;;45,000
RR;BR-432;34,000;35,000;1,0000;22/07/2022;0,963391666;-60,4147683;;51,250
RR;BR-432;35,000;36,000;1,0000;22/07/2022;0,963391666;-60,4147683;;51,250
RR;BR-432;36,000;37,000;1,0000;22/07/2022;0,963391666;-60,4147683;;37,500
PE;BR-110;148,000;149,000;1,0000;28/07/2022;-8,5152302;-37,5414037;;57,500
PE;BR-110;149,000;150,000;1,0000;28/07/2022;-8,5152302;-37,5414037;;57,500
PE;BR-110;150,000;151,000;1,0000;28/07/2022;-8,5152302;-37,5414037;;32,500
PE;BR-110;151,000;152,000;1,0000;28/07/2022;-8,5152302;-37,5414037;Poeira Baixa ;25,000
PE;BR-110;152,000;153,000;1,0000;28/07/2022;-8,5152302;-37,5414037;;32,500
PE;BR-110;153,000;154,000;1,0000;28/07/2022;-8,5152302;-37,5414037;;32,500
PE;BR-110;154,000;155,000;1,0000;28/07/2022;-8,57486761;-37,7398326;;32,500
PE;BR-110;155,000;156,000;1,0000;28/07/2022;-8,57486761;-37,7398326;;32,500
PE;BR-110;156,000;157,000;1,0000;28/07/2022;-8,57486761;-37,7398326;;32,500
PE;BR-110;157,000;158,000;1,0000;28/07/2022;-8,57486761;-37,7398326;;32,500
PE;BR-110;158,000;159,000;1,0000;28/07/2022;-8,57486761;-37,7398326;;25,000
PE;BR-110;159,000;160,000;1,0000;28/07/2022;-8,57486761;-37,7398326;;25,000
PE;BR-110;160,000;161,000;1,0000;28/07/2022;-8,57486761;-37,7398326;;25,000
PE;BR-110;161,000;162,000;1,0000;28/07/2022;-8,57486761;-37,7398326;;25,000
PE;BR-110;162,000;163,000;1,0000;28/07/2022;-8,57486761;-37,7398326;;32,500
PE;BR-110;163,000;164,000;1,0000;28/07/2022;-8,57486761;-37,7398326;;33,750
PE;BR-110;164,000;165,000;1,0000;28/07/2022;-8,57486761;-37,7398326;;33,750
PE;BR-110;165,000;166,000;1,0000;28/07/2022;-8,57486761;-37,7398326;Poeira Média ;26,250
PE;BR-110;166,000;167,000;1,0000;28/07/2022;-8,57486761;-37,7398326;;36,250
PE;BR-110;167,000;168,000;1,0000;28/07/2022;-8,64780967;-37,8199742;;26,250
PE;BR-110;168,000;169,000;1,0000;28/07/2022;-8,64780967;-37,8199742;;33,750
PE;BR-110;169,000;170,000;1,0000;28/07/2022;-8,64780967;-37,8199742;;32,500
PE;BR-110;170,000;171,000;1,0000;28/07/2022;-8,64780967;-37,8199742;;25,000
PE;BR-110;171,000;172,000;1,0000;28/07/2022;-8,64780967;-37,8199742;;32,500
PE;BR-110;172,000;173,000;1,0000;28/07/2022;-8,64780967;-37,8199742;;17,500
PE;BR-110;173,000;174,000;1,0000;28/07/2022;-8,64780967;-37,8199742;;36,250
PE;BR-110;174,000;175,000;1,0000;28/07/2022;-8,64780967;-37,8199742;;30,000
PE;BR-110;175,000;176,000;1,0000;28/07/2022;-8,64780967;-37,8199742;;30,000
PE;BR-110;176,000;177,000;1,0000;28/07/2022;-8,64780967;-37,8199742;;30,000
PE;BR-110;177,000;178,000;1,0000;28/07/2022;-8,64780967;-37,8199742;;30,000
PE;BR-110;178,000;179,000;1,0000;28/07/2022;-8,64780967;-37,8199742;;30,000
PE;BR-110;179,000;180,000;1,0000;28/07/2022;-8,64780967;-37,8199742;;30,000
PE;BR-110;180,000;181,000;1,0000;28/07/2022;-8,64780967;-37,8199742;;30,000
PE;BR-110;181,000;182,000;1,0000;28/07/2022;-8,64780967;-37,8199742;;30,000
PE;BR-110;182,000;183,000;1,0000;28/07/2022;-8,64780967;-37,8199742;;30,000
PE;BR-110;183,000;184,000;1,0000;28/07/2022;-8,64780967;-37,8199742;;22,500
PE;BR-110;184,000;185,000;1,0000;28/07/2022;-8,64780967;-37,8199742;;30,000
PE;BR-110;185,000;186,000;1,0000;28/07/2022;-8,64780967;-37,8199742;;30,000
PE;BR-110;186,000;187,000;1,0000;28/07/2022;-8,64780967;-37,8199742;;22,500
PE;BR-110;187,000;188,000;1,0000;28/07/2022;-8,64780967;-37,8199742;;22,500
PE;BR-110;188,000;189,000;1,0000;28/07/2022;-8,64780967;-37,8199742;;25,000
PE;BR-110;189,000;190,000;1,0000;28/07/2022;-8,64780967;-37,8199742;;47,500
PE;BR-110;190,000;191,000;1,0000;28/07/2022;-8,64780967;-37,8199742;;25,000
PE;BR-110;191,000;192,000;1,0000;28/07/2022;-8,64780967;-37,8199742;;17,500
PE;BR-110;192,000;193,000;1,0000;28/07/2022;-8,64780967;-37,8199742;;17,500
PE;BR-110;193,000;194,000;1,0000;28/07/2022;-8,64780967;-37,8199742;;17,500
PE;BR-110;194,000;195,000;1,0000;28/07/2022;-8,64780967;-37,8199742;;18,750
PE;BR-110;195,000;196,000;1,0000;28/07/2022;-8,64780967;-37,8199742;;26,250
PE;BR-110;196,000;197,000;1,0000;28/07/2022;-8,64780967;-37,8199742;;18,750
PE;BR-110;197,000;198,000;1,0000;28/07/2022;-8,64780967;-37,8199742;;18,750
PE;BR-110;198,000;199,000;1,0000;28/07/2022;-8,64780967;-37,8199742;;26,250
PE;BR-110;199,000;200,000;1,0000;28/07/2022;-8,64780967;-37,8199742;;26,250
PE;BR-110;200,000;201,000;1,0000;28/07/2022;-8,64780967;-37,8199742;Sem Registro De Panela ;26,250
PE;BR-110;201,000;202,000;1,0000;28/07/2022;-8,64780967;-37,8199742;;18,750
PE;BR-110;202,000;203,000;1,0000;28/07/2022;-8,64780967;-37,8199742;;18,750
PE;BR-110;203,000;204,000;1,0000;28/07/2022;-8,64780967;-37,8199742;;18,750
PE;BR-110;204,000;205,000;1,0000;28/07/2022;-8,64780967;-37,8199742;;18,750
PE;BR-110;205,000;206,000;1,0000;28/07/2022;-8,64780967;-37,8199742;;18,750
PE;BR-110;206,000;207,000;1,0000;28/07/2022;-8,64780967;-37,8199742;;18,750
PE;BR-110;207,000;208,000;1,0000;28/07/2022;-8,64780967;-37,8199742;;18,750
PE;BR-110;208,000;209,000;1,0000;28/07/2022;-8,64780967;-37,8199742;;18,750
PE;BR-110;209,000;210,000;1,0000;28/07/2022;-8,64780967;-37,8199742;;26,250
PE;BR-110;210,000;211,000;1,0000;28/07/2022;-8,64780967;-37,8199742;;18,750
PE;BR-110;211,000;212,000;1,0000;28/07/2022;-8,64780967;-37,8199742;;26,250
PE;BR-110;212,000;213,000;1,0000;28/07/2022;-8,64780967;-37,8199742;;26,250
PE;BR-110;213,000;214,000;1,0000;28/07/2022;-8,64780967;-37,8199742;;18,750
PE;BR-110;214,000;215,000;1,0000;28/07/2022;-8,64780967;-37,8199742;;26,250
PE;BR-110;215,000;216,000;1,0000;28/07/2022;-8,64780967;-37,8199742;;26,250
PE;BR-110;216,000;217,000;1,0000;28/07/2022;-8,64780967;-37,8199742;;26,250
PE;BR-110;217,000;218,000;1,0000;28/07/2022;-8,64780967;-37,8199742;;26,250
PE;BR-110;218,000;219,000;1,0000;28/07/2022;-8,64780967;-37,8199742;;18,750
PE;BR-110;219,000;220,000;1,0000;28/07/2022;-8,64780967;-37,8199742;;33,750
AP;BR-210;106,200;107,000;0,8000;22/07/2022;0,0852385;-51,06206;;73,750
AP;BR-210;107,000;108,000;1,0000;22/07/2022;0,70395765;-51,4164544;;76,250
AP;BR-210;108,000;109,000;1,0000;22/07/2022;0,70395765;-51,4164544;;73,750
AP;BR-210;109,000;110,000;1,0000;22/07/2022;0,70395765;-51,4164544;;73,750
AP;BR-210;110,000;111,000;1,0000;22/07/2022;0,70395765;-51,4164544;;73,750
AP;BR-210;111,000;112,000;1,0000;22/07/2022;0,70395765;-51,4164544;;73,750
AP;BR-210;112,000;113,000;1,0000;22/07/2022;0,70395765;-51,4164544;;73,750
AP;BR-210;113,000;114,000;1,0000;22/07/2022;0,70395765;-51,4164544;;73,750
AP;BR-210;114,000;115,000;1,0000;22/07/2022;0,70395765;-51,4164544;;73,750
AP;BR-210;115,000;116,000;1,0000;22/07/2022;0,66658771;-51,5867283;;73,750
AP;BR-210;116,000;117,000;1,0000;22/07/2022;0,66658771;-51,5867283;;73,750
AP;BR-210;117,000;118,000;1,0000;22/07/2022;0,66658771;-51,5867283;;73,750
AP;BR-210;118,000;119,000;1,0000;22/07/2022;0,66658771;-51,5867283;;73,750
AP;BR-210;119,000;120,000;1,0000;22/07/2022;0,66658771;-51,5867283;;73,750
AP;BR-210;120,000;121,000;1,0000;22/07/2022;0,66658771;-51,5867283;;73,750
AP;BR-210;121,000;122,000;1,0000;22/07/2022;0,66658771;-51,5867283;;73,750
AP;BR-210;122,000;123,000;1,0000;22/07/2022;0,66658771;-51,5867283;;73,750
AP;BR-210;123,000;124,000;1,0000;22/07/2022;0,66658771;-51,5867283;;73,750
AP;BR-210;124,000;125,000;1,0000;22/07/2022;0,66658771;-51,5867283;;73,750
AP;BR-210;125,000;126,000;1,0000;22/07/2022;0,66658771;-51,5867283;;73,750
AP;BR-210;126,000;127,000;1,0000;22/07/2022;0,66658771;-51,5867283;;73,750
AP;BR-210;127,000;128,000;1,0000;22/07/2022;0,66658771;-51,5867283;;73,750
AP;BR-210;128,000;129,000;1,0000;22/07/2022;0,66658771;-51,5867283;;73,750
AP;BR-210;129,000;130,000;1,0000;22/07/2022;0,66658771;-51,5867283;;73,750
AP;BR-210;130,000;131,000;1,0000;22/07/2022;0,66658771;-51,5867283;;86,250
AP;BR-210;131,000;132,000;1,0000;22/07/2022;0,66658771;-51,5867283;;83,750
AP;BR-210;132,000;133,000;1,0000;22/07/2022;0,62905878;-51,6635046;;83,750
AP;BR-210;133,000;134,000;1,0000;22/07/2022;0,62905878;-51,6635046;;73,750
AP;BR-210;134,000;135,000;1,0000;22/07/2022;0,61261263;-51,7688972;;76,250
AP;BR-210;135,000;136,000;1,0000;22/07/2022;0,64645804;-51,8447704;;73,750
AP;BR-210;136,000;137,000;1,0000;22/07/2022;0,68807246;-51,8862911;;73,750
AP;BR-210;137,000;138,000;1,0000;22/07/2022;0,68807246;-51,8862911;;73,750
AP;BR-210;138,000;139,000;1,0000;22/07/2022;0,72073775;-51,9005125;;73,750
AP;BR-210;139,000;140,000;1,0000;22/07/2022;0,72073775;-51,9005125;;73,750
AP;BR-210;140,000;141,000;1,0000;22/07/2022;0,73243322;-51,9128793;;73,750
AP;BR-210;141,000;142,000;1,0000;22/07/2022;0,73243322;-51,9128793;;83,750
AP;BR-210;142,000;143,000;1,0000;22/07/2022;0,73243322;-51,9128793;;83,750
AP;BR-210;143,000;144,000;1,0000;22/07/2022;0,73243322;-51,9128793;;83,750
AP;BR-210;144,000;145,000;1,0000;22/07/2022;0,73243322;-51,9128793;;83,750
AP;BR-210;145,000;146,000;1,0000;22/07/2022;0,73243322;-51,9128793;;83,750
AP;BR-210;146,000;147,000;1,0000;22/07/2022;0,73243322;-51,9128793;;83,750
AP;BR-210;147,000;148,000;1,0000;22/07/2022;0,80433806;-51,9747514;;87,500
AP;BR-210;148,000;149,000;1,0000;22/07/2022;0,80433806;-51,9747514;;83,750
AP;BR-210;149,000;150,000;1,0000;22/07/2022;0,80433806;-51,9747514;;83,750
AP;BR-210;150,000;151,000;1,0000;22/07/2022;0,80433806;-51,9747514;;76,250
AP;BR-210;151,000;152,000;1,0000;22/07/2022;0,80433806;-51,9747514;;76,250
AP;BR-210;152,000;153,000;1,0000;22/07/2022;0,80433806;-51,9747514;;83,750
AP;BR-210;153,000;154,000;1,0000;22/07/2022;0,82326379;-51,9859361;;83,750
AP;BR-210;154,000;155,000;1,0000;22/07/2022;0,82326379;-51,9859361;;83,750
AP;BR-210;155,000;156,000;1,0000;22/07/2022;0,82326379;-51,9859361;;83,750
AP;BR-210;156,000;157,000;1,0000;22/07/2022;0,82326379;-51,9859361;;83,750
AP;BR-210;157,000;158,000;1,0000;22/07/2022;0,82326379;-51,9859361;;83,750
AP;BR-210;158,000;159,000;1,0000;22/07/2022;0,82326379;-51,9859361;;83,750
AP;BR-210;159,000;160,000;1,0000;22/07/2022;0,82326379;-51,9859361;;83,750
AP;BR-210;160,000;161,000;1,0000;22/07/2022;0,82326379;-51,9859361;;56,250
AP;BR-210;161,000;162,000;1,0000;22/07/2022;0,82326379;-51,9859361;;56,250
AP;BR-210;162,000;163,000;1,0000;22/07/2022;0,82326379;-51,9859361;;56,250
AP;BR-210;163,000;164,000;1,0000;22/07/2022;0,82326379;-51,9859361;;56,250
AP;BR-210;164,000;165,000;1,0000;22/07/2022;0,82326379;-51,9859361;;56,250
AP;BR-210;165,000;166,000;1,0000;22/07/2022;0,82326379;-51,9859361;;73,750
AP;BR-210;166,000;167,000;1,0000;22/07/2022;0,82326379;-51,9859361;;56,250
AP;BR-210;167,000;168,000;1,0000;22/07/2022;0,82326379;-51,9859361;;56,250
AP;BR-210;168,000;169,000;1,0000;22/07/2022;0,82326379;-51,9859361;;56,250
AP;BR-210;169,000;170,000;1,0000;22/07/2022;0,82326379;-51,9859361;;56,250
AP;BR-210;170,000;171,000;1,0000;22/07/2022;0,85195456;-52,0219386;;56,250
AP;BR-210;171,000;172,000;1,0000;22/07/2022;0,85195456;-52,0219386;;56,250
AP;BR-210;172,000;173,000;1,0000;22/07/2022;0,85195456;-52,0219386;;56,250
AP;BR-210;173,000;174,000;1,0000;22/07/2022;0,85195456;-52,0219386;;56,250
AP;BR-210;174,000;175,000;1,0000;22/07/2022;0,85195456;-52,0219386;;56,250
AP;BR-210;175,000;176,000;1,0000;22/07/2022;0,85195456;-52,0219386;;56,250
AP;BR-210;176,000;177,000;1,0000;22/07/2022;0,85195456;-52,0219386;;56,250
AP;BR-210;177,000;178,000;1,0000;22/07/2022;0,85195456;-52,0219386;;56,250
AP;BR-210;178,000;179,000;1,0000;22/07/2022;0,85195456;-52,0219386;;56,250
AP;BR-210;179,000;180,000;1,0000;22/07/2022;0,85195456;-52,0219386;;56,250
AP;BR-210;180,000;181,000;1,0000;22/07/2022;0,85195456;-52,0219386;;56,250
AP;BR-210;181,000;182,000;1,0000;22/07/2022;0,85195456;-52,0219386;;56,250
AP;BR-210;182,000;183,000;1,0000;22/07/2022;0,85195456;-52,0219386;;56,250
AP;BR-210;183,000;184,000;1,0000;22/07/2022;0,85195456;-52,0219386;;56,250
AP;BR-210;184,000;185,000;1,0000;22/07/2022;0,85195456;-52,0219386;;56,250
AP;BR-210;185,000;186,000;1,0000;22/07/2022;0,85195456;-52,0219386;;56,250
AP;BR-210;186,000;187,000;1,0000;22/07/2022;0,85195456;-52,0219386;;76,250
AP;BR-210;187,000;188,000;1,0000;22/07/2022;0,85195456;-52,0219386;;76,250
AP;BR-210;188,000;189,000;1,0000;22/07/2022;0,85195456;-52,0219386;;76,250
AP;BR-210;189,000;190,000;1,0000;22/07/2022;0,85195456;-52,0219386;;76,250
AP;BR-210;190,000;191,000;1,0000;22/07/2022;0,85195456;-52,0219386;;76,250
AP;BR-210;191,000;192,000;1,0000;22/07/2022;0,85195456;-52,0219386;;76,250
AP;BR-210;192,000;193,000;1,0000;22/07/2022;0,85195456;-52,0219386;;76,250
AP;BR-210;193,000;194,000;1,0000;22/07/2022;0,85195456;-52,0219386;;47,500
AP;BR-210;194,000;195,000;1,0000;22/07/2022;0,85195456;-52,0219386;;51,250
AP;BR-210;195,000;196,000;1,0000;22/07/2022;0,85195456;-52,0219386;;51,250
AP;BR-210;196,000;197,000;1,0000;22/07/2022;0,85195456;-52,0219386;;51,250
AP;BR-210;197,000;198,000;1,0000;22/07/2022;0,85195456;-52,0219386;;51,250
AP;BR-210;198,000;199,000;1,0000;22/07/2022;0,87771719;-52,0549552;;51,250
AP;BR-210;199,000;200,000;1,0000;22/07/2022;0,87771719;-52,0549552;;51,250
AP;BR-210;200,000;201,000;1,0000;22/07/2022;0,87771719;-52,0549552;;51,250
AP;BR-210;201,000;202,000;1,0000;22/07/2022;0,88743427;-52,0741319;;51,250
AP;BR-210;202,000;203,000;1,0000;22/07/2022;0,88743427;-52,0741319;;51,250
AP;BR-210;203,000;204,000;1,0000;22/07/2022;0,88743427;-52,0741319;;51,250
AP;BR-210;204,000;205,000;1,0000;22/07/2022;0,90373337;-52,0997527;;51,250
AP;BR-210;205,000;206,000;1,0000;22/07/2022;0,90373337;-52,0997527;;51,250
AP;BR-210;206,000;207,000;1,0000;22/07/2022;0,90373337;-52,0997527;;51,250
AP;BR-210;207,000;208,000;1,0000;22/07/2022;0,90373337;-52,0997527;;51,250
AP;BR-210;208,000;209,000;1,0000;22/07/2022;0,90373337;-52,0997527;;51,250
AP;BR-210;209,000;210,000;1,0000;22/07/2022;0,90373337;-52,0997527;;51,250
AP;BR-210;210,000;211,000;1,0000;22/07/2022;0,90373337;-52,0997527;;51,250
AP;BR-210;211,000;212,000;1,0000;22/07/2022;0,90373337;-52,0997527;;51,250
AP;BR-210;212,000;213,000;1,0000;22/07/2022;0,90373337;-52,0997527;;51,250
AP;BR-210;213,000;214,000;1,0000;22/07/2022;0,90373337;-52,0997527;;51,250
AP;BR-210;214,000;215,000;1,0000;22/07/2022;0,90373337;-52,0997527;;51,250
AP;BR-210;215,000;216,000;1,0000;22/07/2022;0,9493376;-52,1865486;;51,250
AP;BR-210;216,000;217,000;1,0000;22/07/2022;0,9493376;-52,1865486;;51,250
AP;BR-210;217,000;218,000;1,0000;22/07/2022;0,9493376;-52,1865486;;51,250
AP;BR-210;218,000;219,000;1,0000;22/07/2022;0,9493376;-52,1865486;;51,250
AP;BR-210;219,000;220,000;1,0000;22/07/2022;0,9493376;-52,1865486;;51,250
AP;BR-210;220,000;221,000;1,0000;22/07/2022;0,9493376;-52,1865486;;45,000
AP;BR-210;221,000;222,000;1,0000;22/07/2022;0,98758337;-52,1870473;;51,250
AP;BR-210;222,000;223,000;1,0000;22/07/2022;0,98758337;-52,1870473;;51,250
AP;BR-210;223,000;224,000;1,0000;22/07/2022;0,98758337;-52,1870473;;57,500
AP;BR-210;224,000;225,000;1,0000;22/07/2022;0,98758337;-52,1870473;;57,500
AP;BR-210;225,000;226,000;1,0000;22/07/2022;1,01466645;-52,2416071;;57,500
AP;BR-210;226,000;227,000;1,0000;22/07/2022;1,01466645;-52,2416071;;51,250
AP;BR-210;227,000;228,000;1,0000;22/07/2022;1,01466645;-52,2416071;;51,250
AP;BR-210;228,000;229,000;1,0000;22/07/2022;1,01466645;-52,2416071;;56,250
AP;BR-210;229,000;230,000;1,0000;22/07/2022;1,01466645;-52,2416071;;51,250
AP;BR-210;230,000;231,000;1,0000;22/07/2022;1,01823217;-52,2661818;;51,250
AP;BR-210;231,000;232,000;1,0000;22/07/2022;1,01823217;-52,2661818;;51,250
AP;BR-210;232,000;233,000;1,0000;22/07/2022;1,01823217;-52,2661818;;51,250
AP;BR-210;233,000;234,000;1,0000;22/07/2022;1,01823217;-52,2661818;;51,250
AP;BR-210;234,000;235,000;1,0000;22/07/2022;1,01823217;-52,2661818;;57,500
AP;BR-210;235,000;236,000;1,0000;22/07/2022;1,05805566;-52,3070658;;51,250
AP;BR-210;236,000;237,000;1,0000;22/07/2022;1,05805566;-52,3070658;;51,250
AP;BR-210;237,000;238,000;1,0000;22/07/2022;1,05805566;-52,3070658;;51,250
AP;BR-210;238,000;239,000;1,0000;22/07/2022;1,05805566;-52,3070658;;51,250
AP;BR-210;239,000;240,000;1,0000;22/07/2022;1,05805566;-52,3070658;;51,250
AP;BR-210;240,000;241,000;1,0000;22/07/2022;1,05805566;-52,3070658;;51,250
AP;BR-210;241,000;242,000;1,0000;22/07/2022;1,05805566;-52,3070658;;51,250
AP;BR-210;242,000;243,000;1,0000;22/07/2022;1,05805566;-52,3070658;;51,250
AP;BR-210;243,000;244,000;1,0000;22/07/2022;1,05805566;-52,3070658;;51,250
AP;BR-210;244,000;245,000;1,0000;22/07/2022;1,05805566;-52,3070658;;51,250
AP;BR-210;245,000;246,000;1,0000;22/07/2022;1,05805566;-52,3070658;;57,500
AP;BR-210;246,000;247,000;1,0000;22/07/2022;1,05805566;-52,3070658;;51,250
AP;BR-210;247,000;248,000;1,0000;22/07/2022;1,05805566;-52,3070658;;51,250
AP;BR-210;248,000;249,000;1,0000;22/07/2022;1,05805566;-52,3070658;;52,500
AP;BR-210;249,000;250,000;1,0000;22/07/2022;1,05805566;-52,3070658;;61,250
AP;BR-210;250,000;251,000;1,0000;22/07/2022;1,10397366;-52,425268;;62,500
AP;BR-210;251,000;252,000;1,0000;22/07/2022;1,10397366;-52,425268;;62,500
AP;BR-210;252,000;253,000;1,0000;22/07/2022;1,10397366;-52,425268;;57,500
AP;BR-210;253,000;254,000;1,0000;22/07/2022;1,09681666;-52,458234;;58,750
AP;BR-210;254,000;255,000;1,0000;22/07/2022;1,09681666;-52,458234;;70,000
AP;BR-210;255,000;256,000;1,0000;22/07/2022;1,09681666;-52,458234;;58,750
AP;BR-210;256,000;257,000;1,0000;22/07/2022;1,09681666;-52,458234;;58,750
AP;BR-210;257,000;258,000;1,0000;22/07/2022;1,09681666;-52,458234;;51,250
AP;BR-210;258,000;259,000;1,0000;22/07/2022;1,08533395;-52,4737211;;57,500
AP;BR-210;259,000;260,000;1,0000;22/07/2022;1,08533395;-52,4737211;;58,750
AP;BR-210;260,000;261,000;1,0000;22/07/2022;1,08533395;-52,4737211;;58,750
AP;BR-210;261,000;262,000;1,0000;22/07/2022;1,08533395;-52,4737211;;51,250
AP;BR-210;262,000;263,000;1,0000;22/07/2022;1,06166207;-52,5026158;;58,750
AP;BR-210;263,000;264,000;1,0000;22/07/2022;1,06166207;-52,5026158;;57,500
AP;BR-210;264,000;265,000;1,0000;22/07/2022;1,06338744;-52,5106149;;58,750
AP;BR-210;265,000;266,000;1,0000;22/07/2022;1,06338744;-52,5106149;;51,250
AP;BR-210;266,000;267,000;1,0000;22/07/2022;1,06338744;-52,5106149;;61,250
AP;BR-210;267,000;268,000;1,0000;22/07/2022;1,06308232;-52,5291373;;58,750
AP;BR-210;268,000;269,000;1,0000;22/07/2022;1,06308232;-52,5291373;;51,250
AP;BR-210;269,000;270,000;1,0000;22/07/2022;1,06308232;-52,5291373;;70,000
AP;BR-210;270,000;271,000;1,0000;22/07/2022;1,06308232;-52,5291373;;85,000
AP;BR-210;271,000;272,000;1,0000;22/07/2022;1,06308232;-52,5291373;;62,500
AP;BR-210;272,000;273,000;1,0000;22/07/2022;1,06308232;-52,5291373;;56,250
AP;BR-210;273,000;274,000;1,0000;22/07/2022;1,06308232;-52,5291373;;52,500
AP;BR-210;274,000;275,000;1,0000;22/07/2022;1,06308232;-52,5291373;;62,500
AP;BR-210;275,000;276,000;1,0000;22/07/2022;1,06308232;-52,5291373;;51,250
AP;BR-210;276,000;277,000;1,0000;22/07/2022;1,10732112;-52,6214276;;51,250
AP;BR-210;277,000;278,000;1,0000;22/07/2022;1,10732112;-52,6214276;;62,500
AP;BR-210;278,000;279,000;1,0000;22/07/2022;1,10732112;-52,6214276;;63,750
AP;BR-210;279,000;280,000;1,0000;22/07/2022;1,10732112;-52,6214276;;62,500
AP;BR-210;280,000;281,000;1,0000;22/07/2022;1,10732112;-52,6214276;;77,500
AP;BR-210;281,000;282,000;1,0000;22/07/2022;1,10732112;-52,6214276;;63,750
AP;BR-210;282,000;283,000;1,0000;22/07/2022;1,10732112;-52,6214276;;67,500
AP;BR-210;283,000;284,000;1,0000;22/07/2022;1,14457895;-52,642774;;67,500
AP;BR-210;284,000;285,000;1,0000;22/07/2022;1,14457895;-52,642774;;67,500
AP;BR-210;285,000;286,000;1,0000;22/07/2022;1,14457895;-52,642774;;67,500
AP;BR-210;286,000;287,000;1,0000;22/07/2022;1,14457895;-52,642774;;67,500
AP;BR-210;287,000;288,000;1,0000;22/07/2022;1,14457895;-52,642774;;67,500
AP;BR-210;288,000;289,000;1,0000;22/07/2022;1,14457895;-52,642774;;67,500
AP;BR-210;289,000;290,000;1,0000;22/07/2022;1,14457895;-52,642774;;67,500
AP;BR-210;290,000;291,000;1,0000;22/07/2022;1,14457895;-52,642774;;67,500
AP;BR-210;291,000;292,000;1,0000;22/07/2022;1,14457895;-52,642774;;67,500
AP;BR-210;292,000;293,000;1,0000;22/07/2022;1,14457895;-52,642774;;67,500
AP;BR-210;293,000;294,000;1,0000;22/07/2022;1,14457895;-52,642774;;67,500
AP;BR-210;294,000;295,000;1,0000;22/07/2022;1,14457895;-52,642774;;63,750
AP;BR-210;295,000;296,000;1,0000;22/07/2022;1,14457895;-52,642774;;61,250
AP;BR-210;296,000;297,000;1,0000;22/07/2022;1,14457895;-52,642774;;48,750
AP;BR-210;297,000;298,000;1,0000;22/07/2022;1,14457895;-52,642774;;67,500
AP;BR-210;298,000;299,000;1,0000;22/07/2022;1,17910196;-52,7661697;;56,250
AP;BR-210;299,000;300,000;1,0000;22/07/2022;1,17910196;-52,7661697;;56,250
AP;BR-210;300,000;301,000;1,0000;22/07/2022;1,17910196;-52,7661697;;56,250
AP;BR-210;301,000;302,000;1,0000;22/07/2022;1,17910196;-52,7661697;;56,250
AP;BR-210;302,000;303,000;1,0000;22/07/2022;1,17910196;-52,7661697;;56,250
AP;BR-210;303,000;304,000;1,0000;22/07/2022;1,17910196;-52,7661697;;56,250
AP;BR-210;304,000;305,000;1,0000;22/07/2022;1,17910196;-52,7661697;;56,250
AP;BR-210;305,000;305,200;0,2000;22/07/2022;1,17910196;-52,7661697;;56,250
GO;BR-080;277,500;278,000;0,5000;20/07/2022;-14,2618524;-49,6562095;;18,750
GO;BR-080;278,000;279,000;1,0000;20/07/2022;-14,2618524;-49,6562095;;26,250
GO;BR-080;279,000;280,000;1,0000;20/07/2022;-14,2618524;-49,6562095;;26,250
GO;BR-080;280,000;281,000;1,0000;20/07/2022;-14,2618524;-49,6562095;;26,250
GO;BR-080;281,000;282,000;1,0000;20/07/2022;-14,2618524;-49,6562095;;26,250
GO;BR-080;282,000;283,000;1,0000;20/07/2022;-14,2618524;-49,6562095;;26,250
BA;BR-030;588,400;589,000;0,6000;22/07/2022;-14,1545171;-41,2005339;;75,000
BA;BR-030;589,000;590,000;1,0000;22/07/2022;-14,165951;-41,1559245;;100,000
BA;BR-030;590,000;591,000;1,0000;22/07/2022;-14,1658106;-41,1556225;;75,000
BA;BR-030;591,000;592,000;1,0000;22/07/2022;-14,1656386;-41,1551189;;100,000
BA;BR-030;592,000;593,000;1,0000;22/07/2022;-14,1655044;-41,1546621;;75,000
BA;BR-030;593,000;594,000;1,0000;22/07/2022;-14,1654112;-41,1543487;;100,000
BA;BR-030;594,000;595,000;1,0000;22/07/2022;-14,1668697;-41,1443583;;100,000
BA;BR-030;595,000;596,000;1,0000;22/07/2022;-14,1671067;-41,1435724;;75,000
BA;BR-030;596,000;597,000;1,0000;22/07/2022;-14,167762;-41,1425757;;75,000
BA;BR-030;597,000;598,000;1,0000;22/07/2022;-14,1682765;-41,1408414;;75,000
BA;BR-030;598,000;599,000;1,0000;22/07/2022;-14,1684765;-41,1403371;;75,000
BA;BR-030;599,000;600,000;1,0000;22/07/2022;-14,1825441;-41,1178714;;75,000
BA;BR-030;600,000;601,000;1,0000;22/07/2022;-14,1826873;-41,1171671;;75,000
BA;BR-030;601,000;602,000;1,0000;22/07/2022;-14,182748;-41,116711;;75,000
BA;BR-030;602,000;603,000;1,0000;22/07/2022;-14,1825177;-41,1159984;;75,000
BA;BR-030;603,000;604,000;1,0000;22/07/2022;-14,1820892;-41,1150548;;75,000
BA;BR-030;604,000;605,000;1,0000;22/07/2022;-14,1820559;-41,1149846;;75,000
BA;BR-030;605,000;606,000;1,0000;22/07/2022;-14,1816073;-41,1142637;;75,000
BA;BR-030;606,000;607,000;1,0000;22/07/2022;-14,1808948;-41,1116877;;75,000
BA;BR-030;607,000;608,000;1,0000;22/07/2022;-14,1809425;-41,1109923;;75,000
BA;BR-030;608,000;609,000;1,0000;22/07/2022;-14,1810242;-41,1103316;;75,000
BA;BR-030;609,000;610,000;1,0000;22/07/2022;-14,1809906;-41,109211;;75,000
BA;BR-030;610,000;611,000;1,0000;22/07/2022;-14,1859797;-41,0843868;;75,000
BA;BR-030;611,000;612,000;1,0000;22/07/2022;-14,1862745;-41,0835715;;75,000
BA;BR-030;612,000;613,000;1,0000;22/07/2022;-14,1864435;-41,0830033;;75,000
BA;BR-030;613,000;614,000;1,0000;22/07/2022;-14,1864095;-41,0830945;;75,000
BA;BR-030;614,000;615,000;1,0000;22/07/2022;-14,186403;-41,0830964;;75,000
BA;BR-030;615,000;616,000;1,0000;22/07/2022;-14,1864015;-41,0831028;;75,000
BA;BR-030;616,000;617,000;1,0000;22/07/2022;-14,1864014;-41,0831057;;75,000
BA;BR-030;617,000;618,000;1,0000;22/07/2022;-14,1863987;-41,083107;;75,000
BA;BR-030;618,000;619,000;1,0000;22/07/2022;-14,1863984;-41,0831068;;75,000
BA;BR-030;619,000;620,000;1,0000;22/07/2022;-14,1902785;-41,070598;;75,000
BA;BR-030;620,000;621,000;1,0000;22/07/2022;-14,1903653;-41,0705362;;75,000
BA;BR-030;621,000;622,000;1,0000;22/07/2022;-14,1903364;-41,070506;;75,000
BA;BR-030;622,000;623,000;1,0000;22/07/2022;-14,1903315;-41,0705033;;75,000
BA;BR-030;623,000;624,000;1,0000;22/07/2022;-14,1903353;-41,0705023;;75,000
BA;BR-030;624,000;625,000;1,0000;22/07/2022;-14,1903351;-41,0705017;;75,000
BA;BR-030;625,000;626,000;1,0000;22/07/2022;-14,1903351;-41,0705017;;75,000
BA;BR-030;626,000;627,000;1,0000;22/07/2022;-14,1903351;-41,0705015;;75,000
BA;BR-030;627,000;628,000;1,0000;22/07/2022;-14,1903351;-41,0705014;;75,000
BA;BR-030;628,000;629,000;1,0000;22/07/2022;-14,1903351;-41,0705014;;75,000
BA;BR-030;629,000;630,000;1,0000;22/07/2022;-14,1903351;-41,0705013;;75,000
BA;BR-030;630,000;631,000;1,0000;22/07/2022;-14,1918999;-41,0345842;;75,000
BA;BR-030;631,000;632,000;1,0000;22/07/2022;-14,1918741;-41,0343539;;100,000
BA;BR-030;632,000;633,000;1,0000;22/07/2022;-14,1918556;-41,0335689;;100,000
BA;BR-030;633,000;634,000;1,0000;22/07/2022;-14,1918456;-41,0335185;;100,000
BA;BR-030;634,000;635,000;1,0000;22/07/2022;-14,1914667;-41,032903;;100,000
BA;BR-030;635,000;636,000;1,0000;22/07/2022;-14,1919706;-41,0319336;;100,000
BA;BR-030;636,000;637,000;1,0000;22/07/2022;-14,1922482;-41,0316328;;100,000
BA;BR-030;637,000;638,000;1,0000;22/07/2022;-14,1924314;-41,030909;;100,000
BA;BR-030;638,000;639,000;1,0000;22/07/2022;-14,1921348;-41,0299783;;100,000
BA;BR-030;639,000;640,000;1,0000;22/07/2022;-14,1921144;-41,0299102;;100,000
BA;BR-030;640,000;641,000;1,0000;22/07/2022;-14,1920218;-41,0288355;;100,000
BA;BR-030;641,000;642,000;1,0000;22/07/2022;-14,1823427;-41,0067639;;100,000
BA;BR-030;642,000;643,000;1,0000;22/07/2022;-14,1817473;-41,004996;;100,000
BA;BR-030;643,000;644,000;1,0000;22/07/2022;-14,1816215;-41,0043762;;100,000
BA;BR-030;644,000;645,000;1,0000;22/07/2022;-14,1814614;-41,0037175;;100,000
BA;BR-030;645,000;646,000;1,0000;22/07/2022;-14,1813602;-41,0031235;;100,000
BA;BR-030;646,000;647,000;1,0000;22/07/2022;-14,1815378;-41,0024079;;100,000
BA;BR-030;647,000;648,000;1,0000;22/07/2022;-14,1818232;-41,0019547;;100,000
BA;BR-030;648,000;649,000;1,0000;22/07/2022;-14,1821492;-41,0014257;;100,000
BA;BR-030;649,000;650,000;1,0000;22/07/2022;-14,1824501;-41,0008738;;100,000
BA;BR-030;650,000;651,000;1,0000;22/07/2022;-14,1827011;-41,0004415;;100,000
BA;BR-030;651,000;652,000;1,0000;22/07/2022;-14,1829521;-41,0000119;;100,000
BA;BR-030;652,000;653,000;1,0000;22/07/2022;-14,183015;-40,9999015;;100,000
BA;BR-030;653,000;654,000;1,0000;22/07/2022;-14,1890145;-40,9747765;;100,000
BA;BR-030;654,000;655,000;1,0000;22/07/2022;-14,1892577;-40,9740697;;100,000
BA;BR-030;655,000;656,000;1,0000;22/07/2022;-14,1895055;-40,9732831;;100,000
BA;BR-030;656,000;657,000;1,0000;22/07/2022;-14,1896246;-40,9726611;;100,000
BA;BR-030;657,000;658,000;1,0000;22/07/2022;-14,1898261;-40,9717785;;100,000
BA;BR-030;658,000;659,000;1,0000;22/07/2022;-14,1898504;-40,9710449;;100,000
BA;BR-030;659,000;660,000;1,0000;22/07/2022;-14,1898721;-40,9703163;;100,000
BA;BR-030;660,000;661,000;1,0000;22/07/2022;-14,1900766;-40,9698098;;100,000
BA;BR-030;661,000;662,000;1,0000;22/07/2022;-14,1902382;-40,9692801;;100,000
BA;BR-030;662,000;663,000;1,0000;22/07/2022;-14,1901308;-40,9685851;;100,000
BA;BR-030;663,000;664,000;1,0000;22/07/2022;-14,1886018;-40,9652198;;100,000
BA;BR-030;664,000;665,000;1,0000;22/07/2022;-14,1885758;-40,9651696;;100,000
BA;BR-030;665,000;666,000;1,0000;22/07/2022;-14,1883776;-40,9626863;;100,000
BA;BR-030;666,000;667,000;1,0000;22/07/2022;-14,1883492;-40,9621152;;100,000
BA;BR-030;667,000;668,000;1,0000;22/07/2022;-14,1883171;-40,9616614;;100,000
BA;BR-030;668,000;669,000;1,0000;22/07/2022;-14,1882728;-40,9611834;;100,000
BA;BR-030;669,000;670,000;1,0000;22/07/2022;-14,1882387;-40,9605881;;100,000
BA;BR-030;670,000;671,000;1,0000;22/07/2022;-14,1881945;-40,9600753;;100,000
BA;BR-030;671,000;672,000;1,0000;22/07/2022;-14,1881067;-40,959537;;100,000
BA;BR-030;672,000;673,000;1,0000;22/07/2022;-14,1880835;-40,9593996;;100,000
BA;BR-030;673,000;674,000;1,0000;22/07/2022;-14,1877047;-40,9569952;;100,000
BA;BR-030;674,000;675,000;1,0000;22/07/2022;-14,1876799;-40,9563166;;100,000
BA;BR-030;675,000;676,000;1,0000;22/07/2022;-14,1877511;-40,9557757;;100,000
BA;BR-030;676,000;677,000;1,0000;22/07/2022;-14,1876985;-40,9552239;;100,000
BA;BR-030;677,000;678,000;1,0000;22/07/2022;-14,1875692;-40,9543211;;100,000
BA;BR-030;678,000;679,000;1,0000;22/07/2022;-14,1874051;-40,9537395;;100,000
BA;BR-030;679,000;680,000;1,0000;22/07/2022;-14,1872799;-40,9527917;;100,000
BA;BR-030;680,000;681,000;1,0000;22/07/2022;-14,1847594;-40,9357316;;100,000
BA;BR-030;681,000;682,000;1,0000;22/07/2022;-14,1847542;-40,9357353;;100,000
BA;BR-030;682,000;683,000;1,0000;22/07/2022;-14,184753;-40,9357411;;100,000
BA;BR-030;683,000;684,000;1,0000;22/07/2022;-14,1847534;-40,9357435;;100,000
BA;BR-030;684,000;685,000;1,0000;22/07/2022;-14,1847528;-40,9357437;;100,000
BA;BR-030;685,000;686,000;1,0000;22/07/2022;-14,1847529;-40,935744;;100,000
BA;BR-030;686,000;687,000;1,0000;22/07/2022;-14,1847531;-40,9357446;;0,000
BA;BR-030;687,000;688,000;1,0000;22/07/2022;-14,1847531;-40,9357446;;0,000
BA;BR-030;688,000;689,000;1,0000;22/07/2022;-14,184753;-40,9357445;;0,000
BA;BR-030;689,000;690,000;1,0000;22/07/2022;-14,1847529;-40,9357445;;0,000
BA;BR-030;690,000;691,000;1,0000;22/07/2022;-14,1847529;-40,9357445;;0,000
BA;BR-030;691,000;692,000;1,0000;22/07/2022;-14,1847527;-40,9357445;;0,000
BA;BR-030;692,000;693,000;1,0000;22/07/2022;-14,1847527;-40,9357445;;0,000
BA;BR-030;693,000;694,000;1,0000;22/07/2022;-14,1847528;-40,9357446;;0,000
BA;BR-030;694,000;695,000;1,0000;22/07/2022;-14,1847528;-40,9357446;;0,000
BA;BR-030;695,000;696,000;1,0000;22/07/2022;-14,1847528;-40,9357446;;0,000
BA;BR-030;696,000;697,000;1,0000;22/07/2022;-14,1847524;-40,9357444;;0,000
BA;BR-030;697,000;698,000;1,0000;22/07/2022;-14,1847527;-40,9357446;;0,000
BA;BR-030;698,000;699,000;1,0000;22/07/2022;-14,1847529;-40,9357447;;0,000
BA;BR-030;699,000;700,000;1,0000;22/07/2022;-14,1847529;-40,9357448;;0,000
BA;BR-030;700,000;701,000;1,0000;22/07/2022;-14,1847525;-40,9357447;;0,000
BA;BR-030;701,000;702,000;1,0000;22/07/2022;-14,1847525;-40,9357447;;0,000
BA;BR-030;702,000;703,000;1,0000;22/07/2022;-14,1847525;-40,9357447;;0,000
BA;BR-030;703,000;704,000;1,0000;22/07/2022;-14,1847525;-40,9357448;;0,000
BA;BR-030;704,000;705,000;1,0000;22/07/2022;-14,1847527;-40,9357449;;0,000
BA;BR-135;205,800;206,000;0,2000;20/07/2022;-12,3549516;-44,981875;;10,000
BA;BR-135;206,000;207,000;1,0000;20/07/2022;-12,3669716;-44,9784466;;21,250
BA;BR-135;207,000;208,000;1,0000;20/07/2022;-12,3669716;-44,9784466;;37,500
BA;BR-135;208,000;209,000;1,0000;20/07/2022;-12,3669716;-44,9784466;;31,250
BA;BR-135;209,000;210,000;1,0000;20/07/2022;-12,3669716;-44,9784466;;52,500
BA;BR-135;210,000;211,000;1,0000;20/07/2022;-12,3669716;-44,9784466;;45,000
BA;BR-135;211,000;212,000;1,0000;20/07/2022;-12,3669716;-44,9784466;;31,250
BA;BR-135;212,000;213,000;1,0000;20/07/2022;-12,3669716;-44,9784466;;52,500
BA;BR-135;213,000;214,000;1,0000;20/07/2022;-12,3669716;-44,9784466;;46,250
BA;BR-135;214,000;215,000;1,0000;20/07/2022;-12,3669716;-44,9784466;;53,750
BA;BR-135;215,000;216,000;1,0000;20/07/2022;-12,3669716;-44,9784466;;60,000
BA;BR-135;216,000;217,000;1,0000;20/07/2022;-12,3669716;-44,9784466;;52,500
BA;BR-135;217,000;218,000;1,0000;20/07/2022;-12,3669716;-44,9784466;;53,750
BA;BR-135;218,000;219,000;1,0000;20/07/2022;-12,3669716;-44,9784466;;53,750
BA;BR-135;219,000;220,000;1,0000;20/07/2022;-12,3669716;-44,9784466;;61,250
BA;BR-135;220,000;221,000;1,0000;20/07/2022;-12,3669716;-44,9784466;;52,500
BA;BR-135;221,000;222,000;1,0000;20/07/2022;-12,3669716;-44,9784466;;60,000
BA;BR-135;222,000;223,000;1,0000;20/07/2022;-12,3669716;-44,9784466;;45,000
BA;BR-135;223,000;224,000;1,0000;20/07/2022;-12,3669716;-44,9784466;;60,000
BA;BR-135;224,000;225,000;1,0000;20/07/2022;-12,3669716;-44,9784466;;63,750
BA;BR-135;225,000;226,000;1,0000;20/07/2022;-12,3669716;-44,9784466;;31,250
BA;BR-135;226,000;227,000;1,0000;20/07/2022;-12,3669716;-44,9784466;;38,750
BA;BR-135;227,000;228,000;1,0000;20/07/2022;-12,3669716;-44,9784466;;46,250
BA;BR-135;306,500;307,000;0,5000;20/07/2022;-13,04436;-44,6223033;;2,500
BA;BR-135;307,000;307,100;0,1000;20/07/2022;-13,0445116;-44,6222816;;2,500
BA;BR-135;319,800;320,000;0,2000;20/07/2022;-13,0482516;-44,6237333;;36,250
BA;BR-135;320,000;321,000;1,0000;20/07/2022;-13,0482516;-44,6237333;;55,000
BA;BR-135;321,000;321,200;0,2000;20/07/2022;-13,0482516;-44,6237333;;51,250
BA;BR-135;323,400;324,000;0,6000;20/07/2022;-13,182825;-44,61734;;37,500
BA;BR-135;324,000;325,000;1,0000;20/07/2022;-13,182825;-44,61734;;62,500
BA;BR-135;325,000;325,300;0,3000;20/07/2022;-13,182825;-44,61734;;31,250
PE;BR-316;410,900;411,000;0,1000;28/07/2022;-8,64780967;-37,8199742;;30,000
PE;BR-316;411,000;412,000;1,0000;28/07/2022;-8,64780967;-37,8199742;;30,000
PE;BR-316;412,000;413,000;1,0000;28/07/2022;-8,64780967;-37,8199742;;30,000
PE;BR-316;413,000;414,000;1,0000;28/07/2022;-8,64780967;-37,8199742;Sem Registro De Poeira ;30,000
PE;BR-316;414,000;415,000;1,0000;28/07/2022;-8,64780967;-37,8199742;;30,000
PE;BR-316;415,000;416,000;1,0000;28/07/2022;-8,64780967;-37,8199742;;48,750
PE;BR-316;416,000;417,000;1,0000;28/07/2022;-8,64780967;-37,8199742;;48,750
PE;BR-316;417,000;418,000;1,0000;28/07/2022;-8,64780967;-37,8199742;;48,750
PE;BR-316;418,000;419,000;1,0000;28/07/2022;-8,64780967;-37,8199742;;48,750
PE;BR-316;419,000;420,000;1,0000;28/07/2022;-8,64780967;-37,8199742;;42,500
PE;BR-316;420,000;421,000;1,0000;28/07/2022;-8,64780967;-37,8199742;;30,000
PE;BR-316;421,000;422,000;1,0000;28/07/2022;-8,64780967;-37,8199742;;42,500
PE;BR-316;422,000;423,000;1,0000;28/07/2022;-8,64780967;-37,8199742;;42,500
PE;BR-316;423,000;424,000;1,0000;28/07/2022;-8,64780967;-37,8199742;;42,500
PE;BR-316;424,000;425,000;1,0000;28/07/2022;-8,64780967;-37,8199742;;30,000
PE;BR-316;425,000;426,000;1,0000;28/07/2022;-8,64780967;-37,8199742;;30,000
PE;BR-316;426,000;427,000;1,0000;28/07/2022;-8,64780967;-37,8199742;;32,500
PE;BR-316;427,000;428,000;1,0000;28/07/2022;-8,64780967;-37,8199742;;32,500
PE;BR-316;428,000;429,000;1,0000;28/07/2022;-8,64780967;-37,8199742;;45,000
PE;BR-316;429,000;430,000;1,0000;28/07/2022;-8,64780967;-37,8199742;;45,000
PE;BR-316;430,000;431,000;1,0000;28/07/2022;-8,64780967;-37,8199742;;32,500
PE;BR-316;431,000;432,000;1,0000;28/07/2022;-8,64780967;-37,8199742;;32,500
PE;BR-316;432,000;433,000;1,0000;28/07/2022;-8,64780967;-37,8199742;;32,500
PE;BR-316;433,000;434,000;1,0000;28/07/2022;-8,64780967;-37,8199742;;32,500
PE;BR-316;434,000;435,000;1,0000;28/07/2022;-8,64780967;-37,8199742;;32,500
RR;BR-210;315,000;316,000;1,0000;29/07/2022;0;0;;90,000
RR;BR-210;316,000;317,000;1,0000;29/07/2022;0;0;;81,250
RR;BR-210;317,000;318,000;1,0000;29/07/2022;0;0;;83,750
RR;BR-210;318,000;319,000;1,0000;29/07/2022;0;0;;81,250
RR;BR-210;319,000;320,000;1,0000;29/07/2022;0;0;;81,250
RR;BR-210;320,000;321,000;1,0000;29/07/2022;0;0;;68,750
RR;BR-210;321,000;322,000;1,0000;29/07/2022;0;0;;75,000
RR;BR-210;322,000;323,000;1,0000;29/07/2022;0;0;;78,750
RR;BR-210;323,000;324,000;1,0000;29/07/2022;0;0;;78,750
RR;BR-210;324,000;325,000;1,0000;29/07/2022;0;0;;75,000
RR;BR-210;325,000;326,000;1,0000;29/07/2022;0;0;;75,000
RR;BR-210;326,000;327,000;1,0000;29/07/2022;0;0;;75,000
RR;BR-210;327,000;328,000;1,0000;29/07/2022;0;0;;75,000
RR;BR-210;328,000;329,000;1,0000;29/07/2022;0;0;;75,000
RR;BR-210;329,000;330,000;1,0000;29/07/2022;0;0;;75,000
RR;BR-210;330,000;331,000;1,0000;29/07/2022;0;0;;75,000
RR;BR-210;331,000;332,000;1,0000;29/07/2022;0;0;;75,000
RR;BR-210;332,000;333,000;1,0000;29/07/2022;0;0;;75,000
RR;BR-210;333,000;334,000;1,0000;29/07/2022;0;0;;75,000
RR;BR-210;334,000;335,000;1,0000;29/07/2022;0;0;;75,000
RR;BR-210;335,000;336,000;1,0000;29/07/2022;0;0;;78,750
RR;BR-210;336,000;337,000;1,0000;29/07/2022;0;0;;75,000
RR;BR-210;337,000;338,000;1,0000;29/07/2022;0;0;;75,000
RR;BR-210;338,000;339,000;1,0000;29/07/2022;0;0;;75,000
RR;BR-210;339,000;340,000;1,0000;29/07/2022;0;0;;75,000
RR;BR-210;340,000;341,000;1,0000;29/07/2022;0;0;;78,750
RR;BR-210;341,000;342,000;1,0000;29/07/2022;0;0;;75,000
RR;BR-401;107,000;108,000;1,0000;30/07/2022;3,3110904;-59,9467498;;67,500
RR;BR-401;108,000;109,000;1,0000;30/07/2022;3,321202606;-59,9461903;;60,000
RR;BR-401;109,000;110,000;1,0000;30/07/2022;3,329672017;-59,9455055;;67,500
RR;BR-401;110,000;111,000;1,0000;30/07/2022;3,338348921;-59,9448038;;58,750
RR;BR-401;111,000;112,000;1,0000;30/07/2022;3,347808821;-59,9440364;;60,000
RR;BR-401;112,000;113,000;1,0000;30/07/2022;3,356193532;-59,9433929;;60,000
RR;BR-401;113,000;114,000;1,0000;30/07/2022;3,36553818;-59,9425909;;56,250
RR;BR-401;114,000;115,000;1,0000;30/07/2022;3,374029425;-59,9419368;;58,750
RR;BR-401;115,000;116,000;1,0000;30/07/2022;3,383078109;-59,9412572;;58,750
RR;BR-401;116,000;117,000;1,0000;30/07/2022;3,391967243;-59,9404682;;56,250
RR;BR-401;117,000;118,000;1,0000;30/07/2022;3,400874524;-59,9397905;;73,750
RR;BR-401;118,000;119,000;1,0000;30/07/2022;3,409750247;-59,9390841;;56,250
RR;BR-401;119,000;120,000;1,0000;30/07/2022;3,418605476;-59,9383389;;60,000
RR;BR-401;120,000;121,000;1,0000;30/07/2022;3,427746738;-59,9376043;;53,750
RR;BR-401;121,000;122,000;1,0000;30/07/2022;3,436200642;-59,9370042;;56,250
RR;BR-401;122,000;123,000;1,0000;30/07/2022;3,454658766;-59,9354613;;56,250
RR;BR-401;123,000;124,000;1,0000;30/07/2022;3,463523299;-59,9347734;;60,000
RR;BR-401;124,000;125,000;1,0000;30/07/2022;3,472433555;-59,9341313;;60,000
RR;BR-401;125,000;126,000;1,0000;30/07/2022;3,481220221;-59,9333996;;56,250
RR;BR-401;126,000;127,000;1,0000;30/07/2022;3,490113294;-59,9326065;;60,000
RR;BR-401;127,000;128,000;1,0000;30/07/2022;3,499035327;-59,9318934;;60,000
RR;BR-401;128,000;129,000;1,0000;30/07/2022;3,50768038;-59,9311721;;56,250
RR;BR-401;129,000;130,000;1,0000;30/07/2022;3,517006295;-59,9304232;;56,250
RR;BR-401;130,000;131,000;1,0000;30/07/2022;3,525543138;-59,9295727;;56,250
RR;BR-401;131,000;132,000;1,0000;30/07/2022;3,533734646;-59,9248026;;60,000
RR;BR-401;132,000;133,000;1,0000;30/07/2022;3,540710569;-59,9186327;;67,500
RR;BR-401;133,000;134,000;1,0000;30/07/2022;3,54661474;-59,9134432;;60,000
RR;BR-401;134,000;135,000;1,0000;30/07/2022;3,553717439;-59,9071531;;67,500
RR;BR-401;135,000;136,000;1,0000;30/07/2022;3,563049808;-59,8987377;;50,000
RR;BR-401;136,000;137,000;1,0000;30/07/2022;3,565773004;-59,8943179;;60,000
RR;BR-401;137,000;138,000;1,0000;30/07/2022;3,569516991;-59,8867303;;60,000
RR;BR-401;138,000;139,000;1,0000;30/07/2022;3,573397602;-59,8791736;;56,250
RR;BR-401;139,000;140,000;1,0000;30/07/2022;3,580361749;-59,8735575;;60,000
RR;BR-401;140,000;141,000;1,0000;30/07/2022;3,587968074;-59,8678237;;56,250
RR;BR-401;141,000;142,000;1,0000;30/07/2022;3,594565889;-59,862822;;48,750
RR;BR-401;142,000;143,000;1,0000;30/07/2022;3,602226655;-59,8580048;;60,000
RR;BR-401;143,000;144,000;1,0000;30/07/2022;3,611726537;-59,856502;;60,000
RR;BR-401;144,000;145,000;1,0000;30/07/2022;3,619975545;-59,8552839;;57,500
RR;BR-401;145,000;146,000;1,0000;30/07/2022;3,628684552;-59,853999;;56,250
RR;BR-401;146,000;147,000;1,0000;30/07/2022;3,637378849;-59,8527175;;48,750
RR;BR-401;147,000;148,000;1,0000;30/07/2022;3,64713815;-59,8500171;;60,000
RR;BR-401;148,000;149,000;1,0000;30/07/2022;3,651003884;-59,8455051;;52,500
RR;BR-401;149,000;150,000;1,0000;30/07/2022;3,660677438;-59,8409158;;56,250
RR;BR-401;150,000;151,000;1,0000;30/07/2022;3,669280917;-59,8375269;;56,250
RR;BR-401;151,000;152,000;1,0000;30/07/2022;3,677273187;-59,8343629;;48,750
RR;BR-401;152,000;153,000;1,0000;30/07/2022;3,685733168;-59,8310271;;56,250
RR;BR-401;153,000;154,000;1,0000;30/07/2022;3,695855825;-59,827031;;56,250
RR;BR-401;154,000;155,000;1,0000;30/07/2022;3,704151143;-59,8237651;;50,000
RR;BR-401;155,000;156,000;1,0000;30/07/2022;3,710270519;-59,8213447;;53,750
RR;BR-401;156,000;157,000;1,0000;30/07/2022;3,718766416;-59,8179743;;56,250
RR;BR-401;157,000;158,000;1,0000;30/07/2022;3,727298523;-59,8146017;;46,250
RR;BR-401;158,000;159,000;1,0000;30/07/2022;3,735612449;-59,8113009;;60,000
RR;BR-401;159,000;160,000;1,0000;30/07/2022;3,743663057;-59,8071847;;56,250
RR;BR-401;160,000;161,000;1,0000;30/07/2022;3,749372432;-59,8007484;;60,000
RR;BR-401;161,000;162,000;1,0000;30/07/2022;3,755207117;-59,7939315;;60,000
RR;BR-401;162,000;163,000;1,0000;30/07/2022;3,760235714;-59,7879944;;56,250
RR;BR-401;163,000;164,000;1,0000;30/07/2022;3,766581276;-59,78055;;60,000
RR;BR-401;164,000;165,000;1,0000;30/07/2022;3,772216388;-59,77389;;50,000
RR;BR-401;165,000;166,000;1,0000;30/07/2022;3,778096544;-59,7669904;;56,250
RR;BR-401;166,000;167,000;1,0000;30/07/2022;3,783159549;-59,760999;;56,250
RR;BR-401;167,000;168,000;1,0000;30/07/2022;3,790555698;-59,7513693;;42,500
RR;BR-401;168,000;169,000;1,0000;30/07/2022;3,794413888;-59,7463232;;56,250
RR;BR-401;169,000;170,000;1,0000;30/07/2022;3,802537755;-59,735946;;60,000
RR;BR-401;170,000;171,000;1,0000;30/07/2022;3,805940556;-59,7319709;;56,250
RR;BR-401;171,000;172,000;1,0000;30/07/2022;3,813605597;-59,7229197;;56,250
RR;BR-401;172,000;173,000;1,0000;30/07/2022;3,817467349;-59,7184304;;60,000
RR;BR-401;173,000;174,000;1,0000;30/07/2022;3,821658929;-59,7134945;;56,250
RR;BR-401;174,000;175,000;1,0000;30/07/2022;3,823842457;-59,7108785;;42,500
RR;BR-401;175,000;176,000;1,0000;30/07/2022;3,84425017;-59,6869613;;48,750
RR;BR-401;176,000;177,000;1,0000;30/07/2022;3,846295019;-59,6845624;;42,500
RR;BR-401;177,000;178,000;1,0000;30/07/2022;3,846295019;-59,6845624;;42,500
PB;BR-434;19,400;20,000;0,6000;30/07/2022;-6,514187;-38,4145609;;3,750
PB;BR-434;20,000;21,000;1,0000;30/07/2022;-6,514187;-38,4145609;;26,250
PB;BR-434;21,000;22,000;1,0000;30/07/2022;-6,514187;-38,4145609;;26,250
PB;BR-434;22,000;23,000;1,0000;30/07/2022;-6,514187;-38,4145609;;3,750
PB;BR-434;23,000;24,000;1,0000;30/07/2022;-6,514187;-38,4145609;;11,250
PB;BR-434;24,000;25,000;1,0000;30/07/2022;-6,514187;-38,4145609;;16,250
PB;BR-434;25,000;26,000;1,0000;30/07/2022;-6,514187;-38,4145609;;26,250
PB;BR-434;26,000;27,000;1,0000;30/07/2022;-6,514187;-38,4145609;;11,250
PB;BR-434;27,000;28,000;1,0000;30/07/2022;-6,514187;-38,4145609;;28,750
PB;BR-434;28,000;29,000;1,0000;30/07/2022;-6,514187;-38,4145609;;18,750
PB;BR-434;29,000;30,000;1,0000;30/07/2022;-6,514187;-38,4145609;;18,750
PB;BR-434;30,000;31,000;1,0000;30/07/2022;-6,514187;-38,4145609;;20,000
PB;BR-434;31,000;32,000;1,0000;30/07/2022;-6,514187;-38,4145609;;23,750
PB;BR-434;32,000;33,000;1,0000;30/07/2022;-6,514187;-38,4145609;;28,750
PB;BR-434;33,000;34,000;1,0000;30/07/2022;-6,514187;-38,4145609;;18,750
PB;BR-434;34,000;34,400;0,4000;30/07/2022;-6,5190053;-38,4154786;;65,000
AM;BR-317;497,160;496,000;1,1600;20/07/2022;-9,6578454;-65,7369891;;3,750
AM;BR-317;496,000;495,000;1,0000;20/07/2022;-9,6578454;-65,7369891;;5,000
AM;BR-317;495,000;494,000;1,0000;20/07/2022;-9,6578454;-65,7369891;;5,000
AM;BR-317;494,000;493,000;1,0000;20/07/2022;-9,6578454;-65,7369891;;5,000
AM;BR-317;493,000;492,000;1,0000;20/07/2022;-9,6578454;-65,7369891;;5,000
AM;BR-317;492,000;491,000;1,0000;20/07/2022;-9,6578454;-65,7369891;;86,250
AM;BR-317;491,000;490,000;1,0000;20/07/2022;-9,5979047;-67,3280443;;93,750
AM;BR-317;490,000;489,000;1,0000;20/07/2022;-9,5979047;-67,3280443;;93,750
AM;BR-317;489,000;488,000;1,0000;20/07/2022;-9,5979047;-67,3280443;;92,500
AM;BR-317;488,000;487,000;1,0000;20/07/2022;-9,5979047;-67,3280443;;92,500
AM;BR-317;487,000;486,000;1,0000;20/07/2022;-9,6578454;-65,7369891;;92,500
AM;BR-317;486,000;485,000;1,0000;20/07/2022;-9,6578454;-65,7369891;;5,000
AM;BR-317;485,000;484,000;1,0000;20/07/2022;-9,6578454;-65,7369891;;27,500
AM;BR-317;484,000;483,000;1,0000;20/07/2022;-9,6578454;-65,7369891;;27,500
AM;BR-317;483,000;482,000;1,0000;20/07/2022;-9,7589527;-67,3565377;;37,500
AM;BR-317;482,000;481,000;1,0000;20/07/2022;-9,7589527;-67,3565377;;36,250
AM;BR-317;481,000;480,000;1,0000;20/07/2022;-9,7571893;-67,3580307;;37,500
AM;BR-317;480,000;479,000;1,0000;20/07/2022;-9,7571893;-67,3580307;;30,000
AM;BR-317;479,000;478,000;1,0000;20/07/2022;-9,7571893;-67,3580307;;26,250
AM;BR-317;466,240;465,000;1,2400;20/07/2022;-9,754148;-67,3577518;;32,500
AM;BR-317;465,000;464,000;1,0000;20/07/2022;-9,754148;-67,3577518;;32,500
AM;BR-317;464,000;463,000;1,0000;20/07/2022;-9,6578454;-65,7369891;;40,000
AM;BR-317;463,000;462,000;1,0000;20/07/2022;-9,6578454;-65,7369891;;42,500
AM;BR-317;462,000;461,000;1,0000;20/07/2022;-9,6578454;-65,7369891;;42,500
AM;BR-317;461,000;460,000;1,0000;20/07/2022;-9,6578454;-65,7369891;;32,500
AM;BR-317;460,000;459,000;1,0000;20/07/2022;-9,6578454;-65,7369891;;40,000
AM;BR-317;459,000;458,000;1,0000;20/07/2022;-9,6578454;-65,7369891;;46,250
AM;BR-317;458,000;457,000;1,0000;20/07/2022;-9,6578454;-65,7369891;;42,500
AM;BR-317;457,000;456,000;1,0000;20/07/2022;-9,6578454;-65,7369891;;50,000
AM;BR-317;456,000;455,000;1,0000;20/07/2022;-9,6578454;-65,7369891;;32,500
AM;BR-317;455,000;454,000;1,0000;20/07/2022;-9,6578454;-65,7369891;;32,500
AM;BR-317;454,000;453,000;1,0000;20/07/2022;-9,6578454;-65,7369891;;32,500
AM;BR-317;453,000;452,640;0,3600;20/07/2022;-9,6578454;-65,7369891;;32,500